data,hora,num,local,ssid,bssid,rssi,canal
27/04/2026,14:49:32,1,Lab. Informática 09,IFPB TCC,d8:5d:4c:86:7e:66,-53,1
27/04/2026,14:49:32,1,Lab. Informática 09,IFPB-Sala_Professor_14,24:fd:0d:57:19:26,-57,5
27/04/2026,14:49:32,1,Lab. Informática 09,APTelefonia,58:10:8c:91:f3:aa,-61,1
27/04/2026,14:49:32,1,Lab. Informática 09,IFPB,84:f1:47:54:7f:20,-67,11
27/04/2026,14:49:32,1,Lab. Informática 09,TP-Link_1324,7c:f1:7e:8d:13:22,-68,10
27/04/2026,14:49:32,1,Lab. Informática 09,IFPB-VISITANTE,84:f1:47:54:7f:22,-68,11
27/04/2026,14:49:32,1,Lab. Informática 09,TP-Link_C3CB,d8:0d:17:3e:c3:cb,-69,4
27/04/2026,14:49:32,1,Lab. Informática 09,Intelbras,18:0d:2c:7f:eb:ac,-76,7
27/04/2026,14:49:32,1,Lab. Informática 09,NUNYA_Room_2.4GHz,cc:32:e5:0c:fc:2b,-79,9
27/04/2026,14:49:32,1,Lab. Informática 09,Lab. de Sinais Digitais,18:d6:c7:f9:37:2f,-79,11
27/04/2026,14:49:32,1,Lab. Informática 09,GPDS,00:26:5a:66:55:ef,-81,6
27/04/2026,14:49:32,1,Lab. Informática 09,IFPB-Sala_Professor_14,48:51:cf:81:b0:9e,-82,8
27/04/2026,14:49:32,1,Lab. Informática 09,IFPB,e4:4e:2d:85:4c:60,-83,11
27/04/2026,14:49:32,1,Lab. Informática 09,IFPB-VISITANTE,e4:4e:2d:85:4c:62,-83,11
27/04/2026,14:49:32,1,Lab. Informática 09,IFPB,84:f1:47:54:fd:c0,-85,1
27/04/2026,14:49:32,1,Lab. Informática 09,IFPB-VISITANTE,84:f1:47:54:fd:c2,-85,1
27/04/2026,14:49:33,1,Lab. Informática 09,Matheus,4e:30:53:97:57:bb,-85,11
27/04/2026,14:49:33,1,Lab. Informática 09,SALA_MESTRADO,64:66:b3:62:eb:86,-87,1
27/04/2026,14:49:33,1,Lab. Informática 09,IFPB-VISITANTE,b8:11:4b:1d:1e:42,-87,6
27/04/2026,14:49:33,1,Lab. Informática 09,UA2-MiniLab,60:32:b1:2d:66:c3,-87,10
27/04/2026,14:49:33,1,Lab. Informática 09,IFPB,b8:11:4b:1d:1e:40,-88,6
27/04/2026,14:49:33,1,Lab. Informática 09,IFPB-VISITANTE,2c:57:41:d4:69:c2,-89,1
27/04/2026,14:49:33,1,Lab. Informática 09,IFPB,2c:57:41:d4:69:c0,-89,1
27/04/2026,14:49:33,1,Lab. Informática 09,IFPB-Sala_13,e8:94:f6:b9:2f:46,-91,6
27/04/2026,14:49:33,1,Lab. Informática 09,Lab Redes Convergentes,64:70:02:99:fe:f4,-93,1
27/04/2026,14:49:33,1,Lab. Informática 09,Lab. Informática 09,Lab. Informática 09,Lab. Informática 09,Lab. Informática 09
27/04/2026,14:49:42,2,Lab. Informática 09,IFPB TCC,d8:5d:4c:86:7e:66,-52,1
27/04/2026,14:49:42,2,Lab. Informática 09,IFPB-Sala_Professor_14,24:fd:0d:57:19:26,-63,5
27/04/2026,14:49:42,2,Lab. Informática 09,APTelefonia,58:10:8c:91:f3:aa,-64,1
27/04/2026,14:49:42,2,Lab. Informática 09,IFPB-VISITANTE,84:f1:47:54:7f:22,-64,11
27/04/2026,14:49:42,2,Lab. Informática 09,TP-Link_1324,7c:f1:7e:8d:13:22,-65,10
27/04/2026,14:49:42,2,Lab. Informática 09,IFPB,84:f1:47:54:7f:20,-65,11
27/04/2026,14:49:42,2,Lab. Informática 09,Intelbras,18:0d:2c:7f:eb:ac,-69,7
27/04/2026,14:49:42,2,Lab. Informática 09,IFPB-VISITANTE,b8:11:4b:1d:1e:42,-74,6
27/04/2026,14:49:42,2,Lab. Informática 09,TP-Link_C3CB,d8:0d:17:3e:c3:cb,-75,4
27/04/2026,14:49:42,2,Lab. Informática 09,IFPB,b8:11:4b:1d:1e:40,-75,6
27/04/2026,14:49:42,2,Lab. Informática 09,Lab. de Sinais Digitais,18:d6:c7:f9:37:2f,-77,11
27/04/2026,14:49:43,2,Lab. Informática 09,Matheus,4e:30:53:97:57:bb,-80,11
27/04/2026,14:49:43,2,Lab. Informática 09,IFPB-Sala_Professor_14,48:51:cf:81:b0:9e,-81,8
27/04/2026,14:49:43,2,Lab. Informática 09,IFPB-VISITANTE,e4:4e:2d:85:4c:62,-81,11
27/04/2026,14:49:43,2,Lab. Informática 09,IFPB-VISITANTE,84:f1:47:54:96:e2,-82,1
27/04/2026,14:49:43,2,Lab. Informática 09,NUNYA_Room_2.4GHz,cc:32:e5:0c:fc:2b,-82,9
27/04/2026,14:49:43,2,Lab. Informática 09,IFPB,e4:4e:2d:85:4c:60,-82,11
27/04/2026,14:49:43,2,Lab. Informática 09,IFPB-VISITANTE,84:f1:47:54:fd:c2,-85,1
27/04/2026,14:49:43,2,Lab. Informática 09,GPDS,00:26:5a:66:55:ef,-86,6
27/04/2026,14:49:43,2,Lab. Informática 09,IFPB,2c:57:41:d4:69:c0,-88,1
27/04/2026,14:49:43,2,Lab. Informática 09,A15 de Klyrton,ae:fb:13:9b:08:59,-90,11
27/04/2026,14:49:43,2,Lab. Informática 09,IFPB-Sala_13,e8:94:f6:b9:2f:46,-92,6
27/04/2026,14:49:43,2,Lab. Informática 09,Lab. Informática 09,Lab. Informática 09,Lab. Informática 09,Lab. Informática 09
27/04/2026,14:49:52,3,Lab. Informática 09,IFPB TCC,d8:5d:4c:86:7e:66,-53,1
27/04/2026,14:49:52,3,Lab. Informática 09,IFPB,84:f1:47:54:7f:20,-60,11
27/04/2026,14:49:52,3,Lab. Informática 09,IFPB-VISITANTE,84:f1:47:54:7f:22,-60,11
27/04/2026,14:49:52,3,Lab. Informática 09,IFPB-Sala_Professor_14,24:fd:0d:57:19:26,-63,5
27/04/2026,14:49:52,3,Lab. Informática 09,Intelbras,18:0d:2c:7f:eb:ac,-65,7
27/04/2026,14:49:52,3,Lab. Informática 09,APTelefonia,58:10:8c:91:f3:aa,-67,1
27/04/2026,14:49:52,3,Lab. Informática 09,TP-Link_1324,7c:f1:7e:8d:13:22,-70,10
27/04/2026,14:49:52,3,Lab. Informática 09,TP-Link_C3CB,d8:0d:17:3e:c3:cb,-71,4
27/04/2026,14:49:52,3,Lab. Informática 09,IFPB,b8:11:4b:1d:1e:40,-75,6
27/04/2026,14:49:52,3,Lab. Informática 09,IFPB-VISITANTE,b8:11:4b:1d:1e:42,-76,6
27/04/2026,14:49:52,3,Lab. Informática 09,IFPB-Sala_Professor_14,48:51:cf:81:b0:9e,-78,8
27/04/2026,14:49:53,3,Lab. Informática 09,IFPB-VISITANTE,e4:4e:2d:85:4c:62,-80,11
27/04/2026,14:49:53,3,Lab. Informática 09,Lab. de Sinais Digitais,18:d6:c7:f9:37:2f,-81,11
27/04/2026,14:49:53,3,Lab. Informática 09,IFPB,e4:4e:2d:85:4c:60,-81,11
27/04/2026,14:49:53,3,Lab. Informática 09,IFPB,84:f1:47:54:96:e0,-82,1
27/04/2026,14:49:53,3,Lab. Informática 09,NUNYA_Room_2.4GHz,cc:32:e5:0c:fc:2b,-82,9
27/04/2026,14:49:53,3,Lab. Informática 09,SALA_MESTRADO,64:66:b3:62:eb:86,-84,1
27/04/2026,14:49:53,3,Lab. Informática 09,IFPB-VISITANTE,84:f1:47:54:fd:c2,-86,1
27/04/2026,14:49:53,3,Lab. Informática 09,IFPB-VISITANTE,2c:57:41:d4:69:c2,-87,1
27/04/2026,14:49:53,3,Lab. Informática 09,Matheus,4e:30:53:97:57:bb,-87,11
27/04/2026,14:49:53,3,Lab. Informática 09,IFPB,2c:57:41:d4:69:c0,-88,1
27/04/2026,14:49:53,3,Lab. Informática 09,GPDS,00:26:5a:66:55:ef,-88,6
27/04/2026,14:49:53,3,Lab. Informática 09,Lab Redes Convergentes,64:70:02:99:fe:f4,-90,1
27/04/2026,14:49:53,3,Lab. Informática 09,UaiFai,00:26:5a:2e:bc:26,-91,1
27/04/2026,14:49:53,3,Lab. Informática 09,UA2-MiniLab,60:32:b1:2d:66:c3,-91,10
27/04/2026,14:49:53,3,Lab. Informática 09,IFPB-Sala_13,e8:94:f6:b9:2f:46,-92,6
27/04/2026,14:49:53,3,Lab. Informática 09,A15 de Klyrton,ae:fb:13:9b:08:59,-94,11
27/04/2026,14:49:53,3,Lab. Informática 09,Grel Wifi,00:27:19:ca:71:d2,-96,11
27/04/2026,14:49:53,3,Lab. Informática 09,Lab. Informática 09,Lab. Informática 09,Lab. Informática 09,Lab. Informática 09
27/04/2026,14:50:03,4,Lab. Informática 09,IFPB TCC,d8:5d:4c:86:7e:66,-61,1
27/04/2026,14:50:03,4,Lab. Informática 09,IFPB-Sala_Professor_14,24:fd:0d:57:19:26,-62,5
27/04/2026,14:50:03,4,Lab. Informática 09,IFPB,84:f1:47:54:7f:20,-63,11
27/04/2026,14:50:03,4,Lab. Informática 09,IFPB-VISITANTE,84:f1:47:54:7f:22,-63,11
27/04/2026,14:50:03,4,Lab. Informática 09,TP-Link_1324,7c:f1:7e:8d:13:22,-65,10
27/04/2026,14:50:03,4,Lab. Informática 09,APTelefonia,58:10:8c:91:f3:aa,-66,1
27/04/2026,14:50:03,4,Lab. Informática 09,Intelbras,18:0d:2c:7f:eb:ac,-69,7
27/04/2026,14:50:03,4,Lab. Informática 09,TP-Link_C3CB,d8:0d:17:3e:c3:cb,-72,4
27/04/2026,14:50:03,4,Lab. Informática 09,GPDS,00:26:5a:66:55:ef,-78,6
27/04/2026,14:50:03,4,Lab. Informática 09,IFPB-VISITANTE,b8:11:4b:1d:1e:42,-79,6
27/04/2026,14:50:03,4,Lab. Informática 09,IFPB,b8:11:4b:1d:1e:40,-79,6
27/04/2026,14:50:03,4,Lab. Informática 09,IFPB-Sala_Professor_14,48:51:cf:81:b0:9e,-79,8
27/04/2026,14:50:03,4,Lab. Informática 09,NUNYA_Room_2.4GHz,cc:32:e5:0c:fc:2b,-80,9
27/04/2026,14:50:03,4,Lab. Informática 09,IFPB,e4:4e:2d:85:4c:60,-81,11
27/04/2026,14:50:03,4,Lab. Informática 09,IFPB-VISITANTE,e4:4e:2d:85:4c:62,-81,11
27/04/2026,14:50:03,4,Lab. Informática 09,IFPB,84:f1:47:54:fd:c0,-82,1
27/04/2026,14:50:03,4,Lab. Informática 09,IFPB-VISITANTE,84:f1:47:54:fd:c2,-82,1
27/04/2026,14:50:03,4,Lab. Informática 09,Lab. de Sinais Digitais,18:d6:c7:f9:37:2f,-83,11
27/04/2026,14:50:03,4,Lab. Informática 09,Matheus,4e:30:53:97:57:bb,-86,11
27/04/2026,14:50:03,4,Lab. Informática 09,IFPB,2c:57:41:d4:69:c0,-87,1
27/04/2026,14:50:03,4,Lab. Informática 09,IFPB-VISITANTE,84:f1:47:54:71:02,-88,1
27/04/2026,14:50:03,4,Lab. Informática 09,UA2-MiniLab,60:32:b1:2d:66:c3,-89,10
27/04/2026,14:50:03,4,Lab. Informática 09,IFPB-VISITANTE,84:f1:47:54:f9:82,-89,11
27/04/2026,14:50:03,4,Lab. Informática 09,IFPB-Sala_13,e8:94:f6:b9:2f:46,-90,6
27/04/2026,14:50:03,4,Lab. Informática 09,IFPB,84:f1:47:54:f9:80,-90,11
27/04/2026,14:50:03,4,Lab. Informática 09,UaiFai,00:26:5a:2e:bc:26,-91,1
27/04/2026,14:50:03,4,Lab. Informática 09,Grel Wifi,00:27:19:ca:71:d2,-91,11
27/04/2026,14:50:03,4,Lab. Informática 09,A15 de Klyrton,ae:fb:13:9b:08:59,-92,11
27/04/2026,14:50:03,4,Lab. Informática 09,Lab. Informática 09,Lab. Informática 09,Lab. Informática 09,Lab. Informática 09
27/04/2026,14:50:13,5,Lab. Informática 09,IFPB TCC,d8:5d:4c:86:7e:66,-59,1
27/04/2026,14:50:13,5,Lab. Informática 09,IFPB-Sala_Professor_14,24:fd:0d:57:19:26,-60,5
27/04/2026,14:50:13,5,Lab. Informática 09,APTelefonia,58:10:8c:91:f3:aa,-64,1
27/04/2026,14:50:13,5,Lab. Informática 09,IFPB,84:f1:47:54:7f:20,-65,11
27/04/2026,14:50:13,5,Lab. Informática 09,IFPB-VISITANTE,84:f1:47:54:7f:22,-65,11
27/04/2026,14:50:13,5,Lab. Informática 09,Intelbras,18:0d:2c:7f:eb:ac,-66,7
27/04/2026,14:50:13,5,Lab. Informática 09,TP-Link_1324,7c:f1:7e:8d:13:22,-67,10
27/04/2026,14:50:13,5,Lab. Informática 09,TP-Link_C3CB,d8:0d:17:3e:c3:cb,-74,4
27/04/2026,14:50:13,5,Lab. Informática 09,IFPB-Sala_Professor_14,48:51:cf:81:b0:9e,-77,8
27/04/2026,14:50:13,5,Lab. Informática 09,Lab. de Sinais Digitais,18:d6:c7:f9:37:2f,-77,11
27/04/2026,14:50:13,5,Lab. Informática 09,GPDS,00:26:5a:66:55:ef,-78,6
27/04/2026,14:50:13,5,Lab. Informática 09,IFPB,b8:11:4b:1d:1e:40,-79,6
27/04/2026,14:50:13,5,Lab. Informática 09,IFPB-VISITANTE,b8:11:4b:1d:1e:42,-79,6
27/04/2026,14:50:13,5,Lab. Informática 09,NUNYA_Room_2.4GHz,cc:32:e5:0c:fc:2b,-79,9
27/04/2026,14:50:13,5,Lab. Informática 09,IFPB-VISITANTE,84:f1:47:54:fd:c2,-81,1
27/04/2026,14:50:13,5,Lab. Informática 09,IFPB,84:f1:47:54:fd:c0,-82,1
27/04/2026,14:50:13,5,Lab. Informática 09,IFPB,84:f1:47:54:96:e0,-82,1
27/04/2026,14:50:13,5,Lab. Informática 09,IFPB,e4:4e:2d:85:4c:60,-82,11
27/04/2026,14:50:13,5,Lab. Informática 09,IFPB-VISITANTE,e4:4e:2d:85:4c:62,-82,11
27/04/2026,14:50:13,5,Lab. Informática 09,Matheus,4e:30:53:97:57:bb,-83,11
27/04/2026,14:50:13,5,Lab. Informática 09,IFPB-VISITANTE,84:f1:47:54:96:e2,-84,1
27/04/2026,14:50:13,5,Lab. Informática 09,IFPB,2c:57:41:d4:69:c0,-87,1
27/04/2026,14:50:13,5,Lab. Informática 09,IFPB-Sala_13,e8:94:f6:b9:2f:46,-88,6
27/04/2026,14:50:13,5,Lab. Informática 09,IFPB-VISITANTE,84:f1:47:54:71:02,-89,1
27/04/2026,14:50:13,5,Lab. Informática 09,A15 de Klyrton,ae:fb:13:9b:08:59,-92,11
27/04/2026,14:50:13,5,Lab. Informática 09,UA2-MiniLab,60:32:b1:2d:66:c3,-93,10
27/04/2026,14:50:13,5,Lab. Informática 09,Lab. Informática 09,Lab. Informática 09,Lab. Informática 09,Lab. Informática 09
27/04/2026,14:50:35,6,Sala dos técnicos,APTelefonia,58:10:8c:91:f3:aa,-53,1
27/04/2026,14:50:35,6,Sala dos técnicos,IFPB-Sala_Professor_14,24:fd:0d:57:19:26,-60,5
27/04/2026,14:50:35,6,Sala dos técnicos,TP-Link_C3CB,d8:0d:17:3e:c3:cb,-63,4
27/04/2026,14:50:35,6,Sala dos técnicos,IFPB,84:f1:47:54:96:e0,-67,1
27/04/2026,14:50:35,6,Sala dos técnicos,IFPB-VISITANTE,84:f1:47:54:96:e2,-67,1
27/04/2026,14:50:35,6,Sala dos técnicos,IFPB TCC,d8:5d:4c:86:7e:66,-68,1
27/04/2026,14:50:35,6,Sala dos técnicos,TP-Link_1324,7c:f1:7e:8d:13:22,-68,10
27/04/2026,14:50:35,6,Sala dos técnicos,Intelbras,18:0d:2c:7f:eb:ac,-71,7
27/04/2026,14:50:35,6,Sala dos técnicos,GPDS,00:26:5a:66:55:ef,-75,6
27/04/2026,14:50:35,6,Sala dos técnicos,IFPB-VISITANTE,84:f1:47:54:7f:22,-77,11
27/04/2026,14:50:35,6,Sala dos técnicos,IFPB,e4:4e:2d:85:4c:60,-78,11
27/04/2026,14:50:35,6,Sala dos técnicos,IFPB-VISITANTE,e4:4e:2d:85:4c:62,-78,11
27/04/2026,14:50:35,6,Sala dos técnicos,IFPB,84:f1:47:54:7f:20,-78,11
27/04/2026,14:50:35,6,Sala dos técnicos,Lab. de Sinais Digitais,18:d6:c7:f9:37:2f,-79,11
27/04/2026,14:50:35,6,Sala dos técnicos,IFPB-Sala_Professor_14,48:51:cf:81:b0:9e,-81,8
27/04/2026,14:50:35,6,Sala dos técnicos,SALA_MESTRADO,64:66:b3:62:eb:86,-82,1
27/04/2026,14:50:35,6,Sala dos técnicos,IFPB-VISITANTE,84:f1:47:54:fd:c2,-82,1
27/04/2026,14:50:35,6,Sala dos técnicos,IFPB,84:f1:47:54:fd:c0,-83,1
27/04/2026,14:50:35,6,Sala dos técnicos,NUNYA_Room_2.4GHz,cc:32:e5:0c:fc:2b,-84,9
27/04/2026,14:50:35,6,Sala dos técnicos,UA2-MiniLab,60:32:b1:2d:66:c3,-84,10
27/04/2026,14:50:35,6,Sala dos técnicos,IFPB-Sala_13,e8:94:f6:b9:2f:46,-85,6
27/04/2026,14:50:35,6,Sala dos técnicos,IFPB,b8:11:4b:1d:1e:40,-86,6
27/04/2026,14:50:35,6,Sala dos técnicos,IFPB-VISITANTE,b8:11:4b:1d:1e:42,-86,6
27/04/2026,14:50:35,6,Sala dos técnicos,Lab Redes Convergentes,64:70:02:99:fe:f4,-88,1
27/04/2026,14:50:35,6,Sala dos técnicos,IFPB-VISITANTE,84:f1:47:54:71:02,-88,1
27/04/2026,14:50:35,6,Sala dos técnicos,IFPB,84:f1:47:54:95:e0,-90,11
27/04/2026,14:50:35,6,Sala dos técnicos,IFPB-VISITANTE,84:f1:47:54:95:e2,-91,11
27/04/2026,14:50:35,6,Sala dos técnicos,Matheus,4e:30:53:97:57:bb,-91,11
27/04/2026,14:50:35,6,Sala dos técnicos,A15 de Klyrton,ae:fb:13:9b:08:59,-95,11
27/04/2026,14:50:36,6,Sala dos técnicos,Sala dos técnicos,Sala dos técnicos,Sala dos técnicos,Sala dos técnicos
27/04/2026,14:50:45,7,Sala dos técnicos,IFPB-Sala_Professor_14,24:fd:0d:57:19:26,-54,5
27/04/2026,14:50:45,7,Sala dos técnicos,APTelefonia,58:10:8c:91:f3:aa,-57,1
27/04/2026,14:50:45,7,Sala dos técnicos,TP-Link_C3CB,d8:0d:17:3e:c3:cb,-69,4
27/04/2026,14:50:45,7,Sala dos técnicos,Intelbras,18:0d:2c:7f:eb:ac,-69,7
27/04/2026,14:50:45,7,Sala dos técnicos,IFPB,84:f1:47:54:96:e0,-70,1
27/04/2026,14:50:45,7,Sala dos técnicos,IFPB-VISITANTE,84:f1:47:54:96:e2,-70,1
27/04/2026,14:50:45,7,Sala dos técnicos,TP-Link_1324,7c:f1:7e:8d:13:22,-71,10
27/04/2026,14:50:45,7,Sala dos técnicos,IFPB TCC,d8:5d:4c:86:7e:66,-73,1
27/04/2026,14:50:45,7,Sala dos técnicos,GPDS,00:26:5a:66:55:ef,-75,6
27/04/2026,14:50:45,7,Sala dos técnicos,IFPB-VISITANTE,84:f1:47:54:7f:22,-76,11
27/04/2026,14:50:45,7,Sala dos técnicos,IFPB,84:f1:47:54:7f:20,-76,11
27/04/2026,14:50:45,7,Sala dos técnicos,IFPB-Sala_Professor_14,48:51:cf:81:b0:9e,-78,8
27/04/2026,14:50:45,7,Sala dos técnicos,IFPB-VISITANTE,e4:4e:2d:85:4c:62,-80,11
27/04/2026,14:50:45,7,Sala dos técnicos,IFPB,e4:4e:2d:85:4c:60,-81,11
27/04/2026,14:50:45,7,Sala dos técnicos,Lab. de Sinais Digitais,18:d6:c7:f9:37:2f,-82,11
27/04/2026,14:50:45,7,Sala dos técnicos,IFPB-VISITANTE,b8:11:4b:1d:1e:42,-83,6
27/04/2026,14:50:46,7,Sala dos técnicos,IFPB-Sala_13,e8:94:f6:b9:2f:46,-83,6
27/04/2026,14:50:46,7,Sala dos técnicos,IFPB,b8:11:4b:1d:1e:40,-84,6
27/04/2026,14:50:46,7,Sala dos técnicos,IFPB-VISITANTE,84:f1:47:54:fd:c2,-85,1
27/04/2026,14:50:46,7,Sala dos técnicos,IFPB,84:f1:47:54:fd:c0,-86,1
27/04/2026,14:50:46,7,Sala dos técnicos,NUNYA_Room_2.4GHz,cc:32:e5:0c:fc:2b,-87,9
27/04/2026,14:50:46,7,Sala dos técnicos,SALA_MESTRADO,64:66:b3:62:eb:86,-88,1
27/04/2026,14:50:46,7,Sala dos técnicos,UA2-MiniLab,60:32:b1:2d:66:c3,-89,10
27/04/2026,14:50:46,7,Sala dos técnicos,Matheus,4e:30:53:97:57:bb,-93,11
27/04/2026,14:50:46,7,Sala dos técnicos,A15 de Klyrton,ae:fb:13:9b:08:59,-94,11
27/04/2026,14:50:46,7,Sala dos técnicos,Lab. Informática 09,Sala dos técnicos,Lab. Informática 09,Sala dos técnicos
27/04/2026,14:50:55,8,Sala dos técnicos,IFPB-Sala_Professor_14,24:fd:0d:57:19:26,-52,5
27/04/2026,14:50:55,8,Sala dos técnicos,APTelefonia,58:10:8c:91:f3:aa,-53,1
27/04/2026,14:50:55,8,Sala dos técnicos,TP-Link_C3CB,d8:0d:17:3e:c3:cb,-65,4
27/04/2026,14:50:55,8,Sala dos técnicos,IFPB TCC,d8:5d:4c:86:7e:66,-66,1
27/04/2026,14:50:55,8,Sala dos técnicos,IFPB-VISITANTE,84:f1:47:54:96:e2,-69,1
27/04/2026,14:50:55,8,Sala dos técnicos,IFPB,84:f1:47:54:96:e0,-69,1
27/04/2026,14:50:55,8,Sala dos técnicos,Intelbras,18:0d:2c:7f:eb:ac,-69,7
27/04/2026,14:50:55,8,Sala dos técnicos,TP-Link_1324,7c:f1:7e:8d:13:22,-72,10
27/04/2026,14:50:55,8,Sala dos técnicos,GPDS,00:26:5a:66:55:ef,-75,6
27/04/2026,14:50:55,8,Sala dos técnicos,IFPB-VISITANTE,84:f1:47:54:7f:22,-75,11
27/04/2026,14:50:55,8,Sala dos técnicos,IFPB,84:f1:47:54:7f:20,-76,11
27/04/2026,14:50:56,8,Sala dos técnicos,IFPB-Sala_Professor_14,48:51:cf:81:b0:9e,-78,8
27/04/2026,14:50:56,8,Sala dos técnicos,IFPB,e4:4e:2d:85:4c:60,-78,11
27/04/2026,14:50:56,8,Sala dos técnicos,IFPB-VISITANTE,e4:4e:2d:85:4c:62,-78,11
27/04/2026,14:50:56,8,Sala dos técnicos,Lab. de Sinais Digitais,18:d6:c7:f9:37:2f,-79,11
27/04/2026,14:50:56,8,Sala dos técnicos,IFPB-VISITANTE,84:f1:47:54:fd:c2,-82,1
27/04/2026,14:50:56,8,Sala dos técnicos,IFPB,b8:11:4b:1d:1e:40,-82,6
27/04/2026,14:50:56,8,Sala dos técnicos,IFPB,84:f1:47:54:fd:c0,-83,1
27/04/2026,14:50:56,8,Sala dos técnicos,IFPB,84:f1:47:54:f9:80,-86,11
27/04/2026,14:50:56,8,Sala dos técnicos,IFPB-Sala_13,e8:94:f6:b9:2f:46,-87,6
27/04/2026,14:50:56,8,Sala dos técnicos,IFPB-VISITANTE,84:f1:47:54:f9:82,-87,11
27/04/2026,14:50:56,8,Sala dos técnicos,IFPB,84:f1:47:54:71:00,-89,1
27/04/2026,14:50:56,8,Sala dos técnicos,UA2-MiniLab,60:32:b1:2d:66:c3,-89,10
27/04/2026,14:50:56,8,Sala dos técnicos,IFPB,84:f1:47:54:95:e0,-89,11
27/04/2026,14:50:56,8,Sala dos técnicos,SALA_MESTRADO,64:66:b3:62:eb:86,-90,1
27/04/2026,14:50:56,8,Sala dos técnicos,IFPB-VISITANTE,84:f1:47:54:71:02,-90,1
27/04/2026,14:50:56,8,Sala dos técnicos,IFPB-VISITANTE,84:f1:47:54:95:e2,-90,11
27/04/2026,14:50:56,8,Sala dos técnicos,Lab Redes Convergentes,64:70:02:99:fe:f4,-91,1
27/04/2026,14:50:56,8,Sala dos técnicos,Matheus,4e:30:53:97:57:bb,-93,11
27/04/2026,14:50:56,8,Sala dos técnicos,Sala dos técnicos,Sala dos técnicos,Sala dos técnicos,Sala dos técnicos
27/04/2026,14:51:06,9,Sala dos técnicos,APTelefonia,58:10:8c:91:f3:aa,-52,1
27/04/2026,14:51:06,9,Sala dos técnicos,IFPB-Sala_Professor_14,24:fd:0d:57:19:26,-59,5
27/04/2026,14:51:06,9,Sala dos técnicos,TP-Link_C3CB,d8:0d:17:3e:c3:cb,-62,4
27/04/2026,14:51:06,9,Sala dos técnicos,IFPB TCC,d8:5d:4c:86:7e:66,-65,1
27/04/2026,14:51:06,9,Sala dos técnicos,Intelbras,18:0d:2c:7f:eb:ac,-67,7
27/04/2026,14:51:06,9,Sala dos técnicos,TP-Link_1324,7c:f1:7e:8d:13:22,-67,10
27/04/2026,14:51:06,9,Sala dos técnicos,IFPB,84:f1:47:54:96:e0,-68,1
27/04/2026,14:51:06,9,Sala dos técnicos,IFPB-VISITANTE,84:f1:47:54:96:e2,-69,1
27/04/2026,14:51:06,9,Sala dos técnicos,GPDS,00:26:5a:66:55:ef,-75,6
27/04/2026,14:51:06,9,Sala dos técnicos,Lab. de Sinais Digitais,18:d6:c7:f9:37:2f,-76,11
27/04/2026,14:51:06,9,Sala dos técnicos,IFPB-VISITANTE,84:f1:47:54:7f:22,-76,11
27/04/2026,14:51:06,9,Sala dos técnicos,IFPB,84:f1:47:54:7f:20,-77,11
27/04/2026,14:51:06,9,Sala dos técnicos,IFPB-Sala_Professor_14,48:51:cf:81:b0:9e,-78,8
27/04/2026,14:51:06,9,Sala dos técnicos,IFPB,e4:4e:2d:85:4c:60,-82,11
27/04/2026,14:51:06,9,Sala dos técnicos,IFPB-VISITANTE,e4:4e:2d:85:4c:62,-82,11
27/04/2026,14:51:06,9,Sala dos técnicos,IFPB,84:f1:47:54:fd:c0,-83,1
27/04/2026,14:51:06,9,Sala dos técnicos,IFPB-VISITANTE,84:f1:47:54:fd:c2,-83,1
27/04/2026,14:51:06,9,Sala dos técnicos,IFPB-VISITANTE,b8:11:4b:1d:1e:42,-83,6
27/04/2026,14:51:06,9,Sala dos técnicos,IFPB,b8:11:4b:1d:1e:40,-83,6
27/04/2026,14:51:06,9,Sala dos técnicos,IFPB-Sala_13,e8:94:f6:b9:2f:46,-85,6
27/04/2026,14:51:06,9,Sala dos técnicos,NUNYA_Room_2.4GHz,cc:32:e5:0c:fc:2b,-85,9
27/04/2026,14:51:06,9,Sala dos técnicos,IFPB-VISITANTE,84:f1:47:54:f9:82,-85,11
27/04/2026,14:51:06,9,Sala dos técnicos,IFPB,84:f1:47:54:f9:80,-85,11
27/04/2026,14:51:06,9,Sala dos técnicos,Lab Redes Convergentes,64:70:02:99:fe:f4,-89,1
27/04/2026,14:51:06,9,Sala dos técnicos,Matheus,4e:30:53:97:57:bb,-94,11
27/04/2026,14:51:06,9,Sala dos técnicos,Sala dos técnicos,Sala dos técnicos,Sala dos técnicos,Sala dos técnicos
27/04/2026,14:51:16,10,Sala dos técnicos,APTelefonia,58:10:8c:91:f3:aa,-52,1
27/04/2026,14:51:16,10,Sala dos técnicos,IFPB-Sala_Professor_14,24:fd:0d:57:19:26,-55,5
27/04/2026,14:51:16,10,Sala dos técnicos,TP-Link_C3CB,d8:0d:17:3e:c3:cb,-63,4
27/04/2026,14:51:16,10,Sala dos técnicos,IFPB TCC,d8:5d:4c:86:7e:66,-64,1
27/04/2026,14:51:16,10,Sala dos técnicos,Intelbras,18:0d:2c:7f:eb:ac,-66,7
27/04/2026,14:51:16,10,Sala dos técnicos,TP-Link_1324,7c:f1:7e:8d:13:22,-71,10
27/04/2026,14:51:16,10,Sala dos técnicos,IFPB,84:f1:47:54:96:e0,-72,1
27/04/2026,14:51:16,10,Sala dos técnicos,IFPB-VISITANTE,84:f1:47:54:96:e2,-72,1
27/04/2026,14:51:16,10,Sala dos técnicos,IFPB-VISITANTE,84:f1:47:54:7f:22,-72,11
27/04/2026,14:51:16,10,Sala dos técnicos,GPDS,00:26:5a:66:55:ef,-74,6
27/04/2026,14:51:16,10,Sala dos técnicos,IFPB,84:f1:47:54:7f:20,-74,11
27/04/2026,14:51:16,10,Sala dos técnicos,IFPB-Sala_Professor_14,48:51:cf:81:b0:9e,-75,8
27/04/2026,14:51:16,10,Sala dos técnicos,Lab. de Sinais Digitais,18:d6:c7:f9:37:2f,-78,11
27/04/2026,14:51:16,10,Sala dos técnicos,IFPB-Sala_13,e8:94:f6:b9:2f:46,-80,6
27/04/2026,14:51:16,10,Sala dos técnicos,NUNYA_Room_2.4GHz,cc:32:e5:0c:fc:2b,-82,9
27/04/2026,14:51:16,10,Sala dos técnicos,IFPB,84:f1:47:54:fd:c0,-83,1
27/04/2026,14:51:16,10,Sala dos técnicos,IFPB-VISITANTE,84:f1:47:54:fd:c2,-83,1
27/04/2026,14:51:16,10,Sala dos técnicos,IFPB,b8:11:4b:1d:1e:40,-83,6
27/04/2026,14:51:16,10,Sala dos técnicos,IFPB,e4:4e:2d:85:4c:60,-83,11
27/04/2026,14:51:16,10,Sala dos técnicos,IFPB-VISITANTE,e4:4e:2d:85:4c:62,-84,11
27/04/2026,14:51:16,10,Sala dos técnicos,IFPB-VISITANTE,84:f1:47:54:f9:82,-86,11
27/04/2026,14:51:16,10,Sala dos técnicos,Lab Redes Convergentes,64:70:02:99:fe:f4,-87,1
27/04/2026,14:51:16,10,Sala dos técnicos,IFPB,84:f1:47:54:f9:80,-88,11
27/04/2026,14:51:16,10,Sala dos técnicos,UA2-MiniLab,60:32:b1:2d:66:c3,-91,10
27/04/2026,14:51:16,10,Sala dos técnicos,iPhone de Diogo,9a:0e:27:0d:94:a7,-92,6
27/04/2026,14:51:16,10,Sala dos técnicos,Matheus,4e:30:53:97:57:bb,-92,11
27/04/2026,14:51:16,10,Sala dos técnicos,SALA_MESTRADO,64:66:b3:62:eb:86,-94,1
27/04/2026,14:51:16,10,Sala dos técnicos,Sala dos técnicos,Sala dos técnicos,Sala dos técnicos,Sala dos técnicos
27/04/2026,14:51:40,11,Lab. de telecomunicações,APTelefonia,58:10:8c:91:f3:aa,-60,1
27/04/2026,14:51:40,11,Lab. de telecomunicações,IFPB-Sala_Professor_14,24:fd:0d:57:19:26,-63,5
27/04/2026,14:51:40,11,Lab. de telecomunicações,TP-Link_1324,7c:f1:7e:8d:13:22,-66,10
27/04/2026,14:51:40,11,Lab. de telecomunicações,TP-Link_C3CB,d8:0d:17:3e:c3:cb,-68,4
27/04/2026,14:51:40,11,Lab. de telecomunicações,IFPB-VISITANTE,84:f1:47:54:96:e2,-70,1
27/04/2026,14:51:40,11,Lab. de telecomunicações,IFPB,84:f1:47:54:96:e0,-71,1
27/04/2026,14:51:40,11,Lab. de telecomunicações,Intelbras,18:0d:2c:7f:eb:ac,-71,7
27/04/2026,14:51:40,11,Lab. de telecomunicações,IFPB-Sala_Professor_14,48:51:cf:81:b0:9e,-75,8
27/04/2026,14:51:40,11,Lab. de telecomunicações,IFPB-VISITANTE,84:f1:47:54:7f:22,-76,11
27/04/2026,14:51:40,11,Lab. de telecomunicações,IFPB TCC,d8:5d:4c:86:7e:66,-77,1
27/04/2026,14:51:40,11,Lab. de telecomunicações,IFPB,84:f1:47:54:7f:20,-77,11
27/04/2026,14:51:40,11,Lab. de telecomunicações,NUNYA_Room_2.4GHz,cc:32:e5:0c:fc:2b,-78,9
27/04/2026,14:51:40,11,Lab. de telecomunicações,IFPB-VISITANTE,84:f1:47:54:fd:c2,-79,1
27/04/2026,14:51:40,11,Lab. de telecomunicações,IFPB,84:f1:47:54:fd:c0,-79,1
27/04/2026,14:51:40,11,Lab. de telecomunicações,IFPB-Sala_13,e8:94:f6:b9:2f:46,-81,6
27/04/2026,14:51:40,11,Lab. de telecomunicações,Lab. de Sinais Digitais,18:d6:c7:f9:37:2f,-81,11
27/04/2026,14:51:40,11,Lab. de telecomunicações,IFPB-VISITANTE,b8:11:4b:1d:1e:42,-82,6
27/04/2026,14:51:40,11,Lab. de telecomunicações,GPDS,00:26:5a:66:55:ef,-82,6
27/04/2026,14:51:40,11,Lab. de telecomunicações,IFPB-VISITANTE,84:f1:47:54:71:02,-83,1
27/04/2026,14:51:40,11,Lab. de telecomunicações,IFPB,b8:11:4b:1d:1e:40,-83,6
27/04/2026,14:51:40,11,Lab. de telecomunicações,UA2-MiniLab,60:32:b1:2d:66:c3,-83,10
27/04/2026,14:51:40,11,Lab. de telecomunicações,IFPB,84:f1:47:54:71:00,-84,1
27/04/2026,14:51:40,11,Lab. de telecomunicações,IFPB-VISITANTE,e4:4e:2d:85:4c:62,-87,11
27/04/2026,14:51:40,11,Lab. de telecomunicações,IFPB,e4:4e:2d:85:4c:60,-88,11
27/04/2026,14:51:40,11,Lab. de telecomunicações,IFPB,84:f1:47:54:95:e0,-88,11
27/04/2026,14:51:40,11,Lab. de telecomunicações,IFPB-VISITANTE,84:f1:47:54:95:e2,-88,11
27/04/2026,14:51:40,11,Lab. de telecomunicações,SALA_MESTRADO,64:66:b3:62:eb:86,-89,1
27/04/2026,14:51:40,11,Lab. de telecomunicações,IFPB-VISITANTE,84:f1:47:54:f9:82,-90,11
27/04/2026,14:51:40,11,Lab. de telecomunicações,Lab Redes Convergentes,64:70:02:99:fe:f4,-91,1
27/04/2026,14:51:40,11,Lab. de telecomunicações,Matheus,4e:30:53:97:57:bb,-91,11
27/04/2026,14:51:40,11,Lab. de telecomunicações,LIMPEZA,54:e6:fc:cf:22:de,-92,6
27/04/2026,14:51:40,11,Lab. de telecomunicações,Sala dos técnicos,Lab. de telecomunicações,Sala dos técnicos,Lab. de telecomunicações
27/04/2026,14:51:50,12,Lab. de telecomunicações,IFPB-Sala_Professor_14,24:fd:0d:57:19:26,-60,5
27/04/2026,14:51:50,12,Lab. de telecomunicações,APTelefonia,58:10:8c:91:f3:aa,-67,1
27/04/2026,14:51:50,12,Lab. de telecomunicações,TP-Link_1324,7c:f1:7e:8d:13:22,-69,10
27/04/2026,14:51:50,12,Lab. de telecomunicações,IFPB TCC,d8:5d:4c:86:7e:66,-71,1
27/04/2026,14:51:50,12,Lab. de telecomunicações,IFPB,84:f1:47:54:96:e0,-73,1
27/04/2026,14:51:50,12,Lab. de telecomunicações,TP-Link_C3CB,d8:0d:17:3e:c3:cb,-74,4
27/04/2026,14:51:50,12,Lab. de telecomunicações,IFPB-VISITANTE,84:f1:47:54:96:e2,-75,1
27/04/2026,14:51:50,12,Lab. de telecomunicações,IFPB,84:f1:47:54:7f:20,-75,11
27/04/2026,14:51:50,12,Lab. de telecomunicações,IFPB-VISITANTE,84:f1:47:54:7f:22,-75,11
27/04/2026,14:51:50,12,Lab. de telecomunicações,Lab. de Sinais Digitais,18:d6:c7:f9:37:2f,-75,11
27/04/2026,14:51:51,12,Lab. de telecomunicações,Intelbras,18:0d:2c:7f:eb:ac,-76,7
27/04/2026,14:51:51,12,Lab. de telecomunicações,IFPB-Sala_Professor_14,48:51:cf:81:b0:9e,-76,8
27/04/2026,14:51:51,12,Lab. de telecomunicações,IFPB,84:f1:47:54:fd:c0,-79,1
27/04/2026,14:51:51,12,Lab. de telecomunicações,IFPB-VISITANTE,84:f1:47:54:fd:c2,-79,1
27/04/2026,14:51:51,12,Lab. de telecomunicações,IFPB-VISITANTE,b8:11:4b:1d:1e:42,-79,6
27/04/2026,14:51:51,12,Lab. de telecomunicações,IFPB,b8:11:4b:1d:1e:40,-79,6
27/04/2026,14:51:51,12,Lab. de telecomunicações,IFPB-Sala_13,e8:94:f6:b9:2f:46,-83,6
27/04/2026,14:51:51,12,Lab. de telecomunicações,GPDS,00:26:5a:66:55:ef,-83,6
27/04/2026,14:51:51,12,Lab. de telecomunicações,NUNYA_Room_2.4GHz,cc:32:e5:0c:fc:2b,-85,9
27/04/2026,14:51:51,12,Lab. de telecomunicações,IFPB-VISITANTE,84:f1:47:54:71:02,-86,1
27/04/2026,14:51:51,12,Lab. de telecomunicações,IFPB-VISITANTE,e4:4e:2d:85:4c:62,-86,11
27/04/2026,14:51:51,12,Lab. de telecomunicações,IFPB,84:f1:47:54:71:00,-87,1
27/04/2026,14:51:51,12,Lab. de telecomunicações,UA2-MiniLab,60:32:b1:2d:66:c3,-87,10
27/04/2026,14:51:51,12,Lab. de telecomunicações,IFPB,e4:4e:2d:85:4c:60,-87,11
27/04/2026,14:51:51,12,Lab. de telecomunicações,Lab Redes Convergentes,64:70:02:99:fe:f4,-90,1
27/04/2026,14:51:51,12,Lab. de telecomunicações,IFPB-VISITANTE,84:f1:47:54:95:e2,-90,11
27/04/2026,14:51:51,12,Lab. de telecomunicações,IFPB,84:f1:47:54:95:e0,-91,11
27/04/2026,14:51:51,12,Lab. de telecomunicações,SALA_MESTRADO,64:66:b3:62:eb:86,-92,1
27/04/2026,14:51:51,12,Lab. de telecomunicações,Lab. de telecomunicações,Lab. de telecomunicações,Lab. de telecomunicações,Lab. de telecomunicações
27/04/2026,14:52:01,13,Lab. de telecomunicações,IFPB-Sala_Professor_14,24:fd:0d:57:19:26,-60,5
27/04/2026,14:52:01,13,Lab. de telecomunicações,APTelefonia,58:10:8c:91:f3:aa,-66,1
27/04/2026,14:52:01,13,Lab. de telecomunicações,TP-Link_1324,7c:f1:7e:8d:13:22,-68,10
27/04/2026,14:52:01,13,Lab. de telecomunicações,IFPB TCC,d8:5d:4c:86:7e:66,-69,1
27/04/2026,14:52:01,13,Lab. de telecomunicações,IFPB,84:f1:47:54:7f:20,-70,11
27/04/2026,14:52:01,13,Lab. de telecomunicações,IFPB-VISITANTE,84:f1:47:54:7f:22,-70,11
27/04/2026,14:52:01,13,Lab. de telecomunicações,Intelbras,18:0d:2c:7f:eb:ac,-73,7
27/04/2026,14:52:01,13,Lab. de telecomunicações,IFPB-VISITANTE,84:f1:47:54:96:e2,-75,1
27/04/2026,14:52:01,13,Lab. de telecomunicações,IFPB,84:f1:47:54:fd:c0,-77,1
27/04/2026,14:52:01,13,Lab. de telecomunicações,IFPB,84:f1:47:54:96:e0,-77,1
27/04/2026,14:52:01,13,Lab. de telecomunicações,IFPB-VISITANTE,84:f1:47:54:fd:c2,-77,1
27/04/2026,14:52:01,13,Lab. de telecomunicações,IFPB-VISITANTE,b8:11:4b:1d:1e:42,-77,6
27/04/2026,14:52:01,13,Lab. de telecomunicações,Lab. de Sinais Digitais,18:d6:c7:f9:37:2f,-77,11
27/04/2026,14:52:01,13,Lab. de telecomunicações,IFPB,b8:11:4b:1d:1e:40,-78,6
27/04/2026,14:52:01,13,Lab. de telecomunicações,TP-Link_C3CB,d8:0d:17:3e:c3:cb,-80,4
27/04/2026,14:52:01,13,Lab. de telecomunicações,GPDS,00:26:5a:66:55:ef,-81,6
27/04/2026,14:52:01,13,Lab. de telecomunicações,NUNYA_Room_2.4GHz,cc:32:e5:0c:fc:2b,-81,9
27/04/2026,14:52:01,13,Lab. de telecomunicações,IFPB-Sala_Professor_14,48:51:cf:81:b0:9e,-82,8
27/04/2026,14:52:01,13,Lab. de telecomunicações,IFPB,e4:4e:2d:85:4c:60,-82,11
27/04/2026,14:52:01,13,Lab. de telecomunicações,IFPB-VISITANTE,e4:4e:2d:85:4c:62,-82,11
27/04/2026,14:52:01,13,Lab. de telecomunicações,IFPB-Sala_13,e8:94:f6:b9:2f:46,-83,6
27/04/2026,14:52:01,13,Lab. de telecomunicações,IFPB-VISITANTE,84:f1:47:54:71:02,-85,1
27/04/2026,14:52:01,13,Lab. de telecomunicações,IFPB,84:f1:47:54:71:00,-85,1
27/04/2026,14:52:01,13,Lab. de telecomunicações,IFPB-VISITANTE,84:f1:47:54:95:e2,-85,11
27/04/2026,14:52:01,13,Lab. de telecomunicações,IFPB,84:f1:47:54:95:e0,-86,11
27/04/2026,14:52:01,13,Lab. de telecomunicações,UA2-MiniLab,60:32:b1:2d:66:c3,-90,10
27/04/2026,14:52:01,13,Lab. de telecomunicações,IFPB-VISITANTE,84:f1:47:54:f9:82,-90,11
27/04/2026,14:52:01,13,Lab. de telecomunicações,Matheus,4e:30:53:97:57:bb,-93,11
27/04/2026,14:52:01,13,Lab. de telecomunicações,Grel Wifi,00:27:19:ca:71:d2,-94,11
27/04/2026,14:52:01,13,Lab. de telecomunicações,Sala dos técnicos,Lab. de telecomunicações,Sala dos técnicos,Lab. de telecomunicações
27/04/2026,14:52:11,14,Lab. de telecomunicações,APTelefonia,58:10:8c:91:f3:aa,-59,1
27/04/2026,14:52:11,14,Lab. de telecomunicações,IFPB-Sala_Professor_14,24:fd:0d:57:19:26,-60,5
27/04/2026,14:52:11,14,Lab. de telecomunicações,TP-Link_C3CB,d8:0d:17:3e:c3:cb,-69,4
27/04/2026,14:52:11,14,Lab. de telecomunicações,TP-Link_1324,7c:f1:7e:8d:13:22,-70,10
27/04/2026,14:52:11,14,Lab. de telecomunicações,IFPB,84:f1:47:54:7f:20,-71,11
27/04/2026,14:52:11,14,Lab. de telecomunicações,IFPB-VISITANTE,84:f1:47:54:7f:22,-71,11
27/04/2026,14:52:11,14,Lab. de telecomunicações,IFPB,84:f1:47:54:96:e0,-72,1
27/04/2026,14:52:11,14,Lab. de telecomunicações,IFPB-VISITANTE,84:f1:47:54:96:e2,-72,1
27/04/2026,14:52:11,14,Lab. de telecomunicações,IFPB TCC,d8:5d:4c:86:7e:66,-73,1
27/04/2026,14:52:11,14,Lab. de telecomunicações,GPDS,00:26:5a:66:55:ef,-73,6
27/04/2026,14:52:11,14,Lab. de telecomunicações,Intelbras,18:0d:2c:7f:eb:ac,-73,7
27/04/2026,14:52:11,14,Lab. de telecomunicações,IFPB-Sala_Professor_14,48:51:cf:81:b0:9e,-74,8
27/04/2026,14:52:11,14,Lab. de telecomunicações,IFPB,84:f1:47:54:fd:c0,-76,1
27/04/2026,14:52:11,14,Lab. de telecomunicações,IFPB-VISITANTE,84:f1:47:54:fd:c2,-76,1
27/04/2026,14:52:11,14,Lab. de telecomunicações,Lab. de Sinais Digitais,18:d6:c7:f9:37:2f,-79,11
27/04/2026,14:52:11,14,Lab. de telecomunicações,IFPB-Sala_13,e8:94:f6:b9:2f:46,-80,6
27/04/2026,14:52:11,14,Lab. de telecomunicações,IFPB,b8:11:4b:1d:1e:40,-82,6
27/04/2026,14:52:11,14,Lab. de telecomunicações,NUNYA_Room_2.4GHz,cc:32:e5:0c:fc:2b,-83,9
27/04/2026,14:52:11,14,Lab. de telecomunicações,IFPB-VISITANTE,b8:11:4b:1d:1e:42,-84,6
27/04/2026,14:52:11,14,Lab. de telecomunicações,IFPB,e4:4e:2d:85:4c:60,-85,11
27/04/2026,14:52:11,14,Lab. de telecomunicações,IFPB-VISITANTE,e4:4e:2d:85:4c:62,-85,11
27/04/2026,14:52:11,14,Lab. de telecomunicações,IFPB,84:f1:47:54:71:00,-86,1
27/04/2026,14:52:11,14,Lab. de telecomunicações,UA2-MiniLab,60:32:b1:2d:66:c3,-86,10
27/04/2026,14:52:11,14,Lab. de telecomunicações,IFPB-VISITANTE,84:f1:47:54:71:02,-87,1
27/04/2026,14:52:11,14,Lab. de telecomunicações,IFPB-VISITANTE,84:f1:47:54:95:e2,-88,11
27/04/2026,14:52:11,14,Lab. de telecomunicações,IFPB,84:f1:47:54:95:e0,-88,11
27/04/2026,14:52:11,14,Lab. de telecomunicações,SALA_MESTRADO,64:66:b3:62:eb:86,-89,1
27/04/2026,14:52:11,14,Lab. de telecomunicações,LIMPEZA,54:e6:fc:cf:22:de,-90,6
27/04/2026,14:52:11,14,Lab. de telecomunicações,Matheus,4e:30:53:97:57:bb,-92,11
27/04/2026,14:52:11,14,Lab. de telecomunicações,NPEF/NEPA,50:c7:bf:ef:56:8a,-93,3
27/04/2026,14:52:11,14,Lab. de telecomunicações,Grel Wifi,00:27:19:ca:71:d2,-95,11
27/04/2026,14:52:11,14,Lab. de telecomunicações,Lab. de telecomunicações,Lab. de telecomunicações,Lab. de telecomunicações,Lab. de telecomunicações
27/04/2026,14:52:21,15,Lab. de telecomunicações,IFPB-Sala_Professor_14,24:fd:0d:57:19:26,-58,5
27/04/2026,14:52:21,15,Lab. de telecomunicações,APTelefonia,58:10:8c:91:f3:aa,-60,1
27/04/2026,14:52:21,15,Lab. de telecomunicações,TP-Link_C3CB,d8:0d:17:3e:c3:cb,-68,4
27/04/2026,14:52:21,15,Lab. de telecomunicações,IFPB,84:f1:47:54:7f:20,-69,11
27/04/2026,14:52:21,15,Lab. de telecomunicações,IFPB-VISITANTE,84:f1:47:54:7f:22,-70,11
27/04/2026,14:52:21,15,Lab. de telecomunicações,IFPB,84:f1:47:54:96:e0,-71,1
27/04/2026,14:52:21,15,Lab. de telecomunicações,IFPB-VISITANTE,84:f1:47:54:96:e2,-72,1
27/04/2026,14:52:21,15,Lab. de telecomunicações,TP-Link_1324,7c:f1:7e:8d:13:22,-72,10
27/04/2026,14:52:21,15,Lab. de telecomunicações,IFPB TCC,d8:5d:4c:86:7e:66,-74,1
27/04/2026,14:52:21,15,Lab. de telecomunicações,IFPB,84:f1:47:54:fd:c0,-75,1
27/04/2026,14:52:21,15,Lab. de telecomunicações,IFPB-VISITANTE,84:f1:47:54:fd:c2,-75,1
27/04/2026,14:52:21,15,Lab. de telecomunicações,Intelbras,18:0d:2c:7f:eb:ac,-75,7
27/04/2026,14:52:21,15,Lab. de telecomunicações,Lab. de Sinais Digitais,18:d6:c7:f9:37:2f,-75,11
27/04/2026,14:52:21,15,Lab. de telecomunicações,IFPB-Sala_Professor_14,48:51:cf:81:b0:9e,-76,8
27/04/2026,14:52:21,15,Lab. de telecomunicações,GPDS,00:26:5a:66:55:ef,-82,6
27/04/2026,14:52:21,15,Lab. de telecomunicações,UA2-MiniLab,60:32:b1:2d:66:c3,-82,10
27/04/2026,14:52:21,15,Lab. de telecomunicações,IFPB,e4:4e:2d:85:4c:60,-83,11
27/04/2026,14:52:21,15,Lab. de telecomunicações,IFPB-VISITANTE,e4:4e:2d:85:4c:62,-83,11
27/04/2026,14:52:21,15,Lab. de telecomunicações,IFPB,84:f1:47:54:71:00,-84,1
27/04/2026,14:52:21,15,Lab. de telecomunicações,IFPB-Sala_13,e8:94:f6:b9:2f:46,-84,6
27/04/2026,14:52:21,15,Lab. de telecomunicações,NUNYA_Room_2.4GHz,cc:32:e5:0c:fc:2b,-84,9
27/04/2026,14:52:21,15,Lab. de telecomunicações,IFPB-VISITANTE,84:f1:47:54:71:02,-85,1
27/04/2026,14:52:22,15,Lab. de telecomunicações,IFPB,b8:11:4b:1d:1e:40,-85,6
27/04/2026,14:52:22,15,Lab. de telecomunicações,SALA_MESTRADO,64:66:b3:62:eb:86,-86,1
27/04/2026,14:52:22,15,Lab. de telecomunicações,IFPB-VISITANTE,b8:11:4b:1d:1e:42,-86,6
27/04/2026,14:52:22,15,Lab. de telecomunicações,IFPB,84:f1:47:54:f9:80,-89,11
27/04/2026,14:52:22,15,Lab. de telecomunicações,IFPB-VISITANTE,84:f1:47:54:f9:82,-89,11
27/04/2026,14:52:22,15,Lab. de telecomunicações,IFPB,84:f1:47:54:95:e0,-89,11
27/04/2026,14:52:22,15,Lab. de telecomunicações,NPEF/NEPA,50:c7:bf:ef:56:8a,-92,3
27/04/2026,14:52:22,15,Lab. de telecomunicações,Matheus,4e:30:53:97:57:bb,-93,11
27/04/2026,14:52:22,15,Lab. de telecomunicações,Grel Wifi,00:27:19:ca:71:d2,-94,11
27/04/2026,14:52:22,15,Lab. de telecomunicações,Sala dos técnicos,Lab. de telecomunicações,Sala dos técnicos,Lab. de telecomunicações
27/04/2026,14:52:46,16,PET Eng. Elétrica,TP-Link_C3CB,d8:0d:17:3e:c3:cb,-59,4
27/04/2026,14:52:46,16,PET Eng. Elétrica,APTelefonia,58:10:8c:91:f3:aa,-61,1
27/04/2026,14:52:46,16,PET Eng. Elétrica,Lab. de Sinais Digitais,18:d6:c7:f9:37:2f,-61,11
27/04/2026,14:52:46,16,PET Eng. Elétrica,IFPB-Sala_Professor_14,24:fd:0d:57:19:26,-62,5
27/04/2026,14:52:46,16,PET Eng. Elétrica,Intelbras,18:0d:2c:7f:eb:ac,-63,7
27/04/2026,14:52:46,16,PET Eng. Elétrica,IFPB-Sala_Professor_14,48:51:cf:81:b0:9e,-65,8
27/04/2026,14:52:46,16,PET Eng. Elétrica,TP-Link_1324,7c:f1:7e:8d:13:22,-71,10
27/04/2026,14:52:46,16,PET Eng. Elétrica,GPDS,00:26:5a:66:55:ef,-74,6
27/04/2026,14:52:46,16,PET Eng. Elétrica,IFPB,84:f1:47:54:96:e0,-77,1
27/04/2026,14:52:46,16,PET Eng. Elétrica,IFPB,84:f1:47:54:fd:c0,-77,1
27/04/2026,14:52:46,16,PET Eng. Elétrica,IFPB-VISITANTE,84:f1:47:54:96:e2,-77,1
27/04/2026,14:52:46,16,PET Eng. Elétrica,IFPB-VISITANTE,84:f1:47:54:fd:c2,-78,1
27/04/2026,14:52:46,16,PET Eng. Elétrica,IFPB TCC,d8:5d:4c:86:7e:66,-78,1
27/04/2026,14:52:46,16,PET Eng. Elétrica,IFPB-Sala_13,e8:94:f6:b9:2f:46,-78,6
27/04/2026,14:52:46,16,PET Eng. Elétrica,IFPB-VISITANTE,84:f1:47:54:95:e2,-78,11
27/04/2026,14:52:46,16,PET Eng. Elétrica,IFPB,84:f1:47:54:f9:80,-78,11
27/04/2026,14:52:46,16,PET Eng. Elétrica,IFPB-VISITANTE,84:f1:47:54:f9:82,-78,11
27/04/2026,14:52:46,16,PET Eng. Elétrica,IFPB,84:f1:47:54:95:e0,-79,11
27/04/2026,14:52:46,16,PET Eng. Elétrica,NUNYA_Room_2.4GHz,cc:32:e5:0c:fc:2b,-80,9
27/04/2026,14:52:46,16,PET Eng. Elétrica,UA2-MiniLab,60:32:b1:2d:66:c3,-81,10
27/04/2026,14:52:46,16,PET Eng. Elétrica,SALA_MESTRADO,64:66:b3:62:eb:86,-82,1
27/04/2026,14:52:46,16,PET Eng. Elétrica,IFPB-VISITANTE,b8:11:4b:1d:1e:42,-83,6
27/04/2026,14:52:46,16,PET Eng. Elétrica,IFPB-VISITANTE,e4:4e:2d:85:4c:62,-83,11
27/04/2026,14:52:46,16,PET Eng. Elétrica,IFPB,b8:11:4b:1d:1e:40,-84,6
27/04/2026,14:52:46,16,PET Eng. Elétrica,IFPB,84:f1:47:54:7f:20,-85,11
27/04/2026,14:52:46,16,PET Eng. Elétrica,IFPB,e4:4e:2d:85:4c:60,-85,11
27/04/2026,14:52:46,16,PET Eng. Elétrica,IFPB-VISITANTE,84:f1:47:54:7f:22,-86,11
27/04/2026,14:52:46,16,PET Eng. Elétrica,Matheus,4e:30:53:97:57:bb,-90,11
27/04/2026,14:52:46,16,PET Eng. Elétrica,iPhone de Mariana,62:3d:15:53:5a:cd,-92,1
27/04/2026,14:52:46,16,PET Eng. Elétrica,Lab Redes Convergentes,64:70:02:99:fe:f4,-92,1
27/04/2026,14:52:46,16,PET Eng. Elétrica,NPEF/NEPA,50:c7:bf:ef:56:8a,-94,3
27/04/2026,14:52:46,16,PET Eng. Elétrica,EBF230F1-HA8D94yZ3n1AOdi,44:d2:44:dd:2c:c4,-95,11
27/04/2026,14:52:46,16,PET Eng. Elétrica,Grel Wifi,00:27:19:ca:71:d2,-95,11
27/04/2026,14:52:46,16,PET Eng. Elétrica,PET Eng. Elétrica,PET Eng. Elétrica,PET Eng. Elétrica,PET Eng. Elétrica
27/04/2026,14:52:56,17,PET Eng. Elétrica,TP-Link_C3CB,d8:0d:17:3e:c3:cb,-57,4
27/04/2026,14:52:56,17,PET Eng. Elétrica,APTelefonia,58:10:8c:91:f3:aa,-64,1
27/04/2026,14:52:56,17,PET Eng. Elétrica,Intelbras,18:0d:2c:7f:eb:ac,-64,7
27/04/2026,14:52:56,17,PET Eng. Elétrica,Lab. de Sinais Digitais,18:d6:c7:f9:37:2f,-65,11
27/04/2026,14:52:56,17,PET Eng. Elétrica,GPDS,00:26:5a:66:55:ef,-68,6
27/04/2026,14:52:56,17,PET Eng. Elétrica,IFPB-Sala_Professor_14,24:fd:0d:57:19:26,-69,5
27/04/2026,14:52:56,17,PET Eng. Elétrica,TP-Link_1324,7c:f1:7e:8d:13:22,-71,10
27/04/2026,14:52:56,17,PET Eng. Elétrica,IFPB-VISITANTE,84:f1:47:54:fd:c2,-73,1
27/04/2026,14:52:56,17,PET Eng. Elétrica,IFPB,84:f1:47:54:fd:c0,-74,1
27/04/2026,14:52:56,17,PET Eng. Elétrica,IFPB,84:f1:47:54:96:e0,-74,1
27/04/2026,14:52:56,17,PET Eng. Elétrica,IFPB-VISITANTE,84:f1:47:54:96:e2,-74,1
27/04/2026,14:52:56,17,PET Eng. Elétrica,IFPB-Sala_Professor_14,48:51:cf:81:b0:9e,-75,8
27/04/2026,14:52:56,17,PET Eng. Elétrica,IFPB TCC,d8:5d:4c:86:7e:66,-76,1
27/04/2026,14:52:56,17,PET Eng. Elétrica,IFPB-Sala_13,e8:94:f6:b9:2f:46,-76,6
27/04/2026,14:52:56,17,PET Eng. Elétrica,IFPB,84:f1:47:54:95:e0,-79,11
27/04/2026,14:52:56,17,PET Eng. Elétrica,IFPB-VISITANTE,84:f1:47:54:95:e2,-79,11
27/04/2026,14:52:56,17,PET Eng. Elétrica,UA2-MiniLab,60:32:b1:2d:66:c3,-80,10
27/04/2026,14:52:56,17,PET Eng. Elétrica,IFPB-VISITANTE,84:f1:47:54:f9:82,-80,11
27/04/2026,14:52:56,17,PET Eng. Elétrica,NUNYA_Room_2.4GHz,cc:32:e5:0c:fc:2b,-81,9
27/04/2026,14:52:56,17,PET Eng. Elétrica,IFPB,84:f1:47:54:f9:80,-81,11
27/04/2026,14:52:56,17,PET Eng. Elétrica,SALA_MESTRADO,64:66:b3:62:eb:86,-83,1
27/04/2026,14:52:56,17,PET Eng. Elétrica,IFPB-VISITANTE,b8:11:4b:1d:1e:42,-83,6
27/04/2026,14:52:56,17,PET Eng. Elétrica,IFPB,84:f1:47:54:7f:20,-83,11
27/04/2026,14:52:56,17,PET Eng. Elétrica,IFPB-VISITANTE,84:f1:47:54:7f:22,-84,11
27/04/2026,14:52:56,17,PET Eng. Elétrica,IFPB,b8:11:4b:1d:1e:40,-85,6
27/04/2026,14:52:56,17,PET Eng. Elétrica,IFPB,e4:4e:2d:85:4c:60,-85,11
27/04/2026,14:52:57,17,PET Eng. Elétrica,IFPB-VISITANTE,e4:4e:2d:85:4c:62,-85,11
27/04/2026,14:52:57,17,PET Eng. Elétrica,IFPB,84:f1:47:54:71:00,-88,1
27/04/2026,14:52:57,17,PET Eng. Elétrica,NPEF/NEPA,50:c7:bf:ef:56:8a,-89,3
27/04/2026,14:52:57,17,PET Eng. Elétrica,Matheus,4e:30:53:97:57:bb,-92,11
27/04/2026,14:52:57,17,PET Eng. Elétrica,PET Eng. Elétrica,PET Eng. Elétrica,PET Eng. Elétrica,PET Eng. Elétrica
27/04/2026,14:53:06,18,PET Eng. Elétrica,TP-Link_C3CB,d8:0d:17:3e:c3:cb,-56,4
27/04/2026,14:53:06,18,PET Eng. Elétrica,IFPB-Sala_Professor_14,24:fd:0d:57:19:26,-61,5
27/04/2026,14:53:06,18,PET Eng. Elétrica,APTelefonia,58:10:8c:91:f3:aa,-64,1
27/04/2026,14:53:06,18,PET Eng. Elétrica,Intelbras,18:0d:2c:7f:eb:ac,-65,7
27/04/2026,14:53:06,18,PET Eng. Elétrica,Lab. de Sinais Digitais,18:d6:c7:f9:37:2f,-67,11
27/04/2026,14:53:06,18,PET Eng. Elétrica,GPDS,00:26:5a:66:55:ef,-68,6
27/04/2026,14:53:06,18,PET Eng. Elétrica,TP-Link_1324,7c:f1:7e:8d:13:22,-70,10
27/04/2026,14:53:06,18,PET Eng. Elétrica,IFPB,84:f1:47:54:fd:c0,-73,1
27/04/2026,14:53:06,18,PET Eng. Elétrica,IFPB-VISITANTE,84:f1:47:54:fd:c2,-73,1
27/04/2026,14:53:06,18,PET Eng. Elétrica,IFPB-Sala_Professor_14,48:51:cf:81:b0:9e,-73,8
27/04/2026,14:53:06,18,PET Eng. Elétrica,IFPB-VISITANTE,84:f1:47:54:96:e2,-74,1
27/04/2026,14:53:06,18,PET Eng. Elétrica,IFPB,84:f1:47:54:96:e0,-75,1
27/04/2026,14:53:06,18,PET Eng. Elétrica,IFPB-Sala_13,e8:94:f6:b9:2f:46,-75,6
27/04/2026,14:53:06,18,PET Eng. Elétrica,UA2-MiniLab,60:32:b1:2d:66:c3,-76,10
27/04/2026,14:53:06,18,PET Eng. Elétrica,IFPB-VISITANTE,84:f1:47:54:95:e2,-78,11
27/04/2026,14:53:07,18,PET Eng. Elétrica,IFPB,84:f1:47:54:95:e0,-79,11
27/04/2026,14:53:07,18,PET Eng. Elétrica,IFPB TCC,d8:5d:4c:86:7e:66,-80,1
27/04/2026,14:53:07,18,PET Eng. Elétrica,IFPB-VISITANTE,84:f1:47:54:f9:82,-82,11
27/04/2026,14:53:07,18,PET Eng. Elétrica,IFPB,b8:11:4b:1d:1e:40,-83,6
27/04/2026,14:53:07,18,PET Eng. Elétrica,IFPB,84:f1:47:54:f9:80,-83,11
27/04/2026,14:53:07,18,PET Eng. Elétrica,IFPB-VISITANTE,84:f1:47:54:7f:22,-83,11
27/04/2026,14:53:07,18,PET Eng. Elétrica,IFPB-VISITANTE,b8:11:4b:1d:1e:42,-84,6
27/04/2026,14:53:07,18,PET Eng. Elétrica,IFPB,e4:4e:2d:85:4c:60,-84,11
27/04/2026,14:53:07,18,PET Eng. Elétrica,IFPB-VISITANTE,e4:4e:2d:85:4c:62,-84,11
27/04/2026,14:53:07,18,PET Eng. Elétrica,IFPB,84:f1:47:54:7f:20,-84,11
27/04/2026,14:53:07,18,PET Eng. Elétrica,SALA_MESTRADO,64:66:b3:62:eb:86,-86,1
27/04/2026,14:53:07,18,PET Eng. Elétrica,NUNYA_Room_2.4GHz,cc:32:e5:0c:fc:2b,-86,9
27/04/2026,14:53:07,18,PET Eng. Elétrica,IFPB-VISITANTE,84:f1:47:54:71:02,-88,1
27/04/2026,14:53:07,18,PET Eng. Elétrica,NPEF/NEPA,50:c7:bf:ef:56:8a,-89,3
27/04/2026,14:53:07,18,PET Eng. Elétrica,A26 de Taciana,22:54:c2:cb:89:d4,-90,6
27/04/2026,14:53:07,18,PET Eng. Elétrica,LIMPEZA,54:e6:fc:cf:22:de,-91,6
27/04/2026,14:53:07,18,PET Eng. Elétrica,Grel Wifi,00:27:19:ca:71:d2,-92,11
27/04/2026,14:53:07,18,PET Eng. Elétrica,EBF230F1-HA8D94yZ3n1AOdi,44:d2:44:dd:2c:c4,-95,11
27/04/2026,14:53:07,18,PET Eng. Elétrica,PET Eng. Elétrica,PET Eng. Elétrica,PET Eng. Elétrica,PET Eng. Elétrica
27/04/2026,14:53:16,19,PET Eng. Elétrica,TP-Link_C3CB,d8:0d:17:3e:c3:cb,-60,4
27/04/2026,14:53:16,19,PET Eng. Elétrica,IFPB-Sala_Professor_14,24:fd:0d:57:19:26,-61,5
27/04/2026,14:53:16,19,PET Eng. Elétrica,Intelbras,18:0d:2c:7f:eb:ac,-62,7
27/04/2026,14:53:16,19,PET Eng. Elétrica,APTelefonia,58:10:8c:91:f3:aa,-64,1
27/04/2026,14:53:16,19,PET Eng. Elétrica,IFPB-Sala_Professor_14,48:51:cf:81:b0:9e,-66,8
27/04/2026,14:53:17,19,PET Eng. Elétrica,Lab. de Sinais Digitais,18:d6:c7:f9:37:2f,-66,11
27/04/2026,14:53:17,19,PET Eng. Elétrica,TP-Link_1324,7c:f1:7e:8d:13:22,-70,10
27/04/2026,14:53:17,19,PET Eng. Elétrica,GPDS,00:26:5a:66:55:ef,-71,6
27/04/2026,14:53:17,19,PET Eng. Elétrica,IFPB,84:f1:47:54:fd:c0,-74,1
27/04/2026,14:53:17,19,PET Eng. Elétrica,IFPB-VISITANTE,84:f1:47:54:fd:c2,-74,1
27/04/2026,14:53:17,19,PET Eng. Elétrica,IFPB,84:f1:47:54:96:e0,-75,1
27/04/2026,14:53:17,19,PET Eng. Elétrica,IFPB-VISITANTE,84:f1:47:54:96:e2,-76,1
27/04/2026,14:53:17,19,PET Eng. Elétrica,IFPB-Sala_13,e8:94:f6:b9:2f:46,-76,6
27/04/2026,14:53:17,19,PET Eng. Elétrica,IFPB TCC,d8:5d:4c:86:7e:66,-77,1
27/04/2026,14:53:17,19,PET Eng. Elétrica,IFPB,84:f1:47:54:f9:80,-77,11
27/04/2026,14:53:17,19,PET Eng. Elétrica,IFPB-VISITANTE,84:f1:47:54:f9:82,-77,11
27/04/2026,14:53:17,19,PET Eng. Elétrica,IFPB,84:f1:47:54:95:e0,-78,11
27/04/2026,14:53:17,19,PET Eng. Elétrica,IFPB-VISITANTE,84:f1:47:54:95:e2,-78,11
27/04/2026,14:53:17,19,PET Eng. Elétrica,UA2-MiniLab,60:32:b1:2d:66:c3,-79,10
27/04/2026,14:53:17,19,PET Eng. Elétrica,NUNYA_Room_2.4GHz,cc:32:e5:0c:fc:2b,-82,9
27/04/2026,14:53:17,19,PET Eng. Elétrica,IFPB,84:f1:47:54:7f:20,-84,11
27/04/2026,14:53:17,19,PET Eng. Elétrica,IFPB-VISITANTE,84:f1:47:54:7f:22,-84,11
27/04/2026,14:53:17,19,PET Eng. Elétrica,IFPB-VISITANTE,e4:4e:2d:85:4c:62,-84,11
27/04/2026,14:53:17,19,PET Eng. Elétrica,IFPB,e4:4e:2d:85:4c:60,-84,11
27/04/2026,14:53:17,19,PET Eng. Elétrica,IFPB-VISITANTE,b8:11:4b:1d:14:82,-85,6
27/04/2026,14:53:17,19,PET Eng. Elétrica,IFPB,b8:11:4b:1d:14:80,-85,6
27/04/2026,14:53:17,19,PET Eng. Elétrica,IFPB,b8:11:4b:1d:1e:40,-86,6
27/04/2026,14:53:17,19,PET Eng. Elétrica,IFPB-VISITANTE,b8:11:4b:1d:1e:42,-86,6
27/04/2026,14:53:17,19,PET Eng. Elétrica,SALA_MESTRADO,64:66:b3:62:eb:86,-88,1
27/04/2026,14:53:17,19,PET Eng. Elétrica,IFPB-VISITANTE,84:f1:47:54:71:02,-89,1
27/04/2026,14:53:17,19,PET Eng. Elétrica,IFPB,84:f1:47:54:71:00,-90,1
27/04/2026,14:53:17,19,PET Eng. Elétrica,Matheus,4e:30:53:97:57:bb,-91,11
27/04/2026,14:53:17,19,PET Eng. Elétrica,iPhone de Mariana,62:3d:15:53:5a:cd,-92,1
27/04/2026,14:53:17,19,PET Eng. Elétrica,NPEF/NEPA,50:c7:bf:ef:56:8a,-94,3
27/04/2026,14:53:17,19,PET Eng. Elétrica,Grel Wifi,00:27:19:ca:71:d2,-96,11
27/04/2026,14:53:17,19,PET Eng. Elétrica,PET Eng. Elétrica,Auditório de Eng. Elétrica,PET Eng. Elétrica,Auditório de Eng. Elétrica
27/04/2026,14:53:27,20,PET Eng. Elétrica,TP-Link_C3CB,d8:0d:17:3e:c3:cb,-57,4
27/04/2026,14:53:27,20,PET Eng. Elétrica,IFPB-Sala_Professor_14,24:fd:0d:57:19:26,-62,5
27/04/2026,14:53:27,20,PET Eng. Elétrica,Lab. de Sinais Digitais,18:d6:c7:f9:37:2f,-64,11
27/04/2026,14:53:27,20,PET Eng. Elétrica,APTelefonia,58:10:8c:91:f3:aa,-65,1
27/04/2026,14:53:27,20,PET Eng. Elétrica,Intelbras,18:0d:2c:7f:eb:ac,-65,7
27/04/2026,14:53:27,20,PET Eng. Elétrica,TP-Link_1324,7c:f1:7e:8d:13:22,-73,10
27/04/2026,14:53:27,20,PET Eng. Elétrica,IFPB,84:f1:47:54:fd:c0,-74,1
27/04/2026,14:53:27,20,PET Eng. Elétrica,IFPB-VISITANTE,84:f1:47:54:fd:c2,-74,1
27/04/2026,14:53:27,20,PET Eng. Elétrica,GPDS,00:26:5a:66:55:ef,-74,6
27/04/2026,14:53:27,20,PET Eng. Elétrica,IFPB,84:f1:47:54:96:e0,-75,1
27/04/2026,14:53:27,20,PET Eng. Elétrica,IFPB-VISITANTE,84:f1:47:54:96:e2,-75,1
27/04/2026,14:53:27,20,PET Eng. Elétrica,IFPB-Sala_Professor_14,48:51:cf:81:b0:9e,-75,8
27/04/2026,14:53:27,20,PET Eng. Elétrica,IFPB-Sala_13,e8:94:f6:b9:2f:46,-76,6
27/04/2026,14:53:27,20,PET Eng. Elétrica,IFPB TCC,d8:5d:4c:86:7e:66,-77,1
27/04/2026,14:53:27,20,PET Eng. Elétrica,IFPB-VISITANTE,84:f1:47:54:f9:82,-77,11
27/04/2026,14:53:27,20,PET Eng. Elétrica,IFPB,84:f1:47:54:f9:80,-78,11
27/04/2026,14:53:27,20,PET Eng. Elétrica,IFPB,84:f1:47:54:95:e0,-79,11
27/04/2026,14:53:27,20,PET Eng. Elétrica,NUNYA_Room_2.4GHz,cc:32:e5:0c:fc:2b,-80,9
27/04/2026,14:53:27,20,PET Eng. Elétrica,UA2-MiniLab,60:32:b1:2d:66:c3,-80,10
27/04/2026,14:53:27,20,PET Eng. Elétrica,IFPB-VISITANTE,84:f1:47:54:95:e2,-81,11
27/04/2026,14:53:27,20,PET Eng. Elétrica,IFPB,b8:11:4b:1d:1e:40,-82,6
27/04/2026,14:53:27,20,PET Eng. Elétrica,IFPB-VISITANTE,b8:11:4b:1d:1e:42,-82,6
27/04/2026,14:53:27,20,PET Eng. Elétrica,IFPB-VISITANTE,e4:4e:2d:85:4c:62,-85,11
27/04/2026,14:53:27,20,PET Eng. Elétrica,IFPB,e4:4e:2d:85:4c:60,-85,11
27/04/2026,14:53:27,20,PET Eng. Elétrica,IFPB,84:f1:47:54:7f:20,-86,11
27/04/2026,14:53:27,20,PET Eng. Elétrica,IFPB-VISITANTE,84:f1:47:54:7f:22,-86,11
27/04/2026,14:53:27,20,PET Eng. Elétrica,Matheus,4e:30:53:97:57:bb,-90,11
27/04/2026,14:53:27,20,PET Eng. Elétrica,SALA_MESTRADO,64:66:b3:62:eb:86,-91,1
27/04/2026,14:53:27,20,PET Eng. Elétrica,Grel Wifi,00:27:19:ca:71:d2,-92,11
27/04/2026,14:53:27,20,PET Eng. Elétrica,PET Eng. Elétrica,PET Eng. Elétrica,PET Eng. Elétrica,PET Eng. Elétrica
27/04/2026,14:53:52,21,Coordenação de Eng. Elétrica,TP-Link_C3CB,d8:0d:17:3e:c3:cb,-45,4
27/04/2026,14:53:52,21,Coordenação de Eng. Elétrica,IFPB-Sala_Professor_14,48:51:cf:81:b0:9e,-63,8
27/04/2026,14:53:52,21,Coordenação de Eng. Elétrica,NUNYA_Room_2.4GHz,cc:32:e5:0c:fc:2b,-64,9
27/04/2026,14:53:52,21,Coordenação de Eng. Elétrica,Lab. de Sinais Digitais,18:d6:c7:f9:37:2f,-64,11
27/04/2026,14:53:52,21,Coordenação de Eng. Elétrica,GPDS,00:26:5a:66:55:ef,-66,6
27/04/2026,14:53:53,21,Coordenação de Eng. Elétrica,IFPB,84:f1:47:54:95:e0,-66,11
27/04/2026,14:53:53,21,Coordenação de Eng. Elétrica,IFPB-VISITANTE,84:f1:47:54:95:e2,-66,11
27/04/2026,14:53:53,21,Coordenação de Eng. Elétrica,APTelefonia,58:10:8c:91:f3:aa,-70,1
27/04/2026,14:53:53,21,Coordenação de Eng. Elétrica,UA2-MiniLab,60:32:b1:2d:66:c3,-73,10
27/04/2026,14:53:53,21,Coordenação de Eng. Elétrica,Intelbras,18:0d:2c:7f:eb:ac,-75,7
27/04/2026,14:53:53,21,Coordenação de Eng. Elétrica,IFPB,84:f1:47:54:f9:80,-75,11
27/04/2026,14:53:53,21,Coordenação de Eng. Elétrica,IFPB-VISITANTE,84:f1:47:54:f9:82,-75,11
27/04/2026,14:53:53,21,Coordenação de Eng. Elétrica,IFPB-Sala_13,e8:94:f6:b9:2f:46,-77,6
27/04/2026,14:53:53,21,Coordenação de Eng. Elétrica,IFPB,b8:11:4b:1d:14:80,-80,6
27/04/2026,14:53:53,21,Coordenação de Eng. Elétrica,IFPB-VISITANTE,b8:11:4b:1d:14:82,-80,6
27/04/2026,14:53:53,21,Coordenação de Eng. Elétrica,IFPB-Sala_Professor_14,24:fd:0d:57:19:26,-81,5
27/04/2026,14:53:53,21,Coordenação de Eng. Elétrica,IFPB-VISITANTE,24:36:da:2b:5e:c2,-84,1
27/04/2026,14:53:53,21,Coordenação de Eng. Elétrica,IFPB,24:36:da:2b:5e:c0,-85,1
27/04/2026,14:53:53,21,Coordenação de Eng. Elétrica,IFPB TCC,d8:5d:4c:86:7e:66,-85,1
27/04/2026,14:53:53,21,Coordenação de Eng. Elétrica,A26 de Taciana,22:54:c2:cb:89:d4,-86,6
27/04/2026,14:53:53,21,Coordenação de Eng. Elétrica,TP-Link_1324,7c:f1:7e:8d:13:22,-87,10
27/04/2026,14:53:53,21,Coordenação de Eng. Elétrica,IFPB,84:f1:47:54:fd:c0,-88,1
27/04/2026,14:53:53,21,Coordenação de Eng. Elétrica,IFPB-VISITANTE,b8:11:4b:1d:1e:42,-88,6
27/04/2026,14:53:53,21,Coordenação de Eng. Elétrica,SALA_MESTRADO,64:66:b3:62:eb:86,-89,1
27/04/2026,14:53:53,21,Coordenação de Eng. Elétrica,IFPB-VISITANTE,84:f1:47:54:fd:c2,-89,1
27/04/2026,14:53:53,21,Coordenação de Eng. Elétrica,NPEF/NEPA,50:c7:bf:ef:56:8a,-89,3
27/04/2026,14:53:53,21,Coordenação de Eng. Elétrica,EBF230F1-HA8D94yZ3n1AOdi,44:d2:44:dd:2c:c4,-90,11
27/04/2026,14:53:53,21,Coordenação de Eng. Elétrica,Grel Wifi,00:27:19:ca:71:d2,-94,11
27/04/2026,14:53:53,21,Coordenação de Eng. Elétrica,espwifi,4a:6c:17:d3:0c:f7,-95,7
27/04/2026,14:53:53,21,Coordenação de Eng. Elétrica,Coordenação de Eng. Elétrica,Coordenação de Eng. Elétrica,Coordenação de Eng. Elétrica,Coordenação de Eng. Elétrica
27/04/2026,14:54:03,22,Coordenação de Eng. Elétrica,TP-Link_C3CB,d8:0d:17:3e:c3:cb,-46,4
27/04/2026,14:54:03,22,Coordenação de Eng. Elétrica,Lab. de Sinais Digitais,18:d6:c7:f9:37:2f,-64,11
27/04/2026,14:54:03,22,Coordenação de Eng. Elétrica,NUNYA_Room_2.4GHz,cc:32:e5:0c:fc:2b,-65,9
27/04/2026,14:54:03,22,Coordenação de Eng. Elétrica,IFPB-Sala_Professor_14,48:51:cf:81:b0:9e,-66,8
27/04/2026,14:54:03,22,Coordenação de Eng. Elétrica,IFPB-VISITANTE,84:f1:47:54:95:e2,-66,11
27/04/2026,14:54:03,22,Coordenação de Eng. Elétrica,GPDS,00:26:5a:66:55:ef,-67,6
27/04/2026,14:54:03,22,Coordenação de Eng. Elétrica,IFPB,84:f1:47:54:95:e0,-67,11
27/04/2026,14:54:03,22,Coordenação de Eng. Elétrica,IFPB-Sala_Professor_14,24:fd:0d:57:19:26,-71,5
27/04/2026,14:54:03,22,Coordenação de Eng. Elétrica,APTelefonia,58:10:8c:91:f3:aa,-75,1
27/04/2026,14:54:03,22,Coordenação de Eng. Elétrica,Intelbras,18:0d:2c:7f:eb:ac,-76,7
27/04/2026,14:54:03,22,Coordenação de Eng. Elétrica,IFPB,84:f1:47:54:f9:80,-77,11
27/04/2026,14:54:03,22,Coordenação de Eng. Elétrica,IFPB-VISITANTE,84:f1:47:54:f9:82,-78,11
27/04/2026,14:54:03,22,Coordenação de Eng. Elétrica,UA2-MiniLab,60:32:b1:2d:66:c3,-79,10
27/04/2026,14:54:03,22,Coordenação de Eng. Elétrica,IFPB-Sala_13,e8:94:f6:b9:2f:46,-80,6
27/04/2026,14:54:03,22,Coordenação de Eng. Elétrica,IFPB-VISITANTE,b8:11:4b:1d:14:82,-81,6
27/04/2026,14:54:03,22,Coordenação de Eng. Elétrica,IFPB,b8:11:4b:1d:14:80,-81,6
27/04/2026,14:54:03,22,Coordenação de Eng. Elétrica,SALA_MESTRADO,64:66:b3:62:eb:86,-83,1
27/04/2026,14:54:03,22,Coordenação de Eng. Elétrica,IFPB TCC,d8:5d:4c:86:7e:66,-85,1
27/04/2026,14:54:03,22,Coordenação de Eng. Elétrica,IFPB-VISITANTE,b8:11:4b:1d:1e:42,-88,6
27/04/2026,14:54:03,22,Coordenação de Eng. Elétrica,IFPB,84:f1:47:54:fd:c0,-89,1
27/04/2026,14:54:03,22,Coordenação de Eng. Elétrica,IFPB-VISITANTE,84:f1:47:54:fd:c2,-89,1
27/04/2026,14:54:03,22,Coordenação de Eng. Elétrica,EBF230F1-HA8D94yZ3n1AOdi,44:d2:44:dd:2c:c4,-89,11
27/04/2026,14:54:03,22,Coordenação de Eng. Elétrica,TP-Link_1324,7c:f1:7e:8d:13:22,-90,10
27/04/2026,14:54:03,22,Coordenação de Eng. Elétrica,A26 de Taciana,22:54:c2:cb:89:d4,-92,6
27/04/2026,14:54:03,22,Coordenação de Eng. Elétrica,NPEF/NEPA,50:c7:bf:ef:56:8a,-93,3
27/04/2026,14:54:03,22,Coordenação de Eng. Elétrica,Grel Wifi,00:27:19:ca:71:d2,-94,11
27/04/2026,14:54:03,22,Coordenação de Eng. Elétrica,Matheus,4e:30:53:97:57:bb,-95,11
27/04/2026,14:54:03,22,Coordenação de Eng. Elétrica,Coordenação de Eng. Elétrica,Coordenação de Eng. Elétrica,Coordenação de Eng. Elétrica,Coordenação de Eng. Elétrica
27/04/2026,14:54:13,23,Coordenação de Eng. Elétrica,TP-Link_C3CB,d8:0d:17:3e:c3:cb,-45,4
27/04/2026,14:54:13,23,Coordenação de Eng. Elétrica,Lab. de Sinais Digitais,18:d6:c7:f9:37:2f,-62,11
27/04/2026,14:54:13,23,Coordenação de Eng. Elétrica,IFPB-Sala_Professor_14,48:51:cf:81:b0:9e,-66,8
27/04/2026,14:54:13,23,Coordenação de Eng. Elétrica,GPDS,00:26:5a:66:55:ef,-67,6
27/04/2026,14:54:13,23,Coordenação de Eng. Elétrica,IFPB,84:f1:47:54:95:e0,-69,11
27/04/2026,14:54:13,23,Coordenação de Eng. Elétrica,IFPB-VISITANTE,84:f1:47:54:95:e2,-69,11
27/04/2026,14:54:13,23,Coordenação de Eng. Elétrica,APTelefonia,58:10:8c:91:f3:aa,-70,1
27/04/2026,14:54:13,23,Coordenação de Eng. Elétrica,NUNYA_Room_2.4GHz,cc:32:e5:0c:fc:2b,-71,9
27/04/2026,14:54:13,23,Coordenação de Eng. Elétrica,IFPB-Sala_Professor_14,24:fd:0d:57:19:26,-75,5
27/04/2026,14:54:13,23,Coordenação de Eng. Elétrica,IFPB-Sala_13,e8:94:f6:b9:2f:46,-77,6
27/04/2026,14:54:13,23,Coordenação de Eng. Elétrica,Intelbras,18:0d:2c:7f:eb:ac,-77,7
27/04/2026,14:54:13,23,Coordenação de Eng. Elétrica,IFPB,b8:11:4b:1d:14:80,-78,6
27/04/2026,14:54:13,23,Coordenação de Eng. Elétrica,IFPB-VISITANTE,84:f1:47:54:f9:82,-78,11
27/04/2026,14:54:13,23,Coordenação de Eng. Elétrica,IFPB,84:f1:47:54:f9:80,-78,11
27/04/2026,14:54:13,23,Coordenação de Eng. Elétrica,IFPB-VISITANTE,b8:11:4b:1d:14:82,-79,6
27/04/2026,14:54:13,23,Coordenação de Eng. Elétrica,UA2-MiniLab,60:32:b1:2d:66:c3,-79,10
27/04/2026,14:54:13,23,Coordenação de Eng. Elétrica,IFPB TCC,d8:5d:4c:86:7e:66,-82,1
27/04/2026,14:54:13,23,Coordenação de Eng. Elétrica,SALA_MESTRADO,64:66:b3:62:eb:86,-84,1
27/04/2026,14:54:13,23,Coordenação de Eng. Elétrica,TP-Link_1324,7c:f1:7e:8d:13:22,-88,10
27/04/2026,14:54:13,23,Coordenação de Eng. Elétrica,IFPB-VISITANTE,84:f1:47:54:fd:c2,-89,1
27/04/2026,14:54:13,23,Coordenação de Eng. Elétrica,IFPB,84:f1:47:54:fd:c0,-90,1
27/04/2026,14:54:13,23,Coordenação de Eng. Elétrica,IFPB-VISITANTE,b8:11:4b:1d:1e:42,-90,6
27/04/2026,14:54:13,23,Coordenação de Eng. Elétrica,EBF230F1-HA8D94yZ3n1AOdi,44:d2:44:dd:2c:c4,-90,11
27/04/2026,14:54:13,23,Coordenação de Eng. Elétrica,NPEF/NEPA,50:c7:bf:ef:56:8a,-91,3
27/04/2026,14:54:13,23,Coordenação de Eng. Elétrica,Coordenação de Eng. Elétrica,Coordenação de Eng. Elétrica,Coordenação de Eng. Elétrica,Coordenação de Eng. Elétrica
27/04/2026,14:54:23,24,Coordenação de Eng. Elétrica,TP-Link_C3CB,d8:0d:17:3e:c3:cb,-46,4
27/04/2026,14:54:23,24,Coordenação de Eng. Elétrica,Lab. de Sinais Digitais,18:d6:c7:f9:37:2f,-61,11
27/04/2026,14:54:23,24,Coordenação de Eng. Elétrica,IFPB-VISITANTE,84:f1:47:54:95:e2,-63,11
27/04/2026,14:54:23,24,Coordenação de Eng. Elétrica,IFPB,84:f1:47:54:95:e0,-64,11
27/04/2026,14:54:23,24,Coordenação de Eng. Elétrica,IFPB-Sala_Professor_14,48:51:cf:81:b0:9e,-65,8
27/04/2026,14:54:23,24,Coordenação de Eng. Elétrica,NUNYA_Room_2.4GHz,cc:32:e5:0c:fc:2b,-65,9
27/04/2026,14:54:23,24,Coordenação de Eng. Elétrica,IFPB-Sala_Professor_14,24:fd:0d:57:19:26,-67,5
27/04/2026,14:54:23,24,Coordenação de Eng. Elétrica,GPDS,00:26:5a:66:55:ef,-67,6
27/04/2026,14:54:23,24,Coordenação de Eng. Elétrica,APTelefonia,58:10:8c:91:f3:aa,-71,1
27/04/2026,14:54:23,24,Coordenação de Eng. Elétrica,Intelbras,18:0d:2c:7f:eb:ac,-76,7
27/04/2026,14:54:23,24,Coordenação de Eng. Elétrica,IFPB,b8:11:4b:1d:14:80,-78,6
27/04/2026,14:54:23,24,Coordenação de Eng. Elétrica,IFPB-VISITANTE,b8:11:4b:1d:14:82,-78,6
27/04/2026,14:54:23,24,Coordenação de Eng. Elétrica,IFPB,84:f1:47:54:f9:80,-78,11
27/04/2026,14:54:23,24,Coordenação de Eng. Elétrica,IFPB-VISITANTE,84:f1:47:54:f9:82,-78,11
27/04/2026,14:54:23,24,Coordenação de Eng. Elétrica,IFPB-Sala_13,e8:94:f6:b9:2f:46,-79,6
27/04/2026,14:54:23,24,Coordenação de Eng. Elétrica,UA2-MiniLab,60:32:b1:2d:66:c3,-79,10
27/04/2026,14:54:23,24,Coordenação de Eng. Elétrica,SALA_MESTRADO,64:66:b3:62:eb:86,-81,1
27/04/2026,14:54:23,24,Coordenação de Eng. Elétrica,IFPB TCC,d8:5d:4c:86:7e:66,-82,1
27/04/2026,14:54:23,24,Coordenação de Eng. Elétrica,IFPB,84:f1:47:54:fd:c0,-86,1
27/04/2026,14:54:23,24,Coordenação de Eng. Elétrica,TP-Link_1324,7c:f1:7e:8d:13:22,-86,10
27/04/2026,14:54:23,24,Coordenação de Eng. Elétrica,IFPB-VISITANTE,84:f1:47:54:fd:c2,-87,1
27/04/2026,14:54:23,24,Coordenação de Eng. Elétrica,IFPB,b8:11:4b:1d:1e:40,-87,6
27/04/2026,14:54:24,24,Coordenação de Eng. Elétrica,IFPB-VISITANTE,b8:11:4b:1d:1e:42,-88,6
27/04/2026,14:54:24,24,Coordenação de Eng. Elétrica,IFPB-VISITANTE,24:36:da:2b:5e:c2,-90,1
27/04/2026,14:54:24,24,Coordenação de Eng. Elétrica,NPEF/NEPA,50:c7:bf:ef:56:8a,-90,3
27/04/2026,14:54:24,24,Coordenação de Eng. Elétrica,EBF230F1-HA8D94yZ3n1AOdi,44:d2:44:dd:2c:c4,-90,11
27/04/2026,14:54:24,24,Coordenação de Eng. Elétrica,Grel Wifi,00:27:19:ca:71:d2,-92,11
27/04/2026,14:54:24,24,Coordenação de Eng. Elétrica,Coordenação de Eng. Elétrica,Coordenação de Eng. Elétrica,Coordenação de Eng. Elétrica,Coordenação de Eng. Elétrica
27/04/2026,14:54:33,25,Coordenação de Eng. Elétrica,TP-Link_C3CB,d8:0d:17:3e:c3:cb,-45,4
27/04/2026,14:54:33,25,Coordenação de Eng. Elétrica,Lab. de Sinais Digitais,18:d6:c7:f9:37:2f,-61,11
27/04/2026,14:54:33,25,Coordenação de Eng. Elétrica,IFPB,84:f1:47:54:95:e0,-64,11
27/04/2026,14:54:33,25,Coordenação de Eng. Elétrica,IFPB-VISITANTE,84:f1:47:54:95:e2,-64,11
27/04/2026,14:54:33,25,Coordenação de Eng. Elétrica,IFPB-Sala_Professor_14,48:51:cf:81:b0:9e,-66,8
27/04/2026,14:54:33,25,Coordenação de Eng. Elétrica,NUNYA_Room_2.4GHz,cc:32:e5:0c:fc:2b,-67,9
27/04/2026,14:54:33,25,Coordenação de Eng. Elétrica,GPDS,00:26:5a:66:55:ef,-69,6
27/04/2026,14:54:33,25,Coordenação de Eng. Elétrica,APTelefonia,58:10:8c:91:f3:aa,-70,1
27/04/2026,14:54:33,25,Coordenação de Eng. Elétrica,IFPB-Sala_Professor_14,24:fd:0d:57:19:26,-70,5
27/04/2026,14:54:33,25,Coordenação de Eng. Elétrica,IFPB-Sala_13,e8:94:f6:b9:2f:46,-76,6
27/04/2026,14:54:33,25,Coordenação de Eng. Elétrica,UA2-MiniLab,60:32:b1:2d:66:c3,-76,10
27/04/2026,14:54:33,25,Coordenação de Eng. Elétrica,IFPB,b8:11:4b:1d:14:80,-77,6
27/04/2026,14:54:33,25,Coordenação de Eng. Elétrica,Intelbras,18:0d:2c:7f:eb:ac,-77,7
27/04/2026,14:54:33,25,Coordenação de Eng. Elétrica,IFPB-VISITANTE,b8:11:4b:1d:14:82,-78,6
27/04/2026,14:54:33,25,Coordenação de Eng. Elétrica,IFPB,84:f1:47:54:f9:80,-78,11
27/04/2026,14:54:33,25,Coordenação de Eng. Elétrica,IFPB-VISITANTE,84:f1:47:54:f9:82,-78,11
27/04/2026,14:54:34,25,Coordenação de Eng. Elétrica,SALA_MESTRADO,64:66:b3:62:eb:86,-80,1
27/04/2026,14:54:34,25,Coordenação de Eng. Elétrica,IFPB TCC,d8:5d:4c:86:7e:66,-81,1
27/04/2026,14:54:34,25,Coordenação de Eng. Elétrica,NPEF/NEPA,50:c7:bf:ef:56:8a,-83,3
27/04/2026,14:54:34,25,Coordenação de Eng. Elétrica,IFPB,b8:11:4b:1d:1e:40,-86,6
27/04/2026,14:54:34,25,Coordenação de Eng. Elétrica,IFPB-VISITANTE,b8:11:4b:1d:1e:42,-87,6
27/04/2026,14:54:34,25,Coordenação de Eng. Elétrica,TP-Link_1324,7c:f1:7e:8d:13:22,-89,10
27/04/2026,14:54:34,25,Coordenação de Eng. Elétrica,Grel Wifi,00:27:19:ca:71:d2,-90,11
27/04/2026,14:54:34,25,Coordenação de Eng. Elétrica,A26 de Taciana,22:54:c2:cb:89:d4,-91,6
27/04/2026,14:54:34,25,Coordenação de Eng. Elétrica,EBF230F1-HA8D94yZ3n1AOdi,44:d2:44:dd:2c:c4,-93,11
27/04/2026,14:54:34,25,Coordenação de Eng. Elétrica,Coordenação de Eng. Elétrica,Coordenação de Eng. Elétrica,Coordenação de Eng. Elétrica,Coordenação de Eng. Elétrica
27/04/2026,14:55:17,26,Auditório de Eng. Elétrica,Lab. de Sinais Digitais,18:d6:c7:f9:37:2f,-64,11
27/04/2026,14:55:17,26,Auditório de Eng. Elétrica,A26 de Taciana,22:54:c2:cb:89:d4,-66,6
27/04/2026,14:55:17,26,Auditório de Eng. Elétrica,TP-Link_1324,7c:f1:7e:8d:13:22,-66,10
27/04/2026,14:55:17,26,Auditório de Eng. Elétrica,IFPB-VISITANTE,84:f1:47:54:f9:82,-70,11
27/04/2026,14:55:17,26,Auditório de Eng. Elétrica,IFPB,84:f1:47:54:f9:80,-71,11
27/04/2026,14:55:17,26,Auditório de Eng. Elétrica,APTelefonia,58:10:8c:91:f3:aa,-73,1
27/04/2026,14:55:17,26,Auditório de Eng. Elétrica,TP-Link_C3CB,d8:0d:17:3e:c3:cb,-73,4
27/04/2026,14:55:17,26,Auditório de Eng. Elétrica,GPDS,00:26:5a:66:55:ef,-73,6
27/04/2026,14:55:17,26,Auditório de Eng. Elétrica,UA2-MiniLab,60:32:b1:2d:66:c3,-73,10
27/04/2026,14:55:17,26,Auditório de Eng. Elétrica,Intelbras,18:0d:2c:7f:eb:ac,-74,7
27/04/2026,14:55:17,26,Auditório de Eng. Elétrica,NPEF/NEPA,50:c7:bf:ef:56:8a,-76,3
27/04/2026,14:55:17,26,Auditório de Eng. Elétrica,IFPB,84:f1:47:54:6b:80,-78,6
27/04/2026,14:55:17,26,Auditório de Eng. Elétrica,IFPB-VISITANTE,84:f1:47:54:6b:82,-78,6
27/04/2026,14:55:17,26,Auditório de Eng. Elétrica,IFPB,84:f1:47:54:96:e0,-79,1
27/04/2026,14:55:17,26,Auditório de Eng. Elétrica,IFPB-VISITANTE,84:f1:47:54:96:e2,-79,1
27/04/2026,14:55:17,26,Auditório de Eng. Elétrica,EBF243D6-HE8D94yaFM1AOcS,44:d2:44:dd:32:49,-79,11
27/04/2026,14:55:17,26,Auditório de Eng. Elétrica,SALA_MESTRADO,64:66:b3:62:eb:86,-80,1
27/04/2026,14:55:17,26,Auditório de Eng. Elétrica,IFPB,84:f1:47:54:8b:a0,-82,1
27/04/2026,14:55:17,26,Auditório de Eng. Elétrica,IFPB-VISITANTE,84:f1:47:54:8b:a2,-82,1
27/04/2026,14:55:17,26,Auditório de Eng. Elétrica,IFPB-Sala_Professor_14,48:51:cf:81:b0:9e,-83,8
27/04/2026,14:55:17,26,Auditório de Eng. Elétrica,IFPB,24:36:da:2b:5e:c0,-85,1
27/04/2026,14:55:17,26,Auditório de Eng. Elétrica,IFPB-VISITANTE,24:36:da:2b:5e:c2,-85,1
27/04/2026,14:55:17,26,Auditório de Eng. Elétrica,IFPB,84:f1:47:54:eb:20,-87,6
27/04/2026,14:55:17,26,Auditório de Eng. Elétrica,IFPB-VISITANTE,84:f1:47:54:eb:22,-87,6
27/04/2026,14:55:17,26,Auditório de Eng. Elétrica,IFPB,84:f1:47:54:95:e0,-88,11
27/04/2026,14:55:17,26,Auditório de Eng. Elétrica,NUNYA_Room_2.4GHz,cc:32:e5:0c:fc:2b,-89,9
27/04/2026,14:55:17,26,Auditório de Eng. Elétrica,IFPB-VISITANTE,e4:4e:2d:85:4c:62,-89,11
27/04/2026,14:55:17,26,Auditório de Eng. Elétrica,IFPB,e4:4e:2d:85:4c:60,-90,11
27/04/2026,14:55:17,26,Auditório de Eng. Elétrica,Auditório de Eng. Elétrica,Auditório de Eng. Elétrica,Auditório de Eng. Elétrica,Auditório de Eng. Elétrica
27/04/2026,14:55:27,27,Auditório de Eng. Elétrica,TP-Link_1324,7c:f1:7e:8d:13:22,-61,10
27/04/2026,14:55:27,27,Auditório de Eng. Elétrica,Lab. de Sinais Digitais,18:d6:c7:f9:37:2f,-63,11
27/04/2026,14:55:27,27,Auditório de Eng. Elétrica,APTelefonia,58:10:8c:91:f3:aa,-70,1
27/04/2026,14:55:27,27,Auditório de Eng. Elétrica,IFPB,84:f1:47:54:f9:80,-72,11
27/04/2026,14:55:27,27,Auditório de Eng. Elétrica,IFPB-VISITANTE,84:f1:47:54:f9:82,-72,11
27/04/2026,14:55:27,27,Auditório de Eng. Elétrica,UA2-MiniLab,60:32:b1:2d:66:c3,-73,10
27/04/2026,14:55:27,27,Auditório de Eng. Elétrica,A26 de Taciana,22:54:c2:cb:89:d4,-74,6
27/04/2026,14:55:27,27,Auditório de Eng. Elétrica,Intelbras,18:0d:2c:7f:eb:ac,-74,7
27/04/2026,14:55:27,27,Auditório de Eng. Elétrica,NPEF/NEPA,50:c7:bf:ef:56:8a,-76,3
27/04/2026,14:55:27,27,Auditório de Eng. Elétrica,GPDS,00:26:5a:66:55:ef,-77,6
27/04/2026,14:55:27,27,Auditório de Eng. Elétrica,TP-Link_C3CB,d8:0d:17:3e:c3:cb,-78,4
27/04/2026,14:55:27,27,Auditório de Eng. Elétrica,IFPB-VISITANTE,84:f1:47:54:96:e2,-79,1
27/04/2026,14:55:27,27,Auditório de Eng. Elétrica,IFPB,84:f1:47:54:8b:a0,-79,1
27/04/2026,14:55:27,27,Auditório de Eng. Elétrica,IFPB-VISITANTE,84:f1:47:54:8b:a2,-80,1
27/04/2026,14:55:27,27,Auditório de Eng. Elétrica,IFPB,84:f1:47:54:96:e0,-80,1
27/04/2026,14:55:27,27,Auditório de Eng. Elétrica,IFPB-Sala_Professor_14,48:51:cf:81:b0:9e,-80,8
27/04/2026,14:55:27,27,Auditório de Eng. Elétrica,EBF243D6-HE8D94yaFM1AOcS,44:d2:44:dd:32:49,-82,11
27/04/2026,14:55:27,27,Auditório de Eng. Elétrica,IFPB-VISITANTE,24:36:da:2b:5e:c2,-83,1
27/04/2026,14:55:27,27,Auditório de Eng. Elétrica,IFPB-VISITANTE,84:f1:47:54:6b:82,-83,6
27/04/2026,14:55:27,27,Auditório de Eng. Elétrica,IFPB,24:36:da:2b:5e:c0,-84,1
27/04/2026,14:55:27,27,Auditório de Eng. Elétrica,IFPB,84:f1:47:54:6b:80,-84,6
27/04/2026,14:55:27,27,Auditório de Eng. Elétrica,NUNYA_Room_2.4GHz,cc:32:e5:0c:fc:2b,-89,9
27/04/2026,14:55:27,27,Auditório de Eng. Elétrica,SALA_MESTRADO,64:66:b3:62:eb:86,-90,1
27/04/2026,14:55:27,27,Auditório de Eng. Elétrica,IFPB-VISITANTE,e4:4e:2d:85:4c:62,-92,11
27/04/2026,14:55:27,27,Auditório de Eng. Elétrica,Auditório de Eng. Elétrica,Auditório de Eng. Elétrica,Auditório de Eng. Elétrica,Auditório de Eng. Elétrica
27/04/2026,14:55:37,28,Auditório de Eng. Elétrica,TP-Link_1324,7c:f1:7e:8d:13:22,-63,10
27/04/2026,14:55:37,28,Auditório de Eng. Elétrica,Lab. de Sinais Digitais,18:d6:c7:f9:37:2f,-67,11
27/04/2026,14:55:37,28,Auditório de Eng. Elétrica,IFPB-VISITANTE,84:f1:47:54:f9:82,-70,11
27/04/2026,14:55:37,28,Auditório de Eng. Elétrica,IFPB,84:f1:47:54:f9:80,-70,11
27/04/2026,14:55:37,28,Auditório de Eng. Elétrica,UA2-MiniLab,60:32:b1:2d:66:c3,-71,10
27/04/2026,14:55:37,28,Auditório de Eng. Elétrica,A26 de Taciana,22:54:c2:cb:89:d4,-72,6
27/04/2026,14:55:37,28,Auditório de Eng. Elétrica,GPDS,00:26:5a:66:55:ef,-74,6
27/04/2026,14:55:37,28,Auditório de Eng. Elétrica,Intelbras,18:0d:2c:7f:eb:ac,-74,7
27/04/2026,14:55:37,28,Auditório de Eng. Elétrica,APTelefonia,58:10:8c:91:f3:aa,-75,1
27/04/2026,14:55:37,28,Auditório de Eng. Elétrica,NPEF/NEPA,50:c7:bf:ef:56:8a,-75,3
27/04/2026,14:55:37,28,Auditório de Eng. Elétrica,IFPB-VISITANTE,84:f1:47:54:8b:a2,-76,1
27/04/2026,14:55:37,28,Auditório de Eng. Elétrica,IFPB,84:f1:47:54:8b:a0,-76,1
27/04/2026,14:55:37,28,Auditório de Eng. Elétrica,IFPB-VISITANTE,84:f1:47:54:6b:82,-76,6
27/04/2026,14:55:37,28,Auditório de Eng. Elétrica,TP-Link_C3CB,d8:0d:17:3e:c3:cb,-77,4
27/04/2026,14:55:37,28,Auditório de Eng. Elétrica,IFPB,84:f1:47:54:6b:80,-77,6
27/04/2026,14:55:37,28,Auditório de Eng. Elétrica,SALA_MESTRADO,64:66:b3:62:eb:86,-78,1
27/04/2026,14:55:37,28,Auditório de Eng. Elétrica,IFPB-VISITANTE,84:f1:47:54:96:e2,-78,1
27/04/2026,14:55:37,28,Auditório de Eng. Elétrica,EBF243D6-HE8D94yaFM1AOcS,44:d2:44:dd:32:49,-78,11
27/04/2026,14:55:37,28,Auditório de Eng. Elétrica,IFPB,84:f1:47:54:96:e0,-79,1
27/04/2026,14:55:37,28,Auditório de Eng. Elétrica,IFPB-Sala_Professor_14,48:51:cf:81:b0:9e,-82,8
27/04/2026,14:55:37,28,Auditório de Eng. Elétrica,IFPB-VISITANTE,24:36:da:2b:5e:c2,-83,1
27/04/2026,14:55:37,28,Auditório de Eng. Elétrica,IFPB,24:36:da:2b:5e:c0,-84,1
27/04/2026,14:55:37,28,Auditório de Eng. Elétrica,IFPB,24:36:da:2b:bc:00,-87,6
27/04/2026,14:55:37,28,Auditório de Eng. Elétrica,NUNYA_Room_2.4GHz,cc:32:e5:0c:fc:2b,-87,9
27/04/2026,14:55:37,28,Auditório de Eng. Elétrica,IFPB-VISITANTE,24:36:da:2b:bc:02,-88,6
27/04/2026,14:55:37,28,Auditório de Eng. Elétrica,IFPB-VISITANTE,e4:4e:2d:85:4c:62,-90,11
27/04/2026,14:55:38,28,Auditório de Eng. Elétrica,Auditório de Eng. Elétrica,Auditório de Eng. Elétrica,Auditório de Eng. Elétrica,Auditório de Eng. Elétrica
27/04/2026,14:55:47,29,Auditório de Eng. Elétrica,Lab. de Sinais Digitais,18:d6:c7:f9:37:2f,-61,11
27/04/2026,14:55:47,29,Auditório de Eng. Elétrica,TP-Link_1324,7c:f1:7e:8d:13:22,-63,10
27/04/2026,14:55:47,29,Auditório de Eng. Elétrica,UA2-MiniLab,60:32:b1:2d:66:c3,-70,10
27/04/2026,14:55:47,29,Auditório de Eng. Elétrica,GPDS,00:26:5a:66:55:ef,-73,6
27/04/2026,14:55:47,29,Auditório de Eng. Elétrica,IFPB,84:f1:47:54:6b:80,-73,6
27/04/2026,14:55:47,29,Auditório de Eng. Elétrica,IFPB-VISITANTE,84:f1:47:54:6b:82,-73,6
27/04/2026,14:55:47,29,Auditório de Eng. Elétrica,IFPB,84:f1:47:54:f9:80,-73,11
27/04/2026,14:55:47,29,Auditório de Eng. Elétrica,IFPB-VISITANTE,84:f1:47:54:f9:82,-73,11
27/04/2026,14:55:47,29,Auditório de Eng. Elétrica,IFPB,84:f1:47:54:8b:a0,-75,1
27/04/2026,14:55:47,29,Auditório de Eng. Elétrica,SALA_MESTRADO,64:66:b3:62:eb:86,-75,1
27/04/2026,14:55:47,29,Auditório de Eng. Elétrica,APTelefonia,58:10:8c:91:f3:aa,-75,1
27/04/2026,14:55:47,29,Auditório de Eng. Elétrica,NPEF/NEPA,50:c7:bf:ef:56:8a,-75,3
27/04/2026,14:55:47,29,Auditório de Eng. Elétrica,Intelbras,18:0d:2c:7f:eb:ac,-76,7
27/04/2026,14:55:47,29,Auditório de Eng. Elétrica,IFPB-VISITANTE,84:f1:47:54:8b:a2,-77,1
27/04/2026,14:55:47,29,Auditório de Eng. Elétrica,IFPB,84:f1:47:54:96:e0,-79,1
27/04/2026,14:55:47,29,Auditório de Eng. Elétrica,IFPB-VISITANTE,84:f1:47:54:96:e2,-79,1
27/04/2026,14:55:47,29,Auditório de Eng. Elétrica,IFPB-Sala_Professor_14,48:51:cf:81:b0:9e,-80,8
27/04/2026,14:55:47,29,Auditório de Eng. Elétrica,IFPB-VISITANTE,24:36:da:2b:5e:c2,-83,1
27/04/2026,14:55:47,29,Auditório de Eng. Elétrica,IFPB,24:36:da:2b:5e:c0,-83,1
27/04/2026,14:55:47,29,Auditório de Eng. Elétrica,A26 de Taciana,22:54:c2:cb:89:d4,-83,6
27/04/2026,14:55:47,29,Auditório de Eng. Elétrica,EBF243D6-HE8D94yaFM1AOcS,44:d2:44:dd:32:49,-85,11
27/04/2026,14:55:47,29,Auditório de Eng. Elétrica,IFPB-Sala_Professor_14,24:fd:0d:57:19:26,-86,5
27/04/2026,14:55:48,29,Auditório de Eng. Elétrica,IFPB-VISITANTE,84:f1:47:54:eb:22,-87,6
27/04/2026,14:55:48,29,Auditório de Eng. Elétrica,NUNYA_Room_2.4GHz,cc:32:e5:0c:fc:2b,-87,9
27/04/2026,14:55:48,29,Auditório de Eng. Elétrica,IFPB-VISITANTE,e4:4e:2d:85:4c:62,-89,11
27/04/2026,14:55:48,29,Auditório de Eng. Elétrica,IFPB,e4:4e:2d:85:4c:60,-91,11
27/04/2026,14:55:48,29,Auditório de Eng. Elétrica,IFPB TCC,d8:5d:4c:86:7e:66,-93,1
27/04/2026,14:55:48,29,Auditório de Eng. Elétrica,Auditório de Eng. Elétrica,Auditório de Eng. Elétrica,Auditório de Eng. Elétrica,Auditório de Eng. Elétrica
27/04/2026,14:55:57,30,Auditório de Eng. Elétrica,TP-Link_1324,7c:f1:7e:8d:13:22,-63,10
27/04/2026,14:55:57,30,Auditório de Eng. Elétrica,Lab. de Sinais Digitais,18:d6:c7:f9:37:2f,-64,11
27/04/2026,14:55:57,30,Auditório de Eng. Elétrica,IFPB,84:f1:47:54:f9:80,-70,11
27/04/2026,14:55:57,30,Auditório de Eng. Elétrica,IFPB-VISITANTE,84:f1:47:54:f9:82,-70,11
27/04/2026,14:55:57,30,Auditório de Eng. Elétrica,GPDS,00:26:5a:66:55:ef,-71,6
27/04/2026,14:55:58,30,Auditório de Eng. Elétrica,APTelefonia,58:10:8c:91:f3:aa,-72,1
27/04/2026,14:55:58,30,Auditório de Eng. Elétrica,SALA_MESTRADO,64:66:b3:62:eb:86,-75,1
27/04/2026,14:55:58,30,Auditório de Eng. Elétrica,UA2-MiniLab,60:32:b1:2d:66:c3,-75,10
27/04/2026,14:55:58,30,Auditório de Eng. Elétrica,NPEF/NEPA,50:c7:bf:ef:56:8a,-76,3
27/04/2026,14:55:58,30,Auditório de Eng. Elétrica,Intelbras,18:0d:2c:7f:eb:ac,-76,7
27/04/2026,14:55:58,30,Auditório de Eng. Elétrica,TP-Link_C3CB,d8:0d:17:3e:c3:cb,-77,4
27/04/2026,14:55:58,30,Auditório de Eng. Elétrica,IFPB,84:f1:47:54:96:e0,-79,1
27/04/2026,14:55:58,30,Auditório de Eng. Elétrica,IFPB-VISITANTE,84:f1:47:54:96:e2,-79,1
27/04/2026,14:55:58,30,Auditório de Eng. Elétrica,EBF243D6-HE8D94yaFM1AOcS,44:d2:44:dd:32:49,-79,11
27/04/2026,14:55:58,30,Auditório de Eng. Elétrica,IFPB-VISITANTE,84:f1:47:54:8b:a2,-80,1
27/04/2026,14:55:58,30,Auditório de Eng. Elétrica,IFPB,84:f1:47:54:8b:a0,-80,1
27/04/2026,14:55:58,30,Auditório de Eng. Elétrica,IFPB,84:f1:47:54:6b:80,-80,6
27/04/2026,14:55:58,30,Auditório de Eng. Elétrica,IFPB-VISITANTE,84:f1:47:54:6b:82,-80,6
27/04/2026,14:55:58,30,Auditório de Eng. Elétrica,IFPB-VISITANTE,24:36:da:2b:5e:c2,-82,1
27/04/2026,14:55:58,30,Auditório de Eng. Elétrica,IFPB,24:36:da:2b:5e:c0,-83,1
27/04/2026,14:55:58,30,Auditório de Eng. Elétrica,IFPB-Sala_Professor_14,48:51:cf:81:b0:9e,-85,8
27/04/2026,14:55:58,30,Auditório de Eng. Elétrica,IFPB-Sala_Professor_14,24:fd:0d:57:19:26,-87,5
27/04/2026,14:55:58,30,Auditório de Eng. Elétrica,IFPB,84:f1:47:54:eb:20,-87,6
27/04/2026,14:55:58,30,Auditório de Eng. Elétrica,IFPB-VISITANTE,84:f1:47:54:eb:22,-87,6
27/04/2026,14:55:58,30,Auditório de Eng. Elétrica,NUNYA_Room_2.4GHz,cc:32:e5:0c:fc:2b,-90,9
27/04/2026,14:55:58,30,Auditório de Eng. Elétrica,IFPB TCC,d8:5d:4c:86:7e:66,-93,1
27/04/2026,14:55:58,30,Auditório de Eng. Elétrica,Auditório de Eng. Elétrica,Auditório de Eng. Elétrica,Auditório de Eng. Elétrica,Auditório de Eng. Elétrica
27/04/2026,14:56:19,31,Lab. de Instrumentação biomédica,TP-Link_1324,7c:f1:7e:8d:13:22,-62,10
27/04/2026,14:56:19,31,Lab. de Instrumentação biomédica,APTelefonia,58:10:8c:91:f3:aa,-65,1
27/04/2026,14:56:19,31,Lab. de Instrumentação biomédica,Lab. de Sinais Digitais,18:d6:c7:f9:37:2f,-67,11
27/04/2026,14:56:19,31,Lab. de Instrumentação biomédica,IFPB,84:f1:47:54:96:e0,-68,1
27/04/2026,14:56:19,31,Lab. de Instrumentação biomédica,IFPB-VISITANTE,84:f1:47:54:96:e2,-68,1
27/04/2026,14:56:20,31,Lab. de Instrumentação biomédica,Intelbras,18:0d:2c:7f:eb:ac,-72,7
27/04/2026,14:56:20,31,Lab. de Instrumentação biomédica,IFPB,84:f1:47:54:8b:a0,-78,1
27/04/2026,14:56:20,31,Lab. de Instrumentação biomédica,IFPB-VISITANTE,84:f1:47:54:6b:82,-78,6
27/04/2026,14:56:20,31,Lab. de Instrumentação biomédica,IFPB-VISITANTE,84:f1:47:54:8b:a2,-79,1
27/04/2026,14:56:20,31,Lab. de Instrumentação biomédica,IFPB,84:f1:47:54:6b:80,-79,6
27/04/2026,14:56:20,31,Lab. de Instrumentação biomédica,GPDS,00:26:5a:66:55:ef,-79,6
27/04/2026,14:56:20,31,Lab. de Instrumentação biomédica,UA2-MiniLab,60:32:b1:2d:66:c3,-80,10
27/04/2026,14:56:20,31,Lab. de Instrumentação biomédica,TP-Link_C3CB,d8:0d:17:3e:c3:cb,-81,4
27/04/2026,14:56:20,31,Lab. de Instrumentação biomédica,NPEF/NEPA,50:c7:bf:ef:56:8a,-82,3
27/04/2026,14:56:20,31,Lab. de Instrumentação biomédica,IFPB-VISITANTE,e4:4e:2d:85:4c:62,-82,11
27/04/2026,14:56:20,31,Lab. de Instrumentação biomédica,IFPB,e4:4e:2d:85:4c:60,-82,11
27/04/2026,14:56:20,31,Lab. de Instrumentação biomédica,IFPB-Sala_Professor_14,24:fd:0d:57:19:26,-83,5
27/04/2026,14:56:20,31,Lab. de Instrumentação biomédica,IFPB-VISITANTE,84:f1:47:54:f9:82,-83,11
27/04/2026,14:56:20,31,Lab. de Instrumentação biomédica,IFPB,84:f1:47:54:f9:80,-83,11
27/04/2026,14:56:20,31,Lab. de Instrumentação biomédica,SALA_MESTRADO,64:66:b3:62:eb:86,-84,1
27/04/2026,14:56:20,31,Lab. de Instrumentação biomédica,IFPB-VISITANTE,24:36:da:2b:5e:c2,-87,1
27/04/2026,14:56:20,31,Lab. de Instrumentação biomédica,IFPB,24:36:da:2b:5e:c0,-88,1
27/04/2026,14:56:20,31,Lab. de Instrumentação biomédica,IFPB-VISITANTE,24:36:da:2b:bc:02,-88,6
27/04/2026,14:56:20,31,Lab. de Instrumentação biomédica,IFPB,24:36:da:2b:bc:00,-88,6
27/04/2026,14:56:20,31,Lab. de Instrumentação biomédica,IFPB-Sala_Professor_14,48:51:cf:81:b0:9e,-89,8
27/04/2026,14:56:20,31,Lab. de Instrumentação biomédica,IFPB TCC,d8:5d:4c:86:7e:66,-92,1
27/04/2026,14:56:20,31,Lab. de Instrumentação biomédica,A26 de Taciana,22:54:c2:cb:89:d4,-92,6
27/04/2026,14:56:20,31,Lab. de Instrumentação biomédica,NUNYA_Room_2.4GHz,cc:32:e5:0c:fc:2b,-93,9
27/04/2026,14:56:20,31,Lab. de Instrumentação biomédica,EBF243D6-HE8D94yaFM1AOcS,44:d2:44:dd:32:49,-94,11
27/04/2026,14:56:20,31,Lab. de Instrumentação biomédica,Lab. de Instrumentação biomédica,Lab. de Instrumentação biomédica,Lab. de Instrumentação biomédica,Lab. de Instrumentação biomédica
27/04/2026,14:56:30,32,Lab. de Instrumentação biomédica,TP-Link_1324,7c:f1:7e:8d:13:22,-59,10
27/04/2026,14:56:30,32,Lab. de Instrumentação biomédica,APTelefonia,58:10:8c:91:f3:aa,-62,1
27/04/2026,14:56:30,32,Lab. de Instrumentação biomédica,IFPB,84:f1:47:54:96:e0,-69,1
27/04/2026,14:56:30,32,Lab. de Instrumentação biomédica,IFPB-VISITANTE,84:f1:47:54:96:e2,-69,1
27/04/2026,14:56:30,32,Lab. de Instrumentação biomédica,Intelbras,18:0d:2c:7f:eb:ac,-72,7
27/04/2026,14:56:30,32,Lab. de Instrumentação biomédica,Lab. de Sinais Digitais,18:d6:c7:f9:37:2f,-72,11
27/04/2026,14:56:30,32,Lab. de Instrumentação biomédica,IFPB-Sala_Professor_14,24:fd:0d:57:19:26,-75,5
27/04/2026,14:56:30,32,Lab. de Instrumentação biomédica,IFPB,e4:4e:2d:85:4c:60,-79,11
27/04/2026,14:56:30,32,Lab. de Instrumentação biomédica,IFPB-VISITANTE,e4:4e:2d:85:4c:62,-79,11
27/04/2026,14:56:30,32,Lab. de Instrumentação biomédica,IFPB-VISITANTE,84:f1:47:54:8b:a2,-80,1
27/04/2026,14:56:30,32,Lab. de Instrumentação biomédica,IFPB,84:f1:47:54:8b:a0,-81,1
27/04/2026,14:56:30,32,Lab. de Instrumentação biomédica,TP-Link_C3CB,d8:0d:17:3e:c3:cb,-81,4
27/04/2026,14:56:30,32,Lab. de Instrumentação biomédica,IFPB-VISITANTE,84:f1:47:54:6b:82,-81,6
27/04/2026,14:56:30,32,Lab. de Instrumentação biomédica,IFPB,84:f1:47:54:6b:80,-81,6
27/04/2026,14:56:30,32,Lab. de Instrumentação biomédica,UA2-MiniLab,60:32:b1:2d:66:c3,-81,10
27/04/2026,14:56:30,32,Lab. de Instrumentação biomédica,NPEF/NEPA,50:c7:bf:ef:56:8a,-82,3
27/04/2026,14:56:30,32,Lab. de Instrumentação biomédica,IFPB-VISITANTE,84:f1:47:54:f9:82,-82,11
27/04/2026,14:56:30,32,Lab. de Instrumentação biomédica,IFPB,84:f1:47:54:f9:80,-83,11
27/04/2026,14:56:30,32,Lab. de Instrumentação biomédica,IFPB,24:36:da:2b:bc:00,-86,6
27/04/2026,14:56:30,32,Lab. de Instrumentação biomédica,IFPB-VISITANTE,24:36:da:2b:bc:02,-87,6
27/04/2026,14:56:30,32,Lab. de Instrumentação biomédica,IFPB,24:36:da:2b:5e:c0,-89,1
27/04/2026,14:56:30,32,Lab. de Instrumentação biomédica,SALA_MESTRADO,64:66:b3:62:eb:86,-89,1
27/04/2026,14:56:30,32,Lab. de Instrumentação biomédica,IFPB-VISITANTE,24:36:da:2b:5e:c2,-90,1
27/04/2026,14:56:30,32,Lab. de Instrumentação biomédica,IFPB TCC,d8:5d:4c:86:7e:66,-90,1
27/04/2026,14:56:30,32,Lab. de Instrumentação biomédica,GPDS,00:26:5a:66:55:ef,-90,6
27/04/2026,14:56:30,32,Lab. de Instrumentação biomédica,A26 de Taciana,22:54:c2:cb:89:d4,-92,6
27/04/2026,14:56:30,32,Lab. de Instrumentação biomédica,IFPB-Sala_Professor_14,48:51:cf:81:b0:9e,-92,8
27/04/2026,14:56:30,32,Lab. de Instrumentação biomédica,NUNYA_Room_2.4GHz,cc:32:e5:0c:fc:2b,-93,9
27/04/2026,14:56:30,32,Lab. de Instrumentação biomédica,EBF243D6-HE8D94yaFM1AOcS,44:d2:44:dd:32:49,-94,11
27/04/2026,14:56:30,32,Lab. de Instrumentação biomédica,Lab. de Instrumentação biomédica,Lab. de Instrumentação biomédica,Lab. de Instrumentação biomédica,Lab. de Instrumentação biomédica
27/04/2026,14:56:40,33,Lab. de Instrumentação biomédica,APTelefonia,58:10:8c:91:f3:aa,-58,1
27/04/2026,14:56:40,33,Lab. de Instrumentação biomédica,TP-Link_1324,7c:f1:7e:8d:13:22,-64,10
27/04/2026,14:56:40,33,Lab. de Instrumentação biomédica,Lab. de Sinais Digitais,18:d6:c7:f9:37:2f,-66,11
27/04/2026,14:56:40,33,Lab. de Instrumentação biomédica,IFPB,84:f1:47:54:96:e0,-68,1
27/04/2026,14:56:40,33,Lab. de Instrumentação biomédica,IFPB-VISITANTE,84:f1:47:54:96:e2,-69,1
27/04/2026,14:56:40,33,Lab. de Instrumentação biomédica,Intelbras,18:0d:2c:7f:eb:ac,-72,7
27/04/2026,14:56:40,33,Lab. de Instrumentação biomédica,IFPB-Sala_Professor_14,24:fd:0d:57:19:26,-75,5
27/04/2026,14:56:40,33,Lab. de Instrumentação biomédica,GPDS,00:26:5a:66:55:ef,-79,6
27/04/2026,14:56:40,33,Lab. de Instrumentação biomédica,IFPB-VISITANTE,84:f1:47:54:8b:a2,-81,1
27/04/2026,14:56:40,33,Lab. de Instrumentação biomédica,IFPB,84:f1:47:54:8b:a0,-81,1
27/04/2026,14:56:40,33,Lab. de Instrumentação biomédica,IFPB,e4:4e:2d:85:4c:60,-81,11
27/04/2026,14:56:40,33,Lab. de Instrumentação biomédica,IFPB-VISITANTE,e4:4e:2d:85:4c:62,-81,11
27/04/2026,14:56:40,33,Lab. de Instrumentação biomédica,IFPB,84:f1:47:54:6b:80,-82,6
27/04/2026,14:56:40,33,Lab. de Instrumentação biomédica,IFPB-VISITANTE,24:36:da:2b:bc:02,-82,6
27/04/2026,14:56:40,33,Lab. de Instrumentação biomédica,IFPB,24:36:da:2b:bc:00,-82,6
27/04/2026,14:56:40,33,Lab. de Instrumentação biomédica,NPEF/NEPA,50:c7:bf:ef:56:8a,-83,3
27/04/2026,14:56:40,33,Lab. de Instrumentação biomédica,TP-Link_C3CB,d8:0d:17:3e:c3:cb,-83,4
27/04/2026,14:56:40,33,Lab. de Instrumentação biomédica,IFPB-VISITANTE,84:f1:47:54:6b:82,-83,6
27/04/2026,14:56:40,33,Lab. de Instrumentação biomédica,IFPB,24:36:da:2b:5e:c0,-84,1
27/04/2026,14:56:40,33,Lab. de Instrumentação biomédica,UA2-MiniLab,60:32:b1:2d:66:c3,-85,10
27/04/2026,14:56:40,33,Lab. de Instrumentação biomédica,IFPB-VISITANTE,24:36:da:2b:5e:c2,-87,1
27/04/2026,14:56:40,33,Lab. de Instrumentação biomédica,IFPB-Sala_Professor_14,48:51:cf:81:b0:9e,-90,8
27/04/2026,14:56:40,33,Lab. de Instrumentação biomédica,A26 de Taciana,22:54:c2:cb:89:d4,-91,6
27/04/2026,14:56:40,33,Lab. de Instrumentação biomédica,IFPB TCC,d8:5d:4c:86:7e:66,-94,1
27/04/2026,14:56:40,33,Lab. de Instrumentação biomédica,NUNYA_Room_2.4GHz,cc:32:e5:0c:fc:2b,-94,9
27/04/2026,14:56:40,33,Lab. de Instrumentação biomédica,EBF243D6-HE8D94yaFM1AOcS,44:d2:44:dd:32:49,-94,11
27/04/2026,14:56:41,33,Lab. de Instrumentação biomédica,Lab. de Instrumentação biomédica,Lab. de Instrumentação biomédica,Lab. de Instrumentação biomédica,Lab. de Instrumentação biomédica
27/04/2026,14:56:50,34,Lab. de Instrumentação biomédica,APTelefonia,58:10:8c:91:f3:aa,-60,1
27/04/2026,14:56:50,34,Lab. de Instrumentação biomédica,TP-Link_1324,7c:f1:7e:8d:13:22,-63,10
27/04/2026,14:56:50,34,Lab. de Instrumentação biomédica,Lab. de Sinais Digitais,18:d6:c7:f9:37:2f,-67,11
27/04/2026,14:56:50,34,Lab. de Instrumentação biomédica,IFPB,84:f1:47:54:96:e0,-68,1
27/04/2026,14:56:50,34,Lab. de Instrumentação biomédica,IFPB-VISITANTE,84:f1:47:54:96:e2,-69,1
27/04/2026,14:56:50,34,Lab. de Instrumentação biomédica,Intelbras,18:0d:2c:7f:eb:ac,-72,7
27/04/2026,14:56:50,34,Lab. de Instrumentação biomédica,IFPB-Sala_Professor_14,24:fd:0d:57:19:26,-76,5
27/04/2026,14:56:50,34,Lab. de Instrumentação biomédica,IFPB,84:f1:47:54:8b:a0,-80,1
27/04/2026,14:56:50,34,Lab. de Instrumentação biomédica,IFPB-VISITANTE,84:f1:47:54:8b:a2,-80,1
27/04/2026,14:56:50,34,Lab. de Instrumentação biomédica,IFPB,84:f1:47:54:6b:80,-80,6
27/04/2026,14:56:50,34,Lab. de Instrumentação biomédica,IFPB-VISITANTE,84:f1:47:54:6b:82,-80,6
27/04/2026,14:56:50,34,Lab. de Instrumentação biomédica,IFPB-VISITANTE,84:f1:47:54:f9:82,-80,11
27/04/2026,14:56:50,34,Lab. de Instrumentação biomédica,IFPB,e4:4e:2d:85:4c:60,-80,11
27/04/2026,14:56:50,34,Lab. de Instrumentação biomédica,UA2-MiniLab,60:32:b1:2d:66:c3,-81,10
27/04/2026,14:56:50,34,Lab. de Instrumentação biomédica,IFPB-VISITANTE,e4:4e:2d:85:4c:62,-81,11
27/04/2026,14:56:50,34,Lab. de Instrumentação biomédica,NPEF/NEPA,50:c7:bf:ef:56:8a,-82,3
27/04/2026,14:56:51,34,Lab. de Instrumentação biomédica,TP-Link_C3CB,d8:0d:17:3e:c3:cb,-82,4
27/04/2026,14:56:51,34,Lab. de Instrumentação biomédica,IFPB,24:36:da:2b:bc:00,-82,6
27/04/2026,14:56:51,34,Lab. de Instrumentação biomédica,IFPB,84:f1:47:54:f9:80,-82,11
27/04/2026,14:56:51,34,Lab. de Instrumentação biomédica,IFPB-VISITANTE,24:36:da:2b:bc:02,-83,6
27/04/2026,14:56:51,34,Lab. de Instrumentação biomédica,IFPB-VISITANTE,24:36:da:2b:5e:c2,-85,1
27/04/2026,14:56:51,34,Lab. de Instrumentação biomédica,IFPB,24:36:da:2b:5e:c0,-85,1
27/04/2026,14:56:51,34,Lab. de Instrumentação biomédica,NUNYA_Room_2.4GHz,cc:32:e5:0c:fc:2b,-88,9
27/04/2026,14:56:51,34,Lab. de Instrumentação biomédica,IFPB-Sala_Professor_14,48:51:cf:81:b0:9e,-89,8
27/04/2026,14:56:51,34,Lab. de Instrumentação biomédica,IFPB TCC,d8:5d:4c:86:7e:66,-91,1
27/04/2026,14:56:51,34,Lab. de Instrumentação biomédica,SALA_MESTRADO,64:66:b3:62:eb:86,-92,1
27/04/2026,14:56:51,34,Lab. de Instrumentação biomédica,GPDS,00:26:5a:66:55:ef,-93,6
27/04/2026,14:56:51,34,Lab. de Instrumentação biomédica,IFPB-Sala_13,e8:94:f6:b9:2f:46,-95,6
27/04/2026,14:56:51,34,Lab. de Instrumentação biomédica,Lab. de Instrumentação biomédica,Lab. de Instrumentação biomédica,Lab. de Instrumentação biomédica,Lab. de Instrumentação biomédica
27/04/2026,14:57:00,35,Lab. de Instrumentação biomédica,APTelefonia,58:10:8c:91:f3:aa,-61,1
27/04/2026,14:57:00,35,Lab. de Instrumentação biomédica,TP-Link_1324,7c:f1:7e:8d:13:22,-65,10
27/04/2026,14:57:00,35,Lab. de Instrumentação biomédica,Lab. de Sinais Digitais,18:d6:c7:f9:37:2f,-65,11
27/04/2026,14:57:00,35,Lab. de Instrumentação biomédica,IFPB,84:f1:47:54:96:e0,-68,1
27/04/2026,14:57:00,35,Lab. de Instrumentação biomédica,IFPB-VISITANTE,84:f1:47:54:96:e2,-68,1
27/04/2026,14:57:01,35,Lab. de Instrumentação biomédica,Intelbras,18:0d:2c:7f:eb:ac,-70,7
27/04/2026,14:57:01,35,Lab. de Instrumentação biomédica,IFPB-Sala_Professor_14,24:fd:0d:57:19:26,-78,5
27/04/2026,14:57:01,35,Lab. de Instrumentação biomédica,NPEF/NEPA,50:c7:bf:ef:56:8a,-80,3
27/04/2026,14:57:01,35,Lab. de Instrumentação biomédica,IFPB,24:36:da:2b:bc:00,-80,6
27/04/2026,14:57:01,35,Lab. de Instrumentação biomédica,IFPB,84:f1:47:54:8b:a0,-81,1
27/04/2026,14:57:01,35,Lab. de Instrumentação biomédica,IFPB-VISITANTE,84:f1:47:54:8b:a2,-81,1
27/04/2026,14:57:01,35,Lab. de Instrumentação biomédica,IFPB,84:f1:47:54:6b:80,-81,6
27/04/2026,14:57:01,35,Lab. de Instrumentação biomédica,IFPB-VISITANTE,84:f1:47:54:6b:82,-81,6
27/04/2026,14:57:01,35,Lab. de Instrumentação biomédica,IFPB-VISITANTE,24:36:da:2b:bc:02,-81,6
27/04/2026,14:57:01,35,Lab. de Instrumentação biomédica,IFPB-VISITANTE,84:f1:47:54:f9:82,-82,11
27/04/2026,14:57:01,35,Lab. de Instrumentação biomédica,IFPB,84:f1:47:54:f9:80,-83,11
27/04/2026,14:57:01,35,Lab. de Instrumentação biomédica,TP-Link_C3CB,d8:0d:17:3e:c3:cb,-84,4
27/04/2026,14:57:01,35,Lab. de Instrumentação biomédica,UA2-MiniLab,60:32:b1:2d:66:c3,-84,10
27/04/2026,14:57:01,35,Lab. de Instrumentação biomédica,IFPB-VISITANTE,e4:4e:2d:85:4c:62,-85,11
27/04/2026,14:57:01,35,Lab. de Instrumentação biomédica,IFPB-VISITANTE,24:36:da:2b:5e:c2,-86,1
27/04/2026,14:57:01,35,Lab. de Instrumentação biomédica,GPDS,00:26:5a:66:55:ef,-86,6
27/04/2026,14:57:01,35,Lab. de Instrumentação biomédica,IFPB,24:36:da:2b:5e:c0,-87,1
27/04/2026,14:57:01,35,Lab. de Instrumentação biomédica,IFPB,e4:4e:2d:85:4c:60,-87,11
27/04/2026,14:57:01,35,Lab. de Instrumentação biomédica,A26 de Taciana,22:54:c2:cb:89:d4,-88,6
27/04/2026,14:57:01,35,Lab. de Instrumentação biomédica,IFPB-Sala_Professor_14,48:51:cf:81:b0:9e,-91,8
27/04/2026,14:57:01,35,Lab. de Instrumentação biomédica,NUNYA_Room_2.4GHz,cc:32:e5:0c:fc:2b,-91,9
27/04/2026,14:57:01,35,Lab. de Instrumentação biomédica,IFPB TCC,d8:5d:4c:86:7e:66,-92,1
27/04/2026,14:57:01,35,Lab. de Instrumentação biomédica,EBF243D6-HE8D94yaFM1AOcS,44:d2:44:dd:32:49,-94,11
27/04/2026,14:57:01,35,Lab. de Instrumentação biomédica,Lab. de Instrumentação biomédica,Lab. de Instrumentação biomédica,Lab. de Instrumentação biomédica,Lab. de Instrumentação biomédica
27/04/2026,14:57:27,36,Lab. de aferição e calibração,TP-Link_1324,7c:f1:7e:8d:13:22,-50,10
27/04/2026,14:57:27,36,Lab. de aferição e calibração,APTelefonia,58:10:8c:91:f3:aa,-60,1
27/04/2026,14:57:27,36,Lab. de aferição e calibração,IFPB,84:f1:47:54:96:e0,-61,1
27/04/2026,14:57:27,36,Lab. de aferição e calibração,IFPB-VISITANTE,84:f1:47:54:96:e2,-61,1
27/04/2026,14:57:27,36,Lab. de aferição e calibração,Intelbras,18:0d:2c:7f:eb:ac,-69,7
27/04/2026,14:57:27,36,Lab. de aferição e calibração,Lab. de Sinais Digitais,18:d6:c7:f9:37:2f,-71,11
27/04/2026,14:57:27,36,Lab. de aferição e calibração,IFPB,24:36:da:2b:bc:00,-77,6
27/04/2026,14:57:27,36,Lab. de aferição e calibração,IFPB-VISITANTE,24:36:da:2b:bc:02,-78,6
27/04/2026,14:57:27,36,Lab. de aferição e calibração,IFPB-VISITANTE,e4:4e:2d:85:4c:62,-78,11
27/04/2026,14:57:27,36,Lab. de aferição e calibração,IFPB,e4:4e:2d:85:4c:60,-78,11
27/04/2026,14:57:27,36,Lab. de aferição e calibração,IFPB-VISITANTE,84:f1:47:54:6b:82,-82,6
27/04/2026,14:57:27,36,Lab. de aferição e calibração,UA2-MiniLab,60:32:b1:2d:66:c3,-82,10
27/04/2026,14:57:27,36,Lab. de aferição e calibração,IFPB,84:f1:47:54:6b:80,-83,6
27/04/2026,14:57:27,36,Lab. de aferição e calibração,IFPB-VISITANTE,24:36:da:2b:5e:c2,-85,1
27/04/2026,14:57:27,36,Lab. de aferição e calibração,IFPB,24:36:da:2b:5e:c0,-86,1
27/04/2026,14:57:27,36,Lab. de aferição e calibração,TP-Link_C3CB,d8:0d:17:3e:c3:cb,-86,4
27/04/2026,14:57:27,36,Lab. de aferição e calibração,IFPB-Sala_Professor_14,24:fd:0d:57:19:26,-88,5
27/04/2026,14:57:28,36,Lab. de aferição e calibração,A26 de Taciana,22:54:c2:cb:89:d4,-88,6
27/04/2026,14:57:28,36,Lab. de aferição e calibração,GPDS,00:26:5a:66:55:ef,-88,6
27/04/2026,14:57:28,36,Lab. de aferição e calibração,IFPB TCC,d8:5d:4c:86:7e:66,-90,1
27/04/2026,14:57:28,36,Lab. de aferição e calibração,IFPB-Sala_Professor_14,48:51:cf:81:b0:9e,-90,8
27/04/2026,14:57:28,36,Lab. de aferição e calibração,NPEF/NEPA,50:c7:bf:ef:56:8a,-92,3
27/04/2026,14:57:28,36,Lab. de aferição e calibração,SALA_MESTRADO,64:66:b3:62:eb:86,-93,1
27/04/2026,14:57:28,36,Lab. de aferição e calibração,NUNYA_Room_2.4GHz,cc:32:e5:0c:fc:2b,-96,9
27/04/2026,14:57:28,36,Lab. de aferição e calibração,EBF243D6-HE8D94yaFM1AOcS,44:d2:44:dd:32:49,-96,11
27/04/2026,14:57:28,36,Lab. de aferição e calibração,Lab. de aferição e calibração,Lab. de medições em telecomunições,Lab. de aferição e calibração,Lab. de medições em telecomunições
27/04/2026,14:57:37,37,Lab. de aferição e calibração,TP-Link_1324,7c:f1:7e:8d:13:22,-48,10
27/04/2026,14:57:37,37,Lab. de aferição e calibração,IFPB,84:f1:47:54:96:e0,-52,1
27/04/2026,14:57:37,37,Lab. de aferição e calibração,IFPB-VISITANTE,84:f1:47:54:96:e2,-53,1
27/04/2026,14:57:37,37,Lab. de aferição e calibração,APTelefonia,58:10:8c:91:f3:aa,-58,1
27/04/2026,14:57:37,37,Lab. de aferição e calibração,Intelbras,18:0d:2c:7f:eb:ac,-70,7
27/04/2026,14:57:37,37,Lab. de aferição e calibração,Lab. de Sinais Digitais,18:d6:c7:f9:37:2f,-74,11
27/04/2026,14:57:37,37,Lab. de aferição e calibração,IFPB-VISITANTE,e4:4e:2d:85:4c:62,-76,11
27/04/2026,14:57:37,37,Lab. de aferição e calibração,IFPB,e4:4e:2d:85:4c:60,-77,11
27/04/2026,14:57:37,37,Lab. de aferição e calibração,IFPB,24:36:da:2b:bc:00,-78,6
27/04/2026,14:57:37,37,Lab. de aferição e calibração,IFPB-VISITANTE,24:36:da:2b:bc:02,-78,6
27/04/2026,14:57:37,37,Lab. de aferição e calibração,IFPB-Sala_Professor_14,24:fd:0d:57:19:26,-82,5
27/04/2026,14:57:38,37,Lab. de aferição e calibração,UA2-MiniLab,60:32:b1:2d:66:c3,-82,10
27/04/2026,14:57:38,37,Lab. de aferição e calibração,IFPB,84:f1:47:54:6b:80,-84,6
27/04/2026,14:57:38,37,Lab. de aferição e calibração,IFPB-VISITANTE,84:f1:47:54:6b:82,-84,6
27/04/2026,14:57:38,37,Lab. de aferição e calibração,GPDS,00:26:5a:66:55:ef,-84,6
27/04/2026,14:57:38,37,Lab. de aferição e calibração,NPEF/NEPA,50:c7:bf:ef:56:8a,-85,3
27/04/2026,14:57:38,37,Lab. de aferição e calibração,IFPB TCC,d8:5d:4c:86:7e:66,-87,1
27/04/2026,14:57:38,37,Lab. de aferição e calibração,IFPB,24:36:da:2b:5e:c0,-87,1
27/04/2026,14:57:38,37,Lab. de aferição e calibração,A26 de Taciana,22:54:c2:cb:89:d4,-87,6
27/04/2026,14:57:38,37,Lab. de aferição e calibração,IFPB-VISITANTE,84:f1:47:54:8b:a2,-88,1
27/04/2026,14:57:38,37,Lab. de aferição e calibração,IFPB-VISITANTE,24:36:da:2b:5e:c2,-88,1
27/04/2026,14:57:38,37,Lab. de aferição e calibração,IFPB-VISITANTE,84:f1:47:54:f9:82,-90,11
27/04/2026,14:57:38,37,Lab. de aferição e calibração,SALA_MESTRADO,64:66:b3:62:eb:86,-92,1
27/04/2026,14:57:38,37,Lab. de aferição e calibração,TP-Link_C3CB,d8:0d:17:3e:c3:cb,-92,4
27/04/2026,14:57:38,37,Lab. de aferição e calibração,IFPB-Sala_Professor_14,48:51:cf:81:b0:9e,-92,8
27/04/2026,14:57:38,37,Lab. de aferição e calibração,NUNYA_Room_2.4GHz,cc:32:e5:0c:fc:2b,-93,9
27/04/2026,14:57:38,37,Lab. de aferição e calibração,EBF243D6-HE8D94yaFM1AOcS,44:d2:44:dd:32:49,-95,11
27/04/2026,14:57:38,37,Lab. de aferição e calibração,Lab. de aferição e calibração,Lab. de aferição e calibração,Lab. de aferição e calibração,Lab. de aferição e calibração
27/04/2026,14:57:47,38,Lab. de aferição e calibração,TP-Link_1324,7c:f1:7e:8d:13:22,-49,10
27/04/2026,14:57:47,38,Lab. de aferição e calibração,IFPB,84:f1:47:54:96:e0,-58,1
27/04/2026,14:57:47,38,Lab. de aferição e calibração,IFPB-VISITANTE,84:f1:47:54:96:e2,-58,1
27/04/2026,14:57:47,38,Lab. de aferição e calibração,APTelefonia,58:10:8c:91:f3:aa,-64,1
27/04/2026,14:57:47,38,Lab. de aferição e calibração,Intelbras,18:0d:2c:7f:eb:ac,-71,7
27/04/2026,14:57:47,38,Lab. de aferição e calibração,IFPB-VISITANTE,24:36:da:2b:bc:02,-77,6
27/04/2026,14:57:48,38,Lab. de aferição e calibração,IFPB,e4:4e:2d:85:4c:60,-77,11
27/04/2026,14:57:48,38,Lab. de aferição e calibração,IFPB-VISITANTE,e4:4e:2d:85:4c:62,-77,11
27/04/2026,14:57:48,38,Lab. de aferição e calibração,Lab. de Sinais Digitais,18:d6:c7:f9:37:2f,-77,11
27/04/2026,14:57:48,38,Lab. de aferição e calibração,IFPB,24:36:da:2b:bc:00,-78,6
27/04/2026,14:57:48,38,Lab. de aferição e calibração,UA2-MiniLab,60:32:b1:2d:66:c3,-83,10
27/04/2026,14:57:48,38,Lab. de aferição e calibração,IFPB-Sala_Professor_14,24:fd:0d:57:19:26,-85,5
27/04/2026,14:57:48,38,Lab. de aferição e calibração,IFPB-VISITANTE,84:f1:47:54:6b:82,-85,6
27/04/2026,14:57:48,38,Lab. de aferição e calibração,TP-Link_C3CB,d8:0d:17:3e:c3:cb,-86,4
27/04/2026,14:57:48,38,Lab. de aferição e calibração,IFPB,84:f1:47:54:6b:80,-86,6
27/04/2026,14:57:48,38,Lab. de aferição e calibração,IFPB,84:f1:47:54:8b:a0,-87,1
27/04/2026,14:57:48,38,Lab. de aferição e calibração,IFPB,24:36:da:2b:5e:c0,-88,1
27/04/2026,14:57:48,38,Lab. de aferição e calibração,IFPB-VISITANTE,24:36:da:2b:5e:c2,-88,1
27/04/2026,14:57:48,38,Lab. de aferição e calibração,GPDS,00:26:5a:66:55:ef,-90,6
27/04/2026,14:57:48,38,Lab. de aferição e calibração,IFPB-Sala_Professor_14,48:51:cf:81:b0:9e,-90,8
27/04/2026,14:57:48,38,Lab. de aferição e calibração,NPEF/NEPA,50:c7:bf:ef:56:8a,-91,3
27/04/2026,14:57:48,38,Lab. de aferição e calibração,SALA_MESTRADO,64:66:b3:62:eb:86,-92,1
27/04/2026,14:57:48,38,Lab. de aferição e calibração,IFPB TCC,d8:5d:4c:86:7e:66,-93,1
27/04/2026,14:57:48,38,Lab. de aferição e calibração,NUNYA_Room_2.4GHz,cc:32:e5:0c:fc:2b,-93,9
27/04/2026,14:57:48,38,Lab. de aferição e calibração,Lab. de aferição e calibração,Lab. de aferição e calibração,Lab. de aferição e calibração,Lab. de aferição e calibração
27/04/2026,14:57:58,39,Lab. de aferição e calibração,TP-Link_1324,7c:f1:7e:8d:13:22,-50,10
27/04/2026,14:57:58,39,Lab. de aferição e calibração,IFPB,84:f1:47:54:96:e0,-61,1
27/04/2026,14:57:58,39,Lab. de aferição e calibração,IFPB-VISITANTE,84:f1:47:54:96:e2,-61,1
27/04/2026,14:57:58,39,Lab. de aferição e calibração,APTelefonia,58:10:8c:91:f3:aa,-62,1
27/04/2026,14:57:58,39,Lab. de aferição e calibração,Intelbras,18:0d:2c:7f:eb:ac,-65,7
27/04/2026,14:57:58,39,Lab. de aferição e calibração,Lab. de Sinais Digitais,18:d6:c7:f9:37:2f,-74,11
27/04/2026,14:57:58,39,Lab. de aferição e calibração,IFPB-Sala_Professor_14,24:fd:0d:57:19:26,-77,5
27/04/2026,14:57:58,39,Lab. de aferição e calibração,IFPB-VISITANTE,e4:4e:2d:85:4c:62,-77,11
27/04/2026,14:57:58,39,Lab. de aferição e calibração,IFPB,e4:4e:2d:85:4c:60,-78,11
27/04/2026,14:57:58,39,Lab. de aferição e calibração,IFPB,24:36:da:2b:bc:00,-79,6
27/04/2026,14:57:58,39,Lab. de aferição e calibração,IFPB-VISITANTE,24:36:da:2b:bc:02,-79,6
27/04/2026,14:57:58,39,Lab. de aferição e calibração,IFPB,24:36:da:2b:5e:c0,-82,1
27/04/2026,14:57:58,39,Lab. de aferição e calibração,IFPB-VISITANTE,24:36:da:2b:5e:c2,-83,1
27/04/2026,14:57:58,39,Lab. de aferição e calibração,UA2-MiniLab,60:32:b1:2d:66:c3,-83,10
27/04/2026,14:57:58,39,Lab. de aferição e calibração,IFPB-VISITANTE,84:f1:47:54:6b:82,-86,6
27/04/2026,14:57:58,39,Lab. de aferição e calibração,IFPB,84:f1:47:54:6b:80,-87,6
27/04/2026,14:57:58,39,Lab. de aferição e calibração,IFPB-Sala_Professor_14,48:51:cf:81:b0:9e,-88,8
27/04/2026,14:57:58,39,Lab. de aferição e calibração,TP-Link_C3CB,d8:0d:17:3e:c3:cb,-89,4
27/04/2026,14:57:58,39,Lab. de aferição e calibração,GPDS,00:26:5a:66:55:ef,-89,6
27/04/2026,14:57:58,39,Lab. de aferição e calibração,NPEF/NEPA,50:c7:bf:ef:56:8a,-90,3
27/04/2026,14:57:58,39,Lab. de aferição e calibração,SALA_MESTRADO,64:66:b3:62:eb:86,-91,1
27/04/2026,14:57:58,39,Lab. de aferição e calibração,IFPB TCC,d8:5d:4c:86:7e:66,-92,1
27/04/2026,14:57:58,39,Lab. de aferição e calibração,NUNYA_Room_2.4GHz,cc:32:e5:0c:fc:2b,-93,9
27/04/2026,14:57:58,39,Lab. de aferição e calibração,Lab. de aferição e calibração,Lab. de medições em telecomunições,Lab. de aferição e calibração,Lab. de medições em telecomunições
27/04/2026,14:58:08,40,Lab. de aferição e calibração,TP-Link_1324,7c:f1:7e:8d:13:22,-50,10
27/04/2026,14:58:08,40,Lab. de aferição e calibração,IFPB,84:f1:47:54:96:e0,-59,1
27/04/2026,14:58:08,40,Lab. de aferição e calibração,IFPB-VISITANTE,84:f1:47:54:96:e2,-59,1
27/04/2026,14:58:08,40,Lab. de aferição e calibração,APTelefonia,58:10:8c:91:f3:aa,-60,1
27/04/2026,14:58:08,40,Lab. de aferição e calibração,Intelbras,18:0d:2c:7f:eb:ac,-62,7
27/04/2026,14:58:08,40,Lab. de aferição e calibração,Lab. de Sinais Digitais,18:d6:c7:f9:37:2f,-73,11
27/04/2026,14:58:08,40,Lab. de aferição e calibração,IFPB,e4:4e:2d:85:4c:60,-77,11
27/04/2026,14:58:08,40,Lab. de aferição e calibração,IFPB,24:36:da:2b:bc:00,-78,6
27/04/2026,14:58:08,40,Lab. de aferição e calibração,IFPB-VISITANTE,24:36:da:2b:bc:02,-78,6
27/04/2026,14:58:08,40,Lab. de aferição e calibração,IFPB-VISITANTE,e4:4e:2d:85:4c:62,-78,11
27/04/2026,14:58:08,40,Lab. de aferição e calibração,IFPB,24:36:da:2b:5e:c0,-82,1
27/04/2026,14:58:08,40,Lab. de aferição e calibração,IFPB-Sala_Professor_14,24:fd:0d:57:19:26,-82,5
27/04/2026,14:58:08,40,Lab. de aferição e calibração,UA2-MiniLab,60:32:b1:2d:66:c3,-82,10
27/04/2026,14:58:08,40,Lab. de aferição e calibração,IFPB-VISITANTE,24:36:da:2b:5e:c2,-83,1
27/04/2026,14:58:08,40,Lab. de aferição e calibração,GPDS,00:26:5a:66:55:ef,-85,6
27/04/2026,14:58:08,40,Lab. de aferição e calibração,IFPB,84:f1:47:54:6b:80,-86,6
27/04/2026,14:58:08,40,Lab. de aferição e calibração,IFPB-VISITANTE,84:f1:47:54:6b:82,-86,6
27/04/2026,14:58:08,40,Lab. de aferição e calibração,NUNYA_Room_2.4GHz,cc:32:e5:0c:fc:2b,-87,9
27/04/2026,14:58:08,40,Lab. de aferição e calibração,TP-Link_C3CB,d8:0d:17:3e:c3:cb,-88,4
27/04/2026,14:58:08,40,Lab. de aferição e calibração,IFPB TCC,d8:5d:4c:86:7e:66,-89,1
27/04/2026,14:58:08,40,Lab. de aferição e calibração,IFPB-VISITANTE,84:f1:47:54:8b:a2,-89,1
27/04/2026,14:58:08,40,Lab. de aferição e calibração,SALA_MESTRADO,64:66:b3:62:eb:86,-92,1
27/04/2026,14:58:08,40,Lab. de aferição e calibração,A26 de Taciana,22:54:c2:cb:89:d4,-92,6
27/04/2026,14:58:08,40,Lab. de aferição e calibração,NPEF/NEPA,50:c7:bf:ef:56:8a,-93,3
27/04/2026,14:58:08,40,Lab. de aferição e calibração,Lab. de aferição e calibração,Lab. de aferição e calibração,Lab. de aferição e calibração,Lab. de aferição e calibração
27/04/2026,14:58:25,41,Lab. de medições em telecomunicações,TP-Link_1324,7c:f1:7e:8d:13:22,-52,10
27/04/2026,14:58:25,41,Lab. de medições em telecomunicações,APTelefonia,58:10:8c:91:f3:aa,-55,1
27/04/2026,14:58:25,41,Lab. de medições em telecomunicações,IFPB,e4:4e:2d:85:4c:60,-71,11
27/04/2026,14:58:25,41,Lab. de medições em telecomunicações,IFPB-VISITANTE,e4:4e:2d:85:4c:62,-71,11
27/04/2026,14:58:25,41,Lab. de medições em telecomunicações,IFPB,84:f1:47:54:96:e0,-72,1
27/04/2026,14:58:25,41,Lab. de medições em telecomunicações,IFPB-VISITANTE,84:f1:47:54:96:e2,-72,1
27/04/2026,14:58:25,41,Lab. de medições em telecomunicações,IFPB,24:36:da:2b:bc:00,-74,6
27/04/2026,14:58:25,41,Lab. de medições em telecomunicações,IFPB-VISITANTE,24:36:da:2b:bc:02,-74,6
27/04/2026,14:58:25,41,Lab. de medições em telecomunicações,Intelbras,18:0d:2c:7f:eb:ac,-74,7
27/04/2026,14:58:25,41,Lab. de medições em telecomunicações,Lab. de Sinais Digitais,18:d6:c7:f9:37:2f,-74,11
27/04/2026,14:58:25,41,Lab. de medições em telecomunicações,IFPB-Sala_Professor_14,24:fd:0d:57:19:26,-81,5
27/04/2026,14:58:25,41,Lab. de medições em telecomunicações,IFPB,24:36:da:2b:5e:c0,-86,1
27/04/2026,14:58:25,41,Lab. de medições em telecomunicações,IFPB-VISITANTE,24:36:da:2b:5e:c2,-87,1
27/04/2026,14:58:25,41,Lab. de medições em telecomunicações,NPEF/NEPA,50:c7:bf:ef:56:8a,-87,3
27/04/2026,14:58:25,41,Lab. de medições em telecomunicações,TP-Link_C3CB,d8:0d:17:3e:c3:cb,-88,4
27/04/2026,14:58:25,41,Lab. de medições em telecomunicações,UA2-MiniLab,60:32:b1:2d:66:c3,-88,10
27/04/2026,14:58:25,41,Lab. de medições em telecomunicações,GPDS,00:26:5a:66:55:ef,-89,6
27/04/2026,14:58:25,41,Lab. de medições em telecomunicações,SALA_MESTRADO,64:66:b3:62:eb:86,-90,1
27/04/2026,14:58:25,41,Lab. de medições em telecomunicações,IFPB TCC,d8:5d:4c:86:7e:66,-91,1
27/04/2026,14:58:25,41,Lab. de medições em telecomunicações,A26 de Taciana,22:54:c2:cb:89:d4,-91,6
27/04/2026,14:58:25,41,Lab. de medições em telecomunicações,Matheus,4e:30:53:97:57:bb,-92,11
27/04/2026,14:58:25,41,Lab. de medições em telecomunicações,IFPB-Sala_Professor_14,48:51:cf:81:b0:9e,-93,8
27/04/2026,14:58:25,41,Lab. de medições em telecomunicações,EBF243D6-HE8D94yaFM1AOcS,44:d2:44:dd:32:49,-95,11
27/04/2026,14:58:26,41,Lab. de medições em telecomunicações,Lab. de medições em telecomunições,Lab. de medições em telecomunições,Lab. de medições em telecomunições,Lab. de medições em telecomunições
27/04/2026,14:58:35,42,Lab. de medições em telecomunicações,TP-Link_1324,7c:f1:7e:8d:13:22,-50,10
27/04/2026,14:58:35,42,Lab. de medições em telecomunicações,APTelefonia,58:10:8c:91:f3:aa,-53,1
27/04/2026,14:58:35,42,Lab. de medições em telecomunicações,IFPB,e4:4e:2d:85:4c:60,-69,11
27/04/2026,14:58:35,42,Lab. de medições em telecomunicações,IFPB-VISITANTE,e4:4e:2d:85:4c:62,-69,11
27/04/2026,14:58:35,42,Lab. de medições em telecomunicações,IFPB-VISITANTE,84:f1:47:54:96:e2,-72,1
27/04/2026,14:58:35,42,Lab. de medições em telecomunicações,IFPB,84:f1:47:54:96:e0,-73,1
27/04/2026,14:58:35,42,Lab. de medições em telecomunicações,IFPB,24:36:da:2b:bc:00,-74,6
27/04/2026,14:58:35,42,Lab. de medições em telecomunicações,IFPB-VISITANTE,24:36:da:2b:bc:02,-74,6
27/04/2026,14:58:35,42,Lab. de medições em telecomunicações,Lab. de Sinais Digitais,18:d6:c7:f9:37:2f,-76,11
27/04/2026,14:58:35,42,Lab. de medições em telecomunicações,Intelbras,18:0d:2c:7f:eb:ac,-78,7
27/04/2026,14:58:35,42,Lab. de medições em telecomunicações,IFPB-Sala_Professor_14,24:fd:0d:57:19:26,-81,5
27/04/2026,14:58:35,42,Lab. de medições em telecomunicações,IFPB-VISITANTE,24:36:da:2b:5e:c2,-83,1
27/04/2026,14:58:35,42,Lab. de medições em telecomunicações,IFPB,24:36:da:2b:5e:c0,-84,1
27/04/2026,14:58:35,42,Lab. de medições em telecomunicações,IFPB,84:f1:47:54:7f:60,-85,6
27/04/2026,14:58:35,42,Lab. de medições em telecomunicações,GPDS,00:26:5a:66:55:ef,-85,6
27/04/2026,14:58:35,42,Lab. de medições em telecomunicações,IFPB-VISITANTE,84:f1:47:54:7f:62,-86,6
27/04/2026,14:58:35,42,Lab. de medições em telecomunicações,NPEF/NEPA,50:c7:bf:ef:56:8a,-88,3
27/04/2026,14:58:36,42,Lab. de medições em telecomunicações,UA2-MiniLab,60:32:b1:2d:66:c3,-88,10
27/04/2026,14:58:36,42,Lab. de medições em telecomunicações,IFPB TCC,d8:5d:4c:86:7e:66,-92,1
27/04/2026,14:58:36,42,Lab. de medições em telecomunicações,SALA_MESTRADO,64:66:b3:62:eb:86,-93,1
27/04/2026,14:58:36,42,Lab. de medições em telecomunicações,IFPB-Sala_Professor_14,48:51:cf:81:b0:9e,-93,8
27/04/2026,14:58:36,42,Lab. de medições em telecomunicações,EBF243D6-HE8D94yaFM1AOcS,44:d2:44:dd:32:49,-93,11
27/04/2026,14:58:36,42,Lab. de medições em telecomunicações,TP-Link_C3CB,d8:0d:17:3e:c3:cb,-94,4
27/04/2026,14:58:36,42,Lab. de medições em telecomunicações,NUNYA_Room_2.4GHz,cc:32:e5:0c:fc:2b,-95,9
27/04/2026,14:58:36,42,Lab. de medições em telecomunicações,Matheus,4e:30:53:97:57:bb,-96,11
27/04/2026,14:58:36,42,Lab. de medições em telecomunicações,Lab. de Instrumentação biomédica,Lab. de medições em telecomunições,Lab. de Instrumentação biomédica,Lab. de medições em telecomunições
27/04/2026,14:58:45,43,Lab. de medições em telecomunicações,TP-Link_1324,7c:f1:7e:8d:13:22,-46,10
27/04/2026,14:58:45,43,Lab. de medições em telecomunicações,APTelefonia,58:10:8c:91:f3:aa,-55,1
27/04/2026,14:58:45,43,Lab. de medições em telecomunicações,Lab. de Sinais Digitais,18:d6:c7:f9:37:2f,-71,11
27/04/2026,14:58:45,43,Lab. de medições em telecomunicações,IFPB,e4:4e:2d:85:4c:60,-71,11
27/04/2026,14:58:45,43,Lab. de medições em telecomunicações,IFPB-VISITANTE,e4:4e:2d:85:4c:62,-71,11
27/04/2026,14:58:45,43,Lab. de medições em telecomunicações,IFPB,84:f1:47:54:96:e0,-73,1
27/04/2026,14:58:45,43,Lab. de medições em telecomunicações,IFPB-VISITANTE,84:f1:47:54:96:e2,-73,1
27/04/2026,14:58:45,43,Lab. de medições em telecomunicações,IFPB,24:36:da:2b:bc:00,-73,6
27/04/2026,14:58:45,43,Lab. de medições em telecomunicações,IFPB-VISITANTE,24:36:da:2b:bc:02,-74,6
27/04/2026,14:58:45,43,Lab. de medições em telecomunicações,IFPB-Sala_Professor_14,24:fd:0d:57:19:26,-80,5
27/04/2026,14:58:46,43,Lab. de medições em telecomunicações,Intelbras,18:0d:2c:7f:eb:ac,-81,7
27/04/2026,14:58:46,43,Lab. de medições em telecomunicações,IFPB-VISITANTE,24:36:da:2b:5e:c2,-83,1
27/04/2026,14:58:46,43,Lab. de medições em telecomunicações,GPDS,00:26:5a:66:55:ef,-83,6
27/04/2026,14:58:46,43,Lab. de medições em telecomunicações,IFPB,24:36:da:2b:5e:c0,-84,1
27/04/2026,14:58:46,43,Lab. de medições em telecomunicações,IFPB-VISITANTE,84:f1:47:54:6b:82,-88,6
27/04/2026,14:58:46,43,Lab. de medições em telecomunicações,IFPB,84:f1:47:54:6b:80,-89,6
27/04/2026,14:58:46,43,Lab. de medições em telecomunicações,NPEF/NEPA,50:c7:bf:ef:56:8a,-90,3
27/04/2026,14:58:46,43,Lab. de medições em telecomunicações,UA2-MiniLab,60:32:b1:2d:66:c3,-90,10
27/04/2026,14:58:46,43,Lab. de medições em telecomunicações,SALA_MESTRADO,64:66:b3:62:eb:86,-91,1
27/04/2026,14:58:46,43,Lab. de medições em telecomunicações,TP-Link_C3CB,d8:0d:17:3e:c3:cb,-91,4
27/04/2026,14:58:46,43,Lab. de medições em telecomunicações,IFPB TCC,d8:5d:4c:86:7e:66,-93,1
27/04/2026,14:58:46,43,Lab. de medições em telecomunicações,A26 de Taciana,22:54:c2:cb:89:d4,-94,6
27/04/2026,14:58:46,43,Lab. de medições em telecomunicações,Matheus,4e:30:53:97:57:bb,-96,11
27/04/2026,14:58:46,43,Lab. de medições em telecomunicações,EBF243D6-HE8D94yaFM1AOcS,44:d2:44:dd:32:49,-97,11
27/04/2026,14:58:46,43,Lab. de medições em telecomunicações,Lab. de Instrumentação biomédica,Lab. de medições em telecomunições,Lab. de Instrumentação biomédica,Lab. de medições em telecomunições
27/04/2026,14:58:56,44,Lab. de medições em telecomunicações,TP-Link_1324,7c:f1:7e:8d:13:22,-46,10
27/04/2026,14:58:56,44,Lab. de medições em telecomunicações,APTelefonia,58:10:8c:91:f3:aa,-65,1
27/04/2026,14:58:56,44,Lab. de medições em telecomunicações,IFPB,84:f1:47:54:96:e0,-71,1
27/04/2026,14:58:56,44,Lab. de medições em telecomunicações,IFPB-VISITANTE,84:f1:47:54:96:e2,-71,1
27/04/2026,14:58:56,44,Lab. de medições em telecomunicações,IFPB-VISITANTE,e4:4e:2d:85:4c:62,-71,11
27/04/2026,14:58:56,44,Lab. de medições em telecomunicações,IFPB,e4:4e:2d:85:4c:60,-72,11
27/04/2026,14:58:56,44,Lab. de medições em telecomunicações,IFPB-VISITANTE,24:36:da:2b:bc:02,-74,6
27/04/2026,14:58:56,44,Lab. de medições em telecomunicações,Lab. de Sinais Digitais,18:d6:c7:f9:37:2f,-74,11
27/04/2026,14:58:56,44,Lab. de medições em telecomunicações,IFPB,24:36:da:2b:bc:00,-75,6
27/04/2026,14:58:56,44,Lab. de medições em telecomunicações,IFPB-Sala_Professor_14,24:fd:0d:57:19:26,-78,5
27/04/2026,14:58:56,44,Lab. de medições em telecomunicações,Intelbras,18:0d:2c:7f:eb:ac,-80,7
27/04/2026,14:58:56,44,Lab. de medições em telecomunicações,IFPB,24:36:da:2b:5e:c0,-86,1
27/04/2026,14:58:56,44,Lab. de medições em telecomunicações,IFPB-VISITANTE,24:36:da:2b:5e:c2,-86,1
27/04/2026,14:58:56,44,Lab. de medições em telecomunicações,GPDS,00:26:5a:66:55:ef,-86,6
27/04/2026,14:58:56,44,Lab. de medições em telecomunicações,IFPB-VISITANTE,84:f1:47:54:7f:62,-86,6
27/04/2026,14:58:56,44,Lab. de medições em telecomunicações,NPEF/NEPA,50:c7:bf:ef:56:8a,-87,3
27/04/2026,14:58:56,44,Lab. de medições em telecomunicações,IFPB,84:f1:47:54:7f:60,-88,6
27/04/2026,14:58:56,44,Lab. de medições em telecomunicações,UA2-MiniLab,60:32:b1:2d:66:c3,-88,10
27/04/2026,14:58:56,44,Lab. de medições em telecomunicações,IFPB-VISITANTE,84:f1:47:54:8b:a2,-89,1
27/04/2026,14:58:56,44,Lab. de medições em telecomunicações,IFPB TCC,d8:5d:4c:86:7e:66,-91,1
27/04/2026,14:58:56,44,Lab. de medições em telecomunicações,IFPB,84:f1:47:54:f9:80,-91,11
27/04/2026,14:58:56,44,Lab. de medições em telecomunicações,SALA_MESTRADO,64:66:b3:62:eb:86,-92,1
27/04/2026,14:58:56,44,Lab. de medições em telecomunicações,Matheus,4e:30:53:97:57:bb,-93,11
27/04/2026,14:58:56,44,Lab. de medições em telecomunicações,EBF243D6-HE8D94yaFM1AOcS,44:d2:44:dd:32:49,-93,11
27/04/2026,14:58:56,44,Lab. de medições em telecomunicações,TP-Link_C3CB,d8:0d:17:3e:c3:cb,-94,4
27/04/2026,14:58:56,44,Lab. de medições em telecomunicações,Lab. de medições em telecomunições,Lab. de medições em telecomunições,Lab. de medições em telecomunições,Lab. de medições em telecomunições
27/04/2026,14:59:06,45,Lab. de medições em telecomunicações,TP-Link_1324,7c:f1:7e:8d:13:22,-47,10
27/04/2026,14:59:06,45,Lab. de medições em telecomunicações,APTelefonia,58:10:8c:91:f3:aa,-57,1
27/04/2026,14:59:06,45,Lab. de medições em telecomunicações,IFPB,e4:4e:2d:85:4c:60,-72,11
27/04/2026,14:59:06,45,Lab. de medições em telecomunicações,IFPB-VISITANTE,e4:4e:2d:85:4c:62,-72,11
27/04/2026,14:59:06,45,Lab. de medições em telecomunicações,Lab. de Sinais Digitais,18:d6:c7:f9:37:2f,-72,11
27/04/2026,14:59:06,45,Lab. de medições em telecomunicações,IFPB-VISITANTE,84:f1:47:54:96:e2,-74,1
27/04/2026,14:59:06,45,Lab. de medições em telecomunicações,IFPB,84:f1:47:54:96:e0,-75,1
27/04/2026,14:59:06,45,Lab. de medições em telecomunicações,Intelbras,18:0d:2c:7f:eb:ac,-77,7
27/04/2026,14:59:06,45,Lab. de medições em telecomunicações,IFPB,24:36:da:2b:bc:00,-79,6
27/04/2026,14:59:06,45,Lab. de medições em telecomunicações,IFPB-VISITANTE,24:36:da:2b:bc:02,-79,6
27/04/2026,14:59:06,45,Lab. de medições em telecomunicações,IFPB-Sala_Professor_14,24:fd:0d:57:19:26,-83,5
27/04/2026,14:59:06,45,Lab. de medições em telecomunicações,GPDS,00:26:5a:66:55:ef,-84,6
27/04/2026,14:59:06,45,Lab. de medições em telecomunicações,IFPB-VISITANTE,24:36:da:2b:5e:c2,-86,1
27/04/2026,14:59:06,45,Lab. de medições em telecomunicações,IFPB,24:36:da:2b:5e:c0,-87,1
27/04/2026,14:59:06,45,Lab. de medições em telecomunicações,IFPB,84:f1:47:54:7f:60,-87,6
27/04/2026,14:59:06,45,Lab. de medições em telecomunicações,NPEF/NEPA,50:c7:bf:ef:56:8a,-88,3
27/04/2026,14:59:06,45,Lab. de medições em telecomunicações,SALA_MESTRADO,64:66:b3:62:eb:86,-89,1
27/04/2026,14:59:06,45,Lab. de medições em telecomunicações,IFPB-VISITANTE,84:f1:47:54:6b:82,-89,6
27/04/2026,14:59:06,45,Lab. de medições em telecomunicações,UA2-MiniLab,60:32:b1:2d:66:c3,-91,10
27/04/2026,14:59:06,45,Lab. de medições em telecomunicações,IFPB TCC,d8:5d:4c:86:7e:66,-92,1
27/04/2026,14:59:06,45,Lab. de medições em telecomunicações,TP-Link_C3CB,d8:0d:17:3e:c3:cb,-94,4
27/04/2026,14:59:06,45,Lab. de medições em telecomunicações,Matheus,4e:30:53:97:57:bb,-94,11
27/04/2026,14:59:06,45,Lab. de medições em telecomunicações,EBF243D6-HE8D94yaFM1AOcS,44:d2:44:dd:32:49,-95,11
27/04/2026,14:59:06,45,Lab. de medições em telecomunicações,Lab. de medições em telecomunições,Lab. de medições em telecomunições,Lab. de medições em telecomunições,Lab. de medições em telecomunições
27/04/2026,14:59:39,46,Coordenação de pós em Eng. Elétrica,APTelefonia,58:10:8c:91:f3:aa,-60,1
27/04/2026,14:59:39,46,Coordenação de pós em Eng. Elétrica,Intelbras,18:0d:2c:7f:eb:ac,-62,7
27/04/2026,14:59:39,46,Coordenação de pós em Eng. Elétrica,IFPB-Sala_Professor_14,24:fd:0d:57:19:26,-71,5
27/04/2026,14:59:39,46,Coordenação de pós em Eng. Elétrica,TP-Link_1324,7c:f1:7e:8d:13:22,-71,10
27/04/2026,14:59:39,46,Coordenação de pós em Eng. Elétrica,Lab. de Sinais Digitais,18:d6:c7:f9:37:2f,-71,11
27/04/2026,14:59:39,46,Coordenação de pós em Eng. Elétrica,IFPB-VISITANTE,e4:4e:2d:85:4c:62,-79,11
27/04/2026,14:59:39,46,Coordenação de pós em Eng. Elétrica,IFPB,e4:4e:2d:85:4c:60,-80,11
27/04/2026,14:59:39,46,Coordenação de pós em Eng. Elétrica,IFPB TCC,d8:5d:4c:86:7e:66,-84,1
27/04/2026,14:59:39,46,Coordenação de pós em Eng. Elétrica,IFPB,24:36:da:2b:bc:00,-85,6
27/04/2026,14:59:39,46,Coordenação de pós em Eng. Elétrica,IFPB-VISITANTE,24:36:da:2b:bc:02,-85,6
27/04/2026,14:59:39,46,Coordenação de pós em Eng. Elétrica,GPDS,00:26:5a:66:55:ef,-86,6
27/04/2026,14:59:40,46,Coordenação de pós em Eng. Elétrica,UA2-MiniLab,60:32:b1:2d:66:c3,-86,10
27/04/2026,14:59:40,46,Coordenação de pós em Eng. Elétrica,NPEF/NEPA,50:c7:bf:ef:56:8a,-88,3
27/04/2026,14:59:40,46,Coordenação de pós em Eng. Elétrica,IFPB,84:f1:47:54:eb:20,-88,6
27/04/2026,14:59:40,46,Coordenação de pós em Eng. Elétrica,IFPB-VISITANTE,84:f1:47:54:eb:22,-88,6
27/04/2026,14:59:40,46,Coordenação de pós em Eng. Elétrica,Poco X3 PRO,9e:7a:20:1d:94:ab,-89,7
27/04/2026,14:59:40,46,Coordenação de pós em Eng. Elétrica,EBF243D6-HE8D94yaFM1AOcS,44:d2:44:dd:32:49,-89,11
27/04/2026,14:59:40,46,Coordenação de pós em Eng. Elétrica,SALA_MESTRADO,64:66:b3:62:eb:86,-91,1
27/04/2026,14:59:40,46,Coordenação de pós em Eng. Elétrica,NUNYA_Room_2.4GHz,cc:32:e5:0c:fc:2b,-92,9
27/04/2026,14:59:40,46,Coordenação de pós em Eng. Elétrica,TP-Link_C3CB,d8:0d:17:3e:c3:cb,-93,4
27/04/2026,14:59:40,46,Coordenação de pós em Eng. Elétrica,IFPB-Sala_Professor_14,48:51:cf:81:b0:9e,-93,8
27/04/2026,14:59:40,46,Coordenação de pós em Eng. Elétrica,Lab Redes Convergentes,64:70:02:99:fe:f4,-94,1
27/04/2026,14:59:40,46,Coordenação de pós em Eng. Elétrica,Coordenação de pós em Eng. Elétrica,Coordenação de pós em Eng. Elétrica,Coordenação de pós em Eng. Elétrica,Coordenação de pós em Eng. Elétrica
27/04/2026,14:59:49,47,Coordenação de pós em Eng. Elétrica,Intelbras,18:0d:2c:7f:eb:ac,-58,7
27/04/2026,14:59:49,47,Coordenação de pós em Eng. Elétrica,APTelefonia,58:10:8c:91:f3:aa,-59,1
27/04/2026,14:59:49,47,Coordenação de pós em Eng. Elétrica,TP-Link_1324,7c:f1:7e:8d:13:22,-65,10
27/04/2026,14:59:49,47,Coordenação de pós em Eng. Elétrica,Lab. de Sinais Digitais,18:d6:c7:f9:37:2f,-68,11
27/04/2026,14:59:49,47,Coordenação de pós em Eng. Elétrica,IFPB TCC,d8:5d:4c:86:7e:66,-76,1
27/04/2026,14:59:49,47,Coordenação de pós em Eng. Elétrica,IFPB-VISITANTE,e4:4e:2d:85:4c:62,-77,11
27/04/2026,14:59:49,47,Coordenação de pós em Eng. Elétrica,IFPB-Sala_Professor_14,24:fd:0d:57:19:26,-78,5
27/04/2026,14:59:49,47,Coordenação de pós em Eng. Elétrica,IFPB,e4:4e:2d:85:4c:60,-78,11
27/04/2026,14:59:49,47,Coordenação de pós em Eng. Elétrica,GPDS,00:26:5a:66:55:ef,-81,6
27/04/2026,14:59:49,47,Coordenação de pós em Eng. Elétrica,Lab Redes Convergentes,64:70:02:99:fe:f4,-84,1
27/04/2026,14:59:50,47,Coordenação de pós em Eng. Elétrica,IFPB,24:36:da:2b:bc:00,-85,6
27/04/2026,14:59:50,47,Coordenação de pós em Eng. Elétrica,IFPB-VISITANTE,24:36:da:2b:bc:02,-86,6
27/04/2026,14:59:50,47,Coordenação de pós em Eng. Elétrica,IFPB-Sala_Professor_14,48:51:cf:81:b0:9e,-88,8
27/04/2026,14:59:50,47,Coordenação de pós em Eng. Elétrica,UA2-MiniLab,60:32:b1:2d:66:c3,-88,10
27/04/2026,14:59:50,47,Coordenação de pós em Eng. Elétrica,IFPB-VISITANTE,84:f1:47:54:eb:22,-89,6
27/04/2026,14:59:50,47,Coordenação de pós em Eng. Elétrica,IFPB,84:f1:47:54:eb:20,-89,6
27/04/2026,14:59:50,47,Coordenação de pós em Eng. Elétrica,Poco X3 PRO,9e:7a:20:1d:94:ab,-90,7
27/04/2026,14:59:50,47,Coordenação de pós em Eng. Elétrica,Matheus,4e:30:53:97:57:bb,-90,11
27/04/2026,14:59:50,47,Coordenação de pós em Eng. Elétrica,SALA_MESTRADO,64:66:b3:62:eb:86,-91,1
27/04/2026,14:59:50,47,Coordenação de pós em Eng. Elétrica,NPEF/NEPA,50:c7:bf:ef:56:8a,-91,3
27/04/2026,14:59:50,47,Coordenação de pós em Eng. Elétrica,TP-Link_C3CB,d8:0d:17:3e:c3:cb,-91,4
27/04/2026,14:59:50,47,Coordenação de pós em Eng. Elétrica,NUNYA_Room_2.4GHz,cc:32:e5:0c:fc:2b,-91,9
27/04/2026,14:59:50,47,Coordenação de pós em Eng. Elétrica,EBF243D6-HE8D94yaFM1AOcS,44:d2:44:dd:32:49,-93,11
27/04/2026,14:59:50,47,Coordenação de pós em Eng. Elétrica,Coordenação de pós em Eng. Elétrica,Coordenação de pós em Eng. Elétrica,Coordenação de pós em Eng. Elétrica,Coordenação de pós em Eng. Elétrica
27/04/2026,15:00:00,48,Coordenação de pós em Eng. Elétrica,APTelefonia,58:10:8c:91:f3:aa,-59,1
27/04/2026,15:00:00,48,Coordenação de pós em Eng. Elétrica,Intelbras,18:0d:2c:7f:eb:ac,-60,7
27/04/2026,15:00:00,48,Coordenação de pós em Eng. Elétrica,Lab. de Sinais Digitais,18:d6:c7:f9:37:2f,-68,11
27/04/2026,15:00:00,48,Coordenação de pós em Eng. Elétrica,TP-Link_1324,7c:f1:7e:8d:13:22,-69,10
27/04/2026,15:00:00,48,Coordenação de pós em Eng. Elétrica,IFPB-Sala_Professor_14,24:fd:0d:57:19:26,-77,5
27/04/2026,15:00:00,48,Coordenação de pós em Eng. Elétrica,IFPB TCC,d8:5d:4c:86:7e:66,-78,1
27/04/2026,15:00:00,48,Coordenação de pós em Eng. Elétrica,IFPB-VISITANTE,e4:4e:2d:85:4c:62,-81,11
27/04/2026,15:00:00,48,Coordenação de pós em Eng. Elétrica,IFPB,e4:4e:2d:85:4c:60,-82,11
27/04/2026,15:00:00,48,Coordenação de pós em Eng. Elétrica,UA2-MiniLab,60:32:b1:2d:66:c3,-84,10
27/04/2026,15:00:00,48,Coordenação de pós em Eng. Elétrica,GPDS,00:26:5a:66:55:ef,-85,6
27/04/2026,15:00:00,48,Coordenação de pós em Eng. Elétrica,IFPB,24:36:da:2b:bc:00,-85,6
27/04/2026,15:00:00,48,Coordenação de pós em Eng. Elétrica,Matheus,4e:30:53:97:57:bb,-85,11
27/04/2026,15:00:00,48,Coordenação de pós em Eng. Elétrica,Lab Redes Convergentes,64:70:02:99:fe:f4,-86,1
27/04/2026,15:00:00,48,Coordenação de pós em Eng. Elétrica,IFPB-VISITANTE,24:36:da:2b:bc:02,-86,6
27/04/2026,15:00:00,48,Coordenação de pós em Eng. Elétrica,IFPB,84:f1:47:54:eb:20,-89,6
27/04/2026,15:00:00,48,Coordenação de pós em Eng. Elétrica,IFPB-VISITANTE,84:f1:47:54:eb:22,-90,6
27/04/2026,15:00:00,48,Coordenação de pós em Eng. Elétrica,Poco X3 PRO,9e:7a:20:1d:94:ab,-90,7
27/04/2026,15:00:00,48,Coordenação de pós em Eng. Elétrica,EBF243D6-HE8D94yaFM1AOcS,44:d2:44:dd:32:49,-91,11
27/04/2026,15:00:00,48,Coordenação de pós em Eng. Elétrica,NPEF/NEPA,50:c7:bf:ef:56:8a,-92,3
27/04/2026,15:00:00,48,Coordenação de pós em Eng. Elétrica,SALA_MESTRADO,64:66:b3:62:eb:86,-93,1
27/04/2026,15:00:00,48,Coordenação de pós em Eng. Elétrica,TP-Link_C3CB,d8:0d:17:3e:c3:cb,-94,4
27/04/2026,15:00:00,48,Coordenação de pós em Eng. Elétrica,A26 de Taciana,22:54:c2:cb:89:d4,-94,6
27/04/2026,15:00:00,48,Coordenação de pós em Eng. Elétrica,IFPB-Sala_Professor_14,48:51:cf:81:b0:9e,-94,8
27/04/2026,15:00:00,48,Coordenação de pós em Eng. Elétrica,Coordenação de pós em Eng. Elétrica,Coordenação de pós em Eng. Elétrica,Coordenação de pós em Eng. Elétrica,Coordenação de pós em Eng. Elétrica
27/04/2026,15:00:10,49,Coordenação de pós em Eng. Elétrica,Intelbras,18:0d:2c:7f:eb:ac,-59,7
27/04/2026,15:00:10,49,Coordenação de pós em Eng. Elétrica,APTelefonia,58:10:8c:91:f3:aa,-60,1
27/04/2026,15:00:10,49,Coordenação de pós em Eng. Elétrica,Lab. de Sinais Digitais,18:d6:c7:f9:37:2f,-67,11
27/04/2026,15:00:10,49,Coordenação de pós em Eng. Elétrica,TP-Link_1324,7c:f1:7e:8d:13:22,-72,10
27/04/2026,15:00:10,49,Coordenação de pós em Eng. Elétrica,IFPB-Sala_Professor_14,24:fd:0d:57:19:26,-75,5
27/04/2026,15:00:10,49,Coordenação de pós em Eng. Elétrica,IFPB TCC,d8:5d:4c:86:7e:66,-80,1
27/04/2026,15:00:10,49,Coordenação de pós em Eng. Elétrica,GPDS,00:26:5a:66:55:ef,-81,6
27/04/2026,15:00:10,49,Coordenação de pós em Eng. Elétrica,UA2-MiniLab,60:32:b1:2d:66:c3,-82,10
27/04/2026,15:00:10,49,Coordenação de pós em Eng. Elétrica,IFPB-VISITANTE,e4:4e:2d:85:4c:62,-83,11
27/04/2026,15:00:10,49,Coordenação de pós em Eng. Elétrica,IFPB,e4:4e:2d:85:4c:60,-83,11
27/04/2026,15:00:10,49,Coordenação de pós em Eng. Elétrica,IFPB-VISITANTE,24:36:da:2b:bc:02,-84,6
27/04/2026,15:00:10,49,Coordenação de pós em Eng. Elétrica,IFPB,24:36:da:2b:bc:00,-85,6
27/04/2026,15:00:10,49,Coordenação de pós em Eng. Elétrica,IFPB,84:f1:47:54:eb:20,-86,6
27/04/2026,15:00:10,49,Coordenação de pós em Eng. Elétrica,IFPB-Sala_Professor_14,48:51:cf:81:b0:9e,-87,8
27/04/2026,15:00:10,49,Coordenação de pós em Eng. Elétrica,Matheus,4e:30:53:97:57:bb,-88,11
27/04/2026,15:00:10,49,Coordenação de pós em Eng. Elétrica,Lab Redes Convergentes,64:70:02:99:fe:f4,-89,1
27/04/2026,15:00:10,49,Coordenação de pós em Eng. Elétrica,NPEF/NEPA,50:c7:bf:ef:56:8a,-89,3
27/04/2026,15:00:10,49,Coordenação de pós em Eng. Elétrica,TP-Link_C3CB,d8:0d:17:3e:c3:cb,-89,4
27/04/2026,15:00:10,49,Coordenação de pós em Eng. Elétrica,EBF243D6-HE8D94yaFM1AOcS,44:d2:44:dd:32:49,-89,11
27/04/2026,15:00:10,49,Coordenação de pós em Eng. Elétrica,SALA_MESTRADO,64:66:b3:62:eb:86,-90,1
27/04/2026,15:00:10,49,Coordenação de pós em Eng. Elétrica,Poco X3 PRO,9e:7a:20:1d:94:ab,-90,7
27/04/2026,15:00:10,49,Coordenação de pós em Eng. Elétrica,iPhone de Mariana,62:3d:15:53:5a:cd,-92,1
27/04/2026,15:00:10,49,Coordenação de pós em Eng. Elétrica,A26 de Taciana,22:54:c2:cb:89:d4,-92,6
27/04/2026,15:00:10,49,Coordenação de pós em Eng. Elétrica,NUNYA_Room_2.4GHz,cc:32:e5:0c:fc:2b,-95,9
27/04/2026,15:00:10,49,Coordenação de pós em Eng. Elétrica,Coordenação de pós em Eng. Elétrica,Coordenação de pós em Eng. Elétrica,Coordenação de pós em Eng. Elétrica,Coordenação de pós em Eng. Elétrica
27/04/2026,15:00:20,50,Coordenação de pós em Eng. Elétrica,APTelefonia,58:10:8c:91:f3:aa,-60,1
27/04/2026,15:00:20,50,Coordenação de pós em Eng. Elétrica,Intelbras,18:0d:2c:7f:eb:ac,-60,7
27/04/2026,15:00:20,50,Coordenação de pós em Eng. Elétrica,Lab. de Sinais Digitais,18:d6:c7:f9:37:2f,-68,11
27/04/2026,15:00:20,50,Coordenação de pós em Eng. Elétrica,TP-Link_1324,7c:f1:7e:8d:13:22,-69,10
27/04/2026,15:00:20,50,Coordenação de pós em Eng. Elétrica,IFPB-Sala_Professor_14,24:fd:0d:57:19:26,-74,5
27/04/2026,15:00:20,50,Coordenação de pós em Eng. Elétrica,IFPB TCC,d8:5d:4c:86:7e:66,-78,1
27/04/2026,15:00:20,50,Coordenação de pós em Eng. Elétrica,IFPB,e4:4e:2d:85:4c:60,-78,11
27/04/2026,15:00:20,50,Coordenação de pós em Eng. Elétrica,IFPB-VISITANTE,e4:4e:2d:85:4c:62,-78,11
27/04/2026,15:00:20,50,Coordenação de pós em Eng. Elétrica,IFPB,24:36:da:2b:bc:00,-83,6
27/04/2026,15:00:20,50,Coordenação de pós em Eng. Elétrica,IFPB-VISITANTE,24:36:da:2b:bc:02,-83,6
27/04/2026,15:00:20,50,Coordenação de pós em Eng. Elétrica,UA2-MiniLab,60:32:b1:2d:66:c3,-85,10
27/04/2026,15:00:20,50,Coordenação de pós em Eng. Elétrica,NPEF/NEPA,50:c7:bf:ef:56:8a,-87,3
27/04/2026,15:00:20,50,Coordenação de pós em Eng. Elétrica,GPDS,00:26:5a:66:55:ef,-87,6
27/04/2026,15:00:20,50,Coordenação de pós em Eng. Elétrica,IFPB-VISITANTE,84:f1:47:54:eb:22,-88,6
27/04/2026,15:00:20,50,Coordenação de pós em Eng. Elétrica,IFPB,84:f1:47:54:eb:20,-89,6
27/04/2026,15:00:20,50,Coordenação de pós em Eng. Elétrica,iPhone de Mariana,62:3d:15:53:5a:cd,-90,1
27/04/2026,15:00:20,50,Coordenação de pós em Eng. Elétrica,Lab Redes Convergentes,64:70:02:99:fe:f4,-91,1
27/04/2026,15:00:20,50,Coordenação de pós em Eng. Elétrica,IFPB-Sala_Professor_14,48:51:cf:81:b0:9e,-91,8
27/04/2026,15:00:20,50,Coordenação de pós em Eng. Elétrica,EBF243D6-HE8D94yaFM1AOcS,44:d2:44:dd:32:49,-91,11
27/04/2026,15:00:20,50,Coordenação de pós em Eng. Elétrica,TP-Link_C3CB,d8:0d:17:3e:c3:cb,-92,4
27/04/2026,15:00:20,50,Coordenação de pós em Eng. Elétrica,A26 de Taciana,22:54:c2:cb:89:d4,-92,6
27/04/2026,15:00:20,50,Coordenação de pós em Eng. Elétrica,Poco X3 PRO,9e:7a:20:1d:94:ab,-92,7
27/04/2026,15:00:20,50,Coordenação de pós em Eng. Elétrica,Matheus,4e:30:53:97:57:bb,-92,11
27/04/2026,15:00:20,50,Coordenação de pós em Eng. Elétrica,SALA_MESTRADO,64:66:b3:62:eb:86,-95,1
27/04/2026,15:00:20,50,Coordenação de pós em Eng. Elétrica,Coordenação de pós em Eng. Elétrica,Coordenação de pós em Eng. Elétrica,Coordenação de pós em Eng. Elétrica,Coordenação de pós em Eng. Elétrica
27/04/2026,15:00:44,51,Lab. de redes convergentes,APTelefonia,58:10:8c:91:f3:aa,-37,1
27/04/2026,15:00:44,51,Lab. de redes convergentes,Intelbras,18:0d:2c:7f:eb:ac,-49,7
27/04/2026,15:00:44,51,Lab. de redes convergentes,IFPB,e4:4e:2d:85:4c:60,-58,11
27/04/2026,15:00:44,51,Lab. de redes convergentes,IFPB-VISITANTE,e4:4e:2d:85:4c:62,-58,11
27/04/2026,15:00:44,51,Lab. de redes convergentes,TP-Link_1324,7c:f1:7e:8d:13:22,-64,10
27/04/2026,15:00:44,51,Lab. de redes convergentes,IFPB-Sala_Professor_14,24:fd:0d:57:19:26,-70,5
27/04/2026,15:00:44,51,Lab. de redes convergentes,Lab. de Sinais Digitais,18:d6:c7:f9:37:2f,-70,11
27/04/2026,15:00:44,51,Lab. de redes convergentes,IFPB TCC,d8:5d:4c:86:7e:66,-76,1
27/04/2026,15:00:44,51,Lab. de redes convergentes,IFPB,24:36:da:2b:bc:00,-77,6
27/04/2026,15:00:44,51,Lab. de redes convergentes,IFPB-VISITANTE,24:36:da:2b:bc:02,-77,6
27/04/2026,15:00:44,51,Lab. de redes convergentes,IFPB-VISITANTE,84:f1:47:54:96:e2,-82,1
27/04/2026,15:00:44,51,Lab. de redes convergentes,IFPB,84:f1:47:54:96:e0,-83,1
27/04/2026,15:00:44,51,Lab. de redes convergentes,IFPB-Sala_Professor_14,48:51:cf:81:b0:9e,-87,8
27/04/2026,15:00:44,51,Lab. de redes convergentes,UA2-MiniLab,60:32:b1:2d:66:c3,-87,10
27/04/2026,15:00:44,51,Lab. de redes convergentes,NPEF/NEPA,50:c7:bf:ef:56:8a,-88,3
27/04/2026,15:00:44,51,Lab. de redes convergentes,GPDS,00:26:5a:66:55:ef,-88,6
27/04/2026,15:00:44,51,Lab. de redes convergentes,Poco X3 PRO,9e:7a:20:1d:94:ab,-89,7
27/04/2026,15:00:44,51,Lab. de redes convergentes,NUNYA_Room_2.4GHz,cc:32:e5:0c:fc:2b,-89,9
27/04/2026,15:00:44,51,Lab. de redes convergentes,EBF243D6-HE8D94yaFM1AOcS,44:d2:44:dd:32:49,-90,11
27/04/2026,15:00:44,51,Lab. de redes convergentes,SALA_MESTRADO,64:66:b3:62:eb:86,-92,1
27/04/2026,15:00:44,51,Lab. de redes convergentes,Lab Redes Convergentes,64:70:02:99:fe:f4,-92,1
27/04/2026,15:00:44,51,Lab. de redes convergentes,IFPB-Sala_13,e8:94:f6:b9:2f:46,-92,6
27/04/2026,15:00:44,51,Lab. de redes convergentes,iPhone de Mariana,62:3d:15:53:5a:cd,-93,1
27/04/2026,15:00:44,51,Lab. de redes convergentes,TP-Link_C3CB,d8:0d:17:3e:c3:cb,-93,4
27/04/2026,15:00:44,51,Lab. de redes convergentes,Matheus,4e:30:53:97:57:bb,-95,11
27/04/2026,15:00:44,51,Lab. de redes convergentes,Lab. de redes convergentes,Lab. de redes convergentes,Lab. de redes convergentes,Lab. de redes convergentes
27/04/2026,15:00:54,52,Lab. de redes convergentes,APTelefonia,58:10:8c:91:f3:aa,-38,1
27/04/2026,15:00:54,52,Lab. de redes convergentes,Intelbras,18:0d:2c:7f:eb:ac,-49,7
27/04/2026,15:00:54,52,Lab. de redes convergentes,TP-Link_1324,7c:f1:7e:8d:13:22,-56,10
27/04/2026,15:00:54,52,Lab. de redes convergentes,IFPB,e4:4e:2d:85:4c:60,-57,11
27/04/2026,15:00:54,52,Lab. de redes convergentes,IFPB-VISITANTE,e4:4e:2d:85:4c:62,-58,11
27/04/2026,15:00:54,52,Lab. de redes convergentes,Lab. de Sinais Digitais,18:d6:c7:f9:37:2f,-69,11
27/04/2026,15:00:54,52,Lab. de redes convergentes,IFPB-Sala_Professor_14,24:fd:0d:57:19:26,-71,5
27/04/2026,15:00:54,52,Lab. de redes convergentes,IFPB TCC,d8:5d:4c:86:7e:66,-74,1
27/04/2026,15:00:54,52,Lab. de redes convergentes,IFPB,24:36:da:2b:bc:00,-78,6
27/04/2026,15:00:54,52,Lab. de redes convergentes,IFPB-VISITANTE,24:36:da:2b:bc:02,-79,6
27/04/2026,15:00:54,52,Lab. de redes convergentes,IFPB,84:f1:47:54:96:e0,-81,1
27/04/2026,15:00:54,52,Lab. de redes convergentes,IFPB-VISITANTE,84:f1:47:54:96:e2,-81,1
27/04/2026,15:00:54,52,Lab. de redes convergentes,GPDS,00:26:5a:66:55:ef,-82,6
27/04/2026,15:00:54,52,Lab. de redes convergentes,SALA_MESTRADO,64:66:b3:62:eb:86,-83,1
27/04/2026,15:00:54,52,Lab. de redes convergentes,IFPB,84:f1:47:54:eb:20,-85,6
27/04/2026,15:00:54,52,Lab. de redes convergentes,IFPB-VISITANTE,84:f1:47:54:eb:22,-86,6
27/04/2026,15:00:54,52,Lab. de redes convergentes,UA2-MiniLab,60:32:b1:2d:66:c3,-86,10
27/04/2026,15:00:54,52,Lab. de redes convergentes,NPEF/NEPA,50:c7:bf:ef:56:8a,-87,3
27/04/2026,15:00:54,52,Lab. de redes convergentes,IFPB-Sala_Professor_14,48:51:cf:81:b0:9e,-87,8
27/04/2026,15:00:54,52,Lab. de redes convergentes,NUNYA_Room_2.4GHz,cc:32:e5:0c:fc:2b,-88,9
27/04/2026,15:00:54,52,Lab. de redes convergentes,EBF243D6-HE8D94yaFM1AOcS,44:d2:44:dd:32:49,-89,11
27/04/2026,15:00:54,52,Lab. de redes convergentes,iPhone de Mariana,62:3d:15:53:5a:cd,-94,1
27/04/2026,15:00:54,52,Lab. de redes convergentes,Matheus,4e:30:53:97:57:bb,-94,11
27/04/2026,15:00:55,52,Lab. de redes convergentes,Lab. de redes convergentes,Lab. de redes convergentes,Lab. de redes convergentes,Lab. de redes convergentes
27/04/2026,15:01:04,53,Lab. de redes convergentes,APTelefonia,58:10:8c:91:f3:aa,-36,1
27/04/2026,15:01:04,53,Lab. de redes convergentes,Intelbras,18:0d:2c:7f:eb:ac,-49,7
27/04/2026,15:01:04,53,Lab. de redes convergentes,IFPB,e4:4e:2d:85:4c:60,-58,11
27/04/2026,15:01:04,53,Lab. de redes convergentes,IFPB-VISITANTE,e4:4e:2d:85:4c:62,-58,11
27/04/2026,15:01:04,53,Lab. de redes convergentes,TP-Link_1324,7c:f1:7e:8d:13:22,-61,10
27/04/2026,15:01:04,53,Lab. de redes convergentes,Lab. de Sinais Digitais,18:d6:c7:f9:37:2f,-70,11
27/04/2026,15:01:04,53,Lab. de redes convergentes,IFPB-Sala_Professor_14,24:fd:0d:57:19:26,-72,5
27/04/2026,15:01:04,53,Lab. de redes convergentes,IFPB TCC,d8:5d:4c:86:7e:66,-73,1
27/04/2026,15:01:04,53,Lab. de redes convergentes,IFPB,24:36:da:2b:bc:00,-77,6
27/04/2026,15:01:04,53,Lab. de redes convergentes,IFPB-VISITANTE,24:36:da:2b:bc:02,-77,6
27/04/2026,15:01:04,53,Lab. de redes convergentes,IFPB-VISITANTE,84:f1:47:54:96:e2,-80,1
27/04/2026,15:01:04,53,Lab. de redes convergentes,IFPB,84:f1:47:54:96:e0,-80,1
27/04/2026,15:01:04,53,Lab. de redes convergentes,GPDS,00:26:5a:66:55:ef,-80,6
27/04/2026,15:01:04,53,Lab. de redes convergentes,NPEF/NEPA,50:c7:bf:ef:56:8a,-84,3
27/04/2026,15:01:04,53,Lab. de redes convergentes,IFPB,84:f1:47:54:eb:20,-85,6
27/04/2026,15:01:04,53,Lab. de redes convergentes,SALA_MESTRADO,64:66:b3:62:eb:86,-86,1
27/04/2026,15:01:04,53,Lab. de redes convergentes,IFPB-Sala_Professor_14,48:51:cf:81:b0:9e,-86,8
27/04/2026,15:01:04,53,Lab. de redes convergentes,IFPB-VISITANTE,84:f1:47:54:eb:22,-87,6
27/04/2026,15:01:04,53,Lab. de redes convergentes,UA2-MiniLab,60:32:b1:2d:66:c3,-88,10
27/04/2026,15:01:04,53,Lab. de redes convergentes,EBF243D6-HE8D94yaFM1AOcS,44:d2:44:dd:32:49,-89,11
27/04/2026,15:01:04,53,Lab. de redes convergentes,iPhone de Mariana,62:3d:15:53:5a:cd,-91,1
27/04/2026,15:01:04,53,Lab. de redes convergentes,IFPB-Sala_13,e8:94:f6:b9:2f:46,-91,6
27/04/2026,15:01:05,53,Lab. de redes convergentes,NUNYA_Room_2.4GHz,cc:32:e5:0c:fc:2b,-92,9
27/04/2026,15:01:05,53,Lab. de redes convergentes,Matheus,4e:30:53:97:57:bb,-92,11
27/04/2026,15:01:05,53,Lab. de redes convergentes,Lab. de redes convergentes,Lab. de redes convergentes,Lab. de redes convergentes,Lab. de redes convergentes
27/04/2026,15:01:14,54,Lab. de redes convergentes,APTelefonia,58:10:8c:91:f3:aa,-36,1
27/04/2026,15:01:14,54,Lab. de redes convergentes,Intelbras,18:0d:2c:7f:eb:ac,-48,7
27/04/2026,15:01:14,54,Lab. de redes convergentes,IFPB,e4:4e:2d:85:4c:60,-59,11
27/04/2026,15:01:14,54,Lab. de redes convergentes,IFPB-VISITANTE,e4:4e:2d:85:4c:62,-59,11
27/04/2026,15:01:14,54,Lab. de redes convergentes,TP-Link_1324,7c:f1:7e:8d:13:22,-62,10
27/04/2026,15:01:14,54,Lab. de redes convergentes,Lab. de Sinais Digitais,18:d6:c7:f9:37:2f,-68,11
27/04/2026,15:01:14,54,Lab. de redes convergentes,IFPB TCC,d8:5d:4c:86:7e:66,-73,1
27/04/2026,15:01:14,54,Lab. de redes convergentes,IFPB-Sala_Professor_14,24:fd:0d:57:19:26,-77,5
27/04/2026,15:01:14,54,Lab. de redes convergentes,IFPB-VISITANTE,24:36:da:2b:bc:02,-78,6
27/04/2026,15:01:14,54,Lab. de redes convergentes,IFPB,24:36:da:2b:bc:00,-79,6
27/04/2026,15:01:14,54,Lab. de redes convergentes,GPDS,00:26:5a:66:55:ef,-80,6
27/04/2026,15:01:14,54,Lab. de redes convergentes,IFPB,84:f1:47:54:96:e0,-81,1
27/04/2026,15:01:14,54,Lab. de redes convergentes,IFPB-VISITANTE,84:f1:47:54:96:e2,-82,1
27/04/2026,15:01:14,54,Lab. de redes convergentes,SALA_MESTRADO,64:66:b3:62:eb:86,-84,1
27/04/2026,15:01:14,54,Lab. de redes convergentes,IFPB-VISITANTE,84:f1:47:54:eb:22,-87,6
27/04/2026,15:01:14,54,Lab. de redes convergentes,IFPB-Sala_Professor_14,48:51:cf:81:b0:9e,-87,8
27/04/2026,15:01:14,54,Lab. de redes convergentes,UA2-MiniLab,60:32:b1:2d:66:c3,-87,10
27/04/2026,15:01:15,54,Lab. de redes convergentes,NPEF/NEPA,50:c7:bf:ef:56:8a,-88,3
27/04/2026,15:01:15,54,Lab. de redes convergentes,EBF243D6-HE8D94yaFM1AOcS,44:d2:44:dd:32:49,-91,11
27/04/2026,15:01:15,54,Lab. de redes convergentes,iPhone de Mariana,62:3d:15:53:5a:cd,-92,1
27/04/2026,15:01:15,54,Lab. de redes convergentes,Lab Redes Convergentes,64:70:02:99:fe:f4,-93,1
27/04/2026,15:01:15,54,Lab. de redes convergentes,NUNYA_Room_2.4GHz,cc:32:e5:0c:fc:2b,-93,9
27/04/2026,15:01:15,54,Lab. de redes convergentes,TP-Link_C3CB,d8:0d:17:3e:c3:cb,-94,4
27/04/2026,15:01:15,54,Lab. de redes convergentes,Lab. de redes convergentes,Lab. de redes convergentes,Lab. de redes convergentes,Lab. de redes convergentes
27/04/2026,15:01:24,55,Lab. de redes convergentes,APTelefonia,58:10:8c:91:f3:aa,-36,1
27/04/2026,15:01:24,55,Lab. de redes convergentes,Intelbras,18:0d:2c:7f:eb:ac,-48,7
27/04/2026,15:01:24,55,Lab. de redes convergentes,IFPB,e4:4e:2d:85:4c:60,-58,11
27/04/2026,15:01:24,55,Lab. de redes convergentes,IFPB-VISITANTE,e4:4e:2d:85:4c:62,-58,11
27/04/2026,15:01:24,55,Lab. de redes convergentes,TP-Link_1324,7c:f1:7e:8d:13:22,-62,10
27/04/2026,15:01:24,55,Lab. de redes convergentes,Lab. de Sinais Digitais,18:d6:c7:f9:37:2f,-69,11
27/04/2026,15:01:25,55,Lab. de redes convergentes,IFPB-Sala_Professor_14,24:fd:0d:57:19:26,-70,5
27/04/2026,15:01:25,55,Lab. de redes convergentes,IFPB TCC,d8:5d:4c:86:7e:66,-73,1
27/04/2026,15:01:25,55,Lab. de redes convergentes,IFPB,24:36:da:2b:bc:00,-77,6
27/04/2026,15:01:25,55,Lab. de redes convergentes,IFPB-VISITANTE,24:36:da:2b:bc:02,-77,6
27/04/2026,15:01:25,55,Lab. de redes convergentes,IFPB-VISITANTE,84:f1:47:54:96:e2,-81,1
27/04/2026,15:01:25,55,Lab. de redes convergentes,IFPB,84:f1:47:54:96:e0,-83,1
27/04/2026,15:01:25,55,Lab. de redes convergentes,GPDS,00:26:5a:66:55:ef,-86,6
27/04/2026,15:01:25,55,Lab. de redes convergentes,IFPB-Sala_Professor_14,48:51:cf:81:b0:9e,-87,8
27/04/2026,15:01:25,55,Lab. de redes convergentes,UA2-MiniLab,60:32:b1:2d:66:c3,-87,10
27/04/2026,15:01:25,55,Lab. de redes convergentes,SALA_MESTRADO,64:66:b3:62:eb:86,-88,1
27/04/2026,15:01:25,55,Lab. de redes convergentes,NUNYA_Room_2.4GHz,cc:32:e5:0c:fc:2b,-90,9
27/04/2026,15:01:25,55,Lab. de redes convergentes,iPhone de Mariana,62:3d:15:53:5a:cd,-91,1
27/04/2026,15:01:25,55,Lab. de redes convergentes,NPEF/NEPA,50:c7:bf:ef:56:8a,-91,3
27/04/2026,15:01:25,55,Lab. de redes convergentes,EBF243D6-HE8D94yaFM1AOcS,44:d2:44:dd:32:49,-93,11
27/04/2026,15:01:25,55,Lab. de redes convergentes,IFPB-Sala_13,e8:94:f6:b9:2f:46,-94,6
27/04/2026,15:01:25,55,Lab. de redes convergentes,Lab. de redes convergentes,Lab. de redes convergentes,Lab. de redes convergentes,Lab. de redes convergentes
27/04/2026,15:01:50,56,Lab. de fibras ópticas,APTelefonia,58:10:8c:91:f3:aa,-43,1
27/04/2026,15:01:50,56,Lab. de fibras ópticas,Intelbras,18:0d:2c:7f:eb:ac,-62,7
27/04/2026,15:01:50,56,Lab. de fibras ópticas,IFPB-VISITANTE,e4:4e:2d:85:4c:62,-63,11
27/04/2026,15:01:50,56,Lab. de fibras ópticas,IFPB,e4:4e:2d:85:4c:60,-64,11
27/04/2026,15:01:50,56,Lab. de fibras ópticas,IFPB-Sala_Professor_14,24:fd:0d:57:19:26,-68,5
27/04/2026,15:01:50,56,Lab. de fibras ópticas,TP-Link_1324,7c:f1:7e:8d:13:22,-68,10
27/04/2026,15:01:50,56,Lab. de fibras ópticas,Lab. de Sinais Digitais,18:d6:c7:f9:37:2f,-69,11
27/04/2026,15:01:50,56,Lab. de fibras ópticas,IFPB,84:f1:47:54:96:e0,-72,1
27/04/2026,15:01:50,56,Lab. de fibras ópticas,IFPB-VISITANTE,84:f1:47:54:96:e2,-72,1
27/04/2026,15:01:50,56,Lab. de fibras ópticas,GPDS,00:26:5a:66:55:ef,-72,6
27/04/2026,15:01:50,56,Lab. de fibras ópticas,UA2-MiniLab,60:32:b1:2d:66:c3,-78,10
27/04/2026,15:01:50,56,Lab. de fibras ópticas,IFPB-Sala_Professor_14,48:51:cf:81:b0:9e,-80,8
27/04/2026,15:01:50,56,Lab. de fibras ópticas,IFPB,84:f1:47:54:eb:20,-81,6
27/04/2026,15:01:50,56,Lab. de fibras ópticas,IFPB-VISITANTE,84:f1:47:54:eb:22,-81,6
27/04/2026,15:01:50,56,Lab. de fibras ópticas,IFPB,24:36:da:2b:bc:00,-82,6
27/04/2026,15:01:50,56,Lab. de fibras ópticas,IFPB-VISITANTE,24:36:da:2b:bc:02,-82,6
27/04/2026,15:01:50,56,Lab. de fibras ópticas,NPEF/NEPA,50:c7:bf:ef:56:8a,-83,3
27/04/2026,15:01:50,56,Lab. de fibras ópticas,A26 de Taciana,22:54:c2:cb:89:d4,-86,6
27/04/2026,15:01:50,56,Lab. de fibras ópticas,SALA_MESTRADO,64:66:b3:62:eb:86,-88,1
27/04/2026,15:01:50,56,Lab. de fibras ópticas,IFPB TCC,d8:5d:4c:86:7e:66,-90,1
27/04/2026,15:01:51,56,Lab. de fibras ópticas,NUNYA_Room_2.4GHz,cc:32:e5:0c:fc:2b,-91,9
27/04/2026,15:01:51,56,Lab. de fibras ópticas,EBF243D6-HE8D94yaFM1AOcS,44:d2:44:dd:32:49,-95,11
27/04/2026,15:01:51,56,Lab. de fibras ópticas,Lab. de redes convergentes,Lab. de fibras ópticas,Lab. de redes convergentes,Lab. de fibras ópticas
27/04/2026,15:02:00,57,Lab. de fibras ópticas,APTelefonia,58:10:8c:91:f3:aa,-45,1
27/04/2026,15:02:00,57,Lab. de fibras ópticas,Intelbras,18:0d:2c:7f:eb:ac,-60,7
27/04/2026,15:02:00,57,Lab. de fibras ópticas,IFPB,e4:4e:2d:85:4c:60,-61,11
27/04/2026,15:02:00,57,Lab. de fibras ópticas,IFPB-VISITANTE,e4:4e:2d:85:4c:62,-61,11
27/04/2026,15:02:00,57,Lab. de fibras ópticas,TP-Link_1324,7c:f1:7e:8d:13:22,-62,10
27/04/2026,15:02:00,57,Lab. de fibras ópticas,Lab. de Sinais Digitais,18:d6:c7:f9:37:2f,-63,11
27/04/2026,15:02:00,57,Lab. de fibras ópticas,IFPB-Sala_Professor_14,24:fd:0d:57:19:26,-68,5
27/04/2026,15:02:00,57,Lab. de fibras ópticas,GPDS,00:26:5a:66:55:ef,-68,6
27/04/2026,15:02:00,57,Lab. de fibras ópticas,IFPB-VISITANTE,84:f1:47:54:96:e2,-72,1
27/04/2026,15:02:00,57,Lab. de fibras ópticas,IFPB,84:f1:47:54:96:e0,-73,1
27/04/2026,15:02:00,57,Lab. de fibras ópticas,UA2-MiniLab,60:32:b1:2d:66:c3,-76,10
27/04/2026,15:02:00,57,Lab. de fibras ópticas,SALA_MESTRADO,64:66:b3:62:eb:86,-81,1
27/04/2026,15:02:00,57,Lab. de fibras ópticas,IFPB-VISITANTE,84:f1:47:54:eb:22,-81,6
27/04/2026,15:02:00,57,Lab. de fibras ópticas,IFPB,84:f1:47:54:eb:20,-82,6
27/04/2026,15:02:00,57,Lab. de fibras ópticas,NPEF/NEPA,50:c7:bf:ef:56:8a,-83,3
27/04/2026,15:02:00,57,Lab. de fibras ópticas,IFPB-VISITANTE,24:36:da:2b:bc:02,-84,6
27/04/2026,15:02:00,57,Lab. de fibras ópticas,IFPB-Sala_Professor_14,48:51:cf:81:b0:9e,-85,8
27/04/2026,15:02:01,57,Lab. de fibras ópticas,IFPB TCC,d8:5d:4c:86:7e:66,-87,1
27/04/2026,15:02:01,57,Lab. de fibras ópticas,A26 de Taciana,22:54:c2:cb:89:d4,-88,6
27/04/2026,15:02:01,57,Lab. de fibras ópticas,IFPB-Sala_13,e8:94:f6:b9:2f:46,-90,6
27/04/2026,15:02:01,57,Lab. de fibras ópticas,NUNYA_Room_2.4GHz,cc:32:e5:0c:fc:2b,-92,9
27/04/2026,15:02:01,57,Lab. de fibras ópticas,TP-Link_C3CB,d8:0d:17:3e:c3:cb,-93,4
27/04/2026,15:02:01,57,Lab. de fibras ópticas,EBF243D6-HE8D94yaFM1AOcS,44:d2:44:dd:32:49,-93,11
27/04/2026,15:02:01,57,Lab. de fibras ópticas,Lab. de redes convergentes,Lab. de fibras ópticas,Lab. de redes convergentes,Lab. de fibras ópticas
27/04/2026,15:02:10,58,Lab. de fibras ópticas,APTelefonia,58:10:8c:91:f3:aa,-44,1
27/04/2026,15:02:10,58,Lab. de fibras ópticas,Intelbras,18:0d:2c:7f:eb:ac,-60,7
27/04/2026,15:02:10,58,Lab. de fibras ópticas,IFPB,e4:4e:2d:85:4c:60,-61,11
27/04/2026,15:02:10,58,Lab. de fibras ópticas,IFPB-VISITANTE,e4:4e:2d:85:4c:62,-61,11
27/04/2026,15:02:10,58,Lab. de fibras ópticas,Lab. de Sinais Digitais,18:d6:c7:f9:37:2f,-64,11
27/04/2026,15:02:10,58,Lab. de fibras ópticas,IFPB-Sala_Professor_14,24:fd:0d:57:19:26,-67,5
27/04/2026,15:02:10,58,Lab. de fibras ópticas,TP-Link_1324,7c:f1:7e:8d:13:22,-70,10
27/04/2026,15:02:10,58,Lab. de fibras ópticas,IFPB-VISITANTE,84:f1:47:54:96:e2,-71,1
27/04/2026,15:02:10,58,Lab. de fibras ópticas,IFPB,84:f1:47:54:96:e0,-72,1
27/04/2026,15:02:10,58,Lab. de fibras ópticas,GPDS,00:26:5a:66:55:ef,-72,6
27/04/2026,15:02:11,58,Lab. de fibras ópticas,UA2-MiniLab,60:32:b1:2d:66:c3,-76,10
27/04/2026,15:02:11,58,Lab. de fibras ópticas,IFPB,84:f1:47:54:eb:20,-80,6
27/04/2026,15:02:11,58,Lab. de fibras ópticas,IFPB-VISITANTE,84:f1:47:54:eb:22,-80,6
27/04/2026,15:02:11,58,Lab. de fibras ópticas,IFPB-Sala_Professor_14,48:51:cf:81:b0:9e,-82,8
27/04/2026,15:02:11,58,Lab. de fibras ópticas,SALA_MESTRADO,64:66:b3:62:eb:86,-83,1
27/04/2026,15:02:11,58,Lab. de fibras ópticas,NPEF/NEPA,50:c7:bf:ef:56:8a,-84,3
27/04/2026,15:02:11,58,Lab. de fibras ópticas,IFPB-VISITANTE,24:36:da:2b:bc:02,-85,6
27/04/2026,15:02:11,58,Lab. de fibras ópticas,IFPB TCC,d8:5d:4c:86:7e:66,-90,1
27/04/2026,15:02:11,58,Lab. de fibras ópticas,NUNYA_Room_2.4GHz,cc:32:e5:0c:fc:2b,-91,9
27/04/2026,15:02:11,58,Lab. de fibras ópticas,TP-Link_C3CB,d8:0d:17:3e:c3:cb,-92,4
27/04/2026,15:02:11,58,Lab. de fibras ópticas,EBF243D6-HE8D94yaFM1AOcS,44:d2:44:dd:32:49,-94,11
27/04/2026,15:02:11,58,Lab. de fibras ópticas,Lab. de redes convergentes,Lab. de fibras ópticas,Lab. de redes convergentes,Lab. de fibras ópticas
27/04/2026,15:02:21,59,Lab. de fibras ópticas,APTelefonia,58:10:8c:91:f3:aa,-46,1
27/04/2026,15:02:21,59,Lab. de fibras ópticas,Intelbras,18:0d:2c:7f:eb:ac,-58,7
27/04/2026,15:02:21,59,Lab. de fibras ópticas,IFPB,e4:4e:2d:85:4c:60,-60,11
27/04/2026,15:02:21,59,Lab. de fibras ópticas,IFPB-VISITANTE,e4:4e:2d:85:4c:62,-60,11
27/04/2026,15:02:21,59,Lab. de fibras ópticas,Lab. de Sinais Digitais,18:d6:c7:f9:37:2f,-63,11
27/04/2026,15:02:21,59,Lab. de fibras ópticas,IFPB-Sala_Professor_14,24:fd:0d:57:19:26,-66,5
27/04/2026,15:02:21,59,Lab. de fibras ópticas,TP-Link_1324,7c:f1:7e:8d:13:22,-66,10
27/04/2026,15:02:21,59,Lab. de fibras ópticas,IFPB-VISITANTE,84:f1:47:54:96:e2,-71,1
27/04/2026,15:02:21,59,Lab. de fibras ópticas,GPDS,00:26:5a:66:55:ef,-71,6
27/04/2026,15:02:21,59,Lab. de fibras ópticas,IFPB,84:f1:47:54:96:e0,-72,1
27/04/2026,15:02:21,59,Lab. de fibras ópticas,UA2-MiniLab,60:32:b1:2d:66:c3,-76,10
27/04/2026,15:02:21,59,Lab. de fibras ópticas,IFPB,24:36:da:2b:bc:00,-79,6
27/04/2026,15:02:21,59,Lab. de fibras ópticas,IFPB-VISITANTE,24:36:da:2b:bc:02,-79,6
27/04/2026,15:02:21,59,Lab. de fibras ópticas,SALA_MESTRADO,64:66:b3:62:eb:86,-80,1
27/04/2026,15:02:21,59,Lab. de fibras ópticas,IFPB-Sala_Professor_14,48:51:cf:81:b0:9e,-80,8
27/04/2026,15:02:21,59,Lab. de fibras ópticas,NPEF/NEPA,50:c7:bf:ef:56:8a,-82,3
27/04/2026,15:02:21,59,Lab. de fibras ópticas,IFPB,84:f1:47:54:eb:20,-83,6
27/04/2026,15:02:21,59,Lab. de fibras ópticas,IFPB-VISITANTE,84:f1:47:54:eb:22,-83,6
27/04/2026,15:02:21,59,Lab. de fibras ópticas,A26 de Taciana,22:54:c2:cb:89:d4,-85,6
27/04/2026,15:02:21,59,Lab. de fibras ópticas,IFPB,84:f1:47:54:8b:a0,-87,1
27/04/2026,15:02:21,59,Lab. de fibras ópticas,IFPB-VISITANTE,84:f1:47:54:8b:a2,-89,1
27/04/2026,15:02:21,59,Lab. de fibras ópticas,IFPB TCC,d8:5d:4c:86:7e:66,-89,1
27/04/2026,15:02:21,59,Lab. de fibras ópticas,NUNYA_Room_2.4GHz,cc:32:e5:0c:fc:2b,-92,9
27/04/2026,15:02:21,59,Lab. de fibras ópticas,EBF243D6-HE8D94yaFM1AOcS,44:d2:44:dd:32:49,-92,11
27/04/2026,15:02:21,59,Lab. de fibras ópticas,Lab. de redes convergentes,Lab. de fibras ópticas,Lab. de redes convergentes,Lab. de fibras ópticas
27/04/2026,15:02:31,60,Lab. de fibras ópticas,APTelefonia,58:10:8c:91:f3:aa,-47,1
27/04/2026,15:02:31,60,Lab. de fibras ópticas,Intelbras,18:0d:2c:7f:eb:ac,-59,7
27/04/2026,15:02:31,60,Lab. de fibras ópticas,IFPB,e4:4e:2d:85:4c:60,-61,11
27/04/2026,15:02:31,60,Lab. de fibras ópticas,IFPB-VISITANTE,e4:4e:2d:85:4c:62,-61,11
27/04/2026,15:02:31,60,Lab. de fibras ópticas,TP-Link_1324,7c:f1:7e:8d:13:22,-63,10
27/04/2026,15:02:31,60,Lab. de fibras ópticas,Lab. de Sinais Digitais,18:d6:c7:f9:37:2f,-63,11
27/04/2026,15:02:31,60,Lab. de fibras ópticas,IFPB-Sala_Professor_14,24:fd:0d:57:19:26,-67,5
27/04/2026,15:02:31,60,Lab. de fibras ópticas,IFPB,84:f1:47:54:96:e0,-72,1
27/04/2026,15:02:31,60,Lab. de fibras ópticas,IFPB-VISITANTE,84:f1:47:54:96:e2,-72,1
27/04/2026,15:02:31,60,Lab. de fibras ópticas,IFPB,24:36:da:2b:bc:00,-77,6
27/04/2026,15:02:31,60,Lab. de fibras ópticas,IFPB-VISITANTE,24:36:da:2b:bc:02,-77,6
27/04/2026,15:02:31,60,Lab. de fibras ópticas,UA2-MiniLab,60:32:b1:2d:66:c3,-77,10
27/04/2026,15:02:31,60,Lab. de fibras ópticas,GPDS,00:26:5a:66:55:ef,-79,6
27/04/2026,15:02:31,60,Lab. de fibras ópticas,SALA_MESTRADO,64:66:b3:62:eb:86,-80,1
27/04/2026,15:02:31,60,Lab. de fibras ópticas,IFPB-Sala_Professor_14,48:51:cf:81:b0:9e,-80,8
27/04/2026,15:02:31,60,Lab. de fibras ópticas,IFPB,84:f1:47:54:eb:20,-81,6
27/04/2026,15:02:31,60,Lab. de fibras ópticas,IFPB-VISITANTE,84:f1:47:54:eb:22,-83,6
27/04/2026,15:02:31,60,Lab. de fibras ópticas,NPEF/NEPA,50:c7:bf:ef:56:8a,-84,3
27/04/2026,15:02:31,60,Lab. de fibras ópticas,A26 de Taciana,22:54:c2:cb:89:d4,-84,6
27/04/2026,15:02:31,60,Lab. de fibras ópticas,IFPB TCC,d8:5d:4c:86:7e:66,-85,1
27/04/2026,15:02:31,60,Lab. de fibras ópticas,IFPB-VISITANTE,84:f1:47:54:8b:a2,-90,1
27/04/2026,15:02:31,60,Lab. de fibras ópticas,NUNYA_Room_2.4GHz,cc:32:e5:0c:fc:2b,-90,9
27/04/2026,15:02:31,60,Lab. de fibras ópticas,EBF243D6-HE8D94yaFM1AOcS,44:d2:44:dd:32:49,-92,11
27/04/2026,15:02:31,60,Lab. de fibras ópticas,Lab. de redes convergentes,Lab. de fibras ópticas,Lab. de redes convergentes,Lab. de fibras ópticas
27/04/2026,15:02:54,61,Pesquisa em Eng. Elétrica,Lab. de Sinais Digitais,18:d6:c7:f9:37:2f,-46,11
27/04/2026,15:02:54,61,Pesquisa em Eng. Elétrica,APTelefonia,58:10:8c:91:f3:aa,-56,1
27/04/2026,15:02:54,61,Pesquisa em Eng. Elétrica,Intelbras,18:0d:2c:7f:eb:ac,-63,7
27/04/2026,15:02:54,61,Pesquisa em Eng. Elétrica,SALA_MESTRADO,64:66:b3:62:eb:86,-69,1
27/04/2026,15:02:54,61,Pesquisa em Eng. Elétrica,NPEF/NEPA,50:c7:bf:ef:56:8a,-73,3
27/04/2026,15:02:54,61,Pesquisa em Eng. Elétrica,IFPB-Sala_Professor_14,48:51:cf:81:b0:9e,-73,8
27/04/2026,15:02:54,61,Pesquisa em Eng. Elétrica,UA2-MiniLab,60:32:b1:2d:66:c3,-74,10
27/04/2026,15:02:54,61,Pesquisa em Eng. Elétrica,IFPB-Sala_Professor_14,24:fd:0d:57:19:26,-76,5
27/04/2026,15:02:54,61,Pesquisa em Eng. Elétrica,GPDS,00:26:5a:66:55:ef,-78,6
27/04/2026,15:02:54,61,Pesquisa em Eng. Elétrica,IFPB-VISITANTE,84:f1:47:54:eb:22,-78,6
27/04/2026,15:02:54,61,Pesquisa em Eng. Elétrica,IFPB,e4:4e:2d:85:4c:60,-78,11
27/04/2026,15:02:54,61,Pesquisa em Eng. Elétrica,IFPB,84:f1:47:54:eb:20,-79,6
27/04/2026,15:02:54,61,Pesquisa em Eng. Elétrica,IFPB-VISITANTE,e4:4e:2d:85:4c:62,-79,11
27/04/2026,15:02:54,61,Pesquisa em Eng. Elétrica,A26 de Taciana,22:54:c2:cb:89:d4,-80,6
27/04/2026,15:02:54,61,Pesquisa em Eng. Elétrica,TP-Link_1324,7c:f1:7e:8d:13:22,-80,10
27/04/2026,15:02:54,61,Pesquisa em Eng. Elétrica,NUNYA_Room_2.4GHz,cc:32:e5:0c:fc:2b,-83,9
27/04/2026,15:02:54,61,Pesquisa em Eng. Elétrica,TP-Link_C3CB,d8:0d:17:3e:c3:cb,-85,4
27/04/2026,15:02:54,61,Pesquisa em Eng. Elétrica,IFPB-VISITANTE,84:f1:47:54:96:e2,-86,1
27/04/2026,15:02:54,61,Pesquisa em Eng. Elétrica,IFPB-VISITANTE,84:f1:47:54:f9:82,-86,11
27/04/2026,15:02:54,61,Pesquisa em Eng. Elétrica,IFPB,84:f1:47:54:8b:a0,-87,1
27/04/2026,15:02:54,61,Pesquisa em Eng. Elétrica,IFPB,84:f1:47:54:96:e0,-87,1
27/04/2026,15:02:54,61,Pesquisa em Eng. Elétrica,IFPB TCC,d8:5d:4c:86:7e:66,-87,1
27/04/2026,15:02:54,61,Pesquisa em Eng. Elétrica,IFPB,84:f1:47:54:f9:80,-87,11
27/04/2026,15:02:55,61,Pesquisa em Eng. Elétrica,IFPB-VISITANTE,84:f1:47:54:8b:a2,-88,1
27/04/2026,15:02:55,61,Pesquisa em Eng. Elétrica,IFPB-Sala_13,e8:94:f6:b9:2f:46,-90,6
27/04/2026,15:02:55,61,Pesquisa em Eng. Elétrica,EBF243D6-HE8D94yaFM1AOcS,44:d2:44:dd:32:49,-92,11
27/04/2026,15:02:55,61,Pesquisa em Eng. Elétrica,Pesquisa em Eng. Elétrica,Pesquisa em Eng. Elétrica,Pesquisa em Eng. Elétrica,Pesquisa em Eng. Elétrica
27/04/2026,15:03:04,62,Pesquisa em Eng. Elétrica,Lab. de Sinais Digitais,18:d6:c7:f9:37:2f,-45,11
27/04/2026,15:03:04,62,Pesquisa em Eng. Elétrica,APTelefonia,58:10:8c:91:f3:aa,-55,1
27/04/2026,15:03:04,62,Pesquisa em Eng. Elétrica,Intelbras,18:0d:2c:7f:eb:ac,-60,7
27/04/2026,15:03:04,62,Pesquisa em Eng. Elétrica,GPDS,00:26:5a:66:55:ef,-63,6
27/04/2026,15:03:04,62,Pesquisa em Eng. Elétrica,SALA_MESTRADO,64:66:b3:62:eb:86,-67,1
27/04/2026,15:03:04,62,Pesquisa em Eng. Elétrica,IFPB-Sala_Professor_14,24:fd:0d:57:19:26,-72,5
27/04/2026,15:03:04,62,Pesquisa em Eng. Elétrica,UA2-MiniLab,60:32:b1:2d:66:c3,-73,10
27/04/2026,15:03:04,62,Pesquisa em Eng. Elétrica,IFPB-Sala_Professor_14,48:51:cf:81:b0:9e,-75,8
27/04/2026,15:03:04,62,Pesquisa em Eng. Elétrica,NPEF/NEPA,50:c7:bf:ef:56:8a,-77,3
27/04/2026,15:03:04,62,Pesquisa em Eng. Elétrica,IFPB,84:f1:47:54:eb:20,-78,6
27/04/2026,15:03:04,62,Pesquisa em Eng. Elétrica,IFPB-VISITANTE,84:f1:47:54:eb:22,-78,6
27/04/2026,15:03:04,62,Pesquisa em Eng. Elétrica,TP-Link_1324,7c:f1:7e:8d:13:22,-78,10
27/04/2026,15:03:04,62,Pesquisa em Eng. Elétrica,NUNYA_Room_2.4GHz,cc:32:e5:0c:fc:2b,-79,9
27/04/2026,15:03:04,62,Pesquisa em Eng. Elétrica,A26 de Taciana,22:54:c2:cb:89:d4,-82,6
27/04/2026,15:03:04,62,Pesquisa em Eng. Elétrica,IFPB,e4:4e:2d:85:4c:60,-83,11
27/04/2026,15:03:05,62,Pesquisa em Eng. Elétrica,IFPB-VISITANTE,e4:4e:2d:85:4c:62,-84,11
27/04/2026,15:03:05,62,Pesquisa em Eng. Elétrica,IFPB-VISITANTE,84:f1:47:54:f9:82,-86,11
27/04/2026,15:03:05,62,Pesquisa em Eng. Elétrica,IFPB,84:f1:47:54:f9:80,-86,11
27/04/2026,15:03:05,62,Pesquisa em Eng. Elétrica,IFPB-VISITANTE,84:f1:47:54:96:e2,-87,1
27/04/2026,15:03:05,62,Pesquisa em Eng. Elétrica,IFPB,84:f1:47:54:96:e0,-87,1
27/04/2026,15:03:05,62,Pesquisa em Eng. Elétrica,IFPB TCC,d8:5d:4c:86:7e:66,-87,1
27/04/2026,15:03:05,62,Pesquisa em Eng. Elétrica,TP-Link_C3CB,d8:0d:17:3e:c3:cb,-88,4
27/04/2026,15:03:05,62,Pesquisa em Eng. Elétrica,IFPB-Sala_13,e8:94:f6:b9:2f:46,-88,6
27/04/2026,15:03:05,62,Pesquisa em Eng. Elétrica,EBF243D6-HE8D94yaFM1AOcS,44:d2:44:dd:32:49,-92,11
27/04/2026,15:03:05,62,Pesquisa em Eng. Elétrica,Práticas didáticas,Práticas didáticas,Práticas didáticas,Práticas didáticas
27/04/2026,15:03:14,63,Pesquisa em Eng. Elétrica,Lab. de Sinais Digitais,18:d6:c7:f9:37:2f,-36,11
27/04/2026,15:03:14,63,Pesquisa em Eng. Elétrica,APTelefonia,58:10:8c:91:f3:aa,-55,1
27/04/2026,15:03:14,63,Pesquisa em Eng. Elétrica,Intelbras,18:0d:2c:7f:eb:ac,-62,7
27/04/2026,15:03:14,63,Pesquisa em Eng. Elétrica,UA2-MiniLab,60:32:b1:2d:66:c3,-67,10
27/04/2026,15:03:14,63,Pesquisa em Eng. Elétrica,SALA_MESTRADO,64:66:b3:62:eb:86,-69,1
27/04/2026,15:03:14,63,Pesquisa em Eng. Elétrica,GPDS,00:26:5a:66:55:ef,-71,6
27/04/2026,15:03:14,63,Pesquisa em Eng. Elétrica,TP-Link_1324,7c:f1:7e:8d:13:22,-75,10
27/04/2026,15:03:14,63,Pesquisa em Eng. Elétrica,IFPB-Sala_Professor_14,24:fd:0d:57:19:26,-76,5
27/04/2026,15:03:14,63,Pesquisa em Eng. Elétrica,IFPB-VISITANTE,84:f1:47:54:eb:22,-78,6
27/04/2026,15:03:14,63,Pesquisa em Eng. Elétrica,IFPB,84:f1:47:54:eb:20,-78,6
27/04/2026,15:03:15,63,Pesquisa em Eng. Elétrica,NPEF/NEPA,50:c7:bf:ef:56:8a,-79,3
27/04/2026,15:03:15,63,Pesquisa em Eng. Elétrica,NUNYA_Room_2.4GHz,cc:32:e5:0c:fc:2b,-80,9
27/04/2026,15:03:15,63,Pesquisa em Eng. Elétrica,IFPB-Sala_Professor_14,48:51:cf:81:b0:9e,-84,8
27/04/2026,15:03:15,63,Pesquisa em Eng. Elétrica,IFPB,e4:4e:2d:85:4c:60,-84,11
27/04/2026,15:03:15,63,Pesquisa em Eng. Elétrica,IFPB-VISITANTE,e4:4e:2d:85:4c:62,-84,11
27/04/2026,15:03:15,63,Pesquisa em Eng. Elétrica,IFPB,84:f1:47:54:f9:80,-85,11
27/04/2026,15:03:15,63,Pesquisa em Eng. Elétrica,IFPB-VISITANTE,84:f1:47:54:f9:82,-85,11
27/04/2026,15:03:15,63,Pesquisa em Eng. Elétrica,IFPB TCC,d8:5d:4c:86:7e:66,-88,1
27/04/2026,15:03:15,63,Pesquisa em Eng. Elétrica,IFPB-Sala_13,e8:94:f6:b9:2f:46,-88,6
27/04/2026,15:03:15,63,Pesquisa em Eng. Elétrica,TP-Link_C3CB,d8:0d:17:3e:c3:cb,-89,4
27/04/2026,15:03:15,63,Pesquisa em Eng. Elétrica,EBF243D6-HE8D94yaFM1AOcS,44:d2:44:dd:32:49,-89,11
27/04/2026,15:03:15,63,Pesquisa em Eng. Elétrica,A26 de Taciana,22:54:c2:cb:89:d4,-92,6
27/04/2026,15:03:15,63,Pesquisa em Eng. Elétrica,Práticas didáticas,Práticas didáticas,Práticas didáticas,Práticas didáticas
27/04/2026,15:03:25,64,Pesquisa em Eng. Elétrica,Lab. de Sinais Digitais,18:d6:c7:f9:37:2f,-37,11
27/04/2026,15:03:25,64,Pesquisa em Eng. Elétrica,APTelefonia,58:10:8c:91:f3:aa,-60,1
27/04/2026,15:03:25,64,Pesquisa em Eng. Elétrica,GPDS,00:26:5a:66:55:ef,-61,6
27/04/2026,15:03:25,64,Pesquisa em Eng. Elétrica,Intelbras,18:0d:2c:7f:eb:ac,-61,7
27/04/2026,15:03:25,64,Pesquisa em Eng. Elétrica,UA2-MiniLab,60:32:b1:2d:66:c3,-67,10
27/04/2026,15:03:25,64,Pesquisa em Eng. Elétrica,SALA_MESTRADO,64:66:b3:62:eb:86,-74,1
27/04/2026,15:03:25,64,Pesquisa em Eng. Elétrica,NUNYA_Room_2.4GHz,cc:32:e5:0c:fc:2b,-76,9
27/04/2026,15:03:25,64,Pesquisa em Eng. Elétrica,IFPB-VISITANTE,e4:4e:2d:85:4c:62,-76,11
27/04/2026,15:03:25,64,Pesquisa em Eng. Elétrica,IFPB-Sala_Professor_14,24:fd:0d:57:19:26,-77,5
27/04/2026,15:03:25,64,Pesquisa em Eng. Elétrica,IFPB-Sala_Professor_14,48:51:cf:81:b0:9e,-77,8
27/04/2026,15:03:25,64,Pesquisa em Eng. Elétrica,IFPB,e4:4e:2d:85:4c:60,-77,11
27/04/2026,15:03:25,64,Pesquisa em Eng. Elétrica,NPEF/NEPA,50:c7:bf:ef:56:8a,-80,3
27/04/2026,15:03:25,64,Pesquisa em Eng. Elétrica,IFPB,84:f1:47:54:eb:20,-80,6
27/04/2026,15:03:25,64,Pesquisa em Eng. Elétrica,TP-Link_1324,7c:f1:7e:8d:13:22,-80,10
27/04/2026,15:03:25,64,Pesquisa em Eng. Elétrica,IFPB-VISITANTE,84:f1:47:54:8b:a2,-81,1
27/04/2026,15:03:25,64,Pesquisa em Eng. Elétrica,IFPB-VISITANTE,84:f1:47:54:eb:22,-81,6
27/04/2026,15:03:25,64,Pesquisa em Eng. Elétrica,IFPB,84:f1:47:54:8b:a0,-82,1
27/04/2026,15:03:25,64,Pesquisa em Eng. Elétrica,IFPB TCC,d8:5d:4c:86:7e:66,-84,1
27/04/2026,15:03:25,64,Pesquisa em Eng. Elétrica,A26 de Taciana,22:54:c2:cb:89:d4,-84,6
27/04/2026,15:03:25,64,Pesquisa em Eng. Elétrica,IFPB,84:f1:47:54:f9:80,-85,11
27/04/2026,15:03:25,64,Pesquisa em Eng. Elétrica,IFPB-VISITANTE,84:f1:47:54:f9:82,-85,11
27/04/2026,15:03:25,64,Pesquisa em Eng. Elétrica,EBF243D6-HE8D94yaFM1AOcS,44:d2:44:dd:32:49,-87,11
27/04/2026,15:03:25,64,Pesquisa em Eng. Elétrica,IFPB-Sala_13,e8:94:f6:b9:2f:46,-92,6
27/04/2026,15:03:25,64,Pesquisa em Eng. Elétrica,EBF230F1-HA8D94yZ3n1AOdi,44:d2:44:dd:2c:c4,-94,11
27/04/2026,15:03:25,64,Pesquisa em Eng. Elétrica,Práticas didáticas,Práticas didáticas,Práticas didáticas,Práticas didáticas
27/04/2026,15:03:35,65,Pesquisa em Eng. Elétrica,Lab. de Sinais Digitais,18:d6:c7:f9:37:2f,-39,11
27/04/2026,15:03:35,65,Pesquisa em Eng. Elétrica,APTelefonia,58:10:8c:91:f3:aa,-60,1
27/04/2026,15:03:35,65,Pesquisa em Eng. Elétrica,Intelbras,18:0d:2c:7f:eb:ac,-62,7
27/04/2026,15:03:35,65,Pesquisa em Eng. Elétrica,UA2-MiniLab,60:32:b1:2d:66:c3,-67,10
27/04/2026,15:03:35,65,Pesquisa em Eng. Elétrica,GPDS,00:26:5a:66:55:ef,-71,6
27/04/2026,15:03:35,65,Pesquisa em Eng. Elétrica,NPEF/NEPA,50:c7:bf:ef:56:8a,-73,3
27/04/2026,15:03:35,65,Pesquisa em Eng. Elétrica,SALA_MESTRADO,64:66:b3:62:eb:86,-75,1
27/04/2026,15:03:35,65,Pesquisa em Eng. Elétrica,IFPB-Sala_Professor_14,24:fd:0d:57:19:26,-76,5
27/04/2026,15:03:35,65,Pesquisa em Eng. Elétrica,A26 de Taciana,22:54:c2:cb:89:d4,-79,6
27/04/2026,15:03:35,65,Pesquisa em Eng. Elétrica,IFPB-Sala_Professor_14,48:51:cf:81:b0:9e,-80,8
27/04/2026,15:03:35,65,Pesquisa em Eng. Elétrica,NUNYA_Room_2.4GHz,cc:32:e5:0c:fc:2b,-81,9
27/04/2026,15:03:35,65,Pesquisa em Eng. Elétrica,IFPB,84:f1:47:54:eb:20,-82,6
27/04/2026,15:03:35,65,Pesquisa em Eng. Elétrica,IFPB-VISITANTE,84:f1:47:54:eb:22,-82,6
27/04/2026,15:03:35,65,Pesquisa em Eng. Elétrica,TP-Link_1324,7c:f1:7e:8d:13:22,-83,10
27/04/2026,15:03:35,65,Pesquisa em Eng. Elétrica,IFPB TCC,d8:5d:4c:86:7e:66,-84,1
27/04/2026,15:03:35,65,Pesquisa em Eng. Elétrica,IFPB-VISITANTE,84:f1:47:54:8b:a2,-85,1
27/04/2026,15:03:35,65,Pesquisa em Eng. Elétrica,IFPB,84:f1:47:54:8b:a0,-86,1
27/04/2026,15:03:35,65,Pesquisa em Eng. Elétrica,IFPB,24:36:da:2b:bc:00,-86,6
27/04/2026,15:03:35,65,Pesquisa em Eng. Elétrica,TP-Link_C3CB,d8:0d:17:3e:c3:cb,-87,4
27/04/2026,15:03:35,65,Pesquisa em Eng. Elétrica,IFPB-VISITANTE,24:36:da:2b:bc:02,-87,6
27/04/2026,15:03:35,65,Pesquisa em Eng. Elétrica,IFPB-VISITANTE,84:f1:47:54:96:e2,-88,1
27/04/2026,15:03:35,65,Pesquisa em Eng. Elétrica,IFPB,84:f1:47:54:96:e0,-88,1
27/04/2026,15:03:35,65,Pesquisa em Eng. Elétrica,IFPB,84:f1:47:54:f9:80,-88,11
27/04/2026,15:03:35,65,Pesquisa em Eng. Elétrica,IFPB-Sala_13,e8:94:f6:b9:2f:46,-89,6
27/04/2026,15:03:35,65,Pesquisa em Eng. Elétrica,IFPB-VISITANTE,84:f1:47:54:f9:82,-90,11
27/04/2026,15:03:35,65,Pesquisa em Eng. Elétrica,EBF243D6-HE8D94yaFM1AOcS,44:d2:44:dd:32:49,-93,11
27/04/2026,15:03:35,65,Pesquisa em Eng. Elétrica,EBF230F1-HA8D94yZ3n1AOdi,44:d2:44:dd:2c:c4,-97,11
27/04/2026,15:03:35,65,Pesquisa em Eng. Elétrica,Práticas didáticas,Práticas didáticas,Práticas didáticas,Práticas didáticas
27/04/2026,15:04:26,66,Práticas didáticas,Lab. de Sinais Digitais,18:d6:c7:f9:37:2f,-43,11
27/04/2026,15:04:26,66,Práticas didáticas,NPEF/NEPA,50:c7:bf:ef:56:8a,-66,3
27/04/2026,15:04:26,66,Práticas didáticas,GPDS,00:26:5a:66:55:ef,-66,6
27/04/2026,15:04:26,66,Práticas didáticas,Intelbras,18:0d:2c:7f:eb:ac,-66,7
27/04/2026,15:04:26,66,Práticas didáticas,UA2-MiniLab,60:32:b1:2d:66:c3,-66,10
27/04/2026,15:04:26,66,Práticas didáticas,APTelefonia,58:10:8c:91:f3:aa,-69,1
27/04/2026,15:04:26,66,Práticas didáticas,IFPB-Sala_Professor_14,24:fd:0d:57:19:26,-72,5
27/04/2026,15:04:26,66,Práticas didáticas,A26 de Taciana,22:54:c2:cb:89:d4,-72,6
27/04/2026,15:04:26,66,Práticas didáticas,IFPB-VISITANTE,84:f1:47:54:8b:a2,-76,1
27/04/2026,15:04:26,66,Práticas didáticas,IFPB,84:f1:47:54:8b:a0,-77,1
27/04/2026,15:04:27,66,Práticas didáticas,TP-Link_1324,7c:f1:7e:8d:13:22,-77,10
27/04/2026,15:04:27,66,Práticas didáticas,IFPB-VISITANTE,84:f1:47:54:f9:82,-79,11
27/04/2026,15:04:27,66,Práticas didáticas,IFPB,84:f1:47:54:f9:80,-80,11
27/04/2026,15:04:27,66,Práticas didáticas,SALA_MESTRADO,64:66:b3:62:eb:86,-81,1
27/04/2026,15:04:27,66,Práticas didáticas,EBF243D6-HE8D94yaFM1AOcS,44:d2:44:dd:32:49,-81,11
27/04/2026,15:04:27,66,Práticas didáticas,IFPB-VISITANTE,84:f1:47:54:eb:22,-82,6
27/04/2026,15:04:27,66,Práticas didáticas,IFPB-VISITANTE,e4:4e:2d:85:4c:62,-82,11
27/04/2026,15:04:27,66,Práticas didáticas,TP-Link_C3CB,d8:0d:17:3e:c3:cb,-83,4
27/04/2026,15:04:27,66,Práticas didáticas,IFPB,84:f1:47:54:eb:20,-83,6
27/04/2026,15:04:27,66,Práticas didáticas,IFPB,e4:4e:2d:85:4c:60,-83,11
27/04/2026,15:04:27,66,Práticas didáticas,NUNYA_Room_2.4GHz,cc:32:e5:0c:fc:2b,-84,9
27/04/2026,15:04:27,66,Práticas didáticas,IFPB-Sala_13,e8:94:f6:b9:2f:46,-86,6
27/04/2026,15:04:27,66,Práticas didáticas,IFPB-Sala_Professor_14,48:51:cf:81:b0:9e,-86,8
27/04/2026,15:04:27,66,Práticas didáticas,IFPB TCC,d8:5d:4c:86:7e:66,-90,1
27/04/2026,15:04:27,66,Práticas didáticas,EBF230F1-HA8D94yZ3n1AOdi,44:d2:44:dd:2c:c4,-94,11
27/04/2026,15:04:27,66,Práticas didáticas,Práticas didáticas,Práticas didáticas,Práticas didáticas,Práticas didáticas
27/04/2026,15:04:36,67,Práticas didáticas,Lab. de Sinais Digitais,18:d6:c7:f9:37:2f,-45,11
27/04/2026,15:04:36,67,Práticas didáticas,GPDS,00:26:5a:66:55:ef,-61,6
27/04/2026,15:04:36,67,Práticas didáticas,UA2-MiniLab,60:32:b1:2d:66:c3,-67,10
27/04/2026,15:04:36,67,Práticas didáticas,SALA_MESTRADO,64:66:b3:62:eb:86,-68,1
27/04/2026,15:04:36,67,Práticas didáticas,APTelefonia,58:10:8c:91:f3:aa,-68,1
27/04/2026,15:04:37,67,Práticas didáticas,Intelbras,18:0d:2c:7f:eb:ac,-68,7
27/04/2026,15:04:37,67,Práticas didáticas,IFPB-Sala_Professor_14,24:fd:0d:57:19:26,-70,5
27/04/2026,15:04:37,67,Práticas didáticas,A26 de Taciana,22:54:c2:cb:89:d4,-71,6
27/04/2026,15:04:37,67,Práticas didáticas,NPEF/NEPA,50:c7:bf:ef:56:8a,-75,3
27/04/2026,15:04:37,67,Práticas didáticas,IFPB,84:f1:47:54:eb:20,-75,6
27/04/2026,15:04:37,67,Práticas didáticas,IFPB-VISITANTE,84:f1:47:54:eb:22,-75,6
27/04/2026,15:04:37,67,Práticas didáticas,TP-Link_1324,7c:f1:7e:8d:13:22,-75,10
27/04/2026,15:04:37,67,Práticas didáticas,NUNYA_Room_2.4GHz,cc:32:e5:0c:fc:2b,-78,9
27/04/2026,15:04:37,67,Práticas didáticas,EBF243D6-HE8D94yaFM1AOcS,44:d2:44:dd:32:49,-78,11
27/04/2026,15:04:37,67,Práticas didáticas,IFPB,84:f1:47:54:f9:80,-78,11
27/04/2026,15:04:37,67,Práticas didáticas,IFPB-VISITANTE,84:f1:47:54:f9:82,-78,11
27/04/2026,15:04:37,67,Práticas didáticas,IFPB,84:f1:47:54:8b:a0,-80,1
27/04/2026,15:04:37,67,Práticas didáticas,IFPB-VISITANTE,84:f1:47:54:8b:a2,-80,1
27/04/2026,15:04:37,67,Práticas didáticas,IFPB-Sala_Professor_14,48:51:cf:81:b0:9e,-83,8
27/04/2026,15:04:37,67,Práticas didáticas,IFPB,e4:4e:2d:85:4c:60,-83,11
27/04/2026,15:04:37,67,Práticas didáticas,IFPB-VISITANTE,e4:4e:2d:85:4c:62,-83,11
27/04/2026,15:04:37,67,Práticas didáticas,TP-Link_C3CB,d8:0d:17:3e:c3:cb,-85,4
27/04/2026,15:04:37,67,Práticas didáticas,IFPB-Sala_13,e8:94:f6:b9:2f:46,-86,6
27/04/2026,15:04:37,67,Práticas didáticas,IFPB TCC,d8:5d:4c:86:7e:66,-91,1
27/04/2026,15:04:37,67,Práticas didáticas,EBF230F1-HA8D94yZ3n1AOdi,44:d2:44:dd:2c:c4,-95,11
27/04/2026,15:04:37,67,Práticas didáticas,Práticas didáticas,Práticas didáticas,Práticas didáticas,Práticas didáticas
27/04/2026,15:04:47,68,Práticas didáticas,Lab. de Sinais Digitais,18:d6:c7:f9:37:2f,-48,11
27/04/2026,15:04:47,68,Práticas didáticas,GPDS,00:26:5a:66:55:ef,-64,6
27/04/2026,15:04:47,68,Práticas didáticas,APTelefonia,58:10:8c:91:f3:aa,-66,1
27/04/2026,15:04:47,68,Práticas didáticas,UA2-MiniLab,60:32:b1:2d:66:c3,-66,10
27/04/2026,15:04:47,68,Práticas didáticas,Intelbras,18:0d:2c:7f:eb:ac,-68,7
27/04/2026,15:04:47,68,Práticas didáticas,NPEF/NEPA,50:c7:bf:ef:56:8a,-69,3
27/04/2026,15:04:47,68,Práticas didáticas,A26 de Taciana,22:54:c2:cb:89:d4,-71,6
27/04/2026,15:04:47,68,Práticas didáticas,IFPB-Sala_Professor_14,24:fd:0d:57:19:26,-72,5
27/04/2026,15:04:47,68,Práticas didáticas,NUNYA_Room_2.4GHz,cc:32:e5:0c:fc:2b,-73,9
27/04/2026,15:04:47,68,Práticas didáticas,IFPB,84:f1:47:54:eb:20,-74,6
27/04/2026,15:04:47,68,Práticas didáticas,IFPB-VISITANTE,84:f1:47:54:eb:22,-74,6
27/04/2026,15:04:47,68,Práticas didáticas,IFPB-VISITANTE,84:f1:47:54:8b:a2,-76,1
27/04/2026,15:04:47,68,Práticas didáticas,SALA_MESTRADO,64:66:b3:62:eb:86,-76,1
27/04/2026,15:04:47,68,Práticas didáticas,IFPB,84:f1:47:54:8b:a0,-77,1
27/04/2026,15:04:47,68,Práticas didáticas,IFPB-VISITANTE,84:f1:47:54:f9:82,-78,11
27/04/2026,15:04:47,68,Práticas didáticas,IFPB,84:f1:47:54:f9:80,-78,11
27/04/2026,15:04:47,68,Práticas didáticas,TP-Link_1324,7c:f1:7e:8d:13:22,-79,10
27/04/2026,15:04:47,68,Práticas didáticas,IFPB-Sala_13,e8:94:f6:b9:2f:46,-80,6
27/04/2026,15:04:47,68,Práticas didáticas,IFPB-Sala_Professor_14,48:51:cf:81:b0:9e,-80,8
27/04/2026,15:04:47,68,Práticas didáticas,EBF243D6-HE8D94yaFM1AOcS,44:d2:44:dd:32:49,-80,11
27/04/2026,15:04:47,68,Práticas didáticas,IFPB,e4:4e:2d:85:4c:60,-82,11
27/04/2026,15:04:47,68,Práticas didáticas,IFPB-VISITANTE,e4:4e:2d:85:4c:62,-84,11
27/04/2026,15:04:47,68,Práticas didáticas,TP-Link_C3CB,d8:0d:17:3e:c3:cb,-87,4
27/04/2026,15:04:47,68,Práticas didáticas,IFPB-VISITANTE,24:36:da:2b:5e:c2,-88,1
27/04/2026,15:04:47,68,Práticas didáticas,IFPB TCC,d8:5d:4c:86:7e:66,-89,1
27/04/2026,15:04:47,68,Práticas didáticas,Práticas didáticas,Práticas didáticas,Práticas didáticas,Práticas didáticas
27/04/2026,15:04:57,69,Práticas didáticas,Lab. de Sinais Digitais,18:d6:c7:f9:37:2f,-50,11
27/04/2026,15:04:57,69,Práticas didáticas,UA2-MiniLab,60:32:b1:2d:66:c3,-62,10
27/04/2026,15:04:57,69,Práticas didáticas,NPEF/NEPA,50:c7:bf:ef:56:8a,-67,3
27/04/2026,15:04:57,69,Práticas didáticas,APTelefonia,58:10:8c:91:f3:aa,-68,1
27/04/2026,15:04:57,69,Práticas didáticas,Intelbras,18:0d:2c:7f:eb:ac,-69,7
27/04/2026,15:04:57,69,Práticas didáticas,GPDS,00:26:5a:66:55:ef,-70,6
27/04/2026,15:04:57,69,Práticas didáticas,IFPB-Sala_Professor_14,24:fd:0d:57:19:26,-71,5
27/04/2026,15:04:57,69,Práticas didáticas,A26 de Taciana,22:54:c2:cb:89:d4,-73,6
27/04/2026,15:04:57,69,Práticas didáticas,IFPB,84:f1:47:54:eb:20,-75,6
27/04/2026,15:04:57,69,Práticas didáticas,IFPB-VISITANTE,84:f1:47:54:eb:22,-75,6
27/04/2026,15:04:57,69,Práticas didáticas,SALA_MESTRADO,64:66:b3:62:eb:86,-77,1
27/04/2026,15:04:57,69,Práticas didáticas,IFPB,84:f1:47:54:8b:a0,-77,1
27/04/2026,15:04:57,69,Práticas didáticas,IFPB-VISITANTE,84:f1:47:54:8b:a2,-77,1
27/04/2026,15:04:57,69,Práticas didáticas,TP-Link_1324,7c:f1:7e:8d:13:22,-79,10
27/04/2026,15:04:57,69,Práticas didáticas,IFPB,84:f1:47:54:f9:80,-79,11
27/04/2026,15:04:57,69,Práticas didáticas,IFPB-VISITANTE,84:f1:47:54:f9:82,-79,11
27/04/2026,15:04:57,69,Práticas didáticas,IFPB-Sala_Professor_14,48:51:cf:81:b0:9e,-80,8
27/04/2026,15:04:57,69,Práticas didáticas,EBF243D6-HE8D94yaFM1AOcS,44:d2:44:dd:32:49,-80,11
27/04/2026,15:04:57,69,Práticas didáticas,NUNYA_Room_2.4GHz,cc:32:e5:0c:fc:2b,-83,9
27/04/2026,15:04:57,69,Práticas didáticas,IFPB-VISITANTE,e4:4e:2d:85:4c:62,-83,11
27/04/2026,15:04:57,69,Práticas didáticas,IFPB,e4:4e:2d:85:4c:60,-84,11
27/04/2026,15:04:57,69,Práticas didáticas,IFPB-Sala_13,e8:94:f6:b9:2f:46,-87,6
27/04/2026,15:04:57,69,Práticas didáticas,TP-Link_C3CB,d8:0d:17:3e:c3:cb,-89,4
27/04/2026,15:04:57,69,Práticas didáticas,IFPB TCC,d8:5d:4c:86:7e:66,-93,1
27/04/2026,15:04:57,69,Práticas didáticas,Práticas didáticas,Práticas didáticas,Práticas didáticas,Práticas didáticas
27/04/2026,15:05:07,70,Práticas didáticas,Lab. de Sinais Digitais,18:d6:c7:f9:37:2f,-48,11
27/04/2026,15:05:07,70,Práticas didáticas,UA2-MiniLab,60:32:b1:2d:66:c3,-60,10
27/04/2026,15:05:07,70,Práticas didáticas,APTelefonia,58:10:8c:91:f3:aa,-62,1
27/04/2026,15:05:07,70,Práticas didáticas,GPDS,00:26:5a:66:55:ef,-68,6
27/04/2026,15:05:07,70,Práticas didáticas,NPEF/NEPA,50:c7:bf:ef:56:8a,-70,3
27/04/2026,15:05:07,70,Práticas didáticas,IFPB-Sala_Professor_14,24:fd:0d:57:19:26,-71,5
27/04/2026,15:05:07,70,Práticas didáticas,A26 de Taciana,22:54:c2:cb:89:d4,-72,6
27/04/2026,15:05:07,70,Práticas didáticas,Intelbras,18:0d:2c:7f:eb:ac,-72,7
27/04/2026,15:05:07,70,Práticas didáticas,IFPB,84:f1:47:54:eb:20,-75,6
27/04/2026,15:05:07,70,Práticas didáticas,IFPB-VISITANTE,84:f1:47:54:eb:22,-75,6
27/04/2026,15:05:07,70,Práticas didáticas,IFPB-Sala_Professor_14,48:51:cf:81:b0:9e,-75,8
27/04/2026,15:05:07,70,Práticas didáticas,NUNYA_Room_2.4GHz,cc:32:e5:0c:fc:2b,-77,9
27/04/2026,15:05:07,70,Práticas didáticas,IFPB,84:f1:47:54:8b:a0,-78,1
27/04/2026,15:05:07,70,Práticas didáticas,IFPB-VISITANTE,84:f1:47:54:8b:a2,-78,1
27/04/2026,15:05:07,70,Práticas didáticas,TP-Link_1324,7c:f1:7e:8d:13:22,-78,10
27/04/2026,15:05:07,70,Práticas didáticas,SALA_MESTRADO,64:66:b3:62:eb:86,-79,1
27/04/2026,15:05:07,70,Práticas didáticas,IFPB-VISITANTE,e4:4e:2d:85:4c:62,-79,11
27/04/2026,15:05:07,70,Práticas didáticas,IFPB,e4:4e:2d:85:4c:60,-80,11
27/04/2026,15:05:07,70,Práticas didáticas,TP-Link_C3CB,d8:0d:17:3e:c3:cb,-83,4
27/04/2026,15:05:07,70,Práticas didáticas,IFPB,84:f1:47:54:f9:80,-84,11
27/04/2026,15:05:07,70,Práticas didáticas,IFPB-VISITANTE,84:f1:47:54:f9:82,-84,11
27/04/2026,15:05:08,70,Práticas didáticas,EBF243D6-HE8D94yaFM1AOcS,44:d2:44:dd:32:49,-85,11
27/04/2026,15:05:08,70,Práticas didáticas,IFPB TCC,d8:5d:4c:86:7e:66,-89,1
27/04/2026,15:05:08,70,Práticas didáticas,IFPB-VISITANTE,24:36:da:2b:5e:c2,-89,1
27/04/2026,15:05:08,70,Práticas didáticas,IFPB-Sala_13,e8:94:f6:b9:2f:46,-94,6
27/04/2026,15:05:08,70,Práticas didáticas,Práticas didáticas,Práticas didáticas,Práticas didáticas,Práticas didáticas
27/04/2026,15:05:51,71,Sala dos professores,IFPB-Sala_Professor_14,24:fd:0d:57:19:26,-47,5
27/04/2026,15:05:51,71,Sala dos professores,IFPB-Sala_Professor_14,48:51:cf:81:b0:9e,-53,8
27/04/2026,15:05:51,71,Sala dos professores,NUNYA_Room_2.4GHz,cc:32:e5:0c:fc:2b,-58,9
27/04/2026,15:05:51,71,Sala dos professores,IFPB,84:f1:47:54:fd:c0,-63,1
27/04/2026,15:05:51,71,Sala dos professores,IFPB-VISITANTE,84:f1:47:54:fd:c2,-63,1
27/04/2026,15:05:52,71,Sala dos professores,IFPB-Sala_13,e8:94:f6:b9:2f:46,-64,6
27/04/2026,15:05:52,71,Sala dos professores,APTelefonia,58:10:8c:91:f3:aa,-66,1
27/04/2026,15:05:52,71,Sala dos professores,IFPB TCC,d8:5d:4c:86:7e:66,-67,1
27/04/2026,15:05:52,71,Sala dos professores,TP-Link_C3CB,d8:0d:17:3e:c3:cb,-72,4
27/04/2026,15:05:52,71,Sala dos professores,Intelbras,18:0d:2c:7f:eb:ac,-73,7
27/04/2026,15:05:52,71,Sala dos professores,Lab. de Sinais Digitais,18:d6:c7:f9:37:2f,-75,11
27/04/2026,15:05:52,71,Sala dos professores,GPDS,00:26:5a:66:55:ef,-77,6
27/04/2026,15:05:52,71,Sala dos professores,SALA_MESTRADO,64:66:b3:62:eb:86,-80,1
27/04/2026,15:05:52,71,Sala dos professores,TP-Link_1324,7c:f1:7e:8d:13:22,-80,10
27/04/2026,15:05:52,71,Sala dos professores,UA2-MiniLab,60:32:b1:2d:66:c3,-81,10
27/04/2026,15:05:52,71,Sala dos professores,EBF230F1-HA8D94yZ3n1AOdi,44:d2:44:dd:2c:c4,-85,11
27/04/2026,15:05:52,71,Sala dos professores,IFPB,e4:4e:2d:85:4c:60,-87,11
27/04/2026,15:05:52,71,Sala dos professores,IFPB-VISITANTE,e4:4e:2d:85:4c:62,-87,11
27/04/2026,15:05:52,71,Sala dos professores,Lab Redes Convergentes,64:70:02:99:fe:f4,-88,1
27/04/2026,15:05:52,71,Sala dos professores,IFPB-VISITANTE,84:f1:47:54:96:e2,-89,1
27/04/2026,15:05:52,71,Sala dos professores,IFPB,84:f1:47:54:96:e0,-89,1
27/04/2026,15:05:52,71,Sala dos professores,IFPB,84:f1:47:54:7f:20,-89,11
27/04/2026,15:05:52,71,Sala dos professores,IFPB-VISITANTE,84:f1:47:54:7f:22,-89,11
27/04/2026,15:05:52,71,Sala dos professores,IFPB-VISITANTE,84:f1:47:54:95:e2,-91,11
27/04/2026,15:05:52,71,Sala dos professores,IFPB,84:f1:47:54:f9:80,-91,11
27/04/2026,15:05:52,71,Sala dos professores,NPEF/NEPA,50:c7:bf:ef:56:8a,-93,3
27/04/2026,15:05:52,71,Sala dos professores,Sala dos professores,Sala dos professores,Sala dos professores,Sala dos professores
27/04/2026,15:06:02,72,Sala dos professores,IFPB-Sala_Professor_14,24:fd:0d:57:19:26,-46,5
27/04/2026,15:06:02,72,Sala dos professores,IFPB-Sala_Professor_14,48:51:cf:81:b0:9e,-59,8
27/04/2026,15:06:02,72,Sala dos professores,IFPB,84:f1:47:54:fd:c0,-62,1
27/04/2026,15:06:02,72,Sala dos professores,IFPB-VISITANTE,84:f1:47:54:fd:c2,-63,1
27/04/2026,15:06:02,72,Sala dos professores,IFPB-Sala_13,e8:94:f6:b9:2f:46,-63,6
27/04/2026,15:06:02,72,Sala dos professores,IFPB TCC,d8:5d:4c:86:7e:66,-69,1
27/04/2026,15:06:02,72,Sala dos professores,APTelefonia,58:10:8c:91:f3:aa,-70,1
27/04/2026,15:06:02,72,Sala dos professores,NUNYA_Room_2.4GHz,cc:32:e5:0c:fc:2b,-71,9
27/04/2026,15:06:02,72,Sala dos professores,TP-Link_C3CB,d8:0d:17:3e:c3:cb,-73,4
27/04/2026,15:06:02,72,Sala dos professores,Lab. de Sinais Digitais,18:d6:c7:f9:37:2f,-74,11
27/04/2026,15:06:02,72,Sala dos professores,GPDS,00:26:5a:66:55:ef,-75,6
27/04/2026,15:06:02,72,Sala dos professores,Intelbras,18:0d:2c:7f:eb:ac,-75,7
27/04/2026,15:06:02,72,Sala dos professores,UA2-MiniLab,60:32:b1:2d:66:c3,-78,10
27/04/2026,15:06:02,72,Sala dos professores,SALA_MESTRADO,64:66:b3:62:eb:86,-85,1
27/04/2026,15:06:02,72,Sala dos professores,TP-Link_1324,7c:f1:7e:8d:13:22,-86,10
27/04/2026,15:06:02,72,Sala dos professores,Lab Redes Convergentes,64:70:02:99:fe:f4,-87,1
27/04/2026,15:06:02,72,Sala dos professores,EBF230F1-HA8D94yZ3n1AOdi,44:d2:44:dd:2c:c4,-87,11
27/04/2026,15:06:02,72,Sala dos professores,IFPB,84:f1:47:54:7f:20,-88,11
27/04/2026,15:06:02,72,Sala dos professores,IFPB,84:f1:47:54:96:e0,-89,1
27/04/2026,15:06:02,72,Sala dos professores,IFPB-VISITANTE,84:f1:47:54:96:e2,-89,1
27/04/2026,15:06:02,72,Sala dos professores,IFPB-VISITANTE,84:f1:47:54:7f:22,-89,11
27/04/2026,15:06:02,72,Sala dos professores,NPEF/NEPA,50:c7:bf:ef:56:8a,-92,3
27/04/2026,15:06:02,72,Sala dos professores,Sala dos professores,Sala dos professores,Sala dos professores,Sala dos professores
27/04/2026,15:06:12,73,Sala dos professores,IFPB-Sala_Professor_14,24:fd:0d:57:19:26,-49,5
27/04/2026,15:06:12,73,Sala dos professores,NUNYA_Room_2.4GHz,cc:32:e5:0c:fc:2b,-62,9
27/04/2026,15:06:12,73,Sala dos professores,IFPB,84:f1:47:54:fd:c0,-64,1
27/04/2026,15:06:12,73,Sala dos professores,IFPB-VISITANTE,84:f1:47:54:fd:c2,-64,1
27/04/2026,15:06:12,73,Sala dos professores,IFPB-Sala_Professor_14,48:51:cf:81:b0:9e,-64,8
27/04/2026,15:06:12,73,Sala dos professores,IFPB-Sala_13,e8:94:f6:b9:2f:46,-67,6
27/04/2026,15:06:12,73,Sala dos professores,TP-Link_C3CB,d8:0d:17:3e:c3:cb,-70,4
27/04/2026,15:06:12,73,Sala dos professores,APTelefonia,58:10:8c:91:f3:aa,-72,1
27/04/2026,15:06:12,73,Sala dos professores,Lab. de Sinais Digitais,18:d6:c7:f9:37:2f,-72,11
27/04/2026,15:06:12,73,Sala dos professores,Intelbras,18:0d:2c:7f:eb:ac,-76,7
27/04/2026,15:06:12,73,Sala dos professores,IFPB TCC,d8:5d:4c:86:7e:66,-77,1
27/04/2026,15:06:12,73,Sala dos professores,UA2-MiniLab,60:32:b1:2d:66:c3,-79,10
27/04/2026,15:06:12,73,Sala dos professores,GPDS,00:26:5a:66:55:ef,-82,6
27/04/2026,15:06:12,73,Sala dos professores,TP-Link_1324,7c:f1:7e:8d:13:22,-84,10
27/04/2026,15:06:12,73,Sala dos professores,SALA_MESTRADO,64:66:b3:62:eb:86,-87,1
27/04/2026,15:06:12,73,Sala dos professores,EBF230F1-HA8D94yZ3n1AOdi,44:d2:44:dd:2c:c4,-87,11
27/04/2026,15:06:12,73,Sala dos professores,IFPB,84:f1:47:54:7f:20,-87,11
27/04/2026,15:06:12,73,Sala dos professores,IFPB-VISITANTE,84:f1:47:54:7f:22,-89,11
27/04/2026,15:06:12,73,Sala dos professores,IFPB,84:f1:47:54:96:e0,-91,1
27/04/2026,15:06:12,73,Sala dos professores,Lab Redes Convergentes,64:70:02:99:fe:f4,-92,1
27/04/2026,15:06:12,73,Sala dos professores,Sala dos professores,Sala dos professores,Sala dos professores,Sala dos professores
27/04/2026,15:06:22,74,Sala dos professores,IFPB-Sala_Professor_14,24:fd:0d:57:19:26,-48,5
27/04/2026,15:06:22,74,Sala dos professores,IFPB-Sala_Professor_14,48:51:cf:81:b0:9e,-55,8
27/04/2026,15:06:22,74,Sala dos professores,NUNYA_Room_2.4GHz,cc:32:e5:0c:fc:2b,-62,9
27/04/2026,15:06:22,74,Sala dos professores,IFPB,84:f1:47:54:fd:c0,-64,1
27/04/2026,15:06:22,74,Sala dos professores,IFPB-VISITANTE,84:f1:47:54:fd:c2,-64,1
27/04/2026,15:06:22,74,Sala dos professores,IFPB-Sala_13,e8:94:f6:b9:2f:46,-64,6
27/04/2026,15:06:22,74,Sala dos professores,IFPB TCC,d8:5d:4c:86:7e:66,-69,1
27/04/2026,15:06:22,74,Sala dos professores,TP-Link_C3CB,d8:0d:17:3e:c3:cb,-69,4
27/04/2026,15:06:22,74,Sala dos professores,APTelefonia,58:10:8c:91:f3:aa,-74,1
27/04/2026,15:06:22,74,Sala dos professores,Lab. de Sinais Digitais,18:d6:c7:f9:37:2f,-74,11
27/04/2026,15:06:22,74,Sala dos professores,Intelbras,18:0d:2c:7f:eb:ac,-75,7
27/04/2026,15:06:22,74,Sala dos professores,UA2-MiniLab,60:32:b1:2d:66:c3,-78,10
27/04/2026,15:06:22,74,Sala dos professores,EBF230F1-HA8D94yZ3n1AOdi,44:d2:44:dd:2c:c4,-79,11
27/04/2026,15:06:22,74,Sala dos professores,GPDS,00:26:5a:66:55:ef,-82,6
27/04/2026,15:06:22,74,Sala dos professores,SALA_MESTRADO,64:66:b3:62:eb:86,-84,1
27/04/2026,15:06:22,74,Sala dos professores,TP-Link_1324,7c:f1:7e:8d:13:22,-87,10
27/04/2026,15:06:22,74,Sala dos professores,IFPB,e4:4e:2d:85:4c:60,-88,11
27/04/2026,15:06:22,74,Sala dos professores,IFPB,84:f1:47:54:7f:20,-88,11
27/04/2026,15:06:22,74,Sala dos professores,IFPB,84:f1:47:54:95:e0,-90,11
27/04/2026,15:06:22,74,Sala dos professores,IFPB-VISITANTE,84:f1:47:54:95:e2,-90,11
27/04/2026,15:06:22,74,Sala dos professores,IFPB-VISITANTE,e4:4e:2d:85:4c:62,-90,11
27/04/2026,15:06:22,74,Sala dos professores,Lab Redes Convergentes,64:70:02:99:fe:f4,-92,1
27/04/2026,15:06:22,74,Sala dos professores,Sala dos professores,Sala dos professores,Sala dos professores,Sala dos professores
27/04/2026,15:06:32,75,Sala dos professores,IFPB-Sala_Professor_14,24:fd:0d:57:19:26,-47,5
27/04/2026,15:06:32,75,Sala dos professores,IFPB-Sala_Professor_14,48:51:cf:81:b0:9e,-60,8
27/04/2026,15:06:32,75,Sala dos professores,IFPB,84:f1:47:54:fd:c0,-64,1
27/04/2026,15:06:32,75,Sala dos professores,IFPB-VISITANTE,84:f1:47:54:fd:c2,-64,1
27/04/2026,15:06:32,75,Sala dos professores,NUNYA_Room_2.4GHz,cc:32:e5:0c:fc:2b,-65,9
27/04/2026,15:06:32,75,Sala dos professores,IFPB-Sala_13,e8:94:f6:b9:2f:46,-66,6
27/04/2026,15:06:32,75,Sala dos professores,IFPB TCC,d8:5d:4c:86:7e:66,-67,1
27/04/2026,15:06:32,75,Sala dos professores,Intelbras,18:0d:2c:7f:eb:ac,-68,7
27/04/2026,15:06:32,75,Sala dos professores,TP-Link_C3CB,d8:0d:17:3e:c3:cb,-71,4
27/04/2026,15:06:32,75,Sala dos professores,APTelefonia,58:10:8c:91:f3:aa,-72,1
27/04/2026,15:06:32,75,Sala dos professores,Lab. de Sinais Digitais,18:d6:c7:f9:37:2f,-75,11
27/04/2026,15:06:32,75,Sala dos professores,GPDS,00:26:5a:66:55:ef,-77,6
27/04/2026,15:06:32,75,Sala dos professores,UA2-MiniLab,60:32:b1:2d:66:c3,-80,10
27/04/2026,15:06:32,75,Sala dos professores,SALA_MESTRADO,64:66:b3:62:eb:86,-85,1
27/04/2026,15:06:32,75,Sala dos professores,TP-Link_1324,7c:f1:7e:8d:13:22,-88,10
27/04/2026,15:06:32,75,Sala dos professores,EBF230F1-HA8D94yZ3n1AOdi,44:d2:44:dd:2c:c4,-88,11
27/04/2026,15:06:32,75,Sala dos professores,IFPB,e4:4e:2d:85:4c:60,-89,11
27/04/2026,15:06:32,75,Sala dos professores,Lab Redes Convergentes,64:70:02:99:fe:f4,-90,1
27/04/2026,15:06:32,75,Sala dos professores,IFPB-VISITANTE,e4:4e:2d:85:4c:62,-90,11
27/04/2026,15:06:32,75,Sala dos professores,IFPB,84:f1:47:54:95:e0,-90,11
27/04/2026,15:06:32,75,Sala dos professores,IFPB-VISITANTE,84:f1:47:54:95:e2,-90,11
27/04/2026,15:06:32,75,Sala dos professores,iPhone de Diogo,9a:0e:27:0d:94:a7,-92,6
27/04/2026,15:06:32,75,Sala dos professores,EBF243D6-HE8D94yaFM1AOcS,44:d2:44:dd:32:49,-93,11
27/04/2026,15:06:33,75,Sala dos professores,Sala dos professores,Sala dos professores,Sala dos professores,Sala dos professores
27/04/2026,15:07:45,76,Lab. química 03,TP-Link_1324,7c:f1:7e:8d:13:22,-72,10
27/04/2026,15:07:45,76,Lab. química 03,IFPB,84:f1:47:54:6b:80,-79,6
27/04/2026,15:07:45,76,Lab. química 03,IFPB-VISITANTE,84:f1:47:54:6b:82,-79,6
27/04/2026,15:07:45,76,Lab. química 03,IFPB,b8:11:4b:1d:12:00,-81,1
27/04/2026,15:07:45,76,Lab. química 03,IFPB-VISITANTE,b8:11:4b:1d:12:02,-81,1
27/04/2026,15:07:45,76,Lab. química 03,IFPB-VISITANTE,24:36:da:2b:bc:02,-82,6
27/04/2026,15:07:46,76,Lab. química 03,IFPB,84:f1:47:54:81:00,-82,11
27/04/2026,15:07:46,76,Lab. química 03,IFPB,24:36:da:2b:bc:00,-83,6
27/04/2026,15:07:46,76,Lab. química 03,IFPB-VISITANTE,84:f1:47:54:81:02,-83,11
27/04/2026,15:07:46,76,Lab. química 03,APTelefonia,58:10:8c:91:f3:aa,-84,1
27/04/2026,15:07:46,76,Lab. química 03,IFPB-VISITANTE,84:f1:47:54:7f:62,-85,6
27/04/2026,15:07:46,76,Lab. química 03,IFPB,84:f1:47:54:7f:60,-86,6
27/04/2026,15:07:46,76,Lab. química 03,IFPB,2c:57:41:cd:e1:c0,-87,11
27/04/2026,15:07:46,76,Lab. química 03,IFPB-VISITANTE,2c:57:41:cd:e1:c2,-87,11
27/04/2026,15:07:46,76,Lab. química 03,IFPB,24:36:da:a2:7f:40,-88,6
27/04/2026,15:07:46,76,Lab. química 03,Intelbras,18:0d:2c:7f:eb:ac,-89,7
27/04/2026,15:07:46,76,Lab. química 03,A26 de Taciana,22:54:c2:cb:89:d4,-90,6
27/04/2026,15:07:46,76,Lab. química 03,LIMPEZA,54:e6:fc:cf:22:de,-91,6
27/04/2026,15:07:46,76,Lab. química 03,Lab. química 03,Lab. química 03,Lab. química 03,Lab. química 03
27/04/2026,15:07:55,77,Lab. química 03,TP-Link_1324,7c:f1:7e:8d:13:22,-70,10
27/04/2026,15:07:55,77,Lab. química 03,IFPB,84:f1:47:54:6b:80,-77,6
27/04/2026,15:07:55,77,Lab. química 03,IFPB-VISITANTE,84:f1:47:54:6b:82,-78,6
27/04/2026,15:07:55,77,Lab. química 03,IFPB-VISITANTE,b8:11:4b:1d:12:02,-79,1
27/04/2026,15:07:55,77,Lab. química 03,APTelefonia,58:10:8c:91:f3:aa,-79,1
27/04/2026,15:07:56,77,Lab. química 03,IFPB,b8:11:4b:1d:12:00,-80,1
27/04/2026,15:07:56,77,Lab. química 03,IFPB-VISITANTE,24:36:da:a2:7f:42,-82,6
27/04/2026,15:07:56,77,Lab. química 03,IFPB,24:36:da:a2:7f:40,-83,6
27/04/2026,15:07:56,77,Lab. química 03,IFPB,24:36:da:2b:bc:00,-84,6
27/04/2026,15:07:56,77,Lab. química 03,IFPB-VISITANTE,24:36:da:2b:bc:02,-84,6
27/04/2026,15:07:56,77,Lab. química 03,IFPB-VISITANTE,2c:57:41:cd:e1:c2,-85,11
27/04/2026,15:07:56,77,Lab. química 03,IFPB,2c:57:41:cd:e1:c0,-86,11
27/04/2026,15:07:56,77,Lab. química 03,NPEF/NEPA,50:c7:bf:ef:56:8a,-88,3
27/04/2026,15:07:56,77,Lab. química 03,IFPB,84:f1:47:54:7f:60,-88,6
27/04/2026,15:07:56,77,Lab. química 03,IFPB-VISITANTE,84:f1:47:54:7f:62,-88,6
27/04/2026,15:07:56,77,Lab. química 03,IFPB,84:f1:47:54:81:00,-88,11
27/04/2026,15:07:56,77,Lab. química 03,brisa-3861242,24:2f:d0:cc:ed:8c,-89,2
27/04/2026,15:07:56,77,Lab. química 03,IFPB-VISITANTE,84:f1:47:54:81:02,-89,11
27/04/2026,15:07:56,77,Lab. química 03,Intelbras,18:0d:2c:7f:eb:ac,-91,7
27/04/2026,15:07:56,77,Lab. química 03,Lab. de Sinais Digitais,18:d6:c7:f9:37:2f,-91,11
27/04/2026,15:07:56,77,Lab. química 03,A26 de Taciana,22:54:c2:cb:89:d4,-93,6
27/04/2026,15:07:56,77,Lab. química 03,COPLAN,c4:12:f5:d3:01:90,-95,5
27/04/2026,15:07:56,77,Lab. química 03,JORGE208,f8:d2:ac:5e:66:c7,-96,6
27/04/2026,15:07:56,77,Lab. química 03,CLARO-WIFI,fa:d2:ac:5e:66:c1,-96,6
27/04/2026,15:07:56,77,Lab. química 03,Lab. química 03,Lab. química 03,Lab. química 03,Lab. química 03
27/04/2026,15:08:05,78,Lab. química 03,TP-Link_1324,7c:f1:7e:8d:13:22,-73,10
27/04/2026,15:08:05,78,Lab. química 03,IFPB,84:f1:47:54:6b:80,-77,6
27/04/2026,15:08:05,78,Lab. química 03,IFPB-VISITANTE,84:f1:47:54:6b:82,-77,6
27/04/2026,15:08:05,78,Lab. química 03,IFPB-VISITANTE,b8:11:4b:1d:12:02,-78,1
27/04/2026,15:08:05,78,Lab. química 03,IFPB,b8:11:4b:1d:12:00,-79,1
27/04/2026,15:08:05,78,Lab. química 03,IFPB-VISITANTE,24:36:da:a2:7f:42,-81,6
27/04/2026,15:08:06,78,Lab. química 03,APTelefonia,58:10:8c:91:f3:aa,-82,1
27/04/2026,15:08:06,78,Lab. química 03,IFPB,24:36:da:2b:bc:00,-84,6
27/04/2026,15:08:06,78,Lab. química 03,IFPB-VISITANTE,24:36:da:2b:bc:02,-85,6
27/04/2026,15:08:06,78,Lab. química 03,IFPB-VISITANTE,2c:57:41:cd:e1:c2,-86,11
27/04/2026,15:08:06,78,Lab. química 03,IFPB,2c:57:41:cd:e1:c0,-86,11
27/04/2026,15:08:06,78,Lab. química 03,IFPB,84:f1:47:54:7f:60,-87,6
27/04/2026,15:08:06,78,Lab. química 03,IFPB-VISITANTE,84:f1:47:54:7f:62,-87,6
27/04/2026,15:08:06,78,Lab. química 03,IFPB,84:f1:47:54:81:00,-87,11
27/04/2026,15:08:06,78,Lab. química 03,IFPB-VISITANTE,84:f1:47:54:81:02,-87,11
27/04/2026,15:08:06,78,Lab. química 03,Intelbras,18:0d:2c:7f:eb:ac,-89,7
27/04/2026,15:08:06,78,Lab. química 03,LIMPEZA,54:e6:fc:cf:22:de,-91,6
27/04/2026,15:08:06,78,Lab. química 03,brisa-3861242,24:2f:d0:cc:ed:8c,-92,2
27/04/2026,15:08:06,78,Lab. química 03,NPEF/NEPA,50:c7:bf:ef:56:8a,-93,3
27/04/2026,15:08:06,78,Lab. química 03,COPLAN,c4:12:f5:d3:01:90,-93,5
27/04/2026,15:08:06,78,Lab. química 03,Lab. de Sinais Digitais,18:d6:c7:f9:37:2f,-93,11
27/04/2026,15:08:06,78,Lab. química 03,A26 de Taciana,22:54:c2:cb:89:d4,-95,6
27/04/2026,15:08:06,78,Lab. química 03,Lab. química 03,Lab. química 03,Lab. química 03,Lab. química 03
27/04/2026,15:08:15,79,Lab. química 03,TP-Link_1324,7c:f1:7e:8d:13:22,-74,10
27/04/2026,15:08:15,79,Lab. química 03,IFPB,b8:11:4b:1d:12:00,-77,1
27/04/2026,15:08:15,79,Lab. química 03,IFPB-VISITANTE,b8:11:4b:1d:12:02,-77,1
27/04/2026,15:08:15,79,Lab. química 03,IFPB,84:f1:47:54:6b:80,-79,6
27/04/2026,15:08:15,79,Lab. química 03,IFPB-VISITANTE,84:f1:47:54:6b:82,-80,6
27/04/2026,15:08:15,79,Lab. química 03,IFPB-VISITANTE,24:36:da:2b:bc:02,-82,6
27/04/2026,15:08:16,79,Lab. química 03,APTelefonia,58:10:8c:91:f3:aa,-83,1
27/04/2026,15:08:16,79,Lab. química 03,IFPB,24:36:da:2b:bc:00,-83,6
27/04/2026,15:08:16,79,Lab. química 03,IFPB-VISITANTE,2c:57:41:cd:e1:c2,-86,11
27/04/2026,15:08:16,79,Lab. química 03,IFPB,24:36:da:a2:7f:40,-87,6
27/04/2026,15:08:16,79,Lab. química 03,IFPB,2c:57:41:cd:e1:c0,-87,11
27/04/2026,15:08:16,79,Lab. química 03,IFPB-VISITANTE,24:36:da:a2:7f:42,-88,6
27/04/2026,15:08:16,79,Lab. química 03,IFPB-VISITANTE,84:f1:47:54:7f:62,-88,6
27/04/2026,15:08:16,79,Lab. química 03,LIMPEZA,54:e6:fc:cf:22:de,-89,6
27/04/2026,15:08:16,79,Lab. química 03,Intelbras,18:0d:2c:7f:eb:ac,-89,7
27/04/2026,15:08:16,79,Lab. química 03,brisa-3861242,24:2f:d0:cc:ed:8c,-90,2
27/04/2026,15:08:16,79,Lab. química 03,A26 de Taciana,22:54:c2:cb:89:d4,-91,6
27/04/2026,15:08:16,79,Lab. química 03,COPLAN,c4:12:f5:d3:01:90,-95,5
27/04/2026,15:08:16,79,Lab. química 03,NPEF/NEPA,50:c7:bf:ef:56:8a,-96,3
27/04/2026,15:08:16,79,Lab. química 03,Lab. química 03,Lab. química 03,Lab. química 03,Lab. química 03
27/04/2026,15:08:25,80,Lab. química 03,IFPB-VISITANTE,84:f1:47:54:6b:82,-76,6
27/04/2026,15:08:25,80,Lab. química 03,TP-Link_1324,7c:f1:7e:8d:13:22,-76,10
27/04/2026,15:08:25,80,Lab. química 03,IFPB,b8:11:4b:1d:12:00,-77,1
27/04/2026,15:08:25,80,Lab. química 03,IFPB-VISITANTE,b8:11:4b:1d:12:02,-77,1
27/04/2026,15:08:25,80,Lab. química 03,IFPB,84:f1:47:54:6b:80,-77,6
27/04/2026,15:08:25,80,Lab. química 03,IFPB-VISITANTE,24:36:da:2b:bc:02,-80,6
27/04/2026,15:08:26,80,Lab. química 03,APTelefonia,58:10:8c:91:f3:aa,-81,1
27/04/2026,15:08:26,80,Lab. química 03,IFPB,24:36:da:2b:bc:00,-82,6
27/04/2026,15:08:26,80,Lab. química 03,IFPB-VISITANTE,84:f1:47:54:81:02,-84,11
27/04/2026,15:08:26,80,Lab. química 03,IFPB-VISITANTE,2c:57:41:cd:e1:c2,-85,11
27/04/2026,15:08:26,80,Lab. química 03,IFPB,84:f1:47:54:81:00,-85,11
27/04/2026,15:08:26,80,Lab. química 03,IFPB,2c:57:41:cd:e1:c0,-86,11
27/04/2026,15:08:26,80,Lab. química 03,LIMPEZA,54:e6:fc:cf:22:de,-89,6
27/04/2026,15:08:26,80,Lab. química 03,Intelbras,18:0d:2c:7f:eb:ac,-90,7
27/04/2026,15:08:26,80,Lab. química 03,brisa-3861242,24:2f:d0:cc:ed:8c,-91,2
27/04/2026,15:08:26,80,Lab. química 03,COPLAN,c4:12:f5:d3:01:90,-91,5
27/04/2026,15:08:26,80,Lab. química 03,Lab. de Sinais Digitais,18:d6:c7:f9:37:2f,-91,11
27/04/2026,15:08:26,80,Lab. química 03,NPEF/NEPA,50:c7:bf:ef:56:8a,-93,3
27/04/2026,15:08:26,80,Lab. química 03,A26 de Taciana,22:54:c2:cb:89:d4,-94,6
27/04/2026,15:08:26,80,Lab. química 03,Lab. química 03,Lab. química 03,Lab. química 03,Lab. química 03
27/04/2026,15:08:48,81,Lab. química 01,IFPB,84:f1:47:54:6b:80,-63,6
27/04/2026,15:08:48,81,Lab. química 01,IFPB-VISITANTE,84:f1:47:54:6b:82,-63,6
27/04/2026,15:08:48,81,Lab. química 01,TP-Link_1324,7c:f1:7e:8d:13:22,-76,10
27/04/2026,15:08:48,81,Lab. química 01,IFPB-VISITANTE,24:36:da:a2:7f:42,-82,6
27/04/2026,15:08:48,81,Lab. química 01,IFPB,24:36:da:2b:bc:00,-82,6
27/04/2026,15:08:48,81,Lab. química 01,IFPB-VISITANTE,24:36:da:2b:bc:02,-82,6
27/04/2026,15:08:48,81,Lab. química 01,IFPB,2c:57:41:cd:e1:c0,-82,11
27/04/2026,15:08:48,81,Lab. química 01,IFPB-VISITANTE,2c:57:41:cd:e1:c2,-82,11
27/04/2026,15:08:48,81,Lab. química 01,A26 de Taciana,22:54:c2:cb:89:d4,-83,6
27/04/2026,15:08:48,81,Lab. química 01,IFPB,24:36:da:a2:7f:40,-83,6
27/04/2026,15:08:48,81,Lab. química 01,APTelefonia,58:10:8c:91:f3:aa,-86,1
27/04/2026,15:08:48,81,Lab. química 01,Intelbras,18:0d:2c:7f:eb:ac,-87,7
27/04/2026,15:08:48,81,Lab. química 01,IFPB-VISITANTE,84:f1:47:54:8b:a2,-88,1
27/04/2026,15:08:48,81,Lab. química 01,NPEF/NEPA,50:c7:bf:ef:56:8a,-88,3
27/04/2026,15:08:48,81,Lab. química 01,IFPB,84:f1:47:54:81:00,-89,11
27/04/2026,15:08:48,81,Lab. química 01,IFPB-VISITANTE,84:f1:47:54:81:02,-89,11
27/04/2026,15:08:48,81,Lab. química 01,COPLAN,c4:12:f5:d3:01:90,-90,5
27/04/2026,15:08:48,81,Lab. química 01,Lab. de Sinais Digitais,18:d6:c7:f9:37:2f,-93,11
27/04/2026,15:08:48,81,Lab. química 01,Lab. química 02,Lab. química 02,Lab. química 02,Lab. química 02
27/04/2026,15:08:58,82,Lab. química 01,IFPB,84:f1:47:54:6b:80,-60,6
27/04/2026,15:08:58,82,Lab. química 01,IFPB-VISITANTE,84:f1:47:54:6b:82,-61,6
27/04/2026,15:08:58,82,Lab. química 01,IFPB,2c:57:41:cd:e1:c0,-75,11
27/04/2026,15:08:58,82,Lab. química 01,IFPB-VISITANTE,2c:57:41:cd:e1:c2,-75,11
27/04/2026,15:08:58,82,Lab. química 01,TP-Link_1324,7c:f1:7e:8d:13:22,-77,10
27/04/2026,15:08:58,82,Lab. química 01,IFPB,24:36:da:2b:bc:00,-80,6
27/04/2026,15:08:58,82,Lab. química 01,IFPB-VISITANTE,24:36:da:2b:bc:02,-80,6
27/04/2026,15:08:58,82,Lab. química 01,A26 de Taciana,22:54:c2:cb:89:d4,-81,6
27/04/2026,15:08:58,82,Lab. química 01,APTelefonia,58:10:8c:91:f3:aa,-84,1
27/04/2026,15:08:58,82,Lab. química 01,IFPB-VISITANTE,24:36:da:a2:7f:42,-86,6
27/04/2026,15:08:58,82,Lab. química 01,IFPB,24:36:da:a2:7f:40,-86,6
27/04/2026,15:08:58,82,Lab. química 01,IFPB-VISITANTE,84:f1:47:54:8b:a2,-87,1
27/04/2026,15:08:58,82,Lab. química 01,IFPB,84:f1:47:54:8b:a0,-89,1
27/04/2026,15:08:58,82,Lab. química 01,Intelbras,18:0d:2c:7f:eb:ac,-89,7
27/04/2026,15:08:58,82,Lab. química 01,Lab. de Sinais Digitais,18:d6:c7:f9:37:2f,-90,11
27/04/2026,15:08:58,82,Lab. química 01,NPEF/NEPA,50:c7:bf:ef:56:8a,-93,3
27/04/2026,15:08:58,82,Lab. química 01,COPLAN,c4:12:f5:d3:01:90,-93,5
27/04/2026,15:08:58,82,Lab. química 01,CLARO-WIFI,fa:d2:ac:5e:66:c1,-93,6
27/04/2026,15:08:58,82,Lab. química 01,JORGE208,f8:d2:ac:5e:66:c7,-94,6
27/04/2026,15:08:58,82,Lab. química 01,Lab. química 02,Lab. química 01,Lab. química 02,Lab. química 01
27/04/2026,15:09:08,83,Lab. química 01,IFPB,84:f1:47:54:6b:80,-60,6
27/04/2026,15:09:08,83,Lab. química 01,IFPB-VISITANTE,84:f1:47:54:6b:82,-60,6
27/04/2026,15:09:08,83,Lab. química 01,IFPB-VISITANTE,2c:57:41:cd:e1:c2,-74,11
27/04/2026,15:09:08,83,Lab. química 01,IFPB,2c:57:41:cd:e1:c0,-75,11
27/04/2026,15:09:08,83,Lab. química 01,TP-Link_1324,7c:f1:7e:8d:13:22,-77,10
27/04/2026,15:09:08,83,Lab. química 01,APTelefonia,58:10:8c:91:f3:aa,-79,1
27/04/2026,15:09:08,83,Lab. química 01,IFPB,24:36:da:2b:bc:00,-82,6
27/04/2026,15:09:08,83,Lab. química 01,IFPB-VISITANTE,84:f1:47:54:7f:62,-83,6
27/04/2026,15:09:08,83,Lab. química 01,A26 de Taciana,22:54:c2:cb:89:d4,-83,6
27/04/2026,15:09:08,83,Lab. química 01,IFPB-VISITANTE,24:36:da:2b:bc:02,-84,6
27/04/2026,15:09:08,83,Lab. química 01,IFPB,24:36:da:a2:7f:40,-85,6
27/04/2026,15:09:08,83,Lab. química 01,IFPB-VISITANTE,24:36:da:a2:7f:42,-86,6
27/04/2026,15:09:08,83,Lab. química 01,IFPB,84:f1:47:54:81:00,-88,11
27/04/2026,15:09:08,83,Lab. química 01,IFPB-VISITANTE,84:f1:47:54:81:02,-88,11
27/04/2026,15:09:08,83,Lab. química 01,COPLAN,c4:12:f5:d3:01:90,-89,5
27/04/2026,15:09:08,83,Lab. química 01,NPEF/NEPA,50:c7:bf:ef:56:8a,-90,3
27/04/2026,15:09:08,83,Lab. química 01,IFPB-Sala_Professor_14,24:fd:0d:57:19:26,-90,5
27/04/2026,15:09:08,83,Lab. química 01,Lab. de Sinais Digitais,18:d6:c7:f9:37:2f,-90,11
27/04/2026,15:09:08,83,Lab. química 01,Intelbras,18:0d:2c:7f:eb:ac,-92,7
27/04/2026,15:09:08,83,Lab. química 01,JORGE208,f8:d2:ac:5e:66:c7,-94,6
27/04/2026,15:09:08,83,Lab. química 01,Lab. química 03,Lab. química 02,Lab. química 03,Lab. química 02
27/04/2026,15:09:18,84,Lab. química 01,IFPB,84:f1:47:54:6b:80,-59,6
27/04/2026,15:09:18,84,Lab. química 01,IFPB-VISITANTE,84:f1:47:54:6b:82,-59,6
27/04/2026,15:09:18,84,Lab. química 01,IFPB,2c:57:41:cd:e1:c0,-72,11
27/04/2026,15:09:18,84,Lab. química 01,IFPB-VISITANTE,2c:57:41:cd:e1:c2,-73,11
27/04/2026,15:09:18,84,Lab. química 01,TP-Link_1324,7c:f1:7e:8d:13:22,-78,10
27/04/2026,15:09:18,84,Lab. química 01,APTelefonia,58:10:8c:91:f3:aa,-79,1
27/04/2026,15:09:18,84,Lab. química 01,IFPB,24:36:da:2b:bc:00,-81,6
27/04/2026,15:09:18,84,Lab. química 01,IFPB-VISITANTE,24:36:da:2b:bc:02,-81,6
27/04/2026,15:09:18,84,Lab. química 01,A26 de Taciana,22:54:c2:cb:89:d4,-82,6
27/04/2026,15:09:18,84,Lab. química 01,IFPB,84:f1:47:54:81:00,-87,11
27/04/2026,15:09:18,84,Lab. química 01,Lab. de Sinais Digitais,18:d6:c7:f9:37:2f,-87,11
27/04/2026,15:09:18,84,Lab. química 01,IFPB,84:f1:47:54:8b:a0,-88,1
27/04/2026,15:09:18,84,Lab. química 01,IFPB-VISITANTE,84:f1:47:54:8b:a2,-88,1
27/04/2026,15:09:18,84,Lab. química 01,CLARO-WIFI,fa:d2:ac:5e:66:c1,-88,6
27/04/2026,15:09:18,84,Lab. química 01,IFPB-VISITANTE,84:f1:47:54:81:02,-88,11
27/04/2026,15:09:18,84,Lab. química 01,NPEF/NEPA,50:c7:bf:ef:56:8a,-90,3
27/04/2026,15:09:18,84,Lab. química 01,COPLAN,c4:12:f5:d3:01:90,-90,5
27/04/2026,15:09:18,84,Lab. química 01,IFPB-Sala_Professor_14,24:fd:0d:57:19:26,-90,5
27/04/2026,15:09:18,84,Lab. química 01,Intelbras,18:0d:2c:7f:eb:ac,-92,7
27/04/2026,15:09:18,84,Lab. química 01,Lab. química 02,Lab. química 02,Lab. química 02,Lab. química 02
27/04/2026,15:09:28,85,Lab. química 01,IFPB,84:f1:47:54:6b:80,-60,6
27/04/2026,15:09:28,85,Lab. química 01,IFPB-VISITANTE,84:f1:47:54:6b:82,-61,6
27/04/2026,15:09:28,85,Lab. química 01,IFPB,2c:57:41:cd:e1:c0,-75,11
27/04/2026,15:09:28,85,Lab. química 01,IFPB-VISITANTE,2c:57:41:cd:e1:c2,-75,11
27/04/2026,15:09:28,85,Lab. química 01,TP-Link_1324,7c:f1:7e:8d:13:22,-78,10
27/04/2026,15:09:28,85,Lab. química 01,APTelefonia,58:10:8c:91:f3:aa,-81,1
27/04/2026,15:09:28,85,Lab. química 01,IFPB-VISITANTE,24:36:da:2b:bc:02,-81,6
27/04/2026,15:09:28,85,Lab. química 01,IFPB,24:36:da:2b:bc:00,-81,6
27/04/2026,15:09:28,85,Lab. química 01,A26 de Taciana,22:54:c2:cb:89:d4,-82,6
27/04/2026,15:09:28,85,Lab. química 01,IFPB,84:f1:47:54:8b:a0,-86,1
27/04/2026,15:09:28,85,Lab. química 01,Lab. de Sinais Digitais,18:d6:c7:f9:37:2f,-87,11
27/04/2026,15:09:28,85,Lab. química 01,IFPB-VISITANTE,24:36:da:a2:7f:42,-88,6
27/04/2026,15:09:28,85,Lab. química 01,IFPB-VISITANTE,84:f1:47:54:8b:a2,-89,1
27/04/2026,15:09:28,85,Lab. química 01,NPEF/NEPA,50:c7:bf:ef:56:8a,-89,3
27/04/2026,15:09:28,85,Lab. química 01,IFPB,84:f1:47:54:81:00,-89,11
27/04/2026,15:09:28,85,Lab. química 01,IFPB-VISITANTE,84:f1:47:54:81:02,-89,11
27/04/2026,15:09:28,85,Lab. química 01,IFPB-Sala_Professor_14,24:fd:0d:57:19:26,-91,5
27/04/2026,15:09:28,85,Lab. química 01,Intelbras,18:0d:2c:7f:eb:ac,-94,7
27/04/2026,15:09:28,85,Lab. química 01,COPLAN,c4:12:f5:d3:01:90,-95,5
27/04/2026,15:09:28,85,Lab. química 01,Lab. química 02,Lab. química 02,Lab. química 02,Lab. química 02
27/04/2026,15:09:57,86,Lab. de microscopia,NPEF/NEPA,50:c7:bf:ef:56:8a,-69,3
27/04/2026,15:09:57,86,Lab. de microscopia,A26 de Taciana,22:54:c2:cb:89:d4,-75,6
27/04/2026,15:09:57,86,Lab. de microscopia,IFPB,84:f1:47:54:8b:a0,-76,1
27/04/2026,15:09:57,86,Lab. de microscopia,IFPB-VISITANTE,84:f1:47:54:8b:a2,-76,1
27/04/2026,15:09:57,86,Lab. de microscopia,Galaxy55,da:9a:73:12:ee:9e,-78,1
27/04/2026,15:09:57,86,Lab. de microscopia,IFPB-VISITANTE,84:f1:47:54:80:62,-79,11
27/04/2026,15:09:57,86,Lab. de microscopia,IFPB,84:f1:47:54:80:60,-80,11
27/04/2026,15:09:57,86,Lab. de microscopia,IFPB,84:f1:47:54:6b:80,-87,6
27/04/2026,15:09:57,86,Lab. de microscopia,IFPB-VISITANTE,84:f1:47:54:6b:82,-87,6
27/04/2026,15:09:57,86,Lab. de microscopia,Lab. de Sinais Digitais,18:d6:c7:f9:37:2f,-87,11
27/04/2026,15:09:57,86,Lab. de microscopia,IFPB,2c:57:41:cd:e1:c0,-87,11
27/04/2026,15:09:57,86,Lab. de microscopia,IFPB-VISITANTE,2c:57:41:cd:e1:c2,-87,11
27/04/2026,15:09:58,86,Lab. de microscopia,APTelefonia,58:10:8c:91:f3:aa,-89,1
27/04/2026,15:09:58,86,Lab. de microscopia,TP-Link_1324,7c:f1:7e:8d:13:22,-89,10
27/04/2026,15:09:58,86,Lab. de microscopia,INTELBRAS,d8:36:5f:54:70:40,-90,4
27/04/2026,15:09:58,86,Lab. de microscopia,EBF243D6-HE8D94yaFM1AOcS,44:d2:44:dd:32:49,-92,11
27/04/2026,15:09:58,86,Lab. de microscopia,IFPB-MM,54:e6:fc:ba:ad:86,-93,1
27/04/2026,15:09:58,86,Lab. de microscopia,Sasa,ea:88:43:75:33:04,-93,11
27/04/2026,15:09:58,86,Lab. de microscopia,Lab. de microscopia,Núcleo de pesquisa,Lab. de microscopia,Núcleo de pesquisa
27/04/2026,15:10:07,87,Lab. de microscopia,NPEF/NEPA,50:c7:bf:ef:56:8a,-69,3
27/04/2026,15:10:07,87,Lab. de microscopia,IFPB,84:f1:47:54:8b:a0,-77,1
27/04/2026,15:10:07,87,Lab. de microscopia,IFPB,84:f1:47:54:80:60,-77,11
27/04/2026,15:10:07,87,Lab. de microscopia,IFPB-VISITANTE,84:f1:47:54:80:62,-77,11
27/04/2026,15:10:07,87,Lab. de microscopia,IFPB-VISITANTE,84:f1:47:54:8b:a2,-78,1
27/04/2026,15:10:07,87,Lab. de microscopia,IFPB,84:f1:47:54:6b:80,-80,6
27/04/2026,15:10:08,87,Lab. de microscopia,A26 de Taciana,22:54:c2:cb:89:d4,-81,6
27/04/2026,15:10:08,87,Lab. de microscopia,IFPB-VISITANTE,84:f1:47:54:6b:82,-83,6
27/04/2026,15:10:08,87,Lab. de microscopia,Galaxy55,da:9a:73:12:ee:9e,-84,1
27/04/2026,15:10:08,87,Lab. de microscopia,IFPB,2c:57:41:cd:e1:c0,-86,11
27/04/2026,15:10:08,87,Lab. de microscopia,IFPB-VISITANTE,2c:57:41:cd:e1:c2,-87,11
27/04/2026,15:10:08,87,Lab. de microscopia,IFPB-VISITANTE,84:f1:47:54:f9:82,-88,11
27/04/2026,15:10:08,87,Lab. de microscopia,GPDS,00:26:5a:66:55:ef,-89,6
27/04/2026,15:10:08,87,Lab. de microscopia,TP-Link_1324,7c:f1:7e:8d:13:22,-90,10
27/04/2026,15:10:08,87,Lab. de microscopia,IFPB-VISITANTE,2c:57:41:d4:a5:22,-90,11
27/04/2026,15:10:08,87,Lab. de microscopia,Sasa,ea:88:43:75:33:04,-90,11
27/04/2026,15:10:08,87,Lab. de microscopia,UA2-MiniLab,60:32:b1:2d:66:c3,-91,10
27/04/2026,15:10:08,87,Lab. de microscopia,APTelefonia,58:10:8c:91:f3:aa,-92,1
27/04/2026,15:10:08,87,Lab. de microscopia,INTELBRAS,d8:36:5f:54:70:40,-93,4
27/04/2026,15:10:08,87,Lab. de microscopia,Intelbras,18:0d:2c:7f:eb:ac,-93,7
27/04/2026,15:10:08,87,Lab. de microscopia,Lab. de microscopia,Núcleo de pesquisa,Lab. de microscopia,Núcleo de pesquisa
27/04/2026,15:10:18,88,Lab. de microscopia,NPEF/NEPA,50:c7:bf:ef:56:8a,-68,3
27/04/2026,15:10:18,88,Lab. de microscopia,A26 de Taciana,22:54:c2:cb:89:d4,-75,6
27/04/2026,15:10:18,88,Lab. de microscopia,IFPB,84:f1:47:54:8b:a0,-76,1
27/04/2026,15:10:18,88,Lab. de microscopia,IFPB-VISITANTE,84:f1:47:54:8b:a2,-76,1
27/04/2026,15:10:18,88,Lab. de microscopia,IFPB,84:f1:47:54:80:60,-77,11
27/04/2026,15:10:18,88,Lab. de microscopia,IFPB-VISITANTE,84:f1:47:54:80:62,-77,11
27/04/2026,15:10:18,88,Lab. de microscopia,Galaxy55,da:9a:73:12:ee:9e,-85,1
27/04/2026,15:10:18,88,Lab. de microscopia,TP-Link_1324,7c:f1:7e:8d:13:22,-86,10
27/04/2026,15:10:18,88,Lab. de microscopia,APTelefonia,58:10:8c:91:f3:aa,-87,1
27/04/2026,15:10:18,88,Lab. de microscopia,IFPB,84:f1:47:54:6b:80,-88,6
27/04/2026,15:10:18,88,Lab. de microscopia,Lab. de Sinais Digitais,18:d6:c7:f9:37:2f,-88,11
27/04/2026,15:10:18,88,Lab. de microscopia,IFPB-VISITANTE,2c:57:41:cd:e1:c2,-88,11
27/04/2026,15:10:18,88,Lab. de microscopia,IFPB-VISITANTE,84:f1:47:54:6b:82,-89,6
27/04/2026,15:10:18,88,Lab. de microscopia,GPDS,00:26:5a:66:55:ef,-89,6
27/04/2026,15:10:18,88,Lab. de microscopia,IFPB,84:f1:47:54:f9:80,-89,11
27/04/2026,15:10:18,88,Lab. de microscopia,IFPB,2c:57:41:cd:e1:c0,-90,11
27/04/2026,15:10:18,88,Lab. de microscopia,IFPB-MM,54:e6:fc:ba:ad:86,-92,1
27/04/2026,15:10:18,88,Lab. de microscopia,INTELBRAS,d8:36:5f:54:70:40,-93,4
27/04/2026,15:10:18,88,Lab. de microscopia,Sasa,ea:88:43:75:33:04,-94,11
27/04/2026,15:10:18,88,Lab. de microscopia,EBF243D6-HE8D94yaFM1AOcS,44:d2:44:dd:32:49,-94,11
27/04/2026,15:10:18,88,Lab. de microscopia,Lab. de microscopia,Núcleo de pesquisa,Lab. de microscopia,Núcleo de pesquisa
27/04/2026,15:10:27,89,Lab. de microscopia,NPEF/NEPA,50:c7:bf:ef:56:8a,-68,3
27/04/2026,15:10:27,89,Lab. de microscopia,IFPB-VISITANTE,84:f1:47:54:8b:a2,-75,1
27/04/2026,15:10:27,89,Lab. de microscopia,IFPB,84:f1:47:54:8b:a0,-76,1
27/04/2026,15:10:27,89,Lab. de microscopia,IFPB,84:f1:47:54:80:60,-77,11
27/04/2026,15:10:27,89,Lab. de microscopia,IFPB-VISITANTE,84:f1:47:54:80:62,-77,11
27/04/2026,15:10:28,89,Lab. de microscopia,A26 de Taciana,22:54:c2:cb:89:d4,-79,6
27/04/2026,15:10:28,89,Lab. de microscopia,IFPB-VISITANTE,84:f1:47:54:6b:82,-83,6
27/04/2026,15:10:28,89,Lab. de microscopia,IFPB,84:f1:47:54:6b:80,-84,6
27/04/2026,15:10:28,89,Lab. de microscopia,TP-Link_1324,7c:f1:7e:8d:13:22,-85,10
27/04/2026,15:10:28,89,Lab. de microscopia,GPDS,00:26:5a:66:55:ef,-86,6
27/04/2026,15:10:28,89,Lab. de microscopia,Lab. de Sinais Digitais,18:d6:c7:f9:37:2f,-86,11
27/04/2026,15:10:28,89,Lab. de microscopia,IFPB-VISITANTE,2c:57:41:d4:a5:22,-87,11
27/04/2026,15:10:28,89,Lab. de microscopia,IFPB,2c:57:41:d4:a5:20,-88,11
27/04/2026,15:10:28,89,Lab. de microscopia,IFPB-VISITANTE,2c:57:41:cd:e1:c2,-89,11
27/04/2026,15:10:28,89,Lab. de microscopia,Galaxy55,da:9a:73:12:ee:9e,-91,1
27/04/2026,15:10:28,89,Lab. de microscopia,INTELBRAS,d8:36:5f:54:70:40,-92,4
27/04/2026,15:10:28,89,Lab. de microscopia,EBF243D6-HE8D94yaFM1AOcS,44:d2:44:dd:32:49,-92,11
27/04/2026,15:10:28,89,Lab. de microscopia,APTelefonia,58:10:8c:91:f3:aa,-93,1
27/04/2026,15:10:28,89,Lab. de microscopia,IFPB-MM,54:e6:fc:ba:ad:86,-94,1
27/04/2026,15:10:28,89,Lab. de microscopia,Lab. de microscopia,Núcleo de pesquisa,Lab. de microscopia,Núcleo de pesquisa
27/04/2026,15:10:37,90,Lab. de microscopia,NPEF/NEPA,50:c7:bf:ef:56:8a,-68,3
27/04/2026,15:10:37,90,Lab. de microscopia,A26 de Taciana,22:54:c2:cb:89:d4,-76,6
27/04/2026,15:10:37,90,Lab. de microscopia,IFPB,84:f1:47:54:8b:a0,-77,1
27/04/2026,15:10:37,90,Lab. de microscopia,IFPB-VISITANTE,84:f1:47:54:8b:a2,-77,1
27/04/2026,15:10:37,90,Lab. de microscopia,IFPB,84:f1:47:54:6b:80,-78,6
27/04/2026,15:10:37,90,Lab. de microscopia,IFPB-VISITANTE,84:f1:47:54:6b:82,-78,6
27/04/2026,15:10:38,90,Lab. de microscopia,IFPB-VISITANTE,84:f1:47:54:80:62,-78,11
27/04/2026,15:10:38,90,Lab. de microscopia,IFPB,84:f1:47:54:80:60,-78,11
27/04/2026,15:10:38,90,Lab. de microscopia,TP-Link_1324,7c:f1:7e:8d:13:22,-88,10
27/04/2026,15:10:38,90,Lab. de microscopia,Lab. de Sinais Digitais,18:d6:c7:f9:37:2f,-89,11
27/04/2026,15:10:38,90,Lab. de microscopia,GPDS,00:26:5a:66:55:ef,-91,6
27/04/2026,15:10:38,90,Lab. de microscopia,IFPB,2c:57:41:d4:a5:20,-91,11
27/04/2026,15:10:38,90,Lab. de microscopia,INTELBRAS,d8:36:5f:54:70:40,-92,4
27/04/2026,15:10:38,90,Lab. de microscopia,APTelefonia,58:10:8c:91:f3:aa,-93,1
27/04/2026,15:10:38,90,Lab. de microscopia,Intelbras,18:0d:2c:7f:eb:ac,-95,7
27/04/2026,15:10:38,90,Lab. de microscopia,Lab. de microscopia,Lab. de microscopia,Lab. de microscopia,Lab. de microscopia
27/04/2026,15:10:57,91,Lab. de matemática,A26 de Taciana,22:54:c2:cb:89:d4,-65,6
27/04/2026,15:10:57,91,Lab. de matemática,NPEF/NEPA,50:c7:bf:ef:56:8a,-69,3
27/04/2026,15:10:57,91,Lab. de matemática,IFPB,84:f1:47:54:8b:a0,-77,1
27/04/2026,15:10:57,91,Lab. de matemática,IFPB-VISITANTE,84:f1:47:54:8b:a2,-77,1
27/04/2026,15:10:57,91,Lab. de matemática,IFPB-VISITANTE,84:f1:47:54:80:62,-78,11
27/04/2026,15:10:58,91,Lab. de matemática,IFPB,84:f1:47:54:80:60,-79,11
27/04/2026,15:10:58,91,Lab. de matemática,IFPB,84:f1:47:54:6b:80,-81,6
27/04/2026,15:10:58,91,Lab. de matemática,IFPB-VISITANTE,84:f1:47:54:6b:82,-81,6
27/04/2026,15:10:58,91,Lab. de matemática,IFPB-VISITANTE,84:f1:47:54:f9:82,-85,11
27/04/2026,15:10:58,91,Lab. de matemática,TP-Link_1324,7c:f1:7e:8d:13:22,-86,10
27/04/2026,15:10:58,91,Lab. de matemática,UA2-MiniLab,60:32:b1:2d:66:c3,-86,10
27/04/2026,15:10:58,91,Lab. de matemática,IFPB,84:f1:47:54:f9:80,-86,11
27/04/2026,15:10:58,91,Lab. de matemática,IFPB-MM,54:e6:fc:ba:ad:86,-88,1
27/04/2026,15:10:58,91,Lab. de matemática,IFPB,2c:57:41:d4:a5:20,-89,11
27/04/2026,15:10:58,91,Lab. de matemática,Galaxy55,da:9a:73:12:ee:9e,-90,1
27/04/2026,15:10:58,91,Lab. de matemática,TP-Link_C3CB,d8:0d:17:3e:c3:cb,-91,4
27/04/2026,15:10:58,91,Lab. de matemática,EBF243D6-HE8D94yaFM1AOcS,44:d2:44:dd:32:49,-91,11
27/04/2026,15:10:58,91,Lab. de matemática,APTelefonia,58:10:8c:91:f3:aa,-92,1
27/04/2026,15:10:58,91,Lab. de matemática,Lab. de matemática,Núcleo de pesquisa,Lab. de matemática,Núcleo de pesquisa
27/04/2026,15:11:07,92,Lab. de matemática,NPEF/NEPA,50:c7:bf:ef:56:8a,-61,3
27/04/2026,15:11:07,92,Lab. de matemática,A26 de Taciana,22:54:c2:cb:89:d4,-72,6
27/04/2026,15:11:07,92,Lab. de matemática,IFPB,84:f1:47:54:80:60,-76,11
27/04/2026,15:11:07,92,Lab. de matemática,IFPB-VISITANTE,84:f1:47:54:80:62,-76,11
27/04/2026,15:11:07,92,Lab. de matemática,IFPB,84:f1:47:54:8b:a0,-79,1
27/04/2026,15:11:07,92,Lab. de matemática,IFPB-VISITANTE,84:f1:47:54:8b:a2,-79,1
27/04/2026,15:11:08,92,Lab. de matemática,IFPB,84:f1:47:54:6b:80,-84,6
27/04/2026,15:11:08,92,Lab. de matemática,IFPB-VISITANTE,84:f1:47:54:f9:82,-84,11
27/04/2026,15:11:08,92,Lab. de matemática,IFPB-VISITANTE,84:f1:47:54:6b:82,-85,6
27/04/2026,15:11:08,92,Lab. de matemática,IFPB-VISITANTE,2c:57:41:d4:a5:22,-86,11
27/04/2026,15:11:08,92,Lab. de matemática,IFPB,2c:57:41:d4:a5:20,-87,11
27/04/2026,15:11:08,92,Lab. de matemática,Galaxy55,da:9a:73:12:ee:9e,-89,1
27/04/2026,15:11:08,92,Lab. de matemática,IFPB,2c:57:41:cd:e1:c0,-89,11
27/04/2026,15:11:08,92,Lab. de matemática,EBF243D6-HE8D94yaFM1AOcS,44:d2:44:dd:32:49,-90,11
27/04/2026,15:11:08,92,Lab. de matemática,Lab. de Sinais Digitais,18:d6:c7:f9:37:2f,-92,11
27/04/2026,15:11:08,92,Lab. de matemática,TP-Link_C3CB,d8:0d:17:3e:c3:cb,-93,4
27/04/2026,15:11:08,92,Lab. de matemática,INTELBRAS,d8:36:5f:54:70:40,-93,4
27/04/2026,15:11:08,92,Lab. de matemática,APTelefonia,58:10:8c:91:f3:aa,-94,1
27/04/2026,15:11:08,92,Lab. de matemática,Lab. de microscopia,Núcleo de pesquisa,Lab. de microscopia,Núcleo de pesquisa
27/04/2026,15:11:18,93,Lab. de matemática,NPEF/NEPA,50:c7:bf:ef:56:8a,-60,3
27/04/2026,15:11:18,93,Lab. de matemática,IFPB,84:f1:47:54:8b:a0,-78,1
27/04/2026,15:11:18,93,Lab. de matemática,IFPB-VISITANTE,84:f1:47:54:8b:a2,-78,1
27/04/2026,15:11:18,93,Lab. de matemática,A26 de Taciana,22:54:c2:cb:89:d4,-78,6
27/04/2026,15:11:18,93,Lab. de matemática,UA2-MiniLab,60:32:b1:2d:66:c3,-81,10
27/04/2026,15:11:18,93,Lab. de matemática,IFPB,84:f1:47:54:80:60,-81,11
27/04/2026,15:11:18,93,Lab. de matemática,IFPB-VISITANTE,84:f1:47:54:80:62,-81,11
27/04/2026,15:11:18,93,Lab. de matemática,IFPB,84:f1:47:54:6b:80,-84,6
27/04/2026,15:11:18,93,Lab. de matemática,IFPB-VISITANTE,84:f1:47:54:6b:82,-85,6
27/04/2026,15:11:18,93,Lab. de matemática,IFPB,84:f1:47:54:f9:80,-87,11
27/04/2026,15:11:18,93,Lab. de matemática,IFPB-VISITANTE,84:f1:47:54:f9:82,-87,11
27/04/2026,15:11:18,93,Lab. de matemática,IFPB,2c:57:41:cd:e1:c0,-87,11
27/04/2026,15:11:18,93,Lab. de matemática,IFPB-VISITANTE,2c:57:41:d4:a5:22,-88,11
27/04/2026,15:11:18,93,Lab. de matemática,IFPB-VISITANTE,2c:57:41:cd:e1:c2,-88,11
27/04/2026,15:11:18,93,Lab. de matemática,IFPB-VISITANTE,84:f1:47:54:fd:62,-89,1
27/04/2026,15:11:18,93,Lab. de matemática,EBF243D6-HE8D94yaFM1AOcS,44:d2:44:dd:32:49,-89,11
27/04/2026,15:11:18,93,Lab. de matemática,IFPB,2c:57:41:d4:a5:20,-89,11
27/04/2026,15:11:18,93,Lab. de matemática,IFPB,84:f1:47:54:fd:60,-90,1
27/04/2026,15:11:18,93,Lab. de matemática,IFPB-MM,54:e6:fc:ba:ad:86,-91,1
27/04/2026,15:11:18,93,Lab. de matemática,TP-Link_C3CB,d8:0d:17:3e:c3:cb,-92,4
27/04/2026,15:11:18,93,Lab. de matemática,INTELBRAS,d8:36:5f:54:70:40,-92,4
27/04/2026,15:11:18,93,Lab. de matemática,APTelefonia,58:10:8c:91:f3:aa,-95,1
27/04/2026,15:11:18,93,Lab. de matemática,Lab. de matemática,Núcleo de pesquisa,Lab. de matemática,Núcleo de pesquisa
27/04/2026,15:11:27,94,Lab. de matemática,NPEF/NEPA,50:c7:bf:ef:56:8a,-70,3
27/04/2026,15:11:27,94,Lab. de matemática,A26 de Taciana,22:54:c2:cb:89:d4,-71,6
27/04/2026,15:11:27,94,Lab. de matemática,IFPB,84:f1:47:54:8b:a0,-76,1
27/04/2026,15:11:27,94,Lab. de matemática,IFPB-VISITANTE,84:f1:47:54:8b:a2,-77,1
27/04/2026,15:11:27,94,Lab. de matemática,IFPB-VISITANTE,2c:57:41:d4:a5:22,-82,11
27/04/2026,15:11:28,94,Lab. de matemática,IFPB,84:f1:47:54:80:60,-83,11
27/04/2026,15:11:28,94,Lab. de matemática,IFPB-VISITANTE,84:f1:47:54:80:62,-83,11
27/04/2026,15:11:28,94,Lab. de matemática,IFPB,84:f1:47:54:6b:80,-85,6
27/04/2026,15:11:28,94,Lab. de matemática,IFPB,2c:57:41:d4:a5:20,-85,11
27/04/2026,15:11:28,94,Lab. de matemática,IFPB-VISITANTE,84:f1:47:54:6b:82,-87,6
27/04/2026,15:11:28,94,Lab. de matemática,IFPB,84:f1:47:54:f9:80,-87,11
27/04/2026,15:11:28,94,Lab. de matemática,IFPB-VISITANTE,84:f1:47:54:f9:82,-89,11
27/04/2026,15:11:28,94,Lab. de matemática,IFPB-MM,54:e6:fc:ba:ad:86,-91,1
27/04/2026,15:11:28,94,Lab. de matemática,UA2-MiniLab,60:32:b1:2d:66:c3,-91,10
27/04/2026,15:11:28,94,Lab. de matemática,EBF243D6-HE8D94yaFM1AOcS,44:d2:44:dd:32:49,-91,11
27/04/2026,15:11:28,94,Lab. de matemática,APTelefonia,58:10:8c:91:f3:aa,-93,1
27/04/2026,15:11:28,94,Lab. de matemática,Lab. de matemática,Núcleo de pesquisa,Lab. de matemática,Núcleo de pesquisa
27/04/2026,15:11:37,95,Lab. de matemática,A26 de Taciana,22:54:c2:cb:89:d4,-69,6
27/04/2026,15:11:37,95,Lab. de matemática,NPEF/NEPA,50:c7:bf:ef:56:8a,-71,3
27/04/2026,15:11:37,95,Lab. de matemática,IFPB,84:f1:47:54:8b:a0,-76,1
27/04/2026,15:11:37,95,Lab. de matemática,IFPB-VISITANTE,84:f1:47:54:8b:a2,-77,1
27/04/2026,15:11:37,95,Lab. de matemática,IFPB,84:f1:47:54:80:60,-78,11
27/04/2026,15:11:37,95,Lab. de matemática,IFPB-VISITANTE,84:f1:47:54:80:62,-78,11
27/04/2026,15:11:38,95,Lab. de matemática,IFPB-VISITANTE,84:f1:47:54:6b:82,-86,6
27/04/2026,15:11:38,95,Lab. de matemática,IFPB,84:f1:47:54:6b:80,-87,6
27/04/2026,15:11:38,95,Lab. de matemática,EBF243D6-HE8D94yaFM1AOcS,44:d2:44:dd:32:49,-90,11
27/04/2026,15:11:38,95,Lab. de matemática,APTelefonia,58:10:8c:91:f3:aa,-93,1
27/04/2026,15:11:38,95,Lab. de matemática,IFPB-MM,54:e6:fc:ba:ad:86,-94,1
27/04/2026,15:11:38,95,Lab. de matemática,GPDS,00:26:5a:66:55:ef,-94,6
27/04/2026,15:11:38,95,Lab. de matemática,Lab. de microscopia,Núcleo de pesquisa,Lab. de microscopia,Núcleo de pesquisa
27/04/2026,15:12:06,96,Lab. química 02,IFPB,84:f1:47:54:6b:80,-67,6
27/04/2026,15:12:06,96,Lab. química 02,IFPB-VISITANTE,84:f1:47:54:6b:82,-68,6
27/04/2026,15:12:06,96,Lab. química 02,IFPB,24:36:da:2b:bc:00,-75,6
27/04/2026,15:12:06,96,Lab. química 02,IFPB-VISITANTE,24:36:da:2b:bc:02,-76,6
27/04/2026,15:12:06,96,Lab. química 02,APTelefonia,58:10:8c:91:f3:aa,-80,1
27/04/2026,15:12:06,96,Lab. química 02,IFPB,2c:57:41:cd:e1:c0,-81,11
27/04/2026,15:12:06,96,Lab. química 02,IFPB-VISITANTE,2c:57:41:cd:e1:c2,-82,11
27/04/2026,15:12:06,96,Lab. química 02,TP-Link_1324,7c:f1:7e:8d:13:22,-83,10
27/04/2026,15:12:06,96,Lab. química 02,IFPB,24:36:da:a2:7f:40,-85,6
27/04/2026,15:12:06,96,Lab. química 02,IFPB,84:f1:47:54:81:00,-86,11
27/04/2026,15:12:06,96,Lab. química 02,A26 de Taciana,22:54:c2:cb:89:d4,-88,6
27/04/2026,15:12:06,96,Lab. química 02,IFPB-VISITANTE,84:f1:47:54:81:02,-88,11
27/04/2026,15:12:06,96,Lab. química 02,Intelbras,18:0d:2c:7f:eb:ac,-90,7
27/04/2026,15:12:06,96,Lab. química 02,NPEF/NEPA,50:c7:bf:ef:56:8a,-92,3
27/04/2026,15:12:06,96,Lab. química 02,Lab. química 02,Lab. de biologia,Lab. química 02,Lab. de biologia
27/04/2026,15:12:16,97,Lab. química 02,IFPB,84:f1:47:54:6b:80,-69,6
27/04/2026,15:12:16,97,Lab. química 02,IFPB-VISITANTE,84:f1:47:54:6b:82,-71,6
27/04/2026,15:12:16,97,Lab. química 02,TP-Link_1324,7c:f1:7e:8d:13:22,-75,10
27/04/2026,15:12:16,97,Lab. química 02,IFPB,24:36:da:2b:bc:00,-78,6
27/04/2026,15:12:16,97,Lab. química 02,IFPB-VISITANTE,24:36:da:2b:bc:02,-78,6
27/04/2026,15:12:16,97,Lab. química 02,APTelefonia,58:10:8c:91:f3:aa,-81,1
27/04/2026,15:12:16,97,Lab. química 02,A26 de Taciana,22:54:c2:cb:89:d4,-84,6
27/04/2026,15:12:16,97,Lab. química 02,IFPB-VISITANTE,24:36:da:a2:7f:42,-84,6
27/04/2026,15:12:16,97,Lab. química 02,IFPB,24:36:da:a2:7f:40,-85,6
27/04/2026,15:12:16,97,Lab. química 02,IFPB,84:f1:47:54:81:00,-86,11
27/04/2026,15:12:16,97,Lab. química 02,IFPB-VISITANTE,84:f1:47:54:81:02,-86,11
27/04/2026,15:12:16,97,Lab. química 02,IFPB-VISITANTE,2c:57:41:cd:e1:c2,-86,11
27/04/2026,15:12:16,97,Lab. química 02,NPEF/NEPA,50:c7:bf:ef:56:8a,-87,3
27/04/2026,15:12:16,97,Lab. química 02,IFPB,2c:57:41:cd:e1:c0,-87,11
27/04/2026,15:12:16,97,Lab. química 02,LIMPEZA,54:e6:fc:cf:22:de,-90,6
27/04/2026,15:12:16,97,Lab. química 02,Intelbras,18:0d:2c:7f:eb:ac,-92,7
27/04/2026,15:12:16,97,Lab. química 02,IFPB-Sala_Professor_14,24:fd:0d:57:19:26,-93,5
27/04/2026,15:12:16,97,Lab. química 02,Lab. química 03,Lab. de biologia,Lab. química 03,Lab. de biologia
27/04/2026,15:12:26,98,Lab. química 02,IFPB,84:f1:47:54:6b:80,-72,6
27/04/2026,15:12:26,98,Lab. química 02,IFPB-VISITANTE,84:f1:47:54:6b:82,-72,6
27/04/2026,15:12:26,98,Lab. química 02,TP-Link_1324,7c:f1:7e:8d:13:22,-74,10
27/04/2026,15:12:26,98,Lab. química 02,APTelefonia,58:10:8c:91:f3:aa,-79,1
27/04/2026,15:12:26,98,Lab. química 02,IFPB-VISITANTE,24:36:da:2b:bc:02,-80,6
27/04/2026,15:12:26,98,Lab. química 02,IFPB,24:36:da:2b:bc:00,-81,6
27/04/2026,15:12:26,98,Lab. química 02,IFPB-VISITANTE,24:36:da:a2:7f:42,-83,6
27/04/2026,15:12:26,98,Lab. química 02,IFPB,24:36:da:a2:7f:40,-84,6
27/04/2026,15:12:26,98,Lab. química 02,A26 de Taciana,22:54:c2:cb:89:d4,-84,6
27/04/2026,15:12:26,98,Lab. química 02,IFPB,84:f1:47:54:7f:60,-84,6
27/04/2026,15:12:26,98,Lab. química 02,IFPB-VISITANTE,84:f1:47:54:7f:62,-85,6
27/04/2026,15:12:26,98,Lab. química 02,IFPB,2c:57:41:cd:e1:c0,-85,11
27/04/2026,15:12:26,98,Lab. química 02,IFPB-VISITANTE,2c:57:41:cd:e1:c2,-86,11
27/04/2026,15:12:26,98,Lab. química 02,NPEF/NEPA,50:c7:bf:ef:56:8a,-87,3
27/04/2026,15:12:26,98,Lab. química 02,IFPB,84:f1:47:54:81:00,-87,11
27/04/2026,15:12:26,98,Lab. química 02,IFPB-VISITANTE,84:f1:47:54:81:02,-87,11
27/04/2026,15:12:26,98,Lab. química 02,Intelbras,18:0d:2c:7f:eb:ac,-92,7
27/04/2026,15:12:26,98,Lab. química 02,IFPB-Sala_Professor_14,24:fd:0d:57:19:26,-93,5
27/04/2026,15:12:26,98,Lab. química 02,Lab. química 03,Lab. química 03,Lab. química 03,Lab. química 03
27/04/2026,15:12:36,99,Lab. química 02,IFPB,84:f1:47:54:6b:80,-67,6
27/04/2026,15:12:36,99,Lab. química 02,IFPB-VISITANTE,84:f1:47:54:6b:82,-67,6
27/04/2026,15:12:36,99,Lab. química 02,TP-Link_1324,7c:f1:7e:8d:13:22,-71,10
27/04/2026,15:12:36,99,Lab. química 02,IFPB-VISITANTE,24:36:da:2b:bc:02,-79,6
27/04/2026,15:12:36,99,Lab. química 02,APTelefonia,58:10:8c:91:f3:aa,-80,1
27/04/2026,15:12:36,99,Lab. química 02,IFPB,24:36:da:2b:bc:00,-80,6
27/04/2026,15:12:36,99,Lab. química 02,Intelbras,18:0d:2c:7f:eb:ac,-84,7
27/04/2026,15:12:36,99,Lab. química 02,IFPB,2c:57:41:cd:e1:c0,-84,11
27/04/2026,15:12:36,99,Lab. química 02,IFPB-VISITANTE,2c:57:41:cd:e1:c2,-84,11
27/04/2026,15:12:36,99,Lab. química 02,IFPB,b8:11:4b:1d:12:00,-87,1
27/04/2026,15:12:36,99,Lab. química 02,IFPB-VISITANTE,b8:11:4b:1d:12:02,-87,1
27/04/2026,15:12:36,99,Lab. química 02,IFPB,24:36:da:a2:7f:40,-87,6
27/04/2026,15:12:36,99,Lab. química 02,IFPB,84:f1:47:54:81:00,-87,11
27/04/2026,15:12:36,99,Lab. química 02,IFPB-VISITANTE,84:f1:47:54:8b:a2,-88,1
27/04/2026,15:12:36,99,Lab. química 02,IFPB-VISITANTE,84:f1:47:54:81:02,-88,11
27/04/2026,15:12:36,99,Lab. química 02,IFPB,84:f1:47:54:8b:a0,-89,1
27/04/2026,15:12:36,99,Lab. química 02,NPEF/NEPA,50:c7:bf:ef:56:8a,-90,3
27/04/2026,15:12:36,99,Lab. química 02,A26 de Taciana,22:54:c2:cb:89:d4,-91,6
27/04/2026,15:12:36,99,Lab. química 02,IFPB-Sala_Professor_14,24:fd:0d:57:19:26,-92,5
27/04/2026,15:12:36,99,Lab. química 02,LIMPEZA,54:e6:fc:cf:22:de,-93,6
27/04/2026,15:12:36,99,Lab. química 02,Lab. de Sinais Digitais,18:d6:c7:f9:37:2f,-95,11
27/04/2026,15:12:36,99,Lab. química 02,Lab. química 02,Lab. química 03,Lab. química 02,Lab. química 03
27/04/2026,15:12:46,100,Lab. química 02,IFPB-VISITANTE,84:f1:47:54:6b:82,-69,6
27/04/2026,15:12:46,100,Lab. química 02,IFPB,84:f1:47:54:6b:80,-70,6
27/04/2026,15:12:46,100,Lab. química 02,TP-Link_1324,7c:f1:7e:8d:13:22,-73,10
27/04/2026,15:12:46,100,Lab. química 02,IFPB,24:36:da:2b:bc:00,-75,6
27/04/2026,15:12:46,100,Lab. química 02,IFPB-VISITANTE,24:36:da:2b:bc:02,-76,6
27/04/2026,15:12:46,100,Lab. química 02,APTelefonia,58:10:8c:91:f3:aa,-79,1
27/04/2026,15:12:46,100,Lab. química 02,NPEF/NEPA,50:c7:bf:ef:56:8a,-83,3
27/04/2026,15:12:46,100,Lab. química 02,IFPB,2c:57:41:cd:e1:c0,-83,11
27/04/2026,15:12:46,100,Lab. química 02,IFPB-VISITANTE,2c:57:41:cd:e1:c2,-83,11
27/04/2026,15:12:46,100,Lab. química 02,IFPB-VISITANTE,84:f1:47:54:7f:62,-84,6
27/04/2026,15:12:46,100,Lab. química 02,IFPB-VISITANTE,24:36:da:a2:7f:42,-86,6
27/04/2026,15:12:46,100,Lab. química 02,A26 de Taciana,22:54:c2:cb:89:d4,-86,6
27/04/2026,15:12:46,100,Lab. química 02,IFPB,84:f1:47:54:81:00,-86,11
27/04/2026,15:12:46,100,Lab. química 02,IFPB-VISITANTE,84:f1:47:54:81:02,-86,11
27/04/2026,15:12:46,100,Lab. química 02,IFPB,24:36:da:a2:7f:40,-87,6
27/04/2026,15:12:46,100,Lab. química 02,Intelbras,18:0d:2c:7f:eb:ac,-88,7
27/04/2026,15:12:46,100,Lab. química 02,IFPB-VISITANTE,84:f1:47:54:8b:a2,-89,1
27/04/2026,15:12:46,100,Lab. química 02,IFPB-VISITANTE,b8:11:4b:1d:12:02,-89,1
27/04/2026,15:12:46,100,Lab. química 02,Lab. de Sinais Digitais,18:d6:c7:f9:37:2f,-91,11
27/04/2026,15:12:46,100,Lab. química 02,Lab. química 03,Lab. de biologia,Lab. química 03,Lab. de biologia
27/04/2026,15:13:24,101,Lab. de biologia,IFPB,24:36:da:2b:bc:00,-69,6
27/04/2026,15:13:24,101,Lab. de biologia,IFPB-VISITANTE,24:36:da:2b:bc:02,-69,6
27/04/2026,15:13:24,101,Lab. de biologia,APTelefonia,58:10:8c:91:f3:aa,-72,1
27/04/2026,15:13:24,101,Lab. de biologia,NPEF/NEPA,50:c7:bf:ef:56:8a,-74,3
27/04/2026,15:13:24,101,Lab. de biologia,IFPB,84:f1:47:54:8b:a0,-77,1
27/04/2026,15:13:24,101,Lab. de biologia,IFPB-VISITANTE,84:f1:47:54:8b:a2,-77,1
27/04/2026,15:13:24,101,Lab. de biologia,TP-Link_1324,7c:f1:7e:8d:13:22,-81,10
27/04/2026,15:13:24,101,Lab. de biologia,Intelbras,18:0d:2c:7f:eb:ac,-82,7
27/04/2026,15:13:24,101,Lab. de biologia,IFPB,84:f1:47:54:6b:80,-84,6
27/04/2026,15:13:24,101,Lab. de biologia,IFPB-VISITANTE,84:f1:47:54:6b:82,-84,6
27/04/2026,15:13:24,101,Lab. de biologia,Lab. de Sinais Digitais,18:d6:c7:f9:37:2f,-84,11
27/04/2026,15:13:24,101,Lab. de biologia,IFPB-VISITANTE,2c:57:41:cd:e1:c2,-86,11
27/04/2026,15:13:24,101,Lab. de biologia,IFPB,2c:57:41:cd:e1:c0,-87,11
27/04/2026,15:13:24,101,Lab. de biologia,GPDS,00:26:5a:66:55:ef,-89,6
27/04/2026,15:13:24,101,Lab. de biologia,IFPB-Sala_Professor_14,24:fd:0d:57:19:26,-90,5
27/04/2026,15:13:24,101,Lab. de biologia,UA2-MiniLab,60:32:b1:2d:66:c3,-90,10
27/04/2026,15:13:24,101,Lab. de biologia,EBF243D6-HE8D94yaFM1AOcS,44:d2:44:dd:32:49,-93,11
27/04/2026,15:13:24,101,Lab. de biologia,IFPB TCC,d8:5d:4c:86:7e:66,-94,1
27/04/2026,15:13:24,101,Lab. de biologia,A26 de Taciana,22:54:c2:cb:89:d4,-94,6
27/04/2026,15:13:24,101,Lab. de biologia,Lab. de física,Lab. de biologia,Lab. de física,Lab. de biologia
27/04/2026,15:13:34,102,Lab. de biologia,IFPB,24:36:da:2b:bc:00,-71,6
27/04/2026,15:13:34,102,Lab. de biologia,IFPB-VISITANTE,24:36:da:2b:bc:02,-71,6
27/04/2026,15:13:34,102,Lab. de biologia,IFPB,84:f1:47:54:8b:a0,-78,1
27/04/2026,15:13:34,102,Lab. de biologia,IFPB-VISITANTE,84:f1:47:54:8b:a2,-78,1
27/04/2026,15:13:34,102,Lab. de biologia,NPEF/NEPA,50:c7:bf:ef:56:8a,-78,3
27/04/2026,15:13:34,102,Lab. de biologia,APTelefonia,58:10:8c:91:f3:aa,-79,1
27/04/2026,15:13:34,102,Lab. de biologia,IFPB,84:f1:47:54:6b:80,-79,6
27/04/2026,15:13:34,102,Lab. de biologia,IFPB-VISITANTE,84:f1:47:54:6b:82,-79,6
27/04/2026,15:13:34,102,Lab. de biologia,Intelbras,18:0d:2c:7f:eb:ac,-83,7
27/04/2026,15:13:34,102,Lab. de biologia,TP-Link_1324,7c:f1:7e:8d:13:22,-84,10
27/04/2026,15:13:34,102,Lab. de biologia,Lab. de Sinais Digitais,18:d6:c7:f9:37:2f,-85,11
27/04/2026,15:13:34,102,Lab. de biologia,UA2-MiniLab,60:32:b1:2d:66:c3,-88,10
27/04/2026,15:13:34,102,Lab. de biologia,CLARO-WIFI,fa:d2:ac:5e:66:c1,-89,6
27/04/2026,15:13:34,102,Lab. de biologia,IFPB,2c:57:41:cd:e1:c0,-89,11
27/04/2026,15:13:34,102,Lab. de biologia,IFPB-Sala_Professor_14,24:fd:0d:57:19:26,-90,5
27/04/2026,15:13:34,102,Lab. de biologia,IFPB,84:f1:47:54:81:00,-90,11
27/04/2026,15:13:34,102,Lab. de biologia,JORGE208,f8:d2:ac:5e:66:c7,-91,6
27/04/2026,15:13:34,102,Lab. de biologia,GPDS,00:26:5a:66:55:ef,-91,6
27/04/2026,15:13:34,102,Lab. de biologia,EBF243D6-HE8D94yaFM1AOcS,44:d2:44:dd:32:49,-91,11
27/04/2026,15:13:34,102,Lab. de biologia,IFPB-VISITANTE,2c:57:41:cd:e1:c2,-91,11
27/04/2026,15:13:34,102,Lab. de biologia,IFPB-VISITANTE,84:f1:47:54:81:02,-91,11
27/04/2026,15:13:34,102,Lab. de biologia,Lab. de física,Lab. de biologia,Lab. de física,Lab. de biologia
27/04/2026,15:13:44,103,Lab. de biologia,IFPB,24:36:da:2b:bc:00,-69,6
27/04/2026,15:13:44,103,Lab. de biologia,IFPB-VISITANTE,24:36:da:2b:bc:02,-69,6
27/04/2026,15:13:44,103,Lab. de biologia,IFPB,84:f1:47:54:8b:a0,-78,1
27/04/2026,15:13:44,103,Lab. de biologia,IFPB-VISITANTE,84:f1:47:54:8b:a2,-78,1
27/04/2026,15:13:44,103,Lab. de biologia,APTelefonia,58:10:8c:91:f3:aa,-78,1
27/04/2026,15:13:44,103,Lab. de biologia,TP-Link_1324,7c:f1:7e:8d:13:22,-80,10
27/04/2026,15:13:44,103,Lab. de biologia,Lab. de Sinais Digitais,18:d6:c7:f9:37:2f,-80,11
27/04/2026,15:13:44,103,Lab. de biologia,Intelbras,18:0d:2c:7f:eb:ac,-81,7
27/04/2026,15:13:44,103,Lab. de biologia,IFPB-VISITANTE,84:f1:47:54:6b:82,-83,6
27/04/2026,15:13:44,103,Lab. de biologia,NPEF/NEPA,50:c7:bf:ef:56:8a,-84,3
27/04/2026,15:13:44,103,Lab. de biologia,IFPB,84:f1:47:54:6b:80,-84,6
27/04/2026,15:13:44,103,Lab. de biologia,IFPB,2c:57:41:cd:e1:c0,-89,11
27/04/2026,15:13:44,103,Lab. de biologia,CLARO-WIFI,fa:d2:ac:5e:66:c1,-90,6
27/04/2026,15:13:44,103,Lab. de biologia,IFPB,84:f1:47:54:81:00,-90,11
27/04/2026,15:13:44,103,Lab. de biologia,IFPB-VISITANTE,84:f1:47:54:81:02,-90,11
27/04/2026,15:13:44,103,Lab. de biologia,IFPB-VISITANTE,2c:57:41:cd:e1:c2,-90,11
27/04/2026,15:13:44,103,Lab. de biologia,GPDS,00:26:5a:66:55:ef,-91,6
27/04/2026,15:13:44,103,Lab. de biologia,IFPB-Sala_Professor_14,24:fd:0d:57:19:26,-92,5
27/04/2026,15:13:44,103,Lab. de biologia,JORGE208,f8:d2:ac:5e:66:c7,-93,6
27/04/2026,15:13:44,103,Lab. de biologia,EBF243D6-HE8D94yaFM1AOcS,44:d2:44:dd:32:49,-94,11
27/04/2026,15:13:44,103,Lab. de biologia,A26 de Taciana,22:54:c2:cb:89:d4,-95,6
27/04/2026,15:13:44,103,Lab. de biologia,UA2-MiniLab,60:32:b1:2d:66:c3,-95,10
27/04/2026,15:13:45,103,Lab. de biologia,Lab. de física,Lab. de biologia,Lab. de física,Lab. de biologia
27/04/2026,15:13:54,104,Lab. de biologia,IFPB-VISITANTE,24:36:da:2b:bc:02,-73,6
27/04/2026,15:13:54,104,Lab. de biologia,IFPB,24:36:da:2b:bc:00,-74,6
27/04/2026,15:13:54,104,Lab. de biologia,IFPB,84:f1:47:54:8b:a0,-77,1
27/04/2026,15:13:54,104,Lab. de biologia,IFPB-VISITANTE,84:f1:47:54:8b:a2,-78,1
27/04/2026,15:13:54,104,Lab. de biologia,APTelefonia,58:10:8c:91:f3:aa,-78,1
27/04/2026,15:13:54,104,Lab. de biologia,TP-Link_1324,7c:f1:7e:8d:13:22,-80,10
27/04/2026,15:13:54,104,Lab. de biologia,IFPB-VISITANTE,84:f1:47:54:6b:82,-81,6
27/04/2026,15:13:54,104,Lab. de biologia,IFPB,84:f1:47:54:6b:80,-81,6
27/04/2026,15:13:54,104,Lab. de biologia,Lab. de Sinais Digitais,18:d6:c7:f9:37:2f,-81,11
27/04/2026,15:13:54,104,Lab. de biologia,Intelbras,18:0d:2c:7f:eb:ac,-83,7
27/04/2026,15:13:54,104,Lab. de biologia,IFPB,2c:57:41:cd:e1:c0,-84,11
27/04/2026,15:13:54,104,Lab. de biologia,IFPB-VISITANTE,2c:57:41:cd:e1:c2,-86,11
27/04/2026,15:13:54,104,Lab. de biologia,NPEF/NEPA,50:c7:bf:ef:56:8a,-87,3
27/04/2026,15:13:54,104,Lab. de biologia,IFPB,84:f1:47:54:81:00,-88,11
27/04/2026,15:13:54,104,Lab. de biologia,EBF243D6-HE8D94yaFM1AOcS,44:d2:44:dd:32:49,-88,11
27/04/2026,15:13:54,104,Lab. de biologia,IFPB-Sala_Professor_14,24:fd:0d:57:19:26,-89,5
27/04/2026,15:13:54,104,Lab. de biologia,UA2-MiniLab,60:32:b1:2d:66:c3,-89,10
27/04/2026,15:13:54,104,Lab. de biologia,IFPB-VISITANTE,84:f1:47:54:81:02,-89,11
27/04/2026,15:13:54,104,Lab. de biologia,GPDS,00:26:5a:66:55:ef,-90,6
27/04/2026,15:13:54,104,Lab. de biologia,JORGE208,f8:d2:ac:5e:66:c7,-90,6
27/04/2026,15:13:54,104,Lab. de biologia,CLARO-WIFI,fa:d2:ac:5e:66:c1,-92,6
27/04/2026,15:13:55,104,Lab. de biologia,Lab. de física,Lab. de biologia,Lab. de física,Lab. de biologia
27/04/2026,15:14:04,105,Lab. de biologia,IFPB,24:36:da:2b:bc:00,-71,6
27/04/2026,15:14:04,105,Lab. de biologia,IFPB-VISITANTE,24:36:da:2b:bc:02,-72,6
27/04/2026,15:14:04,105,Lab. de biologia,APTelefonia,58:10:8c:91:f3:aa,-74,1
27/04/2026,15:14:04,105,Lab. de biologia,TP-Link_1324,7c:f1:7e:8d:13:22,-74,10
27/04/2026,15:14:04,105,Lab. de biologia,IFPB,84:f1:47:54:8b:a0,-75,1
27/04/2026,15:14:04,105,Lab. de biologia,IFPB-VISITANTE,84:f1:47:54:8b:a2,-75,1
27/04/2026,15:14:04,105,Lab. de biologia,NPEF/NEPA,50:c7:bf:ef:56:8a,-78,3
27/04/2026,15:14:04,105,Lab. de biologia,IFPB,84:f1:47:54:6b:80,-80,6
27/04/2026,15:14:04,105,Lab. de biologia,IFPB-VISITANTE,84:f1:47:54:6b:82,-80,6
27/04/2026,15:14:04,105,Lab. de biologia,Lab. de Sinais Digitais,18:d6:c7:f9:37:2f,-80,11
27/04/2026,15:14:04,105,Lab. de biologia,IFPB,2c:57:41:cd:e1:c0,-83,11
27/04/2026,15:14:04,105,Lab. de biologia,IFPB-VISITANTE,2c:57:41:cd:e1:c2,-84,11
27/04/2026,15:14:04,105,Lab. de biologia,IFPB,84:f1:47:54:81:00,-85,11
27/04/2026,15:14:04,105,Lab. de biologia,IFPB-VISITANTE,84:f1:47:54:81:02,-85,11
27/04/2026,15:14:04,105,Lab. de biologia,IFPB-Sala_Professor_14,24:fd:0d:57:19:26,-86,5
27/04/2026,15:14:04,105,Lab. de biologia,GPDS,00:26:5a:66:55:ef,-87,6
27/04/2026,15:14:04,105,Lab. de biologia,Intelbras,18:0d:2c:7f:eb:ac,-89,7
27/04/2026,15:14:04,105,Lab. de biologia,A26 de Taciana,22:54:c2:cb:89:d4,-93,6
27/04/2026,15:14:04,105,Lab. de biologia,UA2-MiniLab,60:32:b1:2d:66:c3,-93,10
27/04/2026,15:14:04,105,Lab. de biologia,IFPB TCC,d8:5d:4c:86:7e:66,-96,1
27/04/2026,15:14:05,105,Lab. de biologia,Lab. de física,Lab. de biologia,Lab. de física,Lab. de biologia
27/04/2026,15:14:25,106,Lab. de física,IFPB,24:36:da:2b:bc:00,-71,6
27/04/2026,15:14:25,106,Lab. de física,IFPB-VISITANTE,24:36:da:2b:bc:02,-71,6
27/04/2026,15:14:25,106,Lab. de física,APTelefonia,58:10:8c:91:f3:aa,-72,1
27/04/2026,15:14:25,106,Lab. de física,IFPB,84:f1:47:54:6b:80,-77,6
27/04/2026,15:14:25,106,Lab. de física,IFPB-VISITANTE,84:f1:47:54:6b:82,-78,6
27/04/2026,15:14:25,106,Lab. de física,Intelbras,18:0d:2c:7f:eb:ac,-78,7
27/04/2026,15:14:25,106,Lab. de física,TP-Link_1324,7c:f1:7e:8d:13:22,-79,10
27/04/2026,15:14:25,106,Lab. de física,IFPB,84:f1:47:54:8b:a0,-81,1
27/04/2026,15:14:25,106,Lab. de física,IFPB-VISITANTE,84:f1:47:54:8b:a2,-81,1
27/04/2026,15:14:25,106,Lab. de física,NPEF/NEPA,50:c7:bf:ef:56:8a,-81,3
27/04/2026,15:14:25,106,Lab. de física,IFPB-VISITANTE,84:f1:47:54:81:02,-81,11
27/04/2026,15:14:25,106,Lab. de física,IFPB-Sala_Professor_14,24:fd:0d:57:19:26,-83,5
27/04/2026,15:14:25,106,Lab. de física,IFPB,2c:57:41:cd:e1:c0,-85,11
27/04/2026,15:14:25,106,Lab. de física,IFPB-VISITANTE,2c:57:41:cd:e1:c2,-85,11
27/04/2026,15:14:25,106,Lab. de física,IFPB,84:f1:47:54:81:00,-85,11
27/04/2026,15:14:25,106,Lab. de física,Lab. de Sinais Digitais,18:d6:c7:f9:37:2f,-86,11
27/04/2026,15:14:25,106,Lab. de física,EBF243D6-HE8D94yaFM1AOcS,44:d2:44:dd:32:49,-87,11
27/04/2026,15:14:25,106,Lab. de física,UA2-MiniLab,60:32:b1:2d:66:c3,-88,10
27/04/2026,15:14:25,106,Lab. de física,GPDS,00:26:5a:66:55:ef,-90,6
27/04/2026,15:14:25,106,Lab. de física,IFPB-Sala_Professor_14,48:51:cf:81:b0:9e,-94,8
27/04/2026,15:14:25,106,Lab. de física,INTELBRAS,d8:36:5f:54:70:40,-95,4
27/04/2026,15:14:26,106,Lab. de física,Lab. de física,Lab. de biologia,Lab. de física,Lab. de biologia
27/04/2026,15:14:35,107,Lab. de física,APTelefonia,58:10:8c:91:f3:aa,-69,1
27/04/2026,15:14:35,107,Lab. de física,IFPB,24:36:da:2b:bc:00,-73,6
27/04/2026,15:14:35,107,Lab. de física,IFPB-VISITANTE,24:36:da:2b:bc:02,-73,6
27/04/2026,15:14:35,107,Lab. de física,IFPB,84:f1:47:54:6b:80,-76,6
27/04/2026,15:14:35,107,Lab. de física,IFPB-VISITANTE,84:f1:47:54:6b:82,-76,6
27/04/2026,15:14:35,107,Lab. de física,Lab. de Sinais Digitais,18:d6:c7:f9:37:2f,-76,11
27/04/2026,15:14:35,107,Lab. de física,IFPB,84:f1:47:54:8b:a0,-77,1
27/04/2026,15:14:35,107,Lab. de física,IFPB-VISITANTE,84:f1:47:54:8b:a2,-77,1
27/04/2026,15:14:35,107,Lab. de física,Intelbras,18:0d:2c:7f:eb:ac,-78,7
27/04/2026,15:14:35,107,Lab. de física,TP-Link_1324,7c:f1:7e:8d:13:22,-78,10
27/04/2026,15:14:35,107,Lab. de física,NPEF/NEPA,50:c7:bf:ef:56:8a,-83,3
27/04/2026,15:14:35,107,Lab. de física,IFPB-VISITANTE,2c:57:41:cd:e1:c2,-83,11
27/04/2026,15:14:35,107,Lab. de física,IFPB,2c:57:41:cd:e1:c0,-84,11
27/04/2026,15:14:35,107,Lab. de física,IFPB,84:f1:47:54:81:00,-85,11
27/04/2026,15:14:35,107,Lab. de física,IFPB-VISITANTE,84:f1:47:54:81:02,-86,11
27/04/2026,15:14:35,107,Lab. de física,IFPB-Sala_Professor_14,24:fd:0d:57:19:26,-87,5
27/04/2026,15:14:35,107,Lab. de física,A26 de Taciana,22:54:c2:cb:89:d4,-88,6
27/04/2026,15:14:36,107,Lab. de física,UA2-MiniLab,60:32:b1:2d:66:c3,-88,10
27/04/2026,15:14:36,107,Lab. de física,GPDS,00:26:5a:66:55:ef,-90,6
27/04/2026,15:14:36,107,Lab. de física,CLARO-WIFI,fa:d2:ac:5e:66:c1,-91,6
27/04/2026,15:14:36,107,Lab. de física,INTELBRAS,d8:36:5f:54:70:40,-92,4
27/04/2026,15:14:36,107,Lab. de física,EBF243D6-HE8D94yaFM1AOcS,44:d2:44:dd:32:49,-92,11
27/04/2026,15:14:36,107,Lab. de física,SALA_MESTRADO,64:66:b3:62:eb:86,-93,1
27/04/2026,15:14:36,107,Lab. de física,IFPB-MM,54:e6:fc:ba:ad:86,-94,1
27/04/2026,15:14:36,107,Lab. de física,Lab. de física,Lab. de biologia,Lab. de física,Lab. de biologia
27/04/2026,15:14:45,108,Lab. de física,IFPB-VISITANTE,24:36:da:2b:bc:02,-70,6
27/04/2026,15:14:45,108,Lab. de física,IFPB,24:36:da:2b:bc:00,-71,6
27/04/2026,15:14:45,108,Lab. de física,APTelefonia,58:10:8c:91:f3:aa,-72,1
27/04/2026,15:14:45,108,Lab. de física,IFPB,84:f1:47:54:6b:80,-73,6
27/04/2026,15:14:45,108,Lab. de física,IFPB-VISITANTE,84:f1:47:54:6b:82,-73,6
27/04/2026,15:14:45,108,Lab. de física,IFPB-VISITANTE,84:f1:47:54:8b:a2,-78,1
27/04/2026,15:14:45,108,Lab. de física,IFPB,84:f1:47:54:8b:a0,-79,1
27/04/2026,15:14:45,108,Lab. de física,TP-Link_1324,7c:f1:7e:8d:13:22,-79,10
27/04/2026,15:14:45,108,Lab. de física,Lab. de Sinais Digitais,18:d6:c7:f9:37:2f,-79,11
27/04/2026,15:14:45,108,Lab. de física,Intelbras,18:0d:2c:7f:eb:ac,-80,7
27/04/2026,15:14:45,108,Lab. de física,NPEF/NEPA,50:c7:bf:ef:56:8a,-82,3
27/04/2026,15:14:46,108,Lab. de física,IFPB-Sala_Professor_14,24:fd:0d:57:19:26,-82,5
27/04/2026,15:14:46,108,Lab. de física,IFPB,2c:57:41:cd:e1:c0,-83,11
27/04/2026,15:14:46,108,Lab. de física,IFPB-VISITANTE,2c:57:41:cd:e1:c2,-84,11
27/04/2026,15:14:46,108,Lab. de física,EBF243D6-HE8D94yaFM1AOcS,44:d2:44:dd:32:49,-87,11
27/04/2026,15:14:46,108,Lab. de física,IFPB-VISITANTE,84:f1:47:54:81:02,-88,11
27/04/2026,15:14:46,108,Lab. de física,IFPB,84:f1:47:54:81:00,-89,11
27/04/2026,15:14:46,108,Lab. de física,UA2-MiniLab,60:32:b1:2d:66:c3,-91,10
27/04/2026,15:14:46,108,Lab. de física,A26 de Taciana,22:54:c2:cb:89:d4,-92,6
27/04/2026,15:14:46,108,Lab. de física,GPDS,00:26:5a:66:55:ef,-92,6
27/04/2026,15:14:46,108,Lab. de física,IFPB-MM,54:e6:fc:ba:ad:86,-96,1
27/04/2026,15:14:46,108,Lab. de física,Lab. de física,Lab. de física,Lab. de física,Lab. de física
27/04/2026,15:14:55,109,Lab. de física,APTelefonia,58:10:8c:91:f3:aa,-70,1
27/04/2026,15:14:55,109,Lab. de física,IFPB-VISITANTE,84:f1:47:54:6b:82,-73,6
27/04/2026,15:14:55,109,Lab. de física,IFPB,84:f1:47:54:6b:80,-73,6
27/04/2026,15:14:55,109,Lab. de física,IFPB,24:36:da:2b:bc:00,-74,6
27/04/2026,15:14:55,109,Lab. de física,IFPB-VISITANTE,24:36:da:2b:bc:02,-75,6
27/04/2026,15:14:55,109,Lab. de física,IFPB-Sala_Professor_14,24:fd:0d:57:19:26,-76,5
27/04/2026,15:14:55,109,Lab. de física,Intelbras,18:0d:2c:7f:eb:ac,-77,7
27/04/2026,15:14:55,109,Lab. de física,IFPB,84:f1:47:54:8b:a0,-78,1
27/04/2026,15:14:55,109,Lab. de física,IFPB-VISITANTE,84:f1:47:54:8b:a2,-78,1
27/04/2026,15:14:55,109,Lab. de física,NPEF/NEPA,50:c7:bf:ef:56:8a,-78,3
27/04/2026,15:14:55,109,Lab. de física,TP-Link_1324,7c:f1:7e:8d:13:22,-78,10
27/04/2026,15:14:55,109,Lab. de física,Lab. de Sinais Digitais,18:d6:c7:f9:37:2f,-81,11
27/04/2026,15:14:56,109,Lab. de física,UA2-MiniLab,60:32:b1:2d:66:c3,-85,10
27/04/2026,15:14:56,109,Lab. de física,IFPB,2c:57:41:cd:e1:c0,-85,11
27/04/2026,15:14:56,109,Lab. de física,IFPB-VISITANTE,2c:57:41:cd:e1:c2,-85,11
27/04/2026,15:14:56,109,Lab. de física,EBF243D6-HE8D94yaFM1AOcS,44:d2:44:dd:32:49,-87,11
27/04/2026,15:14:56,109,Lab. de física,IFPB,84:f1:47:54:81:00,-87,11
27/04/2026,15:14:56,109,Lab. de física,IFPB,e4:4e:2d:85:4c:60,-88,11
27/04/2026,15:14:56,109,Lab. de física,IFPB-VISITANTE,84:f1:47:54:81:02,-89,11
27/04/2026,15:14:56,109,Lab. de física,IFPB-VISITANTE,e4:4e:2d:85:4c:62,-89,11
27/04/2026,15:14:56,109,Lab. de física,A26 de Taciana,22:54:c2:cb:89:d4,-91,6
27/04/2026,15:14:56,109,Lab. de física,GPDS,00:26:5a:66:55:ef,-93,6
27/04/2026,15:14:56,109,Lab. de física,CLARO-WIFI,fa:d2:ac:5e:66:c1,-93,6
27/04/2026,15:14:56,109,Lab. de física,JORGE208,f8:d2:ac:5e:66:c7,-94,6
27/04/2026,15:14:56,109,Lab. de física,Lab. de física,Lab. de biologia,Lab. de física,Lab. de biologia
27/04/2026,15:15:06,110,Lab. de física,APTelefonia,58:10:8c:91:f3:aa,-70,1
27/04/2026,15:15:06,110,Lab. de física,IFPB,24:36:da:2b:bc:00,-72,6
27/04/2026,15:15:06,110,Lab. de física,IFPB-VISITANTE,24:36:da:2b:bc:02,-72,6
27/04/2026,15:15:06,110,Lab. de física,IFPB-VISITANTE,84:f1:47:54:6b:82,-74,6
27/04/2026,15:15:06,110,Lab. de física,IFPB,84:f1:47:54:6b:80,-74,6
27/04/2026,15:15:06,110,Lab. de física,NPEF/NEPA,50:c7:bf:ef:56:8a,-76,3
27/04/2026,15:15:06,110,Lab. de física,Intelbras,18:0d:2c:7f:eb:ac,-76,7
27/04/2026,15:15:06,110,Lab. de física,IFPB-Sala_Professor_14,24:fd:0d:57:19:26,-79,5
27/04/2026,15:15:06,110,Lab. de física,TP-Link_1324,7c:f1:7e:8d:13:22,-81,10
27/04/2026,15:15:06,110,Lab. de física,Lab. de Sinais Digitais,18:d6:c7:f9:37:2f,-81,11
27/04/2026,15:15:06,110,Lab. de física,UA2-MiniLab,60:32:b1:2d:66:c3,-82,10
27/04/2026,15:15:06,110,Lab. de física,IFPB-VISITANTE,84:f1:47:54:8b:a2,-83,1
27/04/2026,15:15:06,110,Lab. de física,IFPB,84:f1:47:54:8b:a0,-84,1
27/04/2026,15:15:06,110,Lab. de física,IFPB,2c:57:41:cd:e1:c0,-84,11
27/04/2026,15:15:06,110,Lab. de física,IFPB-VISITANTE,2c:57:41:cd:e1:c2,-84,11
27/04/2026,15:15:06,110,Lab. de física,GPDS,00:26:5a:66:55:ef,-86,6
27/04/2026,15:15:06,110,Lab. de física,EBF243D6-HE8D94yaFM1AOcS,44:d2:44:dd:32:49,-89,11
27/04/2026,15:15:06,110,Lab. de física,IFPB-VISITANTE,84:f1:47:54:81:02,-91,11
27/04/2026,15:15:06,110,Lab. de física,INTELBRAS,d8:36:5f:54:70:40,-92,4
27/04/2026,15:15:06,110,Lab. de física,A26 de Taciana,22:54:c2:cb:89:d4,-93,6
27/04/2026,15:15:06,110,Lab. de física,IFPB-MM,54:e6:fc:ba:ad:86,-94,1
27/04/2026,15:15:06,110,Lab. de física,Lab. de física,Lab. de biologia,Lab. de física,Lab. de biologia
27/04/2026,15:15:39,111,Núcleo de pesquisa,NPEF/NEPA,50:c7:bf:ef:56:8a,-44,3
27/04/2026,15:15:39,111,Núcleo de pesquisa,IFPB,84:f1:47:54:8b:a0,-69,1
27/04/2026,15:15:39,111,Núcleo de pesquisa,IFPB-VISITANTE,84:f1:47:54:8b:a2,-69,1
27/04/2026,15:15:39,111,Núcleo de pesquisa,EBF243D6-HE8D94yaFM1AOcS,44:d2:44:dd:32:49,-74,11
27/04/2026,15:15:39,111,Núcleo de pesquisa,UA2-MiniLab,60:32:b1:2d:66:c3,-75,10
27/04/2026,15:15:39,111,Núcleo de pesquisa,Lab. de Sinais Digitais,18:d6:c7:f9:37:2f,-78,11
27/04/2026,15:15:39,111,Núcleo de pesquisa,A26 de Taciana,22:54:c2:cb:89:d4,-79,6
27/04/2026,15:15:39,111,Núcleo de pesquisa,APTelefonia,58:10:8c:91:f3:aa,-82,1
27/04/2026,15:15:39,111,Núcleo de pesquisa,NUNYA_Room_2.4GHz,cc:32:e5:0c:fc:2b,-85,9
27/04/2026,15:15:39,111,Núcleo de pesquisa,IFPB-VISITANTE,84:f1:47:54:80:62,-85,11
27/04/2026,15:15:39,111,Núcleo de pesquisa,GPDS,00:26:5a:66:55:ef,-86,6
27/04/2026,15:15:39,111,Núcleo de pesquisa,Intelbras,18:0d:2c:7f:eb:ac,-86,7
27/04/2026,15:15:39,111,Núcleo de pesquisa,IFPB,84:f1:47:54:80:60,-86,11
27/04/2026,15:15:39,111,Núcleo de pesquisa,IFPB-VISITANTE,24:36:da:2b:bc:02,-87,6
27/04/2026,15:15:39,111,Núcleo de pesquisa,IFPB,24:36:da:2b:bc:00,-87,6
27/04/2026,15:15:39,111,Núcleo de pesquisa,IFPB,84:f1:47:54:fd:60,-88,1
27/04/2026,15:15:39,111,Núcleo de pesquisa,IFPB-VISITANTE,84:f1:47:54:fd:62,-88,1
27/04/2026,15:15:39,111,Núcleo de pesquisa,IFPB,84:f1:47:54:81:00,-88,11
27/04/2026,15:15:39,111,Núcleo de pesquisa,INTELBRAS,d8:36:5f:54:70:40,-89,4
27/04/2026,15:15:39,111,Núcleo de pesquisa,IFPB-Sala_Professor_14,24:fd:0d:57:19:26,-89,5
27/04/2026,15:15:39,111,Núcleo de pesquisa,IFPB-VISITANTE,84:f1:47:54:81:02,-89,11
27/04/2026,15:15:39,111,Núcleo de pesquisa,IFPB-MM,54:e6:fc:ba:ad:86,-90,1
27/04/2026,15:15:39,111,Núcleo de pesquisa,SALA_MESTRADO,64:66:b3:62:eb:86,-94,1
27/04/2026,15:15:39,111,Núcleo de pesquisa,IFPB-Sala_Professor_14,48:51:cf:81:b0:9e,-94,8
27/04/2026,15:15:39,111,Núcleo de pesquisa,TP-Link_1324,7c:f1:7e:8d:13:22,-94,10
27/04/2026,15:15:39,111,Núcleo de pesquisa,Núcleo de pesquisa,Núcleo de pesquisa,Núcleo de pesquisa,Núcleo de pesquisa
27/04/2026,15:15:49,112,Núcleo de pesquisa,NPEF/NEPA,50:c7:bf:ef:56:8a,-57,3
27/04/2026,15:15:49,112,Núcleo de pesquisa,IFPB,84:f1:47:54:8b:a0,-65,1
27/04/2026,15:15:49,112,Núcleo de pesquisa,IFPB-VISITANTE,84:f1:47:54:8b:a2,-65,1
27/04/2026,15:15:49,112,Núcleo de pesquisa,A26 de Taciana,22:54:c2:cb:89:d4,-73,6
27/04/2026,15:15:49,112,Núcleo de pesquisa,Lab. de Sinais Digitais,18:d6:c7:f9:37:2f,-79,11
27/04/2026,15:15:49,112,Núcleo de pesquisa,UA2-MiniLab,60:32:b1:2d:66:c3,-81,10
27/04/2026,15:15:49,112,Núcleo de pesquisa,IFPB,84:f1:47:54:fd:60,-85,1
27/04/2026,15:15:49,112,Núcleo de pesquisa,IFPB-VISITANTE,84:f1:47:54:fd:62,-85,1
27/04/2026,15:15:49,112,Núcleo de pesquisa,APTelefonia,58:10:8c:91:f3:aa,-85,1
27/04/2026,15:15:49,112,Núcleo de pesquisa,IFPB-VISITANTE,24:36:da:2b:bc:02,-85,6
27/04/2026,15:15:49,112,Núcleo de pesquisa,IFPB,24:36:da:2b:bc:00,-86,6
27/04/2026,15:15:49,112,Núcleo de pesquisa,GPDS,00:26:5a:66:55:ef,-87,6
27/04/2026,15:15:49,112,Núcleo de pesquisa,Intelbras,18:0d:2c:7f:eb:ac,-87,7
27/04/2026,15:15:49,112,Núcleo de pesquisa,TP-Link_1324,7c:f1:7e:8d:13:22,-87,10
27/04/2026,15:15:49,112,Núcleo de pesquisa,IFPB-VISITANTE,84:f1:47:54:81:02,-87,11
27/04/2026,15:15:49,112,Núcleo de pesquisa,IFPB,84:f1:47:54:81:00,-88,11
27/04/2026,15:15:49,112,Núcleo de pesquisa,IFPB-Sala_Professor_14,48:51:cf:81:b0:9e,-89,8
27/04/2026,15:15:49,112,Núcleo de pesquisa,NUNYA_Room_2.4GHz,cc:32:e5:0c:fc:2b,-89,9
27/04/2026,15:15:49,112,Núcleo de pesquisa,EBF243D6-HE8D94yaFM1AOcS,44:d2:44:dd:32:49,-89,11
27/04/2026,15:15:49,112,Núcleo de pesquisa,INTELBRAS,d8:36:5f:54:70:40,-90,4
27/04/2026,15:15:49,112,Núcleo de pesquisa,IFPB-Sala_Professor_14,24:fd:0d:57:19:26,-90,5
27/04/2026,15:15:49,112,Núcleo de pesquisa,TP-Link_C3CB,d8:0d:17:3e:c3:cb,-91,4
27/04/2026,15:15:49,112,Núcleo de pesquisa,IFPB-MM,54:e6:fc:ba:ad:86,-92,1
27/04/2026,15:15:49,112,Núcleo de pesquisa,Núcleo de pesquisa,Núcleo de pesquisa,Núcleo de pesquisa,Núcleo de pesquisa
27/04/2026,15:15:59,113,Núcleo de pesquisa,NPEF/NEPA,50:c7:bf:ef:56:8a,-60,3
27/04/2026,15:15:59,113,Núcleo de pesquisa,IFPB,84:f1:47:54:8b:a0,-67,1
27/04/2026,15:15:59,113,Núcleo de pesquisa,IFPB-VISITANTE,84:f1:47:54:8b:a2,-67,1
27/04/2026,15:15:59,113,Núcleo de pesquisa,UA2-MiniLab,60:32:b1:2d:66:c3,-75,10
27/04/2026,15:15:59,113,Núcleo de pesquisa,A26 de Taciana,22:54:c2:cb:89:d4,-79,6
27/04/2026,15:15:59,113,Núcleo de pesquisa,EBF243D6-HE8D94yaFM1AOcS,44:d2:44:dd:32:49,-80,11
27/04/2026,15:15:59,113,Núcleo de pesquisa,Lab. de Sinais Digitais,18:d6:c7:f9:37:2f,-83,11
27/04/2026,15:15:59,113,Núcleo de pesquisa,IFPB-VISITANTE,84:f1:47:54:80:62,-84,11
27/04/2026,15:15:59,113,Núcleo de pesquisa,IFPB,24:36:da:2b:bc:00,-85,6
27/04/2026,15:15:59,113,Núcleo de pesquisa,IFPB-VISITANTE,24:36:da:2b:bc:02,-85,6
27/04/2026,15:15:59,113,Núcleo de pesquisa,IFPB,84:f1:47:54:80:60,-85,11
27/04/2026,15:15:59,113,Núcleo de pesquisa,IFPB-VISITANTE,84:f1:47:54:fd:62,-86,1
27/04/2026,15:15:59,113,Núcleo de pesquisa,IFPB-Sala_Professor_14,24:fd:0d:57:19:26,-86,5
27/04/2026,15:15:59,113,Núcleo de pesquisa,Intelbras,18:0d:2c:7f:eb:ac,-86,7
27/04/2026,15:15:59,113,Núcleo de pesquisa,IFPB,84:f1:47:54:fd:60,-87,1
27/04/2026,15:15:59,113,Núcleo de pesquisa,NUNYA_Room_2.4GHz,cc:32:e5:0c:fc:2b,-87,9
27/04/2026,15:15:59,113,Núcleo de pesquisa,GPDS,00:26:5a:66:55:ef,-88,6
27/04/2026,15:15:59,113,Núcleo de pesquisa,APTelefonia,58:10:8c:91:f3:aa,-89,1
27/04/2026,15:15:59,113,Núcleo de pesquisa,IFPB-MM,54:e6:fc:ba:ad:86,-89,1
27/04/2026,15:15:59,113,Núcleo de pesquisa,INTELBRAS,d8:36:5f:54:70:40,-90,4
27/04/2026,15:15:59,113,Núcleo de pesquisa,SALA_MESTRADO,64:66:b3:62:eb:86,-91,1
27/04/2026,15:15:59,113,Núcleo de pesquisa,TP-Link_C3CB,d8:0d:17:3e:c3:cb,-92,4
27/04/2026,15:15:59,113,Núcleo de pesquisa,IFPB-Sala_Professor_14,48:51:cf:81:b0:9e,-92,8
27/04/2026,15:15:59,113,Núcleo de pesquisa,Núcleo de pesquisa,Núcleo de pesquisa,Núcleo de pesquisa,Núcleo de pesquisa
27/04/2026,15:16:09,114,Núcleo de pesquisa,NPEF/NEPA,50:c7:bf:ef:56:8a,-60,3
27/04/2026,15:16:09,114,Núcleo de pesquisa,IFPB,84:f1:47:54:8b:a0,-67,1
27/04/2026,15:16:09,114,Núcleo de pesquisa,IFPB-VISITANTE,84:f1:47:54:8b:a2,-67,1
27/04/2026,15:16:09,114,Núcleo de pesquisa,A26 de Taciana,22:54:c2:cb:89:d4,-73,6
27/04/2026,15:16:09,114,Núcleo de pesquisa,UA2-MiniLab,60:32:b1:2d:66:c3,-76,10
27/04/2026,15:16:09,114,Núcleo de pesquisa,EBF243D6-HE8D94yaFM1AOcS,44:d2:44:dd:32:49,-82,11
27/04/2026,15:16:09,114,Núcleo de pesquisa,APTelefonia,58:10:8c:91:f3:aa,-84,1
27/04/2026,15:16:09,114,Núcleo de pesquisa,IFPB,24:36:da:2b:bc:00,-84,6
27/04/2026,15:16:09,114,Núcleo de pesquisa,IFPB-VISITANTE,24:36:da:2b:bc:02,-84,6
27/04/2026,15:16:09,114,Núcleo de pesquisa,IFPB-Sala_Professor_14,48:51:cf:81:b0:9e,-84,8
27/04/2026,15:16:09,114,Núcleo de pesquisa,IFPB-MM,54:e6:fc:ba:ad:86,-85,1
27/04/2026,15:16:09,114,Núcleo de pesquisa,Lab. de Sinais Digitais,18:d6:c7:f9:37:2f,-85,11
27/04/2026,15:16:09,114,Núcleo de pesquisa,Intelbras,18:0d:2c:7f:eb:ac,-86,7
27/04/2026,15:16:09,114,Núcleo de pesquisa,NUNYA_Room_2.4GHz,cc:32:e5:0c:fc:2b,-86,9
27/04/2026,15:16:09,114,Núcleo de pesquisa,IFPB-VISITANTE,84:f1:47:54:80:62,-86,11
27/04/2026,15:16:09,114,Núcleo de pesquisa,IFPB-VISITANTE,84:f1:47:54:fd:62,-87,1
27/04/2026,15:16:09,114,Núcleo de pesquisa,IFPB,84:f1:47:54:fd:60,-87,1
27/04/2026,15:16:09,114,Núcleo de pesquisa,GPDS,00:26:5a:66:55:ef,-88,6
27/04/2026,15:16:09,114,Núcleo de pesquisa,IFPB-VISITANTE,84:f1:47:54:81:02,-88,11
27/04/2026,15:16:09,114,Núcleo de pesquisa,IFPB-Sala_Professor_14,24:fd:0d:57:19:26,-89,5
27/04/2026,15:16:09,114,Núcleo de pesquisa,IFPB,84:f1:47:54:81:00,-89,11
27/04/2026,15:16:09,114,Núcleo de pesquisa,INTELBRAS,d8:36:5f:54:70:40,-90,4
27/04/2026,15:16:09,114,Núcleo de pesquisa,SALA_MESTRADO,64:66:b3:62:eb:86,-91,1
27/04/2026,15:16:09,114,Núcleo de pesquisa,TP-Link_C3CB,d8:0d:17:3e:c3:cb,-93,4
27/04/2026,15:16:10,114,Núcleo de pesquisa,Núcleo de pesquisa,Núcleo de pesquisa,Núcleo de pesquisa,Núcleo de pesquisa
27/04/2026,15:16:19,115,Núcleo de pesquisa,NPEF/NEPA,50:c7:bf:ef:56:8a,-62,3
27/04/2026,15:16:19,115,Núcleo de pesquisa,IFPB,84:f1:47:54:8b:a0,-63,1
27/04/2026,15:16:19,115,Núcleo de pesquisa,IFPB-VISITANTE,84:f1:47:54:8b:a2,-64,1
27/04/2026,15:16:19,115,Núcleo de pesquisa,A26 de Taciana,22:54:c2:cb:89:d4,-65,6
27/04/2026,15:16:19,115,Núcleo de pesquisa,UA2-MiniLab,60:32:b1:2d:66:c3,-72,10
27/04/2026,15:16:19,115,Núcleo de pesquisa,Lab. de Sinais Digitais,18:d6:c7:f9:37:2f,-76,11
27/04/2026,15:16:19,115,Núcleo de pesquisa,EBF243D6-HE8D94yaFM1AOcS,44:d2:44:dd:32:49,-78,11
27/04/2026,15:16:19,115,Núcleo de pesquisa,APTelefonia,58:10:8c:91:f3:aa,-83,1
27/04/2026,15:16:19,115,Núcleo de pesquisa,IFPB,84:f1:47:54:80:60,-83,11
27/04/2026,15:16:19,115,Núcleo de pesquisa,IFPB-VISITANTE,84:f1:47:54:80:62,-84,11
27/04/2026,15:16:19,115,Núcleo de pesquisa,GPDS,00:26:5a:66:55:ef,-85,6
27/04/2026,15:16:19,115,Núcleo de pesquisa,NUNYA_Room_2.4GHz,cc:32:e5:0c:fc:2b,-85,9
27/04/2026,15:16:19,115,Núcleo de pesquisa,IFPB-MM,54:e6:fc:ba:ad:86,-86,1
27/04/2026,15:16:19,115,Núcleo de pesquisa,Intelbras,18:0d:2c:7f:eb:ac,-87,7
27/04/2026,15:16:19,115,Núcleo de pesquisa,IFPB-Sala_Professor_14,48:51:cf:81:b0:9e,-88,8
27/04/2026,15:16:19,115,Núcleo de pesquisa,IFPB,2c:57:41:d4:a5:20,-88,11
27/04/2026,15:16:19,115,Núcleo de pesquisa,IFPB-VISITANTE,24:36:da:2b:bc:02,-89,6
27/04/2026,15:16:19,115,Núcleo de pesquisa,TP-Link_1324,7c:f1:7e:8d:13:22,-89,10
27/04/2026,15:16:19,115,Núcleo de pesquisa,IFPB-VISITANTE,2c:57:41:d4:a5:22,-89,11
27/04/2026,15:16:19,115,Núcleo de pesquisa,IFPB-Sala_Professor_14,24:fd:0d:57:19:26,-90,5
27/04/2026,15:16:19,115,Núcleo de pesquisa,IFPB,24:36:da:2b:bc:00,-90,6
27/04/2026,15:16:20,115,Núcleo de pesquisa,INTELBRAS,d8:36:5f:54:70:40,-94,4
27/04/2026,15:16:20,115,Núcleo de pesquisa,Núcleo de pesquisa,Núcleo de pesquisa,Núcleo de pesquisa,Núcleo de pesquisa
27/04/2026,15:16:39,116,Coordenação de química,NPEF/NEPA,50:c7:bf:ef:56:8a,-60,3
27/04/2026,15:16:39,116,Coordenação de química,EBF243D6-HE8D94yaFM1AOcS,44:d2:44:dd:32:49,-69,11
27/04/2026,15:16:39,116,Coordenação de química,A26 de Taciana,22:54:c2:cb:89:d4,-72,6
27/04/2026,15:16:39,116,Coordenação de química,IFPB,84:f1:47:54:8b:a0,-77,1
27/04/2026,15:16:39,116,Coordenação de química,IFPB-VISITANTE,84:f1:47:54:8b:a2,-77,1
27/04/2026,15:16:39,116,Coordenação de química,IFPB,84:f1:47:54:fd:60,-79,1
27/04/2026,15:16:39,116,Coordenação de química,IFPB-VISITANTE,84:f1:47:54:fd:62,-80,1
27/04/2026,15:16:39,116,Coordenação de química,UA2-MiniLab,60:32:b1:2d:66:c3,-81,10
27/04/2026,15:16:39,116,Coordenação de química,Lab. de Sinais Digitais,18:d6:c7:f9:37:2f,-84,11
27/04/2026,15:16:39,116,Coordenação de química,IFPB-MM,54:e6:fc:ba:ad:86,-87,1
27/04/2026,15:16:40,116,Coordenação de química,APTelefonia,58:10:8c:91:f3:aa,-87,1
27/04/2026,15:16:40,116,Coordenação de química,IFPB,24:36:da:2b:bc:00,-88,6
27/04/2026,15:16:40,116,Coordenação de química,IFPB-VISITANTE,84:f1:47:54:80:62,-88,11
27/04/2026,15:16:40,116,Coordenação de química,IFPB,84:f1:47:54:eb:20,-89,6
27/04/2026,15:16:40,116,Coordenação de química,IFPB-Sala_Professor_14,48:51:cf:81:b0:9e,-89,8
27/04/2026,15:16:40,116,Coordenação de química,TP-Link_1324,7c:f1:7e:8d:13:22,-89,10
27/04/2026,15:16:40,116,Coordenação de química,IFPB-VISITANTE,24:36:da:2b:bc:02,-90,6
27/04/2026,15:16:40,116,Coordenação de química,IFPB,84:f1:47:54:80:60,-90,11
27/04/2026,15:16:40,116,Coordenação de química,Intelbras,18:0d:2c:7f:eb:ac,-91,7
27/04/2026,15:16:40,116,Coordenação de química,NUNYA_Room_2.4GHz,cc:32:e5:0c:fc:2b,-91,9
27/04/2026,15:16:40,116,Coordenação de química,IFPB,2c:57:41:d4:a5:20,-91,11
27/04/2026,15:16:40,116,Coordenação de química,Coordenação de química,Coordenação de química,Coordenação de química,Coordenação de química
27/04/2026,15:16:49,117,Coordenação de química,NPEF/NEPA,50:c7:bf:ef:56:8a,-52,3
27/04/2026,15:16:49,117,Coordenação de química,EBF243D6-HE8D94yaFM1AOcS,44:d2:44:dd:32:49,-70,11
27/04/2026,15:16:49,117,Coordenação de química,IFPB,84:f1:47:54:8b:a0,-74,1
27/04/2026,15:16:49,117,Coordenação de química,IFPB-VISITANTE,84:f1:47:54:8b:a2,-75,1
27/04/2026,15:16:49,117,Coordenação de química,A26 de Taciana,22:54:c2:cb:89:d4,-78,6
27/04/2026,15:16:49,117,Coordenação de química,IFPB,84:f1:47:54:fd:60,-80,1
27/04/2026,15:16:49,117,Coordenação de química,IFPB-VISITANTE,84:f1:47:54:fd:62,-80,1
27/04/2026,15:16:49,117,Coordenação de química,UA2-MiniLab,60:32:b1:2d:66:c3,-82,10
27/04/2026,15:16:49,117,Coordenação de química,Lab. de Sinais Digitais,18:d6:c7:f9:37:2f,-82,11
27/04/2026,15:16:49,117,Coordenação de química,NUNYA_Room_2.4GHz,cc:32:e5:0c:fc:2b,-85,9
27/04/2026,15:16:50,117,Coordenação de química,IFPB-VISITANTE,84:f1:47:54:80:62,-85,11
27/04/2026,15:16:50,117,Coordenação de química,IFPB,84:f1:47:54:80:60,-85,11
27/04/2026,15:16:50,117,Coordenação de química,IFPB-VISITANTE,84:f1:47:54:81:02,-86,11
27/04/2026,15:16:50,117,Coordenação de química,APTelefonia,58:10:8c:91:f3:aa,-87,1
27/04/2026,15:16:50,117,Coordenação de química,IFPB,84:f1:47:54:81:00,-87,11
27/04/2026,15:16:50,117,Coordenação de química,IFPB-MM,54:e6:fc:ba:ad:86,-88,1
27/04/2026,15:16:50,117,Coordenação de química,INTELBRAS,d8:36:5f:54:70:40,-88,4
27/04/2026,15:16:50,117,Coordenação de química,IFPB-VISITANTE,84:f1:47:54:eb:22,-88,6
27/04/2026,15:16:50,117,Coordenação de química,IFPB,84:f1:47:54:eb:20,-89,6
27/04/2026,15:16:50,117,Coordenação de química,GPDS,00:26:5a:66:55:ef,-90,6
27/04/2026,15:16:50,117,Coordenação de química,TP-Link_1324,7c:f1:7e:8d:13:22,-91,10
27/04/2026,15:16:50,117,Coordenação de química,Coordenação de química,Coordenação de química,Coordenação de química,Coordenação de química
27/04/2026,15:16:59,118,Coordenação de química,NPEF/NEPA,50:c7:bf:ef:56:8a,-53,3
27/04/2026,15:16:59,118,Coordenação de química,EBF243D6-HE8D94yaFM1AOcS,44:d2:44:dd:32:49,-68,11
27/04/2026,15:16:59,118,Coordenação de química,IFPB-VISITANTE,84:f1:47:54:8b:a2,-76,1
27/04/2026,15:16:59,118,Coordenação de química,IFPB,84:f1:47:54:8b:a0,-78,1
27/04/2026,15:16:59,118,Coordenação de química,IFPB-VISITANTE,84:f1:47:54:fd:62,-79,1
27/04/2026,15:17:00,118,Coordenação de química,IFPB,84:f1:47:54:fd:60,-80,1
27/04/2026,15:17:00,118,Coordenação de química,A26 de Taciana,22:54:c2:cb:89:d4,-81,6
27/04/2026,15:17:00,118,Coordenação de química,UA2-MiniLab,60:32:b1:2d:66:c3,-81,10
27/04/2026,15:17:00,118,Coordenação de química,Lab. de Sinais Digitais,18:d6:c7:f9:37:2f,-84,11
27/04/2026,15:17:00,118,Coordenação de química,IFPB,84:f1:47:54:80:60,-86,11
27/04/2026,15:17:00,118,Coordenação de química,IFPB-MM,54:e6:fc:ba:ad:86,-87,1
27/04/2026,15:17:00,118,Coordenação de química,IFPB-VISITANTE,84:f1:47:54:eb:22,-87,6
27/04/2026,15:17:00,118,Coordenação de química,IFPB,84:f1:47:54:eb:20,-88,6
27/04/2026,15:17:00,118,Coordenação de química,IFPB-Sala_Professor_14,48:51:cf:81:b0:9e,-88,8
27/04/2026,15:17:00,118,Coordenação de química,NUNYA_Room_2.4GHz,cc:32:e5:0c:fc:2b,-88,9
27/04/2026,15:17:00,118,Coordenação de química,IFPB-VISITANTE,84:f1:47:54:81:02,-88,11
27/04/2026,15:17:00,118,Coordenação de química,IFPB-VISITANTE,84:f1:47:54:80:62,-88,11
27/04/2026,15:17:00,118,Coordenação de química,INTELBRAS,d8:36:5f:54:70:40,-89,4
27/04/2026,15:17:00,118,Coordenação de química,TP-Link_1324,7c:f1:7e:8d:13:22,-89,10
27/04/2026,15:17:00,118,Coordenação de química,IFPB,84:f1:47:54:81:00,-89,11
27/04/2026,15:17:00,118,Coordenação de química,APTelefonia,58:10:8c:91:f3:aa,-90,1
27/04/2026,15:17:00,118,Coordenação de química,GPDS,00:26:5a:66:55:ef,-91,6
27/04/2026,15:17:00,118,Coordenação de química,Intelbras,18:0d:2c:7f:eb:ac,-91,7
27/04/2026,15:17:00,118,Coordenação de química,Coordenação de química,Coordenação de química,Coordenação de química,Coordenação de química
27/04/2026,15:17:10,119,Coordenação de química,NPEF/NEPA,50:c7:bf:ef:56:8a,-51,3
27/04/2026,15:17:10,119,Coordenação de química,EBF243D6-HE8D94yaFM1AOcS,44:d2:44:dd:32:49,-69,11
27/04/2026,15:17:10,119,Coordenação de química,A26 de Taciana,22:54:c2:cb:89:d4,-73,6
27/04/2026,15:17:10,119,Coordenação de química,IFPB,84:f1:47:54:8b:a0,-75,1
27/04/2026,15:17:10,119,Coordenação de química,IFPB-VISITANTE,84:f1:47:54:8b:a2,-75,1
27/04/2026,15:17:10,119,Coordenação de química,UA2-MiniLab,60:32:b1:2d:66:c3,-77,10
27/04/2026,15:17:10,119,Coordenação de química,IFPB,84:f1:47:54:fd:60,-80,1
27/04/2026,15:17:10,119,Coordenação de química,IFPB-VISITANTE,84:f1:47:54:fd:62,-80,1
27/04/2026,15:17:10,119,Coordenação de química,Lab. de Sinais Digitais,18:d6:c7:f9:37:2f,-83,11
27/04/2026,15:17:10,119,Coordenação de química,IFPB,84:f1:47:54:eb:20,-87,6
27/04/2026,15:17:10,119,Coordenação de química,IFPB-VISITANTE,84:f1:47:54:80:62,-87,11
27/04/2026,15:17:10,119,Coordenação de química,IFPB-VISITANTE,84:f1:47:54:eb:22,-88,6
27/04/2026,15:17:10,119,Coordenação de química,GPDS,00:26:5a:66:55:ef,-88,6
27/04/2026,15:17:10,119,Coordenação de química,NUNYA_Room_2.4GHz,cc:32:e5:0c:fc:2b,-88,9
27/04/2026,15:17:10,119,Coordenação de química,IFPB,84:f1:47:54:81:00,-88,11
27/04/2026,15:17:10,119,Coordenação de química,IFPB,84:f1:47:54:80:60,-88,11
27/04/2026,15:17:10,119,Coordenação de química,TP-Link_1324,7c:f1:7e:8d:13:22,-89,10
27/04/2026,15:17:10,119,Coordenação de química,IFPB-VISITANTE,84:f1:47:54:81:02,-89,11
27/04/2026,15:17:10,119,Coordenação de química,APTelefonia,58:10:8c:91:f3:aa,-90,1
27/04/2026,15:17:10,119,Coordenação de química,IFPB-MM,54:e6:fc:ba:ad:86,-90,1
27/04/2026,15:17:10,119,Coordenação de química,INTELBRAS,d8:36:5f:54:70:40,-91,4
27/04/2026,15:17:10,119,Coordenação de química,IFPB-Sala_Professor_14,48:51:cf:81:b0:9e,-91,8
27/04/2026,15:17:10,119,Coordenação de química,Coordenação de química,Coordenação de química,Coordenação de química,Coordenação de química
27/04/2026,15:17:20,120,Coordenação de química,NPEF/NEPA,50:c7:bf:ef:56:8a,-49,3
27/04/2026,15:17:20,120,Coordenação de química,EBF243D6-HE8D94yaFM1AOcS,44:d2:44:dd:32:49,-69,11
27/04/2026,15:17:20,120,Coordenação de química,A26 de Taciana,22:54:c2:cb:89:d4,-73,6
27/04/2026,15:17:20,120,Coordenação de química,IFPB,84:f1:47:54:8b:a0,-75,1
27/04/2026,15:17:20,120,Coordenação de química,IFPB-VISITANTE,84:f1:47:54:8b:a2,-75,1
27/04/2026,15:17:20,120,Coordenação de química,UA2-MiniLab,60:32:b1:2d:66:c3,-79,10
27/04/2026,15:17:20,120,Coordenação de química,IFPB-VISITANTE,84:f1:47:54:fd:62,-80,1
27/04/2026,15:17:20,120,Coordenação de química,IFPB,84:f1:47:54:fd:60,-81,1
27/04/2026,15:17:20,120,Coordenação de química,Lab. de Sinais Digitais,18:d6:c7:f9:37:2f,-82,11
27/04/2026,15:17:20,120,Coordenação de química,NUNYA_Room_2.4GHz,cc:32:e5:0c:fc:2b,-85,9
27/04/2026,15:17:20,120,Coordenação de química,IFPB,84:f1:47:54:81:00,-86,11
27/04/2026,15:17:20,120,Coordenação de química,IFPB-VISITANTE,84:f1:47:54:81:02,-86,11
27/04/2026,15:17:20,120,Coordenação de química,APTelefonia,58:10:8c:91:f3:aa,-88,1
27/04/2026,15:17:20,120,Coordenação de química,IFPB-VISITANTE,84:f1:47:54:eb:22,-89,6
27/04/2026,15:17:20,120,Coordenação de química,IFPB,84:f1:47:54:eb:20,-89,6
27/04/2026,15:17:20,120,Coordenação de química,IFPB-MM,54:e6:fc:ba:ad:86,-90,1
27/04/2026,15:17:20,120,Coordenação de química,GPDS,00:26:5a:66:55:ef,-90,6
27/04/2026,15:17:20,120,Coordenação de química,Intelbras,18:0d:2c:7f:eb:ac,-90,7
27/04/2026,15:17:20,120,Coordenação de química,INTELBRAS,d8:36:5f:54:70:40,-92,4
27/04/2026,15:17:20,120,Coordenação de química,TP-Link_1324,7c:f1:7e:8d:13:22,-92,10
27/04/2026,15:17:20,120,Coordenação de química,IFPB-Sala_Professor_14,24:fd:0d:57:19:26,-94,5
27/04/2026,15:17:20,120,Coordenação de química,Coordenação de química,Coordenação de química,Coordenação de química,Coordenação de química
