data,hora,num,ssid,bssid,rssi,canal,ambiente
17/03/2026,10:32:49,1,IFPB,84:F1:47:54:7F:20,-66,11,Lab. Informática 09
17/03/2026,10:32:49,1,IFPB-VISITANTE,84:F1:47:54:7F:22,-66,11,Lab. Informática 09
17/03/2026,10:32:49,1,IFPB-VISITANTE,B8:11:4B:1D:1E:42,-82,6,Lab. Informática 09
17/03/2026,10:32:49,1,IFPB,B8:11:4B:1D:1E:40,-83,6,Lab. Informática 09
17/03/2026,10:32:49,1,IFPB-VISITANTE,84:F1:47:54:FD:C2,-85,1,Lab. Informática 09
17/03/2026,10:32:49,1,IFPB,84:F1:47:54:96:E0,-85,1,Lab. Informática 09
17/03/2026,10:32:49,1,IFPB,E4:4E:2D:85:4C:60,-85,11,Lab. Informática 09
17/03/2026,10:32:50,1,IFPB,84:F1:47:54:FD:C0,-86,1,Lab. Informática 09
17/03/2026,10:32:50,1,IFPB-VISITANTE,84:F1:47:54:96:E2,-86,1,Lab. Informática 09
17/03/2026,10:32:50,1,IFPB-VISITANTE,E4:4E:2D:85:4C:62,-87,11,Lab. Informática 09
17/03/2026,10:32:50,1,IFPB-VISITANTE,2C:57:41:D4:69:C2,-88,6,Lab. Informática 09
17/03/2026,10:32:50,1,IFPB,2C:57:41:D4:69:C0,-88,6,Lab. Informática 09
17/03/2026,10:32:59,2,IFPB-VISITANTE,84:F1:47:54:7F:22,-60,11,Lab. Informática 09
17/03/2026,10:32:59,2,IFPB,84:F1:47:54:7F:20,-61,11,Lab. Informática 09
17/03/2026,10:33:00,2,IFPB,84:F1:47:54:FD:C0,-83,1,Lab. Informática 09
17/03/2026,10:33:00,2,IFPB-VISITANTE,84:F1:47:54:FD:C2,-83,1,Lab. Informática 09
17/03/2026,10:33:00,2,IFPB,84:F1:47:54:96:E0,-85,1,Lab. Informática 09
17/03/2026,10:33:00,2,IFPB-VISITANTE,84:F1:47:54:96:E2,-85,1,Lab. Informática 09
17/03/2026,10:33:00,2,IFPB,2C:57:41:D4:69:C0,-85,6,Lab. Informática 09
17/03/2026,10:33:00,2,IFPB-VISITANTE,2C:57:41:D4:69:C2,-85,6,Lab. Informática 09
17/03/2026,10:33:00,2,IFPB-VISITANTE,84:F1:47:54:F9:82,-89,11,Lab. Informática 09
17/03/2026,10:33:10,3,IFPB-VISITANTE,84:F1:47:54:7F:22,-60,11,Lab. Informática 09
17/03/2026,10:33:10,3,IFPB,84:F1:47:54:7F:20,-61,11,Lab. Informática 09
17/03/2026,10:33:10,3,IFPB,84:F1:47:54:FD:C0,-86,1,Lab. Informática 09
17/03/2026,10:33:10,3,IFPB-VISITANTE,84:F1:47:54:FD:C2,-86,1,Lab. Informática 09
17/03/2026,10:33:10,3,IFPB,B8:11:4B:1D:1E:40,-86,6,Lab. Informática 09
17/03/2026,10:33:10,3,IFPB-VISITANTE,B8:11:4B:1D:1E:42,-86,6,Lab. Informática 09
17/03/2026,10:33:10,3,IFPB,84:F1:47:54:96:E0,-87,1,Lab. Informática 09
17/03/2026,10:33:10,3,IFPB-VISITANTE,84:F1:47:54:96:E2,-88,1,Lab. Informática 09
17/03/2026,10:33:10,3,IFPB,E4:4E:2D:85:4C:60,-88,11,Lab. Informática 09
17/03/2026,10:33:10,3,IFPB-VISITANTE,E4:4E:2D:85:4C:62,-90,11,Lab. Informática 09
17/03/2026,10:33:20,4,IFPB-VISITANTE,84:F1:47:54:7F:22,-62,11,Lab. Informática 09
17/03/2026,10:33:20,4,IFPB,84:F1:47:54:7F:20,-63,11,Lab. Informática 09
17/03/2026,10:33:20,4,IFPB,B8:11:4B:1D:1E:40,-83,6,Lab. Informática 09
17/03/2026,10:33:20,4,IFPB-VISITANTE,B8:11:4B:1D:1E:42,-83,6,Lab. Informática 09
17/03/2026,10:33:20,4,IFPB-VISITANTE,84:F1:47:54:FD:C2,-84,1,Lab. Informática 09
17/03/2026,10:33:20,4,IFPB-VISITANTE,84:F1:47:54:96:E2,-84,1,Lab. Informática 09
17/03/2026,10:33:20,4,IFPB,84:F1:47:54:FD:C0,-84,1,Lab. Informática 09
17/03/2026,10:33:20,4,IFPB,84:F1:47:54:96:E0,-85,1,Lab. Informática 09
17/03/2026,10:33:20,4,IFPB,E4:4E:2D:85:4C:60,-87,11,Lab. Informática 09
17/03/2026,10:33:20,4,IFPB-VISITANTE,E4:4E:2D:85:4C:62,-89,11,Lab. Informática 09
17/03/2026,10:33:30,5,IFPB-VISITANTE,84:F1:47:54:7F:22,-61,11,Lab. Informática 09
17/03/2026,10:33:30,5,IFPB,84:F1:47:54:7F:20,-62,11,Lab. Informática 09
17/03/2026,10:33:30,5,IFPB,2C:57:41:D4:69:C0,-84,6,Lab. Informática 09
17/03/2026,10:33:30,5,IFPB-VISITANTE,2C:57:41:D4:69:C2,-85,6,Lab. Informática 09
17/03/2026,10:33:30,5,IFPB,84:F1:47:54:96:E0,-86,1,Lab. Informática 09
17/03/2026,10:33:30,5,IFPB,84:F1:47:54:FD:C0,-87,1,Lab. Informática 09
17/03/2026,10:33:30,5,IFPB-VISITANTE,84:F1:47:54:96:E2,-87,1,Lab. Informática 09
17/03/2026,10:33:30,5,IFPB-VISITANTE,84:F1:47:54:FD:C2,-88,1,Lab. Informática 09
17/03/2026,10:33:30,5,IFPB,B8:11:4B:1D:1E:40,-90,6,Lab. Informática 09
17/03/2026,10:33:40,6,IFPB,84:F1:47:54:7F:20,-63,11,Lab. Informática 09
17/03/2026,10:33:40,6,IFPB-VISITANTE,84:F1:47:54:7F:22,-63,11,Lab. Informática 09
17/03/2026,10:33:40,6,IFPB,84:F1:47:54:FD:C0,-82,1,Lab. Informática 09
17/03/2026,10:33:40,6,IFPB-VISITANTE,84:F1:47:54:FD:C2,-83,1,Lab. Informática 09
17/03/2026,10:33:40,6,IFPB,2C:57:41:D4:69:C0,-84,6,Lab. Informática 09
17/03/2026,10:33:40,6,IFPB-VISITANTE,84:F1:47:54:96:E2,-85,1,Lab. Informática 09
17/03/2026,10:33:40,6,IFPB-VISITANTE,2C:57:41:D4:69:C2,-85,6,Lab. Informática 09
17/03/2026,10:33:40,6,IFPB-VISITANTE,E4:4E:2D:85:4C:62,-85,11,Lab. Informática 09
17/03/2026,10:33:40,6,IFPB,84:F1:47:54:96:E0,-86,1,Lab. Informática 09
17/03/2026,10:33:40,6,IFPB,B8:11:4B:1D:1E:40,-86,6,Lab. Informática 09
17/03/2026,10:33:40,6,IFPB-VISITANTE,B8:11:4B:1D:1E:42,-86,6,Lab. Informática 09
17/03/2026,10:33:40,6,IFPB,E4:4E:2D:85:4C:60,-86,11,Lab. Informática 09
17/03/2026,10:33:50,7,IFPB,84:F1:47:54:7F:20,-61,11,Lab. Informática 09
17/03/2026,10:33:50,7,IFPB-VISITANTE,84:F1:47:54:7F:22,-61,11,Lab. Informática 09
17/03/2026,10:33:50,7,IFPB-VISITANTE,84:F1:47:54:FD:C2,-84,1,Lab. Informática 09
17/03/2026,10:33:50,7,IFPB,84:F1:47:54:FD:C0,-84,1,Lab. Informática 09
17/03/2026,10:33:50,7,IFPB,2C:57:41:D4:69:C0,-84,6,Lab. Informática 09
17/03/2026,10:33:50,7,IFPB-VISITANTE,2C:57:41:D4:69:C2,-85,6,Lab. Informática 09
17/03/2026,10:33:50,7,IFPB,E4:4E:2D:85:4C:60,-85,11,Lab. Informática 09
17/03/2026,10:33:50,7,IFPB-VISITANTE,E4:4E:2D:85:4C:62,-85,11,Lab. Informática 09
17/03/2026,10:33:50,7,IFPB-VISITANTE,B8:11:4B:1D:1E:42,-86,6,Lab. Informática 09
17/03/2026,10:33:51,7,IFPB,B8:11:4B:1D:1E:40,-88,6,Lab. Informática 09
17/03/2026,10:33:51,7,IFPB-VISITANTE,84:F1:47:54:96:E2,-89,1,Lab. Informática 09
17/03/2026,10:34:00,8,IFPB,84:F1:47:54:7F:20,-65,11,Lab. Informática 09
17/03/2026,10:34:00,8,IFPB-VISITANTE,84:F1:47:54:7F:22,-65,11,Lab. Informática 09
17/03/2026,10:34:01,8,IFPB-VISITANTE,E4:4E:2D:85:4C:62,-82,11,Lab. Informática 09
17/03/2026,10:34:01,8,IFPB-VISITANTE,2C:57:41:D4:69:C2,-83,6,Lab. Informática 09
17/03/2026,10:34:01,8,IFPB,E4:4E:2D:85:4C:60,-83,11,Lab. Informática 09
17/03/2026,10:34:01,8,IFPB-VISITANTE,84:F1:47:54:FD:C2,-85,1,Lab. Informática 09
17/03/2026,10:34:01,8,IFPB,2C:57:41:D4:69:C0,-85,6,Lab. Informática 09
17/03/2026,10:34:01,8,IFPB,B8:11:4B:1D:1E:40,-85,6,Lab. Informática 09
17/03/2026,10:34:01,8,IFPB-VISITANTE,B8:11:4B:1D:1E:42,-85,6,Lab. Informática 09
17/03/2026,10:34:01,8,IFPB-VISITANTE,84:F1:47:54:96:E2,-87,1,Lab. Informática 09
17/03/2026,10:34:01,8,IFPB,84:F1:47:54:FD:C0,-87,1,Lab. Informática 09
17/03/2026,10:34:10,9,IFPB,84:F1:47:54:7F:20,-64,11,Lab. Informática 09
17/03/2026,10:34:10,9,IFPB-VISITANTE,84:F1:47:54:7F:22,-64,11,Lab. Informática 09
17/03/2026,10:34:11,9,IFPB,E4:4E:2D:85:4C:60,-81,11,Lab. Informática 09
17/03/2026,10:34:11,9,IFPB-VISITANTE,2C:57:41:D4:69:C2,-82,6,Lab. Informática 09
17/03/2026,10:34:11,9,IFPB,2C:57:41:D4:69:C0,-82,6,Lab. Informática 09
17/03/2026,10:34:11,9,IFPB-VISITANTE,E4:4E:2D:85:4C:62,-82,11,Lab. Informática 09
17/03/2026,10:34:11,9,IFPB,84:F1:47:54:FD:C0,-83,1,Lab. Informática 09
17/03/2026,10:34:11,9,IFPB-VISITANTE,84:F1:47:54:FD:C2,-85,1,Lab. Informática 09
17/03/2026,10:34:11,9,IFPB-VISITANTE,B8:11:4B:1D:1E:42,-86,6,Lab. Informática 09
17/03/2026,10:34:11,9,IFPB,B8:11:4B:1D:1E:40,-86,6,Lab. Informática 09
17/03/2026,10:34:11,9,IFPB-VISITANTE,84:F1:47:54:96:E2,-88,1,Lab. Informática 09
17/03/2026,10:34:21,10,IFPB,84:F1:47:54:7F:20,-66,11,Lab. Informática 09
17/03/2026,10:34:21,10,IFPB-VISITANTE,84:F1:47:54:7F:22,-66,11,Lab. Informática 09
17/03/2026,10:34:21,10,IFPB-VISITANTE,E4:4E:2D:85:4C:62,-83,11,Lab. Informática 09
17/03/2026,10:34:21,10,IFPB,E4:4E:2D:85:4C:60,-84,11,Lab. Informática 09
17/03/2026,10:34:21,10,IFPB-VISITANTE,2C:57:41:D4:69:C2,-85,6,Lab. Informática 09
17/03/2026,10:34:21,10,IFPB,2C:57:41:D4:69:C0,-85,6,Lab. Informática 09
17/03/2026,10:34:21,10,IFPB-VISITANTE,84:F1:47:54:96:E2,-87,1,Lab. Informática 09
17/03/2026,10:34:21,10,IFPB-VISITANTE,84:F1:47:54:FD:C2,-87,1,Lab. Informática 09
17/03/2026,10:34:21,10,IFPB,84:F1:47:54:96:E0,-88,1,Lab. Informática 09
17/03/2026,10:34:53,11,IFPB,84:F1:47:54:FD:C0,-78,1,Sala dos técnicos
17/03/2026,10:34:53,11,IFPB-VISITANTE,84:F1:47:54:FD:C2,-78,1,Sala dos técnicos
17/03/2026,10:34:53,11,IFPB,84:F1:47:54:7F:20,-78,11,Sala dos técnicos
17/03/2026,10:34:53,11,IFPB-VISITANTE,84:F1:47:54:7F:22,-78,11,Sala dos técnicos
17/03/2026,10:34:53,11,IFPB-VISITANTE,84:F1:47:54:96:E2,-84,1,Sala dos técnicos
17/03/2026,10:34:53,11,IFPB,84:F1:47:54:96:E0,-84,1,Sala dos técnicos
17/03/2026,10:34:53,11,IFPB-VISITANTE,E4:4E:2D:85:4C:62,-88,11,Sala dos técnicos
17/03/2026,10:34:53,11,IFPB,E4:4E:2D:85:4C:60,-88,11,Sala dos técnicos
17/03/2026,10:34:53,11,IFPB,84:F1:47:54:F9:80,-89,11,Sala dos técnicos
17/03/2026,10:34:53,11,IFPB-VISITANTE,84:F1:47:54:F9:82,-91,11,Sala dos técnicos
17/03/2026,10:35:03,12,IFPB,84:F1:47:54:FD:C0,-77,1,Sala dos técnicos
17/03/2026,10:35:03,12,IFPB-VISITANTE,84:F1:47:54:FD:C2,-77,1,Sala dos técnicos
17/03/2026,10:35:03,12,IFPB-VISITANTE,84:F1:47:54:7F:22,-78,11,Sala dos técnicos
17/03/2026,10:35:03,12,IFPB,84:F1:47:54:7F:20,-80,11,Sala dos técnicos
17/03/2026,10:35:03,12,IFPB,84:F1:47:54:96:E0,-84,1,Sala dos técnicos
17/03/2026,10:35:03,12,IFPB-VISITANTE,84:F1:47:54:96:E2,-85,1,Sala dos técnicos
17/03/2026,10:35:03,12,IFPB,84:F1:47:54:71:00,-87,1,Sala dos técnicos
17/03/2026,10:35:03,12,IFPB-VISITANTE,84:F1:47:54:95:E2,-87,11,Sala dos técnicos
17/03/2026,10:35:03,12,IFPB-VISITANTE,84:F1:47:54:F9:82,-88,11,Sala dos técnicos
17/03/2026,10:35:03,12,IFPB,84:F1:47:54:F9:80,-88,11,Sala dos técnicos
17/03/2026,10:35:03,12,IFPB,84:F1:47:54:95:E0,-88,11,Sala dos técnicos
17/03/2026,10:35:13,13,IFPB-VISITANTE,84:F1:47:54:7F:22,-72,11,Sala dos técnicos
17/03/2026,10:35:13,13,IFPB,84:F1:47:54:7F:20,-73,11,Sala dos técnicos
17/03/2026,10:35:13,13,IFPB,84:F1:47:54:FD:C0,-77,1,Sala dos técnicos
17/03/2026,10:35:13,13,IFPB-VISITANTE,84:F1:47:54:FD:C2,-77,1,Sala dos técnicos
17/03/2026,10:35:13,13,IFPB,84:F1:47:54:96:E0,-86,1,Sala dos técnicos
17/03/2026,10:35:13,13,IFPB-VISITANTE,84:F1:47:54:96:E2,-87,1,Sala dos técnicos
17/03/2026,10:35:13,13,IFPB-VISITANTE,2C:57:41:D4:69:C2,-88,6,Sala dos técnicos
17/03/2026,10:35:13,13,IFPB-VISITANTE,E4:4E:2D:85:4C:62,-88,11,Sala dos técnicos
17/03/2026,10:35:13,13,IFPB,E4:4E:2D:85:4C:60,-88,11,Sala dos técnicos
17/03/2026,10:35:13,13,IFPB-VISITANTE,84:F1:47:54:F9:82,-91,11,Sala dos técnicos
17/03/2026,10:35:13,13,IFPB,84:F1:47:54:F9:80,-91,11,Sala dos técnicos
17/03/2026,10:35:23,14,IFPB-VISITANTE,84:F1:47:54:FD:C2,-80,1,Sala dos técnicos
17/03/2026,10:35:23,14,IFPB,84:F1:47:54:FD:C0,-81,1,Sala dos técnicos
17/03/2026,10:35:23,14,IFPB,84:F1:47:54:7F:20,-81,11,Sala dos técnicos
17/03/2026,10:35:23,14,IFPB-VISITANTE,84:F1:47:54:7F:22,-81,11,Sala dos técnicos
17/03/2026,10:35:23,14,IFPB-VISITANTE,B8:11:4B:1D:1E:42,-86,6,Sala dos técnicos
17/03/2026,10:35:23,14,IFPB-VISITANTE,84:F1:47:54:96:E2,-87,1,Sala dos técnicos
17/03/2026,10:35:23,14,IFPB,B8:11:4B:1D:1E:40,-87,6,Sala dos técnicos
17/03/2026,10:35:23,14,IFPB,2C:57:41:D4:69:C0,-87,6,Sala dos técnicos
17/03/2026,10:35:23,14,IFPB,84:F1:47:54:96:E0,-89,1,Sala dos técnicos
17/03/2026,10:35:33,15,IFPB,84:F1:47:54:7F:20,-73,11,Sala dos técnicos
17/03/2026,10:35:33,15,IFPB-VISITANTE,84:F1:47:54:7F:22,-73,11,Sala dos técnicos
17/03/2026,10:35:33,15,IFPB-VISITANTE,84:F1:47:54:FD:C2,-78,1,Sala dos técnicos
17/03/2026,10:35:33,15,IFPB,84:F1:47:54:FD:C0,-79,1,Sala dos técnicos
17/03/2026,10:35:33,15,IFPB,84:F1:47:54:96:E0,-80,1,Sala dos técnicos
17/03/2026,10:35:33,15,IFPB-VISITANTE,84:F1:47:54:96:E2,-80,1,Sala dos técnicos
17/03/2026,10:35:34,15,IFPB-VISITANTE,2C:57:41:D4:69:C2,-85,6,Sala dos técnicos
17/03/2026,10:35:34,15,IFPB,2C:57:41:D4:69:C0,-86,6,Sala dos técnicos
17/03/2026,10:35:34,15,IFPB,E4:4E:2D:85:4C:60,-87,11,Sala dos técnicos
17/03/2026,10:35:34,15,IFPB-VISITANTE,E4:4E:2D:85:4C:62,-88,11,Sala dos técnicos
17/03/2026,10:35:43,16,IFPB-VISITANTE,84:F1:47:54:7F:22,-74,11,Sala dos técnicos
17/03/2026,10:35:43,16,IFPB,84:F1:47:54:7F:20,-75,11,Sala dos técnicos
17/03/2026,10:35:43,16,IFPB,84:F1:47:54:96:E0,-78,1,Sala dos técnicos
17/03/2026,10:35:44,16,IFPB-VISITANTE,84:F1:47:54:96:E2,-78,1,Sala dos técnicos
17/03/2026,10:35:44,16,IFPB-VISITANTE,84:F1:47:54:FD:C2,-86,1,Sala dos técnicos
17/03/2026,10:35:44,16,IFPB,2C:57:41:D4:69:C0,-86,6,Sala dos técnicos
17/03/2026,10:35:44,16,IFPB-VISITANTE,2C:57:41:D4:69:C2,-86,6,Sala dos técnicos
17/03/2026,10:35:44,16,IFPB,84:F1:47:54:FD:C0,-87,1,Sala dos técnicos
17/03/2026,10:35:44,16,IFPB-VISITANTE,E4:4E:2D:85:4C:62,-92,11,Sala dos técnicos
17/03/2026,10:35:54,17,IFPB,84:F1:47:54:7F:20,-78,11,Sala dos técnicos
17/03/2026,10:35:54,17,IFPB-VISITANTE,84:F1:47:54:7F:22,-78,11,Sala dos técnicos
17/03/2026,10:35:54,17,IFPB,84:F1:47:54:FD:C0,-82,1,Sala dos técnicos
17/03/2026,10:35:54,17,IFPB-VISITANTE,84:F1:47:54:FD:C2,-82,1,Sala dos técnicos
17/03/2026,10:35:54,17,IFPB-VISITANTE,2C:57:41:D4:69:C2,-84,6,Sala dos técnicos
17/03/2026,10:35:54,17,IFPB,2C:57:41:D4:69:C0,-85,6,Sala dos técnicos
17/03/2026,10:35:54,17,IFPB-VISITANTE,84:F1:47:54:96:E2,-86,1,Sala dos técnicos
17/03/2026,10:35:54,17,IFPB,E4:4E:2D:85:4C:60,-87,11,Sala dos técnicos
17/03/2026,10:35:54,17,IFPB,84:F1:47:54:96:E0,-88,1,Sala dos técnicos
17/03/2026,10:35:54,17,IFPB-VISITANTE,E4:4E:2D:85:4C:62,-88,11,Sala dos técnicos
17/03/2026,10:36:04,18,IFPB-VISITANTE,84:F1:47:54:7F:22,-74,11,Sala dos técnicos
17/03/2026,10:36:04,18,IFPB,84:F1:47:54:7F:20,-75,11,Sala dos técnicos
17/03/2026,10:36:04,18,IFPB,84:F1:47:54:96:E0,-82,1,Sala dos técnicos
17/03/2026,10:36:04,18,IFPB,84:F1:47:54:FD:C0,-82,1,Sala dos técnicos
17/03/2026,10:36:04,18,IFPB-VISITANTE,84:F1:47:54:FD:C2,-82,1,Sala dos técnicos
17/03/2026,10:36:04,18,IFPB-VISITANTE,84:F1:47:54:96:E2,-84,1,Sala dos técnicos
17/03/2026,10:36:04,18,IFPB-VISITANTE,84:F1:47:54:95:E2,-87,11,Sala dos técnicos
17/03/2026,10:36:04,18,IFPB-VISITANTE,2C:57:41:D4:69:C2,-88,6,Sala dos técnicos
17/03/2026,10:36:04,18,IFPB,2C:57:41:D4:69:C0,-89,6,Sala dos técnicos
17/03/2026,10:36:04,18,IFPB-VISITANTE,84:F1:47:54:F9:82,-89,11,Sala dos técnicos
17/03/2026,10:36:04,18,IFPB,84:F1:47:54:F9:80,-89,11,Sala dos técnicos
17/03/2026,10:36:04,18,IFPB,84:F1:47:54:95:E0,-89,11,Sala dos técnicos
17/03/2026,10:36:14,19,IFPB,84:F1:47:54:7F:20,-76,11,Sala dos técnicos
17/03/2026,10:36:14,19,IFPB-VISITANTE,84:F1:47:54:7F:22,-77,11,Sala dos técnicos
17/03/2026,10:36:14,19,IFPB,84:F1:47:54:FD:C0,-83,1,Sala dos técnicos
17/03/2026,10:36:14,19,IFPB-VISITANTE,84:F1:47:54:FD:C2,-83,1,Sala dos técnicos
17/03/2026,10:36:14,19,IFPB-VISITANTE,84:F1:47:54:95:E2,-87,11,Sala dos técnicos
17/03/2026,10:36:14,19,IFPB,84:F1:47:54:96:E0,-88,1,Sala dos técnicos
17/03/2026,10:36:14,19,IFPB-VISITANTE,84:F1:47:54:96:E2,-88,1,Sala dos técnicos
17/03/2026,10:36:14,19,IFPB,84:F1:47:54:95:E0,-88,11,Sala dos técnicos
17/03/2026,10:36:14,19,IFPB-VISITANTE,E4:4E:2D:85:4C:62,-89,11,Sala dos técnicos
17/03/2026,10:36:14,19,IFPB,E4:4E:2D:85:4C:60,-90,11,Sala dos técnicos
17/03/2026,10:36:24,20,IFPB,84:F1:47:54:FD:C0,-77,1,Sala dos técnicos
17/03/2026,10:36:24,20,IFPB-VISITANTE,84:F1:47:54:FD:C2,-77,1,Sala dos técnicos
17/03/2026,10:36:24,20,IFPB,84:F1:47:54:7F:20,-78,11,Sala dos técnicos
17/03/2026,10:36:24,20,IFPB-VISITANTE,84:F1:47:54:7F:22,-78,11,Sala dos técnicos
17/03/2026,10:36:24,20,IFPB,84:F1:47:54:96:E0,-80,1,Sala dos técnicos
17/03/2026,10:36:24,20,IFPB-VISITANTE,84:F1:47:54:96:E2,-80,1,Sala dos técnicos
17/03/2026,10:36:24,20,IFPB,2C:57:41:D4:69:C0,-86,6,Sala dos técnicos
17/03/2026,10:36:24,20,IFPB-VISITANTE,B8:11:4B:1D:1E:42,-86,6,Sala dos técnicos
17/03/2026,10:36:24,20,IFPB-VISITANTE,2C:57:41:D4:69:C2,-88,6,Sala dos técnicos
17/03/2026,10:36:24,20,IFPB,B8:11:4B:1D:1E:40,-89,6,Sala dos técnicos
17/03/2026,10:37:03,21,IFPB,84:F1:47:54:FD:C0,-76,1,Lab. de telecomunicações
17/03/2026,10:37:03,21,IFPB-VISITANTE,84:F1:47:54:FD:C2,-76,1,Lab. de telecomunicações
17/03/2026,10:37:03,21,IFPB-VISITANTE,84:F1:47:54:7F:22,-79,11,Lab. de telecomunicações
17/03/2026,10:37:03,21,IFPB,84:F1:47:54:7F:20,-80,11,Lab. de telecomunicações
17/03/2026,10:37:03,21,IFPB,84:F1:47:54:96:E0,-82,1,Lab. de telecomunicações
17/03/2026,10:37:03,21,IFPB-VISITANTE,84:F1:47:54:71:02,-83,1,Lab. de telecomunicações
17/03/2026,10:37:03,21,IFPB-VISITANTE,84:F1:47:54:96:E2,-84,1,Lab. de telecomunicações
17/03/2026,10:37:03,21,IFPB,84:F1:47:54:71:00,-84,1,Lab. de telecomunicações
17/03/2026,10:37:03,21,IFPB-VISITANTE,B8:11:4B:1D:1E:42,-89,6,Lab. de telecomunicações
17/03/2026,10:37:03,21,IFPB,B8:11:4B:1D:1E:40,-89,6,Lab. de telecomunicações
17/03/2026,10:37:03,21,IFPB-VISITANTE,E4:4E:2D:85:4C:62,-89,11,Lab. de telecomunicações
17/03/2026,10:37:03,21,IFPB,E4:4E:2D:85:4C:60,-90,11,Lab. de telecomunicações
17/03/2026,10:37:03,21,IFPB-VISITANTE,84:F1:47:54:95:E2,-90,11,Lab. de telecomunicações
17/03/2026,10:37:03,21,IFPB,84:F1:47:54:95:E0,-91,11,Lab. de telecomunicações
17/03/2026,10:37:13,22,IFPB,84:F1:47:54:FD:C0,-75,1,Lab. de telecomunicações
17/03/2026,10:37:13,22,IFPB-VISITANTE,84:F1:47:54:FD:C2,-76,1,Lab. de telecomunicações
17/03/2026,10:37:13,22,IFPB,84:F1:47:54:7F:20,-77,11,Lab. de telecomunicações
17/03/2026,10:37:13,22,IFPB-VISITANTE,84:F1:47:54:7F:22,-77,11,Lab. de telecomunicações
17/03/2026,10:37:13,22,IFPB,84:F1:47:54:96:E0,-83,1,Lab. de telecomunicações
17/03/2026,10:37:13,22,IFPB-VISITANTE,84:F1:47:54:71:02,-84,1,Lab. de telecomunicações
17/03/2026,10:37:13,22,IFPB,84:F1:47:54:71:00,-84,1,Lab. de telecomunicações
17/03/2026,10:37:13,22,IFPB-VISITANTE,84:F1:47:54:96:E2,-85,1,Lab. de telecomunicações
17/03/2026,10:37:13,22,IFPB,B8:11:4B:1D:1E:40,-89,6,Lab. de telecomunicações
17/03/2026,10:37:13,22,IFPB-VISITANTE,B8:11:4B:1D:1E:42,-89,6,Lab. de telecomunicações
17/03/2026,10:37:23,23,IFPB,84:F1:47:54:FD:C0,-78,1,Lab. de telecomunicações
17/03/2026,10:37:23,23,IFPB-VISITANTE,84:F1:47:54:FD:C2,-79,1,Lab. de telecomunicações
17/03/2026,10:37:23,23,IFPB,84:F1:47:54:7F:20,-79,11,Lab. de telecomunicações
17/03/2026,10:37:23,23,IFPB-VISITANTE,84:F1:47:54:7F:22,-79,11,Lab. de telecomunicações
17/03/2026,10:37:23,23,IFPB,84:F1:47:54:96:E0,-86,1,Lab. de telecomunicações
17/03/2026,10:37:23,23,IFPB-VISITANTE,84:F1:47:54:96:E2,-87,1,Lab. de telecomunicações
17/03/2026,10:37:24,23,IFPB-VISITANTE,84:F1:47:54:71:02,-87,1,Lab. de telecomunicações
17/03/2026,10:37:24,23,IFPB,2C:57:41:D4:69:C0,-89,6,Lab. de telecomunicações
17/03/2026,10:37:24,23,IFPB,E4:4E:2D:85:4C:60,-89,11,Lab. de telecomunicações
17/03/2026,10:37:24,23,IFPB,84:F1:47:54:71:00,-90,1,Lab. de telecomunicações
17/03/2026,10:37:24,23,IFPB-VISITANTE,E4:4E:2D:85:4C:62,-90,11,Lab. de telecomunicações
17/03/2026,10:37:33,24,IFPB,84:F1:47:54:FD:C0,-73,1,Lab. de telecomunicações
17/03/2026,10:37:33,24,IFPB-VISITANTE,84:F1:47:54:FD:C2,-73,1,Lab. de telecomunicações
17/03/2026,10:37:33,24,IFPB,84:F1:47:54:7F:20,-76,11,Lab. de telecomunicações
17/03/2026,10:37:33,24,IFPB-VISITANTE,84:F1:47:54:7F:22,-78,11,Lab. de telecomunicações
17/03/2026,10:37:34,24,IFPB,84:F1:47:54:71:00,-81,1,Lab. de telecomunicações
17/03/2026,10:37:34,24,IFPB-VISITANTE,84:F1:47:54:71:02,-81,1,Lab. de telecomunicações
17/03/2026,10:37:34,24,IFPB-VISITANTE,2C:57:41:D4:69:C2,-83,6,Lab. de telecomunicações
17/03/2026,10:37:34,24,IFPB,2C:57:41:D4:69:C0,-84,6,Lab. de telecomunicações
17/03/2026,10:37:34,24,IFPB,84:F1:47:54:96:E0,-85,1,Lab. de telecomunicações
17/03/2026,10:37:34,24,IFPB-VISITANTE,84:F1:47:54:96:E2,-85,1,Lab. de telecomunicações
17/03/2026,10:37:34,24,IFPB-VISITANTE,E4:4E:2D:85:4C:62,-88,11,Lab. de telecomunicações
17/03/2026,10:37:34,24,IFPB,E4:4E:2D:85:4C:60,-89,11,Lab. de telecomunicações
17/03/2026,10:37:44,25,IFPB,84:F1:47:54:7F:20,-75,11,Lab. de telecomunicações
17/03/2026,10:37:44,25,IFPB-VISITANTE,84:F1:47:54:7F:22,-75,11,Lab. de telecomunicações
17/03/2026,10:37:44,25,IFPB,84:F1:47:54:FD:C0,-77,1,Lab. de telecomunicações
17/03/2026,10:37:44,25,IFPB-VISITANTE,84:F1:47:54:FD:C2,-78,1,Lab. de telecomunicações
17/03/2026,10:37:44,25,IFPB-VISITANTE,84:F1:47:54:96:E2,-85,1,Lab. de telecomunicações
17/03/2026,10:37:44,25,IFPB,84:F1:47:54:71:00,-87,1,Lab. de telecomunicações
17/03/2026,10:37:44,25,IFPB,84:F1:47:54:96:E0,-87,1,Lab. de telecomunicações
17/03/2026,10:37:44,25,IFPB-VISITANTE,84:F1:47:54:71:02,-87,1,Lab. de telecomunicações
17/03/2026,10:37:44,25,IFPB,2C:57:41:D4:69:C0,-88,6,Lab. de telecomunicações
17/03/2026,10:37:44,25,IFPB-VISITANTE,B8:11:4B:1D:1E:42,-88,6,Lab. de telecomunicações
17/03/2026,10:37:44,25,IFPB-VISITANTE,2C:57:41:D4:69:C2,-89,6,Lab. de telecomunicações
17/03/2026,10:37:44,25,IFPB,B8:11:4B:1D:1E:40,-90,6,Lab. de telecomunicações
17/03/2026,10:37:44,25,IFPB-VISITANTE,E4:4E:2D:85:4C:62,-90,11,Lab. de telecomunicações
17/03/2026,10:37:54,26,IFPB-VISITANTE,84:F1:47:54:FD:C2,-77,1,Lab. de telecomunicações
17/03/2026,10:37:54,26,IFPB,84:F1:47:54:FD:C0,-79,1,Lab. de telecomunicações
17/03/2026,10:37:54,26,IFPB-VISITANTE,84:F1:47:54:7F:22,-80,11,Lab. de telecomunicações
17/03/2026,10:37:54,26,IFPB,84:F1:47:54:7F:20,-81,11,Lab. de telecomunicações
17/03/2026,10:37:54,26,IFPB,84:F1:47:54:71:00,-83,1,Lab. de telecomunicações
17/03/2026,10:37:54,26,IFPB-VISITANTE,84:F1:47:54:71:02,-83,1,Lab. de telecomunicações
17/03/2026,10:37:54,26,IFPB,84:F1:47:54:96:E0,-86,1,Lab. de telecomunicações
17/03/2026,10:37:54,26,IFPB,2C:57:41:D4:69:C0,-86,6,Lab. de telecomunicações
17/03/2026,10:37:54,26,IFPB-VISITANTE,2C:57:41:D4:69:C2,-86,6,Lab. de telecomunicações
17/03/2026,10:37:54,26,IFPB-VISITANTE,84:F1:47:54:96:E2,-88,1,Lab. de telecomunicações
17/03/2026,10:37:54,26,IFPB,E4:4E:2D:85:4C:60,-88,11,Lab. de telecomunicações
17/03/2026,10:37:54,26,IFPB-VISITANTE,84:F1:47:54:95:E2,-90,11,Lab. de telecomunicações
17/03/2026,10:37:54,26,IFPB,84:F1:47:54:95:E0,-91,11,Lab. de telecomunicações
17/03/2026,10:38:04,27,IFPB,84:F1:47:54:FD:C0,-74,1,Lab. de telecomunicações
17/03/2026,10:38:04,27,IFPB-VISITANTE,84:F1:47:54:FD:C2,-74,1,Lab. de telecomunicações
17/03/2026,10:38:04,27,IFPB,84:F1:47:54:7F:20,-78,11,Lab. de telecomunicações
17/03/2026,10:38:04,27,IFPB-VISITANTE,84:F1:47:54:7F:22,-78,11,Lab. de telecomunicações
17/03/2026,10:38:04,27,IFPB,84:F1:47:54:96:E0,-86,1,Lab. de telecomunicações
17/03/2026,10:38:04,27,IFPB-VISITANTE,84:F1:47:54:96:E2,-88,1,Lab. de telecomunicações
17/03/2026,10:38:14,28,IFPB,84:F1:47:54:FD:C0,-74,1,Lab. de telecomunicações
17/03/2026,10:38:14,28,IFPB-VISITANTE,84:F1:47:54:FD:C2,-75,1,Lab. de telecomunicações
17/03/2026,10:38:14,28,IFPB,84:F1:47:54:7F:20,-75,11,Lab. de telecomunicações
17/03/2026,10:38:14,28,IFPB-VISITANTE,84:F1:47:54:7F:22,-75,11,Lab. de telecomunicações
17/03/2026,10:38:14,28,IFPB-VISITANTE,84:F1:47:54:71:02,-86,1,Lab. de telecomunicações
17/03/2026,10:38:14,28,IFPB,84:F1:47:54:71:00,-88,1,Lab. de telecomunicações
17/03/2026,10:38:24,29,IFPB,84:F1:47:54:FD:C0,-73,1,Lab. de telecomunicações
17/03/2026,10:38:24,29,IFPB-VISITANTE,84:F1:47:54:FD:C2,-74,1,Lab. de telecomunicações
17/03/2026,10:38:24,29,IFPB,84:F1:47:54:7F:20,-84,11,Lab. de telecomunicações
17/03/2026,10:38:24,29,IFPB-VISITANTE,84:F1:47:54:7F:22,-84,11,Lab. de telecomunicações
17/03/2026,10:38:24,29,IFPB-VISITANTE,84:F1:47:54:71:02,-86,1,Lab. de telecomunicações
17/03/2026,10:38:24,29,IFPB,84:F1:47:54:71:00,-87,1,Lab. de telecomunicações
17/03/2026,10:38:24,29,IFPB,2C:57:41:D4:69:C0,-87,6,Lab. de telecomunicações
17/03/2026,10:38:24,29,IFPB-VISITANTE,84:F1:47:54:96:E2,-89,1,Lab. de telecomunicações
17/03/2026,10:38:24,29,IFPB-VISITANTE,2C:57:41:D4:69:C2,-89,6,Lab. de telecomunicações
17/03/2026,10:38:24,29,IFPB-VISITANTE,E4:4E:2D:85:4C:62,-89,11,Lab. de telecomunicações
17/03/2026,10:38:24,29,IFPB,E4:4E:2D:85:4C:60,-90,11,Lab. de telecomunicações
17/03/2026,10:38:34,30,IFPB-VISITANTE,84:F1:47:54:FD:C2,-74,1,Lab. de telecomunicações
17/03/2026,10:38:34,30,IFPB,84:F1:47:54:FD:C0,-75,1,Lab. de telecomunicações
17/03/2026,10:38:34,30,IFPB,84:F1:47:54:7F:20,-76,11,Lab. de telecomunicações
17/03/2026,10:38:34,30,IFPB-VISITANTE,84:F1:47:54:7F:22,-76,11,Lab. de telecomunicações
17/03/2026,10:38:34,30,IFPB,84:F1:47:54:96:E0,-85,1,Lab. de telecomunicações
17/03/2026,10:38:34,30,IFPB,84:F1:47:54:71:00,-85,1,Lab. de telecomunicações
17/03/2026,10:38:34,30,IFPB-VISITANTE,84:F1:47:54:71:02,-85,1,Lab. de telecomunicações
17/03/2026,10:38:34,30,IFPB-VISITANTE,84:F1:47:54:96:E2,-86,1,Lab. de telecomunicações
17/03/2026,10:38:34,30,IFPB-VISITANTE,2C:57:41:D4:69:C2,-86,6,Lab. de telecomunicações
17/03/2026,10:38:35,30,IFPB,2C:57:41:D4:69:C0,-87,6,Lab. de telecomunicações
17/03/2026,10:38:35,30,IFPB,84:F1:47:54:95:E0,-87,11,Lab. de telecomunicações
17/03/2026,10:38:35,30,IFPB-VISITANTE,84:F1:47:54:95:E2,-88,11,Lab. de telecomunicações
17/03/2026,10:39:08,31,IFPB-VISITANTE,84:F1:47:54:FD:C2,-81,1,PET Eng. Elétrica 
17/03/2026,10:39:08,31,IFPB,84:F1:47:54:FD:C0,-82,1,PET Eng. Elétrica 
17/03/2026,10:39:08,31,IFPB,84:F1:47:54:95:E0,-84,11,PET Eng. Elétrica 
17/03/2026,10:39:08,31,IFPB-VISITANTE,84:F1:47:54:95:E2,-84,11,PET Eng. Elétrica 
17/03/2026,10:39:08,31,IFPB,84:F1:47:54:F9:80,-86,11,PET Eng. Elétrica 
17/03/2026,10:39:08,31,IFPB-VISITANTE,84:F1:47:54:F9:82,-86,11,PET Eng. Elétrica 
17/03/2026,10:39:08,31,IFPB,84:F1:47:54:7F:20,-89,11,PET Eng. Elétrica 
17/03/2026,10:39:08,31,IFPB-VISITANTE,84:F1:47:54:7F:22,-89,11,PET Eng. Elétrica 
17/03/2026,10:39:08,31,IFPB-VISITANTE,84:F1:47:54:71:02,-91,1,PET Eng. Elétrica 
17/03/2026,10:39:18,32,IFPB,84:F1:47:54:FD:C0,-80,1,PET Eng. Elétrica 
17/03/2026,10:39:18,32,IFPB-VISITANTE,84:F1:47:54:FD:C2,-80,1,PET Eng. Elétrica 
17/03/2026,10:39:18,32,IFPB,84:F1:47:54:95:E0,-84,11,PET Eng. Elétrica 
17/03/2026,10:39:18,32,IFPB-VISITANTE,84:F1:47:54:95:E2,-84,11,PET Eng. Elétrica 
17/03/2026,10:39:18,32,IFPB-VISITANTE,84:F1:47:54:F9:82,-85,11,PET Eng. Elétrica 
17/03/2026,10:39:18,32,IFPB,84:F1:47:54:F9:80,-85,11,PET Eng. Elétrica 
17/03/2026,10:39:18,32,IFPB,84:F1:47:54:71:00,-88,1,PET Eng. Elétrica 
17/03/2026,10:39:18,32,IFPB-VISITANTE,84:F1:47:54:71:02,-88,1,PET Eng. Elétrica 
17/03/2026,10:39:18,32,IFPB-VISITANTE,84:F1:47:54:96:E2,-88,1,PET Eng. Elétrica 
17/03/2026,10:39:18,32,IFPB-VISITANTE,84:F1:47:54:7F:22,-88,11,PET Eng. Elétrica 
17/03/2026,10:39:18,32,IFPB,84:F1:47:54:7F:20,-89,11,PET Eng. Elétrica 
17/03/2026,10:39:28,33,IFPB,84:F1:47:54:FD:C0,-78,1,PET Eng. Elétrica 
17/03/2026,10:39:28,33,IFPB-VISITANTE,84:F1:47:54:FD:C2,-78,1,PET Eng. Elétrica 
17/03/2026,10:39:28,33,IFPB,84:F1:47:54:95:E0,-80,11,PET Eng. Elétrica 
17/03/2026,10:39:28,33,IFPB-VISITANTE,84:F1:47:54:95:E2,-80,11,PET Eng. Elétrica 
17/03/2026,10:39:28,33,IFPB,84:F1:47:54:71:00,-87,1,PET Eng. Elétrica 
17/03/2026,10:39:28,33,IFPB-VISITANTE,84:F1:47:54:71:02,-87,1,PET Eng. Elétrica 
17/03/2026,10:39:28,33,IFPB,84:F1:47:54:7F:20,-88,11,PET Eng. Elétrica 
17/03/2026,10:39:28,33,IFPB-VISITANTE,84:F1:47:54:7F:22,-89,11,PET Eng. Elétrica 
17/03/2026,10:39:28,33,IFPB,84:F1:47:54:F9:80,-90,11,PET Eng. Elétrica 
17/03/2026,10:39:28,33,IFPB-VISITANTE,84:F1:47:54:F9:82,-91,11,PET Eng. Elétrica 
17/03/2026,10:39:38,34,IFPB,84:F1:47:54:FD:C0,-78,1,PET Eng. Elétrica 
17/03/2026,10:39:38,34,IFPB-VISITANTE,84:F1:47:54:FD:C2,-79,1,PET Eng. Elétrica 
17/03/2026,10:39:38,34,IFPB-VISITANTE,84:F1:47:54:95:E2,-82,11,PET Eng. Elétrica 
17/03/2026,10:39:38,34,IFPB,84:F1:47:54:95:E0,-83,11,PET Eng. Elétrica 
17/03/2026,10:39:38,34,IFPB,84:F1:47:54:7F:20,-87,11,PET Eng. Elétrica 
17/03/2026,10:39:38,34,IFPB,84:F1:47:54:96:E0,-88,1,PET Eng. Elétrica 
17/03/2026,10:39:38,34,IFPB,84:F1:47:54:71:00,-88,1,PET Eng. Elétrica 
17/03/2026,10:39:38,34,IFPB-VISITANTE,84:F1:47:54:EB:22,-88,6,PET Eng. Elétrica 
17/03/2026,10:39:38,34,IFPB-VISITANTE,84:F1:47:54:7F:22,-88,11,PET Eng. Elétrica 
17/03/2026,10:39:39,34,IFPB-VISITANTE,84:F1:47:54:96:E2,-89,1,PET Eng. Elétrica 
17/03/2026,10:39:39,34,IFPB,84:F1:47:54:EB:20,-89,6,PET Eng. Elétrica 
17/03/2026,10:39:39,34,IFPB,84:F1:47:54:F9:80,-89,11,PET Eng. Elétrica 
17/03/2026,10:39:39,34,IFPB-VISITANTE,84:F1:47:54:F9:82,-89,11,PET Eng. Elétrica 
17/03/2026,10:39:48,35,IFPB,84:F1:47:54:FD:C0,-75,1,PET Eng. Elétrica 
17/03/2026,10:39:48,35,IFPB-VISITANTE,84:F1:47:54:FD:C2,-75,1,PET Eng. Elétrica 
17/03/2026,10:39:49,35,IFPB,84:F1:47:54:95:E0,-81,11,PET Eng. Elétrica 
17/03/2026,10:39:49,35,IFPB-VISITANTE,84:F1:47:54:95:E2,-81,11,PET Eng. Elétrica 
17/03/2026,10:39:49,35,IFPB,84:F1:47:54:7F:20,-85,11,PET Eng. Elétrica 
17/03/2026,10:39:49,35,IFPB-VISITANTE,84:F1:47:54:7F:22,-85,11,PET Eng. Elétrica 
17/03/2026,10:39:49,35,IFPB,84:F1:47:54:F9:80,-86,11,PET Eng. Elétrica 
17/03/2026,10:39:49,35,IFPB-VISITANTE,84:F1:47:54:F9:82,-87,11,PET Eng. Elétrica 
17/03/2026,10:39:59,36,IFPB,84:F1:47:54:FD:C0,-76,1,PET Eng. Elétrica 
17/03/2026,10:39:59,36,IFPB-VISITANTE,84:F1:47:54:FD:C2,-77,1,PET Eng. Elétrica 
17/03/2026,10:39:59,36,IFPB,84:F1:47:54:95:E0,-82,11,PET Eng. Elétrica 
17/03/2026,10:39:59,36,IFPB-VISITANTE,84:F1:47:54:95:E2,-83,11,PET Eng. Elétrica 
17/03/2026,10:39:59,36,IFPB-VISITANTE,84:F1:47:54:7F:22,-89,11,PET Eng. Elétrica 
17/03/2026,10:39:59,36,IFPB,84:F1:47:54:7F:20,-89,11,PET Eng. Elétrica 
17/03/2026,10:39:59,36,IFPB-VISITANTE,84:F1:47:54:F9:82,-90,11,PET Eng. Elétrica 
17/03/2026,10:39:59,36,IFPB,84:F1:47:54:F9:80,-91,11,PET Eng. Elétrica 
17/03/2026,10:40:09,37,IFPB,84:F1:47:54:FD:C0,-78,1,PET Eng. Elétrica 
17/03/2026,10:40:09,37,IFPB-VISITANTE,84:F1:47:54:FD:C2,-79,1,PET Eng. Elétrica 
17/03/2026,10:40:09,37,IFPB,84:F1:47:54:F9:80,-86,11,PET Eng. Elétrica 
17/03/2026,10:40:09,37,IFPB-VISITANTE,84:F1:47:54:F9:82,-86,11,PET Eng. Elétrica 
17/03/2026,10:40:09,37,IFPB,84:F1:47:54:95:E0,-86,11,PET Eng. Elétrica 
17/03/2026,10:40:09,37,IFPB-VISITANTE,84:F1:47:54:95:E2,-87,11,PET Eng. Elétrica 
17/03/2026,10:40:09,37,IFPB,84:F1:47:54:EB:20,-92,6,PET Eng. Elétrica 
17/03/2026,10:40:19,38,IFPB,84:F1:47:54:FD:C0,-78,1,PET Eng. Elétrica 
17/03/2026,10:40:19,38,IFPB-VISITANTE,84:F1:47:54:FD:C2,-80,1,PET Eng. Elétrica 
17/03/2026,10:40:19,38,IFPB-VISITANTE,84:F1:47:54:95:E2,-83,11,PET Eng. Elétrica 
17/03/2026,10:40:19,38,IFPB,84:F1:47:54:95:E0,-85,11,PET Eng. Elétrica 
17/03/2026,10:40:19,38,IFPB-VISITANTE,84:F1:47:54:F9:82,-85,11,PET Eng. Elétrica 
17/03/2026,10:40:19,38,IFPB,84:F1:47:54:F9:80,-86,11,PET Eng. Elétrica 
17/03/2026,10:40:19,38,IFPB,84:F1:47:54:71:00,-88,1,PET Eng. Elétrica 
17/03/2026,10:40:19,38,IFPB-VISITANTE,84:F1:47:54:71:02,-89,1,PET Eng. Elétrica 
17/03/2026,10:40:29,39,IFPB,84:F1:47:54:FD:C0,-75,1,PET Eng. Elétrica 
17/03/2026,10:40:29,39,IFPB-VISITANTE,84:F1:47:54:FD:C2,-76,1,PET Eng. Elétrica 
17/03/2026,10:40:29,39,IFPB,84:F1:47:54:95:E0,-79,11,PET Eng. Elétrica 
17/03/2026,10:40:29,39,IFPB-VISITANTE,84:F1:47:54:95:E2,-80,11,PET Eng. Elétrica 
17/03/2026,10:40:29,39,IFPB-VISITANTE,84:F1:47:54:7F:22,-84,11,PET Eng. Elétrica 
17/03/2026,10:40:29,39,IFPB,84:F1:47:54:7F:20,-85,11,PET Eng. Elétrica 
17/03/2026,10:40:29,39,IFPB-VISITANTE,84:F1:47:54:71:02,-87,1,PET Eng. Elétrica 
17/03/2026,10:40:29,39,IFPB,84:F1:47:54:71:00,-88,1,PET Eng. Elétrica 
17/03/2026,10:40:29,39,IFPB-VISITANTE,84:F1:47:54:F9:82,-91,11,PET Eng. Elétrica 
17/03/2026,10:40:39,40,IFPB,84:F1:47:54:FD:C0,-79,1,PET Eng. Elétrica 
17/03/2026,10:40:39,40,IFPB-VISITANTE,84:F1:47:54:FD:C2,-79,1,PET Eng. Elétrica 
17/03/2026,10:40:39,40,IFPB-VISITANTE,84:F1:47:54:95:E2,-83,11,PET Eng. Elétrica 
17/03/2026,10:40:39,40,IFPB,84:F1:47:54:95:E0,-84,11,PET Eng. Elétrica 
17/03/2026,10:40:39,40,IFPB-VISITANTE,84:F1:47:54:F9:82,-87,11,PET Eng. Elétrica 
17/03/2026,10:40:39,40,IFPB,84:F1:47:54:F9:80,-89,11,PET Eng. Elétrica 
17/03/2026,10:40:39,40,IFPB-VISITANTE,84:F1:47:54:71:02,-91,1,PET Eng. Elétrica 
17/03/2026,10:41:25,41,IFPB,84:F1:47:54:95:E0,-70,11,Coordenação de Eng. Elétrica
17/03/2026,10:41:25,41,IFPB-VISITANTE,84:F1:47:54:95:E2,-70,11,Coordenação de Eng. Elétrica
17/03/2026,10:41:25,41,IFPB,B8:11:4B:1D:14:80,-83,6,Coordenação de Eng. Elétrica
17/03/2026,10:41:25,41,IFPB-VISITANTE,B8:11:4B:1D:14:82,-83,6,Coordenação de Eng. Elétrica
17/03/2026,10:41:25,41,IFPB,84:F1:47:54:F9:80,-89,11,Coordenação de Eng. Elétrica
17/03/2026,10:41:25,41,IFPB-VISITANTE,84:F1:47:54:F9:82,-90,11,Coordenação de Eng. Elétrica
17/03/2026,10:41:35,42,IFPB,84:F1:47:54:95:E0,-70,11,Coordenação de Eng. Elétrica
17/03/2026,10:41:35,42,IFPB-VISITANTE,84:F1:47:54:95:E2,-71,11,Coordenação de Eng. Elétrica
17/03/2026,10:41:35,42,IFPB-VISITANTE,B8:11:4B:1D:14:82,-80,6,Coordenação de Eng. Elétrica
17/03/2026,10:41:35,42,IFPB,B8:11:4B:1D:14:80,-80,6,Coordenação de Eng. Elétrica
17/03/2026,10:41:35,42,IFPB,84:F1:47:54:F9:80,-90,11,Coordenação de Eng. Elétrica
17/03/2026,10:41:35,42,IFPB-VISITANTE,84:F1:47:54:F9:82,-90,11,Coordenação de Eng. Elétrica
17/03/2026,10:41:35,42,IFPB-VISITANTE,84:F1:47:54:FD:C2,-91,1,Coordenação de Eng. Elétrica
17/03/2026,10:41:45,43,IFPB,84:F1:47:54:95:E0,-59,11,Coordenação de Eng. Elétrica
17/03/2026,10:41:45,43,IFPB-VISITANTE,84:F1:47:54:95:E2,-59,11,Coordenação de Eng. Elétrica
17/03/2026,10:41:45,43,IFPB-VISITANTE,B8:11:4B:1D:14:82,-81,6,Coordenação de Eng. Elétrica
17/03/2026,10:41:45,43,IFPB,B8:11:4B:1D:14:80,-82,6,Coordenação de Eng. Elétrica
17/03/2026,10:41:45,43,IFPB,84:F1:47:54:FD:C0,-87,1,Coordenação de Eng. Elétrica
17/03/2026,10:41:45,43,IFPB-VISITANTE,84:F1:47:54:FD:C2,-89,1,Coordenação de Eng. Elétrica
17/03/2026,10:41:45,43,IFPB-VISITANTE,84:F1:47:54:F9:82,-90,11,Coordenação de Eng. Elétrica
17/03/2026,10:41:45,43,IFPB,84:F1:47:54:F9:80,-90,11,Coordenação de Eng. Elétrica
17/03/2026,10:41:55,44,IFPB,84:F1:47:54:95:E0,-72,11,Coordenação de Eng. Elétrica
17/03/2026,10:41:55,44,IFPB-VISITANTE,84:F1:47:54:95:E2,-72,11,Coordenação de Eng. Elétrica
17/03/2026,10:41:55,44,IFPB,B8:11:4B:1D:14:80,-84,6,Coordenação de Eng. Elétrica
17/03/2026,10:41:55,44,IFPB-VISITANTE,B8:11:4B:1D:14:82,-84,6,Coordenação de Eng. Elétrica
17/03/2026,10:41:55,44,IFPB-VISITANTE,84:F1:47:54:FD:C2,-88,1,Coordenação de Eng. Elétrica
17/03/2026,10:41:55,44,IFPB,84:F1:47:54:F9:80,-88,11,Coordenação de Eng. Elétrica
17/03/2026,10:41:55,44,IFPB-VISITANTE,84:F1:47:54:F9:82,-89,11,Coordenação de Eng. Elétrica
17/03/2026,10:42:05,45,IFPB,84:F1:47:54:95:E0,-63,11,Coordenação de Eng. Elétrica
17/03/2026,10:42:05,45,IFPB-VISITANTE,84:F1:47:54:95:E2,-63,11,Coordenação de Eng. Elétrica
17/03/2026,10:42:05,45,IFPB,B8:11:4B:1D:14:80,-80,6,Coordenação de Eng. Elétrica
17/03/2026,10:42:05,45,IFPB-VISITANTE,B8:11:4B:1D:14:82,-80,6,Coordenação de Eng. Elétrica
17/03/2026,10:42:05,45,IFPB-VISITANTE,84:F1:47:54:FD:C2,-84,1,Coordenação de Eng. Elétrica
17/03/2026,10:42:05,45,IFPB,84:F1:47:54:FD:C0,-86,1,Coordenação de Eng. Elétrica
17/03/2026,10:42:05,45,IFPB-VISITANTE,84:F1:47:54:F9:82,-86,11,Coordenação de Eng. Elétrica
17/03/2026,10:42:06,45,IFPB,84:F1:47:54:F9:80,-89,11,Coordenação de Eng. Elétrica
17/03/2026,10:42:15,46,IFPB-VISITANTE,84:F1:47:54:95:E2,-55,11,Coordenação de Eng. Elétrica
17/03/2026,10:42:15,46,IFPB,84:F1:47:54:95:E0,-56,11,Coordenação de Eng. Elétrica
17/03/2026,10:42:15,46,IFPB,B8:11:4B:1D:14:80,-79,6,Coordenação de Eng. Elétrica
17/03/2026,10:42:15,46,IFPB-VISITANTE,B8:11:4B:1D:14:82,-79,6,Coordenação de Eng. Elétrica
17/03/2026,10:42:16,46,IFPB,84:F1:47:54:FD:C0,-83,1,Coordenação de Eng. Elétrica
17/03/2026,10:42:16,46,IFPB-VISITANTE,84:F1:47:54:FD:C2,-84,1,Coordenação de Eng. Elétrica
17/03/2026,10:42:16,46,IFPB,84:F1:47:54:F9:80,-89,11,Coordenação de Eng. Elétrica
17/03/2026,10:42:16,46,IFPB-VISITANTE,84:F1:47:54:F9:82,-91,11,Coordenação de Eng. Elétrica
17/03/2026,10:42:25,47,IFPB,84:F1:47:54:95:E0,-61,11,Coordenação de Eng. Elétrica
17/03/2026,10:42:25,47,IFPB-VISITANTE,84:F1:47:54:95:E2,-61,11,Coordenação de Eng. Elétrica
17/03/2026,10:42:26,47,IFPB,B8:11:4B:1D:14:80,-86,6,Coordenação de Eng. Elétrica
17/03/2026,10:42:26,47,IFPB-VISITANTE,B8:11:4B:1D:14:82,-87,6,Coordenação de Eng. Elétrica
17/03/2026,10:42:26,47,IFPB-VISITANTE,84:F1:47:54:F9:82,-87,11,Coordenação de Eng. Elétrica
17/03/2026,10:42:26,47,IFPB,84:F1:47:54:F9:80,-88,11,Coordenação de Eng. Elétrica
17/03/2026,10:42:26,47,IFPB-VISITANTE,84:F1:47:54:EB:22,-89,6,Coordenação de Eng. Elétrica
17/03/2026,10:42:26,47,IFPB,84:F1:47:54:EB:20,-91,6,Coordenação de Eng. Elétrica
17/03/2026,10:42:36,48,IFPB,84:F1:47:54:95:E0,-67,11,Coordenação de Eng. Elétrica
17/03/2026,10:42:36,48,IFPB-VISITANTE,84:F1:47:54:95:E2,-67,11,Coordenação de Eng. Elétrica
17/03/2026,10:42:36,48,IFPB-VISITANTE,B8:11:4B:1D:14:82,-81,6,Coordenação de Eng. Elétrica
17/03/2026,10:42:36,48,IFPB,B8:11:4B:1D:14:80,-83,6,Coordenação de Eng. Elétrica
17/03/2026,10:42:36,48,IFPB,84:F1:47:54:F9:80,-88,11,Coordenação de Eng. Elétrica
17/03/2026,10:42:36,48,IFPB-VISITANTE,84:F1:47:54:F9:82,-89,11,Coordenação de Eng. Elétrica
17/03/2026,10:42:46,49,IFPB,84:F1:47:54:95:E0,-66,11,Coordenação de Eng. Elétrica
17/03/2026,10:42:46,49,IFPB-VISITANTE,84:F1:47:54:95:E2,-66,11,Coordenação de Eng. Elétrica
17/03/2026,10:42:46,49,IFPB-VISITANTE,84:F1:47:54:FD:C2,-88,1,Coordenação de Eng. Elétrica
17/03/2026,10:42:46,49,IFPB,84:F1:47:54:FD:C0,-88,1,Coordenação de Eng. Elétrica
17/03/2026,10:42:56,50,IFPB-VISITANTE,84:F1:47:54:95:E2,-64,11,Coordenação de Eng. Elétrica
17/03/2026,10:42:56,50,IFPB,84:F1:47:54:95:E0,-65,11,Coordenação de Eng. Elétrica
17/03/2026,10:42:56,50,IFPB,84:F1:47:54:FD:C0,-87,1,Coordenação de Eng. Elétrica
17/03/2026,10:42:56,50,IFPB-VISITANTE,84:F1:47:54:FD:C2,-89,1,Coordenação de Eng. Elétrica
17/03/2026,10:42:56,50,IFPB,2C:57:41:D4:69:C0,-89,6,Coordenação de Eng. Elétrica
17/03/2026,10:42:56,50,IFPB-VISITANTE,2C:57:41:D4:69:C2,-90,6,Coordenação de Eng. Elétrica
17/03/2026,10:42:56,50,IFPB,84:F1:47:54:F9:80,-90,11,Coordenação de Eng. Elétrica
17/03/2026,10:42:56,50,IFPB-VISITANTE,84:F1:47:54:F9:82,-90,11,Coordenação de Eng. Elétrica
17/03/2026,10:43:44,51,IFPB-VISITANTE,84:F1:47:54:F9:82,-77,11,Auditório de Eng. Elétrica
17/03/2026,10:43:44,51,IFPB,84:F1:47:54:F9:80,-77,11,Auditório de Eng. Elétrica
17/03/2026,10:43:44,51,IFPB,84:F1:47:54:6B:80,-78,1,Auditório de Eng. Elétrica
17/03/2026,10:43:44,51,IFPB-VISITANTE,84:F1:47:54:6B:82,-79,1,Auditório de Eng. Elétrica
17/03/2026,10:43:44,51,IFPB-VISITANTE,84:F1:47:54:8B:A2,-83,11,Auditório de Eng. Elétrica
17/03/2026,10:43:44,51,IFPB,84:F1:47:54:96:E0,-84,1,Auditório de Eng. Elétrica
17/03/2026,10:43:44,51,IFPB-VISITANTE,84:F1:47:54:96:E2,-84,1,Auditório de Eng. Elétrica
17/03/2026,10:43:44,51,IFPB,84:F1:47:54:8B:A0,-84,11,Auditório de Eng. Elétrica
17/03/2026,10:43:54,52,IFPB-VISITANTE,84:F1:47:54:8B:A2,-76,11,Auditório de Eng. Elétrica
17/03/2026,10:43:54,52,IFPB,84:F1:47:54:8B:A0,-77,11,Auditório de Eng. Elétrica
17/03/2026,10:43:54,52,IFPB,84:F1:47:54:6B:80,-79,1,Auditório de Eng. Elétrica
17/03/2026,10:43:54,52,IFPB-VISITANTE,84:F1:47:54:6B:82,-79,1,Auditório de Eng. Elétrica
17/03/2026,10:43:54,52,IFPB,84:F1:47:54:F9:80,-80,11,Auditório de Eng. Elétrica
17/03/2026,10:43:54,52,IFPB-VISITANTE,84:F1:47:54:F9:82,-80,11,Auditório de Eng. Elétrica
17/03/2026,10:43:54,52,IFPB,84:F1:47:54:96:E0,-84,1,Auditório de Eng. Elétrica
17/03/2026,10:43:54,52,IFPB-VISITANTE,84:F1:47:54:96:E2,-84,1,Auditório de Eng. Elétrica
17/03/2026,10:43:54,52,IFPB,E4:4E:2D:85:4C:60,-90,11,Auditório de Eng. Elétrica
17/03/2026,10:43:54,52,IFPB-VISITANTE,E4:4E:2D:85:4C:62,-91,11,Auditório de Eng. Elétrica
17/03/2026,10:44:04,53,IFPB-VISITANTE,84:F1:47:54:F9:82,-75,11,Auditório de Eng. Elétrica
17/03/2026,10:44:04,53,IFPB,84:F1:47:54:6B:80,-76,1,Auditório de Eng. Elétrica
17/03/2026,10:44:04,53,IFPB,84:F1:47:54:F9:80,-76,11,Auditório de Eng. Elétrica
17/03/2026,10:44:04,53,IFPB-VISITANTE,84:F1:47:54:6B:82,-77,1,Auditório de Eng. Elétrica
17/03/2026,10:44:04,53,IFPB,24:36:DA:2B:5E:C0,-87,1,Auditório de Eng. Elétrica
17/03/2026,10:44:04,53,IFPB,84:F1:47:54:8B:A0,-87,11,Auditório de Eng. Elétrica
17/03/2026,10:44:04,53,IFPB-VISITANTE,84:F1:47:54:8B:A2,-87,11,Auditório de Eng. Elétrica
17/03/2026,10:44:04,53,IFPB,84:F1:47:54:96:E0,-88,1,Auditório de Eng. Elétrica
17/03/2026,10:44:04,53,IFPB-VISITANTE,84:F1:47:54:96:E2,-88,1,Auditório de Eng. Elétrica
17/03/2026,10:44:04,53,IFPB-VISITANTE,24:36:DA:2B:5E:C2,-88,1,Auditório de Eng. Elétrica
17/03/2026,10:44:04,53,IFPB,84:F1:47:54:EB:20,-90,6,Auditório de Eng. Elétrica
17/03/2026,10:44:04,53,IFPB-VISITANTE,84:F1:47:54:EB:22,-91,6,Auditório de Eng. Elétrica
17/03/2026,10:44:14,54,IFPB,84:F1:47:54:6B:80,-73,1,Auditório de Eng. Elétrica
17/03/2026,10:44:14,54,IFPB-VISITANTE,84:F1:47:54:6B:82,-73,1,Auditório de Eng. Elétrica
17/03/2026,10:44:14,54,IFPB-VISITANTE,84:F1:47:54:F9:82,-75,11,Auditório de Eng. Elétrica
17/03/2026,10:44:14,54,IFPB,84:F1:47:54:F9:80,-76,11,Auditório de Eng. Elétrica
17/03/2026,10:44:15,54,IFPB,84:F1:47:54:8B:A0,-79,11,Auditório de Eng. Elétrica
17/03/2026,10:44:15,54,IFPB-VISITANTE,84:F1:47:54:8B:A2,-79,11,Auditório de Eng. Elétrica
17/03/2026,10:44:15,54,IFPB,24:36:DA:2B:5E:C0,-87,1,Auditório de Eng. Elétrica
17/03/2026,10:44:15,54,IFPB-VISITANTE,24:36:DA:2B:5E:C2,-88,1,Auditório de Eng. Elétrica
17/03/2026,10:44:15,54,IFPB-VISITANTE,84:F1:47:54:96:E2,-88,1,Auditório de Eng. Elétrica
17/03/2026,10:44:24,55,IFPB,84:F1:47:54:F9:80,-77,11,Auditório de Eng. Elétrica
17/03/2026,10:44:24,55,IFPB-VISITANTE,84:F1:47:54:F9:82,-77,11,Auditório de Eng. Elétrica
17/03/2026,10:44:24,55,IFPB-VISITANTE,84:F1:47:54:8B:A2,-79,11,Auditório de Eng. Elétrica
17/03/2026,10:44:25,55,IFPB,84:F1:47:54:6B:80,-80,1,Auditório de Eng. Elétrica
17/03/2026,10:44:25,55,IFPB,84:F1:47:54:8B:A0,-80,11,Auditório de Eng. Elétrica
17/03/2026,10:44:25,55,IFPB-VISITANTE,84:F1:47:54:6B:82,-81,1,Auditório de Eng. Elétrica
17/03/2026,10:44:25,55,IFPB-VISITANTE,84:F1:47:54:96:E2,-86,1,Auditório de Eng. Elétrica
17/03/2026,10:44:25,55,IFPB,84:F1:47:54:96:E0,-86,1,Auditório de Eng. Elétrica
17/03/2026,10:44:25,55,IFPB-VISITANTE,E4:4E:2D:85:4C:62,-88,11,Auditório de Eng. Elétrica
17/03/2026,10:44:25,55,IFPB,E4:4E:2D:85:4C:60,-88,11,Auditório de Eng. Elétrica
17/03/2026,10:44:25,55,IFPB,84:F1:47:54:EB:20,-90,6,Auditório de Eng. Elétrica
17/03/2026,10:44:25,55,IFPB-VISITANTE,84:F1:47:54:EB:22,-91,6,Auditório de Eng. Elétrica
17/03/2026,10:44:34,56,IFPB,84:F1:47:54:6B:80,-75,1,Auditório de Eng. Elétrica
17/03/2026,10:44:34,56,IFPB-VISITANTE,84:F1:47:54:6B:82,-75,1,Auditório de Eng. Elétrica
17/03/2026,10:44:35,56,IFPB,84:F1:47:54:F9:80,-76,11,Auditório de Eng. Elétrica
17/03/2026,10:44:35,56,IFPB-VISITANTE,84:F1:47:54:F9:82,-77,11,Auditório de Eng. Elétrica
17/03/2026,10:44:35,56,IFPB,84:F1:47:54:8B:A0,-81,11,Auditório de Eng. Elétrica
17/03/2026,10:44:35,56,IFPB-VISITANTE,84:F1:47:54:8B:A2,-81,11,Auditório de Eng. Elétrica
17/03/2026,10:44:35,56,IFPB,84:F1:47:54:96:E0,-82,1,Auditório de Eng. Elétrica
17/03/2026,10:44:35,56,IFPB-VISITANTE,84:F1:47:54:96:E2,-83,1,Auditório de Eng. Elétrica
17/03/2026,10:44:35,56,IFPB-VISITANTE,E4:4E:2D:85:4C:62,-89,11,Auditório de Eng. Elétrica
17/03/2026,10:44:35,56,IFPB,E4:4E:2D:85:4C:60,-90,11,Auditório de Eng. Elétrica
17/03/2026,10:44:45,57,IFPB,84:F1:47:54:F9:80,-71,11,Auditório de Eng. Elétrica
17/03/2026,10:44:45,57,IFPB-VISITANTE,84:F1:47:54:F9:82,-71,11,Auditório de Eng. Elétrica
17/03/2026,10:44:45,57,IFPB,84:F1:47:54:8B:A0,-81,11,Auditório de Eng. Elétrica
17/03/2026,10:44:45,57,IFPB-VISITANTE,84:F1:47:54:8B:A2,-81,11,Auditório de Eng. Elétrica
17/03/2026,10:44:45,57,IFPB,84:F1:47:54:6B:80,-83,1,Auditório de Eng. Elétrica
17/03/2026,10:44:45,57,IFPB-VISITANTE,84:F1:47:54:6B:82,-83,1,Auditório de Eng. Elétrica
17/03/2026,10:44:45,57,IFPB,84:F1:47:54:96:E0,-85,1,Auditório de Eng. Elétrica
17/03/2026,10:44:45,57,IFPB-VISITANTE,84:F1:47:54:96:E2,-85,1,Auditório de Eng. Elétrica
17/03/2026,10:44:45,57,IFPB-VISITANTE,24:36:DA:2B:5E:C2,-87,1,Auditório de Eng. Elétrica
17/03/2026,10:44:45,57,IFPB,24:36:DA:2B:5E:C0,-88,1,Auditório de Eng. Elétrica
17/03/2026,10:44:55,58,IFPB,84:F1:47:54:F9:80,-77,11,Auditório de Eng. Elétrica
17/03/2026,10:44:55,58,IFPB-VISITANTE,84:F1:47:54:F9:82,-77,11,Auditório de Eng. Elétrica
17/03/2026,10:44:55,58,IFPB,84:F1:47:54:6B:80,-78,1,Auditório de Eng. Elétrica
17/03/2026,10:44:55,58,IFPB-VISITANTE,84:F1:47:54:6B:82,-78,1,Auditório de Eng. Elétrica
17/03/2026,10:44:55,58,IFPB,84:F1:47:54:8B:A0,-83,11,Auditório de Eng. Elétrica
17/03/2026,10:44:55,58,IFPB-VISITANTE,84:F1:47:54:8B:A2,-83,11,Auditório de Eng. Elétrica
17/03/2026,10:44:55,58,IFPB,84:F1:47:54:96:E0,-85,1,Auditório de Eng. Elétrica
17/03/2026,10:44:55,58,IFPB-VISITANTE,84:F1:47:54:96:E2,-86,1,Auditório de Eng. Elétrica
17/03/2026,10:44:55,58,IFPB-VISITANTE,84:F1:47:54:EB:22,-88,6,Auditório de Eng. Elétrica
17/03/2026,10:44:55,58,IFPB,84:F1:47:54:EB:20,-88,6,Auditório de Eng. Elétrica
17/03/2026,10:44:55,58,IFPB,E4:4E:2D:85:4C:60,-88,11,Auditório de Eng. Elétrica
17/03/2026,10:44:55,58,IFPB-VISITANTE,E4:4E:2D:85:4C:62,-88,11,Auditório de Eng. Elétrica
17/03/2026,10:44:55,58,IFPB,24:36:DA:2B:5E:C0,-89,1,Auditório de Eng. Elétrica
17/03/2026,10:44:55,58,IFPB-VISITANTE,24:36:DA:2B:5E:C2,-89,1,Auditório de Eng. Elétrica
17/03/2026,10:45:05,59,IFPB,84:F1:47:54:F9:80,-73,11,Auditório de Eng. Elétrica
17/03/2026,10:45:05,59,IFPB,84:F1:47:54:6B:80,-75,1,Auditório de Eng. Elétrica
17/03/2026,10:45:05,59,IFPB-VISITANTE,84:F1:47:54:6B:82,-75,1,Auditório de Eng. Elétrica
17/03/2026,10:45:05,59,IFPB-VISITANTE,84:F1:47:54:F9:82,-75,11,Auditório de Eng. Elétrica
17/03/2026,10:45:05,59,IFPB,84:F1:47:54:96:E0,-83,1,Auditório de Eng. Elétrica
17/03/2026,10:45:05,59,IFPB-VISITANTE,84:F1:47:54:96:E2,-84,1,Auditório de Eng. Elétrica
17/03/2026,10:45:05,59,IFPB-VISITANTE,84:F1:47:54:8B:A2,-85,11,Auditório de Eng. Elétrica
17/03/2026,10:45:05,59,IFPB,84:F1:47:54:8B:A0,-85,11,Auditório de Eng. Elétrica
17/03/2026,10:45:05,59,IFPB,24:36:DA:2B:5E:C0,-86,1,Auditório de Eng. Elétrica
17/03/2026,10:45:05,59,IFPB-VISITANTE,24:36:DA:2B:5E:C2,-86,1,Auditório de Eng. Elétrica
17/03/2026,10:45:15,60,IFPB,84:F1:47:54:6B:80,-78,1,Auditório de Eng. Elétrica
17/03/2026,10:45:15,60,IFPB-VISITANTE,84:F1:47:54:6B:82,-78,1,Auditório de Eng. Elétrica
17/03/2026,10:45:15,60,IFPB,84:F1:47:54:F9:80,-79,11,Auditório de Eng. Elétrica
17/03/2026,10:45:15,60,IFPB-VISITANTE,84:F1:47:54:F9:82,-79,11,Auditório de Eng. Elétrica
17/03/2026,10:45:15,60,IFPB,84:F1:47:54:8B:A0,-82,11,Auditório de Eng. Elétrica
17/03/2026,10:45:15,60,IFPB-VISITANTE,84:F1:47:54:8B:A2,-82,11,Auditório de Eng. Elétrica
17/03/2026,10:45:15,60,IFPB,84:F1:47:54:96:E0,-83,1,Auditório de Eng. Elétrica
17/03/2026,10:45:15,60,IFPB-VISITANTE,84:F1:47:54:96:E2,-84,1,Auditório de Eng. Elétrica
17/03/2026,10:45:15,60,IFPB-VISITANTE,24:36:DA:2B:5E:C2,-88,1,Auditório de Eng. Elétrica
17/03/2026,10:45:15,60,IFPB-VISITANTE,E4:4E:2D:85:4C:62,-90,11,Auditório de Eng. Elétrica
17/03/2026,10:45:15,60,IFPB,E4:4E:2D:85:4C:60,-92,11,Auditório de Eng. Elétrica
17/03/2026,10:46:11,61,IFPB,84:F1:47:54:96:E0,-69,1,Lab. de Instrumentação biomédica
17/03/2026,10:46:11,61,IFPB-VISITANTE,84:F1:47:54:96:E2,-70,1,Lab. de Instrumentação biomédica
17/03/2026,10:46:11,61,IFPB,84:F1:47:54:6B:80,-74,1,Lab. de Instrumentação biomédica
17/03/2026,10:46:11,61,IFPB-VISITANTE,84:F1:47:54:6B:82,-74,1,Lab. de Instrumentação biomédica
17/03/2026,10:46:11,61,IFPB,E4:4E:2D:85:4C:60,-78,11,Lab. de Instrumentação biomédica
17/03/2026,10:46:11,61,IFPB-VISITANTE,E4:4E:2D:85:4C:62,-78,11,Lab. de Instrumentação biomédica
17/03/2026,10:46:11,61,IFPB-VISITANTE,24:36:DA:2B:BC:02,-81,6,Lab. de Instrumentação biomédica
17/03/2026,10:46:11,61,IFPB,24:36:DA:2B:BC:00,-81,6,Lab. de Instrumentação biomédica
17/03/2026,10:46:11,61,IFPB-VISITANTE,84:F1:47:54:8B:A2,-83,11,Lab. de Instrumentação biomédica
17/03/2026,10:46:11,61,IFPB-VISITANTE,84:F1:47:54:F9:82,-84,11,Lab. de Instrumentação biomédica
17/03/2026,10:46:11,61,IFPB,84:F1:47:54:F9:80,-84,11,Lab. de Instrumentação biomédica
17/03/2026,10:46:11,61,IFPB,84:F1:47:54:8B:A0,-84,11,Lab. de Instrumentação biomédica
17/03/2026,10:46:21,62,IFPB,84:F1:47:54:96:E0,-70,1,Lab. de Instrumentação biomédica
17/03/2026,10:46:21,62,IFPB-VISITANTE,84:F1:47:54:96:E2,-70,1,Lab. de Instrumentação biomédica
17/03/2026,10:46:21,62,IFPB,84:F1:47:54:6B:80,-77,1,Lab. de Instrumentação biomédica
17/03/2026,10:46:21,62,IFPB-VISITANTE,84:F1:47:54:6B:82,-77,1,Lab. de Instrumentação biomédica
17/03/2026,10:46:21,62,IFPB-VISITANTE,84:F1:47:54:8B:A2,-78,11,Lab. de Instrumentação biomédica
17/03/2026,10:46:21,62,IFPB,84:F1:47:54:8B:A0,-79,11,Lab. de Instrumentação biomédica
17/03/2026,10:46:21,62,IFPB,E4:4E:2D:85:4C:60,-79,11,Lab. de Instrumentação biomédica
17/03/2026,10:46:21,62,IFPB-VISITANTE,E4:4E:2D:85:4C:62,-80,11,Lab. de Instrumentação biomédica
17/03/2026,10:46:21,62,IFPB,24:36:DA:2B:BC:00,-82,6,Lab. de Instrumentação biomédica
17/03/2026,10:46:21,62,IFPB-VISITANTE,24:36:DA:2B:BC:02,-82,6,Lab. de Instrumentação biomédica
17/03/2026,10:46:31,63,IFPB,84:F1:47:54:96:E0,-71,1,Lab. de Instrumentação biomédica
17/03/2026,10:46:31,63,IFPB-VISITANTE,84:F1:47:54:96:E2,-71,1,Lab. de Instrumentação biomédica
17/03/2026,10:46:31,63,IFPB,84:F1:47:54:6B:80,-78,1,Lab. de Instrumentação biomédica
17/03/2026,10:46:31,63,IFPB-VISITANTE,84:F1:47:54:6B:82,-78,1,Lab. de Instrumentação biomédica
17/03/2026,10:46:31,63,IFPB-VISITANTE,24:36:DA:2B:BC:02,-82,6,Lab. de Instrumentação biomédica
17/03/2026,10:46:31,63,IFPB,E4:4E:2D:85:4C:60,-82,11,Lab. de Instrumentação biomédica
17/03/2026,10:46:31,63,IFPB-VISITANTE,E4:4E:2D:85:4C:62,-82,11,Lab. de Instrumentação biomédica
17/03/2026,10:46:31,63,IFPB,24:36:DA:2B:BC:00,-85,6,Lab. de Instrumentação biomédica
17/03/2026,10:46:31,63,IFPB,84:F1:47:54:F9:80,-87,11,Lab. de Instrumentação biomédica
17/03/2026,10:46:31,63,IFPB-VISITANTE,84:F1:47:54:F9:82,-87,11,Lab. de Instrumentação biomédica
17/03/2026,10:46:41,64,IFPB,84:F1:47:54:96:E0,-75,1,Lab. de Instrumentação biomédica
17/03/2026,10:46:41,64,IFPB-VISITANTE,84:F1:47:54:96:E2,-75,1,Lab. de Instrumentação biomédica
17/03/2026,10:46:41,64,IFPB-VISITANTE,84:F1:47:54:6B:82,-77,1,Lab. de Instrumentação biomédica
17/03/2026,10:46:41,64,IFPB,84:F1:47:54:6B:80,-77,1,Lab. de Instrumentação biomédica
17/03/2026,10:46:41,64,IFPB,84:F1:47:54:F9:80,-86,11,Lab. de Instrumentação biomédica
17/03/2026,10:46:41,64,IFPB-VISITANTE,84:F1:47:54:F9:82,-86,11,Lab. de Instrumentação biomédica
17/03/2026,10:46:41,64,IFPB,84:F1:47:54:8B:A0,-87,11,Lab. de Instrumentação biomédica
17/03/2026,10:46:41,64,IFPB-VISITANTE,84:F1:47:54:8B:A2,-87,11,Lab. de Instrumentação biomédica
17/03/2026,10:46:41,64,IFPB,24:36:DA:2B:BC:00,-88,6,Lab. de Instrumentação biomédica
17/03/2026,10:46:41,64,IFPB-VISITANTE,24:36:DA:2B:BC:02,-88,6,Lab. de Instrumentação biomédica
17/03/2026,10:46:41,64,IFPB,E4:4E:2D:85:4C:60,-90,11,Lab. de Instrumentação biomédica
17/03/2026,10:46:41,64,IFPB-VISITANTE,E4:4E:2D:85:4C:62,-91,11,Lab. de Instrumentação biomédica
17/03/2026,10:46:51,65,IFPB,84:F1:47:54:96:E0,-69,1,Lab. de Instrumentação biomédica
17/03/2026,10:46:51,65,IFPB-VISITANTE,84:F1:47:54:96:E2,-71,1,Lab. de Instrumentação biomédica
17/03/2026,10:46:51,65,IFPB,84:F1:47:54:6B:80,-75,1,Lab. de Instrumentação biomédica
17/03/2026,10:46:51,65,IFPB-VISITANTE,84:F1:47:54:6B:82,-75,1,Lab. de Instrumentação biomédica
17/03/2026,10:46:51,65,IFPB,24:36:DA:2B:BC:00,-85,6,Lab. de Instrumentação biomédica
17/03/2026,10:46:51,65,IFPB-VISITANTE,24:36:DA:2B:BC:02,-85,6,Lab. de Instrumentação biomédica
17/03/2026,10:46:51,65,IFPB-VISITANTE,84:F1:47:54:8B:A2,-85,11,Lab. de Instrumentação biomédica
17/03/2026,10:46:52,65,IFPB,84:F1:47:54:8B:A0,-85,11,Lab. de Instrumentação biomédica
17/03/2026,10:46:52,65,IFPB-VISITANTE,E4:4E:2D:85:4C:62,-87,11,Lab. de Instrumentação biomédica
17/03/2026,10:46:52,65,IFPB,84:F1:47:54:F9:80,-88,11,Lab. de Instrumentação biomédica
17/03/2026,10:46:52,65,IFPB-VISITANTE,84:F1:47:54:F9:82,-88,11,Lab. de Instrumentação biomédica
17/03/2026,10:46:52,65,IFPB,E4:4E:2D:85:4C:60,-88,11,Lab. de Instrumentação biomédica
17/03/2026,10:47:01,66,IFPB,84:F1:47:54:96:E0,-74,1,Lab. de Instrumentação biomédica
17/03/2026,10:47:01,66,IFPB-VISITANTE,84:F1:47:54:96:E2,-74,1,Lab. de Instrumentação biomédica
17/03/2026,10:47:01,66,IFPB,84:F1:47:54:6B:80,-79,1,Lab. de Instrumentação biomédica
17/03/2026,10:47:01,66,IFPB-VISITANTE,84:F1:47:54:6B:82,-79,1,Lab. de Instrumentação biomédica
17/03/2026,10:47:02,66,IFPB,84:F1:47:54:8B:A0,-83,11,Lab. de Instrumentação biomédica
17/03/2026,10:47:02,66,IFPB-VISITANTE,84:F1:47:54:8B:A2,-83,11,Lab. de Instrumentação biomédica
17/03/2026,10:47:02,66,IFPB-VISITANTE,E4:4E:2D:85:4C:62,-84,11,Lab. de Instrumentação biomédica
17/03/2026,10:47:02,66,IFPB,E4:4E:2D:85:4C:60,-85,11,Lab. de Instrumentação biomédica
17/03/2026,10:47:02,66,IFPB,24:36:DA:2B:BC:00,-87,6,Lab. de Instrumentação biomédica
17/03/2026,10:47:02,66,IFPB-VISITANTE,24:36:DA:2B:BC:02,-87,6,Lab. de Instrumentação biomédica
17/03/2026,10:47:02,66,IFPB,84:F1:47:54:F9:80,-89,11,Lab. de Instrumentação biomédica
17/03/2026,10:47:02,66,IFPB-VISITANTE,84:F1:47:54:F9:82,-91,11,Lab. de Instrumentação biomédica
17/03/2026,10:47:12,67,IFPB,84:F1:47:54:96:E0,-74,1,Lab. de Instrumentação biomédica
17/03/2026,10:47:12,67,IFPB-VISITANTE,84:F1:47:54:96:E2,-74,1,Lab. de Instrumentação biomédica
17/03/2026,10:47:12,67,IFPB,84:F1:47:54:6B:80,-76,1,Lab. de Instrumentação biomédica
17/03/2026,10:47:12,67,IFPB-VISITANTE,84:F1:47:54:6B:82,-76,1,Lab. de Instrumentação biomédica
17/03/2026,10:47:12,67,IFPB,84:F1:47:54:8B:A0,-79,11,Lab. de Instrumentação biomédica
17/03/2026,10:47:12,67,IFPB-VISITANTE,84:F1:47:54:8B:A2,-79,11,Lab. de Instrumentação biomédica
17/03/2026,10:47:12,67,IFPB,E4:4E:2D:85:4C:60,-81,11,Lab. de Instrumentação biomédica
17/03/2026,10:47:12,67,IFPB-VISITANTE,E4:4E:2D:85:4C:62,-81,11,Lab. de Instrumentação biomédica
17/03/2026,10:47:12,67,IFPB-VISITANTE,84:F1:47:54:F9:82,-83,11,Lab. de Instrumentação biomédica
17/03/2026,10:47:12,67,IFPB,24:36:DA:2B:BC:00,-85,6,Lab. de Instrumentação biomédica
17/03/2026,10:47:12,67,IFPB-VISITANTE,24:36:DA:2B:BC:02,-85,6,Lab. de Instrumentação biomédica
17/03/2026,10:47:12,67,IFPB,84:F1:47:54:F9:80,-85,11,Lab. de Instrumentação biomédica
17/03/2026,10:47:22,68,IFPB,84:F1:47:54:96:E0,-73,1,Lab. de Instrumentação biomédica
17/03/2026,10:47:22,68,IFPB-VISITANTE,84:F1:47:54:96:E2,-73,1,Lab. de Instrumentação biomédica
17/03/2026,10:47:22,68,IFPB,84:F1:47:54:6B:80,-76,1,Lab. de Instrumentação biomédica
17/03/2026,10:47:22,68,IFPB-VISITANTE,84:F1:47:54:6B:82,-76,1,Lab. de Instrumentação biomédica
17/03/2026,10:47:22,68,IFPB-VISITANTE,E4:4E:2D:85:4C:62,-79,11,Lab. de Instrumentação biomédica
17/03/2026,10:47:22,68,IFPB,E4:4E:2D:85:4C:60,-80,11,Lab. de Instrumentação biomédica
17/03/2026,10:47:22,68,IFPB,24:36:DA:2B:BC:00,-82,6,Lab. de Instrumentação biomédica
17/03/2026,10:47:22,68,IFPB-VISITANTE,24:36:DA:2B:BC:02,-82,6,Lab. de Instrumentação biomédica
17/03/2026,10:47:22,68,IFPB-VISITANTE,84:F1:47:54:8B:A2,-87,11,Lab. de Instrumentação biomédica
17/03/2026,10:47:22,68,IFPB,84:F1:47:54:8B:A0,-89,11,Lab. de Instrumentação biomédica
17/03/2026,10:47:22,68,IFPB,84:F1:47:54:F9:80,-90,11,Lab. de Instrumentação biomédica
17/03/2026,10:47:22,68,IFPB-VISITANTE,84:F1:47:54:F9:82,-90,11,Lab. de Instrumentação biomédica
17/03/2026,10:47:32,69,IFPB,84:F1:47:54:6B:80,-74,1,Lab. de Instrumentação biomédica
17/03/2026,10:47:32,69,IFPB,84:F1:47:54:96:E0,-74,1,Lab. de Instrumentação biomédica
17/03/2026,10:47:32,69,IFPB-VISITANTE,84:F1:47:54:96:E2,-74,1,Lab. de Instrumentação biomédica
17/03/2026,10:47:32,69,IFPB-VISITANTE,84:F1:47:54:6B:82,-75,1,Lab. de Instrumentação biomédica
17/03/2026,10:47:32,69,IFPB-VISITANTE,84:F1:47:54:8B:A2,-84,11,Lab. de Instrumentação biomédica
17/03/2026,10:47:32,69,IFPB,84:F1:47:54:8B:A0,-85,11,Lab. de Instrumentação biomédica
17/03/2026,10:47:32,69,IFPB,84:F1:47:54:F9:80,-86,11,Lab. de Instrumentação biomédica
17/03/2026,10:47:32,69,IFPB-VISITANTE,84:F1:47:54:F9:82,-86,11,Lab. de Instrumentação biomédica
17/03/2026,10:47:32,69,IFPB-VISITANTE,24:36:DA:2B:BC:02,-87,6,Lab. de Instrumentação biomédica
17/03/2026,10:47:32,69,IFPB-VISITANTE,E4:4E:2D:85:4C:62,-87,11,Lab. de Instrumentação biomédica
17/03/2026,10:47:32,69,IFPB,E4:4E:2D:85:4C:60,-89,11,Lab. de Instrumentação biomédica
17/03/2026,10:47:42,70,IFPB,84:F1:47:54:96:E0,-68,1,Lab. de Instrumentação biomédica
17/03/2026,10:47:42,70,IFPB-VISITANTE,84:F1:47:54:96:E2,-68,1,Lab. de Instrumentação biomédica
17/03/2026,10:47:42,70,IFPB,84:F1:47:54:6B:80,-76,1,Lab. de Instrumentação biomédica
17/03/2026,10:47:42,70,IFPB-VISITANTE,84:F1:47:54:6B:82,-77,1,Lab. de Instrumentação biomédica
17/03/2026,10:47:42,70,IFPB-VISITANTE,84:F1:47:54:8B:A2,-82,11,Lab. de Instrumentação biomédica
17/03/2026,10:47:42,70,IFPB,84:F1:47:54:F9:80,-83,11,Lab. de Instrumentação biomédica
17/03/2026,10:47:42,70,IFPB-VISITANTE,84:F1:47:54:F9:82,-83,11,Lab. de Instrumentação biomédica
17/03/2026,10:47:42,70,IFPB,84:F1:47:54:8B:A0,-83,11,Lab. de Instrumentação biomédica
17/03/2026,10:47:42,70,IFPB,24:36:DA:2B:BC:00,-86,6,Lab. de Instrumentação biomédica
17/03/2026,10:47:42,70,IFPB-VISITANTE,24:36:DA:2B:BC:02,-86,6,Lab. de Instrumentação biomédica
17/03/2026,10:47:42,70,IFPB,E4:4E:2D:85:4C:60,-86,11,Lab. de Instrumentação biomédica
17/03/2026,10:47:42,70,IFPB-VISITANTE,E4:4E:2D:85:4C:62,-88,11,Lab. de Instrumentação biomédica
17/03/2026,10:48:22,71,IFPB,84:F1:47:54:96:E0,-56,1,Lab. de aferição e calibração
17/03/2026,10:48:22,71,IFPB-VISITANTE,84:F1:47:54:96:E2,-57,1,Lab. de aferição e calibração
17/03/2026,10:48:22,71,IFPB-VISITANTE,84:F1:47:54:6B:82,-72,1,Lab. de aferição e calibração
17/03/2026,10:48:22,71,IFPB,84:F1:47:54:6B:80,-72,1,Lab. de aferição e calibração
17/03/2026,10:48:22,71,IFPB,24:36:DA:2B:BC:00,-79,6,Lab. de aferição e calibração
17/03/2026,10:48:22,71,IFPB-VISITANTE,24:36:DA:2B:BC:02,-79,6,Lab. de aferição e calibração
17/03/2026,10:48:23,71,IFPB,E4:4E:2D:85:4C:60,-83,11,Lab. de aferição e calibração
17/03/2026,10:48:23,71,IFPB-VISITANTE,E4:4E:2D:85:4C:62,-83,11,Lab. de aferição e calibração
17/03/2026,10:48:23,71,IFPB,84:F1:47:54:8B:A0,-92,11,Lab. de aferição e calibração
17/03/2026,10:48:33,72,IFPB-VISITANTE,84:F1:47:54:96:E2,-55,1,Lab. de aferição e calibração
17/03/2026,10:48:33,72,IFPB,84:F1:47:54:96:E0,-56,1,Lab. de aferição e calibração
17/03/2026,10:48:33,72,IFPB,84:F1:47:54:6B:80,-73,1,Lab. de aferição e calibração
17/03/2026,10:48:33,72,IFPB-VISITANTE,84:F1:47:54:6B:82,-73,1,Lab. de aferição e calibração
17/03/2026,10:48:33,72,IFPB,E4:4E:2D:85:4C:60,-77,11,Lab. de aferição e calibração
17/03/2026,10:48:33,72,IFPB-VISITANTE,E4:4E:2D:85:4C:62,-77,11,Lab. de aferição e calibração
17/03/2026,10:48:33,72,IFPB,24:36:DA:2B:BC:00,-83,6,Lab. de aferição e calibração
17/03/2026,10:48:33,72,IFPB-VISITANTE,24:36:DA:2B:BC:02,-83,6,Lab. de aferição e calibração
17/03/2026,10:48:43,73,IFPB,84:F1:47:54:96:E0,-59,1,Lab. de aferição e calibração
17/03/2026,10:48:43,73,IFPB-VISITANTE,84:F1:47:54:96:E2,-59,1,Lab. de aferição e calibração
17/03/2026,10:48:43,73,IFPB,84:F1:47:54:6B:80,-74,1,Lab. de aferição e calibração
17/03/2026,10:48:43,73,IFPB-VISITANTE,84:F1:47:54:6B:82,-75,1,Lab. de aferição e calibração
17/03/2026,10:48:43,73,IFPB,E4:4E:2D:85:4C:60,-75,11,Lab. de aferição e calibração
17/03/2026,10:48:43,73,IFPB-VISITANTE,E4:4E:2D:85:4C:62,-75,11,Lab. de aferição e calibração
17/03/2026,10:48:43,73,IFPB-VISITANTE,24:36:DA:2B:BC:02,-80,6,Lab. de aferição e calibração
17/03/2026,10:48:43,73,IFPB,24:36:DA:2B:BC:00,-83,6,Lab. de aferição e calibração
17/03/2026,10:48:43,73,IFPB-VISITANTE,84:F1:47:54:97:02,-89,1,Lab. de aferição e calibração
17/03/2026,10:48:43,73,IFPB,84:F1:47:54:97:00,-89,1,Lab. de aferição e calibração
17/03/2026,10:48:53,74,IFPB,84:F1:47:54:96:E0,-55,1,Lab. de aferição e calibração
17/03/2026,10:48:53,74,IFPB-VISITANTE,84:F1:47:54:96:E2,-55,1,Lab. de aferição e calibração
17/03/2026,10:48:53,74,IFPB,84:F1:47:54:6B:80,-75,1,Lab. de aferição e calibração
17/03/2026,10:48:53,74,IFPB-VISITANTE,84:F1:47:54:6B:82,-76,1,Lab. de aferição e calibração
17/03/2026,10:48:53,74,IFPB,E4:4E:2D:85:4C:60,-78,11,Lab. de aferição e calibração
17/03/2026,10:48:53,74,IFPB-VISITANTE,E4:4E:2D:85:4C:62,-78,11,Lab. de aferição e calibração
17/03/2026,10:48:53,74,IFPB,24:36:DA:2B:BC:00,-85,6,Lab. de aferição e calibração
17/03/2026,10:48:53,74,IFPB-VISITANTE,24:36:DA:2B:BC:02,-85,6,Lab. de aferição e calibração
17/03/2026,10:48:53,74,IFPB-VISITANTE,84:F1:47:54:8B:A2,-92,11,Lab. de aferição e calibração
17/03/2026,10:49:03,75,IFPB,84:F1:47:54:96:E0,-56,1,Lab. de aferição e calibração
17/03/2026,10:49:03,75,IFPB-VISITANTE,84:F1:47:54:96:E2,-56,1,Lab. de aferição e calibração
17/03/2026,10:49:03,75,IFPB,84:F1:47:54:6B:80,-71,1,Lab. de aferição e calibração
17/03/2026,10:49:03,75,IFPB-VISITANTE,84:F1:47:54:6B:82,-71,1,Lab. de aferição e calibração
17/03/2026,10:49:03,75,IFPB,E4:4E:2D:85:4C:60,-84,11,Lab. de aferição e calibração
17/03/2026,10:49:03,75,IFPB-VISITANTE,E4:4E:2D:85:4C:62,-84,11,Lab. de aferição e calibração
17/03/2026,10:49:03,75,IFPB,24:36:DA:2B:BC:00,-87,6,Lab. de aferição e calibração
17/03/2026,10:49:03,75,IFPB-VISITANTE,24:36:DA:2B:BC:02,-90,6,Lab. de aferição e calibração
17/03/2026,10:49:13,76,IFPB-VISITANTE,84:F1:47:54:96:E2,-58,1,Lab. de aferição e calibração
17/03/2026,10:49:13,76,IFPB,84:F1:47:54:96:E0,-59,1,Lab. de aferição e calibração
17/03/2026,10:49:13,76,IFPB,84:F1:47:54:6B:80,-72,1,Lab. de aferição e calibração
17/03/2026,10:49:13,76,IFPB-VISITANTE,84:F1:47:54:6B:82,-72,1,Lab. de aferição e calibração
17/03/2026,10:49:13,76,IFPB,E4:4E:2D:85:4C:60,-77,11,Lab. de aferição e calibração
17/03/2026,10:49:13,76,IFPB-VISITANTE,E4:4E:2D:85:4C:62,-78,11,Lab. de aferição e calibração
17/03/2026,10:49:13,76,IFPB,24:36:DA:2B:BC:00,-82,6,Lab. de aferição e calibração
17/03/2026,10:49:13,76,IFPB-VISITANTE,24:36:DA:2B:BC:02,-82,6,Lab. de aferição e calibração
17/03/2026,10:49:23,77,IFPB,84:F1:47:54:96:E0,-56,1,Lab. de aferição e calibração
17/03/2026,10:49:23,77,IFPB-VISITANTE,84:F1:47:54:96:E2,-56,1,Lab. de aferição e calibração
17/03/2026,10:49:23,77,IFPB,84:F1:47:54:6B:80,-75,1,Lab. de aferição e calibração
17/03/2026,10:49:23,77,IFPB-VISITANTE,84:F1:47:54:6B:82,-77,1,Lab. de aferição e calibração
17/03/2026,10:49:23,77,IFPB-VISITANTE,24:36:DA:2B:BC:02,-77,6,Lab. de aferição e calibração
17/03/2026,10:49:23,77,IFPB,24:36:DA:2B:BC:00,-78,6,Lab. de aferição e calibração
17/03/2026,10:49:23,77,IFPB,E4:4E:2D:85:4C:60,-79,11,Lab. de aferição e calibração
17/03/2026,10:49:23,77,IFPB-VISITANTE,E4:4E:2D:85:4C:62,-80,11,Lab. de aferição e calibração
17/03/2026,10:49:23,77,IFPB-VISITANTE,24:36:DA:9F:FB:82,-89,11,Lab. de aferição e calibração
17/03/2026,10:49:23,77,IFPB-VISITANTE,84:F1:47:54:8B:A2,-89,11,Lab. de aferição e calibração
17/03/2026,10:49:23,77,IFPB,84:F1:47:54:8B:A0,-90,11,Lab. de aferição e calibração
17/03/2026,10:49:33,78,IFPB-VISITANTE,84:F1:47:54:96:E2,-56,1,Lab. de aferição e calibração
17/03/2026,10:49:33,78,IFPB,84:F1:47:54:96:E0,-57,1,Lab. de aferição e calibração
17/03/2026,10:49:33,78,IFPB-VISITANTE,84:F1:47:54:6B:82,-72,1,Lab. de aferição e calibração
17/03/2026,10:49:33,78,IFPB,84:F1:47:54:6B:80,-73,1,Lab. de aferição e calibração
17/03/2026,10:49:33,78,IFPB-VISITANTE,E4:4E:2D:85:4C:62,-79,11,Lab. de aferição e calibração
17/03/2026,10:49:33,78,IFPB,E4:4E:2D:85:4C:60,-80,11,Lab. de aferição e calibração
17/03/2026,10:49:33,78,IFPB-VISITANTE,24:36:DA:2B:BC:02,-83,6,Lab. de aferição e calibração
17/03/2026,10:49:33,78,IFPB,24:36:DA:2B:BC:00,-85,6,Lab. de aferição e calibração
17/03/2026,10:49:43,79,IFPB,84:F1:47:54:96:E0,-53,1,Lab. de aferição e calibração
17/03/2026,10:49:43,79,IFPB-VISITANTE,84:F1:47:54:96:E2,-54,1,Lab. de aferição e calibração
17/03/2026,10:49:43,79,IFPB,84:F1:47:54:6B:80,-74,1,Lab. de aferição e calibração
17/03/2026,10:49:43,79,IFPB-VISITANTE,84:F1:47:54:6B:82,-74,1,Lab. de aferição e calibração
17/03/2026,10:49:43,79,IFPB,E4:4E:2D:85:4C:60,-78,11,Lab. de aferição e calibração
17/03/2026,10:49:43,79,IFPB-VISITANTE,E4:4E:2D:85:4C:62,-78,11,Lab. de aferição e calibração
17/03/2026,10:49:44,79,IFPB,24:36:DA:2B:BC:00,-81,6,Lab. de aferição e calibração
17/03/2026,10:49:44,79,IFPB-VISITANTE,24:36:DA:2B:BC:02,-82,6,Lab. de aferição e calibração
17/03/2026,10:49:53,80,IFPB-VISITANTE,84:F1:47:54:96:E2,-58,1,Lab. de aferição e calibração
17/03/2026,10:49:53,80,IFPB,84:F1:47:54:96:E0,-58,1,Lab. de aferição e calibração
17/03/2026,10:49:53,80,IFPB,24:36:DA:2B:BC:00,-77,6,Lab. de aferição e calibração
17/03/2026,10:49:53,80,IFPB-VISITANTE,84:F1:47:54:6B:82,-78,1,Lab. de aferição e calibração
17/03/2026,10:49:53,80,IFPB-VISITANTE,24:36:DA:2B:BC:02,-78,6,Lab. de aferição e calibração
17/03/2026,10:49:53,80,IFPB,E4:4E:2D:85:4C:60,-78,11,Lab. de aferição e calibração
17/03/2026,10:49:53,80,IFPB-VISITANTE,E4:4E:2D:85:4C:62,-78,11,Lab. de aferição e calibração
17/03/2026,10:49:53,80,IFPB,84:F1:47:54:6B:80,-79,1,Lab. de aferição e calibração
17/03/2026,10:49:54,80,IFPB-VISITANTE,84:F1:47:54:8B:A2,-90,11,Lab. de aferição e calibração
17/03/2026,10:49:54,80,IFPB,84:F1:47:54:8B:A0,-91,11,Lab. de aferição e calibração
17/03/2026,10:50:36,81,IFPB-VISITANTE,84:F1:47:54:96:E2,-64,1,Lab. de medições em telecomunicações
17/03/2026,10:50:36,81,IFPB,84:F1:47:54:96:E0,-65,1,Lab. de medições em telecomunicações
17/03/2026,10:50:36,81,IFPB,84:F1:47:54:6B:80,-75,1,Lab. de medições em telecomunicações
17/03/2026,10:50:36,81,IFPB-VISITANTE,84:F1:47:54:6B:82,-75,1,Lab. de medições em telecomunicações
17/03/2026,10:50:36,81,IFPB,E4:4E:2D:85:4C:60,-75,11,Lab. de medições em telecomunicações
17/03/2026,10:50:36,81,IFPB-VISITANTE,E4:4E:2D:85:4C:62,-75,11,Lab. de medições em telecomunicações
17/03/2026,10:50:37,81,IFPB-VISITANTE,24:36:DA:2B:BC:02,-80,6,Lab. de medições em telecomunicações
17/03/2026,10:50:37,81,IFPB,24:36:DA:2B:BC:00,-81,6,Lab. de medições em telecomunicações
17/03/2026,10:50:46,82,IFPB,84:F1:47:54:96:E0,-66,1,Lab. de medições em telecomunicações
17/03/2026,10:50:46,82,IFPB-VISITANTE,84:F1:47:54:96:E2,-66,1,Lab. de medições em telecomunicações
17/03/2026,10:50:46,82,IFPB,84:F1:47:54:6B:80,-75,1,Lab. de medições em telecomunicações
17/03/2026,10:50:47,82,IFPB-VISITANTE,84:F1:47:54:6B:82,-75,1,Lab. de medições em telecomunicações
17/03/2026,10:50:47,82,IFPB,24:36:DA:2B:BC:00,-78,6,Lab. de medições em telecomunicações
17/03/2026,10:50:47,82,IFPB-VISITANTE,24:36:DA:2B:BC:02,-78,6,Lab. de medições em telecomunicações
17/03/2026,10:50:47,82,IFPB,E4:4E:2D:85:4C:60,-78,11,Lab. de medições em telecomunicações
17/03/2026,10:50:47,82,IFPB-VISITANTE,E4:4E:2D:85:4C:62,-78,11,Lab. de medições em telecomunicações
17/03/2026,10:50:57,83,IFPB,84:F1:47:54:96:E0,-72,1,Lab. de medições em telecomunicações
17/03/2026,10:50:57,83,IFPB-VISITANTE,84:F1:47:54:96:E2,-72,1,Lab. de medições em telecomunicações
17/03/2026,10:50:57,83,IFPB-VISITANTE,E4:4E:2D:85:4C:62,-77,11,Lab. de medições em telecomunicações
17/03/2026,10:50:57,83,IFPB-VISITANTE,24:36:DA:2B:BC:02,-78,6,Lab. de medições em telecomunicações
17/03/2026,10:50:57,83,IFPB,24:36:DA:2B:BC:00,-78,6,Lab. de medições em telecomunicações
17/03/2026,10:50:57,83,IFPB,E4:4E:2D:85:4C:60,-78,11,Lab. de medições em telecomunicações
17/03/2026,10:50:57,83,IFPB-VISITANTE,84:F1:47:54:6B:82,-79,1,Lab. de medições em telecomunicações
17/03/2026,10:50:57,83,IFPB,84:F1:47:54:6B:80,-80,1,Lab. de medições em telecomunicações
17/03/2026,10:51:07,84,IFPB,84:F1:47:54:96:E0,-71,1,Lab. de medições em telecomunicações
17/03/2026,10:51:07,84,IFPB-VISITANTE,84:F1:47:54:96:E2,-71,1,Lab. de medições em telecomunicações
17/03/2026,10:51:07,84,IFPB,84:F1:47:54:6B:80,-77,1,Lab. de medições em telecomunicações
17/03/2026,10:51:07,84,IFPB-VISITANTE,84:F1:47:54:6B:82,-77,1,Lab. de medições em telecomunicações
17/03/2026,10:51:07,84,IFPB,E4:4E:2D:85:4C:60,-77,11,Lab. de medições em telecomunicações
17/03/2026,10:51:07,84,IFPB-VISITANTE,E4:4E:2D:85:4C:62,-77,11,Lab. de medições em telecomunicações
17/03/2026,10:51:07,84,IFPB,24:36:DA:2B:BC:00,-81,6,Lab. de medições em telecomunicações
17/03/2026,10:51:07,84,IFPB-VISITANTE,24:36:DA:2B:BC:02,-81,6,Lab. de medições em telecomunicações
17/03/2026,10:51:07,84,IFPB-VISITANTE,24:36:DA:2B:5E:C2,-89,1,Lab. de medições em telecomunicações
17/03/2026,10:51:17,85,IFPB,84:F1:47:54:96:E0,-66,1,Lab. de medições em telecomunicações
17/03/2026,10:51:17,85,IFPB-VISITANTE,84:F1:47:54:96:E2,-66,1,Lab. de medições em telecomunicações
17/03/2026,10:51:17,85,IFPB,84:F1:47:54:6B:80,-77,1,Lab. de medições em telecomunicações
17/03/2026,10:51:17,85,IFPB-VISITANTE,84:F1:47:54:6B:82,-77,1,Lab. de medições em telecomunicações
17/03/2026,10:51:17,85,IFPB,24:36:DA:2B:BC:00,-80,6,Lab. de medições em telecomunicações
17/03/2026,10:51:17,85,IFPB-VISITANTE,24:36:DA:2B:BC:02,-80,6,Lab. de medições em telecomunicações
17/03/2026,10:51:17,85,IFPB,E4:4E:2D:85:4C:60,-81,11,Lab. de medições em telecomunicações
17/03/2026,10:51:17,85,IFPB-VISITANTE,E4:4E:2D:85:4C:62,-82,11,Lab. de medições em telecomunicações
17/03/2026,10:51:27,86,IFPB,84:F1:47:54:96:E0,-62,1,Lab. de medições em telecomunicações
17/03/2026,10:51:27,86,IFPB-VISITANTE,84:F1:47:54:96:E2,-62,1,Lab. de medições em telecomunicações
17/03/2026,10:51:27,86,IFPB,84:F1:47:54:6B:80,-77,1,Lab. de medições em telecomunicações
17/03/2026,10:51:27,86,IFPB-VISITANTE,84:F1:47:54:6B:82,-77,1,Lab. de medições em telecomunicações
17/03/2026,10:51:27,86,IFPB,24:36:DA:2B:BC:00,-79,6,Lab. de medições em telecomunicações
17/03/2026,10:51:27,86,IFPB-VISITANTE,24:36:DA:2B:BC:02,-79,6,Lab. de medições em telecomunicações
17/03/2026,10:51:27,86,IFPB,E4:4E:2D:85:4C:60,-80,11,Lab. de medições em telecomunicações
17/03/2026,10:51:27,86,IFPB-VISITANTE,E4:4E:2D:85:4C:62,-80,11,Lab. de medições em telecomunicações
17/03/2026,10:51:37,87,IFPB,84:F1:47:54:96:E0,-66,1,Lab. de medições em telecomunicações
17/03/2026,10:51:37,87,IFPB-VISITANTE,84:F1:47:54:96:E2,-66,1,Lab. de medições em telecomunicações
17/03/2026,10:51:37,87,IFPB,24:36:DA:2B:BC:00,-74,6,Lab. de medições em telecomunicações
17/03/2026,10:51:37,87,IFPB-VISITANTE,24:36:DA:2B:BC:02,-74,6,Lab. de medições em telecomunicações
17/03/2026,10:51:37,87,IFPB,E4:4E:2D:85:4C:60,-76,11,Lab. de medições em telecomunicações
17/03/2026,10:51:37,87,IFPB-VISITANTE,E4:4E:2D:85:4C:62,-76,11,Lab. de medições em telecomunicações
17/03/2026,10:51:37,87,IFPB-VISITANTE,84:F1:47:54:6B:82,-80,1,Lab. de medições em telecomunicações
17/03/2026,10:51:37,87,IFPB,84:F1:47:54:6B:80,-81,1,Lab. de medições em telecomunicações
17/03/2026,10:51:47,88,IFPB,84:F1:47:54:96:E0,-65,1,Lab. de medições em telecomunicações
17/03/2026,10:51:47,88,IFPB-VISITANTE,84:F1:47:54:96:E2,-65,1,Lab. de medições em telecomunicações
17/03/2026,10:51:47,88,IFPB-VISITANTE,E4:4E:2D:85:4C:62,-78,11,Lab. de medições em telecomunicações
17/03/2026,10:51:47,88,IFPB,E4:4E:2D:85:4C:60,-79,11,Lab. de medições em telecomunicações
17/03/2026,10:51:47,88,IFPB,84:F1:47:54:6B:80,-81,1,Lab. de medições em telecomunicações
17/03/2026,10:51:47,88,IFPB-VISITANTE,84:F1:47:54:6B:82,-81,1,Lab. de medições em telecomunicações
17/03/2026,10:51:47,88,IFPB,24:36:DA:2B:BC:00,-83,6,Lab. de medições em telecomunicações
17/03/2026,10:51:47,88,IFPB-VISITANTE,24:36:DA:2B:BC:02,-83,6,Lab. de medições em telecomunicações
17/03/2026,10:51:57,89,IFPB,84:F1:47:54:96:E0,-68,1,Lab. de medições em telecomunicações
17/03/2026,10:51:57,89,IFPB-VISITANTE,84:F1:47:54:96:E2,-68,1,Lab. de medições em telecomunicações
17/03/2026,10:51:57,89,IFPB,E4:4E:2D:85:4C:60,-73,11,Lab. de medições em telecomunicações
17/03/2026,10:51:57,89,IFPB-VISITANTE,E4:4E:2D:85:4C:62,-74,11,Lab. de medições em telecomunicações
17/03/2026,10:51:57,89,IFPB-VISITANTE,84:F1:47:54:6B:82,-79,1,Lab. de medições em telecomunicações
17/03/2026,10:51:57,89,IFPB,84:F1:47:54:6B:80,-81,1,Lab. de medições em telecomunicações
17/03/2026,10:51:57,89,IFPB,24:36:DA:2B:BC:00,-83,6,Lab. de medições em telecomunicações
17/03/2026,10:51:57,89,IFPB-VISITANTE,24:36:DA:2B:BC:02,-84,6,Lab. de medições em telecomunicações
17/03/2026,10:51:57,89,IFPB,84:F1:47:54:7F:60,-87,6,Lab. de medições em telecomunicações
17/03/2026,10:51:57,89,IFPB-VISITANTE,84:F1:47:54:7F:62,-89,6,Lab. de medições em telecomunicações
17/03/2026,10:52:07,90,IFPB,84:F1:47:54:96:E0,-69,1,Lab. de medições em telecomunicações
17/03/2026,10:52:07,90,IFPB-VISITANTE,84:F1:47:54:96:E2,-69,1,Lab. de medições em telecomunicações
17/03/2026,10:52:07,90,IFPB,84:F1:47:54:6B:80,-77,1,Lab. de medições em telecomunicações
17/03/2026,10:52:07,90,IFPB-VISITANTE,84:F1:47:54:6B:82,-78,1,Lab. de medições em telecomunicações
17/03/2026,10:52:07,90,IFPB,E4:4E:2D:85:4C:60,-79,11,Lab. de medições em telecomunicações
17/03/2026,10:52:07,90,IFPB-VISITANTE,E4:4E:2D:85:4C:62,-79,11,Lab. de medições em telecomunicações
17/03/2026,10:52:07,90,IFPB-VISITANTE,24:36:DA:2B:BC:02,-88,6,Lab. de medições em telecomunicações
17/03/2026,10:52:07,90,IFPB,24:36:DA:2B:BC:00,-89,6,Lab. de medições em telecomunicações
17/03/2026,10:53:01,91,IFPB-VISITANTE,E4:4E:2D:85:4C:62,-78,11,Coordenação de pós em Eng. Elétrica
17/03/2026,10:53:01,91,IFPB,E4:4E:2D:85:4C:60,-79,11,Coordenação de pós em Eng. Elétrica
17/03/2026,10:53:01,91,IFPB,24:36:DA:2B:BC:00,-83,6,Coordenação de pós em Eng. Elétrica
17/03/2026,10:53:01,91,IFPB-VISITANTE,24:36:DA:2B:BC:02,-83,6,Coordenação de pós em Eng. Elétrica
17/03/2026,10:53:11,92,IFPB,E4:4E:2D:85:4C:60,-81,11,Coordenação de pós em Eng. Elétrica
17/03/2026,10:53:11,92,IFPB-VISITANTE,E4:4E:2D:85:4C:62,-81,11,Coordenação de pós em Eng. Elétrica
17/03/2026,10:53:11,92,IFPB,24:36:DA:2B:BC:00,-85,6,Coordenação de pós em Eng. Elétrica
17/03/2026,10:53:11,92,IFPB-VISITANTE,24:36:DA:2B:BC:02,-86,6,Coordenação de pós em Eng. Elétrica
17/03/2026,10:53:11,92,IFPB,84:F1:47:54:EB:20,-86,6,Coordenação de pós em Eng. Elétrica
17/03/2026,10:53:11,92,IFPB-VISITANTE,84:F1:47:54:EB:22,-87,6,Coordenação de pós em Eng. Elétrica
17/03/2026,10:53:21,93,IFPB,E4:4E:2D:85:4C:60,-74,11,Coordenação de pós em Eng. Elétrica
17/03/2026,10:53:21,93,IFPB-VISITANTE,E4:4E:2D:85:4C:62,-74,11,Coordenação de pós em Eng. Elétrica
17/03/2026,10:53:21,93,IFPB,84:F1:47:54:EB:20,-84,6,Coordenação de pós em Eng. Elétrica
17/03/2026,10:53:21,93,IFPB-VISITANTE,84:F1:47:54:EB:22,-85,6,Coordenação de pós em Eng. Elétrica
17/03/2026,10:53:21,93,IFPB-VISITANTE,24:36:DA:2B:BC:02,-87,6,Coordenação de pós em Eng. Elétrica
17/03/2026,10:53:21,93,IFPB,24:36:DA:2B:BC:00,-88,6,Coordenação de pós em Eng. Elétrica
17/03/2026,10:53:31,94,IFPB-VISITANTE,E4:4E:2D:85:4C:62,-80,11,Coordenação de pós em Eng. Elétrica
17/03/2026,10:53:31,94,IFPB,E4:4E:2D:85:4C:60,-81,11,Coordenação de pós em Eng. Elétrica
17/03/2026,10:53:31,94,IFPB-VISITANTE,24:36:DA:2B:BC:02,-85,6,Coordenação de pós em Eng. Elétrica
17/03/2026,10:53:31,94,IFPB,24:36:DA:2B:BC:00,-86,6,Coordenação de pós em Eng. Elétrica
17/03/2026,10:53:31,94,IFPB-VISITANTE,24:36:DA:9F:FB:82,-90,11,Coordenação de pós em Eng. Elétrica
17/03/2026,10:53:31,94,IFPB,24:36:DA:9F:FB:80,-91,11,Coordenação de pós em Eng. Elétrica
17/03/2026,10:53:41,95,IFPB,E4:4E:2D:85:4C:60,-80,11,Coordenação de pós em Eng. Elétrica
17/03/2026,10:53:41,95,IFPB-VISITANTE,E4:4E:2D:85:4C:62,-80,11,Coordenação de pós em Eng. Elétrica
17/03/2026,10:53:51,96,IFPB,E4:4E:2D:85:4C:60,-76,11,Coordenação de pós em Eng. Elétrica
17/03/2026,10:53:51,96,IFPB-VISITANTE,E4:4E:2D:85:4C:62,-76,11,Coordenação de pós em Eng. Elétrica
17/03/2026,10:53:51,96,IFPB,24:36:DA:2B:BC:00,-85,6,Coordenação de pós em Eng. Elétrica
17/03/2026,10:53:51,96,IFPB-VISITANTE,24:36:DA:2B:BC:02,-85,6,Coordenação de pós em Eng. Elétrica
17/03/2026,10:53:51,96,IFPB-VISITANTE,24:36:DA:9F:FB:82,-88,11,Coordenação de pós em Eng. Elétrica
17/03/2026,10:53:51,96,IFPB,24:36:DA:9F:FB:80,-92,11,Coordenação de pós em Eng. Elétrica
17/03/2026,10:54:01,97,IFPB,E4:4E:2D:85:4C:60,-74,11,Coordenação de pós em Eng. Elétrica
17/03/2026,10:54:01,97,IFPB-VISITANTE,E4:4E:2D:85:4C:62,-74,11,Coordenação de pós em Eng. Elétrica
17/03/2026,10:54:01,97,IFPB,24:36:DA:2B:BC:00,-87,6,Coordenação de pós em Eng. Elétrica
17/03/2026,10:54:01,97,IFPB-VISITANTE,24:36:DA:2B:BC:02,-87,6,Coordenação de pós em Eng. Elétrica
17/03/2026,10:54:11,98,IFPB,E4:4E:2D:85:4C:60,-79,11,Coordenação de pós em Eng. Elétrica
17/03/2026,10:54:11,98,IFPB-VISITANTE,E4:4E:2D:85:4C:62,-79,11,Coordenação de pós em Eng. Elétrica
17/03/2026,10:54:11,98,IFPB,24:36:DA:2B:BC:00,-86,6,Coordenação de pós em Eng. Elétrica
17/03/2026,10:54:11,98,IFPB-VISITANTE,24:36:DA:2B:BC:02,-86,6,Coordenação de pós em Eng. Elétrica
17/03/2026,10:54:21,99,IFPB-VISITANTE,E4:4E:2D:85:4C:62,-85,11,Coordenação de pós em Eng. Elétrica
17/03/2026,10:54:21,99,IFPB,E4:4E:2D:85:4C:60,-86,11,Coordenação de pós em Eng. Elétrica
17/03/2026,10:54:21,99,IFPB-VISITANTE,24:36:DA:2B:BC:02,-89,6,Coordenação de pós em Eng. Elétrica
17/03/2026,10:54:21,99,IFPB,24:36:DA:2B:BC:00,-89,6,Coordenação de pós em Eng. Elétrica
17/03/2026,10:54:31,100,IFPB,E4:4E:2D:85:4C:60,-77,11,Coordenação de pós em Eng. Elétrica
17/03/2026,10:54:31,100,IFPB-VISITANTE,E4:4E:2D:85:4C:62,-77,11,Coordenação de pós em Eng. Elétrica
17/03/2026,10:54:31,100,IFPB-VISITANTE,24:36:DA:2B:BC:02,-84,6,Coordenação de pós em Eng. Elétrica
17/03/2026,10:54:31,100,IFPB,24:36:DA:2B:BC:00,-85,6,Coordenação de pós em Eng. Elétrica
17/03/2026,10:55:16,101,IFPB,E4:4E:2D:85:4C:60,-59,11,Lab. de redes convergentes
17/03/2026,10:55:16,101,IFPB-VISITANTE,E4:4E:2D:85:4C:62,-59,11,Lab. de redes convergentes
17/03/2026,10:55:17,101,IFPB,84:F1:47:54:96:E0,-80,1,Lab. de redes convergentes
17/03/2026,10:55:17,101,IFPB-VISITANTE,84:F1:47:54:96:E2,-80,1,Lab. de redes convergentes
17/03/2026,10:55:17,101,IFPB,24:36:DA:2B:BC:00,-85,6,Lab. de redes convergentes
17/03/2026,10:55:17,101,IFPB-VISITANTE,24:36:DA:2B:BC:02,-85,6,Lab. de redes convergentes
17/03/2026,10:55:17,101,IFPB-VISITANTE,84:F1:47:54:6B:82,-87,1,Lab. de redes convergentes
17/03/2026,10:55:17,101,IFPB,84:F1:47:54:6B:80,-88,1,Lab. de redes convergentes
17/03/2026,10:55:27,102,IFPB,E4:4E:2D:85:4C:60,-61,11,Lab. de redes convergentes
17/03/2026,10:55:27,102,IFPB-VISITANTE,E4:4E:2D:85:4C:62,-61,11,Lab. de redes convergentes
17/03/2026,10:55:27,102,IFPB,84:F1:47:54:96:E0,-81,1,Lab. de redes convergentes
17/03/2026,10:55:27,102,IFPB-VISITANTE,84:F1:47:54:96:E2,-81,1,Lab. de redes convergentes
17/03/2026,10:55:27,102,IFPB-VISITANTE,24:36:DA:2B:BC:02,-84,6,Lab. de redes convergentes
17/03/2026,10:55:27,102,IFPB,24:36:DA:2B:BC:00,-85,6,Lab. de redes convergentes
17/03/2026,10:55:27,102,IFPB,84:F1:47:54:6B:80,-88,1,Lab. de redes convergentes
17/03/2026,10:55:27,102,IFPB-VISITANTE,84:F1:47:54:6B:82,-89,1,Lab. de redes convergentes
17/03/2026,10:55:37,103,IFPB,E4:4E:2D:85:4C:60,-61,11,Lab. de redes convergentes
17/03/2026,10:55:37,103,IFPB-VISITANTE,E4:4E:2D:85:4C:62,-61,11,Lab. de redes convergentes
17/03/2026,10:55:37,103,IFPB,24:36:DA:2B:BC:00,-82,6,Lab. de redes convergentes
17/03/2026,10:55:37,103,IFPB-VISITANTE,24:36:DA:2B:BC:02,-83,6,Lab. de redes convergentes
17/03/2026,10:55:37,103,IFPB,84:F1:47:54:96:E0,-85,1,Lab. de redes convergentes
17/03/2026,10:55:37,103,IFPB-VISITANTE,84:F1:47:54:96:E2,-85,1,Lab. de redes convergentes
17/03/2026,10:55:37,103,IFPB-VISITANTE,84:F1:47:54:6B:82,-87,1,Lab. de redes convergentes
17/03/2026,10:55:37,103,IFPB,84:F1:47:54:6B:80,-89,1,Lab. de redes convergentes
17/03/2026,10:55:47,104,IFPB-VISITANTE,E4:4E:2D:85:4C:62,-63,11,Lab. de redes convergentes
17/03/2026,10:55:47,104,IFPB,E4:4E:2D:85:4C:60,-64,11,Lab. de redes convergentes
17/03/2026,10:55:47,104,IFPB,24:36:DA:2B:BC:00,-83,6,Lab. de redes convergentes
17/03/2026,10:55:47,104,IFPB-VISITANTE,24:36:DA:2B:BC:02,-83,6,Lab. de redes convergentes
17/03/2026,10:55:47,104,IFPB,84:F1:47:54:96:E0,-84,1,Lab. de redes convergentes
17/03/2026,10:55:47,104,IFPB-VISITANTE,84:F1:47:54:96:E2,-85,1,Lab. de redes convergentes
17/03/2026,10:55:47,104,IFPB-VISITANTE,84:F1:47:54:EB:22,-87,6,Lab. de redes convergentes
17/03/2026,10:55:47,104,IFPB,84:F1:47:54:EB:20,-88,6,Lab. de redes convergentes
17/03/2026,10:55:57,105,IFPB,E4:4E:2D:85:4C:60,-56,11,Lab. de redes convergentes
17/03/2026,10:55:57,105,IFPB-VISITANTE,E4:4E:2D:85:4C:62,-57,11,Lab. de redes convergentes
17/03/2026,10:55:57,105,IFPB,84:F1:47:54:96:E0,-85,1,Lab. de redes convergentes
17/03/2026,10:55:57,105,IFPB-VISITANTE,84:F1:47:54:96:E2,-85,1,Lab. de redes convergentes
17/03/2026,10:55:57,105,IFPB-VISITANTE,24:36:DA:2B:BC:02,-85,6,Lab. de redes convergentes
17/03/2026,10:55:57,105,IFPB,24:36:DA:2B:BC:00,-85,6,Lab. de redes convergentes
17/03/2026,10:55:57,105,IFPB,84:F1:47:54:6B:80,-86,1,Lab. de redes convergentes
17/03/2026,10:55:57,105,IFPB-VISITANTE,84:F1:47:54:6B:82,-87,1,Lab. de redes convergentes
17/03/2026,10:56:07,106,IFPB-VISITANTE,E4:4E:2D:85:4C:62,-56,11,Lab. de redes convergentes
17/03/2026,10:56:07,106,IFPB,E4:4E:2D:85:4C:60,-58,11,Lab. de redes convergentes
17/03/2026,10:56:07,106,IFPB,84:F1:47:54:96:E0,-79,1,Lab. de redes convergentes
17/03/2026,10:56:07,106,IFPB-VISITANTE,84:F1:47:54:96:E2,-79,1,Lab. de redes convergentes
17/03/2026,10:56:07,106,IFPB,24:36:DA:2B:BC:00,-85,6,Lab. de redes convergentes
17/03/2026,10:56:07,106,IFPB-VISITANTE,84:F1:47:54:6B:82,-87,1,Lab. de redes convergentes
17/03/2026,10:56:07,106,IFPB-VISITANTE,24:36:DA:2B:BC:02,-87,6,Lab. de redes convergentes
17/03/2026,10:56:07,106,IFPB,84:F1:47:54:6B:80,-88,1,Lab. de redes convergentes
17/03/2026,10:56:17,107,IFPB,E4:4E:2D:85:4C:60,-59,11,Lab. de redes convergentes
17/03/2026,10:56:17,107,IFPB-VISITANTE,E4:4E:2D:85:4C:62,-59,11,Lab. de redes convergentes
17/03/2026,10:56:17,107,IFPB-VISITANTE,84:F1:47:54:6B:82,-84,1,Lab. de redes convergentes
17/03/2026,10:56:17,107,IFPB,84:F1:47:54:96:E0,-84,1,Lab. de redes convergentes
17/03/2026,10:56:17,107,IFPB-VISITANTE,84:F1:47:54:96:E2,-84,1,Lab. de redes convergentes
17/03/2026,10:56:17,107,IFPB,84:F1:47:54:EB:20,-86,6,Lab. de redes convergentes
17/03/2026,10:56:17,107,IFPB,84:F1:47:54:6B:80,-87,1,Lab. de redes convergentes
17/03/2026,10:56:17,107,IFPB-VISITANTE,24:36:DA:2B:BC:02,-87,6,Lab. de redes convergentes
17/03/2026,10:56:17,107,IFPB,24:36:DA:2B:BC:00,-88,6,Lab. de redes convergentes
17/03/2026,10:56:17,107,IFPB-VISITANTE,84:F1:47:54:EB:22,-88,6,Lab. de redes convergentes
17/03/2026,10:56:27,108,IFPB,E4:4E:2D:85:4C:60,-64,11,Lab. de redes convergentes
17/03/2026,10:56:27,108,IFPB-VISITANTE,E4:4E:2D:85:4C:62,-64,11,Lab. de redes convergentes
17/03/2026,10:56:27,108,IFPB-VISITANTE,24:36:DA:2B:BC:02,-82,6,Lab. de redes convergentes
17/03/2026,10:56:27,108,IFPB-VISITANTE,84:F1:47:54:96:E2,-83,1,Lab. de redes convergentes
17/03/2026,10:56:27,108,IFPB,24:36:DA:2B:BC:00,-83,6,Lab. de redes convergentes
17/03/2026,10:56:27,108,IFPB,84:F1:47:54:96:E0,-84,1,Lab. de redes convergentes
17/03/2026,10:56:27,108,IFPB-VISITANTE,84:F1:47:54:6B:82,-85,1,Lab. de redes convergentes
17/03/2026,10:56:27,108,IFPB,84:F1:47:54:6B:80,-86,1,Lab. de redes convergentes
17/03/2026,10:56:28,108,IFPB,84:F1:47:54:EB:20,-86,6,Lab. de redes convergentes
17/03/2026,10:56:28,108,IFPB-VISITANTE,84:F1:47:54:EB:22,-87,6,Lab. de redes convergentes
17/03/2026,10:56:37,109,IFPB,E4:4E:2D:85:4C:60,-57,11,Lab. de redes convergentes
17/03/2026,10:56:37,109,IFPB-VISITANTE,E4:4E:2D:85:4C:62,-57,11,Lab. de redes convergentes
17/03/2026,10:56:38,109,IFPB,84:F1:47:54:6B:80,-85,1,Lab. de redes convergentes
17/03/2026,10:56:38,109,IFPB-VISITANTE,84:F1:47:54:6B:82,-86,1,Lab. de redes convergentes
17/03/2026,10:56:38,109,IFPB,84:F1:47:54:96:E0,-86,1,Lab. de redes convergentes
17/03/2026,10:56:38,109,IFPB-VISITANTE,84:F1:47:54:96:E2,-86,1,Lab. de redes convergentes
17/03/2026,10:56:38,109,IFPB,24:36:DA:2B:BC:00,-87,6,Lab. de redes convergentes
17/03/2026,10:56:38,109,IFPB-VISITANTE,24:36:DA:2B:BC:02,-88,6,Lab. de redes convergentes
17/03/2026,10:56:38,109,IFPB,84:F1:47:54:EB:20,-89,6,Lab. de redes convergentes
17/03/2026,10:56:38,109,IFPB-VISITANTE,84:F1:47:54:EB:22,-90,6,Lab. de redes convergentes
17/03/2026,10:56:48,110,IFPB,E4:4E:2D:85:4C:60,-59,11,Lab. de redes convergentes
17/03/2026,10:56:48,110,IFPB-VISITANTE,E4:4E:2D:85:4C:62,-59,11,Lab. de redes convergentes
17/03/2026,10:56:48,110,IFPB,84:F1:47:54:96:E0,-79,1,Lab. de redes convergentes
17/03/2026,10:56:48,110,IFPB-VISITANTE,84:F1:47:54:96:E2,-79,1,Lab. de redes convergentes
17/03/2026,10:56:48,110,IFPB,84:F1:47:54:6B:80,-84,1,Lab. de redes convergentes
17/03/2026,10:56:48,110,IFPB-VISITANTE,84:F1:47:54:6B:82,-84,1,Lab. de redes convergentes
17/03/2026,10:56:48,110,IFPB,84:F1:47:54:EB:20,-86,6,Lab. de redes convergentes
17/03/2026,10:56:48,110,IFPB-VISITANTE,84:F1:47:54:EB:22,-87,6,Lab. de redes convergentes
17/03/2026,10:56:48,110,IFPB,24:36:DA:2B:BC:00,-87,6,Lab. de redes convergentes
17/03/2026,10:57:44,111,IFPB,E4:4E:2D:85:4C:60,-60,11,Lab. de fibras ópticas
17/03/2026,10:57:44,111,IFPB-VISITANTE,E4:4E:2D:85:4C:62,-60,11,Lab. de fibras ópticas
17/03/2026,10:57:44,111,IFPB,84:F1:47:54:96:E0,-78,1,Lab. de fibras ópticas
17/03/2026,10:57:44,111,IFPB-VISITANTE,84:F1:47:54:96:E2,-78,1,Lab. de fibras ópticas
17/03/2026,10:57:44,111,IFPB-VISITANTE,84:F1:47:54:6B:82,-86,1,Lab. de fibras ópticas
17/03/2026,10:57:44,111,IFPB-VISITANTE,24:36:DA:2B:BC:02,-86,6,Lab. de fibras ópticas
17/03/2026,10:57:44,111,IFPB,84:F1:47:54:6B:80,-87,1,Lab. de fibras ópticas
17/03/2026,10:57:44,111,IFPB,84:F1:47:54:EB:20,-87,6,Lab. de fibras ópticas
17/03/2026,10:57:44,111,IFPB,24:36:DA:2B:BC:00,-87,6,Lab. de fibras ópticas
17/03/2026,10:57:44,111,IFPB-VISITANTE,84:F1:47:54:EB:22,-88,6,Lab. de fibras ópticas
17/03/2026,10:57:54,112,IFPB,E4:4E:2D:85:4C:60,-61,11,Lab. de fibras ópticas
17/03/2026,10:57:54,112,IFPB-VISITANTE,E4:4E:2D:85:4C:62,-61,11,Lab. de fibras ópticas
17/03/2026,10:57:54,112,IFPB-VISITANTE,84:F1:47:54:96:E2,-77,1,Lab. de fibras ópticas
17/03/2026,10:57:54,112,IFPB,84:F1:47:54:96:E0,-78,1,Lab. de fibras ópticas
17/03/2026,10:57:54,112,IFPB,84:F1:47:54:EB:20,-83,6,Lab. de fibras ópticas
17/03/2026,10:57:54,112,IFPB-VISITANTE,84:F1:47:54:EB:22,-84,6,Lab. de fibras ópticas
17/03/2026,10:57:54,112,IFPB,84:F1:47:54:6B:80,-86,1,Lab. de fibras ópticas
17/03/2026,10:57:54,112,IFPB-VISITANTE,84:F1:47:54:6B:82,-87,1,Lab. de fibras ópticas
17/03/2026,10:58:04,113,IFPB,E4:4E:2D:85:4C:60,-61,11,Lab. de fibras ópticas
17/03/2026,10:58:04,113,IFPB-VISITANTE,E4:4E:2D:85:4C:62,-61,11,Lab. de fibras ópticas
17/03/2026,10:58:04,113,IFPB,84:F1:47:54:96:E0,-71,1,Lab. de fibras ópticas
17/03/2026,10:58:04,113,IFPB-VISITANTE,84:F1:47:54:96:E2,-71,1,Lab. de fibras ópticas
17/03/2026,10:58:05,113,IFPB-VISITANTE,84:F1:47:54:6B:82,-85,1,Lab. de fibras ópticas
17/03/2026,10:58:05,113,IFPB,84:F1:47:54:EB:20,-85,6,Lab. de fibras ópticas
17/03/2026,10:58:05,113,IFPB-VISITANTE,84:F1:47:54:EB:22,-85,6,Lab. de fibras ópticas
17/03/2026,10:58:05,113,IFPB,84:F1:47:54:6B:80,-86,1,Lab. de fibras ópticas
17/03/2026,10:58:05,113,IFPB,84:F1:47:54:8B:A0,-88,11,Lab. de fibras ópticas
17/03/2026,10:58:05,113,IFPB-VISITANTE,84:F1:47:54:8B:A2,-89,11,Lab. de fibras ópticas
17/03/2026,10:58:14,114,IFPB,E4:4E:2D:85:4C:60,-64,11,Lab. de fibras ópticas
17/03/2026,10:58:14,114,IFPB-VISITANTE,E4:4E:2D:85:4C:62,-64,11,Lab. de fibras ópticas
17/03/2026,10:58:15,114,IFPB,84:F1:47:54:96:E0,-74,1,Lab. de fibras ópticas
17/03/2026,10:58:15,114,IFPB-VISITANTE,84:F1:47:54:96:E2,-74,1,Lab. de fibras ópticas
17/03/2026,10:58:15,114,IFPB-VISITANTE,84:F1:47:54:EB:22,-82,6,Lab. de fibras ópticas
17/03/2026,10:58:15,114,IFPB-VISITANTE,84:F1:47:54:6B:82,-83,1,Lab. de fibras ópticas
17/03/2026,10:58:15,114,IFPB,84:F1:47:54:EB:20,-83,6,Lab. de fibras ópticas
17/03/2026,10:58:15,114,IFPB,84:F1:47:54:6B:80,-85,1,Lab. de fibras ópticas
17/03/2026,10:58:15,114,IFPB,24:36:DA:2B:BC:00,-86,6,Lab. de fibras ópticas
17/03/2026,10:58:25,115,IFPB,E4:4E:2D:85:4C:60,-59,11,Lab. de fibras ópticas
17/03/2026,10:58:25,115,IFPB-VISITANTE,E4:4E:2D:85:4C:62,-59,11,Lab. de fibras ópticas
17/03/2026,10:58:25,115,IFPB,84:F1:47:54:96:E0,-76,1,Lab. de fibras ópticas
17/03/2026,10:58:25,115,IFPB-VISITANTE,84:F1:47:54:96:E2,-76,1,Lab. de fibras ópticas
17/03/2026,10:58:25,115,IFPB,84:F1:47:54:6B:80,-83,1,Lab. de fibras ópticas
17/03/2026,10:58:25,115,IFPB-VISITANTE,84:F1:47:54:6B:82,-83,1,Lab. de fibras ópticas
17/03/2026,10:58:25,115,IFPB-VISITANTE,24:36:DA:2B:BC:02,-85,6,Lab. de fibras ópticas
17/03/2026,10:58:25,115,IFPB,24:36:DA:2B:BC:00,-86,6,Lab. de fibras ópticas
17/03/2026,10:58:25,115,IFPB,84:F1:47:54:8B:A0,-89,11,Lab. de fibras ópticas
17/03/2026,10:58:25,115,IFPB-VISITANTE,84:F1:47:54:8B:A2,-90,11,Lab. de fibras ópticas
17/03/2026,10:58:35,116,IFPB,E4:4E:2D:85:4C:60,-61,11,Lab. de fibras ópticas
17/03/2026,10:58:35,116,IFPB-VISITANTE,E4:4E:2D:85:4C:62,-61,11,Lab. de fibras ópticas
17/03/2026,10:58:35,116,IFPB-VISITANTE,84:F1:47:54:96:E2,-76,1,Lab. de fibras ópticas
17/03/2026,10:58:35,116,IFPB,84:F1:47:54:96:E0,-77,1,Lab. de fibras ópticas
17/03/2026,10:58:35,116,IFPB,84:F1:47:54:6B:80,-86,1,Lab. de fibras ópticas
17/03/2026,10:58:35,116,IFPB-VISITANTE,84:F1:47:54:6B:82,-86,1,Lab. de fibras ópticas
17/03/2026,10:58:45,117,IFPB,E4:4E:2D:85:4C:60,-64,11,Lab. de fibras ópticas
17/03/2026,10:58:45,117,IFPB-VISITANTE,E4:4E:2D:85:4C:62,-64,11,Lab. de fibras ópticas
17/03/2026,10:58:45,117,IFPB,84:F1:47:54:96:E0,-75,1,Lab. de fibras ópticas
17/03/2026,10:58:45,117,IFPB-VISITANTE,84:F1:47:54:96:E2,-76,1,Lab. de fibras ópticas
17/03/2026,10:58:45,117,IFPB-VISITANTE,24:36:DA:2B:BC:02,-82,6,Lab. de fibras ópticas
17/03/2026,10:58:45,117,IFPB,24:36:DA:2B:BC:00,-84,6,Lab. de fibras ópticas
17/03/2026,10:58:45,117,IFPB,84:F1:47:54:6B:80,-86,1,Lab. de fibras ópticas
17/03/2026,10:58:45,117,IFPB-VISITANTE,84:F1:47:54:6B:82,-86,1,Lab. de fibras ópticas
17/03/2026,10:58:45,117,IFPB,84:F1:47:54:EB:20,-88,6,Lab. de fibras ópticas
17/03/2026,10:58:45,117,IFPB-VISITANTE,84:F1:47:54:EB:22,-88,6,Lab. de fibras ópticas
17/03/2026,10:58:55,118,IFPB-VISITANTE,E4:4E:2D:85:4C:62,-60,11,Lab. de fibras ópticas
17/03/2026,10:58:55,118,IFPB,E4:4E:2D:85:4C:60,-61,11,Lab. de fibras ópticas
17/03/2026,10:58:55,118,IFPB-VISITANTE,84:F1:47:54:96:E2,-75,1,Lab. de fibras ópticas
17/03/2026,10:58:55,118,IFPB,84:F1:47:54:96:E0,-76,1,Lab. de fibras ópticas
17/03/2026,10:58:55,118,IFPB-VISITANTE,84:F1:47:54:EB:22,-83,6,Lab. de fibras ópticas
17/03/2026,10:58:55,118,IFPB,84:F1:47:54:EB:20,-84,6,Lab. de fibras ópticas
17/03/2026,10:58:55,118,IFPB,84:F1:47:54:6B:80,-85,1,Lab. de fibras ópticas
17/03/2026,10:58:55,118,IFPB-VISITANTE,24:36:DA:2B:BC:02,-85,6,Lab. de fibras ópticas
17/03/2026,10:58:55,118,IFPB-VISITANTE,84:F1:47:54:6B:82,-86,1,Lab. de fibras ópticas
17/03/2026,10:58:55,118,IFPB,24:36:DA:2B:BC:00,-86,6,Lab. de fibras ópticas
17/03/2026,10:59:05,119,IFPB,E4:4E:2D:85:4C:60,-63,11,Lab. de fibras ópticas
17/03/2026,10:59:05,119,IFPB-VISITANTE,E4:4E:2D:85:4C:62,-64,11,Lab. de fibras ópticas
17/03/2026,10:59:05,119,IFPB,84:F1:47:54:96:E0,-76,1,Lab. de fibras ópticas
17/03/2026,10:59:05,119,IFPB-VISITANTE,84:F1:47:54:96:E2,-76,1,Lab. de fibras ópticas
17/03/2026,10:59:05,119,IFPB-VISITANTE,84:F1:47:54:6B:82,-83,1,Lab. de fibras ópticas
17/03/2026,10:59:05,119,IFPB,24:36:DA:2B:BC:00,-84,6,Lab. de fibras ópticas
17/03/2026,10:59:05,119,IFPB-VISITANTE,24:36:DA:2B:BC:02,-84,6,Lab. de fibras ópticas
17/03/2026,10:59:05,119,IFPB,84:F1:47:54:6B:80,-85,1,Lab. de fibras ópticas
17/03/2026,10:59:05,119,IFPB,84:F1:47:54:EB:20,-85,6,Lab. de fibras ópticas
17/03/2026,10:59:05,119,IFPB-VISITANTE,84:F1:47:54:EB:22,-86,6,Lab. de fibras ópticas
17/03/2026,10:59:15,120,IFPB,E4:4E:2D:85:4C:60,-64,11,Lab. de fibras ópticas
17/03/2026,10:59:15,120,IFPB-VISITANTE,E4:4E:2D:85:4C:62,-64,11,Lab. de fibras ópticas
17/03/2026,10:59:15,120,IFPB,84:F1:47:54:96:E0,-76,1,Lab. de fibras ópticas
17/03/2026,10:59:15,120,IFPB-VISITANTE,84:F1:47:54:96:E2,-76,1,Lab. de fibras ópticas
17/03/2026,10:59:16,120,IFPB-VISITANTE,24:36:DA:2B:BC:02,-81,6,Lab. de fibras ópticas
17/03/2026,10:59:16,120,IFPB,24:36:DA:2B:BC:00,-82,6,Lab. de fibras ópticas
17/03/2026,10:59:16,120,IFPB,84:F1:47:54:6B:80,-84,1,Lab. de fibras ópticas
17/03/2026,10:59:16,120,IFPB-VISITANTE,84:F1:47:54:6B:82,-84,1,Lab. de fibras ópticas
17/03/2026,10:59:16,120,IFPB,84:F1:47:54:EB:20,-86,6,Lab. de fibras ópticas
17/03/2026,10:59:16,120,IFPB-VISITANTE,84:F1:47:54:EB:22,-86,6,Lab. de fibras ópticas
17/03/2026,11:00:19,121,IFPB,84:F1:47:54:EB:20,-80,6,Pesquisa em Eng. Elétrica
17/03/2026,11:00:19,121,IFPB-VISITANTE,84:F1:47:54:EB:22,-80,6,Pesquisa em Eng. Elétrica
17/03/2026,11:00:19,121,IFPB,84:F1:47:54:96:E0,-86,1,Pesquisa em Eng. Elétrica
17/03/2026,11:00:19,121,IFPB-VISITANTE,84:F1:47:54:96:E2,-87,1,Pesquisa em Eng. Elétrica
17/03/2026,11:00:19,121,IFPB-VISITANTE,84:F1:47:54:8B:A2,-87,11,Pesquisa em Eng. Elétrica
17/03/2026,11:00:19,121,IFPB,84:F1:47:54:6B:80,-88,1,Pesquisa em Eng. Elétrica
17/03/2026,11:00:19,121,IFPB-VISITANTE,84:F1:47:54:6B:82,-88,1,Pesquisa em Eng. Elétrica
17/03/2026,11:00:19,121,IFPB,84:F1:47:54:8B:A0,-88,11,Pesquisa em Eng. Elétrica
17/03/2026,11:00:19,121,IFPB-VISITANTE,E4:4E:2D:85:4C:62,-89,11,Pesquisa em Eng. Elétrica
17/03/2026,11:00:29,122,IFPB-VISITANTE,84:F1:47:54:EB:22,-82,6,Pesquisa em Eng. Elétrica
17/03/2026,11:00:29,122,IFPB,84:F1:47:54:EB:20,-83,6,Pesquisa em Eng. Elétrica
17/03/2026,11:00:29,122,IFPB,84:F1:47:54:96:E0,-84,1,Pesquisa em Eng. Elétrica
17/03/2026,11:00:29,122,IFPB-VISITANTE,84:F1:47:54:96:E2,-84,1,Pesquisa em Eng. Elétrica
17/03/2026,11:00:29,122,IFPB-VISITANTE,E4:4E:2D:85:4C:62,-84,11,Pesquisa em Eng. Elétrica
17/03/2026,11:00:29,122,IFPB,E4:4E:2D:85:4C:60,-84,11,Pesquisa em Eng. Elétrica
17/03/2026,11:00:29,122,IFPB,84:F1:47:54:6B:80,-87,1,Pesquisa em Eng. Elétrica
17/03/2026,11:00:29,122,IFPB,84:F1:47:54:8B:A0,-87,11,Pesquisa em Eng. Elétrica
17/03/2026,11:00:29,122,IFPB-VISITANTE,84:F1:47:54:8B:A2,-87,11,Pesquisa em Eng. Elétrica
17/03/2026,11:00:39,123,IFPB,E4:4E:2D:85:4C:60,-79,11,Pesquisa em Eng. Elétrica
17/03/2026,11:00:39,123,IFPB-VISITANTE,E4:4E:2D:85:4C:62,-79,11,Pesquisa em Eng. Elétrica
17/03/2026,11:00:39,123,IFPB-VISITANTE,84:F1:47:54:EB:22,-84,6,Pesquisa em Eng. Elétrica
17/03/2026,11:00:39,123,IFPB,84:F1:47:54:6B:80,-85,1,Pesquisa em Eng. Elétrica
17/03/2026,11:00:39,123,IFPB,84:F1:47:54:EB:20,-85,6,Pesquisa em Eng. Elétrica
17/03/2026,11:00:39,123,IFPB-VISITANTE,84:F1:47:54:6B:82,-86,1,Pesquisa em Eng. Elétrica
17/03/2026,11:00:39,123,IFPB,84:F1:47:54:96:E0,-87,1,Pesquisa em Eng. Elétrica
17/03/2026,11:00:39,123,IFPB-VISITANTE,84:F1:47:54:96:E2,-87,1,Pesquisa em Eng. Elétrica
17/03/2026,11:00:39,123,IFPB,84:F1:47:54:8B:A0,-87,11,Pesquisa em Eng. Elétrica
17/03/2026,11:00:39,123,IFPB-VISITANTE,84:F1:47:54:8B:A2,-87,11,Pesquisa em Eng. Elétrica
17/03/2026,11:00:39,123,IFPB-VISITANTE,24:36:DA:2B:BC:02,-90,6,Pesquisa em Eng. Elétrica
17/03/2026,11:00:49,124,IFPB,E4:4E:2D:85:4C:60,-78,11,Pesquisa em Eng. Elétrica
17/03/2026,11:00:49,124,IFPB-VISITANTE,E4:4E:2D:85:4C:62,-78,11,Pesquisa em Eng. Elétrica
17/03/2026,11:00:49,124,IFPB,84:F1:47:54:EB:20,-83,6,Pesquisa em Eng. Elétrica
17/03/2026,11:00:49,124,IFPB-VISITANTE,84:F1:47:54:EB:22,-83,6,Pesquisa em Eng. Elétrica
17/03/2026,11:00:49,124,IFPB,84:F1:47:54:96:E0,-86,1,Pesquisa em Eng. Elétrica
17/03/2026,11:00:49,124,IFPB-VISITANTE,84:F1:47:54:96:E2,-87,1,Pesquisa em Eng. Elétrica
17/03/2026,11:00:49,124,IFPB-VISITANTE,84:F1:47:54:8B:A2,-87,11,Pesquisa em Eng. Elétrica
17/03/2026,11:00:49,124,IFPB,84:F1:47:54:8B:A0,-88,11,Pesquisa em Eng. Elétrica
17/03/2026,11:00:59,125,IFPB-VISITANTE,84:F1:47:54:EB:22,-82,6,Pesquisa em Eng. Elétrica
17/03/2026,11:00:59,125,IFPB,84:F1:47:54:EB:20,-83,6,Pesquisa em Eng. Elétrica
17/03/2026,11:00:59,125,IFPB-VISITANTE,84:F1:47:54:96:E2,-84,1,Pesquisa em Eng. Elétrica
17/03/2026,11:00:59,125,IFPB-VISITANTE,E4:4E:2D:85:4C:62,-84,11,Pesquisa em Eng. Elétrica
17/03/2026,11:01:00,125,IFPB,E4:4E:2D:85:4C:60,-84,11,Pesquisa em Eng. Elétrica
17/03/2026,11:01:00,125,IFPB,84:F1:47:54:96:E0,-85,1,Pesquisa em Eng. Elétrica
17/03/2026,11:01:00,125,IFPB,84:F1:47:54:6B:80,-85,1,Pesquisa em Eng. Elétrica
17/03/2026,11:01:00,125,IFPB-VISITANTE,84:F1:47:54:6B:82,-87,1,Pesquisa em Eng. Elétrica
17/03/2026,11:01:09,126,IFPB,E4:4E:2D:85:4C:60,-79,11,Pesquisa em Eng. Elétrica
17/03/2026,11:01:09,126,IFPB-VISITANTE,E4:4E:2D:85:4C:62,-79,11,Pesquisa em Eng. Elétrica
17/03/2026,11:01:09,126,IFPB-VISITANTE,84:F1:47:54:EB:22,-83,6,Pesquisa em Eng. Elétrica
17/03/2026,11:01:10,126,IFPB,84:F1:47:54:EB:20,-83,6,Pesquisa em Eng. Elétrica
17/03/2026,11:01:10,126,IFPB,84:F1:47:54:96:E0,-87,1,Pesquisa em Eng. Elétrica
17/03/2026,11:01:10,126,IFPB-VISITANTE,84:F1:47:54:6B:82,-88,1,Pesquisa em Eng. Elétrica
17/03/2026,11:01:10,126,IFPB-VISITANTE,84:F1:47:54:96:E2,-89,1,Pesquisa em Eng. Elétrica
17/03/2026,11:01:10,126,IFPB,84:F1:47:54:6B:80,-89,1,Pesquisa em Eng. Elétrica
17/03/2026,11:01:10,126,IFPB,24:36:DA:2B:BC:00,-89,6,Pesquisa em Eng. Elétrica
17/03/2026,11:01:10,126,IFPB-VISITANTE,24:36:DA:2B:BC:02,-89,6,Pesquisa em Eng. Elétrica
17/03/2026,11:01:10,126,IFPB-VISITANTE,84:F1:47:54:8B:A2,-89,11,Pesquisa em Eng. Elétrica
17/03/2026,11:01:10,126,IFPB,84:F1:47:54:8B:A0,-90,11,Pesquisa em Eng. Elétrica
17/03/2026,11:01:20,127,IFPB,E4:4E:2D:85:4C:60,-81,11,Pesquisa em Eng. Elétrica
17/03/2026,11:01:20,127,IFPB-VISITANTE,E4:4E:2D:85:4C:62,-81,11,Pesquisa em Eng. Elétrica
17/03/2026,11:01:20,127,IFPB,84:F1:47:54:EB:20,-83,6,Pesquisa em Eng. Elétrica
17/03/2026,11:01:20,127,IFPB-VISITANTE,84:F1:47:54:EB:22,-84,6,Pesquisa em Eng. Elétrica
17/03/2026,11:01:20,127,IFPB-VISITANTE,84:F1:47:54:6B:82,-85,1,Pesquisa em Eng. Elétrica
17/03/2026,11:01:20,127,IFPB,84:F1:47:54:8B:A0,-85,11,Pesquisa em Eng. Elétrica
17/03/2026,11:01:20,127,IFPB-VISITANTE,84:F1:47:54:8B:A2,-85,11,Pesquisa em Eng. Elétrica
17/03/2026,11:01:20,127,IFPB,84:F1:47:54:96:E0,-86,1,Pesquisa em Eng. Elétrica
17/03/2026,11:01:20,127,IFPB,84:F1:47:54:6B:80,-86,1,Pesquisa em Eng. Elétrica
17/03/2026,11:01:20,127,IFPB-VISITANTE,84:F1:47:54:96:E2,-88,1,Pesquisa em Eng. Elétrica
17/03/2026,11:01:20,127,IFPB-VISITANTE,24:36:DA:2B:BC:02,-89,6,Pesquisa em Eng. Elétrica
17/03/2026,11:01:30,128,IFPB-VISITANTE,E4:4E:2D:85:4C:62,-77,11,Pesquisa em Eng. Elétrica
17/03/2026,11:01:30,128,IFPB,E4:4E:2D:85:4C:60,-79,11,Pesquisa em Eng. Elétrica
17/03/2026,11:01:30,128,IFPB,84:F1:47:54:6B:80,-84,1,Pesquisa em Eng. Elétrica
17/03/2026,11:01:30,128,IFPB-VISITANTE,84:F1:47:54:6B:82,-85,1,Pesquisa em Eng. Elétrica
17/03/2026,11:01:30,128,IFPB-VISITANTE,84:F1:47:54:96:E2,-87,1,Pesquisa em Eng. Elétrica
17/03/2026,11:01:30,128,IFPB,84:F1:47:54:EB:20,-87,6,Pesquisa em Eng. Elétrica
17/03/2026,11:01:30,128,IFPB-VISITANTE,84:F1:47:54:EB:22,-87,6,Pesquisa em Eng. Elétrica
17/03/2026,11:01:30,128,IFPB-VISITANTE,84:F1:47:54:8B:A2,-87,11,Pesquisa em Eng. Elétrica
17/03/2026,11:01:30,128,IFPB,84:F1:47:54:96:E0,-88,1,Pesquisa em Eng. Elétrica
17/03/2026,11:01:30,128,IFPB,84:F1:47:54:8B:A0,-88,11,Pesquisa em Eng. Elétrica
17/03/2026,11:01:40,129,IFPB,E4:4E:2D:85:4C:60,-78,11,Pesquisa em Eng. Elétrica
17/03/2026,11:01:40,129,IFPB-VISITANTE,E4:4E:2D:85:4C:62,-79,11,Pesquisa em Eng. Elétrica
17/03/2026,11:01:40,129,IFPB-VISITANTE,84:F1:47:54:96:E2,-83,1,Pesquisa em Eng. Elétrica
17/03/2026,11:01:40,129,IFPB,84:F1:47:54:EB:20,-83,6,Pesquisa em Eng. Elétrica
17/03/2026,11:01:40,129,IFPB-VISITANTE,84:F1:47:54:EB:22,-83,6,Pesquisa em Eng. Elétrica
17/03/2026,11:01:40,129,IFPB,84:F1:47:54:96:E0,-84,1,Pesquisa em Eng. Elétrica
17/03/2026,11:01:40,129,IFPB-VISITANTE,84:F1:47:54:6B:82,-85,1,Pesquisa em Eng. Elétrica
17/03/2026,11:01:40,129,IFPB,84:F1:47:54:6B:80,-86,1,Pesquisa em Eng. Elétrica
17/03/2026,11:01:50,130,IFPB-VISITANTE,E4:4E:2D:85:4C:62,-82,11,Pesquisa em Eng. Elétrica
17/03/2026,11:01:50,130,IFPB,E4:4E:2D:85:4C:60,-83,11,Pesquisa em Eng. Elétrica
17/03/2026,11:01:50,130,IFPB,84:F1:47:54:6B:80,-86,1,Pesquisa em Eng. Elétrica
17/03/2026,11:01:50,130,IFPB,84:F1:47:54:EB:20,-86,6,Pesquisa em Eng. Elétrica
17/03/2026,11:01:50,130,IFPB-VISITANTE,84:F1:47:54:EB:22,-86,6,Pesquisa em Eng. Elétrica
17/03/2026,11:01:50,130,IFPB-VISITANTE,84:F1:47:54:6B:82,-87,1,Pesquisa em Eng. Elétrica
17/03/2026,11:01:50,130,IFPB-VISITANTE,84:F1:47:54:96:E2,-87,1,Pesquisa em Eng. Elétrica
17/03/2026,11:01:50,130,IFPB,84:F1:47:54:8B:A0,-88,11,Pesquisa em Eng. Elétrica
17/03/2026,11:01:50,130,IFPB-VISITANTE,84:F1:47:54:8B:A2,-88,11,Pesquisa em Eng. Elétrica
17/03/2026,11:01:50,130,IFPB,84:F1:47:54:96:E0,-89,1,Pesquisa em Eng. Elétrica
17/03/2026,11:01:50,130,IFPB,84:F1:47:54:F9:80,-91,11,Pesquisa em Eng. Elétrica
17/03/2026,11:01:50,130,IFPB-VISITANTE,84:F1:47:54:F9:82,-92,11,Pesquisa em Eng. Elétrica
17/03/2026,11:02:29,131,IFPB,84:F1:47:54:EB:20,-74,6,Práticas didáticas
17/03/2026,11:02:29,131,IFPB-VISITANTE,84:F1:47:54:EB:22,-74,6,Práticas didáticas
17/03/2026,11:02:29,131,IFPB-VISITANTE,84:F1:47:54:F9:82,-82,11,Práticas didáticas
17/03/2026,11:02:29,131,IFPB,84:F1:47:54:F9:80,-83,11,Práticas didáticas
17/03/2026,11:02:29,131,IFPB-VISITANTE,84:F1:47:54:8B:A2,-83,11,Práticas didáticas
17/03/2026,11:02:29,131,IFPB,84:F1:47:54:8B:A0,-83,11,Práticas didáticas
17/03/2026,11:02:29,131,IFPB,E4:4E:2D:85:4C:60,-86,11,Práticas didáticas
17/03/2026,11:02:29,131,IFPB-VISITANTE,E4:4E:2D:85:4C:62,-86,11,Práticas didáticas
17/03/2026,11:02:30,131,IFPB-VISITANTE,84:F1:47:54:6B:82,-89,1,Práticas didáticas
17/03/2026,11:02:30,131,IFPB,84:F1:47:54:6B:80,-89,1,Práticas didáticas
17/03/2026,11:02:39,132,IFPB,84:F1:47:54:EB:20,-77,6,Práticas didáticas
17/03/2026,11:02:40,132,IFPB-VISITANTE,84:F1:47:54:EB:22,-77,6,Práticas didáticas
17/03/2026,11:02:40,132,IFPB,84:F1:47:54:F9:80,-84,11,Práticas didáticas
17/03/2026,11:02:40,132,IFPB-VISITANTE,84:F1:47:54:F9:82,-84,11,Práticas didáticas
17/03/2026,11:02:40,132,IFPB,E4:4E:2D:85:4C:60,-85,11,Práticas didáticas
17/03/2026,11:02:40,132,IFPB,84:F1:47:54:8B:A0,-85,11,Práticas didáticas
17/03/2026,11:02:40,132,IFPB-VISITANTE,E4:4E:2D:85:4C:62,-86,11,Práticas didáticas
17/03/2026,11:02:40,132,IFPB-VISITANTE,84:F1:47:54:8B:A2,-86,11,Práticas didáticas
17/03/2026,11:02:40,132,IFPB-VISITANTE,84:F1:47:54:6B:82,-87,1,Práticas didáticas
17/03/2026,11:02:40,132,IFPB,84:F1:47:54:6B:80,-88,1,Práticas didáticas
17/03/2026,11:02:50,133,IFPB-VISITANTE,84:F1:47:54:EB:22,-78,6,Práticas didáticas
17/03/2026,11:02:50,133,IFPB,84:F1:47:54:EB:20,-79,6,Práticas didáticas
17/03/2026,11:02:50,133,IFPB,84:F1:47:54:F9:80,-83,11,Práticas didáticas
17/03/2026,11:02:50,133,IFPB-VISITANTE,84:F1:47:54:F9:82,-83,11,Práticas didáticas
17/03/2026,11:02:50,133,IFPB,84:F1:47:54:8B:A0,-87,11,Práticas didáticas
17/03/2026,11:02:50,133,IFPB-VISITANTE,84:F1:47:54:8B:A2,-88,11,Práticas didáticas
17/03/2026,11:02:50,133,IFPB-VISITANTE,84:F1:47:54:6B:82,-91,1,Práticas didáticas
17/03/2026,11:02:50,133,IFPB,84:F1:47:54:6B:80,-91,1,Práticas didáticas
17/03/2026,11:03:00,134,IFPB,84:F1:47:54:8B:A0,-80,11,Práticas didáticas
17/03/2026,11:03:00,134,IFPB-VISITANTE,84:F1:47:54:8B:A2,-80,11,Práticas didáticas
17/03/2026,11:03:00,134,IFPB,84:F1:47:54:EB:20,-81,6,Práticas didáticas
17/03/2026,11:03:00,134,IFPB-VISITANTE,84:F1:47:54:EB:22,-81,6,Práticas didáticas
17/03/2026,11:03:00,134,IFPB-VISITANTE,E4:4E:2D:85:4C:62,-81,11,Práticas didáticas
17/03/2026,11:03:00,134,IFPB-VISITANTE,84:F1:47:54:F9:82,-83,11,Práticas didáticas
17/03/2026,11:03:00,134,IFPB,84:F1:47:54:F9:80,-84,11,Práticas didáticas
17/03/2026,11:03:00,134,IFPB,84:F1:47:54:6B:80,-86,1,Práticas didáticas
17/03/2026,11:03:00,134,IFPB-VISITANTE,84:F1:47:54:6B:82,-86,1,Práticas didáticas
17/03/2026,11:03:10,135,IFPB,84:F1:47:54:EB:20,-76,6,Práticas didáticas
17/03/2026,11:03:10,135,IFPB-VISITANTE,84:F1:47:54:EB:22,-76,6,Práticas didáticas
17/03/2026,11:03:10,135,IFPB-VISITANTE,84:F1:47:54:6B:82,-83,1,Práticas didáticas
17/03/2026,11:03:10,135,IFPB,84:F1:47:54:6B:80,-84,1,Práticas didáticas
17/03/2026,11:03:10,135,IFPB,E4:4E:2D:85:4C:60,-85,11,Práticas didáticas
17/03/2026,11:03:10,135,IFPB-VISITANTE,84:F1:47:54:F9:82,-85,11,Práticas didáticas
17/03/2026,11:03:10,135,IFPB,84:F1:47:54:F9:80,-85,11,Práticas didáticas
17/03/2026,11:03:10,135,IFPB-VISITANTE,E4:4E:2D:85:4C:62,-87,11,Práticas didáticas
17/03/2026,11:03:10,135,IFPB,84:F1:47:54:8B:A0,-87,11,Práticas didáticas
17/03/2026,11:03:10,135,IFPB-VISITANTE,84:F1:47:54:8B:A2,-89,11,Práticas didáticas
17/03/2026,11:03:20,136,IFPB,84:F1:47:54:EB:20,-82,6,Práticas didáticas
17/03/2026,11:03:20,136,IFPB-VISITANTE,84:F1:47:54:EB:22,-83,6,Práticas didáticas
17/03/2026,11:03:20,136,IFPB-VISITANTE,84:F1:47:54:8B:A2,-86,11,Práticas didáticas
17/03/2026,11:03:20,136,IFPB,84:F1:47:54:F9:80,-86,11,Práticas didáticas
17/03/2026,11:03:20,136,IFPB,84:F1:47:54:8B:A0,-86,11,Práticas didáticas
17/03/2026,11:03:20,136,IFPB-VISITANTE,84:F1:47:54:F9:82,-87,11,Práticas didáticas
17/03/2026,11:03:30,137,IFPB,84:F1:47:54:EB:20,-78,6,Práticas didáticas
17/03/2026,11:03:30,137,IFPB-VISITANTE,84:F1:47:54:EB:22,-78,6,Práticas didáticas
17/03/2026,11:03:30,137,IFPB,84:F1:47:54:F9:80,-84,11,Práticas didáticas
17/03/2026,11:03:30,137,IFPB-VISITANTE,84:F1:47:54:F9:82,-85,11,Práticas didáticas
17/03/2026,11:03:30,137,IFPB-VISITANTE,84:F1:47:54:8B:A2,-85,11,Práticas didáticas
17/03/2026,11:03:30,137,IFPB,84:F1:47:54:8B:A0,-86,11,Práticas didáticas
17/03/2026,11:03:30,137,IFPB-VISITANTE,84:F1:47:54:6B:82,-89,1,Práticas didáticas
17/03/2026,11:03:30,137,IFPB,E4:4E:2D:85:4C:60,-90,11,Práticas didáticas
17/03/2026,11:03:30,137,IFPB-VISITANTE,E4:4E:2D:85:4C:62,-92,11,Práticas didáticas
17/03/2026,11:03:40,138,IFPB,84:F1:47:54:EB:20,-75,6,Práticas didáticas
17/03/2026,11:03:40,138,IFPB-VISITANTE,84:F1:47:54:EB:22,-76,6,Práticas didáticas
17/03/2026,11:03:40,138,IFPB-VISITANTE,E4:4E:2D:85:4C:62,-83,11,Práticas didáticas
17/03/2026,11:03:40,138,IFPB-VISITANTE,84:F1:47:54:6B:82,-84,1,Práticas didáticas
17/03/2026,11:03:40,138,IFPB,E4:4E:2D:85:4C:60,-84,11,Práticas didáticas
17/03/2026,11:03:40,138,IFPB,84:F1:47:54:6B:80,-85,1,Práticas didáticas
17/03/2026,11:03:40,138,IFPB,84:F1:47:54:F9:80,-85,11,Práticas didáticas
17/03/2026,11:03:40,138,IFPB-VISITANTE,84:F1:47:54:F9:82,-85,11,Práticas didáticas
17/03/2026,11:03:41,138,IFPB,84:F1:47:54:8B:A0,-88,11,Práticas didáticas
17/03/2026,11:03:41,138,IFPB-VISITANTE,84:F1:47:54:8B:A2,-88,11,Práticas didáticas
17/03/2026,11:03:51,139,IFPB,84:F1:47:54:EB:20,-82,6,Práticas didáticas
17/03/2026,11:03:51,139,IFPB-VISITANTE,84:F1:47:54:EB:22,-82,6,Práticas didáticas
17/03/2026,11:03:51,139,IFPB,E4:4E:2D:85:4C:60,-82,11,Práticas didáticas
17/03/2026,11:03:51,139,IFPB-VISITANTE,E4:4E:2D:85:4C:62,-82,11,Práticas didáticas
17/03/2026,11:03:51,139,IFPB-VISITANTE,84:F1:47:54:8B:A2,-83,11,Práticas didáticas
17/03/2026,11:03:51,139,IFPB,84:F1:47:54:F9:80,-84,11,Práticas didáticas
17/03/2026,11:03:51,139,IFPB,84:F1:47:54:8B:A0,-84,11,Práticas didáticas
17/03/2026,11:03:51,139,IFPB,84:F1:47:54:6B:80,-85,1,Práticas didáticas
17/03/2026,11:03:51,139,IFPB-VISITANTE,84:F1:47:54:6B:82,-85,1,Práticas didáticas
17/03/2026,11:03:51,139,IFPB-VISITANTE,84:F1:47:54:F9:82,-85,11,Práticas didáticas
17/03/2026,11:04:01,140,IFPB-VISITANTE,84:F1:47:54:EB:22,-76,6,Práticas didáticas
17/03/2026,11:04:01,140,IFPB,84:F1:47:54:EB:20,-77,6,Práticas didáticas
17/03/2026,11:04:01,140,IFPB-VISITANTE,E4:4E:2D:85:4C:62,-85,11,Práticas didáticas
17/03/2026,11:04:01,140,IFPB,E4:4E:2D:85:4C:60,-86,11,Práticas didáticas
17/03/2026,11:04:01,140,IFPB,84:F1:47:54:F9:80,-86,11,Práticas didáticas
17/03/2026,11:04:01,140,IFPB-VISITANTE,84:F1:47:54:6B:82,-87,1,Práticas didáticas
17/03/2026,11:04:01,140,IFPB-VISITANTE,84:F1:47:54:F9:82,-88,11,Práticas didáticas
17/03/2026,11:04:01,140,IFPB,84:F1:47:54:6B:80,-89,1,Práticas didáticas
17/03/2026,11:04:01,140,IFPB-VISITANTE,84:F1:47:54:8B:A2,-90,11,Práticas didáticas
17/03/2026,11:04:01,140,IFPB,84:F1:47:54:8B:A0,-90,11,Práticas didáticas
17/03/2026,11:04:58,141,IFPB,84:F1:47:54:FD:C0,-62,1,Sala dos professores
17/03/2026,11:04:58,141,IFPB-VISITANTE,84:F1:47:54:FD:C2,-62,1,Sala dos professores
17/03/2026,11:05:08,142,IFPB,84:F1:47:54:FD:C0,-66,1,Sala dos professores
17/03/2026,11:05:08,142,IFPB-VISITANTE,84:F1:47:54:FD:C2,-66,1,Sala dos professores
17/03/2026,11:05:08,142,IFPB,84:F1:47:54:7F:20,-90,11,Sala dos professores
17/03/2026,11:05:08,142,IFPB-VISITANTE,84:F1:47:54:7F:22,-91,11,Sala dos professores
17/03/2026,11:05:18,143,IFPB,84:F1:47:54:FD:C0,-63,1,Sala dos professores
17/03/2026,11:05:18,143,IFPB-VISITANTE,84:F1:47:54:FD:C2,-64,1,Sala dos professores
17/03/2026,11:05:28,144,IFPB,84:F1:47:54:FD:C0,-64,1,Sala dos professores
17/03/2026,11:05:28,144,IFPB-VISITANTE,84:F1:47:54:FD:C2,-64,1,Sala dos professores
17/03/2026,11:05:28,144,IFPB,84:F1:47:54:7F:20,-86,11,Sala dos professores
17/03/2026,11:05:28,144,IFPB-VISITANTE,84:F1:47:54:7F:22,-86,11,Sala dos professores
17/03/2026,11:05:28,144,IFPB-VISITANTE,E4:4E:2D:85:4C:62,-92,11,Sala dos professores
17/03/2026,11:05:38,145,IFPB,84:F1:47:54:FD:C0,-56,1,Sala dos professores
17/03/2026,11:05:38,145,IFPB-VISITANTE,84:F1:47:54:FD:C2,-56,1,Sala dos professores
17/03/2026,11:05:38,145,IFPB,E4:4E:2D:85:4C:60,-88,11,Sala dos professores
17/03/2026,11:05:48,146,IFPB,84:F1:47:54:FD:C0,-66,1,Sala dos professores
17/03/2026,11:05:48,146,IFPB-VISITANTE,84:F1:47:54:FD:C2,-66,1,Sala dos professores
17/03/2026,11:05:58,147,IFPB,84:F1:47:54:FD:C0,-61,1,Sala dos professores
17/03/2026,11:05:58,147,IFPB-VISITANTE,84:F1:47:54:FD:C2,-61,1,Sala dos professores
17/03/2026,11:05:58,147,IFPB,84:F1:47:54:7F:20,-89,11,Sala dos professores
17/03/2026,11:05:58,147,IFPB-VISITANTE,84:F1:47:54:95:E2,-89,11,Sala dos professores
17/03/2026,11:06:08,148,IFPB,84:F1:47:54:FD:C0,-60,1,Sala dos professores
17/03/2026,11:06:08,148,IFPB-VISITANTE,84:F1:47:54:FD:C2,-60,1,Sala dos professores
17/03/2026,11:06:08,148,IFPB-VISITANTE,84:F1:47:54:95:E2,-91,11,Sala dos professores
17/03/2026,11:06:18,149,IFPB,84:F1:47:54:FD:C0,-64,1,Sala dos professores
17/03/2026,11:06:18,149,IFPB-VISITANTE,84:F1:47:54:FD:C2,-64,1,Sala dos professores
17/03/2026,11:06:18,149,IFPB-VISITANTE,84:F1:47:54:7F:22,-86,11,Sala dos professores
17/03/2026,11:06:18,149,IFPB-VISITANTE,84:F1:47:54:95:E2,-86,11,Sala dos professores
17/03/2026,11:06:18,149,IFPB,84:F1:47:54:7F:20,-87,11,Sala dos professores
17/03/2026,11:06:18,149,IFPB,84:F1:47:54:95:E0,-87,11,Sala dos professores
17/03/2026,11:06:28,150,IFPB,84:F1:47:54:FD:C0,-59,1,Sala dos professores
17/03/2026,11:06:28,150,IFPB-VISITANTE,84:F1:47:54:FD:C2,-59,1,Sala dos professores
17/03/2026,11:15:53,151,IFPB,84:F1:47:54:6B:80,-70,1,Lab. química 03
17/03/2026,11:15:53,151,IFPB-VISITANTE,84:F1:47:54:6B:82,-70,1,Lab. química 03
17/03/2026,11:15:53,151,IFPB,B8:11:4B:1D:12:00,-78,1,Lab. química 03
17/03/2026,11:15:53,151,IFPB-VISITANTE,B8:11:4B:1D:12:02,-80,1,Lab. química 03
17/03/2026,11:15:53,151,IFPB,24:36:DA:2B:BC:00,-83,6,Lab. química 03
17/03/2026,11:15:53,151,IFPB-VISITANTE,24:36:DA:2B:BC:02,-84,6,Lab. química 03
17/03/2026,11:15:53,151,IFPB,2C:57:41:CD:E1:C0,-85,11,Lab. química 03
17/03/2026,11:15:53,151,IFPB-VISITANTE,2C:57:41:CD:E1:C2,-85,11,Lab. química 03
17/03/2026,11:15:53,151,IFPB-VISITANTE,84:F1:47:54:7F:62,-86,6,Lab. química 03
17/03/2026,11:15:53,151,IFPB,84:F1:47:54:7F:60,-87,6,Lab. química 03
17/03/2026,11:15:53,151,IFPB-VISITANTE,84:F1:47:54:81:02,-89,11,Lab. química 03
17/03/2026,11:15:53,151,IFPB,84:F1:47:54:81:00,-90,11,Lab. química 03
17/03/2026,11:16:03,152,IFPB,84:F1:47:54:6B:80,-71,1,Lab. química 03
17/03/2026,11:16:03,152,IFPB-VISITANTE,84:F1:47:54:6B:82,-72,1,Lab. química 03
17/03/2026,11:16:03,152,IFPB-VISITANTE,24:36:DA:2B:BC:02,-80,6,Lab. química 03
17/03/2026,11:16:03,152,IFPB,B8:11:4B:1D:12:00,-81,1,Lab. química 03
17/03/2026,11:16:03,152,IFPB,24:36:DA:2B:BC:00,-81,6,Lab. química 03
17/03/2026,11:16:03,152,IFPB-VISITANTE,B8:11:4B:1D:12:02,-82,1,Lab. química 03
17/03/2026,11:16:03,152,IFPB,84:F1:47:54:7F:60,-83,6,Lab. química 03
17/03/2026,11:16:03,152,IFPB-VISITANTE,84:F1:47:54:7F:62,-83,6,Lab. química 03
17/03/2026,11:16:03,152,IFPB-VISITANTE,84:F1:47:54:81:02,-85,11,Lab. química 03
17/03/2026,11:16:03,152,IFPB-VISITANTE,2C:57:41:CD:E1:C2,-85,11,Lab. química 03
17/03/2026,11:16:03,152,IFPB-VISITANTE,24:36:DA:A2:7F:42,-86,6,Lab. química 03
17/03/2026,11:16:03,152,IFPB,84:F1:47:54:81:00,-86,11,Lab. química 03
17/03/2026,11:16:03,152,IFPB,24:36:DA:A2:7F:40,-87,6,Lab. química 03
17/03/2026,11:16:03,152,IFPB,84:F1:47:54:97:00,-88,1,Lab. química 03
17/03/2026,11:16:13,153,IFPB,84:F1:47:54:6B:80,-73,1,Lab. química 03
17/03/2026,11:16:13,153,IFPB-VISITANTE,84:F1:47:54:6B:82,-73,1,Lab. química 03
17/03/2026,11:16:13,153,IFPB,24:36:DA:2B:BC:00,-75,6,Lab. química 03
17/03/2026,11:16:13,153,IFPB-VISITANTE,24:36:DA:2B:BC:02,-77,6,Lab. química 03
17/03/2026,11:16:13,153,IFPB-VISITANTE,B8:11:4B:1D:12:02,-78,1,Lab. química 03
17/03/2026,11:16:13,153,IFPB,B8:11:4B:1D:12:00,-78,1,Lab. química 03
17/03/2026,11:16:13,153,IFPB-VISITANTE,2C:57:41:CD:E1:C2,-82,11,Lab. química 03
17/03/2026,11:16:13,153,IFPB,2C:57:41:CD:E1:C0,-83,11,Lab. química 03
17/03/2026,11:16:13,153,IFPB,24:36:DA:A2:7F:40,-86,6,Lab. química 03
17/03/2026,11:16:13,153,IFPB-VISITANTE,24:36:DA:A2:7F:42,-86,6,Lab. química 03
17/03/2026,11:16:13,153,IFPB-VISITANTE,84:F1:47:54:7F:62,-86,6,Lab. química 03
17/03/2026,11:16:13,153,IFPB-VISITANTE,84:F1:47:54:81:02,-86,11,Lab. química 03
17/03/2026,11:16:13,153,IFPB,84:F1:47:54:97:00,-87,1,Lab. química 03
17/03/2026,11:16:13,153,IFPB,84:F1:47:54:7F:60,-87,6,Lab. química 03
17/03/2026,11:16:13,153,IFPB,84:F1:47:54:81:00,-87,11,Lab. química 03
17/03/2026,11:16:13,153,IFPB-VISITANTE,84:F1:47:54:97:02,-88,1,Lab. química 03
17/03/2026,11:16:23,154,IFPB,84:F1:47:54:6B:80,-70,1,Lab. química 03
17/03/2026,11:16:23,154,IFPB-VISITANTE,84:F1:47:54:6B:82,-70,1,Lab. química 03
17/03/2026,11:16:23,154,IFPB,24:36:DA:2B:BC:00,-78,6,Lab. química 03
17/03/2026,11:16:23,154,IFPB-VISITANTE,24:36:DA:2B:BC:02,-78,6,Lab. química 03
17/03/2026,11:16:23,154,IFPB,2C:57:41:CD:E1:C0,-81,11,Lab. química 03
17/03/2026,11:16:23,154,IFPB,B8:11:4B:1D:12:00,-82,1,Lab. química 03
17/03/2026,11:16:23,154,IFPB-VISITANTE,B8:11:4B:1D:12:02,-82,1,Lab. química 03
17/03/2026,11:16:23,154,IFPB,84:F1:47:54:7F:60,-82,6,Lab. química 03
17/03/2026,11:16:23,154,IFPB-VISITANTE,2C:57:41:CD:E1:C2,-82,11,Lab. química 03
17/03/2026,11:16:23,154,IFPB-VISITANTE,84:F1:47:54:7F:62,-83,6,Lab. química 03
17/03/2026,11:16:23,154,IFPB-VISITANTE,84:F1:47:54:97:02,-87,1,Lab. química 03
17/03/2026,11:16:23,154,IFPB,84:F1:47:54:97:00,-88,1,Lab. química 03
17/03/2026,11:16:23,154,IFPB,84:F1:47:54:81:00,-89,11,Lab. química 03
17/03/2026,11:16:23,154,IFPB-VISITANTE,84:F1:47:54:81:02,-89,11,Lab. química 03
17/03/2026,11:16:33,155,IFPB-VISITANTE,84:F1:47:54:6B:82,-76,1,Lab. química 03
17/03/2026,11:16:33,155,IFPB,84:F1:47:54:6B:80,-77,1,Lab. química 03
17/03/2026,11:16:33,155,IFPB-VISITANTE,84:F1:47:54:7F:62,-80,6,Lab. química 03
17/03/2026,11:16:33,155,IFPB,84:F1:47:54:7F:60,-80,6,Lab. química 03
17/03/2026,11:16:33,155,IFPB,24:36:DA:2B:BC:00,-82,6,Lab. química 03
17/03/2026,11:16:33,155,IFPB-VISITANTE,24:36:DA:2B:BC:02,-82,6,Lab. química 03
17/03/2026,11:16:33,155,IFPB-VISITANTE,B8:11:4B:1D:12:02,-84,1,Lab. química 03
17/03/2026,11:16:33,155,IFPB-VISITANTE,2C:57:41:CD:E1:C2,-84,11,Lab. química 03
17/03/2026,11:16:33,155,IFPB,B8:11:4B:1D:12:00,-85,1,Lab. química 03
17/03/2026,11:16:33,155,IFPB,2C:57:41:CD:E1:C0,-85,11,Lab. química 03
17/03/2026,11:16:33,155,IFPB-VISITANTE,84:F1:47:54:81:02,-86,11,Lab. química 03
17/03/2026,11:16:33,155,IFPB,84:F1:47:54:81:00,-87,11,Lab. química 03
17/03/2026,11:16:33,155,IFPB,84:F1:47:54:97:00,-90,1,Lab. química 03
17/03/2026,11:16:43,156,IFPB,84:F1:47:54:6B:80,-79,1,Lab. química 03
17/03/2026,11:16:43,156,IFPB-VISITANTE,84:F1:47:54:6B:82,-79,1,Lab. química 03
17/03/2026,11:16:43,156,IFPB,84:F1:47:54:7F:60,-81,6,Lab. química 03
17/03/2026,11:16:43,156,IFPB-VISITANTE,84:F1:47:54:7F:62,-81,6,Lab. química 03
17/03/2026,11:16:43,156,IFPB,24:36:DA:2B:BC:00,-83,6,Lab. química 03
17/03/2026,11:16:43,156,IFPB-VISITANTE,24:36:DA:2B:BC:02,-84,6,Lab. química 03
17/03/2026,11:16:43,156,IFPB-VISITANTE,2C:57:41:CD:E1:C2,-84,11,Lab. química 03
17/03/2026,11:16:43,156,IFPB,2C:57:41:CD:E1:C0,-85,11,Lab. química 03
17/03/2026,11:16:43,156,IFPB-VISITANTE,B8:11:4B:1D:12:02,-86,1,Lab. química 03
17/03/2026,11:16:43,156,IFPB,B8:11:4B:1D:12:00,-86,1,Lab. química 03
17/03/2026,11:16:43,156,IFPB,24:36:DA:A2:7F:40,-88,6,Lab. química 03
17/03/2026,11:16:43,156,IFPB-VISITANTE,84:F1:47:54:81:02,-88,11,Lab. química 03
17/03/2026,11:16:43,156,IFPB-VISITANTE,24:36:DA:A2:7F:42,-89,6,Lab. química 03
17/03/2026,11:16:43,156,IFPB,84:F1:47:54:81:00,-89,11,Lab. química 03
17/03/2026,11:16:53,157,IFPB,84:F1:47:54:6B:80,-74,1,Lab. química 03
17/03/2026,11:16:53,157,IFPB-VISITANTE,84:F1:47:54:6B:82,-74,1,Lab. química 03
17/03/2026,11:16:53,157,IFPB-VISITANTE,B8:11:4B:1D:12:02,-78,1,Lab. química 03
17/03/2026,11:16:53,157,IFPB,B8:11:4B:1D:12:00,-79,1,Lab. química 03
17/03/2026,11:16:53,157,IFPB,84:F1:47:54:7F:60,-83,6,Lab. química 03
17/03/2026,11:16:53,157,IFPB,84:F1:47:54:81:00,-85,11,Lab. química 03
17/03/2026,11:16:53,157,IFPB-VISITANTE,84:F1:47:54:81:02,-85,11,Lab. química 03
17/03/2026,11:16:53,157,IFPB-VISITANTE,24:36:DA:2B:BC:02,-86,6,Lab. química 03
17/03/2026,11:16:53,157,IFPB,2C:57:41:CD:E1:C0,-86,11,Lab. química 03
17/03/2026,11:16:53,157,IFPB-VISITANTE,2C:57:41:CD:E1:C2,-86,11,Lab. química 03
17/03/2026,11:16:53,157,IFPB,24:36:DA:A2:7F:40,-87,6,Lab. química 03
17/03/2026,11:16:53,157,IFPB,24:36:DA:2B:BC:00,-87,6,Lab. química 03
17/03/2026,11:16:53,157,IFPB-VISITANTE,84:F1:47:54:97:02,-90,1,Lab. química 03
17/03/2026,11:16:53,157,IFPB-VISITANTE,24:36:DA:A2:7F:42,-90,6,Lab. química 03
17/03/2026,11:17:03,158,IFPB-VISITANTE,24:36:DA:2B:BC:02,-77,6,Lab. química 03
17/03/2026,11:17:03,158,IFPB,24:36:DA:2B:BC:00,-77,6,Lab. química 03
17/03/2026,11:17:03,158,IFPB,B8:11:4B:1D:12:00,-78,1,Lab. química 03
17/03/2026,11:17:03,158,IFPB-VISITANTE,B8:11:4B:1D:12:02,-78,1,Lab. química 03
17/03/2026,11:17:03,158,IFPB-VISITANTE,84:F1:47:54:6B:82,-78,1,Lab. química 03
17/03/2026,11:17:03,158,IFPB,84:F1:47:54:6B:80,-79,1,Lab. química 03
17/03/2026,11:17:03,158,IFPB-VISITANTE,84:F1:47:54:7F:62,-81,6,Lab. química 03
17/03/2026,11:17:03,158,IFPB,84:F1:47:54:7F:60,-81,6,Lab. química 03
17/03/2026,11:17:03,158,IFPB,2C:57:41:CD:E1:C0,-85,11,Lab. química 03
17/03/2026,11:17:03,158,IFPB-VISITANTE,2C:57:41:CD:E1:C2,-85,11,Lab. química 03
17/03/2026,11:17:03,158,IFPB-VISITANTE,84:F1:47:54:81:02,-88,11,Lab. química 03
17/03/2026,11:17:03,158,IFPB,84:F1:47:54:81:00,-91,11,Lab. química 03
17/03/2026,11:17:13,159,IFPB,84:F1:47:54:6B:80,-73,1,Lab. química 03
17/03/2026,11:17:13,159,IFPB-VISITANTE,84:F1:47:54:6B:82,-73,1,Lab. química 03
17/03/2026,11:17:13,159,IFPB,B8:11:4B:1D:12:00,-81,1,Lab. química 03
17/03/2026,11:17:13,159,IFPB,84:F1:47:54:7F:60,-81,6,Lab. química 03
17/03/2026,11:17:13,159,IFPB-VISITANTE,B8:11:4B:1D:12:02,-82,1,Lab. química 03
17/03/2026,11:17:13,159,IFPB-VISITANTE,84:F1:47:54:7F:62,-82,6,Lab. química 03
17/03/2026,11:17:13,159,IFPB-VISITANTE,24:36:DA:2B:BC:02,-83,6,Lab. química 03
17/03/2026,11:17:13,159,IFPB,2C:57:41:CD:E1:C0,-84,11,Lab. química 03
17/03/2026,11:17:13,159,IFPB,24:36:DA:2B:BC:00,-85,6,Lab. química 03
17/03/2026,11:17:13,159,IFPB-VISITANTE,2C:57:41:CD:E1:C2,-85,11,Lab. química 03
17/03/2026,11:17:13,159,IFPB,84:F1:47:54:97:00,-87,1,Lab. química 03
17/03/2026,11:17:13,159,IFPB,24:36:DA:A2:7F:40,-87,6,Lab. química 03
17/03/2026,11:17:13,159,IFPB-VISITANTE,24:36:DA:A2:7F:42,-87,6,Lab. química 03
17/03/2026,11:17:13,159,IFPB-VISITANTE,84:F1:47:54:97:02,-88,1,Lab. química 03
17/03/2026,11:17:23,160,IFPB,84:F1:47:54:6B:80,-76,1,Lab. química 03
17/03/2026,11:17:23,160,IFPB-VISITANTE,84:F1:47:54:6B:82,-76,1,Lab. química 03
17/03/2026,11:17:23,160,IFPB,24:36:DA:2B:BC:00,-79,6,Lab. química 03
17/03/2026,11:17:23,160,IFPB-VISITANTE,24:36:DA:2B:BC:02,-80,6,Lab. química 03
17/03/2026,11:17:23,160,IFPB-VISITANTE,84:F1:47:54:7F:62,-80,6,Lab. química 03
17/03/2026,11:17:23,160,IFPB,B8:11:4B:1D:12:00,-81,1,Lab. química 03
17/03/2026,11:17:23,160,IFPB-VISITANTE,B8:11:4B:1D:12:02,-81,1,Lab. química 03
17/03/2026,11:17:23,160,IFPB,84:F1:47:54:7F:60,-81,6,Lab. química 03
17/03/2026,11:17:23,160,IFPB,2C:57:41:CD:E1:C0,-87,11,Lab. química 03
17/03/2026,11:17:23,160,IFPB-VISITANTE,2C:57:41:CD:E1:C2,-87,11,Lab. química 03
17/03/2026,11:17:23,160,IFPB,84:F1:47:54:81:00,-90,11,Lab. química 03
17/03/2026,11:17:44,161,IFPB-VISITANTE,84:F1:47:54:6B:82,-53,1,Lab. química 02
17/03/2026,11:17:44,161,IFPB,84:F1:47:54:6B:80,-54,1,Lab. química 02
17/03/2026,11:17:44,161,IFPB-VISITANTE,24:36:DA:2B:BC:02,-81,6,Lab. química 02
17/03/2026,11:17:45,161,IFPB,24:36:DA:2B:BC:00,-82,6,Lab. química 02
17/03/2026,11:17:45,161,IFPB,84:F1:47:54:7F:60,-83,6,Lab. química 02
17/03/2026,11:17:45,161,IFPB-VISITANTE,84:F1:47:54:7F:62,-83,6,Lab. química 02
17/03/2026,11:17:45,161,IFPB-VISITANTE,B8:11:4B:1D:12:02,-88,1,Lab. química 02
17/03/2026,11:17:45,161,IFPB,B8:11:4B:1D:12:00,-88,1,Lab. química 02
17/03/2026,11:17:45,161,IFPB-VISITANTE,84:F1:47:54:81:02,-88,11,Lab. química 02
17/03/2026,11:17:45,161,IFPB-VISITANTE,84:F1:47:54:8B:A2,-88,11,Lab. química 02
17/03/2026,11:17:45,161,IFPB,84:F1:47:54:81:00,-90,11,Lab. química 02
17/03/2026,11:17:45,161,IFPB-VISITANTE,2C:57:41:CD:E1:C2,-91,11,Lab. química 02
17/03/2026,11:17:55,162,IFPB,84:F1:47:54:6B:80,-51,1,Lab. química 02
17/03/2026,11:17:55,162,IFPB-VISITANTE,84:F1:47:54:6B:82,-51,1,Lab. química 02
17/03/2026,11:17:55,162,IFPB,24:36:DA:2B:BC:00,-80,6,Lab. química 02
17/03/2026,11:17:55,162,IFPB-VISITANTE,24:36:DA:2B:BC:02,-80,6,Lab. química 02
17/03/2026,11:17:55,162,IFPB-VISITANTE,24:36:DA:A2:7F:42,-85,6,Lab. química 02
17/03/2026,11:17:55,162,IFPB,B8:11:4B:1D:12:00,-87,1,Lab. química 02
17/03/2026,11:17:55,162,IFPB,24:36:DA:A2:7F:40,-87,6,Lab. química 02
17/03/2026,11:17:55,162,IFPB-VISITANTE,84:F1:47:54:7F:62,-87,6,Lab. química 02
17/03/2026,11:17:55,162,IFPB-VISITANTE,B8:11:4B:1D:12:02,-88,1,Lab. química 02
17/03/2026,11:17:55,162,IFPB,84:F1:47:54:81:00,-89,11,Lab. química 02
17/03/2026,11:17:55,162,IFPB-VISITANTE,84:F1:47:54:81:02,-91,11,Lab. química 02
17/03/2026,11:18:04,163,IFPB,84:F1:47:54:6B:80,-50,1,Lab. química 02
17/03/2026,11:18:04,163,IFPB-VISITANTE,84:F1:47:54:6B:82,-50,1,Lab. química 02
17/03/2026,11:18:04,163,IFPB,24:36:DA:2B:BC:00,-79,6,Lab. química 02
17/03/2026,11:18:04,163,IFPB-VISITANTE,24:36:DA:2B:BC:02,-79,6,Lab. química 02
17/03/2026,11:18:05,163,IFPB,B8:11:4B:1D:12:00,-85,1,Lab. química 02
17/03/2026,11:18:05,163,IFPB-VISITANTE,B8:11:4B:1D:12:02,-86,1,Lab. química 02
17/03/2026,11:18:05,163,IFPB-VISITANTE,84:F1:47:54:8B:A2,-86,11,Lab. química 02
17/03/2026,11:18:05,163,IFPB-VISITANTE,84:F1:47:54:7F:62,-87,6,Lab. química 02
17/03/2026,11:18:05,163,IFPB,84:F1:47:54:8B:A0,-88,11,Lab. química 02
17/03/2026,11:18:05,163,IFPB,84:F1:47:54:7F:60,-89,6,Lab. química 02
17/03/2026,11:18:05,163,IFPB-VISITANTE,2C:57:41:CD:E1:C2,-89,11,Lab. química 02
17/03/2026,11:18:05,163,IFPB-VISITANTE,84:F1:47:54:81:02,-91,11,Lab. química 02
17/03/2026,11:18:05,163,IFPB,2C:57:41:CD:E1:C0,-91,11,Lab. química 02
17/03/2026,11:18:05,163,IFPB,84:F1:47:54:81:00,-92,11,Lab. química 02
17/03/2026,11:18:15,164,IFPB,84:F1:47:54:6B:80,-52,1,Lab. química 02
17/03/2026,11:18:15,164,IFPB-VISITANTE,84:F1:47:54:6B:82,-52,1,Lab. química 02
17/03/2026,11:18:15,164,IFPB-VISITANTE,24:36:DA:2B:BC:02,-77,6,Lab. química 02
17/03/2026,11:18:15,164,IFPB,24:36:DA:2B:BC:00,-78,6,Lab. química 02
17/03/2026,11:18:15,164,IFPB,2C:57:41:CD:E1:C0,-83,11,Lab. química 02
17/03/2026,11:18:15,164,IFPB-VISITANTE,2C:57:41:CD:E1:C2,-83,11,Lab. química 02
17/03/2026,11:18:15,164,IFPB-VISITANTE,84:F1:47:54:7F:62,-85,6,Lab. química 02
17/03/2026,11:18:15,164,IFPB,84:F1:47:54:7F:60,-86,6,Lab. química 02
17/03/2026,11:18:15,164,IFPB,B8:11:4B:1D:12:00,-88,1,Lab. química 02
17/03/2026,11:18:15,164,IFPB-VISITANTE,B8:11:4B:1D:12:02,-89,1,Lab. química 02
17/03/2026,11:18:24,165,IFPB,84:F1:47:54:6B:80,-52,1,Lab. química 02
17/03/2026,11:18:24,165,IFPB-VISITANTE,84:F1:47:54:6B:82,-52,1,Lab. química 02
17/03/2026,11:18:24,165,IFPB-VISITANTE,24:36:DA:2B:BC:02,-82,6,Lab. química 02
17/03/2026,11:18:24,165,IFPB,24:36:DA:2B:BC:00,-82,6,Lab. química 02
17/03/2026,11:18:25,165,IFPB-VISITANTE,2C:57:41:CD:E1:C2,-87,11,Lab. química 02
17/03/2026,11:18:25,165,IFPB,2C:57:41:CD:E1:C0,-88,11,Lab. química 02
17/03/2026,11:18:25,165,IFPB,84:F1:47:54:81:00,-88,11,Lab. química 02
17/03/2026,11:18:25,165,IFPB-VISITANTE,24:36:DA:A2:7F:42,-89,6,Lab. química 02
17/03/2026,11:18:25,165,IFPB-VISITANTE,84:F1:47:54:81:02,-89,11,Lab. química 02
17/03/2026,11:18:34,166,IFPB,84:F1:47:54:6B:80,-50,1,Lab. química 02
17/03/2026,11:18:34,166,IFPB-VISITANTE,84:F1:47:54:6B:82,-50,1,Lab. química 02
17/03/2026,11:18:34,166,IFPB-VISITANTE,24:36:DA:2B:BC:02,-80,6,Lab. química 02
17/03/2026,11:18:34,166,IFPB,24:36:DA:2B:BC:00,-81,6,Lab. química 02
17/03/2026,11:18:35,166,IFPB,84:F1:47:54:7F:60,-86,6,Lab. química 02
17/03/2026,11:18:35,166,IFPB-VISITANTE,84:F1:47:54:7F:62,-86,6,Lab. química 02
17/03/2026,11:18:35,166,IFPB,84:F1:47:54:8B:A0,-87,11,Lab. química 02
17/03/2026,11:18:35,166,IFPB,84:F1:47:54:81:00,-87,11,Lab. química 02
17/03/2026,11:18:35,166,IFPB-VISITANTE,84:F1:47:54:8B:A2,-88,11,Lab. química 02
17/03/2026,11:18:35,166,IFPB-VISITANTE,2C:57:41:CD:E1:C2,-89,11,Lab. química 02
17/03/2026,11:18:35,166,IFPB-VISITANTE,84:F1:47:54:81:02,-89,11,Lab. química 02
17/03/2026,11:18:35,166,IFPB,2C:57:41:CD:E1:C0,-90,11,Lab. química 02
17/03/2026,11:18:44,167,IFPB,84:F1:47:54:6B:80,-56,1,Lab. química 02
17/03/2026,11:18:44,167,IFPB-VISITANTE,84:F1:47:54:6B:82,-56,1,Lab. química 02
17/03/2026,11:18:44,167,IFPB,24:36:DA:2B:BC:00,-81,6,Lab. química 02
17/03/2026,11:18:44,167,IFPB-VISITANTE,24:36:DA:2B:BC:02,-81,6,Lab. química 02
17/03/2026,11:18:45,167,IFPB,84:F1:47:54:7F:60,-84,6,Lab. química 02
17/03/2026,11:18:45,167,IFPB,2C:57:41:CD:E1:C0,-84,11,Lab. química 02
17/03/2026,11:18:45,167,IFPB-VISITANTE,2C:57:41:CD:E1:C2,-84,11,Lab. química 02
17/03/2026,11:18:45,167,IFPB-VISITANTE,84:F1:47:54:7F:62,-85,6,Lab. química 02
17/03/2026,11:18:45,167,IFPB-VISITANTE,84:F1:47:54:8B:A2,-87,11,Lab. química 02
17/03/2026,11:18:45,167,IFPB,B8:11:4B:1D:12:00,-88,1,Lab. química 02
17/03/2026,11:18:45,167,IFPB,84:F1:47:54:8B:A0,-88,11,Lab. química 02
17/03/2026,11:18:45,167,IFPB-VISITANTE,B8:11:4B:1D:12:02,-89,1,Lab. química 02
17/03/2026,11:18:45,167,IFPB-VISITANTE,84:F1:47:54:81:02,-90,11,Lab. química 02
17/03/2026,11:18:45,167,IFPB,84:F1:47:54:81:00,-91,11,Lab. química 02
17/03/2026,11:18:55,168,IFPB,84:F1:47:54:6B:80,-52,1,Lab. química 02
17/03/2026,11:18:55,168,IFPB-VISITANTE,84:F1:47:54:6B:82,-52,1,Lab. química 02
17/03/2026,11:18:55,168,IFPB,24:36:DA:2B:BC:00,-81,6,Lab. química 02
17/03/2026,11:18:55,168,IFPB-VISITANTE,24:36:DA:2B:BC:02,-82,6,Lab. química 02
17/03/2026,11:18:55,168,IFPB,84:F1:47:54:7F:60,-85,6,Lab. química 02
17/03/2026,11:18:55,168,IFPB-VISITANTE,84:F1:47:54:7F:62,-85,6,Lab. química 02
17/03/2026,11:18:55,168,IFPB,B8:11:4B:1D:12:00,-87,1,Lab. química 02
17/03/2026,11:18:55,168,IFPB-VISITANTE,B8:11:4B:1D:12:02,-87,1,Lab. química 02
17/03/2026,11:18:55,168,IFPB-VISITANTE,2C:57:41:CD:E1:C2,-87,11,Lab. química 02
17/03/2026,11:18:55,168,IFPB,2C:57:41:CD:E1:C0,-88,11,Lab. química 02
17/03/2026,11:18:55,168,IFPB,84:F1:47:54:8B:A0,-88,11,Lab. química 02
17/03/2026,11:18:55,168,IFPB-VISITANTE,84:F1:47:54:96:E2,-89,1,Lab. química 02
17/03/2026,11:18:55,168,IFPB-VISITANTE,84:F1:47:54:8B:A2,-90,11,Lab. química 02
17/03/2026,11:19:05,169,IFPB,84:F1:47:54:6B:80,-52,1,Lab. química 02
17/03/2026,11:19:05,169,IFPB-VISITANTE,84:F1:47:54:6B:82,-52,1,Lab. química 02
17/03/2026,11:19:05,169,IFPB-VISITANTE,24:36:DA:2B:BC:02,-77,6,Lab. química 02
17/03/2026,11:19:05,169,IFPB,24:36:DA:2B:BC:00,-78,6,Lab. química 02
17/03/2026,11:19:05,169,IFPB,2C:57:41:CD:E1:C0,-82,11,Lab. química 02
17/03/2026,11:19:05,169,IFPB-VISITANTE,2C:57:41:CD:E1:C2,-83,11,Lab. química 02
17/03/2026,11:19:05,169,IFPB,B8:11:4B:1D:12:00,-85,1,Lab. química 02
17/03/2026,11:19:05,169,IFPB-VISITANTE,B8:11:4B:1D:12:02,-86,1,Lab. química 02
17/03/2026,11:19:05,169,IFPB-VISITANTE,84:F1:47:54:7F:62,-86,6,Lab. química 02
17/03/2026,11:19:05,169,IFPB,84:F1:47:54:7F:60,-86,6,Lab. química 02
17/03/2026,11:19:05,169,IFPB-VISITANTE,24:36:DA:A2:7F:42,-87,6,Lab. química 02
17/03/2026,11:19:05,169,IFPB-VISITANTE,84:F1:47:54:81:02,-87,11,Lab. química 02
17/03/2026,11:19:05,169,IFPB,24:36:DA:A2:7F:40,-88,6,Lab. química 02
17/03/2026,11:19:05,169,IFPB,84:F1:47:54:81:00,-89,11,Lab. química 02
17/03/2026,11:19:15,170,IFPB-VISITANTE,84:F1:47:54:6B:82,-49,1,Lab. química 02
17/03/2026,11:19:15,170,IFPB,84:F1:47:54:6B:80,-50,1,Lab. química 02
17/03/2026,11:19:15,170,IFPB-VISITANTE,24:36:DA:2B:BC:02,-80,6,Lab. química 02
17/03/2026,11:19:15,170,IFPB,24:36:DA:2B:BC:00,-80,6,Lab. química 02
17/03/2026,11:19:15,170,IFPB-VISITANTE,B8:11:4B:1D:12:02,-84,1,Lab. química 02
17/03/2026,11:19:15,170,IFPB,2C:57:41:CD:E1:C0,-84,11,Lab. química 02
17/03/2026,11:19:15,170,IFPB,84:F1:47:54:7F:60,-85,6,Lab. química 02
17/03/2026,11:19:15,170,IFPB-VISITANTE,2C:57:41:CD:E1:C2,-85,11,Lab. química 02
17/03/2026,11:19:15,170,IFPB-VISITANTE,84:F1:47:54:7F:62,-86,6,Lab. química 02
17/03/2026,11:19:15,170,IFPB,84:F1:47:54:81:00,-89,11,Lab. química 02
17/03/2026,11:19:15,170,IFPB,B8:11:4B:1D:12:00,-90,1,Lab. química 02
17/03/2026,11:19:15,170,IFPB-VISITANTE,84:F1:47:54:81:02,-90,11,Lab. química 02
17/03/2026,11:19:32,171,IFPB,84:F1:47:54:6B:80,-51,1,Lab. química 01
17/03/2026,11:19:32,171,IFPB-VISITANTE,84:F1:47:54:6B:82,-51,1,Lab. química 01
17/03/2026,11:19:32,171,IFPB,2C:57:41:CD:E1:C0,-76,11,Lab. química 01
17/03/2026,11:19:32,171,IFPB-VISITANTE,2C:57:41:CD:E1:C2,-76,11,Lab. química 01
17/03/2026,11:19:32,171,IFPB-VISITANTE,84:F1:47:54:7F:62,-85,6,Lab. química 01
17/03/2026,11:19:32,171,IFPB-VISITANTE,24:36:DA:2B:BC:02,-85,6,Lab. química 01
17/03/2026,11:19:32,171,IFPB,24:36:DA:2B:BC:00,-85,6,Lab. química 01
17/03/2026,11:19:32,171,IFPB,84:F1:47:54:7F:60,-86,6,Lab. química 01
17/03/2026,11:19:32,171,IFPB-VISITANTE,2C:57:41:D4:A5:22,-86,6,Lab. química 01
17/03/2026,11:19:32,171,IFPB,2C:57:41:D4:A5:20,-87,6,Lab. química 01
17/03/2026,11:19:32,171,IFPB,24:36:DA:A2:7F:40,-87,6,Lab. química 01
17/03/2026,11:19:32,171,IFPB-VISITANTE,24:36:DA:A2:7F:42,-87,6,Lab. química 01
17/03/2026,11:19:42,172,IFPB,84:F1:47:54:6B:80,-58,1,Lab. química 01
17/03/2026,11:19:42,172,IFPB-VISITANTE,84:F1:47:54:6B:82,-58,1,Lab. química 01
17/03/2026,11:19:42,172,IFPB,24:36:DA:2B:BC:00,-81,6,Lab. química 01
17/03/2026,11:19:42,172,IFPB-VISITANTE,24:36:DA:2B:BC:02,-81,6,Lab. química 01
17/03/2026,11:19:42,172,IFPB,84:F1:47:54:7F:60,-82,6,Lab. química 01
17/03/2026,11:19:42,172,IFPB-VISITANTE,84:F1:47:54:7F:62,-82,6,Lab. química 01
17/03/2026,11:19:42,172,IFPB,2C:57:41:CD:E1:C0,-84,11,Lab. química 01
17/03/2026,11:19:42,172,IFPB-VISITANTE,2C:57:41:CD:E1:C2,-84,11,Lab. química 01
17/03/2026,11:19:43,172,IFPB-VISITANTE,B8:11:4B:1D:12:02,-88,1,Lab. química 01
17/03/2026,11:19:43,172,IFPB-VISITANTE,84:F1:47:54:81:02,-88,11,Lab. química 01
17/03/2026,11:19:43,172,IFPB,B8:11:4B:1D:12:00,-89,1,Lab. química 01
17/03/2026,11:19:43,172,IFPB,84:F1:47:54:81:00,-91,11,Lab. química 01
17/03/2026,11:19:52,173,IFPB,84:F1:47:54:6B:80,-57,1,Lab. química 01
17/03/2026,11:19:52,173,IFPB-VISITANTE,84:F1:47:54:6B:82,-57,1,Lab. química 01
17/03/2026,11:19:52,173,IFPB-VISITANTE,24:36:DA:2B:BC:02,-84,6,Lab. química 01
17/03/2026,11:19:52,173,IFPB,24:36:DA:2B:BC:00,-85,6,Lab. química 01
17/03/2026,11:19:52,173,IFPB,2C:57:41:CD:E1:C0,-85,11,Lab. química 01
17/03/2026,11:19:52,173,IFPB-VISITANTE,2C:57:41:CD:E1:C2,-85,11,Lab. química 01
17/03/2026,11:19:52,173,IFPB,84:F1:47:54:8B:A0,-87,11,Lab. química 01
17/03/2026,11:19:52,173,IFPB,2C:57:41:D4:A5:20,-88,6,Lab. química 01
17/03/2026,11:19:53,173,IFPB-VISITANTE,84:F1:47:54:8B:A2,-88,11,Lab. química 01
17/03/2026,11:19:53,173,IFPB-VISITANTE,2C:57:41:D4:A5:22,-89,6,Lab. química 01
17/03/2026,11:19:53,173,IFPB-VISITANTE,84:F1:47:54:7F:62,-89,6,Lab. química 01
17/03/2026,11:19:53,173,IFPB,B8:11:4B:1D:12:00,-90,1,Lab. química 01
17/03/2026,11:20:02,174,IFPB,84:F1:47:54:6B:80,-48,1,Lab. química 01
17/03/2026,11:20:02,174,IFPB-VISITANTE,84:F1:47:54:6B:82,-48,1,Lab. química 01
17/03/2026,11:20:02,174,IFPB,24:36:DA:2B:BC:00,-80,6,Lab. química 01
17/03/2026,11:20:02,174,IFPB-VISITANTE,24:36:DA:2B:BC:02,-80,6,Lab. química 01
17/03/2026,11:20:03,174,IFPB-VISITANTE,84:F1:47:54:7F:62,-83,6,Lab. química 01
17/03/2026,11:20:03,174,IFPB,84:F1:47:54:7F:60,-84,6,Lab. química 01
17/03/2026,11:20:03,174,IFPB-VISITANTE,2C:57:41:CD:E1:C2,-86,11,Lab. química 01
17/03/2026,11:20:03,174,IFPB,2C:57:41:CD:E1:C0,-86,11,Lab. química 01
17/03/2026,11:20:03,174,IFPB-VISITANTE,84:F1:47:54:8B:A2,-88,11,Lab. química 01
17/03/2026,11:20:03,174,IFPB,84:F1:47:54:8B:A0,-88,11,Lab. química 01
17/03/2026,11:20:12,175,IFPB,84:F1:47:54:6B:80,-50,1,Lab. química 01
17/03/2026,11:20:12,175,IFPB-VISITANTE,84:F1:47:54:6B:82,-50,1,Lab. química 01
17/03/2026,11:20:12,175,IFPB-VISITANTE,2C:57:41:CD:E1:C2,-80,11,Lab. química 01
17/03/2026,11:20:12,175,IFPB,2C:57:41:CD:E1:C0,-81,11,Lab. química 01
17/03/2026,11:20:12,175,IFPB-VISITANTE,24:36:DA:2B:BC:02,-84,6,Lab. química 01
17/03/2026,11:20:12,175,IFPB,24:36:DA:2B:BC:00,-85,6,Lab. química 01
17/03/2026,11:20:12,175,IFPB-VISITANTE,84:F1:47:54:7F:62,-86,6,Lab. química 01
17/03/2026,11:20:12,175,IFPB,B8:11:4B:1D:12:00,-87,1,Lab. química 01
17/03/2026,11:20:12,175,IFPB,84:F1:47:54:7F:60,-87,6,Lab. química 01
17/03/2026,11:20:13,175,IFPB,2C:57:41:D4:A5:20,-87,6,Lab. química 01
17/03/2026,11:20:13,175,IFPB-VISITANTE,B8:11:4B:1D:12:02,-88,1,Lab. química 01
17/03/2026,11:20:13,175,IFPB-VISITANTE,24:36:DA:A2:7F:42,-88,6,Lab. química 01
17/03/2026,11:20:13,175,IFPB,84:F1:47:54:8B:A0,-88,11,Lab. química 01
17/03/2026,11:20:13,175,IFPB-VISITANTE,84:F1:47:54:8B:A2,-88,11,Lab. química 01
17/03/2026,11:20:13,175,IFPB-VISITANTE,2C:57:41:D4:A5:22,-89,6,Lab. química 01
17/03/2026,11:20:22,176,IFPB,84:F1:47:54:6B:80,-49,1,Lab. química 01
17/03/2026,11:20:22,176,IFPB-VISITANTE,84:F1:47:54:6B:82,-49,1,Lab. química 01
17/03/2026,11:20:22,176,IFPB-VISITANTE,24:36:DA:2B:BC:02,-82,6,Lab. química 01
17/03/2026,11:20:22,176,IFPB,24:36:DA:2B:BC:00,-82,6,Lab. química 01
17/03/2026,11:20:22,176,IFPB,2C:57:41:D4:A5:20,-84,6,Lab. química 01
17/03/2026,11:20:22,176,IFPB-VISITANTE,2C:57:41:D4:A5:22,-85,6,Lab. química 01
17/03/2026,11:20:22,176,IFPB-VISITANTE,2C:57:41:CD:E1:C2,-85,11,Lab. química 01
17/03/2026,11:20:23,176,IFPB-VISITANTE,84:F1:47:54:8B:A2,-85,11,Lab. química 01
17/03/2026,11:20:23,176,IFPB-VISITANTE,B8:11:4B:1D:12:02,-86,1,Lab. química 01
17/03/2026,11:20:23,176,IFPB,84:F1:47:54:7F:60,-86,6,Lab. química 01
17/03/2026,11:20:23,176,IFPB-VISITANTE,84:F1:47:54:7F:62,-86,6,Lab. química 01
17/03/2026,11:20:23,176,IFPB,84:F1:47:54:8B:A0,-86,11,Lab. química 01
17/03/2026,11:20:23,176,IFPB,B8:11:4B:1D:12:00,-87,1,Lab. química 01
17/03/2026,11:20:23,176,IFPB,84:F1:47:54:81:00,-88,11,Lab. química 01
17/03/2026,11:20:23,176,IFPB,2C:57:41:CD:E1:C0,-88,11,Lab. química 01
17/03/2026,11:20:23,176,IFPB-VISITANTE,84:F1:47:54:81:02,-90,11,Lab. química 01
17/03/2026,11:20:33,177,IFPB,84:F1:47:54:6B:80,-50,1,Lab. química 01
17/03/2026,11:20:33,177,IFPB-VISITANTE,84:F1:47:54:6B:82,-50,1,Lab. química 01
17/03/2026,11:20:33,177,IFPB,2C:57:41:CD:E1:C0,-81,11,Lab. química 01
17/03/2026,11:20:33,177,IFPB,24:36:DA:2B:BC:00,-82,6,Lab. química 01
17/03/2026,11:20:33,177,IFPB-VISITANTE,24:36:DA:2B:BC:02,-82,6,Lab. química 01
17/03/2026,11:20:33,177,IFPB-VISITANTE,84:F1:47:54:7F:62,-83,6,Lab. química 01
17/03/2026,11:20:33,177,IFPB-VISITANTE,2C:57:41:CD:E1:C2,-83,11,Lab. química 01
17/03/2026,11:20:33,177,IFPB,84:F1:47:54:7F:60,-84,6,Lab. química 01
17/03/2026,11:20:33,177,IFPB,B8:11:4B:1D:12:00,-86,1,Lab. química 01
17/03/2026,11:20:33,177,IFPB-VISITANTE,B8:11:4B:1D:12:02,-87,1,Lab. química 01
17/03/2026,11:20:33,177,IFPB-VISITANTE,84:F1:47:54:8B:A2,-89,11,Lab. química 01
17/03/2026,11:20:43,178,IFPB-VISITANTE,84:F1:47:54:6B:82,-48,1,Lab. química 01
17/03/2026,11:20:43,178,IFPB,84:F1:47:54:6B:80,-49,1,Lab. química 01
17/03/2026,11:20:43,178,IFPB,24:36:DA:2B:BC:00,-79,6,Lab. química 01
17/03/2026,11:20:43,178,IFPB-VISITANTE,24:36:DA:2B:BC:02,-79,6,Lab. química 01
17/03/2026,11:20:43,178,IFPB,84:F1:47:54:7F:60,-82,6,Lab. química 01
17/03/2026,11:20:43,178,IFPB-VISITANTE,84:F1:47:54:7F:62,-82,6,Lab. química 01
17/03/2026,11:20:43,178,IFPB,2C:57:41:CD:E1:C0,-85,11,Lab. química 01
17/03/2026,11:20:43,178,IFPB-VISITANTE,2C:57:41:CD:E1:C2,-85,11,Lab. química 01
17/03/2026,11:20:43,178,IFPB,B8:11:4B:1D:12:00,-87,1,Lab. química 01
17/03/2026,11:20:53,179,IFPB,84:F1:47:54:6B:80,-50,1,Lab. química 01
17/03/2026,11:20:53,179,IFPB-VISITANTE,84:F1:47:54:6B:82,-50,1,Lab. química 01
17/03/2026,11:20:53,179,IFPB,24:36:DA:2B:BC:00,-80,6,Lab. química 01
17/03/2026,11:20:53,179,IFPB-VISITANTE,24:36:DA:2B:BC:02,-80,6,Lab. química 01
17/03/2026,11:20:53,179,IFPB,84:F1:47:54:8B:A0,-88,11,Lab. química 01
17/03/2026,11:20:53,179,IFPB-VISITANTE,84:F1:47:54:8B:A2,-88,11,Lab. química 01
17/03/2026,11:20:53,179,IFPB-VISITANTE,2C:57:41:CD:E1:C2,-88,11,Lab. química 01
17/03/2026,11:20:53,179,IFPB-VISITANTE,84:F1:47:54:7F:62,-89,6,Lab. química 01
17/03/2026,11:20:53,179,IFPB,84:F1:47:54:7F:60,-90,6,Lab. química 01
17/03/2026,11:20:53,179,IFPB-VISITANTE,84:F1:47:54:81:02,-90,11,Lab. química 01
17/03/2026,11:20:53,179,IFPB,2C:57:41:CD:E1:C0,-91,11,Lab. química 01
17/03/2026,11:21:03,180,IFPB,84:F1:47:54:6B:80,-50,1,Lab. química 01
17/03/2026,11:21:03,180,IFPB-VISITANTE,84:F1:47:54:6B:82,-50,1,Lab. química 01
17/03/2026,11:21:03,180,IFPB-VISITANTE,2C:57:41:D4:A5:22,-79,6,Lab. química 01
17/03/2026,11:21:03,180,IFPB,2C:57:41:D4:A5:20,-80,6,Lab. química 01
17/03/2026,11:21:03,180,IFPB-VISITANTE,24:36:DA:2B:BC:02,-84,6,Lab. química 01
17/03/2026,11:21:03,180,IFPB,24:36:DA:2B:BC:00,-85,6,Lab. química 01
17/03/2026,11:21:03,180,IFPB,2C:57:41:CD:E1:C0,-87,11,Lab. química 01
17/03/2026,11:21:03,180,IFPB-VISITANTE,84:F1:47:54:8B:A2,-87,11,Lab. química 01
17/03/2026,11:21:03,180,IFPB-VISITANTE,B8:11:4B:1D:12:02,-88,1,Lab. química 01
17/03/2026,11:21:03,180,IFPB-VISITANTE,2C:57:41:CD:E1:C2,-88,11,Lab. química 01
17/03/2026,11:21:03,180,IFPB,24:36:DA:A2:7F:40,-89,6,Lab. química 01
17/03/2026,11:21:03,180,IFPB,B8:11:4B:1D:12:00,-91,1,Lab. química 01
17/03/2026,11:21:45,181,IFPB,84:F1:47:54:6B:80,-71,1,Lab. de microscopia
17/03/2026,11:21:45,181,IFPB-VISITANTE,84:F1:47:54:6B:82,-71,1,Lab. de microscopia
17/03/2026,11:21:45,181,IFPB,2C:57:41:D4:A5:20,-80,6,Lab. de microscopia
17/03/2026,11:21:45,181,IFPB-VISITANTE,2C:57:41:D4:A5:22,-80,6,Lab. de microscopia
17/03/2026,11:21:45,181,IFPB-VISITANTE,84:F1:47:54:8B:A2,-82,11,Lab. de microscopia
17/03/2026,11:21:45,181,IFPB,84:F1:47:54:8B:A0,-82,11,Lab. de microscopia
17/03/2026,11:21:45,181,IFPB,84:F1:47:54:80:60,-83,11,Lab. de microscopia
17/03/2026,11:21:45,181,IFPB-VISITANTE,84:F1:47:54:80:62,-84,11,Lab. de microscopia
17/03/2026,11:21:45,181,IFPB-VISITANTE,84:F1:47:54:FD:62,-89,1,Lab. de microscopia
17/03/2026,11:21:45,181,IFPB,84:F1:47:54:FD:60,-90,1,Lab. de microscopia
17/03/2026,11:21:45,181,IFPB,2C:57:41:CD:E1:C0,-90,11,Lab. de microscopia
17/03/2026,11:21:55,182,IFPB,84:F1:47:54:6B:80,-72,1,Lab. de microscopia
17/03/2026,11:21:55,182,IFPB-VISITANTE,84:F1:47:54:6B:82,-72,1,Lab. de microscopia
17/03/2026,11:21:55,182,IFPB,2C:57:41:D4:A5:20,-78,6,Lab. de microscopia
17/03/2026,11:21:55,182,IFPB-VISITANTE,2C:57:41:D4:A5:22,-78,6,Lab. de microscopia
17/03/2026,11:21:55,182,IFPB,84:F1:47:54:8B:A0,-80,11,Lab. de microscopia
17/03/2026,11:21:55,182,IFPB-VISITANTE,84:F1:47:54:8B:A2,-80,11,Lab. de microscopia
17/03/2026,11:21:55,182,IFPB,84:F1:47:54:FD:60,-89,1,Lab. de microscopia
17/03/2026,11:21:55,182,IFPB-VISITANTE,84:F1:47:54:80:62,-89,11,Lab. de microscopia
17/03/2026,11:21:55,182,IFPB-VISITANTE,84:F1:47:54:FD:62,-90,1,Lab. de microscopia
17/03/2026,11:21:55,182,IFPB,2C:57:41:CD:E1:C0,-90,11,Lab. de microscopia
17/03/2026,11:21:55,182,IFPB,84:F1:47:54:80:60,-91,11,Lab. de microscopia
17/03/2026,11:21:55,182,IFPB-VISITANTE,2C:57:41:CD:E1:C2,-91,11,Lab. de microscopia
17/03/2026,11:22:05,183,IFPB-VISITANTE,84:F1:47:54:6B:82,-69,1,Lab. de microscopia
17/03/2026,11:22:05,183,IFPB,84:F1:47:54:6B:80,-70,1,Lab. de microscopia
17/03/2026,11:22:05,183,IFPB,84:F1:47:54:8B:A0,-81,11,Lab. de microscopia
17/03/2026,11:22:05,183,IFPB-VISITANTE,84:F1:47:54:8B:A2,-81,11,Lab. de microscopia
17/03/2026,11:22:05,183,IFPB,2C:57:41:D4:A5:20,-84,6,Lab. de microscopia
17/03/2026,11:22:05,183,IFPB-VISITANTE,2C:57:41:D4:A5:22,-85,6,Lab. de microscopia
17/03/2026,11:22:05,183,IFPB-VISITANTE,2C:57:41:CD:E1:C2,-87,11,Lab. de microscopia
17/03/2026,11:22:05,183,IFPB-VISITANTE,84:F1:47:54:FD:62,-88,1,Lab. de microscopia
17/03/2026,11:22:05,183,IFPB,84:F1:47:54:FD:60,-88,1,Lab. de microscopia
17/03/2026,11:22:05,183,IFPB,2C:57:41:CD:E1:C0,-88,11,Lab. de microscopia
17/03/2026,11:22:05,183,IFPB,84:F1:47:54:80:60,-90,11,Lab. de microscopia
17/03/2026,11:22:15,184,IFPB,84:F1:47:54:6B:80,-72,1,Lab. de microscopia
17/03/2026,11:22:15,184,IFPB-VISITANTE,84:F1:47:54:6B:82,-72,1,Lab. de microscopia
17/03/2026,11:22:15,184,IFPB-VISITANTE,2C:57:41:D4:A5:22,-81,6,Lab. de microscopia
17/03/2026,11:22:15,184,IFPB,84:F1:47:54:8B:A0,-81,11,Lab. de microscopia
17/03/2026,11:22:15,184,IFPB-VISITANTE,84:F1:47:54:8B:A2,-81,11,Lab. de microscopia
17/03/2026,11:22:15,184,IFPB,2C:57:41:D4:A5:20,-82,6,Lab. de microscopia
17/03/2026,11:22:15,184,IFPB-VISITANTE,84:F1:47:54:80:62,-87,11,Lab. de microscopia
17/03/2026,11:22:15,184,IFPB-VISITANTE,84:F1:47:54:7F:62,-88,6,Lab. de microscopia
17/03/2026,11:22:15,184,IFPB,84:F1:47:54:80:60,-88,11,Lab. de microscopia
17/03/2026,11:22:25,185,IFPB,84:F1:47:54:6B:80,-74,1,Lab. de microscopia
17/03/2026,11:22:25,185,IFPB-VISITANTE,84:F1:47:54:6B:82,-74,1,Lab. de microscopia
17/03/2026,11:22:25,185,IFPB,2C:57:41:D4:A5:20,-80,6,Lab. de microscopia
17/03/2026,11:22:25,185,IFPB-VISITANTE,2C:57:41:D4:A5:22,-80,6,Lab. de microscopia
17/03/2026,11:22:25,185,IFPB,84:F1:47:54:8B:A0,-81,11,Lab. de microscopia
17/03/2026,11:22:25,185,IFPB-VISITANTE,84:F1:47:54:8B:A2,-81,11,Lab. de microscopia
17/03/2026,11:22:25,185,IFPB-VISITANTE,84:F1:47:54:80:62,-84,11,Lab. de microscopia
17/03/2026,11:22:25,185,IFPB,84:F1:47:54:80:60,-86,11,Lab. de microscopia
17/03/2026,11:22:25,185,IFPB,84:F1:47:54:FD:60,-89,1,Lab. de microscopia
17/03/2026,11:22:25,185,IFPB-VISITANTE,84:F1:47:54:FD:62,-89,1,Lab. de microscopia
17/03/2026,11:22:35,186,IFPB,84:F1:47:54:6B:80,-72,1,Lab. de microscopia
17/03/2026,11:22:35,186,IFPB-VISITANTE,84:F1:47:54:6B:82,-72,1,Lab. de microscopia
17/03/2026,11:22:35,186,IFPB,2C:57:41:D4:A5:20,-80,6,Lab. de microscopia
17/03/2026,11:22:35,186,IFPB-VISITANTE,2C:57:41:D4:A5:22,-81,6,Lab. de microscopia
17/03/2026,11:22:35,186,IFPB,84:F1:47:54:8B:A0,-83,11,Lab. de microscopia
17/03/2026,11:22:35,186,IFPB-VISITANTE,84:F1:47:54:8B:A2,-83,11,Lab. de microscopia
17/03/2026,11:22:35,186,IFPB,84:F1:47:54:FD:60,-87,1,Lab. de microscopia
17/03/2026,11:22:35,186,IFPB-VISITANTE,84:F1:47:54:FD:62,-87,1,Lab. de microscopia
17/03/2026,11:22:45,187,IFPB,84:F1:47:54:6B:80,-77,1,Lab. de microscopia
17/03/2026,11:22:45,187,IFPB-VISITANTE,84:F1:47:54:6B:82,-77,1,Lab. de microscopia
17/03/2026,11:22:45,187,IFPB,84:F1:47:54:8B:A0,-82,11,Lab. de microscopia
17/03/2026,11:22:45,187,IFPB-VISITANTE,84:F1:47:54:8B:A2,-83,11,Lab. de microscopia
17/03/2026,11:22:45,187,IFPB,2C:57:41:D4:A5:20,-84,6,Lab. de microscopia
17/03/2026,11:22:45,187,IFPB-VISITANTE,2C:57:41:D4:A5:22,-84,6,Lab. de microscopia
17/03/2026,11:22:45,187,IFPB,84:F1:47:54:80:60,-85,11,Lab. de microscopia
17/03/2026,11:22:45,187,IFPB-VISITANTE,84:F1:47:54:80:62,-85,11,Lab. de microscopia
17/03/2026,11:22:45,187,IFPB,84:F1:47:54:FD:60,-88,1,Lab. de microscopia
17/03/2026,11:22:45,187,IFPB,84:F1:47:54:7F:60,-88,6,Lab. de microscopia
17/03/2026,11:22:45,187,IFPB-VISITANTE,84:F1:47:54:FD:62,-89,1,Lab. de microscopia
17/03/2026,11:22:55,188,IFPB,84:F1:47:54:6B:80,-75,1,Lab. de microscopia
17/03/2026,11:22:55,188,IFPB-VISITANTE,84:F1:47:54:6B:82,-75,1,Lab. de microscopia
17/03/2026,11:22:55,188,IFPB-VISITANTE,2C:57:41:D4:A5:22,-83,6,Lab. de microscopia
17/03/2026,11:22:55,188,IFPB-VISITANTE,84:F1:47:54:8B:A2,-84,11,Lab. de microscopia
17/03/2026,11:22:55,188,IFPB,84:F1:47:54:8B:A0,-84,11,Lab. de microscopia
17/03/2026,11:22:55,188,IFPB,2C:57:41:D4:A5:20,-85,6,Lab. de microscopia
17/03/2026,11:22:55,188,IFPB-VISITANTE,84:F1:47:54:80:62,-89,11,Lab. de microscopia
17/03/2026,11:22:55,188,IFPB,84:F1:47:54:80:60,-91,11,Lab. de microscopia
17/03/2026,11:23:05,189,IFPB,84:F1:47:54:6B:80,-72,1,Lab. de microscopia
17/03/2026,11:23:05,189,IFPB-VISITANTE,84:F1:47:54:6B:82,-72,1,Lab. de microscopia
17/03/2026,11:23:05,189,IFPB,2C:57:41:D4:A5:20,-75,6,Lab. de microscopia
17/03/2026,11:23:05,189,IFPB-VISITANTE,2C:57:41:D4:A5:22,-76,6,Lab. de microscopia
17/03/2026,11:23:05,189,IFPB,84:F1:47:54:8B:A0,-80,11,Lab. de microscopia
17/03/2026,11:23:05,189,IFPB-VISITANTE,84:F1:47:54:8B:A2,-80,11,Lab. de microscopia
17/03/2026,11:23:05,189,IFPB,84:F1:47:54:FD:60,-85,1,Lab. de microscopia
17/03/2026,11:23:05,189,IFPB-VISITANTE,84:F1:47:54:FD:62,-86,1,Lab. de microscopia
17/03/2026,11:23:15,190,IFPB,84:F1:47:54:6B:80,-71,1,Lab. de microscopia
17/03/2026,11:23:15,190,IFPB-VISITANTE,84:F1:47:54:6B:82,-71,1,Lab. de microscopia
17/03/2026,11:23:15,190,IFPB,2C:57:41:D4:A5:20,-77,6,Lab. de microscopia
17/03/2026,11:23:15,190,IFPB-VISITANTE,2C:57:41:D4:A5:22,-78,6,Lab. de microscopia
17/03/2026,11:23:15,190,IFPB-VISITANTE,84:F1:47:54:8B:A2,-84,11,Lab. de microscopia
17/03/2026,11:23:15,190,IFPB,2C:57:41:CD:E1:C0,-86,11,Lab. de microscopia
17/03/2026,11:23:15,190,IFPB-VISITANTE,2C:57:41:CD:E1:C2,-86,11,Lab. de microscopia
17/03/2026,11:23:39,191,IFPB-VISITANTE,84:F1:47:54:6B:82,-74,1,Lab. de matemática
17/03/2026,11:23:39,191,IFPB,84:F1:47:54:6B:80,-75,1,Lab. de matemática
17/03/2026,11:23:39,191,IFPB-VISITANTE,2C:57:41:D4:A5:22,-80,6,Lab. de matemática
17/03/2026,11:23:39,191,IFPB-VISITANTE,84:F1:47:54:8B:A2,-81,11,Lab. de matemática
17/03/2026,11:23:39,191,IFPB,84:F1:47:54:8B:A0,-82,11,Lab. de matemática
17/03/2026,11:23:39,191,IFPB,2C:57:41:D4:A5:20,-83,6,Lab. de matemática
17/03/2026,11:23:39,191,IFPB,84:F1:47:54:FD:60,-88,1,Lab. de matemática
17/03/2026,11:23:49,192,IFPB-VISITANTE,84:F1:47:54:6B:82,-74,1,Lab. de matemática
17/03/2026,11:23:49,192,IFPB,84:F1:47:54:6B:80,-75,1,Lab. de matemática
17/03/2026,11:23:49,192,IFPB,2C:57:41:D4:A5:20,-75,6,Lab. de matemática
17/03/2026,11:23:49,192,IFPB-VISITANTE,2C:57:41:D4:A5:22,-75,6,Lab. de matemática
17/03/2026,11:23:49,192,IFPB-VISITANTE,84:F1:47:54:80:62,-81,11,Lab. de matemática
17/03/2026,11:23:49,192,IFPB,84:F1:47:54:80:60,-83,11,Lab. de matemática
17/03/2026,11:23:49,192,IFPB,84:F1:47:54:8B:A0,-85,11,Lab. de matemática
17/03/2026,11:23:49,192,IFPB,84:F1:47:54:FD:60,-87,1,Lab. de matemática
17/03/2026,11:23:49,192,IFPB-VISITANTE,84:F1:47:54:8B:A2,-87,11,Lab. de matemática
17/03/2026,11:23:49,192,IFPB-VISITANTE,84:F1:47:54:FD:62,-88,1,Lab. de matemática
17/03/2026,11:23:49,192,IFPB,84:F1:47:54:7F:60,-88,6,Lab. de matemática
17/03/2026,11:23:49,192,IFPB-VISITANTE,84:F1:47:54:7F:62,-88,6,Lab. de matemática
17/03/2026,11:23:59,193,IFPB,84:F1:47:54:6B:80,-71,1,Lab. de matemática
17/03/2026,11:23:59,193,IFPB-VISITANTE,84:F1:47:54:6B:82,-72,1,Lab. de matemática
17/03/2026,11:23:59,193,IFPB,2C:57:41:D4:A5:20,-77,6,Lab. de matemática
17/03/2026,11:23:59,193,IFPB-VISITANTE,2C:57:41:D4:A5:22,-77,6,Lab. de matemática
17/03/2026,11:23:59,193,IFPB,84:F1:47:54:80:60,-85,11,Lab. de matemática
17/03/2026,11:23:59,193,IFPB-VISITANTE,84:F1:47:54:FD:62,-87,1,Lab. de matemática
17/03/2026,11:23:59,193,IFPB-VISITANTE,84:F1:47:54:8B:A2,-87,11,Lab. de matemática
17/03/2026,11:23:59,193,IFPB,84:F1:47:54:FD:60,-88,1,Lab. de matemática
17/03/2026,11:23:59,193,IFPB,2C:57:41:CD:E1:C0,-88,11,Lab. de matemática
17/03/2026,11:23:59,193,IFPB-VISITANTE,2C:57:41:CD:E1:C2,-89,11,Lab. de matemática
17/03/2026,11:24:09,194,IFPB,84:F1:47:54:6B:80,-72,1,Lab. de matemática
17/03/2026,11:24:09,194,IFPB-VISITANTE,84:F1:47:54:6B:82,-72,1,Lab. de matemática
17/03/2026,11:24:09,194,IFPB,2C:57:41:D4:A5:20,-74,6,Lab. de matemática
17/03/2026,11:24:09,194,IFPB-VISITANTE,2C:57:41:D4:A5:22,-74,6,Lab. de matemática
17/03/2026,11:24:09,194,IFPB,84:F1:47:54:80:60,-85,11,Lab. de matemática
17/03/2026,11:24:09,194,IFPB-VISITANTE,84:F1:47:54:80:62,-85,11,Lab. de matemática
17/03/2026,11:24:09,194,IFPB,2C:57:41:CD:E1:C0,-86,11,Lab. de matemática
17/03/2026,11:24:09,194,IFPB-VISITANTE,2C:57:41:CD:E1:C2,-87,11,Lab. de matemática
17/03/2026,11:24:19,195,IFPB,84:F1:47:54:6B:80,-70,1,Lab. de matemática
17/03/2026,11:24:19,195,IFPB-VISITANTE,84:F1:47:54:6B:82,-70,1,Lab. de matemática
17/03/2026,11:24:19,195,IFPB,2C:57:41:D4:A5:20,-81,6,Lab. de matemática
17/03/2026,11:24:19,195,IFPB-VISITANTE,2C:57:41:D4:A5:22,-82,6,Lab. de matemática
17/03/2026,11:24:19,195,IFPB,84:F1:47:54:FD:60,-86,1,Lab. de matemática
17/03/2026,11:24:19,195,IFPB-VISITANTE,84:F1:47:54:FD:62,-86,1,Lab. de matemática
17/03/2026,11:24:19,195,IFPB,84:F1:47:54:8B:A0,-86,11,Lab. de matemática
17/03/2026,11:24:19,195,IFPB-VISITANTE,84:F1:47:54:8B:A2,-86,11,Lab. de matemática
17/03/2026,11:24:19,195,IFPB-VISITANTE,2C:57:41:CD:E1:C2,-89,11,Lab. de matemática
17/03/2026,11:24:19,195,IFPB,2C:57:41:CD:E1:C0,-89,11,Lab. de matemática
17/03/2026,11:24:19,195,IFPB,84:F1:47:54:80:60,-90,11,Lab. de matemática
17/03/2026,11:24:19,195,IFPB-VISITANTE,84:F1:47:54:80:62,-90,11,Lab. de matemática
17/03/2026,11:24:29,196,IFPB-VISITANTE,84:F1:47:54:6B:82,-73,1,Lab. de matemática
17/03/2026,11:24:29,196,IFPB,84:F1:47:54:6B:80,-74,1,Lab. de matemática
17/03/2026,11:24:29,196,IFPB-VISITANTE,2C:57:41:D4:A5:22,-76,6,Lab. de matemática
17/03/2026,11:24:29,196,IFPB,2C:57:41:D4:A5:20,-76,6,Lab. de matemática
17/03/2026,11:24:29,196,IFPB,2C:57:41:CD:E1:C0,-89,11,Lab. de matemática
17/03/2026,11:24:29,196,IFPB-VISITANTE,2C:57:41:CD:E1:C2,-89,11,Lab. de matemática
17/03/2026,11:24:29,196,IFPB-VISITANTE,84:F1:47:54:F9:82,-92,11,Lab. de matemática
17/03/2026,11:24:29,196,IFPB,84:F1:47:54:F9:80,-93,11,Lab. de matemática
17/03/2026,11:24:39,197,IFPB,84:F1:47:54:6B:80,-70,1,Lab. de matemática
17/03/2026,11:24:39,197,IFPB-VISITANTE,84:F1:47:54:6B:82,-70,1,Lab. de matemática
17/03/2026,11:24:39,197,IFPB,2C:57:41:D4:A5:20,-79,6,Lab. de matemática
17/03/2026,11:24:39,197,IFPB-VISITANTE,2C:57:41:D4:A5:22,-79,6,Lab. de matemática
17/03/2026,11:24:39,197,IFPB,84:F1:47:54:8B:A0,-83,11,Lab. de matemática
17/03/2026,11:24:39,197,IFPB-VISITANTE,84:F1:47:54:8B:A2,-84,11,Lab. de matemática
17/03/2026,11:24:39,197,IFPB-VISITANTE,84:F1:47:54:80:62,-84,11,Lab. de matemática
17/03/2026,11:24:39,197,IFPB,84:F1:47:54:80:60,-86,11,Lab. de matemática
17/03/2026,11:24:39,197,IFPB,84:F1:47:54:FD:60,-87,1,Lab. de matemática
17/03/2026,11:24:48,198,IFPB,84:F1:47:54:6B:80,-73,1,Lab. de matemática
17/03/2026,11:24:48,198,IFPB-VISITANTE,84:F1:47:54:6B:82,-73,1,Lab. de matemática
17/03/2026,11:24:48,198,IFPB,84:F1:47:54:8B:A0,-81,11,Lab. de matemática
17/03/2026,11:24:48,198,IFPB-VISITANTE,84:F1:47:54:8B:A2,-81,11,Lab. de matemática
17/03/2026,11:24:48,198,IFPB,2C:57:41:D4:A5:20,-82,6,Lab. de matemática
17/03/2026,11:24:49,198,IFPB-VISITANTE,2C:57:41:D4:A5:22,-82,6,Lab. de matemática
17/03/2026,11:24:49,198,IFPB,84:F1:47:54:FD:60,-85,1,Lab. de matemática
17/03/2026,11:24:49,198,IFPB-VISITANTE,84:F1:47:54:FD:62,-86,1,Lab. de matemática
17/03/2026,11:24:49,198,IFPB-VISITANTE,84:F1:47:54:F9:82,-88,11,Lab. de matemática
17/03/2026,11:24:49,198,IFPB,84:F1:47:54:F9:80,-90,11,Lab. de matemática
17/03/2026,11:24:59,199,IFPB-VISITANTE,84:F1:47:54:6B:82,-71,1,Lab. de matemática
17/03/2026,11:24:59,199,IFPB,84:F1:47:54:6B:80,-72,1,Lab. de matemática
17/03/2026,11:24:59,199,IFPB-VISITANTE,2C:57:41:D4:A5:22,-76,6,Lab. de matemática
17/03/2026,11:24:59,199,IFPB,2C:57:41:D4:A5:20,-77,6,Lab. de matemática
17/03/2026,11:24:59,199,IFPB,84:F1:47:54:8B:A0,-83,11,Lab. de matemática
17/03/2026,11:24:59,199,IFPB-VISITANTE,84:F1:47:54:8B:A2,-83,11,Lab. de matemática
17/03/2026,11:24:59,199,IFPB,2C:57:41:CD:E1:C0,-85,11,Lab. de matemática
17/03/2026,11:24:59,199,IFPB-VISITANTE,2C:57:41:CD:E1:C2,-85,11,Lab. de matemática
17/03/2026,11:24:59,199,IFPB,84:F1:47:54:FD:60,-88,1,Lab. de matemática
17/03/2026,11:24:59,199,IFPB-VISITANTE,84:F1:47:54:FD:62,-91,1,Lab. de matemática
17/03/2026,11:25:09,200,IFPB,84:F1:47:54:6B:80,-71,1,Lab. de matemática
17/03/2026,11:25:09,200,IFPB-VISITANTE,84:F1:47:54:6B:82,-71,1,Lab. de matemática
17/03/2026,11:25:09,200,IFPB-VISITANTE,2C:57:41:D4:A5:22,-83,6,Lab. de matemática
17/03/2026,11:25:09,200,IFPB,2C:57:41:D4:A5:20,-84,6,Lab. de matemática
17/03/2026,11:25:09,200,IFPB-VISITANTE,84:F1:47:54:8B:A2,-84,11,Lab. de matemática
17/03/2026,11:25:09,200,IFPB,84:F1:47:54:8B:A0,-85,11,Lab. de matemática
17/03/2026,11:25:09,200,IFPB-VISITANTE,84:F1:47:54:FD:62,-87,1,Lab. de matemática
17/03/2026,11:25:09,200,IFPB-VISITANTE,2C:57:41:CD:E1:C2,-87,11,Lab. de matemática
17/03/2026,11:25:09,200,IFPB-VISITANTE,84:F1:47:54:80:62,-87,11,Lab. de matemática
17/03/2026,11:25:09,200,IFPB,84:F1:47:54:80:60,-87,11,Lab. de matemática
17/03/2026,11:25:09,200,IFPB,2C:57:41:CD:E1:C0,-88,11,Lab. de matemática
17/03/2026,11:25:09,200,IFPB,84:F1:47:54:FD:60,-89,1,Lab. de matemática
17/03/2026,11:26:12,201,IFPB,84:F1:47:54:6B:80,-70,1,Lab. de biologia
17/03/2026,11:26:12,201,IFPB-VISITANTE,84:F1:47:54:6B:82,-70,1,Lab. de biologia
17/03/2026,11:26:12,201,IFPB,24:36:DA:2B:BC:00,-70,6,Lab. de biologia
17/03/2026,11:26:12,201,IFPB-VISITANTE,24:36:DA:2B:BC:02,-70,6,Lab. de biologia
17/03/2026,11:26:12,201,IFPB,84:F1:47:54:8B:A0,-83,11,Lab. de biologia
17/03/2026,11:26:12,201,IFPB-VISITANTE,84:F1:47:54:8B:A2,-86,11,Lab. de biologia
17/03/2026,11:26:12,201,IFPB,2C:57:41:CD:E1:C0,-88,11,Lab. de biologia
17/03/2026,11:26:12,201,IFPB-VISITANTE,2C:57:41:CD:E1:C2,-88,11,Lab. de biologia
17/03/2026,11:26:12,201,IFPB,2C:57:41:D4:A5:20,-89,6,Lab. de biologia
17/03/2026,11:26:12,201,IFPB-VISITANTE,2C:57:41:D4:A5:22,-90,6,Lab. de biologia
17/03/2026,11:26:22,202,IFPB-VISITANTE,84:F1:47:54:6B:82,-66,1,Lab. de biologia
17/03/2026,11:26:22,202,IFPB,24:36:DA:2B:BC:00,-66,6,Lab. de biologia
17/03/2026,11:26:22,202,IFPB-VISITANTE,24:36:DA:2B:BC:02,-66,6,Lab. de biologia
17/03/2026,11:26:22,202,IFPB,84:F1:47:54:6B:80,-67,1,Lab. de biologia
17/03/2026,11:26:22,202,IFPB-VISITANTE,84:F1:47:54:8B:A2,-76,11,Lab. de biologia
17/03/2026,11:26:22,202,IFPB,84:F1:47:54:8B:A0,-77,11,Lab. de biologia
17/03/2026,11:26:22,202,IFPB,84:F1:47:54:81:00,-85,11,Lab. de biologia
17/03/2026,11:26:22,202,IFPB-VISITANTE,84:F1:47:54:81:02,-85,11,Lab. de biologia
17/03/2026,11:26:22,202,IFPB,2C:57:41:CD:E1:C0,-86,11,Lab. de biologia
17/03/2026,11:26:22,202,IFPB-VISITANTE,2C:57:41:CD:E1:C2,-86,11,Lab. de biologia
17/03/2026,11:26:32,203,IFPB,84:F1:47:54:6B:80,-72,1,Lab. de biologia
17/03/2026,11:26:32,203,IFPB-VISITANTE,84:F1:47:54:6B:82,-72,1,Lab. de biologia
17/03/2026,11:26:32,203,IFPB,24:36:DA:2B:BC:00,-74,6,Lab. de biologia
17/03/2026,11:26:32,203,IFPB-VISITANTE,24:36:DA:2B:BC:02,-74,6,Lab. de biologia
17/03/2026,11:26:32,203,IFPB-VISITANTE,84:F1:47:54:8B:A2,-82,11,Lab. de biologia
17/03/2026,11:26:32,203,IFPB,84:F1:47:54:8B:A0,-82,11,Lab. de biologia
17/03/2026,11:26:32,203,IFPB-VISITANTE,84:F1:47:54:81:02,-90,11,Lab. de biologia
17/03/2026,11:26:32,203,IFPB,2C:57:41:CD:E1:C0,-91,11,Lab. de biologia
17/03/2026,11:26:32,203,IFPB,84:F1:47:54:81:00,-91,11,Lab. de biologia
17/03/2026,11:26:32,203,IFPB-VISITANTE,2C:57:41:CD:E1:C2,-92,11,Lab. de biologia
17/03/2026,11:26:42,204,IFPB,84:F1:47:54:6B:80,-68,1,Lab. de biologia
17/03/2026,11:26:42,204,IFPB-VISITANTE,84:F1:47:54:6B:82,-68,1,Lab. de biologia
17/03/2026,11:26:42,204,IFPB,24:36:DA:2B:BC:00,-68,6,Lab. de biologia
17/03/2026,11:26:42,204,IFPB-VISITANTE,24:36:DA:2B:BC:02,-68,6,Lab. de biologia
17/03/2026,11:26:42,204,IFPB,84:F1:47:54:8B:A0,-83,11,Lab. de biologia
17/03/2026,11:26:42,204,IFPB-VISITANTE,84:F1:47:54:8B:A2,-84,11,Lab. de biologia
17/03/2026,11:26:42,204,IFPB-VISITANTE,84:F1:47:54:96:E2,-88,1,Lab. de biologia
17/03/2026,11:26:42,204,IFPB,84:F1:47:54:81:00,-88,11,Lab. de biologia
17/03/2026,11:26:42,204,IFPB,84:F1:47:54:96:E0,-89,1,Lab. de biologia
17/03/2026,11:26:42,204,IFPB-VISITANTE,2C:57:41:D4:A5:22,-89,6,Lab. de biologia
17/03/2026,11:26:42,204,IFPB-VISITANTE,84:F1:47:54:81:02,-89,11,Lab. de biologia
17/03/2026,11:26:42,204,IFPB-VISITANTE,2C:57:41:CD:E1:C2,-89,11,Lab. de biologia
17/03/2026,11:26:42,204,IFPB,2C:57:41:CD:E1:C0,-90,11,Lab. de biologia
17/03/2026,11:26:52,205,IFPB,84:F1:47:54:6B:80,-66,1,Lab. de biologia
17/03/2026,11:26:52,205,IFPB-VISITANTE,84:F1:47:54:6B:82,-66,1,Lab. de biologia
17/03/2026,11:26:52,205,IFPB-VISITANTE,24:36:DA:2B:BC:02,-66,6,Lab. de biologia
17/03/2026,11:26:52,205,IFPB,24:36:DA:2B:BC:00,-67,6,Lab. de biologia
17/03/2026,11:26:52,205,IFPB,84:F1:47:54:8B:A0,-73,11,Lab. de biologia
17/03/2026,11:26:52,205,IFPB-VISITANTE,84:F1:47:54:8B:A2,-73,11,Lab. de biologia
17/03/2026,11:26:52,205,IFPB,84:F1:47:54:81:00,-83,11,Lab. de biologia
17/03/2026,11:26:52,205,IFPB-VISITANTE,84:F1:47:54:81:02,-83,11,Lab. de biologia
17/03/2026,11:26:52,205,IFPB,84:F1:47:54:96:E0,-88,1,Lab. de biologia
17/03/2026,11:27:02,206,IFPB-VISITANTE,84:F1:47:54:6B:82,-63,1,Lab. de biologia
17/03/2026,11:27:02,206,IFPB,84:F1:47:54:6B:80,-63,1,Lab. de biologia
17/03/2026,11:27:02,206,IFPB-VISITANTE,24:36:DA:2B:BC:02,-68,6,Lab. de biologia
17/03/2026,11:27:02,206,IFPB,24:36:DA:2B:BC:00,-68,6,Lab. de biologia
17/03/2026,11:27:02,206,IFPB,84:F1:47:54:8B:A0,-84,11,Lab. de biologia
17/03/2026,11:27:02,206,IFPB-VISITANTE,84:F1:47:54:8B:A2,-85,11,Lab. de biologia
17/03/2026,11:27:02,206,IFPB-VISITANTE,84:F1:47:54:81:02,-85,11,Lab. de biologia
17/03/2026,11:27:02,206,IFPB,84:F1:47:54:81:00,-86,11,Lab. de biologia
17/03/2026,11:27:02,206,IFPB,2C:57:41:CD:E1:C0,-89,11,Lab. de biologia
17/03/2026,11:27:02,206,IFPB-VISITANTE,2C:57:41:CD:E1:C2,-90,11,Lab. de biologia
17/03/2026,11:27:12,207,IFPB,24:36:DA:2B:BC:00,-69,6,Lab. de biologia
17/03/2026,11:27:12,207,IFPB-VISITANTE,24:36:DA:2B:BC:02,-69,6,Lab. de biologia
17/03/2026,11:27:12,207,IFPB,84:F1:47:54:6B:80,-70,1,Lab. de biologia
17/03/2026,11:27:12,207,IFPB-VISITANTE,84:F1:47:54:6B:82,-70,1,Lab. de biologia
17/03/2026,11:27:12,207,IFPB,2C:57:41:CD:E1:C0,-83,11,Lab. de biologia
17/03/2026,11:27:12,207,IFPB-VISITANTE,2C:57:41:CD:E1:C2,-83,11,Lab. de biologia
17/03/2026,11:27:12,207,IFPB-VISITANTE,84:F1:47:54:96:E2,-88,1,Lab. de biologia
17/03/2026,11:27:12,207,IFPB,84:F1:47:54:81:00,-88,11,Lab. de biologia
17/03/2026,11:27:12,207,IFPB-VISITANTE,84:F1:47:54:81:02,-88,11,Lab. de biologia
17/03/2026,11:27:12,207,IFPB,84:F1:47:54:96:E0,-89,1,Lab. de biologia
17/03/2026,11:27:22,208,IFPB,24:36:DA:2B:BC:00,-71,6,Lab. de biologia
17/03/2026,11:27:22,208,IFPB-VISITANTE,24:36:DA:2B:BC:02,-71,6,Lab. de biologia
17/03/2026,11:27:22,208,IFPB,84:F1:47:54:6B:80,-72,1,Lab. de biologia
17/03/2026,11:27:22,208,IFPB-VISITANTE,84:F1:47:54:6B:82,-72,1,Lab. de biologia
17/03/2026,11:27:22,208,IFPB-VISITANTE,84:F1:47:54:8B:A2,-81,11,Lab. de biologia
17/03/2026,11:27:22,208,IFPB,84:F1:47:54:8B:A0,-82,11,Lab. de biologia
17/03/2026,11:27:22,208,IFPB-VISITANTE,2C:57:41:CD:E1:C2,-88,11,Lab. de biologia
17/03/2026,11:27:22,208,IFPB,2C:57:41:CD:E1:C0,-88,11,Lab. de biologia
17/03/2026,11:27:32,209,IFPB,84:F1:47:54:6B:80,-69,1,Lab. de biologia
17/03/2026,11:27:32,209,IFPB-VISITANTE,84:F1:47:54:6B:82,-69,1,Lab. de biologia
17/03/2026,11:27:32,209,IFPB-VISITANTE,24:36:DA:2B:BC:02,-70,6,Lab. de biologia
17/03/2026,11:27:32,209,IFPB,24:36:DA:2B:BC:00,-71,6,Lab. de biologia
17/03/2026,11:27:32,209,IFPB-VISITANTE,84:F1:47:54:8B:A2,-78,11,Lab. de biologia
17/03/2026,11:27:32,209,IFPB,84:F1:47:54:8B:A0,-79,11,Lab. de biologia
17/03/2026,11:27:32,209,IFPB-VISITANTE,84:F1:47:54:81:02,-83,11,Lab. de biologia
17/03/2026,11:27:32,209,IFPB,84:F1:47:54:81:00,-84,11,Lab. de biologia
17/03/2026,11:27:32,209,IFPB,2C:57:41:CD:E1:C0,-84,11,Lab. de biologia
17/03/2026,11:27:32,209,IFPB-VISITANTE,2C:57:41:CD:E1:C2,-85,11,Lab. de biologia
17/03/2026,11:27:42,210,IFPB-VISITANTE,84:F1:47:54:6B:82,-69,1,Lab. de biologia
17/03/2026,11:27:42,210,IFPB,84:F1:47:54:6B:80,-70,1,Lab. de biologia
17/03/2026,11:27:42,210,IFPB,24:36:DA:2B:BC:00,-74,6,Lab. de biologia
17/03/2026,11:27:42,210,IFPB-VISITANTE,24:36:DA:2B:BC:02,-74,6,Lab. de biologia
17/03/2026,11:27:42,210,IFPB-VISITANTE,84:F1:47:54:8B:A2,-85,11,Lab. de biologia
17/03/2026,11:27:42,210,IFPB,84:F1:47:54:8B:A0,-85,11,Lab. de biologia
17/03/2026,11:27:42,210,IFPB,2C:57:41:D4:A5:20,-86,6,Lab. de biologia
17/03/2026,11:27:42,210,IFPB,84:F1:47:54:81:00,-86,11,Lab. de biologia
17/03/2026,11:27:42,210,IFPB,2C:57:41:CD:E1:C0,-86,11,Lab. de biologia
17/03/2026,11:27:42,210,IFPB-VISITANTE,84:F1:47:54:81:02,-86,11,Lab. de biologia
17/03/2026,11:27:43,210,IFPB-VISITANTE,2C:57:41:D4:A5:22,-87,6,Lab. de biologia
17/03/2026,11:27:43,210,IFPB-VISITANTE,2C:57:41:CD:E1:C2,-87,11,Lab. de biologia
17/03/2026,11:28:33,211,IFPB-VISITANTE,84:F1:47:54:6B:82,-66,1,Lab. de física
17/03/2026,11:28:33,211,IFPB,84:F1:47:54:6B:80,-67,1,Lab. de física
17/03/2026,11:28:33,211,IFPB,24:36:DA:2B:BC:00,-70,6,Lab. de física
17/03/2026,11:28:33,211,IFPB-VISITANTE,24:36:DA:2B:BC:02,-70,6,Lab. de física
17/03/2026,11:28:33,211,IFPB,2C:57:41:D4:A5:20,-83,6,Lab. de física
17/03/2026,11:28:33,211,IFPB-VISITANTE,2C:57:41:D4:A5:22,-84,6,Lab. de física
17/03/2026,11:28:33,211,IFPB,84:F1:47:54:8B:A0,-84,11,Lab. de física
17/03/2026,11:28:33,211,IFPB-VISITANTE,84:F1:47:54:8B:A2,-84,11,Lab. de física
17/03/2026,11:28:33,211,IFPB-VISITANTE,2C:57:41:CD:E1:C2,-86,11,Lab. de física
17/03/2026,11:28:33,211,IFPB,2C:57:41:CD:E1:C0,-87,11,Lab. de física
17/03/2026,11:28:33,211,IFPB,84:F1:47:54:81:00,-88,11,Lab. de física
17/03/2026,11:28:33,211,IFPB-VISITANTE,84:F1:47:54:81:02,-89,11,Lab. de física
17/03/2026,11:28:43,212,IFPB,24:36:DA:2B:BC:00,-68,6,Lab. de física
17/03/2026,11:28:43,212,IFPB-VISITANTE,24:36:DA:2B:BC:02,-68,6,Lab. de física
17/03/2026,11:28:43,212,IFPB,84:F1:47:54:6B:80,-72,1,Lab. de física
17/03/2026,11:28:43,212,IFPB-VISITANTE,84:F1:47:54:6B:82,-73,1,Lab. de física
17/03/2026,11:28:43,212,IFPB-VISITANTE,2C:57:41:CD:E1:C2,-78,11,Lab. de física
17/03/2026,11:28:43,212,IFPB,2C:57:41:CD:E1:C0,-79,11,Lab. de física
17/03/2026,11:28:43,212,IFPB,2C:57:41:D4:A5:20,-86,6,Lab. de física
17/03/2026,11:28:43,212,IFPB-VISITANTE,2C:57:41:D4:A5:22,-86,6,Lab. de física
17/03/2026,11:28:43,212,IFPB,84:F1:47:54:81:00,-88,11,Lab. de física
17/03/2026,11:28:43,212,IFPB-VISITANTE,84:F1:47:54:81:02,-88,11,Lab. de física
17/03/2026,11:28:53,213,IFPB,84:F1:47:54:6B:80,-69,1,Lab. de física
17/03/2026,11:28:53,213,IFPB-VISITANTE,84:F1:47:54:6B:82,-69,1,Lab. de física
17/03/2026,11:28:53,213,IFPB,24:36:DA:2B:BC:00,-70,6,Lab. de física
17/03/2026,11:28:53,213,IFPB-VISITANTE,24:36:DA:2B:BC:02,-70,6,Lab. de física
17/03/2026,11:28:53,213,IFPB,2C:57:41:D4:A5:20,-78,6,Lab. de física
17/03/2026,11:28:53,213,IFPB-VISITANTE,2C:57:41:D4:A5:22,-79,6,Lab. de física
17/03/2026,11:28:53,213,IFPB,84:F1:47:54:8B:A0,-81,11,Lab. de física
17/03/2026,11:28:53,213,IFPB-VISITANTE,84:F1:47:54:8B:A2,-81,11,Lab. de física
17/03/2026,11:28:53,213,IFPB-VISITANTE,84:F1:47:54:81:02,-90,11,Lab. de física
17/03/2026,11:29:03,214,IFPB,24:36:DA:2B:BC:00,-67,6,Lab. de física
17/03/2026,11:29:03,214,IFPB-VISITANTE,24:36:DA:2B:BC:02,-67,6,Lab. de física
17/03/2026,11:29:03,214,IFPB,84:F1:47:54:6B:80,-72,1,Lab. de física
17/03/2026,11:29:03,214,IFPB-VISITANTE,84:F1:47:54:6B:82,-72,1,Lab. de física
17/03/2026,11:29:03,214,IFPB,2C:57:41:CD:E1:C0,-82,11,Lab. de física
17/03/2026,11:29:03,214,IFPB-VISITANTE,2C:57:41:CD:E1:C2,-82,11,Lab. de física
17/03/2026,11:29:03,214,IFPB,84:F1:47:54:8B:A0,-82,11,Lab. de física
17/03/2026,11:29:03,214,IFPB-VISITANTE,84:F1:47:54:8B:A2,-83,11,Lab. de física
17/03/2026,11:29:03,214,IFPB,84:F1:47:54:81:00,-87,11,Lab. de física
17/03/2026,11:29:03,214,IFPB-VISITANTE,84:F1:47:54:81:02,-89,11,Lab. de física
17/03/2026,11:29:13,215,IFPB,84:F1:47:54:6B:80,-70,1,Lab. de física
17/03/2026,11:29:13,215,IFPB-VISITANTE,84:F1:47:54:6B:82,-70,1,Lab. de física
17/03/2026,11:29:13,215,IFPB-VISITANTE,24:36:DA:2B:BC:02,-73,6,Lab. de física
17/03/2026,11:29:13,215,IFPB,24:36:DA:2B:BC:00,-75,6,Lab. de física
17/03/2026,11:29:13,215,IFPB-VISITANTE,84:F1:47:54:8B:A2,-78,11,Lab. de física
17/03/2026,11:29:13,215,IFPB,84:F1:47:54:8B:A0,-79,11,Lab. de física
17/03/2026,11:29:13,215,IFPB,2C:57:41:D4:A5:20,-84,6,Lab. de física
17/03/2026,11:29:13,215,IFPB-VISITANTE,2C:57:41:D4:A5:22,-84,6,Lab. de física
17/03/2026,11:29:13,215,IFPB,2C:57:41:CD:E1:C0,-86,11,Lab. de física
17/03/2026,11:29:13,215,IFPB-VISITANTE,2C:57:41:CD:E1:C2,-87,11,Lab. de física
17/03/2026,11:29:13,215,IFPB-VISITANTE,84:F1:47:54:81:02,-90,11,Lab. de física
17/03/2026,11:29:13,215,IFPB,84:F1:47:54:81:00,-91,11,Lab. de física
17/03/2026,11:29:23,216,IFPB,84:F1:47:54:6B:80,-63,1,Lab. de física
17/03/2026,11:29:23,216,IFPB-VISITANTE,84:F1:47:54:6B:82,-63,1,Lab. de física
17/03/2026,11:29:23,216,IFPB,24:36:DA:2B:BC:00,-72,6,Lab. de física
17/03/2026,11:29:23,216,IFPB-VISITANTE,24:36:DA:2B:BC:02,-72,6,Lab. de física
17/03/2026,11:29:23,216,IFPB-VISITANTE,84:F1:47:54:8B:A2,-80,11,Lab. de física
17/03/2026,11:29:23,216,IFPB,2C:57:41:CD:E1:C0,-81,11,Lab. de física
17/03/2026,11:29:23,216,IFPB-VISITANTE,2C:57:41:CD:E1:C2,-81,11,Lab. de física
17/03/2026,11:29:23,216,IFPB,84:F1:47:54:8B:A0,-81,11,Lab. de física
17/03/2026,11:29:23,216,IFPB-VISITANTE,2C:57:41:D4:A5:22,-83,6,Lab. de física
17/03/2026,11:29:23,216,IFPB-VISITANTE,84:F1:47:54:81:02,-83,11,Lab. de física
17/03/2026,11:29:23,216,IFPB,84:F1:47:54:81:00,-84,11,Lab. de física
17/03/2026,11:29:23,216,IFPB,2C:57:41:D4:A5:20,-85,6,Lab. de física
17/03/2026,11:29:33,217,IFPB,84:F1:47:54:6B:80,-67,1,Lab. de física
17/03/2026,11:29:33,217,IFPB-VISITANTE,84:F1:47:54:6B:82,-67,1,Lab. de física
17/03/2026,11:29:33,217,IFPB,24:36:DA:2B:BC:00,-69,6,Lab. de física
17/03/2026,11:29:33,217,IFPB-VISITANTE,24:36:DA:2B:BC:02,-69,6,Lab. de física
17/03/2026,11:29:33,217,IFPB-VISITANTE,84:F1:47:54:8B:A2,-82,11,Lab. de física
17/03/2026,11:29:33,217,IFPB,84:F1:47:54:8B:A0,-82,11,Lab. de física
17/03/2026,11:29:33,217,IFPB-VISITANTE,2C:57:41:CD:E1:C2,-85,11,Lab. de física
17/03/2026,11:29:33,217,IFPB,2C:57:41:D4:A5:20,-86,6,Lab. de física
17/03/2026,11:29:33,217,IFPB,2C:57:41:CD:E1:C0,-86,11,Lab. de física
17/03/2026,11:29:33,217,IFPB-VISITANTE,2C:57:41:D4:A5:22,-87,6,Lab. de física
17/03/2026,11:29:33,217,IFPB-VISITANTE,84:F1:47:54:81:02,-90,11,Lab. de física
17/03/2026,11:29:33,217,IFPB,84:F1:47:54:81:00,-90,11,Lab. de física
17/03/2026,11:29:43,218,IFPB,84:F1:47:54:6B:80,-66,1,Lab. de física
17/03/2026,11:29:43,218,IFPB-VISITANTE,84:F1:47:54:6B:82,-66,1,Lab. de física
17/03/2026,11:29:43,218,IFPB,24:36:DA:2B:BC:00,-69,6,Lab. de física
17/03/2026,11:29:43,218,IFPB-VISITANTE,24:36:DA:2B:BC:02,-70,6,Lab. de física
17/03/2026,11:29:43,218,IFPB,2C:57:41:D4:A5:20,-80,6,Lab. de física
17/03/2026,11:29:43,218,IFPB-VISITANTE,2C:57:41:D4:A5:22,-81,6,Lab. de física
17/03/2026,11:29:43,218,IFPB-VISITANTE,84:F1:47:54:81:02,-85,11,Lab. de física
17/03/2026,11:29:43,218,IFPB,84:F1:47:54:81:00,-86,11,Lab. de física
17/03/2026,11:29:43,218,IFPB,84:F1:47:54:8B:A0,-87,11,Lab. de física
17/03/2026,11:29:43,218,IFPB-VISITANTE,84:F1:47:54:8B:A2,-87,11,Lab. de física
17/03/2026,11:29:43,218,IFPB-VISITANTE,2C:57:41:CD:E1:C2,-88,11,Lab. de física
17/03/2026,11:29:53,219,IFPB,84:F1:47:54:6B:80,-66,1,Lab. de física
17/03/2026,11:29:53,219,IFPB-VISITANTE,84:F1:47:54:6B:82,-66,1,Lab. de física
17/03/2026,11:29:53,219,IFPB,24:36:DA:2B:BC:00,-71,6,Lab. de física
17/03/2026,11:29:53,219,IFPB-VISITANTE,24:36:DA:2B:BC:02,-71,6,Lab. de física
17/03/2026,11:29:53,219,IFPB,84:F1:47:54:8B:A0,-82,11,Lab. de física
17/03/2026,11:29:53,219,IFPB-VISITANTE,84:F1:47:54:8B:A2,-82,11,Lab. de física
17/03/2026,11:29:53,219,IFPB,84:F1:47:54:81:00,-87,11,Lab. de física
17/03/2026,11:29:53,219,IFPB-VISITANTE,84:F1:47:54:81:02,-87,11,Lab. de física
17/03/2026,11:30:03,220,IFPB,84:F1:47:54:6B:80,-72,1,Lab. de física
17/03/2026,11:30:03,220,IFPB,24:36:DA:2B:BC:00,-72,6,Lab. de física
17/03/2026,11:30:03,220,IFPB-VISITANTE,24:36:DA:2B:BC:02,-72,6,Lab. de física
17/03/2026,11:30:03,220,IFPB-VISITANTE,84:F1:47:54:6B:82,-73,1,Lab. de física
17/03/2026,11:30:03,220,IFPB,84:F1:47:54:8B:A0,-77,11,Lab. de física
17/03/2026,11:30:03,220,IFPB-VISITANTE,84:F1:47:54:8B:A2,-77,11,Lab. de física
17/03/2026,11:30:03,220,IFPB,2C:57:41:D4:A5:20,-86,6,Lab. de física
17/03/2026,11:30:03,220,IFPB-VISITANTE,2C:57:41:D4:A5:22,-86,6,Lab. de física
17/03/2026,11:30:03,220,IFPB,2C:57:41:CD:E1:C0,-89,11,Lab. de física
17/03/2026,11:30:03,220,IFPB,84:F1:47:54:81:00,-89,11,Lab. de física
17/03/2026,11:30:03,220,IFPB-VISITANTE,2C:57:41:CD:E1:C2,-91,11,Lab. de física
17/03/2026,11:30:03,220,IFPB-VISITANTE,84:F1:47:54:81:02,-91,11,Lab. de física
17/03/2026,11:30:46,221,IFPB,84:F1:47:54:8B:A0,-67,11,Núcleo de pesquisa
17/03/2026,11:30:46,221,IFPB-VISITANTE,84:F1:47:54:8B:A2,-67,11,Núcleo de pesquisa
17/03/2026,11:30:46,221,IFPB,84:F1:47:54:6B:80,-82,1,Núcleo de pesquisa
17/03/2026,11:30:46,221,IFPB-VISITANTE,84:F1:47:54:6B:82,-82,1,Núcleo de pesquisa
17/03/2026,11:30:46,221,IFPB-VISITANTE,84:F1:47:54:FD:62,-82,1,Núcleo de pesquisa
17/03/2026,11:30:46,221,IFPB,84:F1:47:54:FD:60,-83,1,Núcleo de pesquisa
17/03/2026,11:30:46,221,IFPB,2C:57:41:D4:A5:20,-85,6,Núcleo de pesquisa
17/03/2026,11:30:46,221,IFPB-VISITANTE,2C:57:41:D4:A5:22,-86,6,Núcleo de pesquisa
17/03/2026,11:30:46,221,IFPB,84:F1:47:54:81:00,-91,11,Núcleo de pesquisa
17/03/2026,11:30:46,221,IFPB-VISITANTE,84:F1:47:54:81:02,-91,11,Núcleo de pesquisa
17/03/2026,11:30:56,222,IFPB,84:F1:47:54:8B:A0,-64,11,Núcleo de pesquisa
17/03/2026,11:30:56,222,IFPB-VISITANTE,84:F1:47:54:8B:A2,-64,11,Núcleo de pesquisa
17/03/2026,11:30:56,222,IFPB,84:F1:47:54:FD:60,-81,1,Núcleo de pesquisa
17/03/2026,11:30:56,222,IFPB,2C:57:41:D4:A5:20,-81,6,Núcleo de pesquisa
17/03/2026,11:30:56,222,IFPB-VISITANTE,84:F1:47:54:FD:62,-82,1,Núcleo de pesquisa
17/03/2026,11:30:56,222,IFPB,84:F1:47:54:6B:80,-82,1,Núcleo de pesquisa
17/03/2026,11:30:56,222,IFPB-VISITANTE,84:F1:47:54:6B:82,-82,1,Núcleo de pesquisa
17/03/2026,11:30:56,222,IFPB-VISITANTE,2C:57:41:D4:A5:22,-82,6,Núcleo de pesquisa
17/03/2026,11:31:06,223,IFPB,84:F1:47:54:8B:A0,-71,11,Núcleo de pesquisa
17/03/2026,11:31:06,223,IFPB-VISITANTE,84:F1:47:54:8B:A2,-71,11,Núcleo de pesquisa
17/03/2026,11:31:06,223,IFPB-VISITANTE,84:F1:47:54:FD:62,-82,1,Núcleo de pesquisa
17/03/2026,11:31:06,223,IFPB,84:F1:47:54:FD:60,-83,1,Núcleo de pesquisa
17/03/2026,11:31:06,223,IFPB-VISITANTE,24:36:DA:2B:BC:02,-84,6,Núcleo de pesquisa
17/03/2026,11:31:06,223,IFPB,24:36:DA:2B:BC:00,-85,6,Núcleo de pesquisa
17/03/2026,11:31:06,223,IFPB-VISITANTE,84:F1:47:54:6B:82,-86,1,Núcleo de pesquisa
17/03/2026,11:31:06,223,IFPB,84:F1:47:54:6B:80,-87,1,Núcleo de pesquisa
17/03/2026,11:31:16,224,IFPB-VISITANTE,84:F1:47:54:8B:A2,-72,11,Núcleo de pesquisa
17/03/2026,11:31:16,224,IFPB,84:F1:47:54:8B:A0,-73,11,Núcleo de pesquisa
17/03/2026,11:31:16,224,IFPB,2C:57:41:D4:A5:20,-78,6,Núcleo de pesquisa
17/03/2026,11:31:16,224,IFPB-VISITANTE,2C:57:41:D4:A5:22,-78,6,Núcleo de pesquisa
17/03/2026,11:31:16,224,IFPB,84:F1:47:54:6B:80,-83,1,Núcleo de pesquisa
17/03/2026,11:31:16,224,IFPB-VISITANTE,84:F1:47:54:6B:82,-84,1,Núcleo de pesquisa
17/03/2026,11:31:16,224,IFPB-VISITANTE,24:36:DA:2B:BC:02,-86,6,Núcleo de pesquisa
17/03/2026,11:31:16,224,IFPB-VISITANTE,84:F1:47:54:FD:62,-88,1,Núcleo de pesquisa
17/03/2026,11:31:16,224,IFPB,24:36:DA:2B:BC:00,-88,6,Núcleo de pesquisa
17/03/2026,11:31:16,224,IFPB,84:F1:47:54:FD:60,-89,1,Núcleo de pesquisa
17/03/2026,11:31:16,224,IFPB,84:F1:47:54:81:00,-91,11,Núcleo de pesquisa
17/03/2026,11:31:16,224,IFPB-VISITANTE,84:F1:47:54:81:02,-91,11,Núcleo de pesquisa
17/03/2026,11:31:26,225,IFPB,84:F1:47:54:8B:A0,-78,11,Núcleo de pesquisa
17/03/2026,11:31:26,225,IFPB-VISITANTE,84:F1:47:54:8B:A2,-80,11,Núcleo de pesquisa
17/03/2026,11:31:26,225,IFPB,84:F1:47:54:6B:80,-83,1,Núcleo de pesquisa
17/03/2026,11:31:26,225,IFPB,2C:57:41:D4:A5:20,-83,6,Núcleo de pesquisa
17/03/2026,11:31:26,225,IFPB-VISITANTE,84:F1:47:54:6B:82,-84,1,Núcleo de pesquisa
17/03/2026,11:31:26,225,IFPB,84:F1:47:54:FD:60,-86,1,Núcleo de pesquisa
17/03/2026,11:31:26,225,IFPB,24:36:DA:2B:BC:00,-87,6,Núcleo de pesquisa
17/03/2026,11:31:26,225,IFPB-VISITANTE,24:36:DA:2B:BC:02,-88,6,Núcleo de pesquisa
17/03/2026,11:31:26,225,IFPB-VISITANTE,84:F1:47:54:FD:62,-89,1,Núcleo de pesquisa
17/03/2026,11:31:26,225,IFPB,84:F1:47:54:81:00,-91,11,Núcleo de pesquisa
17/03/2026,11:31:26,225,IFPB-VISITANTE,84:F1:47:54:81:02,-92,11,Núcleo de pesquisa
17/03/2026,11:31:36,226,IFPB-VISITANTE,84:F1:47:54:8B:A2,-76,11,Núcleo de pesquisa
17/03/2026,11:31:36,226,IFPB,84:F1:47:54:8B:A0,-77,11,Núcleo de pesquisa
17/03/2026,11:31:36,226,IFPB-VISITANTE,84:F1:47:54:6B:82,-82,1,Núcleo de pesquisa
17/03/2026,11:31:36,226,IFPB-VISITANTE,84:F1:47:54:FD:62,-83,1,Núcleo de pesquisa
17/03/2026,11:31:36,226,IFPB,84:F1:47:54:FD:60,-83,1,Núcleo de pesquisa
17/03/2026,11:31:36,226,IFPB,84:F1:47:54:6B:80,-84,1,Núcleo de pesquisa
17/03/2026,11:31:36,226,IFPB,84:F1:47:54:81:00,-90,11,Núcleo de pesquisa
17/03/2026,11:31:36,226,IFPB-VISITANTE,84:F1:47:54:81:02,-91,11,Núcleo de pesquisa
17/03/2026,11:31:46,227,IFPB,84:F1:47:54:8B:A0,-75,11,Núcleo de pesquisa
17/03/2026,11:31:46,227,IFPB-VISITANTE,84:F1:47:54:8B:A2,-75,11,Núcleo de pesquisa
17/03/2026,11:31:46,227,IFPB-VISITANTE,84:F1:47:54:FD:62,-82,1,Núcleo de pesquisa
17/03/2026,11:31:46,227,IFPB,84:F1:47:54:FD:60,-83,1,Núcleo de pesquisa
17/03/2026,11:31:46,227,IFPB-VISITANTE,84:F1:47:54:6B:82,-85,1,Núcleo de pesquisa
17/03/2026,11:31:46,227,IFPB,2C:57:41:D4:A5:20,-85,6,Núcleo de pesquisa
17/03/2026,11:31:46,227,IFPB,84:F1:47:54:6B:80,-87,1,Núcleo de pesquisa
17/03/2026,11:31:56,228,IFPB,84:F1:47:54:8B:A0,-66,11,Núcleo de pesquisa
17/03/2026,11:31:56,228,IFPB-VISITANTE,84:F1:47:54:8B:A2,-66,11,Núcleo de pesquisa
17/03/2026,11:31:56,228,IFPB-VISITANTE,2C:57:41:D4:A5:22,-84,6,Núcleo de pesquisa
17/03/2026,11:31:56,228,IFPB,84:F1:47:54:6B:80,-85,1,Núcleo de pesquisa
17/03/2026,11:31:56,228,IFPB-VISITANTE,84:F1:47:54:6B:82,-85,1,Núcleo de pesquisa
17/03/2026,11:31:56,228,IFPB,2C:57:41:D4:A5:20,-85,6,Núcleo de pesquisa
17/03/2026,11:31:56,228,IFPB-VISITANTE,24:36:DA:2B:BC:02,-86,6,Núcleo de pesquisa
17/03/2026,11:31:56,228,IFPB-VISITANTE,84:F1:47:54:81:02,-87,11,Núcleo de pesquisa
17/03/2026,11:31:56,228,IFPB-VISITANTE,84:F1:47:54:FD:62,-88,1,Núcleo de pesquisa
17/03/2026,11:31:56,228,IFPB,84:F1:47:54:81:00,-88,11,Núcleo de pesquisa
17/03/2026,11:31:56,228,IFPB,84:F1:47:54:FD:60,-89,1,Núcleo de pesquisa
17/03/2026,11:31:56,228,IFPB,24:36:DA:2B:BC:00,-89,6,Núcleo de pesquisa
17/03/2026,11:32:06,229,IFPB,84:F1:47:54:8B:A0,-66,11,Núcleo de pesquisa
17/03/2026,11:32:06,229,IFPB-VISITANTE,84:F1:47:54:8B:A2,-66,11,Núcleo de pesquisa
17/03/2026,11:32:06,229,IFPB,2C:57:41:D4:A5:20,-81,6,Núcleo de pesquisa
17/03/2026,11:32:06,229,IFPB-VISITANTE,2C:57:41:D4:A5:22,-81,6,Núcleo de pesquisa
17/03/2026,11:32:06,229,IFPB,84:F1:47:54:6B:80,-82,1,Núcleo de pesquisa
17/03/2026,11:32:06,229,IFPB-VISITANTE,84:F1:47:54:6B:82,-82,1,Núcleo de pesquisa
17/03/2026,11:32:06,229,IFPB-VISITANTE,84:F1:47:54:FD:62,-82,1,Núcleo de pesquisa
17/03/2026,11:32:07,229,IFPB,84:F1:47:54:FD:60,-83,1,Núcleo de pesquisa
17/03/2026,11:32:16,230,IFPB-VISITANTE,2C:57:41:D4:A5:22,-79,6,Núcleo de pesquisa
17/03/2026,11:32:16,230,IFPB,84:F1:47:54:8B:A0,-79,11,Núcleo de pesquisa
17/03/2026,11:32:16,230,IFPB-VISITANTE,84:F1:47:54:8B:A2,-79,11,Núcleo de pesquisa
17/03/2026,11:32:16,230,IFPB,2C:57:41:D4:A5:20,-80,6,Núcleo de pesquisa
17/03/2026,11:32:16,230,IFPB,84:F1:47:54:6B:80,-81,1,Núcleo de pesquisa
17/03/2026,11:32:16,230,IFPB-VISITANTE,84:F1:47:54:6B:82,-82,1,Núcleo de pesquisa
17/03/2026,11:32:16,230,IFPB,84:F1:47:54:FD:60,-84,1,Núcleo de pesquisa
17/03/2026,11:32:17,230,IFPB-VISITANTE,84:F1:47:54:FD:62,-86,1,Núcleo de pesquisa
17/03/2026,11:32:52,231,IFPB,84:F1:47:54:8B:A0,-78,11,Coordenação de química
17/03/2026,11:32:52,231,IFPB-VISITANTE,84:F1:47:54:8B:A2,-78,11,Coordenação de química
17/03/2026,11:32:52,231,IFPB-VISITANTE,84:F1:47:54:FD:62,-79,1,Coordenação de química
17/03/2026,11:32:52,231,IFPB,84:F1:47:54:FD:60,-79,1,Coordenação de química
17/03/2026,11:32:52,231,IFPB-VISITANTE,2C:57:41:D4:A5:22,-83,6,Coordenação de química
17/03/2026,11:32:52,231,IFPB,84:F1:47:54:6B:80,-84,1,Coordenação de química
17/03/2026,11:32:52,231,IFPB,2C:57:41:D4:A5:20,-84,6,Coordenação de química
17/03/2026,11:32:52,231,IFPB-VISITANTE,84:F1:47:54:6B:82,-86,1,Coordenação de química
17/03/2026,11:32:52,231,IFPB,24:36:DA:2B:BC:00,-87,6,Coordenação de química
17/03/2026,11:32:52,231,IFPB-VISITANTE,24:36:DA:2B:BC:02,-87,6,Coordenação de química
17/03/2026,11:32:52,231,IFPB,84:F1:47:54:EB:20,-89,6,Coordenação de química
17/03/2026,11:32:52,231,IFPB-VISITANTE,84:F1:47:54:81:02,-90,11,Coordenação de química
17/03/2026,11:32:53,231,IFPB,84:F1:47:54:81:00,-91,11,Coordenação de química
17/03/2026,11:33:02,232,IFPB,84:F1:47:54:FD:60,-76,1,Coordenação de química
17/03/2026,11:33:02,232,IFPB-VISITANTE,84:F1:47:54:FD:62,-76,1,Coordenação de química
17/03/2026,11:33:02,232,IFPB,84:F1:47:54:8B:A0,-76,11,Coordenação de química
17/03/2026,11:33:02,232,IFPB-VISITANTE,84:F1:47:54:8B:A2,-76,11,Coordenação de química
17/03/2026,11:33:02,232,IFPB,2C:57:41:D4:A5:20,-81,6,Coordenação de química
17/03/2026,11:33:02,232,IFPB-VISITANTE,2C:57:41:D4:A5:22,-81,6,Coordenação de química
17/03/2026,11:33:02,232,IFPB,84:F1:47:54:6B:80,-85,1,Coordenação de química
17/03/2026,11:33:02,232,IFPB-VISITANTE,24:36:DA:2B:BC:02,-85,6,Coordenação de química
17/03/2026,11:33:02,232,IFPB,24:36:DA:2B:BC:00,-86,6,Coordenação de química
17/03/2026,11:33:02,232,IFPB-VISITANTE,84:F1:47:54:6B:82,-87,1,Coordenação de química
17/03/2026,11:33:02,232,IFPB,84:F1:47:54:81:00,-88,11,Coordenação de química
17/03/2026,11:33:02,232,IFPB-VISITANTE,84:F1:47:54:81:02,-89,11,Coordenação de química
17/03/2026,11:33:12,233,IFPB-VISITANTE,84:F1:47:54:8B:A2,-76,11,Coordenação de química
17/03/2026,11:33:12,233,IFPB,84:F1:47:54:8B:A0,-77,11,Coordenação de química
17/03/2026,11:33:12,233,IFPB,84:F1:47:54:FD:60,-78,1,Coordenação de química
17/03/2026,11:33:12,233,IFPB-VISITANTE,84:F1:47:54:FD:62,-78,1,Coordenação de química
17/03/2026,11:33:13,233,IFPB-VISITANTE,24:36:DA:2B:BC:02,-84,6,Coordenação de química
17/03/2026,11:33:13,233,IFPB,2C:57:41:D4:A5:20,-85,6,Coordenação de química
17/03/2026,11:33:13,233,IFPB-VISITANTE,2C:57:41:D4:A5:22,-85,6,Coordenação de química
17/03/2026,11:33:13,233,IFPB,24:36:DA:2B:BC:00,-85,6,Coordenação de química
17/03/2026,11:33:13,233,IFPB,84:F1:47:54:6B:80,-86,1,Coordenação de química
17/03/2026,11:33:13,233,IFPB-VISITANTE,84:F1:47:54:6B:82,-90,1,Coordenação de química
17/03/2026,11:33:13,233,IFPB-VISITANTE,84:F1:47:54:81:02,-90,11,Coordenação de química
17/03/2026,11:33:13,233,IFPB,84:F1:47:54:81:00,-92,11,Coordenação de química
17/03/2026,11:33:23,234,IFPB,84:F1:47:54:FD:60,-75,1,Coordenação de química
17/03/2026,11:33:23,234,IFPB-VISITANTE,84:F1:47:54:FD:62,-75,1,Coordenação de química
17/03/2026,11:33:23,234,IFPB,84:F1:47:54:8B:A0,-76,11,Coordenação de química
17/03/2026,11:33:23,234,IFPB-VISITANTE,84:F1:47:54:8B:A2,-76,11,Coordenação de química
17/03/2026,11:33:23,234,IFPB-VISITANTE,2C:57:41:D4:A5:22,-82,6,Coordenação de química
17/03/2026,11:33:23,234,IFPB-VISITANTE,84:F1:47:54:6B:82,-83,1,Coordenação de química
17/03/2026,11:33:23,234,IFPB,84:F1:47:54:6B:80,-83,1,Coordenação de química
17/03/2026,11:33:23,234,IFPB,2C:57:41:D4:A5:20,-84,6,Coordenação de química
17/03/2026,11:33:33,235,IFPB,84:F1:47:54:FD:60,-75,1,Coordenação de química
17/03/2026,11:33:33,235,IFPB-VISITANTE,84:F1:47:54:FD:62,-75,1,Coordenação de química
17/03/2026,11:33:33,235,IFPB-VISITANTE,84:F1:47:54:8B:A2,-76,11,Coordenação de química
17/03/2026,11:33:33,235,IFPB,84:F1:47:54:8B:A0,-77,11,Coordenação de química
17/03/2026,11:33:33,235,IFPB,2C:57:41:D4:A5:20,-84,6,Coordenação de química
17/03/2026,11:33:33,235,IFPB,84:F1:47:54:EB:20,-84,6,Coordenação de química
17/03/2026,11:33:33,235,IFPB-VISITANTE,2C:57:41:D4:A5:22,-85,6,Coordenação de química
17/03/2026,11:33:33,235,IFPB-VISITANTE,84:F1:47:54:EB:22,-87,6,Coordenação de química
17/03/2026,11:33:43,236,IFPB,84:F1:47:54:FD:60,-74,1,Coordenação de química
17/03/2026,11:33:43,236,IFPB-VISITANTE,84:F1:47:54:FD:62,-74,1,Coordenação de química
17/03/2026,11:33:43,236,IFPB,84:F1:47:54:8B:A0,-75,11,Coordenação de química
17/03/2026,11:33:43,236,IFPB-VISITANTE,84:F1:47:54:8B:A2,-75,11,Coordenação de química
17/03/2026,11:33:43,236,IFPB,84:F1:47:54:6B:80,-86,1,Coordenação de química
17/03/2026,11:33:43,236,IFPB-VISITANTE,84:F1:47:54:6B:82,-87,1,Coordenação de química
17/03/2026,11:33:43,236,IFPB,2C:57:41:D4:A5:20,-87,6,Coordenação de química
17/03/2026,11:33:43,236,IFPB-VISITANTE,2C:57:41:D4:A5:22,-88,6,Coordenação de química
17/03/2026,11:33:53,237,IFPB,84:F1:47:54:8B:A0,-76,11,Coordenação de química
17/03/2026,11:33:53,237,IFPB-VISITANTE,84:F1:47:54:8B:A2,-76,11,Coordenação de química
17/03/2026,11:33:53,237,IFPB,84:F1:47:54:FD:60,-78,1,Coordenação de química
17/03/2026,11:33:53,237,IFPB-VISITANTE,84:F1:47:54:FD:62,-78,1,Coordenação de química
17/03/2026,11:33:53,237,IFPB,2C:57:41:D4:A5:20,-82,6,Coordenação de química
17/03/2026,11:33:53,237,IFPB-VISITANTE,2C:57:41:D4:A5:22,-82,6,Coordenação de química
17/03/2026,11:33:53,237,IFPB-VISITANTE,84:F1:47:54:6B:82,-87,1,Coordenação de química
17/03/2026,11:33:53,237,IFPB,84:F1:47:54:6B:80,-88,1,Coordenação de química
17/03/2026,11:34:03,238,IFPB,84:F1:47:54:FD:60,-77,1,Coordenação de química
17/03/2026,11:34:03,238,IFPB-VISITANTE,84:F1:47:54:FD:62,-77,1,Coordenação de química
17/03/2026,11:34:03,238,IFPB,84:F1:47:54:8B:A0,-79,11,Coordenação de química
17/03/2026,11:34:03,238,IFPB-VISITANTE,84:F1:47:54:8B:A2,-79,11,Coordenação de química
17/03/2026,11:34:03,238,IFPB,2C:57:41:D4:A5:20,-86,6,Coordenação de química
17/03/2026,11:34:03,238,IFPB-VISITANTE,84:F1:47:54:6B:82,-87,1,Coordenação de química
17/03/2026,11:34:03,238,IFPB-VISITANTE,84:F1:47:54:81:02,-87,11,Coordenação de química
17/03/2026,11:34:03,238,IFPB-VISITANTE,2C:57:41:D4:A5:22,-88,6,Coordenação de química
17/03/2026,11:34:03,238,IFPB,84:F1:47:54:81:00,-88,11,Coordenação de química
17/03/2026,11:34:03,238,IFPB,84:F1:47:54:6B:80,-89,1,Coordenação de química
17/03/2026,11:34:13,239,IFPB,84:F1:47:54:FD:60,-78,1,Coordenação de química
17/03/2026,11:34:13,239,IFPB-VISITANTE,84:F1:47:54:FD:62,-78,1,Coordenação de química
17/03/2026,11:34:13,239,IFPB-VISITANTE,84:F1:47:54:8B:A2,-79,11,Coordenação de química
17/03/2026,11:34:13,239,IFPB,84:F1:47:54:8B:A0,-80,11,Coordenação de química
17/03/2026,11:34:13,239,IFPB-VISITANTE,2C:57:41:D4:A5:22,-82,6,Coordenação de química
17/03/2026,11:34:13,239,IFPB,84:F1:47:54:6B:80,-83,1,Coordenação de química
17/03/2026,11:34:13,239,IFPB-VISITANTE,84:F1:47:54:6B:82,-84,1,Coordenação de química
17/03/2026,11:34:13,239,IFPB,2C:57:41:D4:A5:20,-84,6,Coordenação de química
17/03/2026,11:34:13,239,IFPB-VISITANTE,84:F1:47:54:EB:22,-87,6,Coordenação de química
17/03/2026,11:34:13,239,IFPB,84:F1:47:54:EB:20,-87,6,Coordenação de química
17/03/2026,11:34:23,240,IFPB-VISITANTE,84:F1:47:54:8B:A2,-75,11,Coordenação de química
17/03/2026,11:34:23,240,IFPB,84:F1:47:54:8B:A0,-76,11,Coordenação de química
17/03/2026,11:34:23,240,IFPB-VISITANTE,84:F1:47:54:FD:62,-79,1,Coordenação de química
17/03/2026,11:34:23,240,IFPB,84:F1:47:54:FD:60,-80,1,Coordenação de química
17/03/2026,11:34:23,240,IFPB-VISITANTE,2C:57:41:D4:A5:22,-83,6,Coordenação de química
17/03/2026,11:34:23,240,IFPB,2C:57:41:D4:A5:20,-83,6,Coordenação de química
17/03/2026,11:34:23,240,IFPB-VISITANTE,84:F1:47:54:6B:82,-84,1,Coordenação de química
17/03/2026,11:34:23,240,IFPB,84:F1:47:54:6B:80,-86,1,Coordenação de química
17/03/2026,11:34:23,240,IFPB-VISITANTE,24:36:DA:2B:BC:02,-88,6,Coordenação de química
17/03/2026,11:34:23,240,IFPB,24:36:DA:2B:BC:00,-89,6,Coordenação de química
