data,hora,num,ambiente,ssid,bssid,rssi,canal
22/04/2026,07:24:32,1,Lab. Informática 09,IFPB-VISITANTE,84:F1:47:54:7F:22,-62,11
22/04/2026,07:24:32,1,Lab. Informática 09,IFPB,84:F1:47:54:7F:20,-63,11
22/04/2026,07:24:32,1,Lab. Informática 09,IFPB,E4:4E:2D:85:4C:60,-79,11
22/04/2026,07:24:32,1,Lab. Informática 09,IFPB-VISITANTE,E4:4E:2D:85:4C:62,-79,11
22/04/2026,07:24:32,1,Lab. Informática 09,IFPB,2C:57:41:D4:69:C0,-82,1
22/04/2026,07:24:32,1,Lab. Informática 09,IFPB-VISITANTE,2C:57:41:D4:69:C2,-83,1
22/04/2026,07:24:32,1,Lab. Informática 09,IFPB-VISITANTE,B8:11:4B:1D:1E:42,-83,6
22/04/2026,07:24:32,1,Lab. Informática 09,IFPB,B8:11:4B:1D:1E:40,-84,6
22/04/2026,07:24:33,1,Lab. Informática 09,IFPB,84:F1:47:54:FD:C0,-85,1
22/04/2026,07:24:33,1,Lab. Informática 09,IFPB-VISITANTE,84:F1:47:54:96:E2,-86,1
22/04/2026,07:24:33,1,Lab. Informática 09,IFPB-VISITANTE,84:F1:47:54:FD:C2,-87,1
22/04/2026,07:24:33,1,Lab. Informática 09,IFPB,84:F1:47:54:96:E0,-87,1
22/04/2026,07:24:33,1,Lab. Informática 09,IFPB,84:F1:47:54:95:E0,-90,11
22/04/2026,07:24:42,2,Lab. Informática 09,IFPB-VISITANTE,84:F1:47:54:7F:22,-62,11
22/04/2026,07:24:42,2,Lab. Informática 09,IFPB,84:F1:47:54:7F:20,-63,11
22/04/2026,07:24:42,2,Lab. Informática 09,IFPB-VISITANTE,E4:4E:2D:85:4C:62,-77,11
22/04/2026,07:24:43,2,Lab. Informática 09,IFPB,E4:4E:2D:85:4C:60,-78,11
22/04/2026,07:24:43,2,Lab. Informática 09,IFPB-VISITANTE,84:F1:47:54:96:E2,-81,1
22/04/2026,07:24:43,2,Lab. Informática 09,IFPB,84:F1:47:54:96:E0,-82,1
22/04/2026,07:24:43,2,Lab. Informática 09,IFPB,2C:57:41:D4:69:C0,-83,1
22/04/2026,07:24:43,2,Lab. Informática 09,IFPB-VISITANTE,2C:57:41:D4:69:C2,-83,1
22/04/2026,07:24:43,2,Lab. Informática 09,IFPB,84:F1:47:54:FD:C0,-85,1
22/04/2026,07:24:43,2,Lab. Informática 09,IFPB-VISITANTE,B8:11:4B:1D:1E:42,-86,6
22/04/2026,07:24:43,2,Lab. Informática 09,IFPB-VISITANTE,84:F1:47:54:FD:C2,-87,1
22/04/2026,07:24:43,2,Lab. Informática 09,IFPB,B8:11:4B:1D:1E:40,-87,6
22/04/2026,07:24:53,3,Lab. Informática 09,IFPB-VISITANTE,84:F1:47:54:7F:22,-65,11
22/04/2026,07:24:53,3,Lab. Informática 09,IFPB,84:F1:47:54:7F:20,-66,11
22/04/2026,07:24:53,3,Lab. Informática 09,IFPB,E4:4E:2D:85:4C:60,-80,11
22/04/2026,07:24:53,3,Lab. Informática 09,IFPB-VISITANTE,E4:4E:2D:85:4C:62,-80,11
22/04/2026,07:24:53,3,Lab. Informática 09,IFPB-VISITANTE,84:F1:47:54:96:E2,-83,1
22/04/2026,07:24:53,3,Lab. Informática 09,IFPB,84:F1:47:54:96:E0,-84,1
22/04/2026,07:24:53,3,Lab. Informática 09,IFPB-VISITANTE,84:F1:47:54:FD:C2,-86,1
22/04/2026,07:24:53,3,Lab. Informática 09,IFPB,2C:57:41:D4:69:C0,-86,1
22/04/2026,07:24:53,3,Lab. Informática 09,IFPB-VISITANTE,2C:57:41:D4:69:C2,-86,1
22/04/2026,07:24:53,3,Lab. Informática 09,IFPB,84:F1:47:54:FD:C0,-86,1
22/04/2026,07:25:03,4,Lab. Informática 09,IFPB,84:F1:47:54:7F:20,-62,11
22/04/2026,07:25:03,4,Lab. Informática 09,IFPB-VISITANTE,84:F1:47:54:7F:22,-62,11
22/04/2026,07:25:03,4,Lab. Informática 09,IFPB,E4:4E:2D:85:4C:60,-78,11
22/04/2026,07:25:03,4,Lab. Informática 09,IFPB-VISITANTE,E4:4E:2D:85:4C:62,-79,11
22/04/2026,07:25:03,4,Lab. Informática 09,IFPB-VISITANTE,2C:57:41:D4:69:C2,-84,1
22/04/2026,07:25:03,4,Lab. Informática 09,IFPB-VISITANTE,84:F1:47:54:96:E2,-86,1
22/04/2026,07:25:03,4,Lab. Informática 09,IFPB,2C:57:41:D4:69:C0,-86,1
22/04/2026,07:25:03,4,Lab. Informática 09,IFPB,84:F1:47:54:96:E0,-86,1
22/04/2026,07:25:03,4,Lab. Informática 09,IFPB-VISITANTE,84:F1:47:54:FD:C2,-86,1
22/04/2026,07:25:03,4,Lab. Informática 09,IFPB,84:F1:47:54:FD:C0,-89,1
22/04/2026,07:25:13,5,Lab. Informática 09,IFPB,84:F1:47:54:7F:20,-62,11
22/04/2026,07:25:13,5,Lab. Informática 09,IFPB-VISITANTE,84:F1:47:54:7F:22,-63,11
22/04/2026,07:25:13,5,Lab. Informática 09,IFPB,E4:4E:2D:85:4C:60,-79,11
22/04/2026,07:25:13,5,Lab. Informática 09,IFPB-VISITANTE,E4:4E:2D:85:4C:62,-79,11
22/04/2026,07:25:13,5,Lab. Informática 09,IFPB-VISITANTE,84:F1:47:54:96:E2,-84,1
22/04/2026,07:25:13,5,Lab. Informática 09,IFPB-VISITANTE,2C:57:41:D4:69:C2,-84,1
22/04/2026,07:25:13,5,Lab. Informática 09,IFPB,2C:57:41:D4:69:C0,-84,1
22/04/2026,07:25:13,5,Lab. Informática 09,IFPB,84:F1:47:54:FD:C0,-85,1
22/04/2026,07:25:13,5,Lab. Informática 09,IFPB-VISITANTE,84:F1:47:54:FD:C2,-85,1
22/04/2026,07:25:13,5,Lab. Informática 09,IFPB,84:F1:47:54:96:E0,-85,1
22/04/2026,07:25:13,5,Lab. Informática 09,IFPB,B8:11:4B:1D:1E:40,-87,6
22/04/2026,07:25:13,5,Lab. Informática 09,IFPB-VISITANTE,B8:11:4B:1D:1E:42,-88,6
22/04/2026,07:25:23,6,Lab. Informática 09,IFPB,84:F1:47:54:7F:20,-63,11
22/04/2026,07:25:23,6,Lab. Informática 09,IFPB-VISITANTE,84:F1:47:54:7F:22,-63,11
22/04/2026,07:25:23,6,Lab. Informática 09,IFPB,E4:4E:2D:85:4C:60,-78,11
22/04/2026,07:25:23,6,Lab. Informática 09,IFPB-VISITANTE,E4:4E:2D:85:4C:62,-79,11
22/04/2026,07:25:23,6,Lab. Informática 09,IFPB,84:F1:47:54:FD:C0,-85,1
22/04/2026,07:25:23,6,Lab. Informática 09,IFPB-VISITANTE,84:F1:47:54:96:E2,-85,1
22/04/2026,07:25:23,6,Lab. Informática 09,IFPB,84:F1:47:54:96:E0,-85,1
22/04/2026,07:25:23,6,Lab. Informática 09,IFPB,2C:57:41:D4:69:C0,-85,1
22/04/2026,07:25:23,6,Lab. Informática 09,IFPB-VISITANTE,84:F1:47:54:FD:C2,-86,1
22/04/2026,07:25:23,6,Lab. Informática 09,IFPB-VISITANTE,2C:57:41:D4:69:C2,-86,1
22/04/2026,07:25:23,6,Lab. Informática 09,IFPB-VISITANTE,B8:11:4B:1D:1E:42,-88,6
22/04/2026,07:25:23,6,Lab. Informática 09,IFPB,B8:11:4B:1D:1E:40,-89,6
22/04/2026,07:25:33,7,Lab. Informática 09,IFPB,84:F1:47:54:7F:20,-62,11
22/04/2026,07:25:33,7,Lab. Informática 09,IFPB-VISITANTE,84:F1:47:54:7F:22,-62,11
22/04/2026,07:25:33,7,Lab. Informática 09,IFPB,E4:4E:2D:85:4C:60,-78,11
22/04/2026,07:25:33,7,Lab. Informática 09,IFPB-VISITANTE,E4:4E:2D:85:4C:62,-79,11
22/04/2026,07:25:33,7,Lab. Informática 09,IFPB-VISITANTE,84:F1:47:54:96:E2,-84,1
22/04/2026,07:25:33,7,Lab. Informática 09,IFPB,84:F1:47:54:96:E0,-84,1
22/04/2026,07:25:33,7,Lab. Informática 09,IFPB-VISITANTE,84:F1:47:54:FD:C2,-85,1
22/04/2026,07:25:33,7,Lab. Informática 09,IFPB,84:F1:47:54:FD:C0,-86,1
22/04/2026,07:25:33,7,Lab. Informática 09,IFPB-VISITANTE,2C:57:41:D4:69:C2,-86,1
22/04/2026,07:25:33,7,Lab. Informática 09,IFPB,2C:57:41:D4:69:C0,-86,1
22/04/2026,07:25:33,7,Lab. Informática 09,IFPB-VISITANTE,B8:11:4B:1D:1E:42,-90,6
22/04/2026,07:25:43,8,Lab. Informática 09,IFPB,84:F1:47:54:7F:20,-62,11
22/04/2026,07:25:43,8,Lab. Informática 09,IFPB-VISITANTE,84:F1:47:54:7F:22,-62,11
22/04/2026,07:25:43,8,Lab. Informática 09,IFPB,E4:4E:2D:85:4C:60,-78,11
22/04/2026,07:25:43,8,Lab. Informática 09,IFPB-VISITANTE,E4:4E:2D:85:4C:62,-79,11
22/04/2026,07:25:43,8,Lab. Informática 09,IFPB-VISITANTE,84:F1:47:54:FD:C2,-84,1
22/04/2026,07:25:43,8,Lab. Informática 09,IFPB,2C:57:41:D4:69:C0,-84,1
22/04/2026,07:25:43,8,Lab. Informática 09,IFPB,84:F1:47:54:96:E0,-84,1
22/04/2026,07:25:43,8,Lab. Informática 09,IFPB,84:F1:47:54:FD:C0,-85,1
22/04/2026,07:25:43,8,Lab. Informática 09,IFPB-VISITANTE,84:F1:47:54:96:E2,-85,1
22/04/2026,07:25:43,8,Lab. Informática 09,IFPB-VISITANTE,2C:57:41:D4:69:C2,-85,1
22/04/2026,07:25:43,8,Lab. Informática 09,IFPB,B8:11:4B:1D:1E:40,-87,6
22/04/2026,07:25:43,8,Lab. Informática 09,IFPB-VISITANTE,B8:11:4B:1D:1E:42,-87,6
22/04/2026,07:25:53,9,Lab. Informática 09,IFPB-VISITANTE,84:F1:47:54:7F:22,-62,11
22/04/2026,07:25:53,9,Lab. Informática 09,IFPB,84:F1:47:54:7F:20,-63,11
22/04/2026,07:25:53,9,Lab. Informática 09,IFPB-VISITANTE,E4:4E:2D:85:4C:62,-79,11
22/04/2026,07:25:53,9,Lab. Informática 09,IFPB,E4:4E:2D:85:4C:60,-80,11
22/04/2026,07:25:53,9,Lab. Informática 09,IFPB,84:F1:47:54:FD:C0,-85,1
22/04/2026,07:25:53,9,Lab. Informática 09,IFPB-VISITANTE,84:F1:47:54:FD:C2,-85,1
22/04/2026,07:25:54,9,Lab. Informática 09,IFPB-VISITANTE,84:F1:47:54:96:E2,-85,1
22/04/2026,07:25:54,9,Lab. Informática 09,IFPB,84:F1:47:54:96:E0,-85,1
22/04/2026,07:25:54,9,Lab. Informática 09,IFPB,2C:57:41:D4:69:C0,-85,1
22/04/2026,07:25:54,9,Lab. Informática 09,IFPB-VISITANTE,2C:57:41:D4:69:C2,-86,1
22/04/2026,07:25:54,9,Lab. Informática 09,IFPB,B8:11:4B:1D:1E:40,-87,6
22/04/2026,07:25:54,9,Lab. Informática 09,IFPB-VISITANTE,B8:11:4B:1D:1E:42,-88,6
22/04/2026,07:26:03,10,Lab. Informática 09,IFPB,84:F1:47:54:7F:20,-63,11
22/04/2026,07:26:03,10,Lab. Informática 09,IFPB-VISITANTE,84:F1:47:54:7F:22,-63,11
22/04/2026,07:26:04,10,Lab. Informática 09,IFPB,E4:4E:2D:85:4C:60,-79,11
22/04/2026,07:26:04,10,Lab. Informática 09,IFPB-VISITANTE,E4:4E:2D:85:4C:62,-80,11
22/04/2026,07:26:04,10,Lab. Informática 09,IFPB,84:F1:47:54:96:E0,-82,1
22/04/2026,07:26:04,10,Lab. Informática 09,IFPB-VISITANTE,84:F1:47:54:96:E2,-83,1
22/04/2026,07:26:04,10,Lab. Informática 09,IFPB,2C:57:41:D4:69:C0,-84,1
22/04/2026,07:26:04,10,Lab. Informática 09,IFPB-VISITANTE,2C:57:41:D4:69:C2,-84,1
22/04/2026,07:26:04,10,Lab. Informática 09,IFPB,84:F1:47:54:FD:C0,-84,1
22/04/2026,07:26:04,10,Lab. Informática 09,IFPB-VISITANTE,84:F1:47:54:FD:C2,-86,1
22/04/2026,07:26:04,10,Lab. Informática 09,IFPB,B8:11:4B:1D:1E:40,-87,6
22/04/2026,07:26:04,10,Lab. Informática 09,IFPB-VISITANTE,B8:11:4B:1D:1E:42,-87,6
22/04/2026,07:26:25,11,Sala dos técnicos,IFPB,84:F1:47:54:96:E0,-71,1
22/04/2026,07:26:25,11,Sala dos técnicos,IFPB-VISITANTE,84:F1:47:54:96:E2,-71,1
22/04/2026,07:26:25,11,Sala dos técnicos,IFPB-VISITANTE,84:F1:47:54:FD:C2,-79,1
22/04/2026,07:26:25,11,Sala dos técnicos,IFPB,84:F1:47:54:7F:20,-79,11
22/04/2026,07:26:25,11,Sala dos técnicos,IFPB-VISITANTE,84:F1:47:54:7F:22,-79,11
22/04/2026,07:26:25,11,Sala dos técnicos,IFPB-VISITANTE,E4:4E:2D:85:4C:62,-79,11
22/04/2026,07:26:25,11,Sala dos técnicos,IFPB,E4:4E:2D:85:4C:60,-79,11
22/04/2026,07:26:25,11,Sala dos técnicos,IFPB,84:F1:47:54:FD:C0,-81,1
22/04/2026,07:26:25,11,Sala dos técnicos,IFPB,84:F1:47:54:95:E0,-88,11
22/04/2026,07:26:25,11,Sala dos técnicos,IFPB-VISITANTE,B8:11:4B:1D:1E:42,-89,6
22/04/2026,07:26:25,11,Sala dos técnicos,IFPB-VISITANTE,84:F1:47:54:95:E2,-89,11
22/04/2026,07:26:25,11,Sala dos técnicos,IFPB-VISITANTE,84:F1:47:54:F9:82,-89,11
22/04/2026,07:26:25,11,Sala dos técnicos,IFPB,B8:11:4B:1D:1E:40,-90,6
22/04/2026,07:26:26,11,Sala dos técnicos,IFPB,84:F1:47:54:F9:80,-90,11
22/04/2026,07:26:35,12,Sala dos técnicos,IFPB,84:F1:47:54:96:E0,-71,1
22/04/2026,07:26:35,12,Sala dos técnicos,IFPB-VISITANTE,84:F1:47:54:96:E2,-71,1
22/04/2026,07:26:35,12,Sala dos técnicos,IFPB,84:F1:47:54:7F:20,-79,11
22/04/2026,07:26:35,12,Sala dos técnicos,IFPB-VISITANTE,84:F1:47:54:7F:22,-79,11
22/04/2026,07:26:35,12,Sala dos técnicos,IFPB,84:F1:47:54:FD:C0,-81,1
22/04/2026,07:26:35,12,Sala dos técnicos,IFPB-VISITANTE,84:F1:47:54:FD:C2,-82,1
22/04/2026,07:26:36,12,Sala dos técnicos,IFPB,E4:4E:2D:85:4C:60,-85,11
22/04/2026,07:26:36,12,Sala dos técnicos,IFPB-VISITANTE,E4:4E:2D:85:4C:62,-85,11
22/04/2026,07:26:36,12,Sala dos técnicos,IFPB,84:F1:47:54:F9:80,-90,11
22/04/2026,07:26:36,12,Sala dos técnicos,IFPB-VISITANTE,84:F1:47:54:F9:82,-91,11
22/04/2026,07:26:45,13,Sala dos técnicos,IFPB,84:F1:47:54:7F:20,-73,11
22/04/2026,07:26:45,13,Sala dos técnicos,IFPB-VISITANTE,84:F1:47:54:7F:22,-74,11
22/04/2026,07:26:45,13,Sala dos técnicos,IFPB,84:F1:47:54:96:E0,-76,1
22/04/2026,07:26:46,13,Sala dos técnicos,IFPB-VISITANTE,84:F1:47:54:96:E2,-77,1
22/04/2026,07:26:46,13,Sala dos técnicos,IFPB-VISITANTE,84:F1:47:54:FD:C2,-81,1
22/04/2026,07:26:46,13,Sala dos técnicos,IFPB,84:F1:47:54:FD:C0,-82,1
22/04/2026,07:26:46,13,Sala dos técnicos,IFPB,E4:4E:2D:85:4C:60,-83,11
22/04/2026,07:26:46,13,Sala dos técnicos,IFPB-VISITANTE,E4:4E:2D:85:4C:62,-84,11
22/04/2026,07:26:46,13,Sala dos técnicos,IFPB,84:F1:47:54:F9:80,-85,11
22/04/2026,07:26:46,13,Sala dos técnicos,IFPB-VISITANTE,84:F1:47:54:F9:82,-86,11
22/04/2026,07:26:46,13,Sala dos técnicos,IFPB,2C:57:41:D4:69:C0,-89,1
22/04/2026,07:26:46,13,Sala dos técnicos,IFPB,B8:11:4B:1D:1E:40,-89,6
22/04/2026,07:26:46,13,Sala dos técnicos,IFPB-VISITANTE,B8:11:4B:1D:1E:42,-90,6
22/04/2026,07:26:56,14,Sala dos técnicos,IFPB,84:F1:47:54:7F:20,-74,11
22/04/2026,07:26:56,14,Sala dos técnicos,IFPB-VISITANTE,84:F1:47:54:7F:22,-74,11
22/04/2026,07:26:56,14,Sala dos técnicos,IFPB-VISITANTE,E4:4E:2D:85:4C:62,-79,11
22/04/2026,07:26:56,14,Sala dos técnicos,IFPB,E4:4E:2D:85:4C:60,-79,11
22/04/2026,07:26:56,14,Sala dos técnicos,IFPB-VISITANTE,84:F1:47:54:96:E2,-80,1
22/04/2026,07:26:56,14,Sala dos técnicos,IFPB,84:F1:47:54:96:E0,-80,1
22/04/2026,07:26:56,14,Sala dos técnicos,IFPB-VISITANTE,84:F1:47:54:FD:C2,-82,1
22/04/2026,07:26:56,14,Sala dos técnicos,IFPB,84:F1:47:54:FD:C0,-82,1
22/04/2026,07:26:56,14,Sala dos técnicos,IFPB,84:F1:47:54:F9:80,-82,11
22/04/2026,07:26:56,14,Sala dos técnicos,IFPB-VISITANTE,84:F1:47:54:F9:82,-83,11
22/04/2026,07:26:56,14,Sala dos técnicos,IFPB,84:F1:47:54:95:E0,-87,11
22/04/2026,07:26:56,14,Sala dos técnicos,IFPB-VISITANTE,84:F1:47:54:95:E2,-87,11
22/04/2026,07:26:56,14,Sala dos técnicos,IFPB-VISITANTE,2C:57:41:D4:69:C2,-88,1
22/04/2026,07:26:56,14,Sala dos técnicos,IFPB,2C:57:41:D4:69:C0,-89,1
22/04/2026,07:27:06,15,Sala dos técnicos,IFPB,84:F1:47:54:96:E0,-73,1
22/04/2026,07:27:06,15,Sala dos técnicos,IFPB-VISITANTE,84:F1:47:54:96:E2,-73,1
22/04/2026,07:27:06,15,Sala dos técnicos,IFPB-VISITANTE,84:F1:47:54:7F:22,-79,11
22/04/2026,07:27:06,15,Sala dos técnicos,IFPB,84:F1:47:54:7F:20,-79,11
22/04/2026,07:27:06,15,Sala dos técnicos,IFPB,E4:4E:2D:85:4C:60,-80,11
22/04/2026,07:27:06,15,Sala dos técnicos,IFPB-VISITANTE,E4:4E:2D:85:4C:62,-80,11
22/04/2026,07:27:06,15,Sala dos técnicos,IFPB,84:F1:47:54:FD:C0,-81,1
22/04/2026,07:27:06,15,Sala dos técnicos,IFPB-VISITANTE,84:F1:47:54:FD:C2,-82,1
22/04/2026,07:27:06,15,Sala dos técnicos,IFPB,84:F1:47:54:F9:80,-82,11
22/04/2026,07:27:06,15,Sala dos técnicos,IFPB-VISITANTE,84:F1:47:54:F9:82,-82,11
22/04/2026,07:27:06,15,Sala dos técnicos,IFPB,84:F1:47:54:95:E0,-87,11
22/04/2026,07:27:06,15,Sala dos técnicos,IFPB,2C:57:41:D4:69:C0,-89,1
22/04/2026,07:27:06,15,Sala dos técnicos,IFPB-VISITANTE,84:F1:47:54:95:E2,-89,11
22/04/2026,07:27:16,16,Sala dos técnicos,IFPB,84:F1:47:54:96:E0,-73,1
22/04/2026,07:27:16,16,Sala dos técnicos,IFPB-VISITANTE,84:F1:47:54:96:E2,-73,1
22/04/2026,07:27:16,16,Sala dos técnicos,IFPB-VISITANTE,84:F1:47:54:7F:22,-79,11
22/04/2026,07:27:16,16,Sala dos técnicos,IFPB-VISITANTE,E4:4E:2D:85:4C:62,-79,11
22/04/2026,07:27:16,16,Sala dos técnicos,IFPB,E4:4E:2D:85:4C:60,-79,11
22/04/2026,07:27:16,16,Sala dos técnicos,IFPB-VISITANTE,84:F1:47:54:F9:82,-82,11
22/04/2026,07:27:16,16,Sala dos técnicos,IFPB,84:F1:47:54:F9:80,-83,11
22/04/2026,07:27:16,16,Sala dos técnicos,IFPB-VISITANTE,84:F1:47:54:FD:C2,-85,1
22/04/2026,07:27:16,16,Sala dos técnicos,IFPB,84:F1:47:54:FD:C0,-85,1
22/04/2026,07:27:16,16,Sala dos técnicos,IFPB-VISITANTE,84:F1:47:54:95:E2,-86,11
22/04/2026,07:27:16,16,Sala dos técnicos,IFPB,84:F1:47:54:95:E0,-87,11
22/04/2026,07:27:16,16,Sala dos técnicos,IFPB,2C:57:41:D4:69:C0,-88,1
22/04/2026,07:27:16,16,Sala dos técnicos,IFPB-VISITANTE,2C:57:41:D4:69:C2,-90,1
22/04/2026,07:27:26,17,Sala dos técnicos,IFPB,84:F1:47:54:96:E0,-72,1
22/04/2026,07:27:26,17,Sala dos técnicos,IFPB-VISITANTE,84:F1:47:54:96:E2,-72,1
22/04/2026,07:27:26,17,Sala dos técnicos,IFPB,84:F1:47:54:7F:20,-74,11
22/04/2026,07:27:26,17,Sala dos técnicos,IFPB-VISITANTE,84:F1:47:54:7F:22,-75,11
22/04/2026,07:27:26,17,Sala dos técnicos,IFPB-VISITANTE,E4:4E:2D:85:4C:62,-80,11
22/04/2026,07:27:26,17,Sala dos técnicos,IFPB,E4:4E:2D:85:4C:60,-81,11
22/04/2026,07:27:26,17,Sala dos técnicos,IFPB-VISITANTE,84:F1:47:54:FD:C2,-82,1
22/04/2026,07:27:26,17,Sala dos técnicos,IFPB,84:F1:47:54:FD:C0,-83,1
22/04/2026,07:27:26,17,Sala dos técnicos,IFPB,84:F1:47:54:F9:80,-83,11
22/04/2026,07:27:26,17,Sala dos técnicos,IFPB-VISITANTE,84:F1:47:54:F9:82,-84,11
22/04/2026,07:27:26,17,Sala dos técnicos,IFPB,84:F1:47:54:95:E0,-87,11
22/04/2026,07:27:26,17,Sala dos técnicos,IFPB-VISITANTE,84:F1:47:54:95:E2,-88,11
22/04/2026,07:27:36,18,Sala dos técnicos,IFPB,84:F1:47:54:96:E0,-68,1
22/04/2026,07:27:36,18,Sala dos técnicos,IFPB-VISITANTE,84:F1:47:54:96:E2,-69,1
22/04/2026,07:27:36,18,Sala dos técnicos,IFPB,84:F1:47:54:7F:20,-73,11
22/04/2026,07:27:36,18,Sala dos técnicos,IFPB-VISITANTE,84:F1:47:54:7F:22,-73,11
22/04/2026,07:27:36,18,Sala dos técnicos,IFPB,E4:4E:2D:85:4C:60,-79,11
22/04/2026,07:27:36,18,Sala dos técnicos,IFPB-VISITANTE,E4:4E:2D:85:4C:62,-80,11
22/04/2026,07:27:36,18,Sala dos técnicos,IFPB,84:F1:47:54:FD:C0,-81,1
22/04/2026,07:27:36,18,Sala dos técnicos,IFPB-VISITANTE,84:F1:47:54:FD:C2,-82,1
22/04/2026,07:27:36,18,Sala dos técnicos,IFPB-VISITANTE,84:F1:47:54:F9:82,-84,11
22/04/2026,07:27:36,18,Sala dos técnicos,IFPB,84:F1:47:54:F9:80,-84,11
22/04/2026,07:27:36,18,Sala dos técnicos,IFPB-VISITANTE,84:F1:47:54:95:E2,-88,11
22/04/2026,07:27:37,18,Sala dos técnicos,IFPB,84:F1:47:54:95:E0,-88,11
22/04/2026,07:27:37,18,Sala dos técnicos,IFPB-VISITANTE,2C:57:41:D4:69:C2,-93,1
22/04/2026,07:27:46,19,Sala dos técnicos,IFPB,84:F1:47:54:96:E0,-71,1
22/04/2026,07:27:46,19,Sala dos técnicos,IFPB-VISITANTE,84:F1:47:54:96:E2,-71,1
22/04/2026,07:27:46,19,Sala dos técnicos,IFPB,84:F1:47:54:7F:20,-74,11
22/04/2026,07:27:46,19,Sala dos técnicos,IFPB-VISITANTE,84:F1:47:54:7F:22,-75,11
22/04/2026,07:27:46,19,Sala dos técnicos,IFPB,E4:4E:2D:85:4C:60,-79,11
22/04/2026,07:27:46,19,Sala dos técnicos,IFPB-VISITANTE,E4:4E:2D:85:4C:62,-80,11
22/04/2026,07:27:46,19,Sala dos técnicos,IFPB,84:F1:47:54:FD:C0,-81,1
22/04/2026,07:27:46,19,Sala dos técnicos,IFPB-VISITANTE,84:F1:47:54:FD:C2,-81,1
22/04/2026,07:27:47,19,Sala dos técnicos,IFPB,84:F1:47:54:F9:80,-84,11
22/04/2026,07:27:47,19,Sala dos técnicos,IFPB-VISITANTE,84:F1:47:54:F9:82,-84,11
22/04/2026,07:27:47,19,Sala dos técnicos,IFPB,84:F1:47:54:95:E0,-87,11
22/04/2026,07:27:47,19,Sala dos técnicos,IFPB-VISITANTE,84:F1:47:54:95:E2,-88,11
22/04/2026,07:27:56,20,Sala dos técnicos,IFPB,84:F1:47:54:96:E0,-68,1
22/04/2026,07:27:56,20,Sala dos técnicos,IFPB-VISITANTE,84:F1:47:54:96:E2,-68,1
22/04/2026,07:27:56,20,Sala dos técnicos,IFPB,84:F1:47:54:7F:20,-75,11
22/04/2026,07:27:57,20,Sala dos técnicos,IFPB-VISITANTE,84:F1:47:54:7F:22,-75,11
22/04/2026,07:27:57,20,Sala dos técnicos,IFPB-VISITANTE,E4:4E:2D:85:4C:62,-80,11
22/04/2026,07:27:57,20,Sala dos técnicos,IFPB,E4:4E:2D:85:4C:60,-81,11
22/04/2026,07:27:57,20,Sala dos técnicos,IFPB,84:F1:47:54:FD:C0,-83,1
22/04/2026,07:27:57,20,Sala dos técnicos,IFPB-VISITANTE,84:F1:47:54:FD:C2,-83,1
22/04/2026,07:27:57,20,Sala dos técnicos,IFPB-VISITANTE,84:F1:47:54:F9:82,-83,11
22/04/2026,07:27:57,20,Sala dos técnicos,IFPB,84:F1:47:54:F9:80,-84,11
22/04/2026,07:27:57,20,Sala dos técnicos,IFPB-VISITANTE,84:F1:47:54:95:E2,-89,11
22/04/2026,07:27:57,20,Sala dos técnicos,IFPB,84:F1:47:54:95:E0,-89,11
22/04/2026,07:28:24,21,Lab. de telecomunicações,IFPB,84:F1:47:54:7F:20,-72,11
22/04/2026,07:28:24,21,Lab. de telecomunicações,IFPB-VISITANTE,84:F1:47:54:7F:22,-72,11
22/04/2026,07:28:24,21,Lab. de telecomunicações,IFPB,84:F1:47:54:96:E0,-78,1
22/04/2026,07:28:24,21,Lab. de telecomunicações,IFPB-VISITANTE,84:F1:47:54:96:E2,-78,1
22/04/2026,07:28:24,21,Lab. de telecomunicações,IFPB,84:F1:47:54:FD:C0,-79,1
22/04/2026,07:28:24,21,Lab. de telecomunicações,IFPB-VISITANTE,84:F1:47:54:FD:C2,-79,1
22/04/2026,07:28:25,21,Lab. de telecomunicações,IFPB,84:F1:47:54:71:00,-85,1
22/04/2026,07:28:25,21,Lab. de telecomunicações,IFPB-VISITANTE,84:F1:47:54:71:02,-85,1
22/04/2026,07:28:25,21,Lab. de telecomunicações,IFPB,E4:4E:2D:85:4C:60,-85,11
22/04/2026,07:28:25,21,Lab. de telecomunicações,IFPB-VISITANTE,E4:4E:2D:85:4C:62,-85,11
22/04/2026,07:28:25,21,Lab. de telecomunicações,IFPB,84:F1:47:54:F9:80,-88,11
22/04/2026,07:28:25,21,Lab. de telecomunicações,IFPB,84:F1:47:54:95:E0,-88,11
22/04/2026,07:28:25,21,Lab. de telecomunicações,IFPB-VISITANTE,B8:11:4B:1D:1E:42,-89,6
22/04/2026,07:28:25,21,Lab. de telecomunicações,IFPB,B8:11:4B:1D:1E:40,-89,6
22/04/2026,07:28:25,21,Lab. de telecomunicações,IFPB-VISITANTE,84:F1:47:54:F9:82,-89,11
22/04/2026,07:28:25,21,Lab. de telecomunicações,IFPB-VISITANTE,84:F1:47:54:95:E2,-89,11
22/04/2026,07:28:34,22,Lab. de telecomunicações,IFPB,84:F1:47:54:7F:20,-73,11
22/04/2026,07:28:34,22,Lab. de telecomunicações,IFPB-VISITANTE,84:F1:47:54:7F:22,-73,11
22/04/2026,07:28:35,22,Lab. de telecomunicações,IFPB-VISITANTE,84:F1:47:54:FD:C2,-78,1
22/04/2026,07:28:35,22,Lab. de telecomunicações,IFPB,84:F1:47:54:FD:C0,-78,1
22/04/2026,07:28:35,22,Lab. de telecomunicações,IFPB,84:F1:47:54:96:E0,-80,1
22/04/2026,07:28:35,22,Lab. de telecomunicações,IFPB-VISITANTE,84:F1:47:54:96:E2,-80,1
22/04/2026,07:28:35,22,Lab. de telecomunicações,IFPB,84:F1:47:54:71:00,-84,1
22/04/2026,07:28:35,22,Lab. de telecomunicações,IFPB-VISITANTE,84:F1:47:54:71:02,-84,1
22/04/2026,07:28:35,22,Lab. de telecomunicações,IFPB,E4:4E:2D:85:4C:60,-84,11
22/04/2026,07:28:35,22,Lab. de telecomunicações,IFPB-VISITANTE,E4:4E:2D:85:4C:62,-84,11
22/04/2026,07:28:35,22,Lab. de telecomunicações,IFPB,84:F1:47:54:95:E0,-88,11
22/04/2026,07:28:35,22,Lab. de telecomunicações,IFPB-VISITANTE,84:F1:47:54:95:E2,-89,11
22/04/2026,07:28:35,22,Lab. de telecomunicações,IFPB-VISITANTE,84:F1:47:54:F9:82,-89,11
22/04/2026,07:28:35,22,Lab. de telecomunicações,IFPB,84:F1:47:54:F9:80,-89,11
22/04/2026,07:28:45,23,Lab. de telecomunicações,IFPB-VISITANTE,84:F1:47:54:7F:22,-75,11
22/04/2026,07:28:45,23,Lab. de telecomunicações,IFPB,84:F1:47:54:7F:20,-76,11
22/04/2026,07:28:45,23,Lab. de telecomunicações,IFPB,84:F1:47:54:FD:C0,-79,1
22/04/2026,07:28:45,23,Lab. de telecomunicações,IFPB-VISITANTE,84:F1:47:54:FD:C2,-80,1
22/04/2026,07:28:45,23,Lab. de telecomunicações,IFPB,84:F1:47:54:96:E0,-82,1
22/04/2026,07:28:45,23,Lab. de telecomunicações,IFPB-VISITANTE,84:F1:47:54:96:E2,-82,1
22/04/2026,07:28:45,23,Lab. de telecomunicações,IFPB,84:F1:47:54:71:00,-83,1
22/04/2026,07:28:45,23,Lab. de telecomunicações,IFPB-VISITANTE,84:F1:47:54:71:02,-83,1
22/04/2026,07:28:45,23,Lab. de telecomunicações,IFPB-VISITANTE,E4:4E:2D:85:4C:62,-84,11
22/04/2026,07:28:45,23,Lab. de telecomunicações,IFPB,E4:4E:2D:85:4C:60,-84,11
22/04/2026,07:28:45,23,Lab. de telecomunicações,IFPB-VISITANTE,84:F1:47:54:F9:82,-86,11
22/04/2026,07:28:45,23,Lab. de telecomunicações,IFPB-VISITANTE,84:F1:47:54:95:E2,-86,11
22/04/2026,07:28:45,23,Lab. de telecomunicações,IFPB,84:F1:47:54:F9:80,-86,11
22/04/2026,07:28:45,23,Lab. de telecomunicações,IFPB,84:F1:47:54:95:E0,-86,11
22/04/2026,07:28:55,24,Lab. de telecomunicações,IFPB,84:F1:47:54:7F:20,-75,11
22/04/2026,07:28:55,24,Lab. de telecomunicações,IFPB-VISITANTE,84:F1:47:54:7F:22,-75,11
22/04/2026,07:28:55,24,Lab. de telecomunicações,IFPB,84:F1:47:54:96:E0,-79,1
22/04/2026,07:28:55,24,Lab. de telecomunicações,IFPB-VISITANTE,84:F1:47:54:96:E2,-79,1
22/04/2026,07:28:55,24,Lab. de telecomunicações,IFPB-VISITANTE,84:F1:47:54:FD:C2,-82,1
22/04/2026,07:28:55,24,Lab. de telecomunicações,IFPB,84:F1:47:54:FD:C0,-82,1
22/04/2026,07:28:55,24,Lab. de telecomunicações,IFPB-VISITANTE,84:F1:47:54:71:02,-84,1
22/04/2026,07:28:55,24,Lab. de telecomunicações,IFPB,84:F1:47:54:71:00,-85,1
22/04/2026,07:28:55,24,Lab. de telecomunicações,IFPB-VISITANTE,E4:4E:2D:85:4C:62,-85,11
22/04/2026,07:28:55,24,Lab. de telecomunicações,IFPB,84:F1:47:54:F9:80,-86,11
22/04/2026,07:28:55,24,Lab. de telecomunicações,IFPB-VISITANTE,84:F1:47:54:F9:82,-86,11
22/04/2026,07:28:55,24,Lab. de telecomunicações,IFPB-VISITANTE,84:F1:47:54:95:E2,-86,11
22/04/2026,07:28:55,24,Lab. de telecomunicações,IFPB,E4:4E:2D:85:4C:60,-86,11
22/04/2026,07:28:55,24,Lab. de telecomunicações,IFPB,84:F1:47:54:95:E0,-87,11
22/04/2026,07:29:05,25,Lab. de telecomunicações,IFPB,84:F1:47:54:7F:20,-71,11
22/04/2026,07:29:05,25,Lab. de telecomunicações,IFPB-VISITANTE,84:F1:47:54:7F:22,-71,11
22/04/2026,07:29:05,25,Lab. de telecomunicações,IFPB,84:F1:47:54:FD:C0,-79,1
22/04/2026,07:29:05,25,Lab. de telecomunicações,IFPB-VISITANTE,84:F1:47:54:FD:C2,-79,1
22/04/2026,07:29:05,25,Lab. de telecomunicações,IFPB,84:F1:47:54:96:E0,-80,1
22/04/2026,07:29:05,25,Lab. de telecomunicações,IFPB-VISITANTE,84:F1:47:54:96:E2,-80,1
22/04/2026,07:29:05,25,Lab. de telecomunicações,IFPB,84:F1:47:54:71:00,-83,1
22/04/2026,07:29:05,25,Lab. de telecomunicações,IFPB-VISITANTE,84:F1:47:54:71:02,-83,1
22/04/2026,07:29:05,25,Lab. de telecomunicações,IFPB,E4:4E:2D:85:4C:60,-85,11
22/04/2026,07:29:05,25,Lab. de telecomunicações,IFPB-VISITANTE,E4:4E:2D:85:4C:62,-86,11
22/04/2026,07:29:05,25,Lab. de telecomunicações,IFPB-VISITANTE,84:F1:47:54:95:E2,-88,11
22/04/2026,07:29:05,25,Lab. de telecomunicações,IFPB,84:F1:47:54:95:E0,-89,11
22/04/2026,07:29:15,26,Lab. de telecomunicações,IFPB,84:F1:47:54:7F:20,-73,11
22/04/2026,07:29:15,26,Lab. de telecomunicações,IFPB-VISITANTE,84:F1:47:54:7F:22,-73,11
22/04/2026,07:29:15,26,Lab. de telecomunicações,IFPB-VISITANTE,84:F1:47:54:FD:C2,-77,1
22/04/2026,07:29:15,26,Lab. de telecomunicações,IFPB,84:F1:47:54:FD:C0,-77,1
22/04/2026,07:29:15,26,Lab. de telecomunicações,IFPB-VISITANTE,84:F1:47:54:96:E2,-80,1
22/04/2026,07:29:15,26,Lab. de telecomunicações,IFPB,84:F1:47:54:96:E0,-81,1
22/04/2026,07:29:16,26,Lab. de telecomunicações,IFPB,E4:4E:2D:85:4C:60,-83,11
22/04/2026,07:29:16,26,Lab. de telecomunicações,IFPB-VISITANTE,E4:4E:2D:85:4C:62,-84,11
22/04/2026,07:29:16,26,Lab. de telecomunicações,IFPB,84:F1:47:54:71:00,-85,1
22/04/2026,07:29:16,26,Lab. de telecomunicações,IFPB-VISITANTE,84:F1:47:54:71:02,-85,1
22/04/2026,07:29:16,26,Lab. de telecomunicações,IFPB-VISITANTE,84:F1:47:54:95:E2,-86,11
22/04/2026,07:29:16,26,Lab. de telecomunicações,IFPB,84:F1:47:54:95:E0,-87,11
22/04/2026,07:29:16,26,Lab. de telecomunicações,IFPB,84:F1:47:54:F9:80,-90,11
22/04/2026,07:29:16,26,Lab. de telecomunicações,IFPB-VISITANTE,84:F1:47:54:F9:82,-91,11
22/04/2026,07:29:25,27,Lab. de telecomunicações,IFPB,84:F1:47:54:7F:20,-75,11
22/04/2026,07:29:25,27,Lab. de telecomunicações,IFPB-VISITANTE,84:F1:47:54:7F:22,-75,11
22/04/2026,07:29:25,27,Lab. de telecomunicações,IFPB,84:F1:47:54:FD:C0,-77,1
22/04/2026,07:29:25,27,Lab. de telecomunicações,IFPB-VISITANTE,84:F1:47:54:FD:C2,-77,1
22/04/2026,07:29:26,27,Lab. de telecomunicações,IFPB-VISITANTE,84:F1:47:54:96:E2,-83,1
22/04/2026,07:29:26,27,Lab. de telecomunicações,IFPB,84:F1:47:54:96:E0,-83,1
22/04/2026,07:29:26,27,Lab. de telecomunicações,IFPB,E4:4E:2D:85:4C:60,-84,11
22/04/2026,07:29:26,27,Lab. de telecomunicações,IFPB-VISITANTE,84:F1:47:54:71:02,-85,1
22/04/2026,07:29:26,27,Lab. de telecomunicações,IFPB-VISITANTE,E4:4E:2D:85:4C:62,-85,11
22/04/2026,07:29:26,27,Lab. de telecomunicações,IFPB-VISITANTE,84:F1:47:54:95:E2,-85,11
22/04/2026,07:29:26,27,Lab. de telecomunicações,IFPB,84:F1:47:54:71:00,-86,1
22/04/2026,07:29:26,27,Lab. de telecomunicações,IFPB-VISITANTE,84:F1:47:54:F9:82,-87,11
22/04/2026,07:29:26,27,Lab. de telecomunicações,IFPB,84:F1:47:54:95:E0,-87,11
22/04/2026,07:29:26,27,Lab. de telecomunicações,IFPB,84:F1:47:54:F9:80,-88,11
22/04/2026,07:29:36,28,Lab. de telecomunicações,IFPB,84:F1:47:54:7F:20,-72,11
22/04/2026,07:29:36,28,Lab. de telecomunicações,IFPB-VISITANTE,84:F1:47:54:7F:22,-72,11
22/04/2026,07:29:36,28,Lab. de telecomunicações,IFPB-VISITANTE,84:F1:47:54:FD:C2,-78,1
22/04/2026,07:29:36,28,Lab. de telecomunicações,IFPB,84:F1:47:54:FD:C0,-79,1
22/04/2026,07:29:36,28,Lab. de telecomunicações,IFPB,84:F1:47:54:96:E0,-81,1
22/04/2026,07:29:36,28,Lab. de telecomunicações,IFPB-VISITANTE,84:F1:47:54:96:E2,-82,1
22/04/2026,07:29:36,28,Lab. de telecomunicações,IFPB,84:F1:47:54:71:00,-85,1
22/04/2026,07:29:36,28,Lab. de telecomunicações,IFPB-VISITANTE,84:F1:47:54:71:02,-85,1
22/04/2026,07:29:36,28,Lab. de telecomunicações,IFPB,84:F1:47:54:F9:80,-87,11
22/04/2026,07:29:36,28,Lab. de telecomunicações,IFPB-VISITANTE,E4:4E:2D:85:4C:62,-87,11
22/04/2026,07:29:36,28,Lab. de telecomunicações,IFPB-VISITANTE,84:F1:47:54:F9:82,-88,11
22/04/2026,07:29:36,28,Lab. de telecomunicações,IFPB-VISITANTE,B8:11:4B:1D:1E:42,-89,6
22/04/2026,07:29:36,28,Lab. de telecomunicações,IFPB,E4:4E:2D:85:4C:60,-89,11
22/04/2026,07:29:46,29,Lab. de telecomunicações,IFPB,84:F1:47:54:7F:20,-72,11
22/04/2026,07:29:46,29,Lab. de telecomunicações,IFPB-VISITANTE,84:F1:47:54:7F:22,-72,11
22/04/2026,07:29:46,29,Lab. de telecomunicações,IFPB,84:F1:47:54:FD:C0,-77,1
22/04/2026,07:29:46,29,Lab. de telecomunicações,IFPB-VISITANTE,84:F1:47:54:FD:C2,-77,1
22/04/2026,07:29:46,29,Lab. de telecomunicações,IFPB,84:F1:47:54:71:00,-85,1
22/04/2026,07:29:46,29,Lab. de telecomunicações,IFPB-VISITANTE,84:F1:47:54:71:02,-85,1
22/04/2026,07:29:46,29,Lab. de telecomunicações,IFPB,84:F1:47:54:96:E0,-87,1
22/04/2026,07:29:46,29,Lab. de telecomunicações,IFPB-VISITANTE,84:F1:47:54:96:E2,-88,1
22/04/2026,07:29:46,29,Lab. de telecomunicações,IFPB,E4:4E:2D:85:4C:60,-88,11
22/04/2026,07:29:46,29,Lab. de telecomunicações,IFPB,84:F1:47:54:F9:80,-88,11
22/04/2026,07:29:46,29,Lab. de telecomunicações,IFPB-VISITANTE,E4:4E:2D:85:4C:62,-89,11
22/04/2026,07:29:56,30,Lab. de telecomunicações,IFPB,84:F1:47:54:7F:20,-73,11
22/04/2026,07:29:56,30,Lab. de telecomunicações,IFPB-VISITANTE,84:F1:47:54:7F:22,-73,11
22/04/2026,07:29:56,30,Lab. de telecomunicações,IFPB-VISITANTE,84:F1:47:54:FD:C2,-78,1
22/04/2026,07:29:56,30,Lab. de telecomunicações,IFPB,84:F1:47:54:FD:C0,-78,1
22/04/2026,07:29:56,30,Lab. de telecomunicações,IFPB-VISITANTE,E4:4E:2D:85:4C:62,-83,11
22/04/2026,07:29:56,30,Lab. de telecomunicações,IFPB,84:F1:47:54:71:00,-84,1
22/04/2026,07:29:56,30,Lab. de telecomunicações,IFPB-VISITANTE,84:F1:47:54:71:02,-85,1
22/04/2026,07:29:56,30,Lab. de telecomunicações,IFPB,E4:4E:2D:85:4C:60,-85,11
22/04/2026,07:29:56,30,Lab. de telecomunicações,IFPB,84:F1:47:54:95:E0,-86,11
22/04/2026,07:29:56,30,Lab. de telecomunicações,IFPB-VISITANTE,84:F1:47:54:95:E2,-86,11
22/04/2026,07:29:56,30,Lab. de telecomunicações,IFPB,84:F1:47:54:96:E0,-87,1
22/04/2026,07:29:56,30,Lab. de telecomunicações,IFPB-VISITANTE,84:F1:47:54:96:E2,-87,1
22/04/2026,07:29:56,30,Lab. de telecomunicações,IFPB,2C:57:41:D4:69:C0,-87,1
22/04/2026,07:29:56,30,Lab. de telecomunicações,IFPB-VISITANTE,2C:57:41:D4:69:C2,-87,1
22/04/2026,07:29:56,30,Lab. de telecomunicações,IFPB-VISITANTE,84:F1:47:54:F9:82,-88,11
22/04/2026,07:29:56,30,Lab. de telecomunicações,IFPB-VISITANTE,B8:11:4B:1D:1E:42,-90,6
22/04/2026,07:29:56,30,Lab. de telecomunicações,IFPB,B8:11:4B:1D:1E:40,-92,6
22/04/2026,07:30:24,31,PET Eng. Elétrica,IFPB,84:F1:47:54:95:E0,-76,11
22/04/2026,07:30:24,31,PET Eng. Elétrica,IFPB-VISITANTE,84:F1:47:54:95:E2,-76,11
22/04/2026,07:30:24,31,PET Eng. Elétrica,IFPB,84:F1:47:54:96:E0,-79,1
22/04/2026,07:30:24,31,PET Eng. Elétrica,IFPB-VISITANTE,84:F1:47:54:96:E2,-80,1
22/04/2026,07:30:25,31,PET Eng. Elétrica,IFPB-VISITANTE,E4:4E:2D:85:4C:62,-80,11
22/04/2026,07:30:25,31,PET Eng. Elétrica,IFPB,E4:4E:2D:85:4C:60,-81,11
22/04/2026,07:30:25,31,PET Eng. Elétrica,IFPB,84:F1:47:54:FD:C0,-82,1
22/04/2026,07:30:25,31,PET Eng. Elétrica,IFPB,84:F1:47:54:F9:80,-82,11
22/04/2026,07:30:25,31,PET Eng. Elétrica,IFPB-VISITANTE,84:F1:47:54:F9:82,-82,11
22/04/2026,07:30:25,31,PET Eng. Elétrica,IFPB-VISITANTE,84:F1:47:54:FD:C2,-83,1
22/04/2026,07:30:25,31,PET Eng. Elétrica,IFPB-VISITANTE,B8:11:4B:1D:14:82,-85,6
22/04/2026,07:30:25,31,PET Eng. Elétrica,IFPB,B8:11:4B:1D:14:80,-86,6
22/04/2026,07:30:25,31,PET Eng. Elétrica,IFPB-VISITANTE,84:F1:47:54:7F:22,-86,11
22/04/2026,07:30:25,31,PET Eng. Elétrica,IFPB,84:F1:47:54:7F:20,-87,11
22/04/2026,07:30:25,31,PET Eng. Elétrica,IFPB-VISITANTE,84:F1:47:54:71:02,-88,1
22/04/2026,07:30:25,31,PET Eng. Elétrica,IFPB,84:F1:47:54:71:00,-88,1
22/04/2026,07:30:25,31,PET Eng. Elétrica,IFPB-VISITANTE,B8:11:4B:1D:1E:42,-89,6
22/04/2026,07:30:34,32,PET Eng. Elétrica,IFPB-VISITANTE,84:F1:47:54:FD:C2,-75,1
22/04/2026,07:30:35,32,PET Eng. Elétrica,IFPB,84:F1:47:54:FD:C0,-76,1
22/04/2026,07:30:35,32,PET Eng. Elétrica,IFPB-VISITANTE,84:F1:47:54:96:E2,-77,1
22/04/2026,07:30:35,32,PET Eng. Elétrica,IFPB,84:F1:47:54:96:E0,-78,1
22/04/2026,07:30:35,32,PET Eng. Elétrica,IFPB,84:F1:47:54:95:E0,-80,11
22/04/2026,07:30:35,32,PET Eng. Elétrica,IFPB-VISITANTE,84:F1:47:54:95:E2,-81,11
22/04/2026,07:30:35,32,PET Eng. Elétrica,IFPB-VISITANTE,84:F1:47:54:F9:82,-82,11
22/04/2026,07:30:35,32,PET Eng. Elétrica,IFPB,84:F1:47:54:F9:80,-83,11
22/04/2026,07:30:35,32,PET Eng. Elétrica,IFPB,E4:4E:2D:85:4C:60,-83,11
22/04/2026,07:30:35,32,PET Eng. Elétrica,IFPB-VISITANTE,E4:4E:2D:85:4C:62,-85,11
22/04/2026,07:30:35,32,PET Eng. Elétrica,IFPB,84:F1:47:54:71:00,-88,1
22/04/2026,07:30:35,32,PET Eng. Elétrica,IFPB,B8:11:4B:1D:1E:40,-88,6
22/04/2026,07:30:35,32,PET Eng. Elétrica,IFPB-VISITANTE,B8:11:4B:1D:1E:42,-89,6
22/04/2026,07:30:35,32,PET Eng. Elétrica,IFPB-VISITANTE,2C:57:41:D4:69:C2,-90,1
22/04/2026,07:30:45,33,PET Eng. Elétrica,IFPB,84:F1:47:54:FD:C0,-72,1
22/04/2026,07:30:45,33,PET Eng. Elétrica,IFPB-VISITANTE,84:F1:47:54:FD:C2,-72,1
22/04/2026,07:30:45,33,PET Eng. Elétrica,IFPB,84:F1:47:54:96:E0,-74,1
22/04/2026,07:30:45,33,PET Eng. Elétrica,IFPB-VISITANTE,84:F1:47:54:96:E2,-74,1
22/04/2026,07:30:45,33,PET Eng. Elétrica,IFPB-VISITANTE,84:F1:47:54:F9:82,-79,11
22/04/2026,07:30:45,33,PET Eng. Elétrica,IFPB,84:F1:47:54:95:E0,-80,11
22/04/2026,07:30:45,33,PET Eng. Elétrica,IFPB-VISITANTE,84:F1:47:54:95:E2,-80,11
22/04/2026,07:30:45,33,PET Eng. Elétrica,IFPB,84:F1:47:54:F9:80,-82,11
22/04/2026,07:30:45,33,PET Eng. Elétrica,IFPB,E4:4E:2D:85:4C:60,-83,11
22/04/2026,07:30:45,33,PET Eng. Elétrica,IFPB-VISITANTE,E4:4E:2D:85:4C:62,-83,11
22/04/2026,07:30:45,33,PET Eng. Elétrica,IFPB,84:F1:47:54:71:00,-87,1
22/04/2026,07:30:45,33,PET Eng. Elétrica,IFPB-VISITANTE,84:F1:47:54:71:02,-89,1
22/04/2026,07:30:55,34,PET Eng. Elétrica,IFPB-VISITANTE,84:F1:47:54:FD:C2,-71,1
22/04/2026,07:30:55,34,PET Eng. Elétrica,IFPB,84:F1:47:54:FD:C0,-73,1
22/04/2026,07:30:55,34,PET Eng. Elétrica,IFPB,84:F1:47:54:96:E0,-73,1
22/04/2026,07:30:55,34,PET Eng. Elétrica,IFPB-VISITANTE,84:F1:47:54:96:E2,-73,1
22/04/2026,07:30:55,34,PET Eng. Elétrica,IFPB,84:F1:47:54:95:E0,-75,11
22/04/2026,07:30:55,34,PET Eng. Elétrica,IFPB-VISITANTE,84:F1:47:54:95:E2,-76,11
22/04/2026,07:30:55,34,PET Eng. Elétrica,IFPB,84:F1:47:54:F9:80,-81,11
22/04/2026,07:30:55,34,PET Eng. Elétrica,IFPB-VISITANTE,84:F1:47:54:F9:82,-81,11
22/04/2026,07:30:55,34,PET Eng. Elétrica,IFPB-VISITANTE,E4:4E:2D:85:4C:62,-85,11
22/04/2026,07:30:55,34,PET Eng. Elétrica,IFPB,E4:4E:2D:85:4C:60,-86,11
22/04/2026,07:30:55,34,PET Eng. Elétrica,IFPB-VISITANTE,84:F1:47:54:7F:22,-86,11
22/04/2026,07:30:55,34,PET Eng. Elétrica,IFPB,84:F1:47:54:71:00,-87,1
22/04/2026,07:30:55,34,PET Eng. Elétrica,IFPB,84:F1:47:54:7F:20,-87,11
22/04/2026,07:30:55,34,PET Eng. Elétrica,IFPB-VISITANTE,84:F1:47:54:71:02,-88,1
22/04/2026,07:31:05,35,PET Eng. Elétrica,IFPB,84:F1:47:54:FD:C0,-72,1
22/04/2026,07:31:05,35,PET Eng. Elétrica,IFPB-VISITANTE,84:F1:47:54:FD:C2,-73,1
22/04/2026,07:31:05,35,PET Eng. Elétrica,IFPB,84:F1:47:54:96:E0,-73,1
22/04/2026,07:31:05,35,PET Eng. Elétrica,IFPB-VISITANTE,84:F1:47:54:96:E2,-73,1
22/04/2026,07:31:05,35,PET Eng. Elétrica,IFPB,84:F1:47:54:95:E0,-74,11
22/04/2026,07:31:05,35,PET Eng. Elétrica,IFPB-VISITANTE,84:F1:47:54:95:E2,-74,11
22/04/2026,07:31:05,35,PET Eng. Elétrica,IFPB-VISITANTE,84:F1:47:54:F9:82,-80,11
22/04/2026,07:31:05,35,PET Eng. Elétrica,IFPB,84:F1:47:54:F9:80,-80,11
22/04/2026,07:31:05,35,PET Eng. Elétrica,IFPB,E4:4E:2D:85:4C:60,-84,11
22/04/2026,07:31:05,35,PET Eng. Elétrica,IFPB-VISITANTE,E4:4E:2D:85:4C:62,-85,11
22/04/2026,07:31:05,35,PET Eng. Elétrica,IFPB-VISITANTE,B8:11:4B:1D:1E:42,-87,6
22/04/2026,07:31:05,35,PET Eng. Elétrica,IFPB,84:F1:47:54:7F:20,-88,11
22/04/2026,07:31:06,35,PET Eng. Elétrica,IFPB,B8:11:4B:1D:1E:40,-89,6
22/04/2026,07:31:06,35,PET Eng. Elétrica,IFPB-VISITANTE,84:F1:47:54:7F:22,-89,11
22/04/2026,07:31:15,36,PET Eng. Elétrica,IFPB-VISITANTE,84:F1:47:54:FD:C2,-70,1
22/04/2026,07:31:15,36,PET Eng. Elétrica,IFPB,84:F1:47:54:FD:C0,-70,1
22/04/2026,07:31:15,36,PET Eng. Elétrica,IFPB,84:F1:47:54:96:E0,-73,1
22/04/2026,07:31:15,36,PET Eng. Elétrica,IFPB-VISITANTE,84:F1:47:54:96:E2,-73,1
22/04/2026,07:31:15,36,PET Eng. Elétrica,IFPB,84:F1:47:54:95:E0,-74,11
22/04/2026,07:31:15,36,PET Eng. Elétrica,IFPB-VISITANTE,84:F1:47:54:95:E2,-74,11
22/04/2026,07:31:16,36,PET Eng. Elétrica,IFPB,84:F1:47:54:F9:80,-80,11
22/04/2026,07:31:16,36,PET Eng. Elétrica,IFPB-VISITANTE,84:F1:47:54:F9:82,-81,11
22/04/2026,07:31:16,36,PET Eng. Elétrica,IFPB-VISITANTE,E4:4E:2D:85:4C:62,-83,11
22/04/2026,07:31:16,36,PET Eng. Elétrica,IFPB,E4:4E:2D:85:4C:60,-83,11
22/04/2026,07:31:16,36,PET Eng. Elétrica,IFPB,84:F1:47:54:7F:20,-87,11
22/04/2026,07:31:16,36,PET Eng. Elétrica,IFPB-VISITANTE,84:F1:47:54:7F:22,-88,11
22/04/2026,07:31:25,37,PET Eng. Elétrica,IFPB-VISITANTE,84:F1:47:54:FD:C2,-71,1
22/04/2026,07:31:26,37,PET Eng. Elétrica,IFPB,84:F1:47:54:95:E0,-74,11
22/04/2026,07:31:26,37,PET Eng. Elétrica,IFPB-VISITANTE,84:F1:47:54:95:E2,-74,11
22/04/2026,07:31:26,37,PET Eng. Elétrica,IFPB,84:F1:47:54:FD:C0,-75,1
22/04/2026,07:31:26,37,PET Eng. Elétrica,IFPB,84:F1:47:54:96:E0,-75,1
22/04/2026,07:31:26,37,PET Eng. Elétrica,IFPB-VISITANTE,84:F1:47:54:96:E2,-75,1
22/04/2026,07:31:26,37,PET Eng. Elétrica,IFPB,84:F1:47:54:F9:80,-82,11
22/04/2026,07:31:26,37,PET Eng. Elétrica,IFPB-VISITANTE,84:F1:47:54:F9:82,-82,11
22/04/2026,07:31:26,37,PET Eng. Elétrica,IFPB-VISITANTE,E4:4E:2D:85:4C:62,-84,11
22/04/2026,07:31:26,37,PET Eng. Elétrica,IFPB,E4:4E:2D:85:4C:60,-84,11
22/04/2026,07:31:26,37,PET Eng. Elétrica,IFPB-VISITANTE,84:F1:47:54:71:02,-85,1
22/04/2026,07:31:26,37,PET Eng. Elétrica,IFPB,84:F1:47:54:71:00,-85,1
22/04/2026,07:31:26,37,PET Eng. Elétrica,IFPB,84:F1:47:54:7F:20,-86,11
22/04/2026,07:31:26,37,PET Eng. Elétrica,IFPB-VISITANTE,84:F1:47:54:7F:22,-87,11
22/04/2026,07:31:36,38,PET Eng. Elétrica,IFPB-VISITANTE,84:F1:47:54:FD:C2,-70,1
22/04/2026,07:31:36,38,PET Eng. Elétrica,IFPB,84:F1:47:54:FD:C0,-70,1
22/04/2026,07:31:36,38,PET Eng. Elétrica,IFPB,84:F1:47:54:95:E0,-74,11
22/04/2026,07:31:36,38,PET Eng. Elétrica,IFPB,84:F1:47:54:96:E0,-75,1
22/04/2026,07:31:36,38,PET Eng. Elétrica,IFPB-VISITANTE,84:F1:47:54:96:E2,-75,1
22/04/2026,07:31:36,38,PET Eng. Elétrica,IFPB-VISITANTE,84:F1:47:54:95:E2,-75,11
22/04/2026,07:31:36,38,PET Eng. Elétrica,IFPB,84:F1:47:54:F9:80,-82,11
22/04/2026,07:31:36,38,PET Eng. Elétrica,IFPB-VISITANTE,84:F1:47:54:F9:82,-82,11
22/04/2026,07:31:36,38,PET Eng. Elétrica,IFPB-VISITANTE,E4:4E:2D:85:4C:62,-84,11
22/04/2026,07:31:36,38,PET Eng. Elétrica,IFPB,E4:4E:2D:85:4C:60,-84,11
22/04/2026,07:31:36,38,PET Eng. Elétrica,IFPB-VISITANTE,84:F1:47:54:71:02,-86,1
22/04/2026,07:31:36,38,PET Eng. Elétrica,IFPB,84:F1:47:54:7F:20,-86,11
22/04/2026,07:31:36,38,PET Eng. Elétrica,IFPB-VISITANTE,84:F1:47:54:7F:22,-86,11
22/04/2026,07:31:36,38,PET Eng. Elétrica,IFPB,84:F1:47:54:71:00,-87,1
22/04/2026,07:31:36,38,PET Eng. Elétrica,IFPB-VISITANTE,B8:11:4B:1D:1E:42,-89,6
22/04/2026,07:31:46,39,PET Eng. Elétrica,IFPB-VISITANTE,84:F1:47:54:FD:C2,-72,1
22/04/2026,07:31:46,39,PET Eng. Elétrica,IFPB,84:F1:47:54:FD:C0,-72,1
22/04/2026,07:31:46,39,PET Eng. Elétrica,IFPB-VISITANTE,84:F1:47:54:95:E2,-74,11
22/04/2026,07:31:46,39,PET Eng. Elétrica,IFPB,84:F1:47:54:95:E0,-74,11
22/04/2026,07:31:46,39,PET Eng. Elétrica,IFPB,84:F1:47:54:96:E0,-76,1
22/04/2026,07:31:46,39,PET Eng. Elétrica,IFPB-VISITANTE,84:F1:47:54:96:E2,-76,1
22/04/2026,07:31:46,39,PET Eng. Elétrica,IFPB,84:F1:47:54:F9:80,-80,11
22/04/2026,07:31:46,39,PET Eng. Elétrica,IFPB-VISITANTE,84:F1:47:54:F9:82,-81,11
22/04/2026,07:31:46,39,PET Eng. Elétrica,IFPB-VISITANTE,84:F1:47:54:7F:22,-84,11
22/04/2026,07:31:46,39,PET Eng. Elétrica,IFPB,84:F1:47:54:71:00,-85,1
22/04/2026,07:31:46,39,PET Eng. Elétrica,IFPB-VISITANTE,84:F1:47:54:71:02,-85,1
22/04/2026,07:31:46,39,PET Eng. Elétrica,IFPB,84:F1:47:54:7F:20,-85,11
22/04/2026,07:31:46,39,PET Eng. Elétrica,IFPB-VISITANTE,B8:11:4B:1D:1E:42,-90,6
22/04/2026,07:31:56,40,PET Eng. Elétrica,IFPB,84:F1:47:54:FD:C0,-70,1
22/04/2026,07:31:56,40,PET Eng. Elétrica,IFPB-VISITANTE,84:F1:47:54:FD:C2,-70,1
22/04/2026,07:31:56,40,PET Eng. Elétrica,IFPB-VISITANTE,84:F1:47:54:95:E2,-75,11
22/04/2026,07:31:56,40,PET Eng. Elétrica,IFPB,84:F1:47:54:95:E0,-75,11
22/04/2026,07:31:56,40,PET Eng. Elétrica,IFPB,84:F1:47:54:96:E0,-77,1
22/04/2026,07:31:56,40,PET Eng. Elétrica,IFPB-VISITANTE,84:F1:47:54:96:E2,-77,1
22/04/2026,07:31:56,40,PET Eng. Elétrica,IFPB,84:F1:47:54:F9:80,-83,11
22/04/2026,07:31:56,40,PET Eng. Elétrica,IFPB-VISITANTE,84:F1:47:54:F9:82,-83,11
22/04/2026,07:31:56,40,PET Eng. Elétrica,IFPB,E4:4E:2D:85:4C:60,-83,11
22/04/2026,07:31:56,40,PET Eng. Elétrica,IFPB-VISITANTE,E4:4E:2D:85:4C:62,-83,11
22/04/2026,07:31:56,40,PET Eng. Elétrica,IFPB-VISITANTE,84:F1:47:54:71:02,-85,1
22/04/2026,07:31:56,40,PET Eng. Elétrica,IFPB,84:F1:47:54:71:00,-86,1
22/04/2026,07:31:56,40,PET Eng. Elétrica,IFPB,84:F1:47:54:7F:20,-86,11
22/04/2026,07:31:56,40,PET Eng. Elétrica,IFPB-VISITANTE,84:F1:47:54:7F:22,-88,11
22/04/2026,07:32:25,41,Coordenação de Eng. Elétrica,IFPB-VISITANTE,84:F1:47:54:95:E2,-56,11
22/04/2026,07:32:25,41,Coordenação de Eng. Elétrica,IFPB,84:F1:47:54:95:E0,-57,11
22/04/2026,07:32:25,41,Coordenação de Eng. Elétrica,IFPB,84:F1:47:54:F9:80,-75,11
22/04/2026,07:32:25,41,Coordenação de Eng. Elétrica,IFPB-VISITANTE,84:F1:47:54:F9:82,-75,11
22/04/2026,07:32:25,41,Coordenação de Eng. Elétrica,IFPB,B8:11:4B:1D:14:80,-79,6
22/04/2026,07:32:25,41,Coordenação de Eng. Elétrica,IFPB-VISITANTE,B8:11:4B:1D:14:82,-80,6
22/04/2026,07:32:25,41,Coordenação de Eng. Elétrica,IFPB,84:F1:47:54:FD:C0,-82,1
22/04/2026,07:32:25,41,Coordenação de Eng. Elétrica,IFPB-VISITANTE,84:F1:47:54:FD:C2,-86,1
22/04/2026,07:32:35,42,Coordenação de Eng. Elétrica,IFPB,84:F1:47:54:95:E0,-61,11
22/04/2026,07:32:35,42,Coordenação de Eng. Elétrica,IFPB-VISITANTE,84:F1:47:54:95:E2,-61,11
22/04/2026,07:32:35,42,Coordenação de Eng. Elétrica,IFPB,84:F1:47:54:F9:80,-75,11
22/04/2026,07:32:35,42,Coordenação de Eng. Elétrica,IFPB-VISITANTE,84:F1:47:54:F9:82,-76,11
22/04/2026,07:32:35,42,Coordenação de Eng. Elétrica,IFPB-VISITANTE,B8:11:4B:1D:14:82,-79,6
22/04/2026,07:32:35,42,Coordenação de Eng. Elétrica,IFPB,B8:11:4B:1D:14:80,-80,6
22/04/2026,07:32:35,42,Coordenação de Eng. Elétrica,IFPB-VISITANTE,24:36:DA:2B:5E:C2,-88,1
22/04/2026,07:32:45,43,Coordenação de Eng. Elétrica,IFPB,84:F1:47:54:95:E0,-64,11
22/04/2026,07:32:45,43,Coordenação de Eng. Elétrica,IFPB-VISITANTE,84:F1:47:54:95:E2,-64,11
22/04/2026,07:32:45,43,Coordenação de Eng. Elétrica,IFPB,84:F1:47:54:F9:80,-76,11
22/04/2026,07:32:45,43,Coordenação de Eng. Elétrica,IFPB-VISITANTE,84:F1:47:54:F9:82,-76,11
22/04/2026,07:32:45,43,Coordenação de Eng. Elétrica,IFPB,B8:11:4B:1D:14:80,-80,6
22/04/2026,07:32:45,43,Coordenação de Eng. Elétrica,IFPB-VISITANTE,B8:11:4B:1D:14:82,-80,6
22/04/2026,07:32:46,43,Coordenação de Eng. Elétrica,IFPB-VISITANTE,24:36:DA:2B:5E:C2,-89,1
22/04/2026,07:32:46,43,Coordenação de Eng. Elétrica,IFPB,84:F1:47:54:FD:C0,-90,1
22/04/2026,07:32:46,43,Coordenação de Eng. Elétrica,IFPB,24:36:DA:2B:5E:C0,-90,1
22/04/2026,07:32:46,43,Coordenação de Eng. Elétrica,IFPB-VISITANTE,84:F1:47:54:FD:C2,-92,1
22/04/2026,07:32:55,44,Coordenação de Eng. Elétrica,IFPB-VISITANTE,84:F1:47:54:95:E2,-56,11
22/04/2026,07:32:55,44,Coordenação de Eng. Elétrica,IFPB,84:F1:47:54:95:E0,-57,11
22/04/2026,07:32:55,44,Coordenação de Eng. Elétrica,IFPB,84:F1:47:54:F9:80,-75,11
22/04/2026,07:32:55,44,Coordenação de Eng. Elétrica,IFPB-VISITANTE,84:F1:47:54:F9:82,-75,11
22/04/2026,07:32:55,44,Coordenação de Eng. Elétrica,IFPB,B8:11:4B:1D:14:80,-81,6
22/04/2026,07:32:55,44,Coordenação de Eng. Elétrica,IFPB-VISITANTE,B8:11:4B:1D:14:82,-81,6
22/04/2026,07:32:56,44,Coordenação de Eng. Elétrica,IFPB-VISITANTE,24:36:DA:2B:5E:C2,-88,1
22/04/2026,07:32:56,44,Coordenação de Eng. Elétrica,IFPB,84:F1:47:54:FD:C0,-89,1
22/04/2026,07:32:56,44,Coordenação de Eng. Elétrica,IFPB-VISITANTE,84:F1:47:54:FD:C2,-89,1
22/04/2026,07:33:05,45,Coordenação de Eng. Elétrica,IFPB,84:F1:47:54:95:E0,-57,11
22/04/2026,07:33:05,45,Coordenação de Eng. Elétrica,IFPB-VISITANTE,84:F1:47:54:95:E2,-57,11
22/04/2026,07:33:05,45,Coordenação de Eng. Elétrica,IFPB,84:F1:47:54:F9:80,-77,11
22/04/2026,07:33:05,45,Coordenação de Eng. Elétrica,IFPB-VISITANTE,84:F1:47:54:F9:82,-77,11
22/04/2026,07:33:06,45,Coordenação de Eng. Elétrica,IFPB-VISITANTE,B8:11:4B:1D:14:82,-81,6
22/04/2026,07:33:06,45,Coordenação de Eng. Elétrica,IFPB,B8:11:4B:1D:14:80,-83,6
22/04/2026,07:33:06,45,Coordenação de Eng. Elétrica,IFPB-VISITANTE,84:F1:47:54:FD:C2,-88,1
22/04/2026,07:33:06,45,Coordenação de Eng. Elétrica,IFPB,84:F1:47:54:96:E0,-89,1
22/04/2026,07:33:06,45,Coordenação de Eng. Elétrica,IFPB-VISITANTE,84:F1:47:54:96:E2,-89,1
22/04/2026,07:33:06,45,Coordenação de Eng. Elétrica,IFPB,84:F1:47:54:FD:C0,-90,1
22/04/2026,07:33:15,46,Coordenação de Eng. Elétrica,IFPB,84:F1:47:54:95:E0,-58,11
22/04/2026,07:33:15,46,Coordenação de Eng. Elétrica,IFPB-VISITANTE,84:F1:47:54:95:E2,-58,11
22/04/2026,07:33:15,46,Coordenação de Eng. Elétrica,IFPB,84:F1:47:54:F9:80,-75,11
22/04/2026,07:33:16,46,Coordenação de Eng. Elétrica,IFPB-VISITANTE,84:F1:47:54:F9:82,-75,11
22/04/2026,07:33:16,46,Coordenação de Eng. Elétrica,IFPB,B8:11:4B:1D:14:80,-79,6
22/04/2026,07:33:16,46,Coordenação de Eng. Elétrica,IFPB-VISITANTE,B8:11:4B:1D:14:82,-79,6
22/04/2026,07:33:25,47,Coordenação de Eng. Elétrica,IFPB-VISITANTE,84:F1:47:54:95:E2,-56,11
22/04/2026,07:33:25,47,Coordenação de Eng. Elétrica,IFPB,84:F1:47:54:95:E0,-57,11
22/04/2026,07:33:26,47,Coordenação de Eng. Elétrica,IFPB,84:F1:47:54:F9:80,-76,11
22/04/2026,07:33:26,47,Coordenação de Eng. Elétrica,IFPB-VISITANTE,84:F1:47:54:F9:82,-76,11
22/04/2026,07:33:26,47,Coordenação de Eng. Elétrica,IFPB-VISITANTE,B8:11:4B:1D:14:82,-79,6
22/04/2026,07:33:26,47,Coordenação de Eng. Elétrica,IFPB,B8:11:4B:1D:14:80,-80,6
22/04/2026,07:33:26,47,Coordenação de Eng. Elétrica,IFPB-VISITANTE,84:F1:47:54:FD:C2,-88,1
22/04/2026,07:33:26,47,Coordenação de Eng. Elétrica,IFPB,84:F1:47:54:FD:C0,-88,1
22/04/2026,07:33:26,47,Coordenação de Eng. Elétrica,IFPB,24:36:DA:2B:5E:C0,-89,1
22/04/2026,07:33:26,47,Coordenação de Eng. Elétrica,IFPB-VISITANTE,24:36:DA:2B:5E:C2,-90,1
22/04/2026,07:33:36,48,Coordenação de Eng. Elétrica,IFPB,84:F1:47:54:95:E0,-57,11
22/04/2026,07:33:36,48,Coordenação de Eng. Elétrica,IFPB-VISITANTE,84:F1:47:54:95:E2,-57,11
22/04/2026,07:33:36,48,Coordenação de Eng. Elétrica,IFPB,84:F1:47:54:F9:80,-77,11
22/04/2026,07:33:36,48,Coordenação de Eng. Elétrica,IFPB-VISITANTE,84:F1:47:54:F9:82,-77,11
22/04/2026,07:33:36,48,Coordenação de Eng. Elétrica,IFPB-VISITANTE,B8:11:4B:1D:14:82,-80,6
22/04/2026,07:33:36,48,Coordenação de Eng. Elétrica,IFPB,B8:11:4B:1D:14:80,-81,6
22/04/2026,07:33:36,48,Coordenação de Eng. Elétrica,IFPB-VISITANTE,84:F1:47:54:96:E2,-88,1
22/04/2026,07:33:36,48,Coordenação de Eng. Elétrica,IFPB,84:F1:47:54:96:E0,-89,1
22/04/2026,07:33:46,49,Coordenação de Eng. Elétrica,IFPB,84:F1:47:54:95:E0,-56,11
22/04/2026,07:33:46,49,Coordenação de Eng. Elétrica,IFPB-VISITANTE,84:F1:47:54:95:E2,-57,11
22/04/2026,07:33:46,49,Coordenação de Eng. Elétrica,IFPB,84:F1:47:54:F9:80,-76,11
22/04/2026,07:33:46,49,Coordenação de Eng. Elétrica,IFPB-VISITANTE,84:F1:47:54:F9:82,-76,11
22/04/2026,07:33:46,49,Coordenação de Eng. Elétrica,IFPB-VISITANTE,B8:11:4B:1D:14:82,-81,6
22/04/2026,07:33:46,49,Coordenação de Eng. Elétrica,IFPB,B8:11:4B:1D:14:80,-82,6
22/04/2026,07:33:46,49,Coordenação de Eng. Elétrica,IFPB,84:F1:47:54:FD:C0,-87,1
22/04/2026,07:33:46,49,Coordenação de Eng. Elétrica,IFPB-VISITANTE,84:F1:47:54:FD:C2,-87,1
22/04/2026,07:33:46,49,Coordenação de Eng. Elétrica,IFPB-VISITANTE,84:F1:47:54:96:E2,-88,1
22/04/2026,07:33:46,49,Coordenação de Eng. Elétrica,IFPB,84:F1:47:54:96:E0,-89,1
22/04/2026,07:33:56,50,Coordenação de Eng. Elétrica,IFPB,84:F1:47:54:95:E0,-57,11
22/04/2026,07:33:56,50,Coordenação de Eng. Elétrica,IFPB-VISITANTE,84:F1:47:54:95:E2,-57,11
22/04/2026,07:33:56,50,Coordenação de Eng. Elétrica,IFPB,84:F1:47:54:F9:80,-76,11
22/04/2026,07:33:56,50,Coordenação de Eng. Elétrica,IFPB-VISITANTE,84:F1:47:54:F9:82,-76,11
22/04/2026,07:33:56,50,Coordenação de Eng. Elétrica,IFPB,B8:11:4B:1D:14:80,-79,6
22/04/2026,07:33:56,50,Coordenação de Eng. Elétrica,IFPB-VISITANTE,B8:11:4B:1D:14:82,-80,6
22/04/2026,07:33:56,50,Coordenação de Eng. Elétrica,IFPB-VISITANTE,84:F1:47:54:FD:C2,-88,1
22/04/2026,07:33:56,50,Coordenação de Eng. Elétrica,IFPB,84:F1:47:54:FD:C0,-90,1
22/04/2026,07:34:40,51,Auditório de Eng. Elétrica,IFPB,84:F1:47:54:F9:80,-72,11
22/04/2026,07:34:40,51,Auditório de Eng. Elétrica,IFPB-VISITANTE,84:F1:47:54:F9:82,-73,11
22/04/2026,07:34:40,51,Auditório de Eng. Elétrica,IFPB,84:F1:47:54:8B:A0,-79,1
22/04/2026,07:34:40,51,Auditório de Eng. Elétrica,IFPB-VISITANTE,84:F1:47:54:8B:A2,-79,1
22/04/2026,07:34:40,51,Auditório de Eng. Elétrica,IFPB,84:F1:47:54:6B:80,-80,6
22/04/2026,07:34:41,51,Auditório de Eng. Elétrica,IFPB-VISITANTE,84:F1:47:54:6B:82,-80,6
22/04/2026,07:34:41,51,Auditório de Eng. Elétrica,IFPB,84:F1:47:54:96:E0,-87,1
22/04/2026,07:34:41,51,Auditório de Eng. Elétrica,IFPB-VISITANTE,84:F1:47:54:96:E2,-87,1
22/04/2026,07:34:41,51,Auditório de Eng. Elétrica,IFPB,84:F1:47:54:95:E0,-89,11
22/04/2026,07:34:41,51,Auditório de Eng. Elétrica,IFPB-VISITANTE,84:F1:47:54:95:E2,-89,11
22/04/2026,07:34:41,51,Auditório de Eng. Elétrica,IFPB-VISITANTE,24:36:DA:2B:BC:02,-91,6
22/04/2026,07:34:50,52,Auditório de Eng. Elétrica,IFPB-VISITANTE,84:F1:47:54:F9:82,-72,11
22/04/2026,07:34:50,52,Auditório de Eng. Elétrica,IFPB,84:F1:47:54:F9:80,-73,11
22/04/2026,07:34:50,52,Auditório de Eng. Elétrica,IFPB-VISITANTE,84:F1:47:54:6B:82,-79,6
22/04/2026,07:34:50,52,Auditório de Eng. Elétrica,IFPB-VISITANTE,84:F1:47:54:8B:A2,-80,1
22/04/2026,07:34:51,52,Auditório de Eng. Elétrica,IFPB,84:F1:47:54:8B:A0,-80,1
22/04/2026,07:34:51,52,Auditório de Eng. Elétrica,IFPB,84:F1:47:54:6B:80,-81,6
22/04/2026,07:34:51,52,Auditório de Eng. Elétrica,IFPB-VISITANTE,84:F1:47:54:96:E2,-85,1
22/04/2026,07:34:51,52,Auditório de Eng. Elétrica,IFPB,84:F1:47:54:96:E0,-85,1
22/04/2026,07:34:51,52,Auditório de Eng. Elétrica,IFPB-VISITANTE,24:36:DA:2B:BC:02,-89,6
22/04/2026,07:34:51,52,Auditório de Eng. Elétrica,IFPB,24:36:DA:2B:BC:00,-90,6
22/04/2026,07:35:00,53,Auditório de Eng. Elétrica,IFPB,84:F1:47:54:F9:80,-72,11
22/04/2026,07:35:01,53,Auditório de Eng. Elétrica,IFPB-VISITANTE,84:F1:47:54:F9:82,-72,11
22/04/2026,07:35:01,53,Auditório de Eng. Elétrica,IFPB,84:F1:47:54:8B:A0,-78,1
22/04/2026,07:35:01,53,Auditório de Eng. Elétrica,IFPB-VISITANTE,84:F1:47:54:8B:A2,-78,1
22/04/2026,07:35:01,53,Auditório de Eng. Elétrica,IFPB-VISITANTE,84:F1:47:54:96:E2,-80,1
22/04/2026,07:35:01,53,Auditório de Eng. Elétrica,IFPB,84:F1:47:54:96:E0,-81,1
22/04/2026,07:35:01,53,Auditório de Eng. Elétrica,IFPB,84:F1:47:54:6B:80,-81,6
22/04/2026,07:35:01,53,Auditório de Eng. Elétrica,IFPB-VISITANTE,84:F1:47:54:6B:82,-81,6
22/04/2026,07:35:01,53,Auditório de Eng. Elétrica,IFPB,24:36:DA:2B:BC:00,-85,6
22/04/2026,07:35:01,53,Auditório de Eng. Elétrica,IFPB-VISITANTE,24:36:DA:2B:BC:02,-86,6
22/04/2026,07:35:01,53,Auditório de Eng. Elétrica,IFPB,24:36:DA:2B:5E:C0,-87,1
22/04/2026,07:35:01,53,Auditório de Eng. Elétrica,IFPB,84:F1:47:54:EB:20,-87,6
22/04/2026,07:35:01,53,Auditório de Eng. Elétrica,IFPB-VISITANTE,24:36:DA:2B:5E:C2,-88,1
22/04/2026,07:35:01,53,Auditório de Eng. Elétrica,IFPB-VISITANTE,84:F1:47:54:EB:22,-89,6
22/04/2026,07:35:01,53,Auditório de Eng. Elétrica,IFPB,84:F1:47:54:95:E0,-89,11
22/04/2026,07:35:01,53,Auditório de Eng. Elétrica,IFPB-VISITANTE,84:F1:47:54:95:E2,-90,11
22/04/2026,07:35:11,54,Auditório de Eng. Elétrica,IFPB-VISITANTE,84:F1:47:54:8B:A2,-78,1
22/04/2026,07:35:11,54,Auditório de Eng. Elétrica,IFPB,84:F1:47:54:8B:A0,-78,1
22/04/2026,07:35:11,54,Auditório de Eng. Elétrica,IFPB-VISITANTE,84:F1:47:54:F9:82,-79,11
22/04/2026,07:35:11,54,Auditório de Eng. Elétrica,IFPB,84:F1:47:54:F9:80,-79,11
22/04/2026,07:35:11,54,Auditório de Eng. Elétrica,IFPB-VISITANTE,84:F1:47:54:96:E2,-81,1
22/04/2026,07:35:11,54,Auditório de Eng. Elétrica,IFPB,84:F1:47:54:96:E0,-82,1
22/04/2026,07:35:11,54,Auditório de Eng. Elétrica,IFPB,84:F1:47:54:6B:80,-82,6
22/04/2026,07:35:11,54,Auditório de Eng. Elétrica,IFPB-VISITANTE,84:F1:47:54:6B:82,-83,6
22/04/2026,07:35:11,54,Auditório de Eng. Elétrica,IFPB-VISITANTE,24:36:DA:2B:BC:02,-85,6
22/04/2026,07:35:11,54,Auditório de Eng. Elétrica,IFPB,24:36:DA:2B:BC:00,-85,6
22/04/2026,07:35:11,54,Auditório de Eng. Elétrica,IFPB-VISITANTE,24:36:DA:2B:5E:C2,-88,1
22/04/2026,07:35:11,54,Auditório de Eng. Elétrica,IFPB-VISITANTE,84:F1:47:54:EB:22,-88,6
22/04/2026,07:35:11,54,Auditório de Eng. Elétrica,IFPB,24:36:DA:2B:5E:C0,-89,1
22/04/2026,07:35:11,54,Auditório de Eng. Elétrica,IFPB,84:F1:47:54:EB:20,-89,6
22/04/2026,07:35:21,55,Auditório de Eng. Elétrica,IFPB,84:F1:47:54:F9:80,-73,11
22/04/2026,07:35:21,55,Auditório de Eng. Elétrica,IFPB-VISITANTE,84:F1:47:54:F9:82,-73,11
22/04/2026,07:35:21,55,Auditório de Eng. Elétrica,IFPB-VISITANTE,84:F1:47:54:8B:A2,-80,1
22/04/2026,07:35:21,55,Auditório de Eng. Elétrica,IFPB,84:F1:47:54:8B:A0,-81,1
22/04/2026,07:35:21,55,Auditório de Eng. Elétrica,IFPB-VISITANTE,84:F1:47:54:96:E2,-82,1
22/04/2026,07:35:21,55,Auditório de Eng. Elétrica,IFPB,84:F1:47:54:96:E0,-82,1
22/04/2026,07:35:21,55,Auditório de Eng. Elétrica,IFPB,84:F1:47:54:6B:80,-82,6
22/04/2026,07:35:21,55,Auditório de Eng. Elétrica,IFPB-VISITANTE,24:36:DA:2B:BC:02,-83,6
22/04/2026,07:35:21,55,Auditório de Eng. Elétrica,IFPB-VISITANTE,84:F1:47:54:6B:82,-83,6
22/04/2026,07:35:21,55,Auditório de Eng. Elétrica,IFPB,24:36:DA:2B:BC:00,-85,6
22/04/2026,07:35:21,55,Auditório de Eng. Elétrica,IFPB,24:36:DA:2B:5E:C0,-87,1
22/04/2026,07:35:21,55,Auditório de Eng. Elétrica,IFPB-VISITANTE,24:36:DA:2B:5E:C2,-87,1
22/04/2026,07:35:21,55,Auditório de Eng. Elétrica,IFPB,84:F1:47:54:EB:20,-89,6
22/04/2026,07:35:21,55,Auditório de Eng. Elétrica,IFPB,84:F1:47:54:95:E0,-91,11
22/04/2026,07:35:31,56,Auditório de Eng. Elétrica,IFPB,84:F1:47:54:F9:80,-71,11
22/04/2026,07:35:31,56,Auditório de Eng. Elétrica,IFPB-VISITANTE,84:F1:47:54:F9:82,-71,11
22/04/2026,07:35:31,56,Auditório de Eng. Elétrica,IFPB,84:F1:47:54:6B:80,-79,6
22/04/2026,07:35:31,56,Auditório de Eng. Elétrica,IFPB-VISITANTE,84:F1:47:54:6B:82,-79,6
22/04/2026,07:35:31,56,Auditório de Eng. Elétrica,IFPB,84:F1:47:54:96:E0,-82,1
22/04/2026,07:35:31,56,Auditório de Eng. Elétrica,IFPB-VISITANTE,84:F1:47:54:96:E2,-82,1
22/04/2026,07:35:31,56,Auditório de Eng. Elétrica,IFPB-VISITANTE,84:F1:47:54:8B:A2,-85,1
22/04/2026,07:35:31,56,Auditório de Eng. Elétrica,IFPB,24:36:DA:2B:BC:00,-86,6
22/04/2026,07:35:31,56,Auditório de Eng. Elétrica,IFPB,84:F1:47:54:8B:A0,-87,1
22/04/2026,07:35:31,56,Auditório de Eng. Elétrica,IFPB-VISITANTE,24:36:DA:2B:BC:02,-87,6
22/04/2026,07:35:31,56,Auditório de Eng. Elétrica,IFPB,24:36:DA:2B:5E:C0,-88,1
22/04/2026,07:35:31,56,Auditório de Eng. Elétrica,IFPB-VISITANTE,24:36:DA:2B:5E:C2,-88,1
22/04/2026,07:35:32,56,Auditório de Eng. Elétrica,IFPB,84:F1:47:54:95:E0,-89,11
22/04/2026,07:35:32,56,Auditório de Eng. Elétrica,IFPB-VISITANTE,84:F1:47:54:EB:22,-90,6
22/04/2026,07:35:32,56,Auditório de Eng. Elétrica,IFPB-VISITANTE,84:F1:47:54:95:E2,-90,11
22/04/2026,07:35:41,57,Auditório de Eng. Elétrica,IFPB,84:F1:47:54:F9:80,-72,11
22/04/2026,07:35:41,57,Auditório de Eng. Elétrica,IFPB-VISITANTE,84:F1:47:54:F9:82,-72,11
22/04/2026,07:35:41,57,Auditório de Eng. Elétrica,IFPB,84:F1:47:54:6B:80,-79,6
22/04/2026,07:35:42,57,Auditório de Eng. Elétrica,IFPB-VISITANTE,84:F1:47:54:96:E2,-80,1
22/04/2026,07:35:42,57,Auditório de Eng. Elétrica,IFPB,84:F1:47:54:96:E0,-80,1
22/04/2026,07:35:42,57,Auditório de Eng. Elétrica,IFPB-VISITANTE,84:F1:47:54:6B:82,-80,6
22/04/2026,07:35:42,57,Auditório de Eng. Elétrica,IFPB-VISITANTE,84:F1:47:54:8B:A2,-88,1
22/04/2026,07:35:42,57,Auditório de Eng. Elétrica,IFPB,24:36:DA:2B:5E:C0,-88,1
22/04/2026,07:35:42,57,Auditório de Eng. Elétrica,IFPB-VISITANTE,24:36:DA:2B:5E:C2,-88,1
22/04/2026,07:35:42,57,Auditório de Eng. Elétrica,IFPB,84:F1:47:54:8B:A0,-88,1
22/04/2026,07:35:42,57,Auditório de Eng. Elétrica,IFPB-VISITANTE,24:36:DA:2B:BC:02,-88,6
22/04/2026,07:35:42,57,Auditório de Eng. Elétrica,IFPB,24:36:DA:2B:BC:00,-88,6
22/04/2026,07:35:42,57,Auditório de Eng. Elétrica,IFPB-VISITANTE,84:F1:47:54:EB:22,-89,6
22/04/2026,07:35:51,58,Auditório de Eng. Elétrica,IFPB,84:F1:47:54:F9:80,-72,11
22/04/2026,07:35:51,58,Auditório de Eng. Elétrica,IFPB-VISITANTE,84:F1:47:54:F9:82,-72,11
22/04/2026,07:35:52,58,Auditório de Eng. Elétrica,IFPB-VISITANTE,84:F1:47:54:6B:82,-80,6
22/04/2026,07:35:52,58,Auditório de Eng. Elétrica,IFPB,84:F1:47:54:6B:80,-81,6
22/04/2026,07:35:52,58,Auditório de Eng. Elétrica,IFPB,84:F1:47:54:8B:A0,-82,1
22/04/2026,07:35:52,58,Auditório de Eng. Elétrica,IFPB-VISITANTE,84:F1:47:54:8B:A2,-83,1
22/04/2026,07:35:52,58,Auditório de Eng. Elétrica,IFPB-VISITANTE,24:36:DA:2B:BC:02,-85,6
22/04/2026,07:35:52,58,Auditório de Eng. Elétrica,IFPB,84:F1:47:54:96:E0,-86,1
22/04/2026,07:35:52,58,Auditório de Eng. Elétrica,IFPB,24:36:DA:2B:BC:00,-86,6
22/04/2026,07:35:52,58,Auditório de Eng. Elétrica,IFPB-VISITANTE,84:F1:47:54:96:E2,-87,1
22/04/2026,07:35:52,58,Auditório de Eng. Elétrica,IFPB-VISITANTE,84:F1:47:54:EB:22,-88,6
22/04/2026,07:35:52,58,Auditório de Eng. Elétrica,IFPB,84:F1:47:54:95:E0,-89,11
22/04/2026,07:35:52,58,Auditório de Eng. Elétrica,IFPB,84:F1:47:54:EB:20,-90,6
22/04/2026,07:35:52,58,Auditório de Eng. Elétrica,IFPB-VISITANTE,84:F1:47:54:95:E2,-90,11
22/04/2026,07:36:02,59,Auditório de Eng. Elétrica,IFPB,84:F1:47:54:F9:80,-72,11
22/04/2026,07:36:02,59,Auditório de Eng. Elétrica,IFPB-VISITANTE,84:F1:47:54:F9:82,-72,11
22/04/2026,07:36:02,59,Auditório de Eng. Elétrica,IFPB,84:F1:47:54:96:E0,-79,1
22/04/2026,07:36:02,59,Auditório de Eng. Elétrica,IFPB-VISITANTE,84:F1:47:54:96:E2,-80,1
22/04/2026,07:36:02,59,Auditório de Eng. Elétrica,IFPB,84:F1:47:54:6B:80,-81,6
22/04/2026,07:36:02,59,Auditório de Eng. Elétrica,IFPB-VISITANTE,84:F1:47:54:6B:82,-81,6
22/04/2026,07:36:02,59,Auditório de Eng. Elétrica,IFPB,84:F1:47:54:8B:A0,-83,1
22/04/2026,07:36:02,59,Auditório de Eng. Elétrica,IFPB-VISITANTE,84:F1:47:54:8B:A2,-83,1
22/04/2026,07:36:02,59,Auditório de Eng. Elétrica,IFPB-VISITANTE,24:36:DA:2B:BC:02,-86,6
22/04/2026,07:36:02,59,Auditório de Eng. Elétrica,IFPB,24:36:DA:2B:BC:00,-86,6
22/04/2026,07:36:02,59,Auditório de Eng. Elétrica,IFPB,84:F1:47:54:95:E0,-88,11
22/04/2026,07:36:02,59,Auditório de Eng. Elétrica,IFPB-VISITANTE,84:F1:47:54:95:E2,-88,11
22/04/2026,07:36:12,60,Auditório de Eng. Elétrica,IFPB,84:F1:47:54:F9:80,-70,11
22/04/2026,07:36:12,60,Auditório de Eng. Elétrica,IFPB-VISITANTE,84:F1:47:54:F9:82,-70,11
22/04/2026,07:36:12,60,Auditório de Eng. Elétrica,IFPB,84:F1:47:54:6B:80,-79,6
22/04/2026,07:36:12,60,Auditório de Eng. Elétrica,IFPB,84:F1:47:54:96:E0,-80,1
22/04/2026,07:36:12,60,Auditório de Eng. Elétrica,IFPB-VISITANTE,84:F1:47:54:96:E2,-80,1
22/04/2026,07:36:12,60,Auditório de Eng. Elétrica,IFPB-VISITANTE,84:F1:47:54:6B:82,-80,6
22/04/2026,07:36:12,60,Auditório de Eng. Elétrica,IFPB-VISITANTE,84:F1:47:54:8B:A2,-83,1
22/04/2026,07:36:12,60,Auditório de Eng. Elétrica,IFPB,84:F1:47:54:8B:A0,-83,1
22/04/2026,07:36:12,60,Auditório de Eng. Elétrica,IFPB,24:36:DA:2B:BC:00,-86,6
22/04/2026,07:36:12,60,Auditório de Eng. Elétrica,IFPB-VISITANTE,24:36:DA:2B:BC:02,-86,6
22/04/2026,07:36:12,60,Auditório de Eng. Elétrica,IFPB-VISITANTE,84:F1:47:54:EB:22,-87,6
22/04/2026,07:36:12,60,Auditório de Eng. Elétrica,IFPB-VISITANTE,84:F1:47:54:95:E2,-88,11
22/04/2026,07:36:12,60,Auditório de Eng. Elétrica,IFPB,84:F1:47:54:95:E0,-88,11
22/04/2026,07:36:12,60,Auditório de Eng. Elétrica,IFPB-VISITANTE,E4:4E:2D:85:4C:62,-90,11
22/04/2026,07:36:12,60,Auditório de Eng. Elétrica,IFPB,E4:4E:2D:85:4C:60,-90,11
22/04/2026,07:36:34,61,Lab. de Instrumentação biomédica,IFPB,84:F1:47:54:96:E0,-69,1
22/04/2026,07:36:34,61,Lab. de Instrumentação biomédica,IFPB-VISITANTE,84:F1:47:54:96:E2,-69,1
22/04/2026,07:36:34,61,Lab. de Instrumentação biomédica,IFPB-VISITANTE,24:36:DA:2B:BC:02,-75,6
22/04/2026,07:36:34,61,Lab. de Instrumentação biomédica,IFPB,24:36:DA:2B:BC:00,-76,6
22/04/2026,07:36:34,61,Lab. de Instrumentação biomédica,IFPB,E4:4E:2D:85:4C:60,-77,11
22/04/2026,07:36:34,61,Lab. de Instrumentação biomédica,IFPB-VISITANTE,E4:4E:2D:85:4C:62,-77,11
22/04/2026,07:36:34,61,Lab. de Instrumentação biomédica,IFPB-VISITANTE,84:F1:47:54:8B:A2,-79,1
22/04/2026,07:36:34,61,Lab. de Instrumentação biomédica,IFPB,84:F1:47:54:8B:A0,-80,1
22/04/2026,07:36:34,61,Lab. de Instrumentação biomédica,IFPB,84:F1:47:54:6B:80,-80,6
22/04/2026,07:36:34,61,Lab. de Instrumentação biomédica,IFPB,84:F1:47:54:F9:80,-80,11
22/04/2026,07:36:34,61,Lab. de Instrumentação biomédica,IFPB-VISITANTE,84:F1:47:54:F9:82,-80,11
22/04/2026,07:36:34,61,Lab. de Instrumentação biomédica,IFPB-VISITANTE,84:F1:47:54:6B:82,-81,6
22/04/2026,07:36:44,62,Lab. de Instrumentação biomédica,IFPB-VISITANTE,84:F1:47:54:96:E2,-67,1
22/04/2026,07:36:44,62,Lab. de Instrumentação biomédica,IFPB,84:F1:47:54:96:E0,-68,1
22/04/2026,07:36:44,62,Lab. de Instrumentação biomédica,IFPB,E4:4E:2D:85:4C:60,-76,11
22/04/2026,07:36:44,62,Lab. de Instrumentação biomédica,IFPB-VISITANTE,E4:4E:2D:85:4C:62,-77,11
22/04/2026,07:36:44,62,Lab. de Instrumentação biomédica,IFPB,24:36:DA:2B:BC:00,-78,6
22/04/2026,07:36:44,62,Lab. de Instrumentação biomédica,IFPB-VISITANTE,24:36:DA:2B:BC:02,-78,6
22/04/2026,07:36:44,62,Lab. de Instrumentação biomédica,IFPB,84:F1:47:54:6B:80,-79,6
22/04/2026,07:36:44,62,Lab. de Instrumentação biomédica,IFPB-VISITANTE,84:F1:47:54:6B:82,-79,6
22/04/2026,07:36:44,62,Lab. de Instrumentação biomédica,IFPB,84:F1:47:54:F9:80,-81,11
22/04/2026,07:36:45,62,Lab. de Instrumentação biomédica,IFPB-VISITANTE,84:F1:47:54:F9:82,-81,11
22/04/2026,07:36:45,62,Lab. de Instrumentação biomédica,IFPB-VISITANTE,84:F1:47:54:8B:A2,-84,1
22/04/2026,07:36:45,62,Lab. de Instrumentação biomédica,IFPB,84:F1:47:54:8B:A0,-85,1
22/04/2026,07:36:54,63,Lab. de Instrumentação biomédica,IFPB,84:F1:47:54:96:E0,-69,1
22/04/2026,07:36:54,63,Lab. de Instrumentação biomédica,IFPB-VISITANTE,84:F1:47:54:96:E2,-69,1
22/04/2026,07:36:54,63,Lab. de Instrumentação biomédica,IFPB-VISITANTE,E4:4E:2D:85:4C:62,-76,11
22/04/2026,07:36:54,63,Lab. de Instrumentação biomédica,IFPB,E4:4E:2D:85:4C:60,-77,11
22/04/2026,07:36:55,63,Lab. de Instrumentação biomédica,IFPB,24:36:DA:2B:BC:00,-80,6
22/04/2026,07:36:55,63,Lab. de Instrumentação biomédica,IFPB-VISITANTE,24:36:DA:2B:BC:02,-80,6
22/04/2026,07:36:55,63,Lab. de Instrumentação biomédica,IFPB,84:F1:47:54:8B:A0,-81,1
22/04/2026,07:36:55,63,Lab. de Instrumentação biomédica,IFPB-VISITANTE,84:F1:47:54:F9:82,-81,11
22/04/2026,07:36:55,63,Lab. de Instrumentação biomédica,IFPB-VISITANTE,84:F1:47:54:8B:A2,-82,1
22/04/2026,07:36:55,63,Lab. de Instrumentação biomédica,IFPB,84:F1:47:54:F9:80,-82,11
22/04/2026,07:36:55,63,Lab. de Instrumentação biomédica,IFPB,84:F1:47:54:6B:80,-83,6
22/04/2026,07:36:55,63,Lab. de Instrumentação biomédica,IFPB-VISITANTE,84:F1:47:54:6B:82,-83,6
22/04/2026,07:37:04,64,Lab. de Instrumentação biomédica,IFPB-VISITANTE,84:F1:47:54:96:E2,-67,1
22/04/2026,07:37:04,64,Lab. de Instrumentação biomédica,IFPB,84:F1:47:54:96:E0,-68,1
22/04/2026,07:37:05,64,Lab. de Instrumentação biomédica,IFPB,84:F1:47:54:6B:80,-77,6
22/04/2026,07:37:05,64,Lab. de Instrumentação biomédica,IFPB,24:36:DA:2B:BC:00,-77,6
22/04/2026,07:37:05,64,Lab. de Instrumentação biomédica,IFPB-VISITANTE,24:36:DA:2B:BC:02,-77,6
22/04/2026,07:37:05,64,Lab. de Instrumentação biomédica,IFPB,E4:4E:2D:85:4C:60,-77,11
22/04/2026,07:37:05,64,Lab. de Instrumentação biomédica,IFPB-VISITANTE,E4:4E:2D:85:4C:62,-77,11
22/04/2026,07:37:05,64,Lab. de Instrumentação biomédica,IFPB-VISITANTE,84:F1:47:54:6B:82,-78,6
22/04/2026,07:37:05,64,Lab. de Instrumentação biomédica,IFPB-VISITANTE,84:F1:47:54:F9:82,-79,11
22/04/2026,07:37:05,64,Lab. de Instrumentação biomédica,IFPB,84:F1:47:54:F9:80,-79,11
22/04/2026,07:37:05,64,Lab. de Instrumentação biomédica,IFPB,84:F1:47:54:8B:A0,-80,1
22/04/2026,07:37:05,64,Lab. de Instrumentação biomédica,IFPB-VISITANTE,84:F1:47:54:8B:A2,-80,1
22/04/2026,07:37:15,65,Lab. de Instrumentação biomédica,IFPB-VISITANTE,84:F1:47:54:96:E2,-68,1
22/04/2026,07:37:15,65,Lab. de Instrumentação biomédica,IFPB,84:F1:47:54:96:E0,-69,1
22/04/2026,07:37:15,65,Lab. de Instrumentação biomédica,IFPB,24:36:DA:2B:BC:00,-74,6
22/04/2026,07:37:15,65,Lab. de Instrumentação biomédica,IFPB-VISITANTE,24:36:DA:2B:BC:02,-74,6
22/04/2026,07:37:15,65,Lab. de Instrumentação biomédica,IFPB,E4:4E:2D:85:4C:60,-77,11
22/04/2026,07:37:15,65,Lab. de Instrumentação biomédica,IFPB-VISITANTE,E4:4E:2D:85:4C:62,-78,11
22/04/2026,07:37:15,65,Lab. de Instrumentação biomédica,IFPB,84:F1:47:54:6B:80,-80,6
22/04/2026,07:37:15,65,Lab. de Instrumentação biomédica,IFPB-VISITANTE,84:F1:47:54:6B:82,-80,6
22/04/2026,07:37:15,65,Lab. de Instrumentação biomédica,IFPB,84:F1:47:54:F9:80,-80,11
22/04/2026,07:37:15,65,Lab. de Instrumentação biomédica,IFPB-VISITANTE,84:F1:47:54:F9:82,-80,11
22/04/2026,07:37:15,65,Lab. de Instrumentação biomédica,IFPB-VISITANTE,84:F1:47:54:8B:A2,-82,1
22/04/2026,07:37:15,65,Lab. de Instrumentação biomédica,IFPB,84:F1:47:54:8B:A0,-82,1
22/04/2026,07:37:15,65,Lab. de Instrumentação biomédica,IFPB,24:36:DA:2B:5E:C0,-86,1
22/04/2026,07:37:25,66,Lab. de Instrumentação biomédica,IFPB,84:F1:47:54:96:E0,-69,1
22/04/2026,07:37:25,66,Lab. de Instrumentação biomédica,IFPB-VISITANTE,84:F1:47:54:96:E2,-69,1
22/04/2026,07:37:25,66,Lab. de Instrumentação biomédica,IFPB,E4:4E:2D:85:4C:60,-76,11
22/04/2026,07:37:25,66,Lab. de Instrumentação biomédica,IFPB-VISITANTE,E4:4E:2D:85:4C:62,-76,11
22/04/2026,07:37:25,66,Lab. de Instrumentação biomédica,IFPB,24:36:DA:2B:BC:00,-79,6
22/04/2026,07:37:25,66,Lab. de Instrumentação biomédica,IFPB-VISITANTE,24:36:DA:2B:BC:02,-80,6
22/04/2026,07:37:25,66,Lab. de Instrumentação biomédica,IFPB-VISITANTE,84:F1:47:54:6B:82,-80,6
22/04/2026,07:37:25,66,Lab. de Instrumentação biomédica,IFPB,84:F1:47:54:F9:80,-80,11
22/04/2026,07:37:25,66,Lab. de Instrumentação biomédica,IFPB-VISITANTE,84:F1:47:54:F9:82,-80,11
22/04/2026,07:37:25,66,Lab. de Instrumentação biomédica,IFPB,84:F1:47:54:8B:A0,-81,1
22/04/2026,07:37:25,66,Lab. de Instrumentação biomédica,IFPB-VISITANTE,84:F1:47:54:8B:A2,-81,1
22/04/2026,07:37:25,66,Lab. de Instrumentação biomédica,IFPB,84:F1:47:54:6B:80,-81,6
22/04/2026,07:37:25,66,Lab. de Instrumentação biomédica,IFPB,24:36:DA:2B:5E:C0,-87,1
22/04/2026,07:37:35,67,Lab. de Instrumentação biomédica,IFPB,84:F1:47:54:96:E0,-67,1
22/04/2026,07:37:35,67,Lab. de Instrumentação biomédica,IFPB-VISITANTE,84:F1:47:54:96:E2,-68,1
22/04/2026,07:37:35,67,Lab. de Instrumentação biomédica,IFPB,E4:4E:2D:85:4C:60,-76,11
22/04/2026,07:37:35,67,Lab. de Instrumentação biomédica,IFPB-VISITANTE,E4:4E:2D:85:4C:62,-76,11
22/04/2026,07:37:35,67,Lab. de Instrumentação biomédica,IFPB,84:F1:47:54:6B:80,-78,6
22/04/2026,07:37:35,67,Lab. de Instrumentação biomédica,IFPB-VISITANTE,84:F1:47:54:6B:82,-78,6
22/04/2026,07:37:35,67,Lab. de Instrumentação biomédica,IFPB,24:36:DA:2B:BC:00,-80,6
22/04/2026,07:37:35,67,Lab. de Instrumentação biomédica,IFPB-VISITANTE,24:36:DA:2B:BC:02,-80,6
22/04/2026,07:37:35,67,Lab. de Instrumentação biomédica,IFPB,84:F1:47:54:8B:A0,-81,1
22/04/2026,07:37:35,67,Lab. de Instrumentação biomédica,IFPB-VISITANTE,84:F1:47:54:8B:A2,-81,1
22/04/2026,07:37:35,67,Lab. de Instrumentação biomédica,IFPB,84:F1:47:54:F9:80,-81,11
22/04/2026,07:37:35,67,Lab. de Instrumentação biomédica,IFPB-VISITANTE,84:F1:47:54:F9:82,-81,11
22/04/2026,07:37:35,67,Lab. de Instrumentação biomédica,IFPB,24:36:DA:2B:5E:C0,-88,1
22/04/2026,07:37:45,68,Lab. de Instrumentação biomédica,IFPB,84:F1:47:54:96:E0,-68,1
22/04/2026,07:37:45,68,Lab. de Instrumentação biomédica,IFPB-VISITANTE,84:F1:47:54:96:E2,-68,1
22/04/2026,07:37:45,68,Lab. de Instrumentação biomédica,IFPB,24:36:DA:2B:BC:00,-75,6
22/04/2026,07:37:45,68,Lab. de Instrumentação biomédica,IFPB-VISITANTE,24:36:DA:2B:BC:02,-75,6
22/04/2026,07:37:45,68,Lab. de Instrumentação biomédica,IFPB,E4:4E:2D:85:4C:60,-75,11
22/04/2026,07:37:45,68,Lab. de Instrumentação biomédica,IFPB-VISITANTE,E4:4E:2D:85:4C:62,-75,11
22/04/2026,07:37:45,68,Lab. de Instrumentação biomédica,IFPB-VISITANTE,84:F1:47:54:8B:A2,-79,1
22/04/2026,07:37:45,68,Lab. de Instrumentação biomédica,IFPB,84:F1:47:54:6B:80,-79,6
22/04/2026,07:37:45,68,Lab. de Instrumentação biomédica,IFPB,84:F1:47:54:8B:A0,-80,1
22/04/2026,07:37:45,68,Lab. de Instrumentação biomédica,IFPB-VISITANTE,84:F1:47:54:6B:82,-80,6
22/04/2026,07:37:45,68,Lab. de Instrumentação biomédica,IFPB,84:F1:47:54:F9:80,-80,11
22/04/2026,07:37:45,68,Lab. de Instrumentação biomédica,IFPB-VISITANTE,84:F1:47:54:F9:82,-80,11
22/04/2026,07:37:45,68,Lab. de Instrumentação biomédica,IFPB,24:36:DA:2B:5E:C0,-87,1
22/04/2026,07:37:45,68,Lab. de Instrumentação biomédica,IFPB-VISITANTE,24:36:DA:2B:5E:C2,-87,1
22/04/2026,07:37:55,69,Lab. de Instrumentação biomédica,IFPB,84:F1:47:54:96:E0,-71,1
22/04/2026,07:37:55,69,Lab. de Instrumentação biomédica,IFPB-VISITANTE,84:F1:47:54:96:E2,-71,1
22/04/2026,07:37:55,69,Lab. de Instrumentação biomédica,IFPB,24:36:DA:2B:BC:00,-76,6
22/04/2026,07:37:55,69,Lab. de Instrumentação biomédica,IFPB-VISITANTE,24:36:DA:2B:BC:02,-76,6
22/04/2026,07:37:55,69,Lab. de Instrumentação biomédica,IFPB,E4:4E:2D:85:4C:60,-78,11
22/04/2026,07:37:55,69,Lab. de Instrumentação biomédica,IFPB-VISITANTE,E4:4E:2D:85:4C:62,-78,11
22/04/2026,07:37:55,69,Lab. de Instrumentação biomédica,IFPB,84:F1:47:54:6B:80,-81,6
22/04/2026,07:37:55,69,Lab. de Instrumentação biomédica,IFPB-VISITANTE,84:F1:47:54:6B:82,-81,6
22/04/2026,07:37:55,69,Lab. de Instrumentação biomédica,IFPB,84:F1:47:54:F9:80,-81,11
22/04/2026,07:37:56,69,Lab. de Instrumentação biomédica,IFPB-VISITANTE,84:F1:47:54:F9:82,-81,11
22/04/2026,07:37:56,69,Lab. de Instrumentação biomédica,IFPB-VISITANTE,84:F1:47:54:8B:A2,-83,1
22/04/2026,07:37:56,69,Lab. de Instrumentação biomédica,IFPB,84:F1:47:54:8B:A0,-84,1
22/04/2026,07:37:56,69,Lab. de Instrumentação biomédica,IFPB-VISITANTE,24:36:DA:2B:5E:C2,-88,1
22/04/2026,07:37:56,69,Lab. de Instrumentação biomédica,IFPB,24:36:DA:2B:5E:C0,-89,1
22/04/2026,07:38:05,70,Lab. de Instrumentação biomédica,IFPB,84:F1:47:54:96:E0,-69,1
22/04/2026,07:38:05,70,Lab. de Instrumentação biomédica,IFPB-VISITANTE,84:F1:47:54:96:E2,-69,1
22/04/2026,07:38:05,70,Lab. de Instrumentação biomédica,IFPB-VISITANTE,24:36:DA:2B:BC:02,-74,6
22/04/2026,07:38:05,70,Lab. de Instrumentação biomédica,IFPB,24:36:DA:2B:BC:00,-74,6
22/04/2026,07:38:05,70,Lab. de Instrumentação biomédica,IFPB,E4:4E:2D:85:4C:60,-76,11
22/04/2026,07:38:05,70,Lab. de Instrumentação biomédica,IFPB-VISITANTE,E4:4E:2D:85:4C:62,-76,11
22/04/2026,07:38:06,70,Lab. de Instrumentação biomédica,IFPB-VISITANTE,84:F1:47:54:6B:82,-80,6
22/04/2026,07:38:06,70,Lab. de Instrumentação biomédica,IFPB,84:F1:47:54:6B:80,-80,6
22/04/2026,07:38:06,70,Lab. de Instrumentação biomédica,IFPB,84:F1:47:54:8B:A0,-83,1
22/04/2026,07:38:06,70,Lab. de Instrumentação biomédica,IFPB-VISITANTE,84:F1:47:54:8B:A2,-83,1
22/04/2026,07:38:06,70,Lab. de Instrumentação biomédica,IFPB,84:F1:47:54:F9:80,-85,11
22/04/2026,07:38:06,70,Lab. de Instrumentação biomédica,IFPB-VISITANTE,84:F1:47:54:F9:82,-85,11
22/04/2026,07:38:06,70,Lab. de Instrumentação biomédica,IFPB,24:36:DA:2B:5E:C0,-87,1
22/04/2026,07:38:06,70,Lab. de Instrumentação biomédica,IFPB-VISITANTE,24:36:DA:2B:5E:C2,-87,1
22/04/2026,07:38:30,71,Lab. de aferição e calibração,IFPB,84:F1:47:54:96:E0,-62,1
22/04/2026,07:38:30,71,Lab. de aferição e calibração,IFPB-VISITANTE,84:F1:47:54:96:E2,-62,1
22/04/2026,07:38:30,71,Lab. de aferição e calibração,IFPB,24:36:DA:2B:BC:00,-68,6
22/04/2026,07:38:30,71,Lab. de aferição e calibração,IFPB-VISITANTE,24:36:DA:2B:BC:02,-68,6
22/04/2026,07:38:31,71,Lab. de aferição e calibração,IFPB,84:F1:47:54:6B:80,-76,6
22/04/2026,07:38:31,71,Lab. de aferição e calibração,IFPB-VISITANTE,84:F1:47:54:6B:82,-76,6
22/04/2026,07:38:31,71,Lab. de aferição e calibração,IFPB,E4:4E:2D:85:4C:60,-79,11
22/04/2026,07:38:31,71,Lab. de aferição e calibração,IFPB-VISITANTE,E4:4E:2D:85:4C:62,-80,11
22/04/2026,07:38:31,71,Lab. de aferição e calibração,IFPB-VISITANTE,84:F1:47:54:F9:82,-87,11
22/04/2026,07:38:31,71,Lab. de aferição e calibração,IFPB,84:F1:47:54:F9:80,-88,11
22/04/2026,07:38:40,72,Lab. de aferição e calibração,IFPB,84:F1:47:54:96:E0,-58,1
22/04/2026,07:38:40,72,Lab. de aferição e calibração,IFPB-VISITANTE,84:F1:47:54:96:E2,-58,1
22/04/2026,07:38:41,72,Lab. de aferição e calibração,IFPB,24:36:DA:2B:BC:00,-72,6
22/04/2026,07:38:41,72,Lab. de aferição e calibração,IFPB-VISITANTE,24:36:DA:2B:BC:02,-72,6
22/04/2026,07:38:41,72,Lab. de aferição e calibração,IFPB,E4:4E:2D:85:4C:60,-80,11
22/04/2026,07:38:41,72,Lab. de aferição e calibração,IFPB-VISITANTE,E4:4E:2D:85:4C:62,-80,11
22/04/2026,07:38:41,72,Lab. de aferição e calibração,IFPB-VISITANTE,84:F1:47:54:6B:82,-82,6
22/04/2026,07:38:41,72,Lab. de aferição e calibração,IFPB,84:F1:47:54:6B:80,-83,6
22/04/2026,07:38:41,72,Lab. de aferição e calibração,IFPB,24:36:DA:2B:5E:C0,-86,1
22/04/2026,07:38:41,72,Lab. de aferição e calibração,IFPB-VISITANTE,24:36:DA:2B:5E:C2,-87,1
22/04/2026,07:38:41,72,Lab. de aferição e calibração,IFPB-VISITANTE,84:F1:47:54:F9:82,-90,11
22/04/2026,07:38:41,72,Lab. de aferição e calibração,IFPB,84:F1:47:54:F9:80,-90,11
22/04/2026,07:38:51,73,Lab. de aferição e calibração,IFPB,84:F1:47:54:96:E0,-62,1
22/04/2026,07:38:51,73,Lab. de aferição e calibração,IFPB-VISITANTE,84:F1:47:54:96:E2,-62,1
22/04/2026,07:38:51,73,Lab. de aferição e calibração,IFPB,24:36:DA:2B:BC:00,-70,6
22/04/2026,07:38:51,73,Lab. de aferição e calibração,IFPB-VISITANTE,24:36:DA:2B:BC:02,-70,6
22/04/2026,07:38:51,73,Lab. de aferição e calibração,IFPB,E4:4E:2D:85:4C:60,-78,11
22/04/2026,07:38:51,73,Lab. de aferição e calibração,IFPB-VISITANTE,E4:4E:2D:85:4C:62,-78,11
22/04/2026,07:38:51,73,Lab. de aferição e calibração,IFPB,84:F1:47:54:6B:80,-79,6
22/04/2026,07:38:51,73,Lab. de aferição e calibração,IFPB-VISITANTE,84:F1:47:54:6B:82,-80,6
22/04/2026,07:38:51,73,Lab. de aferição e calibração,IFPB-VISITANTE,24:36:DA:2B:5E:C2,-87,1
22/04/2026,07:38:51,73,Lab. de aferição e calibração,IFPB,24:36:DA:2B:5E:C0,-87,1
22/04/2026,07:38:51,73,Lab. de aferição e calibração,IFPB,84:F1:47:54:97:00,-89,1
22/04/2026,07:38:51,73,Lab. de aferição e calibração,IFPB,84:F1:47:54:F9:80,-89,11
22/04/2026,07:38:51,73,Lab. de aferição e calibração,IFPB-VISITANTE,84:F1:47:54:F9:82,-92,11
22/04/2026,07:39:01,74,Lab. de aferição e calibração,IFPB,84:F1:47:54:96:E0,-58,1
22/04/2026,07:39:01,74,Lab. de aferição e calibração,IFPB-VISITANTE,84:F1:47:54:96:E2,-58,1
22/04/2026,07:39:01,74,Lab. de aferição e calibração,IFPB,24:36:DA:2B:BC:00,-76,6
22/04/2026,07:39:01,74,Lab. de aferição e calibração,IFPB-VISITANTE,24:36:DA:2B:BC:02,-76,6
22/04/2026,07:39:01,74,Lab. de aferição e calibração,IFPB,E4:4E:2D:85:4C:60,-77,11
22/04/2026,07:39:01,74,Lab. de aferição e calibração,IFPB-VISITANTE,E4:4E:2D:85:4C:62,-77,11
22/04/2026,07:39:01,74,Lab. de aferição e calibração,IFPB,84:F1:47:54:6B:80,-79,6
22/04/2026,07:39:01,74,Lab. de aferição e calibração,IFPB-VISITANTE,84:F1:47:54:6B:82,-80,6
22/04/2026,07:39:01,74,Lab. de aferição e calibração,IFPB,84:F1:47:54:8B:A0,-87,1
22/04/2026,07:39:01,74,Lab. de aferição e calibração,IFPB-VISITANTE,84:F1:47:54:8B:A2,-88,1
22/04/2026,07:39:11,75,Lab. de aferição e calibração,IFPB,84:F1:47:54:96:E0,-59,1
22/04/2026,07:39:11,75,Lab. de aferição e calibração,IFPB-VISITANTE,84:F1:47:54:96:E2,-59,1
22/04/2026,07:39:11,75,Lab. de aferição e calibração,IFPB,24:36:DA:2B:BC:00,-77,6
22/04/2026,07:39:11,75,Lab. de aferição e calibração,IFPB-VISITANTE,24:36:DA:2B:BC:02,-77,6
22/04/2026,07:39:11,75,Lab. de aferição e calibração,IFPB,E4:4E:2D:85:4C:60,-77,11
22/04/2026,07:39:11,75,Lab. de aferição e calibração,IFPB-VISITANTE,E4:4E:2D:85:4C:62,-78,11
22/04/2026,07:39:11,75,Lab. de aferição e calibração,IFPB,84:F1:47:54:6B:80,-79,6
22/04/2026,07:39:11,75,Lab. de aferição e calibração,IFPB-VISITANTE,84:F1:47:54:6B:82,-80,6
22/04/2026,07:39:11,75,Lab. de aferição e calibração,IFPB-VISITANTE,84:F1:47:54:8B:A2,-89,1
22/04/2026,07:39:11,75,Lab. de aferição e calibração,IFPB,84:F1:47:54:F9:80,-91,11
22/04/2026,07:39:11,75,Lab. de aferição e calibração,IFPB-VISITANTE,84:F1:47:54:F9:82,-91,11
22/04/2026,07:39:21,76,Lab. de aferição e calibração,IFPB,84:F1:47:54:96:E0,-59,1
22/04/2026,07:39:21,76,Lab. de aferição e calibração,IFPB-VISITANTE,84:F1:47:54:96:E2,-59,1
22/04/2026,07:39:21,76,Lab. de aferição e calibração,IFPB,24:36:DA:2B:BC:00,-75,6
22/04/2026,07:39:21,76,Lab. de aferição e calibração,IFPB,E4:4E:2D:85:4C:60,-75,11
22/04/2026,07:39:21,76,Lab. de aferição e calibração,IFPB-VISITANTE,24:36:DA:2B:BC:02,-76,6
22/04/2026,07:39:21,76,Lab. de aferição e calibração,IFPB-VISITANTE,E4:4E:2D:85:4C:62,-76,11
22/04/2026,07:39:21,76,Lab. de aferição e calibração,IFPB-VISITANTE,84:F1:47:54:6B:82,-79,6
22/04/2026,07:39:21,76,Lab. de aferição e calibração,IFPB,84:F1:47:54:6B:80,-79,6
22/04/2026,07:39:21,76,Lab. de aferição e calibração,IFPB-VISITANTE,84:F1:47:54:F9:82,-88,11
22/04/2026,07:39:21,76,Lab. de aferição e calibração,IFPB,24:36:DA:2B:5E:C0,-90,1
22/04/2026,07:39:31,77,Lab. de aferição e calibração,IFPB,84:F1:47:54:96:E0,-58,1
22/04/2026,07:39:31,77,Lab. de aferição e calibração,IFPB-VISITANTE,84:F1:47:54:96:E2,-58,1
22/04/2026,07:39:31,77,Lab. de aferição e calibração,IFPB,24:36:DA:2B:BC:00,-72,6
22/04/2026,07:39:31,77,Lab. de aferição e calibração,IFPB-VISITANTE,24:36:DA:2B:BC:02,-72,6
22/04/2026,07:39:31,77,Lab. de aferição e calibração,IFPB,E4:4E:2D:85:4C:60,-76,11
22/04/2026,07:39:31,77,Lab. de aferição e calibração,IFPB-VISITANTE,E4:4E:2D:85:4C:62,-76,11
22/04/2026,07:39:31,77,Lab. de aferição e calibração,IFPB-VISITANTE,84:F1:47:54:6B:82,-80,6
22/04/2026,07:39:31,77,Lab. de aferição e calibração,IFPB,84:F1:47:54:6B:80,-81,6
22/04/2026,07:39:31,77,Lab. de aferição e calibração,IFPB,24:36:DA:2B:5E:C0,-87,1
22/04/2026,07:39:31,77,Lab. de aferição e calibração,IFPB-VISITANTE,24:36:DA:2B:5E:C2,-87,1
22/04/2026,07:39:31,77,Lab. de aferição e calibração,IFPB,84:F1:47:54:F9:80,-91,11
22/04/2026,07:39:41,78,Lab. de aferição e calibração,IFPB,84:F1:47:54:96:E0,-58,1
22/04/2026,07:39:41,78,Lab. de aferição e calibração,IFPB-VISITANTE,84:F1:47:54:96:E2,-58,1
22/04/2026,07:39:41,78,Lab. de aferição e calibração,IFPB,24:36:DA:2B:BC:00,-73,6
22/04/2026,07:39:41,78,Lab. de aferição e calibração,IFPB-VISITANTE,24:36:DA:2B:BC:02,-73,6
22/04/2026,07:39:41,78,Lab. de aferição e calibração,IFPB-VISITANTE,E4:4E:2D:85:4C:62,-78,11
22/04/2026,07:39:41,78,Lab. de aferição e calibração,IFPB,E4:4E:2D:85:4C:60,-79,11
22/04/2026,07:39:41,78,Lab. de aferição e calibração,IFPB,84:F1:47:54:6B:80,-83,6
22/04/2026,07:39:41,78,Lab. de aferição e calibração,IFPB-VISITANTE,84:F1:47:54:6B:82,-83,6
22/04/2026,07:39:41,78,Lab. de aferição e calibração,IFPB-VISITANTE,24:36:DA:2B:5E:C2,-89,1
22/04/2026,07:39:41,78,Lab. de aferição e calibração,IFPB,24:36:DA:2B:5E:C0,-90,1
22/04/2026,07:39:41,78,Lab. de aferição e calibração,IFPB,84:F1:47:54:8B:A0,-91,1
22/04/2026,07:39:51,79,Lab. de aferição e calibração,IFPB,84:F1:47:54:96:E0,-56,1
22/04/2026,07:39:51,79,Lab. de aferição e calibração,IFPB-VISITANTE,84:F1:47:54:96:E2,-56,1
22/04/2026,07:39:51,79,Lab. de aferição e calibração,IFPB,24:36:DA:2B:BC:00,-74,6
22/04/2026,07:39:51,79,Lab. de aferição e calibração,IFPB-VISITANTE,24:36:DA:2B:BC:02,-75,6
22/04/2026,07:39:51,79,Lab. de aferição e calibração,IFPB,E4:4E:2D:85:4C:60,-75,11
22/04/2026,07:39:51,79,Lab. de aferição e calibração,IFPB-VISITANTE,E4:4E:2D:85:4C:62,-75,11
22/04/2026,07:39:51,79,Lab. de aferição e calibração,IFPB-VISITANTE,84:F1:47:54:6B:82,-85,6
22/04/2026,07:39:51,79,Lab. de aferição e calibração,IFPB,84:F1:47:54:6B:80,-86,6
22/04/2026,07:39:51,79,Lab. de aferição e calibração,IFPB,24:36:DA:2B:5E:C0,-89,1
22/04/2026,07:39:51,79,Lab. de aferição e calibração,IFPB-VISITANTE,24:36:DA:2B:5E:C2,-90,1
22/04/2026,07:39:52,79,Lab. de aferição e calibração,IFPB,84:F1:47:54:8B:A0,-90,1
22/04/2026,07:39:52,79,Lab. de aferição e calibração,IFPB-VISITANTE,84:F1:47:54:8B:A2,-90,1
22/04/2026,07:40:01,80,Lab. de aferição e calibração,IFPB,84:F1:47:54:96:E0,-56,1
22/04/2026,07:40:01,80,Lab. de aferição e calibração,IFPB-VISITANTE,84:F1:47:54:96:E2,-56,1
22/04/2026,07:40:01,80,Lab. de aferição e calibração,IFPB-VISITANTE,24:36:DA:2B:BC:02,-69,6
22/04/2026,07:40:01,80,Lab. de aferição e calibração,IFPB,24:36:DA:2B:BC:00,-70,6
22/04/2026,07:40:01,80,Lab. de aferição e calibração,IFPB,E4:4E:2D:85:4C:60,-76,11
22/04/2026,07:40:01,80,Lab. de aferição e calibração,IFPB-VISITANTE,E4:4E:2D:85:4C:62,-76,11
22/04/2026,07:40:02,80,Lab. de aferição e calibração,IFPB,84:F1:47:54:6B:80,-82,6
22/04/2026,07:40:02,80,Lab. de aferição e calibração,IFPB-VISITANTE,84:F1:47:54:6B:82,-82,6
22/04/2026,07:40:02,80,Lab. de aferição e calibração,IFPB,24:36:DA:2B:5E:C0,-87,1
22/04/2026,07:40:02,80,Lab. de aferição e calibração,IFPB-VISITANTE,84:F1:47:54:97:02,-88,1
22/04/2026,07:40:02,80,Lab. de aferição e calibração,IFPB-VISITANTE,24:36:DA:2B:5E:C2,-89,1
22/04/2026,07:40:27,81,Lab. de medidas em telecomunicações,IFPB,84:F1:47:54:96:E0,-65,1
22/04/2026,07:40:27,81,Lab. de medidas em telecomunicações,IFPB-VISITANTE,84:F1:47:54:96:E2,-67,1
22/04/2026,07:40:27,81,Lab. de medidas em telecomunicações,IFPB,24:36:DA:2B:BC:00,-75,6
22/04/2026,07:40:27,81,Lab. de medidas em telecomunicações,IFPB-VISITANTE,24:36:DA:2B:BC:02,-75,6
22/04/2026,07:40:27,81,Lab. de medidas em telecomunicações,IFPB,E4:4E:2D:85:4C:60,-75,11
22/04/2026,07:40:27,81,Lab. de medidas em telecomunicações,IFPB-VISITANTE,E4:4E:2D:85:4C:62,-75,11
22/04/2026,07:40:27,81,Lab. de medidas em telecomunicações,IFPB,84:F1:47:54:8B:A0,-87,1
22/04/2026,07:40:27,81,Lab. de medidas em telecomunicações,IFPB-VISITANTE,84:F1:47:54:7F:62,-87,6
22/04/2026,07:40:27,81,Lab. de medidas em telecomunicações,IFPB-VISITANTE,84:F1:47:54:8B:A2,-88,1
22/04/2026,07:40:27,81,Lab. de medidas em telecomunicações,IFPB,24:36:DA:2B:5E:C0,-88,1
22/04/2026,07:40:27,81,Lab. de medidas em telecomunicações,IFPB-VISITANTE,24:36:DA:2B:5E:C2,-88,1
22/04/2026,07:40:27,81,Lab. de medidas em telecomunicações,IFPB,84:F1:47:54:97:00,-88,1
22/04/2026,07:40:27,81,Lab. de medidas em telecomunicações,IFPB-VISITANTE,84:F1:47:54:97:02,-89,1
22/04/2026,07:40:27,81,Lab. de medidas em telecomunicações,IFPB,84:F1:47:54:7F:60,-89,6
22/04/2026,07:40:27,81,Lab. de medidas em telecomunicações,IFPB,84:F1:47:54:F9:80,-89,11
22/04/2026,07:40:27,81,Lab. de medidas em telecomunicações,IFPB-VISITANTE,84:F1:47:54:F9:82,-90,11
22/04/2026,07:40:27,81,Lab. de medidas em telecomunicações,IFPB-VISITANTE,84:F1:47:54:6B:82,-91,6
22/04/2026,07:40:37,82,Lab. de medidas em telecomunicações,IFPB,84:F1:47:54:96:E0,-68,1
22/04/2026,07:40:37,82,Lab. de medidas em telecomunicações,IFPB-VISITANTE,84:F1:47:54:96:E2,-68,1
22/04/2026,07:40:37,82,Lab. de medidas em telecomunicações,IFPB,E4:4E:2D:85:4C:60,-75,11
22/04/2026,07:40:37,82,Lab. de medidas em telecomunicações,IFPB-VISITANTE,E4:4E:2D:85:4C:62,-75,11
22/04/2026,07:40:37,82,Lab. de medidas em telecomunicações,IFPB,24:36:DA:2B:BC:00,-77,6
22/04/2026,07:40:37,82,Lab. de medidas em telecomunicações,IFPB-VISITANTE,24:36:DA:2B:BC:02,-77,6
22/04/2026,07:40:37,82,Lab. de medidas em telecomunicações,IFPB-VISITANTE,84:F1:47:54:97:02,-88,1
22/04/2026,07:40:37,82,Lab. de medidas em telecomunicações,IFPB,84:F1:47:54:97:00,-88,1
22/04/2026,07:40:37,82,Lab. de medidas em telecomunicações,IFPB-VISITANTE,84:F1:47:54:F9:82,-88,11
22/04/2026,07:40:37,82,Lab. de medidas em telecomunicações,IFPB-VISITANTE,24:36:DA:2B:5E:C2,-89,1
22/04/2026,07:40:37,82,Lab. de medidas em telecomunicações,IFPB,24:36:DA:2B:5E:C0,-89,1
22/04/2026,07:40:37,82,Lab. de medidas em telecomunicações,IFPB,84:F1:47:54:7F:60,-89,6
22/04/2026,07:40:37,82,Lab. de medidas em telecomunicações,IFPB-VISITANTE,84:F1:47:54:7F:62,-89,6
22/04/2026,07:40:37,82,Lab. de medidas em telecomunicações,IFPB,84:F1:47:54:F9:80,-89,11
22/04/2026,07:40:47,83,Lab. de medidas em telecomunicações,IFPB,84:F1:47:54:96:E0,-69,1
22/04/2026,07:40:47,83,Lab. de medidas em telecomunicações,IFPB-VISITANTE,84:F1:47:54:96:E2,-69,1
22/04/2026,07:40:47,83,Lab. de medidas em telecomunicações,IFPB,24:36:DA:2B:BC:00,-71,6
22/04/2026,07:40:47,83,Lab. de medidas em telecomunicações,IFPB-VISITANTE,24:36:DA:2B:BC:02,-71,6
22/04/2026,07:40:47,83,Lab. de medidas em telecomunicações,IFPB,E4:4E:2D:85:4C:60,-74,11
22/04/2026,07:40:47,83,Lab. de medidas em telecomunicações,IFPB-VISITANTE,E4:4E:2D:85:4C:62,-74,11
22/04/2026,07:40:47,83,Lab. de medidas em telecomunicações,IFPB,84:F1:47:54:97:00,-88,1
22/04/2026,07:40:47,83,Lab. de medidas em telecomunicações,IFPB-VISITANTE,84:F1:47:54:97:02,-89,1
22/04/2026,07:40:47,83,Lab. de medidas em telecomunicações,IFPB-VISITANTE,84:F1:47:54:7F:62,-89,6
22/04/2026,07:40:47,83,Lab. de medidas em telecomunicações,IFPB,84:F1:47:54:6B:80,-89,6
22/04/2026,07:40:47,83,Lab. de medidas em telecomunicações,IFPB-VISITANTE,84:F1:47:54:6B:82,-89,6
22/04/2026,07:40:47,83,Lab. de medidas em telecomunicações,IFPB-VISITANTE,84:F1:47:54:F9:82,-89,11
22/04/2026,07:40:47,83,Lab. de medidas em telecomunicações,IFPB,84:F1:47:54:7F:60,-90,6
22/04/2026,07:40:47,83,Lab. de medidas em telecomunicações,IFPB,84:F1:47:54:F9:80,-90,11
22/04/2026,07:40:47,83,Lab. de medidas em telecomunicações,IFPB,24:36:DA:2B:5E:C0,-91,1
22/04/2026,07:40:57,84,Lab. de medidas em telecomunicações,IFPB,84:F1:47:54:96:E0,-67,1
22/04/2026,07:40:57,84,Lab. de medidas em telecomunicações,IFPB-VISITANTE,84:F1:47:54:96:E2,-67,1
22/04/2026,07:40:57,84,Lab. de medidas em telecomunicações,IFPB,24:36:DA:2B:BC:00,-71,6
22/04/2026,07:40:57,84,Lab. de medidas em telecomunicações,IFPB-VISITANTE,24:36:DA:2B:BC:02,-72,6
22/04/2026,07:40:57,84,Lab. de medidas em telecomunicações,IFPB,E4:4E:2D:85:4C:60,-75,11
22/04/2026,07:40:57,84,Lab. de medidas em telecomunicações,IFPB-VISITANTE,E4:4E:2D:85:4C:62,-76,11
22/04/2026,07:40:57,84,Lab. de medidas em telecomunicações,IFPB-VISITANTE,24:36:DA:2B:5E:C2,-87,1
22/04/2026,07:40:57,84,Lab. de medidas em telecomunicações,IFPB,84:F1:47:54:8B:A0,-88,1
22/04/2026,07:40:57,84,Lab. de medidas em telecomunicações,IFPB,84:F1:47:54:97:00,-88,1
22/04/2026,07:40:57,84,Lab. de medidas em telecomunicações,IFPB-VISITANTE,84:F1:47:54:7F:62,-88,6
22/04/2026,07:40:57,84,Lab. de medidas em telecomunicações,IFPB,84:F1:47:54:7F:60,-88,6
22/04/2026,07:40:57,84,Lab. de medidas em telecomunicações,IFPB-VISITANTE,84:F1:47:54:8B:A2,-89,1
22/04/2026,07:40:57,84,Lab. de medidas em telecomunicações,IFPB-VISITANTE,84:F1:47:54:97:02,-89,1
22/04/2026,07:40:57,84,Lab. de medidas em telecomunicações,IFPB,24:36:DA:2B:5E:C0,-89,1
22/04/2026,07:41:07,85,Lab. de medidas em telecomunicações,IFPB,84:F1:47:54:96:E0,-68,1
22/04/2026,07:41:07,85,Lab. de medidas em telecomunicações,IFPB-VISITANTE,84:F1:47:54:96:E2,-68,1
22/04/2026,07:41:07,85,Lab. de medidas em telecomunicações,IFPB-VISITANTE,E4:4E:2D:85:4C:62,-73,11
22/04/2026,07:41:07,85,Lab. de medidas em telecomunicações,IFPB,24:36:DA:2B:BC:00,-74,6
22/04/2026,07:41:07,85,Lab. de medidas em telecomunicações,IFPB,E4:4E:2D:85:4C:60,-74,11
22/04/2026,07:41:07,85,Lab. de medidas em telecomunicações,IFPB-VISITANTE,24:36:DA:2B:BC:02,-75,6
22/04/2026,07:41:07,85,Lab. de medidas em telecomunicações,IFPB,24:36:DA:2B:5E:C0,-87,1
22/04/2026,07:41:07,85,Lab. de medidas em telecomunicações,IFPB,84:F1:47:54:7F:60,-87,6
22/04/2026,07:41:07,85,Lab. de medidas em telecomunicações,IFPB-VISITANTE,84:F1:47:54:7F:62,-87,6
22/04/2026,07:41:08,85,Lab. de medidas em telecomunicações,IFPB-VISITANTE,24:36:DA:2B:5E:C2,-88,1
22/04/2026,07:41:08,85,Lab. de medidas em telecomunicações,IFPB-VISITANTE,84:F1:47:54:8B:A2,-89,1
22/04/2026,07:41:08,85,Lab. de medidas em telecomunicações,IFPB-VISITANTE,84:F1:47:54:97:02,-90,1
22/04/2026,07:41:08,85,Lab. de medidas em telecomunicações,IFPB,84:F1:47:54:97:00,-91,1
22/04/2026,07:41:17,86,Lab. de medidas em telecomunicações,IFPB,84:F1:47:54:96:E0,-68,1
22/04/2026,07:41:17,86,Lab. de medidas em telecomunicações,IFPB-VISITANTE,84:F1:47:54:96:E2,-68,1
22/04/2026,07:41:17,86,Lab. de medidas em telecomunicações,IFPB,24:36:DA:2B:BC:00,-72,6
22/04/2026,07:41:17,86,Lab. de medidas em telecomunicações,IFPB-VISITANTE,24:36:DA:2B:BC:02,-72,6
22/04/2026,07:41:18,86,Lab. de medidas em telecomunicações,IFPB,E4:4E:2D:85:4C:60,-75,11
22/04/2026,07:41:18,86,Lab. de medidas em telecomunicações,IFPB-VISITANTE,E4:4E:2D:85:4C:62,-75,11
22/04/2026,07:41:18,86,Lab. de medidas em telecomunicações,IFPB-VISITANTE,84:F1:47:54:7F:62,-85,6
22/04/2026,07:41:18,86,Lab. de medidas em telecomunicações,IFPB,84:F1:47:54:7F:60,-86,6
22/04/2026,07:41:18,86,Lab. de medidas em telecomunicações,IFPB,84:F1:47:54:97:00,-87,1
22/04/2026,07:41:18,86,Lab. de medidas em telecomunicações,IFPB-VISITANTE,84:F1:47:54:6B:82,-87,6
22/04/2026,07:41:18,86,Lab. de medidas em telecomunicações,IFPB-VISITANTE,84:F1:47:54:8B:A2,-88,1
22/04/2026,07:41:18,86,Lab. de medidas em telecomunicações,IFPB-VISITANTE,84:F1:47:54:97:02,-89,1
22/04/2026,07:41:18,86,Lab. de medidas em telecomunicações,IFPB,24:36:DA:2B:5E:C0,-89,1
22/04/2026,07:41:18,86,Lab. de medidas em telecomunicações,IFPB-VISITANTE,24:36:DA:2B:5E:C2,-89,1
22/04/2026,07:41:18,86,Lab. de medidas em telecomunicações,IFPB,84:F1:47:54:8B:A0,-89,1
22/04/2026,07:41:18,86,Lab. de medidas em telecomunicações,IFPB,84:F1:47:54:6B:80,-89,6
22/04/2026,07:41:28,87,Lab. de medidas em telecomunicações,IFPB-VISITANTE,84:F1:47:54:96:E2,-68,1
22/04/2026,07:41:28,87,Lab. de medidas em telecomunicações,IFPB,84:F1:47:54:96:E0,-69,1
22/04/2026,07:41:28,87,Lab. de medidas em telecomunicações,IFPB,24:36:DA:2B:BC:00,-72,6
22/04/2026,07:41:28,87,Lab. de medidas em telecomunicações,IFPB-VISITANTE,24:36:DA:2B:BC:02,-72,6
22/04/2026,07:41:28,87,Lab. de medidas em telecomunicações,IFPB,E4:4E:2D:85:4C:60,-77,11
22/04/2026,07:41:28,87,Lab. de medidas em telecomunicações,IFPB-VISITANTE,E4:4E:2D:85:4C:62,-77,11
22/04/2026,07:41:28,87,Lab. de medidas em telecomunicações,IFPB-VISITANTE,84:F1:47:54:8B:A2,-86,1
22/04/2026,07:41:28,87,Lab. de medidas em telecomunicações,IFPB,84:F1:47:54:8B:A0,-87,1
22/04/2026,07:41:28,87,Lab. de medidas em telecomunicações,IFPB-VISITANTE,84:F1:47:54:7F:62,-87,6
22/04/2026,07:41:28,87,Lab. de medidas em telecomunicações,IFPB,24:36:DA:2B:5E:C0,-88,1
22/04/2026,07:41:28,87,Lab. de medidas em telecomunicações,IFPB-VISITANTE,24:36:DA:2B:5E:C2,-88,1
22/04/2026,07:41:28,87,Lab. de medidas em telecomunicações,IFPB,84:F1:47:54:7F:60,-88,6
22/04/2026,07:41:28,87,Lab. de medidas em telecomunicações,IFPB,84:F1:47:54:F9:80,-90,11
22/04/2026,07:41:38,88,Lab. de medidas em telecomunicações,IFPB,84:F1:47:54:96:E0,-71,1
22/04/2026,07:41:38,88,Lab. de medidas em telecomunicações,IFPB-VISITANTE,84:F1:47:54:96:E2,-71,1
22/04/2026,07:41:38,88,Lab. de medidas em telecomunicações,IFPB-VISITANTE,24:36:DA:2B:BC:02,-72,6
22/04/2026,07:41:38,88,Lab. de medidas em telecomunicações,IFPB,24:36:DA:2B:BC:00,-72,6
22/04/2026,07:41:38,88,Lab. de medidas em telecomunicações,IFPB,E4:4E:2D:85:4C:60,-80,11
22/04/2026,07:41:38,88,Lab. de medidas em telecomunicações,IFPB-VISITANTE,E4:4E:2D:85:4C:62,-80,11
22/04/2026,07:41:38,88,Lab. de medidas em telecomunicações,IFPB,84:F1:47:54:97:00,-85,1
22/04/2026,07:41:38,88,Lab. de medidas em telecomunicações,IFPB-VISITANTE,84:F1:47:54:97:02,-86,1
22/04/2026,07:41:38,88,Lab. de medidas em telecomunicações,IFPB,24:36:DA:2B:5E:C0,-90,1
22/04/2026,07:41:38,88,Lab. de medidas em telecomunicações,IFPB-VISITANTE,24:36:DA:2B:5E:C2,-92,1
22/04/2026,07:41:48,89,Lab. de medidas em telecomunicações,IFPB-VISITANTE,24:36:DA:2B:BC:02,-72,6
22/04/2026,07:41:48,89,Lab. de medidas em telecomunicações,IFPB,24:36:DA:2B:BC:00,-73,6
22/04/2026,07:41:48,89,Lab. de medidas em telecomunicações,IFPB-VISITANTE,84:F1:47:54:96:E2,-75,1
22/04/2026,07:41:48,89,Lab. de medidas em telecomunicações,IFPB,E4:4E:2D:85:4C:60,-75,11
22/04/2026,07:41:48,89,Lab. de medidas em telecomunicações,IFPB-VISITANTE,E4:4E:2D:85:4C:62,-75,11
22/04/2026,07:41:48,89,Lab. de medidas em telecomunicações,IFPB,84:F1:47:54:96:E0,-76,1
22/04/2026,07:41:48,89,Lab. de medidas em telecomunicações,IFPB,24:36:DA:2B:5E:C0,-88,1
22/04/2026,07:41:48,89,Lab. de medidas em telecomunicações,IFPB-VISITANTE,84:F1:47:54:97:02,-88,1
22/04/2026,07:41:48,89,Lab. de medidas em telecomunicações,IFPB-VISITANTE,24:36:DA:2B:5E:C2,-89,1
22/04/2026,07:41:48,89,Lab. de medidas em telecomunicações,IFPB-VISITANTE,84:F1:47:54:8B:A2,-89,1
22/04/2026,07:41:48,89,Lab. de medidas em telecomunicações,IFPB,84:F1:47:54:7F:60,-90,6
22/04/2026,07:41:48,89,Lab. de medidas em telecomunicações,IFPB-VISITANTE,84:F1:47:54:F9:82,-91,11
22/04/2026,07:41:58,90,Lab. de medidas em telecomunicações,IFPB,84:F1:47:54:96:E0,-68,1
22/04/2026,07:41:58,90,Lab. de medidas em telecomunicações,IFPB-VISITANTE,84:F1:47:54:96:E2,-68,1
22/04/2026,07:41:58,90,Lab. de medidas em telecomunicações,IFPB-VISITANTE,24:36:DA:2B:BC:02,-69,6
22/04/2026,07:41:58,90,Lab. de medidas em telecomunicações,IFPB,24:36:DA:2B:BC:00,-70,6
22/04/2026,07:41:58,90,Lab. de medidas em telecomunicações,IFPB-VISITANTE,E4:4E:2D:85:4C:62,-77,11
22/04/2026,07:41:58,90,Lab. de medidas em telecomunicações,IFPB,E4:4E:2D:85:4C:60,-77,11
22/04/2026,07:41:58,90,Lab. de medidas em telecomunicações,IFPB,84:F1:47:54:7F:60,-87,6
22/04/2026,07:41:58,90,Lab. de medidas em telecomunicações,IFPB-VISITANTE,84:F1:47:54:8B:A2,-88,1
22/04/2026,07:41:58,90,Lab. de medidas em telecomunicações,IFPB-VISITANTE,84:F1:47:54:6B:82,-88,6
22/04/2026,07:41:58,90,Lab. de medidas em telecomunicações,IFPB-VISITANTE,84:F1:47:54:7F:62,-88,6
22/04/2026,07:41:58,90,Lab. de medidas em telecomunicações,IFPB,84:F1:47:54:8B:A0,-89,1
22/04/2026,07:41:58,90,Lab. de medidas em telecomunicações,IFPB,84:F1:47:54:6B:80,-89,6
22/04/2026,07:41:58,90,Lab. de medidas em telecomunicações,IFPB-VISITANTE,84:F1:47:54:F9:82,-89,11
22/04/2026,07:41:58,90,Lab. de medidas em telecomunicações,IFPB-VISITANTE,84:F1:47:54:97:02,-90,1
22/04/2026,07:41:58,90,Lab. de medidas em telecomunicações,IFPB,84:F1:47:54:97:00,-90,1
22/04/2026,07:41:58,90,Lab. de medidas em telecomunicações,IFPB,84:F1:47:54:F9:80,-90,11
22/04/2026,07:42:41,91,Coordenação de pós em Eng. Elétrica,IFPB-VISITANTE,E4:4E:2D:85:4C:62,-75,11
22/04/2026,07:42:41,91,Coordenação de pós em Eng. Elétrica,IFPB,E4:4E:2D:85:4C:60,-76,11
22/04/2026,07:42:41,91,Coordenação de pós em Eng. Elétrica,IFPB-VISITANTE,24:36:DA:2B:BC:02,-85,6
22/04/2026,07:42:41,91,Coordenação de pós em Eng. Elétrica,IFPB,24:36:DA:2B:BC:00,-86,6
22/04/2026,07:42:41,91,Coordenação de pós em Eng. Elétrica,IFPB,24:36:DA:9F:FB:80,-89,11
22/04/2026,07:42:41,91,Coordenação de pós em Eng. Elétrica,IFPB-VISITANTE,24:36:DA:9F:FB:82,-89,11
22/04/2026,07:42:51,92,Coordenação de pós em Eng. Elétrica,IFPB-VISITANTE,E4:4E:2D:85:4C:62,-77,11
22/04/2026,07:42:51,92,Coordenação de pós em Eng. Elétrica,IFPB,E4:4E:2D:85:4C:60,-78,11
22/04/2026,07:42:51,92,Coordenação de pós em Eng. Elétrica,IFPB,24:36:DA:2B:BC:00,-84,6
22/04/2026,07:42:51,92,Coordenação de pós em Eng. Elétrica,IFPB-VISITANTE,24:36:DA:2B:BC:02,-84,6
22/04/2026,07:42:51,92,Coordenação de pós em Eng. Elétrica,IFPB,24:36:DA:9F:FB:80,-87,11
22/04/2026,07:42:51,92,Coordenação de pós em Eng. Elétrica,IFPB-VISITANTE,24:36:DA:9F:FB:82,-87,11
22/04/2026,07:43:01,93,Coordenação de pós em Eng. Elétrica,IFPB,E4:4E:2D:85:4C:60,-76,11
22/04/2026,07:43:01,93,Coordenação de pós em Eng. Elétrica,IFPB-VISITANTE,E4:4E:2D:85:4C:62,-78,11
22/04/2026,07:43:01,93,Coordenação de pós em Eng. Elétrica,IFPB,24:36:DA:2B:BC:00,-82,6
22/04/2026,07:43:01,93,Coordenação de pós em Eng. Elétrica,IFPB-VISITANTE,24:36:DA:2B:BC:02,-82,6
22/04/2026,07:43:01,93,Coordenação de pós em Eng. Elétrica,IFPB-VISITANTE,24:36:DA:9F:FB:82,-88,11
22/04/2026,07:43:11,94,Coordenação de pós em Eng. Elétrica,IFPB,E4:4E:2D:85:4C:60,-78,11
22/04/2026,07:43:11,94,Coordenação de pós em Eng. Elétrica,IFPB-VISITANTE,E4:4E:2D:85:4C:62,-78,11
22/04/2026,07:43:11,94,Coordenação de pós em Eng. Elétrica,IFPB,24:36:DA:2B:BC:00,-84,6
22/04/2026,07:43:11,94,Coordenação de pós em Eng. Elétrica,IFPB-VISITANTE,24:36:DA:2B:BC:02,-85,6
22/04/2026,07:43:11,94,Coordenação de pós em Eng. Elétrica,IFPB,24:36:DA:9F:FB:80,-89,11
22/04/2026,07:43:21,95,Coordenação de pós em Eng. Elétrica,IFPB,E4:4E:2D:85:4C:60,-79,11
22/04/2026,07:43:21,95,Coordenação de pós em Eng. Elétrica,IFPB-VISITANTE,E4:4E:2D:85:4C:62,-79,11
22/04/2026,07:43:21,95,Coordenação de pós em Eng. Elétrica,IFPB-VISITANTE,24:36:DA:2B:BC:02,-81,6
22/04/2026,07:43:21,95,Coordenação de pós em Eng. Elétrica,IFPB,24:36:DA:2B:BC:00,-82,6
22/04/2026,07:43:21,95,Coordenação de pós em Eng. Elétrica,IFPB,24:36:DA:9F:FB:80,-88,11
22/04/2026,07:43:21,95,Coordenação de pós em Eng. Elétrica,IFPB-VISITANTE,24:36:DA:9F:FB:82,-88,11
22/04/2026,07:43:31,96,Coordenação de pós em Eng. Elétrica,IFPB,E4:4E:2D:85:4C:60,-79,11
22/04/2026,07:43:31,96,Coordenação de pós em Eng. Elétrica,IFPB-VISITANTE,E4:4E:2D:85:4C:62,-80,11
22/04/2026,07:43:31,96,Coordenação de pós em Eng. Elétrica,IFPB-VISITANTE,24:36:DA:2B:BC:02,-87,6
22/04/2026,07:43:31,96,Coordenação de pós em Eng. Elétrica,IFPB,24:36:DA:2B:BC:00,-88,6
22/04/2026,07:43:31,96,Coordenação de pós em Eng. Elétrica,IFPB,84:F1:47:54:EB:20,-88,6
22/04/2026,07:43:41,97,Coordenação de pós em Eng. Elétrica,IFPB,E4:4E:2D:85:4C:60,-76,11
22/04/2026,07:43:41,97,Coordenação de pós em Eng. Elétrica,IFPB-VISITANTE,E4:4E:2D:85:4C:62,-76,11
22/04/2026,07:43:41,97,Coordenação de pós em Eng. Elétrica,IFPB-VISITANTE,24:36:DA:2B:BC:02,-82,6
22/04/2026,07:43:41,97,Coordenação de pós em Eng. Elétrica,IFPB,24:36:DA:2B:BC:00,-82,6
22/04/2026,07:43:41,97,Coordenação de pós em Eng. Elétrica,IFPB,84:F1:47:54:EB:20,-88,6
22/04/2026,07:43:41,97,Coordenação de pós em Eng. Elétrica,IFPB-VISITANTE,84:F1:47:54:EB:22,-89,6
22/04/2026,07:43:51,98,Coordenação de pós em Eng. Elétrica,IFPB,E4:4E:2D:85:4C:60,-79,11
22/04/2026,07:43:51,98,Coordenação de pós em Eng. Elétrica,IFPB-VISITANTE,E4:4E:2D:85:4C:62,-79,11
22/04/2026,07:43:51,98,Coordenação de pós em Eng. Elétrica,IFPB,24:36:DA:2B:BC:00,-82,6
22/04/2026,07:43:51,98,Coordenação de pós em Eng. Elétrica,IFPB-VISITANTE,24:36:DA:2B:BC:02,-82,6
22/04/2026,07:43:51,98,Coordenação de pós em Eng. Elétrica,IFPB,84:F1:47:54:EB:20,-86,6
22/04/2026,07:43:51,98,Coordenação de pós em Eng. Elétrica,IFPB-VISITANTE,84:F1:47:54:EB:22,-90,6
22/04/2026,07:44:01,99,Coordenação de pós em Eng. Elétrica,IFPB,E4:4E:2D:85:4C:60,-79,11
22/04/2026,07:44:01,99,Coordenação de pós em Eng. Elétrica,IFPB-VISITANTE,E4:4E:2D:85:4C:62,-79,11
22/04/2026,07:44:01,99,Coordenação de pós em Eng. Elétrica,IFPB,24:36:DA:2B:BC:00,-82,6
22/04/2026,07:44:01,99,Coordenação de pós em Eng. Elétrica,IFPB-VISITANTE,24:36:DA:2B:BC:02,-82,6
22/04/2026,07:44:01,99,Coordenação de pós em Eng. Elétrica,IFPB-VISITANTE,24:36:DA:9F:FB:82,-86,11
22/04/2026,07:44:01,99,Coordenação de pós em Eng. Elétrica,IFPB,24:36:DA:9F:FB:80,-87,11
22/04/2026,07:44:01,99,Coordenação de pós em Eng. Elétrica,IFPB-VISITANTE,84:F1:47:54:EB:22,-89,6
22/04/2026,07:44:11,100,Coordenação de pós em Eng. Elétrica,IFPB-VISITANTE,E4:4E:2D:85:4C:62,-78,11
22/04/2026,07:44:11,100,Coordenação de pós em Eng. Elétrica,IFPB,E4:4E:2D:85:4C:60,-79,11
22/04/2026,07:44:11,100,Coordenação de pós em Eng. Elétrica,IFPB,24:36:DA:2B:BC:00,-82,6
22/04/2026,07:44:11,100,Coordenação de pós em Eng. Elétrica,IFPB-VISITANTE,24:36:DA:2B:BC:02,-82,6
22/04/2026,07:44:11,100,Coordenação de pós em Eng. Elétrica,IFPB-VISITANTE,24:36:DA:9F:FB:82,-86,11
22/04/2026,07:44:11,100,Coordenação de pós em Eng. Elétrica,IFPB,24:36:DA:9F:FB:80,-87,11
22/04/2026,07:44:37,101,Lab. de redes convergentes,IFPB,E4:4E:2D:85:4C:60,-62,11
22/04/2026,07:44:37,101,Lab. de redes convergentes,IFPB-VISITANTE,E4:4E:2D:85:4C:62,-62,11
22/04/2026,07:44:37,101,Lab. de redes convergentes,IFPB,24:36:DA:2B:BC:00,-79,6
22/04/2026,07:44:37,101,Lab. de redes convergentes,IFPB-VISITANTE,24:36:DA:2B:BC:02,-79,6
22/04/2026,07:44:37,101,Lab. de redes convergentes,IFPB,84:F1:47:54:96:E0,-84,1
22/04/2026,07:44:37,101,Lab. de redes convergentes,IFPB-VISITANTE,84:F1:47:54:96:E2,-85,1
22/04/2026,07:44:38,101,Lab. de redes convergentes,IFPB-VISITANTE,84:F1:47:54:EB:22,-88,6
22/04/2026,07:44:47,102,Lab. de redes convergentes,IFPB,E4:4E:2D:85:4C:60,-58,11
22/04/2026,07:44:47,102,Lab. de redes convergentes,IFPB-VISITANTE,E4:4E:2D:85:4C:62,-58,11
22/04/2026,07:44:48,102,Lab. de redes convergentes,IFPB,24:36:DA:2B:BC:00,-74,6
22/04/2026,07:44:48,102,Lab. de redes convergentes,IFPB-VISITANTE,24:36:DA:2B:BC:02,-74,6
22/04/2026,07:44:48,102,Lab. de redes convergentes,IFPB-VISITANTE,84:F1:47:54:96:E2,-86,1
22/04/2026,07:44:48,102,Lab. de redes convergentes,IFPB,84:F1:47:54:96:E0,-89,1
22/04/2026,07:44:48,102,Lab. de redes convergentes,IFPB,84:F1:47:54:EB:20,-90,6
22/04/2026,07:44:57,103,Lab. de redes convergentes,IFPB-VISITANTE,E4:4E:2D:85:4C:62,-60,11
22/04/2026,07:44:57,103,Lab. de redes convergentes,IFPB,E4:4E:2D:85:4C:60,-61,11
22/04/2026,07:44:58,103,Lab. de redes convergentes,IFPB,24:36:DA:2B:BC:00,-76,6
22/04/2026,07:44:58,103,Lab. de redes convergentes,IFPB-VISITANTE,24:36:DA:2B:BC:02,-76,6
22/04/2026,07:44:58,103,Lab. de redes convergentes,IFPB,84:F1:47:54:96:E0,-85,1
22/04/2026,07:44:58,103,Lab. de redes convergentes,IFPB-VISITANTE,84:F1:47:54:96:E2,-85,1
22/04/2026,07:44:58,103,Lab. de redes convergentes,IFPB-VISITANTE,84:F1:47:54:EB:22,-88,6
22/04/2026,07:45:07,104,Lab. de redes convergentes,IFPB,E4:4E:2D:85:4C:60,-58,11
22/04/2026,07:45:07,104,Lab. de redes convergentes,IFPB-VISITANTE,E4:4E:2D:85:4C:62,-58,11
22/04/2026,07:45:08,104,Lab. de redes convergentes,IFPB,24:36:DA:2B:BC:00,-76,6
22/04/2026,07:45:08,104,Lab. de redes convergentes,IFPB-VISITANTE,24:36:DA:2B:BC:02,-76,6
22/04/2026,07:45:08,104,Lab. de redes convergentes,IFPB,84:F1:47:54:96:E0,-82,1
22/04/2026,07:45:08,104,Lab. de redes convergentes,IFPB-VISITANTE,84:F1:47:54:96:E2,-82,1
22/04/2026,07:45:08,104,Lab. de redes convergentes,IFPB-VISITANTE,84:F1:47:54:EB:22,-88,6
22/04/2026,07:45:08,104,Lab. de redes convergentes,IFPB,84:F1:47:54:EB:20,-89,6
22/04/2026,07:45:18,105,Lab. de redes convergentes,IFPB,E4:4E:2D:85:4C:60,-61,11
22/04/2026,07:45:18,105,Lab. de redes convergentes,IFPB-VISITANTE,E4:4E:2D:85:4C:62,-61,11
22/04/2026,07:45:18,105,Lab. de redes convergentes,IFPB,24:36:DA:2B:BC:00,-74,6
22/04/2026,07:45:18,105,Lab. de redes convergentes,IFPB-VISITANTE,24:36:DA:2B:BC:02,-74,6
22/04/2026,07:45:18,105,Lab. de redes convergentes,IFPB-VISITANTE,84:F1:47:54:96:E2,-81,1
22/04/2026,07:45:18,105,Lab. de redes convergentes,IFPB,84:F1:47:54:96:E0,-82,1
22/04/2026,07:45:18,105,Lab. de redes convergentes,IFPB-VISITANTE,84:F1:47:54:EB:22,-87,6
22/04/2026,07:45:18,105,Lab. de redes convergentes,IFPB,84:F1:47:54:EB:20,-88,6
22/04/2026,07:45:28,106,Lab. de redes convergentes,IFPB,E4:4E:2D:85:4C:60,-59,11
22/04/2026,07:45:28,106,Lab. de redes convergentes,IFPB-VISITANTE,E4:4E:2D:85:4C:62,-60,11
22/04/2026,07:45:28,106,Lab. de redes convergentes,IFPB,24:36:DA:2B:BC:00,-74,6
22/04/2026,07:45:28,106,Lab. de redes convergentes,IFPB-VISITANTE,24:36:DA:2B:BC:02,-74,6
22/04/2026,07:45:28,106,Lab. de redes convergentes,IFPB-VISITANTE,84:F1:47:54:96:E2,-80,1
22/04/2026,07:45:28,106,Lab. de redes convergentes,IFPB,84:F1:47:54:96:E0,-81,1
22/04/2026,07:45:38,107,Lab. de redes convergentes,IFPB,E4:4E:2D:85:4C:60,-60,11
22/04/2026,07:45:38,107,Lab. de redes convergentes,IFPB-VISITANTE,E4:4E:2D:85:4C:62,-60,11
22/04/2026,07:45:38,107,Lab. de redes convergentes,IFPB,24:36:DA:2B:BC:00,-77,6
22/04/2026,07:45:38,107,Lab. de redes convergentes,IFPB-VISITANTE,24:36:DA:2B:BC:02,-77,6
22/04/2026,07:45:38,107,Lab. de redes convergentes,IFPB-VISITANTE,84:F1:47:54:96:E2,-81,1
22/04/2026,07:45:38,107,Lab. de redes convergentes,IFPB,84:F1:47:54:96:E0,-82,1
22/04/2026,07:45:38,107,Lab. de redes convergentes,IFPB,84:F1:47:54:EB:20,-86,6
22/04/2026,07:45:38,107,Lab. de redes convergentes,IFPB-VISITANTE,84:F1:47:54:EB:22,-89,6
22/04/2026,07:45:48,108,Lab. de redes convergentes,IFPB,E4:4E:2D:85:4C:60,-60,11
22/04/2026,07:45:48,108,Lab. de redes convergentes,IFPB-VISITANTE,E4:4E:2D:85:4C:62,-60,11
22/04/2026,07:45:48,108,Lab. de redes convergentes,IFPB,24:36:DA:2B:BC:00,-79,6
22/04/2026,07:45:48,108,Lab. de redes convergentes,IFPB-VISITANTE,24:36:DA:2B:BC:02,-79,6
22/04/2026,07:45:48,108,Lab. de redes convergentes,IFPB,84:F1:47:54:96:E0,-84,1
22/04/2026,07:45:48,108,Lab. de redes convergentes,IFPB-VISITANTE,84:F1:47:54:96:E2,-84,1
22/04/2026,07:45:58,109,Lab. de redes convergentes,IFPB-VISITANTE,E4:4E:2D:85:4C:62,-60,11
22/04/2026,07:45:58,109,Lab. de redes convergentes,IFPB,E4:4E:2D:85:4C:60,-61,11
22/04/2026,07:45:58,109,Lab. de redes convergentes,IFPB-VISITANTE,24:36:DA:2B:BC:02,-80,6
22/04/2026,07:45:58,109,Lab. de redes convergentes,IFPB,24:36:DA:2B:BC:00,-81,6
22/04/2026,07:45:58,109,Lab. de redes convergentes,IFPB,84:F1:47:54:96:E0,-83,1
22/04/2026,07:45:58,109,Lab. de redes convergentes,IFPB-VISITANTE,84:F1:47:54:96:E2,-83,1
22/04/2026,07:46:08,110,Lab. de redes convergentes,IFPB,E4:4E:2D:85:4C:60,-60,11
22/04/2026,07:46:08,110,Lab. de redes convergentes,IFPB-VISITANTE,E4:4E:2D:85:4C:62,-60,11
22/04/2026,07:46:08,110,Lab. de redes convergentes,IFPB,24:36:DA:2B:BC:00,-80,6
22/04/2026,07:46:08,110,Lab. de redes convergentes,IFPB-VISITANTE,24:36:DA:2B:BC:02,-80,6
22/04/2026,07:46:08,110,Lab. de redes convergentes,IFPB-VISITANTE,84:F1:47:54:96:E2,-83,1
22/04/2026,07:46:08,110,Lab. de redes convergentes,IFPB,84:F1:47:54:96:E0,-83,1
22/04/2026,07:46:08,110,Lab. de redes convergentes,IFPB-VISITANTE,84:F1:47:54:EB:22,-87,6
22/04/2026,07:46:35,111,Lab. de fibras ópticas,IFPB-VISITANTE,E4:4E:2D:85:4C:62,-58,11
22/04/2026,07:46:35,111,Lab. de fibras ópticas,IFPB,E4:4E:2D:85:4C:60,-59,11
22/04/2026,07:46:35,111,Lab. de fibras ópticas,IFPB,84:F1:47:54:96:E0,-75,1
22/04/2026,07:46:35,111,Lab. de fibras ópticas,IFPB-VISITANTE,84:F1:47:54:96:E2,-75,1
22/04/2026,07:46:35,111,Lab. de fibras ópticas,IFPB-VISITANTE,24:36:DA:2B:BC:02,-85,6
22/04/2026,07:46:35,111,Lab. de fibras ópticas,IFPB,24:36:DA:2B:BC:00,-85,6
22/04/2026,07:46:35,111,Lab. de fibras ópticas,IFPB,84:F1:47:54:EB:20,-88,6
22/04/2026,07:46:35,111,Lab. de fibras ópticas,IFPB-VISITANTE,84:F1:47:54:EB:22,-88,6
22/04/2026,07:46:45,112,Lab. de fibras ópticas,IFPB,E4:4E:2D:85:4C:60,-58,11
22/04/2026,07:46:45,112,Lab. de fibras ópticas,IFPB-VISITANTE,E4:4E:2D:85:4C:62,-58,11
22/04/2026,07:46:45,112,Lab. de fibras ópticas,IFPB-VISITANTE,24:36:DA:2B:BC:02,-73,6
22/04/2026,07:46:45,112,Lab. de fibras ópticas,IFPB,24:36:DA:2B:BC:00,-74,6
22/04/2026,07:46:45,112,Lab. de fibras ópticas,IFPB,84:F1:47:54:96:E0,-75,1
22/04/2026,07:46:45,112,Lab. de fibras ópticas,IFPB-VISITANTE,84:F1:47:54:96:E2,-76,1
22/04/2026,07:46:45,112,Lab. de fibras ópticas,IFPB,84:F1:47:54:EB:20,-85,6
22/04/2026,07:46:45,112,Lab. de fibras ópticas,IFPB-VISITANTE,84:F1:47:54:EB:22,-86,6
22/04/2026,07:46:55,113,Lab. de fibras ópticas,IFPB,E4:4E:2D:85:4C:60,-58,11
22/04/2026,07:46:55,113,Lab. de fibras ópticas,IFPB-VISITANTE,E4:4E:2D:85:4C:62,-58,11
22/04/2026,07:46:55,113,Lab. de fibras ópticas,IFPB,84:F1:47:54:96:E0,-74,1
22/04/2026,07:46:55,113,Lab. de fibras ópticas,IFPB-VISITANTE,84:F1:47:54:96:E2,-74,1
22/04/2026,07:46:55,113,Lab. de fibras ópticas,IFPB,24:36:DA:2B:BC:00,-76,6
22/04/2026,07:46:55,113,Lab. de fibras ópticas,IFPB-VISITANTE,24:36:DA:2B:BC:02,-76,6
22/04/2026,07:47:05,114,Lab. de fibras ópticas,IFPB-VISITANTE,E4:4E:2D:85:4C:62,-58,11
22/04/2026,07:47:05,114,Lab. de fibras ópticas,IFPB,E4:4E:2D:85:4C:60,-59,11
22/04/2026,07:47:05,114,Lab. de fibras ópticas,IFPB,84:F1:47:54:96:E0,-72,1
22/04/2026,07:47:05,114,Lab. de fibras ópticas,IFPB-VISITANTE,84:F1:47:54:96:E2,-73,1
22/04/2026,07:47:05,114,Lab. de fibras ópticas,IFPB,24:36:DA:2B:BC:00,-74,6
22/04/2026,07:47:05,114,Lab. de fibras ópticas,IFPB-VISITANTE,24:36:DA:2B:BC:02,-74,6
22/04/2026,07:47:05,114,Lab. de fibras ópticas,IFPB-VISITANTE,84:F1:47:54:EB:22,-89,6
22/04/2026,07:47:15,115,Lab. de fibras ópticas,IFPB,E4:4E:2D:85:4C:60,-59,11
22/04/2026,07:47:15,115,Lab. de fibras ópticas,IFPB-VISITANTE,E4:4E:2D:85:4C:62,-59,11
22/04/2026,07:47:15,115,Lab. de fibras ópticas,IFPB,84:F1:47:54:96:E0,-70,1
22/04/2026,07:47:15,115,Lab. de fibras ópticas,IFPB-VISITANTE,84:F1:47:54:96:E2,-73,1
22/04/2026,07:47:15,115,Lab. de fibras ópticas,IFPB-VISITANTE,24:36:DA:2B:BC:02,-76,6
22/04/2026,07:47:15,115,Lab. de fibras ópticas,IFPB,24:36:DA:2B:BC:00,-77,6
22/04/2026,07:47:15,115,Lab. de fibras ópticas,IFPB-VISITANTE,84:F1:47:54:8B:A2,-86,1
22/04/2026,07:47:15,115,Lab. de fibras ópticas,IFPB,84:F1:47:54:8B:A0,-86,1
22/04/2026,07:47:15,115,Lab. de fibras ópticas,IFPB-VISITANTE,84:F1:47:54:EB:22,-87,6
22/04/2026,07:47:15,115,Lab. de fibras ópticas,IFPB,84:F1:47:54:EB:20,-89,6
22/04/2026,07:47:25,116,Lab. de fibras ópticas,IFPB-VISITANTE,E4:4E:2D:85:4C:62,-58,11
22/04/2026,07:47:25,116,Lab. de fibras ópticas,IFPB,E4:4E:2D:85:4C:60,-59,11
22/04/2026,07:47:25,116,Lab. de fibras ópticas,IFPB,84:F1:47:54:96:E0,-71,1
22/04/2026,07:47:25,116,Lab. de fibras ópticas,IFPB-VISITANTE,84:F1:47:54:96:E2,-71,1
22/04/2026,07:47:25,116,Lab. de fibras ópticas,IFPB-VISITANTE,24:36:DA:2B:BC:02,-76,6
22/04/2026,07:47:25,116,Lab. de fibras ópticas,IFPB,24:36:DA:2B:BC:00,-77,6
22/04/2026,07:47:25,116,Lab. de fibras ópticas,IFPB-VISITANTE,84:F1:47:54:8B:A2,-88,1
22/04/2026,07:47:25,116,Lab. de fibras ópticas,IFPB-VISITANTE,84:F1:47:54:EB:22,-88,6
22/04/2026,07:47:25,116,Lab. de fibras ópticas,IFPB,84:F1:47:54:8B:A0,-89,1
22/04/2026,07:47:25,116,Lab. de fibras ópticas,IFPB,84:F1:47:54:EB:20,-89,6
22/04/2026,07:47:35,117,Lab. de fibras ópticas,IFPB-VISITANTE,E4:4E:2D:85:4C:62,-63,11
22/04/2026,07:47:35,117,Lab. de fibras ópticas,IFPB,E4:4E:2D:85:4C:60,-64,11
22/04/2026,07:47:35,117,Lab. de fibras ópticas,IFPB,84:F1:47:54:96:E0,-71,1
22/04/2026,07:47:35,117,Lab. de fibras ópticas,IFPB-VISITANTE,84:F1:47:54:96:E2,-71,1
22/04/2026,07:47:35,117,Lab. de fibras ópticas,IFPB,24:36:DA:2B:BC:00,-80,6
22/04/2026,07:47:35,117,Lab. de fibras ópticas,IFPB-VISITANTE,24:36:DA:2B:BC:02,-81,6
22/04/2026,07:47:36,117,Lab. de fibras ópticas,IFPB,84:F1:47:54:EB:20,-87,6
22/04/2026,07:47:36,117,Lab. de fibras ópticas,IFPB-VISITANTE,84:F1:47:54:EB:22,-87,6
22/04/2026,07:47:45,118,Lab. de fibras ópticas,IFPB,E4:4E:2D:85:4C:60,-58,11
22/04/2026,07:47:45,118,Lab. de fibras ópticas,IFPB-VISITANTE,E4:4E:2D:85:4C:62,-58,11
22/04/2026,07:47:45,118,Lab. de fibras ópticas,IFPB,24:36:DA:2B:BC:00,-74,6
22/04/2026,07:47:45,118,Lab. de fibras ópticas,IFPB-VISITANTE,24:36:DA:2B:BC:02,-74,6
22/04/2026,07:47:45,118,Lab. de fibras ópticas,IFPB,84:F1:47:54:96:E0,-76,1
22/04/2026,07:47:45,118,Lab. de fibras ópticas,IFPB-VISITANTE,84:F1:47:54:96:E2,-76,1
22/04/2026,07:47:46,118,Lab. de fibras ópticas,IFPB-VISITANTE,84:F1:47:54:8B:A2,-88,1
22/04/2026,07:47:46,118,Lab. de fibras ópticas,IFPB,84:F1:47:54:8B:A0,-88,1
22/04/2026,07:47:46,118,Lab. de fibras ópticas,IFPB-VISITANTE,84:F1:47:54:EB:22,-89,6
22/04/2026,07:47:46,118,Lab. de fibras ópticas,IFPB,84:F1:47:54:EB:20,-89,6
22/04/2026,07:47:55,119,Lab. de fibras ópticas,IFPB,E4:4E:2D:85:4C:60,-58,11
22/04/2026,07:47:55,119,Lab. de fibras ópticas,IFPB-VISITANTE,E4:4E:2D:85:4C:62,-58,11
22/04/2026,07:47:55,119,Lab. de fibras ópticas,IFPB,24:36:DA:2B:BC:00,-73,6
22/04/2026,07:47:55,119,Lab. de fibras ópticas,IFPB-VISITANTE,24:36:DA:2B:BC:02,-73,6
22/04/2026,07:47:55,119,Lab. de fibras ópticas,IFPB,84:F1:47:54:96:E0,-76,1
22/04/2026,07:47:56,119,Lab. de fibras ópticas,IFPB-VISITANTE,84:F1:47:54:96:E2,-76,1
22/04/2026,07:47:56,119,Lab. de fibras ópticas,IFPB,84:F1:47:54:EB:20,-87,6
22/04/2026,07:47:56,119,Lab. de fibras ópticas,IFPB,84:F1:47:54:8B:A0,-88,1
22/04/2026,07:47:56,119,Lab. de fibras ópticas,IFPB-VISITANTE,84:F1:47:54:8B:A2,-88,1
22/04/2026,07:47:56,119,Lab. de fibras ópticas,IFPB-VISITANTE,84:F1:47:54:EB:22,-88,6
22/04/2026,07:48:05,120,Lab. de fibras ópticas,IFPB-VISITANTE,E4:4E:2D:85:4C:62,-57,11
22/04/2026,07:48:05,120,Lab. de fibras ópticas,IFPB,E4:4E:2D:85:4C:60,-58,11
22/04/2026,07:48:06,120,Lab. de fibras ópticas,IFPB-VISITANTE,84:F1:47:54:96:E2,-71,1
22/04/2026,07:48:06,120,Lab. de fibras ópticas,IFPB,84:F1:47:54:96:E0,-72,1
22/04/2026,07:48:06,120,Lab. de fibras ópticas,IFPB-VISITANTE,24:36:DA:2B:BC:02,-75,6
22/04/2026,07:48:06,120,Lab. de fibras ópticas,IFPB,24:36:DA:2B:BC:00,-75,6
22/04/2026,07:48:06,120,Lab. de fibras ópticas,IFPB-VISITANTE,84:F1:47:54:8B:A2,-86,1
22/04/2026,07:48:06,120,Lab. de fibras ópticas,IFPB,84:F1:47:54:8B:A0,-88,1
22/04/2026,07:48:06,120,Lab. de fibras ópticas,IFPB-VISITANTE,84:F1:47:54:EB:22,-88,6
22/04/2026,07:48:06,120,Lab. de fibras ópticas,IFPB,84:F1:47:54:EB:20,-88,6
22/04/2026,07:48:30,121,Pesquisa em Eng. Elétrica,IFPB-VISITANTE,E4:4E:2D:85:4C:62,-80,11
22/04/2026,07:48:30,121,Pesquisa em Eng. Elétrica,IFPB,E4:4E:2D:85:4C:60,-80,11
22/04/2026,07:48:30,121,Pesquisa em Eng. Elétrica,IFPB,84:F1:47:54:EB:20,-82,6
22/04/2026,07:48:30,121,Pesquisa em Eng. Elétrica,IFPB-VISITANTE,84:F1:47:54:EB:22,-83,6
22/04/2026,07:48:31,121,Pesquisa em Eng. Elétrica,IFPB,84:F1:47:54:8B:A0,-84,1
22/04/2026,07:48:31,121,Pesquisa em Eng. Elétrica,IFPB-VISITANTE,84:F1:47:54:8B:A2,-87,1
22/04/2026,07:48:31,121,Pesquisa em Eng. Elétrica,IFPB,24:36:DA:2B:BC:00,-87,6
22/04/2026,07:48:31,121,Pesquisa em Eng. Elétrica,IFPB-VISITANTE,24:36:DA:2B:BC:02,-88,6
22/04/2026,07:48:40,122,Pesquisa em Eng. Elétrica,IFPB-VISITANTE,84:F1:47:54:EB:22,-82,6
22/04/2026,07:48:40,122,Pesquisa em Eng. Elétrica,IFPB,84:F1:47:54:EB:20,-83,6
22/04/2026,07:48:40,122,Pesquisa em Eng. Elétrica,IFPB,E4:4E:2D:85:4C:60,-83,11
22/04/2026,07:48:41,122,Pesquisa em Eng. Elétrica,IFPB-VISITANTE,E4:4E:2D:85:4C:62,-84,11
22/04/2026,07:48:41,122,Pesquisa em Eng. Elétrica,IFPB,84:F1:47:54:8B:A0,-85,1
22/04/2026,07:48:41,122,Pesquisa em Eng. Elétrica,IFPB-VISITANTE,84:F1:47:54:8B:A2,-86,1
22/04/2026,07:48:41,122,Pesquisa em Eng. Elétrica,IFPB-VISITANTE,84:F1:47:54:96:E2,-88,1
22/04/2026,07:48:41,122,Pesquisa em Eng. Elétrica,IFPB-VISITANTE,24:36:DA:2B:BC:02,-88,6
22/04/2026,07:48:41,122,Pesquisa em Eng. Elétrica,IFPB,24:36:DA:2B:BC:00,-89,6
22/04/2026,07:48:41,122,Pesquisa em Eng. Elétrica,IFPB,84:F1:47:54:96:E0,-90,1
22/04/2026,07:48:51,123,Pesquisa em Eng. Elétrica,IFPB-VISITANTE,E4:4E:2D:85:4C:62,-79,11
22/04/2026,07:48:51,123,Pesquisa em Eng. Elétrica,IFPB,E4:4E:2D:85:4C:60,-80,11
22/04/2026,07:48:51,123,Pesquisa em Eng. Elétrica,IFPB-VISITANTE,24:36:DA:2B:BC:02,-84,6
22/04/2026,07:48:51,123,Pesquisa em Eng. Elétrica,IFPB,24:36:DA:2B:BC:00,-85,6
22/04/2026,07:48:51,123,Pesquisa em Eng. Elétrica,IFPB-VISITANTE,84:F1:47:54:EB:22,-86,6
22/04/2026,07:48:51,123,Pesquisa em Eng. Elétrica,IFPB-VISITANTE,84:F1:47:54:8B:A2,-87,1
22/04/2026,07:48:51,123,Pesquisa em Eng. Elétrica,IFPB,84:F1:47:54:8B:A0,-88,1
22/04/2026,07:48:51,123,Pesquisa em Eng. Elétrica,IFPB,84:F1:47:54:EB:20,-88,6
22/04/2026,07:48:51,123,Pesquisa em Eng. Elétrica,IFPB-VISITANTE,84:F1:47:54:96:E2,-90,1
22/04/2026,07:48:51,123,Pesquisa em Eng. Elétrica,IFPB,84:F1:47:54:F9:80,-90,11
22/04/2026,07:48:51,123,Pesquisa em Eng. Elétrica,IFPB,84:F1:47:54:96:E0,-92,1
22/04/2026,07:49:01,124,Pesquisa em Eng. Elétrica,IFPB,E4:4E:2D:85:4C:60,-81,11
22/04/2026,07:49:01,124,Pesquisa em Eng. Elétrica,IFPB-VISITANTE,E4:4E:2D:85:4C:62,-81,11
22/04/2026,07:49:01,124,Pesquisa em Eng. Elétrica,IFPB,24:36:DA:2B:BC:00,-87,6
22/04/2026,07:49:01,124,Pesquisa em Eng. Elétrica,IFPB-VISITANTE,24:36:DA:2B:BC:02,-87,6
22/04/2026,07:49:01,124,Pesquisa em Eng. Elétrica,IFPB,84:F1:47:54:EB:20,-87,6
22/04/2026,07:49:01,124,Pesquisa em Eng. Elétrica,IFPB-VISITANTE,84:F1:47:54:8B:A2,-88,1
22/04/2026,07:49:01,124,Pesquisa em Eng. Elétrica,IFPB,84:F1:47:54:8B:A0,-88,1
22/04/2026,07:49:01,124,Pesquisa em Eng. Elétrica,IFPB-VISITANTE,84:F1:47:54:EB:22,-89,6
22/04/2026,07:49:01,124,Pesquisa em Eng. Elétrica,IFPB,84:F1:47:54:96:E0,-90,1
22/04/2026,07:49:11,125,Pesquisa em Eng. Elétrica,IFPB,E4:4E:2D:85:4C:60,-82,11
22/04/2026,07:49:11,125,Pesquisa em Eng. Elétrica,IFPB,84:F1:47:54:8B:A0,-83,1
22/04/2026,07:49:11,125,Pesquisa em Eng. Elétrica,IFPB-VISITANTE,E4:4E:2D:85:4C:62,-83,11
22/04/2026,07:49:11,125,Pesquisa em Eng. Elétrica,IFPB-VISITANTE,84:F1:47:54:EB:22,-84,6
22/04/2026,07:49:11,125,Pesquisa em Eng. Elétrica,IFPB,84:F1:47:54:EB:20,-84,6
22/04/2026,07:49:11,125,Pesquisa em Eng. Elétrica,IFPB-VISITANTE,84:F1:47:54:8B:A2,-85,1
22/04/2026,07:49:11,125,Pesquisa em Eng. Elétrica,IFPB,24:36:DA:2B:BC:00,-86,6
22/04/2026,07:49:11,125,Pesquisa em Eng. Elétrica,IFPB-VISITANTE,24:36:DA:2B:BC:02,-87,6
22/04/2026,07:49:11,125,Pesquisa em Eng. Elétrica,IFPB,84:F1:47:54:96:E0,-90,1
22/04/2026,07:49:11,125,Pesquisa em Eng. Elétrica,IFPB-VISITANTE,84:F1:47:54:96:E2,-90,1
22/04/2026,07:49:21,126,Pesquisa em Eng. Elétrica,IFPB,E4:4E:2D:85:4C:60,-83,11
22/04/2026,07:49:21,126,Pesquisa em Eng. Elétrica,IFPB-VISITANTE,84:F1:47:54:8B:A2,-84,1
22/04/2026,07:49:21,126,Pesquisa em Eng. Elétrica,IFPB,84:F1:47:54:EB:20,-84,6
22/04/2026,07:49:21,126,Pesquisa em Eng. Elétrica,IFPB-VISITANTE,84:F1:47:54:EB:22,-84,6
22/04/2026,07:49:21,126,Pesquisa em Eng. Elétrica,IFPB-VISITANTE,E4:4E:2D:85:4C:62,-84,11
22/04/2026,07:49:21,126,Pesquisa em Eng. Elétrica,IFPB,84:F1:47:54:8B:A0,-86,1
22/04/2026,07:49:21,126,Pesquisa em Eng. Elétrica,IFPB-VISITANTE,84:F1:47:54:96:E2,-88,1
22/04/2026,07:49:21,126,Pesquisa em Eng. Elétrica,IFPB-VISITANTE,24:36:DA:2B:BC:02,-88,6
22/04/2026,07:49:21,126,Pesquisa em Eng. Elétrica,IFPB,84:F1:47:54:96:E0,-89,1
22/04/2026,07:49:21,126,Pesquisa em Eng. Elétrica,IFPB,24:36:DA:2B:BC:00,-89,6
22/04/2026,07:49:31,127,Pesquisa em Eng. Elétrica,IFPB,84:F1:47:54:EB:20,-84,6
22/04/2026,07:49:31,127,Pesquisa em Eng. Elétrica,IFPB-VISITANTE,84:F1:47:54:EB:22,-84,6
22/04/2026,07:49:31,127,Pesquisa em Eng. Elétrica,IFPB-VISITANTE,84:F1:47:54:8B:A2,-85,1
22/04/2026,07:49:31,127,Pesquisa em Eng. Elétrica,IFPB,84:F1:47:54:8B:A0,-86,1
22/04/2026,07:49:31,127,Pesquisa em Eng. Elétrica,IFPB,84:F1:47:54:96:E0,-87,1
22/04/2026,07:49:31,127,Pesquisa em Eng. Elétrica,IFPB-VISITANTE,84:F1:47:54:F9:82,-89,11
22/04/2026,07:49:31,127,Pesquisa em Eng. Elétrica,IFPB-VISITANTE,84:F1:47:54:96:E2,-90,1
22/04/2026,07:49:31,127,Pesquisa em Eng. Elétrica,IFPB,84:F1:47:54:F9:80,-91,11
22/04/2026,07:49:41,128,Pesquisa em Eng. Elétrica,IFPB-VISITANTE,84:F1:47:54:8B:A2,-84,1
22/04/2026,07:49:41,128,Pesquisa em Eng. Elétrica,IFPB,E4:4E:2D:85:4C:60,-84,11
22/04/2026,07:49:41,128,Pesquisa em Eng. Elétrica,IFPB-VISITANTE,E4:4E:2D:85:4C:62,-84,11
22/04/2026,07:49:41,128,Pesquisa em Eng. Elétrica,IFPB,84:F1:47:54:8B:A0,-85,1
22/04/2026,07:49:41,128,Pesquisa em Eng. Elétrica,IFPB,84:F1:47:54:EB:20,-85,6
22/04/2026,07:49:41,128,Pesquisa em Eng. Elétrica,IFPB-VISITANTE,84:F1:47:54:EB:22,-85,6
22/04/2026,07:49:41,128,Pesquisa em Eng. Elétrica,IFPB,84:F1:47:54:96:E0,-87,1
22/04/2026,07:49:41,128,Pesquisa em Eng. Elétrica,IFPB,24:36:DA:2B:BC:00,-87,6
22/04/2026,07:49:41,128,Pesquisa em Eng. Elétrica,IFPB-VISITANTE,84:F1:47:54:96:E2,-88,1
22/04/2026,07:49:41,128,Pesquisa em Eng. Elétrica,IFPB-VISITANTE,24:36:DA:2B:BC:02,-88,6
22/04/2026,07:49:51,129,Pesquisa em Eng. Elétrica,IFPB,84:F1:47:54:8B:A0,-83,1
22/04/2026,07:49:51,129,Pesquisa em Eng. Elétrica,IFPB,84:F1:47:54:EB:20,-83,6
22/04/2026,07:49:51,129,Pesquisa em Eng. Elétrica,IFPB-VISITANTE,84:F1:47:54:EB:22,-83,6
22/04/2026,07:49:51,129,Pesquisa em Eng. Elétrica,IFPB-VISITANTE,84:F1:47:54:8B:A2,-84,1
22/04/2026,07:49:51,129,Pesquisa em Eng. Elétrica,IFPB,E4:4E:2D:85:4C:60,-84,11
22/04/2026,07:49:51,129,Pesquisa em Eng. Elétrica,IFPB-VISITANTE,E4:4E:2D:85:4C:62,-84,11
22/04/2026,07:49:51,129,Pesquisa em Eng. Elétrica,IFPB-VISITANTE,24:36:DA:2B:BC:02,-87,6
22/04/2026,07:49:51,129,Pesquisa em Eng. Elétrica,IFPB,24:36:DA:2B:BC:00,-87,6
22/04/2026,07:49:52,129,Pesquisa em Eng. Elétrica,IFPB-VISITANTE,84:F1:47:54:96:E2,-89,1
22/04/2026,07:49:52,129,Pesquisa em Eng. Elétrica,IFPB-VISITANTE,84:F1:47:54:6B:82,-89,6
22/04/2026,07:49:52,129,Pesquisa em Eng. Elétrica,IFPB,84:F1:47:54:96:E0,-91,1
22/04/2026,07:50:01,130,Pesquisa em Eng. Elétrica,IFPB,E4:4E:2D:85:4C:60,-81,11
22/04/2026,07:50:01,130,Pesquisa em Eng. Elétrica,IFPB-VISITANTE,E4:4E:2D:85:4C:62,-81,11
22/04/2026,07:50:01,130,Pesquisa em Eng. Elétrica,IFPB,84:F1:47:54:8B:A0,-83,1
22/04/2026,07:50:01,130,Pesquisa em Eng. Elétrica,IFPB-VISITANTE,84:F1:47:54:8B:A2,-84,1
22/04/2026,07:50:02,130,Pesquisa em Eng. Elétrica,IFPB,84:F1:47:54:EB:20,-85,6
22/04/2026,07:50:02,130,Pesquisa em Eng. Elétrica,IFPB-VISITANTE,84:F1:47:54:EB:22,-86,6
22/04/2026,07:50:02,130,Pesquisa em Eng. Elétrica,IFPB-VISITANTE,24:36:DA:2B:BC:02,-87,6
22/04/2026,07:50:02,130,Pesquisa em Eng. Elétrica,IFPB,24:36:DA:2B:BC:00,-87,6
22/04/2026,07:50:25,131,Práticas didáticas,IFPB,84:F1:47:54:EB:20,-79,6
22/04/2026,07:50:25,131,Práticas didáticas,IFPB-VISITANTE,84:F1:47:54:EB:22,-79,6
22/04/2026,07:50:25,131,Práticas didáticas,IFPB-VISITANTE,84:F1:47:54:F9:82,-83,11
22/04/2026,07:50:25,131,Práticas didáticas,IFPB,84:F1:47:54:F9:80,-83,11
22/04/2026,07:50:25,131,Práticas didáticas,IFPB,84:F1:47:54:8B:A0,-84,1
22/04/2026,07:50:25,131,Práticas didáticas,IFPB-VISITANTE,84:F1:47:54:8B:A2,-84,1
22/04/2026,07:50:25,131,Práticas didáticas,IFPB-VISITANTE,E4:4E:2D:85:4C:62,-86,11
22/04/2026,07:50:25,131,Práticas didáticas,IFPB,E4:4E:2D:85:4C:60,-86,11
22/04/2026,07:50:25,131,Práticas didáticas,IFPB-VISITANTE,84:F1:47:54:95:E2,-88,11
22/04/2026,07:50:25,131,Práticas didáticas,IFPB,84:F1:47:54:95:E0,-88,11
22/04/2026,07:50:35,132,Práticas didáticas,IFPB,84:F1:47:54:EB:20,-84,6
22/04/2026,07:50:35,132,Práticas didáticas,IFPB-VISITANTE,84:F1:47:54:EB:22,-85,6
22/04/2026,07:50:35,132,Práticas didáticas,IFPB-VISITANTE,84:F1:47:54:F9:82,-86,11
22/04/2026,07:50:36,132,Práticas didáticas,IFPB,84:F1:47:54:F9:80,-86,11
22/04/2026,07:50:36,132,Práticas didáticas,IFPB,84:F1:47:54:8B:A0,-87,1
22/04/2026,07:50:36,132,Práticas didáticas,IFPB-VISITANTE,84:F1:47:54:8B:A2,-87,1
22/04/2026,07:50:45,133,Práticas didáticas,IFPB-VISITANTE,84:F1:47:54:8B:A2,-81,1
22/04/2026,07:50:45,133,Práticas didáticas,IFPB,84:F1:47:54:8B:A0,-81,1
22/04/2026,07:50:45,133,Práticas didáticas,IFPB-VISITANTE,84:F1:47:54:EB:22,-84,6
22/04/2026,07:50:45,133,Práticas didáticas,IFPB,84:F1:47:54:EB:20,-85,6
22/04/2026,07:50:46,133,Práticas didáticas,IFPB,84:F1:47:54:F9:80,-87,11
22/04/2026,07:50:46,133,Práticas didáticas,IFPB-VISITANTE,E4:4E:2D:85:4C:62,-87,11
22/04/2026,07:50:46,133,Práticas didáticas,IFPB-VISITANTE,84:F1:47:54:F9:82,-88,11
22/04/2026,07:50:46,133,Práticas didáticas,IFPB,E4:4E:2D:85:4C:60,-89,11
22/04/2026,07:50:55,134,Práticas didáticas,IFPB-VISITANTE,84:F1:47:54:F9:82,-80,11
22/04/2026,07:50:55,134,Práticas didáticas,IFPB,84:F1:47:54:8B:A0,-81,1
22/04/2026,07:50:55,134,Práticas didáticas,IFPB,84:F1:47:54:F9:80,-81,11
22/04/2026,07:50:55,134,Práticas didáticas,IFPB-VISITANTE,84:F1:47:54:8B:A2,-82,1
22/04/2026,07:50:56,134,Práticas didáticas,IFPB,84:F1:47:54:EB:20,-83,6
22/04/2026,07:50:56,134,Práticas didáticas,IFPB-VISITANTE,84:F1:47:54:EB:22,-83,6
22/04/2026,07:50:56,134,Práticas didáticas,IFPB-VISITANTE,E4:4E:2D:85:4C:62,-84,11
22/04/2026,07:50:56,134,Práticas didáticas,IFPB,E4:4E:2D:85:4C:60,-85,11
22/04/2026,07:51:06,135,Práticas didáticas,IFPB-VISITANTE,84:F1:47:54:8B:A2,-82,1
22/04/2026,07:51:06,135,Práticas didáticas,IFPB,84:F1:47:54:EB:20,-82,6
22/04/2026,07:51:06,135,Práticas didáticas,IFPB,84:F1:47:54:8B:A0,-83,1
22/04/2026,07:51:06,135,Práticas didáticas,IFPB-VISITANTE,84:F1:47:54:EB:22,-83,6
22/04/2026,07:51:06,135,Práticas didáticas,IFPB-VISITANTE,84:F1:47:54:F9:82,-84,11
22/04/2026,07:51:06,135,Práticas didáticas,IFPB,84:F1:47:54:F9:80,-85,11
22/04/2026,07:51:06,135,Práticas didáticas,IFPB,E4:4E:2D:85:4C:60,-86,11
22/04/2026,07:51:06,135,Práticas didáticas,IFPB-VISITANTE,E4:4E:2D:85:4C:62,-86,11
22/04/2026,07:51:06,135,Práticas didáticas,IFPB,84:F1:47:54:95:E0,-89,11
22/04/2026,07:51:06,135,Práticas didáticas,IFPB-VISITANTE,84:F1:47:54:95:E2,-90,11
22/04/2026,07:51:16,136,Práticas didáticas,IFPB,84:F1:47:54:EB:20,-80,6
22/04/2026,07:51:16,136,Práticas didáticas,IFPB-VISITANTE,84:F1:47:54:EB:22,-80,6
22/04/2026,07:51:16,136,Práticas didáticas,IFPB-VISITANTE,84:F1:47:54:8B:A2,-81,1
22/04/2026,07:51:16,136,Práticas didáticas,IFPB,84:F1:47:54:8B:A0,-82,1
22/04/2026,07:51:16,136,Práticas didáticas,IFPB,84:F1:47:54:F9:80,-84,11
22/04/2026,07:51:16,136,Práticas didáticas,IFPB-VISITANTE,84:F1:47:54:F9:82,-84,11
22/04/2026,07:51:16,136,Práticas didáticas,IFPB-VISITANTE,E4:4E:2D:85:4C:62,-85,11
22/04/2026,07:51:16,136,Práticas didáticas,IFPB,E4:4E:2D:85:4C:60,-86,11
22/04/2026,07:51:16,136,Práticas didáticas,IFPB,84:F1:47:54:95:E0,-89,11
22/04/2026,07:51:16,136,Práticas didáticas,IFPB-VISITANTE,84:F1:47:54:95:E2,-89,11
22/04/2026,07:51:26,137,Práticas didáticas,IFPB,84:F1:47:54:EB:20,-81,6
22/04/2026,07:51:26,137,Práticas didáticas,IFPB-VISITANTE,84:F1:47:54:EB:22,-81,6
22/04/2026,07:51:26,137,Práticas didáticas,IFPB-VISITANTE,84:F1:47:54:8B:A2,-82,1
22/04/2026,07:51:26,137,Práticas didáticas,IFPB,84:F1:47:54:8B:A0,-83,1
22/04/2026,07:51:26,137,Práticas didáticas,IFPB-VISITANTE,84:F1:47:54:F9:82,-83,11
22/04/2026,07:51:26,137,Práticas didáticas,IFPB,84:F1:47:54:F9:80,-84,11
22/04/2026,07:51:26,137,Práticas didáticas,IFPB-VISITANTE,84:F1:47:54:95:E2,-89,11
22/04/2026,07:51:26,137,Práticas didáticas,IFPB,84:F1:47:54:95:E0,-90,11
22/04/2026,07:51:36,138,Práticas didáticas,IFPB,84:F1:47:54:EB:20,-78,6
22/04/2026,07:51:36,138,Práticas didáticas,IFPB-VISITANTE,84:F1:47:54:EB:22,-79,6
22/04/2026,07:51:36,138,Práticas didáticas,IFPB,84:F1:47:54:8B:A0,-82,1
22/04/2026,07:51:36,138,Práticas didáticas,IFPB-VISITANTE,84:F1:47:54:8B:A2,-83,1
22/04/2026,07:51:36,138,Práticas didáticas,IFPB-VISITANTE,84:F1:47:54:F9:82,-84,11
22/04/2026,07:51:36,138,Práticas didáticas,IFPB,84:F1:47:54:F9:80,-85,11
22/04/2026,07:51:36,138,Práticas didáticas,IFPB,84:F1:47:54:95:E0,-89,11
22/04/2026,07:51:36,138,Práticas didáticas,IFPB-VISITANTE,84:F1:47:54:95:E2,-89,11
22/04/2026,07:51:46,139,Práticas didáticas,IFPB,84:F1:47:54:8B:A0,-82,1
22/04/2026,07:51:46,139,Práticas didáticas,IFPB-VISITANTE,84:F1:47:54:8B:A2,-82,1
22/04/2026,07:51:46,139,Práticas didáticas,IFPB-VISITANTE,84:F1:47:54:F9:82,-84,11
22/04/2026,07:51:46,139,Práticas didáticas,IFPB,84:F1:47:54:F9:80,-84,11
22/04/2026,07:51:46,139,Práticas didáticas,IFPB-VISITANTE,84:F1:47:54:EB:22,-85,6
22/04/2026,07:51:46,139,Práticas didáticas,IFPB,84:F1:47:54:EB:20,-87,6
22/04/2026,07:51:46,139,Práticas didáticas,IFPB,E4:4E:2D:85:4C:60,-89,11
22/04/2026,07:51:46,139,Práticas didáticas,IFPB-VISITANTE,E4:4E:2D:85:4C:62,-89,11
22/04/2026,07:51:56,140,Práticas didáticas,IFPB-VISITANTE,84:F1:47:54:8B:A2,-81,1
22/04/2026,07:51:56,140,Práticas didáticas,IFPB,84:F1:47:54:8B:A0,-81,1
22/04/2026,07:51:56,140,Práticas didáticas,IFPB,84:F1:47:54:F9:80,-83,11
22/04/2026,07:51:56,140,Práticas didáticas,IFPB-VISITANTE,84:F1:47:54:F9:82,-83,11
22/04/2026,07:51:56,140,Práticas didáticas,IFPB,84:F1:47:54:EB:20,-85,6
22/04/2026,07:51:56,140,Práticas didáticas,IFPB-VISITANTE,84:F1:47:54:EB:22,-85,6
22/04/2026,07:51:56,140,Práticas didáticas,IFPB,E4:4E:2D:85:4C:60,-88,11
22/04/2026,07:51:56,140,Práticas didáticas,IFPB,84:F1:47:54:95:E0,-88,11
22/04/2026,07:51:56,140,Práticas didáticas,IFPB-VISITANTE,84:F1:47:54:95:E2,-88,11
22/04/2026,07:51:56,140,Práticas didáticas,IFPB-VISITANTE,E4:4E:2D:85:4C:62,-89,11
22/04/2026,07:52:57,141,Sala dos professores,IFPB,84:F1:47:54:FD:C0,-59,1
22/04/2026,07:52:57,141,Sala dos professores,IFPB-VISITANTE,84:F1:47:54:FD:C2,-59,1
22/04/2026,07:52:58,141,Sala dos professores,IFPB,84:F1:47:54:95:E0,-85,11
22/04/2026,07:52:58,141,Sala dos professores,IFPB-VISITANTE,84:F1:47:54:95:E2,-85,11
22/04/2026,07:53:07,142,Sala dos professores,IFPB,84:F1:47:54:FD:C0,-63,1
22/04/2026,07:53:07,142,Sala dos professores,IFPB-VISITANTE,84:F1:47:54:FD:C2,-63,1
22/04/2026,07:53:08,142,Sala dos professores,IFPB,84:F1:47:54:95:E0,-87,11
22/04/2026,07:53:08,142,Sala dos professores,IFPB-VISITANTE,84:F1:47:54:95:E2,-88,11
22/04/2026,07:53:08,142,Sala dos professores,IFPB-VISITANTE,E4:4E:2D:85:4C:62,-89,11
22/04/2026,07:53:08,142,Sala dos professores,IFPB,E4:4E:2D:85:4C:60,-89,11
22/04/2026,07:53:17,143,Sala dos professores,IFPB,84:F1:47:54:FD:C0,-61,1
22/04/2026,07:53:17,143,Sala dos professores,IFPB-VISITANTE,84:F1:47:54:FD:C2,-61,1
22/04/2026,07:53:18,143,Sala dos professores,IFPB-VISITANTE,84:F1:47:54:95:E2,-86,11
22/04/2026,07:53:18,143,Sala dos professores,IFPB,E4:4E:2D:85:4C:60,-87,11
22/04/2026,07:53:18,143,Sala dos professores,IFPB,84:F1:47:54:95:E0,-88,11
22/04/2026,07:53:18,143,Sala dos professores,IFPB-VISITANTE,E4:4E:2D:85:4C:62,-90,11
22/04/2026,07:53:27,144,Sala dos professores,IFPB-VISITANTE,84:F1:47:54:FD:C2,-62,1
22/04/2026,07:53:27,144,Sala dos professores,IFPB,84:F1:47:54:FD:C0,-63,1
22/04/2026,07:53:28,144,Sala dos professores,IFPB-VISITANTE,84:F1:47:54:95:E2,-87,11
22/04/2026,07:53:28,144,Sala dos professores,IFPB,84:F1:47:54:95:E0,-87,11
22/04/2026,07:53:37,145,Sala dos professores,IFPB,84:F1:47:54:FD:C0,-63,1
22/04/2026,07:53:37,145,Sala dos professores,IFPB-VISITANTE,84:F1:47:54:FD:C2,-63,1
22/04/2026,07:53:38,145,Sala dos professores,IFPB-VISITANTE,84:F1:47:54:95:E2,-90,11
22/04/2026,07:53:38,145,Sala dos professores,IFPB,84:F1:47:54:95:E0,-92,11
22/04/2026,07:53:47,146,Sala dos professores,IFPB,84:F1:47:54:FD:C0,-64,1
22/04/2026,07:53:47,146,Sala dos professores,IFPB-VISITANTE,84:F1:47:54:FD:C2,-64,1
22/04/2026,07:53:48,146,Sala dos professores,IFPB,84:F1:47:54:95:E0,-84,11
22/04/2026,07:53:48,146,Sala dos professores,IFPB-VISITANTE,84:F1:47:54:95:E2,-84,11
22/04/2026,07:53:48,146,Sala dos professores,IFPB,E4:4E:2D:85:4C:60,-87,11
22/04/2026,07:53:48,146,Sala dos professores,IFPB-VISITANTE,E4:4E:2D:85:4C:62,-87,11
22/04/2026,07:53:57,147,Sala dos professores,IFPB,84:F1:47:54:FD:C0,-63,1
22/04/2026,07:53:57,147,Sala dos professores,IFPB-VISITANTE,84:F1:47:54:FD:C2,-63,1
22/04/2026,07:53:58,147,Sala dos professores,IFPB,84:F1:47:54:95:E0,-85,11
22/04/2026,07:53:58,147,Sala dos professores,IFPB-VISITANTE,84:F1:47:54:95:E2,-85,11
22/04/2026,07:53:58,147,Sala dos professores,IFPB,E4:4E:2D:85:4C:60,-86,11
22/04/2026,07:53:58,147,Sala dos professores,IFPB-VISITANTE,E4:4E:2D:85:4C:62,-88,11
22/04/2026,07:54:08,148,Sala dos professores,IFPB,84:F1:47:54:FD:C0,-66,1
22/04/2026,07:54:08,148,Sala dos professores,IFPB-VISITANTE,84:F1:47:54:FD:C2,-66,1
22/04/2026,07:54:08,148,Sala dos professores,IFPB-VISITANTE,84:F1:47:54:95:E2,-83,11
22/04/2026,07:54:08,148,Sala dos professores,IFPB,84:F1:47:54:95:E0,-85,11
22/04/2026,07:54:08,148,Sala dos professores,IFPB,E4:4E:2D:85:4C:60,-86,11
22/04/2026,07:54:08,148,Sala dos professores,IFPB-VISITANTE,E4:4E:2D:85:4C:62,-86,11
22/04/2026,07:54:18,149,Sala dos professores,IFPB,84:F1:47:54:FD:C0,-67,1
22/04/2026,07:54:18,149,Sala dos professores,IFPB-VISITANTE,84:F1:47:54:FD:C2,-68,1
22/04/2026,07:54:18,149,Sala dos professores,IFPB,84:F1:47:54:95:E0,-84,11
22/04/2026,07:54:18,149,Sala dos professores,IFPB-VISITANTE,84:F1:47:54:95:E2,-85,11
22/04/2026,07:54:18,149,Sala dos professores,IFPB-VISITANTE,E4:4E:2D:85:4C:62,-87,11
22/04/2026,07:54:18,149,Sala dos professores,IFPB,E4:4E:2D:85:4C:60,-88,11
22/04/2026,07:54:28,150,Sala dos professores,IFPB-VISITANTE,84:F1:47:54:FD:C2,-64,1
22/04/2026,07:54:28,150,Sala dos professores,IFPB,84:F1:47:54:FD:C0,-65,1
22/04/2026,07:54:28,150,Sala dos professores,IFPB,84:F1:47:54:95:E0,-85,11
22/04/2026,07:54:28,150,Sala dos professores,IFPB-VISITANTE,84:F1:47:54:95:E2,-85,11
22/04/2026,07:54:28,150,Sala dos professores,IFPB-VISITANTE,E4:4E:2D:85:4C:62,-89,11
22/04/2026,07:54:28,150,Sala dos professores,IFPB,E4:4E:2D:85:4C:60,-90,11
22/04/2026,07:55:50,151,Lab. química 03,IFPB-VISITANTE,84:F1:47:54:6B:82,-74,6
22/04/2026,07:55:50,151,Lab. química 03,IFPB,84:F1:47:54:6B:80,-75,6
22/04/2026,07:55:50,151,Lab. química 03,IFPB,24:36:DA:2B:BC:00,-75,6
22/04/2026,07:55:50,151,Lab. química 03,IFPB-VISITANTE,24:36:DA:2B:BC:02,-75,6
22/04/2026,07:55:50,151,Lab. química 03,IFPB,B8:11:4B:1D:12:00,-79,11
22/04/2026,07:55:50,151,Lab. química 03,IFPB-VISITANTE,B8:11:4B:1D:12:02,-79,11
22/04/2026,07:55:50,151,Lab. química 03,IFPB-VISITANTE,84:F1:47:54:7F:62,-80,6
22/04/2026,07:55:50,151,Lab. química 03,IFPB,84:F1:47:54:7F:60,-80,6
22/04/2026,07:55:50,151,Lab. química 03,IFPB-VISITANTE,84:F1:47:54:81:02,-85,11
22/04/2026,07:55:50,151,Lab. química 03,IFPB,84:F1:47:54:81:00,-87,11
22/04/2026,07:55:50,151,Lab. química 03,IFPB,24:36:DA:A2:7F:40,-88,6
22/04/2026,07:56:00,152,Lab. química 03,IFPB,24:36:DA:2B:BC:00,-74,6
22/04/2026,07:56:00,152,Lab. química 03,IFPB-VISITANTE,24:36:DA:2B:BC:02,-75,6
22/04/2026,07:56:00,152,Lab. química 03,IFPB-VISITANTE,84:F1:47:54:6B:82,-76,6
22/04/2026,07:56:00,152,Lab. química 03,IFPB,84:F1:47:54:6B:80,-76,6
22/04/2026,07:56:00,152,Lab. química 03,IFPB-VISITANTE,84:F1:47:54:7F:62,-79,6
22/04/2026,07:56:00,152,Lab. química 03,IFPB,84:F1:47:54:7F:60,-79,6
22/04/2026,07:56:00,152,Lab. química 03,IFPB,B8:11:4B:1D:12:00,-83,11
22/04/2026,07:56:00,152,Lab. química 03,IFPB-VISITANTE,84:F1:47:54:81:02,-86,11
22/04/2026,07:56:00,152,Lab. química 03,IFPB,84:F1:47:54:97:00,-87,1
22/04/2026,07:56:00,152,Lab. química 03,IFPB-VISITANTE,84:F1:47:54:97:02,-87,1
22/04/2026,07:56:00,152,Lab. química 03,IFPB,24:36:DA:A2:7F:40,-87,6
22/04/2026,07:56:00,152,Lab. química 03,IFPB-VISITANTE,24:36:DA:A2:7F:42,-88,6
22/04/2026,07:56:10,153,Lab. química 03,IFPB-VISITANTE,24:36:DA:2B:BC:02,-74,6
22/04/2026,07:56:10,153,Lab. química 03,IFPB,84:F1:47:54:6B:80,-74,6
22/04/2026,07:56:10,153,Lab. química 03,IFPB-VISITANTE,84:F1:47:54:6B:82,-74,6
22/04/2026,07:56:10,153,Lab. química 03,IFPB,24:36:DA:2B:BC:00,-74,6
22/04/2026,07:56:10,153,Lab. química 03,IFPB-VISITANTE,84:F1:47:54:7F:62,-77,6
22/04/2026,07:56:10,153,Lab. química 03,IFPB,84:F1:47:54:7F:60,-78,6
22/04/2026,07:56:10,153,Lab. química 03,IFPB,84:F1:47:54:81:00,-81,11
22/04/2026,07:56:10,153,Lab. química 03,IFPB-VISITANTE,B8:11:4B:1D:12:02,-82,11
22/04/2026,07:56:10,153,Lab. química 03,IFPB-VISITANTE,84:F1:47:54:81:02,-82,11
22/04/2026,07:56:10,153,Lab. química 03,IFPB,B8:11:4B:1D:12:00,-82,11
22/04/2026,07:56:10,153,Lab. química 03,IFPB-VISITANTE,84:F1:47:54:97:02,-88,1
22/04/2026,07:56:10,153,Lab. química 03,IFPB,84:F1:47:54:97:00,-88,1
22/04/2026,07:56:10,153,Lab. química 03,IFPB,24:36:DA:A2:7F:40,-90,6
22/04/2026,07:56:10,153,Lab. química 03,IFPB-VISITANTE,24:36:DA:A2:7F:42,-90,6
22/04/2026,07:56:20,154,Lab. química 03,IFPB,84:F1:47:54:6B:80,-74,6
22/04/2026,07:56:20,154,Lab. química 03,IFPB-VISITANTE,84:F1:47:54:6B:82,-75,6
22/04/2026,07:56:20,154,Lab. química 03,IFPB,B8:11:4B:1D:12:00,-75,11
22/04/2026,07:56:20,154,Lab. química 03,IFPB,24:36:DA:2B:BC:00,-76,6
22/04/2026,07:56:20,154,Lab. química 03,IFPB-VISITANTE,B8:11:4B:1D:12:02,-76,11
22/04/2026,07:56:20,154,Lab. química 03,IFPB-VISITANTE,24:36:DA:2B:BC:02,-78,6
22/04/2026,07:56:20,154,Lab. química 03,IFPB-VISITANTE,84:F1:47:54:7F:62,-78,6
22/04/2026,07:56:20,154,Lab. química 03,IFPB,84:F1:47:54:7F:60,-79,6
22/04/2026,07:56:20,154,Lab. química 03,IFPB-VISITANTE,84:F1:47:54:81:02,-82,11
22/04/2026,07:56:20,154,Lab. química 03,IFPB,84:F1:47:54:81:00,-84,11
22/04/2026,07:56:20,154,Lab. química 03,IFPB-VISITANTE,24:36:DA:A2:7F:42,-85,6
22/04/2026,07:56:20,154,Lab. química 03,IFPB,24:36:DA:A2:7F:40,-85,6
22/04/2026,07:56:30,155,Lab. química 03,IFPB-VISITANTE,84:F1:47:54:6B:82,-75,6
22/04/2026,07:56:30,155,Lab. química 03,IFPB,84:F1:47:54:6B:80,-75,6
22/04/2026,07:56:30,155,Lab. química 03,IFPB-VISITANTE,24:36:DA:2B:BC:02,-78,6
22/04/2026,07:56:30,155,Lab. química 03,IFPB,24:36:DA:2B:BC:00,-78,6
22/04/2026,07:56:30,155,Lab. química 03,IFPB,B8:11:4B:1D:12:00,-78,11
22/04/2026,07:56:30,155,Lab. química 03,IFPB-VISITANTE,B8:11:4B:1D:12:02,-78,11
22/04/2026,07:56:30,155,Lab. química 03,IFPB,84:F1:47:54:7F:60,-79,6
22/04/2026,07:56:30,155,Lab. química 03,IFPB-VISITANTE,84:F1:47:54:7F:62,-79,6
22/04/2026,07:56:30,155,Lab. química 03,IFPB-VISITANTE,84:F1:47:54:81:02,-84,11
22/04/2026,07:56:30,155,Lab. química 03,IFPB,84:F1:47:54:81:00,-85,11
22/04/2026,07:56:30,155,Lab. química 03,IFPB-VISITANTE,2C:57:41:CD:E1:C2,-89,11
22/04/2026,07:56:30,155,Lab. química 03,IFPB-VISITANTE,24:36:DA:A2:7F:42,-90,6
22/04/2026,07:56:30,155,Lab. química 03,IFPB,2C:57:41:CD:E1:C0,-90,11
22/04/2026,07:56:40,156,Lab. química 03,IFPB,84:F1:47:54:6B:80,-76,6
22/04/2026,07:56:40,156,Lab. química 03,IFPB-VISITANTE,84:F1:47:54:6B:82,-76,6
22/04/2026,07:56:40,156,Lab. química 03,IFPB,B8:11:4B:1D:12:00,-79,11
22/04/2026,07:56:40,156,Lab. química 03,IFPB-VISITANTE,B8:11:4B:1D:12:02,-79,11
22/04/2026,07:56:40,156,Lab. química 03,IFPB-VISITANTE,24:36:DA:2B:BC:02,-80,6
22/04/2026,07:56:40,156,Lab. química 03,IFPB-VISITANTE,84:F1:47:54:7F:62,-80,6
22/04/2026,07:56:40,156,Lab. química 03,IFPB,24:36:DA:2B:BC:00,-81,6
22/04/2026,07:56:40,156,Lab. química 03,IFPB,84:F1:47:54:7F:60,-81,6
22/04/2026,07:56:40,156,Lab. química 03,IFPB-VISITANTE,84:F1:47:54:81:02,-84,11
22/04/2026,07:56:40,156,Lab. química 03,IFPB,84:F1:47:54:81:00,-84,11
22/04/2026,07:56:40,156,Lab. química 03,IFPB,24:36:DA:A2:7F:40,-85,6
22/04/2026,07:56:40,156,Lab. química 03,IFPB-VISITANTE,24:36:DA:A2:7F:42,-86,6
22/04/2026,07:56:50,157,Lab. química 03,IFPB-VISITANTE,24:36:DA:2B:BC:02,-71,6
22/04/2026,07:56:50,157,Lab. química 03,IFPB,24:36:DA:2B:BC:00,-73,6
22/04/2026,07:56:50,157,Lab. química 03,IFPB,84:F1:47:54:6B:80,-76,6
22/04/2026,07:56:50,157,Lab. química 03,IFPB-VISITANTE,84:F1:47:54:6B:82,-77,6
22/04/2026,07:56:50,157,Lab. química 03,IFPB-VISITANTE,84:F1:47:54:7F:62,-77,6
22/04/2026,07:56:50,157,Lab. química 03,IFPB,B8:11:4B:1D:12:00,-78,11
22/04/2026,07:56:50,157,Lab. química 03,IFPB-VISITANTE,B8:11:4B:1D:12:02,-80,11
22/04/2026,07:56:50,157,Lab. química 03,IFPB-VISITANTE,24:36:DA:A2:7F:42,-82,6
22/04/2026,07:56:50,157,Lab. química 03,IFPB,24:36:DA:A2:7F:40,-82,6
22/04/2026,07:56:50,157,Lab. química 03,IFPB,84:F1:47:54:81:00,-86,11
22/04/2026,07:56:50,157,Lab. química 03,IFPB-VISITANTE,84:F1:47:54:81:02,-88,11
22/04/2026,07:57:00,158,Lab. química 03,IFPB,84:F1:47:54:6B:80,-76,6
22/04/2026,07:57:00,158,Lab. química 03,IFPB-VISITANTE,84:F1:47:54:6B:82,-77,6
22/04/2026,07:57:00,158,Lab. química 03,IFPB-VISITANTE,B8:11:4B:1D:12:02,-78,11
22/04/2026,07:57:00,158,Lab. química 03,IFPB,84:F1:47:54:7F:60,-79,6
22/04/2026,07:57:00,158,Lab. química 03,IFPB-VISITANTE,84:F1:47:54:7F:62,-79,6
22/04/2026,07:57:00,158,Lab. química 03,IFPB,B8:11:4B:1D:12:00,-79,11
22/04/2026,07:57:00,158,Lab. química 03,IFPB,24:36:DA:2B:BC:00,-82,6
22/04/2026,07:57:00,158,Lab. química 03,IFPB-VISITANTE,24:36:DA:A2:7F:42,-83,6
22/04/2026,07:57:00,158,Lab. química 03,IFPB-VISITANTE,24:36:DA:2B:BC:02,-83,6
22/04/2026,07:57:00,158,Lab. química 03,IFPB,24:36:DA:A2:7F:40,-84,6
22/04/2026,07:57:00,158,Lab. química 03,IFPB,84:F1:47:54:81:00,-85,11
22/04/2026,07:57:00,158,Lab. química 03,IFPB-VISITANTE,84:F1:47:54:81:02,-85,11
22/04/2026,07:57:00,158,Lab. química 03,IFPB-VISITANTE,2C:57:41:CD:E1:C2,-89,11
22/04/2026,07:57:00,158,Lab. química 03,IFPB,2C:57:41:CD:E1:C0,-89,11
22/04/2026,07:57:00,158,Lab. química 03,IFPB-VISITANTE,84:F1:47:54:97:02,-91,1
22/04/2026,07:57:10,159,Lab. química 03,IFPB-VISITANTE,84:F1:47:54:6B:82,-78,6
22/04/2026,07:57:10,159,Lab. química 03,IFPB,84:F1:47:54:6B:80,-78,6
22/04/2026,07:57:10,159,Lab. química 03,IFPB-VISITANTE,84:F1:47:54:7F:62,-78,6
22/04/2026,07:57:10,159,Lab. química 03,IFPB,B8:11:4B:1D:12:00,-78,11
22/04/2026,07:57:10,159,Lab. química 03,IFPB-VISITANTE,B8:11:4B:1D:12:02,-78,11
22/04/2026,07:57:10,159,Lab. química 03,IFPB,84:F1:47:54:7F:60,-80,6
22/04/2026,07:57:10,159,Lab. química 03,IFPB,24:36:DA:2B:BC:00,-81,6
22/04/2026,07:57:10,159,Lab. química 03,IFPB-VISITANTE,24:36:DA:2B:BC:02,-82,6
22/04/2026,07:57:10,159,Lab. química 03,IFPB,24:36:DA:A2:7F:40,-86,6
22/04/2026,07:57:10,159,Lab. química 03,IFPB-VISITANTE,84:F1:47:54:81:02,-86,11
22/04/2026,07:57:10,159,Lab. química 03,IFPB,84:F1:47:54:81:00,-86,11
22/04/2026,07:57:10,159,Lab. química 03,IFPB-VISITANTE,24:36:DA:A2:7F:42,-87,6
22/04/2026,07:57:10,159,Lab. química 03,IFPB-VISITANTE,2C:57:41:CD:E1:C2,-88,11
22/04/2026,07:57:10,159,Lab. química 03,IFPB-VISITANTE,84:F1:47:54:97:02,-90,1
22/04/2026,07:57:10,159,Lab. química 03,IFPB,84:F1:47:54:97:00,-91,1
22/04/2026,07:57:10,159,Lab. química 03,IFPB,2C:57:41:CD:E1:C0,-91,11
22/04/2026,07:57:20,160,Lab. química 03,IFPB-VISITANTE,84:F1:47:54:6B:82,-75,6
22/04/2026,07:57:20,160,Lab. química 03,IFPB,84:F1:47:54:6B:80,-75,6
22/04/2026,07:57:20,160,Lab. química 03,IFPB-VISITANTE,24:36:DA:2B:BC:02,-78,6
22/04/2026,07:57:20,160,Lab. química 03,IFPB,24:36:DA:2B:BC:00,-78,6
22/04/2026,07:57:20,160,Lab. química 03,IFPB-VISITANTE,84:F1:47:54:7F:62,-80,6
22/04/2026,07:57:20,160,Lab. química 03,IFPB,84:F1:47:54:7F:60,-81,6
22/04/2026,07:57:20,160,Lab. química 03,IFPB,B8:11:4B:1D:12:00,-81,11
22/04/2026,07:57:20,160,Lab. química 03,IFPB-VISITANTE,B8:11:4B:1D:12:02,-81,11
22/04/2026,07:57:20,160,Lab. química 03,IFPB-VISITANTE,24:36:DA:A2:7F:42,-86,6
22/04/2026,07:57:20,160,Lab. química 03,IFPB,24:36:DA:A2:7F:40,-88,6
22/04/2026,07:57:20,160,Lab. química 03,IFPB,84:F1:47:54:81:00,-88,11
22/04/2026,07:57:20,160,Lab. química 03,IFPB-VISITANTE,2C:57:41:CD:E1:C2,-89,11
22/04/2026,07:57:20,160,Lab. química 03,IFPB-VISITANTE,84:F1:47:54:81:02,-89,11
22/04/2026,07:57:20,160,Lab. química 03,IFPB,84:F1:47:54:97:00,-90,1
22/04/2026,07:57:20,160,Lab. química 03,IFPB,2C:57:41:CD:E1:C0,-91,11
22/04/2026,07:57:42,161,Lab. química 02,IFPB,84:F1:47:54:6B:80,-68,6
22/04/2026,07:57:42,161,Lab. química 02,IFPB-VISITANTE,84:F1:47:54:6B:82,-68,6
22/04/2026,07:57:42,161,Lab. química 02,IFPB,24:36:DA:2B:BC:00,-77,6
22/04/2026,07:57:42,161,Lab. química 02,IFPB-VISITANTE,24:36:DA:2B:BC:02,-77,6
22/04/2026,07:57:42,161,Lab. química 02,IFPB,84:F1:47:54:7F:60,-86,6
22/04/2026,07:57:42,161,Lab. química 02,IFPB-VISITANTE,84:F1:47:54:7F:62,-86,6
22/04/2026,07:57:42,161,Lab. química 02,IFPB,24:36:DA:A2:7F:40,-87,6
22/04/2026,07:57:42,161,Lab. química 02,IFPB,2C:57:41:CD:E1:C0,-88,11
22/04/2026,07:57:42,161,Lab. química 02,IFPB,84:F1:47:54:8B:A0,-89,1
22/04/2026,07:57:42,161,Lab. química 02,IFPB-VISITANTE,84:F1:47:54:8B:A2,-89,1
22/04/2026,07:57:42,161,Lab. química 02,IFPB-VISITANTE,24:36:DA:A2:7F:42,-89,6
22/04/2026,07:57:42,161,Lab. química 02,IFPB-VISITANTE,2C:57:41:CD:E1:C2,-90,11
22/04/2026,07:57:42,161,Lab. química 02,IFPB-VISITANTE,84:F1:47:54:80:62,-91,11
22/04/2026,07:57:42,161,Lab. química 02,IFPB,84:F1:47:54:81:00,-91,11
22/04/2026,07:57:42,161,Lab. química 02,IFPB-VISITANTE,84:F1:47:54:81:02,-92,11
22/04/2026,07:57:52,162,Lab. química 02,IFPB,84:F1:47:54:6B:80,-68,6
22/04/2026,07:57:52,162,Lab. química 02,IFPB-VISITANTE,84:F1:47:54:6B:82,-68,6
22/04/2026,07:57:52,162,Lab. química 02,IFPB-VISITANTE,24:36:DA:2B:BC:02,-78,6
22/04/2026,07:57:52,162,Lab. química 02,IFPB,24:36:DA:2B:BC:00,-78,6
22/04/2026,07:57:52,162,Lab. química 02,IFPB-VISITANTE,84:F1:47:54:7F:62,-80,6
22/04/2026,07:57:52,162,Lab. química 02,IFPB,84:F1:47:54:7F:60,-80,6
22/04/2026,07:57:52,162,Lab. química 02,IFPB,2C:57:41:CD:E1:C0,-87,11
22/04/2026,07:57:52,162,Lab. química 02,IFPB-VISITANTE,2C:57:41:CD:E1:C2,-87,11
22/04/2026,07:57:52,162,Lab. química 02,IFPB,24:36:DA:A2:7F:40,-88,6
22/04/2026,07:57:52,162,Lab. química 02,IFPB-VISITANTE,24:36:DA:A2:7F:42,-89,6
22/04/2026,07:57:52,162,Lab. química 02,IFPB,84:F1:47:54:8B:A0,-90,1
22/04/2026,07:57:52,162,Lab. química 02,IFPB-VISITANTE,84:F1:47:54:8B:A2,-91,1
22/04/2026,07:58:02,163,Lab. química 02,IFPB,84:F1:47:54:6B:80,-62,6
22/04/2026,07:58:02,163,Lab. química 02,IFPB-VISITANTE,84:F1:47:54:6B:82,-62,6
22/04/2026,07:58:02,163,Lab. química 02,IFPB,24:36:DA:2B:BC:00,-76,6
22/04/2026,07:58:02,163,Lab. química 02,IFPB-VISITANTE,24:36:DA:2B:BC:02,-76,6
22/04/2026,07:58:02,163,Lab. química 02,IFPB-VISITANTE,84:F1:47:54:7F:62,-79,6
22/04/2026,07:58:02,163,Lab. química 02,IFPB,84:F1:47:54:7F:60,-80,6
22/04/2026,07:58:02,163,Lab. química 02,IFPB-VISITANTE,24:36:DA:A2:7F:42,-87,6
22/04/2026,07:58:02,163,Lab. química 02,IFPB,84:F1:47:54:8B:A0,-88,1
22/04/2026,07:58:02,163,Lab. química 02,IFPB,24:36:DA:A2:7F:40,-88,6
22/04/2026,07:58:02,163,Lab. química 02,IFPB-VISITANTE,84:F1:47:54:8B:A2,-90,1
22/04/2026,07:58:02,163,Lab. química 02,IFPB,84:F1:47:54:81:00,-91,11
22/04/2026,07:58:11,164,Lab. química 02,IFPB,84:F1:47:54:6B:80,-62,6
22/04/2026,07:58:11,164,Lab. química 02,IFPB-VISITANTE,84:F1:47:54:6B:82,-62,6
22/04/2026,07:58:11,164,Lab. química 02,IFPB,24:36:DA:2B:BC:00,-75,6
22/04/2026,07:58:11,164,Lab. química 02,IFPB-VISITANTE,24:36:DA:2B:BC:02,-75,6
22/04/2026,07:58:11,164,Lab. química 02,IFPB-VISITANTE,84:F1:47:54:7F:62,-80,6
22/04/2026,07:58:12,164,Lab. química 02,IFPB,84:F1:47:54:7F:60,-81,6
22/04/2026,07:58:12,164,Lab. química 02,IFPB,24:36:DA:A2:7F:40,-87,6
22/04/2026,07:58:12,164,Lab. química 02,IFPB-VISITANTE,24:36:DA:A2:7F:42,-87,6
22/04/2026,07:58:12,164,Lab. química 02,IFPB-VISITANTE,84:F1:47:54:80:62,-89,11
22/04/2026,07:58:12,164,Lab. química 02,IFPB,84:F1:47:54:8B:A0,-90,1
22/04/2026,07:58:21,165,Lab. química 02,IFPB,84:F1:47:54:6B:80,-61,6
22/04/2026,07:58:21,165,Lab. química 02,IFPB-VISITANTE,84:F1:47:54:6B:82,-61,6
22/04/2026,07:58:21,165,Lab. química 02,IFPB-VISITANTE,24:36:DA:2B:BC:02,-80,6
22/04/2026,07:58:21,165,Lab. química 02,IFPB,24:36:DA:2B:BC:00,-80,6
22/04/2026,07:58:21,165,Lab. química 02,IFPB,84:F1:47:54:7F:60,-81,6
22/04/2026,07:58:22,165,Lab. química 02,IFPB-VISITANTE,84:F1:47:54:7F:62,-81,6
22/04/2026,07:58:22,165,Lab. química 02,IFPB-VISITANTE,24:36:DA:A2:7F:42,-87,6
22/04/2026,07:58:22,165,Lab. química 02,IFPB-VISITANTE,84:F1:47:54:80:62,-89,11
22/04/2026,07:58:22,165,Lab. química 02,IFPB-VISITANTE,84:F1:47:54:81:02,-90,11
22/04/2026,07:58:22,165,Lab. química 02,IFPB,84:F1:47:54:81:00,-90,11
22/04/2026,07:58:22,165,Lab. química 02,IFPB,84:F1:47:54:80:60,-90,11
22/04/2026,07:58:22,165,Lab. química 02,IFPB-VISITANTE,B8:11:4B:1D:12:02,-90,11
22/04/2026,07:58:22,165,Lab. química 02,IFPB,B8:11:4B:1D:12:00,-91,11
22/04/2026,07:58:31,166,Lab. química 02,IFPB,84:F1:47:54:6B:80,-62,6
22/04/2026,07:58:31,166,Lab. química 02,IFPB-VISITANTE,84:F1:47:54:6B:82,-62,6
22/04/2026,07:58:31,166,Lab. química 02,IFPB-VISITANTE,24:36:DA:2B:BC:02,-81,6
22/04/2026,07:58:31,166,Lab. química 02,IFPB,24:36:DA:2B:BC:00,-81,6
22/04/2026,07:58:32,166,Lab. química 02,IFPB-VISITANTE,84:F1:47:54:7F:62,-83,6
22/04/2026,07:58:32,166,Lab. química 02,IFPB,84:F1:47:54:7F:60,-83,6
22/04/2026,07:58:32,166,Lab. química 02,IFPB-VISITANTE,84:F1:47:54:8B:A2,-89,1
22/04/2026,07:58:32,166,Lab. química 02,IFPB,84:F1:47:54:8B:A0,-89,1
22/04/2026,07:58:32,166,Lab. química 02,IFPB-VISITANTE,84:F1:47:54:80:62,-89,11
22/04/2026,07:58:32,166,Lab. química 02,IFPB,2C:57:41:CD:E1:C0,-90,11
22/04/2026,07:58:32,166,Lab. química 02,IFPB-VISITANTE,2C:57:41:CD:E1:C2,-91,11
22/04/2026,07:58:32,166,Lab. química 02,IFPB,84:F1:47:54:81:00,-91,11
22/04/2026,07:58:32,166,Lab. química 02,IFPB,84:F1:47:54:80:60,-92,11
22/04/2026,07:58:32,166,Lab. química 02,IFPB-VISITANTE,84:F1:47:54:81:02,-92,11
22/04/2026,07:58:32,166,Lab. química 02,IFPB-VISITANTE,B8:11:4B:1D:12:02,-94,11
22/04/2026,07:58:42,167,Lab. química 02,IFPB,84:F1:47:54:6B:80,-61,6
22/04/2026,07:58:42,167,Lab. química 02,IFPB-VISITANTE,84:F1:47:54:6B:82,-61,6
22/04/2026,07:58:42,167,Lab. química 02,IFPB,24:36:DA:2B:BC:00,-74,6
22/04/2026,07:58:42,167,Lab. química 02,IFPB-VISITANTE,24:36:DA:2B:BC:02,-75,6
22/04/2026,07:58:42,167,Lab. química 02,IFPB-VISITANTE,84:F1:47:54:7F:62,-81,6
22/04/2026,07:58:42,167,Lab. química 02,IFPB,84:F1:47:54:7F:60,-81,6
22/04/2026,07:58:42,167,Lab. química 02,IFPB-VISITANTE,2C:57:41:CD:E1:C2,-87,11
22/04/2026,07:58:42,167,Lab. química 02,IFPB,24:36:DA:A2:7F:40,-88,6
22/04/2026,07:58:42,167,Lab. química 02,IFPB-VISITANTE,24:36:DA:A2:7F:42,-89,6
22/04/2026,07:58:42,167,Lab. química 02,IFPB,2C:57:41:CD:E1:C0,-89,11
22/04/2026,07:58:52,168,Lab. química 02,IFPB-VISITANTE,84:F1:47:54:6B:82,-60,6
22/04/2026,07:58:52,168,Lab. química 02,IFPB,84:F1:47:54:6B:80,-60,6
22/04/2026,07:58:52,168,Lab. química 02,IFPB-VISITANTE,24:36:DA:2B:BC:02,-75,6
22/04/2026,07:58:52,168,Lab. química 02,IFPB,24:36:DA:2B:BC:00,-76,6
22/04/2026,07:58:52,168,Lab. química 02,IFPB,84:F1:47:54:7F:60,-81,6
22/04/2026,07:58:52,168,Lab. química 02,IFPB-VISITANTE,84:F1:47:54:7F:62,-82,6
22/04/2026,07:59:01,169,Lab. química 02,IFPB,84:F1:47:54:6B:80,-61,6
22/04/2026,07:59:01,169,Lab. química 02,IFPB-VISITANTE,84:F1:47:54:6B:82,-61,6
22/04/2026,07:59:01,169,Lab. química 02,IFPB,24:36:DA:2B:BC:00,-75,6
22/04/2026,07:59:01,169,Lab. química 02,IFPB-VISITANTE,24:36:DA:2B:BC:02,-75,6
22/04/2026,07:59:02,169,Lab. química 02,IFPB,84:F1:47:54:7F:60,-81,6
22/04/2026,07:59:02,169,Lab. química 02,IFPB-VISITANTE,84:F1:47:54:7F:62,-81,6
22/04/2026,07:59:02,169,Lab. química 02,IFPB-VISITANTE,24:36:DA:A2:7F:42,-86,6
22/04/2026,07:59:02,169,Lab. química 02,IFPB,24:36:DA:A2:7F:40,-87,6
22/04/2026,07:59:02,169,Lab. química 02,IFPB-VISITANTE,84:F1:47:54:8B:A2,-88,1
22/04/2026,07:59:02,169,Lab. química 02,IFPB,84:F1:47:54:8B:A0,-89,1
22/04/2026,07:59:02,169,Lab. química 02,IFPB,84:F1:47:54:81:00,-91,11
22/04/2026,07:59:02,169,Lab. química 02,IFPB-VISITANTE,84:F1:47:54:81:02,-91,11
22/04/2026,07:59:11,170,Lab. química 02,IFPB,84:F1:47:54:6B:80,-61,6
22/04/2026,07:59:11,170,Lab. química 02,IFPB-VISITANTE,84:F1:47:54:6B:82,-61,6
22/04/2026,07:59:11,170,Lab. química 02,IFPB-VISITANTE,24:36:DA:2B:BC:02,-74,6
22/04/2026,07:59:11,170,Lab. química 02,IFPB,24:36:DA:2B:BC:00,-75,6
22/04/2026,07:59:12,170,Lab. química 02,IFPB,84:F1:47:54:7F:60,-80,6
22/04/2026,07:59:12,170,Lab. química 02,IFPB-VISITANTE,84:F1:47:54:7F:62,-80,6
22/04/2026,07:59:12,170,Lab. química 02,IFPB,84:F1:47:54:8B:A0,-85,1
22/04/2026,07:59:12,170,Lab. química 02,IFPB,24:36:DA:A2:7F:40,-87,6
22/04/2026,07:59:12,170,Lab. química 02,IFPB-VISITANTE,24:36:DA:A2:7F:42,-87,6
22/04/2026,07:59:12,170,Lab. química 02,IFPB-VISITANTE,84:F1:47:54:8B:A2,-88,1
22/04/2026,07:59:12,170,Lab. química 02,IFPB,84:F1:47:54:81:00,-89,11
22/04/2026,07:59:12,170,Lab. química 02,IFPB-VISITANTE,84:F1:47:54:81:02,-91,11
22/04/2026,07:59:32,171,Lab. química 01,IFPB,84:F1:47:54:6B:80,-57,6
22/04/2026,07:59:32,171,Lab. química 01,IFPB-VISITANTE,84:F1:47:54:6B:82,-58,6
22/04/2026,07:59:32,171,Lab. química 01,IFPB,24:36:DA:2B:BC:00,-74,6
22/04/2026,07:59:32,171,Lab. química 01,IFPB-VISITANTE,24:36:DA:2B:BC:02,-75,6
22/04/2026,07:59:32,171,Lab. química 01,IFPB,2C:57:41:CD:E1:C0,-80,11
22/04/2026,07:59:32,171,Lab. química 01,IFPB-VISITANTE,2C:57:41:CD:E1:C2,-81,11
22/04/2026,07:59:32,171,Lab. química 01,IFPB,84:F1:47:54:7F:60,-85,6
22/04/2026,07:59:32,171,Lab. química 01,IFPB-VISITANTE,84:F1:47:54:7F:62,-85,6
22/04/2026,07:59:33,171,Lab. química 01,IFPB,24:36:DA:A2:7F:40,-88,6
22/04/2026,07:59:33,171,Lab. química 01,IFPB-VISITANTE,24:36:DA:A2:7F:42,-88,6
22/04/2026,07:59:33,171,Lab. química 01,IFPB-VISITANTE,84:F1:47:54:80:62,-88,11
22/04/2026,07:59:33,171,Lab. química 01,IFPB,84:F1:47:54:80:60,-89,11
22/04/2026,07:59:42,172,Lab. química 01,IFPB,84:F1:47:54:6B:80,-58,6
22/04/2026,07:59:42,172,Lab. química 01,IFPB-VISITANTE,84:F1:47:54:6B:82,-58,6
22/04/2026,07:59:42,172,Lab. química 01,IFPB,24:36:DA:2B:BC:00,-75,6
22/04/2026,07:59:42,172,Lab. química 01,IFPB-VISITANTE,24:36:DA:2B:BC:02,-77,6
22/04/2026,07:59:42,172,Lab. química 01,IFPB-VISITANTE,84:F1:47:54:7F:62,-83,6
22/04/2026,07:59:42,172,Lab. química 01,IFPB,84:F1:47:54:7F:60,-84,6
22/04/2026,07:59:42,172,Lab. química 01,IFPB,2C:57:41:CD:E1:C0,-87,11
22/04/2026,07:59:43,172,Lab. química 01,IFPB-VISITANTE,2C:57:41:CD:E1:C2,-88,11
22/04/2026,07:59:43,172,Lab. química 01,IFPB,84:F1:47:54:80:60,-90,11
22/04/2026,07:59:43,172,Lab. química 01,IFPB-VISITANTE,84:F1:47:54:80:62,-91,11
22/04/2026,07:59:43,172,Lab. química 01,IFPB-VISITANTE,84:F1:47:54:81:02,-91,11
22/04/2026,07:59:43,172,Lab. química 01,IFPB,84:F1:47:54:81:00,-91,11
22/04/2026,07:59:52,173,Lab. química 01,IFPB,84:F1:47:54:6B:80,-56,6
22/04/2026,07:59:52,173,Lab. química 01,IFPB-VISITANTE,84:F1:47:54:6B:82,-56,6
22/04/2026,07:59:52,173,Lab. química 01,IFPB-VISITANTE,24:36:DA:2B:BC:02,-76,6
22/04/2026,07:59:52,173,Lab. química 01,IFPB,24:36:DA:2B:BC:00,-77,6
22/04/2026,07:59:52,173,Lab. química 01,IFPB,84:F1:47:54:7F:60,-82,6
22/04/2026,07:59:52,173,Lab. química 01,IFPB-VISITANTE,84:F1:47:54:7F:62,-83,6
22/04/2026,07:59:53,173,Lab. química 01,IFPB,2C:57:41:CD:E1:C0,-87,11
22/04/2026,08:00:02,174,Lab. química 01,IFPB,84:F1:47:54:6B:80,-60,6
22/04/2026,08:00:02,174,Lab. química 01,IFPB-VISITANTE,84:F1:47:54:6B:82,-61,6
22/04/2026,08:00:02,174,Lab. química 01,IFPB-VISITANTE,24:36:DA:2B:BC:02,-78,6
22/04/2026,08:00:02,174,Lab. química 01,IFPB,24:36:DA:2B:BC:00,-78,6
22/04/2026,08:00:02,174,Lab. química 01,IFPB-VISITANTE,84:F1:47:54:7F:62,-82,6
22/04/2026,08:00:02,174,Lab. química 01,IFPB,84:F1:47:54:7F:60,-83,6
22/04/2026,08:00:02,174,Lab. química 01,IFPB,2C:57:41:CD:E1:C0,-84,11
22/04/2026,08:00:02,174,Lab. química 01,IFPB-VISITANTE,84:F1:47:54:80:62,-91,11
22/04/2026,08:00:02,174,Lab. química 01,IFPB,84:F1:47:54:80:60,-92,11
22/04/2026,08:00:12,175,Lab. química 01,IFPB,84:F1:47:54:6B:80,-60,6
22/04/2026,08:00:12,175,Lab. química 01,IFPB-VISITANTE,84:F1:47:54:6B:82,-60,6
22/04/2026,08:00:12,175,Lab. química 01,IFPB,24:36:DA:2B:BC:00,-76,6
22/04/2026,08:00:12,175,Lab. química 01,IFPB-VISITANTE,24:36:DA:2B:BC:02,-76,6
22/04/2026,08:00:12,175,Lab. química 01,IFPB-VISITANTE,84:F1:47:54:7F:62,-80,6
22/04/2026,08:00:12,175,Lab. química 01,IFPB,84:F1:47:54:7F:60,-82,6
22/04/2026,08:00:12,175,Lab. química 01,IFPB,84:F1:47:54:8B:A0,-88,1
22/04/2026,08:00:12,175,Lab. química 01,IFPB-VISITANTE,84:F1:47:54:8B:A2,-88,1
22/04/2026,08:00:12,175,Lab. química 01,IFPB-VISITANTE,84:F1:47:54:80:62,-88,11
22/04/2026,08:00:22,176,Lab. química 01,IFPB,84:F1:47:54:6B:80,-60,6
22/04/2026,08:00:22,176,Lab. química 01,IFPB-VISITANTE,84:F1:47:54:6B:82,-60,6
22/04/2026,08:00:22,176,Lab. química 01,IFPB,24:36:DA:2B:BC:00,-77,6
22/04/2026,08:00:22,176,Lab. química 01,IFPB-VISITANTE,24:36:DA:2B:BC:02,-77,6
22/04/2026,08:00:22,176,Lab. química 01,IFPB-VISITANTE,84:F1:47:54:7F:62,-82,6
22/04/2026,08:00:22,176,Lab. química 01,IFPB,84:F1:47:54:7F:60,-82,6
22/04/2026,08:00:22,176,Lab. química 01,IFPB-VISITANTE,2C:57:41:CD:E1:C2,-86,11
22/04/2026,08:00:22,176,Lab. química 01,IFPB-VISITANTE,84:F1:47:54:8B:A2,-87,1
22/04/2026,08:00:22,176,Lab. química 01,IFPB,84:F1:47:54:8B:A0,-88,1
22/04/2026,08:00:32,177,Lab. química 01,IFPB,84:F1:47:54:6B:80,-59,6
22/04/2026,08:00:32,177,Lab. química 01,IFPB-VISITANTE,84:F1:47:54:6B:82,-59,6
22/04/2026,08:00:32,177,Lab. química 01,IFPB,24:36:DA:2B:BC:00,-74,6
22/04/2026,08:00:32,177,Lab. química 01,IFPB-VISITANTE,24:36:DA:2B:BC:02,-75,6
22/04/2026,08:00:32,177,Lab. química 01,IFPB-VISITANTE,84:F1:47:54:7F:62,-80,6
22/04/2026,08:00:32,177,Lab. química 01,IFPB,84:F1:47:54:7F:60,-82,6
22/04/2026,08:00:32,177,Lab. química 01,IFPB,2C:57:41:CD:E1:C0,-83,11
22/04/2026,08:00:32,177,Lab. química 01,IFPB-VISITANTE,2C:57:41:CD:E1:C2,-83,11
22/04/2026,08:00:32,177,Lab. química 01,IFPB,24:36:DA:A2:7F:40,-89,6
22/04/2026,08:00:32,177,Lab. química 01,IFPB-VISITANTE,24:36:DA:A2:7F:42,-89,6
22/04/2026,08:00:32,177,Lab. química 01,IFPB-VISITANTE,84:F1:47:54:80:62,-90,11
22/04/2026,08:00:32,177,Lab. química 01,IFPB,84:F1:47:54:80:60,-91,11
22/04/2026,08:00:42,178,Lab. química 01,IFPB,84:F1:47:54:6B:80,-65,6
22/04/2026,08:00:42,178,Lab. química 01,IFPB-VISITANTE,84:F1:47:54:6B:82,-65,6
22/04/2026,08:00:42,178,Lab. química 01,IFPB,24:36:DA:2B:BC:00,-76,6
22/04/2026,08:00:42,178,Lab. química 01,IFPB-VISITANTE,24:36:DA:2B:BC:02,-76,6
22/04/2026,08:00:42,178,Lab. química 01,IFPB,2C:57:41:CD:E1:C0,-84,11
22/04/2026,08:00:42,178,Lab. química 01,IFPB,84:F1:47:54:7F:60,-86,6
22/04/2026,08:00:42,178,Lab. química 01,IFPB-VISITANTE,84:F1:47:54:7F:62,-86,6
22/04/2026,08:00:42,178,Lab. química 01,IFPB-VISITANTE,2C:57:41:CD:E1:C2,-86,11
22/04/2026,08:00:42,178,Lab. química 01,IFPB,24:36:DA:A2:7F:40,-88,6
22/04/2026,08:00:42,178,Lab. química 01,IFPB-VISITANTE,84:F1:47:54:8B:A2,-89,1
22/04/2026,08:00:42,178,Lab. química 01,IFPB-VISITANTE,24:36:DA:A2:7F:42,-89,6
22/04/2026,08:00:52,179,Lab. química 01,IFPB,84:F1:47:54:6B:80,-65,6
22/04/2026,08:00:52,179,Lab. química 01,IFPB-VISITANTE,84:F1:47:54:6B:82,-65,6
22/04/2026,08:00:52,179,Lab. química 01,IFPB,24:36:DA:2B:BC:00,-75,6
22/04/2026,08:00:52,179,Lab. química 01,IFPB-VISITANTE,24:36:DA:2B:BC:02,-76,6
22/04/2026,08:00:52,179,Lab. química 01,IFPB,84:F1:47:54:7F:60,-81,6
22/04/2026,08:00:52,179,Lab. química 01,IFPB-VISITANTE,84:F1:47:54:7F:62,-82,6
22/04/2026,08:00:52,179,Lab. química 01,IFPB,2C:57:41:CD:E1:C0,-85,11
22/04/2026,08:00:52,179,Lab. química 01,IFPB-VISITANTE,2C:57:41:CD:E1:C2,-85,11
22/04/2026,08:00:52,179,Lab. química 01,IFPB,24:36:DA:A2:7F:40,-87,6
22/04/2026,08:00:52,179,Lab. química 01,IFPB-VISITANTE,24:36:DA:A2:7F:42,-88,6
22/04/2026,08:00:52,179,Lab. química 01,IFPB,84:F1:47:54:8B:A0,-89,1
22/04/2026,08:00:52,179,Lab. química 01,IFPB-VISITANTE,84:F1:47:54:80:62,-89,11
22/04/2026,08:00:52,179,Lab. química 01,IFPB,84:F1:47:54:80:60,-90,11
22/04/2026,08:01:02,180,Lab. química 01,IFPB-VISITANTE,84:F1:47:54:6B:82,-59,6
22/04/2026,08:01:02,180,Lab. química 01,IFPB,84:F1:47:54:6B:80,-60,6
22/04/2026,08:01:02,180,Lab. química 01,IFPB-VISITANTE,24:36:DA:2B:BC:02,-76,6
22/04/2026,08:01:02,180,Lab. química 01,IFPB,24:36:DA:2B:BC:00,-76,6
22/04/2026,08:01:02,180,Lab. química 01,IFPB-VISITANTE,84:F1:47:54:7F:62,-81,6
22/04/2026,08:01:02,180,Lab. química 01,IFPB,2C:57:41:CD:E1:C0,-82,11
22/04/2026,08:01:02,180,Lab. química 01,IFPB-VISITANTE,2C:57:41:CD:E1:C2,-82,11
22/04/2026,08:01:02,180,Lab. química 01,IFPB,84:F1:47:54:7F:60,-87,6
22/04/2026,08:01:02,180,Lab. química 01,IFPB,24:36:DA:A2:7F:40,-88,6
22/04/2026,08:01:02,180,Lab. química 01,IFPB-VISITANTE,24:36:DA:A2:7F:42,-88,6
22/04/2026,08:01:29,181,Lab. de microscopia,IFPB,84:F1:47:54:8B:A0,-76,1
22/04/2026,08:01:29,181,Lab. de microscopia,IFPB-VISITANTE,84:F1:47:54:8B:A2,-76,1
22/04/2026,08:01:29,181,Lab. de microscopia,IFPB,84:F1:47:54:80:60,-76,11
22/04/2026,08:01:29,181,Lab. de microscopia,IFPB-VISITANTE,84:F1:47:54:80:62,-76,11
22/04/2026,08:01:30,181,Lab. de microscopia,IFPB,84:F1:47:54:6B:80,-83,6
22/04/2026,08:01:30,181,Lab. de microscopia,IFPB-VISITANTE,84:F1:47:54:6B:82,-84,6
22/04/2026,08:01:30,181,Lab. de microscopia,IFPB,84:F1:47:54:FD:60,-85,1
22/04/2026,08:01:30,181,Lab. de microscopia,IFPB,84:F1:47:54:7F:60,-86,6
22/04/2026,08:01:30,181,Lab. de microscopia,IFPB-VISITANTE,84:F1:47:54:FD:62,-87,1
22/04/2026,08:01:30,181,Lab. de microscopia,IFPB-VISITANTE,84:F1:47:54:7F:62,-88,6
22/04/2026,08:01:39,182,Lab. de microscopia,IFPB,84:F1:47:54:8B:A0,-80,1
22/04/2026,08:01:39,182,Lab. de microscopia,IFPB-VISITANTE,84:F1:47:54:8B:A2,-80,1
22/04/2026,08:01:39,182,Lab. de microscopia,IFPB,84:F1:47:54:80:60,-80,11
22/04/2026,08:01:39,182,Lab. de microscopia,IFPB-VISITANTE,84:F1:47:54:80:62,-80,11
22/04/2026,08:01:40,182,Lab. de microscopia,IFPB-VISITANTE,84:F1:47:54:6B:82,-81,6
22/04/2026,08:01:40,182,Lab. de microscopia,IFPB,84:F1:47:54:6B:80,-81,6
22/04/2026,08:01:40,182,Lab. de microscopia,IFPB,84:F1:47:54:FD:60,-85,1
22/04/2026,08:01:40,182,Lab. de microscopia,IFPB-VISITANTE,84:F1:47:54:FD:62,-85,1
22/04/2026,08:01:40,182,Lab. de microscopia,IFPB-VISITANTE,2C:57:41:D4:A5:22,-85,11
22/04/2026,08:01:40,182,Lab. de microscopia,IFPB,2C:57:41:D4:A5:20,-86,11
22/04/2026,08:01:40,182,Lab. de microscopia,IFPB,84:F1:47:54:7F:60,-87,6
22/04/2026,08:01:40,182,Lab. de microscopia,IFPB-VISITANTE,84:F1:47:54:7F:62,-87,6
22/04/2026,08:01:40,182,Lab. de microscopia,IFPB,84:F1:47:54:F9:80,-89,11
22/04/2026,08:01:40,182,Lab. de microscopia,IFPB-VISITANTE,84:F1:47:54:F9:82,-90,11
22/04/2026,08:01:50,183,Lab. de microscopia,IFPB,84:F1:47:54:8B:A0,-80,1
22/04/2026,08:01:50,183,Lab. de microscopia,IFPB-VISITANTE,84:F1:47:54:6B:82,-80,6
22/04/2026,08:01:50,183,Lab. de microscopia,IFPB,84:F1:47:54:6B:80,-80,6
22/04/2026,08:01:50,183,Lab. de microscopia,IFPB-VISITANTE,84:F1:47:54:80:62,-80,11
22/04/2026,08:01:50,183,Lab. de microscopia,IFPB-VISITANTE,84:F1:47:54:8B:A2,-81,1
22/04/2026,08:01:50,183,Lab. de microscopia,IFPB,84:F1:47:54:80:60,-81,11
22/04/2026,08:01:50,183,Lab. de microscopia,IFPB,2C:57:41:D4:A5:20,-83,11
22/04/2026,08:01:50,183,Lab. de microscopia,IFPB-VISITANTE,2C:57:41:D4:A5:22,-83,11
22/04/2026,08:01:50,183,Lab. de microscopia,IFPB,84:F1:47:54:FD:60,-86,1
22/04/2026,08:01:50,183,Lab. de microscopia,IFPB-VISITANTE,84:F1:47:54:FD:62,-86,1
22/04/2026,08:01:50,183,Lab. de microscopia,IFPB-VISITANTE,84:F1:47:54:7F:62,-87,6
22/04/2026,08:01:50,183,Lab. de microscopia,IFPB,84:F1:47:54:7F:60,-87,6
22/04/2026,08:02:00,184,Lab. de microscopia,IFPB-VISITANTE,84:F1:47:54:8B:A2,-73,1
22/04/2026,08:02:00,184,Lab. de microscopia,IFPB,84:F1:47:54:8B:A0,-74,1
22/04/2026,08:02:00,184,Lab. de microscopia,IFPB,84:F1:47:54:80:60,-74,11
22/04/2026,08:02:00,184,Lab. de microscopia,IFPB-VISITANTE,84:F1:47:54:80:62,-74,11
22/04/2026,08:02:00,184,Lab. de microscopia,IFPB-VISITANTE,84:F1:47:54:6B:82,-78,6
22/04/2026,08:02:00,184,Lab. de microscopia,IFPB,84:F1:47:54:6B:80,-79,6
22/04/2026,08:02:00,184,Lab. de microscopia,IFPB,2C:57:41:D4:A5:20,-85,11
22/04/2026,08:02:00,184,Lab. de microscopia,IFPB-VISITANTE,2C:57:41:D4:A5:22,-86,11
22/04/2026,08:02:00,184,Lab. de microscopia,IFPB,84:F1:47:54:FD:60,-87,1
22/04/2026,08:02:00,184,Lab. de microscopia,IFPB-VISITANTE,84:F1:47:54:FD:62,-87,1
22/04/2026,08:02:10,185,Lab. de microscopia,IFPB,84:F1:47:54:80:60,-75,11
22/04/2026,08:02:10,185,Lab. de microscopia,IFPB,84:F1:47:54:8B:A0,-76,1
22/04/2026,08:02:10,185,Lab. de microscopia,IFPB-VISITANTE,84:F1:47:54:80:62,-76,11
22/04/2026,08:02:10,185,Lab. de microscopia,IFPB-VISITANTE,84:F1:47:54:8B:A2,-77,1
22/04/2026,08:02:10,185,Lab. de microscopia,IFPB-VISITANTE,84:F1:47:54:6B:82,-82,6
22/04/2026,08:02:10,185,Lab. de microscopia,IFPB,84:F1:47:54:6B:80,-83,6
22/04/2026,08:02:10,185,Lab. de microscopia,IFPB,84:F1:47:54:FD:60,-87,1
22/04/2026,08:02:10,185,Lab. de microscopia,IFPB-VISITANTE,84:F1:47:54:FD:62,-88,1
22/04/2026,08:02:10,185,Lab. de microscopia,IFPB-VISITANTE,84:F1:47:54:7F:62,-90,6
22/04/2026,08:02:19,186,Lab. de microscopia,IFPB,84:F1:47:54:80:60,-74,11
22/04/2026,08:02:19,186,Lab. de microscopia,IFPB-VISITANTE,84:F1:47:54:80:62,-74,11
22/04/2026,08:02:19,186,Lab. de microscopia,IFPB,84:F1:47:54:8B:A0,-76,1
22/04/2026,08:02:19,186,Lab. de microscopia,IFPB-VISITANTE,84:F1:47:54:8B:A2,-76,1
22/04/2026,08:02:20,186,Lab. de microscopia,IFPB-VISITANTE,84:F1:47:54:6B:82,-83,6
22/04/2026,08:02:20,186,Lab. de microscopia,IFPB,84:F1:47:54:6B:80,-84,6
22/04/2026,08:02:20,186,Lab. de microscopia,IFPB,2C:57:41:D4:A5:20,-85,11
22/04/2026,08:02:20,186,Lab. de microscopia,IFPB-VISITANTE,2C:57:41:D4:A5:22,-86,11
22/04/2026,08:02:20,186,Lab. de microscopia,IFPB,84:F1:47:54:FD:60,-88,1
22/04/2026,08:02:20,186,Lab. de microscopia,IFPB-VISITANTE,84:F1:47:54:FD:62,-88,1
22/04/2026,08:02:20,186,Lab. de microscopia,IFPB-VISITANTE,84:F1:47:54:7F:62,-88,6
22/04/2026,08:02:20,186,Lab. de microscopia,IFPB,84:F1:47:54:7F:60,-89,6
22/04/2026,08:02:30,187,Lab. de microscopia,IFPB,84:F1:47:54:80:60,-72,11
22/04/2026,08:02:30,187,Lab. de microscopia,IFPB-VISITANTE,84:F1:47:54:80:62,-73,11
22/04/2026,08:02:30,187,Lab. de microscopia,IFPB,84:F1:47:54:8B:A0,-79,1
22/04/2026,08:02:30,187,Lab. de microscopia,IFPB-VISITANTE,84:F1:47:54:8B:A2,-79,1
22/04/2026,08:02:30,187,Lab. de microscopia,IFPB,84:F1:47:54:6B:80,-79,6
22/04/2026,08:02:30,187,Lab. de microscopia,IFPB-VISITANTE,84:F1:47:54:6B:82,-79,6
22/04/2026,08:02:30,187,Lab. de microscopia,IFPB-VISITANTE,2C:57:41:D4:A5:22,-86,11
22/04/2026,08:02:40,188,Lab. de microscopia,IFPB,84:F1:47:54:80:60,-74,11
22/04/2026,08:02:40,188,Lab. de microscopia,IFPB-VISITANTE,84:F1:47:54:80:62,-75,11
22/04/2026,08:02:40,188,Lab. de microscopia,IFPB,84:F1:47:54:8B:A0,-79,1
22/04/2026,08:02:40,188,Lab. de microscopia,IFPB-VISITANTE,84:F1:47:54:8B:A2,-79,1
22/04/2026,08:02:40,188,Lab. de microscopia,IFPB,84:F1:47:54:6B:80,-79,6
22/04/2026,08:02:40,188,Lab. de microscopia,IFPB-VISITANTE,84:F1:47:54:6B:82,-79,6
22/04/2026,08:02:40,188,Lab. de microscopia,IFPB-VISITANTE,84:F1:47:54:FD:62,-85,1
22/04/2026,08:02:40,188,Lab. de microscopia,IFPB,84:F1:47:54:FD:60,-86,1
22/04/2026,08:02:40,188,Lab. de microscopia,IFPB-VISITANTE,2C:57:41:D4:A5:22,-87,11
22/04/2026,08:02:40,188,Lab. de microscopia,IFPB,2C:57:41:D4:A5:20,-87,11
22/04/2026,08:02:40,188,Lab. de microscopia,IFPB-VISITANTE,84:F1:47:54:F9:82,-90,11
22/04/2026,08:02:50,189,Lab. de microscopia,IFPB-VISITANTE,84:F1:47:54:80:62,-74,11
22/04/2026,08:02:50,189,Lab. de microscopia,IFPB,84:F1:47:54:80:60,-74,11
22/04/2026,08:02:50,189,Lab. de microscopia,IFPB-VISITANTE,84:F1:47:54:8B:A2,-76,1
22/04/2026,08:02:50,189,Lab. de microscopia,IFPB,84:F1:47:54:8B:A0,-77,1
22/04/2026,08:02:50,189,Lab. de microscopia,IFPB-VISITANTE,84:F1:47:54:6B:82,-80,6
22/04/2026,08:02:50,189,Lab. de microscopia,IFPB,84:F1:47:54:6B:80,-81,6
22/04/2026,08:02:50,189,Lab. de microscopia,IFPB-VISITANTE,2C:57:41:D4:A5:22,-85,11
22/04/2026,08:02:50,189,Lab. de microscopia,IFPB-VISITANTE,84:F1:47:54:FD:62,-87,1
22/04/2026,08:02:50,189,Lab. de microscopia,IFPB,84:F1:47:54:FD:60,-88,1
22/04/2026,08:02:50,189,Lab. de microscopia,IFPB,84:F1:47:54:7F:60,-88,6
22/04/2026,08:02:50,189,Lab. de microscopia,IFPB-VISITANTE,84:F1:47:54:7F:62,-89,6
22/04/2026,08:03:00,190,Lab. de microscopia,IFPB-VISITANTE,84:F1:47:54:8B:A2,-74,1
22/04/2026,08:03:00,190,Lab. de microscopia,IFPB,84:F1:47:54:80:60,-74,11
22/04/2026,08:03:00,190,Lab. de microscopia,IFPB-VISITANTE,84:F1:47:54:80:62,-74,11
22/04/2026,08:03:00,190,Lab. de microscopia,IFPB,84:F1:47:54:8B:A0,-75,1
22/04/2026,08:03:00,190,Lab. de microscopia,IFPB-VISITANTE,84:F1:47:54:6B:82,-83,6
22/04/2026,08:03:00,190,Lab. de microscopia,IFPB,84:F1:47:54:6B:80,-84,6
22/04/2026,08:03:00,190,Lab. de microscopia,IFPB,84:F1:47:54:FD:60,-87,1
22/04/2026,08:03:00,190,Lab. de microscopia,IFPB-VISITANTE,84:F1:47:54:FD:62,-87,1
22/04/2026,08:03:00,190,Lab. de microscopia,IFPB-VISITANTE,2C:57:41:D4:A5:22,-88,11
22/04/2026,08:03:00,190,Lab. de microscopia,IFPB,2C:57:41:D4:A5:20,-90,11
22/04/2026,08:03:19,191,Lab. de matemática,IFPB,84:F1:47:54:80:60,-75,11
22/04/2026,08:03:19,191,Lab. de matemática,IFPB-VISITANTE,84:F1:47:54:80:62,-76,11
22/04/2026,08:03:19,191,Lab. de matemática,IFPB,84:F1:47:54:8B:A0,-79,1
22/04/2026,08:03:19,191,Lab. de matemática,IFPB-VISITANTE,84:F1:47:54:8B:A2,-79,1
22/04/2026,08:03:19,191,Lab. de matemática,IFPB,84:F1:47:54:FD:60,-83,1
22/04/2026,08:03:20,191,Lab. de matemática,IFPB-VISITANTE,84:F1:47:54:6B:82,-83,6
22/04/2026,08:03:20,191,Lab. de matemática,IFPB,84:F1:47:54:6B:80,-83,6
22/04/2026,08:03:20,191,Lab. de matemática,IFPB-VISITANTE,84:F1:47:54:FD:62,-84,1
22/04/2026,08:03:20,191,Lab. de matemática,IFPB,2C:57:41:D4:A5:20,-87,11
22/04/2026,08:03:29,192,Lab. de matemática,IFPB,84:F1:47:54:80:60,-78,11
22/04/2026,08:03:29,192,Lab. de matemática,IFPB-VISITANTE,84:F1:47:54:80:62,-78,11
22/04/2026,08:03:29,192,Lab. de matemática,IFPB-VISITANTE,84:F1:47:54:8B:A2,-79,1
22/04/2026,08:03:29,192,Lab. de matemática,IFPB,84:F1:47:54:8B:A0,-80,1
22/04/2026,08:03:30,192,Lab. de matemática,IFPB,84:F1:47:54:6B:80,-80,6
22/04/2026,08:03:30,192,Lab. de matemática,IFPB-VISITANTE,84:F1:47:54:6B:82,-80,6
22/04/2026,08:03:30,192,Lab. de matemática,IFPB,84:F1:47:54:FD:60,-85,1
22/04/2026,08:03:30,192,Lab. de matemática,IFPB-VISITANTE,2C:57:41:D4:A5:22,-85,11
22/04/2026,08:03:30,192,Lab. de matemática,IFPB,2C:57:41:D4:A5:20,-85,11
22/04/2026,08:03:30,192,Lab. de matemática,IFPB-VISITANTE,84:F1:47:54:FD:62,-87,1
22/04/2026,08:03:39,193,Lab. de matemática,IFPB-VISITANTE,84:F1:47:54:80:62,-76,11
22/04/2026,08:03:39,193,Lab. de matemática,IFPB,84:F1:47:54:80:60,-77,11
22/04/2026,08:03:39,193,Lab. de matemática,IFPB,84:F1:47:54:6B:80,-80,6
22/04/2026,08:03:39,193,Lab. de matemática,IFPB-VISITANTE,84:F1:47:54:6B:82,-82,6
22/04/2026,08:03:39,193,Lab. de matemática,IFPB,84:F1:47:54:8B:A0,-84,1
22/04/2026,08:03:40,193,Lab. de matemática,IFPB-VISITANTE,84:F1:47:54:8B:A2,-84,1
22/04/2026,08:03:40,193,Lab. de matemática,IFPB-VISITANTE,84:F1:47:54:FD:62,-86,1
22/04/2026,08:03:40,193,Lab. de matemática,IFPB,84:F1:47:54:FD:60,-87,1
22/04/2026,08:03:49,194,Lab. de matemática,IFPB,84:F1:47:54:80:60,-77,11
22/04/2026,08:03:49,194,Lab. de matemática,IFPB,84:F1:47:54:8B:A0,-79,1
22/04/2026,08:03:49,194,Lab. de matemática,IFPB-VISITANTE,84:F1:47:54:8B:A2,-79,1
22/04/2026,08:03:49,194,Lab. de matemática,IFPB-VISITANTE,84:F1:47:54:80:62,-79,11
22/04/2026,08:03:50,194,Lab. de matemática,IFPB,84:F1:47:54:FD:60,-84,1
22/04/2026,08:03:50,194,Lab. de matemática,IFPB-VISITANTE,84:F1:47:54:6B:82,-84,6
22/04/2026,08:03:50,194,Lab. de matemática,IFPB,84:F1:47:54:6B:80,-84,6
22/04/2026,08:03:50,194,Lab. de matemática,IFPB-VISITANTE,84:F1:47:54:FD:62,-85,1
22/04/2026,08:03:50,194,Lab. de matemática,IFPB,2C:57:41:D4:A5:20,-88,11
22/04/2026,08:03:50,194,Lab. de matemática,IFPB-VISITANTE,2C:57:41:D4:A5:22,-88,11
22/04/2026,08:03:59,195,Lab. de matemática,IFPB,84:F1:47:54:8B:A0,-80,1
22/04/2026,08:03:59,195,Lab. de matemática,IFPB-VISITANTE,84:F1:47:54:8B:A2,-80,1
22/04/2026,08:03:59,195,Lab. de matemática,IFPB,84:F1:47:54:80:60,-80,11
22/04/2026,08:03:59,195,Lab. de matemática,IFPB-VISITANTE,84:F1:47:54:80:62,-80,11
22/04/2026,08:04:00,195,Lab. de matemática,IFPB-VISITANTE,84:F1:47:54:FD:62,-84,1
22/04/2026,08:04:00,195,Lab. de matemática,IFPB-VISITANTE,84:F1:47:54:6B:82,-84,6
22/04/2026,08:04:00,195,Lab. de matemática,IFPB,84:F1:47:54:6B:80,-84,6
22/04/2026,08:04:00,195,Lab. de matemática,IFPB,84:F1:47:54:FD:60,-85,1
22/04/2026,08:04:00,195,Lab. de matemática,IFPB,2C:57:41:D4:A5:20,-89,11
22/04/2026,08:04:00,195,Lab. de matemática,IFPB-VISITANTE,2C:57:41:D4:A5:22,-89,11
22/04/2026,08:04:09,196,Lab. de matemática,IFPB-VISITANTE,84:F1:47:54:8B:A2,-79,1
22/04/2026,08:04:09,196,Lab. de matemática,IFPB-VISITANTE,84:F1:47:54:80:62,-79,11
22/04/2026,08:04:09,196,Lab. de matemática,IFPB,84:F1:47:54:8B:A0,-80,1
22/04/2026,08:04:09,196,Lab. de matemática,IFPB,84:F1:47:54:80:60,-80,11
22/04/2026,08:04:10,196,Lab. de matemática,IFPB-VISITANTE,84:F1:47:54:FD:62,-84,1
22/04/2026,08:04:10,196,Lab. de matemática,IFPB-VISITANTE,84:F1:47:54:6B:82,-84,6
22/04/2026,08:04:10,196,Lab. de matemática,IFPB,84:F1:47:54:6B:80,-84,6
22/04/2026,08:04:10,196,Lab. de matemática,IFPB,84:F1:47:54:FD:60,-85,1
22/04/2026,08:04:10,196,Lab. de matemática,IFPB-VISITANTE,84:F1:47:54:F9:82,-89,11
22/04/2026,08:04:10,196,Lab. de matemática,IFPB,2C:57:41:D4:A5:20,-90,11
22/04/2026,08:04:10,196,Lab. de matemática,IFPB,84:F1:47:54:F9:80,-92,11
22/04/2026,08:04:10,196,Lab. de matemática,IFPB-VISITANTE,2C:57:41:D4:A5:22,-93,11
22/04/2026,08:04:20,197,Lab. de matemática,IFPB,84:F1:47:54:8B:A0,-80,1
22/04/2026,08:04:20,197,Lab. de matemática,IFPB-VISITANTE,84:F1:47:54:8B:A2,-80,1
22/04/2026,08:04:20,197,Lab. de matemática,IFPB,84:F1:47:54:80:60,-81,11
22/04/2026,08:04:20,197,Lab. de matemática,IFPB-VISITANTE,84:F1:47:54:80:62,-81,11
22/04/2026,08:04:20,197,Lab. de matemática,IFPB-VISITANTE,84:F1:47:54:6B:82,-83,6
22/04/2026,08:04:20,197,Lab. de matemática,IFPB,84:F1:47:54:FD:60,-85,1
22/04/2026,08:04:20,197,Lab. de matemática,IFPB-VISITANTE,84:F1:47:54:FD:62,-85,1
22/04/2026,08:04:20,197,Lab. de matemática,IFPB,84:F1:47:54:6B:80,-85,6
22/04/2026,08:04:20,197,Lab. de matemática,IFPB-VISITANTE,84:F1:47:54:F9:82,-88,11
22/04/2026,08:04:20,197,Lab. de matemática,IFPB,84:F1:47:54:7F:60,-89,6
22/04/2026,08:04:20,197,Lab. de matemática,IFPB,2C:57:41:D4:A5:20,-89,11
22/04/2026,08:04:20,197,Lab. de matemática,IFPB-VISITANTE,2C:57:41:D4:A5:22,-90,11
22/04/2026,08:04:30,198,Lab. de matemática,IFPB-VISITANTE,84:F1:47:54:80:62,-79,11
22/04/2026,08:04:30,198,Lab. de matemática,IFPB,84:F1:47:54:8B:A0,-80,1
22/04/2026,08:04:30,198,Lab. de matemática,IFPB-VISITANTE,84:F1:47:54:8B:A2,-80,1
22/04/2026,08:04:30,198,Lab. de matemática,IFPB,84:F1:47:54:80:60,-80,11
22/04/2026,08:04:30,198,Lab. de matemática,IFPB,84:F1:47:54:FD:60,-83,1
22/04/2026,08:04:30,198,Lab. de matemática,IFPB-VISITANTE,84:F1:47:54:6B:82,-84,6
22/04/2026,08:04:30,198,Lab. de matemática,IFPB,84:F1:47:54:6B:80,-85,6
22/04/2026,08:04:30,198,Lab. de matemática,IFPB-VISITANTE,84:F1:47:54:FD:62,-86,1
22/04/2026,08:04:30,198,Lab. de matemática,IFPB,2C:57:41:D4:A5:20,-89,11
22/04/2026,08:04:30,198,Lab. de matemática,IFPB-VISITANTE,2C:57:41:D4:A5:22,-91,11
22/04/2026,08:04:30,198,Lab. de matemática,IFPB-VISITANTE,84:F1:47:54:F9:82,-91,11
22/04/2026,08:04:40,199,Lab. de matemática,IFPB,84:F1:47:54:8B:A0,-77,1
22/04/2026,08:04:40,199,Lab. de matemática,IFPB-VISITANTE,84:F1:47:54:8B:A2,-77,1
22/04/2026,08:04:40,199,Lab. de matemática,IFPB-VISITANTE,84:F1:47:54:6B:82,-81,6
22/04/2026,08:04:40,199,Lab. de matemática,IFPB,84:F1:47:54:6B:80,-81,6
22/04/2026,08:04:40,199,Lab. de matemática,IFPB,84:F1:47:54:80:60,-81,11
22/04/2026,08:04:40,199,Lab. de matemática,IFPB-VISITANTE,84:F1:47:54:80:62,-81,11
22/04/2026,08:04:40,199,Lab. de matemática,IFPB-VISITANTE,84:F1:47:54:FD:62,-83,1
22/04/2026,08:04:40,199,Lab. de matemática,IFPB,84:F1:47:54:FD:60,-84,1
22/04/2026,08:04:40,199,Lab. de matemática,IFPB,2C:57:41:D4:A5:20,-87,11
22/04/2026,08:04:40,199,Lab. de matemática,IFPB,84:F1:47:54:7F:60,-88,6
22/04/2026,08:04:40,199,Lab. de matemática,IFPB-VISITANTE,2C:57:41:D4:A5:22,-88,11
22/04/2026,08:04:50,200,Lab. de matemática,IFPB,84:F1:47:54:8B:A0,-77,1
22/04/2026,08:04:50,200,Lab. de matemática,IFPB-VISITANTE,84:F1:47:54:8B:A2,-77,1
22/04/2026,08:04:50,200,Lab. de matemática,IFPB,84:F1:47:54:6B:80,-81,6
22/04/2026,08:04:50,200,Lab. de matemática,IFPB-VISITANTE,84:F1:47:54:6B:82,-81,6
22/04/2026,08:04:50,200,Lab. de matemática,IFPB,84:F1:47:54:80:60,-82,11
22/04/2026,08:04:50,200,Lab. de matemática,IFPB-VISITANTE,84:F1:47:54:80:62,-83,11
22/04/2026,08:04:50,200,Lab. de matemática,IFPB,84:F1:47:54:FD:60,-85,1
22/04/2026,08:04:50,200,Lab. de matemática,IFPB-VISITANTE,84:F1:47:54:FD:62,-85,1
22/04/2026,08:04:50,200,Lab. de matemática,IFPB-VISITANTE,84:F1:47:54:7F:62,-86,6
22/04/2026,08:04:50,200,Lab. de matemática,IFPB,84:F1:47:54:7F:60,-87,6
22/04/2026,08:04:50,200,Lab. de matemática,IFPB-VISITANTE,2C:57:41:D4:A5:22,-88,11
22/04/2026,08:04:50,200,Lab. de matemática,IFPB,2C:57:41:D4:A5:20,-89,11
22/04/2026,08:05:49,201,Lab. de biologia,IFPB,24:36:DA:2B:BC:00,-69,6
22/04/2026,08:05:49,201,Lab. de biologia,IFPB-VISITANTE,24:36:DA:2B:BC:02,-69,6
22/04/2026,08:05:49,201,Lab. de biologia,IFPB-VISITANTE,84:F1:47:54:6B:82,-73,6
22/04/2026,08:05:49,201,Lab. de biologia,IFPB,84:F1:47:54:6B:80,-74,6
22/04/2026,08:05:49,201,Lab. de biologia,IFPB-VISITANTE,84:F1:47:54:8B:A2,-83,1
22/04/2026,08:05:49,201,Lab. de biologia,IFPB,84:F1:47:54:8B:A0,-84,1
22/04/2026,08:05:49,201,Lab. de biologia,IFPB,84:F1:47:54:81:00,-87,11
22/04/2026,08:05:49,201,Lab. de biologia,IFPB-VISITANTE,84:F1:47:54:81:02,-88,11
22/04/2026,08:05:49,201,Lab. de biologia,IFPB-VISITANTE,84:F1:47:54:FD:62,-91,1
22/04/2026,08:05:49,201,Lab. de biologia,IFPB,84:F1:47:54:FD:60,-91,1
22/04/2026,08:05:49,201,Lab. de biologia,IFPB-VISITANTE,E4:4E:2D:85:4C:62,-91,11
22/04/2026,08:05:59,202,Lab. de biologia,IFPB-VISITANTE,24:36:DA:2B:BC:02,-66,6
22/04/2026,08:05:59,202,Lab. de biologia,IFPB,24:36:DA:2B:BC:00,-67,6
22/04/2026,08:05:59,202,Lab. de biologia,IFPB,84:F1:47:54:6B:80,-76,6
22/04/2026,08:05:59,202,Lab. de biologia,IFPB-VISITANTE,84:F1:47:54:6B:82,-76,6
22/04/2026,08:05:59,202,Lab. de biologia,IFPB-VISITANTE,84:F1:47:54:8B:A2,-84,1
22/04/2026,08:05:59,202,Lab. de biologia,IFPB,84:F1:47:54:8B:A0,-85,1
22/04/2026,08:05:59,202,Lab. de biologia,IFPB-VISITANTE,84:F1:47:54:81:02,-86,11
22/04/2026,08:06:00,202,Lab. de biologia,IFPB,84:F1:47:54:81:00,-87,11
22/04/2026,08:06:00,202,Lab. de biologia,IFPB-VISITANTE,84:F1:47:54:FD:62,-88,1
22/04/2026,08:06:00,202,Lab. de biologia,IFPB,84:F1:47:54:FD:60,-89,1
22/04/2026,08:06:09,203,Lab. de biologia,IFPB-VISITANTE,24:36:DA:2B:BC:02,-64,6
22/04/2026,08:06:09,203,Lab. de biologia,IFPB,24:36:DA:2B:BC:00,-65,6
22/04/2026,08:06:09,203,Lab. de biologia,IFPB,84:F1:47:54:6B:80,-75,6
22/04/2026,08:06:09,203,Lab. de biologia,IFPB-VISITANTE,84:F1:47:54:6B:82,-75,6
22/04/2026,08:06:09,203,Lab. de biologia,IFPB-VISITANTE,84:F1:47:54:8B:A2,-79,1
22/04/2026,08:06:09,203,Lab. de biologia,IFPB,84:F1:47:54:8B:A0,-80,1
22/04/2026,08:06:09,203,Lab. de biologia,IFPB,84:F1:47:54:81:00,-85,11
22/04/2026,08:06:09,203,Lab. de biologia,IFPB-VISITANTE,84:F1:47:54:81:02,-85,11
22/04/2026,08:06:10,203,Lab. de biologia,IFPB,84:F1:47:54:FD:60,-89,1
22/04/2026,08:06:10,203,Lab. de biologia,IFPB,2C:57:41:CD:E1:C0,-89,11
22/04/2026,08:06:10,203,Lab. de biologia,IFPB-VISITANTE,2C:57:41:CD:E1:C2,-89,11
22/04/2026,08:06:19,204,Lab. de biologia,IFPB,24:36:DA:2B:BC:00,-65,6
22/04/2026,08:06:19,204,Lab. de biologia,IFPB-VISITANTE,24:36:DA:2B:BC:02,-65,6
22/04/2026,08:06:19,204,Lab. de biologia,IFPB,84:F1:47:54:6B:80,-70,6
22/04/2026,08:06:19,204,Lab. de biologia,IFPB-VISITANTE,84:F1:47:54:6B:82,-70,6
22/04/2026,08:06:20,204,Lab. de biologia,IFPB,84:F1:47:54:8B:A0,-83,1
22/04/2026,08:06:20,204,Lab. de biologia,IFPB-VISITANTE,84:F1:47:54:8B:A2,-83,1
22/04/2026,08:06:20,204,Lab. de biologia,IFPB-VISITANTE,84:F1:47:54:96:E2,-89,1
22/04/2026,08:06:20,204,Lab. de biologia,IFPB,84:F1:47:54:96:E0,-90,1
22/04/2026,08:06:29,205,Lab. de biologia,IFPB,24:36:DA:2B:BC:00,-64,6
22/04/2026,08:06:29,205,Lab. de biologia,IFPB-VISITANTE,24:36:DA:2B:BC:02,-64,6
22/04/2026,08:06:29,205,Lab. de biologia,IFPB,84:F1:47:54:6B:80,-72,6
22/04/2026,08:06:29,205,Lab. de biologia,IFPB-VISITANTE,84:F1:47:54:6B:82,-72,6
22/04/2026,08:06:29,205,Lab. de biologia,IFPB,84:F1:47:54:8B:A0,-80,1
22/04/2026,08:06:29,205,Lab. de biologia,IFPB-VISITANTE,84:F1:47:54:8B:A2,-80,1
22/04/2026,08:06:29,205,Lab. de biologia,IFPB,84:F1:47:54:81:00,-84,11
22/04/2026,08:06:29,205,Lab. de biologia,IFPB-VISITANTE,84:F1:47:54:81:02,-85,11
22/04/2026,08:06:30,205,Lab. de biologia,IFPB,84:F1:47:54:96:E0,-89,1
22/04/2026,08:06:30,205,Lab. de biologia,IFPB-VISITANTE,84:F1:47:54:96:E2,-89,1
22/04/2026,08:06:39,206,Lab. de biologia,IFPB-VISITANTE,24:36:DA:2B:BC:02,-69,6
22/04/2026,08:06:39,206,Lab. de biologia,IFPB,24:36:DA:2B:BC:00,-70,6
22/04/2026,08:06:39,206,Lab. de biologia,IFPB-VISITANTE,84:F1:47:54:6B:82,-70,6
22/04/2026,08:06:39,206,Lab. de biologia,IFPB,84:F1:47:54:6B:80,-70,6
22/04/2026,08:06:39,206,Lab. de biologia,IFPB-VISITANTE,84:F1:47:54:8B:A2,-80,1
22/04/2026,08:06:39,206,Lab. de biologia,IFPB,84:F1:47:54:8B:A0,-81,1
22/04/2026,08:06:39,206,Lab. de biologia,IFPB-VISITANTE,84:F1:47:54:FD:62,-88,1
22/04/2026,08:06:40,206,Lab. de biologia,IFPB,84:F1:47:54:FD:60,-90,1
22/04/2026,08:06:40,206,Lab. de biologia,IFPB,84:F1:47:54:96:E0,-90,1
22/04/2026,08:06:40,206,Lab. de biologia,IFPB-VISITANTE,84:F1:47:54:96:E2,-90,1
22/04/2026,08:06:40,206,Lab. de biologia,IFPB,E4:4E:2D:85:4C:60,-90,11
22/04/2026,08:06:49,207,Lab. de biologia,IFPB,24:36:DA:2B:BC:00,-70,6
22/04/2026,08:06:49,207,Lab. de biologia,IFPB-VISITANTE,24:36:DA:2B:BC:02,-70,6
22/04/2026,08:06:49,207,Lab. de biologia,IFPB,84:F1:47:54:6B:80,-75,6
22/04/2026,08:06:49,207,Lab. de biologia,IFPB-VISITANTE,84:F1:47:54:6B:82,-75,6
22/04/2026,08:06:49,207,Lab. de biologia,IFPB,84:F1:47:54:8B:A0,-80,1
22/04/2026,08:06:49,207,Lab. de biologia,IFPB-VISITANTE,84:F1:47:54:8B:A2,-80,1
22/04/2026,08:06:49,207,Lab. de biologia,IFPB-VISITANTE,E4:4E:2D:85:4C:62,-91,11
22/04/2026,08:06:59,208,Lab. de biologia,IFPB,24:36:DA:2B:BC:00,-68,6
22/04/2026,08:06:59,208,Lab. de biologia,IFPB-VISITANTE,24:36:DA:2B:BC:02,-68,6
22/04/2026,08:06:59,208,Lab. de biologia,IFPB,84:F1:47:54:6B:80,-71,6
22/04/2026,08:06:59,208,Lab. de biologia,IFPB-VISITANTE,84:F1:47:54:6B:82,-71,6
22/04/2026,08:06:59,208,Lab. de biologia,IFPB,84:F1:47:54:8B:A0,-82,1
22/04/2026,08:06:59,208,Lab. de biologia,IFPB-VISITANTE,84:F1:47:54:8B:A2,-82,1
22/04/2026,08:06:59,208,Lab. de biologia,IFPB,84:F1:47:54:FD:60,-88,1
22/04/2026,08:06:59,208,Lab. de biologia,IFPB,84:F1:47:54:96:E0,-90,1
22/04/2026,08:06:59,208,Lab. de biologia,IFPB-VISITANTE,84:F1:47:54:FD:62,-91,1
22/04/2026,08:06:59,208,Lab. de biologia,IFPB-VISITANTE,84:F1:47:54:96:E2,-91,1
22/04/2026,08:06:59,208,Lab. de biologia,IFPB,E4:4E:2D:85:4C:60,-91,11
22/04/2026,08:07:09,209,Lab. de biologia,IFPB,24:36:DA:2B:BC:00,-69,6
22/04/2026,08:07:09,209,Lab. de biologia,IFPB-VISITANTE,24:36:DA:2B:BC:02,-69,6
22/04/2026,08:07:09,209,Lab. de biologia,IFPB,84:F1:47:54:6B:80,-70,6
22/04/2026,08:07:09,209,Lab. de biologia,IFPB-VISITANTE,84:F1:47:54:6B:82,-71,6
22/04/2026,08:07:09,209,Lab. de biologia,IFPB,84:F1:47:54:8B:A0,-80,1
22/04/2026,08:07:09,209,Lab. de biologia,IFPB-VISITANTE,84:F1:47:54:8B:A2,-82,1
22/04/2026,08:07:09,209,Lab. de biologia,IFPB,84:F1:47:54:FD:60,-89,1
22/04/2026,08:07:09,209,Lab. de biologia,IFPB-VISITANTE,84:F1:47:54:FD:62,-91,1
22/04/2026,08:07:19,210,Lab. de biologia,IFPB,84:F1:47:54:6B:80,-70,6
22/04/2026,08:07:19,210,Lab. de biologia,IFPB-VISITANTE,84:F1:47:54:6B:82,-70,6
22/04/2026,08:07:19,210,Lab. de biologia,IFPB,24:36:DA:2B:BC:00,-72,6
22/04/2026,08:07:19,210,Lab. de biologia,IFPB-VISITANTE,24:36:DA:2B:BC:02,-72,6
22/04/2026,08:07:19,210,Lab. de biologia,IFPB,84:F1:47:54:8B:A0,-81,1
22/04/2026,08:07:19,210,Lab. de biologia,IFPB-VISITANTE,84:F1:47:54:8B:A2,-81,1
22/04/2026,08:07:19,210,Lab. de biologia,IFPB-VISITANTE,84:F1:47:54:FD:62,-90,1
22/04/2026,08:07:19,210,Lab. de biologia,IFPB,84:F1:47:54:FD:60,-90,1
22/04/2026,08:07:19,210,Lab. de biologia,IFPB-VISITANTE,E4:4E:2D:85:4C:62,-90,11
22/04/2026,08:07:19,210,Lab. de biologia,IFPB,E4:4E:2D:85:4C:60,-91,11
22/04/2026,08:07:37,211,Lab. de física,IFPB,24:36:DA:2B:BC:00,-68,6
22/04/2026,08:07:37,211,Lab. de física,IFPB-VISITANTE,24:36:DA:2B:BC:02,-68,6
22/04/2026,08:07:37,211,Lab. de física,IFPB,84:F1:47:54:6B:80,-70,6
22/04/2026,08:07:37,211,Lab. de física,IFPB-VISITANTE,84:F1:47:54:6B:82,-70,6
22/04/2026,08:07:37,211,Lab. de física,IFPB,84:F1:47:54:8B:A0,-81,1
22/04/2026,08:07:37,211,Lab. de física,IFPB-VISITANTE,84:F1:47:54:8B:A2,-81,1
22/04/2026,08:07:37,211,Lab. de física,IFPB,2C:57:41:CD:E1:C0,-88,11
22/04/2026,08:07:37,211,Lab. de física,IFPB-VISITANTE,2C:57:41:CD:E1:C2,-89,11
22/04/2026,08:07:47,212,Lab. de física,IFPB,24:36:DA:2B:BC:00,-67,6
22/04/2026,08:07:47,212,Lab. de física,IFPB-VISITANTE,24:36:DA:2B:BC:02,-67,6
22/04/2026,08:07:47,212,Lab. de física,IFPB,84:F1:47:54:6B:80,-69,6
22/04/2026,08:07:47,212,Lab. de física,IFPB-VISITANTE,84:F1:47:54:6B:82,-70,6
22/04/2026,08:07:47,212,Lab. de física,IFPB,84:F1:47:54:8B:A0,-77,1
22/04/2026,08:07:47,212,Lab. de física,IFPB-VISITANTE,84:F1:47:54:8B:A2,-78,1
22/04/2026,08:07:47,212,Lab. de física,IFPB,2C:57:41:CD:E1:C0,-85,11
22/04/2026,08:07:47,212,Lab. de física,IFPB-VISITANTE,2C:57:41:CD:E1:C2,-85,11
22/04/2026,08:07:47,212,Lab. de física,IFPB,84:F1:47:54:FD:60,-87,1
22/04/2026,08:07:47,212,Lab. de física,IFPB-VISITANTE,84:F1:47:54:FD:62,-89,1
22/04/2026,08:07:57,213,Lab. de física,IFPB-VISITANTE,24:36:DA:2B:BC:02,-66,6
22/04/2026,08:07:57,213,Lab. de física,IFPB,24:36:DA:2B:BC:00,-67,6
22/04/2026,08:07:57,213,Lab. de física,IFPB,84:F1:47:54:6B:80,-71,6
22/04/2026,08:07:57,213,Lab. de física,IFPB-VISITANTE,84:F1:47:54:6B:82,-71,6
22/04/2026,08:07:57,213,Lab. de física,IFPB,84:F1:47:54:8B:A0,-77,1
22/04/2026,08:07:57,213,Lab. de física,IFPB-VISITANTE,84:F1:47:54:8B:A2,-77,1
22/04/2026,08:07:57,213,Lab. de física,IFPB,2C:57:41:CD:E1:C0,-82,11
22/04/2026,08:07:57,213,Lab. de física,IFPB-VISITANTE,2C:57:41:CD:E1:C2,-84,11
22/04/2026,08:07:57,213,Lab. de física,IFPB,84:F1:47:54:FD:60,-88,1
22/04/2026,08:07:57,213,Lab. de física,IFPB-VISITANTE,84:F1:47:54:FD:62,-91,1
22/04/2026,08:08:07,214,Lab. de física,IFPB,24:36:DA:2B:BC:00,-68,6
22/04/2026,08:08:07,214,Lab. de física,IFPB-VISITANTE,24:36:DA:2B:BC:02,-68,6
22/04/2026,08:08:07,214,Lab. de física,IFPB,84:F1:47:54:6B:80,-71,6
22/04/2026,08:08:07,214,Lab. de física,IFPB-VISITANTE,84:F1:47:54:6B:82,-72,6
22/04/2026,08:08:07,214,Lab. de física,IFPB,84:F1:47:54:8B:A0,-76,1
22/04/2026,08:08:07,214,Lab. de física,IFPB-VISITANTE,84:F1:47:54:8B:A2,-77,1
22/04/2026,08:08:07,214,Lab. de física,IFPB-VISITANTE,84:F1:47:54:FD:62,-90,1
22/04/2026,08:08:07,214,Lab. de física,IFPB,84:F1:47:54:FD:60,-91,1
22/04/2026,08:08:17,215,Lab. de física,IFPB,24:36:DA:2B:BC:00,-69,6
22/04/2026,08:08:17,215,Lab. de física,IFPB-VISITANTE,24:36:DA:2B:BC:02,-69,6
22/04/2026,08:08:17,215,Lab. de física,IFPB,84:F1:47:54:6B:80,-71,6
22/04/2026,08:08:17,215,Lab. de física,IFPB-VISITANTE,84:F1:47:54:6B:82,-71,6
22/04/2026,08:08:17,215,Lab. de física,IFPB,84:F1:47:54:8B:A0,-77,1
22/04/2026,08:08:17,215,Lab. de física,IFPB-VISITANTE,84:F1:47:54:8B:A2,-77,1
22/04/2026,08:08:17,215,Lab. de física,IFPB,2C:57:41:CD:E1:C0,-82,11
22/04/2026,08:08:17,215,Lab. de física,IFPB-VISITANTE,2C:57:41:CD:E1:C2,-83,11
22/04/2026,08:08:27,216,Lab. de física,IFPB,24:36:DA:2B:BC:00,-70,6
22/04/2026,08:08:27,216,Lab. de física,IFPB-VISITANTE,84:F1:47:54:6B:82,-70,6
22/04/2026,08:08:27,216,Lab. de física,IFPB-VISITANTE,24:36:DA:2B:BC:02,-70,6
22/04/2026,08:08:27,216,Lab. de física,IFPB,84:F1:47:54:6B:80,-71,6
22/04/2026,08:08:27,216,Lab. de física,IFPB,84:F1:47:54:8B:A0,-83,1
22/04/2026,08:08:27,216,Lab. de física,IFPB-VISITANTE,84:F1:47:54:8B:A2,-83,1
22/04/2026,08:08:36,217,Lab. de física,IFPB,24:36:DA:2B:BC:00,-67,6
22/04/2026,08:08:36,217,Lab. de física,IFPB-VISITANTE,24:36:DA:2B:BC:02,-67,6
22/04/2026,08:08:36,217,Lab. de física,IFPB-VISITANTE,84:F1:47:54:6B:82,-71,6
22/04/2026,08:08:36,217,Lab. de física,IFPB,84:F1:47:54:6B:80,-72,6
22/04/2026,08:08:36,217,Lab. de física,IFPB-VISITANTE,84:F1:47:54:8B:A2,-81,1
22/04/2026,08:08:36,217,Lab. de física,IFPB,2C:57:41:CD:E1:C0,-82,11
22/04/2026,08:08:37,217,Lab. de física,IFPB-VISITANTE,2C:57:41:CD:E1:C2,-82,11
22/04/2026,08:08:37,217,Lab. de física,IFPB,84:F1:47:54:8B:A0,-83,1
22/04/2026,08:08:46,218,Lab. de física,IFPB-VISITANTE,24:36:DA:2B:BC:02,-67,6
22/04/2026,08:08:46,218,Lab. de física,IFPB,24:36:DA:2B:BC:00,-67,6
22/04/2026,08:08:46,218,Lab. de física,IFPB,84:F1:47:54:6B:80,-72,6
22/04/2026,08:08:46,218,Lab. de física,IFPB-VISITANTE,84:F1:47:54:6B:82,-72,6
22/04/2026,08:08:46,218,Lab. de física,IFPB-VISITANTE,84:F1:47:54:8B:A2,-76,1
22/04/2026,08:08:46,218,Lab. de física,IFPB,84:F1:47:54:8B:A0,-77,1
22/04/2026,08:08:47,218,Lab. de física,IFPB,2C:57:41:CD:E1:C0,-84,11
22/04/2026,08:08:47,218,Lab. de física,IFPB-VISITANTE,2C:57:41:CD:E1:C2,-84,11
22/04/2026,08:08:47,218,Lab. de física,IFPB,84:F1:47:54:81:00,-87,11
22/04/2026,08:08:47,218,Lab. de física,IFPB-VISITANTE,84:F1:47:54:81:02,-90,11
22/04/2026,08:08:56,219,Lab. de física,IFPB,24:36:DA:2B:BC:00,-68,6
22/04/2026,08:08:56,219,Lab. de física,IFPB-VISITANTE,24:36:DA:2B:BC:02,-69,6
22/04/2026,08:08:56,219,Lab. de física,IFPB,84:F1:47:54:6B:80,-72,6
22/04/2026,08:08:56,219,Lab. de física,IFPB-VISITANTE,84:F1:47:54:6B:82,-72,6
22/04/2026,08:08:56,219,Lab. de física,IFPB,84:F1:47:54:8B:A0,-77,1
22/04/2026,08:08:56,219,Lab. de física,IFPB-VISITANTE,84:F1:47:54:8B:A2,-77,1
22/04/2026,08:08:57,219,Lab. de física,IFPB-VISITANTE,2C:57:41:CD:E1:C2,-83,11
22/04/2026,08:08:57,219,Lab. de física,IFPB,84:F1:47:54:81:00,-88,11
22/04/2026,08:09:06,220,Lab. de física,IFPB,24:36:DA:2B:BC:00,-66,6
22/04/2026,08:09:06,220,Lab. de física,IFPB-VISITANTE,24:36:DA:2B:BC:02,-66,6
22/04/2026,08:09:06,220,Lab. de física,IFPB,84:F1:47:54:6B:80,-72,6
22/04/2026,08:09:07,220,Lab. de física,IFPB-VISITANTE,84:F1:47:54:6B:82,-72,6
22/04/2026,08:09:07,220,Lab. de física,IFPB-VISITANTE,84:F1:47:54:8B:A2,-77,1
22/04/2026,08:09:07,220,Lab. de física,IFPB,84:F1:47:54:8B:A0,-78,1
22/04/2026,08:09:07,220,Lab. de física,IFPB-VISITANTE,2C:57:41:CD:E1:C2,-82,11
22/04/2026,08:09:07,220,Lab. de física,IFPB,2C:57:41:CD:E1:C0,-83,11
22/04/2026,08:09:07,220,Lab. de física,IFPB,84:F1:47:54:81:00,-87,11
22/04/2026,08:09:07,220,Lab. de física,IFPB-VISITANTE,84:F1:47:54:81:02,-89,11
22/04/2026,08:09:43,221,Núcleo de pesquisa,IFPB,84:F1:47:54:8B:A0,-65,1
22/04/2026,08:09:43,221,Núcleo de pesquisa,IFPB-VISITANTE,84:F1:47:54:8B:A2,-65,1
22/04/2026,08:09:43,221,Núcleo de pesquisa,IFPB,84:F1:47:54:FD:60,-77,1
22/04/2026,08:09:43,221,Núcleo de pesquisa,IFPB-VISITANTE,84:F1:47:54:FD:62,-77,1
22/04/2026,08:09:43,221,Núcleo de pesquisa,IFPB-VISITANTE,24:36:DA:2B:BC:02,-84,6
22/04/2026,08:09:43,221,Núcleo de pesquisa,IFPB,24:36:DA:2B:BC:00,-85,6
22/04/2026,08:09:43,221,Núcleo de pesquisa,IFPB,84:F1:47:54:80:60,-86,11
22/04/2026,08:09:43,221,Núcleo de pesquisa,IFPB-VISITANTE,84:F1:47:54:80:62,-86,11
22/04/2026,08:09:43,221,Núcleo de pesquisa,IFPB-VISITANTE,84:F1:47:54:F9:82,-89,11
22/04/2026,08:09:43,221,Núcleo de pesquisa,IFPB,84:F1:47:54:F9:80,-90,11
22/04/2026,08:09:43,221,Núcleo de pesquisa,IFPB-VISITANTE,84:F1:47:54:81:02,-93,11
22/04/2026,08:09:53,222,Núcleo de pesquisa,IFPB,84:F1:47:54:8B:A0,-66,1
22/04/2026,08:09:53,222,Núcleo de pesquisa,IFPB-VISITANTE,84:F1:47:54:8B:A2,-66,1
22/04/2026,08:09:53,222,Núcleo de pesquisa,IFPB,84:F1:47:54:FD:60,-76,1
22/04/2026,08:09:53,222,Núcleo de pesquisa,IFPB-VISITANTE,84:F1:47:54:FD:62,-76,1
22/04/2026,08:09:53,222,Núcleo de pesquisa,IFPB-VISITANTE,24:36:DA:2B:BC:02,-82,6
22/04/2026,08:09:53,222,Núcleo de pesquisa,IFPB,24:36:DA:2B:BC:00,-83,6
22/04/2026,08:09:53,222,Núcleo de pesquisa,IFPB-VISITANTE,84:F1:47:54:80:62,-85,11
22/04/2026,08:09:53,222,Núcleo de pesquisa,IFPB,84:F1:47:54:80:60,-86,11
22/04/2026,08:09:53,222,Núcleo de pesquisa,IFPB-VISITANTE,84:F1:47:54:81:02,-92,11
22/04/2026,08:10:03,223,Núcleo de pesquisa,IFPB-VISITANTE,84:F1:47:54:8B:A2,-63,1
22/04/2026,08:10:03,223,Núcleo de pesquisa,IFPB,84:F1:47:54:8B:A0,-64,1
22/04/2026,08:10:03,223,Núcleo de pesquisa,IFPB,84:F1:47:54:FD:60,-79,1
22/04/2026,08:10:03,223,Núcleo de pesquisa,IFPB-VISITANTE,84:F1:47:54:FD:62,-79,1
22/04/2026,08:10:03,223,Núcleo de pesquisa,IFPB,24:36:DA:2B:BC:00,-85,6
22/04/2026,08:10:03,223,Núcleo de pesquisa,IFPB-VISITANTE,24:36:DA:2B:BC:02,-85,6
22/04/2026,08:10:03,223,Núcleo de pesquisa,IFPB-VISITANTE,84:F1:47:54:80:62,-90,11
22/04/2026,08:10:03,223,Núcleo de pesquisa,IFPB,84:F1:47:54:80:60,-91,11
22/04/2026,08:10:03,223,Núcleo de pesquisa,IFPB-VISITANTE,84:F1:47:54:81:02,-91,11
22/04/2026,08:10:03,223,Núcleo de pesquisa,IFPB,84:F1:47:54:81:00,-92,11
22/04/2026,08:10:13,224,Núcleo de pesquisa,IFPB,84:F1:47:54:8B:A0,-64,1
22/04/2026,08:10:13,224,Núcleo de pesquisa,IFPB-VISITANTE,84:F1:47:54:8B:A2,-65,1
22/04/2026,08:10:13,224,Núcleo de pesquisa,IFPB,84:F1:47:54:FD:60,-78,1
22/04/2026,08:10:13,224,Núcleo de pesquisa,IFPB-VISITANTE,84:F1:47:54:FD:62,-79,1
22/04/2026,08:10:13,224,Núcleo de pesquisa,IFPB-VISITANTE,24:36:DA:2B:BC:02,-85,6
22/04/2026,08:10:13,224,Núcleo de pesquisa,IFPB,24:36:DA:2B:BC:00,-86,6
22/04/2026,08:10:13,224,Núcleo de pesquisa,IFPB,84:F1:47:54:6B:80,-89,6
22/04/2026,08:10:13,224,Núcleo de pesquisa,IFPB-VISITANTE,84:F1:47:54:6B:82,-90,6
22/04/2026,08:10:13,224,Núcleo de pesquisa,IFPB,84:F1:47:54:F9:80,-91,11
22/04/2026,08:10:14,224,Núcleo de pesquisa,IFPB,84:F1:47:54:81:00,-92,11
22/04/2026,08:10:14,224,Núcleo de pesquisa,IFPB-VISITANTE,84:F1:47:54:F9:82,-92,11
22/04/2026,08:10:14,224,Núcleo de pesquisa,IFPB-VISITANTE,84:F1:47:54:81:02,-92,11
22/04/2026,08:10:23,225,Núcleo de pesquisa,IFPB,84:F1:47:54:8B:A0,-64,1
22/04/2026,08:10:23,225,Núcleo de pesquisa,IFPB-VISITANTE,84:F1:47:54:8B:A2,-65,1
22/04/2026,08:10:23,225,Núcleo de pesquisa,IFPB,84:F1:47:54:FD:60,-78,1
22/04/2026,08:10:23,225,Núcleo de pesquisa,IFPB-VISITANTE,84:F1:47:54:FD:62,-78,1
22/04/2026,08:10:23,225,Núcleo de pesquisa,IFPB-VISITANTE,84:F1:47:54:80:62,-85,11
22/04/2026,08:10:24,225,Núcleo de pesquisa,IFPB,84:F1:47:54:6B:80,-87,6
22/04/2026,08:10:24,225,Núcleo de pesquisa,IFPB-VISITANTE,84:F1:47:54:6B:82,-88,6
22/04/2026,08:10:33,226,Núcleo de pesquisa,IFPB-VISITANTE,84:F1:47:54:8B:A2,-62,1
22/04/2026,08:10:33,226,Núcleo de pesquisa,IFPB,84:F1:47:54:8B:A0,-63,1
22/04/2026,08:10:33,226,Núcleo de pesquisa,IFPB-VISITANTE,84:F1:47:54:FD:62,-79,1
22/04/2026,08:10:33,226,Núcleo de pesquisa,IFPB,84:F1:47:54:FD:60,-79,1
22/04/2026,08:10:34,226,Núcleo de pesquisa,IFPB,24:36:DA:2B:BC:00,-87,6
22/04/2026,08:10:34,226,Núcleo de pesquisa,IFPB,84:F1:47:54:80:60,-89,11
22/04/2026,08:10:34,226,Núcleo de pesquisa,IFPB-VISITANTE,84:F1:47:54:80:62,-90,11
22/04/2026,08:10:43,227,Núcleo de pesquisa,IFPB-VISITANTE,84:F1:47:54:8B:A2,-63,1
22/04/2026,08:10:43,227,Núcleo de pesquisa,IFPB,84:F1:47:54:8B:A0,-64,1
22/04/2026,08:10:43,227,Núcleo de pesquisa,IFPB-VISITANTE,84:F1:47:54:FD:62,-78,1
22/04/2026,08:10:43,227,Núcleo de pesquisa,IFPB,84:F1:47:54:FD:60,-79,1
22/04/2026,08:10:44,227,Núcleo de pesquisa,IFPB,24:36:DA:2B:BC:00,-86,6
22/04/2026,08:10:44,227,Núcleo de pesquisa,IFPB-VISITANTE,24:36:DA:2B:BC:02,-89,6
22/04/2026,08:10:53,228,Núcleo de pesquisa,IFPB,84:F1:47:54:8B:A0,-64,1
22/04/2026,08:10:53,228,Núcleo de pesquisa,IFPB-VISITANTE,84:F1:47:54:8B:A2,-64,1
22/04/2026,08:10:53,228,Núcleo de pesquisa,IFPB,84:F1:47:54:FD:60,-79,1
22/04/2026,08:10:53,228,Núcleo de pesquisa,IFPB-VISITANTE,84:F1:47:54:FD:62,-79,1
22/04/2026,08:10:53,228,Núcleo de pesquisa,IFPB,84:F1:47:54:80:60,-84,11
22/04/2026,08:10:53,228,Núcleo de pesquisa,IFPB-VISITANTE,84:F1:47:54:80:62,-85,11
22/04/2026,08:10:54,228,Núcleo de pesquisa,IFPB,24:36:DA:2B:BC:00,-89,6
22/04/2026,08:10:54,228,Núcleo de pesquisa,IFPB-VISITANTE,24:36:DA:2B:BC:02,-90,6
22/04/2026,08:11:03,229,Núcleo de pesquisa,IFPB,84:F1:47:54:8B:A0,-66,1
22/04/2026,08:11:03,229,Núcleo de pesquisa,IFPB-VISITANTE,84:F1:47:54:8B:A2,-66,1
22/04/2026,08:11:03,229,Núcleo de pesquisa,IFPB,84:F1:47:54:FD:60,-81,1
22/04/2026,08:11:03,229,Núcleo de pesquisa,IFPB-VISITANTE,84:F1:47:54:FD:62,-81,1
22/04/2026,08:11:04,229,Núcleo de pesquisa,IFPB,84:F1:47:54:80:60,-85,11
22/04/2026,08:11:04,229,Núcleo de pesquisa,IFPB-VISITANTE,84:F1:47:54:80:62,-85,11
22/04/2026,08:11:04,229,Núcleo de pesquisa,IFPB,24:36:DA:2B:BC:00,-87,6
22/04/2026,08:11:04,229,Núcleo de pesquisa,IFPB-VISITANTE,24:36:DA:2B:BC:02,-87,6
22/04/2026,08:11:14,230,Núcleo de pesquisa,IFPB,84:F1:47:54:8B:A0,-70,1
22/04/2026,08:11:14,230,Núcleo de pesquisa,IFPB-VISITANTE,84:F1:47:54:8B:A2,-70,1
22/04/2026,08:11:14,230,Núcleo de pesquisa,IFPB,84:F1:47:54:FD:60,-77,1
22/04/2026,08:11:14,230,Núcleo de pesquisa,IFPB-VISITANTE,84:F1:47:54:FD:62,-77,1
22/04/2026,08:11:14,230,Núcleo de pesquisa,IFPB,84:F1:47:54:81:00,-89,11
22/04/2026,08:11:14,230,Núcleo de pesquisa,IFPB-VISITANTE,84:F1:47:54:81:02,-90,11
22/04/2026,08:11:35,231,Coordenação de química,IFPB-VISITANTE,84:F1:47:54:FD:62,-76,1
22/04/2026,08:11:35,231,Coordenação de química,IFPB,84:F1:47:54:FD:60,-76,1
22/04/2026,08:11:35,231,Coordenação de química,IFPB,84:F1:47:54:8B:A0,-80,1
22/04/2026,08:11:35,231,Coordenação de química,IFPB-VISITANTE,84:F1:47:54:8B:A2,-80,1
22/04/2026,08:11:45,232,Coordenação de química,IFPB,84:F1:47:54:FD:60,-69,1
22/04/2026,08:11:45,232,Coordenação de química,IFPB-VISITANTE,84:F1:47:54:FD:62,-70,1
22/04/2026,08:11:45,232,Coordenação de química,IFPB,84:F1:47:54:8B:A0,-76,1
22/04/2026,08:11:45,232,Coordenação de química,IFPB-VISITANTE,84:F1:47:54:8B:A2,-76,1
22/04/2026,08:11:45,232,Coordenação de química,IFPB,84:F1:47:54:80:60,-88,11
22/04/2026,08:11:45,232,Coordenação de química,IFPB-VISITANTE,84:F1:47:54:80:62,-88,11
22/04/2026,08:11:55,233,Coordenação de química,IFPB,84:F1:47:54:FD:60,-70,1
22/04/2026,08:11:55,233,Coordenação de química,IFPB-VISITANTE,84:F1:47:54:FD:62,-70,1
22/04/2026,08:11:55,233,Coordenação de química,IFPB-VISITANTE,84:F1:47:54:8B:A2,-75,1
22/04/2026,08:11:55,233,Coordenação de química,IFPB,84:F1:47:54:8B:A0,-75,1
22/04/2026,08:11:55,233,Coordenação de química,IFPB,84:F1:47:54:80:60,-83,11
22/04/2026,08:11:55,233,Coordenação de química,IFPB-VISITANTE,84:F1:47:54:80:62,-84,11
22/04/2026,08:11:55,233,Coordenação de química,IFPB-VISITANTE,24:36:DA:2B:BC:02,-88,6
22/04/2026,08:11:55,233,Coordenação de química,IFPB,24:36:DA:2B:BC:00,-89,6
22/04/2026,08:11:55,233,Coordenação de química,IFPB,84:F1:47:54:81:00,-91,11
22/04/2026,08:11:55,233,Coordenação de química,IFPB,2C:57:41:D4:A5:20,-91,11
22/04/2026,08:12:05,234,Coordenação de química,IFPB,84:F1:47:54:FD:60,-73,1
22/04/2026,08:12:05,234,Coordenação de química,IFPB-VISITANTE,84:F1:47:54:FD:62,-73,1
22/04/2026,08:12:05,234,Coordenação de química,IFPB,84:F1:47:54:8B:A0,-73,1
22/04/2026,08:12:05,234,Coordenação de química,IFPB-VISITANTE,84:F1:47:54:8B:A2,-74,1
22/04/2026,08:12:05,234,Coordenação de química,IFPB-VISITANTE,84:F1:47:54:80:62,-86,11
22/04/2026,08:12:05,234,Coordenação de química,IFPB,84:F1:47:54:80:60,-86,11
22/04/2026,08:12:15,235,Coordenação de química,IFPB-VISITANTE,84:F1:47:54:FD:62,-71,1
22/04/2026,08:12:15,235,Coordenação de química,IFPB,84:F1:47:54:FD:60,-72,1
22/04/2026,08:12:15,235,Coordenação de química,IFPB,84:F1:47:54:8B:A0,-75,1
22/04/2026,08:12:15,235,Coordenação de química,IFPB-VISITANTE,84:F1:47:54:8B:A2,-75,1
22/04/2026,08:12:15,235,Coordenação de química,IFPB,84:F1:47:54:80:60,-86,11
22/04/2026,08:12:15,235,Coordenação de química,IFPB-VISITANTE,84:F1:47:54:80:62,-87,11
22/04/2026,08:12:15,235,Coordenação de química,IFPB,2C:57:41:D4:A5:20,-91,11
22/04/2026,08:12:15,235,Coordenação de química,IFPB-VISITANTE,2C:57:41:D4:A5:22,-91,11
22/04/2026,08:12:15,235,Coordenação de química,IFPB-VISITANTE,84:F1:47:54:81:02,-92,11
22/04/2026,08:12:25,236,Coordenação de química,IFPB,84:F1:47:54:FD:60,-73,1
22/04/2026,08:12:25,236,Coordenação de química,IFPB,84:F1:47:54:8B:A0,-73,1
22/04/2026,08:12:25,236,Coordenação de química,IFPB-VISITANTE,84:F1:47:54:FD:62,-73,1
22/04/2026,08:12:25,236,Coordenação de química,IFPB-VISITANTE,84:F1:47:54:8B:A2,-73,1
22/04/2026,08:12:25,236,Coordenação de química,IFPB-VISITANTE,84:F1:47:54:80:62,-86,11
22/04/2026,08:12:25,236,Coordenação de química,IFPB,84:F1:47:54:80:60,-89,11
22/04/2026,08:12:35,237,Coordenação de química,IFPB,84:F1:47:54:FD:60,-71,1
22/04/2026,08:12:35,237,Coordenação de química,IFPB-VISITANTE,84:F1:47:54:FD:62,-71,1
22/04/2026,08:12:35,237,Coordenação de química,IFPB,84:F1:47:54:8B:A0,-73,1
22/04/2026,08:12:35,237,Coordenação de química,IFPB-VISITANTE,84:F1:47:54:8B:A2,-73,1
22/04/2026,08:12:35,237,Coordenação de química,IFPB,84:F1:47:54:80:60,-87,11
22/04/2026,08:12:45,238,Coordenação de química,IFPB,84:F1:47:54:FD:60,-72,1
22/04/2026,08:12:45,238,Coordenação de química,IFPB-VISITANTE,84:F1:47:54:FD:62,-72,1
22/04/2026,08:12:45,238,Coordenação de química,IFPB,84:F1:47:54:8B:A0,-72,1
22/04/2026,08:12:45,238,Coordenação de química,IFPB-VISITANTE,84:F1:47:54:8B:A2,-72,1
22/04/2026,08:12:45,238,Coordenação de química,IFPB,84:F1:47:54:80:60,-84,11
22/04/2026,08:12:45,238,Coordenação de química,IFPB-VISITANTE,84:F1:47:54:80:62,-84,11
22/04/2026,08:12:45,238,Coordenação de química,IFPB,24:36:DA:2B:BC:00,-89,6
22/04/2026,08:12:45,238,Coordenação de química,IFPB,2C:57:41:D4:A5:20,-90,11
22/04/2026,08:12:45,238,Coordenação de química,IFPB-VISITANTE,2C:57:41:D4:A5:22,-90,11
22/04/2026,08:12:55,239,Coordenação de química,IFPB-VISITANTE,84:F1:47:54:8B:A2,-72,1
22/04/2026,08:12:55,239,Coordenação de química,IFPB,84:F1:47:54:FD:60,-73,1
22/04/2026,08:12:55,239,Coordenação de química,IFPB-VISITANTE,84:F1:47:54:FD:62,-73,1
22/04/2026,08:12:55,239,Coordenação de química,IFPB,84:F1:47:54:8B:A0,-73,1
22/04/2026,08:12:55,239,Coordenação de química,IFPB-VISITANTE,84:F1:47:54:80:62,-88,11
22/04/2026,08:12:55,239,Coordenação de química,IFPB,84:F1:47:54:80:60,-89,11
22/04/2026,08:13:05,240,Coordenação de química,IFPB,84:F1:47:54:FD:60,-71,1
22/04/2026,08:13:05,240,Coordenação de química,IFPB-VISITANTE,84:F1:47:54:FD:62,-71,1
22/04/2026,08:13:05,240,Coordenação de química,IFPB,84:F1:47:54:8B:A0,-73,1
22/04/2026,08:13:05,240,Coordenação de química,IFPB-VISITANTE,84:F1:47:54:8B:A2,-73,1
22/04/2026,08:13:05,240,Coordenação de química,IFPB,84:F1:47:54:80:60,-86,11
22/04/2026,08:13:05,240,Coordenação de química,IFPB-VISITANTE,84:F1:47:54:80:62,-88,11
