data,hora,num,local,ssid,bssid,rssi,canal
24/04/2026,07:01:57,1,Lab. Informática 09,IFPB-VISITANTE,84:F1:47:54:7F:22,-52,11
24/04/2026,07:01:57,1,Lab. Informática 09,IFPB,84:F1:47:54:7F:20,-53,11
24/04/2026,07:01:57,1,Lab. Informática 09,IFPB-VISITANTE,B8:11:4B:1D:1E:42,-78,6
24/04/2026,07:01:57,1,Lab. Informática 09,IFPB,B8:11:4B:1D:1E:40,-78,6
24/04/2026,07:01:57,1,Lab. Informática 09,IFPB,E4:4E:2D:85:4C:60,-86,11
24/04/2026,07:01:57,1,Lab. Informática 09,IFPB-VISITANTE,E4:4E:2D:85:4C:62,-86,11
24/04/2026,07:01:57,1,Lab. Informática 09,IFPB-VISITANTE,2C:57:41:D4:69:C2,-87,1
24/04/2026,07:01:57,1,Lab. Informática 09,IFPB,2C:57:41:D4:69:C0,-88,1
24/04/2026,07:01:58,1,Lab. Informática 09,IFPB-VISITANTE,84:F1:47:54:FD:C2,-89,1
24/04/2026,07:01:58,1,Lab. Informática 09,IFPB,84:F1:47:54:FD:C0,-89,1
24/04/2026,07:01:58,1,Lab. Informática 09,IFPB-VISITANTE,84:F1:47:54:96:E2,-89,1
24/04/2026,07:02:07,2,Lab. Informática 09,IFPB,84:F1:47:54:7F:20,-46,11
24/04/2026,07:02:07,2,Lab. Informática 09,IFPB-VISITANTE,84:F1:47:54:7F:22,-46,11
24/04/2026,07:02:07,2,Lab. Informática 09,IFPB,B8:11:4B:1D:1E:40,-78,6
24/04/2026,07:02:08,2,Lab. Informática 09,IFPB-VISITANTE,B8:11:4B:1D:1E:42,-79,6
24/04/2026,07:02:08,2,Lab. Informática 09,IFPB,84:F1:47:54:FD:C0,-84,1
24/04/2026,07:02:08,2,Lab. Informática 09,IFPB-VISITANTE,84:F1:47:54:FD:C2,-86,1
24/04/2026,07:02:08,2,Lab. Informática 09,IFPB-VISITANTE,E4:4E:2D:85:4C:62,-87,11
24/04/2026,07:02:08,2,Lab. Informática 09,IFPB,E4:4E:2D:85:4C:60,-87,11
24/04/2026,07:02:08,2,Lab. Informática 09,IFPB,2C:57:41:D4:69:C0,-88,1
24/04/2026,07:02:08,2,Lab. Informática 09,IFPB-VISITANTE,84:F1:47:54:96:E2,-88,1
24/04/2026,07:02:08,2,Lab. Informática 09,IFPB-VISITANTE,2C:57:41:D4:69:C2,-89,1
24/04/2026,07:02:08,2,Lab. Informática 09,IFPB,84:F1:47:54:96:E0,-89,1
24/04/2026,07:02:08,2,Lab. Informática 09,IFPB,84:F1:47:54:71:00,-89,1
24/04/2026,07:02:08,2,Lab. Informática 09,IFPB-VISITANTE,84:F1:47:54:71:02,-89,1
24/04/2026,07:02:18,3,Lab. Informática 09,IFPB,84:F1:47:54:7F:20,-44,11
24/04/2026,07:02:18,3,Lab. Informática 09,IFPB-VISITANTE,84:F1:47:54:7F:22,-44,11
24/04/2026,07:02:18,3,Lab. Informática 09,IFPB-VISITANTE,B8:11:4B:1D:1E:42,-77,6
24/04/2026,07:02:18,3,Lab. Informática 09,IFPB,B8:11:4B:1D:1E:40,-77,6
24/04/2026,07:02:18,3,Lab. Informática 09,IFPB,84:F1:47:54:FD:C0,-85,1
24/04/2026,07:02:18,3,Lab. Informática 09,IFPB-VISITANTE,84:F1:47:54:FD:C2,-85,1
24/04/2026,07:02:18,3,Lab. Informática 09,IFPB,2C:57:41:D4:69:C0,-86,1
24/04/2026,07:02:18,3,Lab. Informática 09,IFPB,E4:4E:2D:85:4C:60,-86,11
24/04/2026,07:02:18,3,Lab. Informática 09,IFPB-VISITANTE,E4:4E:2D:85:4C:62,-86,11
24/04/2026,07:02:18,3,Lab. Informática 09,IFPB-VISITANTE,84:F1:47:54:96:E2,-88,1
24/04/2026,07:02:18,3,Lab. Informática 09,IFPB-VISITANTE,2C:57:41:D4:69:C2,-88,1
24/04/2026,07:02:18,3,Lab. Informática 09,IFPB,84:F1:47:54:96:E0,-88,1
24/04/2026,07:02:18,3,Lab. Informática 09,IFPB-VISITANTE,84:F1:47:54:71:02,-89,1
24/04/2026,07:02:28,4,Lab. Informática 09,IFPB,84:F1:47:54:7F:20,-45,11
24/04/2026,07:02:28,4,Lab. Informática 09,IFPB-VISITANTE,84:F1:47:54:7F:22,-45,11
24/04/2026,07:02:28,4,Lab. Informática 09,IFPB,B8:11:4B:1D:1E:40,-78,6
24/04/2026,07:02:28,4,Lab. Informática 09,IFPB-VISITANTE,B8:11:4B:1D:1E:42,-79,6
24/04/2026,07:02:28,4,Lab. Informática 09,IFPB,2C:57:41:D4:69:C0,-85,1
24/04/2026,07:02:28,4,Lab. Informática 09,IFPB-VISITANTE,84:F1:47:54:FD:C2,-86,1
24/04/2026,07:02:28,4,Lab. Informática 09,IFPB-VISITANTE,2C:57:41:D4:69:C2,-86,1
24/04/2026,07:02:28,4,Lab. Informática 09,IFPB,84:F1:47:54:FD:C0,-87,1
24/04/2026,07:02:28,4,Lab. Informática 09,IFPB-VISITANTE,84:F1:47:54:96:E2,-88,1
24/04/2026,07:02:28,4,Lab. Informática 09,IFPB,84:F1:47:54:96:E0,-88,1
24/04/2026,07:02:28,4,Lab. Informática 09,IFPB-VISITANTE,84:F1:47:54:71:02,-88,1
24/04/2026,07:02:28,4,Lab. Informática 09,IFPB,84:F1:47:54:71:00,-89,1
24/04/2026,07:02:38,5,Lab. Informática 09,IFPB-VISITANTE,84:F1:47:54:7F:22,-45,11
24/04/2026,07:02:38,5,Lab. Informática 09,IFPB,84:F1:47:54:7F:20,-46,11
24/04/2026,07:02:38,5,Lab. Informática 09,IFPB,B8:11:4B:1D:1E:40,-78,6
24/04/2026,07:02:38,5,Lab. Informática 09,IFPB-VISITANTE,B8:11:4B:1D:1E:42,-78,6
24/04/2026,07:02:38,5,Lab. Informática 09,IFPB,E4:4E:2D:85:4C:60,-83,11
24/04/2026,07:02:38,5,Lab. Informática 09,IFPB-VISITANTE,E4:4E:2D:85:4C:62,-83,11
24/04/2026,07:02:38,5,Lab. Informática 09,IFPB,84:F1:47:54:FD:C0,-85,1
24/04/2026,07:02:38,5,Lab. Informática 09,IFPB-VISITANTE,84:F1:47:54:FD:C2,-85,1
24/04/2026,07:02:38,5,Lab. Informática 09,IFPB-VISITANTE,2C:57:41:D4:69:C2,-85,1
24/04/2026,07:02:38,5,Lab. Informática 09,IFPB,2C:57:41:D4:69:C0,-86,1
24/04/2026,07:02:38,5,Lab. Informática 09,IFPB,84:F1:47:54:96:E0,-87,1
24/04/2026,07:02:38,5,Lab. Informática 09,IFPB-VISITANTE,84:F1:47:54:96:E2,-88,1
24/04/2026,07:02:38,5,Lab. Informática 09,IFPB,84:F1:47:54:71:00,-89,1
24/04/2026,07:02:48,6,Lab. Informática 09,IFPB,84:F1:47:54:7F:20,-45,11
24/04/2026,07:02:48,6,Lab. Informática 09,IFPB-VISITANTE,84:F1:47:54:7F:22,-45,11
24/04/2026,07:02:48,6,Lab. Informática 09,IFPB-VISITANTE,B8:11:4B:1D:1E:42,-77,6
24/04/2026,07:02:48,6,Lab. Informática 09,IFPB,B8:11:4B:1D:1E:40,-78,6
24/04/2026,07:02:48,6,Lab. Informática 09,IFPB-VISITANTE,84:F1:47:54:FD:C2,-86,1
24/04/2026,07:02:48,6,Lab. Informática 09,IFPB,84:F1:47:54:FD:C0,-87,1
24/04/2026,07:02:48,6,Lab. Informática 09,IFPB,84:F1:47:54:96:E0,-89,1
24/04/2026,07:02:48,6,Lab. Informática 09,IFPB-VISITANTE,84:F1:47:54:96:E2,-89,1
24/04/2026,07:02:48,6,Lab. Informática 09,IFPB-VISITANTE,E4:4E:2D:85:4C:62,-90,11
24/04/2026,07:02:58,7,Lab. Informática 09,IFPB,84:F1:47:54:7F:20,-44,11
24/04/2026,07:02:58,7,Lab. Informática 09,IFPB-VISITANTE,84:F1:47:54:7F:22,-44,11
24/04/2026,07:02:58,7,Lab. Informática 09,IFPB,B8:11:4B:1D:1E:40,-77,6
24/04/2026,07:02:58,7,Lab. Informática 09,IFPB-VISITANTE,B8:11:4B:1D:1E:42,-77,6
24/04/2026,07:02:58,7,Lab. Informática 09,IFPB,2C:57:41:D4:69:C0,-86,1
24/04/2026,07:02:58,7,Lab. Informática 09,IFPB,84:F1:47:54:FD:C0,-87,1
24/04/2026,07:02:58,7,Lab. Informática 09,IFPB-VISITANTE,84:F1:47:54:FD:C2,-87,1
24/04/2026,07:02:58,7,Lab. Informática 09,IFPB,84:F1:47:54:96:E0,-87,1
24/04/2026,07:02:58,7,Lab. Informática 09,IFPB,84:F1:47:54:71:00,-87,1
24/04/2026,07:02:58,7,Lab. Informática 09,IFPB-VISITANTE,2C:57:41:D4:69:C2,-87,1
24/04/2026,07:02:58,7,Lab. Informática 09,IFPB-VISITANTE,84:F1:47:54:96:E2,-88,1
24/04/2026,07:02:59,7,Lab. Informática 09,IFPB-VISITANTE,84:F1:47:54:71:02,-89,1
24/04/2026,07:03:08,8,Lab. Informática 09,IFPB,84:F1:47:54:7F:20,-45,11
24/04/2026,07:03:08,8,Lab. Informática 09,IFPB-VISITANTE,84:F1:47:54:7F:22,-45,11
24/04/2026,07:03:08,8,Lab. Informática 09,IFPB,B8:11:4B:1D:1E:40,-77,6
24/04/2026,07:03:08,8,Lab. Informática 09,IFPB-VISITANTE,B8:11:4B:1D:1E:42,-77,6
24/04/2026,07:03:08,8,Lab. Informática 09,IFPB-VISITANTE,84:F1:47:54:FD:C2,-84,1
24/04/2026,07:03:08,8,Lab. Informática 09,IFPB,84:F1:47:54:FD:C0,-85,1
24/04/2026,07:03:08,8,Lab. Informática 09,IFPB-VISITANTE,2C:57:41:D4:69:C2,-88,1
24/04/2026,07:03:08,8,Lab. Informática 09,IFPB,2C:57:41:D4:69:C0,-88,1
24/04/2026,07:03:08,8,Lab. Informática 09,IFPB,E4:4E:2D:85:4C:60,-88,11
24/04/2026,07:03:18,9,Lab. Informática 09,IFPB,84:F1:47:54:7F:20,-51,11
24/04/2026,07:03:18,9,Lab. Informática 09,IFPB-VISITANTE,84:F1:47:54:7F:22,-51,11
24/04/2026,07:03:18,9,Lab. Informática 09,IFPB,B8:11:4B:1D:1E:40,-76,6
24/04/2026,07:03:18,9,Lab. Informática 09,IFPB-VISITANTE,B8:11:4B:1D:1E:42,-76,6
24/04/2026,07:03:18,9,Lab. Informática 09,IFPB-VISITANTE,84:F1:47:54:FD:C2,-83,1
24/04/2026,07:03:18,9,Lab. Informática 09,IFPB,84:F1:47:54:FD:C0,-85,1
24/04/2026,07:03:18,9,Lab. Informática 09,IFPB,E4:4E:2D:85:4C:60,-86,11
24/04/2026,07:03:18,9,Lab. Informática 09,IFPB,2C:57:41:D4:69:C0,-87,1
24/04/2026,07:03:18,9,Lab. Informática 09,IFPB-VISITANTE,2C:57:41:D4:69:C2,-88,1
24/04/2026,07:03:18,9,Lab. Informática 09,IFPB,84:F1:47:54:71:00,-89,1
24/04/2026,07:03:18,9,Lab. Informática 09,IFPB-VISITANTE,84:F1:47:54:96:E2,-89,1
24/04/2026,07:03:19,9,Lab. Informática 09,IFPB-VISITANTE,E4:4E:2D:85:4C:62,-89,11
24/04/2026,07:03:28,10,Lab. Informática 09,IFPB,84:F1:47:54:7F:20,-50,11
24/04/2026,07:03:28,10,Lab. Informática 09,IFPB-VISITANTE,84:F1:47:54:7F:22,-51,11
24/04/2026,07:03:28,10,Lab. Informática 09,IFPB-VISITANTE,B8:11:4B:1D:1E:42,-77,6
24/04/2026,07:03:28,10,Lab. Informática 09,IFPB,B8:11:4B:1D:1E:40,-78,6
24/04/2026,07:03:28,10,Lab. Informática 09,IFPB-VISITANTE,2C:57:41:D4:69:C2,-86,1
24/04/2026,07:03:28,10,Lab. Informática 09,IFPB-VISITANTE,E4:4E:2D:85:4C:62,-87,11
24/04/2026,07:03:28,10,Lab. Informática 09,IFPB,2C:57:41:D4:69:C0,-88,1
24/04/2026,07:03:29,10,Lab. Informática 09,IFPB-VISITANTE,84:F1:47:54:96:E2,-88,1
24/04/2026,07:03:29,10,Lab. Informática 09,IFPB,E4:4E:2D:85:4C:60,-88,11
24/04/2026,07:03:29,10,Lab. Informática 09,IFPB,84:F1:47:54:96:E0,-89,1
24/04/2026,07:03:53,11,Sala dos técnicos,IFPB,84:F1:47:54:7F:20,-63,11
24/04/2026,07:03:53,11,Sala dos técnicos,IFPB-VISITANTE,84:F1:47:54:7F:22,-63,11
24/04/2026,07:03:53,11,Sala dos técnicos,IFPB,84:F1:47:54:96:E0,-76,1
24/04/2026,07:03:53,11,Sala dos técnicos,IFPB-VISITANTE,84:F1:47:54:96:E2,-76,1
24/04/2026,07:03:53,11,Sala dos técnicos,IFPB,E4:4E:2D:85:4C:60,-78,11
24/04/2026,07:03:53,11,Sala dos técnicos,IFPB-VISITANTE,E4:4E:2D:85:4C:62,-78,11
24/04/2026,07:03:53,11,Sala dos técnicos,IFPB,84:F1:47:54:FD:C0,-81,1
24/04/2026,07:03:53,11,Sala dos técnicos,IFPB-VISITANTE,84:F1:47:54:FD:C2,-81,1
24/04/2026,07:03:53,11,Sala dos técnicos,IFPB,84:F1:47:54:F9:80,-83,11
24/04/2026,07:03:53,11,Sala dos técnicos,IFPB-VISITANTE,84:F1:47:54:F9:82,-84,11
24/04/2026,07:03:53,11,Sala dos técnicos,IFPB,84:F1:47:54:71:00,-87,1
24/04/2026,07:03:53,11,Sala dos técnicos,IFPB-VISITANTE,84:F1:47:54:71:02,-88,1
24/04/2026,07:03:53,11,Sala dos técnicos,IFPB-VISITANTE,B8:11:4B:1D:1E:42,-89,6
24/04/2026,07:03:53,11,Sala dos técnicos,IFPB-VISITANTE,84:F1:47:54:95:E2,-89,11
24/04/2026,07:03:53,11,Sala dos técnicos,IFPB,84:F1:47:54:95:E0,-90,11
24/04/2026,07:04:03,12,Sala dos técnicos,IFPB,84:F1:47:54:7F:20,-65,11
24/04/2026,07:04:03,12,Sala dos técnicos,IFPB-VISITANTE,84:F1:47:54:7F:22,-66,11
24/04/2026,07:04:03,12,Sala dos técnicos,IFPB,84:F1:47:54:96:E0,-76,1
24/04/2026,07:04:03,12,Sala dos técnicos,IFPB-VISITANTE,84:F1:47:54:96:E2,-76,1
24/04/2026,07:04:03,12,Sala dos técnicos,IFPB,84:F1:47:54:FD:C0,-78,1
24/04/2026,07:04:03,12,Sala dos técnicos,IFPB,E4:4E:2D:85:4C:60,-79,11
24/04/2026,07:04:03,12,Sala dos técnicos,IFPB-VISITANTE,E4:4E:2D:85:4C:62,-79,11
24/04/2026,07:04:03,12,Sala dos técnicos,IFPB-VISITANTE,84:F1:47:54:FD:C2,-80,1
24/04/2026,07:04:03,12,Sala dos técnicos,IFPB,84:F1:47:54:F9:80,-84,11
24/04/2026,07:04:03,12,Sala dos técnicos,IFPB-VISITANTE,84:F1:47:54:F9:82,-84,11
24/04/2026,07:04:03,12,Sala dos técnicos,IFPB,84:F1:47:54:95:E0,-87,11
24/04/2026,07:04:03,12,Sala dos técnicos,IFPB-VISITANTE,84:F1:47:54:71:02,-88,1
24/04/2026,07:04:03,12,Sala dos técnicos,IFPB-VISITANTE,84:F1:47:54:95:E2,-88,11
24/04/2026,07:04:03,12,Sala dos técnicos,IFPB,84:F1:47:54:71:00,-89,1
24/04/2026,07:04:13,13,Sala dos técnicos,IFPB-VISITANTE,84:F1:47:54:7F:22,-63,11
24/04/2026,07:04:13,13,Sala dos técnicos,IFPB,84:F1:47:54:7F:20,-64,11
24/04/2026,07:04:13,13,Sala dos técnicos,IFPB-VISITANTE,84:F1:47:54:96:E2,-70,1
24/04/2026,07:04:13,13,Sala dos técnicos,IFPB,84:F1:47:54:96:E0,-71,1
24/04/2026,07:04:13,13,Sala dos técnicos,IFPB-VISITANTE,E4:4E:2D:85:4C:62,-79,11
24/04/2026,07:04:13,13,Sala dos técnicos,IFPB,E4:4E:2D:85:4C:60,-80,11
24/04/2026,07:04:13,13,Sala dos técnicos,IFPB,84:F1:47:54:FD:C0,-81,1
24/04/2026,07:04:13,13,Sala dos técnicos,IFPB-VISITANTE,84:F1:47:54:FD:C2,-81,1
24/04/2026,07:04:13,13,Sala dos técnicos,IFPB,84:F1:47:54:F9:80,-83,11
24/04/2026,07:04:13,13,Sala dos técnicos,IFPB-VISITANTE,84:F1:47:54:F9:82,-84,11
24/04/2026,07:04:14,13,Sala dos técnicos,IFPB,84:F1:47:54:71:00,-87,1
24/04/2026,07:04:14,13,Sala dos técnicos,IFPB-VISITANTE,84:F1:47:54:71:02,-87,1
24/04/2026,07:04:14,13,Sala dos técnicos,IFPB,84:F1:47:54:95:E0,-87,11
24/04/2026,07:04:14,13,Sala dos técnicos,IFPB-VISITANTE,84:F1:47:54:95:E2,-88,11
24/04/2026,07:04:23,14,Sala dos técnicos,IFPB,84:F1:47:54:7F:20,-60,11
24/04/2026,07:04:23,14,Sala dos técnicos,IFPB-VISITANTE,84:F1:47:54:7F:22,-61,11
24/04/2026,07:04:23,14,Sala dos técnicos,IFPB-VISITANTE,84:F1:47:54:96:E2,-77,1
24/04/2026,07:04:23,14,Sala dos técnicos,IFPB,84:F1:47:54:96:E0,-78,1
24/04/2026,07:04:23,14,Sala dos técnicos,IFPB,E4:4E:2D:85:4C:60,-79,11
24/04/2026,07:04:23,14,Sala dos técnicos,IFPB-VISITANTE,E4:4E:2D:85:4C:62,-79,11
24/04/2026,07:04:24,14,Sala dos técnicos,IFPB,84:F1:47:54:FD:C0,-81,1
24/04/2026,07:04:24,14,Sala dos técnicos,IFPB-VISITANTE,84:F1:47:54:FD:C2,-82,1
24/04/2026,07:04:24,14,Sala dos técnicos,IFPB-VISITANTE,84:F1:47:54:95:E2,-84,11
24/04/2026,07:04:24,14,Sala dos técnicos,IFPB,84:F1:47:54:95:E0,-85,11
24/04/2026,07:04:24,14,Sala dos técnicos,IFPB-VISITANTE,B8:11:4B:1D:1E:42,-86,6
24/04/2026,07:04:24,14,Sala dos técnicos,IFPB,84:F1:47:54:F9:80,-87,11
24/04/2026,07:04:24,14,Sala dos técnicos,IFPB,B8:11:4B:1D:1E:40,-88,6
24/04/2026,07:04:24,14,Sala dos técnicos,IFPB-VISITANTE,84:F1:47:54:F9:82,-89,11
24/04/2026,07:04:33,15,Sala dos técnicos,IFPB,84:F1:47:54:7F:20,-62,11
24/04/2026,07:04:33,15,Sala dos técnicos,IFPB-VISITANTE,84:F1:47:54:7F:22,-62,11
24/04/2026,07:04:34,15,Sala dos técnicos,IFPB,84:F1:47:54:96:E0,-70,1
24/04/2026,07:04:34,15,Sala dos técnicos,IFPB-VISITANTE,84:F1:47:54:96:E2,-70,1
24/04/2026,07:04:34,15,Sala dos técnicos,IFPB-VISITANTE,84:F1:47:54:FD:C2,-81,1
24/04/2026,07:04:34,15,Sala dos técnicos,IFPB,E4:4E:2D:85:4C:60,-81,11
24/04/2026,07:04:34,15,Sala dos técnicos,IFPB-VISITANTE,E4:4E:2D:85:4C:62,-81,11
24/04/2026,07:04:34,15,Sala dos técnicos,IFPB,84:F1:47:54:FD:C0,-82,1
24/04/2026,07:04:34,15,Sala dos técnicos,IFPB,84:F1:47:54:F9:80,-85,11
24/04/2026,07:04:34,15,Sala dos técnicos,IFPB-VISITANTE,84:F1:47:54:F9:82,-86,11
24/04/2026,07:04:34,15,Sala dos técnicos,IFPB-VISITANTE,84:F1:47:54:95:E2,-86,11
24/04/2026,07:04:34,15,Sala dos técnicos,IFPB,84:F1:47:54:95:E0,-86,11
24/04/2026,07:04:34,15,Sala dos técnicos,IFPB-VISITANTE,B8:11:4B:1D:1E:42,-87,6
24/04/2026,07:04:34,15,Sala dos técnicos,IFPB-VISITANTE,84:F1:47:54:71:02,-89,1
24/04/2026,07:04:34,15,Sala dos técnicos,IFPB,B8:11:4B:1D:1E:40,-89,6
24/04/2026,07:04:34,15,Sala dos técnicos,IFPB,84:F1:47:54:71:00,-90,1
24/04/2026,07:04:44,16,Sala dos técnicos,IFPB,84:F1:47:54:7F:20,-62,11
24/04/2026,07:04:44,16,Sala dos técnicos,IFPB-VISITANTE,84:F1:47:54:7F:22,-62,11
24/04/2026,07:04:44,16,Sala dos técnicos,IFPB,84:F1:47:54:96:E0,-73,1
24/04/2026,07:04:44,16,Sala dos técnicos,IFPB-VISITANTE,84:F1:47:54:96:E2,-73,1
24/04/2026,07:04:44,16,Sala dos técnicos,IFPB-VISITANTE,84:F1:47:54:FD:C2,-80,1
24/04/2026,07:04:44,16,Sala dos técnicos,IFPB,E4:4E:2D:85:4C:60,-80,11
24/04/2026,07:04:44,16,Sala dos técnicos,IFPB-VISITANTE,E4:4E:2D:85:4C:62,-80,11
24/04/2026,07:04:44,16,Sala dos técnicos,IFPB,84:F1:47:54:FD:C0,-81,1
24/04/2026,07:04:44,16,Sala dos técnicos,IFPB,84:F1:47:54:95:E0,-86,11
24/04/2026,07:04:44,16,Sala dos técnicos,IFPB,B8:11:4B:1D:1E:40,-87,6
24/04/2026,07:04:44,16,Sala dos técnicos,IFPB-VISITANTE,B8:11:4B:1D:1E:42,-87,6
24/04/2026,07:04:44,16,Sala dos técnicos,IFPB-VISITANTE,84:F1:47:54:95:E2,-87,11
24/04/2026,07:04:44,16,Sala dos técnicos,IFPB,84:F1:47:54:71:00,-88,1
24/04/2026,07:04:44,16,Sala dos técnicos,IFPB-VISITANTE,84:F1:47:54:71:02,-89,1
24/04/2026,07:04:44,16,Sala dos técnicos,IFPB-VISITANTE,84:F1:47:54:F9:82,-89,11
24/04/2026,07:04:44,16,Sala dos técnicos,IFPB,84:F1:47:54:F9:80,-90,11
24/04/2026,07:04:54,17,Sala dos técnicos,IFPB,84:F1:47:54:7F:20,-62,11
24/04/2026,07:04:54,17,Sala dos técnicos,IFPB-VISITANTE,84:F1:47:54:7F:22,-62,11
24/04/2026,07:04:54,17,Sala dos técnicos,IFPB,84:F1:47:54:96:E0,-73,1
24/04/2026,07:04:54,17,Sala dos técnicos,IFPB-VISITANTE,84:F1:47:54:96:E2,-73,1
24/04/2026,07:04:54,17,Sala dos técnicos,IFPB,84:F1:47:54:FD:C0,-80,1
24/04/2026,07:04:54,17,Sala dos técnicos,IFPB,E4:4E:2D:85:4C:60,-80,11
24/04/2026,07:04:54,17,Sala dos técnicos,IFPB-VISITANTE,E4:4E:2D:85:4C:62,-80,11
24/04/2026,07:04:54,17,Sala dos técnicos,IFPB-VISITANTE,84:F1:47:54:FD:C2,-81,1
24/04/2026,07:04:54,17,Sala dos técnicos,IFPB,84:F1:47:54:F9:80,-84,11
24/04/2026,07:04:54,17,Sala dos técnicos,IFPB-VISITANTE,84:F1:47:54:F9:82,-84,11
24/04/2026,07:04:54,17,Sala dos técnicos,IFPB,84:F1:47:54:71:00,-88,1
24/04/2026,07:04:54,17,Sala dos técnicos,IFPB-VISITANTE,84:F1:47:54:95:E2,-88,11
24/04/2026,07:04:54,17,Sala dos técnicos,IFPB-VISITANTE,84:F1:47:54:71:02,-89,1
24/04/2026,07:04:55,17,Sala dos técnicos,IFPB,84:F1:47:54:95:E0,-89,11
24/04/2026,07:05:04,18,Sala dos técnicos,IFPB,84:F1:47:54:7F:20,-60,11
24/04/2026,07:05:04,18,Sala dos técnicos,IFPB-VISITANTE,84:F1:47:54:7F:22,-60,11
24/04/2026,07:05:04,18,Sala dos técnicos,IFPB,84:F1:47:54:96:E0,-78,1
24/04/2026,07:05:04,18,Sala dos técnicos,IFPB-VISITANTE,84:F1:47:54:96:E2,-78,1
24/04/2026,07:05:04,18,Sala dos técnicos,IFPB,84:F1:47:54:FD:C0,-81,1
24/04/2026,07:05:04,18,Sala dos técnicos,IFPB,E4:4E:2D:85:4C:60,-81,11
24/04/2026,07:05:04,18,Sala dos técnicos,IFPB-VISITANTE,E4:4E:2D:85:4C:62,-81,11
24/04/2026,07:05:04,18,Sala dos técnicos,IFPB-VISITANTE,84:F1:47:54:FD:C2,-82,1
24/04/2026,07:05:05,18,Sala dos técnicos,IFPB,84:F1:47:54:95:E0,-85,11
24/04/2026,07:05:05,18,Sala dos técnicos,IFPB-VISITANTE,84:F1:47:54:95:E2,-85,11
24/04/2026,07:05:05,18,Sala dos técnicos,IFPB,84:F1:47:54:F9:80,-86,11
24/04/2026,07:05:05,18,Sala dos técnicos,IFPB-VISITANTE,84:F1:47:54:71:02,-87,1
24/04/2026,07:05:05,18,Sala dos técnicos,IFPB-VISITANTE,84:F1:47:54:F9:82,-87,11
24/04/2026,07:05:05,18,Sala dos técnicos,IFPB,84:F1:47:54:71:00,-88,1
24/04/2026,07:05:14,19,Sala dos técnicos,IFPB-VISITANTE,84:F1:47:54:7F:22,-61,11
24/04/2026,07:05:14,19,Sala dos técnicos,IFPB,84:F1:47:54:7F:20,-62,11
24/04/2026,07:05:14,19,Sala dos técnicos,IFPB,84:F1:47:54:96:E0,-70,1
24/04/2026,07:05:14,19,Sala dos técnicos,IFPB-VISITANTE,84:F1:47:54:96:E2,-70,1
24/04/2026,07:05:15,19,Sala dos técnicos,IFPB,84:F1:47:54:FD:C0,-79,1
24/04/2026,07:05:15,19,Sala dos técnicos,IFPB-VISITANTE,84:F1:47:54:FD:C2,-81,1
24/04/2026,07:05:15,19,Sala dos técnicos,IFPB,E4:4E:2D:85:4C:60,-81,11
24/04/2026,07:05:15,19,Sala dos técnicos,IFPB-VISITANTE,E4:4E:2D:85:4C:62,-82,11
24/04/2026,07:05:15,19,Sala dos técnicos,IFPB,84:F1:47:54:F9:80,-86,11
24/04/2026,07:05:15,19,Sala dos técnicos,IFPB-VISITANTE,84:F1:47:54:F9:82,-86,11
24/04/2026,07:05:15,19,Sala dos técnicos,IFPB,84:F1:47:54:95:E0,-86,11
24/04/2026,07:05:15,19,Sala dos técnicos,IFPB-VISITANTE,84:F1:47:54:95:E2,-86,11
24/04/2026,07:05:15,19,Sala dos técnicos,IFPB,B8:11:4B:1D:1E:40,-87,6
24/04/2026,07:05:15,19,Sala dos técnicos,IFPB-VISITANTE,B8:11:4B:1D:1E:42,-87,6
24/04/2026,07:05:15,19,Sala dos técnicos,IFPB,84:F1:47:54:71:00,-88,1
24/04/2026,07:05:15,19,Sala dos técnicos,IFPB-VISITANTE,84:F1:47:54:71:02,-89,1
24/04/2026,07:05:25,20,Sala dos técnicos,IFPB,84:F1:47:54:7F:20,-62,11
24/04/2026,07:05:25,20,Sala dos técnicos,IFPB-VISITANTE,84:F1:47:54:7F:22,-62,11
24/04/2026,07:05:25,20,Sala dos técnicos,IFPB,84:F1:47:54:96:E0,-70,1
24/04/2026,07:05:25,20,Sala dos técnicos,IFPB-VISITANTE,84:F1:47:54:96:E2,-71,1
24/04/2026,07:05:25,20,Sala dos técnicos,IFPB-VISITANTE,84:F1:47:54:FD:C2,-80,1
24/04/2026,07:05:25,20,Sala dos técnicos,IFPB,84:F1:47:54:FD:C0,-81,1
24/04/2026,07:05:25,20,Sala dos técnicos,IFPB,E4:4E:2D:85:4C:60,-82,11
24/04/2026,07:05:25,20,Sala dos técnicos,IFPB-VISITANTE,E4:4E:2D:85:4C:62,-82,11
24/04/2026,07:05:25,20,Sala dos técnicos,IFPB,84:F1:47:54:71:00,-87,1
24/04/2026,07:05:25,20,Sala dos técnicos,IFPB-VISITANTE,84:F1:47:54:95:E2,-87,11
24/04/2026,07:05:25,20,Sala dos técnicos,IFPB,84:F1:47:54:95:E0,-87,11
24/04/2026,07:05:25,20,Sala dos técnicos,IFPB-VISITANTE,84:F1:47:54:71:02,-88,1
24/04/2026,07:05:25,20,Sala dos técnicos,IFPB-VISITANTE,B8:11:4B:1D:1E:42,-90,6
24/04/2026,07:05:25,20,Sala dos técnicos,IFPB,84:F1:47:54:F9:80,-90,11
24/04/2026,07:05:25,20,Sala dos técnicos,IFPB-VISITANTE,84:F1:47:54:F9:82,-91,11
24/04/2026,07:05:49,21,Lab. de telecomunicações,IFPB,84:F1:47:54:7F:20,-64,11
24/04/2026,07:05:49,21,Lab. de telecomunicações,IFPB-VISITANTE,84:F1:47:54:7F:22,-64,11
24/04/2026,07:05:50,21,Lab. de telecomunicações,IFPB,84:F1:47:54:96:E0,-77,1
24/04/2026,07:05:50,21,Lab. de telecomunicações,IFPB-VISITANTE,84:F1:47:54:96:E2,-77,1
24/04/2026,07:05:50,21,Lab. de telecomunicações,IFPB,84:F1:47:54:FD:C0,-79,1
24/04/2026,07:05:50,21,Lab. de telecomunicações,IFPB-VISITANTE,84:F1:47:54:FD:C2,-79,1
24/04/2026,07:05:50,21,Lab. de telecomunicações,IFPB-VISITANTE,84:F1:47:54:71:02,-82,1
24/04/2026,07:05:50,21,Lab. de telecomunicações,IFPB,84:F1:47:54:71:00,-83,1
24/04/2026,07:05:50,21,Lab. de telecomunicações,IFPB,E4:4E:2D:85:4C:60,-86,11
24/04/2026,07:05:50,21,Lab. de telecomunicações,IFPB-VISITANTE,E4:4E:2D:85:4C:62,-86,11
24/04/2026,07:05:50,21,Lab. de telecomunicações,IFPB-VISITANTE,84:F1:47:54:F9:82,-87,11
24/04/2026,07:05:50,21,Lab. de telecomunicações,IFPB,84:F1:47:54:F9:80,-87,11
24/04/2026,07:06:00,22,Lab. de telecomunicações,IFPB,84:F1:47:54:7F:20,-65,11
24/04/2026,07:06:00,22,Lab. de telecomunicações,IFPB-VISITANTE,84:F1:47:54:7F:22,-65,11
24/04/2026,07:06:00,22,Lab. de telecomunicações,IFPB,84:F1:47:54:FD:C0,-76,1
24/04/2026,07:06:00,22,Lab. de telecomunicações,IFPB-VISITANTE,84:F1:47:54:FD:C2,-76,1
24/04/2026,07:06:00,22,Lab. de telecomunicações,IFPB-VISITANTE,84:F1:47:54:71:02,-81,1
24/04/2026,07:06:00,22,Lab. de telecomunicações,IFPB,84:F1:47:54:71:00,-82,1
24/04/2026,07:06:00,22,Lab. de telecomunicações,IFPB,B8:11:4B:1D:1E:40,-86,6
24/04/2026,07:06:00,22,Lab. de telecomunicações,IFPB-VISITANTE,2C:57:41:D4:69:C2,-88,1
24/04/2026,07:06:00,22,Lab. de telecomunicações,IFPB-VISITANTE,E4:4E:2D:85:4C:62,-88,11
24/04/2026,07:06:00,22,Lab. de telecomunicações,IFPB,84:F1:47:54:96:E0,-89,1
24/04/2026,07:06:00,22,Lab. de telecomunicações,IFPB,E4:4E:2D:85:4C:60,-89,11
24/04/2026,07:06:00,22,Lab. de telecomunicações,IFPB,2C:57:41:D4:69:C0,-90,1
24/04/2026,07:06:10,23,Lab. de telecomunicações,IFPB,84:F1:47:54:7F:20,-62,11
24/04/2026,07:06:10,23,Lab. de telecomunicações,IFPB-VISITANTE,84:F1:47:54:7F:22,-63,11
24/04/2026,07:06:10,23,Lab. de telecomunicações,IFPB-VISITANTE,84:F1:47:54:FD:C2,-77,1
24/04/2026,07:06:10,23,Lab. de telecomunicações,IFPB,84:F1:47:54:FD:C0,-77,1
24/04/2026,07:06:10,23,Lab. de telecomunicações,IFPB,E4:4E:2D:85:4C:60,-79,11
24/04/2026,07:06:10,23,Lab. de telecomunicações,IFPB-VISITANTE,E4:4E:2D:85:4C:62,-79,11
24/04/2026,07:06:10,23,Lab. de telecomunicações,IFPB-VISITANTE,84:F1:47:54:71:02,-82,1
24/04/2026,07:06:10,23,Lab. de telecomunicações,IFPB,84:F1:47:54:71:00,-82,1
24/04/2026,07:06:10,23,Lab. de telecomunicações,IFPB,84:F1:47:54:96:E0,-82,1
24/04/2026,07:06:10,23,Lab. de telecomunicações,IFPB-VISITANTE,84:F1:47:54:96:E2,-83,1
24/04/2026,07:06:10,23,Lab. de telecomunicações,IFPB,84:F1:47:54:95:E0,-85,11
24/04/2026,07:06:10,23,Lab. de telecomunicações,IFPB-VISITANTE,84:F1:47:54:95:E2,-85,11
24/04/2026,07:06:10,23,Lab. de telecomunicações,IFPB,B8:11:4B:1D:1E:40,-87,6
24/04/2026,07:06:10,23,Lab. de telecomunicações,IFPB-VISITANTE,2C:57:41:D4:69:C2,-88,1
24/04/2026,07:06:10,23,Lab. de telecomunicações,IFPB,2C:57:41:D4:69:C0,-89,1
24/04/2026,07:06:20,24,Lab. de telecomunicações,IFPB,84:F1:47:54:7F:20,-70,11
24/04/2026,07:06:20,24,Lab. de telecomunicações,IFPB-VISITANTE,84:F1:47:54:7F:22,-71,11
24/04/2026,07:06:20,24,Lab. de telecomunicações,IFPB-VISITANTE,84:F1:47:54:FD:C2,-75,1
24/04/2026,07:06:20,24,Lab. de telecomunicações,IFPB,E4:4E:2D:85:4C:60,-81,11
24/04/2026,07:06:20,24,Lab. de telecomunicações,IFPB,84:F1:47:54:96:E0,-83,1
24/04/2026,07:06:20,24,Lab. de telecomunicações,IFPB-VISITANTE,84:F1:47:54:96:E2,-83,1
24/04/2026,07:06:20,24,Lab. de telecomunicações,IFPB-VISITANTE,E4:4E:2D:85:4C:62,-83,11
24/04/2026,07:06:20,24,Lab. de telecomunicações,IFPB,84:F1:47:54:71:00,-84,1
24/04/2026,07:06:20,24,Lab. de telecomunicações,IFPB-VISITANTE,84:F1:47:54:71:02,-84,1
24/04/2026,07:06:20,24,Lab. de telecomunicações,IFPB,B8:11:4B:1D:1E:40,-86,6
24/04/2026,07:06:20,24,Lab. de telecomunicações,IFPB-VISITANTE,B8:11:4B:1D:1E:42,-86,6
24/04/2026,07:06:20,24,Lab. de telecomunicações,IFPB,84:F1:47:54:95:E0,-86,11
24/04/2026,07:06:20,24,Lab. de telecomunicações,IFPB-VISITANTE,84:F1:47:54:95:E2,-86,11
24/04/2026,07:06:20,24,Lab. de telecomunicações,IFPB,84:F1:47:54:F9:80,-86,11
24/04/2026,07:06:20,24,Lab. de telecomunicações,IFPB-VISITANTE,84:F1:47:54:F9:82,-86,11
24/04/2026,07:06:30,25,Lab. de telecomunicações,IFPB-VISITANTE,84:F1:47:54:96:E2,-76,1
24/04/2026,07:06:30,25,Lab. de telecomunicações,IFPB-VISITANTE,84:F1:47:54:7F:22,-76,11
24/04/2026,07:06:30,25,Lab. de telecomunicações,IFPB,84:F1:47:54:96:E0,-77,1
24/04/2026,07:06:30,25,Lab. de telecomunicações,IFPB,84:F1:47:54:7F:20,-77,11
24/04/2026,07:06:30,25,Lab. de telecomunicações,IFPB,84:F1:47:54:71:00,-82,1
24/04/2026,07:06:30,25,Lab. de telecomunicações,IFPB-VISITANTE,84:F1:47:54:71:02,-82,1
24/04/2026,07:06:30,25,Lab. de telecomunicações,IFPB,84:F1:47:54:FD:C0,-82,1
24/04/2026,07:06:30,25,Lab. de telecomunicações,IFPB-VISITANTE,84:F1:47:54:FD:C2,-82,1
24/04/2026,07:06:30,25,Lab. de telecomunicações,IFPB,B8:11:4B:1D:1E:40,-85,6
24/04/2026,07:06:31,25,Lab. de telecomunicações,IFPB-VISITANTE,B8:11:4B:1D:1E:42,-85,6
24/04/2026,07:06:31,25,Lab. de telecomunicações,IFPB,E4:4E:2D:85:4C:60,-85,11
24/04/2026,07:06:31,25,Lab. de telecomunicações,IFPB-VISITANTE,E4:4E:2D:85:4C:62,-85,11
24/04/2026,07:06:31,25,Lab. de telecomunicações,IFPB-VISITANTE,84:F1:47:54:F9:82,-87,11
24/04/2026,07:06:31,25,Lab. de telecomunicações,IFPB,84:F1:47:54:F9:80,-88,11
24/04/2026,07:06:31,25,Lab. de telecomunicações,IFPB-VISITANTE,84:F1:47:54:95:E2,-91,11
24/04/2026,07:06:40,26,Lab. de telecomunicações,IFPB-VISITANTE,84:F1:47:54:7F:22,-68,11
24/04/2026,07:06:40,26,Lab. de telecomunicações,IFPB,84:F1:47:54:7F:20,-69,11
24/04/2026,07:06:41,26,Lab. de telecomunicações,IFPB,84:F1:47:54:FD:C0,-77,1
24/04/2026,07:06:41,26,Lab. de telecomunicações,IFPB-VISITANTE,84:F1:47:54:FD:C2,-77,1
24/04/2026,07:06:41,26,Lab. de telecomunicações,IFPB-VISITANTE,84:F1:47:54:96:E2,-78,1
24/04/2026,07:06:41,26,Lab. de telecomunicações,IFPB,84:F1:47:54:96:E0,-78,1
24/04/2026,07:06:41,26,Lab. de telecomunicações,IFPB-VISITANTE,E4:4E:2D:85:4C:62,-80,11
24/04/2026,07:06:41,26,Lab. de telecomunicações,IFPB,E4:4E:2D:85:4C:60,-81,11
24/04/2026,07:06:41,26,Lab. de telecomunicações,IFPB,84:F1:47:54:71:00,-86,1
24/04/2026,07:06:41,26,Lab. de telecomunicações,IFPB-VISITANTE,84:F1:47:54:71:02,-86,1
24/04/2026,07:06:41,26,Lab. de telecomunicações,IFPB,84:F1:47:54:95:E0,-90,11
24/04/2026,07:06:41,26,Lab. de telecomunicações,IFPB-VISITANTE,84:F1:47:54:95:E2,-90,11
24/04/2026,07:06:41,26,Lab. de telecomunicações,IFPB-VISITANTE,84:F1:47:54:F9:82,-92,11
24/04/2026,07:06:50,27,Lab. de telecomunicações,IFPB,84:F1:47:54:7F:20,-67,11
24/04/2026,07:06:51,27,Lab. de telecomunicações,IFPB-VISITANTE,84:F1:47:54:7F:22,-67,11
24/04/2026,07:06:51,27,Lab. de telecomunicações,IFPB-VISITANTE,84:F1:47:54:96:E2,-77,1
24/04/2026,07:06:51,27,Lab. de telecomunicações,IFPB,84:F1:47:54:FD:C0,-78,1
24/04/2026,07:06:51,27,Lab. de telecomunicações,IFPB-VISITANTE,84:F1:47:54:FD:C2,-79,1
24/04/2026,07:06:51,27,Lab. de telecomunicações,IFPB,84:F1:47:54:96:E0,-79,1
24/04/2026,07:06:51,27,Lab. de telecomunicações,IFPB-VISITANTE,E4:4E:2D:85:4C:62,-81,11
24/04/2026,07:06:51,27,Lab. de telecomunicações,IFPB,E4:4E:2D:85:4C:60,-82,11
24/04/2026,07:06:51,27,Lab. de telecomunicações,IFPB,84:F1:47:54:71:00,-83,1
24/04/2026,07:06:51,27,Lab. de telecomunicações,IFPB-VISITANTE,84:F1:47:54:71:02,-83,1
24/04/2026,07:06:51,27,Lab. de telecomunicações,IFPB,B8:11:4B:1D:1E:40,-89,6
24/04/2026,07:06:51,27,Lab. de telecomunicações,IFPB,84:F1:47:54:95:E0,-89,11
24/04/2026,07:06:51,27,Lab. de telecomunicações,IFPB-VISITANTE,84:F1:47:54:95:E2,-89,11
24/04/2026,07:06:51,27,Lab. de telecomunicações,IFPB-VISITANTE,B8:11:4B:1D:1E:42,-90,6
24/04/2026,07:06:51,27,Lab. de telecomunicações,IFPB,84:F1:47:54:F9:80,-91,11
24/04/2026,07:06:51,27,Lab. de telecomunicações,IFPB-VISITANTE,84:F1:47:54:F9:82,-91,11
24/04/2026,07:07:01,28,Lab. de telecomunicações,IFPB,84:F1:47:54:7F:20,-66,11
24/04/2026,07:07:01,28,Lab. de telecomunicações,IFPB-VISITANTE,84:F1:47:54:7F:22,-66,11
24/04/2026,07:07:01,28,Lab. de telecomunicações,IFPB,84:F1:47:54:FD:C0,-78,1
24/04/2026,07:07:01,28,Lab. de telecomunicações,IFPB-VISITANTE,84:F1:47:54:FD:C2,-78,1
24/04/2026,07:07:01,28,Lab. de telecomunicações,IFPB,E4:4E:2D:85:4C:60,-80,11
24/04/2026,07:07:01,28,Lab. de telecomunicações,IFPB-VISITANTE,E4:4E:2D:85:4C:62,-80,11
24/04/2026,07:07:01,28,Lab. de telecomunicações,IFPB,84:F1:47:54:96:E0,-81,1
24/04/2026,07:07:01,28,Lab. de telecomunicações,IFPB-VISITANTE,84:F1:47:54:96:E2,-81,1
24/04/2026,07:07:01,28,Lab. de telecomunicações,IFPB,84:F1:47:54:71:00,-84,1
24/04/2026,07:07:01,28,Lab. de telecomunicações,IFPB-VISITANTE,84:F1:47:54:71:02,-84,1
24/04/2026,07:07:01,28,Lab. de telecomunicações,IFPB,2C:57:41:D4:69:C0,-88,1
24/04/2026,07:07:01,28,Lab. de telecomunicações,IFPB-VISITANTE,2C:57:41:D4:69:C2,-89,1
24/04/2026,07:07:01,28,Lab. de telecomunicações,IFPB,B8:11:4B:1D:1E:40,-89,6
24/04/2026,07:07:01,28,Lab. de telecomunicações,IFPB,84:F1:47:54:95:E0,-90,11
24/04/2026,07:07:01,28,Lab. de telecomunicações,IFPB-VISITANTE,84:F1:47:54:95:E2,-91,11
24/04/2026,07:07:01,28,Lab. de telecomunicações,IFPB,84:F1:47:54:F9:80,-92,11
24/04/2026,07:07:11,29,Lab. de telecomunicações,IFPB,84:F1:47:54:7F:20,-69,11
24/04/2026,07:07:11,29,Lab. de telecomunicações,IFPB-VISITANTE,84:F1:47:54:7F:22,-69,11
24/04/2026,07:07:11,29,Lab. de telecomunicações,IFPB,84:F1:47:54:FD:C0,-74,1
24/04/2026,07:07:11,29,Lab. de telecomunicações,IFPB-VISITANTE,84:F1:47:54:FD:C2,-75,1
24/04/2026,07:07:11,29,Lab. de telecomunicações,IFPB,84:F1:47:54:96:E0,-77,1
24/04/2026,07:07:11,29,Lab. de telecomunicações,IFPB-VISITANTE,84:F1:47:54:96:E2,-77,1
24/04/2026,07:07:11,29,Lab. de telecomunicações,IFPB,E4:4E:2D:85:4C:60,-82,11
24/04/2026,07:07:11,29,Lab. de telecomunicações,IFPB-VISITANTE,E4:4E:2D:85:4C:62,-82,11
24/04/2026,07:07:11,29,Lab. de telecomunicações,IFPB-VISITANTE,84:F1:47:54:71:02,-83,1
24/04/2026,07:07:11,29,Lab. de telecomunicações,IFPB,84:F1:47:54:71:00,-85,1
24/04/2026,07:07:11,29,Lab. de telecomunicações,IFPB-VISITANTE,B8:11:4B:1D:1E:42,-88,6
24/04/2026,07:07:11,29,Lab. de telecomunicações,IFPB-VISITANTE,84:F1:47:54:F9:82,-89,11
24/04/2026,07:07:11,29,Lab. de telecomunicações,IFPB,B8:11:4B:1D:1E:40,-90,6
24/04/2026,07:07:11,29,Lab. de telecomunicações,IFPB,84:F1:47:54:F9:80,-90,11
24/04/2026,07:07:11,29,Lab. de telecomunicações,IFPB,84:F1:47:54:95:E0,-90,11
24/04/2026,07:07:11,29,Lab. de telecomunicações,IFPB-VISITANTE,84:F1:47:54:95:E2,-91,11
24/04/2026,07:07:21,30,Lab. de telecomunicações,IFPB,84:F1:47:54:7F:20,-68,11
24/04/2026,07:07:21,30,Lab. de telecomunicações,IFPB-VISITANTE,84:F1:47:54:7F:22,-68,11
24/04/2026,07:07:21,30,Lab. de telecomunicações,IFPB-VISITANTE,84:F1:47:54:FD:C2,-75,1
24/04/2026,07:07:21,30,Lab. de telecomunicações,IFPB,84:F1:47:54:FD:C0,-76,1
24/04/2026,07:07:21,30,Lab. de telecomunicações,IFPB,84:F1:47:54:96:E0,-80,1
24/04/2026,07:07:21,30,Lab. de telecomunicações,IFPB-VISITANTE,84:F1:47:54:96:E2,-80,1
24/04/2026,07:07:21,30,Lab. de telecomunicações,IFPB,E4:4E:2D:85:4C:60,-81,11
24/04/2026,07:07:21,30,Lab. de telecomunicações,IFPB-VISITANTE,E4:4E:2D:85:4C:62,-82,11
24/04/2026,07:07:22,30,Lab. de telecomunicações,IFPB,84:F1:47:54:71:00,-89,1
24/04/2026,07:07:22,30,Lab. de telecomunicações,IFPB-VISITANTE,84:F1:47:54:71:02,-89,1
24/04/2026,07:07:22,30,Lab. de telecomunicações,IFPB,84:F1:47:54:F9:80,-89,11
24/04/2026,07:07:22,30,Lab. de telecomunicações,IFPB-VISITANTE,84:F1:47:54:F9:82,-90,11
24/04/2026,07:07:22,30,Lab. de telecomunicações,IFPB,84:F1:47:54:95:E0,-90,11
24/04/2026,07:07:22,30,Lab. de telecomunicações,IFPB-VISITANTE,84:F1:47:54:95:E2,-92,11
24/04/2026,07:07:57,31,PET Eng. Elétrica,IFPB,84:F1:47:54:7F:20,-75,11
24/04/2026,07:07:57,31,PET Eng. Elétrica,IFPB-VISITANTE,84:F1:47:54:7F:22,-75,11
24/04/2026,07:07:57,31,PET Eng. Elétrica,IFPB-VISITANTE,84:F1:47:54:96:E2,-77,1
24/04/2026,07:07:57,31,PET Eng. Elétrica,IFPB,84:F1:47:54:96:E0,-78,1
24/04/2026,07:07:57,31,PET Eng. Elétrica,IFPB,84:F1:47:54:95:E0,-78,11
24/04/2026,07:07:57,31,PET Eng. Elétrica,IFPB-VISITANTE,84:F1:47:54:95:E2,-78,11
24/04/2026,07:07:57,31,PET Eng. Elétrica,IFPB,84:F1:47:54:F9:80,-81,11
24/04/2026,07:07:57,31,PET Eng. Elétrica,IFPB-VISITANTE,84:F1:47:54:F9:82,-81,11
24/04/2026,07:07:57,31,PET Eng. Elétrica,IFPB-VISITANTE,84:F1:47:54:FD:C2,-83,1
24/04/2026,07:07:57,31,PET Eng. Elétrica,IFPB,84:F1:47:54:FD:C0,-84,1
24/04/2026,07:07:57,31,PET Eng. Elétrica,IFPB,84:F1:47:54:71:00,-88,1
24/04/2026,07:07:57,31,PET Eng. Elétrica,IFPB-VISITANTE,E4:4E:2D:85:4C:62,-89,11
24/04/2026,07:07:57,31,PET Eng. Elétrica,IFPB,E4:4E:2D:85:4C:60,-90,11
24/04/2026,07:08:07,32,PET Eng. Elétrica,IFPB,84:F1:47:54:7F:20,-76,11
24/04/2026,07:08:07,32,PET Eng. Elétrica,IFPB-VISITANTE,84:F1:47:54:7F:22,-76,11
24/04/2026,07:08:07,32,PET Eng. Elétrica,IFPB-VISITANTE,84:F1:47:54:96:E2,-79,1
24/04/2026,07:08:07,32,PET Eng. Elétrica,IFPB,84:F1:47:54:95:E0,-79,11
24/04/2026,07:08:07,32,PET Eng. Elétrica,IFPB-VISITANTE,84:F1:47:54:95:E2,-79,11
24/04/2026,07:08:07,32,PET Eng. Elétrica,IFPB,84:F1:47:54:96:E0,-80,1
24/04/2026,07:08:07,32,PET Eng. Elétrica,IFPB-VISITANTE,84:F1:47:54:FD:C2,-83,1
24/04/2026,07:08:07,32,PET Eng. Elétrica,IFPB,84:F1:47:54:F9:80,-83,11
24/04/2026,07:08:07,32,PET Eng. Elétrica,IFPB-VISITANTE,84:F1:47:54:F9:82,-83,11
24/04/2026,07:08:07,32,PET Eng. Elétrica,IFPB,84:F1:47:54:FD:C0,-85,1
24/04/2026,07:08:07,32,PET Eng. Elétrica,IFPB,E4:4E:2D:85:4C:60,-86,11
24/04/2026,07:08:07,32,PET Eng. Elétrica,IFPB-VISITANTE,E4:4E:2D:85:4C:62,-86,11
24/04/2026,07:08:07,32,PET Eng. Elétrica,IFPB,84:F1:47:54:71:00,-87,1
24/04/2026,07:08:07,32,PET Eng. Elétrica,IFPB-VISITANTE,84:F1:47:54:71:02,-87,1
24/04/2026,07:08:07,32,PET Eng. Elétrica,IFPB,84:F1:47:54:EB:20,-89,6
24/04/2026,07:08:17,33,PET Eng. Elétrica,IFPB-VISITANTE,84:F1:47:54:7F:22,-73,11
24/04/2026,07:08:17,33,PET Eng. Elétrica,IFPB,84:F1:47:54:7F:20,-76,11
24/04/2026,07:08:17,33,PET Eng. Elétrica,IFPB,84:F1:47:54:95:E0,-78,11
24/04/2026,07:08:17,33,PET Eng. Elétrica,IFPB-VISITANTE,84:F1:47:54:95:E2,-79,11
24/04/2026,07:08:17,33,PET Eng. Elétrica,IFPB,84:F1:47:54:96:E0,-80,1
24/04/2026,07:08:17,33,PET Eng. Elétrica,IFPB,84:F1:47:54:FD:C0,-80,1
24/04/2026,07:08:17,33,PET Eng. Elétrica,IFPB-VISITANTE,84:F1:47:54:96:E2,-81,1
24/04/2026,07:08:17,33,PET Eng. Elétrica,IFPB-VISITANTE,84:F1:47:54:FD:C2,-81,1
24/04/2026,07:08:17,33,PET Eng. Elétrica,IFPB,84:F1:47:54:71:00,-87,1
24/04/2026,07:08:18,33,PET Eng. Elétrica,IFPB,84:F1:47:54:F9:80,-87,11
24/04/2026,07:08:18,33,PET Eng. Elétrica,IFPB-VISITANTE,84:F1:47:54:71:02,-88,1
24/04/2026,07:08:18,33,PET Eng. Elétrica,IFPB-VISITANTE,84:F1:47:54:F9:82,-88,11
24/04/2026,07:08:18,33,PET Eng. Elétrica,IFPB,E4:4E:2D:85:4C:60,-88,11
24/04/2026,07:08:18,33,PET Eng. Elétrica,IFPB-VISITANTE,E4:4E:2D:85:4C:62,-88,11
24/04/2026,07:08:27,34,PET Eng. Elétrica,IFPB,84:F1:47:54:7F:20,-71,11
24/04/2026,07:08:27,34,PET Eng. Elétrica,IFPB-VISITANTE,84:F1:47:54:7F:22,-71,11
24/04/2026,07:08:28,34,PET Eng. Elétrica,IFPB,84:F1:47:54:95:E0,-74,11
24/04/2026,07:08:28,34,PET Eng. Elétrica,IFPB-VISITANTE,84:F1:47:54:95:E2,-74,11
24/04/2026,07:08:28,34,PET Eng. Elétrica,IFPB-VISITANTE,84:F1:47:54:96:E2,-79,1
24/04/2026,07:08:28,34,PET Eng. Elétrica,IFPB,84:F1:47:54:96:E0,-80,1
24/04/2026,07:08:28,34,PET Eng. Elétrica,IFPB,E4:4E:2D:85:4C:60,-82,11
24/04/2026,07:08:28,34,PET Eng. Elétrica,IFPB-VISITANTE,E4:4E:2D:85:4C:62,-82,11
24/04/2026,07:08:28,34,PET Eng. Elétrica,IFPB,84:F1:47:54:FD:C0,-83,1
24/04/2026,07:08:28,34,PET Eng. Elétrica,IFPB-VISITANTE,84:F1:47:54:FD:C2,-84,1
24/04/2026,07:08:28,34,PET Eng. Elétrica,IFPB,84:F1:47:54:71:00,-88,1
24/04/2026,07:08:28,34,PET Eng. Elétrica,IFPB,84:F1:47:54:F9:80,-89,11
24/04/2026,07:08:28,34,PET Eng. Elétrica,IFPB-VISITANTE,84:F1:47:54:F9:82,-89,11
24/04/2026,07:08:38,35,PET Eng. Elétrica,IFPB,84:F1:47:54:7F:20,-72,11
24/04/2026,07:08:38,35,PET Eng. Elétrica,IFPB-VISITANTE,84:F1:47:54:7F:22,-72,11
24/04/2026,07:08:38,35,PET Eng. Elétrica,IFPB-VISITANTE,84:F1:47:54:FD:C2,-77,1
24/04/2026,07:08:38,35,PET Eng. Elétrica,IFPB,84:F1:47:54:FD:C0,-77,1
24/04/2026,07:08:38,35,PET Eng. Elétrica,IFPB-VISITANTE,84:F1:47:54:95:E2,-77,11
24/04/2026,07:08:38,35,PET Eng. Elétrica,IFPB,84:F1:47:54:95:E0,-78,11
24/04/2026,07:08:38,35,PET Eng. Elétrica,IFPB,84:F1:47:54:96:E0,-79,1
24/04/2026,07:08:38,35,PET Eng. Elétrica,IFPB-VISITANTE,84:F1:47:54:96:E2,-80,1
24/04/2026,07:08:38,35,PET Eng. Elétrica,IFPB-VISITANTE,E4:4E:2D:85:4C:62,-80,11
24/04/2026,07:08:38,35,PET Eng. Elétrica,IFPB,E4:4E:2D:85:4C:60,-82,11
24/04/2026,07:08:38,35,PET Eng. Elétrica,IFPB,84:F1:47:54:F9:80,-84,11
24/04/2026,07:08:38,35,PET Eng. Elétrica,IFPB-VISITANTE,84:F1:47:54:F9:82,-85,11
24/04/2026,07:08:38,35,PET Eng. Elétrica,IFPB,84:F1:47:54:71:00,-86,1
24/04/2026,07:08:38,35,PET Eng. Elétrica,IFPB-VISITANTE,84:F1:47:54:71:02,-86,1
24/04/2026,07:08:48,36,PET Eng. Elétrica,IFPB,84:F1:47:54:7F:20,-74,11
24/04/2026,07:08:48,36,PET Eng. Elétrica,IFPB-VISITANTE,84:F1:47:54:7F:22,-74,11
24/04/2026,07:08:48,36,PET Eng. Elétrica,IFPB,84:F1:47:54:FD:C0,-75,1
24/04/2026,07:08:48,36,PET Eng. Elétrica,IFPB-VISITANTE,84:F1:47:54:FD:C2,-75,1
24/04/2026,07:08:48,36,PET Eng. Elétrica,IFPB,84:F1:47:54:96:E0,-79,1
24/04/2026,07:08:48,36,PET Eng. Elétrica,IFPB-VISITANTE,84:F1:47:54:96:E2,-79,1
24/04/2026,07:08:48,36,PET Eng. Elétrica,IFPB,84:F1:47:54:F9:80,-82,11
24/04/2026,07:08:48,36,PET Eng. Elétrica,IFPB-VISITANTE,84:F1:47:54:F9:82,-82,11
24/04/2026,07:08:48,36,PET Eng. Elétrica,IFPB-VISITANTE,84:F1:47:54:95:E2,-85,11
24/04/2026,07:08:48,36,PET Eng. Elétrica,IFPB,84:F1:47:54:95:E0,-85,11
24/04/2026,07:08:48,36,PET Eng. Elétrica,IFPB-VISITANTE,E4:4E:2D:85:4C:62,-87,11
24/04/2026,07:08:48,36,PET Eng. Elétrica,IFPB,84:F1:47:54:71:00,-88,1
24/04/2026,07:08:48,36,PET Eng. Elétrica,IFPB-VISITANTE,84:F1:47:54:71:02,-88,1
24/04/2026,07:08:48,36,PET Eng. Elétrica,IFPB,E4:4E:2D:85:4C:60,-89,11
24/04/2026,07:08:58,37,PET Eng. Elétrica,IFPB,84:F1:47:54:7F:20,-74,11
24/04/2026,07:08:58,37,PET Eng. Elétrica,IFPB-VISITANTE,84:F1:47:54:7F:22,-74,11
24/04/2026,07:08:58,37,PET Eng. Elétrica,IFPB,84:F1:47:54:FD:C0,-76,1
24/04/2026,07:08:58,37,PET Eng. Elétrica,IFPB-VISITANTE,84:F1:47:54:FD:C2,-76,1
24/04/2026,07:08:58,37,PET Eng. Elétrica,IFPB,84:F1:47:54:F9:80,-80,11
24/04/2026,07:08:58,37,PET Eng. Elétrica,IFPB-VISITANTE,84:F1:47:54:F9:82,-80,11
24/04/2026,07:08:58,37,PET Eng. Elétrica,IFPB,84:F1:47:54:96:E0,-85,1
24/04/2026,07:08:58,37,PET Eng. Elétrica,IFPB-VISITANTE,84:F1:47:54:96:E2,-85,1
24/04/2026,07:08:58,37,PET Eng. Elétrica,IFPB,84:F1:47:54:95:E0,-86,11
24/04/2026,07:08:59,37,PET Eng. Elétrica,IFPB-VISITANTE,84:F1:47:54:95:E2,-86,11
24/04/2026,07:08:59,37,PET Eng. Elétrica,IFPB-VISITANTE,84:F1:47:54:71:02,-87,1
24/04/2026,07:08:59,37,PET Eng. Elétrica,IFPB,E4:4E:2D:85:4C:60,-87,11
24/04/2026,07:08:59,37,PET Eng. Elétrica,IFPB-VISITANTE,E4:4E:2D:85:4C:62,-87,11
24/04/2026,07:08:59,37,PET Eng. Elétrica,IFPB,84:F1:47:54:71:00,-89,1
24/04/2026,07:09:08,38,PET Eng. Elétrica,IFPB,84:F1:47:54:7F:20,-72,11
24/04/2026,07:09:09,38,PET Eng. Elétrica,IFPB-VISITANTE,84:F1:47:54:7F:22,-72,11
24/04/2026,07:09:09,38,PET Eng. Elétrica,IFPB,84:F1:47:54:FD:C0,-76,1
24/04/2026,07:09:09,38,PET Eng. Elétrica,IFPB-VISITANTE,84:F1:47:54:FD:C2,-76,1
24/04/2026,07:09:09,38,PET Eng. Elétrica,IFPB,84:F1:47:54:F9:80,-79,11
24/04/2026,07:09:09,38,PET Eng. Elétrica,IFPB-VISITANTE,84:F1:47:54:F9:82,-79,11
24/04/2026,07:09:09,38,PET Eng. Elétrica,IFPB,84:F1:47:54:95:E0,-80,11
24/04/2026,07:09:09,38,PET Eng. Elétrica,IFPB-VISITANTE,84:F1:47:54:95:E2,-80,11
24/04/2026,07:09:09,38,PET Eng. Elétrica,IFPB,E4:4E:2D:85:4C:60,-83,11
24/04/2026,07:09:09,38,PET Eng. Elétrica,IFPB-VISITANTE,E4:4E:2D:85:4C:62,-83,11
24/04/2026,07:09:09,38,PET Eng. Elétrica,IFPB-VISITANTE,84:F1:47:54:96:E2,-84,1
24/04/2026,07:09:09,38,PET Eng. Elétrica,IFPB,84:F1:47:54:96:E0,-86,1
24/04/2026,07:09:09,38,PET Eng. Elétrica,IFPB-VISITANTE,B8:11:4B:1D:14:82,-86,6
24/04/2026,07:09:09,38,PET Eng. Elétrica,IFPB-VISITANTE,84:F1:47:54:71:02,-87,1
24/04/2026,07:09:09,38,PET Eng. Elétrica,IFPB,84:F1:47:54:71:00,-88,1
24/04/2026,07:09:19,39,PET Eng. Elétrica,IFPB,84:F1:47:54:FD:C0,-75,1
24/04/2026,07:09:19,39,PET Eng. Elétrica,IFPB-VISITANTE,84:F1:47:54:FD:C2,-75,1
24/04/2026,07:09:19,39,PET Eng. Elétrica,IFPB,84:F1:47:54:96:E0,-77,1
24/04/2026,07:09:19,39,PET Eng. Elétrica,IFPB,84:F1:47:54:7F:20,-77,11
24/04/2026,07:09:19,39,PET Eng. Elétrica,IFPB-VISITANTE,84:F1:47:54:7F:22,-77,11
24/04/2026,07:09:19,39,PET Eng. Elétrica,IFPB-VISITANTE,84:F1:47:54:96:E2,-78,1
24/04/2026,07:09:19,39,PET Eng. Elétrica,IFPB-VISITANTE,84:F1:47:54:95:E2,-80,11
24/04/2026,07:09:19,39,PET Eng. Elétrica,IFPB,84:F1:47:54:95:E0,-80,11
24/04/2026,07:09:19,39,PET Eng. Elétrica,IFPB,84:F1:47:54:F9:80,-81,11
24/04/2026,07:09:19,39,PET Eng. Elétrica,IFPB-VISITANTE,84:F1:47:54:F9:82,-81,11
24/04/2026,07:09:19,39,PET Eng. Elétrica,IFPB,E4:4E:2D:85:4C:60,-82,11
24/04/2026,07:09:19,39,PET Eng. Elétrica,IFPB-VISITANTE,E4:4E:2D:85:4C:62,-82,11
24/04/2026,07:09:19,39,PET Eng. Elétrica,IFPB,84:F1:47:54:71:00,-88,1
24/04/2026,07:09:19,39,PET Eng. Elétrica,IFPB,B8:11:4B:1D:14:80,-88,6
24/04/2026,07:09:19,39,PET Eng. Elétrica,IFPB-VISITANTE,84:F1:47:54:71:02,-89,1
24/04/2026,07:09:19,39,PET Eng. Elétrica,IFPB-VISITANTE,B8:11:4B:1D:14:82,-89,6
24/04/2026,07:09:29,40,PET Eng. Elétrica,IFPB,84:F1:47:54:7F:20,-76,11
24/04/2026,07:09:29,40,PET Eng. Elétrica,IFPB-VISITANTE,84:F1:47:54:7F:22,-76,11
24/04/2026,07:09:29,40,PET Eng. Elétrica,IFPB,84:F1:47:54:96:E0,-80,1
24/04/2026,07:09:29,40,PET Eng. Elétrica,IFPB-VISITANTE,84:F1:47:54:96:E2,-81,1
24/04/2026,07:09:29,40,PET Eng. Elétrica,IFPB-VISITANTE,84:F1:47:54:F9:82,-82,11
24/04/2026,07:09:29,40,PET Eng. Elétrica,IFPB-VISITANTE,84:F1:47:54:FD:C2,-83,1
24/04/2026,07:09:29,40,PET Eng. Elétrica,IFPB-VISITANTE,E4:4E:2D:85:4C:62,-83,11
24/04/2026,07:09:29,40,PET Eng. Elétrica,IFPB,84:F1:47:54:F9:80,-83,11
24/04/2026,07:09:29,40,PET Eng. Elétrica,IFPB,E4:4E:2D:85:4C:60,-83,11
24/04/2026,07:09:29,40,PET Eng. Elétrica,IFPB,84:F1:47:54:FD:C0,-84,1
24/04/2026,07:09:29,40,PET Eng. Elétrica,IFPB-VISITANTE,84:F1:47:54:71:02,-85,1
24/04/2026,07:09:29,40,PET Eng. Elétrica,IFPB,84:F1:47:54:71:00,-86,1
24/04/2026,07:09:29,40,PET Eng. Elétrica,IFPB-VISITANTE,B8:11:4B:1D:14:82,-87,6
24/04/2026,07:09:29,40,PET Eng. Elétrica,IFPB,B8:11:4B:1D:14:80,-88,6
24/04/2026,07:09:54,41,Coordenação de Eng. Elétrica,IFPB,84:F1:47:54:95:E0,-59,11
24/04/2026,07:09:54,41,Coordenação de Eng. Elétrica,IFPB-VISITANTE,84:F1:47:54:95:E2,-59,11
24/04/2026,07:09:54,41,Coordenação de Eng. Elétrica,IFPB-VISITANTE,84:F1:47:54:F9:82,-78,11
24/04/2026,07:09:54,41,Coordenação de Eng. Elétrica,IFPB,84:F1:47:54:F9:80,-79,11
24/04/2026,07:09:54,41,Coordenação de Eng. Elétrica,IFPB-VISITANTE,B8:11:4B:1D:14:82,-84,6
24/04/2026,07:09:54,41,Coordenação de Eng. Elétrica,IFPB,84:F1:47:54:FD:C0,-85,1
24/04/2026,07:09:54,41,Coordenação de Eng. Elétrica,IFPB-VISITANTE,84:F1:47:54:FD:C2,-85,1
24/04/2026,07:09:54,41,Coordenação de Eng. Elétrica,IFPB,B8:11:4B:1D:14:80,-85,6
24/04/2026,07:09:54,41,Coordenação de Eng. Elétrica,IFPB-VISITANTE,84:F1:47:54:71:02,-88,1
24/04/2026,07:09:54,41,Coordenação de Eng. Elétrica,IFPB,84:F1:47:54:71:00,-88,1
24/04/2026,07:09:54,41,Coordenação de Eng. Elétrica,IFPB-VISITANTE,84:F1:47:54:EB:22,-89,6
24/04/2026,07:09:54,41,Coordenação de Eng. Elétrica,IFPB,E4:4E:2D:85:4C:60,-90,11
24/04/2026,07:09:54,41,Coordenação de Eng. Elétrica,IFPB-VISITANTE,E4:4E:2D:85:4C:62,-92,11
24/04/2026,07:10:04,42,Coordenação de Eng. Elétrica,IFPB,84:F1:47:54:95:E0,-54,11
24/04/2026,07:10:04,42,Coordenação de Eng. Elétrica,IFPB-VISITANTE,84:F1:47:54:95:E2,-54,11
24/04/2026,07:10:04,42,Coordenação de Eng. Elétrica,IFPB,84:F1:47:54:F9:80,-79,11
24/04/2026,07:10:04,42,Coordenação de Eng. Elétrica,IFPB-VISITANTE,84:F1:47:54:F9:82,-79,11
24/04/2026,07:10:04,42,Coordenação de Eng. Elétrica,IFPB,B8:11:4B:1D:14:80,-85,6
24/04/2026,07:10:04,42,Coordenação de Eng. Elétrica,IFPB-VISITANTE,B8:11:4B:1D:14:82,-85,6
24/04/2026,07:10:04,42,Coordenação de Eng. Elétrica,IFPB-VISITANTE,84:F1:47:54:FD:C2,-86,1
24/04/2026,07:10:04,42,Coordenação de Eng. Elétrica,IFPB,84:F1:47:54:FD:C0,-86,1
24/04/2026,07:10:04,42,Coordenação de Eng. Elétrica,IFPB-VISITANTE,84:F1:47:54:7F:22,-86,11
24/04/2026,07:10:04,42,Coordenação de Eng. Elétrica,IFPB,24:36:DA:2B:5E:C0,-88,1
24/04/2026,07:10:04,42,Coordenação de Eng. Elétrica,IFPB-VISITANTE,24:36:DA:2B:5E:C2,-90,1
24/04/2026,07:10:14,43,Coordenação de Eng. Elétrica,IFPB-VISITANTE,84:F1:47:54:95:E2,-57,11
24/04/2026,07:10:14,43,Coordenação de Eng. Elétrica,IFPB,84:F1:47:54:95:E0,-58,11
24/04/2026,07:10:14,43,Coordenação de Eng. Elétrica,IFPB-VISITANTE,84:F1:47:54:F9:82,-79,11
24/04/2026,07:10:14,43,Coordenação de Eng. Elétrica,IFPB,84:F1:47:54:F9:80,-80,11
24/04/2026,07:10:14,43,Coordenação de Eng. Elétrica,IFPB,84:F1:47:54:7F:20,-85,11
24/04/2026,07:10:14,43,Coordenação de Eng. Elétrica,IFPB,B8:11:4B:1D:14:80,-86,6
24/04/2026,07:10:14,43,Coordenação de Eng. Elétrica,IFPB,84:F1:47:54:FD:C0,-87,1
24/04/2026,07:10:14,43,Coordenação de Eng. Elétrica,IFPB-VISITANTE,84:F1:47:54:FD:C2,-88,1
24/04/2026,07:10:14,43,Coordenação de Eng. Elétrica,IFPB-VISITANTE,24:36:DA:2B:5E:C2,-90,1
24/04/2026,07:10:24,44,Coordenação de Eng. Elétrica,IFPB,84:F1:47:54:95:E0,-59,11
24/04/2026,07:10:24,44,Coordenação de Eng. Elétrica,IFPB-VISITANTE,84:F1:47:54:95:E2,-59,11
24/04/2026,07:10:24,44,Coordenação de Eng. Elétrica,IFPB,84:F1:47:54:F9:80,-79,11
24/04/2026,07:10:24,44,Coordenação de Eng. Elétrica,IFPB-VISITANTE,84:F1:47:54:F9:82,-80,11
24/04/2026,07:10:24,44,Coordenação de Eng. Elétrica,IFPB,84:F1:47:54:7F:20,-83,11
24/04/2026,07:10:24,44,Coordenação de Eng. Elétrica,IFPB,B8:11:4B:1D:14:80,-84,6
24/04/2026,07:10:24,44,Coordenação de Eng. Elétrica,IFPB-VISITANTE,B8:11:4B:1D:14:82,-84,6
24/04/2026,07:10:24,44,Coordenação de Eng. Elétrica,IFPB-VISITANTE,84:F1:47:54:7F:22,-84,11
24/04/2026,07:10:24,44,Coordenação de Eng. Elétrica,IFPB,84:F1:47:54:FD:C0,-87,1
24/04/2026,07:10:25,44,Coordenação de Eng. Elétrica,IFPB-VISITANTE,84:F1:47:54:FD:C2,-87,1
24/04/2026,07:10:25,44,Coordenação de Eng. Elétrica,IFPB,24:36:DA:2B:5E:C0,-88,1
24/04/2026,07:10:25,44,Coordenação de Eng. Elétrica,IFPB-VISITANTE,24:36:DA:2B:5E:C2,-89,1
24/04/2026,07:10:25,44,Coordenação de Eng. Elétrica,IFPB,84:F1:47:54:EB:20,-90,6
24/04/2026,07:10:34,45,Coordenação de Eng. Elétrica,IFPB,84:F1:47:54:95:E0,-57,11
24/04/2026,07:10:34,45,Coordenação de Eng. Elétrica,IFPB-VISITANTE,84:F1:47:54:95:E2,-58,11
24/04/2026,07:10:35,45,Coordenação de Eng. Elétrica,IFPB,84:F1:47:54:F9:80,-78,11
24/04/2026,07:10:35,45,Coordenação de Eng. Elétrica,IFPB-VISITANTE,84:F1:47:54:F9:82,-79,11
24/04/2026,07:10:35,45,Coordenação de Eng. Elétrica,IFPB,B8:11:4B:1D:14:80,-83,6
24/04/2026,07:10:35,45,Coordenação de Eng. Elétrica,IFPB-VISITANTE,B8:11:4B:1D:14:82,-84,6
24/04/2026,07:10:35,45,Coordenação de Eng. Elétrica,IFPB,24:36:DA:2B:5E:C0,-86,1
24/04/2026,07:10:35,45,Coordenação de Eng. Elétrica,IFPB-VISITANTE,24:36:DA:2B:5E:C2,-88,1
24/04/2026,07:10:35,45,Coordenação de Eng. Elétrica,IFPB,84:F1:47:54:FD:C0,-89,1
24/04/2026,07:10:35,45,Coordenação de Eng. Elétrica,IFPB-VISITANTE,84:F1:47:54:FD:C2,-89,1
24/04/2026,07:10:44,46,Coordenação de Eng. Elétrica,IFPB,84:F1:47:54:95:E0,-57,11
24/04/2026,07:10:44,46,Coordenação de Eng. Elétrica,IFPB-VISITANTE,84:F1:47:54:95:E2,-57,11
24/04/2026,07:10:45,46,Coordenação de Eng. Elétrica,IFPB,84:F1:47:54:F9:80,-77,11
24/04/2026,07:10:45,46,Coordenação de Eng. Elétrica,IFPB-VISITANTE,84:F1:47:54:F9:82,-79,11
24/04/2026,07:10:45,46,Coordenação de Eng. Elétrica,IFPB,84:F1:47:54:7F:20,-86,11
24/04/2026,07:10:45,46,Coordenação de Eng. Elétrica,IFPB-VISITANTE,24:36:DA:2B:5E:C2,-88,1
24/04/2026,07:10:45,46,Coordenação de Eng. Elétrica,IFPB,84:F1:47:54:FD:C0,-88,1
24/04/2026,07:10:45,46,Coordenação de Eng. Elétrica,IFPB,24:36:DA:2B:5E:C0,-88,1
24/04/2026,07:10:45,46,Coordenação de Eng. Elétrica,IFPB-VISITANTE,84:F1:47:54:71:02,-88,1
24/04/2026,07:10:45,46,Coordenação de Eng. Elétrica,IFPB,84:F1:47:54:EB:20,-89,6
24/04/2026,07:10:45,46,Coordenação de Eng. Elétrica,IFPB-VISITANTE,84:F1:47:54:EB:22,-89,6
24/04/2026,07:10:45,46,Coordenação de Eng. Elétrica,IFPB-VISITANTE,84:F1:47:54:FD:C2,-90,1
24/04/2026,07:10:55,47,Coordenação de Eng. Elétrica,IFPB,84:F1:47:54:95:E0,-57,11
24/04/2026,07:10:55,47,Coordenação de Eng. Elétrica,IFPB-VISITANTE,84:F1:47:54:95:E2,-57,11
24/04/2026,07:10:55,47,Coordenação de Eng. Elétrica,IFPB-VISITANTE,84:F1:47:54:F9:82,-80,11
24/04/2026,07:10:55,47,Coordenação de Eng. Elétrica,IFPB,84:F1:47:54:F9:80,-80,11
24/04/2026,07:10:55,47,Coordenação de Eng. Elétrica,IFPB,B8:11:4B:1D:14:80,-85,6
24/04/2026,07:10:55,47,Coordenação de Eng. Elétrica,IFPB-VISITANTE,B8:11:4B:1D:14:82,-85,6
24/04/2026,07:10:55,47,Coordenação de Eng. Elétrica,IFPB,84:F1:47:54:7F:20,-86,11
24/04/2026,07:10:55,47,Coordenação de Eng. Elétrica,IFPB-VISITANTE,84:F1:47:54:FD:C2,-87,1
24/04/2026,07:10:55,47,Coordenação de Eng. Elétrica,IFPB,84:F1:47:54:EB:20,-88,6
24/04/2026,07:10:55,47,Coordenação de Eng. Elétrica,IFPB,84:F1:47:54:FD:C0,-89,1
24/04/2026,07:10:55,47,Coordenação de Eng. Elétrica,IFPB-VISITANTE,24:36:DA:2B:5E:C2,-92,1
24/04/2026,07:11:05,48,Coordenação de Eng. Elétrica,IFPB,84:F1:47:54:95:E0,-58,11
24/04/2026,07:11:05,48,Coordenação de Eng. Elétrica,IFPB-VISITANTE,84:F1:47:54:95:E2,-59,11
24/04/2026,07:11:05,48,Coordenação de Eng. Elétrica,IFPB,84:F1:47:54:F9:80,-80,11
24/04/2026,07:11:05,48,Coordenação de Eng. Elétrica,IFPB-VISITANTE,84:F1:47:54:F9:82,-80,11
24/04/2026,07:11:05,48,Coordenação de Eng. Elétrica,IFPB,B8:11:4B:1D:14:80,-83,6
24/04/2026,07:11:05,48,Coordenação de Eng. Elétrica,IFPB-VISITANTE,B8:11:4B:1D:14:82,-84,6
24/04/2026,07:11:05,48,Coordenação de Eng. Elétrica,IFPB,84:F1:47:54:7F:20,-85,11
24/04/2026,07:11:05,48,Coordenação de Eng. Elétrica,IFPB-VISITANTE,84:F1:47:54:FD:C2,-88,1
24/04/2026,07:11:05,48,Coordenação de Eng. Elétrica,IFPB-VISITANTE,84:F1:47:54:EB:22,-88,6
24/04/2026,07:11:05,48,Coordenação de Eng. Elétrica,IFPB,84:F1:47:54:FD:C0,-89,1
24/04/2026,07:11:05,48,Coordenação de Eng. Elétrica,IFPB,84:F1:47:54:EB:20,-89,6
24/04/2026,07:11:15,49,Coordenação de Eng. Elétrica,IFPB-VISITANTE,84:F1:47:54:95:E2,-59,11
24/04/2026,07:11:15,49,Coordenação de Eng. Elétrica,IFPB,84:F1:47:54:95:E0,-60,11
24/04/2026,07:11:15,49,Coordenação de Eng. Elétrica,IFPB-VISITANTE,B8:11:4B:1D:14:82,-81,6
24/04/2026,07:11:15,49,Coordenação de Eng. Elétrica,IFPB,84:F1:47:54:F9:80,-82,11
24/04/2026,07:11:15,49,Coordenação de Eng. Elétrica,IFPB,B8:11:4B:1D:14:80,-83,6
24/04/2026,07:11:15,49,Coordenação de Eng. Elétrica,IFPB-VISITANTE,84:F1:47:54:F9:82,-84,11
24/04/2026,07:11:15,49,Coordenação de Eng. Elétrica,IFPB-VISITANTE,84:F1:47:54:7F:22,-84,11
24/04/2026,07:11:15,49,Coordenação de Eng. Elétrica,IFPB-VISITANTE,84:F1:47:54:FD:C2,-88,1
24/04/2026,07:11:15,49,Coordenação de Eng. Elétrica,IFPB,84:F1:47:54:FD:C0,-88,1
24/04/2026,07:11:25,50,Coordenação de Eng. Elétrica,IFPB,84:F1:47:54:95:E0,-59,11
24/04/2026,07:11:25,50,Coordenação de Eng. Elétrica,IFPB-VISITANTE,84:F1:47:54:95:E2,-59,11
24/04/2026,07:11:25,50,Coordenação de Eng. Elétrica,IFPB-VISITANTE,B8:11:4B:1D:14:82,-82,6
24/04/2026,07:11:25,50,Coordenação de Eng. Elétrica,IFPB,B8:11:4B:1D:14:80,-83,6
24/04/2026,07:11:25,50,Coordenação de Eng. Elétrica,IFPB-VISITANTE,84:F1:47:54:F9:82,-83,11
24/04/2026,07:11:25,50,Coordenação de Eng. Elétrica,IFPB,84:F1:47:54:F9:80,-83,11
24/04/2026,07:11:25,50,Coordenação de Eng. Elétrica,IFPB,84:F1:47:54:7F:20,-86,11
24/04/2026,07:11:25,50,Coordenação de Eng. Elétrica,IFPB-VISITANTE,84:F1:47:54:7F:22,-86,11
24/04/2026,07:11:26,50,Coordenação de Eng. Elétrica,IFPB-VISITANTE,84:F1:47:54:EB:22,-89,6
24/04/2026,07:11:26,50,Coordenação de Eng. Elétrica,IFPB,84:F1:47:54:EB:20,-90,6
24/04/2026,07:12:26,51,Auditório de Eng. Elétrica,IFPB-VISITANTE,84:F1:47:54:F9:82,-70,11
24/04/2026,07:12:26,51,Auditório de Eng. Elétrica,IFPB,84:F1:47:54:F9:80,-70,11
24/04/2026,07:12:26,51,Auditório de Eng. Elétrica,IFPB-VISITANTE,84:F1:47:54:8B:A2,-76,1
24/04/2026,07:12:27,51,Auditório de Eng. Elétrica,IFPB,84:F1:47:54:8B:A0,-78,1
24/04/2026,07:12:27,51,Auditório de Eng. Elétrica,IFPB-VISITANTE,84:F1:47:54:6B:82,-78,6
24/04/2026,07:12:27,51,Auditório de Eng. Elétrica,IFPB,84:F1:47:54:6B:80,-79,6
24/04/2026,07:12:27,51,Auditório de Eng. Elétrica,IFPB,84:F1:47:54:96:E0,-84,1
24/04/2026,07:12:27,51,Auditório de Eng. Elétrica,IFPB-VISITANTE,84:F1:47:54:96:E2,-84,1
24/04/2026,07:12:27,51,Auditório de Eng. Elétrica,IFPB,84:F1:47:54:95:E0,-86,11
24/04/2026,07:12:27,51,Auditório de Eng. Elétrica,IFPB,24:36:DA:2B:BC:00,-87,6
24/04/2026,07:12:27,51,Auditório de Eng. Elétrica,IFPB-VISITANTE,24:36:DA:2B:BC:02,-87,6
24/04/2026,07:12:27,51,Auditório de Eng. Elétrica,IFPB-VISITANTE,84:F1:47:54:95:E2,-87,11
24/04/2026,07:12:36,52,Auditório de Eng. Elétrica,IFPB,84:F1:47:54:F9:80,-69,11
24/04/2026,07:12:36,52,Auditório de Eng. Elétrica,IFPB-VISITANTE,84:F1:47:54:F9:82,-69,11
24/04/2026,07:12:37,52,Auditório de Eng. Elétrica,IFPB-VISITANTE,84:F1:47:54:8B:A2,-76,1
24/04/2026,07:12:37,52,Auditório de Eng. Elétrica,IFPB,84:F1:47:54:8B:A0,-76,1
24/04/2026,07:12:37,52,Auditório de Eng. Elétrica,IFPB-VISITANTE,84:F1:47:54:6B:82,-76,6
24/04/2026,07:12:37,52,Auditório de Eng. Elétrica,IFPB,84:F1:47:54:6B:80,-78,6
24/04/2026,07:12:37,52,Auditório de Eng. Elétrica,IFPB-VISITANTE,84:F1:47:54:96:E2,-83,1
24/04/2026,07:12:37,52,Auditório de Eng. Elétrica,IFPB,24:36:DA:2B:5E:C0,-84,1
24/04/2026,07:12:37,52,Auditório de Eng. Elétrica,IFPB,84:F1:47:54:95:E0,-84,11
24/04/2026,07:12:37,52,Auditório de Eng. Elétrica,IFPB-VISITANTE,24:36:DA:2B:5E:C2,-85,1
24/04/2026,07:12:37,52,Auditório de Eng. Elétrica,IFPB,84:F1:47:54:96:E0,-85,1
24/04/2026,07:12:37,52,Auditório de Eng. Elétrica,IFPB-VISITANTE,84:F1:47:54:95:E2,-85,11
24/04/2026,07:12:37,52,Auditório de Eng. Elétrica,IFPB-VISITANTE,24:36:DA:2B:BC:02,-87,6
24/04/2026,07:12:37,52,Auditório de Eng. Elétrica,IFPB,24:36:DA:2B:BC:00,-87,6
24/04/2026,07:12:37,52,Auditório de Eng. Elétrica,IFPB-VISITANTE,84:F1:47:54:EB:22,-90,6
24/04/2026,07:12:47,53,Auditório de Eng. Elétrica,IFPB,84:F1:47:54:F9:80,-71,11
24/04/2026,07:12:47,53,Auditório de Eng. Elétrica,IFPB-VISITANTE,84:F1:47:54:F9:82,-71,11
24/04/2026,07:12:47,53,Auditório de Eng. Elétrica,IFPB-VISITANTE,84:F1:47:54:8B:A2,-76,1
24/04/2026,07:12:47,53,Auditório de Eng. Elétrica,IFPB,84:F1:47:54:8B:A0,-77,1
24/04/2026,07:12:47,53,Auditório de Eng. Elétrica,IFPB-VISITANTE,84:F1:47:54:6B:82,-81,6
24/04/2026,07:12:47,53,Auditório de Eng. Elétrica,IFPB,24:36:DA:2B:5E:C0,-83,1
24/04/2026,07:12:47,53,Auditório de Eng. Elétrica,IFPB,84:F1:47:54:96:E0,-83,1
24/04/2026,07:12:47,53,Auditório de Eng. Elétrica,IFPB,84:F1:47:54:6B:80,-83,6
24/04/2026,07:12:47,53,Auditório de Eng. Elétrica,IFPB-VISITANTE,84:F1:47:54:96:E2,-84,1
24/04/2026,07:12:47,53,Auditório de Eng. Elétrica,IFPB-VISITANTE,24:36:DA:2B:5E:C2,-85,1
24/04/2026,07:12:47,53,Auditório de Eng. Elétrica,IFPB,84:F1:47:54:95:E0,-85,11
24/04/2026,07:12:47,53,Auditório de Eng. Elétrica,IFPB-VISITANTE,84:F1:47:54:95:E2,-86,11
24/04/2026,07:12:47,53,Auditório de Eng. Elétrica,IFPB-VISITANTE,84:F1:47:54:EB:22,-87,6
24/04/2026,07:12:47,53,Auditório de Eng. Elétrica,IFPB-VISITANTE,24:36:DA:2B:BC:02,-87,6
24/04/2026,07:12:47,53,Auditório de Eng. Elétrica,IFPB,24:36:DA:2B:BC:00,-88,6
24/04/2026,07:12:47,53,Auditório de Eng. Elétrica,IFPB,84:F1:47:54:EB:20,-89,6
24/04/2026,07:12:57,54,Auditório de Eng. Elétrica,IFPB,84:F1:47:54:F9:80,-70,11
24/04/2026,07:12:57,54,Auditório de Eng. Elétrica,IFPB-VISITANTE,84:F1:47:54:F9:82,-70,11
24/04/2026,07:12:57,54,Auditório de Eng. Elétrica,IFPB,84:F1:47:54:8B:A0,-77,1
24/04/2026,07:12:57,54,Auditório de Eng. Elétrica,IFPB-VISITANTE,84:F1:47:54:8B:A2,-77,1
24/04/2026,07:12:57,54,Auditório de Eng. Elétrica,IFPB-VISITANTE,84:F1:47:54:6B:82,-81,6
24/04/2026,07:12:57,54,Auditório de Eng. Elétrica,IFPB,84:F1:47:54:6B:80,-82,6
24/04/2026,07:12:57,54,Auditório de Eng. Elétrica,IFPB-VISITANTE,24:36:DA:2B:5E:C2,-84,1
24/04/2026,07:12:57,54,Auditório de Eng. Elétrica,IFPB,24:36:DA:2B:5E:C0,-85,1
24/04/2026,07:12:57,54,Auditório de Eng. Elétrica,IFPB-VISITANTE,84:F1:47:54:95:E2,-85,11
24/04/2026,07:12:57,54,Auditório de Eng. Elétrica,IFPB,84:F1:47:54:96:E0,-86,1
24/04/2026,07:12:57,54,Auditório de Eng. Elétrica,IFPB-VISITANTE,84:F1:47:54:96:E2,-86,1
24/04/2026,07:12:57,54,Auditório de Eng. Elétrica,IFPB,84:F1:47:54:95:E0,-86,11
24/04/2026,07:12:57,54,Auditório de Eng. Elétrica,IFPB,24:36:DA:2B:BC:00,-87,6
24/04/2026,07:12:57,54,Auditório de Eng. Elétrica,IFPB-VISITANTE,24:36:DA:2B:BC:02,-87,6
24/04/2026,07:13:07,55,Auditório de Eng. Elétrica,IFPB,84:F1:47:54:F9:80,-70,11
24/04/2026,07:13:07,55,Auditório de Eng. Elétrica,IFPB-VISITANTE,84:F1:47:54:F9:82,-70,11
24/04/2026,07:13:07,55,Auditório de Eng. Elétrica,IFPB-VISITANTE,84:F1:47:54:8B:A2,-77,1
24/04/2026,07:13:07,55,Auditório de Eng. Elétrica,IFPB,84:F1:47:54:8B:A0,-78,1
24/04/2026,07:13:07,55,Auditório de Eng. Elétrica,IFPB,24:36:DA:2B:5E:C0,-84,1
24/04/2026,07:13:07,55,Auditório de Eng. Elétrica,IFPB-VISITANTE,24:36:DA:2B:5E:C2,-84,1
24/04/2026,07:13:07,55,Auditório de Eng. Elétrica,IFPB,84:F1:47:54:95:E0,-86,11
24/04/2026,07:13:07,55,Auditório de Eng. Elétrica,IFPB-VISITANTE,84:F1:47:54:95:E2,-86,11
24/04/2026,07:13:07,55,Auditório de Eng. Elétrica,IFPB,84:F1:47:54:96:E0,-87,1
24/04/2026,07:13:07,55,Auditório de Eng. Elétrica,IFPB-VISITANTE,84:F1:47:54:96:E2,-87,1
24/04/2026,07:13:07,55,Auditório de Eng. Elétrica,IFPB,24:36:DA:2B:BC:00,-87,6
24/04/2026,07:13:07,55,Auditório de Eng. Elétrica,IFPB-VISITANTE,24:36:DA:2B:BC:02,-89,6
24/04/2026,07:13:07,55,Auditório de Eng. Elétrica,IFPB,84:F1:47:54:6B:80,-89,6
24/04/2026,07:13:17,56,Auditório de Eng. Elétrica,IFPB-VISITANTE,84:F1:47:54:F9:82,-71,11
24/04/2026,07:13:17,56,Auditório de Eng. Elétrica,IFPB,84:F1:47:54:F9:80,-72,11
24/04/2026,07:13:17,56,Auditório de Eng. Elétrica,IFPB-VISITANTE,84:F1:47:54:8B:A2,-78,1
24/04/2026,07:13:17,56,Auditório de Eng. Elétrica,IFPB,84:F1:47:54:8B:A0,-78,1
24/04/2026,07:13:17,56,Auditório de Eng. Elétrica,IFPB-VISITANTE,84:F1:47:54:6B:82,-82,6
24/04/2026,07:13:17,56,Auditório de Eng. Elétrica,IFPB-VISITANTE,24:36:DA:2B:5E:C2,-84,1
24/04/2026,07:13:17,56,Auditório de Eng. Elétrica,IFPB,84:F1:47:54:6B:80,-84,6
24/04/2026,07:13:17,56,Auditório de Eng. Elétrica,IFPB,24:36:DA:2B:5E:C0,-85,1
24/04/2026,07:13:17,56,Auditório de Eng. Elétrica,IFPB,84:F1:47:54:95:E0,-85,11
24/04/2026,07:13:17,56,Auditório de Eng. Elétrica,IFPB-VISITANTE,84:F1:47:54:95:E2,-85,11
24/04/2026,07:13:17,56,Auditório de Eng. Elétrica,IFPB,84:F1:47:54:96:E0,-86,1
24/04/2026,07:13:17,56,Auditório de Eng. Elétrica,IFPB-VISITANTE,84:F1:47:54:96:E2,-86,1
24/04/2026,07:13:18,56,Auditório de Eng. Elétrica,IFPB,24:36:DA:2B:BC:00,-88,6
24/04/2026,07:13:18,56,Auditório de Eng. Elétrica,IFPB-VISITANTE,24:36:DA:2B:BC:02,-89,6
24/04/2026,07:13:27,57,Auditório de Eng. Elétrica,IFPB,84:F1:47:54:F9:80,-71,11
24/04/2026,07:13:27,57,Auditório de Eng. Elétrica,IFPB-VISITANTE,84:F1:47:54:F9:82,-72,11
24/04/2026,07:13:27,57,Auditório de Eng. Elétrica,IFPB,84:F1:47:54:8B:A0,-78,1
24/04/2026,07:13:27,57,Auditório de Eng. Elétrica,IFPB-VISITANTE,84:F1:47:54:8B:A2,-79,1
24/04/2026,07:13:27,57,Auditório de Eng. Elétrica,IFPB,84:F1:47:54:6B:80,-82,6
24/04/2026,07:13:27,57,Auditório de Eng. Elétrica,IFPB-VISITANTE,84:F1:47:54:6B:82,-82,6
24/04/2026,07:13:27,57,Auditório de Eng. Elétrica,IFPB-VISITANTE,84:F1:47:54:95:E2,-84,11
24/04/2026,07:13:27,57,Auditório de Eng. Elétrica,IFPB,24:36:DA:2B:5E:C0,-85,1
24/04/2026,07:13:27,57,Auditório de Eng. Elétrica,IFPB-VISITANTE,24:36:DA:2B:5E:C2,-85,1
24/04/2026,07:13:27,57,Auditório de Eng. Elétrica,IFPB-VISITANTE,84:F1:47:54:96:E2,-85,1
24/04/2026,07:13:27,57,Auditório de Eng. Elétrica,IFPB,84:F1:47:54:95:E0,-85,11
24/04/2026,07:13:28,57,Auditório de Eng. Elétrica,IFPB,84:F1:47:54:96:E0,-86,1
24/04/2026,07:13:28,57,Auditório de Eng. Elétrica,IFPB,84:F1:47:54:EB:20,-86,6
24/04/2026,07:13:28,57,Auditório de Eng. Elétrica,IFPB-VISITANTE,24:36:DA:2B:BC:02,-88,6
24/04/2026,07:13:28,57,Auditório de Eng. Elétrica,IFPB,24:36:DA:2B:BC:00,-88,6
24/04/2026,07:13:28,57,Auditório de Eng. Elétrica,IFPB-VISITANTE,84:F1:47:54:EB:22,-89,6
24/04/2026,07:13:37,58,Auditório de Eng. Elétrica,IFPB,84:F1:47:54:F9:80,-71,11
24/04/2026,07:13:37,58,Auditório de Eng. Elétrica,IFPB-VISITANTE,84:F1:47:54:F9:82,-71,11
24/04/2026,07:13:37,58,Auditório de Eng. Elétrica,IFPB,84:F1:47:54:8B:A0,-78,1
24/04/2026,07:13:38,58,Auditório de Eng. Elétrica,IFPB-VISITANTE,84:F1:47:54:8B:A2,-79,1
24/04/2026,07:13:38,58,Auditório de Eng. Elétrica,IFPB,84:F1:47:54:6B:80,-81,6
24/04/2026,07:13:38,58,Auditório de Eng. Elétrica,IFPB-VISITANTE,84:F1:47:54:6B:82,-82,6
24/04/2026,07:13:38,58,Auditório de Eng. Elétrica,IFPB-VISITANTE,24:36:DA:2B:5E:C2,-84,1
24/04/2026,07:13:38,58,Auditório de Eng. Elétrica,IFPB,24:36:DA:2B:5E:C0,-84,1
24/04/2026,07:13:38,58,Auditório de Eng. Elétrica,IFPB,84:F1:47:54:95:E0,-84,11
24/04/2026,07:13:38,58,Auditório de Eng. Elétrica,IFPB,84:F1:47:54:96:E0,-85,1
24/04/2026,07:13:38,58,Auditório de Eng. Elétrica,IFPB-VISITANTE,84:F1:47:54:95:E2,-85,11
24/04/2026,07:13:38,58,Auditório de Eng. Elétrica,IFPB-VISITANTE,84:F1:47:54:96:E2,-86,1
24/04/2026,07:13:38,58,Auditório de Eng. Elétrica,IFPB,24:36:DA:2B:BC:00,-86,6
24/04/2026,07:13:38,58,Auditório de Eng. Elétrica,IFPB-VISITANTE,24:36:DA:2B:BC:02,-86,6
24/04/2026,07:13:38,58,Auditório de Eng. Elétrica,IFPB-VISITANTE,84:F1:47:54:EB:22,-90,6
24/04/2026,07:13:48,59,Auditório de Eng. Elétrica,IFPB,84:F1:47:54:F9:80,-70,11
24/04/2026,07:13:48,59,Auditório de Eng. Elétrica,IFPB-VISITANTE,84:F1:47:54:F9:82,-70,11
24/04/2026,07:13:48,59,Auditório de Eng. Elétrica,IFPB-VISITANTE,84:F1:47:54:8B:A2,-78,1
24/04/2026,07:13:48,59,Auditório de Eng. Elétrica,IFPB,84:F1:47:54:8B:A0,-79,1
24/04/2026,07:13:48,59,Auditório de Eng. Elétrica,IFPB,84:F1:47:54:6B:80,-80,6
24/04/2026,07:13:48,59,Auditório de Eng. Elétrica,IFPB-VISITANTE,84:F1:47:54:6B:82,-81,6
24/04/2026,07:13:48,59,Auditório de Eng. Elétrica,IFPB,84:F1:47:54:96:E0,-85,1
24/04/2026,07:13:48,59,Auditório de Eng. Elétrica,IFPB,24:36:DA:2B:5E:C0,-85,1
24/04/2026,07:13:48,59,Auditório de Eng. Elétrica,IFPB-VISITANTE,24:36:DA:2B:5E:C2,-85,1
24/04/2026,07:13:48,59,Auditório de Eng. Elétrica,IFPB-VISITANTE,84:F1:47:54:95:E2,-85,11
24/04/2026,07:13:48,59,Auditório de Eng. Elétrica,IFPB-VISITANTE,84:F1:47:54:96:E2,-86,1
24/04/2026,07:13:48,59,Auditório de Eng. Elétrica,IFPB,84:F1:47:54:EB:20,-86,6
24/04/2026,07:13:48,59,Auditório de Eng. Elétrica,IFPB,84:F1:47:54:95:E0,-86,11
24/04/2026,07:13:48,59,Auditório de Eng. Elétrica,IFPB-VISITANTE,84:F1:47:54:EB:22,-87,6
24/04/2026,07:13:58,60,Auditório de Eng. Elétrica,IFPB,84:F1:47:54:F9:80,-71,11
24/04/2026,07:13:58,60,Auditório de Eng. Elétrica,IFPB-VISITANTE,84:F1:47:54:F9:82,-71,11
24/04/2026,07:13:58,60,Auditório de Eng. Elétrica,IFPB,84:F1:47:54:8B:A0,-80,1
24/04/2026,07:13:58,60,Auditório de Eng. Elétrica,IFPB-VISITANTE,84:F1:47:54:8B:A2,-80,1
24/04/2026,07:13:58,60,Auditório de Eng. Elétrica,IFPB,84:F1:47:54:6B:80,-82,6
24/04/2026,07:13:58,60,Auditório de Eng. Elétrica,IFPB,24:36:DA:2B:5E:C0,-83,1
24/04/2026,07:13:58,60,Auditório de Eng. Elétrica,IFPB-VISITANTE,84:F1:47:54:6B:82,-83,6
24/04/2026,07:13:58,60,Auditório de Eng. Elétrica,IFPB-VISITANTE,24:36:DA:2B:5E:C2,-84,1
24/04/2026,07:13:58,60,Auditório de Eng. Elétrica,IFPB,84:F1:47:54:96:E0,-84,1
24/04/2026,07:13:58,60,Auditório de Eng. Elétrica,IFPB-VISITANTE,84:F1:47:54:96:E2,-85,1
24/04/2026,07:13:58,60,Auditório de Eng. Elétrica,IFPB,84:F1:47:54:95:E0,-86,11
24/04/2026,07:13:58,60,Auditório de Eng. Elétrica,IFPB-VISITANTE,84:F1:47:54:95:E2,-86,11
24/04/2026,07:13:58,60,Auditório de Eng. Elétrica,IFPB-VISITANTE,24:36:DA:2B:BC:02,-87,6
24/04/2026,07:13:58,60,Auditório de Eng. Elétrica,IFPB,24:36:DA:2B:BC:00,-88,6
24/04/2026,07:13:58,60,Auditório de Eng. Elétrica,IFPB-VISITANTE,84:F1:47:54:EB:22,-89,6
24/04/2026,07:14:21,61,Lab. de Instrumentação biomédica,IFPB,84:F1:47:54:96:E0,-72,1
24/04/2026,07:14:21,61,Lab. de Instrumentação biomédica,IFPB-VISITANTE,84:F1:47:54:96:E2,-72,1
24/04/2026,07:14:21,61,Lab. de Instrumentação biomédica,IFPB-VISITANTE,24:36:DA:2B:BC:02,-77,6
24/04/2026,07:14:21,61,Lab. de Instrumentação biomédica,IFPB,E4:4E:2D:85:4C:60,-77,11
24/04/2026,07:14:21,61,Lab. de Instrumentação biomédica,IFPB,24:36:DA:2B:BC:00,-78,6
24/04/2026,07:14:21,61,Lab. de Instrumentação biomédica,IFPB-VISITANTE,E4:4E:2D:85:4C:62,-78,11
24/04/2026,07:14:21,61,Lab. de Instrumentação biomédica,IFPB-VISITANTE,84:F1:47:54:8B:A2,-81,1
24/04/2026,07:14:21,61,Lab. de Instrumentação biomédica,IFPB,84:F1:47:54:8B:A0,-82,1
24/04/2026,07:14:21,61,Lab. de Instrumentação biomédica,IFPB,24:36:DA:2B:5E:C0,-85,1
24/04/2026,07:14:21,61,Lab. de Instrumentação biomédica,IFPB-VISITANTE,24:36:DA:2B:5E:C2,-85,1
24/04/2026,07:14:21,61,Lab. de Instrumentação biomédica,IFPB,84:F1:47:54:6B:80,-86,6
24/04/2026,07:14:21,61,Lab. de Instrumentação biomédica,IFPB-VISITANTE,84:F1:47:54:6B:82,-86,6
24/04/2026,07:14:21,61,Lab. de Instrumentação biomédica,IFPB,84:F1:47:54:F9:80,-86,11
24/04/2026,07:14:21,61,Lab. de Instrumentação biomédica,IFPB-VISITANTE,84:F1:47:54:F9:82,-86,11
24/04/2026,07:14:31,62,Lab. de Instrumentação biomédica,IFPB-VISITANTE,84:F1:47:54:96:E2,-71,1
24/04/2026,07:14:31,62,Lab. de Instrumentação biomédica,IFPB,84:F1:47:54:96:E0,-72,1
24/04/2026,07:14:31,62,Lab. de Instrumentação biomédica,IFPB-VISITANTE,24:36:DA:2B:BC:02,-78,6
24/04/2026,07:14:31,62,Lab. de Instrumentação biomédica,IFPB,24:36:DA:2B:BC:00,-79,6
24/04/2026,07:14:31,62,Lab. de Instrumentação biomédica,IFPB-VISITANTE,E4:4E:2D:85:4C:62,-80,11
24/04/2026,07:14:31,62,Lab. de Instrumentação biomédica,IFPB,84:F1:47:54:8B:A0,-81,1
24/04/2026,07:14:31,62,Lab. de Instrumentação biomédica,IFPB-VISITANTE,84:F1:47:54:F9:82,-81,11
24/04/2026,07:14:31,62,Lab. de Instrumentação biomédica,IFPB-VISITANTE,84:F1:47:54:8B:A2,-82,1
24/04/2026,07:14:31,62,Lab. de Instrumentação biomédica,IFPB,84:F1:47:54:F9:80,-82,11
24/04/2026,07:14:31,62,Lab. de Instrumentação biomédica,IFPB-VISITANTE,84:F1:47:54:6B:82,-86,6
24/04/2026,07:14:31,62,Lab. de Instrumentação biomédica,IFPB,84:F1:47:54:6B:80,-86,6
24/04/2026,07:14:31,62,Lab. de Instrumentação biomédica,IFPB-VISITANTE,24:36:DA:2B:5E:C2,-88,1
24/04/2026,07:14:31,62,Lab. de Instrumentação biomédica,IFPB,24:36:DA:2B:5E:C0,-90,1
24/04/2026,07:14:41,63,Lab. de Instrumentação biomédica,IFPB,84:F1:47:54:96:E0,-73,1
24/04/2026,07:14:41,63,Lab. de Instrumentação biomédica,IFPB-VISITANTE,84:F1:47:54:96:E2,-73,1
24/04/2026,07:14:41,63,Lab. de Instrumentação biomédica,IFPB,24:36:DA:2B:BC:00,-78,6
24/04/2026,07:14:41,63,Lab. de Instrumentação biomédica,IFPB-VISITANTE,24:36:DA:2B:BC:02,-78,6
24/04/2026,07:14:41,63,Lab. de Instrumentação biomédica,IFPB,84:F1:47:54:8B:A0,-81,1
24/04/2026,07:14:41,63,Lab. de Instrumentação biomédica,IFPB-VISITANTE,E4:4E:2D:85:4C:62,-81,11
24/04/2026,07:14:41,63,Lab. de Instrumentação biomédica,IFPB-VISITANTE,84:F1:47:54:8B:A2,-82,1
24/04/2026,07:14:41,63,Lab. de Instrumentação biomédica,IFPB,E4:4E:2D:85:4C:60,-82,11
24/04/2026,07:14:41,63,Lab. de Instrumentação biomédica,IFPB,84:F1:47:54:F9:80,-83,11
24/04/2026,07:14:41,63,Lab. de Instrumentação biomédica,IFPB-VISITANTE,84:F1:47:54:F9:82,-84,11
24/04/2026,07:14:41,63,Lab. de Instrumentação biomédica,IFPB,84:F1:47:54:6B:80,-85,6
24/04/2026,07:14:41,63,Lab. de Instrumentação biomédica,IFPB-VISITANTE,84:F1:47:54:6B:82,-85,6
24/04/2026,07:14:41,63,Lab. de Instrumentação biomédica,IFPB-VISITANTE,24:36:DA:2B:5E:C2,-87,1
24/04/2026,07:14:41,63,Lab. de Instrumentação biomédica,IFPB,24:36:DA:2B:5E:C0,-90,1
24/04/2026,07:14:51,64,Lab. de Instrumentação biomédica,IFPB,84:F1:47:54:96:E0,-74,1
24/04/2026,07:14:51,64,Lab. de Instrumentação biomédica,IFPB-VISITANTE,84:F1:47:54:96:E2,-74,1
24/04/2026,07:14:51,64,Lab. de Instrumentação biomédica,IFPB-VISITANTE,24:36:DA:2B:BC:02,-78,6
24/04/2026,07:14:51,64,Lab. de Instrumentação biomédica,IFPB,24:36:DA:2B:BC:00,-79,6
24/04/2026,07:14:51,64,Lab. de Instrumentação biomédica,IFPB,84:F1:47:54:F9:80,-80,11
24/04/2026,07:14:51,64,Lab. de Instrumentação biomédica,IFPB-VISITANTE,84:F1:47:54:F9:82,-82,11
24/04/2026,07:14:51,64,Lab. de Instrumentação biomédica,IFPB,E4:4E:2D:85:4C:60,-84,11
24/04/2026,07:14:51,64,Lab. de Instrumentação biomédica,IFPB-VISITANTE,E4:4E:2D:85:4C:62,-84,11
24/04/2026,07:14:51,64,Lab. de Instrumentação biomédica,IFPB-VISITANTE,84:F1:47:54:6B:82,-85,6
24/04/2026,07:14:51,64,Lab. de Instrumentação biomédica,IFPB,84:F1:47:54:6B:80,-85,6
24/04/2026,07:14:51,64,Lab. de Instrumentação biomédica,IFPB-VISITANTE,84:F1:47:54:8B:A2,-87,1
24/04/2026,07:14:51,64,Lab. de Instrumentação biomédica,IFPB,24:36:DA:2B:5E:C0,-87,1
24/04/2026,07:14:51,64,Lab. de Instrumentação biomédica,IFPB-VISITANTE,24:36:DA:2B:5E:C2,-88,1
24/04/2026,07:14:51,64,Lab. de Instrumentação biomédica,IFPB,84:F1:47:54:8B:A0,-88,1
24/04/2026,07:15:01,65,Lab. de Instrumentação biomédica,IFPB,84:F1:47:54:96:E0,-77,1
24/04/2026,07:15:01,65,Lab. de Instrumentação biomédica,IFPB-VISITANTE,84:F1:47:54:96:E2,-77,1
24/04/2026,07:15:01,65,Lab. de Instrumentação biomédica,IFPB,24:36:DA:2B:BC:00,-79,6
24/04/2026,07:15:01,65,Lab. de Instrumentação biomédica,IFPB-VISITANTE,24:36:DA:2B:BC:02,-79,6
24/04/2026,07:15:01,65,Lab. de Instrumentação biomédica,IFPB,E4:4E:2D:85:4C:60,-81,11
24/04/2026,07:15:01,65,Lab. de Instrumentação biomédica,IFPB-VISITANTE,E4:4E:2D:85:4C:62,-82,11
24/04/2026,07:15:01,65,Lab. de Instrumentação biomédica,IFPB,84:F1:47:54:8B:A0,-83,1
24/04/2026,07:15:01,65,Lab. de Instrumentação biomédica,IFPB-VISITANTE,84:F1:47:54:8B:A2,-83,1
24/04/2026,07:15:01,65,Lab. de Instrumentação biomédica,IFPB,84:F1:47:54:6B:80,-84,6
24/04/2026,07:15:01,65,Lab. de Instrumentação biomédica,IFPB-VISITANTE,84:F1:47:54:F9:82,-84,11
24/04/2026,07:15:01,65,Lab. de Instrumentação biomédica,IFPB,84:F1:47:54:F9:80,-85,11
24/04/2026,07:15:01,65,Lab. de Instrumentação biomédica,IFPB-VISITANTE,84:F1:47:54:6B:82,-86,6
24/04/2026,07:15:02,65,Lab. de Instrumentação biomédica,IFPB-VISITANTE,24:36:DA:2B:5E:C2,-89,1
24/04/2026,07:15:02,65,Lab. de Instrumentação biomédica,IFPB,24:36:DA:2B:5E:C0,-89,1
24/04/2026,07:15:11,66,Lab. de Instrumentação biomédica,IFPB-VISITANTE,84:F1:47:54:96:E2,-78,1
24/04/2026,07:15:11,66,Lab. de Instrumentação biomédica,IFPB,84:F1:47:54:96:E0,-79,1
24/04/2026,07:15:11,66,Lab. de Instrumentação biomédica,IFPB,24:36:DA:2B:BC:00,-80,6
24/04/2026,07:15:11,66,Lab. de Instrumentação biomédica,IFPB-VISITANTE,24:36:DA:2B:BC:02,-80,6
24/04/2026,07:15:12,66,Lab. de Instrumentação biomédica,IFPB-VISITANTE,84:F1:47:54:8B:A2,-81,1
24/04/2026,07:15:12,66,Lab. de Instrumentação biomédica,IFPB,84:F1:47:54:8B:A0,-82,1
24/04/2026,07:15:12,66,Lab. de Instrumentação biomédica,IFPB-VISITANTE,E4:4E:2D:85:4C:62,-82,11
24/04/2026,07:15:12,66,Lab. de Instrumentação biomédica,IFPB,E4:4E:2D:85:4C:60,-82,11
24/04/2026,07:15:12,66,Lab. de Instrumentação biomédica,IFPB-VISITANTE,84:F1:47:54:6B:82,-85,6
24/04/2026,07:15:12,66,Lab. de Instrumentação biomédica,IFPB,84:F1:47:54:6B:80,-85,6
24/04/2026,07:15:12,66,Lab. de Instrumentação biomédica,IFPB,84:F1:47:54:F9:80,-85,11
24/04/2026,07:15:12,66,Lab. de Instrumentação biomédica,IFPB-VISITANTE,84:F1:47:54:F9:82,-85,11
24/04/2026,07:15:12,66,Lab. de Instrumentação biomédica,IFPB,24:36:DA:2B:5E:C0,-89,1
24/04/2026,07:15:22,67,Lab. de Instrumentação biomédica,IFPB,84:F1:47:54:96:E0,-72,1
24/04/2026,07:15:22,67,Lab. de Instrumentação biomédica,IFPB-VISITANTE,84:F1:47:54:96:E2,-73,1
24/04/2026,07:15:22,67,Lab. de Instrumentação biomédica,IFPB-VISITANTE,24:36:DA:2B:BC:02,-79,6
24/04/2026,07:15:22,67,Lab. de Instrumentação biomédica,IFPB,24:36:DA:2B:BC:00,-80,6
24/04/2026,07:15:22,67,Lab. de Instrumentação biomédica,IFPB,84:F1:47:54:8B:A0,-81,1
24/04/2026,07:15:22,67,Lab. de Instrumentação biomédica,IFPB-VISITANTE,84:F1:47:54:8B:A2,-81,1
24/04/2026,07:15:22,67,Lab. de Instrumentação biomédica,IFPB,E4:4E:2D:85:4C:60,-82,11
24/04/2026,07:15:22,67,Lab. de Instrumentação biomédica,IFPB-VISITANTE,E4:4E:2D:85:4C:62,-82,11
24/04/2026,07:15:22,67,Lab. de Instrumentação biomédica,IFPB,84:F1:47:54:F9:80,-84,11
24/04/2026,07:15:22,67,Lab. de Instrumentação biomédica,IFPB-VISITANTE,84:F1:47:54:F9:82,-84,11
24/04/2026,07:15:22,67,Lab. de Instrumentação biomédica,IFPB,84:F1:47:54:6B:80,-86,6
24/04/2026,07:15:22,67,Lab. de Instrumentação biomédica,IFPB-VISITANTE,84:F1:47:54:6B:82,-87,6
24/04/2026,07:15:32,68,Lab. de Instrumentação biomédica,IFPB,84:F1:47:54:96:E0,-71,1
24/04/2026,07:15:32,68,Lab. de Instrumentação biomédica,IFPB-VISITANTE,84:F1:47:54:96:E2,-72,1
24/04/2026,07:15:32,68,Lab. de Instrumentação biomédica,IFPB-VISITANTE,24:36:DA:2B:BC:02,-77,6
24/04/2026,07:15:32,68,Lab. de Instrumentação biomédica,IFPB,24:36:DA:2B:BC:00,-77,6
24/04/2026,07:15:32,68,Lab. de Instrumentação biomédica,IFPB,84:F1:47:54:F9:80,-80,11
24/04/2026,07:15:32,68,Lab. de Instrumentação biomédica,IFPB-VISITANTE,84:F1:47:54:F9:82,-80,11
24/04/2026,07:15:32,68,Lab. de Instrumentação biomédica,IFPB,E4:4E:2D:85:4C:60,-80,11
24/04/2026,07:15:32,68,Lab. de Instrumentação biomédica,IFPB-VISITANTE,E4:4E:2D:85:4C:62,-81,11
24/04/2026,07:15:32,68,Lab. de Instrumentação biomédica,IFPB-VISITANTE,84:F1:47:54:8B:A2,-83,1
24/04/2026,07:15:32,68,Lab. de Instrumentação biomédica,IFPB,84:F1:47:54:8B:A0,-84,1
24/04/2026,07:15:32,68,Lab. de Instrumentação biomédica,IFPB,24:36:DA:2B:5E:C0,-85,1
24/04/2026,07:15:32,68,Lab. de Instrumentação biomédica,IFPB-VISITANTE,84:F1:47:54:6B:82,-85,6
24/04/2026,07:15:32,68,Lab. de Instrumentação biomédica,IFPB,84:F1:47:54:6B:80,-85,6
24/04/2026,07:15:32,68,Lab. de Instrumentação biomédica,IFPB-VISITANTE,24:36:DA:2B:5E:C2,-86,1
24/04/2026,07:15:42,69,Lab. de Instrumentação biomédica,IFPB,84:F1:47:54:96:E0,-71,1
24/04/2026,07:15:42,69,Lab. de Instrumentação biomédica,IFPB-VISITANTE,84:F1:47:54:96:E2,-71,1
24/04/2026,07:15:42,69,Lab. de Instrumentação biomédica,IFPB-VISITANTE,24:36:DA:2B:BC:02,-77,6
24/04/2026,07:15:42,69,Lab. de Instrumentação biomédica,IFPB,24:36:DA:2B:BC:00,-78,6
24/04/2026,07:15:42,69,Lab. de Instrumentação biomédica,IFPB,84:F1:47:54:F9:80,-81,11
24/04/2026,07:15:42,69,Lab. de Instrumentação biomédica,IFPB,84:F1:47:54:8B:A0,-82,1
24/04/2026,07:15:42,69,Lab. de Instrumentação biomédica,IFPB-VISITANTE,84:F1:47:54:8B:A2,-82,1
24/04/2026,07:15:42,69,Lab. de Instrumentação biomédica,IFPB-VISITANTE,84:F1:47:54:F9:82,-82,11
24/04/2026,07:15:42,69,Lab. de Instrumentação biomédica,IFPB,E4:4E:2D:85:4C:60,-82,11
24/04/2026,07:15:42,69,Lab. de Instrumentação biomédica,IFPB-VISITANTE,E4:4E:2D:85:4C:62,-82,11
24/04/2026,07:15:42,69,Lab. de Instrumentação biomédica,IFPB-VISITANTE,84:F1:47:54:6B:82,-84,6
24/04/2026,07:15:42,69,Lab. de Instrumentação biomédica,IFPB-VISITANTE,24:36:DA:2B:5E:C2,-86,1
24/04/2026,07:15:42,69,Lab. de Instrumentação biomédica,IFPB,84:F1:47:54:6B:80,-86,6
24/04/2026,07:15:42,69,Lab. de Instrumentação biomédica,IFPB,24:36:DA:2B:5E:C0,-87,1
24/04/2026,07:15:52,70,Lab. de Instrumentação biomédica,IFPB,84:F1:47:54:96:E0,-73,1
24/04/2026,07:15:52,70,Lab. de Instrumentação biomédica,IFPB-VISITANTE,84:F1:47:54:96:E2,-73,1
24/04/2026,07:15:52,70,Lab. de Instrumentação biomédica,IFPB,24:36:DA:2B:BC:00,-77,6
24/04/2026,07:15:52,70,Lab. de Instrumentação biomédica,IFPB-VISITANTE,24:36:DA:2B:BC:02,-77,6
24/04/2026,07:15:52,70,Lab. de Instrumentação biomédica,IFPB,84:F1:47:54:8B:A0,-81,1
24/04/2026,07:15:52,70,Lab. de Instrumentação biomédica,IFPB,84:F1:47:54:F9:80,-81,11
24/04/2026,07:15:52,70,Lab. de Instrumentação biomédica,IFPB-VISITANTE,84:F1:47:54:F9:82,-81,11
24/04/2026,07:15:52,70,Lab. de Instrumentação biomédica,IFPB,E4:4E:2D:85:4C:60,-81,11
24/04/2026,07:15:52,70,Lab. de Instrumentação biomédica,IFPB-VISITANTE,84:F1:47:54:8B:A2,-82,1
24/04/2026,07:15:52,70,Lab. de Instrumentação biomédica,IFPB-VISITANTE,E4:4E:2D:85:4C:62,-82,11
24/04/2026,07:15:52,70,Lab. de Instrumentação biomédica,IFPB-VISITANTE,84:F1:47:54:6B:82,-85,6
24/04/2026,07:15:52,70,Lab. de Instrumentação biomédica,IFPB,84:F1:47:54:6B:80,-85,6
24/04/2026,07:15:52,70,Lab. de Instrumentação biomédica,IFPB-VISITANTE,24:36:DA:2B:5E:C2,-88,1
24/04/2026,07:15:52,70,Lab. de Instrumentação biomédica,IFPB,24:36:DA:2B:5E:C0,-89,1
24/04/2026,07:16:17,71,Lab. de aferição e calibração,IFPB,84:F1:47:54:96:E0,-59,1
24/04/2026,07:16:17,71,Lab. de aferição e calibração,IFPB-VISITANTE,84:F1:47:54:96:E2,-59,1
24/04/2026,07:16:17,71,Lab. de aferição e calibração,IFPB,24:36:DA:2B:BC:00,-71,6
24/04/2026,07:16:17,71,Lab. de aferição e calibração,IFPB-VISITANTE,24:36:DA:2B:BC:02,-71,6
24/04/2026,07:16:17,71,Lab. de aferição e calibração,IFPB,E4:4E:2D:85:4C:60,-78,11
24/04/2026,07:16:17,71,Lab. de aferição e calibração,IFPB-VISITANTE,E4:4E:2D:85:4C:62,-78,11
24/04/2026,07:16:17,71,Lab. de aferição e calibração,IFPB,84:F1:47:54:6B:80,-84,6
24/04/2026,07:16:17,71,Lab. de aferição e calibração,IFPB,24:36:DA:2B:5E:C0,-85,1
24/04/2026,07:16:17,71,Lab. de aferição e calibração,IFPB-VISITANTE,84:F1:47:54:6B:82,-85,6
24/04/2026,07:16:17,71,Lab. de aferição e calibração,IFPB-VISITANTE,24:36:DA:2B:5E:C2,-86,1
24/04/2026,07:16:17,71,Lab. de aferição e calibração,IFPB,84:F1:47:54:7F:20,-89,11
24/04/2026,07:16:17,71,Lab. de aferição e calibração,IFPB-VISITANTE,84:F1:47:54:7F:22,-89,11
24/04/2026,07:16:17,71,Lab. de aferição e calibração,IFPB,84:F1:47:54:F9:80,-89,11
24/04/2026,07:16:27,72,Lab. de aferição e calibração,IFPB,84:F1:47:54:96:E0,-62,1
24/04/2026,07:16:27,72,Lab. de aferição e calibração,IFPB-VISITANTE,84:F1:47:54:96:E2,-62,1
24/04/2026,07:16:27,72,Lab. de aferição e calibração,IFPB,24:36:DA:2B:BC:00,-69,6
24/04/2026,07:16:27,72,Lab. de aferição e calibração,IFPB-VISITANTE,24:36:DA:2B:BC:02,-69,6
24/04/2026,07:16:27,72,Lab. de aferição e calibração,IFPB,E4:4E:2D:85:4C:60,-72,11
24/04/2026,07:16:27,72,Lab. de aferição e calibração,IFPB-VISITANTE,E4:4E:2D:85:4C:62,-73,11
24/04/2026,07:16:27,72,Lab. de aferição e calibração,IFPB-VISITANTE,84:F1:47:54:6B:82,-76,6
24/04/2026,07:16:27,72,Lab. de aferição e calibração,IFPB,84:F1:47:54:6B:80,-77,6
24/04/2026,07:16:27,72,Lab. de aferição e calibração,IFPB,24:36:DA:2B:5E:C0,-87,1
24/04/2026,07:16:28,72,Lab. de aferição e calibração,IFPB-VISITANTE,24:36:DA:2B:5E:C2,-87,1
24/04/2026,07:16:28,72,Lab. de aferição e calibração,IFPB,84:F1:47:54:F9:80,-88,11
24/04/2026,07:16:28,72,Lab. de aferição e calibração,IFPB-VISITANTE,84:F1:47:54:F9:82,-88,11
24/04/2026,07:16:37,73,Lab. de aferição e calibração,IFPB,84:F1:47:54:96:E0,-62,1
24/04/2026,07:16:37,73,Lab. de aferição e calibração,IFPB-VISITANTE,84:F1:47:54:96:E2,-62,1
24/04/2026,07:16:37,73,Lab. de aferição e calibração,IFPB,24:36:DA:2B:BC:00,-72,6
24/04/2026,07:16:37,73,Lab. de aferição e calibração,IFPB-VISITANTE,24:36:DA:2B:BC:02,-72,6
24/04/2026,07:16:37,73,Lab. de aferição e calibração,IFPB-VISITANTE,E4:4E:2D:85:4C:62,-73,11
24/04/2026,07:16:37,73,Lab. de aferição e calibração,IFPB,E4:4E:2D:85:4C:60,-74,11
24/04/2026,07:16:38,73,Lab. de aferição e calibração,IFPB,84:F1:47:54:6B:80,-80,6
24/04/2026,07:16:38,73,Lab. de aferição e calibração,IFPB-VISITANTE,84:F1:47:54:6B:82,-81,6
24/04/2026,07:16:38,73,Lab. de aferição e calibração,IFPB-VISITANTE,24:36:DA:2B:5E:C2,-85,1
24/04/2026,07:16:38,73,Lab. de aferição e calibração,IFPB,24:36:DA:2B:5E:C0,-85,1
24/04/2026,07:16:38,73,Lab. de aferição e calibração,IFPB-VISITANTE,84:F1:47:54:F9:82,-91,11
24/04/2026,07:16:47,74,Lab. de aferição e calibração,IFPB,84:F1:47:54:96:E0,-63,1
24/04/2026,07:16:47,74,Lab. de aferição e calibração,IFPB-VISITANTE,84:F1:47:54:96:E2,-63,1
24/04/2026,07:16:47,74,Lab. de aferição e calibração,IFPB,24:36:DA:2B:BC:00,-76,6
24/04/2026,07:16:47,74,Lab. de aferição e calibração,IFPB,E4:4E:2D:85:4C:60,-76,11
24/04/2026,07:16:47,74,Lab. de aferição e calibração,IFPB-VISITANTE,E4:4E:2D:85:4C:62,-76,11
24/04/2026,07:16:47,74,Lab. de aferição e calibração,IFPB-VISITANTE,24:36:DA:2B:BC:02,-77,6
24/04/2026,07:16:48,74,Lab. de aferição e calibração,IFPB,84:F1:47:54:6B:80,-79,6
24/04/2026,07:16:48,74,Lab. de aferição e calibração,IFPB-VISITANTE,84:F1:47:54:6B:82,-79,6
24/04/2026,07:16:48,74,Lab. de aferição e calibração,IFPB-VISITANTE,24:36:DA:2B:5E:C2,-85,1
24/04/2026,07:16:48,74,Lab. de aferição e calibração,IFPB,24:36:DA:2B:5E:C0,-86,1
24/04/2026,07:16:48,74,Lab. de aferição e calibração,IFPB-VISITANTE,84:F1:47:54:F9:82,-89,11
24/04/2026,07:16:57,75,Lab. de aferição e calibração,IFPB,84:F1:47:54:96:E0,-63,1
24/04/2026,07:16:57,75,Lab. de aferição e calibração,IFPB-VISITANTE,84:F1:47:54:96:E2,-64,1
24/04/2026,07:16:57,75,Lab. de aferição e calibração,IFPB,24:36:DA:2B:BC:00,-70,6
24/04/2026,07:16:57,75,Lab. de aferição e calibração,IFPB-VISITANTE,24:36:DA:2B:BC:02,-70,6
24/04/2026,07:16:57,75,Lab. de aferição e calibração,IFPB,84:F1:47:54:6B:80,-76,6
24/04/2026,07:16:57,75,Lab. de aferição e calibração,IFPB-VISITANTE,84:F1:47:54:6B:82,-77,6
24/04/2026,07:16:57,75,Lab. de aferição e calibração,IFPB,E4:4E:2D:85:4C:60,-78,11
24/04/2026,07:16:58,75,Lab. de aferição e calibração,IFPB-VISITANTE,E4:4E:2D:85:4C:62,-79,11
24/04/2026,07:16:58,75,Lab. de aferição e calibração,IFPB,84:F1:47:54:7F:20,-89,11
24/04/2026,07:16:58,75,Lab. de aferição e calibração,IFPB-VISITANTE,84:F1:47:54:7F:22,-90,11
24/04/2026,07:17:07,76,Lab. de aferição e calibração,IFPB,84:F1:47:54:96:E0,-59,1
24/04/2026,07:17:07,76,Lab. de aferição e calibração,IFPB-VISITANTE,84:F1:47:54:96:E2,-60,1
24/04/2026,07:17:08,76,Lab. de aferição e calibração,IFPB,24:36:DA:2B:BC:00,-76,6
24/04/2026,07:17:08,76,Lab. de aferição e calibração,IFPB-VISITANTE,24:36:DA:2B:BC:02,-76,6
24/04/2026,07:17:08,76,Lab. de aferição e calibração,IFPB,E4:4E:2D:85:4C:60,-76,11
24/04/2026,07:17:08,76,Lab. de aferição e calibração,IFPB-VISITANTE,E4:4E:2D:85:4C:62,-76,11
24/04/2026,07:17:08,76,Lab. de aferição e calibração,IFPB,84:F1:47:54:6B:80,-77,6
24/04/2026,07:17:08,76,Lab. de aferição e calibração,IFPB-VISITANTE,84:F1:47:54:6B:82,-77,6
24/04/2026,07:17:08,76,Lab. de aferição e calibração,IFPB-VISITANTE,24:36:DA:2B:5E:C2,-86,1
24/04/2026,07:17:08,76,Lab. de aferição e calibração,IFPB,24:36:DA:2B:5E:C0,-87,1
24/04/2026,07:17:08,76,Lab. de aferição e calibração,IFPB-VISITANTE,84:F1:47:54:97:02,-87,1
24/04/2026,07:17:08,76,Lab. de aferição e calibração,IFPB,84:F1:47:54:97:00,-88,1
24/04/2026,07:17:08,76,Lab. de aferição e calibração,IFPB-VISITANTE,84:F1:47:54:F9:82,-88,11
24/04/2026,07:17:08,76,Lab. de aferição e calibração,IFPB-VISITANTE,84:F1:47:54:7F:22,-88,11
24/04/2026,07:17:08,76,Lab. de aferição e calibração,IFPB,84:F1:47:54:7F:20,-89,11
24/04/2026,07:17:18,77,Lab. de aferição e calibração,IFPB,84:F1:47:54:96:E0,-60,1
24/04/2026,07:17:18,77,Lab. de aferição e calibração,IFPB-VISITANTE,84:F1:47:54:96:E2,-60,1
24/04/2026,07:17:18,77,Lab. de aferição e calibração,IFPB,24:36:DA:2B:BC:00,-75,6
24/04/2026,07:17:18,77,Lab. de aferição e calibração,IFPB-VISITANTE,24:36:DA:2B:BC:02,-75,6
24/04/2026,07:17:18,77,Lab. de aferição e calibração,IFPB-VISITANTE,E4:4E:2D:85:4C:62,-76,11
24/04/2026,07:17:18,77,Lab. de aferição e calibração,IFPB-VISITANTE,84:F1:47:54:6B:82,-77,6
24/04/2026,07:17:18,77,Lab. de aferição e calibração,IFPB,84:F1:47:54:6B:80,-77,6
24/04/2026,07:17:18,77,Lab. de aferição e calibração,IFPB,E4:4E:2D:85:4C:60,-77,11
24/04/2026,07:17:18,77,Lab. de aferição e calibração,IFPB,24:36:DA:2B:5E:C0,-87,1
24/04/2026,07:17:18,77,Lab. de aferição e calibração,IFPB-VISITANTE,24:36:DA:2B:5E:C2,-88,1
24/04/2026,07:17:28,78,Lab. de aferição e calibração,IFPB,84:F1:47:54:96:E0,-61,1
24/04/2026,07:17:28,78,Lab. de aferição e calibração,IFPB-VISITANTE,84:F1:47:54:96:E2,-61,1
24/04/2026,07:17:28,78,Lab. de aferição e calibração,IFPB,24:36:DA:2B:BC:00,-73,6
24/04/2026,07:17:28,78,Lab. de aferição e calibração,IFPB-VISITANTE,24:36:DA:2B:BC:02,-74,6
24/04/2026,07:17:28,78,Lab. de aferição e calibração,IFPB-VISITANTE,84:F1:47:54:6B:82,-77,6
24/04/2026,07:17:28,78,Lab. de aferição e calibração,IFPB,84:F1:47:54:6B:80,-77,6
24/04/2026,07:17:28,78,Lab. de aferição e calibração,IFPB,E4:4E:2D:85:4C:60,-77,11
24/04/2026,07:17:28,78,Lab. de aferição e calibração,IFPB-VISITANTE,E4:4E:2D:85:4C:62,-77,11
24/04/2026,07:17:28,78,Lab. de aferição e calibração,IFPB,24:36:DA:2B:5E:C0,-87,1
24/04/2026,07:17:28,78,Lab. de aferição e calibração,IFPB-VISITANTE,24:36:DA:2B:5E:C2,-88,1
24/04/2026,07:17:38,79,Lab. de aferição e calibração,IFPB,84:F1:47:54:96:E0,-61,1
24/04/2026,07:17:38,79,Lab. de aferição e calibração,IFPB-VISITANTE,84:F1:47:54:96:E2,-61,1
24/04/2026,07:17:38,79,Lab. de aferição e calibração,IFPB,24:36:DA:2B:BC:00,-70,6
24/04/2026,07:17:38,79,Lab. de aferição e calibração,IFPB-VISITANTE,24:36:DA:2B:BC:02,-70,6
24/04/2026,07:17:38,79,Lab. de aferição e calibração,IFPB,84:F1:47:54:6B:80,-76,6
24/04/2026,07:17:38,79,Lab. de aferição e calibração,IFPB-VISITANTE,84:F1:47:54:6B:82,-76,6
24/04/2026,07:17:38,79,Lab. de aferição e calibração,IFPB,E4:4E:2D:85:4C:60,-80,11
24/04/2026,07:17:38,79,Lab. de aferição e calibração,IFPB-VISITANTE,E4:4E:2D:85:4C:62,-80,11
24/04/2026,07:17:38,79,Lab. de aferição e calibração,IFPB-VISITANTE,24:36:DA:2B:5E:C2,-87,1
24/04/2026,07:17:38,79,Lab. de aferição e calibração,IFPB,84:F1:47:54:F9:80,-87,11
24/04/2026,07:17:38,79,Lab. de aferição e calibração,IFPB,84:F1:47:54:7F:20,-88,11
24/04/2026,07:17:38,79,Lab. de aferição e calibração,IFPB-VISITANTE,84:F1:47:54:7F:22,-88,11
24/04/2026,07:17:38,79,Lab. de aferição e calibração,IFPB-VISITANTE,84:F1:47:54:F9:82,-88,11
24/04/2026,07:17:48,80,Lab. de aferição e calibração,IFPB,84:F1:47:54:96:E0,-62,1
24/04/2026,07:17:48,80,Lab. de aferição e calibração,IFPB-VISITANTE,84:F1:47:54:96:E2,-62,1
24/04/2026,07:17:48,80,Lab. de aferição e calibração,IFPB,24:36:DA:2B:BC:00,-72,6
24/04/2026,07:17:48,80,Lab. de aferição e calibração,IFPB-VISITANTE,24:36:DA:2B:BC:02,-74,6
24/04/2026,07:17:48,80,Lab. de aferição e calibração,IFPB,84:F1:47:54:6B:80,-78,6
24/04/2026,07:17:48,80,Lab. de aferição e calibração,IFPB-VISITANTE,84:F1:47:54:6B:82,-78,6
24/04/2026,07:17:48,80,Lab. de aferição e calibração,IFPB-VISITANTE,E4:4E:2D:85:4C:62,-82,11
24/04/2026,07:17:48,80,Lab. de aferição e calibração,IFPB,E4:4E:2D:85:4C:60,-83,11
24/04/2026,07:17:48,80,Lab. de aferição e calibração,IFPB,24:36:DA:2B:5E:C0,-85,1
24/04/2026,07:17:48,80,Lab. de aferição e calibração,IFPB-VISITANTE,24:36:DA:2B:5E:C2,-87,1
24/04/2026,07:17:48,80,Lab. de aferição e calibração,IFPB-VISITANTE,84:F1:47:54:F9:82,-87,11
24/04/2026,07:17:48,80,Lab. de aferição e calibração,IFPB,84:F1:47:54:7F:20,-87,11
24/04/2026,07:17:48,80,Lab. de aferição e calibração,IFPB-VISITANTE,84:F1:47:54:7F:22,-87,11
24/04/2026,07:17:48,80,Lab. de aferição e calibração,IFPB,84:F1:47:54:F9:80,-89,11
24/04/2026,07:18:15,81,Lab. de medidas em telecomunicações,IFPB,84:F1:47:54:96:E0,-67,1
24/04/2026,07:18:15,81,Lab. de medidas em telecomunicações,IFPB-VISITANTE,84:F1:47:54:96:E2,-67,1
24/04/2026,07:18:15,81,Lab. de medidas em telecomunicações,IFPB-VISITANTE,24:36:DA:2B:BC:02,-70,6
24/04/2026,07:18:15,81,Lab. de medidas em telecomunicações,IFPB,24:36:DA:2B:BC:00,-71,6
24/04/2026,07:18:15,81,Lab. de medidas em telecomunicações,IFPB,E4:4E:2D:85:4C:60,-72,11
24/04/2026,07:18:15,81,Lab. de medidas em telecomunicações,IFPB-VISITANTE,E4:4E:2D:85:4C:62,-72,11
24/04/2026,07:18:15,81,Lab. de medidas em telecomunicações,IFPB,84:F1:47:54:6B:80,-85,6
24/04/2026,07:18:15,81,Lab. de medidas em telecomunicações,IFPB-VISITANTE,84:F1:47:54:6B:82,-85,6
24/04/2026,07:18:25,82,Lab. de medidas em telecomunicações,IFPB,84:F1:47:54:96:E0,-70,1
24/04/2026,07:18:25,82,Lab. de medidas em telecomunicações,IFPB-VISITANTE,84:F1:47:54:96:E2,-70,1
24/04/2026,07:18:25,82,Lab. de medidas em telecomunicações,IFPB,E4:4E:2D:85:4C:60,-70,11
24/04/2026,07:18:25,82,Lab. de medidas em telecomunicações,IFPB-VISITANTE,E4:4E:2D:85:4C:62,-70,11
24/04/2026,07:18:25,82,Lab. de medidas em telecomunicações,IFPB,24:36:DA:2B:BC:00,-71,6
24/04/2026,07:18:25,82,Lab. de medidas em telecomunicações,IFPB-VISITANTE,24:36:DA:2B:BC:02,-71,6
24/04/2026,07:18:25,82,Lab. de medidas em telecomunicações,IFPB-VISITANTE,84:F1:47:54:6B:82,-88,6
24/04/2026,07:18:25,82,Lab. de medidas em telecomunicações,IFPB,84:F1:47:54:6B:80,-88,6
24/04/2026,07:18:25,82,Lab. de medidas em telecomunicações,IFPB,84:F1:47:54:7F:60,-90,6
24/04/2026,07:18:35,83,Lab. de medidas em telecomunicações,IFPB,84:F1:47:54:96:E0,-69,1
24/04/2026,07:18:35,83,Lab. de medidas em telecomunicações,IFPB-VISITANTE,84:F1:47:54:96:E2,-69,1
24/04/2026,07:18:35,83,Lab. de medidas em telecomunicações,IFPB,24:36:DA:2B:BC:00,-69,6
24/04/2026,07:18:35,83,Lab. de medidas em telecomunicações,IFPB-VISITANTE,24:36:DA:2B:BC:02,-69,6
24/04/2026,07:18:35,83,Lab. de medidas em telecomunicações,IFPB,E4:4E:2D:85:4C:60,-72,11
24/04/2026,07:18:35,83,Lab. de medidas em telecomunicações,IFPB-VISITANTE,E4:4E:2D:85:4C:62,-73,11
24/04/2026,07:18:35,83,Lab. de medidas em telecomunicações,IFPB,84:F1:47:54:6B:80,-86,6
24/04/2026,07:18:35,83,Lab. de medidas em telecomunicações,IFPB,84:F1:47:54:7F:20,-87,11
24/04/2026,07:18:35,83,Lab. de medidas em telecomunicações,IFPB-VISITANTE,84:F1:47:54:6B:82,-88,6
24/04/2026,07:18:35,83,Lab. de medidas em telecomunicações,IFPB-VISITANTE,84:F1:47:54:7F:22,-89,11
24/04/2026,07:18:45,84,Lab. de medidas em telecomunicações,IFPB,24:36:DA:2B:BC:00,-68,6
24/04/2026,07:18:45,84,Lab. de medidas em telecomunicações,IFPB-VISITANTE,24:36:DA:2B:BC:02,-68,6
24/04/2026,07:18:45,84,Lab. de medidas em telecomunicações,IFPB,84:F1:47:54:96:E0,-69,1
24/04/2026,07:18:45,84,Lab. de medidas em telecomunicações,IFPB-VISITANTE,84:F1:47:54:96:E2,-69,1
24/04/2026,07:18:45,84,Lab. de medidas em telecomunicações,IFPB,E4:4E:2D:85:4C:60,-72,11
24/04/2026,07:18:45,84,Lab. de medidas em telecomunicações,IFPB-VISITANTE,E4:4E:2D:85:4C:62,-72,11
24/04/2026,07:18:45,84,Lab. de medidas em telecomunicações,IFPB-VISITANTE,84:F1:47:54:6B:82,-84,6
24/04/2026,07:18:45,84,Lab. de medidas em telecomunicações,IFPB,84:F1:47:54:6B:80,-84,6
24/04/2026,07:18:46,84,Lab. de medidas em telecomunicações,IFPB,84:F1:47:54:7F:20,-89,11
24/04/2026,07:18:46,84,Lab. de medidas em telecomunicações,IFPB-VISITANTE,84:F1:47:54:7F:22,-89,11
24/04/2026,07:18:55,85,Lab. de medidas em telecomunicações,IFPB,84:F1:47:54:96:E0,-69,1
24/04/2026,07:18:55,85,Lab. de medidas em telecomunicações,IFPB-VISITANTE,84:F1:47:54:96:E2,-69,1
24/04/2026,07:18:55,85,Lab. de medidas em telecomunicações,IFPB,24:36:DA:2B:BC:00,-69,6
24/04/2026,07:18:55,85,Lab. de medidas em telecomunicações,IFPB-VISITANTE,24:36:DA:2B:BC:02,-69,6
24/04/2026,07:18:55,85,Lab. de medidas em telecomunicações,IFPB,E4:4E:2D:85:4C:60,-72,11
24/04/2026,07:18:55,85,Lab. de medidas em telecomunicações,IFPB-VISITANTE,E4:4E:2D:85:4C:62,-72,11
24/04/2026,07:18:56,85,Lab. de medidas em telecomunicações,IFPB-VISITANTE,84:F1:47:54:6B:82,-85,6
24/04/2026,07:18:56,85,Lab. de medidas em telecomunicações,IFPB,84:F1:47:54:6B:80,-86,6
24/04/2026,07:18:56,85,Lab. de medidas em telecomunicações,IFPB,84:F1:47:54:7F:20,-88,11
24/04/2026,07:18:56,85,Lab. de medidas em telecomunicações,IFPB-VISITANTE,84:F1:47:54:7F:22,-88,11
24/04/2026,07:19:05,86,Lab. de medidas em telecomunicações,IFPB-VISITANTE,24:36:DA:2B:BC:02,-68,6
24/04/2026,07:19:05,86,Lab. de medidas em telecomunicações,IFPB,24:36:DA:2B:BC:00,-69,6
24/04/2026,07:19:05,86,Lab. de medidas em telecomunicações,IFPB,84:F1:47:54:96:E0,-70,1
24/04/2026,07:19:05,86,Lab. de medidas em telecomunicações,IFPB-VISITANTE,84:F1:47:54:96:E2,-71,1
24/04/2026,07:19:05,86,Lab. de medidas em telecomunicações,IFPB,E4:4E:2D:85:4C:60,-73,11
24/04/2026,07:19:05,86,Lab. de medidas em telecomunicações,IFPB-VISITANTE,E4:4E:2D:85:4C:62,-73,11
24/04/2026,07:19:06,86,Lab. de medidas em telecomunicações,IFPB,24:36:DA:2B:5E:C0,-88,1
24/04/2026,07:19:06,86,Lab. de medidas em telecomunicações,IFPB-VISITANTE,84:F1:47:54:7F:22,-88,11
24/04/2026,07:19:06,86,Lab. de medidas em telecomunicações,IFPB,84:F1:47:54:6B:80,-89,6
24/04/2026,07:19:06,86,Lab. de medidas em telecomunicações,IFPB-VISITANTE,84:F1:47:54:6B:82,-89,6
24/04/2026,07:19:06,86,Lab. de medidas em telecomunicações,IFPB,84:F1:47:54:7F:20,-90,11
24/04/2026,07:19:15,87,Lab. de medidas em telecomunicações,IFPB,24:36:DA:2B:BC:00,-68,6
24/04/2026,07:19:15,87,Lab. de medidas em telecomunicações,IFPB-VISITANTE,24:36:DA:2B:BC:02,-69,6
24/04/2026,07:19:15,87,Lab. de medidas em telecomunicações,IFPB,84:F1:47:54:96:E0,-70,1
24/04/2026,07:19:15,87,Lab. de medidas em telecomunicações,IFPB-VISITANTE,84:F1:47:54:96:E2,-70,1
24/04/2026,07:19:16,87,Lab. de medidas em telecomunicações,IFPB,E4:4E:2D:85:4C:60,-72,11
24/04/2026,07:19:16,87,Lab. de medidas em telecomunicações,IFPB-VISITANTE,E4:4E:2D:85:4C:62,-72,11
24/04/2026,07:19:16,87,Lab. de medidas em telecomunicações,IFPB,84:F1:47:54:6B:80,-85,6
24/04/2026,07:19:16,87,Lab. de medidas em telecomunicações,IFPB-VISITANTE,84:F1:47:54:6B:82,-85,6
24/04/2026,07:19:16,87,Lab. de medidas em telecomunicações,IFPB,84:F1:47:54:7F:20,-88,11
24/04/2026,07:19:16,87,Lab. de medidas em telecomunicações,IFPB-VISITANTE,84:F1:47:54:7F:22,-89,11
24/04/2026,07:19:26,88,Lab. de medidas em telecomunicações,IFPB-VISITANTE,24:36:DA:2B:BC:02,-67,6
24/04/2026,07:19:26,88,Lab. de medidas em telecomunicações,IFPB,84:F1:47:54:96:E0,-68,1
24/04/2026,07:19:26,88,Lab. de medidas em telecomunicações,IFPB-VISITANTE,84:F1:47:54:96:E2,-68,1
24/04/2026,07:19:26,88,Lab. de medidas em telecomunicações,IFPB,24:36:DA:2B:BC:00,-68,6
24/04/2026,07:19:26,88,Lab. de medidas em telecomunicações,IFPB,E4:4E:2D:85:4C:60,-72,11
24/04/2026,07:19:26,88,Lab. de medidas em telecomunicações,IFPB-VISITANTE,E4:4E:2D:85:4C:62,-73,11
24/04/2026,07:19:26,88,Lab. de medidas em telecomunicações,IFPB,84:F1:47:54:6B:80,-85,6
24/04/2026,07:19:26,88,Lab. de medidas em telecomunicações,IFPB-VISITANTE,84:F1:47:54:6B:82,-85,6
24/04/2026,07:19:26,88,Lab. de medidas em telecomunicações,IFPB,84:F1:47:54:7F:20,-88,11
24/04/2026,07:19:26,88,Lab. de medidas em telecomunicações,IFPB-VISITANTE,84:F1:47:54:7F:22,-89,11
24/04/2026,07:19:36,89,Lab. de medidas em telecomunicações,IFPB,84:F1:47:54:96:E0,-66,1
24/04/2026,07:19:36,89,Lab. de medidas em telecomunicações,IFPB-VISITANTE,84:F1:47:54:96:E2,-66,1
24/04/2026,07:19:36,89,Lab. de medidas em telecomunicações,IFPB,24:36:DA:2B:BC:00,-67,6
24/04/2026,07:19:36,89,Lab. de medidas em telecomunicações,IFPB-VISITANTE,24:36:DA:2B:BC:02,-67,6
24/04/2026,07:19:36,89,Lab. de medidas em telecomunicações,IFPB,E4:4E:2D:85:4C:60,-73,11
24/04/2026,07:19:36,89,Lab. de medidas em telecomunicações,IFPB-VISITANTE,E4:4E:2D:85:4C:62,-73,11
24/04/2026,07:19:36,89,Lab. de medidas em telecomunicações,IFPB,84:F1:47:54:6B:80,-87,6
24/04/2026,07:19:36,89,Lab. de medidas em telecomunicações,IFPB-VISITANTE,84:F1:47:54:6B:82,-87,6
24/04/2026,07:19:36,89,Lab. de medidas em telecomunicações,IFPB-VISITANTE,84:F1:47:54:8B:A2,-88,1
24/04/2026,07:19:36,89,Lab. de medidas em telecomunicações,IFPB,84:F1:47:54:7F:20,-88,11
24/04/2026,07:19:36,89,Lab. de medidas em telecomunicações,IFPB-VISITANTE,84:F1:47:54:7F:22,-88,11
24/04/2026,07:19:36,89,Lab. de medidas em telecomunicações,IFPB-VISITANTE,84:F1:47:54:F9:82,-88,11
24/04/2026,07:19:46,90,Lab. de medidas em telecomunicações,IFPB,84:F1:47:54:96:E0,-69,1
24/04/2026,07:19:46,90,Lab. de medidas em telecomunicações,IFPB-VISITANTE,84:F1:47:54:96:E2,-70,1
24/04/2026,07:19:46,90,Lab. de medidas em telecomunicações,IFPB-VISITANTE,24:36:DA:2B:BC:02,-72,6
24/04/2026,07:19:46,90,Lab. de medidas em telecomunicações,IFPB,24:36:DA:2B:BC:00,-73,6
24/04/2026,07:19:46,90,Lab. de medidas em telecomunicações,IFPB,E4:4E:2D:85:4C:60,-74,11
24/04/2026,07:19:46,90,Lab. de medidas em telecomunicações,IFPB-VISITANTE,E4:4E:2D:85:4C:62,-74,11
24/04/2026,07:19:46,90,Lab. de medidas em telecomunicações,IFPB-VISITANTE,84:F1:47:54:6B:82,-86,6
24/04/2026,07:19:46,90,Lab. de medidas em telecomunicações,IFPB,84:F1:47:54:6B:80,-86,6
24/04/2026,07:19:46,90,Lab. de medidas em telecomunicações,IFPB,84:F1:47:54:7F:20,-88,11
24/04/2026,07:19:46,90,Lab. de medidas em telecomunicações,IFPB-VISITANTE,84:F1:47:54:7F:22,-88,11
24/04/2026,07:20:40,91,Coordenação de pós em Eng. Elétrica,IFPB-VISITANTE,24:36:DA:2B:BC:02,-82,6
24/04/2026,07:20:40,91,Coordenação de pós em Eng. Elétrica,IFPB-VISITANTE,84:F1:47:54:EB:22,-83,6
24/04/2026,07:20:41,91,Coordenação de pós em Eng. Elétrica,IFPB,24:36:DA:2B:BC:00,-83,6
24/04/2026,07:20:41,91,Coordenação de pós em Eng. Elétrica,IFPB-VISITANTE,E4:4E:2D:85:4C:62,-83,11
24/04/2026,07:20:41,91,Coordenação de pós em Eng. Elétrica,IFPB,84:F1:47:54:EB:20,-84,6
24/04/2026,07:20:41,91,Coordenação de pós em Eng. Elétrica,IFPB,E4:4E:2D:85:4C:60,-84,11
24/04/2026,07:20:41,91,Coordenação de pós em Eng. Elétrica,IFPB-VISITANTE,24:36:DA:9F:FB:82,-90,11
24/04/2026,07:20:41,91,Coordenação de pós em Eng. Elétrica,IFPB-VISITANTE,84:F1:47:54:7F:22,-91,11
24/04/2026,07:20:41,91,Coordenação de pós em Eng. Elétrica,IFPB,24:36:DA:9F:FB:80,-93,11
24/04/2026,07:20:50,92,Coordenação de pós em Eng. Elétrica,IFPB,24:36:DA:2B:BC:00,-81,6
24/04/2026,07:20:50,92,Coordenação de pós em Eng. Elétrica,IFPB-VISITANTE,24:36:DA:2B:BC:02,-82,6
24/04/2026,07:20:50,92,Coordenação de pós em Eng. Elétrica,IFPB,E4:4E:2D:85:4C:60,-83,11
24/04/2026,07:20:51,92,Coordenação de pós em Eng. Elétrica,IFPB-VISITANTE,84:F1:47:54:EB:22,-88,6
24/04/2026,07:20:51,92,Coordenação de pós em Eng. Elétrica,IFPB,84:F1:47:54:EB:20,-88,6
24/04/2026,07:20:51,92,Coordenação de pós em Eng. Elétrica,IFPB,84:F1:47:54:7F:20,-89,11
24/04/2026,07:20:51,92,Coordenação de pós em Eng. Elétrica,IFPB-VISITANTE,84:F1:47:54:7F:22,-90,11
24/04/2026,07:21:00,93,Coordenação de pós em Eng. Elétrica,IFPB-VISITANTE,E4:4E:2D:85:4C:62,-77,11
24/04/2026,07:21:00,93,Coordenação de pós em Eng. Elétrica,IFPB,E4:4E:2D:85:4C:60,-78,11
24/04/2026,07:21:00,93,Coordenação de pós em Eng. Elétrica,IFPB,24:36:DA:2B:BC:00,-83,6
24/04/2026,07:21:00,93,Coordenação de pós em Eng. Elétrica,IFPB-VISITANTE,24:36:DA:2B:BC:02,-84,6
24/04/2026,07:21:01,93,Coordenação de pós em Eng. Elétrica,IFPB-VISITANTE,84:F1:47:54:EB:22,-86,6
24/04/2026,07:21:01,93,Coordenação de pós em Eng. Elétrica,IFPB,84:F1:47:54:EB:20,-87,6
24/04/2026,07:21:01,93,Coordenação de pós em Eng. Elétrica,IFPB-VISITANTE,84:F1:47:54:7F:22,-87,11
24/04/2026,07:21:01,93,Coordenação de pós em Eng. Elétrica,IFPB,84:F1:47:54:7F:20,-88,11
24/04/2026,07:21:11,94,Coordenação de pós em Eng. Elétrica,IFPB,E4:4E:2D:85:4C:60,-77,11
24/04/2026,07:21:11,94,Coordenação de pós em Eng. Elétrica,IFPB-VISITANTE,E4:4E:2D:85:4C:62,-77,11
24/04/2026,07:21:11,94,Coordenação de pós em Eng. Elétrica,IFPB,84:F1:47:54:EB:20,-85,6
24/04/2026,07:21:11,94,Coordenação de pós em Eng. Elétrica,IFPB,24:36:DA:2B:BC:00,-86,6
24/04/2026,07:21:11,94,Coordenação de pós em Eng. Elétrica,IFPB-VISITANTE,84:F1:47:54:EB:22,-86,6
24/04/2026,07:21:11,94,Coordenação de pós em Eng. Elétrica,IFPB-VISITANTE,24:36:DA:2B:BC:02,-87,6
24/04/2026,07:21:11,94,Coordenação de pós em Eng. Elétrica,IFPB-VISITANTE,84:F1:47:54:7F:22,-88,11
24/04/2026,07:21:11,94,Coordenação de pós em Eng. Elétrica,IFPB,84:F1:47:54:7F:20,-89,11
24/04/2026,07:21:21,95,Coordenação de pós em Eng. Elétrica,IFPB,E4:4E:2D:85:4C:60,-78,11
24/04/2026,07:21:21,95,Coordenação de pós em Eng. Elétrica,IFPB-VISITANTE,E4:4E:2D:85:4C:62,-78,11
24/04/2026,07:21:21,95,Coordenação de pós em Eng. Elétrica,IFPB,24:36:DA:2B:BC:00,-85,6
24/04/2026,07:21:21,95,Coordenação de pós em Eng. Elétrica,IFPB-VISITANTE,24:36:DA:2B:BC:02,-85,6
24/04/2026,07:21:21,95,Coordenação de pós em Eng. Elétrica,IFPB,84:F1:47:54:EB:20,-87,6
24/04/2026,07:21:21,95,Coordenação de pós em Eng. Elétrica,IFPB-VISITANTE,84:F1:47:54:EB:22,-87,6
24/04/2026,07:21:31,96,Coordenação de pós em Eng. Elétrica,IFPB-VISITANTE,E4:4E:2D:85:4C:62,-78,11
24/04/2026,07:21:31,96,Coordenação de pós em Eng. Elétrica,IFPB,E4:4E:2D:85:4C:60,-80,11
24/04/2026,07:21:31,96,Coordenação de pós em Eng. Elétrica,IFPB-VISITANTE,24:36:DA:2B:BC:02,-84,6
24/04/2026,07:21:31,96,Coordenação de pós em Eng. Elétrica,IFPB,24:36:DA:2B:BC:00,-86,6
24/04/2026,07:21:31,96,Coordenação de pós em Eng. Elétrica,IFPB-VISITANTE,84:F1:47:54:EB:22,-87,6
24/04/2026,07:21:31,96,Coordenação de pós em Eng. Elétrica,IFPB,84:F1:47:54:EB:20,-88,6
24/04/2026,07:21:31,96,Coordenação de pós em Eng. Elétrica,IFPB-VISITANTE,84:F1:47:54:7F:22,-88,11
24/04/2026,07:21:31,96,Coordenação de pós em Eng. Elétrica,IFPB,84:F1:47:54:7F:20,-89,11
24/04/2026,07:21:40,97,Coordenação de pós em Eng. Elétrica,IFPB,E4:4E:2D:85:4C:60,-77,11
24/04/2026,07:21:40,97,Coordenação de pós em Eng. Elétrica,IFPB-VISITANTE,E4:4E:2D:85:4C:62,-77,11
24/04/2026,07:21:41,97,Coordenação de pós em Eng. Elétrica,IFPB-VISITANTE,84:F1:47:54:EB:22,-87,6
24/04/2026,07:21:41,97,Coordenação de pós em Eng. Elétrica,IFPB-VISITANTE,24:36:DA:2B:BC:02,-88,6
24/04/2026,07:21:41,97,Coordenação de pós em Eng. Elétrica,IFPB,84:F1:47:54:EB:20,-88,6
24/04/2026,07:21:41,97,Coordenação de pós em Eng. Elétrica,IFPB,24:36:DA:2B:BC:00,-88,6
24/04/2026,07:21:41,97,Coordenação de pós em Eng. Elétrica,IFPB,84:F1:47:54:7F:20,-90,11
24/04/2026,07:21:41,97,Coordenação de pós em Eng. Elétrica,IFPB,24:36:DA:9F:FB:80,-90,11
24/04/2026,07:21:41,97,Coordenação de pós em Eng. Elétrica,IFPB-VISITANTE,24:36:DA:9F:FB:82,-91,11
24/04/2026,07:21:51,98,Coordenação de pós em Eng. Elétrica,IFPB-VISITANTE,E4:4E:2D:85:4C:62,-77,11
24/04/2026,07:21:51,98,Coordenação de pós em Eng. Elétrica,IFPB,E4:4E:2D:85:4C:60,-77,11
24/04/2026,07:21:51,98,Coordenação de pós em Eng. Elétrica,IFPB,24:36:DA:2B:BC:00,-83,6
24/04/2026,07:21:51,98,Coordenação de pós em Eng. Elétrica,IFPB-VISITANTE,24:36:DA:2B:BC:02,-84,6
24/04/2026,07:21:51,98,Coordenação de pós em Eng. Elétrica,IFPB,84:F1:47:54:EB:20,-89,6
24/04/2026,07:21:51,98,Coordenação de pós em Eng. Elétrica,IFPB-VISITANTE,84:F1:47:54:EB:22,-90,6
24/04/2026,07:22:01,99,Coordenação de pós em Eng. Elétrica,IFPB,E4:4E:2D:85:4C:60,-80,11
24/04/2026,07:22:01,99,Coordenação de pós em Eng. Elétrica,IFPB-VISITANTE,E4:4E:2D:85:4C:62,-80,11
24/04/2026,07:22:01,99,Coordenação de pós em Eng. Elétrica,IFPB,24:36:DA:2B:BC:00,-87,6
24/04/2026,07:22:01,99,Coordenação de pós em Eng. Elétrica,IFPB-VISITANTE,24:36:DA:2B:BC:02,-87,6
24/04/2026,07:22:01,99,Coordenação de pós em Eng. Elétrica,IFPB,24:36:DA:9F:FB:80,-90,11
24/04/2026,07:22:01,99,Coordenação de pós em Eng. Elétrica,IFPB-VISITANTE,24:36:DA:9F:FB:82,-90,11
24/04/2026,07:22:11,100,Coordenação de pós em Eng. Elétrica,IFPB-VISITANTE,E4:4E:2D:85:4C:62,-77,11
24/04/2026,07:22:11,100,Coordenação de pós em Eng. Elétrica,IFPB,E4:4E:2D:85:4C:60,-78,11
24/04/2026,07:22:11,100,Coordenação de pós em Eng. Elétrica,IFPB-VISITANTE,24:36:DA:2B:BC:02,-88,6
24/04/2026,07:22:11,100,Coordenação de pós em Eng. Elétrica,IFPB,24:36:DA:2B:BC:00,-89,6
24/04/2026,07:22:11,100,Coordenação de pós em Eng. Elétrica,IFPB-VISITANTE,84:F1:47:54:7F:22,-89,11
24/04/2026,07:22:37,101,Lab. de redes convergentes,IFPB,E4:4E:2D:85:4C:60,-59,11
24/04/2026,07:22:37,101,Lab. de redes convergentes,IFPB-VISITANTE,E4:4E:2D:85:4C:62,-59,11
24/04/2026,07:22:37,101,Lab. de redes convergentes,IFPB,84:F1:47:54:96:E0,-82,1
24/04/2026,07:22:37,101,Lab. de redes convergentes,IFPB-VISITANTE,84:F1:47:54:96:E2,-83,1
24/04/2026,07:22:37,101,Lab. de redes convergentes,IFPB-VISITANTE,84:F1:47:54:EB:22,-84,6
24/04/2026,07:22:37,101,Lab. de redes convergentes,IFPB-VISITANTE,24:36:DA:2B:BC:02,-85,6
24/04/2026,07:22:37,101,Lab. de redes convergentes,IFPB,84:F1:47:54:EB:20,-85,6
24/04/2026,07:22:37,101,Lab. de redes convergentes,IFPB-VISITANTE,84:F1:47:54:7F:22,-85,11
24/04/2026,07:22:37,101,Lab. de redes convergentes,IFPB,84:F1:47:54:7F:20,-85,11
24/04/2026,07:22:37,101,Lab. de redes convergentes,IFPB,24:36:DA:2B:BC:00,-86,6
24/04/2026,07:22:47,102,Lab. de redes convergentes,IFPB,E4:4E:2D:85:4C:60,-58,11
24/04/2026,07:22:47,102,Lab. de redes convergentes,IFPB-VISITANTE,E4:4E:2D:85:4C:62,-58,11
24/04/2026,07:22:47,102,Lab. de redes convergentes,IFPB-VISITANTE,24:36:DA:2B:BC:02,-83,6
24/04/2026,07:22:47,102,Lab. de redes convergentes,IFPB,24:36:DA:2B:BC:00,-84,6
24/04/2026,07:22:47,102,Lab. de redes convergentes,IFPB-VISITANTE,84:F1:47:54:96:E2,-85,1
24/04/2026,07:22:47,102,Lab. de redes convergentes,IFPB,84:F1:47:54:96:E0,-86,1
24/04/2026,07:22:47,102,Lab. de redes convergentes,IFPB-VISITANTE,84:F1:47:54:EB:22,-86,6
24/04/2026,07:22:47,102,Lab. de redes convergentes,IFPB,84:F1:47:54:7F:20,-86,11
24/04/2026,07:22:48,102,Lab. de redes convergentes,IFPB-VISITANTE,84:F1:47:54:7F:22,-86,11
24/04/2026,07:22:48,102,Lab. de redes convergentes,IFPB,84:F1:47:54:EB:20,-87,6
24/04/2026,07:22:57,103,Lab. de redes convergentes,IFPB,E4:4E:2D:85:4C:60,-64,11
24/04/2026,07:22:57,103,Lab. de redes convergentes,IFPB-VISITANTE,E4:4E:2D:85:4C:62,-64,11
24/04/2026,07:22:57,103,Lab. de redes convergentes,IFPB,24:36:DA:2B:BC:00,-77,6
24/04/2026,07:22:57,103,Lab. de redes convergentes,IFPB-VISITANTE,24:36:DA:2B:BC:02,-77,6
24/04/2026,07:22:58,103,Lab. de redes convergentes,IFPB,84:F1:47:54:96:E0,-84,1
24/04/2026,07:22:58,103,Lab. de redes convergentes,IFPB-VISITANTE,84:F1:47:54:96:E2,-84,1
24/04/2026,07:22:58,103,Lab. de redes convergentes,IFPB,84:F1:47:54:EB:20,-85,6
24/04/2026,07:22:58,103,Lab. de redes convergentes,IFPB-VISITANTE,84:F1:47:54:EB:22,-86,6
24/04/2026,07:22:58,103,Lab. de redes convergentes,IFPB-VISITANTE,84:F1:47:54:7F:22,-86,11
24/04/2026,07:22:58,103,Lab. de redes convergentes,IFPB,84:F1:47:54:7F:20,-87,11
24/04/2026,07:23:07,104,Lab. de redes convergentes,IFPB,E4:4E:2D:85:4C:60,-63,11
24/04/2026,07:23:07,104,Lab. de redes convergentes,IFPB-VISITANTE,E4:4E:2D:85:4C:62,-63,11
24/04/2026,07:23:08,104,Lab. de redes convergentes,IFPB,24:36:DA:2B:BC:00,-80,6
24/04/2026,07:23:08,104,Lab. de redes convergentes,IFPB-VISITANTE,24:36:DA:2B:BC:02,-80,6
24/04/2026,07:23:08,104,Lab. de redes convergentes,IFPB,84:F1:47:54:EB:20,-82,6
24/04/2026,07:23:08,104,Lab. de redes convergentes,IFPB,84:F1:47:54:96:E0,-83,1
24/04/2026,07:23:08,104,Lab. de redes convergentes,IFPB-VISITANTE,84:F1:47:54:96:E2,-83,1
24/04/2026,07:23:08,104,Lab. de redes convergentes,IFPB-VISITANTE,84:F1:47:54:EB:22,-83,6
24/04/2026,07:23:08,104,Lab. de redes convergentes,IFPB,84:F1:47:54:7F:20,-86,11
24/04/2026,07:23:08,104,Lab. de redes convergentes,IFPB-VISITANTE,84:F1:47:54:7F:22,-86,11
24/04/2026,07:23:18,105,Lab. de redes convergentes,IFPB,E4:4E:2D:85:4C:60,-56,11
24/04/2026,07:23:18,105,Lab. de redes convergentes,IFPB-VISITANTE,E4:4E:2D:85:4C:62,-56,11
24/04/2026,07:23:18,105,Lab. de redes convergentes,IFPB,24:36:DA:2B:BC:00,-78,6
24/04/2026,07:23:18,105,Lab. de redes convergentes,IFPB-VISITANTE,24:36:DA:2B:BC:02,-78,6
24/04/2026,07:23:18,105,Lab. de redes convergentes,IFPB-VISITANTE,84:F1:47:54:96:E2,-81,1
24/04/2026,07:23:18,105,Lab. de redes convergentes,IFPB,84:F1:47:54:96:E0,-83,1
24/04/2026,07:23:18,105,Lab. de redes convergentes,IFPB-VISITANTE,84:F1:47:54:EB:22,-86,6
24/04/2026,07:23:18,105,Lab. de redes convergentes,IFPB,84:F1:47:54:EB:20,-86,6
24/04/2026,07:23:18,105,Lab. de redes convergentes,IFPB,84:F1:47:54:7F:20,-89,11
24/04/2026,07:23:18,105,Lab. de redes convergentes,IFPB-VISITANTE,84:F1:47:54:7F:22,-90,11
24/04/2026,07:23:28,106,Lab. de redes convergentes,IFPB,E4:4E:2D:85:4C:60,-61,11
24/04/2026,07:23:28,106,Lab. de redes convergentes,IFPB-VISITANTE,E4:4E:2D:85:4C:62,-62,11
24/04/2026,07:23:28,106,Lab. de redes convergentes,IFPB-VISITANTE,24:36:DA:2B:BC:02,-76,6
24/04/2026,07:23:28,106,Lab. de redes convergentes,IFPB,24:36:DA:2B:BC:00,-78,6
24/04/2026,07:23:28,106,Lab. de redes convergentes,IFPB-VISITANTE,84:F1:47:54:96:E2,-80,1
24/04/2026,07:23:28,106,Lab. de redes convergentes,IFPB,84:F1:47:54:96:E0,-81,1
24/04/2026,07:23:28,106,Lab. de redes convergentes,IFPB,84:F1:47:54:7F:20,-85,11
24/04/2026,07:23:28,106,Lab. de redes convergentes,IFPB-VISITANTE,84:F1:47:54:7F:22,-85,11
24/04/2026,07:23:38,107,Lab. de redes convergentes,IFPB,E4:4E:2D:85:4C:60,-60,11
24/04/2026,07:23:38,107,Lab. de redes convergentes,IFPB-VISITANTE,E4:4E:2D:85:4C:62,-60,11
24/04/2026,07:23:38,107,Lab. de redes convergentes,IFPB-VISITANTE,24:36:DA:2B:BC:02,-76,6
24/04/2026,07:23:38,107,Lab. de redes convergentes,IFPB,24:36:DA:2B:BC:00,-77,6
24/04/2026,07:23:38,107,Lab. de redes convergentes,IFPB,84:F1:47:54:96:E0,-83,1
24/04/2026,07:23:38,107,Lab. de redes convergentes,IFPB-VISITANTE,84:F1:47:54:96:E2,-83,1
24/04/2026,07:23:38,107,Lab. de redes convergentes,IFPB-VISITANTE,84:F1:47:54:7F:22,-85,11
24/04/2026,07:23:38,107,Lab. de redes convergentes,IFPB-VISITANTE,84:F1:47:54:EB:22,-86,6
24/04/2026,07:23:38,107,Lab. de redes convergentes,IFPB,84:F1:47:54:7F:20,-86,11
24/04/2026,07:23:38,107,Lab. de redes convergentes,IFPB,84:F1:47:54:EB:20,-87,6
24/04/2026,07:23:48,108,Lab. de redes convergentes,IFPB,E4:4E:2D:85:4C:60,-74,11
24/04/2026,07:23:48,108,Lab. de redes convergentes,IFPB-VISITANTE,E4:4E:2D:85:4C:62,-74,11
24/04/2026,07:23:48,108,Lab. de redes convergentes,IFPB,24:36:DA:2B:BC:00,-77,6
24/04/2026,07:23:48,108,Lab. de redes convergentes,IFPB-VISITANTE,24:36:DA:2B:BC:02,-77,6
24/04/2026,07:23:48,108,Lab. de redes convergentes,IFPB,84:F1:47:54:96:E0,-82,1
24/04/2026,07:23:48,108,Lab. de redes convergentes,IFPB-VISITANTE,84:F1:47:54:96:E2,-83,1
24/04/2026,07:23:48,108,Lab. de redes convergentes,IFPB,84:F1:47:54:EB:20,-84,6
24/04/2026,07:23:48,108,Lab. de redes convergentes,IFPB-VISITANTE,84:F1:47:54:EB:22,-84,6
24/04/2026,07:23:48,108,Lab. de redes convergentes,IFPB,84:F1:47:54:7F:20,-87,11
24/04/2026,07:23:48,108,Lab. de redes convergentes,IFPB-VISITANTE,84:F1:47:54:7F:22,-87,11
24/04/2026,07:23:58,109,Lab. de redes convergentes,IFPB-VISITANTE,E4:4E:2D:85:4C:62,-61,11
24/04/2026,07:23:58,109,Lab. de redes convergentes,IFPB,E4:4E:2D:85:4C:60,-62,11
24/04/2026,07:23:58,109,Lab. de redes convergentes,IFPB,24:36:DA:2B:BC:00,-73,6
24/04/2026,07:23:58,109,Lab. de redes convergentes,IFPB-VISITANTE,24:36:DA:2B:BC:02,-75,6
24/04/2026,07:23:58,109,Lab. de redes convergentes,IFPB,84:F1:47:54:EB:20,-84,6
24/04/2026,07:23:58,109,Lab. de redes convergentes,IFPB,84:F1:47:54:96:E0,-85,1
24/04/2026,07:23:58,109,Lab. de redes convergentes,IFPB-VISITANTE,84:F1:47:54:EB:22,-85,6
24/04/2026,07:23:58,109,Lab. de redes convergentes,IFPB-VISITANTE,84:F1:47:54:96:E2,-86,1
24/04/2026,07:23:58,109,Lab. de redes convergentes,IFPB,84:F1:47:54:7F:20,-86,11
24/04/2026,07:23:58,109,Lab. de redes convergentes,IFPB-VISITANTE,84:F1:47:54:7F:22,-86,11
24/04/2026,07:24:08,110,Lab. de redes convergentes,IFPB,E4:4E:2D:85:4C:60,-59,11
24/04/2026,07:24:08,110,Lab. de redes convergentes,IFPB-VISITANTE,E4:4E:2D:85:4C:62,-60,11
24/04/2026,07:24:08,110,Lab. de redes convergentes,IFPB-VISITANTE,24:36:DA:2B:BC:02,-75,6
24/04/2026,07:24:08,110,Lab. de redes convergentes,IFPB,24:36:DA:2B:BC:00,-76,6
24/04/2026,07:24:08,110,Lab. de redes convergentes,IFPB-VISITANTE,84:F1:47:54:EB:22,-83,6
24/04/2026,07:24:08,110,Lab. de redes convergentes,IFPB,84:F1:47:54:EB:20,-84,6
24/04/2026,07:24:08,110,Lab. de redes convergentes,IFPB,84:F1:47:54:7F:20,-84,11
24/04/2026,07:24:08,110,Lab. de redes convergentes,IFPB-VISITANTE,84:F1:47:54:96:E2,-86,1
24/04/2026,07:24:08,110,Lab. de redes convergentes,IFPB-VISITANTE,84:F1:47:54:7F:22,-86,11
24/04/2026,07:24:08,110,Lab. de redes convergentes,IFPB,84:F1:47:54:96:E0,-88,1
24/04/2026,07:24:36,111,Lab. de fibras ópticas,IFPB,E4:4E:2D:85:4C:60,-62,11
24/04/2026,07:24:36,111,Lab. de fibras ópticas,IFPB-VISITANTE,E4:4E:2D:85:4C:62,-62,11
24/04/2026,07:24:37,111,Lab. de fibras ópticas,IFPB,84:F1:47:54:96:E0,-74,1
24/04/2026,07:24:37,111,Lab. de fibras ópticas,IFPB-VISITANTE,84:F1:47:54:96:E2,-74,1
24/04/2026,07:24:37,111,Lab. de fibras ópticas,IFPB,24:36:DA:2B:BC:00,-79,6
24/04/2026,07:24:37,111,Lab. de fibras ópticas,IFPB-VISITANTE,24:36:DA:2B:BC:02,-79,6
24/04/2026,07:24:37,111,Lab. de fibras ópticas,IFPB,84:F1:47:54:EB:20,-86,6
24/04/2026,07:24:37,111,Lab. de fibras ópticas,IFPB-VISITANTE,84:F1:47:54:EB:22,-86,6
24/04/2026,07:24:47,112,Lab. de fibras ópticas,IFPB,E4:4E:2D:85:4C:60,-61,11
24/04/2026,07:24:47,112,Lab. de fibras ópticas,IFPB-VISITANTE,E4:4E:2D:85:4C:62,-61,11
24/04/2026,07:24:47,112,Lab. de fibras ópticas,IFPB,24:36:DA:2B:BC:00,-74,6
24/04/2026,07:24:47,112,Lab. de fibras ópticas,IFPB-VISITANTE,24:36:DA:2B:BC:02,-76,6
24/04/2026,07:24:47,112,Lab. de fibras ópticas,IFPB,84:F1:47:54:96:E0,-77,1
24/04/2026,07:24:47,112,Lab. de fibras ópticas,IFPB-VISITANTE,84:F1:47:54:96:E2,-77,1
24/04/2026,07:24:47,112,Lab. de fibras ópticas,IFPB-VISITANTE,84:F1:47:54:EB:22,-84,6
24/04/2026,07:24:47,112,Lab. de fibras ópticas,IFPB,84:F1:47:54:EB:20,-85,6
24/04/2026,07:24:47,112,Lab. de fibras ópticas,IFPB-VISITANTE,84:F1:47:54:6B:82,-90,6
24/04/2026,07:24:57,113,Lab. de fibras ópticas,IFPB,E4:4E:2D:85:4C:60,-65,11
24/04/2026,07:24:57,113,Lab. de fibras ópticas,IFPB-VISITANTE,E4:4E:2D:85:4C:62,-65,11
24/04/2026,07:24:57,113,Lab. de fibras ópticas,IFPB,84:F1:47:54:96:E0,-77,1
24/04/2026,07:24:57,113,Lab. de fibras ópticas,IFPB-VISITANTE,84:F1:47:54:96:E2,-77,1
24/04/2026,07:24:57,113,Lab. de fibras ópticas,IFPB,24:36:DA:2B:BC:00,-81,6
24/04/2026,07:24:57,113,Lab. de fibras ópticas,IFPB-VISITANTE,24:36:DA:2B:BC:02,-81,6
24/04/2026,07:24:57,113,Lab. de fibras ópticas,IFPB,84:F1:47:54:EB:20,-88,6
24/04/2026,07:24:57,113,Lab. de fibras ópticas,IFPB-VISITANTE,84:F1:47:54:EB:22,-89,6
24/04/2026,07:25:07,114,Lab. de fibras ópticas,IFPB,E4:4E:2D:85:4C:60,-64,11
24/04/2026,07:25:07,114,Lab. de fibras ópticas,IFPB-VISITANTE,E4:4E:2D:85:4C:62,-64,11
24/04/2026,07:25:07,114,Lab. de fibras ópticas,IFPB,84:F1:47:54:96:E0,-73,1
24/04/2026,07:25:07,114,Lab. de fibras ópticas,IFPB-VISITANTE,84:F1:47:54:96:E2,-73,1
24/04/2026,07:25:07,114,Lab. de fibras ópticas,IFPB-VISITANTE,24:36:DA:2B:BC:02,-74,6
24/04/2026,07:25:07,114,Lab. de fibras ópticas,IFPB,24:36:DA:2B:BC:00,-75,6
24/04/2026,07:25:17,115,Lab. de fibras ópticas,IFPB,E4:4E:2D:85:4C:60,-64,11
24/04/2026,07:25:17,115,Lab. de fibras ópticas,IFPB-VISITANTE,E4:4E:2D:85:4C:62,-64,11
24/04/2026,07:25:17,115,Lab. de fibras ópticas,IFPB,84:F1:47:54:96:E0,-73,1
24/04/2026,07:25:17,115,Lab. de fibras ópticas,IFPB-VISITANTE,84:F1:47:54:96:E2,-73,1
24/04/2026,07:25:17,115,Lab. de fibras ópticas,IFPB-VISITANTE,24:36:DA:2B:BC:02,-73,6
24/04/2026,07:25:17,115,Lab. de fibras ópticas,IFPB,24:36:DA:2B:BC:00,-73,6
24/04/2026,07:25:17,115,Lab. de fibras ópticas,IFPB,84:F1:47:54:EB:20,-86,6
24/04/2026,07:25:17,115,Lab. de fibras ópticas,IFPB-VISITANTE,84:F1:47:54:EB:22,-88,6
24/04/2026,07:25:17,115,Lab. de fibras ópticas,IFPB,84:F1:47:54:6B:80,-90,6
24/04/2026,07:25:27,116,Lab. de fibras ópticas,IFPB,E4:4E:2D:85:4C:60,-64,11
24/04/2026,07:25:27,116,Lab. de fibras ópticas,IFPB-VISITANTE,E4:4E:2D:85:4C:62,-65,11
24/04/2026,07:25:27,116,Lab. de fibras ópticas,IFPB-VISITANTE,84:F1:47:54:96:E2,-72,1
24/04/2026,07:25:27,116,Lab. de fibras ópticas,IFPB,24:36:DA:2B:BC:00,-72,6
24/04/2026,07:25:27,116,Lab. de fibras ópticas,IFPB,84:F1:47:54:96:E0,-73,1
24/04/2026,07:25:27,116,Lab. de fibras ópticas,IFPB-VISITANTE,24:36:DA:2B:BC:02,-73,6
24/04/2026,07:25:27,116,Lab. de fibras ópticas,IFPB-VISITANTE,84:F1:47:54:EB:22,-85,6
24/04/2026,07:25:27,116,Lab. de fibras ópticas,IFPB,84:F1:47:54:EB:20,-86,6
24/04/2026,07:25:37,117,Lab. de fibras ópticas,IFPB-VISITANTE,E4:4E:2D:85:4C:62,-60,11
24/04/2026,07:25:37,117,Lab. de fibras ópticas,IFPB,E4:4E:2D:85:4C:60,-61,11
24/04/2026,07:25:37,117,Lab. de fibras ópticas,IFPB,84:F1:47:54:96:E0,-73,1
24/04/2026,07:25:37,117,Lab. de fibras ópticas,IFPB-VISITANTE,84:F1:47:54:96:E2,-73,1
24/04/2026,07:25:37,117,Lab. de fibras ópticas,IFPB,24:36:DA:2B:BC:00,-80,6
24/04/2026,07:25:37,117,Lab. de fibras ópticas,IFPB-VISITANTE,24:36:DA:2B:BC:02,-81,6
24/04/2026,07:25:37,117,Lab. de fibras ópticas,IFPB,84:F1:47:54:EB:20,-84,6
24/04/2026,07:25:37,117,Lab. de fibras ópticas,IFPB-VISITANTE,84:F1:47:54:EB:22,-85,6
24/04/2026,07:25:47,118,Lab. de fibras ópticas,IFPB,E4:4E:2D:85:4C:60,-59,11
24/04/2026,07:25:47,118,Lab. de fibras ópticas,IFPB-VISITANTE,E4:4E:2D:85:4C:62,-60,11
24/04/2026,07:25:47,118,Lab. de fibras ópticas,IFPB,84:F1:47:54:96:E0,-72,1
24/04/2026,07:25:47,118,Lab. de fibras ópticas,IFPB-VISITANTE,84:F1:47:54:96:E2,-72,1
24/04/2026,07:25:47,118,Lab. de fibras ópticas,IFPB-VISITANTE,84:F1:47:54:EB:22,-84,6
24/04/2026,07:25:47,118,Lab. de fibras ópticas,IFPB-VISITANTE,24:36:DA:2B:BC:02,-84,6
24/04/2026,07:25:47,118,Lab. de fibras ópticas,IFPB,24:36:DA:2B:BC:00,-85,6
24/04/2026,07:25:47,118,Lab. de fibras ópticas,IFPB,84:F1:47:54:EB:20,-87,6
24/04/2026,07:25:57,119,Lab. de fibras ópticas,IFPB,E4:4E:2D:85:4C:60,-59,11
24/04/2026,07:25:57,119,Lab. de fibras ópticas,IFPB-VISITANTE,E4:4E:2D:85:4C:62,-59,11
24/04/2026,07:25:57,119,Lab. de fibras ópticas,IFPB,84:F1:47:54:96:E0,-73,1
24/04/2026,07:25:57,119,Lab. de fibras ópticas,IFPB-VISITANTE,84:F1:47:54:96:E2,-74,1
24/04/2026,07:25:57,119,Lab. de fibras ópticas,IFPB,84:F1:47:54:EB:20,-84,6
24/04/2026,07:25:57,119,Lab. de fibras ópticas,IFPB-VISITANTE,84:F1:47:54:EB:22,-84,6
24/04/2026,07:25:57,119,Lab. de fibras ópticas,IFPB,24:36:DA:2B:BC:00,-85,6
24/04/2026,07:25:58,119,Lab. de fibras ópticas,IFPB-VISITANTE,24:36:DA:2B:BC:02,-85,6
24/04/2026,07:26:07,120,Lab. de fibras ópticas,IFPB,E4:4E:2D:85:4C:60,-60,11
24/04/2026,07:26:07,120,Lab. de fibras ópticas,IFPB-VISITANTE,E4:4E:2D:85:4C:62,-60,11
24/04/2026,07:26:07,120,Lab. de fibras ópticas,IFPB-VISITANTE,84:F1:47:54:96:E2,-74,1
24/04/2026,07:26:07,120,Lab. de fibras ópticas,IFPB,84:F1:47:54:96:E0,-75,1
24/04/2026,07:26:07,120,Lab. de fibras ópticas,IFPB-VISITANTE,24:36:DA:2B:BC:02,-79,6
24/04/2026,07:26:07,120,Lab. de fibras ópticas,IFPB,24:36:DA:2B:BC:00,-79,6
24/04/2026,07:26:08,120,Lab. de fibras ópticas,IFPB,84:F1:47:54:EB:20,-87,6
24/04/2026,07:26:08,120,Lab. de fibras ópticas,IFPB-VISITANTE,84:F1:47:54:EB:22,-88,6
24/04/2026,07:26:33,121,Pesquisa em Eng. Elétrica,IFPB-VISITANTE,E4:4E:2D:85:4C:62,-79,11
24/04/2026,07:26:33,121,Pesquisa em Eng. Elétrica,IFPB,24:36:DA:2B:BC:00,-80,6
24/04/2026,07:26:33,121,Pesquisa em Eng. Elétrica,IFPB,E4:4E:2D:85:4C:60,-80,11
24/04/2026,07:26:33,121,Pesquisa em Eng. Elétrica,IFPB-VISITANTE,24:36:DA:2B:BC:02,-81,6
24/04/2026,07:26:34,121,Pesquisa em Eng. Elétrica,IFPB,84:F1:47:54:EB:20,-81,6
24/04/2026,07:26:34,121,Pesquisa em Eng. Elétrica,IFPB,84:F1:47:54:8B:A0,-83,1
24/04/2026,07:26:34,121,Pesquisa em Eng. Elétrica,IFPB-VISITANTE,84:F1:47:54:8B:A2,-83,1
24/04/2026,07:26:34,121,Pesquisa em Eng. Elétrica,IFPB-VISITANTE,84:F1:47:54:EB:22,-83,6
24/04/2026,07:26:34,121,Pesquisa em Eng. Elétrica,IFPB-VISITANTE,84:F1:47:54:F9:82,-84,11
24/04/2026,07:26:34,121,Pesquisa em Eng. Elétrica,IFPB,84:F1:47:54:F9:80,-84,11
24/04/2026,07:26:34,121,Pesquisa em Eng. Elétrica,IFPB,84:F1:47:54:96:E0,-85,1
24/04/2026,07:26:34,121,Pesquisa em Eng. Elétrica,IFPB-VISITANTE,84:F1:47:54:96:E2,-85,1
24/04/2026,07:26:44,122,Pesquisa em Eng. Elétrica,IFPB,84:F1:47:54:EB:20,-81,6
24/04/2026,07:26:44,122,Pesquisa em Eng. Elétrica,IFPB,84:F1:47:54:96:E0,-83,1
24/04/2026,07:26:44,122,Pesquisa em Eng. Elétrica,IFPB-VISITANTE,84:F1:47:54:96:E2,-83,1
24/04/2026,07:26:44,122,Pesquisa em Eng. Elétrica,IFPB-VISITANTE,84:F1:47:54:EB:22,-83,6
24/04/2026,07:26:44,122,Pesquisa em Eng. Elétrica,IFPB,E4:4E:2D:85:4C:60,-84,11
24/04/2026,07:26:44,122,Pesquisa em Eng. Elétrica,IFPB-VISITANTE,E4:4E:2D:85:4C:62,-84,11
24/04/2026,07:26:44,122,Pesquisa em Eng. Elétrica,IFPB,84:F1:47:54:8B:A0,-85,1
24/04/2026,07:26:44,122,Pesquisa em Eng. Elétrica,IFPB-VISITANTE,84:F1:47:54:8B:A2,-86,1
24/04/2026,07:26:44,122,Pesquisa em Eng. Elétrica,IFPB,84:F1:47:54:F9:80,-86,11
24/04/2026,07:26:44,122,Pesquisa em Eng. Elétrica,IFPB-VISITANTE,84:F1:47:54:F9:82,-86,11
24/04/2026,07:26:54,123,Pesquisa em Eng. Elétrica,IFPB-VISITANTE,24:36:DA:2B:BC:02,-80,6
24/04/2026,07:26:54,123,Pesquisa em Eng. Elétrica,IFPB,24:36:DA:2B:BC:00,-80,6
24/04/2026,07:26:54,123,Pesquisa em Eng. Elétrica,IFPB,E4:4E:2D:85:4C:60,-80,11
24/04/2026,07:26:54,123,Pesquisa em Eng. Elétrica,IFPB-VISITANTE,E4:4E:2D:85:4C:62,-81,11
24/04/2026,07:26:54,123,Pesquisa em Eng. Elétrica,IFPB-VISITANTE,84:F1:47:54:8B:A2,-85,1
24/04/2026,07:26:54,123,Pesquisa em Eng. Elétrica,IFPB,84:F1:47:54:EB:20,-85,6
24/04/2026,07:26:54,123,Pesquisa em Eng. Elétrica,IFPB-VISITANTE,84:F1:47:54:96:E2,-86,1
24/04/2026,07:26:54,123,Pesquisa em Eng. Elétrica,IFPB,84:F1:47:54:8B:A0,-86,1
24/04/2026,07:26:54,123,Pesquisa em Eng. Elétrica,IFPB-VISITANTE,84:F1:47:54:EB:22,-86,6
24/04/2026,07:26:54,123,Pesquisa em Eng. Elétrica,IFPB,84:F1:47:54:96:E0,-87,1
24/04/2026,07:26:54,123,Pesquisa em Eng. Elétrica,IFPB-VISITANTE,84:F1:47:54:F9:82,-88,11
24/04/2026,07:26:54,123,Pesquisa em Eng. Elétrica,IFPB,84:F1:47:54:F9:80,-90,11
24/04/2026,07:27:04,124,Pesquisa em Eng. Elétrica,IFPB,E4:4E:2D:85:4C:60,-77,11
24/04/2026,07:27:04,124,Pesquisa em Eng. Elétrica,IFPB-VISITANTE,E4:4E:2D:85:4C:62,-77,11
24/04/2026,07:27:04,124,Pesquisa em Eng. Elétrica,IFPB-VISITANTE,84:F1:47:54:EB:22,-78,6
24/04/2026,07:27:04,124,Pesquisa em Eng. Elétrica,IFPB,84:F1:47:54:EB:20,-79,6
24/04/2026,07:27:04,124,Pesquisa em Eng. Elétrica,IFPB,84:F1:47:54:8B:A0,-81,1
24/04/2026,07:27:04,124,Pesquisa em Eng. Elétrica,IFPB-VISITANTE,84:F1:47:54:8B:A2,-81,1
24/04/2026,07:27:04,124,Pesquisa em Eng. Elétrica,IFPB,24:36:DA:2B:BC:00,-82,6
24/04/2026,07:27:04,124,Pesquisa em Eng. Elétrica,IFPB-VISITANTE,24:36:DA:2B:BC:02,-82,6
24/04/2026,07:27:04,124,Pesquisa em Eng. Elétrica,IFPB-VISITANTE,84:F1:47:54:F9:82,-86,11
24/04/2026,07:27:04,124,Pesquisa em Eng. Elétrica,IFPB,84:F1:47:54:F9:80,-86,11
24/04/2026,07:27:04,124,Pesquisa em Eng. Elétrica,IFPB,84:F1:47:54:6B:80,-88,6
24/04/2026,07:27:04,124,Pesquisa em Eng. Elétrica,IFPB-VISITANTE,84:F1:47:54:6B:82,-88,6
24/04/2026,07:27:14,125,Pesquisa em Eng. Elétrica,IFPB,84:F1:47:54:EB:20,-78,6
24/04/2026,07:27:14,125,Pesquisa em Eng. Elétrica,IFPB-VISITANTE,84:F1:47:54:EB:22,-78,6
24/04/2026,07:27:14,125,Pesquisa em Eng. Elétrica,IFPB,E4:4E:2D:85:4C:60,-78,11
24/04/2026,07:27:14,125,Pesquisa em Eng. Elétrica,IFPB-VISITANTE,E4:4E:2D:85:4C:62,-79,11
24/04/2026,07:27:14,125,Pesquisa em Eng. Elétrica,IFPB,84:F1:47:54:8B:A0,-81,1
24/04/2026,07:27:14,125,Pesquisa em Eng. Elétrica,IFPB-VISITANTE,84:F1:47:54:8B:A2,-81,1
24/04/2026,07:27:14,125,Pesquisa em Eng. Elétrica,IFPB,24:36:DA:2B:BC:00,-86,6
24/04/2026,07:27:14,125,Pesquisa em Eng. Elétrica,IFPB-VISITANTE,24:36:DA:2B:BC:02,-86,6
24/04/2026,07:27:14,125,Pesquisa em Eng. Elétrica,IFPB-VISITANTE,84:F1:47:54:F9:82,-86,11
24/04/2026,07:27:14,125,Pesquisa em Eng. Elétrica,IFPB,84:F1:47:54:F9:80,-87,11
24/04/2026,07:27:24,126,Pesquisa em Eng. Elétrica,IFPB,E4:4E:2D:85:4C:60,-77,11
24/04/2026,07:27:24,126,Pesquisa em Eng. Elétrica,IFPB-VISITANTE,E4:4E:2D:85:4C:62,-77,11
24/04/2026,07:27:24,126,Pesquisa em Eng. Elétrica,IFPB,84:F1:47:54:EB:20,-79,6
24/04/2026,07:27:24,126,Pesquisa em Eng. Elétrica,IFPB,84:F1:47:54:8B:A0,-80,1
24/04/2026,07:27:24,126,Pesquisa em Eng. Elétrica,IFPB-VISITANTE,84:F1:47:54:8B:A2,-80,1
24/04/2026,07:27:24,126,Pesquisa em Eng. Elétrica,IFPB-VISITANTE,84:F1:47:54:EB:22,-80,6
24/04/2026,07:27:24,126,Pesquisa em Eng. Elétrica,IFPB,24:36:DA:2B:BC:00,-86,6
24/04/2026,07:27:24,126,Pesquisa em Eng. Elétrica,IFPB-VISITANTE,24:36:DA:2B:BC:02,-86,6
24/04/2026,07:27:24,126,Pesquisa em Eng. Elétrica,IFPB-VISITANTE,84:F1:47:54:F9:82,-86,11
24/04/2026,07:27:24,126,Pesquisa em Eng. Elétrica,IFPB,84:F1:47:54:F9:80,-88,11
24/04/2026,07:27:34,127,Pesquisa em Eng. Elétrica,IFPB,E4:4E:2D:85:4C:60,-80,11
24/04/2026,07:27:34,127,Pesquisa em Eng. Elétrica,IFPB-VISITANTE,E4:4E:2D:85:4C:62,-80,11
24/04/2026,07:27:34,127,Pesquisa em Eng. Elétrica,IFPB,84:F1:47:54:8B:A0,-81,1
24/04/2026,07:27:34,127,Pesquisa em Eng. Elétrica,IFPB-VISITANTE,84:F1:47:54:8B:A2,-81,1
24/04/2026,07:27:34,127,Pesquisa em Eng. Elétrica,IFPB,84:F1:47:54:EB:20,-81,6
24/04/2026,07:27:34,127,Pesquisa em Eng. Elétrica,IFPB-VISITANTE,84:F1:47:54:EB:22,-81,6
24/04/2026,07:27:34,127,Pesquisa em Eng. Elétrica,IFPB,84:F1:47:54:F9:80,-86,11
24/04/2026,07:27:35,127,Pesquisa em Eng. Elétrica,IFPB,24:36:DA:2B:BC:00,-87,6
24/04/2026,07:27:35,127,Pesquisa em Eng. Elétrica,IFPB-VISITANTE,24:36:DA:2B:BC:02,-87,6
24/04/2026,07:27:35,127,Pesquisa em Eng. Elétrica,IFPB-VISITANTE,84:F1:47:54:F9:82,-87,11
24/04/2026,07:27:44,128,Pesquisa em Eng. Elétrica,IFPB,84:F1:47:54:EB:20,-78,6
24/04/2026,07:27:45,128,Pesquisa em Eng. Elétrica,IFPB-VISITANTE,84:F1:47:54:EB:22,-78,6
24/04/2026,07:27:45,128,Pesquisa em Eng. Elétrica,IFPB,E4:4E:2D:85:4C:60,-80,11
24/04/2026,07:27:45,128,Pesquisa em Eng. Elétrica,IFPB-VISITANTE,E4:4E:2D:85:4C:62,-80,11
24/04/2026,07:27:45,128,Pesquisa em Eng. Elétrica,IFPB,24:36:DA:2B:BC:00,-83,6
24/04/2026,07:27:45,128,Pesquisa em Eng. Elétrica,IFPB,84:F1:47:54:8B:A0,-84,1
24/04/2026,07:27:45,128,Pesquisa em Eng. Elétrica,IFPB-VISITANTE,24:36:DA:2B:BC:02,-84,6
24/04/2026,07:27:45,128,Pesquisa em Eng. Elétrica,IFPB-VISITANTE,84:F1:47:54:8B:A2,-85,1
24/04/2026,07:27:45,128,Pesquisa em Eng. Elétrica,IFPB-VISITANTE,84:F1:47:54:F9:82,-87,11
24/04/2026,07:27:45,128,Pesquisa em Eng. Elétrica,IFPB,84:F1:47:54:F9:80,-87,11
24/04/2026,07:27:45,128,Pesquisa em Eng. Elétrica,IFPB,84:F1:47:54:96:E0,-90,1
24/04/2026,07:27:45,128,Pesquisa em Eng. Elétrica,IFPB-VISITANTE,84:F1:47:54:96:E2,-90,1
24/04/2026,07:27:55,129,Pesquisa em Eng. Elétrica,IFPB-VISITANTE,84:F1:47:54:EB:22,-76,6
24/04/2026,07:27:55,129,Pesquisa em Eng. Elétrica,IFPB,E4:4E:2D:85:4C:60,-80,11
24/04/2026,07:27:55,129,Pesquisa em Eng. Elétrica,IFPB-VISITANTE,E4:4E:2D:85:4C:62,-80,11
24/04/2026,07:27:55,129,Pesquisa em Eng. Elétrica,IFPB,84:F1:47:54:8B:A0,-82,1
24/04/2026,07:27:55,129,Pesquisa em Eng. Elétrica,IFPB-VISITANTE,84:F1:47:54:8B:A2,-83,1
24/04/2026,07:27:55,129,Pesquisa em Eng. Elétrica,IFPB-VISITANTE,24:36:DA:2B:BC:02,-84,6
24/04/2026,07:27:55,129,Pesquisa em Eng. Elétrica,IFPB-VISITANTE,84:F1:47:54:96:E2,-85,1
24/04/2026,07:27:55,129,Pesquisa em Eng. Elétrica,IFPB,84:F1:47:54:96:E0,-86,1
24/04/2026,07:27:55,129,Pesquisa em Eng. Elétrica,IFPB,24:36:DA:2B:BC:00,-86,6
24/04/2026,07:27:55,129,Pesquisa em Eng. Elétrica,IFPB-VISITANTE,84:F1:47:54:F9:82,-87,11
24/04/2026,07:27:55,129,Pesquisa em Eng. Elétrica,IFPB,84:F1:47:54:F9:80,-88,11
24/04/2026,07:28:05,130,Pesquisa em Eng. Elétrica,IFPB,84:F1:47:54:EB:20,-81,6
24/04/2026,07:28:05,130,Pesquisa em Eng. Elétrica,IFPB-VISITANTE,E4:4E:2D:85:4C:62,-81,11
24/04/2026,07:28:05,130,Pesquisa em Eng. Elétrica,IFPB-VISITANTE,84:F1:47:54:EB:22,-82,6
24/04/2026,07:28:05,130,Pesquisa em Eng. Elétrica,IFPB,E4:4E:2D:85:4C:60,-82,11
24/04/2026,07:28:05,130,Pesquisa em Eng. Elétrica,IFPB,84:F1:47:54:8B:A0,-83,1
24/04/2026,07:28:05,130,Pesquisa em Eng. Elétrica,IFPB-VISITANTE,84:F1:47:54:8B:A2,-84,1
24/04/2026,07:28:05,130,Pesquisa em Eng. Elétrica,IFPB-VISITANTE,24:36:DA:2B:BC:02,-84,6
24/04/2026,07:28:05,130,Pesquisa em Eng. Elétrica,IFPB,84:F1:47:54:96:E0,-85,1
24/04/2026,07:28:05,130,Pesquisa em Eng. Elétrica,IFPB-VISITANTE,84:F1:47:54:96:E2,-85,1
24/04/2026,07:28:05,130,Pesquisa em Eng. Elétrica,IFPB,24:36:DA:2B:BC:00,-85,6
24/04/2026,07:28:05,130,Pesquisa em Eng. Elétrica,IFPB-VISITANTE,84:F1:47:54:F9:82,-86,11
24/04/2026,07:28:05,130,Pesquisa em Eng. Elétrica,IFPB,84:F1:47:54:F9:80,-87,11
24/04/2026,07:28:29,131,Práticas didáticas,IFPB,84:F1:47:54:EB:20,-74,6
24/04/2026,07:28:29,131,Práticas didáticas,IFPB-VISITANTE,84:F1:47:54:EB:22,-75,6
24/04/2026,07:28:29,131,Práticas didáticas,IFPB,84:F1:47:54:8B:A0,-80,1
24/04/2026,07:28:29,131,Práticas didáticas,IFPB-VISITANTE,84:F1:47:54:8B:A2,-80,1
24/04/2026,07:28:29,131,Práticas didáticas,IFPB,84:F1:47:54:F9:80,-80,11
24/04/2026,07:28:29,131,Práticas didáticas,IFPB-VISITANTE,84:F1:47:54:F9:82,-80,11
24/04/2026,07:28:29,131,Práticas didáticas,IFPB,E4:4E:2D:85:4C:60,-81,11
24/04/2026,07:28:29,131,Práticas didáticas,IFPB-VISITANTE,E4:4E:2D:85:4C:62,-81,11
24/04/2026,07:28:29,131,Práticas didáticas,IFPB,84:F1:47:54:95:E0,-88,11
24/04/2026,07:28:29,131,Práticas didáticas,IFPB-VISITANTE,84:F1:47:54:95:E2,-89,11
24/04/2026,07:28:29,131,Práticas didáticas,IFPB-VISITANTE,24:36:DA:2B:BC:02,-90,6
24/04/2026,07:28:39,132,Práticas didáticas,IFPB,84:F1:47:54:EB:20,-77,6
24/04/2026,07:28:39,132,Práticas didáticas,IFPB-VISITANTE,84:F1:47:54:EB:22,-77,6
24/04/2026,07:28:39,132,Práticas didáticas,IFPB-VISITANTE,84:F1:47:54:8B:A2,-82,1
24/04/2026,07:28:39,132,Práticas didáticas,IFPB-VISITANTE,E4:4E:2D:85:4C:62,-82,11
24/04/2026,07:28:39,132,Práticas didáticas,IFPB,84:F1:47:54:8B:A0,-83,1
24/04/2026,07:28:39,132,Práticas didáticas,IFPB,E4:4E:2D:85:4C:60,-83,11
24/04/2026,07:28:39,132,Práticas didáticas,IFPB,84:F1:47:54:F9:80,-85,11
24/04/2026,07:28:40,132,Práticas didáticas,IFPB-VISITANTE,84:F1:47:54:F9:82,-86,11
24/04/2026,07:28:49,133,Práticas didáticas,IFPB,84:F1:47:54:EB:20,-73,6
24/04/2026,07:28:49,133,Práticas didáticas,IFPB-VISITANTE,84:F1:47:54:EB:22,-73,6
24/04/2026,07:28:49,133,Práticas didáticas,IFPB,84:F1:47:54:8B:A0,-80,1
24/04/2026,07:28:49,133,Práticas didáticas,IFPB-VISITANTE,84:F1:47:54:8B:A2,-80,1
24/04/2026,07:28:50,133,Práticas didáticas,IFPB,E4:4E:2D:85:4C:60,-81,11
24/04/2026,07:28:50,133,Práticas didáticas,IFPB-VISITANTE,E4:4E:2D:85:4C:62,-81,11
24/04/2026,07:28:50,133,Práticas didáticas,IFPB,84:F1:47:54:F9:80,-81,11
24/04/2026,07:28:50,133,Práticas didáticas,IFPB-VISITANTE,84:F1:47:54:F9:82,-82,11
24/04/2026,07:28:50,133,Práticas didáticas,IFPB-VISITANTE,84:F1:47:54:95:E2,-88,11
24/04/2026,07:28:50,133,Práticas didáticas,IFPB,84:F1:47:54:95:E0,-89,11
24/04/2026,07:28:59,134,Práticas didáticas,IFPB-VISITANTE,84:F1:47:54:8B:A2,-75,1
24/04/2026,07:28:59,134,Práticas didáticas,IFPB,84:F1:47:54:8B:A0,-75,1
24/04/2026,07:29:00,134,Práticas didáticas,IFPB,84:F1:47:54:EB:20,-76,6
24/04/2026,07:29:00,134,Práticas didáticas,IFPB-VISITANTE,84:F1:47:54:EB:22,-76,6
24/04/2026,07:29:00,134,Práticas didáticas,IFPB,84:F1:47:54:F9:80,-81,11
24/04/2026,07:29:00,134,Práticas didáticas,IFPB-VISITANTE,84:F1:47:54:F9:82,-81,11
24/04/2026,07:29:00,134,Práticas didáticas,IFPB,84:F1:47:54:95:E0,-88,11
24/04/2026,07:29:00,134,Práticas didáticas,IFPB-VISITANTE,84:F1:47:54:95:E2,-88,11
24/04/2026,07:29:10,135,Práticas didáticas,IFPB-VISITANTE,84:F1:47:54:EB:22,-76,6
24/04/2026,07:29:10,135,Práticas didáticas,IFPB,84:F1:47:54:8B:A0,-77,1
24/04/2026,07:29:10,135,Práticas didáticas,IFPB-VISITANTE,84:F1:47:54:8B:A2,-77,1
24/04/2026,07:29:10,135,Práticas didáticas,IFPB,84:F1:47:54:EB:20,-77,6
24/04/2026,07:29:10,135,Práticas didáticas,IFPB,E4:4E:2D:85:4C:60,-81,11
24/04/2026,07:29:10,135,Práticas didáticas,IFPB,84:F1:47:54:F9:80,-81,11
24/04/2026,07:29:10,135,Práticas didáticas,IFPB-VISITANTE,84:F1:47:54:F9:82,-82,11
24/04/2026,07:29:10,135,Práticas didáticas,IFPB-VISITANTE,E4:4E:2D:85:4C:62,-83,11
24/04/2026,07:29:10,135,Práticas didáticas,IFPB-VISITANTE,84:F1:47:54:95:E2,-89,11
24/04/2026,07:29:20,136,Práticas didáticas,IFPB,84:F1:47:54:EB:20,-78,6
24/04/2026,07:29:20,136,Práticas didáticas,IFPB-VISITANTE,84:F1:47:54:EB:22,-80,6
24/04/2026,07:29:20,136,Práticas didáticas,IFPB,E4:4E:2D:85:4C:60,-82,11
24/04/2026,07:29:20,136,Práticas didáticas,IFPB-VISITANTE,E4:4E:2D:85:4C:62,-82,11
24/04/2026,07:29:20,136,Práticas didáticas,IFPB,84:F1:47:54:8B:A0,-85,1
24/04/2026,07:29:20,136,Práticas didáticas,IFPB-VISITANTE,84:F1:47:54:8B:A2,-85,1
24/04/2026,07:29:20,136,Práticas didáticas,IFPB,84:F1:47:54:F9:80,-86,11
24/04/2026,07:29:20,136,Práticas didáticas,IFPB,84:F1:47:54:95:E0,-87,11
24/04/2026,07:29:20,136,Práticas didáticas,IFPB-VISITANTE,84:F1:47:54:F9:82,-87,11
24/04/2026,07:29:20,136,Práticas didáticas,IFPB-VISITANTE,84:F1:47:54:95:E2,-88,11
24/04/2026,07:29:30,137,Práticas didáticas,IFPB-VISITANTE,84:F1:47:54:EB:22,-78,6
24/04/2026,07:29:30,137,Práticas didáticas,IFPB,84:F1:47:54:EB:20,-79,6
24/04/2026,07:29:30,137,Práticas didáticas,IFPB-VISITANTE,E4:4E:2D:85:4C:62,-82,11
24/04/2026,07:29:30,137,Práticas didáticas,IFPB,E4:4E:2D:85:4C:60,-82,11
24/04/2026,07:29:30,137,Práticas didáticas,IFPB,84:F1:47:54:F9:80,-82,11
24/04/2026,07:29:30,137,Práticas didáticas,IFPB-VISITANTE,84:F1:47:54:F9:82,-82,11
24/04/2026,07:29:30,137,Práticas didáticas,IFPB,84:F1:47:54:8B:A0,-84,1
24/04/2026,07:29:30,137,Práticas didáticas,IFPB-VISITANTE,84:F1:47:54:8B:A2,-84,1
24/04/2026,07:29:30,137,Práticas didáticas,IFPB,84:F1:47:54:95:E0,-88,11
24/04/2026,07:29:30,137,Práticas didáticas,IFPB-VISITANTE,84:F1:47:54:95:E2,-89,11
24/04/2026,07:29:40,138,Práticas didáticas,IFPB,84:F1:47:54:EB:20,-75,6
24/04/2026,07:29:40,138,Práticas didáticas,IFPB-VISITANTE,84:F1:47:54:EB:22,-75,6
24/04/2026,07:29:40,138,Práticas didáticas,IFPB-VISITANTE,84:F1:47:54:8B:A2,-82,1
24/04/2026,07:29:40,138,Práticas didáticas,IFPB,84:F1:47:54:8B:A0,-82,1
24/04/2026,07:29:40,138,Práticas didáticas,IFPB,84:F1:47:54:F9:80,-82,11
24/04/2026,07:29:40,138,Práticas didáticas,IFPB-VISITANTE,84:F1:47:54:F9:82,-82,11
24/04/2026,07:29:40,138,Práticas didáticas,IFPB-VISITANTE,E4:4E:2D:85:4C:62,-86,11
24/04/2026,07:29:40,138,Práticas didáticas,IFPB-VISITANTE,84:F1:47:54:95:E2,-88,11
24/04/2026,07:29:40,138,Práticas didáticas,IFPB,E4:4E:2D:85:4C:60,-88,11
24/04/2026,07:29:40,138,Práticas didáticas,IFPB,84:F1:47:54:95:E0,-89,11
24/04/2026,07:29:50,139,Práticas didáticas,IFPB-VISITANTE,84:F1:47:54:EB:22,-75,6
24/04/2026,07:29:50,139,Práticas didáticas,IFPB,84:F1:47:54:EB:20,-76,6
24/04/2026,07:29:50,139,Práticas didáticas,IFPB-VISITANTE,84:F1:47:54:8B:A2,-82,1
24/04/2026,07:29:50,139,Práticas didáticas,IFPB-VISITANTE,84:F1:47:54:F9:82,-82,11
24/04/2026,07:29:50,139,Práticas didáticas,IFPB,84:F1:47:54:F9:80,-82,11
24/04/2026,07:29:50,139,Práticas didáticas,IFPB,84:F1:47:54:8B:A0,-84,1
24/04/2026,07:29:51,139,Práticas didáticas,IFPB-VISITANTE,E4:4E:2D:85:4C:62,-87,11
24/04/2026,07:29:51,139,Práticas didáticas,IFPB,E4:4E:2D:85:4C:60,-88,11
24/04/2026,07:30:00,140,Práticas didáticas,IFPB,84:F1:47:54:EB:20,-74,6
24/04/2026,07:30:00,140,Práticas didáticas,IFPB-VISITANTE,84:F1:47:54:EB:22,-74,6
24/04/2026,07:30:00,140,Práticas didáticas,IFPB,84:F1:47:54:8B:A0,-79,1
24/04/2026,07:30:00,140,Práticas didáticas,IFPB-VISITANTE,84:F1:47:54:8B:A2,-80,1
24/04/2026,07:30:01,140,Práticas didáticas,IFPB,E4:4E:2D:85:4C:60,-82,11
24/04/2026,07:30:01,140,Práticas didáticas,IFPB-VISITANTE,E4:4E:2D:85:4C:62,-82,11
24/04/2026,07:30:01,140,Práticas didáticas,IFPB,84:F1:47:54:F9:80,-83,11
24/04/2026,07:30:01,140,Práticas didáticas,IFPB-VISITANTE,84:F1:47:54:F9:82,-83,11
24/04/2026,07:30:48,141,Sala dos professores,IFPB,84:F1:47:54:FD:C0,-58,1
24/04/2026,07:30:48,141,Sala dos professores,IFPB-VISITANTE,84:F1:47:54:FD:C2,-59,1
24/04/2026,07:30:48,141,Sala dos professores,IFPB,84:F1:47:54:7F:20,-79,11
24/04/2026,07:30:48,141,Sala dos professores,IFPB-VISITANTE,84:F1:47:54:7F:22,-79,11
24/04/2026,07:30:48,141,Sala dos professores,IFPB,84:F1:47:54:95:E0,-81,11
24/04/2026,07:30:48,141,Sala dos professores,IFPB-VISITANTE,84:F1:47:54:95:E2,-82,11
24/04/2026,07:30:48,141,Sala dos professores,IFPB,E4:4E:2D:85:4C:60,-85,11
24/04/2026,07:30:48,141,Sala dos professores,IFPB-VISITANTE,E4:4E:2D:85:4C:62,-86,11
24/04/2026,07:30:48,141,Sala dos professores,IFPB,84:F1:47:54:F9:80,-90,11
24/04/2026,07:30:58,142,Sala dos professores,IFPB,84:F1:47:54:FD:C0,-59,1
24/04/2026,07:30:58,142,Sala dos professores,IFPB-VISITANTE,84:F1:47:54:FD:C2,-59,1
24/04/2026,07:30:58,142,Sala dos professores,IFPB-VISITANTE,84:F1:47:54:7F:22,-79,11
24/04/2026,07:30:58,142,Sala dos professores,IFPB,84:F1:47:54:7F:20,-79,11
24/04/2026,07:30:58,142,Sala dos professores,IFPB-VISITANTE,84:F1:47:54:95:E2,-81,11
24/04/2026,07:30:58,142,Sala dos professores,IFPB,84:F1:47:54:95:E0,-82,11
24/04/2026,07:30:58,142,Sala dos professores,IFPB,E4:4E:2D:85:4C:60,-89,11
24/04/2026,07:30:58,142,Sala dos professores,IFPB-VISITANTE,E4:4E:2D:85:4C:62,-90,11
24/04/2026,07:31:08,143,Sala dos professores,IFPB-VISITANTE,84:F1:47:54:FD:C2,-59,1
24/04/2026,07:31:08,143,Sala dos professores,IFPB,84:F1:47:54:FD:C0,-60,1
24/04/2026,07:31:08,143,Sala dos professores,IFPB,84:F1:47:54:7F:20,-80,11
24/04/2026,07:31:08,143,Sala dos professores,IFPB,84:F1:47:54:95:E0,-80,11
24/04/2026,07:31:08,143,Sala dos professores,IFPB-VISITANTE,84:F1:47:54:7F:22,-80,11
24/04/2026,07:31:08,143,Sala dos professores,IFPB-VISITANTE,84:F1:47:54:95:E2,-81,11
24/04/2026,07:31:08,143,Sala dos professores,IFPB,84:F1:47:54:F9:80,-90,11
24/04/2026,07:31:08,143,Sala dos professores,IFPB-VISITANTE,E4:4E:2D:85:4C:62,-90,11
24/04/2026,07:31:08,143,Sala dos professores,IFPB-VISITANTE,84:F1:47:54:F9:82,-90,11
24/04/2026,07:31:08,143,Sala dos professores,IFPB,E4:4E:2D:85:4C:60,-92,11
24/04/2026,07:31:18,144,Sala dos professores,IFPB,84:F1:47:54:FD:C0,-58,1
24/04/2026,07:31:18,144,Sala dos professores,IFPB-VISITANTE,84:F1:47:54:FD:C2,-58,1
24/04/2026,07:31:18,144,Sala dos professores,IFPB-VISITANTE,84:F1:47:54:7F:22,-77,11
24/04/2026,07:31:18,144,Sala dos professores,IFPB,84:F1:47:54:7F:20,-78,11
24/04/2026,07:31:19,144,Sala dos professores,IFPB-VISITANTE,84:F1:47:54:95:E2,-81,11
24/04/2026,07:31:19,144,Sala dos professores,IFPB,84:F1:47:54:95:E0,-82,11
24/04/2026,07:31:19,144,Sala dos professores,IFPB-VISITANTE,E4:4E:2D:85:4C:62,-87,11
24/04/2026,07:31:19,144,Sala dos professores,IFPB,E4:4E:2D:85:4C:60,-90,11
24/04/2026,07:31:28,145,Sala dos professores,IFPB,84:F1:47:54:FD:C0,-58,1
24/04/2026,07:31:28,145,Sala dos professores,IFPB-VISITANTE,84:F1:47:54:FD:C2,-58,1
24/04/2026,07:31:29,145,Sala dos professores,IFPB,84:F1:47:54:95:E0,-79,11
24/04/2026,07:31:29,145,Sala dos professores,IFPB-VISITANTE,84:F1:47:54:95:E2,-79,11
24/04/2026,07:31:29,145,Sala dos professores,IFPB,84:F1:47:54:7F:20,-83,11
24/04/2026,07:31:29,145,Sala dos professores,IFPB-VISITANTE,84:F1:47:54:7F:22,-84,11
24/04/2026,07:31:29,145,Sala dos professores,IFPB,84:F1:47:54:F9:80,-88,11
24/04/2026,07:31:29,145,Sala dos professores,IFPB-VISITANTE,84:F1:47:54:F9:82,-89,11
24/04/2026,07:31:29,145,Sala dos professores,IFPB-VISITANTE,E4:4E:2D:85:4C:62,-90,11
24/04/2026,07:31:38,146,Sala dos professores,IFPB,84:F1:47:54:FD:C0,-60,1
24/04/2026,07:31:38,146,Sala dos professores,IFPB-VISITANTE,84:F1:47:54:FD:C2,-61,1
24/04/2026,07:31:39,146,Sala dos professores,IFPB,84:F1:47:54:95:E0,-79,11
24/04/2026,07:31:39,146,Sala dos professores,IFPB-VISITANTE,84:F1:47:54:95:E2,-80,11
24/04/2026,07:31:39,146,Sala dos professores,IFPB,84:F1:47:54:7F:20,-81,11
24/04/2026,07:31:39,146,Sala dos professores,IFPB-VISITANTE,84:F1:47:54:7F:22,-81,11
24/04/2026,07:31:39,146,Sala dos professores,IFPB,84:F1:47:54:F9:80,-88,11
24/04/2026,07:31:39,146,Sala dos professores,IFPB-VISITANTE,84:F1:47:54:F9:82,-88,11
24/04/2026,07:31:39,146,Sala dos professores,IFPB,E4:4E:2D:85:4C:60,-90,11
24/04/2026,07:31:48,147,Sala dos professores,IFPB,84:F1:47:54:FD:C0,-57,1
24/04/2026,07:31:48,147,Sala dos professores,IFPB-VISITANTE,84:F1:47:54:FD:C2,-57,1
24/04/2026,07:31:49,147,Sala dos professores,IFPB,84:F1:47:54:95:E0,-79,11
24/04/2026,07:31:49,147,Sala dos professores,IFPB-VISITANTE,84:F1:47:54:95:E2,-79,11
24/04/2026,07:31:49,147,Sala dos professores,IFPB,84:F1:47:54:7F:20,-81,11
24/04/2026,07:31:49,147,Sala dos professores,IFPB-VISITANTE,84:F1:47:54:7F:22,-81,11
24/04/2026,07:31:49,147,Sala dos professores,IFPB-VISITANTE,84:F1:47:54:F9:82,-89,11
24/04/2026,07:31:49,147,Sala dos professores,IFPB,E4:4E:2D:85:4C:60,-89,11
24/04/2026,07:31:49,147,Sala dos professores,IFPB-VISITANTE,E4:4E:2D:85:4C:62,-89,11
24/04/2026,07:31:59,148,Sala dos professores,IFPB,84:F1:47:54:FD:C0,-59,1
24/04/2026,07:31:59,148,Sala dos professores,IFPB-VISITANTE,84:F1:47:54:FD:C2,-59,1
24/04/2026,07:31:59,148,Sala dos professores,IFPB-VISITANTE,84:F1:47:54:95:E2,-80,11
24/04/2026,07:31:59,148,Sala dos professores,IFPB,84:F1:47:54:7F:20,-80,11
24/04/2026,07:31:59,148,Sala dos professores,IFPB-VISITANTE,84:F1:47:54:7F:22,-80,11
24/04/2026,07:31:59,148,Sala dos professores,IFPB,84:F1:47:54:95:E0,-81,11
24/04/2026,07:31:59,148,Sala dos professores,IFPB-VISITANTE,E4:4E:2D:85:4C:62,-89,11
24/04/2026,07:31:59,148,Sala dos professores,IFPB,E4:4E:2D:85:4C:60,-91,11
24/04/2026,07:32:09,149,Sala dos professores,IFPB,84:F1:47:54:FD:C0,-59,1
24/04/2026,07:32:09,149,Sala dos professores,IFPB-VISITANTE,84:F1:47:54:FD:C2,-59,1
24/04/2026,07:32:09,149,Sala dos professores,IFPB,84:F1:47:54:7F:20,-79,11
24/04/2026,07:32:09,149,Sala dos professores,IFPB,84:F1:47:54:95:E0,-80,11
24/04/2026,07:32:09,149,Sala dos professores,IFPB-VISITANTE,84:F1:47:54:7F:22,-80,11
24/04/2026,07:32:09,149,Sala dos professores,IFPB-VISITANTE,84:F1:47:54:95:E2,-81,11
24/04/2026,07:32:09,149,Sala dos professores,IFPB,E4:4E:2D:85:4C:60,-90,11
24/04/2026,07:32:09,149,Sala dos professores,IFPB-VISITANTE,E4:4E:2D:85:4C:62,-90,11
24/04/2026,07:32:09,149,Sala dos professores,IFPB-VISITANTE,84:F1:47:54:F9:82,-90,11
24/04/2026,07:32:19,150,Sala dos professores,IFPB,84:F1:47:54:FD:C0,-59,1
24/04/2026,07:32:19,150,Sala dos professores,IFPB-VISITANTE,84:F1:47:54:FD:C2,-59,1
24/04/2026,07:32:19,150,Sala dos professores,IFPB,84:F1:47:54:95:E0,-79,11
24/04/2026,07:32:19,150,Sala dos professores,IFPB,84:F1:47:54:7F:20,-80,11
24/04/2026,07:32:19,150,Sala dos professores,IFPB-VISITANTE,84:F1:47:54:95:E2,-80,11
24/04/2026,07:32:19,150,Sala dos professores,IFPB-VISITANTE,84:F1:47:54:7F:22,-80,11
24/04/2026,07:32:19,150,Sala dos professores,IFPB-VISITANTE,E4:4E:2D:85:4C:62,-90,11
24/04/2026,07:32:19,150,Sala dos professores,IFPB,E4:4E:2D:85:4C:60,-91,11
24/04/2026,07:33:33,151,Lab. química 03,IFPB,B8:11:4B:1D:12:00,-76,1
24/04/2026,07:33:33,151,Lab. química 03,IFPB,24:36:DA:2B:BC:00,-76,6
24/04/2026,07:33:33,151,Lab. química 03,IFPB,84:F1:47:54:6B:80,-76,6
24/04/2026,07:33:33,151,Lab. química 03,IFPB-VISITANTE,84:F1:47:54:6B:82,-76,6
24/04/2026,07:33:33,151,Lab. química 03,IFPB-VISITANTE,24:36:DA:2B:BC:02,-76,6
24/04/2026,07:33:33,151,Lab. química 03,IFPB-VISITANTE,B8:11:4B:1D:12:02,-77,1
24/04/2026,07:33:33,151,Lab. química 03,IFPB,84:F1:47:54:7F:60,-80,6
24/04/2026,07:33:33,151,Lab. química 03,IFPB-VISITANTE,84:F1:47:54:7F:62,-80,6
24/04/2026,07:33:33,151,Lab. química 03,IFPB,24:36:DA:A2:7F:40,-84,6
24/04/2026,07:33:33,151,Lab. química 03,IFPB-VISITANTE,24:36:DA:A2:7F:42,-84,6
24/04/2026,07:33:33,151,Lab. química 03,IFPB,84:F1:47:54:81:00,-84,11
24/04/2026,07:33:33,151,Lab. química 03,IFPB,2C:57:41:CD:E1:C0,-84,11
24/04/2026,07:33:33,151,Lab. química 03,IFPB-VISITANTE,84:F1:47:54:81:02,-85,11
24/04/2026,07:33:43,152,Lab. química 03,IFPB-VISITANTE,B8:11:4B:1D:12:02,-74,1
24/04/2026,07:33:43,152,Lab. química 03,IFPB-VISITANTE,84:F1:47:54:6B:82,-74,6
24/04/2026,07:33:43,152,Lab. química 03,IFPB,B8:11:4B:1D:12:00,-75,1
24/04/2026,07:33:43,152,Lab. química 03,IFPB,24:36:DA:2B:BC:00,-75,6
24/04/2026,07:33:43,152,Lab. química 03,IFPB-VISITANTE,24:36:DA:2B:BC:02,-75,6
24/04/2026,07:33:43,152,Lab. química 03,IFPB,84:F1:47:54:6B:80,-75,6
24/04/2026,07:33:43,152,Lab. química 03,IFPB-VISITANTE,84:F1:47:54:7F:62,-79,6
24/04/2026,07:33:43,152,Lab. química 03,IFPB,84:F1:47:54:7F:60,-80,6
24/04/2026,07:33:43,152,Lab. química 03,IFPB-VISITANTE,24:36:DA:A2:7F:42,-81,6
24/04/2026,07:33:43,152,Lab. química 03,IFPB,24:36:DA:A2:7F:40,-81,6
24/04/2026,07:33:43,152,Lab. química 03,IFPB-VISITANTE,2C:57:41:CD:E1:C2,-82,11
24/04/2026,07:33:43,152,Lab. química 03,IFPB,2C:57:41:CD:E1:C0,-83,11
24/04/2026,07:33:43,152,Lab. química 03,IFPB,84:F1:47:54:81:00,-83,11
24/04/2026,07:33:43,152,Lab. química 03,IFPB-VISITANTE,84:F1:47:54:81:02,-83,11
24/04/2026,07:33:53,153,Lab. química 03,IFPB-VISITANTE,B8:11:4B:1D:12:02,-73,1
24/04/2026,07:33:53,153,Lab. química 03,IFPB,B8:11:4B:1D:12:00,-74,1
24/04/2026,07:33:53,153,Lab. química 03,IFPB,84:F1:47:54:6B:80,-76,6
24/04/2026,07:33:53,153,Lab. química 03,IFPB-VISITANTE,84:F1:47:54:6B:82,-77,6
24/04/2026,07:33:53,153,Lab. química 03,IFPB,24:36:DA:2B:BC:00,-78,6
24/04/2026,07:33:53,153,Lab. química 03,IFPB-VISITANTE,24:36:DA:2B:BC:02,-79,6
24/04/2026,07:33:53,153,Lab. química 03,IFPB-VISITANTE,2C:57:41:CD:E1:C2,-81,11
24/04/2026,07:33:53,153,Lab. química 03,IFPB-VISITANTE,24:36:DA:A2:7F:42,-82,6
24/04/2026,07:33:53,153,Lab. química 03,IFPB,24:36:DA:A2:7F:40,-82,6
24/04/2026,07:33:53,153,Lab. química 03,IFPB,84:F1:47:54:7F:60,-83,6
24/04/2026,07:33:53,153,Lab. química 03,IFPB-VISITANTE,84:F1:47:54:7F:62,-83,6
24/04/2026,07:33:53,153,Lab. química 03,IFPB,84:F1:47:54:81:00,-84,11
24/04/2026,07:33:53,153,Lab. química 03,IFPB-VISITANTE,84:F1:47:54:81:02,-85,11
24/04/2026,07:34:03,154,Lab. química 03,IFPB,B8:11:4B:1D:12:00,-73,1
24/04/2026,07:34:03,154,Lab. química 03,IFPB-VISITANTE,B8:11:4B:1D:12:02,-73,1
24/04/2026,07:34:03,154,Lab. química 03,IFPB,24:36:DA:2B:BC:00,-77,6
24/04/2026,07:34:03,154,Lab. química 03,IFPB-VISITANTE,24:36:DA:2B:BC:02,-77,6
24/04/2026,07:34:03,154,Lab. química 03,IFPB,84:F1:47:54:6B:80,-80,6
24/04/2026,07:34:03,154,Lab. química 03,IFPB-VISITANTE,84:F1:47:54:6B:82,-80,6
24/04/2026,07:34:03,154,Lab. química 03,IFPB-VISITANTE,84:F1:47:54:7F:62,-83,6
24/04/2026,07:34:03,154,Lab. química 03,IFPB-VISITANTE,2C:57:41:CD:E1:C2,-83,11
24/04/2026,07:34:03,154,Lab. química 03,IFPB-VISITANTE,84:F1:47:54:81:02,-83,11
24/04/2026,07:34:03,154,Lab. química 03,IFPB,2C:57:41:CD:E1:C0,-83,11
24/04/2026,07:34:03,154,Lab. química 03,IFPB,24:36:DA:A2:7F:40,-84,6
24/04/2026,07:34:03,154,Lab. química 03,IFPB-VISITANTE,24:36:DA:A2:7F:42,-84,6
24/04/2026,07:34:03,154,Lab. química 03,IFPB,84:F1:47:54:81:00,-84,11
24/04/2026,07:34:03,154,Lab. química 03,IFPB,84:F1:47:54:7F:60,-85,6
24/04/2026,07:34:13,155,Lab. química 03,IFPB,B8:11:4B:1D:12:00,-73,1
24/04/2026,07:34:13,155,Lab. química 03,IFPB-VISITANTE,B8:11:4B:1D:12:02,-73,1
24/04/2026,07:34:13,155,Lab. química 03,IFPB-VISITANTE,84:F1:47:54:6B:82,-74,6
24/04/2026,07:34:13,155,Lab. química 03,IFPB-VISITANTE,24:36:DA:2B:BC:02,-76,6
24/04/2026,07:34:13,155,Lab. química 03,IFPB,24:36:DA:2B:BC:00,-76,6
24/04/2026,07:34:13,155,Lab. química 03,IFPB,84:F1:47:54:6B:80,-76,6
24/04/2026,07:34:13,155,Lab. química 03,IFPB-VISITANTE,84:F1:47:54:7F:62,-78,6
24/04/2026,07:34:13,155,Lab. química 03,IFPB,84:F1:47:54:7F:60,-79,6
24/04/2026,07:34:13,155,Lab. química 03,IFPB-VISITANTE,24:36:DA:A2:7F:42,-83,6
24/04/2026,07:34:13,155,Lab. química 03,IFPB,24:36:DA:A2:7F:40,-83,6
24/04/2026,07:34:13,155,Lab. química 03,IFPB,2C:57:41:CD:E1:C0,-83,11
24/04/2026,07:34:13,155,Lab. química 03,IFPB-VISITANTE,2C:57:41:CD:E1:C2,-83,11
24/04/2026,07:34:13,155,Lab. química 03,IFPB-VISITANTE,84:F1:47:54:81:02,-85,11
24/04/2026,07:34:13,155,Lab. química 03,IFPB,84:F1:47:54:81:00,-86,11
24/04/2026,07:34:23,156,Lab. química 03,IFPB,24:36:DA:2B:BC:00,-73,6
24/04/2026,07:34:23,156,Lab. química 03,IFPB-VISITANTE,24:36:DA:2B:BC:02,-74,6
24/04/2026,07:34:23,156,Lab. química 03,IFPB,B8:11:4B:1D:12:00,-75,1
24/04/2026,07:34:23,156,Lab. química 03,IFPB-VISITANTE,B8:11:4B:1D:12:02,-75,1
24/04/2026,07:34:23,156,Lab. química 03,IFPB,84:F1:47:54:6B:80,-77,6
24/04/2026,07:34:23,156,Lab. química 03,IFPB-VISITANTE,84:F1:47:54:6B:82,-77,6
24/04/2026,07:34:23,156,Lab. química 03,IFPB,84:F1:47:54:7F:60,-79,6
24/04/2026,07:34:23,156,Lab. química 03,IFPB-VISITANTE,84:F1:47:54:7F:62,-79,6
24/04/2026,07:34:23,156,Lab. química 03,IFPB,24:36:DA:A2:7F:40,-82,6
24/04/2026,07:34:23,156,Lab. química 03,IFPB,2C:57:41:CD:E1:C0,-82,11
24/04/2026,07:34:23,156,Lab. química 03,IFPB-VISITANTE,2C:57:41:CD:E1:C2,-82,11
24/04/2026,07:34:23,156,Lab. química 03,IFPB-VISITANTE,24:36:DA:A2:7F:42,-83,6
24/04/2026,07:34:23,156,Lab. química 03,IFPB-VISITANTE,84:F1:47:54:81:02,-84,11
24/04/2026,07:34:23,156,Lab. química 03,IFPB,84:F1:47:54:81:00,-85,11
24/04/2026,07:34:33,157,Lab. química 03,IFPB,B8:11:4B:1D:12:00,-74,1
24/04/2026,07:34:33,157,Lab. química 03,IFPB-VISITANTE,B8:11:4B:1D:12:02,-74,1
24/04/2026,07:34:33,157,Lab. química 03,IFPB,84:F1:47:54:6B:80,-75,6
24/04/2026,07:34:33,157,Lab. química 03,IFPB,24:36:DA:2B:BC:00,-75,6
24/04/2026,07:34:33,157,Lab. química 03,IFPB-VISITANTE,24:36:DA:2B:BC:02,-76,6
24/04/2026,07:34:33,157,Lab. química 03,IFPB-VISITANTE,84:F1:47:54:6B:82,-76,6
24/04/2026,07:34:33,157,Lab. química 03,IFPB,84:F1:47:54:7F:60,-78,6
24/04/2026,07:34:33,157,Lab. química 03,IFPB-VISITANTE,84:F1:47:54:7F:62,-78,6
24/04/2026,07:34:33,157,Lab. química 03,IFPB,24:36:DA:A2:7F:40,-82,6
24/04/2026,07:34:33,157,Lab. química 03,IFPB-VISITANTE,24:36:DA:A2:7F:42,-82,6
24/04/2026,07:34:33,157,Lab. química 03,IFPB-VISITANTE,2C:57:41:CD:E1:C2,-82,11
24/04/2026,07:34:33,157,Lab. química 03,IFPB,2C:57:41:CD:E1:C0,-83,11
24/04/2026,07:34:33,157,Lab. química 03,IFPB,84:F1:47:54:81:00,-84,11
24/04/2026,07:34:33,157,Lab. química 03,IFPB-VISITANTE,84:F1:47:54:81:02,-85,11
24/04/2026,07:34:43,158,Lab. química 03,IFPB,B8:11:4B:1D:12:00,-72,1
24/04/2026,07:34:43,158,Lab. química 03,IFPB-VISITANTE,B8:11:4B:1D:12:02,-72,1
24/04/2026,07:34:43,158,Lab. química 03,IFPB,84:F1:47:54:6B:80,-74,6
24/04/2026,07:34:43,158,Lab. química 03,IFPB-VISITANTE,84:F1:47:54:6B:82,-75,6
24/04/2026,07:34:43,158,Lab. química 03,IFPB,84:F1:47:54:7F:60,-76,6
24/04/2026,07:34:43,158,Lab. química 03,IFPB-VISITANTE,84:F1:47:54:7F:62,-76,6
24/04/2026,07:34:43,158,Lab. química 03,IFPB,24:36:DA:2B:BC:00,-81,6
24/04/2026,07:34:43,158,Lab. química 03,IFPB-VISITANTE,24:36:DA:2B:BC:02,-82,6
24/04/2026,07:34:43,158,Lab. química 03,IFPB,24:36:DA:A2:7F:40,-83,6
24/04/2026,07:34:43,158,Lab. química 03,IFPB-VISITANTE,24:36:DA:A2:7F:42,-83,6
24/04/2026,07:34:43,158,Lab. química 03,IFPB-VISITANTE,2C:57:41:CD:E1:C2,-83,11
24/04/2026,07:34:43,158,Lab. química 03,IFPB,2C:57:41:CD:E1:C0,-83,11
24/04/2026,07:34:43,158,Lab. química 03,IFPB-VISITANTE,84:F1:47:54:81:02,-84,11
24/04/2026,07:34:43,158,Lab. química 03,IFPB,84:F1:47:54:81:00,-84,11
24/04/2026,07:34:53,159,Lab. química 03,IFPB,B8:11:4B:1D:12:00,-72,1
24/04/2026,07:34:53,159,Lab. química 03,IFPB-VISITANTE,B8:11:4B:1D:12:02,-72,1
24/04/2026,07:34:53,159,Lab. química 03,IFPB,24:36:DA:2B:BC:00,-74,6
24/04/2026,07:34:53,159,Lab. química 03,IFPB-VISITANTE,24:36:DA:2B:BC:02,-74,6
24/04/2026,07:34:53,159,Lab. química 03,IFPB-VISITANTE,84:F1:47:54:6B:82,-76,6
24/04/2026,07:34:53,159,Lab. química 03,IFPB,84:F1:47:54:6B:80,-76,6
24/04/2026,07:34:53,159,Lab. química 03,IFPB,84:F1:47:54:7F:60,-77,6
24/04/2026,07:34:53,159,Lab. química 03,IFPB-VISITANTE,84:F1:47:54:7F:62,-77,6
24/04/2026,07:34:53,159,Lab. química 03,IFPB,2C:57:41:CD:E1:C0,-82,11
24/04/2026,07:34:53,159,Lab. química 03,IFPB-VISITANTE,24:36:DA:A2:7F:42,-83,6
24/04/2026,07:34:53,159,Lab. química 03,IFPB,24:36:DA:A2:7F:40,-83,6
24/04/2026,07:34:53,159,Lab. química 03,IFPB-VISITANTE,2C:57:41:CD:E1:C2,-83,11
24/04/2026,07:34:53,159,Lab. química 03,IFPB-VISITANTE,84:F1:47:54:81:02,-83,11
24/04/2026,07:34:53,159,Lab. química 03,IFPB,84:F1:47:54:81:00,-83,11
24/04/2026,07:34:53,159,Lab. química 03,IFPB-VISITANTE,84:F1:47:54:97:02,-89,1
24/04/2026,07:35:03,160,Lab. química 03,IFPB,B8:11:4B:1D:12:00,-72,1
24/04/2026,07:35:03,160,Lab. química 03,IFPB-VISITANTE,B8:11:4B:1D:12:02,-72,1
24/04/2026,07:35:03,160,Lab. química 03,IFPB,24:36:DA:2B:BC:00,-75,6
24/04/2026,07:35:03,160,Lab. química 03,IFPB-VISITANTE,24:36:DA:2B:BC:02,-75,6
24/04/2026,07:35:03,160,Lab. química 03,IFPB,84:F1:47:54:6B:80,-76,6
24/04/2026,07:35:03,160,Lab. química 03,IFPB-VISITANTE,84:F1:47:54:6B:82,-76,6
24/04/2026,07:35:03,160,Lab. química 03,IFPB,84:F1:47:54:7F:60,-76,6
24/04/2026,07:35:03,160,Lab. química 03,IFPB-VISITANTE,84:F1:47:54:7F:62,-76,6
24/04/2026,07:35:03,160,Lab. química 03,IFPB-VISITANTE,2C:57:41:CD:E1:C2,-80,11
24/04/2026,07:35:03,160,Lab. química 03,IFPB,2C:57:41:CD:E1:C0,-81,11
24/04/2026,07:35:03,160,Lab. química 03,IFPB,84:F1:47:54:81:00,-86,11
24/04/2026,07:35:03,160,Lab. química 03,IFPB-VISITANTE,84:F1:47:54:81:02,-87,11
24/04/2026,07:35:03,160,Lab. química 03,IFPB,24:36:DA:A2:7F:40,-88,6
24/04/2026,07:35:03,160,Lab. química 03,IFPB-VISITANTE,24:36:DA:A2:7F:42,-89,6
24/04/2026,07:35:25,161,Lab. química 02,IFPB,84:F1:47:54:6B:80,-65,6
24/04/2026,07:35:25,161,Lab. química 02,IFPB-VISITANTE,84:F1:47:54:6B:82,-65,6
24/04/2026,07:35:25,161,Lab. química 02,IFPB-VISITANTE,24:36:DA:2B:BC:02,-74,6
24/04/2026,07:35:25,161,Lab. química 02,IFPB,24:36:DA:2B:BC:00,-76,6
24/04/2026,07:35:25,161,Lab. química 02,IFPB,B8:11:4B:1D:12:00,-83,1
24/04/2026,07:35:25,161,Lab. química 02,IFPB-VISITANTE,B8:11:4B:1D:12:02,-83,1
24/04/2026,07:35:25,161,Lab. química 02,IFPB,84:F1:47:54:8B:A0,-83,1
24/04/2026,07:35:25,161,Lab. química 02,IFPB-VISITANTE,84:F1:47:54:8B:A2,-84,1
24/04/2026,07:35:25,161,Lab. química 02,IFPB,24:36:DA:A2:7F:40,-85,6
24/04/2026,07:35:25,161,Lab. química 02,IFPB-VISITANTE,24:36:DA:A2:7F:42,-85,6
24/04/2026,07:35:25,161,Lab. química 02,IFPB-VISITANTE,84:F1:47:54:7F:62,-86,6
24/04/2026,07:35:25,161,Lab. química 02,IFPB,84:F1:47:54:7F:60,-86,6
24/04/2026,07:35:25,161,Lab. química 02,IFPB,84:F1:47:54:96:E0,-89,1
24/04/2026,07:35:25,161,Lab. química 02,IFPB-VISITANTE,84:F1:47:54:96:E2,-89,1
24/04/2026,07:35:26,161,Lab. química 02,IFPB,2C:57:41:CD:E1:C0,-91,11
24/04/2026,07:35:35,162,Lab. química 02,IFPB,84:F1:47:54:6B:80,-62,6
24/04/2026,07:35:35,162,Lab. química 02,IFPB-VISITANTE,84:F1:47:54:6B:82,-62,6
24/04/2026,07:35:35,162,Lab. química 02,IFPB,24:36:DA:2B:BC:00,-72,6
24/04/2026,07:35:35,162,Lab. química 02,IFPB-VISITANTE,24:36:DA:2B:BC:02,-73,6
24/04/2026,07:35:35,162,Lab. química 02,IFPB,2C:57:41:CD:E1:C0,-83,11
24/04/2026,07:35:35,162,Lab. química 02,IFPB-VISITANTE,2C:57:41:CD:E1:C2,-84,11
24/04/2026,07:35:35,162,Lab. química 02,IFPB-VISITANTE,84:F1:47:54:8B:A2,-85,1
24/04/2026,07:35:35,162,Lab. química 02,IFPB,84:F1:47:54:8B:A0,-85,1
24/04/2026,07:35:35,162,Lab. química 02,IFPB,24:36:DA:A2:7F:40,-85,6
24/04/2026,07:35:35,162,Lab. química 02,IFPB-VISITANTE,24:36:DA:A2:7F:42,-85,6
24/04/2026,07:35:35,162,Lab. química 02,IFPB-VISITANTE,84:F1:47:54:7F:62,-86,6
24/04/2026,07:35:35,162,Lab. química 02,IFPB,B8:11:4B:1D:12:00,-87,1
24/04/2026,07:35:35,162,Lab. química 02,IFPB-VISITANTE,B8:11:4B:1D:12:02,-87,1
24/04/2026,07:35:35,162,Lab. química 02,IFPB,84:F1:47:54:7F:60,-87,6
24/04/2026,07:35:45,163,Lab. química 02,IFPB,84:F1:47:54:6B:80,-68,6
24/04/2026,07:35:45,163,Lab. química 02,IFPB-VISITANTE,84:F1:47:54:6B:82,-68,6
24/04/2026,07:35:45,163,Lab. química 02,IFPB-VISITANTE,24:36:DA:2B:BC:02,-74,6
24/04/2026,07:35:45,163,Lab. química 02,IFPB,24:36:DA:2B:BC:00,-75,6
24/04/2026,07:35:45,163,Lab. química 02,IFPB-VISITANTE,24:36:DA:A2:7F:42,-81,6
24/04/2026,07:35:45,163,Lab. química 02,IFPB,2C:57:41:CD:E1:C0,-81,11
24/04/2026,07:35:45,163,Lab. química 02,IFPB-VISITANTE,2C:57:41:CD:E1:C2,-81,11
24/04/2026,07:35:45,163,Lab. química 02,IFPB,24:36:DA:A2:7F:40,-82,6
24/04/2026,07:35:45,163,Lab. química 02,IFPB-VISITANTE,B8:11:4B:1D:12:02,-86,1
24/04/2026,07:35:45,163,Lab. química 02,IFPB-VISITANTE,84:F1:47:54:7F:62,-86,6
24/04/2026,07:35:45,163,Lab. química 02,IFPB,84:F1:47:54:7F:60,-87,6
24/04/2026,07:35:45,163,Lab. química 02,IFPB,B8:11:4B:1D:12:00,-88,1
24/04/2026,07:35:55,164,Lab. química 02,IFPB,84:F1:47:54:6B:80,-63,6
24/04/2026,07:35:55,164,Lab. química 02,IFPB-VISITANTE,84:F1:47:54:6B:82,-63,6
24/04/2026,07:35:55,164,Lab. química 02,IFPB,24:36:DA:2B:BC:00,-75,6
24/04/2026,07:35:55,164,Lab. química 02,IFPB-VISITANTE,24:36:DA:2B:BC:02,-75,6
24/04/2026,07:35:55,164,Lab. química 02,IFPB,B8:11:4B:1D:12:00,-82,1
24/04/2026,07:35:55,164,Lab. química 02,IFPB-VISITANTE,2C:57:41:CD:E1:C2,-82,11
24/04/2026,07:35:55,164,Lab. química 02,IFPB-VISITANTE,B8:11:4B:1D:12:02,-83,1
24/04/2026,07:35:55,164,Lab. química 02,IFPB,2C:57:41:CD:E1:C0,-83,11
24/04/2026,07:35:55,164,Lab. química 02,IFPB-VISITANTE,24:36:DA:A2:7F:42,-84,6
24/04/2026,07:35:55,164,Lab. química 02,IFPB,24:36:DA:A2:7F:40,-85,6
24/04/2026,07:35:55,164,Lab. química 02,IFPB,84:F1:47:54:7F:60,-89,6
24/04/2026,07:36:05,165,Lab. química 02,IFPB-VISITANTE,84:F1:47:54:6B:82,-61,6
24/04/2026,07:36:05,165,Lab. química 02,IFPB,84:F1:47:54:6B:80,-62,6
24/04/2026,07:36:05,165,Lab. química 02,IFPB,24:36:DA:2B:BC:00,-77,6
24/04/2026,07:36:05,165,Lab. química 02,IFPB-VISITANTE,24:36:DA:2B:BC:02,-77,6
24/04/2026,07:36:05,165,Lab. química 02,IFPB,B8:11:4B:1D:12:00,-82,1
24/04/2026,07:36:05,165,Lab. química 02,IFPB-VISITANTE,B8:11:4B:1D:12:02,-83,1
24/04/2026,07:36:05,165,Lab. química 02,IFPB-VISITANTE,24:36:DA:A2:7F:42,-85,6
24/04/2026,07:36:05,165,Lab. química 02,IFPB,24:36:DA:A2:7F:40,-85,6
24/04/2026,07:36:05,165,Lab. química 02,IFPB,2C:57:41:CD:E1:C0,-85,11
24/04/2026,07:36:05,165,Lab. química 02,IFPB,84:F1:47:54:7F:60,-86,6
24/04/2026,07:36:05,165,Lab. química 02,IFPB-VISITANTE,2C:57:41:CD:E1:C2,-86,11
24/04/2026,07:36:05,165,Lab. química 02,IFPB-VISITANTE,84:F1:47:54:7F:62,-87,6
24/04/2026,07:36:15,166,Lab. química 02,IFPB,84:F1:47:54:6B:80,-63,6
24/04/2026,07:36:15,166,Lab. química 02,IFPB-VISITANTE,84:F1:47:54:6B:82,-63,6
24/04/2026,07:36:15,166,Lab. química 02,IFPB-VISITANTE,24:36:DA:2B:BC:02,-75,6
24/04/2026,07:36:15,166,Lab. química 02,IFPB,24:36:DA:2B:BC:00,-76,6
24/04/2026,07:36:15,166,Lab. química 02,IFPB,B8:11:4B:1D:12:00,-83,1
24/04/2026,07:36:15,166,Lab. química 02,IFPB-VISITANTE,B8:11:4B:1D:12:02,-83,1
24/04/2026,07:36:15,166,Lab. química 02,IFPB,24:36:DA:A2:7F:40,-83,6
24/04/2026,07:36:15,166,Lab. química 02,IFPB-VISITANTE,24:36:DA:A2:7F:42,-84,6
24/04/2026,07:36:15,166,Lab. química 02,IFPB-VISITANTE,2C:57:41:CD:E1:C2,-84,11
24/04/2026,07:36:15,166,Lab. química 02,IFPB,2C:57:41:CD:E1:C0,-84,11
24/04/2026,07:36:15,166,Lab. química 02,IFPB-VISITANTE,84:F1:47:54:8B:A2,-85,1
24/04/2026,07:36:15,166,Lab. química 02,IFPB,84:F1:47:54:8B:A0,-85,1
24/04/2026,07:36:15,166,Lab. química 02,IFPB-VISITANTE,84:F1:47:54:7F:62,-89,6
24/04/2026,07:36:15,166,Lab. química 02,IFPB-VISITANTE,84:F1:47:54:96:E2,-90,1
24/04/2026,07:36:15,166,Lab. química 02,IFPB,84:F1:47:54:96:E0,-90,1
24/04/2026,07:36:15,166,Lab. química 02,IFPB-VISITANTE,84:F1:47:54:81:02,-90,11
24/04/2026,07:36:15,166,Lab. química 02,IFPB,84:F1:47:54:81:00,-90,11
24/04/2026,07:36:25,167,Lab. química 02,IFPB,84:F1:47:54:6B:80,-63,6
24/04/2026,07:36:25,167,Lab. química 02,IFPB-VISITANTE,84:F1:47:54:6B:82,-63,6
24/04/2026,07:36:25,167,Lab. química 02,IFPB,24:36:DA:2B:BC:00,-73,6
24/04/2026,07:36:25,167,Lab. química 02,IFPB-VISITANTE,24:36:DA:2B:BC:02,-73,6
24/04/2026,07:36:25,167,Lab. química 02,IFPB-VISITANTE,2C:57:41:CD:E1:C2,-79,11
24/04/2026,07:36:25,167,Lab. química 02,IFPB,2C:57:41:CD:E1:C0,-80,11
24/04/2026,07:36:25,167,Lab. química 02,IFPB-VISITANTE,B8:11:4B:1D:12:02,-83,1
24/04/2026,07:36:25,167,Lab. química 02,IFPB,24:36:DA:A2:7F:40,-83,6
24/04/2026,07:36:25,167,Lab. química 02,IFPB-VISITANTE,24:36:DA:A2:7F:42,-84,6
24/04/2026,07:36:25,167,Lab. química 02,IFPB,B8:11:4B:1D:12:00,-85,1
24/04/2026,07:36:25,167,Lab. química 02,IFPB-VISITANTE,84:F1:47:54:8B:A2,-88,1
24/04/2026,07:36:25,167,Lab. química 02,IFPB,84:F1:47:54:96:E0,-89,1
24/04/2026,07:36:25,167,Lab. química 02,IFPB-VISITANTE,84:F1:47:54:7F:62,-89,6
24/04/2026,07:36:25,167,Lab. química 02,IFPB,84:F1:47:54:7F:60,-89,6
24/04/2026,07:36:25,167,Lab. química 02,IFPB,84:F1:47:54:80:60,-89,11
24/04/2026,07:36:25,167,Lab. química 02,IFPB-VISITANTE,84:F1:47:54:80:62,-89,11
24/04/2026,07:36:26,167,Lab. química 02,IFPB,84:F1:47:54:81:00,-89,11
24/04/2026,07:36:26,167,Lab. química 02,IFPB-VISITANTE,84:F1:47:54:96:E2,-90,1
24/04/2026,07:36:35,168,Lab. química 02,IFPB,84:F1:47:54:6B:80,-65,6
24/04/2026,07:36:35,168,Lab. química 02,IFPB-VISITANTE,84:F1:47:54:6B:82,-65,6
24/04/2026,07:36:35,168,Lab. química 02,IFPB-VISITANTE,24:36:DA:2B:BC:02,-75,6
24/04/2026,07:36:35,168,Lab. química 02,IFPB,24:36:DA:2B:BC:00,-76,6
24/04/2026,07:36:35,168,Lab. química 02,IFPB,2C:57:41:CD:E1:C0,-79,11
24/04/2026,07:36:35,168,Lab. química 02,IFPB-VISITANTE,2C:57:41:CD:E1:C2,-79,11
24/04/2026,07:36:35,168,Lab. química 02,IFPB-VISITANTE,B8:11:4B:1D:12:02,-83,1
24/04/2026,07:36:35,168,Lab. química 02,IFPB-VISITANTE,24:36:DA:A2:7F:42,-83,6
24/04/2026,07:36:36,168,Lab. química 02,IFPB,B8:11:4B:1D:12:00,-84,1
24/04/2026,07:36:36,168,Lab. química 02,IFPB,24:36:DA:A2:7F:40,-84,6
24/04/2026,07:36:36,168,Lab. química 02,IFPB-VISITANTE,84:F1:47:54:8B:A2,-87,1
24/04/2026,07:36:36,168,Lab. química 02,IFPB-VISITANTE,84:F1:47:54:7F:62,-88,6
24/04/2026,07:36:36,168,Lab. química 02,IFPB,84:F1:47:54:7F:60,-90,6
24/04/2026,07:36:45,169,Lab. química 02,IFPB,84:F1:47:54:6B:80,-62,6
24/04/2026,07:36:45,169,Lab. química 02,IFPB-VISITANTE,84:F1:47:54:6B:82,-62,6
24/04/2026,07:36:45,169,Lab. química 02,IFPB,24:36:DA:2B:BC:00,-75,6
24/04/2026,07:36:45,169,Lab. química 02,IFPB-VISITANTE,24:36:DA:2B:BC:02,-76,6
24/04/2026,07:36:45,169,Lab. química 02,IFPB,2C:57:41:CD:E1:C0,-79,11
24/04/2026,07:36:45,169,Lab. química 02,IFPB-VISITANTE,2C:57:41:CD:E1:C2,-79,11
24/04/2026,07:36:45,169,Lab. química 02,IFPB,B8:11:4B:1D:12:00,-83,1
24/04/2026,07:36:45,169,Lab. química 02,IFPB-VISITANTE,B8:11:4B:1D:12:02,-83,1
24/04/2026,07:36:46,169,Lab. química 02,IFPB-VISITANTE,24:36:DA:A2:7F:42,-86,6
24/04/2026,07:36:46,169,Lab. química 02,IFPB-VISITANTE,84:F1:47:54:8B:A2,-87,1
24/04/2026,07:36:46,169,Lab. química 02,IFPB,84:F1:47:54:7F:60,-87,6
24/04/2026,07:36:46,169,Lab. química 02,IFPB-VISITANTE,84:F1:47:54:7F:62,-87,6
24/04/2026,07:36:46,169,Lab. química 02,IFPB,24:36:DA:A2:7F:40,-88,6
24/04/2026,07:36:46,169,Lab. química 02,IFPB-VISITANTE,84:F1:47:54:81:02,-92,11
24/04/2026,07:36:55,170,Lab. química 02,IFPB,84:F1:47:54:6B:80,-67,6
24/04/2026,07:36:55,170,Lab. química 02,IFPB-VISITANTE,84:F1:47:54:6B:82,-67,6
24/04/2026,07:36:55,170,Lab. química 02,IFPB-VISITANTE,24:36:DA:2B:BC:02,-75,6
24/04/2026,07:36:55,170,Lab. química 02,IFPB,24:36:DA:2B:BC:00,-76,6
24/04/2026,07:36:55,170,Lab. química 02,IFPB-VISITANTE,2C:57:41:CD:E1:C2,-77,11
24/04/2026,07:36:55,170,Lab. química 02,IFPB,2C:57:41:CD:E1:C0,-78,11
24/04/2026,07:36:55,170,Lab. química 02,IFPB,24:36:DA:A2:7F:40,-80,6
24/04/2026,07:36:55,170,Lab. química 02,IFPB-VISITANTE,24:36:DA:A2:7F:42,-80,6
24/04/2026,07:36:55,170,Lab. química 02,IFPB-VISITANTE,B8:11:4B:1D:12:02,-83,1
24/04/2026,07:36:55,170,Lab. química 02,IFPB,B8:11:4B:1D:12:00,-83,1
24/04/2026,07:37:13,171,Lab. química 01,IFPB,84:F1:47:54:6B:80,-59,6
24/04/2026,07:37:13,171,Lab. química 01,IFPB-VISITANTE,84:F1:47:54:6B:82,-59,6
24/04/2026,07:37:13,171,Lab. química 01,IFPB,24:36:DA:2B:BC:00,-76,6
24/04/2026,07:37:13,171,Lab. química 01,IFPB-VISITANTE,24:36:DA:2B:BC:02,-76,6
24/04/2026,07:37:13,171,Lab. química 01,IFPB,2C:57:41:CD:E1:C0,-79,11
24/04/2026,07:37:13,171,Lab. química 01,IFPB-VISITANTE,2C:57:41:CD:E1:C2,-79,11
24/04/2026,07:37:13,171,Lab. química 01,IFPB,84:F1:47:54:8B:A0,-81,1
24/04/2026,07:37:13,171,Lab. química 01,IFPB-VISITANTE,84:F1:47:54:8B:A2,-81,1
24/04/2026,07:37:13,171,Lab. química 01,IFPB,24:36:DA:A2:7F:40,-84,6
24/04/2026,07:37:13,171,Lab. química 01,IFPB-VISITANTE,24:36:DA:A2:7F:42,-85,6
24/04/2026,07:37:13,171,Lab. química 01,IFPB,B8:11:4B:1D:12:00,-88,1
24/04/2026,07:37:13,171,Lab. química 01,IFPB,84:F1:47:54:81:00,-88,11
24/04/2026,07:37:13,171,Lab. química 01,IFPB-VISITANTE,84:F1:47:54:7F:62,-89,6
24/04/2026,07:37:13,171,Lab. química 01,IFPB-VISITANTE,84:F1:47:54:80:62,-89,11
24/04/2026,07:37:13,171,Lab. química 01,IFPB-VISITANTE,B8:11:4B:1D:12:02,-90,1
24/04/2026,07:37:13,171,Lab. química 01,IFPB,84:F1:47:54:80:60,-90,11
24/04/2026,07:37:13,171,Lab. química 01,IFPB-VISITANTE,84:F1:47:54:81:02,-91,11
24/04/2026,07:37:23,172,Lab. química 01,IFPB,84:F1:47:54:6B:80,-66,6
24/04/2026,07:37:23,172,Lab. química 01,IFPB-VISITANTE,84:F1:47:54:6B:82,-66,6
24/04/2026,07:37:23,172,Lab. química 01,IFPB,24:36:DA:2B:BC:00,-78,6
24/04/2026,07:37:23,172,Lab. química 01,IFPB-VISITANTE,24:36:DA:2B:BC:02,-78,6
24/04/2026,07:37:23,172,Lab. química 01,IFPB-VISITANTE,2C:57:41:CD:E1:C2,-84,11
24/04/2026,07:37:23,172,Lab. química 01,IFPB,2C:57:41:CD:E1:C0,-85,11
24/04/2026,07:37:23,172,Lab. química 01,IFPB,84:F1:47:54:8B:A0,-87,1
24/04/2026,07:37:23,172,Lab. química 01,IFPB-VISITANTE,84:F1:47:54:8B:A2,-87,1
24/04/2026,07:37:23,172,Lab. química 01,IFPB,24:36:DA:A2:7F:40,-87,6
24/04/2026,07:37:23,172,Lab. química 01,IFPB-VISITANTE,24:36:DA:A2:7F:42,-87,6
24/04/2026,07:37:23,172,Lab. química 01,IFPB-VISITANTE,B8:11:4B:1D:12:02,-88,1
24/04/2026,07:37:23,172,Lab. química 01,IFPB,B8:11:4B:1D:12:00,-88,1
24/04/2026,07:37:23,172,Lab. química 01,IFPB-VISITANTE,84:F1:47:54:81:02,-88,11
24/04/2026,07:37:23,172,Lab. química 01,IFPB,2C:57:41:D4:A5:20,-88,11
24/04/2026,07:37:23,172,Lab. química 01,IFPB,84:F1:47:54:81:00,-89,11
24/04/2026,07:37:33,173,Lab. química 01,IFPB,84:F1:47:54:6B:80,-61,6
24/04/2026,07:37:33,173,Lab. química 01,IFPB-VISITANTE,84:F1:47:54:6B:82,-61,6
24/04/2026,07:37:33,173,Lab. química 01,IFPB,24:36:DA:2B:BC:00,-78,6
24/04/2026,07:37:33,173,Lab. química 01,IFPB-VISITANTE,24:36:DA:2B:BC:02,-78,6
24/04/2026,07:37:33,173,Lab. química 01,IFPB-VISITANTE,84:F1:47:54:8B:A2,-81,1
24/04/2026,07:37:33,173,Lab. química 01,IFPB,84:F1:47:54:8B:A0,-81,1
24/04/2026,07:37:33,173,Lab. química 01,IFPB-VISITANTE,2C:57:41:CD:E1:C2,-83,11
24/04/2026,07:37:33,173,Lab. química 01,IFPB,2C:57:41:CD:E1:C0,-84,11
24/04/2026,07:37:33,173,Lab. química 01,IFPB-VISITANTE,24:36:DA:A2:7F:42,-85,6
24/04/2026,07:37:33,173,Lab. química 01,IFPB,24:36:DA:A2:7F:40,-86,6
24/04/2026,07:37:33,173,Lab. química 01,IFPB,84:F1:47:54:7F:60,-87,6
24/04/2026,07:37:43,174,Lab. química 01,IFPB,84:F1:47:54:6B:80,-63,6
24/04/2026,07:37:43,174,Lab. química 01,IFPB-VISITANTE,84:F1:47:54:6B:82,-63,6
24/04/2026,07:37:43,174,Lab. química 01,IFPB,2C:57:41:CD:E1:C0,-75,11
24/04/2026,07:37:43,174,Lab. química 01,IFPB-VISITANTE,2C:57:41:CD:E1:C2,-75,11
24/04/2026,07:37:43,174,Lab. química 01,IFPB-VISITANTE,B8:11:4B:1D:12:02,-84,1
24/04/2026,07:37:43,174,Lab. química 01,IFPB,B8:11:4B:1D:12:00,-85,1
24/04/2026,07:37:43,174,Lab. química 01,IFPB,24:36:DA:A2:7F:40,-85,6
24/04/2026,07:37:43,174,Lab. química 01,IFPB-VISITANTE,24:36:DA:A2:7F:42,-86,6
24/04/2026,07:37:43,174,Lab. química 01,IFPB,24:36:DA:2B:BC:00,-87,6
24/04/2026,07:37:43,174,Lab. química 01,IFPB,84:F1:47:54:7F:60,-88,6
24/04/2026,07:37:43,174,Lab. química 01,IFPB-VISITANTE,84:F1:47:54:7F:62,-88,6
24/04/2026,07:37:43,174,Lab. química 01,IFPB-VISITANTE,24:36:DA:2B:BC:02,-88,6
24/04/2026,07:37:53,175,Lab. química 01,IFPB,84:F1:47:54:6B:80,-62,6
24/04/2026,07:37:53,175,Lab. química 01,IFPB-VISITANTE,84:F1:47:54:6B:82,-62,6
24/04/2026,07:37:53,175,Lab. química 01,IFPB,2C:57:41:CD:E1:C0,-78,11
24/04/2026,07:37:53,175,Lab. química 01,IFPB-VISITANTE,2C:57:41:CD:E1:C2,-79,11
24/04/2026,07:37:53,175,Lab. química 01,IFPB,24:36:DA:A2:7F:40,-83,6
24/04/2026,07:37:53,175,Lab. química 01,IFPB,24:36:DA:2B:BC:00,-84,6
24/04/2026,07:37:53,175,Lab. química 01,IFPB-VISITANTE,24:36:DA:A2:7F:42,-84,6
24/04/2026,07:37:53,175,Lab. química 01,IFPB-VISITANTE,24:36:DA:2B:BC:02,-84,6
24/04/2026,07:37:53,175,Lab. química 01,IFPB-VISITANTE,B8:11:4B:1D:12:02,-85,1
24/04/2026,07:37:53,175,Lab. química 01,IFPB,B8:11:4B:1D:12:00,-86,1
24/04/2026,07:37:53,175,Lab. química 01,IFPB,84:F1:47:54:7F:60,-87,6
24/04/2026,07:37:53,175,Lab. química 01,IFPB-VISITANTE,84:F1:47:54:7F:62,-87,6
24/04/2026,07:38:03,176,Lab. química 01,IFPB,84:F1:47:54:6B:80,-60,6
24/04/2026,07:38:03,176,Lab. química 01,IFPB-VISITANTE,84:F1:47:54:6B:82,-60,6
24/04/2026,07:38:03,176,Lab. química 01,IFPB-VISITANTE,2C:57:41:CD:E1:C2,-74,11
24/04/2026,07:38:03,176,Lab. química 01,IFPB,2C:57:41:CD:E1:C0,-75,11
24/04/2026,07:38:03,176,Lab. química 01,IFPB,24:36:DA:2B:BC:00,-79,6
24/04/2026,07:38:03,176,Lab. química 01,IFPB-VISITANTE,24:36:DA:2B:BC:02,-79,6
24/04/2026,07:38:03,176,Lab. química 01,IFPB,B8:11:4B:1D:12:00,-85,1
24/04/2026,07:38:03,176,Lab. química 01,IFPB-VISITANTE,B8:11:4B:1D:12:02,-85,1
24/04/2026,07:38:03,176,Lab. química 01,IFPB-VISITANTE,24:36:DA:A2:7F:42,-86,6
24/04/2026,07:38:03,176,Lab. química 01,IFPB,24:36:DA:A2:7F:40,-87,6
24/04/2026,07:38:03,176,Lab. química 01,IFPB-VISITANTE,84:F1:47:54:8B:A2,-88,1
24/04/2026,07:38:03,176,Lab. química 01,IFPB-VISITANTE,84:F1:47:54:7F:62,-88,6
24/04/2026,07:38:03,176,Lab. química 01,IFPB,84:F1:47:54:8B:A0,-89,1
24/04/2026,07:38:03,176,Lab. química 01,IFPB,84:F1:47:54:7F:60,-89,6
24/04/2026,07:38:13,177,Lab. química 01,IFPB,84:F1:47:54:6B:80,-60,6
24/04/2026,07:38:13,177,Lab. química 01,IFPB-VISITANTE,84:F1:47:54:6B:82,-60,6
24/04/2026,07:38:13,177,Lab. química 01,IFPB,24:36:DA:2B:BC:00,-76,6
24/04/2026,07:38:13,177,Lab. química 01,IFPB-VISITANTE,24:36:DA:2B:BC:02,-76,6
24/04/2026,07:38:13,177,Lab. química 01,IFPB,2C:57:41:CD:E1:C0,-79,11
24/04/2026,07:38:13,177,Lab. química 01,IFPB-VISITANTE,2C:57:41:CD:E1:C2,-79,11
24/04/2026,07:38:13,177,Lab. química 01,IFPB-VISITANTE,B8:11:4B:1D:12:02,-86,1
24/04/2026,07:38:13,177,Lab. química 01,IFPB-VISITANTE,24:36:DA:A2:7F:42,-86,6
24/04/2026,07:38:13,177,Lab. química 01,IFPB,24:36:DA:A2:7F:40,-87,6
24/04/2026,07:38:13,177,Lab. química 01,IFPB-VISITANTE,84:F1:47:54:80:62,-90,11
24/04/2026,07:38:13,177,Lab. química 01,IFPB,84:F1:47:54:80:60,-92,11
24/04/2026,07:38:23,178,Lab. química 01,IFPB-VISITANTE,84:F1:47:54:6B:82,-62,6
24/04/2026,07:38:23,178,Lab. química 01,IFPB,84:F1:47:54:6B:80,-63,6
24/04/2026,07:38:23,178,Lab. química 01,IFPB,24:36:DA:2B:BC:00,-75,6
24/04/2026,07:38:23,178,Lab. química 01,IFPB-VISITANTE,24:36:DA:2B:BC:02,-75,6
24/04/2026,07:38:23,178,Lab. química 01,IFPB-VISITANTE,24:36:DA:A2:7F:42,-82,6
24/04/2026,07:38:23,178,Lab. química 01,IFPB,24:36:DA:A2:7F:40,-82,6
24/04/2026,07:38:23,178,Lab. química 01,IFPB,B8:11:4B:1D:12:00,-86,1
24/04/2026,07:38:23,178,Lab. química 01,IFPB-VISITANTE,B8:11:4B:1D:12:02,-86,1
24/04/2026,07:38:23,178,Lab. química 01,IFPB,2C:57:41:CD:E1:C0,-87,11
24/04/2026,07:38:23,178,Lab. química 01,IFPB-VISITANTE,2C:57:41:CD:E1:C2,-87,11
24/04/2026,07:38:23,178,Lab. química 01,IFPB-VISITANTE,84:F1:47:54:7F:62,-88,6
24/04/2026,07:38:23,178,Lab. química 01,IFPB,84:F1:47:54:7F:60,-89,6
24/04/2026,07:38:23,178,Lab. química 01,IFPB,84:F1:47:54:80:60,-90,11
24/04/2026,07:38:23,178,Lab. química 01,IFPB-VISITANTE,84:F1:47:54:80:62,-91,11
24/04/2026,07:38:33,179,Lab. química 01,IFPB,84:F1:47:54:6B:80,-61,6
24/04/2026,07:38:33,179,Lab. química 01,IFPB-VISITANTE,84:F1:47:54:6B:82,-61,6
24/04/2026,07:38:33,179,Lab. química 01,IFPB-VISITANTE,24:36:DA:2B:BC:02,-75,6
24/04/2026,07:38:33,179,Lab. química 01,IFPB,24:36:DA:2B:BC:00,-76,6
24/04/2026,07:38:33,179,Lab. química 01,IFPB,2C:57:41:CD:E1:C0,-76,11
24/04/2026,07:38:33,179,Lab. química 01,IFPB-VISITANTE,2C:57:41:CD:E1:C2,-77,11
24/04/2026,07:38:33,179,Lab. química 01,IFPB-VISITANTE,24:36:DA:A2:7F:42,-87,6
24/04/2026,07:38:33,179,Lab. química 01,IFPB-VISITANTE,84:F1:47:54:7F:62,-88,6
24/04/2026,07:38:33,179,Lab. química 01,IFPB-VISITANTE,B8:11:4B:1D:12:02,-89,1
24/04/2026,07:38:33,179,Lab. química 01,IFPB,B8:11:4B:1D:12:00,-89,1
24/04/2026,07:38:33,179,Lab. química 01,IFPB,24:36:DA:A2:7F:40,-89,6
24/04/2026,07:38:33,179,Lab. química 01,IFPB,84:F1:47:54:80:60,-90,11
24/04/2026,07:38:33,179,Lab. química 01,IFPB-VISITANTE,84:F1:47:54:80:62,-90,11
24/04/2026,07:38:33,179,Lab. química 01,IFPB,84:F1:47:54:7F:60,-91,6
24/04/2026,07:38:43,180,Lab. química 01,IFPB,84:F1:47:54:6B:80,-62,6
24/04/2026,07:38:43,180,Lab. química 01,IFPB-VISITANTE,84:F1:47:54:6B:82,-62,6
24/04/2026,07:38:43,180,Lab. química 01,IFPB,2C:57:41:CD:E1:C0,-74,11
24/04/2026,07:38:43,180,Lab. química 01,IFPB-VISITANTE,2C:57:41:CD:E1:C2,-74,11
24/04/2026,07:38:43,180,Lab. química 01,IFPB-VISITANTE,24:36:DA:2B:BC:02,-79,6
24/04/2026,07:38:43,180,Lab. química 01,IFPB,24:36:DA:2B:BC:00,-81,6
24/04/2026,07:38:43,180,Lab. química 01,IFPB,24:36:DA:A2:7F:40,-83,6
24/04/2026,07:38:43,180,Lab. química 01,IFPB-VISITANTE,24:36:DA:A2:7F:42,-83,6
24/04/2026,07:38:43,180,Lab. química 01,IFPB,84:F1:47:54:7F:60,-89,6
24/04/2026,07:38:43,180,Lab. química 01,IFPB-VISITANTE,84:F1:47:54:7F:62,-89,6
24/04/2026,07:38:43,180,Lab. química 01,IFPB,84:F1:47:54:80:60,-90,11
24/04/2026,07:38:43,180,Lab. química 01,IFPB-VISITANTE,84:F1:47:54:80:62,-91,11
24/04/2026,07:39:24,181,Lab. de microscopia,IFPB,84:F1:47:54:8B:A0,-77,1
24/04/2026,07:39:24,181,Lab. de microscopia,IFPB,84:F1:47:54:80:60,-77,11
24/04/2026,07:39:24,181,Lab. de microscopia,IFPB-VISITANTE,84:F1:47:54:80:62,-77,11
24/04/2026,07:39:24,181,Lab. de microscopia,IFPB-VISITANTE,84:F1:47:54:8B:A2,-78,1
24/04/2026,07:39:24,181,Lab. de microscopia,IFPB,84:F1:47:54:6B:80,-82,6
24/04/2026,07:39:24,181,Lab. de microscopia,IFPB-VISITANTE,84:F1:47:54:6B:82,-83,6
24/04/2026,07:39:24,181,Lab. de microscopia,IFPB-VISITANTE,84:F1:47:54:FD:62,-85,1
24/04/2026,07:39:24,181,Lab. de microscopia,IFPB,2C:57:41:CD:E1:C0,-85,11
24/04/2026,07:39:24,181,Lab. de microscopia,IFPB-VISITANTE,2C:57:41:CD:E1:C2,-85,11
24/04/2026,07:39:24,181,Lab. de microscopia,IFPB,84:F1:47:54:FD:60,-86,1
24/04/2026,07:39:24,181,Lab. de microscopia,IFPB-VISITANTE,84:F1:47:54:7F:62,-88,6
24/04/2026,07:39:24,181,Lab. de microscopia,IFPB,84:F1:47:54:7F:60,-88,6
24/04/2026,07:39:24,181,Lab. de microscopia,IFPB-VISITANTE,84:F1:47:54:F9:82,-90,11
24/04/2026,07:39:24,181,Lab. de microscopia,IFPB,84:F1:47:54:F9:80,-91,11
24/04/2026,07:39:34,182,Lab. de microscopia,IFPB,84:F1:47:54:80:60,-77,11
24/04/2026,07:39:34,182,Lab. de microscopia,IFPB-VISITANTE,84:F1:47:54:80:62,-77,11
24/04/2026,07:39:34,182,Lab. de microscopia,IFPB,84:F1:47:54:8B:A0,-80,1
24/04/2026,07:39:34,182,Lab. de microscopia,IFPB-VISITANTE,84:F1:47:54:8B:A2,-80,1
24/04/2026,07:39:34,182,Lab. de microscopia,IFPB,84:F1:47:54:6B:80,-81,6
24/04/2026,07:39:34,182,Lab. de microscopia,IFPB-VISITANTE,84:F1:47:54:6B:82,-81,6
24/04/2026,07:39:34,182,Lab. de microscopia,IFPB-VISITANTE,84:F1:47:54:FD:62,-85,1
24/04/2026,07:39:34,182,Lab. de microscopia,IFPB,84:F1:47:54:FD:60,-86,1
24/04/2026,07:39:34,182,Lab. de microscopia,IFPB-VISITANTE,2C:57:41:CD:E1:C2,-87,11
24/04/2026,07:39:34,182,Lab. de microscopia,IFPB,2C:57:41:D4:A5:20,-87,11
24/04/2026,07:39:34,182,Lab. de microscopia,IFPB,2C:57:41:CD:E1:C0,-87,11
24/04/2026,07:39:34,182,Lab. de microscopia,IFPB,84:F1:47:54:F9:80,-88,11
24/04/2026,07:39:34,182,Lab. de microscopia,IFPB,84:F1:47:54:7F:60,-89,6
24/04/2026,07:39:34,182,Lab. de microscopia,IFPB-VISITANTE,84:F1:47:54:7F:62,-89,6
24/04/2026,07:39:34,182,Lab. de microscopia,IFPB-VISITANTE,2C:57:41:D4:A5:22,-89,11
24/04/2026,07:39:34,182,Lab. de microscopia,IFPB,24:36:DA:2B:BC:00,-90,6
24/04/2026,07:39:34,182,Lab. de microscopia,IFPB-VISITANTE,24:36:DA:2B:BC:02,-90,6
24/04/2026,07:39:34,182,Lab. de microscopia,IFPB-VISITANTE,84:F1:47:54:F9:82,-90,11
24/04/2026,07:39:44,183,Lab. de microscopia,IFPB,84:F1:47:54:8B:A0,-73,1
24/04/2026,07:39:44,183,Lab. de microscopia,IFPB-VISITANTE,84:F1:47:54:8B:A2,-73,1
24/04/2026,07:39:44,183,Lab. de microscopia,IFPB-VISITANTE,84:F1:47:54:80:62,-74,11
24/04/2026,07:39:44,183,Lab. de microscopia,IFPB,84:F1:47:54:80:60,-75,11
24/04/2026,07:39:44,183,Lab. de microscopia,IFPB,84:F1:47:54:6B:80,-80,6
24/04/2026,07:39:44,183,Lab. de microscopia,IFPB-VISITANTE,84:F1:47:54:6B:82,-80,6
24/04/2026,07:39:44,183,Lab. de microscopia,IFPB,2C:57:41:CD:E1:C0,-85,11
24/04/2026,07:39:44,183,Lab. de microscopia,IFPB-VISITANTE,2C:57:41:CD:E1:C2,-86,11
24/04/2026,07:39:44,183,Lab. de microscopia,IFPB,84:F1:47:54:FD:60,-87,1
24/04/2026,07:39:44,183,Lab. de microscopia,IFPB-VISITANTE,84:F1:47:54:FD:62,-87,1
24/04/2026,07:39:44,183,Lab. de microscopia,IFPB-VISITANTE,24:36:DA:2B:BC:02,-88,6
24/04/2026,07:39:44,183,Lab. de microscopia,IFPB-VISITANTE,84:F1:47:54:F9:82,-88,11
24/04/2026,07:39:44,183,Lab. de microscopia,IFPB,84:F1:47:54:7F:60,-89,6
24/04/2026,07:39:44,183,Lab. de microscopia,IFPB,24:36:DA:2B:BC:00,-89,6
24/04/2026,07:39:44,183,Lab. de microscopia,IFPB,84:F1:47:54:F9:80,-89,11
24/04/2026,07:39:44,183,Lab. de microscopia,IFPB,2C:57:41:D4:A5:20,-89,11
24/04/2026,07:39:44,183,Lab. de microscopia,IFPB-VISITANTE,84:F1:47:54:7F:62,-90,6
24/04/2026,07:39:44,183,Lab. de microscopia,IFPB-VISITANTE,2C:57:41:D4:A5:22,-90,11
24/04/2026,07:39:54,184,Lab. de microscopia,IFPB,84:F1:47:54:8B:A0,-76,1
24/04/2026,07:39:54,184,Lab. de microscopia,IFPB-VISITANTE,84:F1:47:54:8B:A2,-76,1
24/04/2026,07:39:54,184,Lab. de microscopia,IFPB,84:F1:47:54:6B:80,-79,6
24/04/2026,07:39:54,184,Lab. de microscopia,IFPB-VISITANTE,84:F1:47:54:6B:82,-79,6
24/04/2026,07:39:54,184,Lab. de microscopia,IFPB-VISITANTE,84:F1:47:54:80:62,-80,11
24/04/2026,07:39:54,184,Lab. de microscopia,IFPB,84:F1:47:54:80:60,-81,11
24/04/2026,07:39:54,184,Lab. de microscopia,IFPB,2C:57:41:CD:E1:C0,-86,11
24/04/2026,07:39:54,184,Lab. de microscopia,IFPB-VISITANTE,84:F1:47:54:FD:62,-87,1
24/04/2026,07:39:54,184,Lab. de microscopia,IFPB,24:36:DA:2B:BC:00,-87,6
24/04/2026,07:39:54,184,Lab. de microscopia,IFPB-VISITANTE,2C:57:41:CD:E1:C2,-87,11
24/04/2026,07:39:54,184,Lab. de microscopia,IFPB,84:F1:47:54:FD:60,-88,1
24/04/2026,07:39:54,184,Lab. de microscopia,IFPB-VISITANTE,24:36:DA:2B:BC:02,-88,6
24/04/2026,07:40:04,185,Lab. de microscopia,IFPB,84:F1:47:54:8B:A0,-78,1
24/04/2026,07:40:04,185,Lab. de microscopia,IFPB-VISITANTE,84:F1:47:54:8B:A2,-78,1
24/04/2026,07:40:04,185,Lab. de microscopia,IFPB,84:F1:47:54:80:60,-80,11
24/04/2026,07:40:04,185,Lab. de microscopia,IFPB-VISITANTE,84:F1:47:54:80:62,-80,11
24/04/2026,07:40:04,185,Lab. de microscopia,IFPB,84:F1:47:54:6B:80,-84,6
24/04/2026,07:40:04,185,Lab. de microscopia,IFPB-VISITANTE,84:F1:47:54:FD:62,-86,1
24/04/2026,07:40:04,185,Lab. de microscopia,IFPB,84:F1:47:54:FD:60,-87,1
24/04/2026,07:40:04,185,Lab. de microscopia,IFPB-VISITANTE,84:F1:47:54:6B:82,-87,6
24/04/2026,07:40:04,185,Lab. de microscopia,IFPB-VISITANTE,84:F1:47:54:7F:62,-87,6
24/04/2026,07:40:04,185,Lab. de microscopia,IFPB-VISITANTE,24:36:DA:2B:BC:02,-87,6
24/04/2026,07:40:04,185,Lab. de microscopia,IFPB,2C:57:41:CD:E1:C0,-87,11
24/04/2026,07:40:04,185,Lab. de microscopia,IFPB-VISITANTE,2C:57:41:CD:E1:C2,-87,11
24/04/2026,07:40:04,185,Lab. de microscopia,IFPB,84:F1:47:54:7F:60,-88,6
24/04/2026,07:40:04,185,Lab. de microscopia,IFPB,24:36:DA:2B:BC:00,-88,6
24/04/2026,07:40:14,186,Lab. de microscopia,IFPB,84:F1:47:54:8B:A0,-77,1
24/04/2026,07:40:14,186,Lab. de microscopia,IFPB-VISITANTE,84:F1:47:54:8B:A2,-78,1
24/04/2026,07:40:14,186,Lab. de microscopia,IFPB,84:F1:47:54:80:60,-79,11
24/04/2026,07:40:14,186,Lab. de microscopia,IFPB-VISITANTE,84:F1:47:54:80:62,-79,11
24/04/2026,07:40:14,186,Lab. de microscopia,IFPB,84:F1:47:54:6B:80,-82,6
24/04/2026,07:40:14,186,Lab. de microscopia,IFPB-VISITANTE,84:F1:47:54:6B:82,-83,6
24/04/2026,07:40:14,186,Lab. de microscopia,IFPB-VISITANTE,2C:57:41:CD:E1:C2,-85,11
24/04/2026,07:40:14,186,Lab. de microscopia,IFPB,2C:57:41:CD:E1:C0,-86,11
24/04/2026,07:40:14,186,Lab. de microscopia,IFPB-VISITANTE,84:F1:47:54:7F:62,-87,6
24/04/2026,07:40:15,186,Lab. de microscopia,IFPB,24:36:DA:2B:BC:00,-88,6
24/04/2026,07:40:15,186,Lab. de microscopia,IFPB,84:F1:47:54:7F:60,-88,6
24/04/2026,07:40:15,186,Lab. de microscopia,IFPB-VISITANTE,24:36:DA:2B:BC:02,-90,6
24/04/2026,07:40:24,187,Lab. de microscopia,IFPB,84:F1:47:54:8B:A0,-76,1
24/04/2026,07:40:24,187,Lab. de microscopia,IFPB-VISITANTE,84:F1:47:54:8B:A2,-76,1
24/04/2026,07:40:24,187,Lab. de microscopia,IFPB,84:F1:47:54:6B:80,-81,6
24/04/2026,07:40:24,187,Lab. de microscopia,IFPB-VISITANTE,84:F1:47:54:80:62,-81,11
24/04/2026,07:40:24,187,Lab. de microscopia,IFPB,84:F1:47:54:80:60,-81,11
24/04/2026,07:40:24,187,Lab. de microscopia,IFPB-VISITANTE,84:F1:47:54:6B:82,-82,6
24/04/2026,07:40:24,187,Lab. de microscopia,IFPB,84:F1:47:54:7F:60,-88,6
24/04/2026,07:40:25,187,Lab. de microscopia,IFPB-VISITANTE,84:F1:47:54:7F:62,-88,6
24/04/2026,07:40:25,187,Lab. de microscopia,IFPB,2C:57:41:CD:E1:C0,-88,11
24/04/2026,07:40:25,187,Lab. de microscopia,IFPB-VISITANTE,84:F1:47:54:FD:62,-89,1
24/04/2026,07:40:25,187,Lab. de microscopia,IFPB-VISITANTE,2C:57:41:CD:E1:C2,-89,11
24/04/2026,07:40:34,188,Lab. de microscopia,IFPB,84:F1:47:54:80:60,-74,11
24/04/2026,07:40:34,188,Lab. de microscopia,IFPB-VISITANTE,84:F1:47:54:80:62,-75,11
24/04/2026,07:40:34,188,Lab. de microscopia,IFPB,84:F1:47:54:8B:A0,-76,1
24/04/2026,07:40:34,188,Lab. de microscopia,IFPB-VISITANTE,84:F1:47:54:8B:A2,-76,1
24/04/2026,07:40:34,188,Lab. de microscopia,IFPB-VISITANTE,84:F1:47:54:6B:82,-83,6
24/04/2026,07:40:34,188,Lab. de microscopia,IFPB,84:F1:47:54:6B:80,-83,6
24/04/2026,07:40:34,188,Lab. de microscopia,IFPB-VISITANTE,2C:57:41:CD:E1:C2,-84,11
24/04/2026,07:40:34,188,Lab. de microscopia,IFPB,2C:57:41:CD:E1:C0,-85,11
24/04/2026,07:40:35,188,Lab. de microscopia,IFPB-VISITANTE,84:F1:47:54:7F:62,-88,6
24/04/2026,07:40:35,188,Lab. de microscopia,IFPB,84:F1:47:54:7F:60,-88,6
24/04/2026,07:40:35,188,Lab. de microscopia,IFPB-VISITANTE,2C:57:41:D4:A5:22,-88,11
24/04/2026,07:40:35,188,Lab. de microscopia,IFPB,2C:57:41:D4:A5:20,-88,11
24/04/2026,07:40:44,189,Lab. de microscopia,IFPB-VISITANTE,84:F1:47:54:8B:A2,-74,1
24/04/2026,07:40:44,189,Lab. de microscopia,IFPB,84:F1:47:54:8B:A0,-75,1
24/04/2026,07:40:44,189,Lab. de microscopia,IFPB,84:F1:47:54:80:60,-75,11
24/04/2026,07:40:44,189,Lab. de microscopia,IFPB-VISITANTE,84:F1:47:54:80:62,-75,11
24/04/2026,07:40:44,189,Lab. de microscopia,IFPB,84:F1:47:54:6B:80,-82,6
24/04/2026,07:40:44,189,Lab. de microscopia,IFPB-VISITANTE,84:F1:47:54:6B:82,-83,6
24/04/2026,07:40:44,189,Lab. de microscopia,IFPB,2C:57:41:CD:E1:C0,-84,11
24/04/2026,07:40:44,189,Lab. de microscopia,IFPB-VISITANTE,84:F1:47:54:FD:62,-86,1
24/04/2026,07:40:44,189,Lab. de microscopia,IFPB-VISITANTE,2C:57:41:CD:E1:C2,-86,11
24/04/2026,07:40:45,189,Lab. de microscopia,IFPB,84:F1:47:54:FD:60,-87,1
24/04/2026,07:40:45,189,Lab. de microscopia,IFPB,84:F1:47:54:7F:60,-88,6
24/04/2026,07:40:45,189,Lab. de microscopia,IFPB,2C:57:41:D4:A5:20,-88,11
24/04/2026,07:40:45,189,Lab. de microscopia,IFPB-VISITANTE,2C:57:41:D4:A5:22,-88,11
24/04/2026,07:40:45,189,Lab. de microscopia,IFPB-VISITANTE,84:F1:47:54:7F:62,-89,6
24/04/2026,07:40:54,190,Lab. de microscopia,IFPB,84:F1:47:54:8B:A0,-73,1
24/04/2026,07:40:54,190,Lab. de microscopia,IFPB-VISITANTE,84:F1:47:54:8B:A2,-73,1
24/04/2026,07:40:54,190,Lab. de microscopia,IFPB-VISITANTE,84:F1:47:54:6B:82,-83,6
24/04/2026,07:40:54,190,Lab. de microscopia,IFPB,84:F1:47:54:6B:80,-84,6
24/04/2026,07:40:54,190,Lab. de microscopia,IFPB,84:F1:47:54:80:60,-85,11
24/04/2026,07:40:54,190,Lab. de microscopia,IFPB-VISITANTE,84:F1:47:54:80:62,-86,11
24/04/2026,07:40:54,190,Lab. de microscopia,IFPB,84:F1:47:54:FD:60,-87,1
24/04/2026,07:40:54,190,Lab. de microscopia,IFPB,84:F1:47:54:7F:60,-87,6
24/04/2026,07:40:54,190,Lab. de microscopia,IFPB-VISITANTE,84:F1:47:54:7F:62,-87,6
24/04/2026,07:40:54,190,Lab. de microscopia,IFPB-VISITANTE,2C:57:41:CD:E1:C2,-87,11
24/04/2026,07:40:54,190,Lab. de microscopia,IFPB-VISITANTE,84:F1:47:54:FD:62,-88,1
24/04/2026,07:40:54,190,Lab. de microscopia,IFPB,2C:57:41:CD:E1:C0,-88,11
24/04/2026,07:40:54,190,Lab. de microscopia,IFPB-VISITANTE,2C:57:41:D4:A5:22,-88,11
24/04/2026,07:40:55,190,Lab. de microscopia,IFPB,2C:57:41:D4:A5:20,-90,11
24/04/2026,07:41:19,191,Lab. de matemática,IFPB,84:F1:47:54:FD:60,-83,1
24/04/2026,07:41:19,191,Lab. de matemática,IFPB-VISITANTE,84:F1:47:54:FD:62,-83,1
24/04/2026,07:41:19,191,Lab. de matemática,IFPB,84:F1:47:54:6B:80,-83,6
24/04/2026,07:41:19,191,Lab. de matemática,IFPB,84:F1:47:54:80:60,-83,11
24/04/2026,07:41:19,191,Lab. de matemática,IFPB-VISITANTE,84:F1:47:54:80:62,-83,11
24/04/2026,07:41:19,191,Lab. de matemática,IFPB,84:F1:47:54:8B:A0,-84,1
24/04/2026,07:41:19,191,Lab. de matemática,IFPB-VISITANTE,84:F1:47:54:6B:82,-84,6
24/04/2026,07:41:19,191,Lab. de matemática,IFPB-VISITANTE,84:F1:47:54:8B:A2,-85,1
24/04/2026,07:41:19,191,Lab. de matemática,IFPB-VISITANTE,2C:57:41:D4:A5:22,-90,11
24/04/2026,07:41:19,191,Lab. de matemática,IFPB,2C:57:41:D4:A5:20,-91,11
24/04/2026,07:41:29,192,Lab. de matemática,IFPB,84:F1:47:54:80:60,-80,11
24/04/2026,07:41:29,192,Lab. de matemática,IFPB-VISITANTE,84:F1:47:54:80:62,-80,11
24/04/2026,07:41:29,192,Lab. de matemática,IFPB-VISITANTE,84:F1:47:54:FD:62,-81,1
24/04/2026,07:41:29,192,Lab. de matemática,IFPB,84:F1:47:54:FD:60,-82,1
24/04/2026,07:41:29,192,Lab. de matemática,IFPB-VISITANTE,84:F1:47:54:8B:A2,-82,1
24/04/2026,07:41:29,192,Lab. de matemática,IFPB,84:F1:47:54:6B:80,-82,6
24/04/2026,07:41:29,192,Lab. de matemática,IFPB,84:F1:47:54:8B:A0,-83,1
24/04/2026,07:41:29,192,Lab. de matemática,IFPB-VISITANTE,84:F1:47:54:6B:82,-83,6
24/04/2026,07:41:29,192,Lab. de matemática,IFPB,84:F1:47:54:F9:80,-87,11
24/04/2026,07:41:29,192,Lab. de matemática,IFPB-VISITANTE,84:F1:47:54:F9:82,-88,11
24/04/2026,07:41:29,192,Lab. de matemática,IFPB,2C:57:41:CD:E1:C0,-88,11
24/04/2026,07:41:29,192,Lab. de matemática,IFPB-VISITANTE,2C:57:41:CD:E1:C2,-88,11
24/04/2026,07:41:39,193,Lab. de matemática,IFPB,84:F1:47:54:80:60,-78,11
24/04/2026,07:41:39,193,Lab. de matemática,IFPB-VISITANTE,84:F1:47:54:80:62,-78,11
24/04/2026,07:41:39,193,Lab. de matemática,IFPB,84:F1:47:54:6B:80,-82,6
24/04/2026,07:41:39,193,Lab. de matemática,IFPB-VISITANTE,84:F1:47:54:6B:82,-84,6
24/04/2026,07:41:39,193,Lab. de matemática,IFPB,2C:57:41:CD:E1:C0,-85,11
24/04/2026,07:41:39,193,Lab. de matemática,IFPB,84:F1:47:54:FD:60,-86,1
24/04/2026,07:41:39,193,Lab. de matemática,IFPB-VISITANTE,84:F1:47:54:8B:A2,-86,1
24/04/2026,07:41:39,193,Lab. de matemática,IFPB-VISITANTE,2C:57:41:CD:E1:C2,-86,11
24/04/2026,07:41:39,193,Lab. de matemática,IFPB-VISITANTE,2C:57:41:D4:A5:22,-86,11
24/04/2026,07:41:39,193,Lab. de matemática,IFPB,84:F1:47:54:F9:80,-86,11
24/04/2026,07:41:39,193,Lab. de matemática,IFPB-VISITANTE,84:F1:47:54:FD:62,-87,1
24/04/2026,07:41:39,193,Lab. de matemática,IFPB,84:F1:47:54:8B:A0,-87,1
24/04/2026,07:41:39,193,Lab. de matemática,IFPB-VISITANTE,84:F1:47:54:7F:62,-88,6
24/04/2026,07:41:39,193,Lab. de matemática,IFPB-VISITANTE,84:F1:47:54:F9:82,-88,11
24/04/2026,07:41:39,193,Lab. de matemática,IFPB,2C:57:41:D4:A5:20,-89,11
24/04/2026,07:41:49,194,Lab. de matemática,IFPB-VISITANTE,84:F1:47:54:80:62,-79,11
24/04/2026,07:41:49,194,Lab. de matemática,IFPB,84:F1:47:54:80:60,-79,11
24/04/2026,07:41:49,194,Lab. de matemática,IFPB,84:F1:47:54:F9:80,-84,11
24/04/2026,07:41:49,194,Lab. de matemática,IFPB-VISITANTE,84:F1:47:54:F9:82,-84,11
24/04/2026,07:41:49,194,Lab. de matemática,IFPB,84:F1:47:54:FD:60,-86,1
24/04/2026,07:41:49,194,Lab. de matemática,IFPB-VISITANTE,84:F1:47:54:6B:82,-86,6
24/04/2026,07:41:49,194,Lab. de matemática,IFPB,84:F1:47:54:6B:80,-86,6
24/04/2026,07:41:49,194,Lab. de matemática,IFPB-VISITANTE,84:F1:47:54:FD:62,-88,1
24/04/2026,07:41:49,194,Lab. de matemática,IFPB-VISITANTE,2C:57:41:CD:E1:C2,-89,11
24/04/2026,07:41:49,194,Lab. de matemática,IFPB,2C:57:41:D4:A5:20,-89,11
24/04/2026,07:41:49,194,Lab. de matemática,IFPB-VISITANTE,2C:57:41:D4:A5:22,-89,11
24/04/2026,07:41:49,194,Lab. de matemática,IFPB,2C:57:41:CD:E1:C0,-90,11
24/04/2026,07:41:59,195,Lab. de matemática,IFPB,84:F1:47:54:8B:A0,-80,1
24/04/2026,07:41:59,195,Lab. de matemática,IFPB-VISITANTE,84:F1:47:54:8B:A2,-80,1
24/04/2026,07:41:59,195,Lab. de matemática,IFPB,84:F1:47:54:80:60,-80,11
24/04/2026,07:41:59,195,Lab. de matemática,IFPB-VISITANTE,84:F1:47:54:80:62,-80,11
24/04/2026,07:41:59,195,Lab. de matemática,IFPB,84:F1:47:54:FD:60,-82,1
24/04/2026,07:41:59,195,Lab. de matemática,IFPB-VISITANTE,84:F1:47:54:FD:62,-82,1
24/04/2026,07:41:59,195,Lab. de matemática,IFPB-VISITANTE,84:F1:47:54:F9:82,-84,11
24/04/2026,07:41:59,195,Lab. de matemática,IFPB,84:F1:47:54:6B:80,-85,6
24/04/2026,07:41:59,195,Lab. de matemática,IFPB,84:F1:47:54:F9:80,-85,11
24/04/2026,07:41:59,195,Lab. de matemática,IFPB-VISITANTE,84:F1:47:54:6B:82,-86,6
24/04/2026,07:41:59,195,Lab. de matemática,IFPB-VISITANTE,2C:57:41:CD:E1:C2,-88,11
24/04/2026,07:41:59,195,Lab. de matemática,IFPB,84:F1:47:54:7F:60,-89,6
24/04/2026,07:41:59,195,Lab. de matemática,IFPB-VISITANTE,84:F1:47:54:7F:62,-89,6
24/04/2026,07:41:59,195,Lab. de matemática,IFPB,2C:57:41:D4:A5:20,-89,11
24/04/2026,07:41:59,195,Lab. de matemática,IFPB-VISITANTE,2C:57:41:D4:A5:22,-89,11
24/04/2026,07:41:59,195,Lab. de matemática,IFPB,2C:57:41:CD:E1:C0,-90,11
24/04/2026,07:42:09,196,Lab. de matemática,IFPB,84:F1:47:54:FD:60,-80,1
24/04/2026,07:42:09,196,Lab. de matemática,IFPB-VISITANTE,84:F1:47:54:FD:62,-80,1
24/04/2026,07:42:09,196,Lab. de matemática,IFPB-VISITANTE,84:F1:47:54:80:62,-80,11
24/04/2026,07:42:09,196,Lab. de matemática,IFPB,84:F1:47:54:8B:A0,-81,1
24/04/2026,07:42:09,196,Lab. de matemática,IFPB-VISITANTE,84:F1:47:54:8B:A2,-81,1
24/04/2026,07:42:09,196,Lab. de matemática,IFPB,84:F1:47:54:80:60,-81,11
24/04/2026,07:42:09,196,Lab. de matemática,IFPB,84:F1:47:54:6B:80,-85,6
24/04/2026,07:42:09,196,Lab. de matemática,IFPB-VISITANTE,84:F1:47:54:F9:82,-85,11
24/04/2026,07:42:09,196,Lab. de matemática,IFPB,84:F1:47:54:F9:80,-86,11
24/04/2026,07:42:09,196,Lab. de matemática,IFPB-VISITANTE,84:F1:47:54:6B:82,-87,6
24/04/2026,07:42:09,196,Lab. de matemática,IFPB-VISITANTE,84:F1:47:54:7F:62,-87,6
24/04/2026,07:42:09,196,Lab. de matemática,IFPB-VISITANTE,2C:57:41:CD:E1:C2,-88,11
24/04/2026,07:42:09,196,Lab. de matemática,IFPB,2C:57:41:CD:E1:C0,-89,11
24/04/2026,07:42:09,196,Lab. de matemática,IFPB-VISITANTE,2C:57:41:D4:A5:22,-89,11
24/04/2026,07:42:09,196,Lab. de matemática,IFPB,84:F1:47:54:7F:60,-90,6
24/04/2026,07:42:09,196,Lab. de matemática,IFPB,2C:57:41:D4:A5:20,-92,11
24/04/2026,07:42:19,197,Lab. de matemática,IFPB,84:F1:47:54:80:60,-80,11
24/04/2026,07:42:19,197,Lab. de matemática,IFPB-VISITANTE,84:F1:47:54:80:62,-80,11
24/04/2026,07:42:19,197,Lab. de matemática,IFPB-VISITANTE,84:F1:47:54:FD:62,-82,1
24/04/2026,07:42:19,197,Lab. de matemática,IFPB-VISITANTE,84:F1:47:54:8B:A2,-83,1
24/04/2026,07:42:19,197,Lab. de matemática,IFPB,84:F1:47:54:8B:A0,-83,1
24/04/2026,07:42:19,197,Lab. de matemática,IFPB-VISITANTE,84:F1:47:54:6B:82,-84,6
24/04/2026,07:42:19,197,Lab. de matemática,IFPB,84:F1:47:54:6B:80,-85,6
24/04/2026,07:42:19,197,Lab. de matemática,IFPB,84:F1:47:54:7F:60,-87,6
24/04/2026,07:42:19,197,Lab. de matemática,IFPB-VISITANTE,84:F1:47:54:7F:62,-88,6
24/04/2026,07:42:19,197,Lab. de matemática,IFPB,2C:57:41:CD:E1:C0,-88,11
24/04/2026,07:42:19,197,Lab. de matemática,IFPB-VISITANTE,2C:57:41:CD:E1:C2,-88,11
24/04/2026,07:42:20,197,Lab. de matemática,IFPB-VISITANTE,84:F1:47:54:F9:82,-88,11
24/04/2026,07:42:20,197,Lab. de matemática,IFPB,84:F1:47:54:F9:80,-88,11
24/04/2026,07:42:29,198,Lab. de matemática,IFPB-VISITANTE,84:F1:47:54:80:62,-81,11
24/04/2026,07:42:29,198,Lab. de matemática,IFPB,84:F1:47:54:80:60,-82,11
24/04/2026,07:42:29,198,Lab. de matemática,IFPB,84:F1:47:54:FD:60,-83,1
24/04/2026,07:42:29,198,Lab. de matemática,IFPB,84:F1:47:54:8B:A0,-83,1
24/04/2026,07:42:29,198,Lab. de matemática,IFPB-VISITANTE,84:F1:47:54:FD:62,-83,1
24/04/2026,07:42:29,198,Lab. de matemática,IFPB-VISITANTE,84:F1:47:54:8B:A2,-83,1
24/04/2026,07:42:29,198,Lab. de matemática,IFPB,84:F1:47:54:6B:80,-83,6
24/04/2026,07:42:29,198,Lab. de matemática,IFPB-VISITANTE,84:F1:47:54:6B:82,-84,6
24/04/2026,07:42:29,198,Lab. de matemática,IFPB,84:F1:47:54:F9:80,-86,11
24/04/2026,07:42:29,198,Lab. de matemática,IFPB-VISITANTE,84:F1:47:54:F9:82,-87,11
24/04/2026,07:42:29,198,Lab. de matemática,IFPB-VISITANTE,84:F1:47:54:7F:62,-89,6
24/04/2026,07:42:29,198,Lab. de matemática,IFPB,84:F1:47:54:7F:60,-89,6
24/04/2026,07:42:30,198,Lab. de matemática,IFPB,2C:57:41:CD:E1:C0,-89,11
24/04/2026,07:42:30,198,Lab. de matemática,IFPB-VISITANTE,2C:57:41:CD:E1:C2,-89,11
24/04/2026,07:42:30,198,Lab. de matemática,IFPB,2C:57:41:D4:A5:20,-91,11
24/04/2026,07:42:39,199,Lab. de matemática,IFPB,84:F1:47:54:80:60,-80,11
24/04/2026,07:42:39,199,Lab. de matemática,IFPB-VISITANTE,84:F1:47:54:80:62,-81,11
24/04/2026,07:42:39,199,Lab. de matemática,IFPB,84:F1:47:54:FD:60,-82,1
24/04/2026,07:42:39,199,Lab. de matemática,IFPB-VISITANTE,84:F1:47:54:8B:A2,-82,1
24/04/2026,07:42:39,199,Lab. de matemática,IFPB-VISITANTE,84:F1:47:54:FD:62,-82,1
24/04/2026,07:42:39,199,Lab. de matemática,IFPB,84:F1:47:54:8B:A0,-82,1
24/04/2026,07:42:39,199,Lab. de matemática,IFPB,84:F1:47:54:6B:80,-84,6
24/04/2026,07:42:39,199,Lab. de matemática,IFPB,84:F1:47:54:F9:80,-84,11
24/04/2026,07:42:39,199,Lab. de matemática,IFPB-VISITANTE,84:F1:47:54:6B:82,-85,6
24/04/2026,07:42:39,199,Lab. de matemática,IFPB-VISITANTE,84:F1:47:54:F9:82,-85,11
24/04/2026,07:42:39,199,Lab. de matemática,IFPB-VISITANTE,84:F1:47:54:7F:62,-88,6
24/04/2026,07:42:39,199,Lab. de matemática,IFPB,84:F1:47:54:7F:60,-89,6
24/04/2026,07:42:40,199,Lab. de matemática,IFPB-VISITANTE,2C:57:41:D4:A5:22,-89,11
24/04/2026,07:42:40,199,Lab. de matemática,IFPB,2C:57:41:D4:A5:20,-89,11
24/04/2026,07:42:40,199,Lab. de matemática,IFPB,2C:57:41:CD:E1:C0,-90,11
24/04/2026,07:42:40,199,Lab. de matemática,IFPB-VISITANTE,2C:57:41:CD:E1:C2,-91,11
24/04/2026,07:42:49,200,Lab. de matemática,IFPB,84:F1:47:54:80:60,-80,11
24/04/2026,07:42:49,200,Lab. de matemática,IFPB-VISITANTE,84:F1:47:54:80:62,-80,11
24/04/2026,07:42:49,200,Lab. de matemática,IFPB-VISITANTE,84:F1:47:54:8B:A2,-81,1
24/04/2026,07:42:49,200,Lab. de matemática,IFPB,84:F1:47:54:8B:A0,-81,1
24/04/2026,07:42:49,200,Lab. de matemática,IFPB-VISITANTE,84:F1:47:54:FD:62,-82,1
24/04/2026,07:42:49,200,Lab. de matemática,IFPB-VISITANTE,84:F1:47:54:6B:82,-82,6
24/04/2026,07:42:49,200,Lab. de matemática,IFPB,84:F1:47:54:6B:80,-83,6
24/04/2026,07:42:50,200,Lab. de matemática,IFPB-VISITANTE,2C:57:41:CD:E1:C2,-86,11
24/04/2026,07:42:50,200,Lab. de matemática,IFPB,84:F1:47:54:F9:80,-87,11
24/04/2026,07:42:50,200,Lab. de matemática,IFPB,2C:57:41:CD:E1:C0,-87,11
24/04/2026,07:42:50,200,Lab. de matemática,IFPB-VISITANTE,2C:57:41:D4:A5:22,-88,11
24/04/2026,07:42:50,200,Lab. de matemática,IFPB,2C:57:41:D4:A5:20,-88,11
24/04/2026,07:42:50,200,Lab. de matemática,IFPB-VISITANTE,84:F1:47:54:F9:82,-89,11
24/04/2026,07:44:27,201,Lab. de biologia,IFPB,24:36:DA:2B:BC:00,-66,6
24/04/2026,07:44:27,201,Lab. de biologia,IFPB-VISITANTE,24:36:DA:2B:BC:02,-66,6
24/04/2026,07:44:27,201,Lab. de biologia,IFPB,84:F1:47:54:6B:80,-75,6
24/04/2026,07:44:27,201,Lab. de biologia,IFPB-VISITANTE,84:F1:47:54:6B:82,-76,6
24/04/2026,07:44:27,201,Lab. de biologia,IFPB-VISITANTE,84:F1:47:54:8B:A2,-80,1
24/04/2026,07:44:27,201,Lab. de biologia,IFPB,84:F1:47:54:8B:A0,-81,1
24/04/2026,07:44:27,201,Lab. de biologia,IFPB,2C:57:41:CD:E1:C0,-87,11
24/04/2026,07:44:27,201,Lab. de biologia,IFPB,84:F1:47:54:81:00,-87,11
24/04/2026,07:44:27,201,Lab. de biologia,IFPB-VISITANTE,84:F1:47:54:81:02,-87,11
24/04/2026,07:44:27,201,Lab. de biologia,IFPB-VISITANTE,2C:57:41:CD:E1:C2,-88,11
24/04/2026,07:44:27,201,Lab. de biologia,IFPB,E4:4E:2D:85:4C:60,-90,11
24/04/2026,07:44:27,201,Lab. de biologia,IFPB-VISITANTE,E4:4E:2D:85:4C:62,-92,11
24/04/2026,07:44:37,202,Lab. de biologia,IFPB,24:36:DA:2B:BC:00,-61,6
24/04/2026,07:44:37,202,Lab. de biologia,IFPB-VISITANTE,24:36:DA:2B:BC:02,-61,6
24/04/2026,07:44:37,202,Lab. de biologia,IFPB-VISITANTE,84:F1:47:54:6B:82,-76,6
24/04/2026,07:44:37,202,Lab. de biologia,IFPB,84:F1:47:54:6B:80,-76,6
24/04/2026,07:44:37,202,Lab. de biologia,IFPB,84:F1:47:54:8B:A0,-77,1
24/04/2026,07:44:37,202,Lab. de biologia,IFPB-VISITANTE,84:F1:47:54:8B:A2,-77,1
24/04/2026,07:44:37,202,Lab. de biologia,IFPB,2C:57:41:CD:E1:C0,-83,11
24/04/2026,07:44:37,202,Lab. de biologia,IFPB-VISITANTE,2C:57:41:CD:E1:C2,-84,11
24/04/2026,07:44:37,202,Lab. de biologia,IFPB,84:F1:47:54:81:00,-86,11
24/04/2026,07:44:37,202,Lab. de biologia,IFPB-VISITANTE,84:F1:47:54:81:02,-87,11
24/04/2026,07:44:47,203,Lab. de biologia,IFPB,24:36:DA:2B:BC:00,-57,6
24/04/2026,07:44:47,203,Lab. de biologia,IFPB-VISITANTE,24:36:DA:2B:BC:02,-57,6
24/04/2026,07:44:47,203,Lab. de biologia,IFPB-VISITANTE,84:F1:47:54:6B:82,-77,6
24/04/2026,07:44:47,203,Lab. de biologia,IFPB,84:F1:47:54:6B:80,-77,6
24/04/2026,07:44:47,203,Lab. de biologia,IFPB-VISITANTE,84:F1:47:54:8B:A2,-82,1
24/04/2026,07:44:47,203,Lab. de biologia,IFPB,84:F1:47:54:8B:A0,-83,1
24/04/2026,07:44:47,203,Lab. de biologia,IFPB-VISITANTE,84:F1:47:54:81:02,-87,11
24/04/2026,07:44:47,203,Lab. de biologia,IFPB,2C:57:41:CD:E1:C0,-89,11
24/04/2026,07:44:47,203,Lab. de biologia,IFPB,84:F1:47:54:81:00,-89,11
24/04/2026,07:44:47,203,Lab. de biologia,IFPB-VISITANTE,2C:57:41:CD:E1:C2,-89,11
24/04/2026,07:44:57,204,Lab. de biologia,IFPB,24:36:DA:2B:BC:00,-58,6
24/04/2026,07:44:57,204,Lab. de biologia,IFPB-VISITANTE,24:36:DA:2B:BC:02,-58,6
24/04/2026,07:44:57,204,Lab. de biologia,IFPB-VISITANTE,84:F1:47:54:8B:A2,-78,1
24/04/2026,07:44:57,204,Lab. de biologia,IFPB,84:F1:47:54:6B:80,-79,6
24/04/2026,07:44:57,204,Lab. de biologia,IFPB-VISITANTE,84:F1:47:54:6B:82,-79,6
24/04/2026,07:44:57,204,Lab. de biologia,IFPB,84:F1:47:54:8B:A0,-80,1
24/04/2026,07:44:57,204,Lab. de biologia,IFPB,2C:57:41:CD:E1:C0,-85,11
24/04/2026,07:44:57,204,Lab. de biologia,IFPB-VISITANTE,2C:57:41:CD:E1:C2,-85,11
24/04/2026,07:45:07,205,Lab. de biologia,IFPB,24:36:DA:2B:BC:00,-60,6
24/04/2026,07:45:07,205,Lab. de biologia,IFPB-VISITANTE,24:36:DA:2B:BC:02,-61,6
24/04/2026,07:45:07,205,Lab. de biologia,IFPB,84:F1:47:54:6B:80,-72,6
24/04/2026,07:45:07,205,Lab. de biologia,IFPB-VISITANTE,84:F1:47:54:6B:82,-73,6
24/04/2026,07:45:07,205,Lab. de biologia,IFPB-VISITANTE,84:F1:47:54:8B:A2,-84,1
24/04/2026,07:45:07,205,Lab. de biologia,IFPB,84:F1:47:54:8B:A0,-85,1
24/04/2026,07:45:07,205,Lab. de biologia,IFPB,2C:57:41:CD:E1:C0,-85,11
24/04/2026,07:45:07,205,Lab. de biologia,IFPB-VISITANTE,2C:57:41:CD:E1:C2,-85,11
24/04/2026,07:45:07,205,Lab. de biologia,IFPB,84:F1:47:54:81:00,-89,11
24/04/2026,07:45:07,205,Lab. de biologia,IFPB-VISITANTE,84:F1:47:54:81:02,-90,11
24/04/2026,07:45:07,205,Lab. de biologia,IFPB-VISITANTE,E4:4E:2D:85:4C:62,-91,11
24/04/2026,07:45:17,206,Lab. de biologia,IFPB,24:36:DA:2B:BC:00,-65,6
24/04/2026,07:45:17,206,Lab. de biologia,IFPB-VISITANTE,24:36:DA:2B:BC:02,-65,6
24/04/2026,07:45:17,206,Lab. de biologia,IFPB,84:F1:47:54:6B:80,-76,6
24/04/2026,07:45:17,206,Lab. de biologia,IFPB-VISITANTE,84:F1:47:54:6B:82,-76,6
24/04/2026,07:45:17,206,Lab. de biologia,IFPB,84:F1:47:54:8B:A0,-82,1
24/04/2026,07:45:17,206,Lab. de biologia,IFPB-VISITANTE,84:F1:47:54:8B:A2,-83,1
24/04/2026,07:45:17,206,Lab. de biologia,IFPB,84:F1:47:54:81:00,-83,11
24/04/2026,07:45:17,206,Lab. de biologia,IFPB-VISITANTE,84:F1:47:54:81:02,-83,11
24/04/2026,07:45:17,206,Lab. de biologia,IFPB,2C:57:41:CD:E1:C0,-87,11
24/04/2026,07:45:17,206,Lab. de biologia,IFPB-VISITANTE,2C:57:41:CD:E1:C2,-87,11
24/04/2026,07:45:17,206,Lab. de biologia,IFPB-VISITANTE,E4:4E:2D:85:4C:62,-90,11
24/04/2026,07:45:17,206,Lab. de biologia,IFPB,E4:4E:2D:85:4C:60,-90,11
24/04/2026,07:45:27,207,Lab. de biologia,IFPB,24:36:DA:2B:BC:00,-63,6
24/04/2026,07:45:27,207,Lab. de biologia,IFPB-VISITANTE,24:36:DA:2B:BC:02,-63,6
24/04/2026,07:45:27,207,Lab. de biologia,IFPB-VISITANTE,84:F1:47:54:8B:A2,-77,1
24/04/2026,07:45:27,207,Lab. de biologia,IFPB,84:F1:47:54:6B:80,-77,6
24/04/2026,07:45:27,207,Lab. de biologia,IFPB-VISITANTE,84:F1:47:54:6B:82,-77,6
24/04/2026,07:45:27,207,Lab. de biologia,IFPB,84:F1:47:54:8B:A0,-79,1
24/04/2026,07:45:27,207,Lab. de biologia,IFPB,84:F1:47:54:81:00,-82,11
24/04/2026,07:45:27,207,Lab. de biologia,IFPB-VISITANTE,2C:57:41:CD:E1:C2,-86,11
24/04/2026,07:45:27,207,Lab. de biologia,IFPB,2C:57:41:CD:E1:C0,-87,11
24/04/2026,07:45:28,207,Lab. de biologia,IFPB-VISITANTE,E4:4E:2D:85:4C:62,-90,11
24/04/2026,07:45:28,207,Lab. de biologia,IFPB,E4:4E:2D:85:4C:60,-90,11
24/04/2026,07:45:37,208,Lab. de biologia,IFPB,24:36:DA:2B:BC:00,-65,6
24/04/2026,07:45:37,208,Lab. de biologia,IFPB-VISITANTE,24:36:DA:2B:BC:02,-65,6
24/04/2026,07:45:37,208,Lab. de biologia,IFPB,84:F1:47:54:8B:A0,-79,1
24/04/2026,07:45:37,208,Lab. de biologia,IFPB-VISITANTE,84:F1:47:54:8B:A2,-79,1
24/04/2026,07:45:37,208,Lab. de biologia,IFPB-VISITANTE,84:F1:47:54:6B:82,-79,6
24/04/2026,07:45:37,208,Lab. de biologia,IFPB,84:F1:47:54:6B:80,-80,6
24/04/2026,07:45:37,208,Lab. de biologia,IFPB,84:F1:47:54:81:00,-83,11
24/04/2026,07:45:37,208,Lab. de biologia,IFPB,2C:57:41:CD:E1:C0,-84,11
24/04/2026,07:45:37,208,Lab. de biologia,IFPB-VISITANTE,2C:57:41:CD:E1:C2,-84,11
24/04/2026,07:45:37,208,Lab. de biologia,IFPB-VISITANTE,84:F1:47:54:81:02,-84,11
24/04/2026,07:45:38,208,Lab. de biologia,IFPB,E4:4E:2D:85:4C:60,-91,11
24/04/2026,07:45:38,208,Lab. de biologia,IFPB-VISITANTE,E4:4E:2D:85:4C:62,-93,11
24/04/2026,07:45:47,209,Lab. de biologia,IFPB-VISITANTE,24:36:DA:2B:BC:02,-64,6
24/04/2026,07:45:47,209,Lab. de biologia,IFPB,24:36:DA:2B:BC:00,-65,6
24/04/2026,07:45:47,209,Lab. de biologia,IFPB,84:F1:47:54:6B:80,-75,6
24/04/2026,07:45:47,209,Lab. de biologia,IFPB-VISITANTE,84:F1:47:54:6B:82,-75,6
24/04/2026,07:45:47,209,Lab. de biologia,IFPB-VISITANTE,84:F1:47:54:8B:A2,-77,1
24/04/2026,07:45:47,209,Lab. de biologia,IFPB,84:F1:47:54:8B:A0,-78,1
24/04/2026,07:45:47,209,Lab. de biologia,IFPB-VISITANTE,84:F1:47:54:81:02,-82,11
24/04/2026,07:45:47,209,Lab. de biologia,IFPB,84:F1:47:54:81:00,-82,11
24/04/2026,07:45:47,209,Lab. de biologia,IFPB,2C:57:41:CD:E1:C0,-84,11
24/04/2026,07:45:47,209,Lab. de biologia,IFPB-VISITANTE,2C:57:41:CD:E1:C2,-84,11
24/04/2026,07:45:57,210,Lab. de biologia,IFPB,24:36:DA:2B:BC:00,-63,6
24/04/2026,07:45:57,210,Lab. de biologia,IFPB-VISITANTE,24:36:DA:2B:BC:02,-63,6
24/04/2026,07:45:57,210,Lab. de biologia,IFPB,84:F1:47:54:8B:A0,-77,1
24/04/2026,07:45:57,210,Lab. de biologia,IFPB-VISITANTE,84:F1:47:54:8B:A2,-77,1
24/04/2026,07:45:57,210,Lab. de biologia,IFPB,84:F1:47:54:6B:80,-81,6
24/04/2026,07:45:57,210,Lab. de biologia,IFPB-VISITANTE,84:F1:47:54:6B:82,-81,6
24/04/2026,07:45:57,210,Lab. de biologia,IFPB,84:F1:47:54:81:00,-82,11
24/04/2026,07:45:57,210,Lab. de biologia,IFPB,2C:57:41:CD:E1:C0,-83,11
24/04/2026,07:45:57,210,Lab. de biologia,IFPB-VISITANTE,2C:57:41:CD:E1:C2,-84,11
24/04/2026,07:45:58,210,Lab. de biologia,IFPB,E4:4E:2D:85:4C:60,-90,11
24/04/2026,07:46:15,211,Lab. de física,IFPB,24:36:DA:2B:BC:00,-67,6
24/04/2026,07:46:15,211,Lab. de física,IFPB-VISITANTE,24:36:DA:2B:BC:02,-67,6
24/04/2026,07:46:15,211,Lab. de física,IFPB,84:F1:47:54:8B:A0,-74,1
24/04/2026,07:46:15,211,Lab. de física,IFPB-VISITANTE,84:F1:47:54:8B:A2,-74,1
24/04/2026,07:46:15,211,Lab. de física,IFPB,84:F1:47:54:6B:80,-74,6
24/04/2026,07:46:15,211,Lab. de física,IFPB-VISITANTE,84:F1:47:54:6B:82,-74,6
24/04/2026,07:46:15,211,Lab. de física,IFPB-VISITANTE,2C:57:41:CD:E1:C2,-81,11
24/04/2026,07:46:15,211,Lab. de física,IFPB,2C:57:41:CD:E1:C0,-82,11
24/04/2026,07:46:15,211,Lab. de física,IFPB,84:F1:47:54:FD:60,-85,1
24/04/2026,07:46:25,212,Lab. de física,IFPB,24:36:DA:2B:BC:00,-67,6
24/04/2026,07:46:25,212,Lab. de física,IFPB-VISITANTE,24:36:DA:2B:BC:02,-67,6
24/04/2026,07:46:25,212,Lab. de física,IFPB,84:F1:47:54:6B:80,-71,6
24/04/2026,07:46:25,212,Lab. de física,IFPB-VISITANTE,84:F1:47:54:6B:82,-71,6
24/04/2026,07:46:25,212,Lab. de física,IFPB-VISITANTE,84:F1:47:54:8B:A2,-76,1
24/04/2026,07:46:25,212,Lab. de física,IFPB,84:F1:47:54:8B:A0,-77,1
24/04/2026,07:46:25,212,Lab. de física,IFPB,2C:57:41:CD:E1:C0,-83,11
24/04/2026,07:46:25,212,Lab. de física,IFPB-VISITANTE,2C:57:41:CD:E1:C2,-85,11
24/04/2026,07:46:25,212,Lab. de física,IFPB-VISITANTE,84:F1:47:54:FD:62,-87,1
24/04/2026,07:46:25,212,Lab. de física,IFPB,84:F1:47:54:FD:60,-88,1
24/04/2026,07:46:26,212,Lab. de física,IFPB-VISITANTE,84:F1:47:54:81:02,-88,11
24/04/2026,07:46:26,212,Lab. de física,IFPB,84:F1:47:54:81:00,-89,11
24/04/2026,07:46:35,213,Lab. de física,IFPB,84:F1:47:54:6B:80,-69,6
24/04/2026,07:46:35,213,Lab. de física,IFPB-VISITANTE,84:F1:47:54:6B:82,-69,6
24/04/2026,07:46:35,213,Lab. de física,IFPB,24:36:DA:2B:BC:00,-69,6
24/04/2026,07:46:35,213,Lab. de física,IFPB-VISITANTE,24:36:DA:2B:BC:02,-69,6
24/04/2026,07:46:35,213,Lab. de física,IFPB,84:F1:47:54:8B:A0,-74,1
24/04/2026,07:46:35,213,Lab. de física,IFPB-VISITANTE,84:F1:47:54:8B:A2,-74,1
24/04/2026,07:46:35,213,Lab. de física,IFPB,2C:57:41:CD:E1:C0,-80,11
24/04/2026,07:46:35,213,Lab. de física,IFPB-VISITANTE,2C:57:41:CD:E1:C2,-80,11
24/04/2026,07:46:45,214,Lab. de física,IFPB,84:F1:47:54:6B:80,-70,6
24/04/2026,07:46:45,214,Lab. de física,IFPB-VISITANTE,84:F1:47:54:6B:82,-70,6
24/04/2026,07:46:45,214,Lab. de física,IFPB,24:36:DA:2B:BC:00,-70,6
24/04/2026,07:46:45,214,Lab. de física,IFPB-VISITANTE,24:36:DA:2B:BC:02,-70,6
24/04/2026,07:46:45,214,Lab. de física,IFPB,84:F1:47:54:8B:A0,-74,1
24/04/2026,07:46:45,214,Lab. de física,IFPB-VISITANTE,84:F1:47:54:8B:A2,-74,1
24/04/2026,07:46:45,214,Lab. de física,IFPB-VISITANTE,2C:57:41:CD:E1:C2,-79,11
24/04/2026,07:46:45,214,Lab. de física,IFPB,2C:57:41:CD:E1:C0,-82,11
24/04/2026,07:46:46,214,Lab. de física,IFPB-VISITANTE,84:F1:47:54:FD:62,-87,1
24/04/2026,07:46:46,214,Lab. de física,IFPB-VISITANTE,84:F1:47:54:81:02,-87,11
24/04/2026,07:46:46,214,Lab. de física,IFPB,84:F1:47:54:81:00,-88,11
24/04/2026,07:46:55,215,Lab. de física,IFPB,24:36:DA:2B:BC:00,-64,6
24/04/2026,07:46:55,215,Lab. de física,IFPB-VISITANTE,24:36:DA:2B:BC:02,-65,6
24/04/2026,07:46:55,215,Lab. de física,IFPB,84:F1:47:54:6B:80,-71,6
24/04/2026,07:46:55,215,Lab. de física,IFPB-VISITANTE,84:F1:47:54:6B:82,-71,6
24/04/2026,07:46:55,215,Lab. de física,IFPB-VISITANTE,2C:57:41:CD:E1:C2,-77,11
24/04/2026,07:46:55,215,Lab. de física,IFPB,2C:57:41:CD:E1:C0,-77,11
24/04/2026,07:46:55,215,Lab. de física,IFPB,84:F1:47:54:8B:A0,-84,1
24/04/2026,07:46:55,215,Lab. de física,IFPB-VISITANTE,84:F1:47:54:8B:A2,-85,1
24/04/2026,07:46:55,215,Lab. de física,IFPB-VISITANTE,84:F1:47:54:FD:62,-87,1
24/04/2026,07:46:56,215,Lab. de física,IFPB,84:F1:47:54:FD:60,-88,1
24/04/2026,07:47:05,216,Lab. de física,IFPB,24:36:DA:2B:BC:00,-64,6
24/04/2026,07:47:05,216,Lab. de física,IFPB-VISITANTE,24:36:DA:2B:BC:02,-64,6
24/04/2026,07:47:05,216,Lab. de física,IFPB-VISITANTE,84:F1:47:54:6B:82,-67,6
24/04/2026,07:47:05,216,Lab. de física,IFPB,84:F1:47:54:6B:80,-68,6
24/04/2026,07:47:05,216,Lab. de física,IFPB-VISITANTE,84:F1:47:54:8B:A2,-75,1
24/04/2026,07:47:05,216,Lab. de física,IFPB,84:F1:47:54:8B:A0,-77,1
24/04/2026,07:47:05,216,Lab. de física,IFPB-VISITANTE,2C:57:41:CD:E1:C2,-77,11
24/04/2026,07:47:05,216,Lab. de física,IFPB,2C:57:41:CD:E1:C0,-78,11
24/04/2026,07:47:06,216,Lab. de física,IFPB,84:F1:47:54:FD:60,-87,1
24/04/2026,07:47:15,217,Lab. de física,IFPB,24:36:DA:2B:BC:00,-66,6
24/04/2026,07:47:15,217,Lab. de física,IFPB-VISITANTE,24:36:DA:2B:BC:02,-66,6
24/04/2026,07:47:15,217,Lab. de física,IFPB,84:F1:47:54:6B:80,-68,6
24/04/2026,07:47:15,217,Lab. de física,IFPB-VISITANTE,84:F1:47:54:6B:82,-68,6
24/04/2026,07:47:15,217,Lab. de física,IFPB,84:F1:47:54:8B:A0,-74,1
24/04/2026,07:47:15,217,Lab. de física,IFPB-VISITANTE,84:F1:47:54:8B:A2,-74,1
24/04/2026,07:47:15,217,Lab. de física,IFPB-VISITANTE,2C:57:41:CD:E1:C2,-82,11
24/04/2026,07:47:15,217,Lab. de física,IFPB,2C:57:41:CD:E1:C0,-83,11
24/04/2026,07:47:25,218,Lab. de física,IFPB-VISITANTE,24:36:DA:2B:BC:02,-65,6
24/04/2026,07:47:25,218,Lab. de física,IFPB,24:36:DA:2B:BC:00,-66,6
24/04/2026,07:47:25,218,Lab. de física,IFPB,84:F1:47:54:6B:80,-69,6
24/04/2026,07:47:25,218,Lab. de física,IFPB-VISITANTE,84:F1:47:54:6B:82,-69,6
24/04/2026,07:47:25,218,Lab. de física,IFPB-VISITANTE,84:F1:47:54:8B:A2,-75,1
24/04/2026,07:47:25,218,Lab. de física,IFPB,84:F1:47:54:8B:A0,-82,1
24/04/2026,07:47:26,218,Lab. de física,IFPB,2C:57:41:CD:E1:C0,-82,11
24/04/2026,07:47:26,218,Lab. de física,IFPB-VISITANTE,2C:57:41:CD:E1:C2,-82,11
24/04/2026,07:47:35,219,Lab. de física,IFPB,24:36:DA:2B:BC:00,-68,6
24/04/2026,07:47:35,219,Lab. de física,IFPB-VISITANTE,24:36:DA:2B:BC:02,-68,6
24/04/2026,07:47:35,219,Lab. de física,IFPB,84:F1:47:54:6B:80,-70,6
24/04/2026,07:47:35,219,Lab. de física,IFPB-VISITANTE,84:F1:47:54:6B:82,-70,6
24/04/2026,07:47:35,219,Lab. de física,IFPB,84:F1:47:54:8B:A0,-77,1
24/04/2026,07:47:35,219,Lab. de física,IFPB-VISITANTE,84:F1:47:54:8B:A2,-78,1
24/04/2026,07:47:35,219,Lab. de física,IFPB-VISITANTE,2C:57:41:CD:E1:C2,-78,11
24/04/2026,07:47:36,219,Lab. de física,IFPB,2C:57:41:CD:E1:C0,-80,11
24/04/2026,07:47:36,219,Lab. de física,IFPB-VISITANTE,84:F1:47:54:81:02,-89,11
24/04/2026,07:47:45,220,Lab. de física,IFPB,24:36:DA:2B:BC:00,-66,6
24/04/2026,07:47:45,220,Lab. de física,IFPB-VISITANTE,24:36:DA:2B:BC:02,-66,6
24/04/2026,07:47:45,220,Lab. de física,IFPB,84:F1:47:54:6B:80,-69,6
24/04/2026,07:47:45,220,Lab. de física,IFPB-VISITANTE,84:F1:47:54:6B:82,-69,6
24/04/2026,07:47:45,220,Lab. de física,IFPB,2C:57:41:CD:E1:C0,-77,11
24/04/2026,07:47:45,220,Lab. de física,IFPB-VISITANTE,2C:57:41:CD:E1:C2,-78,11
24/04/2026,07:47:45,220,Lab. de física,IFPB-VISITANTE,84:F1:47:54:8B:A2,-79,1
24/04/2026,07:47:45,220,Lab. de física,IFPB,84:F1:47:54:8B:A0,-80,1
24/04/2026,07:48:18,221,Núcleo de pesquisa,IFPB,84:F1:47:54:8B:A0,-69,1
24/04/2026,07:48:18,221,Núcleo de pesquisa,IFPB-VISITANTE,84:F1:47:54:8B:A2,-69,1
24/04/2026,07:48:18,221,Núcleo de pesquisa,IFPB,24:36:DA:2B:BC:00,-84,6
24/04/2026,07:48:18,221,Núcleo de pesquisa,IFPB-VISITANTE,24:36:DA:2B:BC:02,-84,6
24/04/2026,07:48:18,221,Núcleo de pesquisa,IFPB,84:F1:47:54:80:60,-85,11
24/04/2026,07:48:18,221,Núcleo de pesquisa,IFPB-VISITANTE,84:F1:47:54:80:62,-85,11
24/04/2026,07:48:18,221,Núcleo de pesquisa,IFPB-VISITANTE,84:F1:47:54:6B:82,-89,6
24/04/2026,07:48:18,221,Núcleo de pesquisa,IFPB,84:F1:47:54:F9:80,-89,11
24/04/2026,07:48:18,221,Núcleo de pesquisa,IFPB-VISITANTE,84:F1:47:54:F9:82,-89,11
24/04/2026,07:48:28,222,Núcleo de pesquisa,IFPB,84:F1:47:54:8B:A0,-65,1
24/04/2026,07:48:28,222,Núcleo de pesquisa,IFPB-VISITANTE,84:F1:47:54:8B:A2,-65,1
24/04/2026,07:48:28,222,Núcleo de pesquisa,IFPB,84:F1:47:54:FD:60,-79,1
24/04/2026,07:48:28,222,Núcleo de pesquisa,IFPB-VISITANTE,84:F1:47:54:80:62,-81,11
24/04/2026,07:48:28,222,Núcleo de pesquisa,IFPB,84:F1:47:54:80:60,-82,11
24/04/2026,07:48:28,222,Núcleo de pesquisa,IFPB,24:36:DA:2B:BC:00,-84,6
24/04/2026,07:48:28,222,Núcleo de pesquisa,IFPB-VISITANTE,24:36:DA:2B:BC:02,-84,6
24/04/2026,07:48:28,222,Núcleo de pesquisa,IFPB,84:F1:47:54:81:00,-87,11
24/04/2026,07:48:28,222,Núcleo de pesquisa,IFPB-VISITANTE,84:F1:47:54:6B:82,-88,6
24/04/2026,07:48:28,222,Núcleo de pesquisa,IFPB,84:F1:47:54:6B:80,-88,6
24/04/2026,07:48:28,222,Núcleo de pesquisa,IFPB-VISITANTE,84:F1:47:54:F9:82,-88,11
24/04/2026,07:48:28,222,Núcleo de pesquisa,IFPB-VISITANTE,84:F1:47:54:81:02,-88,11
24/04/2026,07:48:28,222,Núcleo de pesquisa,IFPB,84:F1:47:54:F9:80,-89,11
24/04/2026,07:48:38,223,Núcleo de pesquisa,IFPB,84:F1:47:54:8B:A0,-66,1
24/04/2026,07:48:38,223,Núcleo de pesquisa,IFPB-VISITANTE,84:F1:47:54:8B:A2,-66,1
24/04/2026,07:48:38,223,Núcleo de pesquisa,IFPB,84:F1:47:54:FD:60,-79,1
24/04/2026,07:48:38,223,Núcleo de pesquisa,IFPB-VISITANTE,84:F1:47:54:FD:62,-79,1
24/04/2026,07:48:38,223,Núcleo de pesquisa,IFPB,24:36:DA:2B:BC:00,-80,6
24/04/2026,07:48:38,223,Núcleo de pesquisa,IFPB-VISITANTE,24:36:DA:2B:BC:02,-81,6
24/04/2026,07:48:38,223,Núcleo de pesquisa,IFPB,84:F1:47:54:80:60,-84,11
24/04/2026,07:48:38,223,Núcleo de pesquisa,IFPB-VISITANTE,84:F1:47:54:80:62,-84,11
24/04/2026,07:48:48,224,Núcleo de pesquisa,IFPB,84:F1:47:54:8B:A0,-66,1
24/04/2026,07:48:48,224,Núcleo de pesquisa,IFPB-VISITANTE,84:F1:47:54:8B:A2,-67,1
24/04/2026,07:48:48,224,Núcleo de pesquisa,IFPB-VISITANTE,84:F1:47:54:FD:62,-78,1
24/04/2026,07:48:48,224,Núcleo de pesquisa,IFPB,84:F1:47:54:FD:60,-78,1
24/04/2026,07:48:48,224,Núcleo de pesquisa,IFPB-VISITANTE,24:36:DA:2B:BC:02,-81,6
24/04/2026,07:48:48,224,Núcleo de pesquisa,IFPB,24:36:DA:2B:BC:00,-82,6
24/04/2026,07:48:49,224,Núcleo de pesquisa,IFPB,84:F1:47:54:80:60,-85,11
24/04/2026,07:48:49,224,Núcleo de pesquisa,IFPB-VISITANTE,84:F1:47:54:80:62,-85,11
24/04/2026,07:48:49,224,Núcleo de pesquisa,IFPB,84:F1:47:54:81:00,-90,11
24/04/2026,07:48:58,225,Núcleo de pesquisa,IFPB,84:F1:47:54:8B:A0,-66,1
24/04/2026,07:48:58,225,Núcleo de pesquisa,IFPB-VISITANTE,84:F1:47:54:8B:A2,-66,1
24/04/2026,07:48:58,225,Núcleo de pesquisa,IFPB-VISITANTE,84:F1:47:54:FD:62,-78,1
24/04/2026,07:48:58,225,Núcleo de pesquisa,IFPB,84:F1:47:54:FD:60,-79,1
24/04/2026,07:48:58,225,Núcleo de pesquisa,IFPB-VISITANTE,24:36:DA:2B:BC:02,-84,6
24/04/2026,07:48:59,225,Núcleo de pesquisa,IFPB,24:36:DA:2B:BC:00,-85,6
24/04/2026,07:48:59,225,Núcleo de pesquisa,IFPB-VISITANTE,84:F1:47:54:80:62,-86,11
24/04/2026,07:48:59,225,Núcleo de pesquisa,IFPB,84:F1:47:54:80:60,-87,11
24/04/2026,07:48:59,225,Núcleo de pesquisa,IFPB,84:F1:47:54:81:00,-89,11
24/04/2026,07:48:59,225,Núcleo de pesquisa,IFPB-VISITANTE,84:F1:47:54:F9:82,-91,11
24/04/2026,07:49:08,226,Núcleo de pesquisa,IFPB,84:F1:47:54:8B:A0,-66,1
24/04/2026,07:49:08,226,Núcleo de pesquisa,IFPB-VISITANTE,84:F1:47:54:8B:A2,-66,1
24/04/2026,07:49:08,226,Núcleo de pesquisa,IFPB,84:F1:47:54:FD:60,-79,1
24/04/2026,07:49:09,226,Núcleo de pesquisa,IFPB-VISITANTE,84:F1:47:54:FD:62,-80,1
24/04/2026,07:49:09,226,Núcleo de pesquisa,IFPB,24:36:DA:2B:BC:00,-81,6
24/04/2026,07:49:09,226,Núcleo de pesquisa,IFPB-VISITANTE,24:36:DA:2B:BC:02,-81,6
24/04/2026,07:49:09,226,Núcleo de pesquisa,IFPB-VISITANTE,84:F1:47:54:80:62,-85,11
24/04/2026,07:49:09,226,Núcleo de pesquisa,IFPB,84:F1:47:54:80:60,-87,11
24/04/2026,07:49:09,226,Núcleo de pesquisa,IFPB-VISITANTE,2C:57:41:CD:E1:C2,-89,11
24/04/2026,07:49:09,226,Núcleo de pesquisa,IFPB-VISITANTE,84:F1:47:54:F9:82,-92,11
24/04/2026,07:49:19,227,Núcleo de pesquisa,IFPB,84:F1:47:54:8B:A0,-66,1
24/04/2026,07:49:19,227,Núcleo de pesquisa,IFPB-VISITANTE,84:F1:47:54:8B:A2,-66,1
24/04/2026,07:49:19,227,Núcleo de pesquisa,IFPB,84:F1:47:54:FD:60,-79,1
24/04/2026,07:49:19,227,Núcleo de pesquisa,IFPB-VISITANTE,84:F1:47:54:FD:62,-79,1
24/04/2026,07:49:19,227,Núcleo de pesquisa,IFPB,24:36:DA:2B:BC:00,-81,6
24/04/2026,07:49:19,227,Núcleo de pesquisa,IFPB-VISITANTE,24:36:DA:2B:BC:02,-81,6
24/04/2026,07:49:19,227,Núcleo de pesquisa,IFPB-VISITANTE,84:F1:47:54:80:62,-84,11
24/04/2026,07:49:19,227,Núcleo de pesquisa,IFPB,84:F1:47:54:80:60,-85,11
24/04/2026,07:49:19,227,Núcleo de pesquisa,IFPB,2C:57:41:CD:E1:C0,-89,11
24/04/2026,07:49:19,227,Núcleo de pesquisa,IFPB-VISITANTE,2C:57:41:CD:E1:C2,-89,11
24/04/2026,07:49:19,227,Núcleo de pesquisa,IFPB,84:F1:47:54:F9:80,-90,11
24/04/2026,07:49:19,227,Núcleo de pesquisa,IFPB-VISITANTE,84:F1:47:54:F9:82,-90,11
24/04/2026,07:49:29,228,Núcleo de pesquisa,IFPB,84:F1:47:54:8B:A0,-66,1
24/04/2026,07:49:29,228,Núcleo de pesquisa,IFPB-VISITANTE,84:F1:47:54:8B:A2,-66,1
24/04/2026,07:49:29,228,Núcleo de pesquisa,IFPB-VISITANTE,84:F1:47:54:FD:62,-77,1
24/04/2026,07:49:29,228,Núcleo de pesquisa,IFPB,84:F1:47:54:FD:60,-78,1
24/04/2026,07:49:29,228,Núcleo de pesquisa,IFPB,24:36:DA:2B:BC:00,-82,6
24/04/2026,07:49:29,228,Núcleo de pesquisa,IFPB-VISITANTE,24:36:DA:2B:BC:02,-82,6
24/04/2026,07:49:29,228,Núcleo de pesquisa,IFPB,84:F1:47:54:80:60,-84,11
24/04/2026,07:49:29,228,Núcleo de pesquisa,IFPB-VISITANTE,84:F1:47:54:80:62,-86,11
24/04/2026,07:49:29,228,Núcleo de pesquisa,IFPB,2C:57:41:CD:E1:C0,-87,11
24/04/2026,07:49:29,228,Núcleo de pesquisa,IFPB-VISITANTE,2C:57:41:CD:E1:C2,-88,11
24/04/2026,07:49:29,228,Núcleo de pesquisa,IFPB,84:F1:47:54:81:00,-89,11
24/04/2026,07:49:39,229,Núcleo de pesquisa,IFPB,84:F1:47:54:8B:A0,-66,1
24/04/2026,07:49:39,229,Núcleo de pesquisa,IFPB-VISITANTE,84:F1:47:54:8B:A2,-66,1
24/04/2026,07:49:39,229,Núcleo de pesquisa,IFPB,84:F1:47:54:FD:60,-77,1
24/04/2026,07:49:39,229,Núcleo de pesquisa,IFPB-VISITANTE,84:F1:47:54:FD:62,-78,1
24/04/2026,07:49:39,229,Núcleo de pesquisa,IFPB,24:36:DA:2B:BC:00,-84,6
24/04/2026,07:49:39,229,Núcleo de pesquisa,IFPB,84:F1:47:54:80:60,-84,11
24/04/2026,07:49:39,229,Núcleo de pesquisa,IFPB-VISITANTE,84:F1:47:54:80:62,-84,11
24/04/2026,07:49:39,229,Núcleo de pesquisa,IFPB-VISITANTE,24:36:DA:2B:BC:02,-85,6
24/04/2026,07:49:39,229,Núcleo de pesquisa,IFPB-VISITANTE,84:F1:47:54:F9:82,-91,11
24/04/2026,07:49:49,230,Núcleo de pesquisa,IFPB,84:F1:47:54:8B:A0,-67,1
24/04/2026,07:49:49,230,Núcleo de pesquisa,IFPB-VISITANTE,84:F1:47:54:8B:A2,-67,1
24/04/2026,07:49:49,230,Núcleo de pesquisa,IFPB,84:F1:47:54:FD:60,-79,1
24/04/2026,07:49:49,230,Núcleo de pesquisa,IFPB-VISITANTE,84:F1:47:54:FD:62,-79,1
24/04/2026,07:49:49,230,Núcleo de pesquisa,IFPB,24:36:DA:2B:BC:00,-80,6
24/04/2026,07:49:49,230,Núcleo de pesquisa,IFPB-VISITANTE,24:36:DA:2B:BC:02,-81,6
24/04/2026,07:49:49,230,Núcleo de pesquisa,IFPB,84:F1:47:54:80:60,-85,11
24/04/2026,07:49:49,230,Núcleo de pesquisa,IFPB-VISITANTE,84:F1:47:54:80:62,-85,11
24/04/2026,07:49:49,230,Núcleo de pesquisa,IFPB-VISITANTE,84:F1:47:54:F9:82,-91,11
24/04/2026,07:50:13,231,Coordenação de química,IFPB,84:F1:47:54:FD:60,-69,1
24/04/2026,07:50:13,231,Coordenação de química,IFPB-VISITANTE,84:F1:47:54:FD:62,-69,1
24/04/2026,07:50:13,231,Coordenação de química,IFPB-VISITANTE,84:F1:47:54:8B:A2,-76,1
24/04/2026,07:50:13,231,Coordenação de química,IFPB,84:F1:47:54:8B:A0,-78,1
24/04/2026,07:50:13,231,Coordenação de química,IFPB,24:36:DA:2B:BC:00,-81,6
24/04/2026,07:50:13,231,Coordenação de química,IFPB-VISITANTE,24:36:DA:2B:BC:02,-81,6
24/04/2026,07:50:13,231,Coordenação de química,IFPB,84:F1:47:54:80:60,-85,11
24/04/2026,07:50:13,231,Coordenação de química,IFPB-VISITANTE,84:F1:47:54:80:62,-86,11
24/04/2026,07:50:14,231,Coordenação de química,IFPB-VISITANTE,84:F1:47:54:81:02,-87,11
24/04/2026,07:50:14,231,Coordenação de química,IFPB,84:F1:47:54:81:00,-88,11
24/04/2026,07:50:14,231,Coordenação de química,IFPB-VISITANTE,84:F1:47:54:EB:22,-89,6
24/04/2026,07:50:14,231,Coordenação de química,IFPB,84:F1:47:54:EB:20,-91,6
24/04/2026,07:50:23,232,Coordenação de química,IFPB,84:F1:47:54:FD:60,-68,1
24/04/2026,07:50:23,232,Coordenação de química,IFPB-VISITANTE,84:F1:47:54:FD:62,-68,1
24/04/2026,07:50:23,232,Coordenação de química,IFPB,84:F1:47:54:8B:A0,-77,1
24/04/2026,07:50:24,232,Coordenação de química,IFPB-VISITANTE,84:F1:47:54:8B:A2,-77,1
24/04/2026,07:50:24,232,Coordenação de química,IFPB,24:36:DA:2B:BC:00,-84,6
24/04/2026,07:50:24,232,Coordenação de química,IFPB-VISITANTE,24:36:DA:2B:BC:02,-84,6
24/04/2026,07:50:24,232,Coordenação de química,IFPB-VISITANTE,84:F1:47:54:EB:22,-87,6
24/04/2026,07:50:24,232,Coordenação de química,IFPB,84:F1:47:54:81:00,-87,11
24/04/2026,07:50:24,232,Coordenação de química,IFPB-VISITANTE,84:F1:47:54:81:02,-87,11
24/04/2026,07:50:24,232,Coordenação de química,IFPB,84:F1:47:54:EB:20,-88,6
24/04/2026,07:50:24,232,Coordenação de química,IFPB-VISITANTE,84:F1:47:54:80:62,-88,11
24/04/2026,07:50:24,232,Coordenação de química,IFPB,84:F1:47:54:80:60,-88,11
24/04/2026,07:50:34,233,Coordenação de química,IFPB,84:F1:47:54:FD:60,-72,1
24/04/2026,07:50:34,233,Coordenação de química,IFPB-VISITANTE,84:F1:47:54:FD:62,-72,1
24/04/2026,07:50:34,233,Coordenação de química,IFPB,84:F1:47:54:8B:A0,-72,1
24/04/2026,07:50:34,233,Coordenação de química,IFPB-VISITANTE,84:F1:47:54:8B:A2,-72,1
24/04/2026,07:50:34,233,Coordenação de química,IFPB,84:F1:47:54:80:60,-82,11
24/04/2026,07:50:34,233,Coordenação de química,IFPB-VISITANTE,84:F1:47:54:80:62,-82,11
24/04/2026,07:50:34,233,Coordenação de química,IFPB-VISITANTE,84:F1:47:54:EB:22,-86,6
24/04/2026,07:50:34,233,Coordenação de química,IFPB-VISITANTE,2C:57:41:CD:E1:C2,-86,11
24/04/2026,07:50:34,233,Coordenação de química,IFPB-VISITANTE,84:F1:47:54:81:02,-86,11
24/04/2026,07:50:34,233,Coordenação de química,IFPB,2C:57:41:CD:E1:C0,-87,11
24/04/2026,07:50:34,233,Coordenação de química,IFPB,24:36:DA:2B:BC:00,-88,6
24/04/2026,07:50:34,233,Coordenação de química,IFPB-VISITANTE,24:36:DA:2B:BC:02,-88,6
24/04/2026,07:50:34,233,Coordenação de química,IFPB-VISITANTE,2C:57:41:D4:A5:22,-88,11
24/04/2026,07:50:34,233,Coordenação de química,IFPB,2C:57:41:D4:A5:20,-91,11
24/04/2026,07:50:44,234,Coordenação de química,IFPB,84:F1:47:54:FD:60,-73,1
24/04/2026,07:50:44,234,Coordenação de química,IFPB-VISITANTE,84:F1:47:54:FD:62,-73,1
24/04/2026,07:50:44,234,Coordenação de química,IFPB,84:F1:47:54:8B:A0,-76,1
24/04/2026,07:50:44,234,Coordenação de química,IFPB-VISITANTE,24:36:DA:2B:BC:02,-81,6
24/04/2026,07:50:44,234,Coordenação de química,IFPB,24:36:DA:2B:BC:00,-83,6
24/04/2026,07:50:44,234,Coordenação de química,IFPB,84:F1:47:54:80:60,-84,11
24/04/2026,07:50:44,234,Coordenação de química,IFPB-VISITANTE,84:F1:47:54:80:62,-84,11
24/04/2026,07:50:44,234,Coordenação de química,IFPB-VISITANTE,84:F1:47:54:EB:22,-85,6
24/04/2026,07:50:44,234,Coordenação de química,IFPB,84:F1:47:54:EB:20,-85,6
24/04/2026,07:50:44,234,Coordenação de química,IFPB-VISITANTE,2C:57:41:CD:E1:C2,-87,11
24/04/2026,07:50:44,234,Coordenação de química,IFPB-VISITANTE,84:F1:47:54:81:02,-88,11
24/04/2026,07:50:44,234,Coordenação de química,IFPB,84:F1:47:54:81:00,-88,11
24/04/2026,07:50:54,235,Coordenação de química,IFPB,84:F1:47:54:FD:60,-70,1
24/04/2026,07:50:54,235,Coordenação de química,IFPB-VISITANTE,84:F1:47:54:FD:62,-70,1
24/04/2026,07:50:54,235,Coordenação de química,IFPB,84:F1:47:54:8B:A0,-77,1
24/04/2026,07:50:54,235,Coordenação de química,IFPB-VISITANTE,84:F1:47:54:8B:A2,-77,1
24/04/2026,07:50:54,235,Coordenação de química,IFPB,24:36:DA:2B:BC:00,-81,6
24/04/2026,07:50:54,235,Coordenação de química,IFPB-VISITANTE,24:36:DA:2B:BC:02,-83,6
24/04/2026,07:50:54,235,Coordenação de química,IFPB-VISITANTE,84:F1:47:54:EB:22,-86,6
24/04/2026,07:50:54,235,Coordenação de química,IFPB-VISITANTE,84:F1:47:54:80:62,-86,11
24/04/2026,07:50:54,235,Coordenação de química,IFPB,84:F1:47:54:81:00,-86,11
24/04/2026,07:50:54,235,Coordenação de química,IFPB,84:F1:47:54:EB:20,-87,6
24/04/2026,07:50:54,235,Coordenação de química,IFPB,84:F1:47:54:80:60,-87,11
24/04/2026,07:50:54,235,Coordenação de química,IFPB-VISITANTE,84:F1:47:54:81:02,-88,11
24/04/2026,07:51:04,236,Coordenação de química,IFPB,84:F1:47:54:FD:60,-67,1
24/04/2026,07:51:04,236,Coordenação de química,IFPB-VISITANTE,84:F1:47:54:FD:62,-69,1
24/04/2026,07:51:04,236,Coordenação de química,IFPB-VISITANTE,84:F1:47:54:8B:A2,-75,1
24/04/2026,07:51:04,236,Coordenação de química,IFPB,84:F1:47:54:8B:A0,-76,1
24/04/2026,07:51:04,236,Coordenação de química,IFPB-VISITANTE,24:36:DA:2B:BC:02,-80,6
24/04/2026,07:51:04,236,Coordenação de química,IFPB,24:36:DA:2B:BC:00,-81,6
24/04/2026,07:51:04,236,Coordenação de química,IFPB,84:F1:47:54:EB:20,-86,6
24/04/2026,07:51:04,236,Coordenação de química,IFPB,2C:57:41:CD:E1:C0,-86,11
24/04/2026,07:51:04,236,Coordenação de química,IFPB-VISITANTE,84:F1:47:54:EB:22,-87,6
24/04/2026,07:51:04,236,Coordenação de química,IFPB,84:F1:47:54:81:00,-87,11
24/04/2026,07:51:04,236,Coordenação de química,IFPB-VISITANTE,84:F1:47:54:81:02,-88,11
24/04/2026,07:51:04,236,Coordenação de química,IFPB-VISITANTE,2C:57:41:CD:E1:C2,-88,11
24/04/2026,07:51:04,236,Coordenação de química,IFPB,84:F1:47:54:80:60,-88,11
24/04/2026,07:51:04,236,Coordenação de química,IFPB-VISITANTE,84:F1:47:54:80:62,-89,11
24/04/2026,07:51:14,237,Coordenação de química,IFPB,84:F1:47:54:FD:60,-70,1
24/04/2026,07:51:14,237,Coordenação de química,IFPB-VISITANTE,84:F1:47:54:FD:62,-70,1
24/04/2026,07:51:14,237,Coordenação de química,IFPB-VISITANTE,84:F1:47:54:8B:A2,-75,1
24/04/2026,07:51:14,237,Coordenação de química,IFPB,84:F1:47:54:8B:A0,-75,1
24/04/2026,07:51:14,237,Coordenação de química,IFPB,24:36:DA:2B:BC:00,-81,6
24/04/2026,07:51:14,237,Coordenação de química,IFPB-VISITANTE,24:36:DA:2B:BC:02,-82,6
24/04/2026,07:51:14,237,Coordenação de química,IFPB-VISITANTE,84:F1:47:54:EB:22,-86,6
24/04/2026,07:51:15,237,Coordenação de química,IFPB-VISITANTE,84:F1:47:54:80:62,-86,11
24/04/2026,07:51:15,237,Coordenação de química,IFPB,84:F1:47:54:80:60,-87,11
24/04/2026,07:51:15,237,Coordenação de química,IFPB,84:F1:47:54:81:00,-87,11
24/04/2026,07:51:15,237,Coordenação de química,IFPB-VISITANTE,84:F1:47:54:81:02,-87,11
24/04/2026,07:51:15,237,Coordenação de química,IFPB,2C:57:41:CD:E1:C0,-87,11
24/04/2026,07:51:15,237,Coordenação de química,IFPB-VISITANTE,2C:57:41:CD:E1:C2,-87,11
24/04/2026,07:51:24,238,Coordenação de química,IFPB,84:F1:47:54:FD:60,-69,1
24/04/2026,07:51:24,238,Coordenação de química,IFPB-VISITANTE,84:F1:47:54:FD:62,-69,1
24/04/2026,07:51:24,238,Coordenação de química,IFPB,84:F1:47:54:8B:A0,-76,1
24/04/2026,07:51:24,238,Coordenação de química,IFPB-VISITANTE,84:F1:47:54:8B:A2,-76,1
24/04/2026,07:51:24,238,Coordenação de química,IFPB,24:36:DA:2B:BC:00,-81,6
24/04/2026,07:51:24,238,Coordenação de química,IFPB-VISITANTE,24:36:DA:2B:BC:02,-82,6
24/04/2026,07:51:24,238,Coordenação de química,IFPB,84:F1:47:54:EB:20,-85,6
24/04/2026,07:51:24,238,Coordenação de química,IFPB-VISITANTE,84:F1:47:54:EB:22,-85,6
24/04/2026,07:51:25,238,Coordenação de química,IFPB,84:F1:47:54:80:60,-86,11
24/04/2026,07:51:25,238,Coordenação de química,IFPB-VISITANTE,84:F1:47:54:80:62,-87,11
24/04/2026,07:51:25,238,Coordenação de química,IFPB-VISITANTE,84:F1:47:54:81:02,-87,11
24/04/2026,07:51:25,238,Coordenação de química,IFPB,84:F1:47:54:81:00,-88,11
24/04/2026,07:51:25,238,Coordenação de química,IFPB,2C:57:41:CD:E1:C0,-88,11
24/04/2026,07:51:25,238,Coordenação de química,IFPB-VISITANTE,2C:57:41:CD:E1:C2,-88,11
24/04/2026,07:51:35,239,Coordenação de química,IFPB-VISITANTE,84:F1:47:54:FD:62,-69,1
24/04/2026,07:51:35,239,Coordenação de química,IFPB,84:F1:47:54:FD:60,-70,1
24/04/2026,07:51:35,239,Coordenação de química,IFPB,84:F1:47:54:8B:A0,-75,1
24/04/2026,07:51:35,239,Coordenação de química,IFPB-VISITANTE,84:F1:47:54:8B:A2,-75,1
24/04/2026,07:51:35,239,Coordenação de química,IFPB-VISITANTE,24:36:DA:2B:BC:02,-82,6
24/04/2026,07:51:35,239,Coordenação de química,IFPB,24:36:DA:2B:BC:00,-83,6
24/04/2026,07:51:35,239,Coordenação de química,IFPB,84:F1:47:54:EB:20,-86,6
24/04/2026,07:51:35,239,Coordenação de química,IFPB,84:F1:47:54:80:60,-86,11
24/04/2026,07:51:35,239,Coordenação de química,IFPB-VISITANTE,84:F1:47:54:81:02,-86,11
24/04/2026,07:51:35,239,Coordenação de química,IFPB-VISITANTE,84:F1:47:54:80:62,-87,11
24/04/2026,07:51:35,239,Coordenação de química,IFPB,84:F1:47:54:81:00,-87,11
24/04/2026,07:51:35,239,Coordenação de química,IFPB-VISITANTE,2C:57:41:CD:E1:C2,-88,11
24/04/2026,07:51:45,240,Coordenação de química,IFPB,84:F1:47:54:FD:60,-70,1
24/04/2026,07:51:45,240,Coordenação de química,IFPB-VISITANTE,84:F1:47:54:FD:62,-70,1
24/04/2026,07:51:45,240,Coordenação de química,IFPB-VISITANTE,84:F1:47:54:8B:A2,-75,1
24/04/2026,07:51:45,240,Coordenação de química,IFPB,84:F1:47:54:8B:A0,-76,1
24/04/2026,07:51:45,240,Coordenação de química,IFPB,24:36:DA:2B:BC:00,-81,6
24/04/2026,07:51:45,240,Coordenação de química,IFPB-VISITANTE,24:36:DA:2B:BC:02,-82,6
24/04/2026,07:51:45,240,Coordenação de química,IFPB,84:F1:47:54:80:60,-87,11
24/04/2026,07:51:45,240,Coordenação de química,IFPB-VISITANTE,84:F1:47:54:80:62,-87,11
24/04/2026,07:51:45,240,Coordenação de química,IFPB,84:F1:47:54:81:00,-87,11
24/04/2026,07:51:45,240,Coordenação de química,IFPB-VISITANTE,84:F1:47:54:81:02,-87,11
24/04/2026,07:51:45,240,Coordenação de química,IFPB,2C:57:41:CD:E1:C0,-89,11
24/04/2026,07:51:45,240,Coordenação de química,IFPB-VISITANTE,2C:57:41:CD:E1:C2,-89,11
24/04/2026,07:51:45,240,Coordenação de química,IFPB,2C:57:41:D4:A5:20,-93,11
