data,hora,num,ssid,bssid,rssi,canal,ambiente
17/03/2026,10:32:49,1,IFPB-Sala_Professor_14,24:FD:0D:57:19:26,-63,2,Lab. Informática 09
17/03/2026,10:32:49,1,IFPB TCC,D8:5D:4C:86:7E:66,-65,6,Lab. Informática 09
17/03/2026,10:32:49,1,IFPB,84:F1:47:54:7F:20,-66,11,Lab. Informática 09
17/03/2026,10:32:49,1,IFPB-VISITANTE,84:F1:47:54:7F:22,-66,11,Lab. Informática 09
17/03/2026,10:32:49,1,APTelefonia,58:10:8C:91:F3:AA,-67,1,Lab. Informática 09
17/03/2026,10:32:49,1,Intelbras,18:0D:2C:7F:EB:AC,-70,7,Lab. Informática 09
17/03/2026,10:32:49,1,TP-Link_1324,7C:F1:7E:8D:13:22,-77,10,Lab. Informática 09
17/03/2026,10:32:49,1,TP-Link_C3CB,D8:0D:17:3E:C3:CB,-80,3,Lab. Informática 09
17/03/2026,10:32:49,1,IFPB-Sala_Professor_14,48:51:CF:81:B0:9E,-80,5,Lab. Informática 09
17/03/2026,10:32:49,1,motorola one hyper_9136,6A:A5:88:F9:66:CE,-81,1,Lab. Informática 09
17/03/2026,10:32:49,1,IFPB-VISITANTE,B8:11:4B:1D:1E:42,-82,6,Lab. Informática 09
17/03/2026,10:32:49,1,IFPB,B8:11:4B:1D:1E:40,-83,6,Lab. Informática 09
17/03/2026,10:32:49,1,IFPB-VISITANTE,84:F1:47:54:FD:C2,-85,1,Lab. Informática 09
17/03/2026,10:32:49,1,IFPB,84:F1:47:54:96:E0,-85,1,Lab. Informática 09
17/03/2026,10:32:49,1,GPDS,00:26:5A:66:55:EF,-85,6,Lab. Informática 09
17/03/2026,10:32:49,1,IFPB,E4:4E:2D:85:4C:60,-85,11,Lab. Informática 09
17/03/2026,10:32:50,1,IFPB,84:F1:47:54:FD:C0,-86,1,Lab. Informática 09
17/03/2026,10:32:50,1,IFPB-VISITANTE,84:F1:47:54:96:E2,-86,1,Lab. Informática 09
17/03/2026,10:32:50,1,Lab. de Sinais Digitais,18:D6:C7:F9:37:2F,-86,11,Lab. Informática 09
17/03/2026,10:32:50,1,IFPB-VISITANTE,E4:4E:2D:85:4C:62,-87,11,Lab. Informática 09
17/03/2026,10:32:50,1,IFPB-Sala_13,E8:94:F6:B9:2F:46,-88,4,Lab. Informática 09
17/03/2026,10:32:50,1,IFPB-VISITANTE,2C:57:41:D4:69:C2,-88,6,Lab. Informática 09
17/03/2026,10:32:50,1,IFPB,2C:57:41:D4:69:C0,-88,6,Lab. Informática 09
17/03/2026,10:32:50,1,Gabriel's Galaxy Tab S6 Lite,02:64:44:29:F3:37,-90,6,Lab. Informática 09
17/03/2026,10:32:50,1,UA2-MiniLab,60:32:B1:2D:66:C3,-90,10,Lab. Informática 09
17/03/2026,10:32:50,1,NUNYA_Room_2.4GHz,CC:32:E5:0C:FC:2B,-90,10,Lab. Informática 09
17/03/2026,10:32:50,1,LIMPEZA,54:E6:FC:CF:22:DE,-91,6,Lab. Informática 09
17/03/2026,10:32:50,1,Lab Redes Convergentes,64:70:02:99:FE:F4,-94,11,Lab. Informática 09
17/03/2026,10:32:59,2,IFPB-VISITANTE,84:F1:47:54:7F:22,-60,11,Lab. Informática 09
17/03/2026,10:32:59,2,IFPB,84:F1:47:54:7F:20,-61,11,Lab. Informática 09
17/03/2026,10:32:59,2,IFPB TCC,D8:5D:4C:86:7E:66,-63,6,Lab. Informática 09
17/03/2026,10:32:59,2,APTelefonia,58:10:8C:91:F3:AA,-64,1,Lab. Informática 09
17/03/2026,10:32:59,2,IFPB-Sala_Professor_14,24:FD:0D:57:19:26,-67,2,Lab. Informática 09
17/03/2026,10:33:00,2,TP-Link_C3CB,D8:0D:17:3E:C3:CB,-74,3,Lab. Informática 09
17/03/2026,10:33:00,2,Intelbras,18:0D:2C:7F:EB:AC,-75,7,Lab. Informática 09
17/03/2026,10:33:00,2,TP-Link_1324,7C:F1:7E:8D:13:22,-75,10,Lab. Informática 09
17/03/2026,10:33:00,2,Lab. de Sinais Digitais,18:D6:C7:F9:37:2F,-77,11,Lab. Informática 09
17/03/2026,10:33:00,2,GPDS,00:26:5A:66:55:EF,-80,6,Lab. Informática 09
17/03/2026,10:33:00,2,IFPB-Sala_Professor_14,48:51:CF:81:B0:9E,-81,5,Lab. Informática 09
17/03/2026,10:33:00,2,NUNYA_Room_2.4GHz,CC:32:E5:0C:FC:2B,-82,10,Lab. Informática 09
17/03/2026,10:33:00,2,IFPB,84:F1:47:54:FD:C0,-83,1,Lab. Informática 09
17/03/2026,10:33:00,2,IFPB-VISITANTE,84:F1:47:54:FD:C2,-83,1,Lab. Informática 09
17/03/2026,10:33:00,2,IFPB-Sala_13,E8:94:F6:B9:2F:46,-83,4,Lab. Informática 09
17/03/2026,10:33:00,2,IFPB,84:F1:47:54:96:E0,-85,1,Lab. Informática 09
17/03/2026,10:33:00,2,IFPB-VISITANTE,84:F1:47:54:96:E2,-85,1,Lab. Informática 09
17/03/2026,10:33:00,2,IFPB,2C:57:41:D4:69:C0,-85,6,Lab. Informática 09
17/03/2026,10:33:00,2,IFPB-VISITANTE,2C:57:41:D4:69:C2,-85,6,Lab. Informática 09
17/03/2026,10:33:00,2,Gabriel's Galaxy Tab S6 Lite,02:64:44:29:F3:37,-88,6,Lab. Informática 09
17/03/2026,10:33:00,2,UA2-MiniLab,60:32:B1:2D:66:C3,-89,10,Lab. Informática 09
17/03/2026,10:33:00,2,IFPB-VISITANTE,84:F1:47:54:F9:82,-89,11,Lab. Informática 09
17/03/2026,10:33:00,2,LIMPEZA,54:E6:FC:CF:22:DE,-94,6,Lab. Informática 09
17/03/2026,10:33:10,3,IFPB TCC,D8:5D:4C:86:7E:66,-60,6,Lab. Informática 09
17/03/2026,10:33:10,3,IFPB-VISITANTE,84:F1:47:54:7F:22,-60,11,Lab. Informática 09
17/03/2026,10:33:10,3,IFPB,84:F1:47:54:7F:20,-61,11,Lab. Informática 09
17/03/2026,10:33:10,3,IFPB-Sala_Professor_14,24:FD:0D:57:19:26,-65,2,Lab. Informática 09
17/03/2026,10:33:10,3,TP-Link_C3CB,D8:0D:17:3E:C3:CB,-71,3,Lab. Informática 09
17/03/2026,10:33:10,3,Intelbras,18:0D:2C:7F:EB:AC,-74,7,Lab. Informática 09
17/03/2026,10:33:10,3,APTelefonia,58:10:8C:91:F3:AA,-76,1,Lab. Informática 09
17/03/2026,10:33:10,3,GPDS,00:26:5A:66:55:EF,-77,6,Lab. Informática 09
17/03/2026,10:33:10,3,IFPB-Sala_Professor_14,48:51:CF:81:B0:9E,-79,5,Lab. Informática 09
17/03/2026,10:33:10,3,TP-Link_1324,7C:F1:7E:8D:13:22,-81,10,Lab. Informática 09
17/03/2026,10:33:10,3,Lab. de Sinais Digitais,18:D6:C7:F9:37:2F,-84,11,Lab. Informática 09
17/03/2026,10:33:10,3,IFPB,84:F1:47:54:FD:C0,-86,1,Lab. Informática 09
17/03/2026,10:33:10,3,IFPB-VISITANTE,84:F1:47:54:FD:C2,-86,1,Lab. Informática 09
17/03/2026,10:33:10,3,IFPB,B8:11:4B:1D:1E:40,-86,6,Lab. Informática 09
17/03/2026,10:33:10,3,IFPB-VISITANTE,B8:11:4B:1D:1E:42,-86,6,Lab. Informática 09
17/03/2026,10:33:10,3,IFPB,84:F1:47:54:96:E0,-87,1,Lab. Informática 09
17/03/2026,10:33:10,3,IFPB-VISITANTE,84:F1:47:54:96:E2,-88,1,Lab. Informática 09
17/03/2026,10:33:10,3,motorola one hyper_9136,6A:A5:88:F9:66:CE,-88,1,Lab. Informática 09
17/03/2026,10:33:10,3,IFPB-Sala_13,E8:94:F6:B9:2F:46,-88,4,Lab. Informática 09
17/03/2026,10:33:10,3,IFPB,E4:4E:2D:85:4C:60,-88,11,Lab. Informática 09
17/03/2026,10:33:10,3,NUNYA_Room_2.4GHz,CC:32:E5:0C:FC:2B,-89,10,Lab. Informática 09
17/03/2026,10:33:10,3,Gabriel's Galaxy Tab S6 Lite,02:64:44:29:F3:37,-90,6,Lab. Informática 09
17/03/2026,10:33:10,3,IFPB-VISITANTE,E4:4E:2D:85:4C:62,-90,11,Lab. Informática 09
17/03/2026,10:33:10,3,LIMPEZA,54:E6:FC:CF:22:DE,-91,6,Lab. Informática 09
17/03/2026,10:33:10,3,UA2-MiniLab,60:32:B1:2D:66:C3,-91,10,Lab. Informática 09
17/03/2026,10:33:20,4,IFPB TCC,D8:5D:4C:86:7E:66,-61,6,Lab. Informática 09
17/03/2026,10:33:20,4,IFPB-VISITANTE,84:F1:47:54:7F:22,-62,11,Lab. Informática 09
17/03/2026,10:33:20,4,IFPB-Sala_Professor_14,24:FD:0D:57:19:26,-63,2,Lab. Informática 09
17/03/2026,10:33:20,4,IFPB,84:F1:47:54:7F:20,-63,11,Lab. Informática 09
17/03/2026,10:33:20,4,APTelefonia,58:10:8C:91:F3:AA,-69,1,Lab. Informática 09
17/03/2026,10:33:20,4,Intelbras,18:0D:2C:7F:EB:AC,-74,7,Lab. Informática 09
17/03/2026,10:33:20,4,TP-Link_C3CB,D8:0D:17:3E:C3:CB,-78,3,Lab. Informática 09
17/03/2026,10:33:20,4,TP-Link_1324,7C:F1:7E:8D:13:22,-79,10,Lab. Informática 09
17/03/2026,10:33:20,4,Lab. de Sinais Digitais,18:D6:C7:F9:37:2F,-80,11,Lab. Informática 09
17/03/2026,10:33:20,4,IFPB,B8:11:4B:1D:1E:40,-83,6,Lab. Informática 09
17/03/2026,10:33:20,4,IFPB-VISITANTE,B8:11:4B:1D:1E:42,-83,6,Lab. Informática 09
17/03/2026,10:33:20,4,IFPB-VISITANTE,84:F1:47:54:FD:C2,-84,1,Lab. Informática 09
17/03/2026,10:33:20,4,IFPB-VISITANTE,84:F1:47:54:96:E2,-84,1,Lab. Informática 09
17/03/2026,10:33:20,4,IFPB,84:F1:47:54:FD:C0,-84,1,Lab. Informática 09
17/03/2026,10:33:20,4,IFPB-Sala_Professor_14,48:51:CF:81:B0:9E,-84,5,Lab. Informática 09
17/03/2026,10:33:20,4,LIMPEZA,54:E6:FC:CF:22:DE,-84,6,Lab. Informática 09
17/03/2026,10:33:20,4,IFPB,84:F1:47:54:96:E0,-85,1,Lab. Informática 09
17/03/2026,10:33:20,4,IFPB-Sala_13,E8:94:F6:B9:2F:46,-85,4,Lab. Informática 09
17/03/2026,10:33:20,4,GPDS,00:26:5A:66:55:EF,-86,6,Lab. Informática 09
17/03/2026,10:33:20,4,IFPB,E4:4E:2D:85:4C:60,-87,11,Lab. Informática 09
17/03/2026,10:33:20,4,motorola one hyper_9136,6A:A5:88:F9:66:CE,-88,1,Lab. Informática 09
17/03/2026,10:33:20,4,Gabriel's Galaxy Tab S6 Lite,02:64:44:29:F3:37,-88,6,Lab. Informática 09
17/03/2026,10:33:20,4,NUNYA_Room_2.4GHz,CC:32:E5:0C:FC:2B,-89,10,Lab. Informática 09
17/03/2026,10:33:20,4,IFPB-VISITANTE,E4:4E:2D:85:4C:62,-89,11,Lab. Informática 09
17/03/2026,10:33:20,4,UA2-MiniLab,60:32:B1:2D:66:C3,-91,10,Lab. Informática 09
17/03/2026,10:33:20,4,Lab Redes Convergentes,64:70:02:99:FE:F4,-91,11,Lab. Informática 09
17/03/2026,10:33:30,5,IFPB-VISITANTE,84:F1:47:54:7F:22,-61,11,Lab. Informática 09
17/03/2026,10:33:30,5,IFPB,84:F1:47:54:7F:20,-62,11,Lab. Informática 09
17/03/2026,10:33:30,5,IFPB-Sala_Professor_14,24:FD:0D:57:19:26,-63,2,Lab. Informática 09
17/03/2026,10:33:30,5,IFPB TCC,D8:5D:4C:86:7E:66,-63,6,Lab. Informática 09
17/03/2026,10:33:30,5,TP-Link_C3CB,D8:0D:17:3E:C3:CB,-67,3,Lab. Informática 09
17/03/2026,10:33:30,5,APTelefonia,58:10:8C:91:F3:AA,-69,1,Lab. Informática 09
17/03/2026,10:33:30,5,TP-Link_1324,7C:F1:7E:8D:13:22,-75,10,Lab. Informática 09
17/03/2026,10:33:30,5,IFPB-Sala_Professor_14,48:51:CF:81:B0:9E,-77,5,Lab. Informática 09
17/03/2026,10:33:30,5,Intelbras,18:0D:2C:7F:EB:AC,-78,7,Lab. Informática 09
17/03/2026,10:33:30,5,GPDS,00:26:5A:66:55:EF,-79,6,Lab. Informática 09
17/03/2026,10:33:30,5,IFPB,2C:57:41:D4:69:C0,-84,6,Lab. Informática 09
17/03/2026,10:33:30,5,Lab. de Sinais Digitais,18:D6:C7:F9:37:2F,-84,11,Lab. Informática 09
17/03/2026,10:33:30,5,IFPB-Sala_13,E8:94:F6:B9:2F:46,-85,4,Lab. Informática 09
17/03/2026,10:33:30,5,IFPB-VISITANTE,2C:57:41:D4:69:C2,-85,6,Lab. Informática 09
17/03/2026,10:33:30,5,IFPB,84:F1:47:54:96:E0,-86,1,Lab. Informática 09
17/03/2026,10:33:30,5,IFPB,84:F1:47:54:FD:C0,-87,1,Lab. Informática 09
17/03/2026,10:33:30,5,IFPB-VISITANTE,84:F1:47:54:96:E2,-87,1,Lab. Informática 09
17/03/2026,10:33:30,5,LIMPEZA,54:E6:FC:CF:22:DE,-87,6,Lab. Informática 09
17/03/2026,10:33:30,5,IFPB-VISITANTE,84:F1:47:54:FD:C2,-88,1,Lab. Informática 09
17/03/2026,10:33:30,5,NUNYA_Room_2.4GHz,CC:32:E5:0C:FC:2B,-88,10,Lab. Informática 09
17/03/2026,10:33:30,5,IFPB,B8:11:4B:1D:1E:40,-90,6,Lab. Informática 09
17/03/2026,10:33:30,5,motorola one hyper_9136,6A:A5:88:F9:66:CE,-91,1,Lab. Informática 09
17/03/2026,10:33:30,5,UA2-MiniLab,60:32:B1:2D:66:C3,-91,10,Lab. Informática 09
17/03/2026,10:33:30,5,RFA-MG53,06:74:1F:4C:C3:47,-94,1,Lab. Informática 09
17/03/2026,10:33:40,6,IFPB-Sala_Professor_14,24:FD:0D:57:19:26,-61,2,Lab. Informática 09
17/03/2026,10:33:40,6,IFPB,84:F1:47:54:7F:20,-63,11,Lab. Informática 09
17/03/2026,10:33:40,6,IFPB-VISITANTE,84:F1:47:54:7F:22,-63,11,Lab. Informática 09
17/03/2026,10:33:40,6,IFPB TCC,D8:5D:4C:86:7E:66,-65,6,Lab. Informática 09
17/03/2026,10:33:40,6,APTelefonia,58:10:8C:91:F3:AA,-66,1,Lab. Informática 09
17/03/2026,10:33:40,6,TP-Link_C3CB,D8:0D:17:3E:C3:CB,-73,3,Lab. Informática 09
17/03/2026,10:33:40,6,TP-Link_1324,7C:F1:7E:8D:13:22,-74,10,Lab. Informática 09
17/03/2026,10:33:40,6,Intelbras,18:0D:2C:7F:EB:AC,-75,7,Lab. Informática 09
17/03/2026,10:33:40,6,Lab. de Sinais Digitais,18:D6:C7:F9:37:2F,-80,11,Lab. Informática 09
17/03/2026,10:33:40,6,IFPB,84:F1:47:54:FD:C0,-82,1,Lab. Informática 09
17/03/2026,10:33:40,6,IFPB-VISITANTE,84:F1:47:54:FD:C2,-83,1,Lab. Informática 09
17/03/2026,10:33:40,6,IFPB-Sala_Professor_14,48:51:CF:81:B0:9E,-83,5,Lab. Informática 09
17/03/2026,10:33:40,6,GPDS,00:26:5A:66:55:EF,-83,6,Lab. Informática 09
17/03/2026,10:33:40,6,motorola one hyper_9136,6A:A5:88:F9:66:CE,-84,1,Lab. Informática 09
17/03/2026,10:33:40,6,IFPB,2C:57:41:D4:69:C0,-84,6,Lab. Informática 09
17/03/2026,10:33:40,6,IFPB-VISITANTE,84:F1:47:54:96:E2,-85,1,Lab. Informática 09
17/03/2026,10:33:40,6,IFPB-VISITANTE,2C:57:41:D4:69:C2,-85,6,Lab. Informática 09
17/03/2026,10:33:40,6,NUNYA_Room_2.4GHz,CC:32:E5:0C:FC:2B,-85,10,Lab. Informática 09
17/03/2026,10:33:40,6,IFPB-VISITANTE,E4:4E:2D:85:4C:62,-85,11,Lab. Informática 09
17/03/2026,10:33:40,6,IFPB,84:F1:47:54:96:E0,-86,1,Lab. Informática 09
17/03/2026,10:33:40,6,IFPB,B8:11:4B:1D:1E:40,-86,6,Lab. Informática 09
17/03/2026,10:33:40,6,IFPB-VISITANTE,B8:11:4B:1D:1E:42,-86,6,Lab. Informática 09
17/03/2026,10:33:40,6,IFPB,E4:4E:2D:85:4C:60,-86,11,Lab. Informática 09
17/03/2026,10:33:40,6,IFPB-Sala_13,E8:94:F6:B9:2F:46,-89,4,Lab. Informática 09
17/03/2026,10:33:40,6,Gabriel's Galaxy Tab S6 Lite,02:64:44:29:F3:37,-91,6,Lab. Informática 09
17/03/2026,10:33:40,6,LIMPEZA,54:E6:FC:CF:22:DE,-91,6,Lab. Informática 09
17/03/2026,10:33:40,6,RFA-MG53,06:74:1F:4C:C3:47,-92,1,Lab. Informática 09
17/03/2026,10:33:40,6,UA2-MiniLab,60:32:B1:2D:66:C3,-94,10,Lab. Informática 09
17/03/2026,10:33:50,7,IFPB-Sala_Professor_14,24:FD:0D:57:19:26,-60,2,Lab. Informática 09
17/03/2026,10:33:50,7,IFPB,84:F1:47:54:7F:20,-61,11,Lab. Informática 09
17/03/2026,10:33:50,7,IFPB-VISITANTE,84:F1:47:54:7F:22,-61,11,Lab. Informática 09
17/03/2026,10:33:50,7,APTelefonia,58:10:8C:91:F3:AA,-63,1,Lab. Informática 09
17/03/2026,10:33:50,7,IFPB TCC,D8:5D:4C:86:7E:66,-63,6,Lab. Informática 09
17/03/2026,10:33:50,7,Intelbras,18:0D:2C:7F:EB:AC,-70,7,Lab. Informática 09
17/03/2026,10:33:50,7,TP-Link_C3CB,D8:0D:17:3E:C3:CB,-74,3,Lab. Informática 09
17/03/2026,10:33:50,7,TP-Link_1324,7C:F1:7E:8D:13:22,-74,10,Lab. Informática 09
17/03/2026,10:33:50,7,Lab. de Sinais Digitais,18:D6:C7:F9:37:2F,-81,11,Lab. Informática 09
17/03/2026,10:33:50,7,IFPB-VISITANTE,84:F1:47:54:FD:C2,-84,1,Lab. Informática 09
17/03/2026,10:33:50,7,IFPB,84:F1:47:54:FD:C0,-84,1,Lab. Informática 09
17/03/2026,10:33:50,7,IFPB,2C:57:41:D4:69:C0,-84,6,Lab. Informática 09
17/03/2026,10:33:50,7,UA2-MiniLab,60:32:B1:2D:66:C3,-84,10,Lab. Informática 09
17/03/2026,10:33:50,7,IFPB-Sala_Professor_14,48:51:CF:81:B0:9E,-85,5,Lab. Informática 09
17/03/2026,10:33:50,7,IFPB-VISITANTE,2C:57:41:D4:69:C2,-85,6,Lab. Informática 09
17/03/2026,10:33:50,7,IFPB,E4:4E:2D:85:4C:60,-85,11,Lab. Informática 09
17/03/2026,10:33:50,7,IFPB-VISITANTE,E4:4E:2D:85:4C:62,-85,11,Lab. Informática 09
17/03/2026,10:33:50,7,motorola one hyper_9136,6A:A5:88:F9:66:CE,-86,1,Lab. Informática 09
17/03/2026,10:33:50,7,IFPB-VISITANTE,B8:11:4B:1D:1E:42,-86,6,Lab. Informática 09
17/03/2026,10:33:50,7,Gabriel's Galaxy Tab S6 Lite,02:64:44:29:F3:37,-87,6,Lab. Informática 09
17/03/2026,10:33:51,7,IFPB,B8:11:4B:1D:1E:40,-88,6,Lab. Informática 09
17/03/2026,10:33:51,7,IFPB-VISITANTE,84:F1:47:54:96:E2,-89,1,Lab. Informática 09
17/03/2026,10:33:51,7,GPDS,00:26:5A:66:55:EF,-89,6,Lab. Informática 09
17/03/2026,10:33:51,7,IFPB-Sala_13,E8:94:F6:B9:2F:46,-91,4,Lab. Informática 09
17/03/2026,10:33:51,7,NUNYA_Room_2.4GHz,CC:32:E5:0C:FC:2B,-91,10,Lab. Informática 09
17/03/2026,10:33:51,7,Lab Redes Convergentes,64:70:02:99:FE:F4,-92,11,Lab. Informática 09
17/03/2026,10:34:00,8,IFPB-Sala_Professor_14,24:FD:0D:57:19:26,-59,2,Lab. Informática 09
17/03/2026,10:34:00,8,IFPB TCC,D8:5D:4C:86:7E:66,-61,6,Lab. Informática 09
17/03/2026,10:34:00,8,APTelefonia,58:10:8C:91:F3:AA,-62,1,Lab. Informática 09
17/03/2026,10:34:00,8,IFPB,84:F1:47:54:7F:20,-65,11,Lab. Informática 09
17/03/2026,10:34:00,8,IFPB-VISITANTE,84:F1:47:54:7F:22,-65,11,Lab. Informática 09
17/03/2026,10:34:00,8,TP-Link_C3CB,D8:0D:17:3E:C3:CB,-68,3,Lab. Informática 09
17/03/2026,10:34:00,8,Intelbras,18:0D:2C:7F:EB:AC,-70,7,Lab. Informática 09
17/03/2026,10:34:00,8,TP-Link_1324,7C:F1:7E:8D:13:22,-80,10,Lab. Informática 09
17/03/2026,10:34:00,8,IFPB-Sala_Professor_14,48:51:CF:81:B0:9E,-82,5,Lab. Informática 09
17/03/2026,10:34:00,8,NUNYA_Room_2.4GHz,CC:32:E5:0C:FC:2B,-82,10,Lab. Informática 09
17/03/2026,10:34:01,8,IFPB-VISITANTE,E4:4E:2D:85:4C:62,-82,11,Lab. Informática 09
17/03/2026,10:34:01,8,IFPB-VISITANTE,2C:57:41:D4:69:C2,-83,6,Lab. Informática 09
17/03/2026,10:34:01,8,IFPB,E4:4E:2D:85:4C:60,-83,11,Lab. Informática 09
17/03/2026,10:34:01,8,IFPB-VISITANTE,84:F1:47:54:FD:C2,-85,1,Lab. Informática 09
17/03/2026,10:34:01,8,IFPB,2C:57:41:D4:69:C0,-85,6,Lab. Informática 09
17/03/2026,10:34:01,8,IFPB,B8:11:4B:1D:1E:40,-85,6,Lab. Informática 09
17/03/2026,10:34:01,8,IFPB-VISITANTE,B8:11:4B:1D:1E:42,-85,6,Lab. Informática 09
17/03/2026,10:34:01,8,motorola one hyper_9136,6A:A5:88:F9:66:CE,-86,1,Lab. Informática 09
17/03/2026,10:34:01,8,IFPB-Sala_13,E8:94:F6:B9:2F:46,-86,4,Lab. Informática 09
17/03/2026,10:34:01,8,LIMPEZA,54:E6:FC:CF:22:DE,-86,6,Lab. Informática 09
17/03/2026,10:34:01,8,Lab. de Sinais Digitais,18:D6:C7:F9:37:2F,-86,11,Lab. Informática 09
17/03/2026,10:34:01,8,IFPB-VISITANTE,84:F1:47:54:96:E2,-87,1,Lab. Informática 09
17/03/2026,10:34:01,8,IFPB,84:F1:47:54:FD:C0,-87,1,Lab. Informática 09
17/03/2026,10:34:01,8,Gabriel's Galaxy Tab S6 Lite,02:64:44:29:F3:37,-87,6,Lab. Informática 09
17/03/2026,10:34:01,8,GPDS,00:26:5A:66:55:EF,-89,6,Lab. Informática 09
17/03/2026,10:34:01,8,UA2-MiniLab,60:32:B1:2D:66:C3,-90,10,Lab. Informática 09
17/03/2026,10:34:10,9,IFPB TCC,D8:5D:4C:86:7E:66,-59,6,Lab. Informática 09
17/03/2026,10:34:10,9,APTelefonia,58:10:8C:91:F3:AA,-64,1,Lab. Informática 09
17/03/2026,10:34:10,9,IFPB,84:F1:47:54:7F:20,-64,11,Lab. Informática 09
17/03/2026,10:34:10,9,IFPB-VISITANTE,84:F1:47:54:7F:22,-64,11,Lab. Informática 09
17/03/2026,10:34:10,9,IFPB-Sala_Professor_14,24:FD:0D:57:19:26,-65,2,Lab. Informática 09
17/03/2026,10:34:11,9,Intelbras,18:0D:2C:7F:EB:AC,-69,7,Lab. Informática 09
17/03/2026,10:34:11,9,TP-Link_C3CB,D8:0D:17:3E:C3:CB,-72,3,Lab. Informática 09
17/03/2026,10:34:11,9,TP-Link_1324,7C:F1:7E:8D:13:22,-78,10,Lab. Informática 09
17/03/2026,10:34:11,9,IFPB,E4:4E:2D:85:4C:60,-81,11,Lab. Informática 09
17/03/2026,10:34:11,9,IFPB-Sala_Professor_14,48:51:CF:81:B0:9E,-82,5,Lab. Informática 09
17/03/2026,10:34:11,9,IFPB-VISITANTE,2C:57:41:D4:69:C2,-82,6,Lab. Informática 09
17/03/2026,10:34:11,9,IFPB,2C:57:41:D4:69:C0,-82,6,Lab. Informática 09
17/03/2026,10:34:11,9,IFPB-VISITANTE,E4:4E:2D:85:4C:62,-82,11,Lab. Informática 09
17/03/2026,10:34:11,9,IFPB,84:F1:47:54:FD:C0,-83,1,Lab. Informática 09
17/03/2026,10:34:11,9,IFPB-VISITANTE,84:F1:47:54:FD:C2,-85,1,Lab. Informática 09
17/03/2026,10:34:11,9,IFPB-VISITANTE,B8:11:4B:1D:1E:42,-86,6,Lab. Informática 09
17/03/2026,10:34:11,9,IFPB,B8:11:4B:1D:1E:40,-86,6,Lab. Informática 09
17/03/2026,10:34:11,9,Lab. de Sinais Digitais,18:D6:C7:F9:37:2F,-86,11,Lab. Informática 09
17/03/2026,10:34:11,9,Gabriel's Galaxy Tab S6 Lite,02:64:44:29:F3:37,-87,6,Lab. Informática 09
17/03/2026,10:34:11,9,NUNYA_Room_2.4GHz,CC:32:E5:0C:FC:2B,-87,10,Lab. Informática 09
17/03/2026,10:34:11,9,IFPB-VISITANTE,84:F1:47:54:96:E2,-88,1,Lab. Informática 09
17/03/2026,10:34:11,9,IFPB-Sala_13,E8:94:F6:B9:2F:46,-88,4,Lab. Informática 09
17/03/2026,10:34:11,9,UA2-MiniLab,60:32:B1:2D:66:C3,-88,10,Lab. Informática 09
17/03/2026,10:34:11,9,motorola one hyper_9136,6A:A5:88:F9:66:CE,-89,6,Lab. Informática 09
17/03/2026,10:34:11,9,GPDS,00:26:5A:66:55:EF,-89,6,Lab. Informática 09
17/03/2026,10:34:11,9,RFA-MG53,06:74:1F:4C:C3:47,-90,1,Lab. Informática 09
17/03/2026,10:34:11,9,LIMPEZA,54:E6:FC:CF:22:DE,-91,6,Lab. Informática 09
17/03/2026,10:34:21,10,IFPB TCC,D8:5D:4C:86:7E:66,-61,6,Lab. Informática 09
17/03/2026,10:34:21,10,IFPB-Sala_Professor_14,24:FD:0D:57:19:26,-63,2,Lab. Informática 09
17/03/2026,10:34:21,10,APTelefonia,58:10:8C:91:F3:AA,-66,1,Lab. Informática 09
17/03/2026,10:34:21,10,IFPB,84:F1:47:54:7F:20,-66,11,Lab. Informática 09
17/03/2026,10:34:21,10,IFPB-VISITANTE,84:F1:47:54:7F:22,-66,11,Lab. Informática 09
17/03/2026,10:34:21,10,TP-Link_C3CB,D8:0D:17:3E:C3:CB,-73,3,Lab. Informática 09
17/03/2026,10:34:21,10,Intelbras,18:0D:2C:7F:EB:AC,-73,7,Lab. Informática 09
17/03/2026,10:34:21,10,TP-Link_1324,7C:F1:7E:8D:13:22,-81,10,Lab. Informática 09
17/03/2026,10:34:21,10,IFPB-VISITANTE,E4:4E:2D:85:4C:62,-83,11,Lab. Informática 09
17/03/2026,10:34:21,10,IFPB,E4:4E:2D:85:4C:60,-84,11,Lab. Informática 09
17/03/2026,10:34:21,10,motorola one hyper_9136,6A:A5:88:F9:66:CE,-85,6,Lab. Informática 09
17/03/2026,10:34:21,10,IFPB-VISITANTE,2C:57:41:D4:69:C2,-85,6,Lab. Informática 09
17/03/2026,10:34:21,10,IFPB,2C:57:41:D4:69:C0,-85,6,Lab. Informática 09
17/03/2026,10:34:21,10,IFPB-Sala_Professor_14,48:51:CF:81:B0:9E,-86,5,Lab. Informática 09
17/03/2026,10:34:21,10,IFPB-VISITANTE,84:F1:47:54:96:E2,-87,1,Lab. Informática 09
17/03/2026,10:34:21,10,IFPB-VISITANTE,84:F1:47:54:FD:C2,-87,1,Lab. Informática 09
17/03/2026,10:34:21,10,NUNYA_Room_2.4GHz,CC:32:E5:0C:FC:2B,-87,10,Lab. Informática 09
17/03/2026,10:34:21,10,IFPB,84:F1:47:54:96:E0,-88,1,Lab. Informática 09
17/03/2026,10:34:21,10,LIMPEZA,54:E6:FC:CF:22:DE,-88,6,Lab. Informática 09
17/03/2026,10:34:21,10,GPDS,00:26:5A:66:55:EF,-89,6,Lab. Informática 09
17/03/2026,10:34:21,10,Lab. de Sinais Digitais,18:D6:C7:F9:37:2F,-89,11,Lab. Informática 09
17/03/2026,10:34:21,10,IFPB-Sala_13,E8:94:F6:B9:2F:46,-90,4,Lab. Informática 09
17/03/2026,10:34:21,10,UA2-MiniLab,60:32:B1:2D:66:C3,-90,10,Lab. Informática 09
17/03/2026,10:34:21,10,RFA-MG53,06:74:1F:4C:C3:47,-91,1,Lab. Informática 09
17/03/2026,10:34:21,10,Gabriel's Galaxy Tab S6 Lite,02:64:44:29:F3:37,-92,6,Lab. Informática 09
17/03/2026,10:34:53,11,IFPB-Sala_Professor_14,24:FD:0D:57:19:26,-54,2,Sala dos técnicos
17/03/2026,10:34:53,11,APTelefonia,58:10:8C:91:F3:AA,-63,1,Sala dos técnicos
17/03/2026,10:34:53,11,TP-Link_C3CB,D8:0D:17:3E:C3:CB,-68,3,Sala dos técnicos
17/03/2026,10:34:53,11,GPDS,00:26:5A:66:55:EF,-71,6,Sala dos técnicos
17/03/2026,10:34:53,11,Lab. de Sinais Digitais,18:D6:C7:F9:37:2F,-72,11,Sala dos técnicos
17/03/2026,10:34:53,11,Intelbras,18:0D:2C:7F:EB:AC,-77,7,Sala dos técnicos
17/03/2026,10:34:53,11,IFPB,84:F1:47:54:FD:C0,-78,1,Sala dos técnicos
17/03/2026,10:34:53,11,IFPB-VISITANTE,84:F1:47:54:FD:C2,-78,1,Sala dos técnicos
17/03/2026,10:34:53,11,IFPB,84:F1:47:54:7F:20,-78,11,Sala dos técnicos
17/03/2026,10:34:53,11,IFPB-VISITANTE,84:F1:47:54:7F:22,-78,11,Sala dos técnicos
17/03/2026,10:34:53,11,TP-Link_1324,7C:F1:7E:8D:13:22,-81,10,Sala dos técnicos
17/03/2026,10:34:53,11,Gabriel's Galaxy Tab S6 Lite,02:64:44:29:F3:37,-82,6,Sala dos técnicos
17/03/2026,10:34:53,11,NUNYA_Room_2.4GHz,CC:32:E5:0C:FC:2B,-82,10,Sala dos técnicos
17/03/2026,10:34:53,11,IFPB-VISITANTE,84:F1:47:54:96:E2,-84,1,Sala dos técnicos
17/03/2026,10:34:53,11,IFPB,84:F1:47:54:96:E0,-84,1,Sala dos técnicos
17/03/2026,10:34:53,11,UA2-MiniLab,60:32:B1:2D:66:C3,-86,10,Sala dos técnicos
17/03/2026,10:34:53,11,IFPB-VISITANTE,E4:4E:2D:85:4C:62,-88,11,Sala dos técnicos
17/03/2026,10:34:53,11,IFPB,E4:4E:2D:85:4C:60,-88,11,Sala dos técnicos
17/03/2026,10:34:53,11,IFPB,84:F1:47:54:F9:80,-89,11,Sala dos técnicos
17/03/2026,10:34:53,11,IFPB-VISITANTE,84:F1:47:54:F9:82,-91,11,Sala dos técnicos
17/03/2026,10:34:53,11,motorola one hyper_9136,6A:A5:88:F9:66:CE,-94,6,Sala dos técnicos
17/03/2026,10:35:03,12,IFPB-Sala_Professor_14,24:FD:0D:57:19:26,-60,2,Sala dos técnicos
17/03/2026,10:35:03,12,APTelefonia,58:10:8C:91:F3:AA,-67,1,Sala dos técnicos
17/03/2026,10:35:03,12,TP-Link_C3CB,D8:0D:17:3E:C3:CB,-67,3,Sala dos técnicos
17/03/2026,10:35:03,12,Intelbras,18:0D:2C:7F:EB:AC,-70,7,Sala dos técnicos
17/03/2026,10:35:03,12,Lab. de Sinais Digitais,18:D6:C7:F9:37:2F,-73,11,Sala dos técnicos
17/03/2026,10:35:03,12,IFPB TCC,D8:5D:4C:86:7E:66,-74,6,Sala dos técnicos
17/03/2026,10:35:03,12,IFPB,84:F1:47:54:FD:C0,-77,1,Sala dos técnicos
17/03/2026,10:35:03,12,IFPB-VISITANTE,84:F1:47:54:FD:C2,-77,1,Sala dos técnicos
17/03/2026,10:35:03,12,IFPB-Sala_Professor_14,48:51:CF:81:B0:9E,-77,5,Sala dos técnicos
17/03/2026,10:35:03,12,IFPB-VISITANTE,84:F1:47:54:7F:22,-78,11,Sala dos técnicos
17/03/2026,10:35:03,12,GPDS,00:26:5A:66:55:EF,-79,6,Sala dos técnicos
17/03/2026,10:35:03,12,IFPB,84:F1:47:54:7F:20,-80,11,Sala dos técnicos
17/03/2026,10:35:03,12,UA2-MiniLab,60:32:B1:2D:66:C3,-82,10,Sala dos técnicos
17/03/2026,10:35:03,12,IFPB,84:F1:47:54:96:E0,-84,1,Sala dos técnicos
17/03/2026,10:35:03,12,TP-Link_1324,7C:F1:7E:8D:13:22,-84,10,Sala dos técnicos
17/03/2026,10:35:03,12,IFPB-VISITANTE,84:F1:47:54:96:E2,-85,1,Sala dos técnicos
17/03/2026,10:35:03,12,IFPB,84:F1:47:54:71:00,-87,1,Sala dos técnicos
17/03/2026,10:35:03,12,IFPB-Sala_13,E8:94:F6:B9:2F:46,-87,4,Sala dos técnicos
17/03/2026,10:35:03,12,IFPB-VISITANTE,84:F1:47:54:95:E2,-87,11,Sala dos técnicos
17/03/2026,10:35:03,12,NUNYA_Room_2.4GHz,CC:32:E5:0C:FC:2B,-88,10,Sala dos técnicos
17/03/2026,10:35:03,12,IFPB-VISITANTE,84:F1:47:54:F9:82,-88,11,Sala dos técnicos
17/03/2026,10:35:03,12,IFPB,84:F1:47:54:F9:80,-88,11,Sala dos técnicos
17/03/2026,10:35:03,12,IFPB,84:F1:47:54:95:E0,-88,11,Sala dos técnicos
17/03/2026,10:35:03,12,motorola one hyper_9136,6A:A5:88:F9:66:CE,-89,6,Sala dos técnicos
17/03/2026,10:35:03,12,Gabriel's Galaxy Tab S6 Lite,02:64:44:29:F3:37,-92,6,Sala dos técnicos
17/03/2026,10:35:13,13,IFPB-Sala_Professor_14,24:FD:0D:57:19:26,-56,2,Sala dos técnicos
17/03/2026,10:35:13,13,APTelefonia,58:10:8C:91:F3:AA,-65,1,Sala dos técnicos
17/03/2026,10:35:13,13,TP-Link_C3CB,D8:0D:17:3E:C3:CB,-66,3,Sala dos técnicos
17/03/2026,10:35:13,13,IFPB-VISITANTE,84:F1:47:54:7F:22,-72,11,Sala dos técnicos
17/03/2026,10:35:13,13,GPDS,00:26:5A:66:55:EF,-73,6,Sala dos técnicos
17/03/2026,10:35:13,13,IFPB,84:F1:47:54:7F:20,-73,11,Sala dos técnicos
17/03/2026,10:35:13,13,IFPB-Sala_Professor_14,48:51:CF:81:B0:9E,-76,5,Sala dos técnicos
17/03/2026,10:35:13,13,IFPB TCC,D8:5D:4C:86:7E:66,-76,6,Sala dos técnicos
17/03/2026,10:35:13,13,IFPB,84:F1:47:54:FD:C0,-77,1,Sala dos técnicos
17/03/2026,10:35:13,13,IFPB-VISITANTE,84:F1:47:54:FD:C2,-77,1,Sala dos técnicos
17/03/2026,10:35:13,13,Intelbras,18:0D:2C:7F:EB:AC,-77,7,Sala dos técnicos
17/03/2026,10:35:13,13,TP-Link_1324,7C:F1:7E:8D:13:22,-77,10,Sala dos técnicos
17/03/2026,10:35:13,13,Gabriel's Galaxy Tab S6 Lite,02:64:44:29:F3:37,-79,6,Sala dos técnicos
17/03/2026,10:35:13,13,Lab. de Sinais Digitais,18:D6:C7:F9:37:2F,-79,11,Sala dos técnicos
17/03/2026,10:35:13,13,UA2-MiniLab,60:32:B1:2D:66:C3,-80,10,Sala dos técnicos
17/03/2026,10:35:13,13,NUNYA_Room_2.4GHz,CC:32:E5:0C:FC:2B,-85,10,Sala dos técnicos
17/03/2026,10:35:13,13,IFPB,84:F1:47:54:96:E0,-86,1,Sala dos técnicos
17/03/2026,10:35:13,13,IFPB-VISITANTE,84:F1:47:54:96:E2,-87,1,Sala dos técnicos
17/03/2026,10:35:13,13,IFPB-VISITANTE,2C:57:41:D4:69:C2,-88,6,Sala dos técnicos
17/03/2026,10:35:13,13,IFPB-VISITANTE,E4:4E:2D:85:4C:62,-88,11,Sala dos técnicos
17/03/2026,10:35:13,13,IFPB,E4:4E:2D:85:4C:60,-88,11,Sala dos técnicos
17/03/2026,10:35:13,13,IFPB-Sala_13,E8:94:F6:B9:2F:46,-91,4,Sala dos técnicos
17/03/2026,10:35:13,13,IFPB-VISITANTE,84:F1:47:54:F9:82,-91,11,Sala dos técnicos
17/03/2026,10:35:13,13,IFPB,84:F1:47:54:F9:80,-91,11,Sala dos técnicos
17/03/2026,10:35:13,13,motorola one hyper_9136,6A:A5:88:F9:66:CE,-92,6,Sala dos técnicos
17/03/2026,10:35:23,14,IFPB-Sala_Professor_14,24:FD:0D:57:19:26,-59,2,Sala dos técnicos
17/03/2026,10:35:23,14,TP-Link_C3CB,D8:0D:17:3E:C3:CB,-66,3,Sala dos técnicos
17/03/2026,10:35:23,14,APTelefonia,58:10:8C:91:F3:AA,-68,1,Sala dos técnicos
17/03/2026,10:35:23,14,Intelbras,18:0D:2C:7F:EB:AC,-70,7,Sala dos técnicos
17/03/2026,10:35:23,14,TP-Link_1324,7C:F1:7E:8D:13:22,-72,10,Sala dos técnicos
17/03/2026,10:35:23,14,IFPB TCC,D8:5D:4C:86:7E:66,-73,6,Sala dos técnicos
17/03/2026,10:35:23,14,GPDS,00:26:5A:66:55:EF,-78,6,Sala dos técnicos
17/03/2026,10:35:23,14,Lab. de Sinais Digitais,18:D6:C7:F9:37:2F,-78,11,Sala dos técnicos
17/03/2026,10:35:23,14,IFPB-VISITANTE,84:F1:47:54:FD:C2,-80,1,Sala dos técnicos
17/03/2026,10:35:23,14,IFPB-Sala_Professor_14,48:51:CF:81:B0:9E,-80,5,Sala dos técnicos
17/03/2026,10:35:23,14,IFPB,84:F1:47:54:FD:C0,-81,1,Sala dos técnicos
17/03/2026,10:35:23,14,IFPB,84:F1:47:54:7F:20,-81,11,Sala dos técnicos
17/03/2026,10:35:23,14,IFPB-VISITANTE,84:F1:47:54:7F:22,-81,11,Sala dos técnicos
17/03/2026,10:35:23,14,IFPB-Sala_13,E8:94:F6:B9:2F:46,-82,4,Sala dos técnicos
17/03/2026,10:35:23,14,UA2-MiniLab,60:32:B1:2D:66:C3,-85,10,Sala dos técnicos
17/03/2026,10:35:23,14,Gabriel's Galaxy Tab S6 Lite,02:64:44:29:F3:37,-86,6,Sala dos técnicos
17/03/2026,10:35:23,14,IFPB-VISITANTE,B8:11:4B:1D:1E:42,-86,6,Sala dos técnicos
17/03/2026,10:35:23,14,NUNYA_Room_2.4GHz,CC:32:E5:0C:FC:2B,-86,10,Sala dos técnicos
17/03/2026,10:35:23,14,IFPB-VISITANTE,84:F1:47:54:96:E2,-87,1,Sala dos técnicos
17/03/2026,10:35:23,14,IFPB,B8:11:4B:1D:1E:40,-87,6,Sala dos técnicos
17/03/2026,10:35:23,14,IFPB,2C:57:41:D4:69:C0,-87,6,Sala dos técnicos
17/03/2026,10:35:23,14,IFPB,84:F1:47:54:96:E0,-89,1,Sala dos técnicos
17/03/2026,10:35:23,14,LIMPEZA,54:E6:FC:CF:22:DE,-93,6,Sala dos técnicos
17/03/2026,10:35:23,14,NPEF/NEPA,50:C7:BF:EF:56:8A,-94,3,Sala dos técnicos
17/03/2026,10:35:23,14,motorola one hyper_9136,6A:A5:88:F9:66:CE,-94,6,Sala dos técnicos
17/03/2026,10:35:23,14,EBEF98EB-HE8D94xvZh1AO1J,44:D2:44:DD:32:41,-95,11,Sala dos técnicos
17/03/2026,10:35:33,15,APTelefonia,58:10:8C:91:F3:AA,-59,1,Sala dos técnicos
17/03/2026,10:35:33,15,IFPB-Sala_Professor_14,24:FD:0D:57:19:26,-66,2,Sala dos técnicos
17/03/2026,10:35:33,15,TP-Link_C3CB,D8:0D:17:3E:C3:CB,-66,3,Sala dos técnicos
17/03/2026,10:35:33,15,IFPB TCC,D8:5D:4C:86:7E:66,-67,6,Sala dos técnicos
17/03/2026,10:35:33,15,Intelbras,18:0D:2C:7F:EB:AC,-70,7,Sala dos técnicos
17/03/2026,10:35:33,15,IFPB,84:F1:47:54:7F:20,-73,11,Sala dos técnicos
17/03/2026,10:35:33,15,IFPB-VISITANTE,84:F1:47:54:7F:22,-73,11,Sala dos técnicos
17/03/2026,10:35:33,15,TP-Link_1324,7C:F1:7E:8D:13:22,-74,10,Sala dos técnicos
17/03/2026,10:35:33,15,GPDS,00:26:5A:66:55:EF,-75,6,Sala dos técnicos
17/03/2026,10:35:33,15,IFPB-Sala_Professor_14,48:51:CF:81:B0:9E,-76,5,Sala dos técnicos
17/03/2026,10:35:33,15,Lab. de Sinais Digitais,18:D6:C7:F9:37:2F,-77,11,Sala dos técnicos
17/03/2026,10:35:33,15,IFPB-VISITANTE,84:F1:47:54:FD:C2,-78,1,Sala dos técnicos
17/03/2026,10:35:33,15,IFPB,84:F1:47:54:FD:C0,-79,1,Sala dos técnicos
17/03/2026,10:35:33,15,IFPB,84:F1:47:54:96:E0,-80,1,Sala dos técnicos
17/03/2026,10:35:33,15,IFPB-VISITANTE,84:F1:47:54:96:E2,-80,1,Sala dos técnicos
17/03/2026,10:35:34,15,IFPB-Sala_13,E8:94:F6:B9:2F:46,-81,4,Sala dos técnicos
17/03/2026,10:35:34,15,NUNYA_Room_2.4GHz,CC:32:E5:0C:FC:2B,-82,10,Sala dos técnicos
17/03/2026,10:35:34,15,IFPB-VISITANTE,2C:57:41:D4:69:C2,-85,6,Sala dos técnicos
17/03/2026,10:35:34,15,IFPB,2C:57:41:D4:69:C0,-86,6,Sala dos técnicos
17/03/2026,10:35:34,15,UA2-MiniLab,60:32:B1:2D:66:C3,-87,10,Sala dos técnicos
17/03/2026,10:35:34,15,IFPB,E4:4E:2D:85:4C:60,-87,11,Sala dos técnicos
17/03/2026,10:35:34,15,Gabriel's Galaxy Tab S6 Lite,02:64:44:29:F3:37,-88,6,Sala dos técnicos
17/03/2026,10:35:34,15,IFPB-VISITANTE,E4:4E:2D:85:4C:62,-88,11,Sala dos técnicos
17/03/2026,10:35:34,15,motorola one hyper_9136,6A:A5:88:F9:66:CE,-91,6,Sala dos técnicos
17/03/2026,10:35:43,16,APTelefonia,58:10:8C:91:F3:AA,-66,1,Sala dos técnicos
17/03/2026,10:35:43,16,IFPB TCC,D8:5D:4C:86:7E:66,-67,6,Sala dos técnicos
17/03/2026,10:35:43,16,IFPB-Sala_Professor_14,24:FD:0D:57:19:26,-69,2,Sala dos técnicos
17/03/2026,10:35:43,16,TP-Link_C3CB,D8:0D:17:3E:C3:CB,-69,3,Sala dos técnicos
17/03/2026,10:35:43,16,IFPB-VISITANTE,84:F1:47:54:7F:22,-74,11,Sala dos técnicos
17/03/2026,10:35:43,16,IFPB,84:F1:47:54:7F:20,-75,11,Sala dos técnicos
17/03/2026,10:35:43,16,GPDS,00:26:5A:66:55:EF,-76,6,Sala dos técnicos
17/03/2026,10:35:43,16,Lab. de Sinais Digitais,18:D6:C7:F9:37:2F,-76,11,Sala dos técnicos
17/03/2026,10:35:43,16,IFPB-Sala_Professor_14,48:51:CF:81:B0:9E,-77,5,Sala dos técnicos
17/03/2026,10:35:43,16,IFPB,84:F1:47:54:96:E0,-78,1,Sala dos técnicos
17/03/2026,10:35:44,16,IFPB-VISITANTE,84:F1:47:54:96:E2,-78,1,Sala dos técnicos
17/03/2026,10:35:44,16,Intelbras,18:0D:2C:7F:EB:AC,-80,7,Sala dos técnicos
17/03/2026,10:35:44,16,TP-Link_1324,7C:F1:7E:8D:13:22,-80,10,Sala dos técnicos
17/03/2026,10:35:44,16,IFPB-Sala_13,E8:94:F6:B9:2F:46,-82,4,Sala dos técnicos
17/03/2026,10:35:44,16,IFPB-VISITANTE,84:F1:47:54:FD:C2,-86,1,Sala dos técnicos
17/03/2026,10:35:44,16,IFPB,2C:57:41:D4:69:C0,-86,6,Sala dos técnicos
17/03/2026,10:35:44,16,IFPB-VISITANTE,2C:57:41:D4:69:C2,-86,6,Sala dos técnicos
17/03/2026,10:35:44,16,IFPB,84:F1:47:54:FD:C0,-87,1,Sala dos técnicos
17/03/2026,10:35:44,16,UA2-MiniLab,60:32:B1:2D:66:C3,-88,10,Sala dos técnicos
17/03/2026,10:35:44,16,NPEF/NEPA,50:C7:BF:EF:56:8A,-91,3,Sala dos técnicos
17/03/2026,10:35:44,16,NUNYA_Room_2.4GHz,CC:32:E5:0C:FC:2B,-91,10,Sala dos técnicos
17/03/2026,10:35:44,16,Gabriel's Galaxy Tab S6 Lite,02:64:44:29:F3:37,-92,6,Sala dos técnicos
17/03/2026,10:35:44,16,motorola one hyper_9136,6A:A5:88:F9:66:CE,-92,6,Sala dos técnicos
17/03/2026,10:35:44,16,IFPB-VISITANTE,E4:4E:2D:85:4C:62,-92,11,Sala dos técnicos
17/03/2026,10:35:44,16,Lab Redes Convergentes,64:70:02:99:FE:F4,-95,11,Sala dos técnicos
17/03/2026,10:35:53,17,APTelefonia,58:10:8C:91:F3:AA,-62,1,Sala dos técnicos
17/03/2026,10:35:53,17,IFPB-Sala_Professor_14,24:FD:0D:57:19:26,-66,2,Sala dos técnicos
17/03/2026,10:35:53,17,GPDS,00:26:5A:66:55:EF,-70,6,Sala dos técnicos
17/03/2026,10:35:53,17,TP-Link_C3CB,D8:0D:17:3E:C3:CB,-71,3,Sala dos técnicos
17/03/2026,10:35:53,17,Lab. de Sinais Digitais,18:D6:C7:F9:37:2F,-74,11,Sala dos técnicos
17/03/2026,10:35:54,17,Intelbras,18:0D:2C:7F:EB:AC,-75,7,Sala dos técnicos
17/03/2026,10:35:54,17,IFPB,84:F1:47:54:7F:20,-78,11,Sala dos técnicos
17/03/2026,10:35:54,17,IFPB-VISITANTE,84:F1:47:54:7F:22,-78,11,Sala dos técnicos
17/03/2026,10:35:54,17,IFPB,84:F1:47:54:FD:C0,-82,1,Sala dos técnicos
17/03/2026,10:35:54,17,IFPB-VISITANTE,84:F1:47:54:FD:C2,-82,1,Sala dos técnicos
17/03/2026,10:35:54,17,IFPB-Sala_Professor_14,48:51:CF:81:B0:9E,-82,5,Sala dos técnicos
17/03/2026,10:35:54,17,NUNYA_Room_2.4GHz,CC:32:E5:0C:FC:2B,-82,10,Sala dos técnicos
17/03/2026,10:35:54,17,IFPB-VISITANTE,2C:57:41:D4:69:C2,-84,6,Sala dos técnicos
17/03/2026,10:35:54,17,IFPB TCC,D8:5D:4C:86:7E:66,-84,6,Sala dos técnicos
17/03/2026,10:35:54,17,IFPB-Sala_13,E8:94:F6:B9:2F:46,-85,4,Sala dos técnicos
17/03/2026,10:35:54,17,IFPB,2C:57:41:D4:69:C0,-85,6,Sala dos técnicos
17/03/2026,10:35:54,17,TP-Link_1324,7C:F1:7E:8D:13:22,-85,10,Sala dos técnicos
17/03/2026,10:35:54,17,IFPB-VISITANTE,84:F1:47:54:96:E2,-86,1,Sala dos técnicos
17/03/2026,10:35:54,17,UA2-MiniLab,60:32:B1:2D:66:C3,-86,10,Sala dos técnicos
17/03/2026,10:35:54,17,IFPB,E4:4E:2D:85:4C:60,-87,11,Sala dos técnicos
17/03/2026,10:35:54,17,IFPB,84:F1:47:54:96:E0,-88,1,Sala dos técnicos
17/03/2026,10:35:54,17,IFPB-VISITANTE,E4:4E:2D:85:4C:62,-88,11,Sala dos técnicos
17/03/2026,10:35:54,17,Gabriel's Galaxy Tab S6 Lite,02:64:44:29:F3:37,-89,6,Sala dos técnicos
17/03/2026,10:35:54,17,motorola one hyper_9136,6A:A5:88:F9:66:CE,-90,6,Sala dos técnicos
17/03/2026,10:36:04,18,APTelefonia,58:10:8C:91:F3:AA,-63,1,Sala dos técnicos
17/03/2026,10:36:04,18,TP-Link_C3CB,D8:0D:17:3E:C3:CB,-65,3,Sala dos técnicos
17/03/2026,10:36:04,18,IFPB TCC,D8:5D:4C:86:7E:66,-68,6,Sala dos técnicos
17/03/2026,10:36:04,18,IFPB-Sala_Professor_14,24:FD:0D:57:19:26,-73,2,Sala dos técnicos
17/03/2026,10:36:04,18,GPDS,00:26:5A:66:55:EF,-74,6,Sala dos técnicos
17/03/2026,10:36:04,18,Intelbras,18:0D:2C:7F:EB:AC,-74,7,Sala dos técnicos
17/03/2026,10:36:04,18,Lab. de Sinais Digitais,18:D6:C7:F9:37:2F,-74,11,Sala dos técnicos
17/03/2026,10:36:04,18,IFPB-VISITANTE,84:F1:47:54:7F:22,-74,11,Sala dos técnicos
17/03/2026,10:36:04,18,IFPB,84:F1:47:54:7F:20,-75,11,Sala dos técnicos
17/03/2026,10:36:04,18,IFPB-Sala_Professor_14,48:51:CF:81:B0:9E,-79,5,Sala dos técnicos
17/03/2026,10:36:04,18,NUNYA_Room_2.4GHz,CC:32:E5:0C:FC:2B,-80,10,Sala dos técnicos
17/03/2026,10:36:04,18,IFPB,84:F1:47:54:96:E0,-82,1,Sala dos técnicos
17/03/2026,10:36:04,18,IFPB,84:F1:47:54:FD:C0,-82,1,Sala dos técnicos
17/03/2026,10:36:04,18,IFPB-VISITANTE,84:F1:47:54:FD:C2,-82,1,Sala dos técnicos
17/03/2026,10:36:04,18,IFPB-VISITANTE,84:F1:47:54:96:E2,-84,1,Sala dos técnicos
17/03/2026,10:36:04,18,IFPB-Sala_13,E8:94:F6:B9:2F:46,-84,4,Sala dos técnicos
17/03/2026,10:36:04,18,TP-Link_1324,7C:F1:7E:8D:13:22,-84,10,Sala dos técnicos
17/03/2026,10:36:04,18,Gabriel's Galaxy Tab S6 Lite,02:64:44:29:F3:37,-85,6,Sala dos técnicos
17/03/2026,10:36:04,18,IFPB-VISITANTE,84:F1:47:54:95:E2,-87,11,Sala dos técnicos
17/03/2026,10:36:04,18,IFPB-VISITANTE,2C:57:41:D4:69:C2,-88,6,Sala dos técnicos
17/03/2026,10:36:04,18,IFPB,2C:57:41:D4:69:C0,-89,6,Sala dos técnicos
17/03/2026,10:36:04,18,IFPB-VISITANTE,84:F1:47:54:F9:82,-89,11,Sala dos técnicos
17/03/2026,10:36:04,18,IFPB,84:F1:47:54:F9:80,-89,11,Sala dos técnicos
17/03/2026,10:36:04,18,IFPB,84:F1:47:54:95:E0,-89,11,Sala dos técnicos
17/03/2026,10:36:04,18,motorola one hyper_9136,6A:A5:88:F9:66:CE,-90,6,Sala dos técnicos
17/03/2026,10:36:04,18,UA2-MiniLab,60:32:B1:2D:66:C3,-91,10,Sala dos técnicos
17/03/2026,10:36:04,18,EBEF98EB-HE8D94xvZh1AO1J,44:D2:44:DD:32:41,-95,11,Sala dos técnicos
17/03/2026,10:36:14,19,APTelefonia,58:10:8C:91:F3:AA,-63,1,Sala dos técnicos
17/03/2026,10:36:14,19,IFPB-Sala_Professor_14,24:FD:0D:57:19:26,-67,2,Sala dos técnicos
17/03/2026,10:36:14,19,IFPB TCC,D8:5D:4C:86:7E:66,-68,6,Sala dos técnicos
17/03/2026,10:36:14,19,Intelbras,18:0D:2C:7F:EB:AC,-70,7,Sala dos técnicos
17/03/2026,10:36:14,19,TP-Link_C3CB,D8:0D:17:3E:C3:CB,-73,3,Sala dos técnicos
17/03/2026,10:36:14,19,IFPB-Sala_Professor_14,48:51:CF:81:B0:9E,-76,5,Sala dos técnicos
17/03/2026,10:36:14,19,IFPB,84:F1:47:54:7F:20,-76,11,Sala dos técnicos
17/03/2026,10:36:14,19,IFPB-VISITANTE,84:F1:47:54:7F:22,-77,11,Sala dos técnicos
17/03/2026,10:36:14,19,Lab. de Sinais Digitais,18:D6:C7:F9:37:2F,-78,11,Sala dos técnicos
17/03/2026,10:36:14,19,TP-Link_1324,7C:F1:7E:8D:13:22,-80,10,Sala dos técnicos
17/03/2026,10:36:14,19,IFPB-Sala_13,E8:94:F6:B9:2F:46,-82,4,Sala dos técnicos
17/03/2026,10:36:14,19,UA2-MiniLab,60:32:B1:2D:66:C3,-82,10,Sala dos técnicos
17/03/2026,10:36:14,19,IFPB,84:F1:47:54:FD:C0,-83,1,Sala dos técnicos
17/03/2026,10:36:14,19,IFPB-VISITANTE,84:F1:47:54:FD:C2,-83,1,Sala dos técnicos
17/03/2026,10:36:14,19,NUNYA_Room_2.4GHz,CC:32:E5:0C:FC:2B,-83,10,Sala dos técnicos
17/03/2026,10:36:14,19,Gabriel's Galaxy Tab S6 Lite,02:64:44:29:F3:37,-85,6,Sala dos técnicos
17/03/2026,10:36:14,19,GPDS,00:26:5A:66:55:EF,-86,6,Sala dos técnicos
17/03/2026,10:36:14,19,IFPB-VISITANTE,84:F1:47:54:95:E2,-87,11,Sala dos técnicos
17/03/2026,10:36:14,19,IFPB,84:F1:47:54:96:E0,-88,1,Sala dos técnicos
17/03/2026,10:36:14,19,IFPB-VISITANTE,84:F1:47:54:96:E2,-88,1,Sala dos técnicos
17/03/2026,10:36:14,19,IFPB,84:F1:47:54:95:E0,-88,11,Sala dos técnicos
17/03/2026,10:36:14,19,IFPB-VISITANTE,E4:4E:2D:85:4C:62,-89,11,Sala dos técnicos
17/03/2026,10:36:14,19,IFPB,E4:4E:2D:85:4C:60,-90,11,Sala dos técnicos
17/03/2026,10:36:14,19,Lab Redes Convergentes,64:70:02:99:FE:F4,-91,11,Sala dos técnicos
17/03/2026,10:36:24,20,IFPB-Sala_Professor_14,24:FD:0D:57:19:26,-63,2,Sala dos técnicos
17/03/2026,10:36:24,20,IFPB TCC,D8:5D:4C:86:7E:66,-67,6,Sala dos técnicos
17/03/2026,10:36:24,20,APTelefonia,58:10:8C:91:F3:AA,-68,1,Sala dos técnicos
17/03/2026,10:36:24,20,TP-Link_C3CB,D8:0D:17:3E:C3:CB,-72,3,Sala dos técnicos
17/03/2026,10:36:24,20,TP-Link_1324,7C:F1:7E:8D:13:22,-75,10,Sala dos técnicos
17/03/2026,10:36:24,20,IFPB,84:F1:47:54:FD:C0,-77,1,Sala dos técnicos
17/03/2026,10:36:24,20,IFPB-VISITANTE,84:F1:47:54:FD:C2,-77,1,Sala dos técnicos
17/03/2026,10:36:24,20,Lab. de Sinais Digitais,18:D6:C7:F9:37:2F,-77,11,Sala dos técnicos
17/03/2026,10:36:24,20,Intelbras,18:0D:2C:7F:EB:AC,-78,7,Sala dos técnicos
17/03/2026,10:36:24,20,IFPB,84:F1:47:54:7F:20,-78,11,Sala dos técnicos
17/03/2026,10:36:24,20,IFPB-VISITANTE,84:F1:47:54:7F:22,-78,11,Sala dos técnicos
17/03/2026,10:36:24,20,GPDS,00:26:5A:66:55:EF,-79,6,Sala dos técnicos
17/03/2026,10:36:24,20,IFPB,84:F1:47:54:96:E0,-80,1,Sala dos técnicos
17/03/2026,10:36:24,20,IFPB-VISITANTE,84:F1:47:54:96:E2,-80,1,Sala dos técnicos
17/03/2026,10:36:24,20,IFPB-Sala_Professor_14,48:51:CF:81:B0:9E,-82,5,Sala dos técnicos
17/03/2026,10:36:24,20,NUNYA_Room_2.4GHz,CC:32:E5:0C:FC:2B,-84,10,Sala dos técnicos
17/03/2026,10:36:24,20,Gabriel's Galaxy Tab S6 Lite,02:64:44:29:F3:37,-85,6,Sala dos técnicos
17/03/2026,10:36:24,20,IFPB,2C:57:41:D4:69:C0,-86,6,Sala dos técnicos
17/03/2026,10:36:24,20,IFPB-VISITANTE,B8:11:4B:1D:1E:42,-86,6,Sala dos técnicos
17/03/2026,10:36:24,20,IFPB-VISITANTE,2C:57:41:D4:69:C2,-88,6,Sala dos técnicos
17/03/2026,10:36:24,20,motorola one hyper_9136,6A:A5:88:F9:66:CE,-88,6,Sala dos técnicos
17/03/2026,10:36:24,20,IFPB-Sala_13,E8:94:F6:B9:2F:46,-89,4,Sala dos técnicos
17/03/2026,10:36:24,20,IFPB,B8:11:4B:1D:1E:40,-89,6,Sala dos técnicos
17/03/2026,10:36:24,20,UA2-MiniLab,60:32:B1:2D:66:C3,-90,10,Sala dos técnicos
17/03/2026,10:36:24,20,EBEF98EB-HE8D94xvZh1AO1J,44:D2:44:DD:32:41,-96,11,Sala dos técnicos
17/03/2026,10:37:03,21,IFPB-Sala_Professor_14,24:FD:0D:57:19:26,-63,2,Lab. de telecomunicações
17/03/2026,10:37:03,21,APTelefonia,58:10:8C:91:F3:AA,-70,1,Lab. de telecomunicações
17/03/2026,10:37:03,21,Intelbras,18:0D:2C:7F:EB:AC,-71,7,Lab. de telecomunicações
17/03/2026,10:37:03,21,IFPB TCC,D8:5D:4C:86:7E:66,-73,6,Lab. de telecomunicações
17/03/2026,10:37:03,21,Lab. de Sinais Digitais,18:D6:C7:F9:37:2F,-73,11,Lab. de telecomunicações
17/03/2026,10:37:03,21,IFPB,84:F1:47:54:FD:C0,-76,1,Lab. de telecomunicações
17/03/2026,10:37:03,21,IFPB-VISITANTE,84:F1:47:54:FD:C2,-76,1,Lab. de telecomunicações
17/03/2026,10:37:03,21,IFPB-VISITANTE,84:F1:47:54:7F:22,-79,11,Lab. de telecomunicações
17/03/2026,10:37:03,21,IFPB-Sala_Professor_14,48:51:CF:81:B0:9E,-80,5,Lab. de telecomunicações
17/03/2026,10:37:03,21,IFPB,84:F1:47:54:7F:20,-80,11,Lab. de telecomunicações
17/03/2026,10:37:03,21,IFPB,84:F1:47:54:96:E0,-82,1,Lab. de telecomunicações
17/03/2026,10:37:03,21,TP-Link_C3CB,D8:0D:17:3E:C3:CB,-82,3,Lab. de telecomunicações
17/03/2026,10:37:03,21,IFPB-Sala_13,E8:94:F6:B9:2F:46,-82,4,Lab. de telecomunicações
17/03/2026,10:37:03,21,IFPB-VISITANTE,84:F1:47:54:71:02,-83,1,Lab. de telecomunicações
17/03/2026,10:37:03,21,GPDS,00:26:5A:66:55:EF,-83,6,Lab. de telecomunicações
17/03/2026,10:37:03,21,TP-Link_1324,7C:F1:7E:8D:13:22,-83,10,Lab. de telecomunicações
17/03/2026,10:37:03,21,IFPB-VISITANTE,84:F1:47:54:96:E2,-84,1,Lab. de telecomunicações
17/03/2026,10:37:03,21,IFPB,84:F1:47:54:71:00,-84,1,Lab. de telecomunicações
17/03/2026,10:37:03,21,Gabriel's Galaxy Tab S6 Lite,02:64:44:29:F3:37,-85,6,Lab. de telecomunicações
17/03/2026,10:37:03,21,UA2-MiniLab,60:32:B1:2D:66:C3,-85,10,Lab. de telecomunicações
17/03/2026,10:37:03,21,NUNYA_Room_2.4GHz,CC:32:E5:0C:FC:2B,-87,10,Lab. de telecomunicações
17/03/2026,10:37:03,21,IFPB-VISITANTE,B8:11:4B:1D:1E:42,-89,6,Lab. de telecomunicações
17/03/2026,10:37:03,21,IFPB,B8:11:4B:1D:1E:40,-89,6,Lab. de telecomunicações
17/03/2026,10:37:03,21,IFPB-VISITANTE,E4:4E:2D:85:4C:62,-89,11,Lab. de telecomunicações
17/03/2026,10:37:03,21,motorola one hyper_9136,6A:A5:88:F9:66:CE,-90,6,Lab. de telecomunicações
17/03/2026,10:37:03,21,IFPB,E4:4E:2D:85:4C:60,-90,11,Lab. de telecomunicações
17/03/2026,10:37:03,21,IFPB-VISITANTE,84:F1:47:54:95:E2,-90,11,Lab. de telecomunicações
17/03/2026,10:37:03,21,IFPB,84:F1:47:54:95:E0,-91,11,Lab. de telecomunicações
17/03/2026,10:37:03,21,Lab Redes Convergentes,64:70:02:99:FE:F4,-92,11,Lab. de telecomunicações
17/03/2026,10:37:13,22,IFPB-Sala_Professor_14,24:FD:0D:57:19:26,-61,2,Lab. de telecomunicações
17/03/2026,10:37:13,22,IFPB TCC,D8:5D:4C:86:7E:66,-72,6,Lab. de telecomunicações
17/03/2026,10:37:13,22,APTelefonia,58:10:8C:91:F3:AA,-73,1,Lab. de telecomunicações
17/03/2026,10:37:13,22,IFPB-Sala_Professor_14,48:51:CF:81:B0:9E,-73,5,Lab. de telecomunicações
17/03/2026,10:37:13,22,Intelbras,18:0D:2C:7F:EB:AC,-73,7,Lab. de telecomunicações
17/03/2026,10:37:13,22,TP-Link_C3CB,D8:0D:17:3E:C3:CB,-74,3,Lab. de telecomunicações
17/03/2026,10:37:13,22,IFPB,84:F1:47:54:FD:C0,-75,1,Lab. de telecomunicações
17/03/2026,10:37:13,22,IFPB-VISITANTE,84:F1:47:54:FD:C2,-76,1,Lab. de telecomunicações
17/03/2026,10:37:13,22,IFPB,84:F1:47:54:7F:20,-77,11,Lab. de telecomunicações
17/03/2026,10:37:13,22,IFPB-VISITANTE,84:F1:47:54:7F:22,-77,11,Lab. de telecomunicações
17/03/2026,10:37:13,22,TP-Link_1324,7C:F1:7E:8D:13:22,-79,10,Lab. de telecomunicações
17/03/2026,10:37:13,22,Gabriel's Galaxy Tab S6 Lite,02:64:44:29:F3:37,-80,6,Lab. de telecomunicações
17/03/2026,10:37:13,22,GPDS,00:26:5A:66:55:EF,-80,6,Lab. de telecomunicações
17/03/2026,10:37:13,22,Lab. de Sinais Digitais,18:D6:C7:F9:37:2F,-80,11,Lab. de telecomunicações
17/03/2026,10:37:13,22,IFPB,84:F1:47:54:96:E0,-83,1,Lab. de telecomunicações
17/03/2026,10:37:13,22,IFPB-VISITANTE,84:F1:47:54:71:02,-84,1,Lab. de telecomunicações
17/03/2026,10:37:13,22,IFPB,84:F1:47:54:71:00,-84,1,Lab. de telecomunicações
17/03/2026,10:37:13,22,IFPB-Sala_13,E8:94:F6:B9:2F:46,-84,4,Lab. de telecomunicações
17/03/2026,10:37:13,22,IFPB-VISITANTE,84:F1:47:54:96:E2,-85,1,Lab. de telecomunicações
17/03/2026,10:37:13,22,UA2-MiniLab,60:32:B1:2D:66:C3,-85,10,Lab. de telecomunicações
17/03/2026,10:37:13,22,NUNYA_Room_2.4GHz,CC:32:E5:0C:FC:2B,-88,10,Lab. de telecomunicações
17/03/2026,10:37:13,22,IFPB,B8:11:4B:1D:1E:40,-89,6,Lab. de telecomunicações
17/03/2026,10:37:13,22,IFPB-VISITANTE,B8:11:4B:1D:1E:42,-89,6,Lab. de telecomunicações
17/03/2026,10:37:13,22,Lab Redes Convergentes,64:70:02:99:FE:F4,-93,11,Lab. de telecomunicações
17/03/2026,10:37:13,22,motorola one hyper_9136,6A:A5:88:F9:66:CE,-94,6,Lab. de telecomunicações
17/03/2026,10:37:23,23,IFPB-Sala_Professor_14,24:FD:0D:57:19:26,-61,2,Lab. de telecomunicações
17/03/2026,10:37:23,23,TP-Link_C3CB,D8:0D:17:3E:C3:CB,-65,3,Lab. de telecomunicações
17/03/2026,10:37:23,23,APTelefonia,58:10:8C:91:F3:AA,-66,1,Lab. de telecomunicações
17/03/2026,10:37:23,23,Intelbras,18:0D:2C:7F:EB:AC,-68,7,Lab. de telecomunicações
17/03/2026,10:37:23,23,GPDS,00:26:5A:66:55:EF,-74,6,Lab. de telecomunicações
17/03/2026,10:37:23,23,IFPB-Sala_Professor_14,48:51:CF:81:B0:9E,-75,5,Lab. de telecomunicações
17/03/2026,10:37:23,23,Lab. de Sinais Digitais,18:D6:C7:F9:37:2F,-76,11,Lab. de telecomunicações
17/03/2026,10:37:23,23,IFPB,84:F1:47:54:FD:C0,-78,1,Lab. de telecomunicações
17/03/2026,10:37:23,23,IFPB-VISITANTE,84:F1:47:54:FD:C2,-79,1,Lab. de telecomunicações
17/03/2026,10:37:23,23,IFPB-Sala_13,E8:94:F6:B9:2F:46,-79,4,Lab. de telecomunicações
17/03/2026,10:37:23,23,IFPB,84:F1:47:54:7F:20,-79,11,Lab. de telecomunicações
17/03/2026,10:37:23,23,IFPB-VISITANTE,84:F1:47:54:7F:22,-79,11,Lab. de telecomunicações
17/03/2026,10:37:23,23,IFPB TCC,D8:5D:4C:86:7E:66,-80,6,Lab. de telecomunicações
17/03/2026,10:37:23,23,TP-Link_1324,7C:F1:7E:8D:13:22,-82,10,Lab. de telecomunicações
17/03/2026,10:37:23,23,IFPB,84:F1:47:54:96:E0,-86,1,Lab. de telecomunicações
17/03/2026,10:37:23,23,IFPB-VISITANTE,84:F1:47:54:96:E2,-87,1,Lab. de telecomunicações
17/03/2026,10:37:24,23,IFPB-VISITANTE,84:F1:47:54:71:02,-87,1,Lab. de telecomunicações
17/03/2026,10:37:24,23,IFPB,2C:57:41:D4:69:C0,-89,6,Lab. de telecomunicações
17/03/2026,10:37:24,23,UA2-MiniLab,60:32:B1:2D:66:C3,-89,10,Lab. de telecomunicações
17/03/2026,10:37:24,23,IFPB,E4:4E:2D:85:4C:60,-89,11,Lab. de telecomunicações
17/03/2026,10:37:24,23,IFPB,84:F1:47:54:71:00,-90,1,Lab. de telecomunicações
17/03/2026,10:37:24,23,IFPB-VISITANTE,E4:4E:2D:85:4C:62,-90,11,Lab. de telecomunicações
17/03/2026,10:37:24,23,Gabriel's Galaxy Tab S6 Lite,02:64:44:29:F3:37,-91,6,Lab. de telecomunicações
17/03/2026,10:37:24,23,motorola one hyper_9136,6A:A5:88:F9:66:CE,-92,6,Lab. de telecomunicações
17/03/2026,10:37:24,23,NUNYA_Room_2.4GHz,CC:32:E5:0C:FC:2B,-92,10,Lab. de telecomunicações
17/03/2026,10:37:33,24,APTelefonia,58:10:8C:91:F3:AA,-62,1,Lab. de telecomunicações
17/03/2026,10:37:33,24,IFPB-Sala_Professor_14,24:FD:0D:57:19:26,-65,2,Lab. de telecomunicações
17/03/2026,10:37:33,24,TP-Link_C3CB,D8:0D:17:3E:C3:CB,-68,3,Lab. de telecomunicações
17/03/2026,10:37:33,24,IFPB-Sala_Professor_14,48:51:CF:81:B0:9E,-68,5,Lab. de telecomunicações
17/03/2026,10:37:33,24,IFPB,84:F1:47:54:FD:C0,-73,1,Lab. de telecomunicações
17/03/2026,10:37:33,24,IFPB-VISITANTE,84:F1:47:54:FD:C2,-73,1,Lab. de telecomunicações
17/03/2026,10:37:33,24,Lab. de Sinais Digitais,18:D6:C7:F9:37:2F,-73,11,Lab. de telecomunicações
17/03/2026,10:37:33,24,IFPB TCC,D8:5D:4C:86:7E:66,-74,6,Lab. de telecomunicações
17/03/2026,10:37:33,24,IFPB,84:F1:47:54:7F:20,-76,11,Lab. de telecomunicações
17/03/2026,10:37:33,24,IFPB-VISITANTE,84:F1:47:54:7F:22,-78,11,Lab. de telecomunicações
17/03/2026,10:37:34,24,Intelbras,18:0D:2C:7F:EB:AC,-79,7,Lab. de telecomunicações
17/03/2026,10:37:34,24,GPDS,00:26:5A:66:55:EF,-80,6,Lab. de telecomunicações
17/03/2026,10:37:34,24,TP-Link_1324,7C:F1:7E:8D:13:22,-80,10,Lab. de telecomunicações
17/03/2026,10:37:34,24,NUNYA_Room_2.4GHz,CC:32:E5:0C:FC:2B,-80,10,Lab. de telecomunicações
17/03/2026,10:37:34,24,IFPB,84:F1:47:54:71:00,-81,1,Lab. de telecomunicações
17/03/2026,10:37:34,24,IFPB-VISITANTE,84:F1:47:54:71:02,-81,1,Lab. de telecomunicações
17/03/2026,10:37:34,24,IFPB-VISITANTE,2C:57:41:D4:69:C2,-83,6,Lab. de telecomunicações
17/03/2026,10:37:34,24,Gabriel's Galaxy Tab S6 Lite,02:64:44:29:F3:37,-83,6,Lab. de telecomunicações
17/03/2026,10:37:34,24,IFPB,2C:57:41:D4:69:C0,-84,6,Lab. de telecomunicações
17/03/2026,10:37:34,24,IFPB,84:F1:47:54:96:E0,-85,1,Lab. de telecomunicações
17/03/2026,10:37:34,24,IFPB-VISITANTE,84:F1:47:54:96:E2,-85,1,Lab. de telecomunicações
17/03/2026,10:37:34,24,motorola one hyper_9136,6A:A5:88:F9:66:CE,-86,6,Lab. de telecomunicações
17/03/2026,10:37:34,24,IFPB-Sala_13,E8:94:F6:B9:2F:46,-88,4,Lab. de telecomunicações
17/03/2026,10:37:34,24,IFPB-VISITANTE,E4:4E:2D:85:4C:62,-88,11,Lab. de telecomunicações
17/03/2026,10:37:34,24,IFPB,E4:4E:2D:85:4C:60,-89,11,Lab. de telecomunicações
17/03/2026,10:37:34,24,LIMPEZA,54:E6:FC:CF:22:DE,-90,6,Lab. de telecomunicações
17/03/2026,10:37:44,25,IFPB-Sala_Professor_14,24:FD:0D:57:19:26,-59,2,Lab. de telecomunicações
17/03/2026,10:37:44,25,APTelefonia,58:10:8C:91:F3:AA,-61,1,Lab. de telecomunicações
17/03/2026,10:37:44,25,TP-Link_C3CB,D8:0D:17:3E:C3:CB,-71,3,Lab. de telecomunicações
17/03/2026,10:37:44,25,IFPB TCC,D8:5D:4C:86:7E:66,-71,6,Lab. de telecomunicações
17/03/2026,10:37:44,25,IFPB-Sala_Professor_14,48:51:CF:81:B0:9E,-73,5,Lab. de telecomunicações
17/03/2026,10:37:44,25,Lab. de Sinais Digitais,18:D6:C7:F9:37:2F,-73,11,Lab. de telecomunicações
17/03/2026,10:37:44,25,IFPB,84:F1:47:54:7F:20,-75,11,Lab. de telecomunicações
17/03/2026,10:37:44,25,IFPB-VISITANTE,84:F1:47:54:7F:22,-75,11,Lab. de telecomunicações
17/03/2026,10:37:44,25,IFPB,84:F1:47:54:FD:C0,-77,1,Lab. de telecomunicações
17/03/2026,10:37:44,25,Intelbras,18:0D:2C:7F:EB:AC,-77,7,Lab. de telecomunicações
17/03/2026,10:37:44,25,IFPB-VISITANTE,84:F1:47:54:FD:C2,-78,1,Lab. de telecomunicações
17/03/2026,10:37:44,25,GPDS,00:26:5A:66:55:EF,-82,6,Lab. de telecomunicações
17/03/2026,10:37:44,25,IFPB-Sala_13,E8:94:F6:B9:2F:46,-84,4,Lab. de telecomunicações
17/03/2026,10:37:44,25,TP-Link_1324,7C:F1:7E:8D:13:22,-84,10,Lab. de telecomunicações
17/03/2026,10:37:44,25,IFPB-VISITANTE,84:F1:47:54:96:E2,-85,1,Lab. de telecomunicações
17/03/2026,10:37:44,25,UA2-MiniLab,60:32:B1:2D:66:C3,-85,10,Lab. de telecomunicações
17/03/2026,10:37:44,25,IFPB,84:F1:47:54:71:00,-87,1,Lab. de telecomunicações
17/03/2026,10:37:44,25,IFPB,84:F1:47:54:96:E0,-87,1,Lab. de telecomunicações
17/03/2026,10:37:44,25,IFPB-VISITANTE,84:F1:47:54:71:02,-87,1,Lab. de telecomunicações
17/03/2026,10:37:44,25,NUNYA_Room_2.4GHz,CC:32:E5:0C:FC:2B,-87,10,Lab. de telecomunicações
17/03/2026,10:37:44,25,IFPB,2C:57:41:D4:69:C0,-88,6,Lab. de telecomunicações
17/03/2026,10:37:44,25,IFPB-VISITANTE,B8:11:4B:1D:1E:42,-88,6,Lab. de telecomunicações
17/03/2026,10:37:44,25,Gabriel's Galaxy Tab S6 Lite,02:64:44:29:F3:37,-89,6,Lab. de telecomunicações
17/03/2026,10:37:44,25,IFPB-VISITANTE,2C:57:41:D4:69:C2,-89,6,Lab. de telecomunicações
17/03/2026,10:37:44,25,IFPB,B8:11:4B:1D:1E:40,-90,6,Lab. de telecomunicações
17/03/2026,10:37:44,25,IFPB-VISITANTE,E4:4E:2D:85:4C:62,-90,11,Lab. de telecomunicações
17/03/2026,10:37:44,25,Lab Redes Convergentes,64:70:02:99:FE:F4,-91,11,Lab. de telecomunicações
17/03/2026,10:37:44,25,motorola one hyper_9136,6A:A5:88:F9:66:CE,-92,6,Lab. de telecomunicações
17/03/2026,10:37:44,25,LIMPEZA,54:E6:FC:CF:22:DE,-93,6,Lab. de telecomunicações
17/03/2026,10:37:54,26,IFPB-Sala_Professor_14,24:FD:0D:57:19:26,-61,2,Lab. de telecomunicações
17/03/2026,10:37:54,26,APTelefonia,58:10:8C:91:F3:AA,-62,1,Lab. de telecomunicações
17/03/2026,10:37:54,26,TP-Link_C3CB,D8:0D:17:3E:C3:CB,-65,3,Lab. de telecomunicações
17/03/2026,10:37:54,26,IFPB-VISITANTE,84:F1:47:54:FD:C2,-77,1,Lab. de telecomunicações
17/03/2026,10:37:54,26,IFPB,84:F1:47:54:FD:C0,-79,1,Lab. de telecomunicações
17/03/2026,10:37:54,26,IFPB-Sala_Professor_14,48:51:CF:81:B0:9E,-80,5,Lab. de telecomunicações
17/03/2026,10:37:54,26,IFPB TCC,D8:5D:4C:86:7E:66,-80,6,Lab. de telecomunicações
17/03/2026,10:37:54,26,Intelbras,18:0D:2C:7F:EB:AC,-80,7,Lab. de telecomunicações
17/03/2026,10:37:54,26,Lab. de Sinais Digitais,18:D6:C7:F9:37:2F,-80,11,Lab. de telecomunicações
17/03/2026,10:37:54,26,IFPB-VISITANTE,84:F1:47:54:7F:22,-80,11,Lab. de telecomunicações
17/03/2026,10:37:54,26,GPDS,00:26:5A:66:55:EF,-81,6,Lab. de telecomunicações
17/03/2026,10:37:54,26,IFPB,84:F1:47:54:7F:20,-81,11,Lab. de telecomunicações
17/03/2026,10:37:54,26,IFPB-Sala_13,E8:94:F6:B9:2F:46,-82,4,Lab. de telecomunicações
17/03/2026,10:37:54,26,IFPB,84:F1:47:54:71:00,-83,1,Lab. de telecomunicações
17/03/2026,10:37:54,26,IFPB-VISITANTE,84:F1:47:54:71:02,-83,1,Lab. de telecomunicações
17/03/2026,10:37:54,26,TP-Link_1324,7C:F1:7E:8D:13:22,-85,10,Lab. de telecomunicações
17/03/2026,10:37:54,26,IFPB,84:F1:47:54:96:E0,-86,1,Lab. de telecomunicações
17/03/2026,10:37:54,26,IFPB,2C:57:41:D4:69:C0,-86,6,Lab. de telecomunicações
17/03/2026,10:37:54,26,IFPB-VISITANTE,2C:57:41:D4:69:C2,-86,6,Lab. de telecomunicações
17/03/2026,10:37:54,26,UA2-MiniLab,60:32:B1:2D:66:C3,-86,10,Lab. de telecomunicações
17/03/2026,10:37:54,26,NUNYA_Room_2.4GHz,CC:32:E5:0C:FC:2B,-87,10,Lab. de telecomunicações
17/03/2026,10:37:54,26,IFPB-VISITANTE,84:F1:47:54:96:E2,-88,1,Lab. de telecomunicações
17/03/2026,10:37:54,26,IFPB,E4:4E:2D:85:4C:60,-88,11,Lab. de telecomunicações
17/03/2026,10:37:54,26,motorola one hyper_9136,6A:A5:88:F9:66:CE,-89,6,Lab. de telecomunicações
17/03/2026,10:37:54,26,Gabriel's Galaxy Tab S6 Lite,02:64:44:29:F3:37,-89,6,Lab. de telecomunicações
17/03/2026,10:37:54,26,IFPB-VISITANTE,84:F1:47:54:95:E2,-90,11,Lab. de telecomunicações
17/03/2026,10:37:54,26,IFPB,84:F1:47:54:95:E0,-91,11,Lab. de telecomunicações
17/03/2026,10:37:54,26,Lab Redes Convergentes,64:70:02:99:FE:F4,-94,11,Lab. de telecomunicações
17/03/2026,10:38:04,27,APTelefonia,58:10:8C:91:F3:AA,-63,1,Lab. de telecomunicações
17/03/2026,10:38:04,27,IFPB-Sala_Professor_14,24:FD:0D:57:19:26,-63,2,Lab. de telecomunicações
17/03/2026,10:38:04,27,TP-Link_C3CB,D8:0D:17:3E:C3:CB,-69,3,Lab. de telecomunicações
17/03/2026,10:38:04,27,IFPB-Sala_Professor_14,48:51:CF:81:B0:9E,-73,5,Lab. de telecomunicações
17/03/2026,10:38:04,27,IFPB TCC,D8:5D:4C:86:7E:66,-73,6,Lab. de telecomunicações
17/03/2026,10:38:04,27,IFPB,84:F1:47:54:FD:C0,-74,1,Lab. de telecomunicações
17/03/2026,10:38:04,27,IFPB-VISITANTE,84:F1:47:54:FD:C2,-74,1,Lab. de telecomunicações
17/03/2026,10:38:04,27,Intelbras,18:0D:2C:7F:EB:AC,-74,7,Lab. de telecomunicações
17/03/2026,10:38:04,27,IFPB,84:F1:47:54:7F:20,-78,11,Lab. de telecomunicações
17/03/2026,10:38:04,27,IFPB-VISITANTE,84:F1:47:54:7F:22,-78,11,Lab. de telecomunicações
17/03/2026,10:38:04,27,IFPB-Sala_13,E8:94:F6:B9:2F:46,-80,4,Lab. de telecomunicações
17/03/2026,10:38:04,27,UA2-MiniLab,60:32:B1:2D:66:C3,-82,10,Lab. de telecomunicações
17/03/2026,10:38:04,27,GPDS,00:26:5A:66:55:EF,-83,6,Lab. de telecomunicações
17/03/2026,10:38:04,27,Gabriel's Galaxy Tab S6 Lite,02:64:44:29:F3:37,-84,6,Lab. de telecomunicações
17/03/2026,10:38:04,27,NUNYA_Room_2.4GHz,CC:32:E5:0C:FC:2B,-85,10,Lab. de telecomunicações
17/03/2026,10:38:04,27,Lab. de Sinais Digitais,18:D6:C7:F9:37:2F,-85,11,Lab. de telecomunicações
17/03/2026,10:38:04,27,IFPB,84:F1:47:54:96:E0,-86,1,Lab. de telecomunicações
17/03/2026,10:38:04,27,TP-Link_1324,7C:F1:7E:8D:13:22,-86,10,Lab. de telecomunicações
17/03/2026,10:38:04,27,IFPB-VISITANTE,84:F1:47:54:96:E2,-88,1,Lab. de telecomunicações
17/03/2026,10:38:14,28,IFPB-Sala_Professor_14,24:FD:0D:57:19:26,-62,2,Lab. de telecomunicações
17/03/2026,10:38:14,28,APTelefonia,58:10:8C:91:F3:AA,-69,1,Lab. de telecomunicações
17/03/2026,10:38:14,28,IFPB,84:F1:47:54:FD:C0,-74,1,Lab. de telecomunicações
17/03/2026,10:38:14,28,TP-Link_C3CB,D8:0D:17:3E:C3:CB,-74,3,Lab. de telecomunicações
17/03/2026,10:38:14,28,IFPB-Sala_Professor_14,48:51:CF:81:B0:9E,-74,5,Lab. de telecomunicações
17/03/2026,10:38:14,28,IFPB-VISITANTE,84:F1:47:54:FD:C2,-75,1,Lab. de telecomunicações
17/03/2026,10:38:14,28,IFPB,84:F1:47:54:7F:20,-75,11,Lab. de telecomunicações
17/03/2026,10:38:14,28,IFPB-VISITANTE,84:F1:47:54:7F:22,-75,11,Lab. de telecomunicações
17/03/2026,10:38:14,28,IFPB TCC,D8:5D:4C:86:7E:66,-77,6,Lab. de telecomunicações
17/03/2026,10:38:14,28,Lab. de Sinais Digitais,18:D6:C7:F9:37:2F,-77,11,Lab. de telecomunicações
17/03/2026,10:38:14,28,Intelbras,18:0D:2C:7F:EB:AC,-79,7,Lab. de telecomunicações
17/03/2026,10:38:14,28,TP-Link_1324,7C:F1:7E:8D:13:22,-80,10,Lab. de telecomunicações
17/03/2026,10:38:14,28,GPDS,00:26:5A:66:55:EF,-84,6,Lab. de telecomunicações
17/03/2026,10:38:14,28,NUNYA_Room_2.4GHz,CC:32:E5:0C:FC:2B,-84,10,Lab. de telecomunicações
17/03/2026,10:38:14,28,Gabriel's Galaxy Tab S6 Lite,02:64:44:29:F3:37,-85,6,Lab. de telecomunicações
17/03/2026,10:38:14,28,IFPB-VISITANTE,84:F1:47:54:71:02,-86,1,Lab. de telecomunicações
17/03/2026,10:38:14,28,IFPB-Sala_13,E8:94:F6:B9:2F:46,-87,4,Lab. de telecomunicações
17/03/2026,10:38:14,28,IFPB,84:F1:47:54:71:00,-88,1,Lab. de telecomunicações
17/03/2026,10:38:14,28,UA2-MiniLab,60:32:B1:2D:66:C3,-90,10,Lab. de telecomunicações
17/03/2026,10:38:24,29,IFPB-Sala_Professor_14,24:FD:0D:57:19:26,-65,2,Lab. de telecomunicações
17/03/2026,10:38:24,29,TP-Link_C3CB,D8:0D:17:3E:C3:CB,-71,3,Lab. de telecomunicações
17/03/2026,10:38:24,29,IFPB,84:F1:47:54:FD:C0,-73,1,Lab. de telecomunicações
17/03/2026,10:38:24,29,APTelefonia,58:10:8C:91:F3:AA,-73,1,Lab. de telecomunicações
17/03/2026,10:38:24,29,IFPB TCC,D8:5D:4C:86:7E:66,-73,6,Lab. de telecomunicações
17/03/2026,10:38:24,29,IFPB-VISITANTE,84:F1:47:54:FD:C2,-74,1,Lab. de telecomunicações
17/03/2026,10:38:24,29,IFPB-Sala_Professor_14,48:51:CF:81:B0:9E,-74,5,Lab. de telecomunicações
17/03/2026,10:38:24,29,Lab. de Sinais Digitais,18:D6:C7:F9:37:2F,-78,11,Lab. de telecomunicações
17/03/2026,10:38:24,29,TP-Link_1324,7C:F1:7E:8D:13:22,-79,10,Lab. de telecomunicações
17/03/2026,10:38:24,29,Gabriel's Galaxy Tab S6 Lite,02:64:44:29:F3:37,-80,6,Lab. de telecomunicações
17/03/2026,10:38:24,29,Intelbras,18:0D:2C:7F:EB:AC,-80,7,Lab. de telecomunicações
17/03/2026,10:38:24,29,IFPB,84:F1:47:54:7F:20,-84,11,Lab. de telecomunicações
17/03/2026,10:38:24,29,IFPB-VISITANTE,84:F1:47:54:7F:22,-84,11,Lab. de telecomunicações
17/03/2026,10:38:24,29,UA2-MiniLab,60:32:B1:2D:66:C3,-85,10,Lab. de telecomunicações
17/03/2026,10:38:24,29,IFPB-VISITANTE,84:F1:47:54:71:02,-86,1,Lab. de telecomunicações
17/03/2026,10:38:24,29,IFPB,84:F1:47:54:71:00,-87,1,Lab. de telecomunicações
17/03/2026,10:38:24,29,GPDS,00:26:5A:66:55:EF,-87,6,Lab. de telecomunicações
17/03/2026,10:38:24,29,IFPB,2C:57:41:D4:69:C0,-87,6,Lab. de telecomunicações
17/03/2026,10:38:24,29,NUNYA_Room_2.4GHz,CC:32:E5:0C:FC:2B,-87,10,Lab. de telecomunicações
17/03/2026,10:38:24,29,IFPB-Sala_13,E8:94:F6:B9:2F:46,-88,4,Lab. de telecomunicações
17/03/2026,10:38:24,29,IFPB-VISITANTE,84:F1:47:54:96:E2,-89,1,Lab. de telecomunicações
17/03/2026,10:38:24,29,IFPB-VISITANTE,2C:57:41:D4:69:C2,-89,6,Lab. de telecomunicações
17/03/2026,10:38:24,29,IFPB-VISITANTE,E4:4E:2D:85:4C:62,-89,11,Lab. de telecomunicações
17/03/2026,10:38:24,29,motorola one hyper_9136,6A:A5:88:F9:66:CE,-90,6,Lab. de telecomunicações
17/03/2026,10:38:24,29,IFPB,E4:4E:2D:85:4C:60,-90,11,Lab. de telecomunicações
17/03/2026,10:38:24,29,LIMPEZA,54:E6:FC:CF:22:DE,-93,6,Lab. de telecomunicações
17/03/2026,10:38:24,29,Lab Redes Convergentes,64:70:02:99:FE:F4,-94,11,Lab. de telecomunicações
17/03/2026,10:38:34,30,IFPB-Sala_Professor_14,24:FD:0D:57:19:26,-62,2,Lab. de telecomunicações
17/03/2026,10:38:34,30,APTelefonia,58:10:8C:91:F3:AA,-66,1,Lab. de telecomunicações
17/03/2026,10:38:34,30,IFPB-Sala_Professor_14,48:51:CF:81:B0:9E,-71,5,Lab. de telecomunicações
17/03/2026,10:38:34,30,IFPB-VISITANTE,84:F1:47:54:FD:C2,-74,1,Lab. de telecomunicações
17/03/2026,10:38:34,30,GPDS,00:26:5A:66:55:EF,-74,6,Lab. de telecomunicações
17/03/2026,10:38:34,30,Intelbras,18:0D:2C:7F:EB:AC,-74,7,Lab. de telecomunicações
17/03/2026,10:38:34,30,IFPB,84:F1:47:54:FD:C0,-75,1,Lab. de telecomunicações
17/03/2026,10:38:34,30,IFPB,84:F1:47:54:7F:20,-76,11,Lab. de telecomunicações
17/03/2026,10:38:34,30,IFPB-VISITANTE,84:F1:47:54:7F:22,-76,11,Lab. de telecomunicações
17/03/2026,10:38:34,30,TP-Link_C3CB,D8:0D:17:3E:C3:CB,-77,3,Lab. de telecomunicações
17/03/2026,10:38:34,30,Lab. de Sinais Digitais,18:D6:C7:F9:37:2F,-80,11,Lab. de telecomunicações
17/03/2026,10:38:34,30,IFPB TCC,D8:5D:4C:86:7E:66,-81,6,Lab. de telecomunicações
17/03/2026,10:38:34,30,NUNYA_Room_2.4GHz,CC:32:E5:0C:FC:2B,-81,10,Lab. de telecomunicações
17/03/2026,10:38:34,30,TP-Link_1324,7C:F1:7E:8D:13:22,-81,10,Lab. de telecomunicações
17/03/2026,10:38:34,30,Gabriel's Galaxy Tab S6 Lite,02:64:44:29:F3:37,-83,6,Lab. de telecomunicações
17/03/2026,10:38:34,30,UA2-MiniLab,60:32:B1:2D:66:C3,-84,10,Lab. de telecomunicações
17/03/2026,10:38:34,30,IFPB,84:F1:47:54:96:E0,-85,1,Lab. de telecomunicações
17/03/2026,10:38:34,30,IFPB,84:F1:47:54:71:00,-85,1,Lab. de telecomunicações
17/03/2026,10:38:34,30,IFPB-VISITANTE,84:F1:47:54:71:02,-85,1,Lab. de telecomunicações
17/03/2026,10:38:34,30,IFPB-VISITANTE,84:F1:47:54:96:E2,-86,1,Lab. de telecomunicações
17/03/2026,10:38:34,30,IFPB-VISITANTE,2C:57:41:D4:69:C2,-86,6,Lab. de telecomunicações
17/03/2026,10:38:34,30,IFPB-Sala_13,E8:94:F6:B9:2F:46,-87,4,Lab. de telecomunicações
17/03/2026,10:38:35,30,IFPB,2C:57:41:D4:69:C0,-87,6,Lab. de telecomunicações
17/03/2026,10:38:35,30,IFPB,84:F1:47:54:95:E0,-87,11,Lab. de telecomunicações
17/03/2026,10:38:35,30,IFPB-VISITANTE,84:F1:47:54:95:E2,-88,11,Lab. de telecomunicações
17/03/2026,10:38:35,30,motorola one hyper_9136,6A:A5:88:F9:66:CE,-90,6,Lab. de telecomunicações
17/03/2026,10:38:35,30,LIMPEZA,54:E6:FC:CF:22:DE,-92,6,Lab. de telecomunicações
17/03/2026,10:38:35,30,Lab Redes Convergentes,64:70:02:99:FE:F4,-94,11,Lab. de telecomunicações
17/03/2026,10:39:08,31,IFPB-Sala_Professor_14,24:FD:0D:57:19:26,-65,2,PET Eng. Elétrica 
17/03/2026,10:39:08,31,TP-Link_C3CB,D8:0D:17:3E:C3:CB,-66,3,PET Eng. Elétrica 
17/03/2026,10:39:08,31,GPDS,00:26:5A:66:55:EF,-70,6,PET Eng. Elétrica 
17/03/2026,10:39:08,31,Lab. de Sinais Digitais,18:D6:C7:F9:37:2F,-70,11,PET Eng. Elétrica 
17/03/2026,10:39:08,31,Intelbras,18:0D:2C:7F:EB:AC,-74,7,PET Eng. Elétrica 
17/03/2026,10:39:08,31,APTelefonia,58:10:8C:91:F3:AA,-75,1,PET Eng. Elétrica 
17/03/2026,10:39:08,31,Gabriel's Galaxy Tab S6 Lite,02:64:44:29:F3:37,-75,6,PET Eng. Elétrica 
17/03/2026,10:39:08,31,IFPB-Sala_Professor_14,48:51:CF:81:B0:9E,-77,5,PET Eng. Elétrica 
17/03/2026,10:39:08,31,IFPB-Sala_13,E8:94:F6:B9:2F:46,-79,4,PET Eng. Elétrica 
17/03/2026,10:39:08,31,IFPB-VISITANTE,84:F1:47:54:FD:C2,-81,1,PET Eng. Elétrica 
17/03/2026,10:39:08,31,UA2-MiniLab,60:32:B1:2D:66:C3,-81,10,PET Eng. Elétrica 
17/03/2026,10:39:08,31,IFPB,84:F1:47:54:FD:C0,-82,1,PET Eng. Elétrica 
17/03/2026,10:39:08,31,NUNYA_Room_2.4GHz,CC:32:E5:0C:FC:2B,-83,10,PET Eng. Elétrica 
17/03/2026,10:39:08,31,IFPB,84:F1:47:54:95:E0,-84,11,PET Eng. Elétrica 
17/03/2026,10:39:08,31,IFPB-VISITANTE,84:F1:47:54:95:E2,-84,11,PET Eng. Elétrica 
17/03/2026,10:39:08,31,IFPB TCC,D8:5D:4C:86:7E:66,-85,6,PET Eng. Elétrica 
17/03/2026,10:39:08,31,IFPB,84:F1:47:54:F9:80,-86,11,PET Eng. Elétrica 
17/03/2026,10:39:08,31,IFPB-VISITANTE,84:F1:47:54:F9:82,-86,11,PET Eng. Elétrica 
17/03/2026,10:39:08,31,TP-Link_1324,7C:F1:7E:8D:13:22,-87,10,PET Eng. Elétrica 
17/03/2026,10:39:08,31,IFPB,84:F1:47:54:7F:20,-89,11,PET Eng. Elétrica 
17/03/2026,10:39:08,31,IFPB-VISITANTE,84:F1:47:54:7F:22,-89,11,PET Eng. Elétrica 
17/03/2026,10:39:08,31,IFPB-VISITANTE,84:F1:47:54:71:02,-91,1,PET Eng. Elétrica 
17/03/2026,10:39:08,31,NPEF/NEPA,50:C7:BF:EF:56:8A,-91,3,PET Eng. Elétrica 
17/03/2026,10:39:08,31,EBEF98EB-HE8D94xvZh1AO1J,44:D2:44:DD:32:41,-91,11,PET Eng. Elétrica 
17/03/2026,10:39:08,31,EBF230F1-HA8D94yZ3n1AOdi,44:D2:44:DD:2C:C4,-95,11,PET Eng. Elétrica 
17/03/2026,10:39:18,32,TP-Link_C3CB,D8:0D:17:3E:C3:CB,-57,3,PET Eng. Elétrica 
17/03/2026,10:39:18,32,Lab. de Sinais Digitais,18:D6:C7:F9:37:2F,-65,11,PET Eng. Elétrica 
17/03/2026,10:39:18,32,APTelefonia,58:10:8C:91:F3:AA,-69,1,PET Eng. Elétrica 
17/03/2026,10:39:18,32,IFPB-Sala_Professor_14,24:FD:0D:57:19:26,-71,2,PET Eng. Elétrica 
17/03/2026,10:39:18,32,IFPB-Sala_Professor_14,48:51:CF:81:B0:9E,-72,5,PET Eng. Elétrica 
17/03/2026,10:39:18,32,Gabriel's Galaxy Tab S6 Lite,02:64:44:29:F3:37,-72,6,PET Eng. Elétrica 
17/03/2026,10:39:18,32,IFPB-Sala_13,E8:94:F6:B9:2F:46,-74,4,PET Eng. Elétrica 
17/03/2026,10:39:18,32,NUNYA_Room_2.4GHz,CC:32:E5:0C:FC:2B,-76,10,PET Eng. Elétrica 
17/03/2026,10:39:18,32,GPDS,00:26:5A:66:55:EF,-78,6,PET Eng. Elétrica 
17/03/2026,10:39:18,32,Intelbras,18:0D:2C:7F:EB:AC,-78,7,PET Eng. Elétrica 
17/03/2026,10:39:18,32,UA2-MiniLab,60:32:B1:2D:66:C3,-79,10,PET Eng. Elétrica 
17/03/2026,10:39:18,32,IFPB,84:F1:47:54:FD:C0,-80,1,PET Eng. Elétrica 
17/03/2026,10:39:18,32,IFPB-VISITANTE,84:F1:47:54:FD:C2,-80,1,PET Eng. Elétrica 
17/03/2026,10:39:18,32,IFPB TCC,D8:5D:4C:86:7E:66,-81,6,PET Eng. Elétrica 
17/03/2026,10:39:18,32,IFPB,84:F1:47:54:95:E0,-84,11,PET Eng. Elétrica 
17/03/2026,10:39:18,32,IFPB-VISITANTE,84:F1:47:54:95:E2,-84,11,PET Eng. Elétrica 
17/03/2026,10:39:18,32,IFPB-VISITANTE,84:F1:47:54:F9:82,-85,11,PET Eng. Elétrica 
17/03/2026,10:39:18,32,IFPB,84:F1:47:54:F9:80,-85,11,PET Eng. Elétrica 
17/03/2026,10:39:18,32,TP-Link_1324,7C:F1:7E:8D:13:22,-87,10,PET Eng. Elétrica 
17/03/2026,10:39:18,32,EBEF98EB-HE8D94xvZh1AO1J,44:D2:44:DD:32:41,-87,11,PET Eng. Elétrica 
17/03/2026,10:39:18,32,IFPB,84:F1:47:54:71:00,-88,1,PET Eng. Elétrica 
17/03/2026,10:39:18,32,IFPB-VISITANTE,84:F1:47:54:71:02,-88,1,PET Eng. Elétrica 
17/03/2026,10:39:18,32,IFPB-VISITANTE,84:F1:47:54:96:E2,-88,1,PET Eng. Elétrica 
17/03/2026,10:39:18,32,IFPB-VISITANTE,84:F1:47:54:7F:22,-88,11,PET Eng. Elétrica 
17/03/2026,10:39:18,32,IFPB,84:F1:47:54:7F:20,-89,11,PET Eng. Elétrica 
17/03/2026,10:39:28,33,TP-Link_C3CB,D8:0D:17:3E:C3:CB,-63,3,PET Eng. Elétrica 
17/03/2026,10:39:28,33,APTelefonia,58:10:8C:91:F3:AA,-67,1,PET Eng. Elétrica 
17/03/2026,10:39:28,33,IFPB-Sala_Professor_14,24:FD:0D:57:19:26,-68,2,PET Eng. Elétrica 
17/03/2026,10:39:28,33,IFPB-Sala_Professor_14,48:51:CF:81:B0:9E,-70,5,PET Eng. Elétrica 
17/03/2026,10:39:28,33,GPDS,00:26:5A:66:55:EF,-72,6,PET Eng. Elétrica 
17/03/2026,10:39:28,33,UA2-MiniLab,60:32:B1:2D:66:C3,-76,10,PET Eng. Elétrica 
17/03/2026,10:39:28,33,Lab. de Sinais Digitais,18:D6:C7:F9:37:2F,-77,11,PET Eng. Elétrica 
17/03/2026,10:39:28,33,IFPB,84:F1:47:54:FD:C0,-78,1,PET Eng. Elétrica 
17/03/2026,10:39:28,33,IFPB-VISITANTE,84:F1:47:54:FD:C2,-78,1,PET Eng. Elétrica 
17/03/2026,10:39:28,33,NUNYA_Room_2.4GHz,CC:32:E5:0C:FC:2B,-79,10,PET Eng. Elétrica 
17/03/2026,10:39:28,33,Gabriel's Galaxy Tab S6 Lite,02:64:44:29:F3:37,-80,6,PET Eng. Elétrica 
17/03/2026,10:39:28,33,Intelbras,18:0D:2C:7F:EB:AC,-80,7,PET Eng. Elétrica 
17/03/2026,10:39:28,33,IFPB,84:F1:47:54:95:E0,-80,11,PET Eng. Elétrica 
17/03/2026,10:39:28,33,IFPB-VISITANTE,84:F1:47:54:95:E2,-80,11,PET Eng. Elétrica 
17/03/2026,10:39:28,33,IFPB-Sala_13,E8:94:F6:B9:2F:46,-83,4,PET Eng. Elétrica 
17/03/2026,10:39:28,33,TP-Link_1324,7C:F1:7E:8D:13:22,-84,10,PET Eng. Elétrica 
17/03/2026,10:39:28,33,IFPB,84:F1:47:54:71:00,-87,1,PET Eng. Elétrica 
17/03/2026,10:39:28,33,IFPB-VISITANTE,84:F1:47:54:71:02,-87,1,PET Eng. Elétrica 
17/03/2026,10:39:28,33,IFPB TCC,D8:5D:4C:86:7E:66,-88,6,PET Eng. Elétrica 
17/03/2026,10:39:28,33,IFPB,84:F1:47:54:7F:20,-88,11,PET Eng. Elétrica 
17/03/2026,10:39:28,33,IFPB-VISITANTE,84:F1:47:54:7F:22,-89,11,PET Eng. Elétrica 
17/03/2026,10:39:28,33,NPEF/NEPA,50:C7:BF:EF:56:8A,-90,3,PET Eng. Elétrica 
17/03/2026,10:39:28,33,IFPB,84:F1:47:54:F9:80,-90,11,PET Eng. Elétrica 
17/03/2026,10:39:28,33,IFPB-VISITANTE,84:F1:47:54:F9:82,-91,11,PET Eng. Elétrica 
17/03/2026,10:39:28,33,EBEF98EB-HE8D94xvZh1AO1J,44:D2:44:DD:32:41,-93,11,PET Eng. Elétrica 
17/03/2026,10:39:38,34,TP-Link_C3CB,D8:0D:17:3E:C3:CB,-57,3,PET Eng. Elétrica 
17/03/2026,10:39:38,34,Lab. de Sinais Digitais,18:D6:C7:F9:37:2F,-63,11,PET Eng. Elétrica 
17/03/2026,10:39:38,34,IFPB-Sala_Professor_14,24:FD:0D:57:19:26,-66,2,PET Eng. Elétrica 
17/03/2026,10:39:38,34,APTelefonia,58:10:8C:91:F3:AA,-69,1,PET Eng. Elétrica 
17/03/2026,10:39:38,34,IFPB-Sala_Professor_14,48:51:CF:81:B0:9E,-70,5,PET Eng. Elétrica 
17/03/2026,10:39:38,34,Gabriel's Galaxy Tab S6 Lite,02:64:44:29:F3:37,-71,6,PET Eng. Elétrica 
17/03/2026,10:39:38,34,Intelbras,18:0D:2C:7F:EB:AC,-75,7,PET Eng. Elétrica 
17/03/2026,10:39:38,34,UA2-MiniLab,60:32:B1:2D:66:C3,-76,10,PET Eng. Elétrica 
17/03/2026,10:39:38,34,NUNYA_Room_2.4GHz,CC:32:E5:0C:FC:2B,-76,10,PET Eng. Elétrica 
17/03/2026,10:39:38,34,IFPB,84:F1:47:54:FD:C0,-78,1,PET Eng. Elétrica 
17/03/2026,10:39:38,34,IFPB-VISITANTE,84:F1:47:54:FD:C2,-79,1,PET Eng. Elétrica 
17/03/2026,10:39:38,34,GPDS,00:26:5A:66:55:EF,-80,6,PET Eng. Elétrica 
17/03/2026,10:39:38,34,IFPB TCC,D8:5D:4C:86:7E:66,-81,6,PET Eng. Elétrica 
17/03/2026,10:39:38,34,IFPB-VISITANTE,84:F1:47:54:95:E2,-82,11,PET Eng. Elétrica 
17/03/2026,10:39:38,34,IFPB,84:F1:47:54:95:E0,-83,11,PET Eng. Elétrica 
17/03/2026,10:39:38,34,IFPB-Sala_13,E8:94:F6:B9:2F:46,-84,4,PET Eng. Elétrica 
17/03/2026,10:39:38,34,TP-Link_1324,7C:F1:7E:8D:13:22,-86,10,PET Eng. Elétrica 
17/03/2026,10:39:38,34,IFPB,84:F1:47:54:7F:20,-87,11,PET Eng. Elétrica 
17/03/2026,10:39:38,34,IFPB,84:F1:47:54:96:E0,-88,1,PET Eng. Elétrica 
17/03/2026,10:39:38,34,IFPB,84:F1:47:54:71:00,-88,1,PET Eng. Elétrica 
17/03/2026,10:39:38,34,IFPB-VISITANTE,84:F1:47:54:EB:22,-88,6,PET Eng. Elétrica 
17/03/2026,10:39:38,34,IFPB-VISITANTE,84:F1:47:54:7F:22,-88,11,PET Eng. Elétrica 
17/03/2026,10:39:39,34,IFPB-VISITANTE,84:F1:47:54:96:E2,-89,1,PET Eng. Elétrica 
17/03/2026,10:39:39,34,IFPB,84:F1:47:54:EB:20,-89,6,PET Eng. Elétrica 
17/03/2026,10:39:39,34,IFPB,84:F1:47:54:F9:80,-89,11,PET Eng. Elétrica 
17/03/2026,10:39:39,34,IFPB-VISITANTE,84:F1:47:54:F9:82,-89,11,PET Eng. Elétrica 
17/03/2026,10:39:39,34,NPEF/NEPA,50:C7:BF:EF:56:8A,-91,3,PET Eng. Elétrica 
17/03/2026,10:39:39,34,EBEF98EB-HE8D94xvZh1AO1J,44:D2:44:DD:32:41,-94,11,PET Eng. Elétrica 
17/03/2026,10:39:48,35,TP-Link_C3CB,D8:0D:17:3E:C3:CB,-58,3,PET Eng. Elétrica 
17/03/2026,10:39:48,35,IFPB-Sala_Professor_14,48:51:CF:81:B0:9E,-64,5,PET Eng. Elétrica 
17/03/2026,10:39:48,35,IFPB-Sala_Professor_14,24:FD:0D:57:19:26,-70,2,PET Eng. Elétrica 
17/03/2026,10:39:48,35,Lab. de Sinais Digitais,18:D6:C7:F9:37:2F,-70,11,PET Eng. Elétrica 
17/03/2026,10:39:48,35,APTelefonia,58:10:8C:91:F3:AA,-72,1,PET Eng. Elétrica 
17/03/2026,10:39:48,35,Gabriel's Galaxy Tab S6 Lite,02:64:44:29:F3:37,-74,6,PET Eng. Elétrica 
17/03/2026,10:39:48,35,IFPB,84:F1:47:54:FD:C0,-75,1,PET Eng. Elétrica 
17/03/2026,10:39:48,35,IFPB-VISITANTE,84:F1:47:54:FD:C2,-75,1,PET Eng. Elétrica 
17/03/2026,10:39:48,35,GPDS,00:26:5A:66:55:EF,-76,6,PET Eng. Elétrica 
17/03/2026,10:39:48,35,Intelbras,18:0D:2C:7F:EB:AC,-76,7,PET Eng. Elétrica 
17/03/2026,10:39:49,35,UA2-MiniLab,60:32:B1:2D:66:C3,-79,10,PET Eng. Elétrica 
17/03/2026,10:39:49,35,IFPB,84:F1:47:54:95:E0,-81,11,PET Eng. Elétrica 
17/03/2026,10:39:49,35,IFPB-VISITANTE,84:F1:47:54:95:E2,-81,11,PET Eng. Elétrica 
17/03/2026,10:39:49,35,IFPB TCC,D8:5D:4C:86:7E:66,-83,6,PET Eng. Elétrica 
17/03/2026,10:39:49,35,IFPB-Sala_13,E8:94:F6:B9:2F:46,-85,4,PET Eng. Elétrica 
17/03/2026,10:39:49,35,NUNYA_Room_2.4GHz,CC:32:E5:0C:FC:2B,-85,10,PET Eng. Elétrica 
17/03/2026,10:39:49,35,IFPB,84:F1:47:54:7F:20,-85,11,PET Eng. Elétrica 
17/03/2026,10:39:49,35,IFPB-VISITANTE,84:F1:47:54:7F:22,-85,11,PET Eng. Elétrica 
17/03/2026,10:39:49,35,TP-Link_1324,7C:F1:7E:8D:13:22,-86,10,PET Eng. Elétrica 
17/03/2026,10:39:49,35,IFPB,84:F1:47:54:F9:80,-86,11,PET Eng. Elétrica 
17/03/2026,10:39:49,35,IFPB-VISITANTE,84:F1:47:54:F9:82,-87,11,PET Eng. Elétrica 
17/03/2026,10:39:49,35,NPEF/NEPA,50:C7:BF:EF:56:8A,-89,3,PET Eng. Elétrica 
17/03/2026,10:39:49,35,motorola one hyper_9136,6A:A5:88:F9:66:CE,-90,6,PET Eng. Elétrica 
17/03/2026,10:39:49,35,EBF230F1-HA8D94yZ3n1AOdi,44:D2:44:DD:2C:C4,-93,11,PET Eng. Elétrica 
17/03/2026,10:39:49,35,EBEF98EB-HE8D94xvZh1AO1J,44:D2:44:DD:32:41,-93,11,PET Eng. Elétrica 
17/03/2026,10:39:58,36,IFPB-Sala_Professor_14,48:51:CF:81:B0:9E,-67,5,PET Eng. Elétrica 
17/03/2026,10:39:58,36,Lab. de Sinais Digitais,18:D6:C7:F9:37:2F,-68,11,PET Eng. Elétrica 
17/03/2026,10:39:58,36,TP-Link_C3CB,D8:0D:17:3E:C3:CB,-71,3,PET Eng. Elétrica 
17/03/2026,10:39:58,36,IFPB-Sala_Professor_14,24:FD:0D:57:19:26,-75,2,PET Eng. Elétrica 
17/03/2026,10:39:58,36,GPDS,00:26:5A:66:55:EF,-75,6,PET Eng. Elétrica 
17/03/2026,10:39:59,36,IFPB,84:F1:47:54:FD:C0,-76,1,PET Eng. Elétrica 
17/03/2026,10:39:59,36,IFPB-VISITANTE,84:F1:47:54:FD:C2,-77,1,PET Eng. Elétrica 
17/03/2026,10:39:59,36,APTelefonia,58:10:8C:91:F3:AA,-78,1,PET Eng. Elétrica 
17/03/2026,10:39:59,36,Gabriel's Galaxy Tab S6 Lite,02:64:44:29:F3:37,-79,6,PET Eng. Elétrica 
17/03/2026,10:39:59,36,IFPB TCC,D8:5D:4C:86:7E:66,-79,6,PET Eng. Elétrica 
17/03/2026,10:39:59,36,UA2-MiniLab,60:32:B1:2D:66:C3,-79,10,PET Eng. Elétrica 
17/03/2026,10:39:59,36,Intelbras,18:0D:2C:7F:EB:AC,-80,7,PET Eng. Elétrica 
17/03/2026,10:39:59,36,IFPB-Sala_13,E8:94:F6:B9:2F:46,-81,4,PET Eng. Elétrica 
17/03/2026,10:39:59,36,NUNYA_Room_2.4GHz,CC:32:E5:0C:FC:2B,-81,10,PET Eng. Elétrica 
17/03/2026,10:39:59,36,IFPB,84:F1:47:54:95:E0,-82,11,PET Eng. Elétrica 
17/03/2026,10:39:59,36,IFPB-VISITANTE,84:F1:47:54:95:E2,-83,11,PET Eng. Elétrica 
17/03/2026,10:39:59,36,TP-Link_1324,7C:F1:7E:8D:13:22,-87,10,PET Eng. Elétrica 
17/03/2026,10:39:59,36,IFPB-VISITANTE,84:F1:47:54:7F:22,-89,11,PET Eng. Elétrica 
17/03/2026,10:39:59,36,IFPB,84:F1:47:54:7F:20,-89,11,PET Eng. Elétrica 
17/03/2026,10:39:59,36,IFPB-VISITANTE,84:F1:47:54:F9:82,-90,11,PET Eng. Elétrica 
17/03/2026,10:39:59,36,IFPB,84:F1:47:54:F9:80,-91,11,PET Eng. Elétrica 
17/03/2026,10:39:59,36,EBF230F1-HA8D94yZ3n1AOdi,44:D2:44:DD:2C:C4,-95,11,PET Eng. Elétrica 
17/03/2026,10:39:59,36,EBEF98EB-HE8D94xvZh1AO1J,44:D2:44:DD:32:41,-95,11,PET Eng. Elétrica 
17/03/2026,10:39:59,36,A55 de Arquimedes,02:11:D2:64:5E:D9,-96,1,PET Eng. Elétrica 
17/03/2026,10:40:09,37,Lab. de Sinais Digitais,18:D6:C7:F9:37:2F,-66,11,PET Eng. Elétrica 
17/03/2026,10:40:09,37,IFPB-Sala_Professor_14,24:FD:0D:57:19:26,-67,2,PET Eng. Elétrica 
17/03/2026,10:40:09,37,TP-Link_C3CB,D8:0D:17:3E:C3:CB,-68,3,PET Eng. Elétrica 
17/03/2026,10:40:09,37,IFPB-Sala_Professor_14,48:51:CF:81:B0:9E,-71,5,PET Eng. Elétrica 
17/03/2026,10:40:09,37,APTelefonia,58:10:8C:91:F3:AA,-76,1,PET Eng. Elétrica 
17/03/2026,10:40:09,37,Intelbras,18:0D:2C:7F:EB:AC,-76,7,PET Eng. Elétrica 
17/03/2026,10:40:09,37,NUNYA_Room_2.4GHz,CC:32:E5:0C:FC:2B,-76,10,PET Eng. Elétrica 
17/03/2026,10:40:09,37,IFPB,84:F1:47:54:FD:C0,-78,1,PET Eng. Elétrica 
17/03/2026,10:40:09,37,GPDS,00:26:5A:66:55:EF,-78,6,PET Eng. Elétrica 
17/03/2026,10:40:09,37,UA2-MiniLab,60:32:B1:2D:66:C3,-78,10,PET Eng. Elétrica 
17/03/2026,10:40:09,37,IFPB-VISITANTE,84:F1:47:54:FD:C2,-79,1,PET Eng. Elétrica 
17/03/2026,10:40:09,37,IFPB-Sala_13,E8:94:F6:B9:2F:46,-79,4,PET Eng. Elétrica 
17/03/2026,10:40:09,37,Gabriel's Galaxy Tab S6 Lite,02:64:44:29:F3:37,-80,6,PET Eng. Elétrica 
17/03/2026,10:40:09,37,TP-Link_1324,7C:F1:7E:8D:13:22,-80,10,PET Eng. Elétrica 
17/03/2026,10:40:09,37,IFPB,84:F1:47:54:F9:80,-86,11,PET Eng. Elétrica 
17/03/2026,10:40:09,37,IFPB-VISITANTE,84:F1:47:54:F9:82,-86,11,PET Eng. Elétrica 
17/03/2026,10:40:09,37,IFPB,84:F1:47:54:95:E0,-86,11,PET Eng. Elétrica 
17/03/2026,10:40:09,37,IFPB-VISITANTE,84:F1:47:54:95:E2,-87,11,PET Eng. Elétrica 
17/03/2026,10:40:09,37,NPEF/NEPA,50:C7:BF:EF:56:8A,-88,3,PET Eng. Elétrica 
17/03/2026,10:40:09,37,IFPB TCC,D8:5D:4C:86:7E:66,-88,6,PET Eng. Elétrica 
17/03/2026,10:40:09,37,A55 de Arquimedes,02:11:D2:64:5E:D9,-89,1,PET Eng. Elétrica 
17/03/2026,10:40:09,37,IFPB,84:F1:47:54:EB:20,-92,6,PET Eng. Elétrica 
17/03/2026,10:40:19,38,TP-Link_C3CB,D8:0D:17:3E:C3:CB,-59,3,PET Eng. Elétrica 
17/03/2026,10:40:19,38,GPDS,00:26:5A:66:55:EF,-67,6,PET Eng. Elétrica 
17/03/2026,10:40:19,38,IFPB-Sala_Professor_14,48:51:CF:81:B0:9E,-68,5,PET Eng. Elétrica 
17/03/2026,10:40:19,38,APTelefonia,58:10:8C:91:F3:AA,-70,1,PET Eng. Elétrica 
17/03/2026,10:40:19,38,Lab. de Sinais Digitais,18:D6:C7:F9:37:2F,-71,11,PET Eng. Elétrica 
17/03/2026,10:40:19,38,Gabriel's Galaxy Tab S6 Lite,02:64:44:29:F3:37,-74,6,PET Eng. Elétrica 
17/03/2026,10:40:19,38,IFPB-Sala_Professor_14,24:FD:0D:57:19:26,-76,2,PET Eng. Elétrica 
17/03/2026,10:40:19,38,IFPB,84:F1:47:54:FD:C0,-78,1,PET Eng. Elétrica 
17/03/2026,10:40:19,38,UA2-MiniLab,60:32:B1:2D:66:C3,-78,10,PET Eng. Elétrica 
17/03/2026,10:40:19,38,IFPB-VISITANTE,84:F1:47:54:FD:C2,-80,1,PET Eng. Elétrica 
17/03/2026,10:40:19,38,Intelbras,18:0D:2C:7F:EB:AC,-80,7,PET Eng. Elétrica 
17/03/2026,10:40:19,38,NUNYA_Room_2.4GHz,CC:32:E5:0C:FC:2B,-80,10,PET Eng. Elétrica 
17/03/2026,10:40:19,38,IFPB-Sala_13,E8:94:F6:B9:2F:46,-81,4,PET Eng. Elétrica 
17/03/2026,10:40:19,38,IFPB-VISITANTE,84:F1:47:54:95:E2,-83,11,PET Eng. Elétrica 
17/03/2026,10:40:19,38,IFPB TCC,D8:5D:4C:86:7E:66,-84,6,PET Eng. Elétrica 
17/03/2026,10:40:19,38,TP-Link_1324,7C:F1:7E:8D:13:22,-85,10,PET Eng. Elétrica 
17/03/2026,10:40:19,38,IFPB,84:F1:47:54:95:E0,-85,11,PET Eng. Elétrica 
17/03/2026,10:40:19,38,IFPB-VISITANTE,84:F1:47:54:F9:82,-85,11,PET Eng. Elétrica 
17/03/2026,10:40:19,38,IFPB,84:F1:47:54:F9:80,-86,11,PET Eng. Elétrica 
17/03/2026,10:40:19,38,IFPB,84:F1:47:54:71:00,-88,1,PET Eng. Elétrica 
17/03/2026,10:40:19,38,IFPB-VISITANTE,84:F1:47:54:71:02,-89,1,PET Eng. Elétrica 
17/03/2026,10:40:19,38,A55 de Arquimedes,02:11:D2:64:5E:D9,-89,1,PET Eng. Elétrica 
17/03/2026,10:40:19,38,NPEF/NEPA,50:C7:BF:EF:56:8A,-90,3,PET Eng. Elétrica 
17/03/2026,10:40:29,39,TP-Link_C3CB,D8:0D:17:3E:C3:CB,-65,3,PET Eng. Elétrica 
17/03/2026,10:40:29,39,IFPB-Sala_Professor_14,24:FD:0D:57:19:26,-67,2,PET Eng. Elétrica 
17/03/2026,10:40:29,39,Lab. de Sinais Digitais,18:D6:C7:F9:37:2F,-68,11,PET Eng. Elétrica 
17/03/2026,10:40:29,39,IFPB-Sala_Professor_14,48:51:CF:81:B0:9E,-69,5,PET Eng. Elétrica 
17/03/2026,10:40:29,39,APTelefonia,58:10:8C:91:F3:AA,-70,1,PET Eng. Elétrica 
17/03/2026,10:40:29,39,UA2-MiniLab,60:32:B1:2D:66:C3,-72,10,PET Eng. Elétrica 
17/03/2026,10:40:29,39,Gabriel's Galaxy Tab S6 Lite,02:64:44:29:F3:37,-73,6,PET Eng. Elétrica 
17/03/2026,10:40:29,39,GPDS,00:26:5A:66:55:EF,-73,6,PET Eng. Elétrica 
17/03/2026,10:40:29,39,Intelbras,18:0D:2C:7F:EB:AC,-74,7,PET Eng. Elétrica 
17/03/2026,10:40:29,39,IFPB,84:F1:47:54:FD:C0,-75,1,PET Eng. Elétrica 
17/03/2026,10:40:29,39,IFPB-VISITANTE,84:F1:47:54:FD:C2,-76,1,PET Eng. Elétrica 
17/03/2026,10:40:29,39,NUNYA_Room_2.4GHz,CC:32:E5:0C:FC:2B,-78,10,PET Eng. Elétrica 
17/03/2026,10:40:29,39,IFPB,84:F1:47:54:95:E0,-79,11,PET Eng. Elétrica 
17/03/2026,10:40:29,39,IFPB TCC,D8:5D:4C:86:7E:66,-80,6,PET Eng. Elétrica 
17/03/2026,10:40:29,39,IFPB-VISITANTE,84:F1:47:54:95:E2,-80,11,PET Eng. Elétrica 
17/03/2026,10:40:29,39,TP-Link_1324,7C:F1:7E:8D:13:22,-81,10,PET Eng. Elétrica 
17/03/2026,10:40:29,39,IFPB-Sala_13,E8:94:F6:B9:2F:46,-82,4,PET Eng. Elétrica 
17/03/2026,10:40:29,39,IFPB-VISITANTE,84:F1:47:54:7F:22,-84,11,PET Eng. Elétrica 
17/03/2026,10:40:29,39,IFPB,84:F1:47:54:7F:20,-85,11,PET Eng. Elétrica 
17/03/2026,10:40:29,39,A55 de Arquimedes,02:11:D2:64:5E:D9,-87,1,PET Eng. Elétrica 
17/03/2026,10:40:29,39,IFPB-VISITANTE,84:F1:47:54:71:02,-87,1,PET Eng. Elétrica 
17/03/2026,10:40:29,39,IFPB,84:F1:47:54:71:00,-88,1,PET Eng. Elétrica 
17/03/2026,10:40:29,39,NPEF/NEPA,50:C7:BF:EF:56:8A,-89,3,PET Eng. Elétrica 
17/03/2026,10:40:29,39,IFPB-VISITANTE,84:F1:47:54:F9:82,-91,11,PET Eng. Elétrica 
17/03/2026,10:40:29,39,EBEF98EB-HE8D94xvZh1AO1J,44:D2:44:DD:32:41,-93,11,PET Eng. Elétrica 
17/03/2026,10:40:39,40,Lab. de Sinais Digitais,18:D6:C7:F9:37:2F,-63,11,PET Eng. Elétrica 
17/03/2026,10:40:39,40,APTelefonia,58:10:8C:91:F3:AA,-64,1,PET Eng. Elétrica 
17/03/2026,10:40:39,40,IFPB-Sala_Professor_14,48:51:CF:81:B0:9E,-69,5,PET Eng. Elétrica 
17/03/2026,10:40:39,40,NUNYA_Room_2.4GHz,CC:32:E5:0C:FC:2B,-71,10,PET Eng. Elétrica 
17/03/2026,10:40:39,40,Intelbras,18:0D:2C:7F:EB:AC,-73,7,PET Eng. Elétrica 
17/03/2026,10:40:39,40,GPDS,00:26:5A:66:55:EF,-74,6,PET Eng. Elétrica 
17/03/2026,10:40:39,40,TP-Link_C3CB,D8:0D:17:3E:C3:CB,-76,3,PET Eng. Elétrica 
17/03/2026,10:40:39,40,IFPB-Sala_13,E8:94:F6:B9:2F:46,-76,4,PET Eng. Elétrica 
17/03/2026,10:40:39,40,IFPB-Sala_Professor_14,24:FD:0D:57:19:26,-77,2,PET Eng. Elétrica 
17/03/2026,10:40:39,40,IFPB,84:F1:47:54:FD:C0,-79,1,PET Eng. Elétrica 
17/03/2026,10:40:39,40,IFPB-VISITANTE,84:F1:47:54:FD:C2,-79,1,PET Eng. Elétrica 
17/03/2026,10:40:39,40,Gabriel's Galaxy Tab S6 Lite,02:64:44:29:F3:37,-79,6,PET Eng. Elétrica 
17/03/2026,10:40:39,40,UA2-MiniLab,60:32:B1:2D:66:C3,-80,10,PET Eng. Elétrica 
17/03/2026,10:40:39,40,TP-Link_1324,7C:F1:7E:8D:13:22,-82,10,PET Eng. Elétrica 
17/03/2026,10:40:39,40,IFPB-VISITANTE,84:F1:47:54:95:E2,-83,11,PET Eng. Elétrica 
17/03/2026,10:40:39,40,IFPB,84:F1:47:54:95:E0,-84,11,PET Eng. Elétrica 
17/03/2026,10:40:39,40,IFPB TCC,D8:5D:4C:86:7E:66,-85,6,PET Eng. Elétrica 
17/03/2026,10:40:39,40,IFPB-VISITANTE,84:F1:47:54:F9:82,-87,11,PET Eng. Elétrica 
17/03/2026,10:40:39,40,IFPB,84:F1:47:54:F9:80,-89,11,PET Eng. Elétrica 
17/03/2026,10:40:39,40,IFPB-VISITANTE,84:F1:47:54:71:02,-91,1,PET Eng. Elétrica 
17/03/2026,10:40:39,40,A55 de Arquimedes,02:11:D2:64:5E:D9,-93,1,PET Eng. Elétrica 
17/03/2026,10:40:39,40,EBEF98EB-HE8D94xvZh1AO1J,44:D2:44:DD:32:41,-93,11,PET Eng. Elétrica 
17/03/2026,10:40:39,40,NPEF/NEPA,50:C7:BF:EF:56:8A,-95,3,PET Eng. Elétrica 
17/03/2026,10:41:25,41,TP-Link_C3CB,D8:0D:17:3E:C3:CB,-58,3,Coordenação de Eng. Elétrica
17/03/2026,10:41:25,41,IFPB,84:F1:47:54:95:E0,-70,11,Coordenação de Eng. Elétrica
17/03/2026,10:41:25,41,IFPB-VISITANTE,84:F1:47:54:95:E2,-70,11,Coordenação de Eng. Elétrica
17/03/2026,10:41:25,41,IFPB-Sala_Professor_14,48:51:CF:81:B0:9E,-71,5,Coordenação de Eng. Elétrica
17/03/2026,10:41:25,41,NUNYA_Room_2.4GHz,CC:32:E5:0C:FC:2B,-72,10,Coordenação de Eng. Elétrica
17/03/2026,10:41:25,41,IFPB-Sala_Professor_14,24:FD:0D:57:19:26,-77,2,Coordenação de Eng. Elétrica
17/03/2026,10:41:25,41,GPDS,00:26:5A:66:55:EF,-77,6,Coordenação de Eng. Elétrica
17/03/2026,10:41:25,41,UA2-MiniLab,60:32:B1:2D:66:C3,-81,10,Coordenação de Eng. Elétrica
17/03/2026,10:41:25,41,Lab. de Sinais Digitais,18:D6:C7:F9:37:2F,-81,11,Coordenação de Eng. Elétrica
17/03/2026,10:41:25,41,APTelefonia,58:10:8C:91:F3:AA,-82,1,Coordenação de Eng. Elétrica
17/03/2026,10:41:25,41,IFPB-Sala_13,E8:94:F6:B9:2F:46,-83,4,Coordenação de Eng. Elétrica
17/03/2026,10:41:25,41,IFPB,B8:11:4B:1D:14:80,-83,6,Coordenação de Eng. Elétrica
17/03/2026,10:41:25,41,IFPB-VISITANTE,B8:11:4B:1D:14:82,-83,6,Coordenação de Eng. Elétrica
17/03/2026,10:41:25,41,Intelbras,18:0D:2C:7F:EB:AC,-84,7,Coordenação de Eng. Elétrica
17/03/2026,10:41:25,41,Gabriel's Galaxy Tab S6 Lite,02:64:44:29:F3:37,-89,6,Coordenação de Eng. Elétrica
17/03/2026,10:41:25,41,IFPB TCC,D8:5D:4C:86:7E:66,-89,6,Coordenação de Eng. Elétrica
17/03/2026,10:41:25,41,IFPB,84:F1:47:54:F9:80,-89,11,Coordenação de Eng. Elétrica
17/03/2026,10:41:25,41,IFPB-VISITANTE,84:F1:47:54:F9:82,-90,11,Coordenação de Eng. Elétrica
17/03/2026,10:41:25,41,NPEF/NEPA,50:C7:BF:EF:56:8A,-91,3,Coordenação de Eng. Elétrica
17/03/2026,10:41:25,41,A55 de Arquimedes,02:11:D2:64:5E:D9,-92,1,Coordenação de Eng. Elétrica
17/03/2026,10:41:25,41,TP-Link_1324,7C:F1:7E:8D:13:22,-93,10,Coordenação de Eng. Elétrica
17/03/2026,10:41:25,41,Grel Wifi,00:27:19:CA:71:D2,-93,11,Coordenação de Eng. Elétrica
17/03/2026,10:41:35,42,TP-Link_C3CB,D8:0D:17:3E:C3:CB,-57,3,Coordenação de Eng. Elétrica
17/03/2026,10:41:35,42,IFPB-Sala_Professor_14,48:51:CF:81:B0:9E,-65,5,Coordenação de Eng. Elétrica
17/03/2026,10:41:35,42,IFPB,84:F1:47:54:95:E0,-70,11,Coordenação de Eng. Elétrica
17/03/2026,10:41:35,42,Lab. de Sinais Digitais,18:D6:C7:F9:37:2F,-71,11,Coordenação de Eng. Elétrica
17/03/2026,10:41:35,42,IFPB-VISITANTE,84:F1:47:54:95:E2,-71,11,Coordenação de Eng. Elétrica
17/03/2026,10:41:35,42,NUNYA_Room_2.4GHz,CC:32:E5:0C:FC:2B,-72,10,Coordenação de Eng. Elétrica
17/03/2026,10:41:35,42,UA2-MiniLab,60:32:B1:2D:66:C3,-76,10,Coordenação de Eng. Elétrica
17/03/2026,10:41:35,42,APTelefonia,58:10:8C:91:F3:AA,-77,1,Coordenação de Eng. Elétrica
17/03/2026,10:41:35,42,IFPB-Sala_Professor_14,24:FD:0D:57:19:26,-80,2,Coordenação de Eng. Elétrica
17/03/2026,10:41:35,42,IFPB-Sala_13,E8:94:F6:B9:2F:46,-80,4,Coordenação de Eng. Elétrica
17/03/2026,10:41:35,42,IFPB-VISITANTE,B8:11:4B:1D:14:82,-80,6,Coordenação de Eng. Elétrica
17/03/2026,10:41:35,42,IFPB,B8:11:4B:1D:14:80,-80,6,Coordenação de Eng. Elétrica
17/03/2026,10:41:35,42,Intelbras,18:0D:2C:7F:EB:AC,-82,7,Coordenação de Eng. Elétrica
17/03/2026,10:41:35,42,Gabriel's Galaxy Tab S6 Lite,02:64:44:29:F3:37,-83,6,Coordenação de Eng. Elétrica
17/03/2026,10:41:35,42,GPDS,00:26:5A:66:55:EF,-86,6,Coordenação de Eng. Elétrica
17/03/2026,10:41:35,42,NPEF/NEPA,50:C7:BF:EF:56:8A,-87,3,Coordenação de Eng. Elétrica
17/03/2026,10:41:35,42,IFPB TCC,D8:5D:4C:86:7E:66,-89,6,Coordenação de Eng. Elétrica
17/03/2026,10:41:35,42,IFPB,84:F1:47:54:F9:80,-90,11,Coordenação de Eng. Elétrica
17/03/2026,10:41:35,42,IFPB-VISITANTE,84:F1:47:54:F9:82,-90,11,Coordenação de Eng. Elétrica
17/03/2026,10:41:35,42,IFPB-VISITANTE,84:F1:47:54:FD:C2,-91,1,Coordenação de Eng. Elétrica
17/03/2026,10:41:35,42,TP-Link_1324,7C:F1:7E:8D:13:22,-93,10,Coordenação de Eng. Elétrica
17/03/2026,10:41:35,42,Grel Wifi,00:27:19:CA:71:D2,-93,11,Coordenação de Eng. Elétrica
17/03/2026,10:41:35,42,EBF230F1-HA8D94yZ3n1AOdi,44:D2:44:DD:2C:C4,-95,11,Coordenação de Eng. Elétrica
17/03/2026,10:41:45,43,TP-Link_C3CB,D8:0D:17:3E:C3:CB,-50,3,Coordenação de Eng. Elétrica
17/03/2026,10:41:45,43,IFPB,84:F1:47:54:95:E0,-59,11,Coordenação de Eng. Elétrica
17/03/2026,10:41:45,43,IFPB-VISITANTE,84:F1:47:54:95:E2,-59,11,Coordenação de Eng. Elétrica
17/03/2026,10:41:45,43,IFPB-Sala_Professor_14,48:51:CF:81:B0:9E,-62,5,Coordenação de Eng. Elétrica
17/03/2026,10:41:45,43,NUNYA_Room_2.4GHz,CC:32:E5:0C:FC:2B,-69,10,Coordenação de Eng. Elétrica
17/03/2026,10:41:45,43,UA2-MiniLab,60:32:B1:2D:66:C3,-79,10,Coordenação de Eng. Elétrica
17/03/2026,10:41:45,43,Lab. de Sinais Digitais,18:D6:C7:F9:37:2F,-79,11,Coordenação de Eng. Elétrica
17/03/2026,10:41:45,43,APTelefonia,58:10:8C:91:F3:AA,-81,1,Coordenação de Eng. Elétrica
17/03/2026,10:41:45,43,IFPB-VISITANTE,B8:11:4B:1D:14:82,-81,6,Coordenação de Eng. Elétrica
17/03/2026,10:41:45,43,Intelbras,18:0D:2C:7F:EB:AC,-81,7,Coordenação de Eng. Elétrica
17/03/2026,10:41:45,43,IFPB-Sala_13,E8:94:F6:B9:2F:46,-82,4,Coordenação de Eng. Elétrica
17/03/2026,10:41:45,43,IFPB,B8:11:4B:1D:14:80,-82,6,Coordenação de Eng. Elétrica
17/03/2026,10:41:45,43,GPDS,00:26:5A:66:55:EF,-83,6,Coordenação de Eng. Elétrica
17/03/2026,10:41:45,43,IFPB-Sala_Professor_14,24:FD:0D:57:19:26,-84,2,Coordenação de Eng. Elétrica
17/03/2026,10:41:45,43,Tab A9 de Maria Nicolle,4E:56:8E:D2:54:85,-86,11,Coordenação de Eng. Elétrica
17/03/2026,10:41:45,43,IFPB,84:F1:47:54:FD:C0,-87,1,Coordenação de Eng. Elétrica
17/03/2026,10:41:45,43,NPEF/NEPA,50:C7:BF:EF:56:8A,-88,3,Coordenação de Eng. Elétrica
17/03/2026,10:41:45,43,IFPB-VISITANTE,84:F1:47:54:FD:C2,-89,1,Coordenação de Eng. Elétrica
17/03/2026,10:41:45,43,IFPB-VISITANTE,84:F1:47:54:F9:82,-90,11,Coordenação de Eng. Elétrica
17/03/2026,10:41:45,43,IFPB,84:F1:47:54:F9:80,-90,11,Coordenação de Eng. Elétrica
17/03/2026,10:41:45,43,motorola one hyper_9136,6A:A5:88:F9:66:CE,-92,6,Coordenação de Eng. Elétrica
17/03/2026,10:41:45,43,IFPB TCC,D8:5D:4C:86:7E:66,-93,6,Coordenação de Eng. Elétrica
17/03/2026,10:41:45,43,A55 de Arquimedes,02:11:D2:64:5E:D9,-94,1,Coordenação de Eng. Elétrica
17/03/2026,10:41:45,43,EBF230F1-HA8D94yZ3n1AOdi,44:D2:44:DD:2C:C4,-94,11,Coordenação de Eng. Elétrica
17/03/2026,10:41:45,43,TP-Link_1324,7C:F1:7E:8D:13:22,-96,10,Coordenação de Eng. Elétrica
17/03/2026,10:41:45,43,Grel Wifi,00:27:19:CA:71:D2,-96,11,Coordenação de Eng. Elétrica
17/03/2026,10:41:55,44,TP-Link_C3CB,D8:0D:17:3E:C3:CB,-51,3,Coordenação de Eng. Elétrica
17/03/2026,10:41:55,44,IFPB-Sala_Professor_14,48:51:CF:81:B0:9E,-70,5,Coordenação de Eng. Elétrica
17/03/2026,10:41:55,44,IFPB,84:F1:47:54:95:E0,-72,11,Coordenação de Eng. Elétrica
17/03/2026,10:41:55,44,IFPB-VISITANTE,84:F1:47:54:95:E2,-72,11,Coordenação de Eng. Elétrica
17/03/2026,10:41:55,44,IFPB-Sala_Professor_14,24:FD:0D:57:19:26,-75,2,Coordenação de Eng. Elétrica
17/03/2026,10:41:55,44,UA2-MiniLab,60:32:B1:2D:66:C3,-76,10,Coordenação de Eng. Elétrica
17/03/2026,10:41:55,44,APTelefonia,58:10:8C:91:F3:AA,-77,1,Coordenação de Eng. Elétrica
17/03/2026,10:41:55,44,Intelbras,18:0D:2C:7F:EB:AC,-77,7,Coordenação de Eng. Elétrica
17/03/2026,10:41:55,44,Lab. de Sinais Digitais,18:D6:C7:F9:37:2F,-77,11,Coordenação de Eng. Elétrica
17/03/2026,10:41:55,44,IFPB-Sala_13,E8:94:F6:B9:2F:46,-80,4,Coordenação de Eng. Elétrica
17/03/2026,10:41:55,44,NUNYA_Room_2.4GHz,CC:32:E5:0C:FC:2B,-80,10,Coordenação de Eng. Elétrica
17/03/2026,10:41:55,44,IFPB,B8:11:4B:1D:14:80,-84,6,Coordenação de Eng. Elétrica
17/03/2026,10:41:55,44,IFPB-VISITANTE,B8:11:4B:1D:14:82,-84,6,Coordenação de Eng. Elétrica
17/03/2026,10:41:55,44,GPDS,00:26:5A:66:55:EF,-85,6,Coordenação de Eng. Elétrica
17/03/2026,10:41:55,44,A55 de Arquimedes,02:11:D2:64:5E:D9,-87,1,Coordenação de Eng. Elétrica
17/03/2026,10:41:55,44,IFPB-VISITANTE,84:F1:47:54:FD:C2,-88,1,Coordenação de Eng. Elétrica
17/03/2026,10:41:55,44,NPEF/NEPA,50:C7:BF:EF:56:8A,-88,3,Coordenação de Eng. Elétrica
17/03/2026,10:41:55,44,TP-Link_1324,7C:F1:7E:8D:13:22,-88,10,Coordenação de Eng. Elétrica
17/03/2026,10:41:55,44,IFPB,84:F1:47:54:F9:80,-88,11,Coordenação de Eng. Elétrica
17/03/2026,10:41:55,44,IFPB-VISITANTE,84:F1:47:54:F9:82,-89,11,Coordenação de Eng. Elétrica
17/03/2026,10:41:55,44,motorola one hyper_9136,6A:A5:88:F9:66:CE,-90,6,Coordenação de Eng. Elétrica
17/03/2026,10:41:55,44,IFPB TCC,D8:5D:4C:86:7E:66,-90,6,Coordenação de Eng. Elétrica
17/03/2026,10:41:55,44,Grel Wifi,00:27:19:CA:71:D2,-90,11,Coordenação de Eng. Elétrica
17/03/2026,10:41:55,44,EBF230F1-HA8D94yZ3n1AOdi,44:D2:44:DD:2C:C4,-91,11,Coordenação de Eng. Elétrica
17/03/2026,10:41:55,44,Tab A9 de Maria Nicolle,4E:56:8E:D2:54:85,-93,11,Coordenação de Eng. Elétrica
17/03/2026,10:41:55,44,Gabriel's Galaxy Tab S6 Lite,02:64:44:29:F3:37,-96,6,Coordenação de Eng. Elétrica
17/03/2026,10:42:05,45,TP-Link_C3CB,D8:0D:17:3E:C3:CB,-57,3,Coordenação de Eng. Elétrica
17/03/2026,10:42:05,45,IFPB,84:F1:47:54:95:E0,-63,11,Coordenação de Eng. Elétrica
17/03/2026,10:42:05,45,IFPB-VISITANTE,84:F1:47:54:95:E2,-63,11,Coordenação de Eng. Elétrica
17/03/2026,10:42:05,45,IFPB-Sala_Professor_14,48:51:CF:81:B0:9E,-64,5,Coordenação de Eng. Elétrica
17/03/2026,10:42:05,45,UA2-MiniLab,60:32:B1:2D:66:C3,-68,10,Coordenação de Eng. Elétrica
17/03/2026,10:42:05,45,NUNYA_Room_2.4GHz,CC:32:E5:0C:FC:2B,-72,10,Coordenação de Eng. Elétrica
17/03/2026,10:42:05,45,GPDS,00:26:5A:66:55:EF,-75,6,Coordenação de Eng. Elétrica
17/03/2026,10:42:05,45,APTelefonia,58:10:8C:91:F3:AA,-76,1,Coordenação de Eng. Elétrica
17/03/2026,10:42:05,45,IFPB-Sala_Professor_14,24:FD:0D:57:19:26,-77,2,Coordenação de Eng. Elétrica
17/03/2026,10:42:05,45,Intelbras,18:0D:2C:7F:EB:AC,-77,7,Coordenação de Eng. Elétrica
17/03/2026,10:42:05,45,Lab. de Sinais Digitais,18:D6:C7:F9:37:2F,-79,11,Coordenação de Eng. Elétrica
17/03/2026,10:42:05,45,IFPB,B8:11:4B:1D:14:80,-80,6,Coordenação de Eng. Elétrica
17/03/2026,10:42:05,45,IFPB-VISITANTE,B8:11:4B:1D:14:82,-80,6,Coordenação de Eng. Elétrica
17/03/2026,10:42:05,45,IFPB-VISITANTE,84:F1:47:54:FD:C2,-84,1,Coordenação de Eng. Elétrica
17/03/2026,10:42:05,45,IFPB-Sala_13,E8:94:F6:B9:2F:46,-84,4,Coordenação de Eng. Elétrica
17/03/2026,10:42:05,45,Grel Wifi,00:27:19:CA:71:D2,-85,11,Coordenação de Eng. Elétrica
17/03/2026,10:42:05,45,IFPB,84:F1:47:54:FD:C0,-86,1,Coordenação de Eng. Elétrica
17/03/2026,10:42:05,45,IFPB-VISITANTE,84:F1:47:54:F9:82,-86,11,Coordenação de Eng. Elétrica
17/03/2026,10:42:05,45,IFPB TCC,D8:5D:4C:86:7E:66,-87,6,Coordenação de Eng. Elétrica
17/03/2026,10:42:05,45,Gabriel's Galaxy Tab S6 Lite,02:64:44:29:F3:37,-88,6,Coordenação de Eng. Elétrica
17/03/2026,10:42:06,45,IFPB,84:F1:47:54:F9:80,-89,11,Coordenação de Eng. Elétrica
17/03/2026,10:42:06,45,motorola one hyper_9136,6A:A5:88:F9:66:CE,-90,6,Coordenação de Eng. Elétrica
17/03/2026,10:42:06,45,Tab A9 de Maria Nicolle,4E:56:8E:D2:54:85,-91,11,Coordenação de Eng. Elétrica
17/03/2026,10:42:06,45,NPEF/NEPA,50:C7:BF:EF:56:8A,-92,3,Coordenação de Eng. Elétrica
17/03/2026,10:42:06,45,TP-Link_1324,7C:F1:7E:8D:13:22,-93,10,Coordenação de Eng. Elétrica
17/03/2026,10:42:06,45,A55 de Arquimedes,02:11:D2:64:5E:D9,-95,1,Coordenação de Eng. Elétrica
17/03/2026,10:42:15,46,TP-Link_C3CB,D8:0D:17:3E:C3:CB,-50,3,Coordenação de Eng. Elétrica
17/03/2026,10:42:15,46,IFPB-VISITANTE,84:F1:47:54:95:E2,-55,11,Coordenação de Eng. Elétrica
17/03/2026,10:42:15,46,IFPB,84:F1:47:54:95:E0,-56,11,Coordenação de Eng. Elétrica
17/03/2026,10:42:15,46,IFPB-Sala_Professor_14,48:51:CF:81:B0:9E,-63,5,Coordenação de Eng. Elétrica
17/03/2026,10:42:15,46,IFPB-Sala_Professor_14,24:FD:0D:57:19:26,-72,2,Coordenação de Eng. Elétrica
17/03/2026,10:42:15,46,NUNYA_Room_2.4GHz,CC:32:E5:0C:FC:2B,-74,10,Coordenação de Eng. Elétrica
17/03/2026,10:42:15,46,Lab. de Sinais Digitais,18:D6:C7:F9:37:2F,-78,11,Coordenação de Eng. Elétrica
17/03/2026,10:42:15,46,APTelefonia,58:10:8C:91:F3:AA,-79,1,Coordenação de Eng. Elétrica
17/03/2026,10:42:15,46,IFPB,B8:11:4B:1D:14:80,-79,6,Coordenação de Eng. Elétrica
17/03/2026,10:42:15,46,IFPB-VISITANTE,B8:11:4B:1D:14:82,-79,6,Coordenação de Eng. Elétrica
17/03/2026,10:42:16,46,GPDS,00:26:5A:66:55:EF,-79,6,Coordenação de Eng. Elétrica
17/03/2026,10:42:16,46,Intelbras,18:0D:2C:7F:EB:AC,-79,7,Coordenação de Eng. Elétrica
17/03/2026,10:42:16,46,UA2-MiniLab,60:32:B1:2D:66:C3,-79,10,Coordenação de Eng. Elétrica
17/03/2026,10:42:16,46,Gabriel's Galaxy Tab S6 Lite,02:64:44:29:F3:37,-82,6,Coordenação de Eng. Elétrica
17/03/2026,10:42:16,46,IFPB,84:F1:47:54:FD:C0,-83,1,Coordenação de Eng. Elétrica
17/03/2026,10:42:16,46,IFPB-Sala_13,E8:94:F6:B9:2F:46,-83,4,Coordenação de Eng. Elétrica
17/03/2026,10:42:16,46,IFPB-VISITANTE,84:F1:47:54:FD:C2,-84,1,Coordenação de Eng. Elétrica
17/03/2026,10:42:16,46,TP-Link_1324,7C:F1:7E:8D:13:22,-88,10,Coordenação de Eng. Elétrica
17/03/2026,10:42:16,46,Grel Wifi,00:27:19:CA:71:D2,-89,11,Coordenação de Eng. Elétrica
17/03/2026,10:42:16,46,IFPB,84:F1:47:54:F9:80,-89,11,Coordenação de Eng. Elétrica
17/03/2026,10:42:16,46,EBF230F1-HA8D94yZ3n1AOdi,44:D2:44:DD:2C:C4,-90,11,Coordenação de Eng. Elétrica
17/03/2026,10:42:16,46,Tab A9 de Maria Nicolle,4E:56:8E:D2:54:85,-90,11,Coordenação de Eng. Elétrica
17/03/2026,10:42:16,46,NPEF/NEPA,50:C7:BF:EF:56:8A,-91,3,Coordenação de Eng. Elétrica
17/03/2026,10:42:16,46,IFPB TCC,D8:5D:4C:86:7E:66,-91,6,Coordenação de Eng. Elétrica
17/03/2026,10:42:16,46,IFPB-VISITANTE,84:F1:47:54:F9:82,-91,11,Coordenação de Eng. Elétrica
17/03/2026,10:42:16,46,motorola one hyper_9136,6A:A5:88:F9:66:CE,-92,6,Coordenação de Eng. Elétrica
17/03/2026,10:42:25,47,TP-Link_C3CB,D8:0D:17:3E:C3:CB,-57,3,Coordenação de Eng. Elétrica
17/03/2026,10:42:25,47,IFPB,84:F1:47:54:95:E0,-61,11,Coordenação de Eng. Elétrica
17/03/2026,10:42:25,47,IFPB-VISITANTE,84:F1:47:54:95:E2,-61,11,Coordenação de Eng. Elétrica
17/03/2026,10:42:26,47,IFPB-Sala_Professor_14,48:51:CF:81:B0:9E,-70,5,Coordenação de Eng. Elétrica
17/03/2026,10:42:26,47,NUNYA_Room_2.4GHz,CC:32:E5:0C:FC:2B,-74,10,Coordenação de Eng. Elétrica
17/03/2026,10:42:26,47,Lab. de Sinais Digitais,18:D6:C7:F9:37:2F,-75,11,Coordenação de Eng. Elétrica
17/03/2026,10:42:26,47,UA2-MiniLab,60:32:B1:2D:66:C3,-78,10,Coordenação de Eng. Elétrica
17/03/2026,10:42:26,47,APTelefonia,58:10:8C:91:F3:AA,-79,1,Coordenação de Eng. Elétrica
17/03/2026,10:42:26,47,IFPB-Sala_Professor_14,24:FD:0D:57:19:26,-79,2,Coordenação de Eng. Elétrica
17/03/2026,10:42:26,47,Intelbras,18:0D:2C:7F:EB:AC,-79,7,Coordenação de Eng. Elétrica
17/03/2026,10:42:26,47,IFPB-Sala_13,E8:94:F6:B9:2F:46,-82,4,Coordenação de Eng. Elétrica
17/03/2026,10:42:26,47,GPDS,00:26:5A:66:55:EF,-83,6,Coordenação de Eng. Elétrica
17/03/2026,10:42:26,47,Tab A9 de Maria Nicolle,4E:56:8E:D2:54:85,-83,11,Coordenação de Eng. Elétrica
17/03/2026,10:42:26,47,IFPB TCC,D8:5D:4C:86:7E:66,-84,6,Coordenação de Eng. Elétrica
17/03/2026,10:42:26,47,Gabriel's Galaxy Tab S6 Lite,02:64:44:29:F3:37,-84,6,Coordenação de Eng. Elétrica
17/03/2026,10:42:26,47,IFPB,B8:11:4B:1D:14:80,-86,6,Coordenação de Eng. Elétrica
17/03/2026,10:42:26,47,IFPB-VISITANTE,B8:11:4B:1D:14:82,-87,6,Coordenação de Eng. Elétrica
17/03/2026,10:42:26,47,IFPB-VISITANTE,84:F1:47:54:F9:82,-87,11,Coordenação de Eng. Elétrica
17/03/2026,10:42:26,47,IFPB,84:F1:47:54:F9:80,-88,11,Coordenação de Eng. Elétrica
17/03/2026,10:42:26,47,IFPB-VISITANTE,84:F1:47:54:EB:22,-89,6,Coordenação de Eng. Elétrica
17/03/2026,10:42:26,47,TP-Link_1324,7C:F1:7E:8D:13:22,-89,10,Coordenação de Eng. Elétrica
17/03/2026,10:42:26,47,NPEF/NEPA,50:C7:BF:EF:56:8A,-91,3,Coordenação de Eng. Elétrica
17/03/2026,10:42:26,47,IFPB,84:F1:47:54:EB:20,-91,6,Coordenação de Eng. Elétrica
17/03/2026,10:42:26,47,Grel Wifi,00:27:19:CA:71:D2,-92,11,Coordenação de Eng. Elétrica
17/03/2026,10:42:26,47,motorola one hyper_9136,6A:A5:88:F9:66:CE,-93,6,Coordenação de Eng. Elétrica
17/03/2026,10:42:26,47,A55 de Arquimedes,02:11:D2:64:5E:D9,-95,1,Coordenação de Eng. Elétrica
17/03/2026,10:42:36,48,TP-Link_C3CB,D8:0D:17:3E:C3:CB,-58,3,Coordenação de Eng. Elétrica
17/03/2026,10:42:36,48,NUNYA_Room_2.4GHz,CC:32:E5:0C:FC:2B,-64,10,Coordenação de Eng. Elétrica
17/03/2026,10:42:36,48,IFPB-Sala_Professor_14,48:51:CF:81:B0:9E,-67,5,Coordenação de Eng. Elétrica
17/03/2026,10:42:36,48,IFPB,84:F1:47:54:95:E0,-67,11,Coordenação de Eng. Elétrica
17/03/2026,10:42:36,48,IFPB-VISITANTE,84:F1:47:54:95:E2,-67,11,Coordenação de Eng. Elétrica
17/03/2026,10:42:36,48,APTelefonia,58:10:8C:91:F3:AA,-74,1,Coordenação de Eng. Elétrica
17/03/2026,10:42:36,48,IFPB-Sala_13,E8:94:F6:B9:2F:46,-79,4,Coordenação de Eng. Elétrica
17/03/2026,10:42:36,48,GPDS,00:26:5A:66:55:EF,-80,6,Coordenação de Eng. Elétrica
17/03/2026,10:42:36,48,IFPB-VISITANTE,B8:11:4B:1D:14:82,-81,6,Coordenação de Eng. Elétrica
17/03/2026,10:42:36,48,UA2-MiniLab,60:32:B1:2D:66:C3,-82,10,Coordenação de Eng. Elétrica
17/03/2026,10:42:36,48,Lab. de Sinais Digitais,18:D6:C7:F9:37:2F,-82,11,Coordenação de Eng. Elétrica
17/03/2026,10:42:36,48,IFPB,B8:11:4B:1D:14:80,-83,6,Coordenação de Eng. Elétrica
17/03/2026,10:42:36,48,Intelbras,18:0D:2C:7F:EB:AC,-84,7,Coordenação de Eng. Elétrica
17/03/2026,10:42:36,48,IFPB TCC,D8:5D:4C:86:7E:66,-86,6,Coordenação de Eng. Elétrica
17/03/2026,10:42:36,48,IFPB-Sala_Professor_14,24:FD:0D:57:19:26,-87,2,Coordenação de Eng. Elétrica
17/03/2026,10:42:36,48,NPEF/NEPA,50:C7:BF:EF:56:8A,-88,3,Coordenação de Eng. Elétrica
17/03/2026,10:42:36,48,IFPB,84:F1:47:54:F9:80,-88,11,Coordenação de Eng. Elétrica
17/03/2026,10:42:36,48,IFPB-VISITANTE,84:F1:47:54:F9:82,-89,11,Coordenação de Eng. Elétrica
17/03/2026,10:42:36,48,A55 de Arquimedes,02:11:D2:64:5E:D9,-91,1,Coordenação de Eng. Elétrica
17/03/2026,10:42:36,48,Gabriel's Galaxy Tab S6 Lite,02:64:44:29:F3:37,-92,6,Coordenação de Eng. Elétrica
17/03/2026,10:42:36,48,motorola one hyper_9136,6A:A5:88:F9:66:CE,-92,6,Coordenação de Eng. Elétrica
17/03/2026,10:42:36,48,TP-Link_1324,7C:F1:7E:8D:13:22,-93,10,Coordenação de Eng. Elétrica
17/03/2026,10:42:36,48,EBF230F1-HA8D94yZ3n1AOdi,44:D2:44:DD:2C:C4,-94,11,Coordenação de Eng. Elétrica
17/03/2026,10:42:36,48,Grel Wifi,00:27:19:CA:71:D2,-95,11,Coordenação de Eng. Elétrica
17/03/2026,10:42:46,49,TP-Link_C3CB,D8:0D:17:3E:C3:CB,-51,3,Coordenação de Eng. Elétrica
17/03/2026,10:42:46,49,IFPB-Sala_Professor_14,48:51:CF:81:B0:9E,-63,5,Coordenação de Eng. Elétrica
17/03/2026,10:42:46,49,NUNYA_Room_2.4GHz,CC:32:E5:0C:FC:2B,-66,10,Coordenação de Eng. Elétrica
17/03/2026,10:42:46,49,IFPB,84:F1:47:54:95:E0,-66,11,Coordenação de Eng. Elétrica
17/03/2026,10:42:46,49,IFPB-VISITANTE,84:F1:47:54:95:E2,-66,11,Coordenação de Eng. Elétrica
17/03/2026,10:42:46,49,UA2-MiniLab,60:32:B1:2D:66:C3,-76,10,Coordenação de Eng. Elétrica
17/03/2026,10:42:46,49,Lab. de Sinais Digitais,18:D6:C7:F9:37:2F,-76,11,Coordenação de Eng. Elétrica
17/03/2026,10:42:46,49,IFPB-Sala_Professor_14,24:FD:0D:57:19:26,-78,2,Coordenação de Eng. Elétrica
17/03/2026,10:42:46,49,Intelbras,18:0D:2C:7F:EB:AC,-78,7,Coordenação de Eng. Elétrica
17/03/2026,10:42:46,49,APTelefonia,58:10:8C:91:F3:AA,-79,1,Coordenação de Eng. Elétrica
17/03/2026,10:42:46,49,GPDS,00:26:5A:66:55:EF,-79,6,Coordenação de Eng. Elétrica
17/03/2026,10:42:46,49,IFPB-Sala_13,E8:94:F6:B9:2F:46,-81,4,Coordenação de Eng. Elétrica
17/03/2026,10:42:46,49,IFPB TCC,D8:5D:4C:86:7E:66,-83,6,Coordenação de Eng. Elétrica
17/03/2026,10:42:46,49,Gabriel's Galaxy Tab S6 Lite,02:64:44:29:F3:37,-86,6,Coordenação de Eng. Elétrica
17/03/2026,10:42:46,49,IFPB-VISITANTE,84:F1:47:54:FD:C2,-88,1,Coordenação de Eng. Elétrica
17/03/2026,10:42:46,49,IFPB,84:F1:47:54:FD:C0,-88,1,Coordenação de Eng. Elétrica
17/03/2026,10:42:46,49,EBF230F1-HA8D94yZ3n1AOdi,44:D2:44:DD:2C:C4,-89,11,Coordenação de Eng. Elétrica
17/03/2026,10:42:46,49,NPEF/NEPA,50:C7:BF:EF:56:8A,-91,3,Coordenação de Eng. Elétrica
17/03/2026,10:42:46,49,TP-Link_1324,7C:F1:7E:8D:13:22,-93,10,Coordenação de Eng. Elétrica
17/03/2026,10:42:56,50,TP-Link_C3CB,D8:0D:17:3E:C3:CB,-50,3,Coordenação de Eng. Elétrica
17/03/2026,10:42:56,50,IFPB-VISITANTE,84:F1:47:54:95:E2,-64,11,Coordenação de Eng. Elétrica
17/03/2026,10:42:56,50,IFPB,84:F1:47:54:95:E0,-65,11,Coordenação de Eng. Elétrica
17/03/2026,10:42:56,50,IFPB-Sala_Professor_14,48:51:CF:81:B0:9E,-67,5,Coordenação de Eng. Elétrica
17/03/2026,10:42:56,50,NUNYA_Room_2.4GHz,CC:32:E5:0C:FC:2B,-71,10,Coordenação de Eng. Elétrica
17/03/2026,10:42:56,50,Intelbras,18:0D:2C:7F:EB:AC,-76,7,Coordenação de Eng. Elétrica
17/03/2026,10:42:56,50,Lab. de Sinais Digitais,18:D6:C7:F9:37:2F,-79,11,Coordenação de Eng. Elétrica
17/03/2026,10:42:56,50,APTelefonia,58:10:8C:91:F3:AA,-80,1,Coordenação de Eng. Elétrica
17/03/2026,10:42:56,50,IFPB-Sala_Professor_14,24:FD:0D:57:19:26,-80,2,Coordenação de Eng. Elétrica
17/03/2026,10:42:56,50,Gabriel's Galaxy Tab S6 Lite,02:64:44:29:F3:37,-83,6,Coordenação de Eng. Elétrica
17/03/2026,10:42:56,50,UA2-MiniLab,60:32:B1:2D:66:C3,-86,10,Coordenação de Eng. Elétrica
17/03/2026,10:42:56,50,IFPB,84:F1:47:54:FD:C0,-87,1,Coordenação de Eng. Elétrica
17/03/2026,10:42:56,50,IFPB-Sala_13,E8:94:F6:B9:2F:46,-88,4,Coordenação de Eng. Elétrica
17/03/2026,10:42:56,50,IFPB TCC,D8:5D:4C:86:7E:66,-88,6,Coordenação de Eng. Elétrica
17/03/2026,10:42:56,50,IFPB-VISITANTE,84:F1:47:54:FD:C2,-89,1,Coordenação de Eng. Elétrica
17/03/2026,10:42:56,50,IFPB,2C:57:41:D4:69:C0,-89,6,Coordenação de Eng. Elétrica
17/03/2026,10:42:56,50,GPDS,00:26:5A:66:55:EF,-90,6,Coordenação de Eng. Elétrica
17/03/2026,10:42:56,50,IFPB-VISITANTE,2C:57:41:D4:69:C2,-90,6,Coordenação de Eng. Elétrica
17/03/2026,10:42:56,50,TP-Link_1324,7C:F1:7E:8D:13:22,-90,10,Coordenação de Eng. Elétrica
17/03/2026,10:42:56,50,IFPB,84:F1:47:54:F9:80,-90,11,Coordenação de Eng. Elétrica
17/03/2026,10:42:56,50,IFPB-VISITANTE,84:F1:47:54:F9:82,-90,11,Coordenação de Eng. Elétrica
17/03/2026,10:42:56,50,NPEF/NEPA,50:C7:BF:EF:56:8A,-92,3,Coordenação de Eng. Elétrica
17/03/2026,10:42:56,50,motorola one hyper_9136,6A:A5:88:F9:66:CE,-92,6,Coordenação de Eng. Elétrica
17/03/2026,10:42:56,50,EBF230F1-HA8D94yZ3n1AOdi,44:D2:44:DD:2C:C4,-92,11,Coordenação de Eng. Elétrica
17/03/2026,10:42:56,50,Grel Wifi,00:27:19:CA:71:D2,-93,11,Coordenação de Eng. Elétrica
17/03/2026,10:43:44,51,Lab. de Sinais Digitais,18:D6:C7:F9:37:2F,-61,11,Auditório de Eng. Elétrica
17/03/2026,10:43:44,51,GPDS,00:26:5A:66:55:EF,-70,6,Auditório de Eng. Elétrica
17/03/2026,10:43:44,51,UA2-MiniLab,60:32:B1:2D:66:C3,-71,10,Auditório de Eng. Elétrica
17/03/2026,10:43:44,51,APTelefonia,58:10:8C:91:F3:AA,-73,1,Auditório de Eng. Elétrica
17/03/2026,10:43:44,51,IFPB-VISITANTE,84:F1:47:54:F9:82,-77,11,Auditório de Eng. Elétrica
17/03/2026,10:43:44,51,IFPB,84:F1:47:54:F9:80,-77,11,Auditório de Eng. Elétrica
17/03/2026,10:43:44,51,IFPB,84:F1:47:54:6B:80,-78,1,Auditório de Eng. Elétrica
17/03/2026,10:43:44,51,IFPB-VISITANTE,84:F1:47:54:6B:82,-79,1,Auditório de Eng. Elétrica
17/03/2026,10:43:44,51,TP-Link_1324,7C:F1:7E:8D:13:22,-80,10,Auditório de Eng. Elétrica
17/03/2026,10:43:44,51,Intelbras,18:0D:2C:7F:EB:AC,-82,7,Auditório de Eng. Elétrica
17/03/2026,10:43:44,51,IFPB-VISITANTE,84:F1:47:54:8B:A2,-83,11,Auditório de Eng. Elétrica
17/03/2026,10:43:44,51,IFPB,84:F1:47:54:96:E0,-84,1,Auditório de Eng. Elétrica
17/03/2026,10:43:44,51,IFPB-VISITANTE,84:F1:47:54:96:E2,-84,1,Auditório de Eng. Elétrica
17/03/2026,10:43:44,51,IFPB,84:F1:47:54:8B:A0,-84,11,Auditório de Eng. Elétrica
17/03/2026,10:43:44,51,IFPB-Sala_Professor_14,24:FD:0D:57:19:26,-85,2,Auditório de Eng. Elétrica
17/03/2026,10:43:44,51,TP-Link_C3CB,D8:0D:17:3E:C3:CB,-85,3,Auditório de Eng. Elétrica
17/03/2026,10:43:44,51,NPEF/NEPA,50:C7:BF:EF:56:8A,-86,3,Auditório de Eng. Elétrica
17/03/2026,10:43:44,51,IFPB-Sala_Professor_14,48:51:CF:81:B0:9E,-87,5,Auditório de Eng. Elétrica
17/03/2026,10:43:44,51,Gabriel's Galaxy Tab S6 Lite,02:64:44:29:F3:37,-88,6,Auditório de Eng. Elétrica
17/03/2026,10:43:44,51,NUNYA_Room_2.4GHz,CC:32:E5:0C:FC:2B,-91,10,Auditório de Eng. Elétrica
17/03/2026,10:43:44,51,motorola one hyper_9136,6A:A5:88:F9:66:CE,-93,6,Auditório de Eng. Elétrica
17/03/2026,10:43:54,52,Lab. de Sinais Digitais,18:D6:C7:F9:37:2F,-66,11,Auditório de Eng. Elétrica
17/03/2026,10:43:54,52,NPEF/NEPA,50:C7:BF:EF:56:8A,-76,3,Auditório de Eng. Elétrica
17/03/2026,10:43:54,52,IFPB-VISITANTE,84:F1:47:54:8B:A2,-76,11,Auditório de Eng. Elétrica
17/03/2026,10:43:54,52,IFPB,84:F1:47:54:8B:A0,-77,11,Auditório de Eng. Elétrica
17/03/2026,10:43:54,52,APTelefonia,58:10:8C:91:F3:AA,-78,1,Auditório de Eng. Elétrica
17/03/2026,10:43:54,52,IFPB,84:F1:47:54:6B:80,-79,1,Auditório de Eng. Elétrica
17/03/2026,10:43:54,52,IFPB-VISITANTE,84:F1:47:54:6B:82,-79,1,Auditório de Eng. Elétrica
17/03/2026,10:43:54,52,TP-Link_1324,7C:F1:7E:8D:13:22,-80,10,Auditório de Eng. Elétrica
17/03/2026,10:43:54,52,IFPB,84:F1:47:54:F9:80,-80,11,Auditório de Eng. Elétrica
17/03/2026,10:43:54,52,IFPB-VISITANTE,84:F1:47:54:F9:82,-80,11,Auditório de Eng. Elétrica
17/03/2026,10:43:54,52,Intelbras,18:0D:2C:7F:EB:AC,-81,7,Auditório de Eng. Elétrica
17/03/2026,10:43:54,52,UA2-MiniLab,60:32:B1:2D:66:C3,-81,10,Auditório de Eng. Elétrica
17/03/2026,10:43:54,52,IFPB-Sala_Professor_14,48:51:CF:81:B0:9E,-82,5,Auditório de Eng. Elétrica
17/03/2026,10:43:54,52,GPDS,00:26:5A:66:55:EF,-82,6,Auditório de Eng. Elétrica
17/03/2026,10:43:54,52,Gabriel's Galaxy Tab S6 Lite,02:64:44:29:F3:37,-83,6,Auditório de Eng. Elétrica
17/03/2026,10:43:54,52,IFPB,84:F1:47:54:96:E0,-84,1,Auditório de Eng. Elétrica
17/03/2026,10:43:54,52,IFPB-VISITANTE,84:F1:47:54:96:E2,-84,1,Auditório de Eng. Elétrica
17/03/2026,10:43:54,52,TP-Link_C3CB,D8:0D:17:3E:C3:CB,-84,3,Auditório de Eng. Elétrica
17/03/2026,10:43:54,52,IFPB-Sala_Professor_14,24:FD:0D:57:19:26,-87,2,Auditório de Eng. Elétrica
17/03/2026,10:43:54,52,NUNYA_Room_2.4GHz,CC:32:E5:0C:FC:2B,-90,10,Auditório de Eng. Elétrica
17/03/2026,10:43:54,52,IFPB,E4:4E:2D:85:4C:60,-90,11,Auditório de Eng. Elétrica
17/03/2026,10:43:54,52,IFPB-VISITANTE,E4:4E:2D:85:4C:62,-91,11,Auditório de Eng. Elétrica
17/03/2026,10:43:54,52,motorola one hyper_9136,6A:A5:88:F9:66:CE,-93,6,Auditório de Eng. Elétrica
17/03/2026,10:44:04,53,Lab. de Sinais Digitais,18:D6:C7:F9:37:2F,-70,11,Auditório de Eng. Elétrica
17/03/2026,10:44:04,53,GPDS,00:26:5A:66:55:EF,-72,6,Auditório de Eng. Elétrica
17/03/2026,10:44:04,53,UA2-MiniLab,60:32:B1:2D:66:C3,-72,10,Auditório de Eng. Elétrica
17/03/2026,10:44:04,53,TP-Link_1324,7C:F1:7E:8D:13:22,-73,10,Auditório de Eng. Elétrica
17/03/2026,10:44:04,53,IFPB-VISITANTE,84:F1:47:54:F9:82,-75,11,Auditório de Eng. Elétrica
17/03/2026,10:44:04,53,IFPB,84:F1:47:54:6B:80,-76,1,Auditório de Eng. Elétrica
17/03/2026,10:44:04,53,IFPB,84:F1:47:54:F9:80,-76,11,Auditório de Eng. Elétrica
17/03/2026,10:44:04,53,IFPB-VISITANTE,84:F1:47:54:6B:82,-77,1,Auditório de Eng. Elétrica
17/03/2026,10:44:04,53,APTelefonia,58:10:8C:91:F3:AA,-78,1,Auditório de Eng. Elétrica
17/03/2026,10:44:04,53,NPEF/NEPA,50:C7:BF:EF:56:8A,-80,3,Auditório de Eng. Elétrica
17/03/2026,10:44:04,53,Gabriel's Galaxy Tab S6 Lite,02:64:44:29:F3:37,-80,6,Auditório de Eng. Elétrica
17/03/2026,10:44:04,53,Intelbras,18:0D:2C:7F:EB:AC,-85,7,Auditório de Eng. Elétrica
17/03/2026,10:44:04,53,TP-Link_C3CB,D8:0D:17:3E:C3:CB,-86,3,Auditório de Eng. Elétrica
17/03/2026,10:44:04,53,IFPB,24:36:DA:2B:5E:C0,-87,1,Auditório de Eng. Elétrica
17/03/2026,10:44:04,53,IFPB-Sala_Professor_14,24:FD:0D:57:19:26,-87,2,Auditório de Eng. Elétrica
17/03/2026,10:44:04,53,IFPB,84:F1:47:54:8B:A0,-87,11,Auditório de Eng. Elétrica
17/03/2026,10:44:04,53,IFPB-VISITANTE,84:F1:47:54:8B:A2,-87,11,Auditório de Eng. Elétrica
17/03/2026,10:44:04,53,IFPB,84:F1:47:54:96:E0,-88,1,Auditório de Eng. Elétrica
17/03/2026,10:44:04,53,IFPB-VISITANTE,84:F1:47:54:96:E2,-88,1,Auditório de Eng. Elétrica
17/03/2026,10:44:04,53,IFPB-VISITANTE,24:36:DA:2B:5E:C2,-88,1,Auditório de Eng. Elétrica
17/03/2026,10:44:04,53,IFPB,84:F1:47:54:EB:20,-90,6,Auditório de Eng. Elétrica
17/03/2026,10:44:04,53,IFPB-VISITANTE,84:F1:47:54:EB:22,-91,6,Auditório de Eng. Elétrica
17/03/2026,10:44:04,53,motorola one hyper_9136,6A:A5:88:F9:66:CE,-91,6,Auditório de Eng. Elétrica
17/03/2026,10:44:05,53,IFPB-Sala_Professor_14,48:51:CF:81:B0:9E,-93,5,Auditório de Eng. Elétrica
17/03/2026,10:44:05,53,NUNYA_Room_2.4GHz,CC:32:E5:0C:FC:2B,-95,10,Auditório de Eng. Elétrica
17/03/2026,10:44:14,54,Lab. de Sinais Digitais,18:D6:C7:F9:37:2F,-63,11,Auditório de Eng. Elétrica
17/03/2026,10:44:14,54,NPEF/NEPA,50:C7:BF:EF:56:8A,-70,3,Auditório de Eng. Elétrica
17/03/2026,10:44:14,54,GPDS,00:26:5A:66:55:EF,-70,6,Auditório de Eng. Elétrica
17/03/2026,10:44:14,54,IFPB,84:F1:47:54:6B:80,-73,1,Auditório de Eng. Elétrica
17/03/2026,10:44:14,54,IFPB-VISITANTE,84:F1:47:54:6B:82,-73,1,Auditório de Eng. Elétrica
17/03/2026,10:44:14,54,IFPB-VISITANTE,84:F1:47:54:F9:82,-75,11,Auditório de Eng. Elétrica
17/03/2026,10:44:14,54,IFPB,84:F1:47:54:F9:80,-76,11,Auditório de Eng. Elétrica
17/03/2026,10:44:14,54,Gabriel's Galaxy Tab S6 Lite,02:64:44:29:F3:37,-77,6,Auditório de Eng. Elétrica
17/03/2026,10:44:14,54,TP-Link_1324,7C:F1:7E:8D:13:22,-77,10,Auditório de Eng. Elétrica
17/03/2026,10:44:14,54,IFPB-Sala_Professor_14,48:51:CF:81:B0:9E,-78,5,Auditório de Eng. Elétrica
17/03/2026,10:44:14,54,UA2-MiniLab,60:32:B1:2D:66:C3,-79,10,Auditório de Eng. Elétrica
17/03/2026,10:44:15,54,IFPB,84:F1:47:54:8B:A0,-79,11,Auditório de Eng. Elétrica
17/03/2026,10:44:15,54,IFPB-VISITANTE,84:F1:47:54:8B:A2,-79,11,Auditório de Eng. Elétrica
17/03/2026,10:44:15,54,APTelefonia,58:10:8C:91:F3:AA,-82,1,Auditório de Eng. Elétrica
17/03/2026,10:44:15,54,TP-Link_C3CB,D8:0D:17:3E:C3:CB,-85,3,Auditório de Eng. Elétrica
17/03/2026,10:44:15,54,IFPB,24:36:DA:2B:5E:C0,-87,1,Auditório de Eng. Elétrica
17/03/2026,10:44:15,54,IFPB-VISITANTE,24:36:DA:2B:5E:C2,-88,1,Auditório de Eng. Elétrica
17/03/2026,10:44:15,54,IFPB-VISITANTE,84:F1:47:54:96:E2,-88,1,Auditório de Eng. Elétrica
17/03/2026,10:44:15,54,Intelbras,18:0D:2C:7F:EB:AC,-89,7,Auditório de Eng. Elétrica
17/03/2026,10:44:15,54,IFPB-Sala_Professor_14,24:FD:0D:57:19:26,-91,2,Auditório de Eng. Elétrica
17/03/2026,10:44:15,54,NUNYA_Room_2.4GHz,CC:32:E5:0C:FC:2B,-92,10,Auditório de Eng. Elétrica
17/03/2026,10:44:15,54,motorola one hyper_9136,6A:A5:88:F9:66:CE,-94,6,Auditório de Eng. Elétrica
17/03/2026,10:44:24,55,NPEF/NEPA,50:C7:BF:EF:56:8A,-69,3,Auditório de Eng. Elétrica
17/03/2026,10:44:24,55,APTelefonia,58:10:8C:91:F3:AA,-72,1,Auditório de Eng. Elétrica
17/03/2026,10:44:24,55,Lab. de Sinais Digitais,18:D6:C7:F9:37:2F,-73,11,Auditório de Eng. Elétrica
17/03/2026,10:44:24,55,GPDS,00:26:5A:66:55:EF,-74,6,Auditório de Eng. Elétrica
17/03/2026,10:44:24,55,TP-Link_1324,7C:F1:7E:8D:13:22,-74,10,Auditório de Eng. Elétrica
17/03/2026,10:44:24,55,UA2-MiniLab,60:32:B1:2D:66:C3,-77,10,Auditório de Eng. Elétrica
17/03/2026,10:44:24,55,IFPB,84:F1:47:54:F9:80,-77,11,Auditório de Eng. Elétrica
17/03/2026,10:44:24,55,IFPB-VISITANTE,84:F1:47:54:F9:82,-77,11,Auditório de Eng. Elétrica
17/03/2026,10:44:24,55,Gabriel's Galaxy Tab S6 Lite,02:64:44:29:F3:37,-78,6,Auditório de Eng. Elétrica
17/03/2026,10:44:24,55,IFPB-VISITANTE,84:F1:47:54:8B:A2,-79,11,Auditório de Eng. Elétrica
17/03/2026,10:44:25,55,IFPB,84:F1:47:54:6B:80,-80,1,Auditório de Eng. Elétrica
17/03/2026,10:44:25,55,IFPB,84:F1:47:54:8B:A0,-80,11,Auditório de Eng. Elétrica
17/03/2026,10:44:25,55,IFPB-VISITANTE,84:F1:47:54:6B:82,-81,1,Auditório de Eng. Elétrica
17/03/2026,10:44:25,55,Intelbras,18:0D:2C:7F:EB:AC,-85,7,Auditório de Eng. Elétrica
17/03/2026,10:44:25,55,IFPB-VISITANTE,84:F1:47:54:96:E2,-86,1,Auditório de Eng. Elétrica
17/03/2026,10:44:25,55,IFPB,84:F1:47:54:96:E0,-86,1,Auditório de Eng. Elétrica
17/03/2026,10:44:25,55,IFPB-Sala_Professor_14,48:51:CF:81:B0:9E,-87,5,Auditório de Eng. Elétrica
17/03/2026,10:44:25,55,IFPB-VISITANTE,E4:4E:2D:85:4C:62,-88,11,Auditório de Eng. Elétrica
17/03/2026,10:44:25,55,IFPB,E4:4E:2D:85:4C:60,-88,11,Auditório de Eng. Elétrica
17/03/2026,10:44:25,55,TP-Link_C3CB,D8:0D:17:3E:C3:CB,-89,3,Auditório de Eng. Elétrica
17/03/2026,10:44:25,55,IFPB,84:F1:47:54:EB:20,-90,6,Auditório de Eng. Elétrica
17/03/2026,10:44:25,55,IFPB-VISITANTE,84:F1:47:54:EB:22,-91,6,Auditório de Eng. Elétrica
17/03/2026,10:44:25,55,IFPB-Sala_Professor_14,24:FD:0D:57:19:26,-94,2,Auditório de Eng. Elétrica
17/03/2026,10:44:25,55,IFPB-Sala_13,E8:94:F6:B9:2F:46,-94,4,Auditório de Eng. Elétrica
17/03/2026,10:44:25,55,motorola one hyper_9136,6A:A5:88:F9:66:CE,-94,6,Auditório de Eng. Elétrica
17/03/2026,10:44:25,55,NUNYA_Room_2.4GHz,CC:32:E5:0C:FC:2B,-97,10,Auditório de Eng. Elétrica
17/03/2026,10:44:34,56,NPEF/NEPA,50:C7:BF:EF:56:8A,-69,3,Auditório de Eng. Elétrica
17/03/2026,10:44:34,56,Lab. de Sinais Digitais,18:D6:C7:F9:37:2F,-70,11,Auditório de Eng. Elétrica
17/03/2026,10:44:34,56,GPDS,00:26:5A:66:55:EF,-71,6,Auditório de Eng. Elétrica
17/03/2026,10:44:34,56,IFPB,84:F1:47:54:6B:80,-75,1,Auditório de Eng. Elétrica
17/03/2026,10:44:34,56,IFPB-VISITANTE,84:F1:47:54:6B:82,-75,1,Auditório de Eng. Elétrica
17/03/2026,10:44:34,56,APTelefonia,58:10:8C:91:F3:AA,-76,1,Auditório de Eng. Elétrica
17/03/2026,10:44:35,56,TP-Link_1324,7C:F1:7E:8D:13:22,-76,10,Auditório de Eng. Elétrica
17/03/2026,10:44:35,56,IFPB,84:F1:47:54:F9:80,-76,11,Auditório de Eng. Elétrica
17/03/2026,10:44:35,56,IFPB-VISITANTE,84:F1:47:54:F9:82,-77,11,Auditório de Eng. Elétrica
17/03/2026,10:44:35,56,Intelbras,18:0D:2C:7F:EB:AC,-80,7,Auditório de Eng. Elétrica
17/03/2026,10:44:35,56,IFPB,84:F1:47:54:8B:A0,-81,11,Auditório de Eng. Elétrica
17/03/2026,10:44:35,56,IFPB-VISITANTE,84:F1:47:54:8B:A2,-81,11,Auditório de Eng. Elétrica
17/03/2026,10:44:35,56,IFPB,84:F1:47:54:96:E0,-82,1,Auditório de Eng. Elétrica
17/03/2026,10:44:35,56,IFPB-VISITANTE,84:F1:47:54:96:E2,-83,1,Auditório de Eng. Elétrica
17/03/2026,10:44:35,56,Gabriel's Galaxy Tab S6 Lite,02:64:44:29:F3:37,-83,6,Auditório de Eng. Elétrica
17/03/2026,10:44:35,56,UA2-MiniLab,60:32:B1:2D:66:C3,-83,10,Auditório de Eng. Elétrica
17/03/2026,10:44:35,56,A55 de Arquimedes,02:11:D2:64:5E:D9,-89,1,Auditório de Eng. Elétrica
17/03/2026,10:44:35,56,IFPB-Sala_Professor_14,48:51:CF:81:B0:9E,-89,5,Auditório de Eng. Elétrica
17/03/2026,10:44:35,56,IFPB-VISITANTE,E4:4E:2D:85:4C:62,-89,11,Auditório de Eng. Elétrica
17/03/2026,10:44:35,56,TP-Link_C3CB,D8:0D:17:3E:C3:CB,-90,3,Auditório de Eng. Elétrica
17/03/2026,10:44:35,56,IFPB,E4:4E:2D:85:4C:60,-90,11,Auditório de Eng. Elétrica
17/03/2026,10:44:35,56,NUNYA_Room_2.4GHz,CC:32:E5:0C:FC:2B,-93,10,Auditório de Eng. Elétrica
17/03/2026,10:44:35,56,IFPB-Sala_Professor_14,24:FD:0D:57:19:26,-94,2,Auditório de Eng. Elétrica
17/03/2026,10:44:45,57,Lab. de Sinais Digitais,18:D6:C7:F9:37:2F,-62,11,Auditório de Eng. Elétrica
17/03/2026,10:44:45,57,NPEF/NEPA,50:C7:BF:EF:56:8A,-69,3,Auditório de Eng. Elétrica
17/03/2026,10:44:45,57,IFPB,84:F1:47:54:F9:80,-71,11,Auditório de Eng. Elétrica
17/03/2026,10:44:45,57,IFPB-VISITANTE,84:F1:47:54:F9:82,-71,11,Auditório de Eng. Elétrica
17/03/2026,10:44:45,57,UA2-MiniLab,60:32:B1:2D:66:C3,-74,10,Auditório de Eng. Elétrica
17/03/2026,10:44:45,57,TP-Link_1324,7C:F1:7E:8D:13:22,-75,10,Auditório de Eng. Elétrica
17/03/2026,10:44:45,57,IFPB-Sala_Professor_14,48:51:CF:81:B0:9E,-76,5,Auditório de Eng. Elétrica
17/03/2026,10:44:45,57,APTelefonia,58:10:8C:91:F3:AA,-77,1,Auditório de Eng. Elétrica
17/03/2026,10:44:45,57,GPDS,00:26:5A:66:55:EF,-77,6,Auditório de Eng. Elétrica
17/03/2026,10:44:45,57,TP-Link_C3CB,D8:0D:17:3E:C3:CB,-79,3,Auditório de Eng. Elétrica
17/03/2026,10:44:45,57,Gabriel's Galaxy Tab S6 Lite,02:64:44:29:F3:37,-81,6,Auditório de Eng. Elétrica
17/03/2026,10:44:45,57,IFPB,84:F1:47:54:8B:A0,-81,11,Auditório de Eng. Elétrica
17/03/2026,10:44:45,57,IFPB-VISITANTE,84:F1:47:54:8B:A2,-81,11,Auditório de Eng. Elétrica
17/03/2026,10:44:45,57,IFPB,84:F1:47:54:6B:80,-83,1,Auditório de Eng. Elétrica
17/03/2026,10:44:45,57,IFPB-VISITANTE,84:F1:47:54:6B:82,-83,1,Auditório de Eng. Elétrica
17/03/2026,10:44:45,57,Intelbras,18:0D:2C:7F:EB:AC,-83,7,Auditório de Eng. Elétrica
17/03/2026,10:44:45,57,IFPB,84:F1:47:54:96:E0,-85,1,Auditório de Eng. Elétrica
17/03/2026,10:44:45,57,IFPB-VISITANTE,84:F1:47:54:96:E2,-85,1,Auditório de Eng. Elétrica
17/03/2026,10:44:45,57,IFPB-VISITANTE,24:36:DA:2B:5E:C2,-87,1,Auditório de Eng. Elétrica
17/03/2026,10:44:45,57,IFPB,24:36:DA:2B:5E:C0,-88,1,Auditório de Eng. Elétrica
17/03/2026,10:44:45,57,IFPB-Sala_Professor_14,24:FD:0D:57:19:26,-93,2,Auditório de Eng. Elétrica
17/03/2026,10:44:45,57,NUNYA_Room_2.4GHz,CC:32:E5:0C:FC:2B,-95,10,Auditório de Eng. Elétrica
17/03/2026,10:44:55,58,Lab. de Sinais Digitais,18:D6:C7:F9:37:2F,-62,11,Auditório de Eng. Elétrica
17/03/2026,10:44:55,58,NPEF/NEPA,50:C7:BF:EF:56:8A,-66,3,Auditório de Eng. Elétrica
17/03/2026,10:44:55,58,TP-Link_1324,7C:F1:7E:8D:13:22,-68,10,Auditório de Eng. Elétrica
17/03/2026,10:44:55,58,UA2-MiniLab,60:32:B1:2D:66:C3,-71,10,Auditório de Eng. Elétrica
17/03/2026,10:44:55,58,APTelefonia,58:10:8C:91:F3:AA,-72,1,Auditório de Eng. Elétrica
17/03/2026,10:44:55,58,GPDS,00:26:5A:66:55:EF,-72,6,Auditório de Eng. Elétrica
17/03/2026,10:44:55,58,IFPB,84:F1:47:54:F9:80,-77,11,Auditório de Eng. Elétrica
17/03/2026,10:44:55,58,IFPB-VISITANTE,84:F1:47:54:F9:82,-77,11,Auditório de Eng. Elétrica
17/03/2026,10:44:55,58,IFPB,84:F1:47:54:6B:80,-78,1,Auditório de Eng. Elétrica
17/03/2026,10:44:55,58,IFPB-VISITANTE,84:F1:47:54:6B:82,-78,1,Auditório de Eng. Elétrica
17/03/2026,10:44:55,58,Intelbras,18:0D:2C:7F:EB:AC,-81,7,Auditório de Eng. Elétrica
17/03/2026,10:44:55,58,Gabriel's Galaxy Tab S6 Lite,02:64:44:29:F3:37,-83,6,Auditório de Eng. Elétrica
17/03/2026,10:44:55,58,IFPB,84:F1:47:54:8B:A0,-83,11,Auditório de Eng. Elétrica
17/03/2026,10:44:55,58,IFPB-VISITANTE,84:F1:47:54:8B:A2,-83,11,Auditório de Eng. Elétrica
17/03/2026,10:44:55,58,IFPB,84:F1:47:54:96:E0,-85,1,Auditório de Eng. Elétrica
17/03/2026,10:44:55,58,IFPB-VISITANTE,84:F1:47:54:96:E2,-86,1,Auditório de Eng. Elétrica
17/03/2026,10:44:55,58,IFPB-Sala_Professor_14,48:51:CF:81:B0:9E,-88,5,Auditório de Eng. Elétrica
17/03/2026,10:44:55,58,IFPB-VISITANTE,84:F1:47:54:EB:22,-88,6,Auditório de Eng. Elétrica
17/03/2026,10:44:55,58,IFPB,84:F1:47:54:EB:20,-88,6,Auditório de Eng. Elétrica
17/03/2026,10:44:55,58,IFPB,E4:4E:2D:85:4C:60,-88,11,Auditório de Eng. Elétrica
17/03/2026,10:44:55,58,IFPB-VISITANTE,E4:4E:2D:85:4C:62,-88,11,Auditório de Eng. Elétrica
17/03/2026,10:44:55,58,IFPB,24:36:DA:2B:5E:C0,-89,1,Auditório de Eng. Elétrica
17/03/2026,10:44:55,58,IFPB-VISITANTE,24:36:DA:2B:5E:C2,-89,1,Auditório de Eng. Elétrica
17/03/2026,10:44:55,58,NUNYA_Room_2.4GHz,CC:32:E5:0C:FC:2B,-90,10,Auditório de Eng. Elétrica
17/03/2026,10:44:55,58,IFPB-Sala_Professor_14,24:FD:0D:57:19:26,-91,2,Auditório de Eng. Elétrica
17/03/2026,10:44:55,58,TP-Link_C3CB,D8:0D:17:3E:C3:CB,-91,3,Auditório de Eng. Elétrica
17/03/2026,10:44:55,58,IFPB-Sala_13,E8:94:F6:B9:2F:46,-92,4,Auditório de Eng. Elétrica
17/03/2026,10:44:55,58,A55 de Arquimedes,02:11:D2:64:5E:D9,-93,1,Auditório de Eng. Elétrica
17/03/2026,10:45:05,59,Lab. de Sinais Digitais,18:D6:C7:F9:37:2F,-64,11,Auditório de Eng. Elétrica
17/03/2026,10:45:05,59,NPEF/NEPA,50:C7:BF:EF:56:8A,-66,3,Auditório de Eng. Elétrica
17/03/2026,10:45:05,59,APTelefonia,58:10:8C:91:F3:AA,-68,1,Auditório de Eng. Elétrica
17/03/2026,10:45:05,59,GPDS,00:26:5A:66:55:EF,-70,6,Auditório de Eng. Elétrica
17/03/2026,10:45:05,59,IFPB,84:F1:47:54:F9:80,-73,11,Auditório de Eng. Elétrica
17/03/2026,10:45:05,59,TP-Link_1324,7C:F1:7E:8D:13:22,-74,10,Auditório de Eng. Elétrica
17/03/2026,10:45:05,59,IFPB,84:F1:47:54:6B:80,-75,1,Auditório de Eng. Elétrica
17/03/2026,10:45:05,59,IFPB-VISITANTE,84:F1:47:54:6B:82,-75,1,Auditório de Eng. Elétrica
17/03/2026,10:45:05,59,IFPB-VISITANTE,84:F1:47:54:F9:82,-75,11,Auditório de Eng. Elétrica
17/03/2026,10:45:05,59,UA2-MiniLab,60:32:B1:2D:66:C3,-77,10,Auditório de Eng. Elétrica
17/03/2026,10:45:05,59,TP-Link_C3CB,D8:0D:17:3E:C3:CB,-79,3,Auditório de Eng. Elétrica
17/03/2026,10:45:05,59,Gabriel's Galaxy Tab S6 Lite,02:64:44:29:F3:37,-79,6,Auditório de Eng. Elétrica
17/03/2026,10:45:05,59,Intelbras,18:0D:2C:7F:EB:AC,-82,7,Auditório de Eng. Elétrica
17/03/2026,10:45:05,59,IFPB,84:F1:47:54:96:E0,-83,1,Auditório de Eng. Elétrica
17/03/2026,10:45:05,59,IFPB-VISITANTE,84:F1:47:54:96:E2,-84,1,Auditório de Eng. Elétrica
17/03/2026,10:45:05,59,IFPB-VISITANTE,84:F1:47:54:8B:A2,-85,11,Auditório de Eng. Elétrica
17/03/2026,10:45:05,59,IFPB,84:F1:47:54:8B:A0,-85,11,Auditório de Eng. Elétrica
17/03/2026,10:45:05,59,IFPB,24:36:DA:2B:5E:C0,-86,1,Auditório de Eng. Elétrica
17/03/2026,10:45:05,59,IFPB-VISITANTE,24:36:DA:2B:5E:C2,-86,1,Auditório de Eng. Elétrica
17/03/2026,10:45:05,59,NUNYA_Room_2.4GHz,CC:32:E5:0C:FC:2B,-87,10,Auditório de Eng. Elétrica
17/03/2026,10:45:05,59,A55 de Arquimedes,02:11:D2:64:5E:D9,-89,1,Auditório de Eng. Elétrica
17/03/2026,10:45:05,59,IFPB-Sala_Professor_14,48:51:CF:81:B0:9E,-90,5,Auditório de Eng. Elétrica
17/03/2026,10:45:05,59,IFPB-Sala_Professor_14,24:FD:0D:57:19:26,-91,2,Auditório de Eng. Elétrica
17/03/2026,10:45:05,59,IFPB-Sala_13,E8:94:F6:B9:2F:46,-94,4,Auditório de Eng. Elétrica
17/03/2026,10:45:15,60,Lab. de Sinais Digitais,18:D6:C7:F9:37:2F,-59,11,Auditório de Eng. Elétrica
17/03/2026,10:45:15,60,GPDS,00:26:5A:66:55:EF,-70,6,Auditório de Eng. Elétrica
17/03/2026,10:45:15,60,NPEF/NEPA,50:C7:BF:EF:56:8A,-74,3,Auditório de Eng. Elétrica
17/03/2026,10:45:15,60,TP-Link_1324,7C:F1:7E:8D:13:22,-77,10,Auditório de Eng. Elétrica
17/03/2026,10:45:15,60,IFPB,84:F1:47:54:6B:80,-78,1,Auditório de Eng. Elétrica
17/03/2026,10:45:15,60,IFPB-VISITANTE,84:F1:47:54:6B:82,-78,1,Auditório de Eng. Elétrica
17/03/2026,10:45:15,60,IFPB,84:F1:47:54:F9:80,-79,11,Auditório de Eng. Elétrica
17/03/2026,10:45:15,60,IFPB-VISITANTE,84:F1:47:54:F9:82,-79,11,Auditório de Eng. Elétrica
17/03/2026,10:45:15,60,APTelefonia,58:10:8C:91:F3:AA,-80,1,Auditório de Eng. Elétrica
17/03/2026,10:45:15,60,IFPB-Sala_Professor_14,48:51:CF:81:B0:9E,-80,5,Auditório de Eng. Elétrica
17/03/2026,10:45:15,60,Gabriel's Galaxy Tab S6 Lite,02:64:44:29:F3:37,-82,6,Auditório de Eng. Elétrica
17/03/2026,10:45:15,60,IFPB,84:F1:47:54:8B:A0,-82,11,Auditório de Eng. Elétrica
17/03/2026,10:45:15,60,IFPB-VISITANTE,84:F1:47:54:8B:A2,-82,11,Auditório de Eng. Elétrica
17/03/2026,10:45:15,60,IFPB,84:F1:47:54:96:E0,-83,1,Auditório de Eng. Elétrica
17/03/2026,10:45:15,60,UA2-MiniLab,60:32:B1:2D:66:C3,-83,10,Auditório de Eng. Elétrica
17/03/2026,10:45:15,60,IFPB-VISITANTE,84:F1:47:54:96:E2,-84,1,Auditório de Eng. Elétrica
17/03/2026,10:45:15,60,TP-Link_C3CB,D8:0D:17:3E:C3:CB,-84,3,Auditório de Eng. Elétrica
17/03/2026,10:45:15,60,Intelbras,18:0D:2C:7F:EB:AC,-86,7,Auditório de Eng. Elétrica
17/03/2026,10:45:15,60,IFPB-Sala_Professor_14,24:FD:0D:57:19:26,-87,2,Auditório de Eng. Elétrica
17/03/2026,10:45:15,60,IFPB-VISITANTE,24:36:DA:2B:5E:C2,-88,1,Auditório de Eng. Elétrica
17/03/2026,10:45:15,60,IFPB-VISITANTE,E4:4E:2D:85:4C:62,-90,11,Auditório de Eng. Elétrica
17/03/2026,10:45:15,60,IFPB-Sala_13,E8:94:F6:B9:2F:46,-92,4,Auditório de Eng. Elétrica
17/03/2026,10:45:15,60,IFPB,E4:4E:2D:85:4C:60,-92,11,Auditório de Eng. Elétrica
17/03/2026,10:45:15,60,NUNYA_Room_2.4GHz,CC:32:E5:0C:FC:2B,-93,10,Auditório de Eng. Elétrica
17/03/2026,10:46:11,61,APTelefonia,58:10:8C:91:F3:AA,-63,1,Lab. de Instrumentação biomédica
17/03/2026,10:46:11,61,TP-Link_1324,7C:F1:7E:8D:13:22,-63,10,Lab. de Instrumentação biomédica
17/03/2026,10:46:11,61,Lab. de Sinais Digitais,18:D6:C7:F9:37:2F,-68,11,Lab. de Instrumentação biomédica
17/03/2026,10:46:11,61,IFPB,84:F1:47:54:96:E0,-69,1,Lab. de Instrumentação biomédica
17/03/2026,10:46:11,61,IFPB-VISITANTE,84:F1:47:54:96:E2,-70,1,Lab. de Instrumentação biomédica
17/03/2026,10:46:11,61,IFPB,84:F1:47:54:6B:80,-74,1,Lab. de Instrumentação biomédica
17/03/2026,10:46:11,61,IFPB-VISITANTE,84:F1:47:54:6B:82,-74,1,Lab. de Instrumentação biomédica
17/03/2026,10:46:11,61,Gabriel's Galaxy Tab S6 Lite,02:64:44:29:F3:37,-74,6,Lab. de Instrumentação biomédica
17/03/2026,10:46:11,61,GPDS,00:26:5A:66:55:EF,-76,6,Lab. de Instrumentação biomédica
17/03/2026,10:46:11,61,IFPB,E4:4E:2D:85:4C:60,-78,11,Lab. de Instrumentação biomédica
17/03/2026,10:46:11,61,IFPB-VISITANTE,E4:4E:2D:85:4C:62,-78,11,Lab. de Instrumentação biomédica
17/03/2026,10:46:11,61,UA2-MiniLab,60:32:B1:2D:66:C3,-80,10,Lab. de Instrumentação biomédica
17/03/2026,10:46:11,61,NPEF/NEPA,50:C7:BF:EF:56:8A,-81,3,Lab. de Instrumentação biomédica
17/03/2026,10:46:11,61,IFPB-VISITANTE,24:36:DA:2B:BC:02,-81,6,Lab. de Instrumentação biomédica
17/03/2026,10:46:11,61,IFPB,24:36:DA:2B:BC:00,-81,6,Lab. de Instrumentação biomédica
17/03/2026,10:46:11,61,IFPB-Sala_Professor_14,24:FD:0D:57:19:26,-82,2,Lab. de Instrumentação biomédica
17/03/2026,10:46:11,61,Intelbras,18:0D:2C:7F:EB:AC,-83,7,Lab. de Instrumentação biomédica
17/03/2026,10:46:11,61,IFPB-VISITANTE,84:F1:47:54:8B:A2,-83,11,Lab. de Instrumentação biomédica
17/03/2026,10:46:11,61,TP-Link_C3CB,D8:0D:17:3E:C3:CB,-84,3,Lab. de Instrumentação biomédica
17/03/2026,10:46:11,61,IFPB-VISITANTE,84:F1:47:54:F9:82,-84,11,Lab. de Instrumentação biomédica
17/03/2026,10:46:11,61,IFPB,84:F1:47:54:F9:80,-84,11,Lab. de Instrumentação biomédica
17/03/2026,10:46:11,61,IFPB,84:F1:47:54:8B:A0,-84,11,Lab. de Instrumentação biomédica
17/03/2026,10:46:11,61,IFPB TCC,D8:5D:4C:86:7E:66,-93,6,Lab. de Instrumentação biomédica
17/03/2026,10:46:11,61,motorola one hyper_9136,6A:A5:88:F9:66:CE,-96,6,Lab. de Instrumentação biomédica
17/03/2026,10:46:11,61,NUNYA_Room_2.4GHz,CC:32:E5:0C:FC:2B,-96,10,Lab. de Instrumentação biomédica
17/03/2026,10:46:21,62,APTelefonia,58:10:8C:91:F3:AA,-62,1,Lab. de Instrumentação biomédica
17/03/2026,10:46:21,62,TP-Link_1324,7C:F1:7E:8D:13:22,-66,10,Lab. de Instrumentação biomédica
17/03/2026,10:46:21,62,Lab. de Sinais Digitais,18:D6:C7:F9:37:2F,-68,11,Lab. de Instrumentação biomédica
17/03/2026,10:46:21,62,IFPB,84:F1:47:54:96:E0,-70,1,Lab. de Instrumentação biomédica
17/03/2026,10:46:21,62,IFPB-VISITANTE,84:F1:47:54:96:E2,-70,1,Lab. de Instrumentação biomédica
17/03/2026,10:46:21,62,Intelbras,18:0D:2C:7F:EB:AC,-70,7,Lab. de Instrumentação biomédica
17/03/2026,10:46:21,62,NPEF/NEPA,50:C7:BF:EF:56:8A,-72,3,Lab. de Instrumentação biomédica
17/03/2026,10:46:21,62,Gabriel's Galaxy Tab S6 Lite,02:64:44:29:F3:37,-72,6,Lab. de Instrumentação biomédica
17/03/2026,10:46:21,62,IFPB,84:F1:47:54:6B:80,-77,1,Lab. de Instrumentação biomédica
17/03/2026,10:46:21,62,IFPB-VISITANTE,84:F1:47:54:6B:82,-77,1,Lab. de Instrumentação biomédica
17/03/2026,10:46:21,62,IFPB-VISITANTE,84:F1:47:54:8B:A2,-78,11,Lab. de Instrumentação biomédica
17/03/2026,10:46:21,62,IFPB,84:F1:47:54:8B:A0,-79,11,Lab. de Instrumentação biomédica
17/03/2026,10:46:21,62,IFPB,E4:4E:2D:85:4C:60,-79,11,Lab. de Instrumentação biomédica
17/03/2026,10:46:21,62,IFPB-VISITANTE,E4:4E:2D:85:4C:62,-80,11,Lab. de Instrumentação biomédica
17/03/2026,10:46:21,62,GPDS,00:26:5A:66:55:EF,-81,6,Lab. de Instrumentação biomédica
17/03/2026,10:46:21,62,IFPB,24:36:DA:2B:BC:00,-82,6,Lab. de Instrumentação biomédica
17/03/2026,10:46:21,62,IFPB-VISITANTE,24:36:DA:2B:BC:02,-82,6,Lab. de Instrumentação biomédica
17/03/2026,10:46:21,62,UA2-MiniLab,60:32:B1:2D:66:C3,-84,10,Lab. de Instrumentação biomédica
17/03/2026,10:46:21,62,IFPB-Sala_Professor_14,48:51:CF:81:B0:9E,-88,5,Lab. de Instrumentação biomédica
17/03/2026,10:46:21,62,IFPB-Sala_Professor_14,24:FD:0D:57:19:26,-89,2,Lab. de Instrumentação biomédica
17/03/2026,10:46:21,62,TP-Link_C3CB,D8:0D:17:3E:C3:CB,-92,3,Lab. de Instrumentação biomédica
17/03/2026,10:46:21,62,IFPB TCC,D8:5D:4C:86:7E:66,-93,6,Lab. de Instrumentação biomédica
17/03/2026,10:46:21,62,IFPB-MM,54:E6:FC:BA:AD:86,-94,11,Lab. de Instrumentação biomédica
17/03/2026,10:46:31,63,TP-Link_1324,7C:F1:7E:8D:13:22,-69,10,Lab. de Instrumentação biomédica
17/03/2026,10:46:31,63,APTelefonia,58:10:8C:91:F3:AA,-70,1,Lab. de Instrumentação biomédica
17/03/2026,10:46:31,63,IFPB,84:F1:47:54:96:E0,-71,1,Lab. de Instrumentação biomédica
17/03/2026,10:46:31,63,IFPB-VISITANTE,84:F1:47:54:96:E2,-71,1,Lab. de Instrumentação biomédica
17/03/2026,10:46:31,63,Gabriel's Galaxy Tab S6 Lite,02:64:44:29:F3:37,-71,6,Lab. de Instrumentação biomédica
17/03/2026,10:46:31,63,Intelbras,18:0D:2C:7F:EB:AC,-71,7,Lab. de Instrumentação biomédica
17/03/2026,10:46:31,63,Lab. de Sinais Digitais,18:D6:C7:F9:37:2F,-72,11,Lab. de Instrumentação biomédica
17/03/2026,10:46:31,63,TP-Link_C3CB,D8:0D:17:3E:C3:CB,-77,3,Lab. de Instrumentação biomédica
17/03/2026,10:46:31,63,GPDS,00:26:5A:66:55:EF,-77,6,Lab. de Instrumentação biomédica
17/03/2026,10:46:31,63,IFPB,84:F1:47:54:6B:80,-78,1,Lab. de Instrumentação biomédica
17/03/2026,10:46:31,63,IFPB-VISITANTE,84:F1:47:54:6B:82,-78,1,Lab. de Instrumentação biomédica
17/03/2026,10:46:31,63,NPEF/NEPA,50:C7:BF:EF:56:8A,-80,3,Lab. de Instrumentação biomédica
17/03/2026,10:46:31,63,IFPB-VISITANTE,24:36:DA:2B:BC:02,-82,6,Lab. de Instrumentação biomédica
17/03/2026,10:46:31,63,UA2-MiniLab,60:32:B1:2D:66:C3,-82,10,Lab. de Instrumentação biomédica
17/03/2026,10:46:31,63,IFPB,E4:4E:2D:85:4C:60,-82,11,Lab. de Instrumentação biomédica
17/03/2026,10:46:31,63,IFPB-VISITANTE,E4:4E:2D:85:4C:62,-82,11,Lab. de Instrumentação biomédica
17/03/2026,10:46:31,63,IFPB,24:36:DA:2B:BC:00,-85,6,Lab. de Instrumentação biomédica
17/03/2026,10:46:31,63,IFPB-Sala_Professor_14,48:51:CF:81:B0:9E,-86,5,Lab. de Instrumentação biomédica
17/03/2026,10:46:31,63,IFPB-Sala_Professor_14,24:FD:0D:57:19:26,-87,2,Lab. de Instrumentação biomédica
17/03/2026,10:46:31,63,IFPB,84:F1:47:54:F9:80,-87,11,Lab. de Instrumentação biomédica
17/03/2026,10:46:31,63,IFPB-VISITANTE,84:F1:47:54:F9:82,-87,11,Lab. de Instrumentação biomédica
17/03/2026,10:46:31,63,IFPB TCC,D8:5D:4C:86:7E:66,-93,6,Lab. de Instrumentação biomédica
17/03/2026,10:46:31,63,NUNYA_Room_2.4GHz,CC:32:E5:0C:FC:2B,-95,10,Lab. de Instrumentação biomédica
17/03/2026,10:46:41,64,APTelefonia,58:10:8C:91:F3:AA,-62,1,Lab. de Instrumentação biomédica
17/03/2026,10:46:41,64,Lab. de Sinais Digitais,18:D6:C7:F9:37:2F,-63,11,Lab. de Instrumentação biomédica
17/03/2026,10:46:41,64,TP-Link_1324,7C:F1:7E:8D:13:22,-67,10,Lab. de Instrumentação biomédica
17/03/2026,10:46:41,64,NPEF/NEPA,50:C7:BF:EF:56:8A,-71,3,Lab. de Instrumentação biomédica
17/03/2026,10:46:41,64,IFPB,84:F1:47:54:96:E0,-75,1,Lab. de Instrumentação biomédica
17/03/2026,10:46:41,64,IFPB-VISITANTE,84:F1:47:54:96:E2,-75,1,Lab. de Instrumentação biomédica
17/03/2026,10:46:41,64,Intelbras,18:0D:2C:7F:EB:AC,-75,7,Lab. de Instrumentação biomédica
17/03/2026,10:46:41,64,GPDS,00:26:5A:66:55:EF,-76,6,Lab. de Instrumentação biomédica
17/03/2026,10:46:41,64,IFPB-VISITANTE,84:F1:47:54:6B:82,-77,1,Lab. de Instrumentação biomédica
17/03/2026,10:46:41,64,IFPB,84:F1:47:54:6B:80,-77,1,Lab. de Instrumentação biomédica
17/03/2026,10:46:41,64,Gabriel's Galaxy Tab S6 Lite,02:64:44:29:F3:37,-80,6,Lab. de Instrumentação biomédica
17/03/2026,10:46:41,64,UA2-MiniLab,60:32:B1:2D:66:C3,-85,10,Lab. de Instrumentação biomédica
17/03/2026,10:46:41,64,TP-Link_C3CB,D8:0D:17:3E:C3:CB,-86,3,Lab. de Instrumentação biomédica
17/03/2026,10:46:41,64,IFPB,84:F1:47:54:F9:80,-86,11,Lab. de Instrumentação biomédica
17/03/2026,10:46:41,64,IFPB-VISITANTE,84:F1:47:54:F9:82,-86,11,Lab. de Instrumentação biomédica
17/03/2026,10:46:41,64,IFPB,84:F1:47:54:8B:A0,-87,11,Lab. de Instrumentação biomédica
17/03/2026,10:46:41,64,IFPB-VISITANTE,84:F1:47:54:8B:A2,-87,11,Lab. de Instrumentação biomédica
17/03/2026,10:46:41,64,IFPB-Sala_Professor_14,24:FD:0D:57:19:26,-88,2,Lab. de Instrumentação biomédica
17/03/2026,10:46:41,64,IFPB-Sala_Professor_14,48:51:CF:81:B0:9E,-88,5,Lab. de Instrumentação biomédica
17/03/2026,10:46:41,64,IFPB,24:36:DA:2B:BC:00,-88,6,Lab. de Instrumentação biomédica
17/03/2026,10:46:41,64,IFPB-VISITANTE,24:36:DA:2B:BC:02,-88,6,Lab. de Instrumentação biomédica
17/03/2026,10:46:41,64,IFPB TCC,D8:5D:4C:86:7E:66,-89,6,Lab. de Instrumentação biomédica
17/03/2026,10:46:41,64,IFPB,E4:4E:2D:85:4C:60,-90,11,Lab. de Instrumentação biomédica
17/03/2026,10:46:41,64,IFPB-VISITANTE,E4:4E:2D:85:4C:62,-91,11,Lab. de Instrumentação biomédica
17/03/2026,10:46:51,65,Lab. de Sinais Digitais,18:D6:C7:F9:37:2F,-63,11,Lab. de Instrumentação biomédica
17/03/2026,10:46:51,65,APTelefonia,58:10:8C:91:F3:AA,-65,1,Lab. de Instrumentação biomédica
17/03/2026,10:46:51,65,TP-Link_1324,7C:F1:7E:8D:13:22,-65,10,Lab. de Instrumentação biomédica
17/03/2026,10:46:51,65,IFPB,84:F1:47:54:96:E0,-69,1,Lab. de Instrumentação biomédica
17/03/2026,10:46:51,65,IFPB-VISITANTE,84:F1:47:54:96:E2,-71,1,Lab. de Instrumentação biomédica
17/03/2026,10:46:51,65,Intelbras,18:0D:2C:7F:EB:AC,-73,7,Lab. de Instrumentação biomédica
17/03/2026,10:46:51,65,IFPB,84:F1:47:54:6B:80,-75,1,Lab. de Instrumentação biomédica
17/03/2026,10:46:51,65,IFPB-VISITANTE,84:F1:47:54:6B:82,-75,1,Lab. de Instrumentação biomédica
17/03/2026,10:46:51,65,GPDS,00:26:5A:66:55:EF,-79,6,Lab. de Instrumentação biomédica
17/03/2026,10:46:51,65,Gabriel's Galaxy Tab S6 Lite,02:64:44:29:F3:37,-79,6,Lab. de Instrumentação biomédica
17/03/2026,10:46:51,65,IFPB-Sala_Professor_14,24:FD:0D:57:19:26,-83,2,Lab. de Instrumentação biomédica
17/03/2026,10:46:51,65,UA2-MiniLab,60:32:B1:2D:66:C3,-84,10,Lab. de Instrumentação biomédica
17/03/2026,10:46:51,65,IFPB,24:36:DA:2B:BC:00,-85,6,Lab. de Instrumentação biomédica
17/03/2026,10:46:51,65,IFPB-VISITANTE,24:36:DA:2B:BC:02,-85,6,Lab. de Instrumentação biomédica
17/03/2026,10:46:51,65,IFPB-VISITANTE,84:F1:47:54:8B:A2,-85,11,Lab. de Instrumentação biomédica
17/03/2026,10:46:52,65,IFPB,84:F1:47:54:8B:A0,-85,11,Lab. de Instrumentação biomédica
17/03/2026,10:46:52,65,NPEF/NEPA,50:C7:BF:EF:56:8A,-86,3,Lab. de Instrumentação biomédica
17/03/2026,10:46:52,65,IFPB-VISITANTE,E4:4E:2D:85:4C:62,-87,11,Lab. de Instrumentação biomédica
17/03/2026,10:46:52,65,TP-Link_C3CB,D8:0D:17:3E:C3:CB,-88,3,Lab. de Instrumentação biomédica
17/03/2026,10:46:52,65,IFPB,84:F1:47:54:F9:80,-88,11,Lab. de Instrumentação biomédica
17/03/2026,10:46:52,65,IFPB-VISITANTE,84:F1:47:54:F9:82,-88,11,Lab. de Instrumentação biomédica
17/03/2026,10:46:52,65,IFPB,E4:4E:2D:85:4C:60,-88,11,Lab. de Instrumentação biomédica
17/03/2026,10:46:52,65,IFPB-Sala_Professor_14,48:51:CF:81:B0:9E,-91,5,Lab. de Instrumentação biomédica
17/03/2026,10:46:52,65,IFPB TCC,D8:5D:4C:86:7E:66,-93,6,Lab. de Instrumentação biomédica
17/03/2026,10:46:52,65,NUNYA_Room_2.4GHz,CC:32:E5:0C:FC:2B,-95,10,Lab. de Instrumentação biomédica
17/03/2026,10:47:01,66,Lab. de Sinais Digitais,18:D6:C7:F9:37:2F,-63,11,Lab. de Instrumentação biomédica
17/03/2026,10:47:01,66,TP-Link_1324,7C:F1:7E:8D:13:22,-65,10,Lab. de Instrumentação biomédica
17/03/2026,10:47:01,66,APTelefonia,58:10:8C:91:F3:AA,-70,1,Lab. de Instrumentação biomédica
17/03/2026,10:47:01,66,NPEF/NEPA,50:C7:BF:EF:56:8A,-71,3,Lab. de Instrumentação biomédica
17/03/2026,10:47:01,66,IFPB,84:F1:47:54:96:E0,-74,1,Lab. de Instrumentação biomédica
17/03/2026,10:47:01,66,IFPB-VISITANTE,84:F1:47:54:96:E2,-74,1,Lab. de Instrumentação biomédica
17/03/2026,10:47:01,66,Intelbras,18:0D:2C:7F:EB:AC,-75,7,Lab. de Instrumentação biomédica
17/03/2026,10:47:01,66,GPDS,00:26:5A:66:55:EF,-76,6,Lab. de Instrumentação biomédica
17/03/2026,10:47:01,66,IFPB,84:F1:47:54:6B:80,-79,1,Lab. de Instrumentação biomédica
17/03/2026,10:47:01,66,IFPB-VISITANTE,84:F1:47:54:6B:82,-79,1,Lab. de Instrumentação biomédica
17/03/2026,10:47:01,66,TP-Link_C3CB,D8:0D:17:3E:C3:CB,-82,3,Lab. de Instrumentação biomédica
17/03/2026,10:47:02,66,Gabriel's Galaxy Tab S6 Lite,02:64:44:29:F3:37,-82,6,Lab. de Instrumentação biomédica
17/03/2026,10:47:02,66,IFPB,84:F1:47:54:8B:A0,-83,11,Lab. de Instrumentação biomédica
17/03/2026,10:47:02,66,IFPB-VISITANTE,84:F1:47:54:8B:A2,-83,11,Lab. de Instrumentação biomédica
17/03/2026,10:47:02,66,IFPB-VISITANTE,E4:4E:2D:85:4C:62,-84,11,Lab. de Instrumentação biomédica
17/03/2026,10:47:02,66,IFPB,E4:4E:2D:85:4C:60,-85,11,Lab. de Instrumentação biomédica
17/03/2026,10:47:02,66,UA2-MiniLab,60:32:B1:2D:66:C3,-86,10,Lab. de Instrumentação biomédica
17/03/2026,10:47:02,66,IFPB,24:36:DA:2B:BC:00,-87,6,Lab. de Instrumentação biomédica
17/03/2026,10:47:02,66,IFPB-VISITANTE,24:36:DA:2B:BC:02,-87,6,Lab. de Instrumentação biomédica
17/03/2026,10:47:02,66,IFPB-Sala_Professor_14,48:51:CF:81:B0:9E,-88,5,Lab. de Instrumentação biomédica
17/03/2026,10:47:02,66,IFPB,84:F1:47:54:F9:80,-89,11,Lab. de Instrumentação biomédica
17/03/2026,10:47:02,66,IFPB-VISITANTE,84:F1:47:54:F9:82,-91,11,Lab. de Instrumentação biomédica
17/03/2026,10:47:02,66,IFPB-Sala_Professor_14,24:FD:0D:57:19:26,-92,2,Lab. de Instrumentação biomédica
17/03/2026,10:47:02,66,IFPB-Sala_13,E8:94:F6:B9:2F:46,-95,4,Lab. de Instrumentação biomédica
17/03/2026,10:47:02,66,NUNYA_Room_2.4GHz,CC:32:E5:0C:FC:2B,-95,10,Lab. de Instrumentação biomédica
17/03/2026,10:47:12,67,Lab. de Sinais Digitais,18:D6:C7:F9:37:2F,-64,11,Lab. de Instrumentação biomédica
17/03/2026,10:47:12,67,APTelefonia,58:10:8C:91:F3:AA,-66,1,Lab. de Instrumentação biomédica
17/03/2026,10:47:12,67,TP-Link_1324,7C:F1:7E:8D:13:22,-70,10,Lab. de Instrumentação biomédica
17/03/2026,10:47:12,67,Intelbras,18:0D:2C:7F:EB:AC,-72,7,Lab. de Instrumentação biomédica
17/03/2026,10:47:12,67,IFPB,84:F1:47:54:96:E0,-74,1,Lab. de Instrumentação biomédica
17/03/2026,10:47:12,67,IFPB-VISITANTE,84:F1:47:54:96:E2,-74,1,Lab. de Instrumentação biomédica
17/03/2026,10:47:12,67,NPEF/NEPA,50:C7:BF:EF:56:8A,-75,3,Lab. de Instrumentação biomédica
17/03/2026,10:47:12,67,Gabriel's Galaxy Tab S6 Lite,02:64:44:29:F3:37,-75,6,Lab. de Instrumentação biomédica
17/03/2026,10:47:12,67,IFPB,84:F1:47:54:6B:80,-76,1,Lab. de Instrumentação biomédica
17/03/2026,10:47:12,67,IFPB-VISITANTE,84:F1:47:54:6B:82,-76,1,Lab. de Instrumentação biomédica
17/03/2026,10:47:12,67,GPDS,00:26:5A:66:55:EF,-76,6,Lab. de Instrumentação biomédica
17/03/2026,10:47:12,67,IFPB,84:F1:47:54:8B:A0,-79,11,Lab. de Instrumentação biomédica
17/03/2026,10:47:12,67,IFPB-VISITANTE,84:F1:47:54:8B:A2,-79,11,Lab. de Instrumentação biomédica
17/03/2026,10:47:12,67,IFPB,E4:4E:2D:85:4C:60,-81,11,Lab. de Instrumentação biomédica
17/03/2026,10:47:12,67,IFPB-VISITANTE,E4:4E:2D:85:4C:62,-81,11,Lab. de Instrumentação biomédica
17/03/2026,10:47:12,67,UA2-MiniLab,60:32:B1:2D:66:C3,-82,10,Lab. de Instrumentação biomédica
17/03/2026,10:47:12,67,IFPB-VISITANTE,84:F1:47:54:F9:82,-83,11,Lab. de Instrumentação biomédica
17/03/2026,10:47:12,67,IFPB,24:36:DA:2B:BC:00,-85,6,Lab. de Instrumentação biomédica
17/03/2026,10:47:12,67,IFPB-VISITANTE,24:36:DA:2B:BC:02,-85,6,Lab. de Instrumentação biomédica
17/03/2026,10:47:12,67,IFPB,84:F1:47:54:F9:80,-85,11,Lab. de Instrumentação biomédica
17/03/2026,10:47:12,67,IFPB-Sala_Professor_14,24:FD:0D:57:19:26,-88,2,Lab. de Instrumentação biomédica
17/03/2026,10:47:12,67,TP-Link_C3CB,D8:0D:17:3E:C3:CB,-90,3,Lab. de Instrumentação biomédica
17/03/2026,10:47:12,67,IFPB TCC,D8:5D:4C:86:7E:66,-90,6,Lab. de Instrumentação biomédica
17/03/2026,10:47:12,67,IFPB-Sala_Professor_14,48:51:CF:81:B0:9E,-91,5,Lab. de Instrumentação biomédica
17/03/2026,10:47:12,67,IFPB-MM,54:E6:FC:BA:AD:86,-95,11,Lab. de Instrumentação biomédica
17/03/2026,10:47:22,68,TP-Link_1324,7C:F1:7E:8D:13:22,-64,10,Lab. de Instrumentação biomédica
17/03/2026,10:47:22,68,Lab. de Sinais Digitais,18:D6:C7:F9:37:2F,-64,11,Lab. de Instrumentação biomédica
17/03/2026,10:47:22,68,APTelefonia,58:10:8C:91:F3:AA,-67,1,Lab. de Instrumentação biomédica
17/03/2026,10:47:22,68,Intelbras,18:0D:2C:7F:EB:AC,-70,7,Lab. de Instrumentação biomédica
17/03/2026,10:47:22,68,IFPB,84:F1:47:54:96:E0,-73,1,Lab. de Instrumentação biomédica
17/03/2026,10:47:22,68,IFPB-VISITANTE,84:F1:47:54:96:E2,-73,1,Lab. de Instrumentação biomédica
17/03/2026,10:47:22,68,IFPB,84:F1:47:54:6B:80,-76,1,Lab. de Instrumentação biomédica
17/03/2026,10:47:22,68,IFPB-VISITANTE,84:F1:47:54:6B:82,-76,1,Lab. de Instrumentação biomédica
17/03/2026,10:47:22,68,NPEF/NEPA,50:C7:BF:EF:56:8A,-77,3,Lab. de Instrumentação biomédica
17/03/2026,10:47:22,68,IFPB-VISITANTE,E4:4E:2D:85:4C:62,-79,11,Lab. de Instrumentação biomédica
17/03/2026,10:47:22,68,UA2-MiniLab,60:32:B1:2D:66:C3,-80,10,Lab. de Instrumentação biomédica
17/03/2026,10:47:22,68,IFPB,E4:4E:2D:85:4C:60,-80,11,Lab. de Instrumentação biomédica
17/03/2026,10:47:22,68,GPDS,00:26:5A:66:55:EF,-81,6,Lab. de Instrumentação biomédica
17/03/2026,10:47:22,68,IFPB,24:36:DA:2B:BC:00,-82,6,Lab. de Instrumentação biomédica
17/03/2026,10:47:22,68,IFPB-VISITANTE,24:36:DA:2B:BC:02,-82,6,Lab. de Instrumentação biomédica
17/03/2026,10:47:22,68,Gabriel's Galaxy Tab S6 Lite,02:64:44:29:F3:37,-82,6,Lab. de Instrumentação biomédica
17/03/2026,10:47:22,68,IFPB-Sala_Professor_14,48:51:CF:81:B0:9E,-85,5,Lab. de Instrumentação biomédica
17/03/2026,10:47:22,68,TP-Link_C3CB,D8:0D:17:3E:C3:CB,-87,3,Lab. de Instrumentação biomédica
17/03/2026,10:47:22,68,IFPB-VISITANTE,84:F1:47:54:8B:A2,-87,11,Lab. de Instrumentação biomédica
17/03/2026,10:47:22,68,IFPB,84:F1:47:54:8B:A0,-89,11,Lab. de Instrumentação biomédica
17/03/2026,10:47:22,68,IFPB,84:F1:47:54:F9:80,-90,11,Lab. de Instrumentação biomédica
17/03/2026,10:47:22,68,IFPB-VISITANTE,84:F1:47:54:F9:82,-90,11,Lab. de Instrumentação biomédica
17/03/2026,10:47:22,68,IFPB-Sala_Professor_14,24:FD:0D:57:19:26,-91,2,Lab. de Instrumentação biomédica
17/03/2026,10:47:22,68,NUNYA_Room_2.4GHz,CC:32:E5:0C:FC:2B,-92,10,Lab. de Instrumentação biomédica
17/03/2026,10:47:22,68,A55 de Arquimedes,02:11:D2:64:5E:D9,-93,1,Lab. de Instrumentação biomédica
17/03/2026,10:47:22,68,motorola one hyper_9136,6A:A5:88:F9:66:CE,-94,6,Lab. de Instrumentação biomédica
17/03/2026,10:47:22,68,IFPB TCC,D8:5D:4C:86:7E:66,-94,6,Lab. de Instrumentação biomédica
17/03/2026,10:47:32,69,TP-Link_1324,7C:F1:7E:8D:13:22,-60,10,Lab. de Instrumentação biomédica
17/03/2026,10:47:32,69,APTelefonia,58:10:8C:91:F3:AA,-65,1,Lab. de Instrumentação biomédica
17/03/2026,10:47:32,69,Intelbras,18:0D:2C:7F:EB:AC,-70,7,Lab. de Instrumentação biomédica
17/03/2026,10:47:32,69,Lab. de Sinais Digitais,18:D6:C7:F9:37:2F,-71,11,Lab. de Instrumentação biomédica
17/03/2026,10:47:32,69,NPEF/NEPA,50:C7:BF:EF:56:8A,-73,3,Lab. de Instrumentação biomédica
17/03/2026,10:47:32,69,IFPB,84:F1:47:54:6B:80,-74,1,Lab. de Instrumentação biomédica
17/03/2026,10:47:32,69,IFPB,84:F1:47:54:96:E0,-74,1,Lab. de Instrumentação biomédica
17/03/2026,10:47:32,69,IFPB-VISITANTE,84:F1:47:54:96:E2,-74,1,Lab. de Instrumentação biomédica
17/03/2026,10:47:32,69,IFPB-VISITANTE,84:F1:47:54:6B:82,-75,1,Lab. de Instrumentação biomédica
17/03/2026,10:47:32,69,GPDS,00:26:5A:66:55:EF,-76,6,Lab. de Instrumentação biomédica
17/03/2026,10:47:32,69,UA2-MiniLab,60:32:B1:2D:66:C3,-80,10,Lab. de Instrumentação biomédica
17/03/2026,10:47:32,69,Gabriel's Galaxy Tab S6 Lite,02:64:44:29:F3:37,-81,6,Lab. de Instrumentação biomédica
17/03/2026,10:47:32,69,IFPB-VISITANTE,84:F1:47:54:8B:A2,-84,11,Lab. de Instrumentação biomédica
17/03/2026,10:47:32,69,TP-Link_C3CB,D8:0D:17:3E:C3:CB,-85,3,Lab. de Instrumentação biomédica
17/03/2026,10:47:32,69,IFPB,84:F1:47:54:8B:A0,-85,11,Lab. de Instrumentação biomédica
17/03/2026,10:47:32,69,IFPB,84:F1:47:54:F9:80,-86,11,Lab. de Instrumentação biomédica
17/03/2026,10:47:32,69,IFPB-VISITANTE,84:F1:47:54:F9:82,-86,11,Lab. de Instrumentação biomédica
17/03/2026,10:47:32,69,IFPB-Sala_Professor_14,24:FD:0D:57:19:26,-87,2,Lab. de Instrumentação biomédica
17/03/2026,10:47:32,69,IFPB-VISITANTE,24:36:DA:2B:BC:02,-87,6,Lab. de Instrumentação biomédica
17/03/2026,10:47:32,69,IFPB-VISITANTE,E4:4E:2D:85:4C:62,-87,11,Lab. de Instrumentação biomédica
17/03/2026,10:47:32,69,IFPB,E4:4E:2D:85:4C:60,-89,11,Lab. de Instrumentação biomédica
17/03/2026,10:47:32,69,IFPB TCC,D8:5D:4C:86:7E:66,-91,6,Lab. de Instrumentação biomédica
17/03/2026,10:47:32,69,NUNYA_Room_2.4GHz,CC:32:E5:0C:FC:2B,-91,10,Lab. de Instrumentação biomédica
17/03/2026,10:47:32,69,IFPB-Sala_13,E8:94:F6:B9:2F:46,-92,4,Lab. de Instrumentação biomédica
17/03/2026,10:47:32,69,IFPB-Sala_Professor_14,48:51:CF:81:B0:9E,-92,5,Lab. de Instrumentação biomédica
17/03/2026,10:47:42,70,APTelefonia,58:10:8C:91:F3:AA,-57,1,Lab. de Instrumentação biomédica
17/03/2026,10:47:42,70,TP-Link_1324,7C:F1:7E:8D:13:22,-59,10,Lab. de Instrumentação biomédica
17/03/2026,10:47:42,70,Lab. de Sinais Digitais,18:D6:C7:F9:37:2F,-61,11,Lab. de Instrumentação biomédica
17/03/2026,10:47:42,70,IFPB,84:F1:47:54:96:E0,-68,1,Lab. de Instrumentação biomédica
17/03/2026,10:47:42,70,IFPB-VISITANTE,84:F1:47:54:96:E2,-68,1,Lab. de Instrumentação biomédica
17/03/2026,10:47:42,70,Intelbras,18:0D:2C:7F:EB:AC,-70,7,Lab. de Instrumentação biomédica
17/03/2026,10:47:42,70,Gabriel's Galaxy Tab S6 Lite,02:64:44:29:F3:37,-72,6,Lab. de Instrumentação biomédica
17/03/2026,10:47:42,70,GPDS,00:26:5A:66:55:EF,-74,6,Lab. de Instrumentação biomédica
17/03/2026,10:47:42,70,IFPB,84:F1:47:54:6B:80,-76,1,Lab. de Instrumentação biomédica
17/03/2026,10:47:42,70,IFPB-VISITANTE,84:F1:47:54:6B:82,-77,1,Lab. de Instrumentação biomédica
17/03/2026,10:47:42,70,NPEF/NEPA,50:C7:BF:EF:56:8A,-79,3,Lab. de Instrumentação biomédica
17/03/2026,10:47:42,70,IFPB-Sala_Professor_14,24:FD:0D:57:19:26,-80,2,Lab. de Instrumentação biomédica
17/03/2026,10:47:42,70,TP-Link_C3CB,D8:0D:17:3E:C3:CB,-81,3,Lab. de Instrumentação biomédica
17/03/2026,10:47:42,70,IFPB-VISITANTE,84:F1:47:54:8B:A2,-82,11,Lab. de Instrumentação biomédica
17/03/2026,10:47:42,70,IFPB,84:F1:47:54:F9:80,-83,11,Lab. de Instrumentação biomédica
17/03/2026,10:47:42,70,IFPB-VISITANTE,84:F1:47:54:F9:82,-83,11,Lab. de Instrumentação biomédica
17/03/2026,10:47:42,70,IFPB,84:F1:47:54:8B:A0,-83,11,Lab. de Instrumentação biomédica
17/03/2026,10:47:42,70,IFPB-Sala_Professor_14,48:51:CF:81:B0:9E,-85,5,Lab. de Instrumentação biomédica
17/03/2026,10:47:42,70,UA2-MiniLab,60:32:B1:2D:66:C3,-85,10,Lab. de Instrumentação biomédica
17/03/2026,10:47:42,70,IFPB,24:36:DA:2B:BC:00,-86,6,Lab. de Instrumentação biomédica
17/03/2026,10:47:42,70,IFPB-VISITANTE,24:36:DA:2B:BC:02,-86,6,Lab. de Instrumentação biomédica
17/03/2026,10:47:42,70,IFPB,E4:4E:2D:85:4C:60,-86,11,Lab. de Instrumentação biomédica
17/03/2026,10:47:42,70,IFPB-VISITANTE,E4:4E:2D:85:4C:62,-88,11,Lab. de Instrumentação biomédica
17/03/2026,10:47:42,70,NUNYA_Room_2.4GHz,CC:32:E5:0C:FC:2B,-94,10,Lab. de Instrumentação biomédica
17/03/2026,10:48:22,71,IFPB,84:F1:47:54:96:E0,-56,1,Lab. de aferição e calibração
17/03/2026,10:48:22,71,IFPB-VISITANTE,84:F1:47:54:96:E2,-57,1,Lab. de aferição e calibração
17/03/2026,10:48:22,71,TP-Link_1324,7C:F1:7E:8D:13:22,-57,10,Lab. de aferição e calibração
17/03/2026,10:48:22,71,APTelefonia,58:10:8C:91:F3:AA,-60,1,Lab. de aferição e calibração
17/03/2026,10:48:22,71,Intelbras,18:0D:2C:7F:EB:AC,-67,7,Lab. de aferição e calibração
17/03/2026,10:48:22,71,IFPB-VISITANTE,84:F1:47:54:6B:82,-72,1,Lab. de aferição e calibração
17/03/2026,10:48:22,71,IFPB,84:F1:47:54:6B:80,-72,1,Lab. de aferição e calibração
17/03/2026,10:48:22,71,Lab. de Sinais Digitais,18:D6:C7:F9:37:2F,-72,11,Lab. de aferição e calibração
17/03/2026,10:48:22,71,IFPB-Sala_Professor_14,24:FD:0D:57:19:26,-79,2,Lab. de aferição e calibração
17/03/2026,10:48:22,71,IFPB,24:36:DA:2B:BC:00,-79,6,Lab. de aferição e calibração
17/03/2026,10:48:22,71,IFPB-VISITANTE,24:36:DA:2B:BC:02,-79,6,Lab. de aferição e calibração
17/03/2026,10:48:23,71,GPDS,00:26:5A:66:55:EF,-83,6,Lab. de aferição e calibração
17/03/2026,10:48:23,71,IFPB,E4:4E:2D:85:4C:60,-83,11,Lab. de aferição e calibração
17/03/2026,10:48:23,71,IFPB-VISITANTE,E4:4E:2D:85:4C:62,-83,11,Lab. de aferição e calibração
17/03/2026,10:48:23,71,IFPB TCC,D8:5D:4C:86:7E:66,-87,6,Lab. de aferição e calibração
17/03/2026,10:48:23,71,NPEF/NEPA,50:C7:BF:EF:56:8A,-88,3,Lab. de aferição e calibração
17/03/2026,10:48:23,71,motorola one hyper_9136,6A:A5:88:F9:66:CE,-90,6,Lab. de aferição e calibração
17/03/2026,10:48:23,71,Gabriel's Galaxy Tab S6 Lite,02:64:44:29:F3:37,-90,6,Lab. de aferição e calibração
17/03/2026,10:48:23,71,UA2-MiniLab,60:32:B1:2D:66:C3,-90,10,Lab. de aferição e calibração
17/03/2026,10:48:23,71,TP-Link_C3CB,D8:0D:17:3E:C3:CB,-91,3,Lab. de aferição e calibração
17/03/2026,10:48:23,71,IFPB,84:F1:47:54:8B:A0,-92,11,Lab. de aferição e calibração
17/03/2026,10:48:23,71,Robson Premium,72:B6:FB:00:65:60,-93,1,Lab. de aferição e calibração
17/03/2026,10:48:23,71,IFPB-Sala_Professor_14,48:51:CF:81:B0:9E,-94,5,Lab. de aferição e calibração
17/03/2026,10:48:23,71,LIMPEZA,54:E6:FC:CF:22:DE,-94,6,Lab. de aferição e calibração
17/03/2026,10:48:23,71,NUNYA_Room_2.4GHz,CC:32:E5:0C:FC:2B,-95,10,Lab. de aferição e calibração
17/03/2026,10:48:33,72,TP-Link_1324,7C:F1:7E:8D:13:22,-51,10,Lab. de aferição e calibração
17/03/2026,10:48:33,72,IFPB-VISITANTE,84:F1:47:54:96:E2,-55,1,Lab. de aferição e calibração
17/03/2026,10:48:33,72,IFPB,84:F1:47:54:96:E0,-56,1,Lab. de aferição e calibração
17/03/2026,10:48:33,72,APTelefonia,58:10:8C:91:F3:AA,-68,1,Lab. de aferição e calibração
17/03/2026,10:48:33,72,Intelbras,18:0D:2C:7F:EB:AC,-68,7,Lab. de aferição e calibração
17/03/2026,10:48:33,72,IFPB,84:F1:47:54:6B:80,-73,1,Lab. de aferição e calibração
17/03/2026,10:48:33,72,IFPB-VISITANTE,84:F1:47:54:6B:82,-73,1,Lab. de aferição e calibração
17/03/2026,10:48:33,72,IFPB-Sala_Professor_14,24:FD:0D:57:19:26,-74,2,Lab. de aferição e calibração
17/03/2026,10:48:33,72,IFPB,E4:4E:2D:85:4C:60,-77,11,Lab. de aferição e calibração
17/03/2026,10:48:33,72,IFPB-VISITANTE,E4:4E:2D:85:4C:62,-77,11,Lab. de aferição e calibração
17/03/2026,10:48:33,72,Lab. de Sinais Digitais,18:D6:C7:F9:37:2F,-81,11,Lab. de aferição e calibração
17/03/2026,10:48:33,72,IFPB,24:36:DA:2B:BC:00,-83,6,Lab. de aferição e calibração
17/03/2026,10:48:33,72,IFPB-VISITANTE,24:36:DA:2B:BC:02,-83,6,Lab. de aferição e calibração
17/03/2026,10:48:33,72,GPDS,00:26:5A:66:55:EF,-86,6,Lab. de aferição e calibração
17/03/2026,10:48:33,72,motorola one hyper_9136,6A:A5:88:F9:66:CE,-89,6,Lab. de aferição e calibração
17/03/2026,10:48:33,72,IFPB-Sala_Professor_14,48:51:CF:81:B0:9E,-90,5,Lab. de aferição e calibração
17/03/2026,10:48:33,72,LIMPEZA,54:E6:FC:CF:22:DE,-90,6,Lab. de aferição e calibração
17/03/2026,10:48:33,72,TP-Link_C3CB,D8:0D:17:3E:C3:CB,-91,3,Lab. de aferição e calibração
17/03/2026,10:48:33,72,Gabriel's Galaxy Tab S6 Lite,02:64:44:29:F3:37,-91,6,Lab. de aferição e calibração
17/03/2026,10:48:33,72,NPEF/NEPA,50:C7:BF:EF:56:8A,-92,3,Lab. de aferição e calibração
17/03/2026,10:48:33,72,IFPB TCC,D8:5D:4C:86:7E:66,-93,6,Lab. de aferição e calibração
17/03/2026,10:48:33,72,UA2-MiniLab,60:32:B1:2D:66:C3,-94,10,Lab. de aferição e calibração
17/03/2026,10:48:33,72,Robson Premium,72:B6:FB:00:65:60,-95,1,Lab. de aferição e calibração
17/03/2026,10:48:43,73,IFPB,84:F1:47:54:96:E0,-59,1,Lab. de aferição e calibração
17/03/2026,10:48:43,73,IFPB-VISITANTE,84:F1:47:54:96:E2,-59,1,Lab. de aferição e calibração
17/03/2026,10:48:43,73,TP-Link_1324,7C:F1:7E:8D:13:22,-60,10,Lab. de aferição e calibração
17/03/2026,10:48:43,73,APTelefonia,58:10:8C:91:F3:AA,-62,1,Lab. de aferição e calibração
17/03/2026,10:48:43,73,IFPB,84:F1:47:54:6B:80,-74,1,Lab. de aferição e calibração
17/03/2026,10:48:43,73,IFPB-VISITANTE,84:F1:47:54:6B:82,-75,1,Lab. de aferição e calibração
17/03/2026,10:48:43,73,IFPB,E4:4E:2D:85:4C:60,-75,11,Lab. de aferição e calibração
17/03/2026,10:48:43,73,IFPB-VISITANTE,E4:4E:2D:85:4C:62,-75,11,Lab. de aferição e calibração
17/03/2026,10:48:43,73,Intelbras,18:0D:2C:7F:EB:AC,-76,7,Lab. de aferição e calibração
17/03/2026,10:48:43,73,Lab. de Sinais Digitais,18:D6:C7:F9:37:2F,-78,11,Lab. de aferição e calibração
17/03/2026,10:48:43,73,IFPB-Sala_Professor_14,24:FD:0D:57:19:26,-80,2,Lab. de aferição e calibração
17/03/2026,10:48:43,73,IFPB-VISITANTE,24:36:DA:2B:BC:02,-80,6,Lab. de aferição e calibração
17/03/2026,10:48:43,73,NPEF/NEPA,50:C7:BF:EF:56:8A,-82,3,Lab. de aferição e calibração
17/03/2026,10:48:43,73,IFPB,24:36:DA:2B:BC:00,-83,6,Lab. de aferição e calibração
17/03/2026,10:48:43,73,UA2-MiniLab,60:32:B1:2D:66:C3,-86,10,Lab. de aferição e calibração
17/03/2026,10:48:43,73,TP-Link_C3CB,D8:0D:17:3E:C3:CB,-87,3,Lab. de aferição e calibração
17/03/2026,10:48:43,73,motorola one hyper_9136,6A:A5:88:F9:66:CE,-88,6,Lab. de aferição e calibração
17/03/2026,10:48:43,73,GPDS,00:26:5A:66:55:EF,-88,6,Lab. de aferição e calibração
17/03/2026,10:48:43,73,IFPB-VISITANTE,84:F1:47:54:97:02,-89,1,Lab. de aferição e calibração
17/03/2026,10:48:43,73,IFPB,84:F1:47:54:97:00,-89,1,Lab. de aferição e calibração
17/03/2026,10:48:43,73,Robson Premium,72:B6:FB:00:65:60,-90,1,Lab. de aferição e calibração
17/03/2026,10:48:43,73,IFPB-Sala_Professor_14,48:51:CF:81:B0:9E,-90,5,Lab. de aferição e calibração
17/03/2026,10:48:43,73,IFPB TCC,D8:5D:4C:86:7E:66,-92,6,Lab. de aferição e calibração
17/03/2026,10:48:43,73,Gabriel's Galaxy Tab S6 Lite,02:64:44:29:F3:37,-95,6,Lab. de aferição e calibração
17/03/2026,10:48:53,74,TP-Link_1324,7C:F1:7E:8D:13:22,-51,10,Lab. de aferição e calibração
17/03/2026,10:48:53,74,IFPB,84:F1:47:54:96:E0,-55,1,Lab. de aferição e calibração
17/03/2026,10:48:53,74,APTelefonia,58:10:8C:91:F3:AA,-55,1,Lab. de aferição e calibração
17/03/2026,10:48:53,74,IFPB-VISITANTE,84:F1:47:54:96:E2,-55,1,Lab. de aferição e calibração
17/03/2026,10:48:53,74,Intelbras,18:0D:2C:7F:EB:AC,-67,7,Lab. de aferição e calibração
17/03/2026,10:48:53,74,IFPB,84:F1:47:54:6B:80,-75,1,Lab. de aferição e calibração
17/03/2026,10:48:53,74,IFPB-VISITANTE,84:F1:47:54:6B:82,-76,1,Lab. de aferição e calibração
17/03/2026,10:48:53,74,IFPB-Sala_Professor_14,24:FD:0D:57:19:26,-76,2,Lab. de aferição e calibração
17/03/2026,10:48:53,74,IFPB,E4:4E:2D:85:4C:60,-78,11,Lab. de aferição e calibração
17/03/2026,10:48:53,74,IFPB-VISITANTE,E4:4E:2D:85:4C:62,-78,11,Lab. de aferição e calibração
17/03/2026,10:48:53,74,Lab. de Sinais Digitais,18:D6:C7:F9:37:2F,-83,11,Lab. de aferição e calibração
17/03/2026,10:48:53,74,IFPB,24:36:DA:2B:BC:00,-85,6,Lab. de aferição e calibração
17/03/2026,10:48:53,74,IFPB-VISITANTE,24:36:DA:2B:BC:02,-85,6,Lab. de aferição e calibração
17/03/2026,10:48:53,74,TP-Link_C3CB,D8:0D:17:3E:C3:CB,-86,3,Lab. de aferição e calibração
17/03/2026,10:48:53,74,IFPB TCC,D8:5D:4C:86:7E:66,-86,6,Lab. de aferição e calibração
17/03/2026,10:48:53,74,NPEF/NEPA,50:C7:BF:EF:56:8A,-87,3,Lab. de aferição e calibração
17/03/2026,10:48:53,74,Robson Premium,72:B6:FB:00:65:60,-89,1,Lab. de aferição e calibração
17/03/2026,10:48:53,74,IFPB-Sala_Professor_14,48:51:CF:81:B0:9E,-89,5,Lab. de aferição e calibração
17/03/2026,10:48:53,74,GPDS,00:26:5A:66:55:EF,-89,6,Lab. de aferição e calibração
17/03/2026,10:48:53,74,UA2-MiniLab,60:32:B1:2D:66:C3,-89,10,Lab. de aferição e calibração
17/03/2026,10:48:53,74,Gabriel's Galaxy Tab S6 Lite,02:64:44:29:F3:37,-91,6,Lab. de aferição e calibração
17/03/2026,10:48:53,74,motorola one hyper_9136,6A:A5:88:F9:66:CE,-92,6,Lab. de aferição e calibração
17/03/2026,10:48:53,74,NUNYA_Room_2.4GHz,CC:32:E5:0C:FC:2B,-92,10,Lab. de aferição e calibração
17/03/2026,10:48:53,74,IFPB-VISITANTE,84:F1:47:54:8B:A2,-92,11,Lab. de aferição e calibração
17/03/2026,10:49:03,75,IFPB,84:F1:47:54:96:E0,-56,1,Lab. de aferição e calibração
17/03/2026,10:49:03,75,IFPB-VISITANTE,84:F1:47:54:96:E2,-56,1,Lab. de aferição e calibração
17/03/2026,10:49:03,75,TP-Link_1324,7C:F1:7E:8D:13:22,-58,10,Lab. de aferição e calibração
17/03/2026,10:49:03,75,APTelefonia,58:10:8C:91:F3:AA,-64,1,Lab. de aferição e calibração
17/03/2026,10:49:03,75,IFPB,84:F1:47:54:6B:80,-71,1,Lab. de aferição e calibração
17/03/2026,10:49:03,75,IFPB-VISITANTE,84:F1:47:54:6B:82,-71,1,Lab. de aferição e calibração
17/03/2026,10:49:03,75,Intelbras,18:0D:2C:7F:EB:AC,-77,7,Lab. de aferição e calibração
17/03/2026,10:49:03,75,IFPB-Sala_Professor_14,24:FD:0D:57:19:26,-78,2,Lab. de aferição e calibração
17/03/2026,10:49:03,75,Lab. de Sinais Digitais,18:D6:C7:F9:37:2F,-80,11,Lab. de aferição e calibração
17/03/2026,10:49:03,75,IFPB,E4:4E:2D:85:4C:60,-84,11,Lab. de aferição e calibração
17/03/2026,10:49:03,75,IFPB-VISITANTE,E4:4E:2D:85:4C:62,-84,11,Lab. de aferição e calibração
17/03/2026,10:49:03,75,Gabriel's Galaxy Tab S6 Lite,02:64:44:29:F3:37,-86,6,Lab. de aferição e calibração
17/03/2026,10:49:03,75,IFPB-Sala_Professor_14,48:51:CF:81:B0:9E,-87,5,Lab. de aferição e calibração
17/03/2026,10:49:03,75,IFPB,24:36:DA:2B:BC:00,-87,6,Lab. de aferição e calibração
17/03/2026,10:49:03,75,UA2-MiniLab,60:32:B1:2D:66:C3,-89,10,Lab. de aferição e calibração
17/03/2026,10:49:03,75,TP-Link_C3CB,D8:0D:17:3E:C3:CB,-90,3,Lab. de aferição e calibração
17/03/2026,10:49:03,75,IFPB-VISITANTE,24:36:DA:2B:BC:02,-90,6,Lab. de aferição e calibração
17/03/2026,10:49:03,75,Robson Premium,72:B6:FB:00:65:60,-91,1,Lab. de aferição e calibração
17/03/2026,10:49:03,75,NPEF/NEPA,50:C7:BF:EF:56:8A,-91,3,Lab. de aferição e calibração
17/03/2026,10:49:03,75,IFPB TCC,D8:5D:4C:86:7E:66,-91,6,Lab. de aferição e calibração
17/03/2026,10:49:03,75,GPDS,00:26:5A:66:55:EF,-91,6,Lab. de aferição e calibração
17/03/2026,10:49:03,75,NUNYA_Room_2.4GHz,CC:32:E5:0C:FC:2B,-92,10,Lab. de aferição e calibração
17/03/2026,10:49:03,75,IFPB-Sala_13,E8:94:F6:B9:2F:46,-93,4,Lab. de aferição e calibração
17/03/2026,10:49:13,76,APTelefonia,58:10:8C:91:F3:AA,-52,1,Lab. de aferição e calibração
17/03/2026,10:49:13,76,TP-Link_1324,7C:F1:7E:8D:13:22,-53,10,Lab. de aferição e calibração
17/03/2026,10:49:13,76,IFPB-VISITANTE,84:F1:47:54:96:E2,-58,1,Lab. de aferição e calibração
17/03/2026,10:49:13,76,IFPB,84:F1:47:54:96:E0,-59,1,Lab. de aferição e calibração
17/03/2026,10:49:13,76,Intelbras,18:0D:2C:7F:EB:AC,-70,7,Lab. de aferição e calibração
17/03/2026,10:49:13,76,IFPB,84:F1:47:54:6B:80,-72,1,Lab. de aferição e calibração
17/03/2026,10:49:13,76,IFPB-VISITANTE,84:F1:47:54:6B:82,-72,1,Lab. de aferição e calibração
17/03/2026,10:49:13,76,IFPB-Sala_Professor_14,24:FD:0D:57:19:26,-76,2,Lab. de aferição e calibração
17/03/2026,10:49:13,76,Lab. de Sinais Digitais,18:D6:C7:F9:37:2F,-76,11,Lab. de aferição e calibração
17/03/2026,10:49:13,76,IFPB,E4:4E:2D:85:4C:60,-77,11,Lab. de aferição e calibração
17/03/2026,10:49:13,76,IFPB-VISITANTE,E4:4E:2D:85:4C:62,-78,11,Lab. de aferição e calibração
17/03/2026,10:49:13,76,IFPB,24:36:DA:2B:BC:00,-82,6,Lab. de aferição e calibração
17/03/2026,10:49:13,76,IFPB-VISITANTE,24:36:DA:2B:BC:02,-82,6,Lab. de aferição e calibração
17/03/2026,10:49:13,76,NPEF/NEPA,50:C7:BF:EF:56:8A,-83,3,Lab. de aferição e calibração
17/03/2026,10:49:13,76,TP-Link_C3CB,D8:0D:17:3E:C3:CB,-86,3,Lab. de aferição e calibração
17/03/2026,10:49:13,76,GPDS,00:26:5A:66:55:EF,-86,6,Lab. de aferição e calibração
17/03/2026,10:49:13,76,IFPB TCC,D8:5D:4C:86:7E:66,-87,6,Lab. de aferição e calibração
17/03/2026,10:49:13,76,Robson Premium,72:B6:FB:00:65:60,-92,1,Lab. de aferição e calibração
17/03/2026,10:49:13,76,Gabriel's Galaxy Tab S6 Lite,02:64:44:29:F3:37,-92,6,Lab. de aferição e calibração
17/03/2026,10:49:13,76,UA2-MiniLab,60:32:B1:2D:66:C3,-92,10,Lab. de aferição e calibração
17/03/2026,10:49:13,76,NUNYA_Room_2.4GHz,CC:32:E5:0C:FC:2B,-93,10,Lab. de aferição e calibração
17/03/2026,10:49:23,77,IFPB,84:F1:47:54:96:E0,-56,1,Lab. de aferição e calibração
17/03/2026,10:49:23,77,IFPB-VISITANTE,84:F1:47:54:96:E2,-56,1,Lab. de aferição e calibração
17/03/2026,10:49:23,77,TP-Link_1324,7C:F1:7E:8D:13:22,-57,10,Lab. de aferição e calibração
17/03/2026,10:49:23,77,APTelefonia,58:10:8C:91:F3:AA,-59,1,Lab. de aferição e calibração
17/03/2026,10:49:23,77,Intelbras,18:0D:2C:7F:EB:AC,-65,7,Lab. de aferição e calibração
17/03/2026,10:49:23,77,Lab. de Sinais Digitais,18:D6:C7:F9:37:2F,-69,11,Lab. de aferição e calibração
17/03/2026,10:49:23,77,IFPB,84:F1:47:54:6B:80,-75,1,Lab. de aferição e calibração
17/03/2026,10:49:23,77,IFPB-Sala_Professor_14,24:FD:0D:57:19:26,-76,2,Lab. de aferição e calibração
17/03/2026,10:49:23,77,IFPB-VISITANTE,84:F1:47:54:6B:82,-77,1,Lab. de aferição e calibração
17/03/2026,10:49:23,77,IFPB-VISITANTE,24:36:DA:2B:BC:02,-77,6,Lab. de aferição e calibração
17/03/2026,10:49:23,77,IFPB,24:36:DA:2B:BC:00,-78,6,Lab. de aferição e calibração
17/03/2026,10:49:23,77,IFPB,E4:4E:2D:85:4C:60,-79,11,Lab. de aferição e calibração
17/03/2026,10:49:23,77,IFPB-VISITANTE,E4:4E:2D:85:4C:62,-80,11,Lab. de aferição e calibração
17/03/2026,10:49:23,77,TP-Link_C3CB,D8:0D:17:3E:C3:CB,-83,3,Lab. de aferição e calibração
17/03/2026,10:49:23,77,GPDS,00:26:5A:66:55:EF,-85,6,Lab. de aferição e calibração
17/03/2026,10:49:23,77,IFPB TCC,D8:5D:4C:86:7E:66,-88,6,Lab. de aferição e calibração
17/03/2026,10:49:23,77,NPEF/NEPA,50:C7:BF:EF:56:8A,-89,3,Lab. de aferição e calibração
17/03/2026,10:49:23,77,Gabriel's Galaxy Tab S6 Lite,02:64:44:29:F3:37,-89,6,Lab. de aferição e calibração
17/03/2026,10:49:23,77,IFPB-VISITANTE,24:36:DA:9F:FB:82,-89,11,Lab. de aferição e calibração
17/03/2026,10:49:23,77,IFPB-VISITANTE,84:F1:47:54:8B:A2,-89,11,Lab. de aferição e calibração
17/03/2026,10:49:23,77,IFPB,84:F1:47:54:8B:A0,-90,11,Lab. de aferição e calibração
17/03/2026,10:49:23,77,IFPB-Sala_Professor_14,48:51:CF:81:B0:9E,-91,5,Lab. de aferição e calibração
17/03/2026,10:49:24,77,UA2-MiniLab,60:32:B1:2D:66:C3,-91,10,Lab. de aferição e calibração
17/03/2026,10:49:24,77,Robson Premium,72:B6:FB:00:65:60,-92,1,Lab. de aferição e calibração
17/03/2026,10:49:24,77,NUNYA_Room_2.4GHz,CC:32:E5:0C:FC:2B,-97,10,Lab. de aferição e calibração
17/03/2026,10:49:33,78,APTelefonia,58:10:8C:91:F3:AA,-56,1,Lab. de aferição e calibração
17/03/2026,10:49:33,78,IFPB-VISITANTE,84:F1:47:54:96:E2,-56,1,Lab. de aferição e calibração
17/03/2026,10:49:33,78,IFPB,84:F1:47:54:96:E0,-57,1,Lab. de aferição e calibração
17/03/2026,10:49:33,78,TP-Link_1324,7C:F1:7E:8D:13:22,-62,10,Lab. de aferição e calibração
17/03/2026,10:49:33,78,Intelbras,18:0D:2C:7F:EB:AC,-69,7,Lab. de aferição e calibração
17/03/2026,10:49:33,78,Lab. de Sinais Digitais,18:D6:C7:F9:37:2F,-71,11,Lab. de aferição e calibração
17/03/2026,10:49:33,78,IFPB-VISITANTE,84:F1:47:54:6B:82,-72,1,Lab. de aferição e calibração
17/03/2026,10:49:33,78,IFPB,84:F1:47:54:6B:80,-73,1,Lab. de aferição e calibração
17/03/2026,10:49:33,78,IFPB-VISITANTE,E4:4E:2D:85:4C:62,-79,11,Lab. de aferição e calibração
17/03/2026,10:49:33,78,IFPB,E4:4E:2D:85:4C:60,-80,11,Lab. de aferição e calibração
17/03/2026,10:49:33,78,IFPB-VISITANTE,24:36:DA:2B:BC:02,-83,6,Lab. de aferição e calibração
17/03/2026,10:49:33,78,IFPB-Sala_Professor_14,24:FD:0D:57:19:26,-84,2,Lab. de aferição e calibração
17/03/2026,10:49:33,78,GPDS,00:26:5A:66:55:EF,-84,6,Lab. de aferição e calibração
17/03/2026,10:49:33,78,IFPB,24:36:DA:2B:BC:00,-85,6,Lab. de aferição e calibração
17/03/2026,10:49:33,78,NPEF/NEPA,50:C7:BF:EF:56:8A,-87,3,Lab. de aferição e calibração
17/03/2026,10:49:33,78,IFPB TCC,D8:5D:4C:86:7E:66,-87,6,Lab. de aferição e calibração
17/03/2026,10:49:33,78,Robson Premium,72:B6:FB:00:65:60,-88,1,Lab. de aferição e calibração
17/03/2026,10:49:33,78,Gabriel's Galaxy Tab S6 Lite,02:64:44:29:F3:37,-89,6,Lab. de aferição e calibração
17/03/2026,10:49:34,78,TP-Link_C3CB,D8:0D:17:3E:C3:CB,-90,3,Lab. de aferição e calibração
17/03/2026,10:49:34,78,LIMPEZA,54:E6:FC:CF:22:DE,-92,6,Lab. de aferição e calibração
17/03/2026,10:49:34,78,UA2-MiniLab,60:32:B1:2D:66:C3,-93,10,Lab. de aferição e calibração
17/03/2026,10:49:34,78,NUNYA_Room_2.4GHz,CC:32:E5:0C:FC:2B,-96,10,Lab. de aferição e calibração
17/03/2026,10:49:43,79,TP-Link_1324,7C:F1:7E:8D:13:22,-49,10,Lab. de aferição e calibração
17/03/2026,10:49:43,79,IFPB,84:F1:47:54:96:E0,-53,1,Lab. de aferição e calibração
17/03/2026,10:49:43,79,IFPB-VISITANTE,84:F1:47:54:96:E2,-54,1,Lab. de aferição e calibração
17/03/2026,10:49:43,79,APTelefonia,58:10:8C:91:F3:AA,-60,1,Lab. de aferição e calibração
17/03/2026,10:49:43,79,Intelbras,18:0D:2C:7F:EB:AC,-69,7,Lab. de aferição e calibração
17/03/2026,10:49:43,79,Lab. de Sinais Digitais,18:D6:C7:F9:37:2F,-73,11,Lab. de aferição e calibração
17/03/2026,10:49:43,79,IFPB,84:F1:47:54:6B:80,-74,1,Lab. de aferição e calibração
17/03/2026,10:49:43,79,IFPB-VISITANTE,84:F1:47:54:6B:82,-74,1,Lab. de aferição e calibração
17/03/2026,10:49:43,79,IFPB,E4:4E:2D:85:4C:60,-78,11,Lab. de aferição e calibração
17/03/2026,10:49:43,79,IFPB-VISITANTE,E4:4E:2D:85:4C:62,-78,11,Lab. de aferição e calibração
17/03/2026,10:49:43,79,IFPB-Sala_Professor_14,24:FD:0D:57:19:26,-81,2,Lab. de aferição e calibração
17/03/2026,10:49:44,79,IFPB,24:36:DA:2B:BC:00,-81,6,Lab. de aferição e calibração
17/03/2026,10:49:44,79,IFPB-VISITANTE,24:36:DA:2B:BC:02,-82,6,Lab. de aferição e calibração
17/03/2026,10:49:44,79,NPEF/NEPA,50:C7:BF:EF:56:8A,-86,3,Lab. de aferição e calibração
17/03/2026,10:49:44,79,GPDS,00:26:5A:66:55:EF,-86,6,Lab. de aferição e calibração
17/03/2026,10:49:44,79,UA2-MiniLab,60:32:B1:2D:66:C3,-86,10,Lab. de aferição e calibração
17/03/2026,10:49:44,79,TP-Link_C3CB,D8:0D:17:3E:C3:CB,-87,3,Lab. de aferição e calibração
17/03/2026,10:49:44,79,IFPB-Sala_Professor_14,48:51:CF:81:B0:9E,-89,5,Lab. de aferição e calibração
17/03/2026,10:49:44,79,IFPB TCC,D8:5D:4C:86:7E:66,-89,6,Lab. de aferição e calibração
17/03/2026,10:49:44,79,Robson Premium,72:B6:FB:00:65:60,-91,1,Lab. de aferição e calibração
17/03/2026,10:49:44,79,Gabriel's Galaxy Tab S6 Lite,02:64:44:29:F3:37,-91,6,Lab. de aferição e calibração
17/03/2026,10:49:44,79,motorola one hyper_9136,6A:A5:88:F9:66:CE,-91,6,Lab. de aferição e calibração
17/03/2026,10:49:53,80,IFPB-VISITANTE,84:F1:47:54:96:E2,-58,1,Lab. de aferição e calibração
17/03/2026,10:49:53,80,IFPB,84:F1:47:54:96:E0,-58,1,Lab. de aferição e calibração
17/03/2026,10:49:53,80,TP-Link_1324,7C:F1:7E:8D:13:22,-59,10,Lab. de aferição e calibração
17/03/2026,10:49:53,80,APTelefonia,58:10:8C:91:F3:AA,-64,1,Lab. de aferição e calibração
17/03/2026,10:49:53,80,Intelbras,18:0D:2C:7F:EB:AC,-66,7,Lab. de aferição e calibração
17/03/2026,10:49:53,80,Lab. de Sinais Digitais,18:D6:C7:F9:37:2F,-72,11,Lab. de aferição e calibração
17/03/2026,10:49:53,80,IFPB,24:36:DA:2B:BC:00,-77,6,Lab. de aferição e calibração
17/03/2026,10:49:53,80,IFPB-VISITANTE,84:F1:47:54:6B:82,-78,1,Lab. de aferição e calibração
17/03/2026,10:49:53,80,IFPB-VISITANTE,24:36:DA:2B:BC:02,-78,6,Lab. de aferição e calibração
17/03/2026,10:49:53,80,IFPB,E4:4E:2D:85:4C:60,-78,11,Lab. de aferição e calibração
17/03/2026,10:49:53,80,IFPB-VISITANTE,E4:4E:2D:85:4C:62,-78,11,Lab. de aferição e calibração
17/03/2026,10:49:53,80,IFPB,84:F1:47:54:6B:80,-79,1,Lab. de aferição e calibração
17/03/2026,10:49:54,80,IFPB-Sala_Professor_14,24:FD:0D:57:19:26,-83,2,Lab. de aferição e calibração
17/03/2026,10:49:54,80,GPDS,00:26:5A:66:55:EF,-86,6,Lab. de aferição e calibração
17/03/2026,10:49:54,80,UA2-MiniLab,60:32:B1:2D:66:C3,-86,10,Lab. de aferição e calibração
17/03/2026,10:49:54,80,NPEF/NEPA,50:C7:BF:EF:56:8A,-89,3,Lab. de aferição e calibração
17/03/2026,10:49:54,80,TP-Link_C3CB,D8:0D:17:3E:C3:CB,-89,3,Lab. de aferição e calibração
17/03/2026,10:49:54,80,Gabriel's Galaxy Tab S6 Lite,02:64:44:29:F3:37,-89,6,Lab. de aferição e calibração
17/03/2026,10:49:54,80,IFPB TCC,D8:5D:4C:86:7E:66,-90,6,Lab. de aferição e calibração
17/03/2026,10:49:54,80,IFPB-VISITANTE,84:F1:47:54:8B:A2,-90,11,Lab. de aferição e calibração
17/03/2026,10:49:54,80,IFPB-Sala_13,E8:94:F6:B9:2F:46,-91,4,Lab. de aferição e calibração
17/03/2026,10:49:54,80,IFPB,84:F1:47:54:8B:A0,-91,11,Lab. de aferição e calibração
17/03/2026,10:49:54,80,LIMPEZA,54:E6:FC:CF:22:DE,-93,6,Lab. de aferição e calibração
17/03/2026,10:50:36,81,APTelefonia,58:10:8C:91:F3:AA,-53,1,Lab. de medições em telecomunicações
17/03/2026,10:50:36,81,TP-Link_1324,7C:F1:7E:8D:13:22,-61,10,Lab. de medições em telecomunicações
17/03/2026,10:50:36,81,IFPB-VISITANTE,84:F1:47:54:96:E2,-64,1,Lab. de medições em telecomunicações
17/03/2026,10:50:36,81,IFPB,84:F1:47:54:96:E0,-65,1,Lab. de medições em telecomunicações
17/03/2026,10:50:36,81,IFPB,84:F1:47:54:6B:80,-75,1,Lab. de medições em telecomunicações
17/03/2026,10:50:36,81,IFPB-VISITANTE,84:F1:47:54:6B:82,-75,1,Lab. de medições em telecomunicações
17/03/2026,10:50:36,81,IFPB,E4:4E:2D:85:4C:60,-75,11,Lab. de medições em telecomunicações
17/03/2026,10:50:36,81,IFPB-VISITANTE,E4:4E:2D:85:4C:62,-75,11,Lab. de medições em telecomunicações
17/03/2026,10:50:36,81,Intelbras,18:0D:2C:7F:EB:AC,-77,7,Lab. de medições em telecomunicações
17/03/2026,10:50:36,81,Lab. de Sinais Digitais,18:D6:C7:F9:37:2F,-78,11,Lab. de medições em telecomunicações
17/03/2026,10:50:36,81,IFPB-Sala_Professor_14,24:FD:0D:57:19:26,-80,2,Lab. de medições em telecomunicações
17/03/2026,10:50:37,81,IFPB-VISITANTE,24:36:DA:2B:BC:02,-80,6,Lab. de medições em telecomunicações
17/03/2026,10:50:37,81,IFPB,24:36:DA:2B:BC:00,-81,6,Lab. de medições em telecomunicações
17/03/2026,10:50:37,81,NPEF/NEPA,50:C7:BF:EF:56:8A,-87,3,Lab. de medições em telecomunicações
17/03/2026,10:50:37,81,GPDS,00:26:5A:66:55:EF,-88,6,Lab. de medições em telecomunicações
17/03/2026,10:50:37,81,IFPB-Sala_Professor_14,48:51:CF:81:B0:9E,-89,5,Lab. de medições em telecomunicações
17/03/2026,10:50:37,81,IFPB TCC,D8:5D:4C:86:7E:66,-90,6,Lab. de medições em telecomunicações
17/03/2026,10:50:37,81,UA2-MiniLab,60:32:B1:2D:66:C3,-91,10,Lab. de medições em telecomunicações
17/03/2026,10:50:37,81,Robson Premium,72:B6:FB:00:65:60,-92,1,Lab. de medições em telecomunicações
17/03/2026,10:50:37,81,motorola one hyper_9136,6A:A5:88:F9:66:CE,-92,6,Lab. de medições em telecomunicações
17/03/2026,10:50:37,81,Gabriel's Galaxy Tab S6 Lite,02:64:44:29:F3:37,-93,6,Lab. de medições em telecomunicações
17/03/2026,10:50:46,82,TP-Link_1324,7C:F1:7E:8D:13:22,-50,10,Lab. de medições em telecomunicações
17/03/2026,10:50:46,82,APTelefonia,58:10:8C:91:F3:AA,-55,1,Lab. de medições em telecomunicações
17/03/2026,10:50:46,82,IFPB,84:F1:47:54:96:E0,-66,1,Lab. de medições em telecomunicações
17/03/2026,10:50:46,82,IFPB-VISITANTE,84:F1:47:54:96:E2,-66,1,Lab. de medições em telecomunicações
17/03/2026,10:50:46,82,Intelbras,18:0D:2C:7F:EB:AC,-67,7,Lab. de medições em telecomunicações
17/03/2026,10:50:46,82,IFPB,84:F1:47:54:6B:80,-75,1,Lab. de medições em telecomunicações
17/03/2026,10:50:47,82,IFPB-VISITANTE,84:F1:47:54:6B:82,-75,1,Lab. de medições em telecomunicações
17/03/2026,10:50:47,82,Lab. de Sinais Digitais,18:D6:C7:F9:37:2F,-77,11,Lab. de medições em telecomunicações
17/03/2026,10:50:47,82,IFPB,24:36:DA:2B:BC:00,-78,6,Lab. de medições em telecomunicações
17/03/2026,10:50:47,82,IFPB-VISITANTE,24:36:DA:2B:BC:02,-78,6,Lab. de medições em telecomunicações
17/03/2026,10:50:47,82,IFPB,E4:4E:2D:85:4C:60,-78,11,Lab. de medições em telecomunicações
17/03/2026,10:50:47,82,IFPB-VISITANTE,E4:4E:2D:85:4C:62,-78,11,Lab. de medições em telecomunicações
17/03/2026,10:50:47,82,IFPB-Sala_Professor_14,24:FD:0D:57:19:26,-84,2,Lab. de medições em telecomunicações
17/03/2026,10:50:47,82,NPEF/NEPA,50:C7:BF:EF:56:8A,-87,3,Lab. de medições em telecomunicações
17/03/2026,10:50:47,82,UA2-MiniLab,60:32:B1:2D:66:C3,-88,10,Lab. de medições em telecomunicações
17/03/2026,10:50:47,82,Robson Premium,72:B6:FB:00:65:60,-89,1,Lab. de medições em telecomunicações
17/03/2026,10:50:47,82,GPDS,00:26:5A:66:55:EF,-89,6,Lab. de medições em telecomunicações
17/03/2026,10:50:47,82,TP-Link_C3CB,D8:0D:17:3E:C3:CB,-90,3,Lab. de medições em telecomunicações
17/03/2026,10:50:47,82,IFPB TCC,D8:5D:4C:86:7E:66,-91,6,Lab. de medições em telecomunicações
17/03/2026,10:50:47,82,Gabriel's Galaxy Tab S6 Lite,02:64:44:29:F3:37,-91,6,Lab. de medições em telecomunicações
17/03/2026,10:50:47,82,motorola one hyper_9136,6A:A5:88:F9:66:CE,-92,6,Lab. de medições em telecomunicações
17/03/2026,10:50:47,82,LIMPEZA,54:E6:FC:CF:22:DE,-92,6,Lab. de medições em telecomunicações
17/03/2026,10:50:57,83,TP-Link_1324,7C:F1:7E:8D:13:22,-51,10,Lab. de medições em telecomunicações
17/03/2026,10:50:57,83,APTelefonia,58:10:8C:91:F3:AA,-56,1,Lab. de medições em telecomunicações
17/03/2026,10:50:57,83,Intelbras,18:0D:2C:7F:EB:AC,-69,7,Lab. de medições em telecomunicações
17/03/2026,10:50:57,83,IFPB,84:F1:47:54:96:E0,-72,1,Lab. de medições em telecomunicações
17/03/2026,10:50:57,83,IFPB-VISITANTE,84:F1:47:54:96:E2,-72,1,Lab. de medições em telecomunicações
17/03/2026,10:50:57,83,IFPB-VISITANTE,E4:4E:2D:85:4C:62,-77,11,Lab. de medições em telecomunicações
17/03/2026,10:50:57,83,IFPB-VISITANTE,24:36:DA:2B:BC:02,-78,6,Lab. de medições em telecomunicações
17/03/2026,10:50:57,83,IFPB,24:36:DA:2B:BC:00,-78,6,Lab. de medições em telecomunicações
17/03/2026,10:50:57,83,IFPB,E4:4E:2D:85:4C:60,-78,11,Lab. de medições em telecomunicações
17/03/2026,10:50:57,83,IFPB-VISITANTE,84:F1:47:54:6B:82,-79,1,Lab. de medições em telecomunicações
17/03/2026,10:50:57,83,Lab. de Sinais Digitais,18:D6:C7:F9:37:2F,-79,11,Lab. de medições em telecomunicações
17/03/2026,10:50:57,83,IFPB,84:F1:47:54:6B:80,-80,1,Lab. de medições em telecomunicações
17/03/2026,10:50:57,83,GPDS,00:26:5A:66:55:EF,-83,6,Lab. de medições em telecomunicações
17/03/2026,10:50:57,83,IFPB-Sala_Professor_14,24:FD:0D:57:19:26,-85,2,Lab. de medições em telecomunicações
17/03/2026,10:50:57,83,Robson Premium,72:B6:FB:00:65:60,-87,1,Lab. de medições em telecomunicações
17/03/2026,10:50:57,83,TP-Link_C3CB,D8:0D:17:3E:C3:CB,-89,3,Lab. de medições em telecomunicações
17/03/2026,10:50:57,83,Gabriel's Galaxy Tab S6 Lite,02:64:44:29:F3:37,-89,6,Lab. de medições em telecomunicações
17/03/2026,10:50:57,83,NPEF/NEPA,50:C7:BF:EF:56:8A,-91,3,Lab. de medições em telecomunicações
17/03/2026,10:50:57,83,IFPB TCC,D8:5D:4C:86:7E:66,-91,6,Lab. de medições em telecomunicações
17/03/2026,10:50:57,83,UA2-MiniLab,60:32:B1:2D:66:C3,-91,10,Lab. de medições em telecomunicações
17/03/2026,10:50:57,83,LIMPEZA,54:E6:FC:CF:22:DE,-94,6,Lab. de medições em telecomunicações
17/03/2026,10:51:07,84,TP-Link_1324,7C:F1:7E:8D:13:22,-50,10,Lab. de medições em telecomunicações
17/03/2026,10:51:07,84,APTelefonia,58:10:8C:91:F3:AA,-60,1,Lab. de medições em telecomunicações
17/03/2026,10:51:07,84,IFPB,84:F1:47:54:96:E0,-71,1,Lab. de medições em telecomunicações
17/03/2026,10:51:07,84,IFPB-VISITANTE,84:F1:47:54:96:E2,-71,1,Lab. de medições em telecomunicações
17/03/2026,10:51:07,84,Intelbras,18:0D:2C:7F:EB:AC,-71,7,Lab. de medições em telecomunicações
17/03/2026,10:51:07,84,Lab. de Sinais Digitais,18:D6:C7:F9:37:2F,-76,11,Lab. de medições em telecomunicações
17/03/2026,10:51:07,84,IFPB,84:F1:47:54:6B:80,-77,1,Lab. de medições em telecomunicações
17/03/2026,10:51:07,84,IFPB-VISITANTE,84:F1:47:54:6B:82,-77,1,Lab. de medições em telecomunicações
17/03/2026,10:51:07,84,IFPB,E4:4E:2D:85:4C:60,-77,11,Lab. de medições em telecomunicações
17/03/2026,10:51:07,84,IFPB-VISITANTE,E4:4E:2D:85:4C:62,-77,11,Lab. de medições em telecomunicações
17/03/2026,10:51:07,84,IFPB-Sala_Professor_14,24:FD:0D:57:19:26,-81,2,Lab. de medições em telecomunicações
17/03/2026,10:51:07,84,IFPB,24:36:DA:2B:BC:00,-81,6,Lab. de medições em telecomunicações
17/03/2026,10:51:07,84,IFPB-VISITANTE,24:36:DA:2B:BC:02,-81,6,Lab. de medições em telecomunicações
17/03/2026,10:51:07,84,GPDS,00:26:5A:66:55:EF,-85,6,Lab. de medições em telecomunicações
17/03/2026,10:51:07,84,IFPB-VISITANTE,24:36:DA:2B:5E:C2,-89,1,Lab. de medições em telecomunicações
17/03/2026,10:51:07,84,IFPB TCC,D8:5D:4C:86:7E:66,-92,6,Lab. de medições em telecomunicações
17/03/2026,10:51:07,84,Gabriel's Galaxy Tab S6 Lite,02:64:44:29:F3:37,-93,6,Lab. de medições em telecomunicações
17/03/2026,10:51:07,84,motorola one hyper_9136,6A:A5:88:F9:66:CE,-93,6,Lab. de medições em telecomunicações
17/03/2026,10:51:07,84,Robson Premium,72:B6:FB:00:65:60,-94,1,Lab. de medições em telecomunicações
17/03/2026,10:51:17,85,APTelefonia,58:10:8C:91:F3:AA,-49,1,Lab. de medições em telecomunicações
17/03/2026,10:51:17,85,TP-Link_1324,7C:F1:7E:8D:13:22,-52,10,Lab. de medições em telecomunicações
17/03/2026,10:51:17,85,IFPB,84:F1:47:54:96:E0,-66,1,Lab. de medições em telecomunicações
17/03/2026,10:51:17,85,IFPB-VISITANTE,84:F1:47:54:96:E2,-66,1,Lab. de medições em telecomunicações
17/03/2026,10:51:17,85,Lab. de Sinais Digitais,18:D6:C7:F9:37:2F,-71,11,Lab. de medições em telecomunicações
17/03/2026,10:51:17,85,Intelbras,18:0D:2C:7F:EB:AC,-73,7,Lab. de medições em telecomunicações
17/03/2026,10:51:17,85,IFPB,84:F1:47:54:6B:80,-77,1,Lab. de medições em telecomunicações
17/03/2026,10:51:17,85,IFPB-VISITANTE,84:F1:47:54:6B:82,-77,1,Lab. de medições em telecomunicações
17/03/2026,10:51:17,85,IFPB,24:36:DA:2B:BC:00,-80,6,Lab. de medições em telecomunicações
17/03/2026,10:51:17,85,IFPB-VISITANTE,24:36:DA:2B:BC:02,-80,6,Lab. de medições em telecomunicações
17/03/2026,10:51:17,85,IFPB,E4:4E:2D:85:4C:60,-81,11,Lab. de medições em telecomunicações
17/03/2026,10:51:17,85,IFPB-VISITANTE,E4:4E:2D:85:4C:62,-82,11,Lab. de medições em telecomunicações
17/03/2026,10:51:17,85,IFPB-Sala_Professor_14,24:FD:0D:57:19:26,-85,2,Lab. de medições em telecomunicações
17/03/2026,10:51:17,85,GPDS,00:26:5A:66:55:EF,-86,6,Lab. de medições em telecomunicações
17/03/2026,10:51:17,85,UA2-MiniLab,60:32:B1:2D:66:C3,-86,10,Lab. de medições em telecomunicações
17/03/2026,10:51:17,85,TP-Link_C3CB,D8:0D:17:3E:C3:CB,-88,3,Lab. de medições em telecomunicações
17/03/2026,10:51:17,85,NPEF/NEPA,50:C7:BF:EF:56:8A,-88,3,Lab. de medições em telecomunicações
17/03/2026,10:51:17,85,Gabriel's Galaxy Tab S6 Lite,02:64:44:29:F3:37,-92,6,Lab. de medições em telecomunicações
17/03/2026,10:51:17,85,motorola one hyper_9136,6A:A5:88:F9:66:CE,-93,6,Lab. de medições em telecomunicações
17/03/2026,10:51:17,85,IFPB TCC,D8:5D:4C:86:7E:66,-93,6,Lab. de medições em telecomunicações
17/03/2026,10:51:27,86,TP-Link_1324,7C:F1:7E:8D:13:22,-56,10,Lab. de medições em telecomunicações
17/03/2026,10:51:27,86,IFPB,84:F1:47:54:96:E0,-62,1,Lab. de medições em telecomunicações
17/03/2026,10:51:27,86,IFPB-VISITANTE,84:F1:47:54:96:E2,-62,1,Lab. de medições em telecomunicações
17/03/2026,10:51:27,86,APTelefonia,58:10:8C:91:F3:AA,-63,1,Lab. de medições em telecomunicações
17/03/2026,10:51:27,86,Intelbras,18:0D:2C:7F:EB:AC,-69,7,Lab. de medições em telecomunicações
17/03/2026,10:51:27,86,IFPB,84:F1:47:54:6B:80,-77,1,Lab. de medições em telecomunicações
17/03/2026,10:51:27,86,IFPB-VISITANTE,84:F1:47:54:6B:82,-77,1,Lab. de medições em telecomunicações
17/03/2026,10:51:27,86,Lab. de Sinais Digitais,18:D6:C7:F9:37:2F,-78,11,Lab. de medições em telecomunicações
17/03/2026,10:51:27,86,IFPB,24:36:DA:2B:BC:00,-79,6,Lab. de medições em telecomunicações
17/03/2026,10:51:27,86,IFPB-VISITANTE,24:36:DA:2B:BC:02,-79,6,Lab. de medições em telecomunicações
17/03/2026,10:51:27,86,IFPB,E4:4E:2D:85:4C:60,-80,11,Lab. de medições em telecomunicações
17/03/2026,10:51:27,86,IFPB-VISITANTE,E4:4E:2D:85:4C:62,-80,11,Lab. de medições em telecomunicações
17/03/2026,10:51:27,86,Robson Premium,72:B6:FB:00:65:60,-89,1,Lab. de medições em telecomunicações
17/03/2026,10:51:27,86,GPDS,00:26:5A:66:55:EF,-90,6,Lab. de medições em telecomunicações
17/03/2026,10:51:27,86,IFPB TCC,D8:5D:4C:86:7E:66,-91,6,Lab. de medições em telecomunicações
17/03/2026,10:51:27,86,Gabriel's Galaxy Tab S6 Lite,02:64:44:29:F3:37,-91,6,Lab. de medições em telecomunicações
17/03/2026,10:51:27,86,UA2-MiniLab,60:32:B1:2D:66:C3,-92,10,Lab. de medições em telecomunicações
17/03/2026,10:51:37,87,APTelefonia,58:10:8C:91:F3:AA,-53,1,Lab. de medições em telecomunicações
17/03/2026,10:51:37,87,TP-Link_1324,7C:F1:7E:8D:13:22,-55,10,Lab. de medições em telecomunicações
17/03/2026,10:51:37,87,IFPB,84:F1:47:54:96:E0,-66,1,Lab. de medições em telecomunicações
17/03/2026,10:51:37,87,IFPB-VISITANTE,84:F1:47:54:96:E2,-66,1,Lab. de medições em telecomunicações
17/03/2026,10:51:37,87,IFPB,24:36:DA:2B:BC:00,-74,6,Lab. de medições em telecomunicações
17/03/2026,10:51:37,87,IFPB-VISITANTE,24:36:DA:2B:BC:02,-74,6,Lab. de medições em telecomunicações
17/03/2026,10:51:37,87,Lab. de Sinais Digitais,18:D6:C7:F9:37:2F,-74,11,Lab. de medições em telecomunicações
17/03/2026,10:51:37,87,IFPB,E4:4E:2D:85:4C:60,-76,11,Lab. de medições em telecomunicações
17/03/2026,10:51:37,87,IFPB-VISITANTE,E4:4E:2D:85:4C:62,-76,11,Lab. de medições em telecomunicações
17/03/2026,10:51:37,87,Intelbras,18:0D:2C:7F:EB:AC,-79,7,Lab. de medições em telecomunicações
17/03/2026,10:51:37,87,IFPB-VISITANTE,84:F1:47:54:6B:82,-80,1,Lab. de medições em telecomunicações
17/03/2026,10:51:37,87,IFPB,84:F1:47:54:6B:80,-81,1,Lab. de medições em telecomunicações
17/03/2026,10:51:37,87,IFPB-Sala_Professor_14,24:FD:0D:57:19:26,-81,2,Lab. de medições em telecomunicações
17/03/2026,10:51:37,87,motorola one hyper_9136,6A:A5:88:F9:66:CE,-88,6,Lab. de medições em telecomunicações
17/03/2026,10:51:37,87,UA2-MiniLab,60:32:B1:2D:66:C3,-88,10,Lab. de medições em telecomunicações
17/03/2026,10:51:37,87,NPEF/NEPA,50:C7:BF:EF:56:8A,-90,3,Lab. de medições em telecomunicações
17/03/2026,10:51:37,87,Robson Premium,72:B6:FB:00:65:60,-91,1,Lab. de medições em telecomunicações
17/03/2026,10:51:37,87,IFPB TCC,D8:5D:4C:86:7E:66,-91,6,Lab. de medições em telecomunicações
17/03/2026,10:51:37,87,GPDS,00:26:5A:66:55:EF,-91,6,Lab. de medições em telecomunicações
17/03/2026,10:51:37,87,TP-Link_C3CB,D8:0D:17:3E:C3:CB,-92,3,Lab. de medições em telecomunicações
17/03/2026,10:51:37,87,Gabriel's Galaxy Tab S6 Lite,02:64:44:29:F3:37,-93,6,Lab. de medições em telecomunicações
17/03/2026,10:51:47,88,TP-Link_1324,7C:F1:7E:8D:13:22,-55,10,Lab. de medições em telecomunicações
17/03/2026,10:51:47,88,APTelefonia,58:10:8C:91:F3:AA,-57,1,Lab. de medições em telecomunicações
17/03/2026,10:51:47,88,IFPB,84:F1:47:54:96:E0,-65,1,Lab. de medições em telecomunicações
17/03/2026,10:51:47,88,IFPB-VISITANTE,84:F1:47:54:96:E2,-65,1,Lab. de medições em telecomunicações
17/03/2026,10:51:47,88,Intelbras,18:0D:2C:7F:EB:AC,-70,7,Lab. de medições em telecomunicações
17/03/2026,10:51:47,88,IFPB-VISITANTE,E4:4E:2D:85:4C:62,-78,11,Lab. de medições em telecomunicações
17/03/2026,10:51:47,88,IFPB,E4:4E:2D:85:4C:60,-79,11,Lab. de medições em telecomunicações
17/03/2026,10:51:47,88,IFPB,84:F1:47:54:6B:80,-81,1,Lab. de medições em telecomunicações
17/03/2026,10:51:47,88,IFPB-VISITANTE,84:F1:47:54:6B:82,-81,1,Lab. de medições em telecomunicações
17/03/2026,10:51:47,88,GPDS,00:26:5A:66:55:EF,-81,6,Lab. de medições em telecomunicações
17/03/2026,10:51:47,88,Lab. de Sinais Digitais,18:D6:C7:F9:37:2F,-82,11,Lab. de medições em telecomunicações
17/03/2026,10:51:47,88,IFPB,24:36:DA:2B:BC:00,-83,6,Lab. de medições em telecomunicações
17/03/2026,10:51:47,88,IFPB-VISITANTE,24:36:DA:2B:BC:02,-83,6,Lab. de medições em telecomunicações
17/03/2026,10:51:47,88,NPEF/NEPA,50:C7:BF:EF:56:8A,-88,3,Lab. de medições em telecomunicações
17/03/2026,10:51:47,88,UA2-MiniLab,60:32:B1:2D:66:C3,-89,10,Lab. de medições em telecomunicações
17/03/2026,10:51:47,88,Robson Premium,72:B6:FB:00:65:60,-91,1,Lab. de medições em telecomunicações
17/03/2026,10:51:47,88,IFPB-Sala_Professor_14,24:FD:0D:57:19:26,-91,2,Lab. de medições em telecomunicações
17/03/2026,10:51:47,88,IFPB TCC,D8:5D:4C:86:7E:66,-92,6,Lab. de medições em telecomunicações
17/03/2026,10:51:47,88,TP-Link_C3CB,D8:0D:17:3E:C3:CB,-93,3,Lab. de medições em telecomunicações
17/03/2026,10:51:47,88,motorola one hyper_9136,6A:A5:88:F9:66:CE,-93,6,Lab. de medições em telecomunicações
17/03/2026,10:51:57,89,TP-Link_1324,7C:F1:7E:8D:13:22,-55,10,Lab. de medições em telecomunicações
17/03/2026,10:51:57,89,APTelefonia,58:10:8C:91:F3:AA,-59,1,Lab. de medições em telecomunicações
17/03/2026,10:51:57,89,IFPB,84:F1:47:54:96:E0,-68,1,Lab. de medições em telecomunicações
17/03/2026,10:51:57,89,IFPB-VISITANTE,84:F1:47:54:96:E2,-68,1,Lab. de medições em telecomunicações
17/03/2026,10:51:57,89,Intelbras,18:0D:2C:7F:EB:AC,-71,7,Lab. de medições em telecomunicações
17/03/2026,10:51:57,89,IFPB,E4:4E:2D:85:4C:60,-73,11,Lab. de medições em telecomunicações
17/03/2026,10:51:57,89,IFPB-VISITANTE,E4:4E:2D:85:4C:62,-74,11,Lab. de medições em telecomunicações
17/03/2026,10:51:57,89,Lab. de Sinais Digitais,18:D6:C7:F9:37:2F,-77,11,Lab. de medições em telecomunicações
17/03/2026,10:51:57,89,IFPB-VISITANTE,84:F1:47:54:6B:82,-79,1,Lab. de medições em telecomunicações
17/03/2026,10:51:57,89,IFPB,84:F1:47:54:6B:80,-81,1,Lab. de medições em telecomunicações
17/03/2026,10:51:57,89,NPEF/NEPA,50:C7:BF:EF:56:8A,-82,3,Lab. de medições em telecomunicações
17/03/2026,10:51:57,89,IFPB-Sala_Professor_14,24:FD:0D:57:19:26,-83,2,Lab. de medições em telecomunicações
17/03/2026,10:51:57,89,IFPB,24:36:DA:2B:BC:00,-83,6,Lab. de medições em telecomunicações
17/03/2026,10:51:57,89,IFPB-VISITANTE,24:36:DA:2B:BC:02,-84,6,Lab. de medições em telecomunicações
17/03/2026,10:51:57,89,IFPB,84:F1:47:54:7F:60,-87,6,Lab. de medições em telecomunicações
17/03/2026,10:51:57,89,Robson Premium,72:B6:FB:00:65:60,-88,1,Lab. de medições em telecomunicações
17/03/2026,10:51:57,89,TP-Link_C3CB,D8:0D:17:3E:C3:CB,-88,3,Lab. de medições em telecomunicações
17/03/2026,10:51:57,89,GPDS,00:26:5A:66:55:EF,-89,6,Lab. de medições em telecomunicações
17/03/2026,10:51:57,89,IFPB-VISITANTE,84:F1:47:54:7F:62,-89,6,Lab. de medições em telecomunicações
17/03/2026,10:51:57,89,Gabriel's Galaxy Tab S6 Lite,02:64:44:29:F3:37,-93,6,Lab. de medições em telecomunicações
17/03/2026,10:51:57,89,IFPB TCC,D8:5D:4C:86:7E:66,-93,6,Lab. de medições em telecomunicações
17/03/2026,10:51:57,89,UA2-MiniLab,60:32:B1:2D:66:C3,-93,10,Lab. de medições em telecomunicações
17/03/2026,10:52:07,90,APTelefonia,58:10:8C:91:F3:AA,-51,1,Lab. de medições em telecomunicações
17/03/2026,10:52:07,90,TP-Link_1324,7C:F1:7E:8D:13:22,-54,10,Lab. de medições em telecomunicações
17/03/2026,10:52:07,90,IFPB,84:F1:47:54:96:E0,-69,1,Lab. de medições em telecomunicações
17/03/2026,10:52:07,90,IFPB-VISITANTE,84:F1:47:54:96:E2,-69,1,Lab. de medições em telecomunicações
17/03/2026,10:52:07,90,Intelbras,18:0D:2C:7F:EB:AC,-71,7,Lab. de medições em telecomunicações
17/03/2026,10:52:07,90,Lab. de Sinais Digitais,18:D6:C7:F9:37:2F,-76,11,Lab. de medições em telecomunicações
17/03/2026,10:52:07,90,IFPB,84:F1:47:54:6B:80,-77,1,Lab. de medições em telecomunicações
17/03/2026,10:52:07,90,IFPB-VISITANTE,84:F1:47:54:6B:82,-78,1,Lab. de medições em telecomunicações
17/03/2026,10:52:07,90,IFPB,E4:4E:2D:85:4C:60,-79,11,Lab. de medições em telecomunicações
17/03/2026,10:52:07,90,IFPB-VISITANTE,E4:4E:2D:85:4C:62,-79,11,Lab. de medições em telecomunicações
17/03/2026,10:52:07,90,IFPB-Sala_Professor_14,24:FD:0D:57:19:26,-82,2,Lab. de medições em telecomunicações
17/03/2026,10:52:07,90,NPEF/NEPA,50:C7:BF:EF:56:8A,-88,3,Lab. de medições em telecomunicações
17/03/2026,10:52:07,90,IFPB-Sala_Professor_14,48:51:CF:81:B0:9E,-88,5,Lab. de medições em telecomunicações
17/03/2026,10:52:07,90,GPDS,00:26:5A:66:55:EF,-88,6,Lab. de medições em telecomunicações
17/03/2026,10:52:07,90,IFPB-VISITANTE,24:36:DA:2B:BC:02,-88,6,Lab. de medições em telecomunicações
17/03/2026,10:52:07,90,IFPB TCC,D8:5D:4C:86:7E:66,-89,6,Lab. de medições em telecomunicações
17/03/2026,10:52:07,90,IFPB,24:36:DA:2B:BC:00,-89,6,Lab. de medições em telecomunicações
17/03/2026,10:52:07,90,UA2-MiniLab,60:32:B1:2D:66:C3,-90,10,Lab. de medições em telecomunicações
17/03/2026,10:52:07,90,TP-Link_C3CB,D8:0D:17:3E:C3:CB,-91,3,Lab. de medições em telecomunicações
17/03/2026,10:52:07,90,Gabriel's Galaxy Tab S6 Lite,02:64:44:29:F3:37,-92,6,Lab. de medições em telecomunicações
17/03/2026,10:52:07,90,motorola one hyper_9136,6A:A5:88:F9:66:CE,-92,6,Lab. de medições em telecomunicações
17/03/2026,10:52:07,90,IFPB-Sala_13,E8:94:F6:B9:2F:46,-93,4,Lab. de medições em telecomunicações
17/03/2026,10:52:07,90,Robson Premium,72:B6:FB:00:65:60,-95,1,Lab. de medições em telecomunicações
17/03/2026,10:52:07,90,NUNYA_Room_2.4GHz,CC:32:E5:0C:FC:2B,-95,10,Lab. de medições em telecomunicações
17/03/2026,10:53:01,91,APTelefonia,58:10:8C:91:F3:AA,-55,1,Coordenação de pós em Eng. Elétrica
17/03/2026,10:53:01,91,Intelbras,18:0D:2C:7F:EB:AC,-62,7,Coordenação de pós em Eng. Elétrica
17/03/2026,10:53:01,91,TP-Link_1324,7C:F1:7E:8D:13:22,-66,10,Coordenação de pós em Eng. Elétrica
17/03/2026,10:53:01,91,IFPB-Sala_Professor_14,24:FD:0D:57:19:26,-77,2,Coordenação de pós em Eng. Elétrica
17/03/2026,10:53:01,91,IFPB-VISITANTE,E4:4E:2D:85:4C:62,-78,11,Coordenação de pós em Eng. Elétrica
17/03/2026,10:53:01,91,IFPB,E4:4E:2D:85:4C:60,-79,11,Coordenação de pós em Eng. Elétrica
17/03/2026,10:53:01,91,IFPB,24:36:DA:2B:BC:00,-83,6,Coordenação de pós em Eng. Elétrica
17/03/2026,10:53:01,91,IFPB-VISITANTE,24:36:DA:2B:BC:02,-83,6,Coordenação de pós em Eng. Elétrica
17/03/2026,10:53:01,91,Lab. de Sinais Digitais,18:D6:C7:F9:37:2F,-85,11,Coordenação de pós em Eng. Elétrica
17/03/2026,10:53:01,91,motorola one hyper_9136,6A:A5:88:F9:66:CE,-88,6,Coordenação de pós em Eng. Elétrica
17/03/2026,10:53:01,91,UA2-MiniLab,60:32:B1:2D:66:C3,-88,10,Coordenação de pós em Eng. Elétrica
17/03/2026,10:53:01,91,IFPB-Sala_Professor_14,48:51:CF:81:B0:9E,-93,5,Coordenação de pós em Eng. Elétrica
17/03/2026,10:53:01,91,Lab Redes Convergentes,64:70:02:99:FE:F4,-93,11,Coordenação de pós em Eng. Elétrica
17/03/2026,10:53:01,91,NPEF/NEPA,50:C7:BF:EF:56:8A,-95,3,Coordenação de pós em Eng. Elétrica
17/03/2026,10:53:01,91,NUNYA_Room_2.4GHz,CC:32:E5:0C:FC:2B,-95,10,Coordenação de pós em Eng. Elétrica
17/03/2026,10:53:01,91,EBEF98EB-HE8D94xvZh1AO1J,44:D2:44:DD:32:41,-95,11,Coordenação de pós em Eng. Elétrica
17/03/2026,10:53:11,92,APTelefonia,58:10:8C:91:F3:AA,-51,1,Coordenação de pós em Eng. Elétrica
17/03/2026,10:53:11,92,Intelbras,18:0D:2C:7F:EB:AC,-65,7,Coordenação de pós em Eng. Elétrica
17/03/2026,10:53:11,92,TP-Link_1324,7C:F1:7E:8D:13:22,-67,10,Coordenação de pós em Eng. Elétrica
17/03/2026,10:53:11,92,IFPB-Sala_Professor_14,24:FD:0D:57:19:26,-77,2,Coordenação de pós em Eng. Elétrica
17/03/2026,10:53:11,92,IFPB,E4:4E:2D:85:4C:60,-81,11,Coordenação de pós em Eng. Elétrica
17/03/2026,10:53:11,92,IFPB-VISITANTE,E4:4E:2D:85:4C:62,-81,11,Coordenação de pós em Eng. Elétrica
17/03/2026,10:53:11,92,Gabriel's Galaxy Tab S6 Lite,02:64:44:29:F3:37,-82,6,Coordenação de pós em Eng. Elétrica
17/03/2026,10:53:11,92,IFPB,24:36:DA:2B:BC:00,-85,6,Coordenação de pós em Eng. Elétrica
17/03/2026,10:53:11,92,IFPB-VISITANTE,24:36:DA:2B:BC:02,-86,6,Coordenação de pós em Eng. Elétrica
17/03/2026,10:53:11,92,IFPB,84:F1:47:54:EB:20,-86,6,Coordenação de pós em Eng. Elétrica
17/03/2026,10:53:11,92,IFPB-VISITANTE,84:F1:47:54:EB:22,-87,6,Coordenação de pós em Eng. Elétrica
17/03/2026,10:53:11,92,UA2-MiniLab,60:32:B1:2D:66:C3,-87,10,Coordenação de pós em Eng. Elétrica
17/03/2026,10:53:11,92,GPDS,00:26:5A:66:55:EF,-88,6,Coordenação de pós em Eng. Elétrica
17/03/2026,10:53:11,92,Lab. de Sinais Digitais,18:D6:C7:F9:37:2F,-88,11,Coordenação de pós em Eng. Elétrica
17/03/2026,10:53:11,92,EBEF98EB-HE8D94xvZh1AO1J,44:D2:44:DD:32:41,-91,11,Coordenação de pós em Eng. Elétrica
17/03/2026,10:53:11,92,Robson Premium,72:B6:FB:00:65:60,-93,1,Coordenação de pós em Eng. Elétrica
17/03/2026,10:53:11,92,IFPB-Sala_Professor_14,48:51:CF:81:B0:9E,-93,5,Coordenação de pós em Eng. Elétrica
17/03/2026,10:53:11,92,Lab Redes Convergentes,64:70:02:99:FE:F4,-93,11,Coordenação de pós em Eng. Elétrica
17/03/2026,10:53:11,92,TP-Link_C3CB,D8:0D:17:3E:C3:CB,-94,3,Coordenação de pós em Eng. Elétrica
17/03/2026,10:53:11,92,NPEF/NEPA,50:C7:BF:EF:56:8A,-94,3,Coordenação de pós em Eng. Elétrica
17/03/2026,10:53:21,93,APTelefonia,58:10:8C:91:F3:AA,-55,1,Coordenação de pós em Eng. Elétrica
17/03/2026,10:53:21,93,TP-Link_1324,7C:F1:7E:8D:13:22,-63,10,Coordenação de pós em Eng. Elétrica
17/03/2026,10:53:21,93,Intelbras,18:0D:2C:7F:EB:AC,-67,7,Coordenação de pós em Eng. Elétrica
17/03/2026,10:53:21,93,IFPB-Sala_Professor_14,24:FD:0D:57:19:26,-73,2,Coordenação de pós em Eng. Elétrica
17/03/2026,10:53:21,93,IFPB,E4:4E:2D:85:4C:60,-74,11,Coordenação de pós em Eng. Elétrica
17/03/2026,10:53:21,93,IFPB-VISITANTE,E4:4E:2D:85:4C:62,-74,11,Coordenação de pós em Eng. Elétrica
17/03/2026,10:53:21,93,IFPB TCC,D8:5D:4C:86:7E:66,-75,6,Coordenação de pós em Eng. Elétrica
17/03/2026,10:53:21,93,motorola one hyper_9136,6A:A5:88:F9:66:CE,-80,6,Coordenação de pós em Eng. Elétrica
17/03/2026,10:53:21,93,Gabriel's Galaxy Tab S6 Lite,02:64:44:29:F3:37,-83,6,Coordenação de pós em Eng. Elétrica
17/03/2026,10:53:21,93,Lab. de Sinais Digitais,18:D6:C7:F9:37:2F,-83,11,Coordenação de pós em Eng. Elétrica
17/03/2026,10:53:21,93,IFPB,84:F1:47:54:EB:20,-84,6,Coordenação de pós em Eng. Elétrica
17/03/2026,10:53:21,93,IFPB-VISITANTE,84:F1:47:54:EB:22,-85,6,Coordenação de pós em Eng. Elétrica
17/03/2026,10:53:21,93,IFPB-VISITANTE,24:36:DA:2B:BC:02,-87,6,Coordenação de pós em Eng. Elétrica
17/03/2026,10:53:21,93,IFPB,24:36:DA:2B:BC:00,-88,6,Coordenação de pós em Eng. Elétrica
17/03/2026,10:53:21,93,UA2-MiniLab,60:32:B1:2D:66:C3,-89,10,Coordenação de pós em Eng. Elétrica
17/03/2026,10:53:21,93,IFPB-Sala_Professor_14,48:51:CF:81:B0:9E,-93,5,Coordenação de pós em Eng. Elétrica
17/03/2026,10:53:21,93,GPDS,00:26:5A:66:55:EF,-93,6,Coordenação de pós em Eng. Elétrica
17/03/2026,10:53:21,93,Lab Redes Convergentes,64:70:02:99:FE:F4,-94,11,Coordenação de pós em Eng. Elétrica
17/03/2026,10:53:21,93,Robson Premium,72:B6:FB:00:65:60,-95,1,Coordenação de pós em Eng. Elétrica
17/03/2026,10:53:21,93,NUNYA_Room_2.4GHz,CC:32:E5:0C:FC:2B,-95,10,Coordenação de pós em Eng. Elétrica
17/03/2026,10:53:21,93,EBEF98EB-HE8D94xvZh1AO1J,44:D2:44:DD:32:41,-95,11,Coordenação de pós em Eng. Elétrica
17/03/2026,10:53:21,93,TP-Link_C3CB,D8:0D:17:3E:C3:CB,-97,3,Coordenação de pós em Eng. Elétrica
17/03/2026,10:53:31,94,APTelefonia,58:10:8C:91:F3:AA,-56,1,Coordenação de pós em Eng. Elétrica
17/03/2026,10:53:31,94,Intelbras,18:0D:2C:7F:EB:AC,-62,7,Coordenação de pós em Eng. Elétrica
17/03/2026,10:53:31,94,Gabriel's Galaxy Tab S6 Lite,02:64:44:29:F3:37,-67,6,Coordenação de pós em Eng. Elétrica
17/03/2026,10:53:31,94,IFPB-Sala_Professor_14,24:FD:0D:57:19:26,-69,2,Coordenação de pós em Eng. Elétrica
17/03/2026,10:53:31,94,TP-Link_1324,7C:F1:7E:8D:13:22,-75,10,Coordenação de pós em Eng. Elétrica
17/03/2026,10:53:31,94,Lab. de Sinais Digitais,18:D6:C7:F9:37:2F,-76,11,Coordenação de pós em Eng. Elétrica
17/03/2026,10:53:31,94,IFPB-VISITANTE,E4:4E:2D:85:4C:62,-80,11,Coordenação de pós em Eng. Elétrica
17/03/2026,10:53:31,94,IFPB,E4:4E:2D:85:4C:60,-81,11,Coordenação de pós em Eng. Elétrica
17/03/2026,10:53:31,94,IFPB TCC,D8:5D:4C:86:7E:66,-82,6,Coordenação de pós em Eng. Elétrica
17/03/2026,10:53:31,94,IFPB-VISITANTE,24:36:DA:2B:BC:02,-85,6,Coordenação de pós em Eng. Elétrica
17/03/2026,10:53:31,94,UA2-MiniLab,60:32:B1:2D:66:C3,-85,10,Coordenação de pós em Eng. Elétrica
17/03/2026,10:53:31,94,Robson Premium,72:B6:FB:00:65:60,-86,1,Coordenação de pós em Eng. Elétrica
17/03/2026,10:53:31,94,IFPB,24:36:DA:2B:BC:00,-86,6,Coordenação de pós em Eng. Elétrica
17/03/2026,10:53:31,94,motorola one hyper_9136,6A:A5:88:F9:66:CE,-88,6,Coordenação de pós em Eng. Elétrica
17/03/2026,10:53:31,94,GPDS,00:26:5A:66:55:EF,-90,6,Coordenação de pós em Eng. Elétrica
17/03/2026,10:53:31,94,IFPB-VISITANTE,24:36:DA:9F:FB:82,-90,11,Coordenação de pós em Eng. Elétrica
17/03/2026,10:53:31,94,EBEF98EB-HE8D94xvZh1AO1J,44:D2:44:DD:32:41,-90,11,Coordenação de pós em Eng. Elétrica
17/03/2026,10:53:31,94,IFPB,24:36:DA:9F:FB:80,-91,11,Coordenação de pós em Eng. Elétrica
17/03/2026,10:53:31,94,IFPB-Sala_Professor_14,48:51:CF:81:B0:9E,-92,5,Coordenação de pós em Eng. Elétrica
17/03/2026,10:53:31,94,NPEF/NEPA,50:C7:BF:EF:56:8A,-94,3,Coordenação de pós em Eng. Elétrica
17/03/2026,10:53:31,94,TP-Link_C3CB,D8:0D:17:3E:C3:CB,-96,3,Coordenação de pós em Eng. Elétrica
17/03/2026,10:53:41,95,Intelbras,18:0D:2C:7F:EB:AC,-60,7,Coordenação de pós em Eng. Elétrica
17/03/2026,10:53:41,95,APTelefonia,58:10:8C:91:F3:AA,-63,1,Coordenação de pós em Eng. Elétrica
17/03/2026,10:53:41,95,TP-Link_1324,7C:F1:7E:8D:13:22,-66,10,Coordenação de pós em Eng. Elétrica
17/03/2026,10:53:41,95,Gabriel's Galaxy Tab S6 Lite,02:64:44:29:F3:37,-68,6,Coordenação de pós em Eng. Elétrica
17/03/2026,10:53:41,95,Lab. de Sinais Digitais,18:D6:C7:F9:37:2F,-73,11,Coordenação de pós em Eng. Elétrica
17/03/2026,10:53:41,95,IFPB TCC,D8:5D:4C:86:7E:66,-77,6,Coordenação de pós em Eng. Elétrica
17/03/2026,10:53:41,95,IFPB-Sala_Professor_14,24:FD:0D:57:19:26,-78,2,Coordenação de pós em Eng. Elétrica
17/03/2026,10:53:41,95,IFPB,E4:4E:2D:85:4C:60,-80,11,Coordenação de pós em Eng. Elétrica
17/03/2026,10:53:41,95,IFPB-VISITANTE,E4:4E:2D:85:4C:62,-80,11,Coordenação de pós em Eng. Elétrica
17/03/2026,10:53:41,95,Robson Premium,72:B6:FB:00:65:60,-85,1,Coordenação de pós em Eng. Elétrica
17/03/2026,10:53:41,95,motorola one hyper_9136,6A:A5:88:F9:66:CE,-88,6,Coordenação de pós em Eng. Elétrica
17/03/2026,10:53:41,95,UA2-MiniLab,60:32:B1:2D:66:C3,-89,10,Coordenação de pós em Eng. Elétrica
17/03/2026,10:53:41,95,NPEF/NEPA,50:C7:BF:EF:56:8A,-91,3,Coordenação de pós em Eng. Elétrica
17/03/2026,10:53:41,95,EBEF98EB-HE8D94xvZh1AO1J,44:D2:44:DD:32:41,-91,11,Coordenação de pós em Eng. Elétrica
17/03/2026,10:53:41,95,Lab Redes Convergentes,64:70:02:99:FE:F4,-92,11,Coordenação de pós em Eng. Elétrica
17/03/2026,10:53:41,95,GPDS,00:26:5A:66:55:EF,-93,6,Coordenação de pós em Eng. Elétrica
17/03/2026,10:53:41,95,TP-Link_C3CB,D8:0D:17:3E:C3:CB,-94,3,Coordenação de pós em Eng. Elétrica
17/03/2026,10:53:41,95,IFPB-Sala_Professor_14,48:51:CF:81:B0:9E,-94,5,Coordenação de pós em Eng. Elétrica
17/03/2026,10:53:51,96,APTelefonia,58:10:8C:91:F3:AA,-54,1,Coordenação de pós em Eng. Elétrica
17/03/2026,10:53:51,96,Intelbras,18:0D:2C:7F:EB:AC,-59,7,Coordenação de pós em Eng. Elétrica
17/03/2026,10:53:51,96,TP-Link_1324,7C:F1:7E:8D:13:22,-66,10,Coordenação de pós em Eng. Elétrica
17/03/2026,10:53:51,96,Gabriel's Galaxy Tab S6 Lite,02:64:44:29:F3:37,-68,6,Coordenação de pós em Eng. Elétrica
17/03/2026,10:53:51,96,IFPB-Sala_Professor_14,24:FD:0D:57:19:26,-71,2,Coordenação de pós em Eng. Elétrica
17/03/2026,10:53:51,96,IFPB,E4:4E:2D:85:4C:60,-76,11,Coordenação de pós em Eng. Elétrica
17/03/2026,10:53:51,96,IFPB-VISITANTE,E4:4E:2D:85:4C:62,-76,11,Coordenação de pós em Eng. Elétrica
17/03/2026,10:53:51,96,Lab. de Sinais Digitais,18:D6:C7:F9:37:2F,-82,11,Coordenação de pós em Eng. Elétrica
17/03/2026,10:53:51,96,motorola one hyper_9136,6A:A5:88:F9:66:CE,-83,6,Coordenação de pós em Eng. Elétrica
17/03/2026,10:53:51,96,IFPB TCC,D8:5D:4C:86:7E:66,-84,6,Coordenação de pós em Eng. Elétrica
17/03/2026,10:53:51,96,IFPB,24:36:DA:2B:BC:00,-85,6,Coordenação de pós em Eng. Elétrica
17/03/2026,10:53:51,96,IFPB-VISITANTE,24:36:DA:2B:BC:02,-85,6,Coordenação de pós em Eng. Elétrica
17/03/2026,10:53:51,96,IFPB-VISITANTE,24:36:DA:9F:FB:82,-88,11,Coordenação de pós em Eng. Elétrica
17/03/2026,10:53:51,96,Robson Premium,72:B6:FB:00:65:60,-89,1,Coordenação de pós em Eng. Elétrica
17/03/2026,10:53:51,96,NPEF/NEPA,50:C7:BF:EF:56:8A,-89,3,Coordenação de pós em Eng. Elétrica
17/03/2026,10:53:51,96,UA2-MiniLab,60:32:B1:2D:66:C3,-90,10,Coordenação de pós em Eng. Elétrica
17/03/2026,10:53:51,96,EBEF98EB-HE8D94xvZh1AO1J,44:D2:44:DD:32:41,-91,11,Coordenação de pós em Eng. Elétrica
17/03/2026,10:53:51,96,GPDS,00:26:5A:66:55:EF,-92,6,Coordenação de pós em Eng. Elétrica
17/03/2026,10:53:51,96,IFPB,24:36:DA:9F:FB:80,-92,11,Coordenação de pós em Eng. Elétrica
17/03/2026,10:53:51,96,IFPB-Sala_Professor_14,48:51:CF:81:B0:9E,-93,5,Coordenação de pós em Eng. Elétrica
17/03/2026,10:54:01,97,APTelefonia,58:10:8C:91:F3:AA,-59,1,Coordenação de pós em Eng. Elétrica
17/03/2026,10:54:01,97,Intelbras,18:0D:2C:7F:EB:AC,-60,7,Coordenação de pós em Eng. Elétrica
17/03/2026,10:54:01,97,TP-Link_1324,7C:F1:7E:8D:13:22,-70,10,Coordenação de pós em Eng. Elétrica
17/03/2026,10:54:01,97,IFPB,E4:4E:2D:85:4C:60,-74,11,Coordenação de pós em Eng. Elétrica
17/03/2026,10:54:01,97,IFPB-VISITANTE,E4:4E:2D:85:4C:62,-74,11,Coordenação de pós em Eng. Elétrica
17/03/2026,10:54:01,97,Lab. de Sinais Digitais,18:D6:C7:F9:37:2F,-79,11,Coordenação de pós em Eng. Elétrica
17/03/2026,10:54:01,97,IFPB-Sala_Professor_14,24:FD:0D:57:19:26,-81,2,Coordenação de pós em Eng. Elétrica
17/03/2026,10:54:01,97,IFPB TCC,D8:5D:4C:86:7E:66,-83,6,Coordenação de pós em Eng. Elétrica
17/03/2026,10:54:01,97,IFPB,24:36:DA:2B:BC:00,-87,6,Coordenação de pós em Eng. Elétrica
17/03/2026,10:54:01,97,IFPB-VISITANTE,24:36:DA:2B:BC:02,-87,6,Coordenação de pós em Eng. Elétrica
17/03/2026,10:54:01,97,motorola one hyper_9136,6A:A5:88:F9:66:CE,-87,6,Coordenação de pós em Eng. Elétrica
17/03/2026,10:54:01,97,NPEF/NEPA,50:C7:BF:EF:56:8A,-89,3,Coordenação de pós em Eng. Elétrica
17/03/2026,10:54:01,97,UA2-MiniLab,60:32:B1:2D:66:C3,-89,10,Coordenação de pós em Eng. Elétrica
17/03/2026,10:54:01,97,Lab Redes Convergentes,64:70:02:99:FE:F4,-91,11,Coordenação de pós em Eng. Elétrica
17/03/2026,10:54:01,97,Robson Premium,72:B6:FB:00:65:60,-93,1,Coordenação de pós em Eng. Elétrica
17/03/2026,10:54:01,97,IFPB-Sala_Professor_14,48:51:CF:81:B0:9E,-93,5,Coordenação de pós em Eng. Elétrica
17/03/2026,10:54:01,97,EBEF98EB-HE8D94xvZh1AO1J,44:D2:44:DD:32:41,-94,11,Coordenação de pós em Eng. Elétrica
17/03/2026,10:54:11,98,APTelefonia,58:10:8C:91:F3:AA,-59,1,Coordenação de pós em Eng. Elétrica
17/03/2026,10:54:11,98,Intelbras,18:0D:2C:7F:EB:AC,-66,7,Coordenação de pós em Eng. Elétrica
17/03/2026,10:54:11,98,Gabriel's Galaxy Tab S6 Lite,02:64:44:29:F3:37,-71,6,Coordenação de pós em Eng. Elétrica
17/03/2026,10:54:11,98,TP-Link_1324,7C:F1:7E:8D:13:22,-73,10,Coordenação de pós em Eng. Elétrica
17/03/2026,10:54:11,98,Lab. de Sinais Digitais,18:D6:C7:F9:37:2F,-74,11,Coordenação de pós em Eng. Elétrica
17/03/2026,10:54:11,98,IFPB-Sala_Professor_14,24:FD:0D:57:19:26,-75,2,Coordenação de pós em Eng. Elétrica
17/03/2026,10:54:11,98,IFPB,E4:4E:2D:85:4C:60,-79,11,Coordenação de pós em Eng. Elétrica
17/03/2026,10:54:11,98,IFPB-VISITANTE,E4:4E:2D:85:4C:62,-79,11,Coordenação de pós em Eng. Elétrica
17/03/2026,10:54:11,98,IFPB,24:36:DA:2B:BC:00,-86,6,Coordenação de pós em Eng. Elétrica
17/03/2026,10:54:11,98,IFPB-VISITANTE,24:36:DA:2B:BC:02,-86,6,Coordenação de pós em Eng. Elétrica
17/03/2026,10:54:11,98,IFPB TCC,D8:5D:4C:86:7E:66,-87,6,Coordenação de pós em Eng. Elétrica
17/03/2026,10:54:11,98,Robson Premium,72:B6:FB:00:65:60,-89,1,Coordenação de pós em Eng. Elétrica
17/03/2026,10:54:11,98,motorola one hyper_9136,6A:A5:88:F9:66:CE,-89,6,Coordenação de pós em Eng. Elétrica
17/03/2026,10:54:11,98,NPEF/NEPA,50:C7:BF:EF:56:8A,-90,3,Coordenação de pós em Eng. Elétrica
17/03/2026,10:54:11,98,GPDS,00:26:5A:66:55:EF,-90,6,Coordenação de pós em Eng. Elétrica
17/03/2026,10:54:12,98,UA2-MiniLab,60:32:B1:2D:66:C3,-91,10,Coordenação de pós em Eng. Elétrica
17/03/2026,10:54:12,98,IFPB-Sala_Professor_14,48:51:CF:81:B0:9E,-92,5,Coordenação de pós em Eng. Elétrica
17/03/2026,10:54:12,98,Lab Redes Convergentes,64:70:02:99:FE:F4,-93,11,Coordenação de pós em Eng. Elétrica
17/03/2026,10:54:12,98,EBEF98EB-HE8D94xvZh1AO1J,44:D2:44:DD:32:41,-95,11,Coordenação de pós em Eng. Elétrica
17/03/2026,10:54:21,99,APTelefonia,58:10:8C:91:F3:AA,-56,1,Coordenação de pós em Eng. Elétrica
17/03/2026,10:54:21,99,Intelbras,18:0D:2C:7F:EB:AC,-64,7,Coordenação de pós em Eng. Elétrica
17/03/2026,10:54:21,99,TP-Link_1324,7C:F1:7E:8D:13:22,-65,10,Coordenação de pós em Eng. Elétrica
17/03/2026,10:54:21,99,IFPB-Sala_Professor_14,24:FD:0D:57:19:26,-73,2,Coordenação de pós em Eng. Elétrica
17/03/2026,10:54:21,99,Gabriel's Galaxy Tab S6 Lite,02:64:44:29:F3:37,-77,6,Coordenação de pós em Eng. Elétrica
17/03/2026,10:54:21,99,Lab. de Sinais Digitais,18:D6:C7:F9:37:2F,-78,11,Coordenação de pós em Eng. Elétrica
17/03/2026,10:54:21,99,motorola one hyper_9136,6A:A5:88:F9:66:CE,-85,6,Coordenação de pós em Eng. Elétrica
17/03/2026,10:54:21,99,IFPB-VISITANTE,E4:4E:2D:85:4C:62,-85,11,Coordenação de pós em Eng. Elétrica
17/03/2026,10:54:21,99,IFPB TCC,D8:5D:4C:86:7E:66,-86,6,Coordenação de pós em Eng. Elétrica
17/03/2026,10:54:21,99,IFPB,E4:4E:2D:85:4C:60,-86,11,Coordenação de pós em Eng. Elétrica
17/03/2026,10:54:21,99,GPDS,00:26:5A:66:55:EF,-87,6,Coordenação de pós em Eng. Elétrica
17/03/2026,10:54:21,99,IFPB-VISITANTE,24:36:DA:2B:BC:02,-89,6,Coordenação de pós em Eng. Elétrica
17/03/2026,10:54:21,99,IFPB,24:36:DA:2B:BC:00,-89,6,Coordenação de pós em Eng. Elétrica
17/03/2026,10:54:21,99,EBEF98EB-HE8D94xvZh1AO1J,44:D2:44:DD:32:41,-90,11,Coordenação de pós em Eng. Elétrica
17/03/2026,10:54:21,99,Robson Premium,72:B6:FB:00:65:60,-91,1,Coordenação de pós em Eng. Elétrica
17/03/2026,10:54:22,99,UA2-MiniLab,60:32:B1:2D:66:C3,-91,10,Coordenação de pós em Eng. Elétrica
17/03/2026,10:54:22,99,IFPB-Sala_Professor_14,48:51:CF:81:B0:9E,-92,5,Coordenação de pós em Eng. Elétrica
17/03/2026,10:54:31,100,APTelefonia,58:10:8C:91:F3:AA,-55,1,Coordenação de pós em Eng. Elétrica
17/03/2026,10:54:31,100,Intelbras,18:0D:2C:7F:EB:AC,-64,7,Coordenação de pós em Eng. Elétrica
17/03/2026,10:54:31,100,TP-Link_1324,7C:F1:7E:8D:13:22,-66,10,Coordenação de pós em Eng. Elétrica
17/03/2026,10:54:31,100,Gabriel's Galaxy Tab S6 Lite,02:64:44:29:F3:37,-73,6,Coordenação de pós em Eng. Elétrica
17/03/2026,10:54:31,100,IFPB TCC,D8:5D:4C:86:7E:66,-75,6,Coordenação de pós em Eng. Elétrica
17/03/2026,10:54:31,100,IFPB-Sala_Professor_14,24:FD:0D:57:19:26,-76,2,Coordenação de pós em Eng. Elétrica
17/03/2026,10:54:31,100,IFPB,E4:4E:2D:85:4C:60,-77,11,Coordenação de pós em Eng. Elétrica
17/03/2026,10:54:31,100,IFPB-VISITANTE,E4:4E:2D:85:4C:62,-77,11,Coordenação de pós em Eng. Elétrica
17/03/2026,10:54:31,100,Lab. de Sinais Digitais,18:D6:C7:F9:37:2F,-79,11,Coordenação de pós em Eng. Elétrica
17/03/2026,10:54:31,100,IFPB-VISITANTE,24:36:DA:2B:BC:02,-84,6,Coordenação de pós em Eng. Elétrica
17/03/2026,10:54:31,100,IFPB,24:36:DA:2B:BC:00,-85,6,Coordenação de pós em Eng. Elétrica
17/03/2026,10:54:31,100,UA2-MiniLab,60:32:B1:2D:66:C3,-86,10,Coordenação de pós em Eng. Elétrica
17/03/2026,10:54:31,100,A55 de Arquimedes,02:11:D2:64:5E:D9,-87,1,Coordenação de pós em Eng. Elétrica
17/03/2026,10:54:31,100,NPEF/NEPA,50:C7:BF:EF:56:8A,-89,3,Coordenação de pós em Eng. Elétrica
17/03/2026,10:54:31,100,IFPB-Sala_Professor_14,48:51:CF:81:B0:9E,-90,5,Coordenação de pós em Eng. Elétrica
17/03/2026,10:54:32,100,motorola one hyper_9136,6A:A5:88:F9:66:CE,-91,6,Coordenação de pós em Eng. Elétrica
17/03/2026,10:54:32,100,Robson Premium,72:B6:FB:00:65:60,-92,1,Coordenação de pós em Eng. Elétrica
17/03/2026,10:54:32,100,GPDS,00:26:5A:66:55:EF,-92,6,Coordenação de pós em Eng. Elétrica
17/03/2026,10:54:32,100,Lab Redes Convergentes,64:70:02:99:FE:F4,-92,11,Coordenação de pós em Eng. Elétrica
17/03/2026,10:54:32,100,EBEF98EB-HE8D94xvZh1AO1J,44:D2:44:DD:32:41,-92,11,Coordenação de pós em Eng. Elétrica
17/03/2026,10:55:16,101,APTelefonia,58:10:8C:91:F3:AA,-38,1,Lab. de redes convergentes
17/03/2026,10:55:16,101,Gabriel's Galaxy Tab S6 Lite,02:64:44:29:F3:37,-52,6,Lab. de redes convergentes
17/03/2026,10:55:16,101,Intelbras,18:0D:2C:7F:EB:AC,-57,7,Lab. de redes convergentes
17/03/2026,10:55:16,101,IFPB,E4:4E:2D:85:4C:60,-59,11,Lab. de redes convergentes
17/03/2026,10:55:16,101,IFPB-VISITANTE,E4:4E:2D:85:4C:62,-59,11,Lab. de redes convergentes
17/03/2026,10:55:17,101,TP-Link_1324,7C:F1:7E:8D:13:22,-61,10,Lab. de redes convergentes
17/03/2026,10:55:17,101,Lab. de Sinais Digitais,18:D6:C7:F9:37:2F,-69,11,Lab. de redes convergentes
17/03/2026,10:55:17,101,GPDS,00:26:5A:66:55:EF,-74,6,Lab. de redes convergentes
17/03/2026,10:55:17,101,IFPB-Sala_Professor_14,24:FD:0D:57:19:26,-75,2,Lab. de redes convergentes
17/03/2026,10:55:17,101,IFPB TCC,D8:5D:4C:86:7E:66,-75,6,Lab. de redes convergentes
17/03/2026,10:55:17,101,IFPB,84:F1:47:54:96:E0,-80,1,Lab. de redes convergentes
17/03/2026,10:55:17,101,IFPB-VISITANTE,84:F1:47:54:96:E2,-80,1,Lab. de redes convergentes
17/03/2026,10:55:17,101,NPEF/NEPA,50:C7:BF:EF:56:8A,-84,3,Lab. de redes convergentes
17/03/2026,10:55:17,101,IFPB-Sala_Professor_14,48:51:CF:81:B0:9E,-84,5,Lab. de redes convergentes
17/03/2026,10:55:17,101,IFPB,24:36:DA:2B:BC:00,-85,6,Lab. de redes convergentes
17/03/2026,10:55:17,101,IFPB-VISITANTE,24:36:DA:2B:BC:02,-85,6,Lab. de redes convergentes
17/03/2026,10:55:17,101,IFPB-VISITANTE,84:F1:47:54:6B:82,-87,1,Lab. de redes convergentes
17/03/2026,10:55:17,101,IFPB,84:F1:47:54:6B:80,-88,1,Lab. de redes convergentes
17/03/2026,10:55:17,101,UA2-MiniLab,60:32:B1:2D:66:C3,-89,10,Lab. de redes convergentes
17/03/2026,10:55:17,101,Robson Premium,72:B6:FB:00:65:60,-90,1,Lab. de redes convergentes
17/03/2026,10:55:17,101,TP-Link_C3CB,D8:0D:17:3E:C3:CB,-93,3,Lab. de redes convergentes
17/03/2026,10:55:17,101,motorola one hyper_9136,6A:A5:88:F9:66:CE,-93,6,Lab. de redes convergentes
17/03/2026,10:55:17,101,NUNYA_Room_2.4GHz,CC:32:E5:0C:FC:2B,-95,10,Lab. de redes convergentes
17/03/2026,10:55:17,101,EBEF98EB-HE8D94xvZh1AO1J,44:D2:44:DD:32:41,-96,11,Lab. de redes convergentes
17/03/2026,10:55:27,102,APTelefonia,58:10:8C:91:F3:AA,-37,1,Lab. de redes convergentes
17/03/2026,10:55:27,102,Intelbras,18:0D:2C:7F:EB:AC,-50,7,Lab. de redes convergentes
17/03/2026,10:55:27,102,IFPB,E4:4E:2D:85:4C:60,-61,11,Lab. de redes convergentes
17/03/2026,10:55:27,102,IFPB-VISITANTE,E4:4E:2D:85:4C:62,-61,11,Lab. de redes convergentes
17/03/2026,10:55:27,102,Gabriel's Galaxy Tab S6 Lite,02:64:44:29:F3:37,-65,6,Lab. de redes convergentes
17/03/2026,10:55:27,102,TP-Link_1324,7C:F1:7E:8D:13:22,-66,10,Lab. de redes convergentes
17/03/2026,10:55:27,102,IFPB-Sala_Professor_14,24:FD:0D:57:19:26,-75,2,Lab. de redes convergentes
17/03/2026,10:55:27,102,IFPB TCC,D8:5D:4C:86:7E:66,-79,6,Lab. de redes convergentes
17/03/2026,10:55:27,102,Lab. de Sinais Digitais,18:D6:C7:F9:37:2F,-79,11,Lab. de redes convergentes
17/03/2026,10:55:27,102,IFPB,84:F1:47:54:96:E0,-81,1,Lab. de redes convergentes
17/03/2026,10:55:27,102,IFPB-VISITANTE,84:F1:47:54:96:E2,-81,1,Lab. de redes convergentes
17/03/2026,10:55:27,102,IFPB-VISITANTE,24:36:DA:2B:BC:02,-84,6,Lab. de redes convergentes
17/03/2026,10:55:27,102,NPEF/NEPA,50:C7:BF:EF:56:8A,-85,3,Lab. de redes convergentes
17/03/2026,10:55:27,102,GPDS,00:26:5A:66:55:EF,-85,6,Lab. de redes convergentes
17/03/2026,10:55:27,102,IFPB,24:36:DA:2B:BC:00,-85,6,Lab. de redes convergentes
17/03/2026,10:55:27,102,IFPB-Sala_Professor_14,48:51:CF:81:B0:9E,-87,5,Lab. de redes convergentes
17/03/2026,10:55:27,102,IFPB,84:F1:47:54:6B:80,-88,1,Lab. de redes convergentes
17/03/2026,10:55:27,102,UA2-MiniLab,60:32:B1:2D:66:C3,-88,10,Lab. de redes convergentes
17/03/2026,10:55:27,102,IFPB-VISITANTE,84:F1:47:54:6B:82,-89,1,Lab. de redes convergentes
17/03/2026,10:55:27,102,Robson Premium,72:B6:FB:00:65:60,-90,1,Lab. de redes convergentes
17/03/2026,10:55:27,102,TP-Link_C3CB,D8:0D:17:3E:C3:CB,-93,3,Lab. de redes convergentes
17/03/2026,10:55:27,102,IFPB-Sala_13,E8:94:F6:B9:2F:46,-93,4,Lab. de redes convergentes
17/03/2026,10:55:27,102,motorola one hyper_9136,6A:A5:88:F9:66:CE,-93,6,Lab. de redes convergentes
17/03/2026,10:55:27,102,EBEF98EB-HE8D94xvZh1AO1J,44:D2:44:DD:32:41,-96,11,Lab. de redes convergentes
17/03/2026,10:55:27,102,NUNYA_Room_2.4GHz,CC:32:E5:0C:FC:2B,-98,10,Lab. de redes convergentes
17/03/2026,10:55:37,103,APTelefonia,58:10:8C:91:F3:AA,-36,1,Lab. de redes convergentes
17/03/2026,10:55:37,103,Intelbras,18:0D:2C:7F:EB:AC,-56,7,Lab. de redes convergentes
17/03/2026,10:55:37,103,IFPB,E4:4E:2D:85:4C:60,-61,11,Lab. de redes convergentes
17/03/2026,10:55:37,103,IFPB-VISITANTE,E4:4E:2D:85:4C:62,-61,11,Lab. de redes convergentes
17/03/2026,10:55:37,103,TP-Link_1324,7C:F1:7E:8D:13:22,-62,10,Lab. de redes convergentes
17/03/2026,10:55:37,103,Gabriel's Galaxy Tab S6 Lite,02:64:44:29:F3:37,-73,6,Lab. de redes convergentes
17/03/2026,10:55:37,103,GPDS,00:26:5A:66:55:EF,-76,6,Lab. de redes convergentes
17/03/2026,10:55:37,103,IFPB-Sala_Professor_14,24:FD:0D:57:19:26,-77,2,Lab. de redes convergentes
17/03/2026,10:55:37,103,IFPB TCC,D8:5D:4C:86:7E:66,-77,6,Lab. de redes convergentes
17/03/2026,10:55:37,103,Lab. de Sinais Digitais,18:D6:C7:F9:37:2F,-79,11,Lab. de redes convergentes
17/03/2026,10:55:37,103,IFPB,24:36:DA:2B:BC:00,-82,6,Lab. de redes convergentes
17/03/2026,10:55:37,103,IFPB-VISITANTE,24:36:DA:2B:BC:02,-83,6,Lab. de redes convergentes
17/03/2026,10:55:37,103,IFPB,84:F1:47:54:96:E0,-85,1,Lab. de redes convergentes
17/03/2026,10:55:37,103,IFPB-VISITANTE,84:F1:47:54:96:E2,-85,1,Lab. de redes convergentes
17/03/2026,10:55:37,103,IFPB-Sala_Professor_14,48:51:CF:81:B0:9E,-85,5,Lab. de redes convergentes
17/03/2026,10:55:37,103,UA2-MiniLab,60:32:B1:2D:66:C3,-85,10,Lab. de redes convergentes
17/03/2026,10:55:37,103,IFPB-VISITANTE,84:F1:47:54:6B:82,-87,1,Lab. de redes convergentes
17/03/2026,10:55:37,103,IFPB,84:F1:47:54:6B:80,-89,1,Lab. de redes convergentes
17/03/2026,10:55:37,103,NPEF/NEPA,50:C7:BF:EF:56:8A,-89,3,Lab. de redes convergentes
17/03/2026,10:55:37,103,EBEF98EB-HE8D94xvZh1AO1J,44:D2:44:DD:32:41,-90,11,Lab. de redes convergentes
17/03/2026,10:55:37,103,Robson Premium,72:B6:FB:00:65:60,-92,1,Lab. de redes convergentes
17/03/2026,10:55:37,103,NUNYA_Room_2.4GHz,CC:32:E5:0C:FC:2B,-94,10,Lab. de redes convergentes
17/03/2026,10:55:47,104,APTelefonia,58:10:8C:91:F3:AA,-42,1,Lab. de redes convergentes
17/03/2026,10:55:47,104,Intelbras,18:0D:2C:7F:EB:AC,-59,7,Lab. de redes convergentes
17/03/2026,10:55:47,104,TP-Link_1324,7C:F1:7E:8D:13:22,-63,10,Lab. de redes convergentes
17/03/2026,10:55:47,104,IFPB-VISITANTE,E4:4E:2D:85:4C:62,-63,11,Lab. de redes convergentes
17/03/2026,10:55:47,104,IFPB,E4:4E:2D:85:4C:60,-64,11,Lab. de redes convergentes
17/03/2026,10:55:47,104,IFPB-Sala_Professor_14,24:FD:0D:57:19:26,-70,2,Lab. de redes convergentes
17/03/2026,10:55:47,104,Gabriel's Galaxy Tab S6 Lite,02:64:44:29:F3:37,-70,6,Lab. de redes convergentes
17/03/2026,10:55:47,104,Lab. de Sinais Digitais,18:D6:C7:F9:37:2F,-71,11,Lab. de redes convergentes
17/03/2026,10:55:47,104,IFPB TCC,D8:5D:4C:86:7E:66,-73,6,Lab. de redes convergentes
17/03/2026,10:55:47,104,IFPB-Sala_Professor_14,48:51:CF:81:B0:9E,-80,5,Lab. de redes convergentes
17/03/2026,10:55:47,104,GPDS,00:26:5A:66:55:EF,-82,6,Lab. de redes convergentes
17/03/2026,10:55:47,104,IFPB,24:36:DA:2B:BC:00,-83,6,Lab. de redes convergentes
17/03/2026,10:55:47,104,IFPB-VISITANTE,24:36:DA:2B:BC:02,-83,6,Lab. de redes convergentes
17/03/2026,10:55:47,104,IFPB,84:F1:47:54:96:E0,-84,1,Lab. de redes convergentes
17/03/2026,10:55:47,104,IFPB-VISITANTE,84:F1:47:54:96:E2,-85,1,Lab. de redes convergentes
17/03/2026,10:55:47,104,NPEF/NEPA,50:C7:BF:EF:56:8A,-87,3,Lab. de redes convergentes
17/03/2026,10:55:47,104,IFPB-VISITANTE,84:F1:47:54:EB:22,-87,6,Lab. de redes convergentes
17/03/2026,10:55:47,104,IFPB,84:F1:47:54:EB:20,-88,6,Lab. de redes convergentes
17/03/2026,10:55:47,104,EBEF98EB-HE8D94xvZh1AO1J,44:D2:44:DD:32:41,-89,11,Lab. de redes convergentes
17/03/2026,10:55:47,104,Robson Premium,72:B6:FB:00:65:60,-91,1,Lab. de redes convergentes
17/03/2026,10:55:47,104,UA2-MiniLab,60:32:B1:2D:66:C3,-92,10,Lab. de redes convergentes
17/03/2026,10:55:47,104,NUNYA_Room_2.4GHz,CC:32:E5:0C:FC:2B,-93,10,Lab. de redes convergentes
17/03/2026,10:55:57,105,APTelefonia,58:10:8C:91:F3:AA,-38,1,Lab. de redes convergentes
17/03/2026,10:55:57,105,Intelbras,18:0D:2C:7F:EB:AC,-52,7,Lab. de redes convergentes
17/03/2026,10:55:57,105,IFPB,E4:4E:2D:85:4C:60,-56,11,Lab. de redes convergentes
17/03/2026,10:55:57,105,IFPB-VISITANTE,E4:4E:2D:85:4C:62,-57,11,Lab. de redes convergentes
17/03/2026,10:55:57,105,Gabriel's Galaxy Tab S6 Lite,02:64:44:29:F3:37,-58,6,Lab. de redes convergentes
17/03/2026,10:55:57,105,TP-Link_1324,7C:F1:7E:8D:13:22,-61,10,Lab. de redes convergentes
17/03/2026,10:55:57,105,IFPB-Sala_Professor_14,24:FD:0D:57:19:26,-71,2,Lab. de redes convergentes
17/03/2026,10:55:57,105,Lab. de Sinais Digitais,18:D6:C7:F9:37:2F,-72,11,Lab. de redes convergentes
17/03/2026,10:55:57,105,IFPB TCC,D8:5D:4C:86:7E:66,-74,6,Lab. de redes convergentes
17/03/2026,10:55:57,105,GPDS,00:26:5A:66:55:EF,-78,6,Lab. de redes convergentes
17/03/2026,10:55:57,105,IFPB,84:F1:47:54:96:E0,-85,1,Lab. de redes convergentes
17/03/2026,10:55:57,105,IFPB-VISITANTE,84:F1:47:54:96:E2,-85,1,Lab. de redes convergentes
17/03/2026,10:55:57,105,IFPB-VISITANTE,24:36:DA:2B:BC:02,-85,6,Lab. de redes convergentes
17/03/2026,10:55:57,105,IFPB,24:36:DA:2B:BC:00,-85,6,Lab. de redes convergentes
17/03/2026,10:55:57,105,IFPB,84:F1:47:54:6B:80,-86,1,Lab. de redes convergentes
17/03/2026,10:55:57,105,IFPB-VISITANTE,84:F1:47:54:6B:82,-87,1,Lab. de redes convergentes
17/03/2026,10:55:57,105,NPEF/NEPA,50:C7:BF:EF:56:8A,-89,3,Lab. de redes convergentes
17/03/2026,10:55:57,105,Robson Premium,72:B6:FB:00:65:60,-90,1,Lab. de redes convergentes
17/03/2026,10:55:57,105,NUNYA_Room_2.4GHz,CC:32:E5:0C:FC:2B,-92,10,Lab. de redes convergentes
17/03/2026,10:55:57,105,TP-Link_C3CB,D8:0D:17:3E:C3:CB,-93,3,Lab. de redes convergentes
17/03/2026,10:55:57,105,EBEF98EB-HE8D94xvZh1AO1J,44:D2:44:DD:32:41,-95,11,Lab. de redes convergentes
17/03/2026,10:56:07,106,APTelefonia,58:10:8C:91:F3:AA,-39,1,Lab. de redes convergentes
17/03/2026,10:56:07,106,Gabriel's Galaxy Tab S6 Lite,02:64:44:29:F3:37,-56,6,Lab. de redes convergentes
17/03/2026,10:56:07,106,IFPB-VISITANTE,E4:4E:2D:85:4C:62,-56,11,Lab. de redes convergentes
17/03/2026,10:56:07,106,Intelbras,18:0D:2C:7F:EB:AC,-58,7,Lab. de redes convergentes
17/03/2026,10:56:07,106,IFPB,E4:4E:2D:85:4C:60,-58,11,Lab. de redes convergentes
17/03/2026,10:56:07,106,TP-Link_1324,7C:F1:7E:8D:13:22,-61,10,Lab. de redes convergentes
17/03/2026,10:56:07,106,IFPB-Sala_Professor_14,24:FD:0D:57:19:26,-74,2,Lab. de redes convergentes
17/03/2026,10:56:07,106,IFPB TCC,D8:5D:4C:86:7E:66,-76,6,Lab. de redes convergentes
17/03/2026,10:56:07,106,Lab. de Sinais Digitais,18:D6:C7:F9:37:2F,-76,11,Lab. de redes convergentes
17/03/2026,10:56:07,106,GPDS,00:26:5A:66:55:EF,-77,6,Lab. de redes convergentes
17/03/2026,10:56:07,106,IFPB,84:F1:47:54:96:E0,-79,1,Lab. de redes convergentes
17/03/2026,10:56:07,106,IFPB-VISITANTE,84:F1:47:54:96:E2,-79,1,Lab. de redes convergentes
17/03/2026,10:56:07,106,IFPB,24:36:DA:2B:BC:00,-85,6,Lab. de redes convergentes
17/03/2026,10:56:07,106,IFPB-VISITANTE,84:F1:47:54:6B:82,-87,1,Lab. de redes convergentes
17/03/2026,10:56:07,106,IFPB-VISITANTE,24:36:DA:2B:BC:02,-87,6,Lab. de redes convergentes
17/03/2026,10:56:07,106,IFPB,84:F1:47:54:6B:80,-88,1,Lab. de redes convergentes
17/03/2026,10:56:07,106,NPEF/NEPA,50:C7:BF:EF:56:8A,-88,3,Lab. de redes convergentes
17/03/2026,10:56:07,106,TP-Link_C3CB,D8:0D:17:3E:C3:CB,-92,3,Lab. de redes convergentes
17/03/2026,10:56:07,106,UA2-MiniLab,60:32:B1:2D:66:C3,-92,10,Lab. de redes convergentes
17/03/2026,10:56:07,106,NUNYA_Room_2.4GHz,CC:32:E5:0C:FC:2B,-94,10,Lab. de redes convergentes
17/03/2026,10:56:07,106,IFPB-Sala_13,E8:94:F6:B9:2F:46,-95,4,Lab. de redes convergentes
17/03/2026,10:56:17,107,APTelefonia,58:10:8C:91:F3:AA,-38,1,Lab. de redes convergentes
17/03/2026,10:56:17,107,Gabriel's Galaxy Tab S6 Lite,02:64:44:29:F3:37,-54,6,Lab. de redes convergentes
17/03/2026,10:56:17,107,Intelbras,18:0D:2C:7F:EB:AC,-58,7,Lab. de redes convergentes
17/03/2026,10:56:17,107,IFPB,E4:4E:2D:85:4C:60,-59,11,Lab. de redes convergentes
17/03/2026,10:56:17,107,IFPB-VISITANTE,E4:4E:2D:85:4C:62,-59,11,Lab. de redes convergentes
17/03/2026,10:56:17,107,TP-Link_1324,7C:F1:7E:8D:13:22,-68,10,Lab. de redes convergentes
17/03/2026,10:56:17,107,IFPB-Sala_Professor_14,24:FD:0D:57:19:26,-72,2,Lab. de redes convergentes
17/03/2026,10:56:17,107,IFPB TCC,D8:5D:4C:86:7E:66,-74,6,Lab. de redes convergentes
17/03/2026,10:56:17,107,Lab. de Sinais Digitais,18:D6:C7:F9:37:2F,-80,11,Lab. de redes convergentes
17/03/2026,10:56:17,107,IFPB-Sala_Professor_14,48:51:CF:81:B0:9E,-83,5,Lab. de redes convergentes
17/03/2026,10:56:17,107,IFPB-VISITANTE,84:F1:47:54:6B:82,-84,1,Lab. de redes convergentes
17/03/2026,10:56:17,107,IFPB,84:F1:47:54:96:E0,-84,1,Lab. de redes convergentes
17/03/2026,10:56:17,107,IFPB-VISITANTE,84:F1:47:54:96:E2,-84,1,Lab. de redes convergentes
17/03/2026,10:56:17,107,NPEF/NEPA,50:C7:BF:EF:56:8A,-84,3,Lab. de redes convergentes
17/03/2026,10:56:17,107,GPDS,00:26:5A:66:55:EF,-85,6,Lab. de redes convergentes
17/03/2026,10:56:17,107,IFPB,84:F1:47:54:EB:20,-86,6,Lab. de redes convergentes
17/03/2026,10:56:17,107,IFPB,84:F1:47:54:6B:80,-87,1,Lab. de redes convergentes
17/03/2026,10:56:17,107,IFPB-VISITANTE,24:36:DA:2B:BC:02,-87,6,Lab. de redes convergentes
17/03/2026,10:56:17,107,TP-Link_C3CB,D8:0D:17:3E:C3:CB,-88,3,Lab. de redes convergentes
17/03/2026,10:56:17,107,IFPB,24:36:DA:2B:BC:00,-88,6,Lab. de redes convergentes
17/03/2026,10:56:17,107,IFPB-VISITANTE,84:F1:47:54:EB:22,-88,6,Lab. de redes convergentes
17/03/2026,10:56:17,107,UA2-MiniLab,60:32:B1:2D:66:C3,-89,10,Lab. de redes convergentes
17/03/2026,10:56:18,107,NUNYA_Room_2.4GHz,CC:32:E5:0C:FC:2B,-91,10,Lab. de redes convergentes
17/03/2026,10:56:18,107,EBEF98EB-HE8D94xvZh1AO1J,44:D2:44:DD:32:41,-92,11,Lab. de redes convergentes
17/03/2026,10:56:27,108,APTelefonia,58:10:8C:91:F3:AA,-40,1,Lab. de redes convergentes
17/03/2026,10:56:27,108,Intelbras,18:0D:2C:7F:EB:AC,-56,7,Lab. de redes convergentes
17/03/2026,10:56:27,108,TP-Link_1324,7C:F1:7E:8D:13:22,-62,10,Lab. de redes convergentes
17/03/2026,10:56:27,108,IFPB,E4:4E:2D:85:4C:60,-64,11,Lab. de redes convergentes
17/03/2026,10:56:27,108,IFPB-VISITANTE,E4:4E:2D:85:4C:62,-64,11,Lab. de redes convergentes
17/03/2026,10:56:27,108,Gabriel's Galaxy Tab S6 Lite,02:64:44:29:F3:37,-66,6,Lab. de redes convergentes
17/03/2026,10:56:27,108,Lab. de Sinais Digitais,18:D6:C7:F9:37:2F,-68,11,Lab. de redes convergentes
17/03/2026,10:56:27,108,IFPB-Sala_Professor_14,24:FD:0D:57:19:26,-74,2,Lab. de redes convergentes
17/03/2026,10:56:27,108,IFPB TCC,D8:5D:4C:86:7E:66,-79,6,Lab. de redes convergentes
17/03/2026,10:56:27,108,IFPB-Sala_Professor_14,48:51:CF:81:B0:9E,-81,5,Lab. de redes convergentes
17/03/2026,10:56:27,108,GPDS,00:26:5A:66:55:EF,-81,6,Lab. de redes convergentes
17/03/2026,10:56:27,108,IFPB-VISITANTE,24:36:DA:2B:BC:02,-82,6,Lab. de redes convergentes
17/03/2026,10:56:27,108,IFPB-VISITANTE,84:F1:47:54:96:E2,-83,1,Lab. de redes convergentes
17/03/2026,10:56:27,108,IFPB,24:36:DA:2B:BC:00,-83,6,Lab. de redes convergentes
17/03/2026,10:56:27,108,IFPB,84:F1:47:54:96:E0,-84,1,Lab. de redes convergentes
17/03/2026,10:56:27,108,IFPB-VISITANTE,84:F1:47:54:6B:82,-85,1,Lab. de redes convergentes
17/03/2026,10:56:27,108,IFPB,84:F1:47:54:6B:80,-86,1,Lab. de redes convergentes
17/03/2026,10:56:28,108,IFPB,84:F1:47:54:EB:20,-86,6,Lab. de redes convergentes
17/03/2026,10:56:28,108,UA2-MiniLab,60:32:B1:2D:66:C3,-86,10,Lab. de redes convergentes
17/03/2026,10:56:28,108,IFPB-VISITANTE,84:F1:47:54:EB:22,-87,6,Lab. de redes convergentes
17/03/2026,10:56:28,108,IFPB-Sala_13,E8:94:F6:B9:2F:46,-91,4,Lab. de redes convergentes
17/03/2026,10:56:28,108,NPEF/NEPA,50:C7:BF:EF:56:8A,-92,3,Lab. de redes convergentes
17/03/2026,10:56:28,108,EBEF98EB-HE8D94xvZh1AO1J,44:D2:44:DD:32:41,-93,11,Lab. de redes convergentes
17/03/2026,10:56:28,108,NUNYA_Room_2.4GHz,CC:32:E5:0C:FC:2B,-95,10,Lab. de redes convergentes
17/03/2026,10:56:28,108,TP-Link_C3CB,D8:0D:17:3E:C3:CB,-97,3,Lab. de redes convergentes
17/03/2026,10:56:37,109,APTelefonia,58:10:8C:91:F3:AA,-38,1,Lab. de redes convergentes
17/03/2026,10:56:37,109,Intelbras,18:0D:2C:7F:EB:AC,-53,7,Lab. de redes convergentes
17/03/2026,10:56:37,109,IFPB,E4:4E:2D:85:4C:60,-57,11,Lab. de redes convergentes
17/03/2026,10:56:37,109,IFPB-VISITANTE,E4:4E:2D:85:4C:62,-57,11,Lab. de redes convergentes
17/03/2026,10:56:37,109,Gabriel's Galaxy Tab S6 Lite,02:64:44:29:F3:37,-59,6,Lab. de redes convergentes
17/03/2026,10:56:38,109,TP-Link_1324,7C:F1:7E:8D:13:22,-60,10,Lab. de redes convergentes
17/03/2026,10:56:38,109,Lab. de Sinais Digitais,18:D6:C7:F9:37:2F,-71,11,Lab. de redes convergentes
17/03/2026,10:56:38,109,IFPB TCC,D8:5D:4C:86:7E:66,-76,6,Lab. de redes convergentes
17/03/2026,10:56:38,109,GPDS,00:26:5A:66:55:EF,-77,6,Lab. de redes convergentes
17/03/2026,10:56:38,109,IFPB-Sala_Professor_14,24:FD:0D:57:19:26,-82,2,Lab. de redes convergentes
17/03/2026,10:56:38,109,IFPB,84:F1:47:54:6B:80,-85,1,Lab. de redes convergentes
17/03/2026,10:56:38,109,UA2-MiniLab,60:32:B1:2D:66:C3,-85,10,Lab. de redes convergentes
17/03/2026,10:56:38,109,IFPB-VISITANTE,84:F1:47:54:6B:82,-86,1,Lab. de redes convergentes
17/03/2026,10:56:38,109,IFPB,84:F1:47:54:96:E0,-86,1,Lab. de redes convergentes
17/03/2026,10:56:38,109,IFPB-VISITANTE,84:F1:47:54:96:E2,-86,1,Lab. de redes convergentes
17/03/2026,10:56:38,109,IFPB-Sala_Professor_14,48:51:CF:81:B0:9E,-87,5,Lab. de redes convergentes
17/03/2026,10:56:38,109,IFPB,24:36:DA:2B:BC:00,-87,6,Lab. de redes convergentes
17/03/2026,10:56:38,109,Robson Premium,72:B6:FB:00:65:60,-88,1,Lab. de redes convergentes
17/03/2026,10:56:38,109,IFPB-VISITANTE,24:36:DA:2B:BC:02,-88,6,Lab. de redes convergentes
17/03/2026,10:56:38,109,IFPB,84:F1:47:54:EB:20,-89,6,Lab. de redes convergentes
17/03/2026,10:56:38,109,IFPB-VISITANTE,84:F1:47:54:EB:22,-90,6,Lab. de redes convergentes
17/03/2026,10:56:38,109,EBEF98EB-HE8D94xvZh1AO1J,44:D2:44:DD:32:41,-92,11,Lab. de redes convergentes
17/03/2026,10:56:38,109,NPEF/NEPA,50:C7:BF:EF:56:8A,-93,3,Lab. de redes convergentes
17/03/2026,10:56:38,109,NUNYA_Room_2.4GHz,CC:32:E5:0C:FC:2B,-93,10,Lab. de redes convergentes
17/03/2026,10:56:38,109,IFPB-Sala_13,E8:94:F6:B9:2F:46,-95,4,Lab. de redes convergentes
17/03/2026,10:56:48,110,APTelefonia,58:10:8C:91:F3:AA,-43,1,Lab. de redes convergentes
17/03/2026,10:56:48,110,Intelbras,18:0D:2C:7F:EB:AC,-51,7,Lab. de redes convergentes
17/03/2026,10:56:48,110,Gabriel's Galaxy Tab S6 Lite,02:64:44:29:F3:37,-53,6,Lab. de redes convergentes
17/03/2026,10:56:48,110,IFPB,E4:4E:2D:85:4C:60,-59,11,Lab. de redes convergentes
17/03/2026,10:56:48,110,IFPB-VISITANTE,E4:4E:2D:85:4C:62,-59,11,Lab. de redes convergentes
17/03/2026,10:56:48,110,TP-Link_1324,7C:F1:7E:8D:13:22,-64,10,Lab. de redes convergentes
17/03/2026,10:56:48,110,IFPB-Sala_Professor_14,24:FD:0D:57:19:26,-70,2,Lab. de redes convergentes
17/03/2026,10:56:48,110,Lab. de Sinais Digitais,18:D6:C7:F9:37:2F,-72,11,Lab. de redes convergentes
17/03/2026,10:56:48,110,GPDS,00:26:5A:66:55:EF,-74,6,Lab. de redes convergentes
17/03/2026,10:56:48,110,IFPB TCC,D8:5D:4C:86:7E:66,-77,6,Lab. de redes convergentes
17/03/2026,10:56:48,110,IFPB,84:F1:47:54:96:E0,-79,1,Lab. de redes convergentes
17/03/2026,10:56:48,110,IFPB-VISITANTE,84:F1:47:54:96:E2,-79,1,Lab. de redes convergentes
17/03/2026,10:56:48,110,UA2-MiniLab,60:32:B1:2D:66:C3,-83,10,Lab. de redes convergentes
17/03/2026,10:56:48,110,IFPB,84:F1:47:54:6B:80,-84,1,Lab. de redes convergentes
17/03/2026,10:56:48,110,IFPB-VISITANTE,84:F1:47:54:6B:82,-84,1,Lab. de redes convergentes
17/03/2026,10:56:48,110,IFPB,84:F1:47:54:EB:20,-86,6,Lab. de redes convergentes
17/03/2026,10:56:48,110,IFPB-VISITANTE,84:F1:47:54:EB:22,-87,6,Lab. de redes convergentes
17/03/2026,10:56:48,110,IFPB,24:36:DA:2B:BC:00,-87,6,Lab. de redes convergentes
17/03/2026,10:56:48,110,EBEF98EB-HE8D94xvZh1AO1J,44:D2:44:DD:32:41,-89,11,Lab. de redes convergentes
17/03/2026,10:56:48,110,Robson Premium,72:B6:FB:00:65:60,-91,1,Lab. de redes convergentes
17/03/2026,10:56:48,110,NPEF/NEPA,50:C7:BF:EF:56:8A,-91,3,Lab. de redes convergentes
17/03/2026,10:56:48,110,NUNYA_Room_2.4GHz,CC:32:E5:0C:FC:2B,-94,10,Lab. de redes convergentes
17/03/2026,10:57:44,111,APTelefonia,58:10:8C:91:F3:AA,-43,1,Lab. de fibras ópticas
17/03/2026,10:57:44,111,IFPB,E4:4E:2D:85:4C:60,-60,11,Lab. de fibras ópticas
17/03/2026,10:57:44,111,IFPB-VISITANTE,E4:4E:2D:85:4C:62,-60,11,Lab. de fibras ópticas
17/03/2026,10:57:44,111,Intelbras,18:0D:2C:7F:EB:AC,-61,7,Lab. de fibras ópticas
17/03/2026,10:57:44,111,Lab. de Sinais Digitais,18:D6:C7:F9:37:2F,-63,11,Lab. de fibras ópticas
17/03/2026,10:57:44,111,Gabriel's Galaxy Tab S6 Lite,02:64:44:29:F3:37,-70,6,Lab. de fibras ópticas
17/03/2026,10:57:44,111,TP-Link_1324,7C:F1:7E:8D:13:22,-71,10,Lab. de fibras ópticas
17/03/2026,10:57:44,111,GPDS,00:26:5A:66:55:EF,-77,6,Lab. de fibras ópticas
17/03/2026,10:57:44,111,IFPB,84:F1:47:54:96:E0,-78,1,Lab. de fibras ópticas
17/03/2026,10:57:44,111,IFPB-VISITANTE,84:F1:47:54:96:E2,-78,1,Lab. de fibras ópticas
17/03/2026,10:57:44,111,UA2-MiniLab,60:32:B1:2D:66:C3,-78,10,Lab. de fibras ópticas
17/03/2026,10:57:44,111,NPEF/NEPA,50:C7:BF:EF:56:8A,-82,3,Lab. de fibras ópticas
17/03/2026,10:57:44,111,IFPB-Sala_Professor_14,48:51:CF:81:B0:9E,-82,5,Lab. de fibras ópticas
17/03/2026,10:57:44,111,IFPB TCC,D8:5D:4C:86:7E:66,-84,6,Lab. de fibras ópticas
17/03/2026,10:57:44,111,IFPB-Sala_Professor_14,24:FD:0D:57:19:26,-85,2,Lab. de fibras ópticas
17/03/2026,10:57:44,111,IFPB-VISITANTE,84:F1:47:54:6B:82,-86,1,Lab. de fibras ópticas
17/03/2026,10:57:44,111,IFPB-VISITANTE,24:36:DA:2B:BC:02,-86,6,Lab. de fibras ópticas
17/03/2026,10:57:44,111,IFPB,84:F1:47:54:6B:80,-87,1,Lab. de fibras ópticas
17/03/2026,10:57:44,111,IFPB,84:F1:47:54:EB:20,-87,6,Lab. de fibras ópticas
17/03/2026,10:57:44,111,IFPB,24:36:DA:2B:BC:00,-87,6,Lab. de fibras ópticas
17/03/2026,10:57:44,111,IFPB-VISITANTE,84:F1:47:54:EB:22,-88,6,Lab. de fibras ópticas
17/03/2026,10:57:44,111,IFPB-Sala_13,E8:94:F6:B9:2F:46,-90,4,Lab. de fibras ópticas
17/03/2026,10:57:44,111,A55 de Arquimedes,02:11:D2:64:5E:D9,-92,1,Lab. de fibras ópticas
17/03/2026,10:57:44,111,TP-Link_C3CB,D8:0D:17:3E:C3:CB,-92,3,Lab. de fibras ópticas
17/03/2026,10:57:44,111,NUNYA_Room_2.4GHz,CC:32:E5:0C:FC:2B,-93,10,Lab. de fibras ópticas
17/03/2026,10:57:44,111,Robson Premium,72:B6:FB:00:65:60,-94,1,Lab. de fibras ópticas
17/03/2026,10:57:44,111,EBEF98EB-HE8D94xvZh1AO1J,44:D2:44:DD:32:41,-96,11,Lab. de fibras ópticas
17/03/2026,10:57:54,112,APTelefonia,58:10:8C:91:F3:AA,-43,1,Lab. de fibras ópticas
17/03/2026,10:57:54,112,Intelbras,18:0D:2C:7F:EB:AC,-57,7,Lab. de fibras ópticas
17/03/2026,10:57:54,112,IFPB,E4:4E:2D:85:4C:60,-61,11,Lab. de fibras ópticas
17/03/2026,10:57:54,112,IFPB-VISITANTE,E4:4E:2D:85:4C:62,-61,11,Lab. de fibras ópticas
17/03/2026,10:57:54,112,Lab. de Sinais Digitais,18:D6:C7:F9:37:2F,-61,11,Lab. de fibras ópticas
17/03/2026,10:57:54,112,TP-Link_1324,7C:F1:7E:8D:13:22,-70,10,Lab. de fibras ópticas
17/03/2026,10:57:54,112,GPDS,00:26:5A:66:55:EF,-72,6,Lab. de fibras ópticas
17/03/2026,10:57:54,112,Gabriel's Galaxy Tab S6 Lite,02:64:44:29:F3:37,-72,6,Lab. de fibras ópticas
17/03/2026,10:57:54,112,UA2-MiniLab,60:32:B1:2D:66:C3,-76,10,Lab. de fibras ópticas
17/03/2026,10:57:54,112,IFPB-VISITANTE,84:F1:47:54:96:E2,-77,1,Lab. de fibras ópticas
17/03/2026,10:57:54,112,IFPB,84:F1:47:54:96:E0,-78,1,Lab. de fibras ópticas
17/03/2026,10:57:54,112,IFPB-Sala_Professor_14,24:FD:0D:57:19:26,-80,2,Lab. de fibras ópticas
17/03/2026,10:57:54,112,IFPB-Sala_Professor_14,48:51:CF:81:B0:9E,-80,5,Lab. de fibras ópticas
17/03/2026,10:57:54,112,IFPB,84:F1:47:54:EB:20,-83,6,Lab. de fibras ópticas
17/03/2026,10:57:54,112,NPEF/NEPA,50:C7:BF:EF:56:8A,-84,3,Lab. de fibras ópticas
17/03/2026,10:57:54,112,IFPB-VISITANTE,84:F1:47:54:EB:22,-84,6,Lab. de fibras ópticas
17/03/2026,10:57:54,112,IFPB,84:F1:47:54:6B:80,-86,1,Lab. de fibras ópticas
17/03/2026,10:57:54,112,TP-Link_C3CB,D8:0D:17:3E:C3:CB,-86,3,Lab. de fibras ópticas
17/03/2026,10:57:54,112,IFPB-VISITANTE,84:F1:47:54:6B:82,-87,1,Lab. de fibras ópticas
17/03/2026,10:57:54,112,IFPB TCC,D8:5D:4C:86:7E:66,-89,6,Lab. de fibras ópticas
17/03/2026,10:57:54,112,EBEF98EB-HE8D94xvZh1AO1J,44:D2:44:DD:32:41,-90,11,Lab. de fibras ópticas
17/03/2026,10:57:55,112,IFPB-Sala_13,E8:94:F6:B9:2F:46,-92,4,Lab. de fibras ópticas
17/03/2026,10:57:55,112,NUNYA_Room_2.4GHz,CC:32:E5:0C:FC:2B,-92,10,Lab. de fibras ópticas
17/03/2026,10:57:55,112,Robson Premium,72:B6:FB:00:65:60,-93,1,Lab. de fibras ópticas
17/03/2026,10:58:04,113,APTelefonia,58:10:8C:91:F3:AA,-49,1,Lab. de fibras ópticas
17/03/2026,10:58:04,113,Gabriel's Galaxy Tab S6 Lite,02:64:44:29:F3:37,-58,6,Lab. de fibras ópticas
17/03/2026,10:58:04,113,Intelbras,18:0D:2C:7F:EB:AC,-61,7,Lab. de fibras ópticas
17/03/2026,10:58:04,113,IFPB,E4:4E:2D:85:4C:60,-61,11,Lab. de fibras ópticas
17/03/2026,10:58:04,113,IFPB-VISITANTE,E4:4E:2D:85:4C:62,-61,11,Lab. de fibras ópticas
17/03/2026,10:58:04,113,Lab. de Sinais Digitais,18:D6:C7:F9:37:2F,-62,11,Lab. de fibras ópticas
17/03/2026,10:58:04,113,TP-Link_1324,7C:F1:7E:8D:13:22,-69,10,Lab. de fibras ópticas
17/03/2026,10:58:04,113,IFPB,84:F1:47:54:96:E0,-71,1,Lab. de fibras ópticas
17/03/2026,10:58:04,113,IFPB-VISITANTE,84:F1:47:54:96:E2,-71,1,Lab. de fibras ópticas
17/03/2026,10:58:04,113,GPDS,00:26:5A:66:55:EF,-76,6,Lab. de fibras ópticas
17/03/2026,10:58:05,113,IFPB-Sala_Professor_14,24:FD:0D:57:19:26,-77,2,Lab. de fibras ópticas
17/03/2026,10:58:05,113,NPEF/NEPA,50:C7:BF:EF:56:8A,-77,3,Lab. de fibras ópticas
17/03/2026,10:58:05,113,IFPB-Sala_Professor_14,48:51:CF:81:B0:9E,-77,5,Lab. de fibras ópticas
17/03/2026,10:58:05,113,IFPB TCC,D8:5D:4C:86:7E:66,-84,6,Lab. de fibras ópticas
17/03/2026,10:58:05,113,UA2-MiniLab,60:32:B1:2D:66:C3,-84,10,Lab. de fibras ópticas
17/03/2026,10:58:05,113,IFPB-VISITANTE,84:F1:47:54:6B:82,-85,1,Lab. de fibras ópticas
17/03/2026,10:58:05,113,IFPB,84:F1:47:54:EB:20,-85,6,Lab. de fibras ópticas
17/03/2026,10:58:05,113,IFPB-VISITANTE,84:F1:47:54:EB:22,-85,6,Lab. de fibras ópticas
17/03/2026,10:58:05,113,IFPB,84:F1:47:54:6B:80,-86,1,Lab. de fibras ópticas
17/03/2026,10:58:05,113,TP-Link_C3CB,D8:0D:17:3E:C3:CB,-86,3,Lab. de fibras ópticas
17/03/2026,10:58:05,113,A55 de Arquimedes,02:11:D2:64:5E:D9,-88,1,Lab. de fibras ópticas
17/03/2026,10:58:05,113,IFPB,84:F1:47:54:8B:A0,-88,11,Lab. de fibras ópticas
17/03/2026,10:58:05,113,EBEF98EB-HE8D94xvZh1AO1J,44:D2:44:DD:32:41,-88,11,Lab. de fibras ópticas
17/03/2026,10:58:05,113,IFPB-VISITANTE,84:F1:47:54:8B:A2,-89,11,Lab. de fibras ópticas
17/03/2026,10:58:05,113,IFPB-Sala_13,E8:94:F6:B9:2F:46,-91,4,Lab. de fibras ópticas
17/03/2026,10:58:05,113,NUNYA_Room_2.4GHz,CC:32:E5:0C:FC:2B,-92,10,Lab. de fibras ópticas
17/03/2026,10:58:14,114,APTelefonia,58:10:8C:91:F3:AA,-43,1,Lab. de fibras ópticas
17/03/2026,10:58:14,114,Gabriel's Galaxy Tab S6 Lite,02:64:44:29:F3:37,-49,6,Lab. de fibras ópticas
17/03/2026,10:58:14,114,Intelbras,18:0D:2C:7F:EB:AC,-58,7,Lab. de fibras ópticas
17/03/2026,10:58:14,114,IFPB,E4:4E:2D:85:4C:60,-64,11,Lab. de fibras ópticas
17/03/2026,10:58:14,114,IFPB-VISITANTE,E4:4E:2D:85:4C:62,-64,11,Lab. de fibras ópticas
17/03/2026,10:58:15,114,GPDS,00:26:5A:66:55:EF,-72,6,Lab. de fibras ópticas
17/03/2026,10:58:15,114,Lab. de Sinais Digitais,18:D6:C7:F9:37:2F,-72,11,Lab. de fibras ópticas
17/03/2026,10:58:15,114,IFPB,84:F1:47:54:96:E0,-74,1,Lab. de fibras ópticas
17/03/2026,10:58:15,114,IFPB-VISITANTE,84:F1:47:54:96:E2,-74,1,Lab. de fibras ópticas
17/03/2026,10:58:15,114,TP-Link_1324,7C:F1:7E:8D:13:22,-74,10,Lab. de fibras ópticas
17/03/2026,10:58:15,114,IFPB-Sala_Professor_14,48:51:CF:81:B0:9E,-76,5,Lab. de fibras ópticas
17/03/2026,10:58:15,114,UA2-MiniLab,60:32:B1:2D:66:C3,-79,10,Lab. de fibras ópticas
17/03/2026,10:58:15,114,IFPB-Sala_Professor_14,24:FD:0D:57:19:26,-80,2,Lab. de fibras ópticas
17/03/2026,10:58:15,114,NPEF/NEPA,50:C7:BF:EF:56:8A,-81,3,Lab. de fibras ópticas
17/03/2026,10:58:15,114,IFPB-VISITANTE,84:F1:47:54:EB:22,-82,6,Lab. de fibras ópticas
17/03/2026,10:58:15,114,IFPB TCC,D8:5D:4C:86:7E:66,-82,6,Lab. de fibras ópticas
17/03/2026,10:58:15,114,IFPB-VISITANTE,84:F1:47:54:6B:82,-83,1,Lab. de fibras ópticas
17/03/2026,10:58:15,114,IFPB,84:F1:47:54:EB:20,-83,6,Lab. de fibras ópticas
17/03/2026,10:58:15,114,IFPB,84:F1:47:54:6B:80,-85,1,Lab. de fibras ópticas
17/03/2026,10:58:15,114,IFPB,24:36:DA:2B:BC:00,-86,6,Lab. de fibras ópticas
17/03/2026,10:58:15,114,A55 de Arquimedes,02:11:D2:64:5E:D9,-88,1,Lab. de fibras ópticas
17/03/2026,10:58:15,114,NUNYA_Room_2.4GHz,CC:32:E5:0C:FC:2B,-88,10,Lab. de fibras ópticas
17/03/2026,10:58:15,114,TP-Link_C3CB,D8:0D:17:3E:C3:CB,-89,3,Lab. de fibras ópticas
17/03/2026,10:58:15,114,IFPB-Sala_13,E8:94:F6:B9:2F:46,-90,4,Lab. de fibras ópticas
17/03/2026,10:58:15,114,Robson Premium,72:B6:FB:00:65:60,-91,1,Lab. de fibras ópticas
17/03/2026,10:58:15,114,EBEF98EB-HE8D94xvZh1AO1J,44:D2:44:DD:32:41,-91,11,Lab. de fibras ópticas
17/03/2026,10:58:25,115,APTelefonia,58:10:8C:91:F3:AA,-44,1,Lab. de fibras ópticas
17/03/2026,10:58:25,115,Intelbras,18:0D:2C:7F:EB:AC,-50,7,Lab. de fibras ópticas
17/03/2026,10:58:25,115,Lab. de Sinais Digitais,18:D6:C7:F9:37:2F,-58,11,Lab. de fibras ópticas
17/03/2026,10:58:25,115,IFPB,E4:4E:2D:85:4C:60,-59,11,Lab. de fibras ópticas
17/03/2026,10:58:25,115,IFPB-VISITANTE,E4:4E:2D:85:4C:62,-59,11,Lab. de fibras ópticas
17/03/2026,10:58:25,115,Gabriel's Galaxy Tab S6 Lite,02:64:44:29:F3:37,-62,6,Lab. de fibras ópticas
17/03/2026,10:58:25,115,IFPB-Sala_Professor_14,24:FD:0D:57:19:26,-72,2,Lab. de fibras ópticas
17/03/2026,10:58:25,115,TP-Link_1324,7C:F1:7E:8D:13:22,-72,10,Lab. de fibras ópticas
17/03/2026,10:58:25,115,IFPB,84:F1:47:54:96:E0,-76,1,Lab. de fibras ópticas
17/03/2026,10:58:25,115,IFPB-VISITANTE,84:F1:47:54:96:E2,-76,1,Lab. de fibras ópticas
17/03/2026,10:58:25,115,GPDS,00:26:5A:66:55:EF,-76,6,Lab. de fibras ópticas
17/03/2026,10:58:25,115,NPEF/NEPA,50:C7:BF:EF:56:8A,-77,3,Lab. de fibras ópticas
17/03/2026,10:58:25,115,UA2-MiniLab,60:32:B1:2D:66:C3,-79,10,Lab. de fibras ópticas
17/03/2026,10:58:25,115,IFPB,84:F1:47:54:6B:80,-83,1,Lab. de fibras ópticas
17/03/2026,10:58:25,115,IFPB-VISITANTE,84:F1:47:54:6B:82,-83,1,Lab. de fibras ópticas
17/03/2026,10:58:25,115,IFPB-VISITANTE,24:36:DA:2B:BC:02,-85,6,Lab. de fibras ópticas
17/03/2026,10:58:25,115,IFPB-Sala_Professor_14,48:51:CF:81:B0:9E,-86,5,Lab. de fibras ópticas
17/03/2026,10:58:25,115,IFPB,24:36:DA:2B:BC:00,-86,6,Lab. de fibras ópticas
17/03/2026,10:58:25,115,NUNYA_Room_2.4GHz,CC:32:E5:0C:FC:2B,-87,10,Lab. de fibras ópticas
17/03/2026,10:58:25,115,IFPB,84:F1:47:54:8B:A0,-89,11,Lab. de fibras ópticas
17/03/2026,10:58:25,115,EBEF98EB-HE8D94xvZh1AO1J,44:D2:44:DD:32:41,-90,11,Lab. de fibras ópticas
17/03/2026,10:58:25,115,IFPB-VISITANTE,84:F1:47:54:8B:A2,-90,11,Lab. de fibras ópticas
17/03/2026,10:58:25,115,IFPB TCC,D8:5D:4C:86:7E:66,-91,6,Lab. de fibras ópticas
17/03/2026,10:58:25,115,TP-Link_C3CB,D8:0D:17:3E:C3:CB,-92,3,Lab. de fibras ópticas
17/03/2026,10:58:35,116,APTelefonia,58:10:8C:91:F3:AA,-49,1,Lab. de fibras ópticas
17/03/2026,10:58:35,116,Intelbras,18:0D:2C:7F:EB:AC,-56,7,Lab. de fibras ópticas
17/03/2026,10:58:35,116,IFPB,E4:4E:2D:85:4C:60,-61,11,Lab. de fibras ópticas
17/03/2026,10:58:35,116,IFPB-VISITANTE,E4:4E:2D:85:4C:62,-61,11,Lab. de fibras ópticas
17/03/2026,10:58:35,116,Gabriel's Galaxy Tab S6 Lite,02:64:44:29:F3:37,-63,6,Lab. de fibras ópticas
17/03/2026,10:58:35,116,GPDS,00:26:5A:66:55:EF,-65,6,Lab. de fibras ópticas
17/03/2026,10:58:35,116,Lab. de Sinais Digitais,18:D6:C7:F9:37:2F,-67,11,Lab. de fibras ópticas
17/03/2026,10:58:35,116,TP-Link_1324,7C:F1:7E:8D:13:22,-72,10,Lab. de fibras ópticas
17/03/2026,10:58:35,116,IFPB-VISITANTE,84:F1:47:54:96:E2,-76,1,Lab. de fibras ópticas
17/03/2026,10:58:35,116,IFPB-Sala_Professor_14,24:FD:0D:57:19:26,-76,2,Lab. de fibras ópticas
17/03/2026,10:58:35,116,IFPB,84:F1:47:54:96:E0,-77,1,Lab. de fibras ópticas
17/03/2026,10:58:35,116,IFPB-Sala_Professor_14,48:51:CF:81:B0:9E,-78,5,Lab. de fibras ópticas
17/03/2026,10:58:35,116,UA2-MiniLab,60:32:B1:2D:66:C3,-79,10,Lab. de fibras ópticas
17/03/2026,10:58:35,116,NPEF/NEPA,50:C7:BF:EF:56:8A,-80,3,Lab. de fibras ópticas
17/03/2026,10:58:35,116,A55 de Arquimedes,02:11:D2:64:5E:D9,-84,1,Lab. de fibras ópticas
17/03/2026,10:58:35,116,IFPB,84:F1:47:54:6B:80,-86,1,Lab. de fibras ópticas
17/03/2026,10:58:35,116,IFPB-VISITANTE,84:F1:47:54:6B:82,-86,1,Lab. de fibras ópticas
17/03/2026,10:58:35,116,TP-Link_C3CB,D8:0D:17:3E:C3:CB,-87,3,Lab. de fibras ópticas
17/03/2026,10:58:35,116,IFPB-Sala_13,E8:94:F6:B9:2F:46,-87,4,Lab. de fibras ópticas
17/03/2026,10:58:35,116,IFPB TCC,D8:5D:4C:86:7E:66,-87,6,Lab. de fibras ópticas
17/03/2026,10:58:35,116,NUNYA_Room_2.4GHz,CC:32:E5:0C:FC:2B,-87,10,Lab. de fibras ópticas
17/03/2026,10:58:35,116,EBEF98EB-HE8D94xvZh1AO1J,44:D2:44:DD:32:41,-90,11,Lab. de fibras ópticas
17/03/2026,10:58:35,116,Robson Premium,72:B6:FB:00:65:60,-91,1,Lab. de fibras ópticas
17/03/2026,10:58:45,117,APTelefonia,58:10:8C:91:F3:AA,-48,1,Lab. de fibras ópticas
17/03/2026,10:58:45,117,Intelbras,18:0D:2C:7F:EB:AC,-57,7,Lab. de fibras ópticas
17/03/2026,10:58:45,117,IFPB,E4:4E:2D:85:4C:60,-64,11,Lab. de fibras ópticas
17/03/2026,10:58:45,117,IFPB-VISITANTE,E4:4E:2D:85:4C:62,-64,11,Lab. de fibras ópticas
17/03/2026,10:58:45,117,Lab. de Sinais Digitais,18:D6:C7:F9:37:2F,-66,11,Lab. de fibras ópticas
17/03/2026,10:58:45,117,Gabriel's Galaxy Tab S6 Lite,02:64:44:29:F3:37,-71,6,Lab. de fibras ópticas
17/03/2026,10:58:45,117,TP-Link_1324,7C:F1:7E:8D:13:22,-74,10,Lab. de fibras ópticas
17/03/2026,10:58:45,117,IFPB,84:F1:47:54:96:E0,-75,1,Lab. de fibras ópticas
17/03/2026,10:58:45,117,GPDS,00:26:5A:66:55:EF,-75,6,Lab. de fibras ópticas
17/03/2026,10:58:45,117,IFPB-VISITANTE,84:F1:47:54:96:E2,-76,1,Lab. de fibras ópticas
17/03/2026,10:58:45,117,IFPB-Sala_Professor_14,24:FD:0D:57:19:26,-79,2,Lab. de fibras ópticas
17/03/2026,10:58:45,117,UA2-MiniLab,60:32:B1:2D:66:C3,-81,10,Lab. de fibras ópticas
17/03/2026,10:58:45,117,IFPB-VISITANTE,24:36:DA:2B:BC:02,-82,6,Lab. de fibras ópticas
17/03/2026,10:58:45,117,IFPB TCC,D8:5D:4C:86:7E:66,-83,6,Lab. de fibras ópticas
17/03/2026,10:58:45,117,IFPB,24:36:DA:2B:BC:00,-84,6,Lab. de fibras ópticas
17/03/2026,10:58:45,117,IFPB,84:F1:47:54:6B:80,-86,1,Lab. de fibras ópticas
17/03/2026,10:58:45,117,IFPB-VISITANTE,84:F1:47:54:6B:82,-86,1,Lab. de fibras ópticas
17/03/2026,10:58:45,117,NPEF/NEPA,50:C7:BF:EF:56:8A,-86,3,Lab. de fibras ópticas
17/03/2026,10:58:45,117,IFPB,84:F1:47:54:EB:20,-88,6,Lab. de fibras ópticas
17/03/2026,10:58:45,117,IFPB-VISITANTE,84:F1:47:54:EB:22,-88,6,Lab. de fibras ópticas
17/03/2026,10:58:45,117,NUNYA_Room_2.4GHz,CC:32:E5:0C:FC:2B,-89,10,Lab. de fibras ópticas
17/03/2026,10:58:45,117,TP-Link_C3CB,D8:0D:17:3E:C3:CB,-90,3,Lab. de fibras ópticas
17/03/2026,10:58:45,117,Robson Premium,72:B6:FB:00:65:60,-93,1,Lab. de fibras ópticas
17/03/2026,10:58:45,117,EBEF98EB-HE8D94xvZh1AO1J,44:D2:44:DD:32:41,-95,11,Lab. de fibras ópticas
17/03/2026,10:58:55,118,APTelefonia,58:10:8C:91:F3:AA,-54,1,Lab. de fibras ópticas
17/03/2026,10:58:55,118,Intelbras,18:0D:2C:7F:EB:AC,-56,7,Lab. de fibras ópticas
17/03/2026,10:58:55,118,IFPB-VISITANTE,E4:4E:2D:85:4C:62,-60,11,Lab. de fibras ópticas
17/03/2026,10:58:55,118,Gabriel's Galaxy Tab S6 Lite,02:64:44:29:F3:37,-61,6,Lab. de fibras ópticas
17/03/2026,10:58:55,118,IFPB,E4:4E:2D:85:4C:60,-61,11,Lab. de fibras ópticas
17/03/2026,10:58:55,118,Lab. de Sinais Digitais,18:D6:C7:F9:37:2F,-61,11,Lab. de fibras ópticas
17/03/2026,10:58:55,118,TP-Link_1324,7C:F1:7E:8D:13:22,-73,10,Lab. de fibras ópticas
17/03/2026,10:58:55,118,IFPB-Sala_Professor_14,24:FD:0D:57:19:26,-74,2,Lab. de fibras ópticas
17/03/2026,10:58:55,118,GPDS,00:26:5A:66:55:EF,-74,6,Lab. de fibras ópticas
17/03/2026,10:58:55,118,IFPB-VISITANTE,84:F1:47:54:96:E2,-75,1,Lab. de fibras ópticas
17/03/2026,10:58:55,118,IFPB,84:F1:47:54:96:E0,-76,1,Lab. de fibras ópticas
17/03/2026,10:58:55,118,NPEF/NEPA,50:C7:BF:EF:56:8A,-76,3,Lab. de fibras ópticas
17/03/2026,10:58:55,118,UA2-MiniLab,60:32:B1:2D:66:C3,-76,10,Lab. de fibras ópticas
17/03/2026,10:58:55,118,IFPB-Sala_Professor_14,48:51:CF:81:B0:9E,-82,5,Lab. de fibras ópticas
17/03/2026,10:58:55,118,IFPB-VISITANTE,84:F1:47:54:EB:22,-83,6,Lab. de fibras ópticas
17/03/2026,10:58:55,118,IFPB TCC,D8:5D:4C:86:7E:66,-83,6,Lab. de fibras ópticas
17/03/2026,10:58:55,118,IFPB,84:F1:47:54:EB:20,-84,6,Lab. de fibras ópticas
17/03/2026,10:58:55,118,IFPB,84:F1:47:54:6B:80,-85,1,Lab. de fibras ópticas
17/03/2026,10:58:55,118,IFPB-VISITANTE,24:36:DA:2B:BC:02,-85,6,Lab. de fibras ópticas
17/03/2026,10:58:55,118,IFPB-VISITANTE,84:F1:47:54:6B:82,-86,1,Lab. de fibras ópticas
17/03/2026,10:58:55,118,IFPB,24:36:DA:2B:BC:00,-86,6,Lab. de fibras ópticas
17/03/2026,10:58:55,118,NUNYA_Room_2.4GHz,CC:32:E5:0C:FC:2B,-88,10,Lab. de fibras ópticas
17/03/2026,10:58:55,118,Robson Premium,72:B6:FB:00:65:60,-89,1,Lab. de fibras ópticas
17/03/2026,10:58:55,118,IFPB-Sala_13,E8:94:F6:B9:2F:46,-89,4,Lab. de fibras ópticas
17/03/2026,10:58:55,118,EBEF98EB-HE8D94xvZh1AO1J,44:D2:44:DD:32:41,-89,11,Lab. de fibras ópticas
17/03/2026,10:58:55,118,TP-Link_C3CB,D8:0D:17:3E:C3:CB,-90,3,Lab. de fibras ópticas
17/03/2026,10:59:05,119,APTelefonia,58:10:8C:91:F3:AA,-43,1,Lab. de fibras ópticas
17/03/2026,10:59:05,119,Intelbras,18:0D:2C:7F:EB:AC,-63,7,Lab. de fibras ópticas
17/03/2026,10:59:05,119,IFPB,E4:4E:2D:85:4C:60,-63,11,Lab. de fibras ópticas
17/03/2026,10:59:05,119,Gabriel's Galaxy Tab S6 Lite,02:64:44:29:F3:37,-64,6,Lab. de fibras ópticas
17/03/2026,10:59:05,119,IFPB-VISITANTE,E4:4E:2D:85:4C:62,-64,11,Lab. de fibras ópticas
17/03/2026,10:59:05,119,Lab. de Sinais Digitais,18:D6:C7:F9:37:2F,-64,11,Lab. de fibras ópticas
17/03/2026,10:59:05,119,GPDS,00:26:5A:66:55:EF,-72,6,Lab. de fibras ópticas
17/03/2026,10:59:05,119,TP-Link_1324,7C:F1:7E:8D:13:22,-75,10,Lab. de fibras ópticas
17/03/2026,10:59:05,119,IFPB,84:F1:47:54:96:E0,-76,1,Lab. de fibras ópticas
17/03/2026,10:59:05,119,IFPB-VISITANTE,84:F1:47:54:96:E2,-76,1,Lab. de fibras ópticas
17/03/2026,10:59:05,119,IFPB-Sala_Professor_14,24:FD:0D:57:19:26,-76,2,Lab. de fibras ópticas
17/03/2026,10:59:05,119,NPEF/NEPA,50:C7:BF:EF:56:8A,-79,3,Lab. de fibras ópticas
17/03/2026,10:59:05,119,IFPB-Sala_Professor_14,48:51:CF:81:B0:9E,-81,5,Lab. de fibras ópticas
17/03/2026,10:59:05,119,IFPB-VISITANTE,84:F1:47:54:6B:82,-83,1,Lab. de fibras ópticas
17/03/2026,10:59:05,119,IFPB,24:36:DA:2B:BC:00,-84,6,Lab. de fibras ópticas
17/03/2026,10:59:05,119,IFPB-VISITANTE,24:36:DA:2B:BC:02,-84,6,Lab. de fibras ópticas
17/03/2026,10:59:05,119,IFPB,84:F1:47:54:6B:80,-85,1,Lab. de fibras ópticas
17/03/2026,10:59:05,119,IFPB,84:F1:47:54:EB:20,-85,6,Lab. de fibras ópticas
17/03/2026,10:59:05,119,IFPB-VISITANTE,84:F1:47:54:EB:22,-86,6,Lab. de fibras ópticas
17/03/2026,10:59:05,119,UA2-MiniLab,60:32:B1:2D:66:C3,-86,10,Lab. de fibras ópticas
17/03/2026,10:59:05,119,NUNYA_Room_2.4GHz,CC:32:E5:0C:FC:2B,-89,10,Lab. de fibras ópticas
17/03/2026,10:59:06,119,EBEF98EB-HE8D94xvZh1AO1J,44:D2:44:DD:32:41,-89,11,Lab. de fibras ópticas
17/03/2026,10:59:06,119,IFPB TCC,D8:5D:4C:86:7E:66,-91,6,Lab. de fibras ópticas
17/03/2026,10:59:06,119,TP-Link_C3CB,D8:0D:17:3E:C3:CB,-93,3,Lab. de fibras ópticas
17/03/2026,10:59:06,119,IFPB-Sala_13,E8:94:F6:B9:2F:46,-93,4,Lab. de fibras ópticas
17/03/2026,10:59:06,119,Robson Premium,72:B6:FB:00:65:60,-94,1,Lab. de fibras ópticas
17/03/2026,10:59:15,120,APTelefonia,58:10:8C:91:F3:AA,-47,1,Lab. de fibras ópticas
17/03/2026,10:59:15,120,Intelbras,18:0D:2C:7F:EB:AC,-59,7,Lab. de fibras ópticas
17/03/2026,10:59:15,120,Lab. de Sinais Digitais,18:D6:C7:F9:37:2F,-63,11,Lab. de fibras ópticas
17/03/2026,10:59:15,120,IFPB,E4:4E:2D:85:4C:60,-64,11,Lab. de fibras ópticas
17/03/2026,10:59:15,120,IFPB-VISITANTE,E4:4E:2D:85:4C:62,-64,11,Lab. de fibras ópticas
17/03/2026,10:59:15,120,GPDS,00:26:5A:66:55:EF,-67,6,Lab. de fibras ópticas
17/03/2026,10:59:15,120,Gabriel's Galaxy Tab S6 Lite,02:64:44:29:F3:37,-72,6,Lab. de fibras ópticas
17/03/2026,10:59:15,120,TP-Link_1324,7C:F1:7E:8D:13:22,-73,10,Lab. de fibras ópticas
17/03/2026,10:59:15,120,IFPB,84:F1:47:54:96:E0,-76,1,Lab. de fibras ópticas
17/03/2026,10:59:15,120,IFPB-VISITANTE,84:F1:47:54:96:E2,-76,1,Lab. de fibras ópticas
17/03/2026,10:59:16,120,UA2-MiniLab,60:32:B1:2D:66:C3,-78,10,Lab. de fibras ópticas
17/03/2026,10:59:16,120,NPEF/NEPA,50:C7:BF:EF:56:8A,-81,3,Lab. de fibras ópticas
17/03/2026,10:59:16,120,IFPB-Sala_Professor_14,48:51:CF:81:B0:9E,-81,5,Lab. de fibras ópticas
17/03/2026,10:59:16,120,IFPB-VISITANTE,24:36:DA:2B:BC:02,-81,6,Lab. de fibras ópticas
17/03/2026,10:59:16,120,IFPB-Sala_Professor_14,24:FD:0D:57:19:26,-82,2,Lab. de fibras ópticas
17/03/2026,10:59:16,120,IFPB,24:36:DA:2B:BC:00,-82,6,Lab. de fibras ópticas
17/03/2026,10:59:16,120,IFPB,84:F1:47:54:6B:80,-84,1,Lab. de fibras ópticas
17/03/2026,10:59:16,120,IFPB-VISITANTE,84:F1:47:54:6B:82,-84,1,Lab. de fibras ópticas
17/03/2026,10:59:16,120,IFPB,84:F1:47:54:EB:20,-86,6,Lab. de fibras ópticas
17/03/2026,10:59:16,120,IFPB-VISITANTE,84:F1:47:54:EB:22,-86,6,Lab. de fibras ópticas
17/03/2026,10:59:16,120,IFPB TCC,D8:5D:4C:86:7E:66,-86,6,Lab. de fibras ópticas
17/03/2026,10:59:16,120,EBEF98EB-HE8D94xvZh1AO1J,44:D2:44:DD:32:41,-86,11,Lab. de fibras ópticas
17/03/2026,10:59:16,120,TP-Link_C3CB,D8:0D:17:3E:C3:CB,-91,3,Lab. de fibras ópticas
17/03/2026,10:59:16,120,NUNYA_Room_2.4GHz,CC:32:E5:0C:FC:2B,-92,10,Lab. de fibras ópticas
17/03/2026,10:59:16,120,Robson Premium,72:B6:FB:00:65:60,-93,1,Lab. de fibras ópticas
17/03/2026,11:00:19,121,Lab. de Sinais Digitais,18:D6:C7:F9:37:2F,-46,11,Pesquisa em Eng. Elétrica
17/03/2026,11:00:19,121,APTelefonia,58:10:8C:91:F3:AA,-57,1,Pesquisa em Eng. Elétrica
17/03/2026,11:00:19,121,Intelbras,18:0D:2C:7F:EB:AC,-64,7,Pesquisa em Eng. Elétrica
17/03/2026,11:00:19,121,GPDS,00:26:5A:66:55:EF,-65,6,Pesquisa em Eng. Elétrica
17/03/2026,11:00:19,121,Gabriel's Galaxy Tab S6 Lite,02:64:44:29:F3:37,-65,6,Pesquisa em Eng. Elétrica
17/03/2026,11:00:19,121,IFPB-Sala_Professor_14,24:FD:0D:57:19:26,-70,2,Pesquisa em Eng. Elétrica
17/03/2026,11:00:19,121,UA2-MiniLab,60:32:B1:2D:66:C3,-70,10,Pesquisa em Eng. Elétrica
17/03/2026,11:00:19,121,NPEF/NEPA,50:C7:BF:EF:56:8A,-74,3,Pesquisa em Eng. Elétrica
17/03/2026,11:00:19,121,IFPB-Sala_Professor_14,48:51:CF:81:B0:9E,-76,5,Pesquisa em Eng. Elétrica
17/03/2026,11:00:19,121,IFPB,84:F1:47:54:EB:20,-80,6,Pesquisa em Eng. Elétrica
17/03/2026,11:00:19,121,IFPB-VISITANTE,84:F1:47:54:EB:22,-80,6,Pesquisa em Eng. Elétrica
17/03/2026,11:00:19,121,IFPB,84:F1:47:54:96:E0,-86,1,Pesquisa em Eng. Elétrica
17/03/2026,11:00:19,121,IFPB TCC,D8:5D:4C:86:7E:66,-86,6,Pesquisa em Eng. Elétrica
17/03/2026,11:00:19,121,TP-Link_1324,7C:F1:7E:8D:13:22,-86,10,Pesquisa em Eng. Elétrica
17/03/2026,11:00:19,121,IFPB-VISITANTE,84:F1:47:54:96:E2,-87,1,Pesquisa em Eng. Elétrica
17/03/2026,11:00:19,121,TP-Link_C3CB,D8:0D:17:3E:C3:CB,-87,3,Pesquisa em Eng. Elétrica
17/03/2026,11:00:19,121,IFPB-VISITANTE,84:F1:47:54:8B:A2,-87,11,Pesquisa em Eng. Elétrica
17/03/2026,11:00:19,121,A55 de Arquimedes,02:11:D2:64:5E:D9,-88,1,Pesquisa em Eng. Elétrica
17/03/2026,11:00:19,121,IFPB,84:F1:47:54:6B:80,-88,1,Pesquisa em Eng. Elétrica
17/03/2026,11:00:19,121,IFPB-VISITANTE,84:F1:47:54:6B:82,-88,1,Pesquisa em Eng. Elétrica
17/03/2026,11:00:19,121,IFPB-Sala_13,E8:94:F6:B9:2F:46,-88,4,Pesquisa em Eng. Elétrica
17/03/2026,11:00:19,121,IFPB,84:F1:47:54:8B:A0,-88,11,Pesquisa em Eng. Elétrica
17/03/2026,11:00:19,121,IFPB-VISITANTE,E4:4E:2D:85:4C:62,-89,11,Pesquisa em Eng. Elétrica
17/03/2026,11:00:19,121,NUNYA_Room_2.4GHz,CC:32:E5:0C:FC:2B,-90,10,Pesquisa em Eng. Elétrica
17/03/2026,11:00:19,121,EBEF98EB-HE8D94xvZh1AO1J,44:D2:44:DD:32:41,-91,11,Pesquisa em Eng. Elétrica
17/03/2026,11:00:29,122,Lab. de Sinais Digitais,18:D6:C7:F9:37:2F,-53,11,Pesquisa em Eng. Elétrica
17/03/2026,11:00:29,122,APTelefonia,58:10:8C:91:F3:AA,-56,1,Pesquisa em Eng. Elétrica
17/03/2026,11:00:29,122,GPDS,00:26:5A:66:55:EF,-57,6,Pesquisa em Eng. Elétrica
17/03/2026,11:00:29,122,Gabriel's Galaxy Tab S6 Lite,02:64:44:29:F3:37,-62,6,Pesquisa em Eng. Elétrica
17/03/2026,11:00:29,122,Intelbras,18:0D:2C:7F:EB:AC,-63,7,Pesquisa em Eng. Elétrica
17/03/2026,11:00:29,122,UA2-MiniLab,60:32:B1:2D:66:C3,-70,10,Pesquisa em Eng. Elétrica
17/03/2026,11:00:29,122,NPEF/NEPA,50:C7:BF:EF:56:8A,-74,3,Pesquisa em Eng. Elétrica
17/03/2026,11:00:29,122,TP-Link_1324,7C:F1:7E:8D:13:22,-76,10,Pesquisa em Eng. Elétrica
17/03/2026,11:00:29,122,TP-Link_C3CB,D8:0D:17:3E:C3:CB,-82,3,Pesquisa em Eng. Elétrica
17/03/2026,11:00:29,122,IFPB-VISITANTE,84:F1:47:54:EB:22,-82,6,Pesquisa em Eng. Elétrica
17/03/2026,11:00:29,122,IFPB,84:F1:47:54:EB:20,-83,6,Pesquisa em Eng. Elétrica
17/03/2026,11:00:29,122,IFPB,84:F1:47:54:96:E0,-84,1,Pesquisa em Eng. Elétrica
17/03/2026,11:00:29,122,IFPB-VISITANTE,84:F1:47:54:96:E2,-84,1,Pesquisa em Eng. Elétrica
17/03/2026,11:00:29,122,IFPB-VISITANTE,E4:4E:2D:85:4C:62,-84,11,Pesquisa em Eng. Elétrica
17/03/2026,11:00:29,122,IFPB,E4:4E:2D:85:4C:60,-84,11,Pesquisa em Eng. Elétrica
17/03/2026,11:00:29,122,IFPB-Sala_Professor_14,24:FD:0D:57:19:26,-85,2,Pesquisa em Eng. Elétrica
17/03/2026,11:00:29,122,IFPB-Sala_Professor_14,48:51:CF:81:B0:9E,-85,5,Pesquisa em Eng. Elétrica
17/03/2026,11:00:29,122,IFPB,84:F1:47:54:6B:80,-87,1,Pesquisa em Eng. Elétrica
17/03/2026,11:00:29,122,IFPB,84:F1:47:54:8B:A0,-87,11,Pesquisa em Eng. Elétrica
17/03/2026,11:00:29,122,IFPB-VISITANTE,84:F1:47:54:8B:A2,-87,11,Pesquisa em Eng. Elétrica
17/03/2026,11:00:29,122,EBEF98EB-HE8D94xvZh1AO1J,44:D2:44:DD:32:41,-87,11,Pesquisa em Eng. Elétrica
17/03/2026,11:00:29,122,IFPB-Sala_13,E8:94:F6:B9:2F:46,-91,4,Pesquisa em Eng. Elétrica
17/03/2026,11:00:29,122,A55 de Arquimedes,02:11:D2:64:5E:D9,-92,1,Pesquisa em Eng. Elétrica
17/03/2026,11:00:29,122,IFPB TCC,D8:5D:4C:86:7E:66,-93,6,Pesquisa em Eng. Elétrica
17/03/2026,11:00:29,122,NUNYA_Room_2.4GHz,CC:32:E5:0C:FC:2B,-95,10,Pesquisa em Eng. Elétrica
17/03/2026,11:00:39,123,Lab. de Sinais Digitais,18:D6:C7:F9:37:2F,-43,11,Pesquisa em Eng. Elétrica
17/03/2026,11:00:39,123,APTelefonia,58:10:8C:91:F3:AA,-56,1,Pesquisa em Eng. Elétrica
17/03/2026,11:00:39,123,GPDS,00:26:5A:66:55:EF,-62,6,Pesquisa em Eng. Elétrica
17/03/2026,11:00:39,123,Intelbras,18:0D:2C:7F:EB:AC,-62,7,Pesquisa em Eng. Elétrica
17/03/2026,11:00:39,123,IFPB-Sala_Professor_14,24:FD:0D:57:19:26,-69,2,Pesquisa em Eng. Elétrica
17/03/2026,11:00:39,123,UA2-MiniLab,60:32:B1:2D:66:C3,-70,10,Pesquisa em Eng. Elétrica
17/03/2026,11:00:39,123,NPEF/NEPA,50:C7:BF:EF:56:8A,-75,3,Pesquisa em Eng. Elétrica
17/03/2026,11:00:39,123,IFPB-Sala_Professor_14,48:51:CF:81:B0:9E,-75,5,Pesquisa em Eng. Elétrica
17/03/2026,11:00:39,123,TP-Link_1324,7C:F1:7E:8D:13:22,-76,10,Pesquisa em Eng. Elétrica
17/03/2026,11:00:39,123,IFPB,E4:4E:2D:85:4C:60,-79,11,Pesquisa em Eng. Elétrica
17/03/2026,11:00:39,123,IFPB-VISITANTE,E4:4E:2D:85:4C:62,-79,11,Pesquisa em Eng. Elétrica
17/03/2026,11:00:39,123,Gabriel's Galaxy Tab S6 Lite,02:64:44:29:F3:37,-84,6,Pesquisa em Eng. Elétrica
17/03/2026,11:00:39,123,IFPB-VISITANTE,84:F1:47:54:EB:22,-84,6,Pesquisa em Eng. Elétrica
17/03/2026,11:00:39,123,IFPB,84:F1:47:54:6B:80,-85,1,Pesquisa em Eng. Elétrica
17/03/2026,11:00:39,123,IFPB,84:F1:47:54:EB:20,-85,6,Pesquisa em Eng. Elétrica
17/03/2026,11:00:39,123,A55 de Arquimedes,02:11:D2:64:5E:D9,-86,1,Pesquisa em Eng. Elétrica
17/03/2026,11:00:39,123,IFPB-VISITANTE,84:F1:47:54:6B:82,-86,1,Pesquisa em Eng. Elétrica
17/03/2026,11:00:39,123,IFPB-Sala_13,E8:94:F6:B9:2F:46,-86,4,Pesquisa em Eng. Elétrica
17/03/2026,11:00:39,123,NUNYA_Room_2.4GHz,CC:32:E5:0C:FC:2B,-86,10,Pesquisa em Eng. Elétrica
17/03/2026,11:00:39,123,IFPB,84:F1:47:54:96:E0,-87,1,Pesquisa em Eng. Elétrica
17/03/2026,11:00:39,123,IFPB-VISITANTE,84:F1:47:54:96:E2,-87,1,Pesquisa em Eng. Elétrica
17/03/2026,11:00:39,123,IFPB,84:F1:47:54:8B:A0,-87,11,Pesquisa em Eng. Elétrica
17/03/2026,11:00:39,123,IFPB-VISITANTE,84:F1:47:54:8B:A2,-87,11,Pesquisa em Eng. Elétrica
17/03/2026,11:00:39,123,TP-Link_C3CB,D8:0D:17:3E:C3:CB,-88,3,Pesquisa em Eng. Elétrica
17/03/2026,11:00:39,123,EBEF98EB-HE8D94xvZh1AO1J,44:D2:44:DD:32:41,-88,11,Pesquisa em Eng. Elétrica
17/03/2026,11:00:39,123,IFPB-VISITANTE,24:36:DA:2B:BC:02,-90,6,Pesquisa em Eng. Elétrica
17/03/2026,11:00:39,123,IFPB TCC,D8:5D:4C:86:7E:66,-93,6,Pesquisa em Eng. Elétrica
17/03/2026,11:00:49,124,Lab. de Sinais Digitais,18:D6:C7:F9:37:2F,-43,11,Pesquisa em Eng. Elétrica
17/03/2026,11:00:49,124,APTelefonia,58:10:8C:91:F3:AA,-55,1,Pesquisa em Eng. Elétrica
17/03/2026,11:00:49,124,Intelbras,18:0D:2C:7F:EB:AC,-61,7,Pesquisa em Eng. Elétrica
17/03/2026,11:00:49,124,GPDS,00:26:5A:66:55:EF,-62,6,Pesquisa em Eng. Elétrica
17/03/2026,11:00:49,124,NPEF/NEPA,50:C7:BF:EF:56:8A,-69,3,Pesquisa em Eng. Elétrica
17/03/2026,11:00:49,124,Gabriel's Galaxy Tab S6 Lite,02:64:44:29:F3:37,-71,6,Pesquisa em Eng. Elétrica
17/03/2026,11:00:49,124,IFPB-Sala_Professor_14,48:51:CF:81:B0:9E,-76,5,Pesquisa em Eng. Elétrica
17/03/2026,11:00:49,124,TP-Link_1324,7C:F1:7E:8D:13:22,-76,10,Pesquisa em Eng. Elétrica
17/03/2026,11:00:49,124,UA2-MiniLab,60:32:B1:2D:66:C3,-76,10,Pesquisa em Eng. Elétrica
17/03/2026,11:00:49,124,IFPB,E4:4E:2D:85:4C:60,-78,11,Pesquisa em Eng. Elétrica
17/03/2026,11:00:49,124,IFPB-VISITANTE,E4:4E:2D:85:4C:62,-78,11,Pesquisa em Eng. Elétrica
17/03/2026,11:00:49,124,IFPB-Sala_Professor_14,24:FD:0D:57:19:26,-82,2,Pesquisa em Eng. Elétrica
17/03/2026,11:00:49,124,IFPB,84:F1:47:54:EB:20,-83,6,Pesquisa em Eng. Elétrica
17/03/2026,11:00:49,124,IFPB-VISITANTE,84:F1:47:54:EB:22,-83,6,Pesquisa em Eng. Elétrica
17/03/2026,11:00:49,124,EBEF98EB-HE8D94xvZh1AO1J,44:D2:44:DD:32:41,-84,11,Pesquisa em Eng. Elétrica
17/03/2026,11:00:49,124,IFPB,84:F1:47:54:96:E0,-86,1,Pesquisa em Eng. Elétrica
17/03/2026,11:00:49,124,IFPB-VISITANTE,84:F1:47:54:96:E2,-87,1,Pesquisa em Eng. Elétrica
17/03/2026,11:00:49,124,IFPB-VISITANTE,84:F1:47:54:8B:A2,-87,11,Pesquisa em Eng. Elétrica
17/03/2026,11:00:49,124,IFPB TCC,D8:5D:4C:86:7E:66,-88,6,Pesquisa em Eng. Elétrica
17/03/2026,11:00:49,124,IFPB,84:F1:47:54:8B:A0,-88,11,Pesquisa em Eng. Elétrica
17/03/2026,11:00:49,124,NUNYA_Room_2.4GHz,CC:32:E5:0C:FC:2B,-89,10,Pesquisa em Eng. Elétrica
17/03/2026,11:00:49,124,A55 de Arquimedes,02:11:D2:64:5E:D9,-90,1,Pesquisa em Eng. Elétrica
17/03/2026,11:00:49,124,IFPB-Sala_13,E8:94:F6:B9:2F:46,-91,4,Pesquisa em Eng. Elétrica
17/03/2026,11:00:49,124,TP-Link_C3CB,D8:0D:17:3E:C3:CB,-92,3,Pesquisa em Eng. Elétrica
17/03/2026,11:00:59,125,Lab. de Sinais Digitais,18:D6:C7:F9:37:2F,-41,11,Pesquisa em Eng. Elétrica
17/03/2026,11:00:59,125,GPDS,00:26:5A:66:55:EF,-59,6,Pesquisa em Eng. Elétrica
17/03/2026,11:00:59,125,APTelefonia,58:10:8C:91:F3:AA,-66,1,Pesquisa em Eng. Elétrica
17/03/2026,11:00:59,125,UA2-MiniLab,60:32:B1:2D:66:C3,-69,10,Pesquisa em Eng. Elétrica
17/03/2026,11:00:59,125,Intelbras,18:0D:2C:7F:EB:AC,-72,7,Pesquisa em Eng. Elétrica
17/03/2026,11:00:59,125,IFPB-Sala_Professor_14,24:FD:0D:57:19:26,-73,2,Pesquisa em Eng. Elétrica
17/03/2026,11:00:59,125,Gabriel's Galaxy Tab S6 Lite,02:64:44:29:F3:37,-73,6,Pesquisa em Eng. Elétrica
17/03/2026,11:00:59,125,NPEF/NEPA,50:C7:BF:EF:56:8A,-76,3,Pesquisa em Eng. Elétrica
17/03/2026,11:00:59,125,TP-Link_1324,7C:F1:7E:8D:13:22,-77,10,Pesquisa em Eng. Elétrica
17/03/2026,11:00:59,125,IFPB-Sala_Professor_14,48:51:CF:81:B0:9E,-79,5,Pesquisa em Eng. Elétrica
17/03/2026,11:00:59,125,IFPB-VISITANTE,84:F1:47:54:EB:22,-82,6,Pesquisa em Eng. Elétrica
17/03/2026,11:00:59,125,IFPB,84:F1:47:54:EB:20,-83,6,Pesquisa em Eng. Elétrica
17/03/2026,11:00:59,125,NUNYA_Room_2.4GHz,CC:32:E5:0C:FC:2B,-83,10,Pesquisa em Eng. Elétrica
17/03/2026,11:00:59,125,IFPB-VISITANTE,84:F1:47:54:96:E2,-84,1,Pesquisa em Eng. Elétrica
17/03/2026,11:00:59,125,IFPB-VISITANTE,E4:4E:2D:85:4C:62,-84,11,Pesquisa em Eng. Elétrica
17/03/2026,11:01:00,125,IFPB,E4:4E:2D:85:4C:60,-84,11,Pesquisa em Eng. Elétrica
17/03/2026,11:01:00,125,IFPB,84:F1:47:54:96:E0,-85,1,Pesquisa em Eng. Elétrica
17/03/2026,11:01:00,125,IFPB,84:F1:47:54:6B:80,-85,1,Pesquisa em Eng. Elétrica
17/03/2026,11:01:00,125,IFPB-VISITANTE,84:F1:47:54:6B:82,-87,1,Pesquisa em Eng. Elétrica
17/03/2026,11:01:00,125,IFPB TCC,D8:5D:4C:86:7E:66,-89,6,Pesquisa em Eng. Elétrica
17/03/2026,11:01:00,125,EBEF98EB-HE8D94xvZh1AO1J,44:D2:44:DD:32:41,-90,11,Pesquisa em Eng. Elétrica
17/03/2026,11:01:00,125,TP-Link_C3CB,D8:0D:17:3E:C3:CB,-91,3,Pesquisa em Eng. Elétrica
17/03/2026,11:01:00,125,A55 de Arquimedes,02:11:D2:64:5E:D9,-93,1,Pesquisa em Eng. Elétrica
17/03/2026,11:01:09,126,Lab. de Sinais Digitais,18:D6:C7:F9:37:2F,-44,11,Pesquisa em Eng. Elétrica
17/03/2026,11:01:09,126,GPDS,00:26:5A:66:55:EF,-56,6,Pesquisa em Eng. Elétrica
17/03/2026,11:01:09,126,APTelefonia,58:10:8C:91:F3:AA,-64,1,Pesquisa em Eng. Elétrica
17/03/2026,11:01:09,126,NPEF/NEPA,50:C7:BF:EF:56:8A,-68,3,Pesquisa em Eng. Elétrica
17/03/2026,11:01:09,126,Intelbras,18:0D:2C:7F:EB:AC,-70,7,Pesquisa em Eng. Elétrica
17/03/2026,11:01:09,126,Gabriel's Galaxy Tab S6 Lite,02:64:44:29:F3:37,-71,6,Pesquisa em Eng. Elétrica
17/03/2026,11:01:09,126,IFPB-Sala_Professor_14,24:FD:0D:57:19:26,-76,2,Pesquisa em Eng. Elétrica
17/03/2026,11:01:09,126,IFPB,E4:4E:2D:85:4C:60,-79,11,Pesquisa em Eng. Elétrica
17/03/2026,11:01:09,126,IFPB-VISITANTE,E4:4E:2D:85:4C:62,-79,11,Pesquisa em Eng. Elétrica
17/03/2026,11:01:09,126,IFPB-VISITANTE,84:F1:47:54:EB:22,-83,6,Pesquisa em Eng. Elétrica
17/03/2026,11:01:10,126,IFPB,84:F1:47:54:EB:20,-83,6,Pesquisa em Eng. Elétrica
17/03/2026,11:01:10,126,TP-Link_C3CB,D8:0D:17:3E:C3:CB,-84,3,Pesquisa em Eng. Elétrica
17/03/2026,11:01:10,126,UA2-MiniLab,60:32:B1:2D:66:C3,-84,10,Pesquisa em Eng. Elétrica
17/03/2026,11:01:10,126,IFPB-Sala_Professor_14,48:51:CF:81:B0:9E,-85,5,Pesquisa em Eng. Elétrica
17/03/2026,11:01:10,126,IFPB TCC,D8:5D:4C:86:7E:66,-86,6,Pesquisa em Eng. Elétrica
17/03/2026,11:01:10,126,TP-Link_1324,7C:F1:7E:8D:13:22,-86,10,Pesquisa em Eng. Elétrica
17/03/2026,11:01:10,126,IFPB,84:F1:47:54:96:E0,-87,1,Pesquisa em Eng. Elétrica
17/03/2026,11:01:10,126,NUNYA_Room_2.4GHz,CC:32:E5:0C:FC:2B,-87,10,Pesquisa em Eng. Elétrica
17/03/2026,11:01:10,126,IFPB-VISITANTE,84:F1:47:54:6B:82,-88,1,Pesquisa em Eng. Elétrica
17/03/2026,11:01:10,126,IFPB-VISITANTE,84:F1:47:54:96:E2,-89,1,Pesquisa em Eng. Elétrica
17/03/2026,11:01:10,126,IFPB,84:F1:47:54:6B:80,-89,1,Pesquisa em Eng. Elétrica
17/03/2026,11:01:10,126,IFPB-Sala_13,E8:94:F6:B9:2F:46,-89,4,Pesquisa em Eng. Elétrica
17/03/2026,11:01:10,126,IFPB,24:36:DA:2B:BC:00,-89,6,Pesquisa em Eng. Elétrica
17/03/2026,11:01:10,126,IFPB-VISITANTE,24:36:DA:2B:BC:02,-89,6,Pesquisa em Eng. Elétrica
17/03/2026,11:01:10,126,IFPB-VISITANTE,84:F1:47:54:8B:A2,-89,11,Pesquisa em Eng. Elétrica
17/03/2026,11:01:10,126,EBEF98EB-HE8D94xvZh1AO1J,44:D2:44:DD:32:41,-89,11,Pesquisa em Eng. Elétrica
17/03/2026,11:01:10,126,IFPB,84:F1:47:54:8B:A0,-90,11,Pesquisa em Eng. Elétrica
17/03/2026,11:01:10,126,A55 de Arquimedes,02:11:D2:64:5E:D9,-92,1,Pesquisa em Eng. Elétrica
17/03/2026,11:01:20,127,Lab. de Sinais Digitais,18:D6:C7:F9:37:2F,-49,11,Pesquisa em Eng. Elétrica
17/03/2026,11:01:20,127,GPDS,00:26:5A:66:55:EF,-54,6,Pesquisa em Eng. Elétrica
17/03/2026,11:01:20,127,Intelbras,18:0D:2C:7F:EB:AC,-61,7,Pesquisa em Eng. Elétrica
17/03/2026,11:01:20,127,Gabriel's Galaxy Tab S6 Lite,02:64:44:29:F3:37,-64,6,Pesquisa em Eng. Elétrica
17/03/2026,11:01:20,127,APTelefonia,58:10:8C:91:F3:AA,-65,1,Pesquisa em Eng. Elétrica
17/03/2026,11:01:20,127,UA2-MiniLab,60:32:B1:2D:66:C3,-66,10,Pesquisa em Eng. Elétrica
17/03/2026,11:01:20,127,IFPB-Sala_Professor_14,24:FD:0D:57:19:26,-74,2,Pesquisa em Eng. Elétrica
17/03/2026,11:01:20,127,IFPB-Sala_Professor_14,48:51:CF:81:B0:9E,-79,5,Pesquisa em Eng. Elétrica
17/03/2026,11:01:20,127,NUNYA_Room_2.4GHz,CC:32:E5:0C:FC:2B,-80,10,Pesquisa em Eng. Elétrica
17/03/2026,11:01:20,127,IFPB,E4:4E:2D:85:4C:60,-81,11,Pesquisa em Eng. Elétrica
17/03/2026,11:01:20,127,IFPB-VISITANTE,E4:4E:2D:85:4C:62,-81,11,Pesquisa em Eng. Elétrica
17/03/2026,11:01:20,127,TP-Link_1324,7C:F1:7E:8D:13:22,-82,10,Pesquisa em Eng. Elétrica
17/03/2026,11:01:20,127,IFPB,84:F1:47:54:EB:20,-83,6,Pesquisa em Eng. Elétrica
17/03/2026,11:01:20,127,IFPB-VISITANTE,84:F1:47:54:EB:22,-84,6,Pesquisa em Eng. Elétrica
17/03/2026,11:01:20,127,IFPB-VISITANTE,84:F1:47:54:6B:82,-85,1,Pesquisa em Eng. Elétrica
17/03/2026,11:01:20,127,NPEF/NEPA,50:C7:BF:EF:56:8A,-85,3,Pesquisa em Eng. Elétrica
17/03/2026,11:01:20,127,IFPB,84:F1:47:54:8B:A0,-85,11,Pesquisa em Eng. Elétrica
17/03/2026,11:01:20,127,IFPB-VISITANTE,84:F1:47:54:8B:A2,-85,11,Pesquisa em Eng. Elétrica
17/03/2026,11:01:20,127,EBEF98EB-HE8D94xvZh1AO1J,44:D2:44:DD:32:41,-85,11,Pesquisa em Eng. Elétrica
17/03/2026,11:01:20,127,IFPB,84:F1:47:54:96:E0,-86,1,Pesquisa em Eng. Elétrica
17/03/2026,11:01:20,127,IFPB,84:F1:47:54:6B:80,-86,1,Pesquisa em Eng. Elétrica
17/03/2026,11:01:20,127,TP-Link_C3CB,D8:0D:17:3E:C3:CB,-86,3,Pesquisa em Eng. Elétrica
17/03/2026,11:01:20,127,IFPB-VISITANTE,84:F1:47:54:96:E2,-88,1,Pesquisa em Eng. Elétrica
17/03/2026,11:01:20,127,IFPB-Sala_13,E8:94:F6:B9:2F:46,-88,4,Pesquisa em Eng. Elétrica
17/03/2026,11:01:20,127,IFPB TCC,D8:5D:4C:86:7E:66,-88,6,Pesquisa em Eng. Elétrica
17/03/2026,11:01:20,127,A55 de Arquimedes,02:11:D2:64:5E:D9,-89,1,Pesquisa em Eng. Elétrica
17/03/2026,11:01:20,127,IFPB-VISITANTE,24:36:DA:2B:BC:02,-89,6,Pesquisa em Eng. Elétrica
17/03/2026,11:01:30,128,Lab. de Sinais Digitais,18:D6:C7:F9:37:2F,-40,11,Pesquisa em Eng. Elétrica
17/03/2026,11:01:30,128,APTelefonia,58:10:8C:91:F3:AA,-59,1,Pesquisa em Eng. Elétrica
17/03/2026,11:01:30,128,GPDS,00:26:5A:66:55:EF,-61,6,Pesquisa em Eng. Elétrica
17/03/2026,11:01:30,128,NPEF/NEPA,50:C7:BF:EF:56:8A,-70,3,Pesquisa em Eng. Elétrica
17/03/2026,11:01:30,128,Intelbras,18:0D:2C:7F:EB:AC,-70,7,Pesquisa em Eng. Elétrica
17/03/2026,11:01:30,128,Gabriel's Galaxy Tab S6 Lite,02:64:44:29:F3:37,-71,6,Pesquisa em Eng. Elétrica
17/03/2026,11:01:30,128,IFPB-Sala_Professor_14,48:51:CF:81:B0:9E,-73,5,Pesquisa em Eng. Elétrica
17/03/2026,11:01:30,128,UA2-MiniLab,60:32:B1:2D:66:C3,-76,10,Pesquisa em Eng. Elétrica
17/03/2026,11:01:30,128,IFPB-VISITANTE,E4:4E:2D:85:4C:62,-77,11,Pesquisa em Eng. Elétrica
17/03/2026,11:01:30,128,IFPB,E4:4E:2D:85:4C:60,-79,11,Pesquisa em Eng. Elétrica
17/03/2026,11:01:30,128,IFPB-Sala_Professor_14,24:FD:0D:57:19:26,-80,2,Pesquisa em Eng. Elétrica
17/03/2026,11:01:30,128,IFPB,84:F1:47:54:6B:80,-84,1,Pesquisa em Eng. Elétrica
17/03/2026,11:01:30,128,IFPB-VISITANTE,84:F1:47:54:6B:82,-85,1,Pesquisa em Eng. Elétrica
17/03/2026,11:01:30,128,TP-Link_1324,7C:F1:7E:8D:13:22,-86,10,Pesquisa em Eng. Elétrica
17/03/2026,11:01:30,128,IFPB-VISITANTE,84:F1:47:54:96:E2,-87,1,Pesquisa em Eng. Elétrica
17/03/2026,11:01:30,128,IFPB-Sala_13,E8:94:F6:B9:2F:46,-87,4,Pesquisa em Eng. Elétrica
17/03/2026,11:01:30,128,IFPB,84:F1:47:54:EB:20,-87,6,Pesquisa em Eng. Elétrica
17/03/2026,11:01:30,128,IFPB-VISITANTE,84:F1:47:54:EB:22,-87,6,Pesquisa em Eng. Elétrica
17/03/2026,11:01:30,128,IFPB-VISITANTE,84:F1:47:54:8B:A2,-87,11,Pesquisa em Eng. Elétrica
17/03/2026,11:01:30,128,IFPB,84:F1:47:54:96:E0,-88,1,Pesquisa em Eng. Elétrica
17/03/2026,11:01:30,128,IFPB,84:F1:47:54:8B:A0,-88,11,Pesquisa em Eng. Elétrica
17/03/2026,11:01:30,128,IFPB TCC,D8:5D:4C:86:7E:66,-90,6,Pesquisa em Eng. Elétrica
17/03/2026,11:01:30,128,EBEF98EB-HE8D94xvZh1AO1J,44:D2:44:DD:32:41,-90,11,Pesquisa em Eng. Elétrica
17/03/2026,11:01:30,128,NUNYA_Room_2.4GHz,CC:32:E5:0C:FC:2B,-91,10,Pesquisa em Eng. Elétrica
17/03/2026,11:01:30,128,A55 de Arquimedes,02:11:D2:64:5E:D9,-92,1,Pesquisa em Eng. Elétrica
17/03/2026,11:01:30,128,TP-Link_C3CB,D8:0D:17:3E:C3:CB,-93,3,Pesquisa em Eng. Elétrica
17/03/2026,11:01:40,129,Lab. de Sinais Digitais,18:D6:C7:F9:37:2F,-50,11,Pesquisa em Eng. Elétrica
17/03/2026,11:01:40,129,GPDS,00:26:5A:66:55:EF,-51,6,Pesquisa em Eng. Elétrica
17/03/2026,11:01:40,129,APTelefonia,58:10:8C:91:F3:AA,-58,1,Pesquisa em Eng. Elétrica
17/03/2026,11:01:40,129,Intelbras,18:0D:2C:7F:EB:AC,-60,7,Pesquisa em Eng. Elétrica
17/03/2026,11:01:40,129,UA2-MiniLab,60:32:B1:2D:66:C3,-69,10,Pesquisa em Eng. Elétrica
17/03/2026,11:01:40,129,IFPB-Sala_Professor_14,24:FD:0D:57:19:26,-71,2,Pesquisa em Eng. Elétrica
17/03/2026,11:01:40,129,Gabriel's Galaxy Tab S6 Lite,02:64:44:29:F3:37,-72,6,Pesquisa em Eng. Elétrica
17/03/2026,11:01:40,129,NPEF/NEPA,50:C7:BF:EF:56:8A,-73,3,Pesquisa em Eng. Elétrica
17/03/2026,11:01:40,129,IFPB,E4:4E:2D:85:4C:60,-78,11,Pesquisa em Eng. Elétrica
17/03/2026,11:01:40,129,IFPB TCC,D8:5D:4C:86:7E:66,-79,6,Pesquisa em Eng. Elétrica
17/03/2026,11:01:40,129,IFPB-VISITANTE,E4:4E:2D:85:4C:62,-79,11,Pesquisa em Eng. Elétrica
17/03/2026,11:01:40,129,IFPB-Sala_Professor_14,48:51:CF:81:B0:9E,-80,5,Pesquisa em Eng. Elétrica
17/03/2026,11:01:40,129,IFPB-VISITANTE,84:F1:47:54:96:E2,-83,1,Pesquisa em Eng. Elétrica
17/03/2026,11:01:40,129,IFPB,84:F1:47:54:EB:20,-83,6,Pesquisa em Eng. Elétrica
17/03/2026,11:01:40,129,IFPB-VISITANTE,84:F1:47:54:EB:22,-83,6,Pesquisa em Eng. Elétrica
17/03/2026,11:01:40,129,NUNYA_Room_2.4GHz,CC:32:E5:0C:FC:2B,-83,10,Pesquisa em Eng. Elétrica
17/03/2026,11:01:40,129,IFPB,84:F1:47:54:96:E0,-84,1,Pesquisa em Eng. Elétrica
17/03/2026,11:01:40,129,IFPB-VISITANTE,84:F1:47:54:6B:82,-85,1,Pesquisa em Eng. Elétrica
17/03/2026,11:01:40,129,TP-Link_1324,7C:F1:7E:8D:13:22,-85,10,Pesquisa em Eng. Elétrica
17/03/2026,11:01:40,129,IFPB,84:F1:47:54:6B:80,-86,1,Pesquisa em Eng. Elétrica
17/03/2026,11:01:40,129,TP-Link_C3CB,D8:0D:17:3E:C3:CB,-86,3,Pesquisa em Eng. Elétrica
17/03/2026,11:01:40,129,EBEF98EB-HE8D94xvZh1AO1J,44:D2:44:DD:32:41,-87,11,Pesquisa em Eng. Elétrica
17/03/2026,11:01:40,129,A55 de Arquimedes,02:11:D2:64:5E:D9,-88,1,Pesquisa em Eng. Elétrica
17/03/2026,11:01:50,130,Lab. de Sinais Digitais,18:D6:C7:F9:37:2F,-48,11,Pesquisa em Eng. Elétrica
17/03/2026,11:01:50,130,GPDS,00:26:5A:66:55:EF,-62,6,Pesquisa em Eng. Elétrica
17/03/2026,11:01:50,130,Gabriel's Galaxy Tab S6 Lite,02:64:44:29:F3:37,-66,6,Pesquisa em Eng. Elétrica
17/03/2026,11:01:50,130,UA2-MiniLab,60:32:B1:2D:66:C3,-67,10,Pesquisa em Eng. Elétrica
17/03/2026,11:01:50,130,APTelefonia,58:10:8C:91:F3:AA,-68,1,Pesquisa em Eng. Elétrica
17/03/2026,11:01:50,130,Intelbras,18:0D:2C:7F:EB:AC,-68,7,Pesquisa em Eng. Elétrica
17/03/2026,11:01:50,130,NPEF/NEPA,50:C7:BF:EF:56:8A,-73,3,Pesquisa em Eng. Elétrica
17/03/2026,11:01:50,130,IFPB-Sala_Professor_14,24:FD:0D:57:19:26,-76,2,Pesquisa em Eng. Elétrica
17/03/2026,11:01:50,130,IFPB-Sala_Professor_14,48:51:CF:81:B0:9E,-81,5,Pesquisa em Eng. Elétrica
17/03/2026,11:01:50,130,TP-Link_1324,7C:F1:7E:8D:13:22,-81,10,Pesquisa em Eng. Elétrica
17/03/2026,11:01:50,130,TP-Link_C3CB,D8:0D:17:3E:C3:CB,-82,3,Pesquisa em Eng. Elétrica
17/03/2026,11:01:50,130,IFPB-VISITANTE,E4:4E:2D:85:4C:62,-82,11,Pesquisa em Eng. Elétrica
17/03/2026,11:01:50,130,IFPB,E4:4E:2D:85:4C:60,-83,11,Pesquisa em Eng. Elétrica
17/03/2026,11:01:50,130,EBEF98EB-HE8D94xvZh1AO1J,44:D2:44:DD:32:41,-84,11,Pesquisa em Eng. Elétrica
17/03/2026,11:01:50,130,IFPB-Sala_13,E8:94:F6:B9:2F:46,-85,4,Pesquisa em Eng. Elétrica
17/03/2026,11:01:50,130,IFPB,84:F1:47:54:6B:80,-86,1,Pesquisa em Eng. Elétrica
17/03/2026,11:01:50,130,IFPB,84:F1:47:54:EB:20,-86,6,Pesquisa em Eng. Elétrica
17/03/2026,11:01:50,130,IFPB-VISITANTE,84:F1:47:54:EB:22,-86,6,Pesquisa em Eng. Elétrica
17/03/2026,11:01:50,130,IFPB-VISITANTE,84:F1:47:54:6B:82,-87,1,Pesquisa em Eng. Elétrica
17/03/2026,11:01:50,130,IFPB-VISITANTE,84:F1:47:54:96:E2,-87,1,Pesquisa em Eng. Elétrica
17/03/2026,11:01:50,130,NUNYA_Room_2.4GHz,CC:32:E5:0C:FC:2B,-87,10,Pesquisa em Eng. Elétrica
17/03/2026,11:01:50,130,IFPB,84:F1:47:54:8B:A0,-88,11,Pesquisa em Eng. Elétrica
17/03/2026,11:01:50,130,IFPB-VISITANTE,84:F1:47:54:8B:A2,-88,11,Pesquisa em Eng. Elétrica
17/03/2026,11:01:50,130,IFPB,84:F1:47:54:96:E0,-89,1,Pesquisa em Eng. Elétrica
17/03/2026,11:01:50,130,IFPB TCC,D8:5D:4C:86:7E:66,-89,6,Pesquisa em Eng. Elétrica
17/03/2026,11:01:50,130,A55 de Arquimedes,02:11:D2:64:5E:D9,-91,1,Pesquisa em Eng. Elétrica
17/03/2026,11:01:50,130,IFPB,84:F1:47:54:F9:80,-91,11,Pesquisa em Eng. Elétrica
17/03/2026,11:01:50,130,IFPB-VISITANTE,84:F1:47:54:F9:82,-92,11,Pesquisa em Eng. Elétrica
17/03/2026,11:02:29,131,NPEF/NEPA,50:C7:BF:EF:56:8A,-65,3,Práticas didáticas
17/03/2026,11:02:29,131,Lab. de Sinais Digitais,18:D6:C7:F9:37:2F,-66,11,Práticas didáticas
17/03/2026,11:02:29,131,APTelefonia,58:10:8C:91:F3:AA,-67,1,Práticas didáticas
17/03/2026,11:02:29,131,GPDS,00:26:5A:66:55:EF,-68,6,Práticas didáticas
17/03/2026,11:02:29,131,Intelbras,18:0D:2C:7F:EB:AC,-72,7,Práticas didáticas
17/03/2026,11:02:29,131,IFPB-Sala_Professor_14,48:51:CF:81:B0:9E,-73,5,Práticas didáticas
17/03/2026,11:02:29,131,Gabriel's Galaxy Tab S6 Lite,02:64:44:29:F3:37,-73,6,Práticas didáticas
17/03/2026,11:02:29,131,UA2-MiniLab,60:32:B1:2D:66:C3,-73,10,Práticas didáticas
17/03/2026,11:02:29,131,IFPB,84:F1:47:54:EB:20,-74,6,Práticas didáticas
17/03/2026,11:02:29,131,IFPB-VISITANTE,84:F1:47:54:EB:22,-74,6,Práticas didáticas
17/03/2026,11:02:29,131,NUNYA_Room_2.4GHz,CC:32:E5:0C:FC:2B,-75,10,Práticas didáticas
17/03/2026,11:02:29,131,TP-Link_1324,7C:F1:7E:8D:13:22,-79,10,Práticas didáticas
17/03/2026,11:02:29,131,IFPB-Sala_Professor_14,24:FD:0D:57:19:26,-80,2,Práticas didáticas
17/03/2026,11:02:29,131,A55 de Arquimedes,02:11:D2:64:5E:D9,-81,1,Práticas didáticas
17/03/2026,11:02:29,131,IFPB-VISITANTE,84:F1:47:54:F9:82,-82,11,Práticas didáticas
17/03/2026,11:02:29,131,IFPB,84:F1:47:54:F9:80,-83,11,Práticas didáticas
17/03/2026,11:02:29,131,IFPB-VISITANTE,84:F1:47:54:8B:A2,-83,11,Práticas didáticas
17/03/2026,11:02:29,131,IFPB,84:F1:47:54:8B:A0,-83,11,Práticas didáticas
17/03/2026,11:02:29,131,TP-Link_C3CB,D8:0D:17:3E:C3:CB,-86,3,Práticas didáticas
17/03/2026,11:02:29,131,IFPB,E4:4E:2D:85:4C:60,-86,11,Práticas didáticas
17/03/2026,11:02:29,131,IFPB-VISITANTE,E4:4E:2D:85:4C:62,-86,11,Práticas didáticas
17/03/2026,11:02:30,131,IFPB-Sala_13,E8:94:F6:B9:2F:46,-88,4,Práticas didáticas
17/03/2026,11:02:30,131,IFPB-VISITANTE,84:F1:47:54:6B:82,-89,1,Práticas didáticas
17/03/2026,11:02:30,131,IFPB,84:F1:47:54:6B:80,-89,1,Práticas didáticas
17/03/2026,11:02:30,131,EBEF98EB-HE8D94xvZh1AO1J,44:D2:44:DD:32:41,-91,11,Práticas didáticas
17/03/2026,11:02:30,131,IFPB TCC,D8:5D:4C:86:7E:66,-92,6,Práticas didáticas
17/03/2026,11:02:39,132,Lab. de Sinais Digitais,18:D6:C7:F9:37:2F,-57,11,Práticas didáticas
17/03/2026,11:02:39,132,UA2-MiniLab,60:32:B1:2D:66:C3,-63,10,Práticas didáticas
17/03/2026,11:02:39,132,APTelefonia,58:10:8C:91:F3:AA,-67,1,Práticas didáticas
17/03/2026,11:02:39,132,GPDS,00:26:5A:66:55:EF,-73,6,Práticas didáticas
17/03/2026,11:02:39,132,NPEF/NEPA,50:C7:BF:EF:56:8A,-74,3,Práticas didáticas
17/03/2026,11:02:39,132,NUNYA_Room_2.4GHz,CC:32:E5:0C:FC:2B,-74,10,Práticas didáticas
17/03/2026,11:02:39,132,IFPB-Sala_Professor_14,48:51:CF:81:B0:9E,-75,5,Práticas didáticas
17/03/2026,11:02:39,132,Gabriel's Galaxy Tab S6 Lite,02:64:44:29:F3:37,-76,6,Práticas didáticas
17/03/2026,11:02:39,132,Intelbras,18:0D:2C:7F:EB:AC,-76,7,Práticas didáticas
17/03/2026,11:02:39,132,IFPB,84:F1:47:54:EB:20,-77,6,Práticas didáticas
17/03/2026,11:02:40,132,IFPB-VISITANTE,84:F1:47:54:EB:22,-77,6,Práticas didáticas
17/03/2026,11:02:40,132,IFPB-Sala_Professor_14,24:FD:0D:57:19:26,-79,2,Práticas didáticas
17/03/2026,11:02:40,132,TP-Link_1324,7C:F1:7E:8D:13:22,-82,10,Práticas didáticas
17/03/2026,11:02:40,132,A55 de Arquimedes,02:11:D2:64:5E:D9,-84,1,Práticas didáticas
17/03/2026,11:02:40,132,IFPB,84:F1:47:54:F9:80,-84,11,Práticas didáticas
17/03/2026,11:02:40,132,IFPB-VISITANTE,84:F1:47:54:F9:82,-84,11,Práticas didáticas
17/03/2026,11:02:40,132,IFPB,E4:4E:2D:85:4C:60,-85,11,Práticas didáticas
17/03/2026,11:02:40,132,IFPB,84:F1:47:54:8B:A0,-85,11,Práticas didáticas
17/03/2026,11:02:40,132,IFPB-VISITANTE,E4:4E:2D:85:4C:62,-86,11,Práticas didáticas
17/03/2026,11:02:40,132,IFPB-VISITANTE,84:F1:47:54:8B:A2,-86,11,Práticas didáticas
17/03/2026,11:02:40,132,IFPB-VISITANTE,84:F1:47:54:6B:82,-87,1,Práticas didáticas
17/03/2026,11:02:40,132,TP-Link_C3CB,D8:0D:17:3E:C3:CB,-87,3,Práticas didáticas
17/03/2026,11:02:40,132,IFPB,84:F1:47:54:6B:80,-88,1,Práticas didáticas
17/03/2026,11:02:40,132,IFPB-Sala_13,E8:94:F6:B9:2F:46,-91,4,Práticas didáticas
17/03/2026,11:02:40,132,EBEF98EB-HE8D94xvZh1AO1J,44:D2:44:DD:32:41,-91,11,Práticas didáticas
17/03/2026,11:02:40,132,IFPB TCC,D8:5D:4C:86:7E:66,-95,6,Práticas didáticas
17/03/2026,11:02:49,133,Lab. de Sinais Digitais,18:D6:C7:F9:37:2F,-50,11,Práticas didáticas
17/03/2026,11:02:49,133,UA2-MiniLab,60:32:B1:2D:66:C3,-66,10,Práticas didáticas
17/03/2026,11:02:49,133,APTelefonia,58:10:8C:91:F3:AA,-69,1,Práticas didáticas
17/03/2026,11:02:49,133,NPEF/NEPA,50:C7:BF:EF:56:8A,-70,3,Práticas didáticas
17/03/2026,11:02:49,133,IFPB-Sala_Professor_14,48:51:CF:81:B0:9E,-70,5,Práticas didáticas
17/03/2026,11:02:50,133,GPDS,00:26:5A:66:55:EF,-70,6,Práticas didáticas
17/03/2026,11:02:50,133,Intelbras,18:0D:2C:7F:EB:AC,-74,7,Práticas didáticas
17/03/2026,11:02:50,133,IFPB-Sala_Professor_14,24:FD:0D:57:19:26,-76,2,Práticas didáticas
17/03/2026,11:02:50,133,Gabriel's Galaxy Tab S6 Lite,02:64:44:29:F3:37,-77,6,Práticas didáticas
17/03/2026,11:02:50,133,IFPB-VISITANTE,84:F1:47:54:EB:22,-78,6,Práticas didáticas
17/03/2026,11:02:50,133,NUNYA_Room_2.4GHz,CC:32:E5:0C:FC:2B,-78,10,Práticas didáticas
17/03/2026,11:02:50,133,IFPB,84:F1:47:54:EB:20,-79,6,Práticas didáticas
17/03/2026,11:02:50,133,A55 de Arquimedes,02:11:D2:64:5E:D9,-81,1,Práticas didáticas
17/03/2026,11:02:50,133,IFPB,84:F1:47:54:F9:80,-83,11,Práticas didáticas
17/03/2026,11:02:50,133,IFPB-VISITANTE,84:F1:47:54:F9:82,-83,11,Práticas didáticas
17/03/2026,11:02:50,133,TP-Link_C3CB,D8:0D:17:3E:C3:CB,-84,3,Práticas didáticas
17/03/2026,11:02:50,133,IFPB,84:F1:47:54:8B:A0,-87,11,Práticas didáticas
17/03/2026,11:02:50,133,IFPB-VISITANTE,84:F1:47:54:8B:A2,-88,11,Práticas didáticas
17/03/2026,11:02:50,133,EBEF98EB-HE8D94xvZh1AO1J,44:D2:44:DD:32:41,-88,11,Práticas didáticas
17/03/2026,11:02:50,133,IFPB-Sala_13,E8:94:F6:B9:2F:46,-89,4,Práticas didáticas
17/03/2026,11:02:50,133,TP-Link_1324,7C:F1:7E:8D:13:22,-90,10,Práticas didáticas
17/03/2026,11:02:50,133,IFPB-VISITANTE,84:F1:47:54:6B:82,-91,1,Práticas didáticas
17/03/2026,11:02:50,133,IFPB,84:F1:47:54:6B:80,-91,1,Práticas didáticas
17/03/2026,11:03:00,134,Lab. de Sinais Digitais,18:D6:C7:F9:37:2F,-50,11,Práticas didáticas
17/03/2026,11:03:00,134,UA2-MiniLab,60:32:B1:2D:66:C3,-60,10,Práticas didáticas
17/03/2026,11:03:00,134,APTelefonia,58:10:8C:91:F3:AA,-65,1,Práticas didáticas
17/03/2026,11:03:00,134,NPEF/NEPA,50:C7:BF:EF:56:8A,-67,3,Práticas didáticas
17/03/2026,11:03:00,134,GPDS,00:26:5A:66:55:EF,-70,6,Práticas didáticas
17/03/2026,11:03:00,134,IFPB-Sala_Professor_14,48:51:CF:81:B0:9E,-71,5,Práticas didáticas
17/03/2026,11:03:00,134,Intelbras,18:0D:2C:7F:EB:AC,-74,7,Práticas didáticas
17/03/2026,11:03:00,134,Gabriel's Galaxy Tab S6 Lite,02:64:44:29:F3:37,-76,6,Práticas didáticas
17/03/2026,11:03:00,134,NUNYA_Room_2.4GHz,CC:32:E5:0C:FC:2B,-76,10,Práticas didáticas
17/03/2026,11:03:00,134,IFPB,84:F1:47:54:8B:A0,-80,11,Práticas didáticas
17/03/2026,11:03:00,134,IFPB-VISITANTE,84:F1:47:54:8B:A2,-80,11,Práticas didáticas
17/03/2026,11:03:00,134,IFPB,84:F1:47:54:EB:20,-81,6,Práticas didáticas
17/03/2026,11:03:00,134,IFPB-VISITANTE,84:F1:47:54:EB:22,-81,6,Práticas didáticas
17/03/2026,11:03:00,134,IFPB-VISITANTE,E4:4E:2D:85:4C:62,-81,11,Práticas didáticas
17/03/2026,11:03:00,134,EBEF98EB-HE8D94xvZh1AO1J,44:D2:44:DD:32:41,-81,11,Práticas didáticas
17/03/2026,11:03:00,134,A55 de Arquimedes,02:11:D2:64:5E:D9,-83,1,Práticas didáticas
17/03/2026,11:03:00,134,IFPB-VISITANTE,84:F1:47:54:F9:82,-83,11,Práticas didáticas
17/03/2026,11:03:00,134,IFPB,84:F1:47:54:F9:80,-84,11,Práticas didáticas
17/03/2026,11:03:00,134,IFPB-Sala_Professor_14,24:FD:0D:57:19:26,-85,2,Práticas didáticas
17/03/2026,11:03:00,134,TP-Link_C3CB,D8:0D:17:3E:C3:CB,-85,3,Práticas didáticas
17/03/2026,11:03:00,134,IFPB,84:F1:47:54:6B:80,-86,1,Práticas didáticas
17/03/2026,11:03:00,134,IFPB-VISITANTE,84:F1:47:54:6B:82,-86,1,Práticas didáticas
17/03/2026,11:03:00,134,IFPB-Sala_13,E8:94:F6:B9:2F:46,-86,4,Práticas didáticas
17/03/2026,11:03:00,134,TP-Link_1324,7C:F1:7E:8D:13:22,-89,10,Práticas didáticas
17/03/2026,11:03:00,134,IFPB TCC,D8:5D:4C:86:7E:66,-91,6,Práticas didáticas
17/03/2026,11:03:10,135,Lab. de Sinais Digitais,18:D6:C7:F9:37:2F,-50,11,Práticas didáticas
17/03/2026,11:03:10,135,NPEF/NEPA,50:C7:BF:EF:56:8A,-60,3,Práticas didáticas
17/03/2026,11:03:10,135,UA2-MiniLab,60:32:B1:2D:66:C3,-65,10,Práticas didáticas
17/03/2026,11:03:10,135,Intelbras,18:0D:2C:7F:EB:AC,-67,7,Práticas didáticas
17/03/2026,11:03:10,135,GPDS,00:26:5A:66:55:EF,-70,6,Práticas didáticas
17/03/2026,11:03:10,135,Gabriel's Galaxy Tab S6 Lite,02:64:44:29:F3:37,-73,6,Práticas didáticas
17/03/2026,11:03:10,135,IFPB,84:F1:47:54:EB:20,-76,6,Práticas didáticas
17/03/2026,11:03:10,135,IFPB-VISITANTE,84:F1:47:54:EB:22,-76,6,Práticas didáticas
17/03/2026,11:03:10,135,A55 de Arquimedes,02:11:D2:64:5E:D9,-77,1,Práticas didáticas
17/03/2026,11:03:10,135,NUNYA_Room_2.4GHz,CC:32:E5:0C:FC:2B,-77,10,Práticas didáticas
17/03/2026,11:03:10,135,APTelefonia,58:10:8C:91:F3:AA,-79,1,Práticas didáticas
17/03/2026,11:03:10,135,IFPB-Sala_Professor_14,24:FD:0D:57:19:26,-80,2,Práticas didáticas
17/03/2026,11:03:10,135,IFPB-Sala_Professor_14,48:51:CF:81:B0:9E,-81,5,Práticas didáticas
17/03/2026,11:03:10,135,IFPB-VISITANTE,84:F1:47:54:6B:82,-83,1,Práticas didáticas
17/03/2026,11:03:10,135,IFPB,84:F1:47:54:6B:80,-84,1,Práticas didáticas
17/03/2026,11:03:10,135,TP-Link_C3CB,D8:0D:17:3E:C3:CB,-85,3,Práticas didáticas
17/03/2026,11:03:10,135,IFPB,E4:4E:2D:85:4C:60,-85,11,Práticas didáticas
17/03/2026,11:03:10,135,IFPB-VISITANTE,84:F1:47:54:F9:82,-85,11,Práticas didáticas
17/03/2026,11:03:10,135,IFPB,84:F1:47:54:F9:80,-85,11,Práticas didáticas
17/03/2026,11:03:10,135,IFPB-VISITANTE,E4:4E:2D:85:4C:62,-87,11,Práticas didáticas
17/03/2026,11:03:10,135,IFPB,84:F1:47:54:8B:A0,-87,11,Práticas didáticas
17/03/2026,11:03:10,135,TP-Link_1324,7C:F1:7E:8D:13:22,-89,10,Práticas didáticas
17/03/2026,11:03:10,135,IFPB-VISITANTE,84:F1:47:54:8B:A2,-89,11,Práticas didáticas
17/03/2026,11:03:10,135,IFPB-Sala_13,E8:94:F6:B9:2F:46,-91,4,Práticas didáticas
17/03/2026,11:03:10,135,EBEF98EB-HE8D94xvZh1AO1J,44:D2:44:DD:32:41,-91,11,Práticas didáticas
17/03/2026,11:03:10,135,IFPB TCC,D8:5D:4C:86:7E:66,-94,6,Práticas didáticas
17/03/2026,11:03:20,136,Lab. de Sinais Digitais,18:D6:C7:F9:37:2F,-61,11,Práticas didáticas
17/03/2026,11:03:20,136,GPDS,00:26:5A:66:55:EF,-66,6,Práticas didáticas
17/03/2026,11:03:20,136,APTelefonia,58:10:8C:91:F3:AA,-67,1,Práticas didáticas
17/03/2026,11:03:20,136,NPEF/NEPA,50:C7:BF:EF:56:8A,-69,3,Práticas didáticas
17/03/2026,11:03:20,136,Intelbras,18:0D:2C:7F:EB:AC,-69,7,Práticas didáticas
17/03/2026,11:03:20,136,Gabriel's Galaxy Tab S6 Lite,02:64:44:29:F3:37,-74,6,Práticas didáticas
17/03/2026,11:03:20,136,UA2-MiniLab,60:32:B1:2D:66:C3,-75,10,Práticas didáticas
17/03/2026,11:03:20,136,NUNYA_Room_2.4GHz,CC:32:E5:0C:FC:2B,-78,10,Práticas didáticas
17/03/2026,11:03:20,136,TP-Link_1324,7C:F1:7E:8D:13:22,-79,10,Práticas didáticas
17/03/2026,11:03:20,136,EBEF98EB-HE8D94xvZh1AO1J,44:D2:44:DD:32:41,-80,11,Práticas didáticas
17/03/2026,11:03:20,136,IFPB-Sala_Professor_14,48:51:CF:81:B0:9E,-81,5,Práticas didáticas
17/03/2026,11:03:20,136,IFPB-Sala_Professor_14,24:FD:0D:57:19:26,-82,2,Práticas didáticas
17/03/2026,11:03:20,136,IFPB,84:F1:47:54:EB:20,-82,6,Práticas didáticas
17/03/2026,11:03:20,136,IFPB-VISITANTE,84:F1:47:54:EB:22,-83,6,Práticas didáticas
17/03/2026,11:03:20,136,A55 de Arquimedes,02:11:D2:64:5E:D9,-85,1,Práticas didáticas
17/03/2026,11:03:20,136,IFPB-VISITANTE,84:F1:47:54:8B:A2,-86,11,Práticas didáticas
17/03/2026,11:03:20,136,IFPB,84:F1:47:54:F9:80,-86,11,Práticas didáticas
17/03/2026,11:03:20,136,IFPB,84:F1:47:54:8B:A0,-86,11,Práticas didáticas
17/03/2026,11:03:20,136,IFPB-VISITANTE,84:F1:47:54:F9:82,-87,11,Práticas didáticas
17/03/2026,11:03:20,136,IFPB TCC,D8:5D:4C:86:7E:66,-88,6,Práticas didáticas
17/03/2026,11:03:20,136,TP-Link_C3CB,D8:0D:17:3E:C3:CB,-92,3,Práticas didáticas
17/03/2026,11:03:20,136,IFPB-Sala_13,E8:94:F6:B9:2F:46,-95,4,Práticas didáticas
17/03/2026,11:03:30,137,Lab. de Sinais Digitais,18:D6:C7:F9:37:2F,-51,11,Práticas didáticas
17/03/2026,11:03:30,137,APTelefonia,58:10:8C:91:F3:AA,-64,1,Práticas didáticas
17/03/2026,11:03:30,137,NPEF/NEPA,50:C7:BF:EF:56:8A,-69,3,Práticas didáticas
17/03/2026,11:03:30,137,UA2-MiniLab,60:32:B1:2D:66:C3,-69,10,Práticas didáticas
17/03/2026,11:03:30,137,GPDS,00:26:5A:66:55:EF,-70,6,Práticas didáticas
17/03/2026,11:03:30,137,Intelbras,18:0D:2C:7F:EB:AC,-72,7,Práticas didáticas
17/03/2026,11:03:30,137,Gabriel's Galaxy Tab S6 Lite,02:64:44:29:F3:37,-74,6,Práticas didáticas
17/03/2026,11:03:30,137,IFPB-Sala_Professor_14,48:51:CF:81:B0:9E,-75,5,Práticas didáticas
17/03/2026,11:03:30,137,IFPB,84:F1:47:54:EB:20,-78,6,Práticas didáticas
17/03/2026,11:03:30,137,IFPB-VISITANTE,84:F1:47:54:EB:22,-78,6,Práticas didáticas
17/03/2026,11:03:30,137,EBEF98EB-HE8D94xvZh1AO1J,44:D2:44:DD:32:41,-79,11,Práticas didáticas
17/03/2026,11:03:30,137,NUNYA_Room_2.4GHz,CC:32:E5:0C:FC:2B,-80,10,Práticas didáticas
17/03/2026,11:03:30,137,IFPB-Sala_13,E8:94:F6:B9:2F:46,-82,4,Práticas didáticas
17/03/2026,11:03:30,137,IFPB-Sala_Professor_14,24:FD:0D:57:19:26,-83,2,Práticas didáticas
17/03/2026,11:03:30,137,TP-Link_1324,7C:F1:7E:8D:13:22,-83,10,Práticas didáticas
17/03/2026,11:03:30,137,A55 de Arquimedes,02:11:D2:64:5E:D9,-84,1,Práticas didáticas
17/03/2026,11:03:30,137,TP-Link_C3CB,D8:0D:17:3E:C3:CB,-84,3,Práticas didáticas
17/03/2026,11:03:30,137,IFPB,84:F1:47:54:F9:80,-84,11,Práticas didáticas
17/03/2026,11:03:30,137,IFPB-VISITANTE,84:F1:47:54:F9:82,-85,11,Práticas didáticas
17/03/2026,11:03:30,137,IFPB-VISITANTE,84:F1:47:54:8B:A2,-85,11,Práticas didáticas
17/03/2026,11:03:30,137,IFPB,84:F1:47:54:8B:A0,-86,11,Práticas didáticas
17/03/2026,11:03:30,137,IFPB-VISITANTE,84:F1:47:54:6B:82,-89,1,Práticas didáticas
17/03/2026,11:03:30,137,IFPB,E4:4E:2D:85:4C:60,-90,11,Práticas didáticas
17/03/2026,11:03:30,137,IFPB TCC,D8:5D:4C:86:7E:66,-91,6,Práticas didáticas
17/03/2026,11:03:30,137,IFPB-VISITANTE,E4:4E:2D:85:4C:62,-92,11,Práticas didáticas
17/03/2026,11:03:40,138,Lab. de Sinais Digitais,18:D6:C7:F9:37:2F,-57,11,Práticas didáticas
17/03/2026,11:03:40,138,UA2-MiniLab,60:32:B1:2D:66:C3,-62,10,Práticas didáticas
17/03/2026,11:03:40,138,NPEF/NEPA,50:C7:BF:EF:56:8A,-69,3,Práticas didáticas
17/03/2026,11:03:40,138,APTelefonia,58:10:8C:91:F3:AA,-71,1,Práticas didáticas
17/03/2026,11:03:40,138,GPDS,00:26:5A:66:55:EF,-71,6,Práticas didáticas
17/03/2026,11:03:40,138,Gabriel's Galaxy Tab S6 Lite,02:64:44:29:F3:37,-73,6,Práticas didáticas
17/03/2026,11:03:40,138,IFPB,84:F1:47:54:EB:20,-75,6,Práticas didáticas
17/03/2026,11:03:40,138,NUNYA_Room_2.4GHz,CC:32:E5:0C:FC:2B,-75,10,Práticas didáticas
17/03/2026,11:03:40,138,IFPB-VISITANTE,84:F1:47:54:EB:22,-76,6,Práticas didáticas
17/03/2026,11:03:40,138,A55 de Arquimedes,02:11:D2:64:5E:D9,-78,1,Práticas didáticas
17/03/2026,11:03:40,138,IFPB-Sala_Professor_14,24:FD:0D:57:19:26,-78,2,Práticas didáticas
17/03/2026,11:03:40,138,EBEF98EB-HE8D94xvZh1AO1J,44:D2:44:DD:32:41,-78,11,Práticas didáticas
17/03/2026,11:03:40,138,Intelbras,18:0D:2C:7F:EB:AC,-79,7,Práticas didáticas
17/03/2026,11:03:40,138,IFPB-Sala_Professor_14,48:51:CF:81:B0:9E,-83,5,Práticas didáticas
17/03/2026,11:03:40,138,IFPB-VISITANTE,E4:4E:2D:85:4C:62,-83,11,Práticas didáticas
17/03/2026,11:03:40,138,IFPB-VISITANTE,84:F1:47:54:6B:82,-84,1,Práticas didáticas
17/03/2026,11:03:40,138,IFPB,E4:4E:2D:85:4C:60,-84,11,Práticas didáticas
17/03/2026,11:03:40,138,IFPB,84:F1:47:54:6B:80,-85,1,Práticas didáticas
17/03/2026,11:03:40,138,IFPB,84:F1:47:54:F9:80,-85,11,Práticas didáticas
17/03/2026,11:03:40,138,IFPB-VISITANTE,84:F1:47:54:F9:82,-85,11,Práticas didáticas
17/03/2026,11:03:40,138,TP-Link_C3CB,D8:0D:17:3E:C3:CB,-88,3,Práticas didáticas
17/03/2026,11:03:41,138,IFPB,84:F1:47:54:8B:A0,-88,11,Práticas didáticas
17/03/2026,11:03:41,138,IFPB-VISITANTE,84:F1:47:54:8B:A2,-88,11,Práticas didáticas
17/03/2026,11:03:41,138,TP-Link_1324,7C:F1:7E:8D:13:22,-90,10,Práticas didáticas
17/03/2026,11:03:50,139,Lab. de Sinais Digitais,18:D6:C7:F9:37:2F,-61,11,Práticas didáticas
17/03/2026,11:03:50,139,UA2-MiniLab,60:32:B1:2D:66:C3,-63,10,Práticas didáticas
17/03/2026,11:03:50,139,APTelefonia,58:10:8C:91:F3:AA,-64,1,Práticas didáticas
17/03/2026,11:03:50,139,GPDS,00:26:5A:66:55:EF,-64,6,Práticas didáticas
17/03/2026,11:03:50,139,NPEF/NEPA,50:C7:BF:EF:56:8A,-65,3,Práticas didáticas
17/03/2026,11:03:50,139,Gabriel's Galaxy Tab S6 Lite,02:64:44:29:F3:37,-65,6,Práticas didáticas
17/03/2026,11:03:50,139,Intelbras,18:0D:2C:7F:EB:AC,-72,7,Práticas didáticas
17/03/2026,11:03:50,139,A55 de Arquimedes,02:11:D2:64:5E:D9,-74,1,Práticas didáticas
17/03/2026,11:03:50,139,IFPB-Sala_Professor_14,24:FD:0D:57:19:26,-79,2,Práticas didáticas
17/03/2026,11:03:50,139,TP-Link_C3CB,D8:0D:17:3E:C3:CB,-79,3,Práticas didáticas
17/03/2026,11:03:51,139,IFPB,84:F1:47:54:EB:20,-82,6,Práticas didáticas
17/03/2026,11:03:51,139,IFPB-VISITANTE,84:F1:47:54:EB:22,-82,6,Práticas didáticas
17/03/2026,11:03:51,139,NUNYA_Room_2.4GHz,CC:32:E5:0C:FC:2B,-82,10,Práticas didáticas
17/03/2026,11:03:51,139,IFPB,E4:4E:2D:85:4C:60,-82,11,Práticas didáticas
17/03/2026,11:03:51,139,IFPB-VISITANTE,E4:4E:2D:85:4C:62,-82,11,Práticas didáticas
17/03/2026,11:03:51,139,IFPB-VISITANTE,84:F1:47:54:8B:A2,-83,11,Práticas didáticas
17/03/2026,11:03:51,139,TP-Link_1324,7C:F1:7E:8D:13:22,-84,10,Práticas didáticas
17/03/2026,11:03:51,139,IFPB,84:F1:47:54:F9:80,-84,11,Práticas didáticas
17/03/2026,11:03:51,139,IFPB,84:F1:47:54:8B:A0,-84,11,Práticas didáticas
17/03/2026,11:03:51,139,IFPB,84:F1:47:54:6B:80,-85,1,Práticas didáticas
17/03/2026,11:03:51,139,IFPB-VISITANTE,84:F1:47:54:6B:82,-85,1,Práticas didáticas
17/03/2026,11:03:51,139,IFPB-VISITANTE,84:F1:47:54:F9:82,-85,11,Práticas didáticas
17/03/2026,11:03:51,139,EBEF98EB-HE8D94xvZh1AO1J,44:D2:44:DD:32:41,-88,11,Práticas didáticas
17/03/2026,11:04:00,140,APTelefonia,58:10:8C:91:F3:AA,-62,1,Práticas didáticas
17/03/2026,11:04:00,140,Lab. de Sinais Digitais,18:D6:C7:F9:37:2F,-62,11,Práticas didáticas
17/03/2026,11:04:00,140,UA2-MiniLab,60:32:B1:2D:66:C3,-66,10,Práticas didáticas
17/03/2026,11:04:00,140,GPDS,00:26:5A:66:55:EF,-67,6,Práticas didáticas
17/03/2026,11:04:00,140,IFPB-Sala_Professor_14,24:FD:0D:57:19:26,-68,2,Práticas didáticas
17/03/2026,11:04:01,140,NPEF/NEPA,50:C7:BF:EF:56:8A,-71,3,Práticas didáticas
17/03/2026,11:04:01,140,IFPB-Sala_Professor_14,48:51:CF:81:B0:9E,-72,5,Práticas didáticas
17/03/2026,11:04:01,140,Gabriel's Galaxy Tab S6 Lite,02:64:44:29:F3:37,-74,6,Práticas didáticas
17/03/2026,11:04:01,140,Intelbras,18:0D:2C:7F:EB:AC,-75,7,Práticas didáticas
17/03/2026,11:04:01,140,A55 de Arquimedes,02:11:D2:64:5E:D9,-76,1,Práticas didáticas
17/03/2026,11:04:01,140,IFPB-VISITANTE,84:F1:47:54:EB:22,-76,6,Práticas didáticas
17/03/2026,11:04:01,140,IFPB,84:F1:47:54:EB:20,-77,6,Práticas didáticas
17/03/2026,11:04:01,140,EBEF98EB-HE8D94xvZh1AO1J,44:D2:44:DD:32:41,-81,11,Práticas didáticas
17/03/2026,11:04:01,140,TP-Link_1324,7C:F1:7E:8D:13:22,-83,10,Práticas didáticas
17/03/2026,11:04:01,140,NUNYA_Room_2.4GHz,CC:32:E5:0C:FC:2B,-85,10,Práticas didáticas
17/03/2026,11:04:01,140,IFPB-VISITANTE,E4:4E:2D:85:4C:62,-85,11,Práticas didáticas
17/03/2026,11:04:01,140,IFPB,E4:4E:2D:85:4C:60,-86,11,Práticas didáticas
17/03/2026,11:04:01,140,IFPB,84:F1:47:54:F9:80,-86,11,Práticas didáticas
17/03/2026,11:04:01,140,IFPB-VISITANTE,84:F1:47:54:6B:82,-87,1,Práticas didáticas
17/03/2026,11:04:01,140,TP-Link_C3CB,D8:0D:17:3E:C3:CB,-87,3,Práticas didáticas
17/03/2026,11:04:01,140,IFPB-VISITANTE,84:F1:47:54:F9:82,-88,11,Práticas didáticas
17/03/2026,11:04:01,140,IFPB,84:F1:47:54:6B:80,-89,1,Práticas didáticas
17/03/2026,11:04:01,140,IFPB-VISITANTE,84:F1:47:54:8B:A2,-90,11,Práticas didáticas
17/03/2026,11:04:01,140,IFPB,84:F1:47:54:8B:A0,-90,11,Práticas didáticas
17/03/2026,11:04:01,140,IFPB-Sala_13,E8:94:F6:B9:2F:46,-91,4,Práticas didáticas
17/03/2026,11:04:58,141,IFPB-Sala_Professor_14,24:FD:0D:57:19:26,-52,2,Sala dos professores
17/03/2026,11:04:58,141,IFPB-Sala_Professor_14,48:51:CF:81:B0:9E,-56,5,Sala dos professores
17/03/2026,11:04:58,141,IFPB,84:F1:47:54:FD:C0,-62,1,Sala dos professores
17/03/2026,11:04:58,141,IFPB-VISITANTE,84:F1:47:54:FD:C2,-62,1,Sala dos professores
17/03/2026,11:04:58,141,APTelefonia,58:10:8C:91:F3:AA,-67,1,Sala dos professores
17/03/2026,11:04:58,141,TP-Link_C3CB,D8:0D:17:3E:C3:CB,-68,3,Sala dos professores
17/03/2026,11:04:58,141,NUNYA_Room_2.4GHz,CC:32:E5:0C:FC:2B,-69,10,Sala dos professores
17/03/2026,11:04:58,141,Intelbras,18:0D:2C:7F:EB:AC,-71,7,Sala dos professores
17/03/2026,11:04:58,141,IFPB TCC,D8:5D:4C:86:7E:66,-73,6,Sala dos professores
17/03/2026,11:04:58,141,GPDS,00:26:5A:66:55:EF,-76,6,Sala dos professores
17/03/2026,11:04:58,141,Lab. de Sinais Digitais,18:D6:C7:F9:37:2F,-78,11,Sala dos professores
17/03/2026,11:04:58,141,IFPB-Sala_13,E8:94:F6:B9:2F:46,-81,4,Sala dos professores
17/03/2026,11:04:58,141,UA2-MiniLab,60:32:B1:2D:66:C3,-86,10,Sala dos professores
17/03/2026,11:04:58,141,NPEF/NEPA,50:C7:BF:EF:56:8A,-88,3,Sala dos professores
17/03/2026,11:04:58,141,TP-Link_1324,7C:F1:7E:8D:13:22,-88,10,Sala dos professores
17/03/2026,11:04:58,141,Lab Redes Convergentes,64:70:02:99:FE:F4,-88,11,Sala dos professores
17/03/2026,11:04:58,141,RFA-MG53,06:74:1F:4C:C3:47,-92,1,Sala dos professores
17/03/2026,11:04:58,141,EBEF98EB-HE8D94xvZh1AO1J,44:D2:44:DD:32:41,-93,11,Sala dos professores
17/03/2026,11:05:08,142,IFPB-Sala_Professor_14,48:51:CF:81:B0:9E,-57,5,Sala dos professores
17/03/2026,11:05:08,142,IFPB-Sala_Professor_14,24:FD:0D:57:19:26,-59,2,Sala dos professores
17/03/2026,11:05:08,142,IFPB-Sala_13,E8:94:F6:B9:2F:46,-63,4,Sala dos professores
17/03/2026,11:05:08,142,IFPB,84:F1:47:54:FD:C0,-66,1,Sala dos professores
17/03/2026,11:05:08,142,IFPB-VISITANTE,84:F1:47:54:FD:C2,-66,1,Sala dos professores
17/03/2026,11:05:08,142,NUNYA_Room_2.4GHz,CC:32:E5:0C:FC:2B,-67,10,Sala dos professores
17/03/2026,11:05:08,142,TP-Link_C3CB,D8:0D:17:3E:C3:CB,-70,3,Sala dos professores
17/03/2026,11:05:08,142,Intelbras,18:0D:2C:7F:EB:AC,-74,7,Sala dos professores
17/03/2026,11:05:08,142,Lab. de Sinais Digitais,18:D6:C7:F9:37:2F,-74,11,Sala dos professores
17/03/2026,11:05:08,142,IFPB TCC,D8:5D:4C:86:7E:66,-77,6,Sala dos professores
17/03/2026,11:05:08,142,APTelefonia,58:10:8C:91:F3:AA,-78,1,Sala dos professores
17/03/2026,11:05:08,142,GPDS,00:26:5A:66:55:EF,-80,6,Sala dos professores
17/03/2026,11:05:08,142,UA2-MiniLab,60:32:B1:2D:66:C3,-83,10,Sala dos professores
17/03/2026,11:05:08,142,TP-Link_1324,7C:F1:7E:8D:13:22,-86,10,Sala dos professores
17/03/2026,11:05:08,142,IFPB,84:F1:47:54:7F:20,-90,11,Sala dos professores
17/03/2026,11:05:08,142,IFPB-VISITANTE,84:F1:47:54:7F:22,-91,11,Sala dos professores
17/03/2026,11:05:08,142,Lab Redes Convergentes,64:70:02:99:FE:F4,-92,11,Sala dos professores
17/03/2026,11:05:08,142,NPEF/NEPA,50:C7:BF:EF:56:8A,-95,3,Sala dos professores
17/03/2026,11:05:08,142,EBEF98EB-HE8D94xvZh1AO1J,44:D2:44:DD:32:41,-96,11,Sala dos professores
17/03/2026,11:05:18,143,IFPB-Sala_Professor_14,24:FD:0D:57:19:26,-57,2,Sala dos professores
17/03/2026,11:05:18,143,IFPB,84:F1:47:54:FD:C0,-63,1,Sala dos professores
17/03/2026,11:05:18,143,IFPB-VISITANTE,84:F1:47:54:FD:C2,-64,1,Sala dos professores
17/03/2026,11:05:18,143,IFPB-Sala_Professor_14,48:51:CF:81:B0:9E,-65,5,Sala dos professores
17/03/2026,11:05:18,143,TP-Link_C3CB,D8:0D:17:3E:C3:CB,-66,3,Sala dos professores
17/03/2026,11:05:18,143,NUNYA_Room_2.4GHz,CC:32:E5:0C:FC:2B,-66,10,Sala dos professores
17/03/2026,11:05:18,143,APTelefonia,58:10:8C:91:F3:AA,-67,1,Sala dos professores
17/03/2026,11:05:18,143,IFPB TCC,D8:5D:4C:86:7E:66,-69,6,Sala dos professores
17/03/2026,11:05:18,143,IFPB-Sala_13,E8:94:F6:B9:2F:46,-70,4,Sala dos professores
17/03/2026,11:05:18,143,Lab. de Sinais Digitais,18:D6:C7:F9:37:2F,-72,11,Sala dos professores
17/03/2026,11:05:18,143,Intelbras,18:0D:2C:7F:EB:AC,-76,7,Sala dos professores
17/03/2026,11:05:18,143,GPDS,00:26:5A:66:55:EF,-77,6,Sala dos professores
17/03/2026,11:05:18,143,UA2-MiniLab,60:32:B1:2D:66:C3,-77,10,Sala dos professores
17/03/2026,11:05:18,143,TP-Link_1324,7C:F1:7E:8D:13:22,-83,10,Sala dos professores
17/03/2026,11:05:18,143,NPEF/NEPA,50:C7:BF:EF:56:8A,-89,3,Sala dos professores
17/03/2026,11:05:18,143,Lab Redes Convergentes,64:70:02:99:FE:F4,-91,11,Sala dos professores
17/03/2026,11:05:18,143,EBEF98EB-HE8D94xvZh1AO1J,44:D2:44:DD:32:41,-92,11,Sala dos professores
17/03/2026,11:05:28,144,IFPB-Sala_Professor_14,24:FD:0D:57:19:26,-50,2,Sala dos professores
17/03/2026,11:05:28,144,IFPB,84:F1:47:54:FD:C0,-64,1,Sala dos professores
17/03/2026,11:05:28,144,IFPB-VISITANTE,84:F1:47:54:FD:C2,-64,1,Sala dos professores
17/03/2026,11:05:28,144,IFPB-Sala_Professor_14,48:51:CF:81:B0:9E,-71,5,Sala dos professores
17/03/2026,11:05:28,144,APTelefonia,58:10:8C:91:F3:AA,-72,1,Sala dos professores
17/03/2026,11:05:28,144,IFPB-Sala_13,E8:94:F6:B9:2F:46,-75,4,Sala dos professores
17/03/2026,11:05:28,144,Intelbras,18:0D:2C:7F:EB:AC,-75,7,Sala dos professores
17/03/2026,11:05:28,144,TP-Link_C3CB,D8:0D:17:3E:C3:CB,-78,3,Sala dos professores
17/03/2026,11:05:28,144,Lab. de Sinais Digitais,18:D6:C7:F9:37:2F,-78,11,Sala dos professores
17/03/2026,11:05:28,144,IFPB TCC,D8:5D:4C:86:7E:66,-80,6,Sala dos professores
17/03/2026,11:05:28,144,GPDS,00:26:5A:66:55:EF,-81,6,Sala dos professores
17/03/2026,11:05:28,144,NUNYA_Room_2.4GHz,CC:32:E5:0C:FC:2B,-82,10,Sala dos professores
17/03/2026,11:05:28,144,UA2-MiniLab,60:32:B1:2D:66:C3,-83,10,Sala dos professores
17/03/2026,11:05:28,144,IFPB,84:F1:47:54:7F:20,-86,11,Sala dos professores
17/03/2026,11:05:28,144,IFPB-VISITANTE,84:F1:47:54:7F:22,-86,11,Sala dos professores
17/03/2026,11:05:28,144,NPEF/NEPA,50:C7:BF:EF:56:8A,-91,3,Sala dos professores
17/03/2026,11:05:28,144,TP-Link_1324,7C:F1:7E:8D:13:22,-91,10,Sala dos professores
17/03/2026,11:05:28,144,EBEF98EB-HE8D94xvZh1AO1J,44:D2:44:DD:32:41,-91,11,Sala dos professores
17/03/2026,11:05:28,144,IFPB-VISITANTE,E4:4E:2D:85:4C:62,-92,11,Sala dos professores
17/03/2026,11:05:28,144,Lab Redes Convergentes,64:70:02:99:FE:F4,-92,11,Sala dos professores
17/03/2026,11:05:38,145,IFPB,84:F1:47:54:FD:C0,-56,1,Sala dos professores
17/03/2026,11:05:38,145,IFPB-VISITANTE,84:F1:47:54:FD:C2,-56,1,Sala dos professores
17/03/2026,11:05:38,145,IFPB-Sala_Professor_14,24:FD:0D:57:19:26,-56,2,Sala dos professores
17/03/2026,11:05:38,145,IFPB-Sala_Professor_14,48:51:CF:81:B0:9E,-58,5,Sala dos professores
17/03/2026,11:05:38,145,NUNYA_Room_2.4GHz,CC:32:E5:0C:FC:2B,-71,10,Sala dos professores
17/03/2026,11:05:38,145,TP-Link_C3CB,D8:0D:17:3E:C3:CB,-72,3,Sala dos professores
17/03/2026,11:05:38,145,IFPB-Sala_13,E8:94:F6:B9:2F:46,-73,4,Sala dos professores
17/03/2026,11:05:38,145,IFPB TCC,D8:5D:4C:86:7E:66,-75,6,Sala dos professores
17/03/2026,11:05:38,145,Lab. de Sinais Digitais,18:D6:C7:F9:37:2F,-75,11,Sala dos professores
17/03/2026,11:05:38,145,GPDS,00:26:5A:66:55:EF,-76,6,Sala dos professores
17/03/2026,11:05:38,145,UA2-MiniLab,60:32:B1:2D:66:C3,-76,10,Sala dos professores
17/03/2026,11:05:38,145,Intelbras,18:0D:2C:7F:EB:AC,-78,7,Sala dos professores
17/03/2026,11:05:38,145,APTelefonia,58:10:8C:91:F3:AA,-82,1,Sala dos professores
17/03/2026,11:05:38,145,TP-Link_1324,7C:F1:7E:8D:13:22,-86,10,Sala dos professores
17/03/2026,11:05:38,145,NPEF/NEPA,50:C7:BF:EF:56:8A,-87,3,Sala dos professores
17/03/2026,11:05:38,145,IFPB,E4:4E:2D:85:4C:60,-88,11,Sala dos professores
17/03/2026,11:05:38,145,Lab Redes Convergentes,64:70:02:99:FE:F4,-95,11,Sala dos professores
17/03/2026,11:05:48,146,IFPB-Sala_Professor_14,24:FD:0D:57:19:26,-56,2,Sala dos professores
17/03/2026,11:05:48,146,IFPB-Sala_Professor_14,48:51:CF:81:B0:9E,-61,5,Sala dos professores
17/03/2026,11:05:48,146,IFPB,84:F1:47:54:FD:C0,-66,1,Sala dos professores
17/03/2026,11:05:48,146,IFPB-VISITANTE,84:F1:47:54:FD:C2,-66,1,Sala dos professores
17/03/2026,11:05:48,146,APTelefonia,58:10:8C:91:F3:AA,-66,1,Sala dos professores
17/03/2026,11:05:48,146,NUNYA_Room_2.4GHz,CC:32:E5:0C:FC:2B,-66,10,Sala dos professores
17/03/2026,11:05:48,146,TP-Link_C3CB,D8:0D:17:3E:C3:CB,-72,3,Sala dos professores
17/03/2026,11:05:48,146,IFPB-Sala_13,E8:94:F6:B9:2F:46,-72,4,Sala dos professores
17/03/2026,11:05:48,146,GPDS,00:26:5A:66:55:EF,-72,6,Sala dos professores
17/03/2026,11:05:48,146,UA2-MiniLab,60:32:B1:2D:66:C3,-76,10,Sala dos professores
17/03/2026,11:05:48,146,Lab. de Sinais Digitais,18:D6:C7:F9:37:2F,-77,11,Sala dos professores
17/03/2026,11:05:48,146,Intelbras,18:0D:2C:7F:EB:AC,-79,7,Sala dos professores
17/03/2026,11:05:48,146,IFPB TCC,D8:5D:4C:86:7E:66,-80,6,Sala dos professores
17/03/2026,11:05:48,146,TP-Link_1324,7C:F1:7E:8D:13:22,-85,10,Sala dos professores
17/03/2026,11:05:48,146,NPEF/NEPA,50:C7:BF:EF:56:8A,-87,3,Sala dos professores
17/03/2026,11:05:48,146,EBEF98EB-HE8D94xvZh1AO1J,44:D2:44:DD:32:41,-91,11,Sala dos professores
17/03/2026,11:05:48,146,Lab Redes Convergentes,64:70:02:99:FE:F4,-96,11,Sala dos professores
17/03/2026,11:05:58,147,IFPB-Sala_Professor_14,24:FD:0D:57:19:26,-53,2,Sala dos professores
17/03/2026,11:05:58,147,IFPB-Sala_Professor_14,48:51:CF:81:B0:9E,-60,5,Sala dos professores
17/03/2026,11:05:58,147,IFPB,84:F1:47:54:FD:C0,-61,1,Sala dos professores
17/03/2026,11:05:58,147,IFPB-VISITANTE,84:F1:47:54:FD:C2,-61,1,Sala dos professores
17/03/2026,11:05:58,147,IFPB-Sala_13,E8:94:F6:B9:2F:46,-67,4,Sala dos professores
17/03/2026,11:05:58,147,NUNYA_Room_2.4GHz,CC:32:E5:0C:FC:2B,-67,10,Sala dos professores
17/03/2026,11:05:58,147,IFPB TCC,D8:5D:4C:86:7E:66,-69,6,Sala dos professores
17/03/2026,11:05:58,147,TP-Link_C3CB,D8:0D:17:3E:C3:CB,-72,3,Sala dos professores
17/03/2026,11:05:58,147,Intelbras,18:0D:2C:7F:EB:AC,-73,7,Sala dos professores
17/03/2026,11:05:58,147,Lab. de Sinais Digitais,18:D6:C7:F9:37:2F,-74,11,Sala dos professores
17/03/2026,11:05:58,147,APTelefonia,58:10:8C:91:F3:AA,-75,1,Sala dos professores
17/03/2026,11:05:58,147,UA2-MiniLab,60:32:B1:2D:66:C3,-77,10,Sala dos professores
17/03/2026,11:05:58,147,TP-Link_1324,7C:F1:7E:8D:13:22,-80,10,Sala dos professores
17/03/2026,11:05:58,147,Lab Redes Convergentes,64:70:02:99:FE:F4,-84,11,Sala dos professores
17/03/2026,11:05:58,147,GPDS,00:26:5A:66:55:EF,-85,6,Sala dos professores
17/03/2026,11:05:58,147,IFPB,84:F1:47:54:7F:20,-89,11,Sala dos professores
17/03/2026,11:05:58,147,IFPB-VISITANTE,84:F1:47:54:95:E2,-89,11,Sala dos professores
17/03/2026,11:05:58,147,NPEF/NEPA,50:C7:BF:EF:56:8A,-91,3,Sala dos professores
17/03/2026,11:05:58,147,EBEF98EB-HE8D94xvZh1AO1J,44:D2:44:DD:32:41,-91,11,Sala dos professores
17/03/2026,11:06:08,148,IFPB-Sala_Professor_14,24:FD:0D:57:19:26,-57,2,Sala dos professores
17/03/2026,11:06:08,148,IFPB-Sala_Professor_14,48:51:CF:81:B0:9E,-57,5,Sala dos professores
17/03/2026,11:06:08,148,IFPB,84:F1:47:54:FD:C0,-60,1,Sala dos professores
17/03/2026,11:06:08,148,IFPB-VISITANTE,84:F1:47:54:FD:C2,-60,1,Sala dos professores
17/03/2026,11:06:08,148,IFPB TCC,D8:5D:4C:86:7E:66,-67,6,Sala dos professores
17/03/2026,11:06:08,148,APTelefonia,58:10:8C:91:F3:AA,-68,1,Sala dos professores
17/03/2026,11:06:08,148,NUNYA_Room_2.4GHz,CC:32:E5:0C:FC:2B,-69,10,Sala dos professores
17/03/2026,11:06:08,148,IFPB-Sala_13,E8:94:F6:B9:2F:46,-72,4,Sala dos professores
17/03/2026,11:06:08,148,TP-Link_C3CB,D8:0D:17:3E:C3:CB,-73,3,Sala dos professores
17/03/2026,11:06:08,148,Intelbras,18:0D:2C:7F:EB:AC,-75,7,Sala dos professores
17/03/2026,11:06:08,148,GPDS,00:26:5A:66:55:EF,-81,6,Sala dos professores
17/03/2026,11:06:08,148,UA2-MiniLab,60:32:B1:2D:66:C3,-81,10,Sala dos professores
17/03/2026,11:06:08,148,Lab. de Sinais Digitais,18:D6:C7:F9:37:2F,-81,11,Sala dos professores
17/03/2026,11:06:08,148,TP-Link_1324,7C:F1:7E:8D:13:22,-85,10,Sala dos professores
17/03/2026,11:06:08,148,NPEF/NEPA,50:C7:BF:EF:56:8A,-89,3,Sala dos professores
17/03/2026,11:06:08,148,Lab Redes Convergentes,64:70:02:99:FE:F4,-89,11,Sala dos professores
17/03/2026,11:06:08,148,IFPB-VISITANTE,84:F1:47:54:95:E2,-91,11,Sala dos professores
17/03/2026,11:06:08,148,Gabriel's Galaxy Tab S6 Lite,02:64:44:29:F3:37,-94,6,Sala dos professores
17/03/2026,11:06:08,148,EBEF98EB-HE8D94xvZh1AO1J,44:D2:44:DD:32:41,-95,11,Sala dos professores
17/03/2026,11:06:18,149,IFPB-Sala_Professor_14,24:FD:0D:57:19:26,-51,2,Sala dos professores
17/03/2026,11:06:18,149,IFPB,84:F1:47:54:FD:C0,-64,1,Sala dos professores
17/03/2026,11:06:18,149,IFPB-VISITANTE,84:F1:47:54:FD:C2,-64,1,Sala dos professores
17/03/2026,11:06:18,149,TP-Link_C3CB,D8:0D:17:3E:C3:CB,-65,3,Sala dos professores
17/03/2026,11:06:18,149,IFPB-Sala_13,E8:94:F6:B9:2F:46,-65,4,Sala dos professores
17/03/2026,11:06:18,149,APTelefonia,58:10:8C:91:F3:AA,-68,1,Sala dos professores
17/03/2026,11:06:18,149,IFPB-Sala_Professor_14,48:51:CF:81:B0:9E,-68,5,Sala dos professores
17/03/2026,11:06:18,149,IFPB TCC,D8:5D:4C:86:7E:66,-73,6,Sala dos professores
17/03/2026,11:06:18,149,NUNYA_Room_2.4GHz,CC:32:E5:0C:FC:2B,-73,10,Sala dos professores
17/03/2026,11:06:18,149,Lab. de Sinais Digitais,18:D6:C7:F9:37:2F,-73,11,Sala dos professores
17/03/2026,11:06:18,149,Intelbras,18:0D:2C:7F:EB:AC,-79,7,Sala dos professores
17/03/2026,11:06:18,149,UA2-MiniLab,60:32:B1:2D:66:C3,-84,10,Sala dos professores
17/03/2026,11:06:18,149,TP-Link_1324,7C:F1:7E:8D:13:22,-86,10,Sala dos professores
17/03/2026,11:06:18,149,IFPB-VISITANTE,84:F1:47:54:7F:22,-86,11,Sala dos professores
17/03/2026,11:06:18,149,IFPB-VISITANTE,84:F1:47:54:95:E2,-86,11,Sala dos professores
17/03/2026,11:06:18,149,IFPB,84:F1:47:54:7F:20,-87,11,Sala dos professores
17/03/2026,11:06:18,149,IFPB,84:F1:47:54:95:E0,-87,11,Sala dos professores
17/03/2026,11:06:18,149,GPDS,00:26:5A:66:55:EF,-88,6,Sala dos professores
17/03/2026,11:06:18,149,NPEF/NEPA,50:C7:BF:EF:56:8A,-92,3,Sala dos professores
17/03/2026,11:06:18,149,EBEF98EB-HE8D94xvZh1AO1J,44:D2:44:DD:32:41,-92,11,Sala dos professores
17/03/2026,11:06:18,149,Lab Redes Convergentes,64:70:02:99:FE:F4,-93,11,Sala dos professores
17/03/2026,11:06:28,150,IFPB-Sala_Professor_14,24:FD:0D:57:19:26,-49,2,Sala dos professores
17/03/2026,11:06:28,150,IFPB,84:F1:47:54:FD:C0,-59,1,Sala dos professores
17/03/2026,11:06:28,150,IFPB-VISITANTE,84:F1:47:54:FD:C2,-59,1,Sala dos professores
17/03/2026,11:06:28,150,IFPB-Sala_Professor_14,48:51:CF:81:B0:9E,-68,5,Sala dos professores
17/03/2026,11:06:28,150,NUNYA_Room_2.4GHz,CC:32:E5:0C:FC:2B,-68,10,Sala dos professores
17/03/2026,11:06:28,150,TP-Link_C3CB,D8:0D:17:3E:C3:CB,-72,3,Sala dos professores
17/03/2026,11:06:28,150,IFPB TCC,D8:5D:4C:86:7E:66,-72,6,Sala dos professores
17/03/2026,11:06:28,150,APTelefonia,58:10:8C:91:F3:AA,-74,1,Sala dos professores
17/03/2026,11:06:28,150,IFPB-Sala_13,E8:94:F6:B9:2F:46,-75,4,Sala dos professores
17/03/2026,11:06:28,150,UA2-MiniLab,60:32:B1:2D:66:C3,-75,10,Sala dos professores
17/03/2026,11:06:28,150,Lab. de Sinais Digitais,18:D6:C7:F9:37:2F,-76,11,Sala dos professores
17/03/2026,11:06:28,150,GPDS,00:26:5A:66:55:EF,-79,6,Sala dos professores
17/03/2026,11:06:28,150,Intelbras,18:0D:2C:7F:EB:AC,-83,7,Sala dos professores
17/03/2026,11:06:28,150,TP-Link_1324,7C:F1:7E:8D:13:22,-85,10,Sala dos professores
17/03/2026,11:06:28,150,NPEF/NEPA,50:C7:BF:EF:56:8A,-89,3,Sala dos professores
17/03/2026,11:06:28,150,Gabriel's Galaxy Tab S6 Lite,02:64:44:29:F3:37,-94,6,Sala dos professores
17/03/2026,11:06:28,150,EBEF98EB-HE8D94xvZh1AO1J,44:D2:44:DD:32:41,-94,11,Sala dos professores
17/03/2026,11:15:53,151,TP-Link_1324,7C:F1:7E:8D:13:22,-69,10,Lab. química 03
17/03/2026,11:15:53,151,IFPB,84:F1:47:54:6B:80,-70,1,Lab. química 03
17/03/2026,11:15:53,151,IFPB-VISITANTE,84:F1:47:54:6B:82,-70,1,Lab. química 03
17/03/2026,11:15:53,151,IFPB,B8:11:4B:1D:12:00,-78,1,Lab. química 03
17/03/2026,11:15:53,151,APTelefonia,58:10:8C:91:F3:AA,-80,1,Lab. química 03
17/03/2026,11:15:53,151,IFPB-VISITANTE,B8:11:4B:1D:12:02,-80,1,Lab. química 03
17/03/2026,11:15:53,151,IFPB,24:36:DA:2B:BC:00,-83,6,Lab. química 03
17/03/2026,11:15:53,151,IFPB-VISITANTE,24:36:DA:2B:BC:02,-84,6,Lab. química 03
17/03/2026,11:15:53,151,Intelbras,18:0D:2C:7F:EB:AC,-84,7,Lab. química 03
17/03/2026,11:15:53,151,IFPB,2C:57:41:CD:E1:C0,-85,11,Lab. química 03
17/03/2026,11:15:53,151,IFPB-VISITANTE,2C:57:41:CD:E1:C2,-85,11,Lab. química 03
17/03/2026,11:15:53,151,IFPB-VISITANTE,84:F1:47:54:7F:62,-86,6,Lab. química 03
17/03/2026,11:15:53,151,IFPB,84:F1:47:54:7F:60,-87,6,Lab. química 03
17/03/2026,11:15:53,151,IFPB-VISITANTE,84:F1:47:54:81:02,-89,11,Lab. química 03
17/03/2026,11:15:53,151,IFPB,84:F1:47:54:81:00,-90,11,Lab. química 03
17/03/2026,11:15:53,151,Lab. de Sinais Digitais,18:D6:C7:F9:37:2F,-91,11,Lab. química 03
17/03/2026,11:15:53,151,Gabriel's Galaxy Tab S6 Lite,02:64:44:29:F3:37,-92,6,Lab. química 03
17/03/2026,11:15:53,151,xiomi8pro,BA:AB:F7:24:01:4D,-93,6,Lab. química 03
17/03/2026,11:15:53,151,brisa-3861242,24:2F:D0:CC:ED:8C,-95,2,Lab. química 03
17/03/2026,11:15:53,151,NPEF/NEPA,50:C7:BF:EF:56:8A,-96,3,Lab. química 03
17/03/2026,11:16:03,152,TP-Link_1324,7C:F1:7E:8D:13:22,-67,10,Lab. química 03
17/03/2026,11:16:03,152,IFPB,84:F1:47:54:6B:80,-71,1,Lab. química 03
17/03/2026,11:16:03,152,IFPB-VISITANTE,84:F1:47:54:6B:82,-72,1,Lab. química 03
17/03/2026,11:16:03,152,IFPB-VISITANTE,24:36:DA:2B:BC:02,-80,6,Lab. química 03
17/03/2026,11:16:03,152,IFPB,B8:11:4B:1D:12:00,-81,1,Lab. química 03
17/03/2026,11:16:03,152,IFPB,24:36:DA:2B:BC:00,-81,6,Lab. química 03
17/03/2026,11:16:03,152,IFPB-VISITANTE,B8:11:4B:1D:12:02,-82,1,Lab. química 03
17/03/2026,11:16:03,152,IFPB,84:F1:47:54:7F:60,-83,6,Lab. química 03
17/03/2026,11:16:03,152,IFPB-VISITANTE,84:F1:47:54:7F:62,-83,6,Lab. química 03
17/03/2026,11:16:03,152,APTelefonia,58:10:8C:91:F3:AA,-84,1,Lab. química 03
17/03/2026,11:16:03,152,IFPB-VISITANTE,84:F1:47:54:81:02,-85,11,Lab. química 03
17/03/2026,11:16:03,152,IFPB-VISITANTE,2C:57:41:CD:E1:C2,-85,11,Lab. química 03
17/03/2026,11:16:03,152,IFPB-VISITANTE,24:36:DA:A2:7F:42,-86,6,Lab. química 03
17/03/2026,11:16:03,152,IFPB,84:F1:47:54:81:00,-86,11,Lab. química 03
17/03/2026,11:16:03,152,IFPB,24:36:DA:A2:7F:40,-87,6,Lab. química 03
17/03/2026,11:16:03,152,IFPB,84:F1:47:54:97:00,-88,1,Lab. química 03
17/03/2026,11:16:03,152,NPEF/NEPA,50:C7:BF:EF:56:8A,-88,3,Lab. química 03
17/03/2026,11:16:03,152,xiomi8pro,BA:AB:F7:24:01:4D,-88,6,Lab. química 03
17/03/2026,11:16:03,152,Intelbras,18:0D:2C:7F:EB:AC,-91,7,Lab. química 03
17/03/2026,11:16:03,152,Lab. de Sinais Digitais,18:D6:C7:F9:37:2F,-94,11,Lab. química 03
17/03/2026,11:16:13,153,IFPB,84:F1:47:54:6B:80,-73,1,Lab. química 03
17/03/2026,11:16:13,153,IFPB-VISITANTE,84:F1:47:54:6B:82,-73,1,Lab. química 03
17/03/2026,11:16:13,153,IFPB,24:36:DA:2B:BC:00,-75,6,Lab. química 03
17/03/2026,11:16:13,153,IFPB-VISITANTE,24:36:DA:2B:BC:02,-77,6,Lab. química 03
17/03/2026,11:16:13,153,IFPB-VISITANTE,B8:11:4B:1D:12:02,-78,1,Lab. química 03
17/03/2026,11:16:13,153,IFPB,B8:11:4B:1D:12:00,-78,1,Lab. química 03
17/03/2026,11:16:13,153,APTelefonia,58:10:8C:91:F3:AA,-79,1,Lab. química 03
17/03/2026,11:16:13,153,TP-Link_1324,7C:F1:7E:8D:13:22,-80,10,Lab. química 03
17/03/2026,11:16:13,153,IFPB-VISITANTE,2C:57:41:CD:E1:C2,-82,11,Lab. química 03
17/03/2026,11:16:13,153,IFPB,2C:57:41:CD:E1:C0,-83,11,Lab. química 03
17/03/2026,11:16:13,153,IFPB,24:36:DA:A2:7F:40,-86,6,Lab. química 03
17/03/2026,11:16:13,153,IFPB-VISITANTE,24:36:DA:A2:7F:42,-86,6,Lab. química 03
17/03/2026,11:16:13,153,IFPB-VISITANTE,84:F1:47:54:7F:62,-86,6,Lab. química 03
17/03/2026,11:16:13,153,IFPB-VISITANTE,84:F1:47:54:81:02,-86,11,Lab. química 03
17/03/2026,11:16:13,153,IFPB,84:F1:47:54:97:00,-87,1,Lab. química 03
17/03/2026,11:16:13,153,IFPB,84:F1:47:54:7F:60,-87,6,Lab. química 03
17/03/2026,11:16:13,153,Intelbras,18:0D:2C:7F:EB:AC,-87,7,Lab. química 03
17/03/2026,11:16:13,153,IFPB,84:F1:47:54:81:00,-87,11,Lab. química 03
17/03/2026,11:16:13,153,IFPB-VISITANTE,84:F1:47:54:97:02,-88,1,Lab. química 03
17/03/2026,11:16:13,153,NPEF/NEPA,50:C7:BF:EF:56:8A,-89,3,Lab. química 03
17/03/2026,11:16:13,153,Lab. de Sinais Digitais,18:D6:C7:F9:37:2F,-89,11,Lab. química 03
17/03/2026,11:16:13,153,Gabriel's Galaxy Tab S6 Lite,02:64:44:29:F3:37,-93,6,Lab. química 03
17/03/2026,11:16:23,154,IFPB,84:F1:47:54:6B:80,-70,1,Lab. química 03
17/03/2026,11:16:23,154,IFPB-VISITANTE,84:F1:47:54:6B:82,-70,1,Lab. química 03
17/03/2026,11:16:23,154,APTelefonia,58:10:8C:91:F3:AA,-73,1,Lab. química 03
17/03/2026,11:16:23,154,TP-Link_1324,7C:F1:7E:8D:13:22,-73,10,Lab. química 03
17/03/2026,11:16:23,154,IFPB,24:36:DA:2B:BC:00,-78,6,Lab. química 03
17/03/2026,11:16:23,154,IFPB-VISITANTE,24:36:DA:2B:BC:02,-78,6,Lab. química 03
17/03/2026,11:16:23,154,IFPB,2C:57:41:CD:E1:C0,-81,11,Lab. química 03
17/03/2026,11:16:23,154,IFPB,B8:11:4B:1D:12:00,-82,1,Lab. química 03
17/03/2026,11:16:23,154,IFPB-VISITANTE,B8:11:4B:1D:12:02,-82,1,Lab. química 03
17/03/2026,11:16:23,154,IFPB,84:F1:47:54:7F:60,-82,6,Lab. química 03
17/03/2026,11:16:23,154,IFPB-VISITANTE,2C:57:41:CD:E1:C2,-82,11,Lab. química 03
17/03/2026,11:16:23,154,IFPB-VISITANTE,84:F1:47:54:7F:62,-83,6,Lab. química 03
17/03/2026,11:16:23,154,xiomi8pro,BA:AB:F7:24:01:4D,-86,6,Lab. química 03
17/03/2026,11:16:23,154,IFPB-VISITANTE,84:F1:47:54:97:02,-87,1,Lab. química 03
17/03/2026,11:16:23,154,IFPB,84:F1:47:54:97:00,-88,1,Lab. química 03
17/03/2026,11:16:23,154,brisa-3861242,24:2F:D0:CC:ED:8C,-88,2,Lab. química 03
17/03/2026,11:16:23,154,IFPB,84:F1:47:54:81:00,-89,11,Lab. química 03
17/03/2026,11:16:23,154,IFPB-VISITANTE,84:F1:47:54:81:02,-89,11,Lab. química 03
17/03/2026,11:16:23,154,Intelbras,18:0D:2C:7F:EB:AC,-90,7,Lab. química 03
17/03/2026,11:16:23,154,COPLAN,C4:12:F5:D3:01:90,-92,1,Lab. química 03
17/03/2026,11:16:23,154,NPEF/NEPA,50:C7:BF:EF:56:8A,-95,3,Lab. química 03
17/03/2026,11:16:23,154,Gabriel's Galaxy Tab S6 Lite,02:64:44:29:F3:37,-96,6,Lab. química 03
17/03/2026,11:16:33,155,TP-Link_1324,7C:F1:7E:8D:13:22,-71,10,Lab. química 03
17/03/2026,11:16:33,155,IFPB-VISITANTE,84:F1:47:54:6B:82,-76,1,Lab. química 03
17/03/2026,11:16:33,155,IFPB,84:F1:47:54:6B:80,-77,1,Lab. química 03
17/03/2026,11:16:33,155,IFPB-VISITANTE,84:F1:47:54:7F:62,-80,6,Lab. química 03
17/03/2026,11:16:33,155,IFPB,84:F1:47:54:7F:60,-80,6,Lab. química 03
17/03/2026,11:16:33,155,IFPB,24:36:DA:2B:BC:00,-82,6,Lab. química 03
17/03/2026,11:16:33,155,IFPB-VISITANTE,24:36:DA:2B:BC:02,-82,6,Lab. química 03
17/03/2026,11:16:33,155,APTelefonia,58:10:8C:91:F3:AA,-83,1,Lab. química 03
17/03/2026,11:16:33,155,IFPB-VISITANTE,B8:11:4B:1D:12:02,-84,1,Lab. química 03
17/03/2026,11:16:33,155,IFPB-VISITANTE,2C:57:41:CD:E1:C2,-84,11,Lab. química 03
17/03/2026,11:16:33,155,IFPB,B8:11:4B:1D:12:00,-85,1,Lab. química 03
17/03/2026,11:16:33,155,IFPB,2C:57:41:CD:E1:C0,-85,11,Lab. química 03
17/03/2026,11:16:33,155,IFPB-VISITANTE,84:F1:47:54:81:02,-86,11,Lab. química 03
17/03/2026,11:16:33,155,IFPB,84:F1:47:54:81:00,-87,11,Lab. química 03
17/03/2026,11:16:33,155,xiomi8pro,BA:AB:F7:24:01:4D,-88,6,Lab. química 03
17/03/2026,11:16:33,155,IFPB,84:F1:47:54:97:00,-90,1,Lab. química 03
17/03/2026,11:16:33,155,brisa-1795128,E4:C3:2A:C6:98:FD,-92,3,Lab. química 03
17/03/2026,11:16:33,155,brisa-3861242,24:2F:D0:CC:ED:8C,-94,2,Lab. química 03
17/03/2026,11:16:33,155,NPEF/NEPA,50:C7:BF:EF:56:8A,-94,3,Lab. química 03
17/03/2026,11:16:43,156,TP-Link_1324,7C:F1:7E:8D:13:22,-76,10,Lab. química 03
17/03/2026,11:16:43,156,IFPB,84:F1:47:54:6B:80,-79,1,Lab. química 03
17/03/2026,11:16:43,156,IFPB-VISITANTE,84:F1:47:54:6B:82,-79,1,Lab. química 03
17/03/2026,11:16:43,156,APTelefonia,58:10:8C:91:F3:AA,-80,1,Lab. química 03
17/03/2026,11:16:43,156,IFPB,84:F1:47:54:7F:60,-81,6,Lab. química 03
17/03/2026,11:16:43,156,IFPB-VISITANTE,84:F1:47:54:7F:62,-81,6,Lab. química 03
17/03/2026,11:16:43,156,IFPB,24:36:DA:2B:BC:00,-83,6,Lab. química 03
17/03/2026,11:16:43,156,IFPB-VISITANTE,24:36:DA:2B:BC:02,-84,6,Lab. química 03
17/03/2026,11:16:43,156,IFPB-VISITANTE,2C:57:41:CD:E1:C2,-84,11,Lab. química 03
17/03/2026,11:16:43,156,IFPB,2C:57:41:CD:E1:C0,-85,11,Lab. química 03
17/03/2026,11:16:43,156,IFPB-VISITANTE,B8:11:4B:1D:12:02,-86,1,Lab. química 03
17/03/2026,11:16:43,156,IFPB,B8:11:4B:1D:12:00,-86,1,Lab. química 03
17/03/2026,11:16:43,156,NPEF/NEPA,50:C7:BF:EF:56:8A,-88,3,Lab. química 03
17/03/2026,11:16:43,156,IFPB,24:36:DA:A2:7F:40,-88,6,Lab. química 03
17/03/2026,11:16:43,156,IFPB-VISITANTE,84:F1:47:54:81:02,-88,11,Lab. química 03
17/03/2026,11:16:43,156,IFPB-VISITANTE,24:36:DA:A2:7F:42,-89,6,Lab. química 03
17/03/2026,11:16:43,156,IFPB,84:F1:47:54:81:00,-89,11,Lab. química 03
17/03/2026,11:16:43,156,xiomi8pro,BA:AB:F7:24:01:4D,-90,6,Lab. química 03
17/03/2026,11:16:43,156,brisa-1795128,E4:C3:2A:C6:98:FD,-91,3,Lab. química 03
17/03/2026,11:16:43,156,brisa-3861242,24:2F:D0:CC:ED:8C,-93,2,Lab. química 03
17/03/2026,11:16:43,156,Lab. de Sinais Digitais,18:D6:C7:F9:37:2F,-93,11,Lab. química 03
17/03/2026,11:16:53,157,IFPB,84:F1:47:54:6B:80,-74,1,Lab. química 03
17/03/2026,11:16:53,157,APTelefonia,58:10:8C:91:F3:AA,-74,1,Lab. química 03
17/03/2026,11:16:53,157,IFPB-VISITANTE,84:F1:47:54:6B:82,-74,1,Lab. química 03
17/03/2026,11:16:53,157,TP-Link_1324,7C:F1:7E:8D:13:22,-74,10,Lab. química 03
17/03/2026,11:16:53,157,IFPB-VISITANTE,B8:11:4B:1D:12:02,-78,1,Lab. química 03
17/03/2026,11:16:53,157,IFPB,B8:11:4B:1D:12:00,-79,1,Lab. química 03
17/03/2026,11:16:53,157,IFPB,84:F1:47:54:7F:60,-83,6,Lab. química 03
17/03/2026,11:16:53,157,xiomi8pro,BA:AB:F7:24:01:4D,-85,6,Lab. química 03
17/03/2026,11:16:53,157,IFPB,84:F1:47:54:81:00,-85,11,Lab. química 03
17/03/2026,11:16:53,157,IFPB-VISITANTE,84:F1:47:54:81:02,-85,11,Lab. química 03
17/03/2026,11:16:53,157,IFPB-VISITANTE,24:36:DA:2B:BC:02,-86,6,Lab. química 03
17/03/2026,11:16:53,157,IFPB,2C:57:41:CD:E1:C0,-86,11,Lab. química 03
17/03/2026,11:16:53,157,IFPB-VISITANTE,2C:57:41:CD:E1:C2,-86,11,Lab. química 03
17/03/2026,11:16:53,157,IFPB,24:36:DA:A2:7F:40,-87,6,Lab. química 03
17/03/2026,11:16:53,157,IFPB,24:36:DA:2B:BC:00,-87,6,Lab. química 03
17/03/2026,11:16:53,157,IFPB-VISITANTE,84:F1:47:54:97:02,-90,1,Lab. química 03
17/03/2026,11:16:53,157,IFPB-VISITANTE,24:36:DA:A2:7F:42,-90,6,Lab. química 03
17/03/2026,11:16:53,157,Intelbras,18:0D:2C:7F:EB:AC,-90,7,Lab. química 03
17/03/2026,11:16:53,157,NPEF/NEPA,50:C7:BF:EF:56:8A,-92,3,Lab. química 03
17/03/2026,11:16:53,157,Lab. de Sinais Digitais,18:D6:C7:F9:37:2F,-94,11,Lab. química 03
17/03/2026,11:17:03,158,TP-Link_1324,7C:F1:7E:8D:13:22,-69,10,Lab. química 03
17/03/2026,11:17:03,158,IFPB-VISITANTE,24:36:DA:2B:BC:02,-77,6,Lab. química 03
17/03/2026,11:17:03,158,IFPB,24:36:DA:2B:BC:00,-77,6,Lab. química 03
17/03/2026,11:17:03,158,IFPB,B8:11:4B:1D:12:00,-78,1,Lab. química 03
17/03/2026,11:17:03,158,IFPB-VISITANTE,B8:11:4B:1D:12:02,-78,1,Lab. química 03
17/03/2026,11:17:03,158,IFPB-VISITANTE,84:F1:47:54:6B:82,-78,1,Lab. química 03
17/03/2026,11:17:03,158,IFPB,84:F1:47:54:6B:80,-79,1,Lab. química 03
17/03/2026,11:17:03,158,APTelefonia,58:10:8C:91:F3:AA,-80,1,Lab. química 03
17/03/2026,11:17:03,158,IFPB-VISITANTE,84:F1:47:54:7F:62,-81,6,Lab. química 03
17/03/2026,11:17:03,158,IFPB,84:F1:47:54:7F:60,-81,6,Lab. química 03
17/03/2026,11:17:03,158,IFPB,2C:57:41:CD:E1:C0,-85,11,Lab. química 03
17/03/2026,11:17:03,158,IFPB-VISITANTE,2C:57:41:CD:E1:C2,-85,11,Lab. química 03
17/03/2026,11:17:03,158,IFPB-VISITANTE,84:F1:47:54:81:02,-88,11,Lab. química 03
17/03/2026,11:17:03,158,Lab. de Sinais Digitais,18:D6:C7:F9:37:2F,-89,11,Lab. química 03
17/03/2026,11:17:03,158,Intelbras,18:0D:2C:7F:EB:AC,-90,7,Lab. química 03
17/03/2026,11:17:03,158,brisa-3861242,24:2F:D0:CC:ED:8C,-91,2,Lab. química 03
17/03/2026,11:17:03,158,NPEF/NEPA,50:C7:BF:EF:56:8A,-91,3,Lab. química 03
17/03/2026,11:17:03,158,motorola one hyper_9136,6A:A5:88:F9:66:CE,-91,6,Lab. química 03
17/03/2026,11:17:03,158,IFPB,84:F1:47:54:81:00,-91,11,Lab. química 03
17/03/2026,11:17:03,158,xiomi8pro,BA:AB:F7:24:01:4D,-92,6,Lab. química 03
17/03/2026,11:17:13,159,TP-Link_1324,7C:F1:7E:8D:13:22,-72,10,Lab. química 03
17/03/2026,11:17:13,159,IFPB,84:F1:47:54:6B:80,-73,1,Lab. química 03
17/03/2026,11:17:13,159,IFPB-VISITANTE,84:F1:47:54:6B:82,-73,1,Lab. química 03
17/03/2026,11:17:13,159,APTelefonia,58:10:8C:91:F3:AA,-77,1,Lab. química 03
17/03/2026,11:17:13,159,IFPB,B8:11:4B:1D:12:00,-81,1,Lab. química 03
17/03/2026,11:17:13,159,IFPB,84:F1:47:54:7F:60,-81,6,Lab. química 03
17/03/2026,11:17:13,159,IFPB-VISITANTE,B8:11:4B:1D:12:02,-82,1,Lab. química 03
17/03/2026,11:17:13,159,IFPB-VISITANTE,84:F1:47:54:7F:62,-82,6,Lab. química 03
17/03/2026,11:17:13,159,IFPB-VISITANTE,24:36:DA:2B:BC:02,-83,6,Lab. química 03
17/03/2026,11:17:13,159,IFPB,2C:57:41:CD:E1:C0,-84,11,Lab. química 03
17/03/2026,11:17:13,159,IFPB,24:36:DA:2B:BC:00,-85,6,Lab. química 03
17/03/2026,11:17:13,159,IFPB-VISITANTE,2C:57:41:CD:E1:C2,-85,11,Lab. química 03
17/03/2026,11:17:13,159,IFPB,84:F1:47:54:97:00,-87,1,Lab. química 03
17/03/2026,11:17:13,159,xiomi8pro,BA:AB:F7:24:01:4D,-87,6,Lab. química 03
17/03/2026,11:17:13,159,IFPB,24:36:DA:A2:7F:40,-87,6,Lab. química 03
17/03/2026,11:17:13,159,IFPB-VISITANTE,24:36:DA:A2:7F:42,-87,6,Lab. química 03
17/03/2026,11:17:13,159,IFPB-VISITANTE,84:F1:47:54:97:02,-88,1,Lab. química 03
17/03/2026,11:17:13,159,NPEF/NEPA,50:C7:BF:EF:56:8A,-92,3,Lab. química 03
17/03/2026,11:17:13,159,Intelbras,18:0D:2C:7F:EB:AC,-92,7,Lab. química 03
17/03/2026,11:17:13,159,brisa-3861242,24:2F:D0:CC:ED:8C,-93,2,Lab. química 03
17/03/2026,11:17:13,159,Gabriel's Galaxy Tab S6 Lite,02:64:44:29:F3:37,-97,6,Lab. química 03
17/03/2026,11:17:23,160,TP-Link_1324,7C:F1:7E:8D:13:22,-74,10,Lab. química 03
17/03/2026,11:17:23,160,IFPB,84:F1:47:54:6B:80,-76,1,Lab. química 03
17/03/2026,11:17:23,160,IFPB-VISITANTE,84:F1:47:54:6B:82,-76,1,Lab. química 03
17/03/2026,11:17:23,160,APTelefonia,58:10:8C:91:F3:AA,-78,1,Lab. química 03
17/03/2026,11:17:23,160,IFPB,24:36:DA:2B:BC:00,-79,6,Lab. química 03
17/03/2026,11:17:23,160,IFPB-VISITANTE,24:36:DA:2B:BC:02,-80,6,Lab. química 03
17/03/2026,11:17:23,160,IFPB-VISITANTE,84:F1:47:54:7F:62,-80,6,Lab. química 03
17/03/2026,11:17:23,160,IFPB,B8:11:4B:1D:12:00,-81,1,Lab. química 03
17/03/2026,11:17:23,160,IFPB-VISITANTE,B8:11:4B:1D:12:02,-81,1,Lab. química 03
17/03/2026,11:17:23,160,IFPB,84:F1:47:54:7F:60,-81,6,Lab. química 03
17/03/2026,11:17:23,160,Intelbras,18:0D:2C:7F:EB:AC,-86,7,Lab. química 03
17/03/2026,11:17:23,160,IFPB,2C:57:41:CD:E1:C0,-87,11,Lab. química 03
17/03/2026,11:17:23,160,IFPB-VISITANTE,2C:57:41:CD:E1:C2,-87,11,Lab. química 03
17/03/2026,11:17:23,160,IFPB,84:F1:47:54:81:00,-90,11,Lab. química 03
17/03/2026,11:17:23,160,brisa-3861242,24:2F:D0:CC:ED:8C,-92,2,Lab. química 03
17/03/2026,11:17:23,160,xiomi8pro,BA:AB:F7:24:01:4D,-92,6,Lab. química 03
17/03/2026,11:17:23,160,Lab. de Sinais Digitais,18:D6:C7:F9:37:2F,-92,11,Lab. química 03
17/03/2026,11:17:23,160,PGEN-6A4D,40:A3:6B:CC:6A:4B,-92,11,Lab. química 03
17/03/2026,11:17:44,161,IFPB-VISITANTE,84:F1:47:54:6B:82,-53,1,Lab. química 02
17/03/2026,11:17:44,161,IFPB,84:F1:47:54:6B:80,-54,1,Lab. química 02
17/03/2026,11:17:44,161,APTelefonia,58:10:8C:91:F3:AA,-79,1,Lab. química 02
17/03/2026,11:17:44,161,IFPB-VISITANTE,24:36:DA:2B:BC:02,-81,6,Lab. química 02
17/03/2026,11:17:44,161,TP-Link_1324,7C:F1:7E:8D:13:22,-81,10,Lab. química 02
17/03/2026,11:17:45,161,IFPB,24:36:DA:2B:BC:00,-82,6,Lab. química 02
17/03/2026,11:17:45,161,IFPB,84:F1:47:54:7F:60,-83,6,Lab. química 02
17/03/2026,11:17:45,161,IFPB-VISITANTE,84:F1:47:54:7F:62,-83,6,Lab. química 02
17/03/2026,11:17:45,161,Intelbras,18:0D:2C:7F:EB:AC,-83,7,Lab. química 02
17/03/2026,11:17:45,161,IFPB-VISITANTE,B8:11:4B:1D:12:02,-88,1,Lab. química 02
17/03/2026,11:17:45,161,IFPB,B8:11:4B:1D:12:00,-88,1,Lab. química 02
17/03/2026,11:17:45,161,NPEF/NEPA,50:C7:BF:EF:56:8A,-88,3,Lab. química 02
17/03/2026,11:17:45,161,IFPB-VISITANTE,84:F1:47:54:81:02,-88,11,Lab. química 02
17/03/2026,11:17:45,161,IFPB-VISITANTE,84:F1:47:54:8B:A2,-88,11,Lab. química 02
17/03/2026,11:17:45,161,IFPB,84:F1:47:54:81:00,-90,11,Lab. química 02
17/03/2026,11:17:45,161,IFPB-VISITANTE,2C:57:41:CD:E1:C2,-91,11,Lab. química 02
17/03/2026,11:17:45,161,Lab. de Sinais Digitais,18:D6:C7:F9:37:2F,-92,11,Lab. química 02
17/03/2026,11:17:45,161,Gabriel's Galaxy Tab S6 Lite,02:64:44:29:F3:37,-93,6,Lab. química 02
17/03/2026,11:17:55,162,IFPB,84:F1:47:54:6B:80,-51,1,Lab. química 02
17/03/2026,11:17:55,162,IFPB-VISITANTE,84:F1:47:54:6B:82,-51,1,Lab. química 02
17/03/2026,11:17:55,162,APTelefonia,58:10:8C:91:F3:AA,-76,1,Lab. química 02
17/03/2026,11:17:55,162,IFPB,24:36:DA:2B:BC:00,-80,6,Lab. química 02
17/03/2026,11:17:55,162,IFPB-VISITANTE,24:36:DA:2B:BC:02,-80,6,Lab. química 02
17/03/2026,11:17:55,162,Intelbras,18:0D:2C:7F:EB:AC,-84,7,Lab. química 02
17/03/2026,11:17:55,162,TP-Link_1324,7C:F1:7E:8D:13:22,-84,10,Lab. química 02
17/03/2026,11:17:55,162,IFPB-VISITANTE,24:36:DA:A2:7F:42,-85,6,Lab. química 02
17/03/2026,11:17:55,162,NPEF/NEPA,50:C7:BF:EF:56:8A,-86,3,Lab. química 02
17/03/2026,11:17:55,162,IFPB,B8:11:4B:1D:12:00,-87,1,Lab. química 02
17/03/2026,11:17:55,162,IFPB,24:36:DA:A2:7F:40,-87,6,Lab. química 02
17/03/2026,11:17:55,162,IFPB-VISITANTE,84:F1:47:54:7F:62,-87,6,Lab. química 02
17/03/2026,11:17:55,162,IFPB-VISITANTE,B8:11:4B:1D:12:02,-88,1,Lab. química 02
17/03/2026,11:17:55,162,IFPB,84:F1:47:54:81:00,-89,11,Lab. química 02
17/03/2026,11:17:55,162,IFPB-VISITANTE,84:F1:47:54:81:02,-91,11,Lab. química 02
17/03/2026,11:17:55,162,Lab. de Sinais Digitais,18:D6:C7:F9:37:2F,-93,11,Lab. química 02
17/03/2026,11:18:04,163,IFPB,84:F1:47:54:6B:80,-50,1,Lab. química 02
17/03/2026,11:18:04,163,IFPB-VISITANTE,84:F1:47:54:6B:82,-50,1,Lab. química 02
17/03/2026,11:18:04,163,IFPB,24:36:DA:2B:BC:00,-79,6,Lab. química 02
17/03/2026,11:18:04,163,IFPB-VISITANTE,24:36:DA:2B:BC:02,-79,6,Lab. química 02
17/03/2026,11:18:04,163,Intelbras,18:0D:2C:7F:EB:AC,-84,7,Lab. química 02
17/03/2026,11:18:04,163,TP-Link_1324,7C:F1:7E:8D:13:22,-84,10,Lab. química 02
17/03/2026,11:18:05,163,APTelefonia,58:10:8C:91:F3:AA,-85,1,Lab. química 02
17/03/2026,11:18:05,163,IFPB,B8:11:4B:1D:12:00,-85,1,Lab. química 02
17/03/2026,11:18:05,163,IFPB-VISITANTE,B8:11:4B:1D:12:02,-86,1,Lab. química 02
17/03/2026,11:18:05,163,Lab. de Sinais Digitais,18:D6:C7:F9:37:2F,-86,11,Lab. química 02
17/03/2026,11:18:05,163,IFPB-VISITANTE,84:F1:47:54:8B:A2,-86,11,Lab. química 02
17/03/2026,11:18:05,163,IFPB-VISITANTE,84:F1:47:54:7F:62,-87,6,Lab. química 02
17/03/2026,11:18:05,163,IFPB,84:F1:47:54:8B:A0,-88,11,Lab. química 02
17/03/2026,11:18:05,163,NPEF/NEPA,50:C7:BF:EF:56:8A,-89,3,Lab. química 02
17/03/2026,11:18:05,163,IFPB,84:F1:47:54:7F:60,-89,6,Lab. química 02
17/03/2026,11:18:05,163,IFPB-VISITANTE,2C:57:41:CD:E1:C2,-89,11,Lab. química 02
17/03/2026,11:18:05,163,IFPB-VISITANTE,84:F1:47:54:81:02,-91,11,Lab. química 02
17/03/2026,11:18:05,163,IFPB,2C:57:41:CD:E1:C0,-91,11,Lab. química 02
17/03/2026,11:18:05,163,IFPB,84:F1:47:54:81:00,-92,11,Lab. química 02
17/03/2026,11:18:05,163,UA2-MiniLab,60:32:B1:2D:66:C3,-95,10,Lab. química 02
17/03/2026,11:18:15,164,IFPB,84:F1:47:54:6B:80,-52,1,Lab. química 02
17/03/2026,11:18:15,164,IFPB-VISITANTE,84:F1:47:54:6B:82,-52,1,Lab. química 02
17/03/2026,11:18:15,164,IFPB-VISITANTE,24:36:DA:2B:BC:02,-77,6,Lab. química 02
17/03/2026,11:18:15,164,IFPB,24:36:DA:2B:BC:00,-78,6,Lab. química 02
17/03/2026,11:18:15,164,TP-Link_1324,7C:F1:7E:8D:13:22,-79,10,Lab. química 02
17/03/2026,11:18:15,164,IFPB,2C:57:41:CD:E1:C0,-83,11,Lab. química 02
17/03/2026,11:18:15,164,IFPB-VISITANTE,2C:57:41:CD:E1:C2,-83,11,Lab. química 02
17/03/2026,11:18:15,164,APTelefonia,58:10:8C:91:F3:AA,-84,1,Lab. química 02
17/03/2026,11:18:15,164,IFPB-VISITANTE,84:F1:47:54:7F:62,-85,6,Lab. química 02
17/03/2026,11:18:15,164,NPEF/NEPA,50:C7:BF:EF:56:8A,-86,3,Lab. química 02
17/03/2026,11:18:15,164,IFPB,84:F1:47:54:7F:60,-86,6,Lab. química 02
17/03/2026,11:18:15,164,IFPB,B8:11:4B:1D:12:00,-88,1,Lab. química 02
17/03/2026,11:18:15,164,IFPB-VISITANTE,B8:11:4B:1D:12:02,-89,1,Lab. química 02
17/03/2026,11:18:15,164,Intelbras,18:0D:2C:7F:EB:AC,-90,7,Lab. química 02
17/03/2026,11:18:15,164,Gabriel's Galaxy Tab S6 Lite,02:64:44:29:F3:37,-97,6,Lab. química 02
17/03/2026,11:18:24,165,IFPB,84:F1:47:54:6B:80,-52,1,Lab. química 02
17/03/2026,11:18:24,165,IFPB-VISITANTE,84:F1:47:54:6B:82,-52,1,Lab. química 02
17/03/2026,11:18:24,165,APTelefonia,58:10:8C:91:F3:AA,-82,1,Lab. química 02
17/03/2026,11:18:24,165,IFPB-VISITANTE,24:36:DA:2B:BC:02,-82,6,Lab. química 02
17/03/2026,11:18:24,165,IFPB,24:36:DA:2B:BC:00,-82,6,Lab. química 02
17/03/2026,11:18:24,165,NPEF/NEPA,50:C7:BF:EF:56:8A,-84,3,Lab. química 02
17/03/2026,11:18:25,165,TP-Link_1324,7C:F1:7E:8D:13:22,-86,10,Lab. química 02
17/03/2026,11:18:25,165,IFPB-VISITANTE,2C:57:41:CD:E1:C2,-87,11,Lab. química 02
17/03/2026,11:18:25,165,IFPB,2C:57:41:CD:E1:C0,-88,11,Lab. química 02
17/03/2026,11:18:25,165,IFPB,84:F1:47:54:81:00,-88,11,Lab. química 02
17/03/2026,11:18:25,165,IFPB-VISITANTE,24:36:DA:A2:7F:42,-89,6,Lab. química 02
17/03/2026,11:18:25,165,IFPB-VISITANTE,84:F1:47:54:81:02,-89,11,Lab. química 02
17/03/2026,11:18:25,165,Lab. de Sinais Digitais,18:D6:C7:F9:37:2F,-91,11,Lab. química 02
17/03/2026,11:18:25,165,Intelbras,18:0D:2C:7F:EB:AC,-93,7,Lab. química 02
17/03/2026,11:18:25,165,UA2-MiniLab,60:32:B1:2D:66:C3,-93,10,Lab. química 02
17/03/2026,11:18:25,165,Gabriel's Galaxy Tab S6 Lite,02:64:44:29:F3:37,-96,6,Lab. química 02
17/03/2026,11:18:34,166,IFPB,84:F1:47:54:6B:80,-50,1,Lab. química 02
17/03/2026,11:18:34,166,IFPB-VISITANTE,84:F1:47:54:6B:82,-50,1,Lab. química 02
17/03/2026,11:18:34,166,IFPB-VISITANTE,24:36:DA:2B:BC:02,-80,6,Lab. química 02
17/03/2026,11:18:34,166,IFPB,24:36:DA:2B:BC:00,-81,6,Lab. química 02
17/03/2026,11:18:34,166,TP-Link_1324,7C:F1:7E:8D:13:22,-81,10,Lab. química 02
17/03/2026,11:18:34,166,APTelefonia,58:10:8C:91:F3:AA,-84,1,Lab. química 02
17/03/2026,11:18:35,166,IFPB,84:F1:47:54:7F:60,-86,6,Lab. química 02
17/03/2026,11:18:35,166,IFPB-VISITANTE,84:F1:47:54:7F:62,-86,6,Lab. química 02
17/03/2026,11:18:35,166,IFPB,84:F1:47:54:8B:A0,-87,11,Lab. química 02
17/03/2026,11:18:35,166,IFPB,84:F1:47:54:81:00,-87,11,Lab. química 02
17/03/2026,11:18:35,166,NPEF/NEPA,50:C7:BF:EF:56:8A,-88,3,Lab. química 02
17/03/2026,11:18:35,166,Intelbras,18:0D:2C:7F:EB:AC,-88,7,Lab. química 02
17/03/2026,11:18:35,166,IFPB-VISITANTE,84:F1:47:54:8B:A2,-88,11,Lab. química 02
17/03/2026,11:18:35,166,IFPB-VISITANTE,2C:57:41:CD:E1:C2,-89,11,Lab. química 02
17/03/2026,11:18:35,166,IFPB-VISITANTE,84:F1:47:54:81:02,-89,11,Lab. química 02
17/03/2026,11:18:35,166,IFPB,2C:57:41:CD:E1:C0,-90,11,Lab. química 02
17/03/2026,11:18:35,166,Lab. de Sinais Digitais,18:D6:C7:F9:37:2F,-91,11,Lab. química 02
17/03/2026,11:18:35,166,Gabriel's Galaxy Tab S6 Lite,02:64:44:29:F3:37,-92,6,Lab. química 02
17/03/2026,11:18:35,166,xiomi8pro,BA:AB:F7:24:01:4D,-93,6,Lab. química 02
17/03/2026,11:18:44,167,IFPB,84:F1:47:54:6B:80,-56,1,Lab. química 02
17/03/2026,11:18:44,167,IFPB-VISITANTE,84:F1:47:54:6B:82,-56,1,Lab. química 02
17/03/2026,11:18:44,167,TP-Link_1324,7C:F1:7E:8D:13:22,-77,10,Lab. química 02
17/03/2026,11:18:44,167,APTelefonia,58:10:8C:91:F3:AA,-80,1,Lab. química 02
17/03/2026,11:18:44,167,IFPB,24:36:DA:2B:BC:00,-81,6,Lab. química 02
17/03/2026,11:18:44,167,IFPB-VISITANTE,24:36:DA:2B:BC:02,-81,6,Lab. química 02
17/03/2026,11:18:45,167,IFPB,84:F1:47:54:7F:60,-84,6,Lab. química 02
17/03/2026,11:18:45,167,IFPB,2C:57:41:CD:E1:C0,-84,11,Lab. química 02
17/03/2026,11:18:45,167,IFPB-VISITANTE,2C:57:41:CD:E1:C2,-84,11,Lab. química 02
17/03/2026,11:18:45,167,IFPB-VISITANTE,84:F1:47:54:7F:62,-85,6,Lab. química 02
17/03/2026,11:18:45,167,IFPB-VISITANTE,84:F1:47:54:8B:A2,-87,11,Lab. química 02
17/03/2026,11:18:45,167,IFPB,B8:11:4B:1D:12:00,-88,1,Lab. química 02
17/03/2026,11:18:45,167,IFPB,84:F1:47:54:8B:A0,-88,11,Lab. química 02
17/03/2026,11:18:45,167,IFPB-VISITANTE,B8:11:4B:1D:12:02,-89,1,Lab. química 02
17/03/2026,11:18:45,167,xiomi8pro,BA:AB:F7:24:01:4D,-89,6,Lab. química 02
17/03/2026,11:18:45,167,NPEF/NEPA,50:C7:BF:EF:56:8A,-90,3,Lab. química 02
17/03/2026,11:18:45,167,IFPB-VISITANTE,84:F1:47:54:81:02,-90,11,Lab. química 02
17/03/2026,11:18:45,167,IFPB,84:F1:47:54:81:00,-91,11,Lab. química 02
17/03/2026,11:18:45,167,Intelbras,18:0D:2C:7F:EB:AC,-92,7,Lab. química 02
17/03/2026,11:18:45,167,Gabriel's Galaxy Tab S6 Lite,02:64:44:29:F3:37,-94,6,Lab. química 02
17/03/2026,11:18:45,167,UA2-MiniLab,60:32:B1:2D:66:C3,-96,10,Lab. química 02
17/03/2026,11:18:55,168,IFPB,84:F1:47:54:6B:80,-52,1,Lab. química 02
17/03/2026,11:18:55,168,IFPB-VISITANTE,84:F1:47:54:6B:82,-52,1,Lab. química 02
17/03/2026,11:18:55,168,IFPB,24:36:DA:2B:BC:00,-81,6,Lab. química 02
17/03/2026,11:18:55,168,IFPB-VISITANTE,24:36:DA:2B:BC:02,-82,6,Lab. química 02
17/03/2026,11:18:55,168,TP-Link_1324,7C:F1:7E:8D:13:22,-82,10,Lab. química 02
17/03/2026,11:18:55,168,APTelefonia,58:10:8C:91:F3:AA,-84,1,Lab. química 02
17/03/2026,11:18:55,168,IFPB,84:F1:47:54:7F:60,-85,6,Lab. química 02
17/03/2026,11:18:55,168,IFPB-VISITANTE,84:F1:47:54:7F:62,-85,6,Lab. química 02
17/03/2026,11:18:55,168,IFPB,B8:11:4B:1D:12:00,-87,1,Lab. química 02
17/03/2026,11:18:55,168,IFPB-VISITANTE,B8:11:4B:1D:12:02,-87,1,Lab. química 02
17/03/2026,11:18:55,168,Intelbras,18:0D:2C:7F:EB:AC,-87,7,Lab. química 02
17/03/2026,11:18:55,168,IFPB-VISITANTE,2C:57:41:CD:E1:C2,-87,11,Lab. química 02
17/03/2026,11:18:55,168,IFPB,2C:57:41:CD:E1:C0,-88,11,Lab. química 02
17/03/2026,11:18:55,168,IFPB,84:F1:47:54:8B:A0,-88,11,Lab. química 02
17/03/2026,11:18:55,168,IFPB-VISITANTE,84:F1:47:54:96:E2,-89,1,Lab. química 02
17/03/2026,11:18:55,168,NPEF/NEPA,50:C7:BF:EF:56:8A,-90,3,Lab. química 02
17/03/2026,11:18:55,168,IFPB-VISITANTE,84:F1:47:54:8B:A2,-90,11,Lab. química 02
17/03/2026,11:18:55,168,Gabriel's Galaxy Tab S6 Lite,02:64:44:29:F3:37,-92,6,Lab. química 02
17/03/2026,11:18:55,168,xiomi8pro,BA:AB:F7:24:01:4D,-93,6,Lab. química 02
17/03/2026,11:18:55,168,Lab. de Sinais Digitais,18:D6:C7:F9:37:2F,-93,11,Lab. química 02
17/03/2026,11:19:05,169,IFPB,84:F1:47:54:6B:80,-52,1,Lab. química 02
17/03/2026,11:19:05,169,IFPB-VISITANTE,84:F1:47:54:6B:82,-52,1,Lab. química 02
17/03/2026,11:19:05,169,IFPB-VISITANTE,24:36:DA:2B:BC:02,-77,6,Lab. química 02
17/03/2026,11:19:05,169,IFPB,24:36:DA:2B:BC:00,-78,6,Lab. química 02
17/03/2026,11:19:05,169,TP-Link_1324,7C:F1:7E:8D:13:22,-80,10,Lab. química 02
17/03/2026,11:19:05,169,IFPB,2C:57:41:CD:E1:C0,-82,11,Lab. química 02
17/03/2026,11:19:05,169,IFPB-VISITANTE,2C:57:41:CD:E1:C2,-83,11,Lab. química 02
17/03/2026,11:19:05,169,APTelefonia,58:10:8C:91:F3:AA,-84,1,Lab. química 02
17/03/2026,11:19:05,169,IFPB,B8:11:4B:1D:12:00,-85,1,Lab. química 02
17/03/2026,11:19:05,169,IFPB-VISITANTE,B8:11:4B:1D:12:02,-86,1,Lab. química 02
17/03/2026,11:19:05,169,IFPB-VISITANTE,84:F1:47:54:7F:62,-86,6,Lab. química 02
17/03/2026,11:19:05,169,IFPB,84:F1:47:54:7F:60,-86,6,Lab. química 02
17/03/2026,11:19:05,169,IFPB-VISITANTE,24:36:DA:A2:7F:42,-87,6,Lab. química 02
17/03/2026,11:19:05,169,IFPB-VISITANTE,84:F1:47:54:81:02,-87,11,Lab. química 02
17/03/2026,11:19:05,169,IFPB,24:36:DA:A2:7F:40,-88,6,Lab. química 02
17/03/2026,11:19:05,169,NPEF/NEPA,50:C7:BF:EF:56:8A,-89,3,Lab. química 02
17/03/2026,11:19:05,169,Intelbras,18:0D:2C:7F:EB:AC,-89,7,Lab. química 02
17/03/2026,11:19:05,169,IFPB,84:F1:47:54:81:00,-89,11,Lab. química 02
17/03/2026,11:19:05,169,xiomi8pro,BA:AB:F7:24:01:4D,-90,6,Lab. química 02
17/03/2026,11:19:05,169,Lab. de Sinais Digitais,18:D6:C7:F9:37:2F,-91,11,Lab. química 02
17/03/2026,11:19:05,169,Gabriel's Galaxy Tab S6 Lite,02:64:44:29:F3:37,-95,6,Lab. química 02
17/03/2026,11:19:15,170,IFPB-VISITANTE,84:F1:47:54:6B:82,-49,1,Lab. química 02
17/03/2026,11:19:15,170,IFPB,84:F1:47:54:6B:80,-50,1,Lab. química 02
17/03/2026,11:19:15,170,TP-Link_1324,7C:F1:7E:8D:13:22,-78,10,Lab. química 02
17/03/2026,11:19:15,170,IFPB-VISITANTE,24:36:DA:2B:BC:02,-80,6,Lab. química 02
17/03/2026,11:19:15,170,IFPB,24:36:DA:2B:BC:00,-80,6,Lab. química 02
17/03/2026,11:19:15,170,APTelefonia,58:10:8C:91:F3:AA,-84,1,Lab. química 02
17/03/2026,11:19:15,170,IFPB-VISITANTE,B8:11:4B:1D:12:02,-84,1,Lab. química 02
17/03/2026,11:19:15,170,IFPB,2C:57:41:CD:E1:C0,-84,11,Lab. química 02
17/03/2026,11:19:15,170,IFPB,84:F1:47:54:7F:60,-85,6,Lab. química 02
17/03/2026,11:19:15,170,IFPB-VISITANTE,2C:57:41:CD:E1:C2,-85,11,Lab. química 02
17/03/2026,11:19:15,170,IFPB-VISITANTE,84:F1:47:54:7F:62,-86,6,Lab. química 02
17/03/2026,11:19:15,170,NPEF/NEPA,50:C7:BF:EF:56:8A,-87,3,Lab. química 02
17/03/2026,11:19:15,170,Intelbras,18:0D:2C:7F:EB:AC,-89,7,Lab. química 02
17/03/2026,11:19:15,170,IFPB,84:F1:47:54:81:00,-89,11,Lab. química 02
17/03/2026,11:19:15,170,IFPB,B8:11:4B:1D:12:00,-90,1,Lab. química 02
17/03/2026,11:19:15,170,IFPB-VISITANTE,84:F1:47:54:81:02,-90,11,Lab. química 02
17/03/2026,11:19:15,170,Lab. de Sinais Digitais,18:D6:C7:F9:37:2F,-91,11,Lab. química 02
17/03/2026,11:19:15,170,xiomi8pro,BA:AB:F7:24:01:4D,-92,6,Lab. química 02
17/03/2026,11:19:15,170,IFPB-Sala_Professor_14,24:FD:0D:57:19:26,-96,2,Lab. química 02
17/03/2026,11:19:32,171,IFPB,84:F1:47:54:6B:80,-51,1,Lab. química 01
17/03/2026,11:19:32,171,IFPB-VISITANTE,84:F1:47:54:6B:82,-51,1,Lab. química 01
17/03/2026,11:19:32,171,IFPB,2C:57:41:CD:E1:C0,-76,11,Lab. química 01
17/03/2026,11:19:32,171,IFPB-VISITANTE,2C:57:41:CD:E1:C2,-76,11,Lab. química 01
17/03/2026,11:19:32,171,TP-Link_1324,7C:F1:7E:8D:13:22,-77,10,Lab. química 01
17/03/2026,11:19:32,171,Intelbras,18:0D:2C:7F:EB:AC,-82,7,Lab. química 01
17/03/2026,11:19:32,171,NPEF/NEPA,50:C7:BF:EF:56:8A,-85,3,Lab. química 01
17/03/2026,11:19:32,171,IFPB-VISITANTE,84:F1:47:54:7F:62,-85,6,Lab. química 01
17/03/2026,11:19:32,171,IFPB-VISITANTE,24:36:DA:2B:BC:02,-85,6,Lab. química 01
17/03/2026,11:19:32,171,IFPB,24:36:DA:2B:BC:00,-85,6,Lab. química 01
17/03/2026,11:19:32,171,IFPB,84:F1:47:54:7F:60,-86,6,Lab. química 01
17/03/2026,11:19:32,171,IFPB-VISITANTE,2C:57:41:D4:A5:22,-86,6,Lab. química 01
17/03/2026,11:19:32,171,APTelefonia,58:10:8C:91:F3:AA,-87,1,Lab. química 01
17/03/2026,11:19:32,171,IFPB,2C:57:41:D4:A5:20,-87,6,Lab. química 01
17/03/2026,11:19:32,171,IFPB,24:36:DA:A2:7F:40,-87,6,Lab. química 01
17/03/2026,11:19:32,171,IFPB-VISITANTE,24:36:DA:A2:7F:42,-87,6,Lab. química 01
17/03/2026,11:19:32,171,Lab. de Sinais Digitais,18:D6:C7:F9:37:2F,-90,11,Lab. química 01
17/03/2026,11:19:33,171,UA2-MiniLab,60:32:B1:2D:66:C3,-93,10,Lab. química 01
17/03/2026,11:19:42,172,IFPB,84:F1:47:54:6B:80,-58,1,Lab. química 01
17/03/2026,11:19:42,172,IFPB-VISITANTE,84:F1:47:54:6B:82,-58,1,Lab. química 01
17/03/2026,11:19:42,172,TP-Link_1324,7C:F1:7E:8D:13:22,-78,10,Lab. química 01
17/03/2026,11:19:42,172,APTelefonia,58:10:8C:91:F3:AA,-79,1,Lab. química 01
17/03/2026,11:19:42,172,IFPB,24:36:DA:2B:BC:00,-81,6,Lab. química 01
17/03/2026,11:19:42,172,IFPB-VISITANTE,24:36:DA:2B:BC:02,-81,6,Lab. química 01
17/03/2026,11:19:42,172,IFPB,84:F1:47:54:7F:60,-82,6,Lab. química 01
17/03/2026,11:19:42,172,IFPB-VISITANTE,84:F1:47:54:7F:62,-82,6,Lab. química 01
17/03/2026,11:19:42,172,IFPB,2C:57:41:CD:E1:C0,-84,11,Lab. química 01
17/03/2026,11:19:42,172,IFPB-VISITANTE,2C:57:41:CD:E1:C2,-84,11,Lab. química 01
17/03/2026,11:19:42,172,NPEF/NEPA,50:C7:BF:EF:56:8A,-86,3,Lab. química 01
17/03/2026,11:19:42,172,Intelbras,18:0D:2C:7F:EB:AC,-87,7,Lab. química 01
17/03/2026,11:19:43,172,IFPB-VISITANTE,B8:11:4B:1D:12:02,-88,1,Lab. química 01
17/03/2026,11:19:43,172,IFPB-VISITANTE,84:F1:47:54:81:02,-88,11,Lab. química 01
17/03/2026,11:19:43,172,IFPB,B8:11:4B:1D:12:00,-89,1,Lab. química 01
17/03/2026,11:19:43,172,Lab. de Sinais Digitais,18:D6:C7:F9:37:2F,-89,11,Lab. química 01
17/03/2026,11:19:43,172,IFPB,84:F1:47:54:81:00,-91,11,Lab. química 01
17/03/2026,11:19:43,172,xiomi8pro,BA:AB:F7:24:01:4D,-92,6,Lab. química 01
17/03/2026,11:19:52,173,IFPB,84:F1:47:54:6B:80,-57,1,Lab. química 01
17/03/2026,11:19:52,173,IFPB-VISITANTE,84:F1:47:54:6B:82,-57,1,Lab. química 01
17/03/2026,11:19:52,173,APTelefonia,58:10:8C:91:F3:AA,-79,1,Lab. química 01
17/03/2026,11:19:52,173,TP-Link_1324,7C:F1:7E:8D:13:22,-81,10,Lab. química 01
17/03/2026,11:19:52,173,IFPB-VISITANTE,24:36:DA:2B:BC:02,-84,6,Lab. química 01
17/03/2026,11:19:52,173,IFPB,24:36:DA:2B:BC:00,-85,6,Lab. química 01
17/03/2026,11:19:52,173,IFPB,2C:57:41:CD:E1:C0,-85,11,Lab. química 01
17/03/2026,11:19:52,173,IFPB-VISITANTE,2C:57:41:CD:E1:C2,-85,11,Lab. química 01
17/03/2026,11:19:52,173,Intelbras,18:0D:2C:7F:EB:AC,-87,7,Lab. química 01
17/03/2026,11:19:52,173,IFPB,84:F1:47:54:8B:A0,-87,11,Lab. química 01
17/03/2026,11:19:52,173,IFPB,2C:57:41:D4:A5:20,-88,6,Lab. química 01
17/03/2026,11:19:53,173,IFPB-VISITANTE,84:F1:47:54:8B:A2,-88,11,Lab. química 01
17/03/2026,11:19:53,173,IFPB-VISITANTE,2C:57:41:D4:A5:22,-89,6,Lab. química 01
17/03/2026,11:19:53,173,IFPB-VISITANTE,84:F1:47:54:7F:62,-89,6,Lab. química 01
17/03/2026,11:19:53,173,Lab. de Sinais Digitais,18:D6:C7:F9:37:2F,-89,11,Lab. química 01
17/03/2026,11:19:53,173,IFPB,B8:11:4B:1D:12:00,-90,1,Lab. química 01
17/03/2026,11:19:53,173,NPEF/NEPA,50:C7:BF:EF:56:8A,-91,3,Lab. química 01
17/03/2026,11:20:02,174,IFPB,84:F1:47:54:6B:80,-48,1,Lab. química 01
17/03/2026,11:20:02,174,IFPB-VISITANTE,84:F1:47:54:6B:82,-48,1,Lab. química 01
17/03/2026,11:20:02,174,APTelefonia,58:10:8C:91:F3:AA,-79,1,Lab. química 01
17/03/2026,11:20:02,174,IFPB,24:36:DA:2B:BC:00,-80,6,Lab. química 01
17/03/2026,11:20:02,174,IFPB-VISITANTE,24:36:DA:2B:BC:02,-80,6,Lab. química 01
17/03/2026,11:20:02,174,TP-Link_1324,7C:F1:7E:8D:13:22,-82,10,Lab. química 01
17/03/2026,11:20:03,174,NPEF/NEPA,50:C7:BF:EF:56:8A,-83,3,Lab. química 01
17/03/2026,11:20:03,174,IFPB-VISITANTE,84:F1:47:54:7F:62,-83,6,Lab. química 01
17/03/2026,11:20:03,174,IFPB,84:F1:47:54:7F:60,-84,6,Lab. química 01
17/03/2026,11:20:03,174,Intelbras,18:0D:2C:7F:EB:AC,-85,7,Lab. química 01
17/03/2026,11:20:03,174,IFPB-VISITANTE,2C:57:41:CD:E1:C2,-86,11,Lab. química 01
17/03/2026,11:20:03,174,IFPB,2C:57:41:CD:E1:C0,-86,11,Lab. química 01
17/03/2026,11:20:03,174,IFPB-VISITANTE,84:F1:47:54:8B:A2,-88,11,Lab. química 01
17/03/2026,11:20:03,174,IFPB,84:F1:47:54:8B:A0,-88,11,Lab. química 01
17/03/2026,11:20:03,174,Lab. de Sinais Digitais,18:D6:C7:F9:37:2F,-90,11,Lab. química 01
17/03/2026,11:20:12,175,IFPB,84:F1:47:54:6B:80,-50,1,Lab. química 01
17/03/2026,11:20:12,175,IFPB-VISITANTE,84:F1:47:54:6B:82,-50,1,Lab. química 01
17/03/2026,11:20:12,175,APTelefonia,58:10:8C:91:F3:AA,-79,1,Lab. química 01
17/03/2026,11:20:12,175,TP-Link_1324,7C:F1:7E:8D:13:22,-80,10,Lab. química 01
17/03/2026,11:20:12,175,IFPB-VISITANTE,2C:57:41:CD:E1:C2,-80,11,Lab. química 01
17/03/2026,11:20:12,175,IFPB,2C:57:41:CD:E1:C0,-81,11,Lab. química 01
17/03/2026,11:20:12,175,IFPB-VISITANTE,24:36:DA:2B:BC:02,-84,6,Lab. química 01
17/03/2026,11:20:12,175,IFPB,24:36:DA:2B:BC:00,-85,6,Lab. química 01
17/03/2026,11:20:12,175,IFPB-VISITANTE,84:F1:47:54:7F:62,-86,6,Lab. química 01
17/03/2026,11:20:12,175,IFPB,B8:11:4B:1D:12:00,-87,1,Lab. química 01
17/03/2026,11:20:12,175,IFPB,84:F1:47:54:7F:60,-87,6,Lab. química 01
17/03/2026,11:20:13,175,IFPB,2C:57:41:D4:A5:20,-87,6,Lab. química 01
17/03/2026,11:20:13,175,IFPB-VISITANTE,B8:11:4B:1D:12:02,-88,1,Lab. química 01
17/03/2026,11:20:13,175,IFPB-VISITANTE,24:36:DA:A2:7F:42,-88,6,Lab. química 01
17/03/2026,11:20:13,175,IFPB,84:F1:47:54:8B:A0,-88,11,Lab. química 01
17/03/2026,11:20:13,175,IFPB-VISITANTE,84:F1:47:54:8B:A2,-88,11,Lab. química 01
17/03/2026,11:20:13,175,IFPB-VISITANTE,2C:57:41:D4:A5:22,-89,6,Lab. química 01
17/03/2026,11:20:13,175,Intelbras,18:0D:2C:7F:EB:AC,-89,7,Lab. química 01
17/03/2026,11:20:13,175,Lab. de Sinais Digitais,18:D6:C7:F9:37:2F,-90,11,Lab. química 01
17/03/2026,11:20:13,175,NPEF/NEPA,50:C7:BF:EF:56:8A,-91,3,Lab. química 01
17/03/2026,11:20:22,176,IFPB,84:F1:47:54:6B:80,-49,1,Lab. química 01
17/03/2026,11:20:22,176,IFPB-VISITANTE,84:F1:47:54:6B:82,-49,1,Lab. química 01
17/03/2026,11:20:22,176,APTelefonia,58:10:8C:91:F3:AA,-78,1,Lab. química 01
17/03/2026,11:20:22,176,TP-Link_1324,7C:F1:7E:8D:13:22,-78,10,Lab. química 01
17/03/2026,11:20:22,176,IFPB-VISITANTE,24:36:DA:2B:BC:02,-82,6,Lab. química 01
17/03/2026,11:20:22,176,IFPB,24:36:DA:2B:BC:00,-82,6,Lab. química 01
17/03/2026,11:20:22,176,NPEF/NEPA,50:C7:BF:EF:56:8A,-84,3,Lab. química 01
17/03/2026,11:20:22,176,IFPB,2C:57:41:D4:A5:20,-84,6,Lab. química 01
17/03/2026,11:20:22,176,IFPB-VISITANTE,2C:57:41:D4:A5:22,-85,6,Lab. química 01
17/03/2026,11:20:22,176,Intelbras,18:0D:2C:7F:EB:AC,-85,7,Lab. química 01
17/03/2026,11:20:22,176,IFPB-VISITANTE,2C:57:41:CD:E1:C2,-85,11,Lab. química 01
17/03/2026,11:20:23,176,IFPB-VISITANTE,84:F1:47:54:8B:A2,-85,11,Lab. química 01
17/03/2026,11:20:23,176,IFPB-VISITANTE,B8:11:4B:1D:12:02,-86,1,Lab. química 01
17/03/2026,11:20:23,176,IFPB,84:F1:47:54:7F:60,-86,6,Lab. química 01
17/03/2026,11:20:23,176,IFPB-VISITANTE,84:F1:47:54:7F:62,-86,6,Lab. química 01
17/03/2026,11:20:23,176,IFPB,84:F1:47:54:8B:A0,-86,11,Lab. química 01
17/03/2026,11:20:23,176,IFPB,B8:11:4B:1D:12:00,-87,1,Lab. química 01
17/03/2026,11:20:23,176,IFPB,84:F1:47:54:81:00,-88,11,Lab. química 01
17/03/2026,11:20:23,176,IFPB,2C:57:41:CD:E1:C0,-88,11,Lab. química 01
17/03/2026,11:20:23,176,IFPB-VISITANTE,84:F1:47:54:81:02,-90,11,Lab. química 01
17/03/2026,11:20:23,176,Gabriel's Galaxy Tab S6 Lite,02:64:44:29:F3:37,-92,6,Lab. química 01
17/03/2026,11:20:23,176,Lab. de Sinais Digitais,18:D6:C7:F9:37:2F,-92,11,Lab. química 01
17/03/2026,11:20:23,176,UA2-MiniLab,60:32:B1:2D:66:C3,-95,10,Lab. química 01
17/03/2026,11:20:33,177,IFPB,84:F1:47:54:6B:80,-50,1,Lab. química 01
17/03/2026,11:20:33,177,IFPB-VISITANTE,84:F1:47:54:6B:82,-50,1,Lab. química 01
17/03/2026,11:20:33,177,TP-Link_1324,7C:F1:7E:8D:13:22,-77,10,Lab. química 01
17/03/2026,11:20:33,177,APTelefonia,58:10:8C:91:F3:AA,-80,1,Lab. química 01
17/03/2026,11:20:33,177,IFPB,2C:57:41:CD:E1:C0,-81,11,Lab. química 01
17/03/2026,11:20:33,177,IFPB,24:36:DA:2B:BC:00,-82,6,Lab. química 01
17/03/2026,11:20:33,177,IFPB-VISITANTE,24:36:DA:2B:BC:02,-82,6,Lab. química 01
17/03/2026,11:20:33,177,IFPB-VISITANTE,84:F1:47:54:7F:62,-83,6,Lab. química 01
17/03/2026,11:20:33,177,IFPB-VISITANTE,2C:57:41:CD:E1:C2,-83,11,Lab. química 01
17/03/2026,11:20:33,177,IFPB,84:F1:47:54:7F:60,-84,6,Lab. química 01
17/03/2026,11:20:33,177,IFPB,B8:11:4B:1D:12:00,-86,1,Lab. química 01
17/03/2026,11:20:33,177,IFPB-VISITANTE,B8:11:4B:1D:12:02,-87,1,Lab. química 01
17/03/2026,11:20:33,177,NPEF/NEPA,50:C7:BF:EF:56:8A,-88,3,Lab. química 01
17/03/2026,11:20:33,177,Intelbras,18:0D:2C:7F:EB:AC,-89,7,Lab. química 01
17/03/2026,11:20:33,177,IFPB-VISITANTE,84:F1:47:54:8B:A2,-89,11,Lab. química 01
17/03/2026,11:20:33,177,xiomi8pro,BA:AB:F7:24:01:4D,-91,6,Lab. química 01
17/03/2026,11:20:33,177,Lab. de Sinais Digitais,18:D6:C7:F9:37:2F,-92,11,Lab. química 01
17/03/2026,11:20:33,177,Gabriel's Galaxy Tab S6 Lite,02:64:44:29:F3:37,-93,6,Lab. química 01
17/03/2026,11:20:43,178,IFPB-VISITANTE,84:F1:47:54:6B:82,-48,1,Lab. química 01
17/03/2026,11:20:43,178,IFPB,84:F1:47:54:6B:80,-49,1,Lab. química 01
17/03/2026,11:20:43,178,APTelefonia,58:10:8C:91:F3:AA,-77,1,Lab. química 01
17/03/2026,11:20:43,178,IFPB,24:36:DA:2B:BC:00,-79,6,Lab. química 01
17/03/2026,11:20:43,178,IFPB-VISITANTE,24:36:DA:2B:BC:02,-79,6,Lab. química 01
17/03/2026,11:20:43,178,IFPB,84:F1:47:54:7F:60,-82,6,Lab. química 01
17/03/2026,11:20:43,178,IFPB-VISITANTE,84:F1:47:54:7F:62,-82,6,Lab. química 01
17/03/2026,11:20:43,178,Intelbras,18:0D:2C:7F:EB:AC,-82,7,Lab. química 01
17/03/2026,11:20:43,178,TP-Link_1324,7C:F1:7E:8D:13:22,-84,10,Lab. química 01
17/03/2026,11:20:43,178,IFPB,2C:57:41:CD:E1:C0,-85,11,Lab. química 01
17/03/2026,11:20:43,178,IFPB-VISITANTE,2C:57:41:CD:E1:C2,-85,11,Lab. química 01
17/03/2026,11:20:43,178,NPEF/NEPA,50:C7:BF:EF:56:8A,-86,3,Lab. química 01
17/03/2026,11:20:43,178,IFPB,B8:11:4B:1D:12:00,-87,1,Lab. química 01
17/03/2026,11:20:43,178,Gabriel's Galaxy Tab S6 Lite,02:64:44:29:F3:37,-88,6,Lab. química 01
17/03/2026,11:20:53,179,IFPB,84:F1:47:54:6B:80,-50,1,Lab. química 01
17/03/2026,11:20:53,179,IFPB-VISITANTE,84:F1:47:54:6B:82,-50,1,Lab. química 01
17/03/2026,11:20:53,179,TP-Link_1324,7C:F1:7E:8D:13:22,-77,10,Lab. química 01
17/03/2026,11:20:53,179,IFPB,24:36:DA:2B:BC:00,-80,6,Lab. química 01
17/03/2026,11:20:53,179,IFPB-VISITANTE,24:36:DA:2B:BC:02,-80,6,Lab. química 01
17/03/2026,11:20:53,179,APTelefonia,58:10:8C:91:F3:AA,-88,1,Lab. química 01
17/03/2026,11:20:53,179,Intelbras,18:0D:2C:7F:EB:AC,-88,7,Lab. química 01
17/03/2026,11:20:53,179,IFPB,84:F1:47:54:8B:A0,-88,11,Lab. química 01
17/03/2026,11:20:53,179,IFPB-VISITANTE,84:F1:47:54:8B:A2,-88,11,Lab. química 01
17/03/2026,11:20:53,179,IFPB-VISITANTE,2C:57:41:CD:E1:C2,-88,11,Lab. química 01
17/03/2026,11:20:53,179,NPEF/NEPA,50:C7:BF:EF:56:8A,-89,3,Lab. química 01
17/03/2026,11:20:53,179,IFPB-VISITANTE,84:F1:47:54:7F:62,-89,6,Lab. química 01
17/03/2026,11:20:53,179,IFPB,84:F1:47:54:7F:60,-90,6,Lab. química 01
17/03/2026,11:20:53,179,IFPB-VISITANTE,84:F1:47:54:81:02,-90,11,Lab. química 01
17/03/2026,11:20:53,179,xiomi8pro,BA:AB:F7:24:01:4D,-91,6,Lab. química 01
17/03/2026,11:20:53,179,IFPB,2C:57:41:CD:E1:C0,-91,11,Lab. química 01
17/03/2026,11:20:53,179,Lab. de Sinais Digitais,18:D6:C7:F9:37:2F,-91,11,Lab. química 01
17/03/2026,11:20:53,179,motorola one hyper_9136,6A:A5:88:F9:66:CE,-93,6,Lab. química 01
17/03/2026,11:20:53,179,brisa-3861242,24:2F:D0:CC:ED:8C,-94,2,Lab. química 01
17/03/2026,11:20:53,179,UA2-MiniLab,60:32:B1:2D:66:C3,-95,10,Lab. química 01
17/03/2026,11:21:03,180,IFPB,84:F1:47:54:6B:80,-50,1,Lab. química 01
17/03/2026,11:21:03,180,IFPB-VISITANTE,84:F1:47:54:6B:82,-50,1,Lab. química 01
17/03/2026,11:21:03,180,TP-Link_1324,7C:F1:7E:8D:13:22,-77,10,Lab. química 01
17/03/2026,11:21:03,180,IFPB-VISITANTE,2C:57:41:D4:A5:22,-79,6,Lab. química 01
17/03/2026,11:21:03,180,IFPB,2C:57:41:D4:A5:20,-80,6,Lab. química 01
17/03/2026,11:21:03,180,APTelefonia,58:10:8C:91:F3:AA,-81,1,Lab. química 01
17/03/2026,11:21:03,180,IFPB-VISITANTE,24:36:DA:2B:BC:02,-84,6,Lab. química 01
17/03/2026,11:21:03,180,IFPB,24:36:DA:2B:BC:00,-85,6,Lab. química 01
17/03/2026,11:21:03,180,NPEF/NEPA,50:C7:BF:EF:56:8A,-87,3,Lab. química 01
17/03/2026,11:21:03,180,IFPB,2C:57:41:CD:E1:C0,-87,11,Lab. química 01
17/03/2026,11:21:03,180,IFPB-VISITANTE,84:F1:47:54:8B:A2,-87,11,Lab. química 01
17/03/2026,11:21:03,180,IFPB-VISITANTE,B8:11:4B:1D:12:02,-88,1,Lab. química 01
17/03/2026,11:21:03,180,IFPB-VISITANTE,2C:57:41:CD:E1:C2,-88,11,Lab. química 01
17/03/2026,11:21:03,180,IFPB,24:36:DA:A2:7F:40,-89,6,Lab. química 01
17/03/2026,11:21:03,180,IFPB,B8:11:4B:1D:12:00,-91,1,Lab. química 01
17/03/2026,11:21:03,180,Lab. de Sinais Digitais,18:D6:C7:F9:37:2F,-91,11,Lab. química 01
17/03/2026,11:21:45,181,IFPB,84:F1:47:54:6B:80,-71,1,Lab. de microscopia
17/03/2026,11:21:45,181,IFPB-VISITANTE,84:F1:47:54:6B:82,-71,1,Lab. de microscopia
17/03/2026,11:21:45,181,NPEF/NEPA,50:C7:BF:EF:56:8A,-73,3,Lab. de microscopia
17/03/2026,11:21:45,181,IFPB,2C:57:41:D4:A5:20,-80,6,Lab. de microscopia
17/03/2026,11:21:45,181,IFPB-VISITANTE,2C:57:41:D4:A5:22,-80,6,Lab. de microscopia
17/03/2026,11:21:45,181,IFPB-VISITANTE,84:F1:47:54:8B:A2,-82,11,Lab. de microscopia
17/03/2026,11:21:45,181,IFPB,84:F1:47:54:8B:A0,-82,11,Lab. de microscopia
17/03/2026,11:21:45,181,IFPB,84:F1:47:54:80:60,-83,11,Lab. de microscopia
17/03/2026,11:21:45,181,IFPB-VISITANTE,84:F1:47:54:80:62,-84,11,Lab. de microscopia
17/03/2026,11:21:45,181,IFPB-VISITANTE,84:F1:47:54:FD:62,-89,1,Lab. de microscopia
17/03/2026,11:21:45,181,APTelefonia,58:10:8C:91:F3:AA,-90,1,Lab. de microscopia
17/03/2026,11:21:45,181,IFPB,84:F1:47:54:FD:60,-90,1,Lab. de microscopia
17/03/2026,11:21:45,181,IFPB,2C:57:41:CD:E1:C0,-90,11,Lab. de microscopia
17/03/2026,11:21:45,181,GPDS,00:26:5A:66:55:EF,-91,6,Lab. de microscopia
17/03/2026,11:21:45,181,TP-Link_1324,7C:F1:7E:8D:13:22,-91,10,Lab. de microscopia
17/03/2026,11:21:45,181,Lab. de Sinais Digitais,18:D6:C7:F9:37:2F,-92,11,Lab. de microscopia
17/03/2026,11:21:45,181,IFPB-MM,54:E6:FC:BA:AD:86,-95,11,Lab. de microscopia
17/03/2026,11:21:55,182,NPEF/NEPA,50:C7:BF:EF:56:8A,-69,3,Lab. de microscopia
17/03/2026,11:21:55,182,IFPB,84:F1:47:54:6B:80,-72,1,Lab. de microscopia
17/03/2026,11:21:55,182,IFPB-VISITANTE,84:F1:47:54:6B:82,-72,1,Lab. de microscopia
17/03/2026,11:21:55,182,IFPB,2C:57:41:D4:A5:20,-78,6,Lab. de microscopia
17/03/2026,11:21:55,182,IFPB-VISITANTE,2C:57:41:D4:A5:22,-78,6,Lab. de microscopia
17/03/2026,11:21:55,182,IFPB,84:F1:47:54:8B:A0,-80,11,Lab. de microscopia
17/03/2026,11:21:55,182,IFPB-VISITANTE,84:F1:47:54:8B:A2,-80,11,Lab. de microscopia
17/03/2026,11:21:55,182,APTelefonia,58:10:8C:91:F3:AA,-87,1,Lab. de microscopia
17/03/2026,11:21:55,182,Lab. de Sinais Digitais,18:D6:C7:F9:37:2F,-87,11,Lab. de microscopia
17/03/2026,11:21:55,182,IFPB,84:F1:47:54:FD:60,-89,1,Lab. de microscopia
17/03/2026,11:21:55,182,IFPB-VISITANTE,84:F1:47:54:80:62,-89,11,Lab. de microscopia
17/03/2026,11:21:55,182,IFPB-VISITANTE,84:F1:47:54:FD:62,-90,1,Lab. de microscopia
17/03/2026,11:21:55,182,IFPB,2C:57:41:CD:E1:C0,-90,11,Lab. de microscopia
17/03/2026,11:21:55,182,IFPB,84:F1:47:54:80:60,-91,11,Lab. de microscopia
17/03/2026,11:21:55,182,IFPB-VISITANTE,2C:57:41:CD:E1:C2,-91,11,Lab. de microscopia
17/03/2026,11:21:55,182,TP-Link_1324,7C:F1:7E:8D:13:22,-94,10,Lab. de microscopia
17/03/2026,11:21:55,182,IFPB-MM,54:E6:FC:BA:AD:86,-95,11,Lab. de microscopia
17/03/2026,11:21:55,182,UA2-MiniLab,60:32:B1:2D:66:C3,-97,10,Lab. de microscopia
17/03/2026,11:22:05,183,NPEF/NEPA,50:C7:BF:EF:56:8A,-64,3,Lab. de microscopia
17/03/2026,11:22:05,183,IFPB-VISITANTE,84:F1:47:54:6B:82,-69,1,Lab. de microscopia
17/03/2026,11:22:05,183,IFPB,84:F1:47:54:6B:80,-70,1,Lab. de microscopia
17/03/2026,11:22:05,183,IFPB,84:F1:47:54:8B:A0,-81,11,Lab. de microscopia
17/03/2026,11:22:05,183,IFPB-VISITANTE,84:F1:47:54:8B:A2,-81,11,Lab. de microscopia
17/03/2026,11:22:05,183,IFPB,2C:57:41:D4:A5:20,-84,6,Lab. de microscopia
17/03/2026,11:22:05,183,IFPB-VISITANTE,2C:57:41:D4:A5:22,-85,6,Lab. de microscopia
17/03/2026,11:22:05,183,Lab. de Sinais Digitais,18:D6:C7:F9:37:2F,-87,11,Lab. de microscopia
17/03/2026,11:22:05,183,IFPB-VISITANTE,2C:57:41:CD:E1:C2,-87,11,Lab. de microscopia
17/03/2026,11:22:05,183,IFPB-VISITANTE,84:F1:47:54:FD:62,-88,1,Lab. de microscopia
17/03/2026,11:22:05,183,IFPB,84:F1:47:54:FD:60,-88,1,Lab. de microscopia
17/03/2026,11:22:05,183,IFPB,2C:57:41:CD:E1:C0,-88,11,Lab. de microscopia
17/03/2026,11:22:05,183,IFPB,84:F1:47:54:80:60,-90,11,Lab. de microscopia
17/03/2026,11:22:05,183,APTelefonia,58:10:8C:91:F3:AA,-91,1,Lab. de microscopia
17/03/2026,11:22:05,183,TP-Link_1324,7C:F1:7E:8D:13:22,-91,10,Lab. de microscopia
17/03/2026,11:22:05,183,UA2-MiniLab,60:32:B1:2D:66:C3,-92,10,Lab. de microscopia
17/03/2026,11:22:05,183,IFPB-MM,54:E6:FC:BA:AD:86,-93,11,Lab. de microscopia
17/03/2026,11:22:15,184,NPEF/NEPA,50:C7:BF:EF:56:8A,-68,3,Lab. de microscopia
17/03/2026,11:22:15,184,IFPB,84:F1:47:54:6B:80,-72,1,Lab. de microscopia
17/03/2026,11:22:15,184,IFPB-VISITANTE,84:F1:47:54:6B:82,-72,1,Lab. de microscopia
17/03/2026,11:22:15,184,IFPB-VISITANTE,2C:57:41:D4:A5:22,-81,6,Lab. de microscopia
17/03/2026,11:22:15,184,IFPB,84:F1:47:54:8B:A0,-81,11,Lab. de microscopia
17/03/2026,11:22:15,184,IFPB-VISITANTE,84:F1:47:54:8B:A2,-81,11,Lab. de microscopia
17/03/2026,11:22:15,184,IFPB,2C:57:41:D4:A5:20,-82,6,Lab. de microscopia
17/03/2026,11:22:15,184,Lab. de Sinais Digitais,18:D6:C7:F9:37:2F,-83,11,Lab. de microscopia
17/03/2026,11:22:15,184,IFPB-VISITANTE,84:F1:47:54:80:62,-87,11,Lab. de microscopia
17/03/2026,11:22:15,184,IFPB-VISITANTE,84:F1:47:54:7F:62,-88,6,Lab. de microscopia
17/03/2026,11:22:15,184,IFPB-MM,54:E6:FC:BA:AD:86,-88,11,Lab. de microscopia
17/03/2026,11:22:15,184,IFPB,84:F1:47:54:80:60,-88,11,Lab. de microscopia
17/03/2026,11:22:15,184,APTelefonia,58:10:8C:91:F3:AA,-93,1,Lab. de microscopia
17/03/2026,11:22:15,184,TP-Link_1324,7C:F1:7E:8D:13:22,-93,10,Lab. de microscopia
17/03/2026,11:22:15,184,UA2-MiniLab,60:32:B1:2D:66:C3,-93,10,Lab. de microscopia
17/03/2026,11:22:15,184,Intelbras,18:0D:2C:7F:EB:AC,-94,7,Lab. de microscopia
17/03/2026,11:22:25,185,NPEF/NEPA,50:C7:BF:EF:56:8A,-70,3,Lab. de microscopia
17/03/2026,11:22:25,185,IFPB,84:F1:47:54:6B:80,-74,1,Lab. de microscopia
17/03/2026,11:22:25,185,IFPB-VISITANTE,84:F1:47:54:6B:82,-74,1,Lab. de microscopia
17/03/2026,11:22:25,185,IFPB,2C:57:41:D4:A5:20,-80,6,Lab. de microscopia
17/03/2026,11:22:25,185,IFPB-VISITANTE,2C:57:41:D4:A5:22,-80,6,Lab. de microscopia
17/03/2026,11:22:25,185,IFPB,84:F1:47:54:8B:A0,-81,11,Lab. de microscopia
17/03/2026,11:22:25,185,IFPB-VISITANTE,84:F1:47:54:8B:A2,-81,11,Lab. de microscopia
17/03/2026,11:22:25,185,IFPB-VISITANTE,84:F1:47:54:80:62,-84,11,Lab. de microscopia
17/03/2026,11:22:25,185,IFPB,84:F1:47:54:80:60,-86,11,Lab. de microscopia
17/03/2026,11:22:25,185,APTelefonia,58:10:8C:91:F3:AA,-89,1,Lab. de microscopia
17/03/2026,11:22:25,185,IFPB,84:F1:47:54:FD:60,-89,1,Lab. de microscopia
17/03/2026,11:22:25,185,IFPB-VISITANTE,84:F1:47:54:FD:62,-89,1,Lab. de microscopia
17/03/2026,11:22:25,185,TP-Link_1324,7C:F1:7E:8D:13:22,-91,10,Lab. de microscopia
17/03/2026,11:22:25,185,UA2-MiniLab,60:32:B1:2D:66:C3,-91,10,Lab. de microscopia
17/03/2026,11:22:25,185,EBEF98EB-HE8D94xvZh1AO1J,44:D2:44:DD:32:41,-93,11,Lab. de microscopia
17/03/2026,11:22:25,185,Lab. de Sinais Digitais,18:D6:C7:F9:37:2F,-93,11,Lab. de microscopia
17/03/2026,11:22:25,185,GPDS,00:26:5A:66:55:EF,-94,6,Lab. de microscopia
17/03/2026,11:22:35,186,NPEF/NEPA,50:C7:BF:EF:56:8A,-69,3,Lab. de microscopia
17/03/2026,11:22:35,186,IFPB,84:F1:47:54:6B:80,-72,1,Lab. de microscopia
17/03/2026,11:22:35,186,IFPB-VISITANTE,84:F1:47:54:6B:82,-72,1,Lab. de microscopia
17/03/2026,11:22:35,186,IFPB,2C:57:41:D4:A5:20,-80,6,Lab. de microscopia
17/03/2026,11:22:35,186,IFPB-VISITANTE,2C:57:41:D4:A5:22,-81,6,Lab. de microscopia
17/03/2026,11:22:35,186,IFPB,84:F1:47:54:8B:A0,-83,11,Lab. de microscopia
17/03/2026,11:22:35,186,IFPB-VISITANTE,84:F1:47:54:8B:A2,-83,11,Lab. de microscopia
17/03/2026,11:22:35,186,IFPB,84:F1:47:54:FD:60,-87,1,Lab. de microscopia
17/03/2026,11:22:35,186,IFPB-VISITANTE,84:F1:47:54:FD:62,-87,1,Lab. de microscopia
17/03/2026,11:22:35,186,Lab. de Sinais Digitais,18:D6:C7:F9:37:2F,-87,11,Lab. de microscopia
17/03/2026,11:22:35,186,GPDS,00:26:5A:66:55:EF,-91,6,Lab. de microscopia
17/03/2026,11:22:35,186,TP-Link_1324,7C:F1:7E:8D:13:22,-91,10,Lab. de microscopia
17/03/2026,11:22:35,186,APTelefonia,58:10:8C:91:F3:AA,-92,1,Lab. de microscopia
17/03/2026,11:22:35,186,UA2-MiniLab,60:32:B1:2D:66:C3,-92,10,Lab. de microscopia
17/03/2026,11:22:35,186,IFPB-Sala_Professor_14,48:51:CF:81:B0:9E,-93,5,Lab. de microscopia
17/03/2026,11:22:45,187,NPEF/NEPA,50:C7:BF:EF:56:8A,-76,3,Lab. de microscopia
17/03/2026,11:22:45,187,IFPB,84:F1:47:54:6B:80,-77,1,Lab. de microscopia
17/03/2026,11:22:45,187,IFPB-VISITANTE,84:F1:47:54:6B:82,-77,1,Lab. de microscopia
17/03/2026,11:22:45,187,IFPB,84:F1:47:54:8B:A0,-82,11,Lab. de microscopia
17/03/2026,11:22:45,187,IFPB-VISITANTE,84:F1:47:54:8B:A2,-83,11,Lab. de microscopia
17/03/2026,11:22:45,187,IFPB,2C:57:41:D4:A5:20,-84,6,Lab. de microscopia
17/03/2026,11:22:45,187,IFPB-VISITANTE,2C:57:41:D4:A5:22,-84,6,Lab. de microscopia
17/03/2026,11:22:45,187,IFPB,84:F1:47:54:80:60,-85,11,Lab. de microscopia
17/03/2026,11:22:45,187,IFPB-VISITANTE,84:F1:47:54:80:62,-85,11,Lab. de microscopia
17/03/2026,11:22:45,187,IFPB,84:F1:47:54:FD:60,-88,1,Lab. de microscopia
17/03/2026,11:22:45,187,IFPB,84:F1:47:54:7F:60,-88,6,Lab. de microscopia
17/03/2026,11:22:45,187,IFPB-VISITANTE,84:F1:47:54:FD:62,-89,1,Lab. de microscopia
17/03/2026,11:22:45,187,APTelefonia,58:10:8C:91:F3:AA,-90,1,Lab. de microscopia
17/03/2026,11:22:45,187,TP-Link_1324,7C:F1:7E:8D:13:22,-91,10,Lab. de microscopia
17/03/2026,11:22:45,187,Lab. de Sinais Digitais,18:D6:C7:F9:37:2F,-91,11,Lab. de microscopia
17/03/2026,11:22:45,187,UA2-MiniLab,60:32:B1:2D:66:C3,-93,10,Lab. de microscopia
17/03/2026,11:22:55,188,NPEF/NEPA,50:C7:BF:EF:56:8A,-70,3,Lab. de microscopia
17/03/2026,11:22:55,188,IFPB,84:F1:47:54:6B:80,-75,1,Lab. de microscopia
17/03/2026,11:22:55,188,IFPB-VISITANTE,84:F1:47:54:6B:82,-75,1,Lab. de microscopia
17/03/2026,11:22:55,188,IFPB-VISITANTE,2C:57:41:D4:A5:22,-83,6,Lab. de microscopia
17/03/2026,11:22:55,188,IFPB-VISITANTE,84:F1:47:54:8B:A2,-84,11,Lab. de microscopia
17/03/2026,11:22:55,188,IFPB,84:F1:47:54:8B:A0,-84,11,Lab. de microscopia
17/03/2026,11:22:55,188,IFPB,2C:57:41:D4:A5:20,-85,6,Lab. de microscopia
17/03/2026,11:22:55,188,UA2-MiniLab,60:32:B1:2D:66:C3,-87,10,Lab. de microscopia
17/03/2026,11:22:55,188,TP-Link_1324,7C:F1:7E:8D:13:22,-89,10,Lab. de microscopia
17/03/2026,11:22:55,188,IFPB-VISITANTE,84:F1:47:54:80:62,-89,11,Lab. de microscopia
17/03/2026,11:22:55,188,Lab. de Sinais Digitais,18:D6:C7:F9:37:2F,-90,11,Lab. de microscopia
17/03/2026,11:22:55,188,APTelefonia,58:10:8C:91:F3:AA,-91,1,Lab. de microscopia
17/03/2026,11:22:55,188,xiomi8pro,BA:AB:F7:24:01:4D,-91,6,Lab. de microscopia
17/03/2026,11:22:55,188,IFPB,84:F1:47:54:80:60,-91,11,Lab. de microscopia
17/03/2026,11:22:55,188,EBEF98EB-HE8D94xvZh1AO1J,44:D2:44:DD:32:41,-94,11,Lab. de microscopia
17/03/2026,11:22:55,188,Intelbras,18:0D:2C:7F:EB:AC,-95,7,Lab. de microscopia
17/03/2026,11:23:05,189,NPEF/NEPA,50:C7:BF:EF:56:8A,-66,3,Lab. de microscopia
17/03/2026,11:23:05,189,IFPB,84:F1:47:54:6B:80,-72,1,Lab. de microscopia
17/03/2026,11:23:05,189,IFPB-VISITANTE,84:F1:47:54:6B:82,-72,1,Lab. de microscopia
17/03/2026,11:23:05,189,IFPB,2C:57:41:D4:A5:20,-75,6,Lab. de microscopia
17/03/2026,11:23:05,189,IFPB-VISITANTE,2C:57:41:D4:A5:22,-76,6,Lab. de microscopia
17/03/2026,11:23:05,189,IFPB,84:F1:47:54:8B:A0,-80,11,Lab. de microscopia
17/03/2026,11:23:05,189,IFPB-VISITANTE,84:F1:47:54:8B:A2,-80,11,Lab. de microscopia
17/03/2026,11:23:05,189,IFPB,84:F1:47:54:FD:60,-85,1,Lab. de microscopia
17/03/2026,11:23:05,189,IFPB-VISITANTE,84:F1:47:54:FD:62,-86,1,Lab. de microscopia
17/03/2026,11:23:05,189,UA2-MiniLab,60:32:B1:2D:66:C3,-86,10,Lab. de microscopia
17/03/2026,11:23:05,189,TP-Link_1324,7C:F1:7E:8D:13:22,-87,10,Lab. de microscopia
17/03/2026,11:23:05,189,APTelefonia,58:10:8C:91:F3:AA,-89,1,Lab. de microscopia
17/03/2026,11:23:05,189,Lab. de Sinais Digitais,18:D6:C7:F9:37:2F,-90,11,Lab. de microscopia
17/03/2026,11:23:05,189,IFPB-MM,54:E6:FC:BA:AD:86,-91,11,Lab. de microscopia
17/03/2026,11:23:15,190,IFPB,84:F1:47:54:6B:80,-71,1,Lab. de microscopia
17/03/2026,11:23:15,190,IFPB-VISITANTE,84:F1:47:54:6B:82,-71,1,Lab. de microscopia
17/03/2026,11:23:15,190,NPEF/NEPA,50:C7:BF:EF:56:8A,-71,3,Lab. de microscopia
17/03/2026,11:23:15,190,IFPB,2C:57:41:D4:A5:20,-77,6,Lab. de microscopia
17/03/2026,11:23:15,190,IFPB-VISITANTE,2C:57:41:D4:A5:22,-78,6,Lab. de microscopia
17/03/2026,11:23:15,190,IFPB-VISITANTE,84:F1:47:54:8B:A2,-84,11,Lab. de microscopia
17/03/2026,11:23:15,190,IFPB,2C:57:41:CD:E1:C0,-86,11,Lab. de microscopia
17/03/2026,11:23:15,190,IFPB-VISITANTE,2C:57:41:CD:E1:C2,-86,11,Lab. de microscopia
17/03/2026,11:23:15,190,Lab. de Sinais Digitais,18:D6:C7:F9:37:2F,-86,11,Lab. de microscopia
17/03/2026,11:23:15,190,xiomi8pro,BA:AB:F7:24:01:4D,-89,6,Lab. de microscopia
17/03/2026,11:23:15,190,IFPB-MM,54:E6:FC:BA:AD:86,-90,11,Lab. de microscopia
17/03/2026,11:23:15,190,TP-Link_1324,7C:F1:7E:8D:13:22,-91,10,Lab. de microscopia
17/03/2026,11:23:15,190,UA2-MiniLab,60:32:B1:2D:66:C3,-92,10,Lab. de microscopia
17/03/2026,11:23:15,190,APTelefonia,58:10:8C:91:F3:AA,-93,1,Lab. de microscopia
17/03/2026,11:23:15,190,GPDS,00:26:5A:66:55:EF,-93,6,Lab. de microscopia
17/03/2026,11:23:15,190,Intelbras,18:0D:2C:7F:EB:AC,-93,7,Lab. de microscopia
17/03/2026,11:23:15,190,EBEF98EB-HE8D94xvZh1AO1J,44:D2:44:DD:32:41,-96,11,Lab. de microscopia
17/03/2026,11:23:39,191,NPEF/NEPA,50:C7:BF:EF:56:8A,-65,3,Lab. de matemática
17/03/2026,11:23:39,191,IFPB-VISITANTE,84:F1:47:54:6B:82,-74,1,Lab. de matemática
17/03/2026,11:23:39,191,IFPB,84:F1:47:54:6B:80,-75,1,Lab. de matemática
17/03/2026,11:23:39,191,IFPB-VISITANTE,2C:57:41:D4:A5:22,-80,6,Lab. de matemática
17/03/2026,11:23:39,191,IFPB-VISITANTE,84:F1:47:54:8B:A2,-81,11,Lab. de matemática
17/03/2026,11:23:39,191,IFPB,84:F1:47:54:8B:A0,-82,11,Lab. de matemática
17/03/2026,11:23:39,191,IFPB,2C:57:41:D4:A5:20,-83,6,Lab. de matemática
17/03/2026,11:23:39,191,Lab. de Sinais Digitais,18:D6:C7:F9:37:2F,-87,11,Lab. de matemática
17/03/2026,11:23:39,191,IFPB,84:F1:47:54:FD:60,-88,1,Lab. de matemática
17/03/2026,11:23:39,191,TP-Link_1324,7C:F1:7E:8D:13:22,-90,10,Lab. de matemática
17/03/2026,11:23:39,191,APTelefonia,58:10:8C:91:F3:AA,-91,1,Lab. de matemática
17/03/2026,11:23:39,191,xiomi8pro,BA:AB:F7:24:01:4D,-91,6,Lab. de matemática
17/03/2026,11:23:39,191,UA2-MiniLab,60:32:B1:2D:66:C3,-94,10,Lab. de matemática
17/03/2026,11:23:49,192,IFPB-VISITANTE,84:F1:47:54:6B:82,-74,1,Lab. de matemática
17/03/2026,11:23:49,192,IFPB,84:F1:47:54:6B:80,-75,1,Lab. de matemática
17/03/2026,11:23:49,192,IFPB,2C:57:41:D4:A5:20,-75,6,Lab. de matemática
17/03/2026,11:23:49,192,IFPB-VISITANTE,2C:57:41:D4:A5:22,-75,6,Lab. de matemática
17/03/2026,11:23:49,192,NPEF/NEPA,50:C7:BF:EF:56:8A,-76,3,Lab. de matemática
17/03/2026,11:23:49,192,IFPB-VISITANTE,84:F1:47:54:80:62,-81,11,Lab. de matemática
17/03/2026,11:23:49,192,IFPB,84:F1:47:54:80:60,-83,11,Lab. de matemática
17/03/2026,11:23:49,192,IFPB,84:F1:47:54:8B:A0,-85,11,Lab. de matemática
17/03/2026,11:23:49,192,IFPB-MM,54:E6:FC:BA:AD:86,-86,11,Lab. de matemática
17/03/2026,11:23:49,192,IFPB,84:F1:47:54:FD:60,-87,1,Lab. de matemática
17/03/2026,11:23:49,192,IFPB-VISITANTE,84:F1:47:54:8B:A2,-87,11,Lab. de matemática
17/03/2026,11:23:49,192,IFPB-VISITANTE,84:F1:47:54:FD:62,-88,1,Lab. de matemática
17/03/2026,11:23:49,192,IFPB,84:F1:47:54:7F:60,-88,6,Lab. de matemática
17/03/2026,11:23:49,192,IFPB-VISITANTE,84:F1:47:54:7F:62,-88,6,Lab. de matemática
17/03/2026,11:23:49,192,APTelefonia,58:10:8C:91:F3:AA,-89,1,Lab. de matemática
17/03/2026,11:23:49,192,Lab. de Sinais Digitais,18:D6:C7:F9:37:2F,-89,11,Lab. de matemática
17/03/2026,11:23:49,192,GPDS,00:26:5A:66:55:EF,-90,6,Lab. de matemática
17/03/2026,11:23:49,192,xiomi8pro,BA:AB:F7:24:01:4D,-90,6,Lab. de matemática
17/03/2026,11:23:49,192,UA2-MiniLab,60:32:B1:2D:66:C3,-90,10,Lab. de matemática
17/03/2026,11:23:49,192,Intelbras,18:0D:2C:7F:EB:AC,-93,7,Lab. de matemática
17/03/2026,11:23:49,192,TP-Link_1324,7C:F1:7E:8D:13:22,-93,10,Lab. de matemática
17/03/2026,11:23:59,193,NPEF/NEPA,50:C7:BF:EF:56:8A,-66,3,Lab. de matemática
17/03/2026,11:23:59,193,IFPB,84:F1:47:54:6B:80,-71,1,Lab. de matemática
17/03/2026,11:23:59,193,IFPB-VISITANTE,84:F1:47:54:6B:82,-72,1,Lab. de matemática
17/03/2026,11:23:59,193,IFPB,2C:57:41:D4:A5:20,-77,6,Lab. de matemática
17/03/2026,11:23:59,193,IFPB-VISITANTE,2C:57:41:D4:A5:22,-77,6,Lab. de matemática
17/03/2026,11:23:59,193,UA2-MiniLab,60:32:B1:2D:66:C3,-83,10,Lab. de matemática
17/03/2026,11:23:59,193,IFPB,84:F1:47:54:80:60,-85,11,Lab. de matemática
17/03/2026,11:23:59,193,IFPB-VISITANTE,84:F1:47:54:FD:62,-87,1,Lab. de matemática
17/03/2026,11:23:59,193,TP-Link_1324,7C:F1:7E:8D:13:22,-87,10,Lab. de matemática
17/03/2026,11:23:59,193,IFPB-VISITANTE,84:F1:47:54:8B:A2,-87,11,Lab. de matemática
17/03/2026,11:23:59,193,APTelefonia,58:10:8C:91:F3:AA,-88,1,Lab. de matemática
17/03/2026,11:23:59,193,IFPB,84:F1:47:54:FD:60,-88,1,Lab. de matemática
17/03/2026,11:23:59,193,Lab. de Sinais Digitais,18:D6:C7:F9:37:2F,-88,11,Lab. de matemática
17/03/2026,11:23:59,193,IFPB,2C:57:41:CD:E1:C0,-88,11,Lab. de matemática
17/03/2026,11:23:59,193,IFPB-VISITANTE,2C:57:41:CD:E1:C2,-89,11,Lab. de matemática
17/03/2026,11:24:09,194,NPEF/NEPA,50:C7:BF:EF:56:8A,-67,3,Lab. de matemática
17/03/2026,11:24:09,194,IFPB,84:F1:47:54:6B:80,-72,1,Lab. de matemática
17/03/2026,11:24:09,194,IFPB-VISITANTE,84:F1:47:54:6B:82,-72,1,Lab. de matemática
17/03/2026,11:24:09,194,IFPB,2C:57:41:D4:A5:20,-74,6,Lab. de matemática
17/03/2026,11:24:09,194,IFPB-VISITANTE,2C:57:41:D4:A5:22,-74,6,Lab. de matemática
17/03/2026,11:24:09,194,IFPB,84:F1:47:54:80:60,-85,11,Lab. de matemática
17/03/2026,11:24:09,194,IFPB-VISITANTE,84:F1:47:54:80:62,-85,11,Lab. de matemática
17/03/2026,11:24:09,194,IFPB,2C:57:41:CD:E1:C0,-86,11,Lab. de matemática
17/03/2026,11:24:09,194,IFPB-VISITANTE,2C:57:41:CD:E1:C2,-87,11,Lab. de matemática
17/03/2026,11:24:09,194,IFPB-MM,54:E6:FC:BA:AD:86,-88,11,Lab. de matemática
17/03/2026,11:24:09,194,UA2-MiniLab,60:32:B1:2D:66:C3,-89,10,Lab. de matemática
17/03/2026,11:24:09,194,GPDS,00:26:5A:66:55:EF,-91,6,Lab. de matemática
17/03/2026,11:24:09,194,A55 de Arquimedes,02:11:D2:64:5E:D9,-92,1,Lab. de matemática
17/03/2026,11:24:09,194,Lab. de Sinais Digitais,18:D6:C7:F9:37:2F,-92,11,Lab. de matemática
17/03/2026,11:24:09,194,APTelefonia,58:10:8C:91:F3:AA,-93,1,Lab. de matemática
17/03/2026,11:24:09,194,xiomi8pro,BA:AB:F7:24:01:4D,-93,6,Lab. de matemática
17/03/2026,11:24:09,194,TP-Link_1324,7C:F1:7E:8D:13:22,-94,10,Lab. de matemática
17/03/2026,11:24:19,195,NPEF/NEPA,50:C7:BF:EF:56:8A,-64,3,Lab. de matemática
17/03/2026,11:24:19,195,IFPB,84:F1:47:54:6B:80,-70,1,Lab. de matemática
17/03/2026,11:24:19,195,IFPB-VISITANTE,84:F1:47:54:6B:82,-70,1,Lab. de matemática
17/03/2026,11:24:19,195,IFPB,2C:57:41:D4:A5:20,-81,6,Lab. de matemática
17/03/2026,11:24:19,195,IFPB-VISITANTE,2C:57:41:D4:A5:22,-82,6,Lab. de matemática
17/03/2026,11:24:19,195,IFPB,84:F1:47:54:FD:60,-86,1,Lab. de matemática
17/03/2026,11:24:19,195,IFPB-VISITANTE,84:F1:47:54:FD:62,-86,1,Lab. de matemática
17/03/2026,11:24:19,195,IFPB,84:F1:47:54:8B:A0,-86,11,Lab. de matemática
17/03/2026,11:24:19,195,IFPB-VISITANTE,84:F1:47:54:8B:A2,-86,11,Lab. de matemática
17/03/2026,11:24:19,195,Lab. de Sinais Digitais,18:D6:C7:F9:37:2F,-87,11,Lab. de matemática
17/03/2026,11:24:19,195,APTelefonia,58:10:8C:91:F3:AA,-89,1,Lab. de matemática
17/03/2026,11:24:19,195,IFPB-VISITANTE,2C:57:41:CD:E1:C2,-89,11,Lab. de matemática
17/03/2026,11:24:19,195,IFPB,2C:57:41:CD:E1:C0,-89,11,Lab. de matemática
17/03/2026,11:24:19,195,IFPB,84:F1:47:54:80:60,-90,11,Lab. de matemática
17/03/2026,11:24:19,195,IFPB-VISITANTE,84:F1:47:54:80:62,-90,11,Lab. de matemática
17/03/2026,11:24:19,195,GPDS,00:26:5A:66:55:EF,-91,6,Lab. de matemática
17/03/2026,11:24:19,195,UA2-MiniLab,60:32:B1:2D:66:C3,-91,10,Lab. de matemática
17/03/2026,11:24:19,195,TP-Link_1324,7C:F1:7E:8D:13:22,-91,10,Lab. de matemática
17/03/2026,11:24:19,195,LINSCA,A0:F3:C1:73:01:F8,-93,11,Lab. de matemática
17/03/2026,11:24:19,195,EBEF98EB-HE8D94xvZh1AO1J,44:D2:44:DD:32:41,-96,11,Lab. de matemática
17/03/2026,11:24:29,196,NPEF/NEPA,50:C7:BF:EF:56:8A,-70,3,Lab. de matemática
17/03/2026,11:24:29,196,IFPB-VISITANTE,84:F1:47:54:6B:82,-73,1,Lab. de matemática
17/03/2026,11:24:29,196,IFPB,84:F1:47:54:6B:80,-74,1,Lab. de matemática
17/03/2026,11:24:29,196,IFPB-VISITANTE,2C:57:41:D4:A5:22,-76,6,Lab. de matemática
17/03/2026,11:24:29,196,IFPB,2C:57:41:D4:A5:20,-76,6,Lab. de matemática
17/03/2026,11:24:29,196,IFPB-MM,54:E6:FC:BA:AD:86,-88,11,Lab. de matemática
17/03/2026,11:24:29,196,IFPB,2C:57:41:CD:E1:C0,-89,11,Lab. de matemática
17/03/2026,11:24:29,196,IFPB-VISITANTE,2C:57:41:CD:E1:C2,-89,11,Lab. de matemática
17/03/2026,11:24:29,196,xiomi8pro,BA:AB:F7:24:01:4D,-90,6,Lab. de matemática
17/03/2026,11:24:29,196,APTelefonia,58:10:8C:91:F3:AA,-92,1,Lab. de matemática
17/03/2026,11:24:29,196,IFPB-VISITANTE,84:F1:47:54:F9:82,-92,11,Lab. de matemática
17/03/2026,11:24:29,196,Lab. de Sinais Digitais,18:D6:C7:F9:37:2F,-92,11,Lab. de matemática
17/03/2026,11:24:29,196,IFPB,84:F1:47:54:F9:80,-93,11,Lab. de matemática
17/03/2026,11:24:29,196,TP-Link_1324,7C:F1:7E:8D:13:22,-94,10,Lab. de matemática
17/03/2026,11:24:39,197,IFPB,84:F1:47:54:6B:80,-70,1,Lab. de matemática
17/03/2026,11:24:39,197,IFPB-VISITANTE,84:F1:47:54:6B:82,-70,1,Lab. de matemática
17/03/2026,11:24:39,197,NPEF/NEPA,50:C7:BF:EF:56:8A,-74,3,Lab. de matemática
17/03/2026,11:24:39,197,IFPB,2C:57:41:D4:A5:20,-79,6,Lab. de matemática
17/03/2026,11:24:39,197,IFPB-VISITANTE,2C:57:41:D4:A5:22,-79,6,Lab. de matemática
17/03/2026,11:24:39,197,IFPB,84:F1:47:54:8B:A0,-83,11,Lab. de matemática
17/03/2026,11:24:39,197,IFPB-MM,54:E6:FC:BA:AD:86,-84,11,Lab. de matemática
17/03/2026,11:24:39,197,IFPB-VISITANTE,84:F1:47:54:8B:A2,-84,11,Lab. de matemática
17/03/2026,11:24:39,197,IFPB-VISITANTE,84:F1:47:54:80:62,-84,11,Lab. de matemática
17/03/2026,11:24:39,197,IFPB,84:F1:47:54:80:60,-86,11,Lab. de matemática
17/03/2026,11:24:39,197,IFPB,84:F1:47:54:FD:60,-87,1,Lab. de matemática
17/03/2026,11:24:39,197,UA2-MiniLab,60:32:B1:2D:66:C3,-89,10,Lab. de matemática
17/03/2026,11:24:39,197,APTelefonia,58:10:8C:91:F3:AA,-90,1,Lab. de matemática
17/03/2026,11:24:39,197,TP-Link_1324,7C:F1:7E:8D:13:22,-90,10,Lab. de matemática
17/03/2026,11:24:39,197,GPDS,00:26:5A:66:55:EF,-91,6,Lab. de matemática
17/03/2026,11:24:39,197,Intelbras,18:0D:2C:7F:EB:AC,-91,7,Lab. de matemática
17/03/2026,11:24:39,197,TP-Link_C3CB,D8:0D:17:3E:C3:CB,-92,3,Lab. de matemática
17/03/2026,11:24:39,197,Lab. de Sinais Digitais,18:D6:C7:F9:37:2F,-92,11,Lab. de matemática
17/03/2026,11:24:48,198,NPEF/NEPA,50:C7:BF:EF:56:8A,-65,3,Lab. de matemática
17/03/2026,11:24:48,198,IFPB,84:F1:47:54:6B:80,-73,1,Lab. de matemática
17/03/2026,11:24:48,198,IFPB-VISITANTE,84:F1:47:54:6B:82,-73,1,Lab. de matemática
17/03/2026,11:24:48,198,IFPB,84:F1:47:54:8B:A0,-81,11,Lab. de matemática
17/03/2026,11:24:48,198,IFPB-VISITANTE,84:F1:47:54:8B:A2,-81,11,Lab. de matemática
17/03/2026,11:24:48,198,IFPB,2C:57:41:D4:A5:20,-82,6,Lab. de matemática
17/03/2026,11:24:49,198,IFPB-VISITANTE,2C:57:41:D4:A5:22,-82,6,Lab. de matemática
17/03/2026,11:24:49,198,IFPB,84:F1:47:54:FD:60,-85,1,Lab. de matemática
17/03/2026,11:24:49,198,IFPB-VISITANTE,84:F1:47:54:FD:62,-86,1,Lab. de matemática
17/03/2026,11:24:49,198,UA2-MiniLab,60:32:B1:2D:66:C3,-88,10,Lab. de matemática
17/03/2026,11:24:49,198,IFPB-VISITANTE,84:F1:47:54:F9:82,-88,11,Lab. de matemática
17/03/2026,11:24:49,198,Lab. de Sinais Digitais,18:D6:C7:F9:37:2F,-89,11,Lab. de matemática
17/03/2026,11:24:49,198,IFPB,84:F1:47:54:F9:80,-90,11,Lab. de matemática
17/03/2026,11:24:49,198,APTelefonia,58:10:8C:91:F3:AA,-91,1,Lab. de matemática
17/03/2026,11:24:49,198,xiomi8pro,BA:AB:F7:24:01:4D,-92,6,Lab. de matemática
17/03/2026,11:24:49,198,TP-Link_1324,7C:F1:7E:8D:13:22,-93,10,Lab. de matemática
17/03/2026,11:24:49,198,IFPB-MM,54:E6:FC:BA:AD:86,-95,11,Lab. de matemática
17/03/2026,11:24:59,199,IFPB-VISITANTE,84:F1:47:54:6B:82,-71,1,Lab. de matemática
17/03/2026,11:24:59,199,IFPB,84:F1:47:54:6B:80,-72,1,Lab. de matemática
17/03/2026,11:24:59,199,NPEF/NEPA,50:C7:BF:EF:56:8A,-72,3,Lab. de matemática
17/03/2026,11:24:59,199,IFPB-VISITANTE,2C:57:41:D4:A5:22,-76,6,Lab. de matemática
17/03/2026,11:24:59,199,IFPB,2C:57:41:D4:A5:20,-77,6,Lab. de matemática
17/03/2026,11:24:59,199,IFPB,84:F1:47:54:8B:A0,-83,11,Lab. de matemática
17/03/2026,11:24:59,199,IFPB-VISITANTE,84:F1:47:54:8B:A2,-83,11,Lab. de matemática
17/03/2026,11:24:59,199,IFPB,2C:57:41:CD:E1:C0,-85,11,Lab. de matemática
17/03/2026,11:24:59,199,IFPB-VISITANTE,2C:57:41:CD:E1:C2,-85,11,Lab. de matemática
17/03/2026,11:24:59,199,IFPB,84:F1:47:54:FD:60,-88,1,Lab. de matemática
17/03/2026,11:24:59,199,UA2-MiniLab,60:32:B1:2D:66:C3,-88,10,Lab. de matemática
17/03/2026,11:24:59,199,IFPB-MM,54:E6:FC:BA:AD:86,-89,11,Lab. de matemática
17/03/2026,11:24:59,199,Lab. de Sinais Digitais,18:D6:C7:F9:37:2F,-89,11,Lab. de matemática
17/03/2026,11:24:59,199,APTelefonia,58:10:8C:91:F3:AA,-90,1,Lab. de matemática
17/03/2026,11:24:59,199,IFPB-VISITANTE,84:F1:47:54:FD:62,-91,1,Lab. de matemática
17/03/2026,11:24:59,199,xiomi8pro,BA:AB:F7:24:01:4D,-91,6,Lab. de matemática
17/03/2026,11:24:59,199,TP-Link_1324,7C:F1:7E:8D:13:22,-91,10,Lab. de matemática
17/03/2026,11:24:59,199,Redmi Note 12S,8A:77:1F:51:78:B6,-93,6,Lab. de matemática
17/03/2026,11:24:59,199,EBEF98EB-HE8D94xvZh1AO1J,44:D2:44:DD:32:41,-96,11,Lab. de matemática
17/03/2026,11:25:09,200,NPEF/NEPA,50:C7:BF:EF:56:8A,-70,3,Lab. de matemática
17/03/2026,11:25:09,200,IFPB,84:F1:47:54:6B:80,-71,1,Lab. de matemática
17/03/2026,11:25:09,200,IFPB-VISITANTE,84:F1:47:54:6B:82,-71,1,Lab. de matemática
17/03/2026,11:25:09,200,IFPB-VISITANTE,2C:57:41:D4:A5:22,-83,6,Lab. de matemática
17/03/2026,11:25:09,200,IFPB,2C:57:41:D4:A5:20,-84,6,Lab. de matemática
17/03/2026,11:25:09,200,IFPB-VISITANTE,84:F1:47:54:8B:A2,-84,11,Lab. de matemática
17/03/2026,11:25:09,200,IFPB,84:F1:47:54:8B:A0,-85,11,Lab. de matemática
17/03/2026,11:25:09,200,IFPB-VISITANTE,84:F1:47:54:FD:62,-87,1,Lab. de matemática
17/03/2026,11:25:09,200,UA2-MiniLab,60:32:B1:2D:66:C3,-87,10,Lab. de matemática
17/03/2026,11:25:09,200,IFPB-VISITANTE,2C:57:41:CD:E1:C2,-87,11,Lab. de matemática
17/03/2026,11:25:09,200,IFPB-VISITANTE,84:F1:47:54:80:62,-87,11,Lab. de matemática
17/03/2026,11:25:09,200,IFPB,84:F1:47:54:80:60,-87,11,Lab. de matemática
17/03/2026,11:25:09,200,IFPB,2C:57:41:CD:E1:C0,-88,11,Lab. de matemática
17/03/2026,11:25:09,200,APTelefonia,58:10:8C:91:F3:AA,-89,1,Lab. de matemática
17/03/2026,11:25:09,200,IFPB,84:F1:47:54:FD:60,-89,1,Lab. de matemática
17/03/2026,11:25:09,200,TP-Link_C3CB,D8:0D:17:3E:C3:CB,-91,3,Lab. de matemática
17/03/2026,11:25:09,200,xiomi8pro,BA:AB:F7:24:01:4D,-93,6,Lab. de matemática
17/03/2026,11:25:09,200,TP-Link_1324,7C:F1:7E:8D:13:22,-93,10,Lab. de matemática
17/03/2026,11:25:09,200,Lab. de Sinais Digitais,18:D6:C7:F9:37:2F,-93,11,Lab. de matemática
17/03/2026,11:25:09,200,IFPB-MM,54:E6:FC:BA:AD:86,-94,11,Lab. de matemática
17/03/2026,11:25:09,200,GPDS,00:26:5A:66:55:EF,-95,6,Lab. de matemática
17/03/2026,11:26:12,201,IFPB,84:F1:47:54:6B:80,-70,1,Lab. de biologia
17/03/2026,11:26:12,201,IFPB-VISITANTE,84:F1:47:54:6B:82,-70,1,Lab. de biologia
17/03/2026,11:26:12,201,IFPB,24:36:DA:2B:BC:00,-70,6,Lab. de biologia
17/03/2026,11:26:12,201,IFPB-VISITANTE,24:36:DA:2B:BC:02,-70,6,Lab. de biologia
17/03/2026,11:26:12,201,APTelefonia,58:10:8C:91:F3:AA,-73,1,Lab. de biologia
17/03/2026,11:26:12,201,NPEF/NEPA,50:C7:BF:EF:56:8A,-78,3,Lab. de biologia
17/03/2026,11:26:12,201,Intelbras,18:0D:2C:7F:EB:AC,-83,7,Lab. de biologia
17/03/2026,11:26:12,201,IFPB,84:F1:47:54:8B:A0,-83,11,Lab. de biologia
17/03/2026,11:26:12,201,Lab. de Sinais Digitais,18:D6:C7:F9:37:2F,-84,11,Lab. de biologia
17/03/2026,11:26:12,201,Gabriel's Galaxy Tab S6 Lite,02:64:44:29:F3:37,-85,6,Lab. de biologia
17/03/2026,11:26:12,201,UA2-MiniLab,60:32:B1:2D:66:C3,-86,10,Lab. de biologia
17/03/2026,11:26:12,201,IFPB-VISITANTE,84:F1:47:54:8B:A2,-86,11,Lab. de biologia
17/03/2026,11:26:12,201,TP-Link_1324,7C:F1:7E:8D:13:22,-88,10,Lab. de biologia
17/03/2026,11:26:12,201,IFPB,2C:57:41:CD:E1:C0,-88,11,Lab. de biologia
17/03/2026,11:26:12,201,IFPB-VISITANTE,2C:57:41:CD:E1:C2,-88,11,Lab. de biologia
17/03/2026,11:26:12,201,IFPB,2C:57:41:D4:A5:20,-89,6,Lab. de biologia
17/03/2026,11:26:12,201,GPDS,00:26:5A:66:55:EF,-90,6,Lab. de biologia
17/03/2026,11:26:12,201,IFPB-VISITANTE,2C:57:41:D4:A5:22,-90,6,Lab. de biologia
17/03/2026,11:26:12,201,IFPB-Sala_Professor_14,24:FD:0D:57:19:26,-91,2,Lab. de biologia
17/03/2026,11:26:12,201,xiomi8pro,BA:AB:F7:24:01:4D,-94,6,Lab. de biologia
17/03/2026,11:26:22,202,IFPB-VISITANTE,84:F1:47:54:6B:82,-66,1,Lab. de biologia
17/03/2026,11:26:22,202,IFPB,24:36:DA:2B:BC:00,-66,6,Lab. de biologia
17/03/2026,11:26:22,202,IFPB-VISITANTE,24:36:DA:2B:BC:02,-66,6,Lab. de biologia
17/03/2026,11:26:22,202,IFPB,84:F1:47:54:6B:80,-67,1,Lab. de biologia
17/03/2026,11:26:22,202,APTelefonia,58:10:8C:91:F3:AA,-67,1,Lab. de biologia
17/03/2026,11:26:22,202,IFPB-VISITANTE,84:F1:47:54:8B:A2,-76,11,Lab. de biologia
17/03/2026,11:26:22,202,IFPB,84:F1:47:54:8B:A0,-77,11,Lab. de biologia
17/03/2026,11:26:22,202,TP-Link_1324,7C:F1:7E:8D:13:22,-78,10,Lab. de biologia
17/03/2026,11:26:22,202,Intelbras,18:0D:2C:7F:EB:AC,-82,7,Lab. de biologia
17/03/2026,11:26:22,202,UA2-MiniLab,60:32:B1:2D:66:C3,-82,10,Lab. de biologia
17/03/2026,11:26:22,202,Lab. de Sinais Digitais,18:D6:C7:F9:37:2F,-83,11,Lab. de biologia
17/03/2026,11:26:22,202,NPEF/NEPA,50:C7:BF:EF:56:8A,-85,3,Lab. de biologia
17/03/2026,11:26:22,202,IFPB,84:F1:47:54:81:00,-85,11,Lab. de biologia
17/03/2026,11:26:22,202,IFPB-VISITANTE,84:F1:47:54:81:02,-85,11,Lab. de biologia
17/03/2026,11:26:22,202,GPDS,00:26:5A:66:55:EF,-86,6,Lab. de biologia
17/03/2026,11:26:22,202,IFPB,2C:57:41:CD:E1:C0,-86,11,Lab. de biologia
17/03/2026,11:26:22,202,IFPB-VISITANTE,2C:57:41:CD:E1:C2,-86,11,Lab. de biologia
17/03/2026,11:26:22,202,Gabriel's Galaxy Tab S6 Lite,02:64:44:29:F3:37,-87,6,Lab. de biologia
17/03/2026,11:26:22,202,IFPB-Sala_Professor_14,24:FD:0D:57:19:26,-90,2,Lab. de biologia
17/03/2026,11:26:22,202,IFPB-Sala_Professor_14,48:51:CF:81:B0:9E,-93,5,Lab. de biologia
17/03/2026,11:26:32,203,IFPB,84:F1:47:54:6B:80,-72,1,Lab. de biologia
17/03/2026,11:26:32,203,IFPB-VISITANTE,84:F1:47:54:6B:82,-72,1,Lab. de biologia
17/03/2026,11:26:32,203,IFPB,24:36:DA:2B:BC:00,-74,6,Lab. de biologia
17/03/2026,11:26:32,203,IFPB-VISITANTE,24:36:DA:2B:BC:02,-74,6,Lab. de biologia
17/03/2026,11:26:32,203,APTelefonia,58:10:8C:91:F3:AA,-76,1,Lab. de biologia
17/03/2026,11:26:32,203,TP-Link_1324,7C:F1:7E:8D:13:22,-76,10,Lab. de biologia
17/03/2026,11:26:32,203,Lab. de Sinais Digitais,18:D6:C7:F9:37:2F,-76,11,Lab. de biologia
17/03/2026,11:26:32,203,UA2-MiniLab,60:32:B1:2D:66:C3,-80,10,Lab. de biologia
17/03/2026,11:26:32,203,IFPB-VISITANTE,84:F1:47:54:8B:A2,-82,11,Lab. de biologia
17/03/2026,11:26:32,203,IFPB,84:F1:47:54:8B:A0,-82,11,Lab. de biologia
17/03/2026,11:26:32,203,GPDS,00:26:5A:66:55:EF,-83,6,Lab. de biologia
17/03/2026,11:26:32,203,Intelbras,18:0D:2C:7F:EB:AC,-84,7,Lab. de biologia
17/03/2026,11:26:32,203,IFPB-Sala_Professor_14,24:FD:0D:57:19:26,-86,2,Lab. de biologia
17/03/2026,11:26:32,203,NPEF/NEPA,50:C7:BF:EF:56:8A,-86,3,Lab. de biologia
17/03/2026,11:26:32,203,IFPB-VISITANTE,84:F1:47:54:81:02,-90,11,Lab. de biologia
17/03/2026,11:26:32,203,IFPB,2C:57:41:CD:E1:C0,-91,11,Lab. de biologia
17/03/2026,11:26:32,203,IFPB,84:F1:47:54:81:00,-91,11,Lab. de biologia
17/03/2026,11:26:32,203,IFPB-VISITANTE,2C:57:41:CD:E1:C2,-92,11,Lab. de biologia
17/03/2026,11:26:32,203,Gabriel's Galaxy Tab S6 Lite,02:64:44:29:F3:37,-94,6,Lab. de biologia
17/03/2026,11:26:32,203,IFPB TCC,D8:5D:4C:86:7E:66,-95,6,Lab. de biologia
17/03/2026,11:26:42,204,IFPB,84:F1:47:54:6B:80,-68,1,Lab. de biologia
17/03/2026,11:26:42,204,IFPB-VISITANTE,84:F1:47:54:6B:82,-68,1,Lab. de biologia
17/03/2026,11:26:42,204,APTelefonia,58:10:8C:91:F3:AA,-68,1,Lab. de biologia
17/03/2026,11:26:42,204,IFPB,24:36:DA:2B:BC:00,-68,6,Lab. de biologia
17/03/2026,11:26:42,204,IFPB-VISITANTE,24:36:DA:2B:BC:02,-68,6,Lab. de biologia
17/03/2026,11:26:42,204,NPEF/NEPA,50:C7:BF:EF:56:8A,-75,3,Lab. de biologia
17/03/2026,11:26:42,204,TP-Link_1324,7C:F1:7E:8D:13:22,-78,10,Lab. de biologia
17/03/2026,11:26:42,204,Intelbras,18:0D:2C:7F:EB:AC,-79,7,Lab. de biologia
17/03/2026,11:26:42,204,Lab. de Sinais Digitais,18:D6:C7:F9:37:2F,-79,11,Lab. de biologia
17/03/2026,11:26:42,204,IFPB,84:F1:47:54:8B:A0,-83,11,Lab. de biologia
17/03/2026,11:26:42,204,IFPB-VISITANTE,84:F1:47:54:8B:A2,-84,11,Lab. de biologia
17/03/2026,11:26:42,204,UA2-MiniLab,60:32:B1:2D:66:C3,-87,10,Lab. de biologia
17/03/2026,11:26:42,204,IFPB-VISITANTE,84:F1:47:54:96:E2,-88,1,Lab. de biologia
17/03/2026,11:26:42,204,IFPB-Sala_Professor_14,24:FD:0D:57:19:26,-88,2,Lab. de biologia
17/03/2026,11:26:42,204,IFPB,84:F1:47:54:81:00,-88,11,Lab. de biologia
17/03/2026,11:26:42,204,IFPB,84:F1:47:54:96:E0,-89,1,Lab. de biologia
17/03/2026,11:26:42,204,IFPB-VISITANTE,2C:57:41:D4:A5:22,-89,6,Lab. de biologia
17/03/2026,11:26:42,204,IFPB-VISITANTE,84:F1:47:54:81:02,-89,11,Lab. de biologia
17/03/2026,11:26:42,204,IFPB-VISITANTE,2C:57:41:CD:E1:C2,-89,11,Lab. de biologia
17/03/2026,11:26:42,204,IFPB,2C:57:41:CD:E1:C0,-90,11,Lab. de biologia
17/03/2026,11:26:42,204,GPDS,00:26:5A:66:55:EF,-91,6,Lab. de biologia
17/03/2026,11:26:42,204,IFPB-Sala_Professor_14,48:51:CF:81:B0:9E,-92,5,Lab. de biologia
17/03/2026,11:26:42,204,Gabriel's Galaxy Tab S6 Lite,02:64:44:29:F3:37,-93,6,Lab. de biologia
17/03/2026,11:26:52,205,IFPB,84:F1:47:54:6B:80,-66,1,Lab. de biologia
17/03/2026,11:26:52,205,IFPB-VISITANTE,84:F1:47:54:6B:82,-66,1,Lab. de biologia
17/03/2026,11:26:52,205,IFPB-VISITANTE,24:36:DA:2B:BC:02,-66,6,Lab. de biologia
17/03/2026,11:26:52,205,IFPB,24:36:DA:2B:BC:00,-67,6,Lab. de biologia
17/03/2026,11:26:52,205,APTelefonia,58:10:8C:91:F3:AA,-70,1,Lab. de biologia
17/03/2026,11:26:52,205,IFPB,84:F1:47:54:8B:A0,-73,11,Lab. de biologia
17/03/2026,11:26:52,205,IFPB-VISITANTE,84:F1:47:54:8B:A2,-73,11,Lab. de biologia
17/03/2026,11:26:52,205,TP-Link_1324,7C:F1:7E:8D:13:22,-75,10,Lab. de biologia
17/03/2026,11:26:52,205,Lab. de Sinais Digitais,18:D6:C7:F9:37:2F,-75,11,Lab. de biologia
17/03/2026,11:26:52,205,NPEF/NEPA,50:C7:BF:EF:56:8A,-80,3,Lab. de biologia
17/03/2026,11:26:52,205,Intelbras,18:0D:2C:7F:EB:AC,-82,7,Lab. de biologia
17/03/2026,11:26:52,205,UA2-MiniLab,60:32:B1:2D:66:C3,-82,10,Lab. de biologia
17/03/2026,11:26:52,205,GPDS,00:26:5A:66:55:EF,-83,6,Lab. de biologia
17/03/2026,11:26:52,205,IFPB,84:F1:47:54:81:00,-83,11,Lab. de biologia
17/03/2026,11:26:52,205,IFPB-VISITANTE,84:F1:47:54:81:02,-83,11,Lab. de biologia
17/03/2026,11:26:52,205,IFPB-Sala_Professor_14,24:FD:0D:57:19:26,-84,2,Lab. de biologia
17/03/2026,11:26:52,205,IFPB,84:F1:47:54:96:E0,-88,1,Lab. de biologia
17/03/2026,11:27:02,206,IFPB-VISITANTE,84:F1:47:54:6B:82,-63,1,Lab. de biologia
17/03/2026,11:27:02,206,IFPB,84:F1:47:54:6B:80,-63,1,Lab. de biologia
17/03/2026,11:27:02,206,IFPB-VISITANTE,24:36:DA:2B:BC:02,-68,6,Lab. de biologia
17/03/2026,11:27:02,206,IFPB,24:36:DA:2B:BC:00,-68,6,Lab. de biologia
17/03/2026,11:27:02,206,Intelbras,18:0D:2C:7F:EB:AC,-72,7,Lab. de biologia
17/03/2026,11:27:02,206,APTelefonia,58:10:8C:91:F3:AA,-74,1,Lab. de biologia
17/03/2026,11:27:02,206,NPEF/NEPA,50:C7:BF:EF:56:8A,-77,3,Lab. de biologia
17/03/2026,11:27:02,206,TP-Link_1324,7C:F1:7E:8D:13:22,-80,10,Lab. de biologia
17/03/2026,11:27:02,206,UA2-MiniLab,60:32:B1:2D:66:C3,-81,10,Lab. de biologia
17/03/2026,11:27:02,206,IFPB-Sala_Professor_14,24:FD:0D:57:19:26,-82,2,Lab. de biologia
17/03/2026,11:27:02,206,xiomi8pro,BA:AB:F7:24:01:4D,-82,6,Lab. de biologia
17/03/2026,11:27:02,206,Lab. de Sinais Digitais,18:D6:C7:F9:37:2F,-83,11,Lab. de biologia
17/03/2026,11:27:02,206,IFPB,84:F1:47:54:8B:A0,-84,11,Lab. de biologia
17/03/2026,11:27:02,206,Gabriel's Galaxy Tab S6 Lite,02:64:44:29:F3:37,-85,6,Lab. de biologia
17/03/2026,11:27:02,206,IFPB-VISITANTE,84:F1:47:54:8B:A2,-85,11,Lab. de biologia
17/03/2026,11:27:02,206,IFPB-VISITANTE,84:F1:47:54:81:02,-85,11,Lab. de biologia
17/03/2026,11:27:02,206,IFPB,84:F1:47:54:81:00,-86,11,Lab. de biologia
17/03/2026,11:27:02,206,IFPB,2C:57:41:CD:E1:C0,-89,11,Lab. de biologia
17/03/2026,11:27:02,206,IFPB-VISITANTE,2C:57:41:CD:E1:C2,-90,11,Lab. de biologia
17/03/2026,11:27:02,206,IFPB-Sala_Professor_14,48:51:CF:81:B0:9E,-94,5,Lab. de biologia
17/03/2026,11:27:12,207,APTelefonia,58:10:8C:91:F3:AA,-69,1,Lab. de biologia
17/03/2026,11:27:12,207,IFPB,24:36:DA:2B:BC:00,-69,6,Lab. de biologia
17/03/2026,11:27:12,207,IFPB-VISITANTE,24:36:DA:2B:BC:02,-69,6,Lab. de biologia
17/03/2026,11:27:12,207,IFPB,84:F1:47:54:6B:80,-70,1,Lab. de biologia
17/03/2026,11:27:12,207,IFPB-VISITANTE,84:F1:47:54:6B:82,-70,1,Lab. de biologia
17/03/2026,11:27:12,207,Intelbras,18:0D:2C:7F:EB:AC,-72,7,Lab. de biologia
17/03/2026,11:27:12,207,TP-Link_1324,7C:F1:7E:8D:13:22,-79,10,Lab. de biologia
17/03/2026,11:27:12,207,NPEF/NEPA,50:C7:BF:EF:56:8A,-80,3,Lab. de biologia
17/03/2026,11:27:12,207,Lab. de Sinais Digitais,18:D6:C7:F9:37:2F,-80,11,Lab. de biologia
17/03/2026,11:27:12,207,IFPB-Sala_Professor_14,24:FD:0D:57:19:26,-81,2,Lab. de biologia
17/03/2026,11:27:12,207,IFPB,2C:57:41:CD:E1:C0,-83,11,Lab. de biologia
17/03/2026,11:27:12,207,IFPB-VISITANTE,2C:57:41:CD:E1:C2,-83,11,Lab. de biologia
17/03/2026,11:27:12,207,xiomi8pro,BA:AB:F7:24:01:4D,-85,6,Lab. de biologia
17/03/2026,11:27:12,207,IFPB-VISITANTE,84:F1:47:54:96:E2,-88,1,Lab. de biologia
17/03/2026,11:27:12,207,IFPB,84:F1:47:54:81:00,-88,11,Lab. de biologia
17/03/2026,11:27:12,207,IFPB-VISITANTE,84:F1:47:54:81:02,-88,11,Lab. de biologia
17/03/2026,11:27:12,207,IFPB,84:F1:47:54:96:E0,-89,1,Lab. de biologia
17/03/2026,11:27:12,207,UA2-MiniLab,60:32:B1:2D:66:C3,-89,10,Lab. de biologia
17/03/2026,11:27:12,207,GPDS,00:26:5A:66:55:EF,-92,6,Lab. de biologia
17/03/2026,11:27:22,208,APTelefonia,58:10:8C:91:F3:AA,-69,1,Lab. de biologia
17/03/2026,11:27:22,208,IFPB,24:36:DA:2B:BC:00,-71,6,Lab. de biologia
17/03/2026,11:27:22,208,IFPB-VISITANTE,24:36:DA:2B:BC:02,-71,6,Lab. de biologia
17/03/2026,11:27:22,208,IFPB,84:F1:47:54:6B:80,-72,1,Lab. de biologia
17/03/2026,11:27:22,208,IFPB-VISITANTE,84:F1:47:54:6B:82,-72,1,Lab. de biologia
17/03/2026,11:27:22,208,Lab. de Sinais Digitais,18:D6:C7:F9:37:2F,-75,11,Lab. de biologia
17/03/2026,11:27:22,208,NPEF/NEPA,50:C7:BF:EF:56:8A,-76,3,Lab. de biologia
17/03/2026,11:27:22,208,Intelbras,18:0D:2C:7F:EB:AC,-76,7,Lab. de biologia
17/03/2026,11:27:22,208,TP-Link_1324,7C:F1:7E:8D:13:22,-76,10,Lab. de biologia
17/03/2026,11:27:22,208,IFPB-VISITANTE,84:F1:47:54:8B:A2,-81,11,Lab. de biologia
17/03/2026,11:27:22,208,UA2-MiniLab,60:32:B1:2D:66:C3,-82,10,Lab. de biologia
17/03/2026,11:27:22,208,IFPB,84:F1:47:54:8B:A0,-82,11,Lab. de biologia
17/03/2026,11:27:22,208,xiomi8pro,BA:AB:F7:24:01:4D,-85,6,Lab. de biologia
17/03/2026,11:27:22,208,Gabriel's Galaxy Tab S6 Lite,02:64:44:29:F3:37,-87,6,Lab. de biologia
17/03/2026,11:27:22,208,IFPB-VISITANTE,2C:57:41:CD:E1:C2,-88,11,Lab. de biologia
17/03/2026,11:27:22,208,IFPB,2C:57:41:CD:E1:C0,-88,11,Lab. de biologia
17/03/2026,11:27:22,208,IFPB-Sala_Professor_14,24:FD:0D:57:19:26,-90,2,Lab. de biologia
17/03/2026,11:27:22,208,IFPB TCC,D8:5D:4C:86:7E:66,-93,6,Lab. de biologia
17/03/2026,11:27:32,209,IFPB,84:F1:47:54:6B:80,-69,1,Lab. de biologia
17/03/2026,11:27:32,209,IFPB-VISITANTE,84:F1:47:54:6B:82,-69,1,Lab. de biologia
17/03/2026,11:27:32,209,IFPB-VISITANTE,24:36:DA:2B:BC:02,-70,6,Lab. de biologia
17/03/2026,11:27:32,209,IFPB,24:36:DA:2B:BC:00,-71,6,Lab. de biologia
17/03/2026,11:27:32,209,APTelefonia,58:10:8C:91:F3:AA,-72,1,Lab. de biologia
17/03/2026,11:27:32,209,NPEF/NEPA,50:C7:BF:EF:56:8A,-76,3,Lab. de biologia
17/03/2026,11:27:32,209,IFPB-VISITANTE,84:F1:47:54:8B:A2,-78,11,Lab. de biologia
17/03/2026,11:27:32,209,IFPB,84:F1:47:54:8B:A0,-79,11,Lab. de biologia
17/03/2026,11:27:32,209,TP-Link_1324,7C:F1:7E:8D:13:22,-80,10,Lab. de biologia
17/03/2026,11:27:32,209,Lab. de Sinais Digitais,18:D6:C7:F9:37:2F,-83,11,Lab. de biologia
17/03/2026,11:27:32,209,IFPB-VISITANTE,84:F1:47:54:81:02,-83,11,Lab. de biologia
17/03/2026,11:27:32,209,Intelbras,18:0D:2C:7F:EB:AC,-84,7,Lab. de biologia
17/03/2026,11:27:32,209,IFPB,84:F1:47:54:81:00,-84,11,Lab. de biologia
17/03/2026,11:27:32,209,IFPB,2C:57:41:CD:E1:C0,-84,11,Lab. de biologia
17/03/2026,11:27:32,209,IFPB-VISITANTE,2C:57:41:CD:E1:C2,-85,11,Lab. de biologia
17/03/2026,11:27:32,209,xiomi8pro,BA:AB:F7:24:01:4D,-86,6,Lab. de biologia
17/03/2026,11:27:32,209,UA2-MiniLab,60:32:B1:2D:66:C3,-89,10,Lab. de biologia
17/03/2026,11:27:33,209,IFPB-Sala_Professor_14,24:FD:0D:57:19:26,-90,2,Lab. de biologia
17/03/2026,11:27:33,209,IFPB-Sala_Professor_14,48:51:CF:81:B0:9E,-96,5,Lab. de biologia
17/03/2026,11:27:33,209,Gabriel's Galaxy Tab S6 Lite,02:64:44:29:F3:37,-97,6,Lab. de biologia
17/03/2026,11:27:42,210,IFPB-VISITANTE,84:F1:47:54:6B:82,-69,1,Lab. de biologia
17/03/2026,11:27:42,210,IFPB,84:F1:47:54:6B:80,-70,1,Lab. de biologia
17/03/2026,11:27:42,210,APTelefonia,58:10:8C:91:F3:AA,-71,1,Lab. de biologia
17/03/2026,11:27:42,210,IFPB,24:36:DA:2B:BC:00,-74,6,Lab. de biologia
17/03/2026,11:27:42,210,IFPB-VISITANTE,24:36:DA:2B:BC:02,-74,6,Lab. de biologia
17/03/2026,11:27:42,210,Lab. de Sinais Digitais,18:D6:C7:F9:37:2F,-74,11,Lab. de biologia
17/03/2026,11:27:42,210,NPEF/NEPA,50:C7:BF:EF:56:8A,-75,3,Lab. de biologia
17/03/2026,11:27:42,210,UA2-MiniLab,60:32:B1:2D:66:C3,-79,10,Lab. de biologia
17/03/2026,11:27:42,210,Intelbras,18:0D:2C:7F:EB:AC,-82,7,Lab. de biologia
17/03/2026,11:27:42,210,TP-Link_1324,7C:F1:7E:8D:13:22,-82,10,Lab. de biologia
17/03/2026,11:27:42,210,IFPB-Sala_Professor_14,24:FD:0D:57:19:26,-84,2,Lab. de biologia
17/03/2026,11:27:42,210,IFPB-VISITANTE,84:F1:47:54:8B:A2,-85,11,Lab. de biologia
17/03/2026,11:27:42,210,IFPB,84:F1:47:54:8B:A0,-85,11,Lab. de biologia
17/03/2026,11:27:42,210,IFPB,2C:57:41:D4:A5:20,-86,6,Lab. de biologia
17/03/2026,11:27:42,210,IFPB,84:F1:47:54:81:00,-86,11,Lab. de biologia
17/03/2026,11:27:42,210,IFPB,2C:57:41:CD:E1:C0,-86,11,Lab. de biologia
17/03/2026,11:27:42,210,IFPB-VISITANTE,84:F1:47:54:81:02,-86,11,Lab. de biologia
17/03/2026,11:27:43,210,IFPB-VISITANTE,2C:57:41:D4:A5:22,-87,6,Lab. de biologia
17/03/2026,11:27:43,210,IFPB-VISITANTE,2C:57:41:CD:E1:C2,-87,11,Lab. de biologia
17/03/2026,11:27:43,210,GPDS,00:26:5A:66:55:EF,-88,6,Lab. de biologia
17/03/2026,11:27:43,210,IFPB-Sala_Professor_14,48:51:CF:81:B0:9E,-91,5,Lab. de biologia
17/03/2026,11:28:33,211,IFPB-VISITANTE,84:F1:47:54:6B:82,-66,1,Lab. de física
17/03/2026,11:28:33,211,IFPB,84:F1:47:54:6B:80,-67,1,Lab. de física
17/03/2026,11:28:33,211,IFPB,24:36:DA:2B:BC:00,-70,6,Lab. de física
17/03/2026,11:28:33,211,IFPB-VISITANTE,24:36:DA:2B:BC:02,-70,6,Lab. de física
17/03/2026,11:28:33,211,UA2-MiniLab,60:32:B1:2D:66:C3,-72,10,Lab. de física
17/03/2026,11:28:33,211,Intelbras,18:0D:2C:7F:EB:AC,-80,7,Lab. de física
17/03/2026,11:28:33,211,APTelefonia,58:10:8C:91:F3:AA,-82,1,Lab. de física
17/03/2026,11:28:33,211,Gabriel's Galaxy Tab S6 Lite,02:64:44:29:F3:37,-82,6,Lab. de física
17/03/2026,11:28:33,211,NPEF/NEPA,50:C7:BF:EF:56:8A,-83,3,Lab. de física
17/03/2026,11:28:33,211,IFPB,2C:57:41:D4:A5:20,-83,6,Lab. de física
17/03/2026,11:28:33,211,TP-Link_1324,7C:F1:7E:8D:13:22,-83,10,Lab. de física
17/03/2026,11:28:33,211,Lab. de Sinais Digitais,18:D6:C7:F9:37:2F,-83,11,Lab. de física
17/03/2026,11:28:33,211,IFPB-VISITANTE,2C:57:41:D4:A5:22,-84,6,Lab. de física
17/03/2026,11:28:33,211,IFPB,84:F1:47:54:8B:A0,-84,11,Lab. de física
17/03/2026,11:28:33,211,IFPB-VISITANTE,84:F1:47:54:8B:A2,-84,11,Lab. de física
17/03/2026,11:28:33,211,IFPB-VISITANTE,2C:57:41:CD:E1:C2,-86,11,Lab. de física
17/03/2026,11:28:33,211,IFPB,2C:57:41:CD:E1:C0,-87,11,Lab. de física
17/03/2026,11:28:33,211,IFPB-Sala_Professor_14,24:FD:0D:57:19:26,-88,2,Lab. de física
17/03/2026,11:28:33,211,IFPB,84:F1:47:54:81:00,-88,11,Lab. de física
17/03/2026,11:28:33,211,IFPB-VISITANTE,84:F1:47:54:81:02,-89,11,Lab. de física
17/03/2026,11:28:33,211,IFPB-Sala_Professor_14,48:51:CF:81:B0:9E,-93,5,Lab. de física
17/03/2026,11:28:33,211,brisa-3861242,24:2F:D0:CC:ED:8C,-94,2,Lab. de física
17/03/2026,11:28:33,211,EBEF98EB-HE8D94xvZh1AO1J,44:D2:44:DD:32:41,-95,11,Lab. de física
17/03/2026,11:28:43,212,IFPB,24:36:DA:2B:BC:00,-68,6,Lab. de física
17/03/2026,11:28:43,212,IFPB-VISITANTE,24:36:DA:2B:BC:02,-68,6,Lab. de física
17/03/2026,11:28:43,212,IFPB,84:F1:47:54:6B:80,-72,1,Lab. de física
17/03/2026,11:28:43,212,IFPB-VISITANTE,84:F1:47:54:6B:82,-73,1,Lab. de física
17/03/2026,11:28:43,212,Intelbras,18:0D:2C:7F:EB:AC,-78,7,Lab. de física
17/03/2026,11:28:43,212,IFPB-VISITANTE,2C:57:41:CD:E1:C2,-78,11,Lab. de física
17/03/2026,11:28:43,212,IFPB,2C:57:41:CD:E1:C0,-79,11,Lab. de física
17/03/2026,11:28:43,212,NPEF/NEPA,50:C7:BF:EF:56:8A,-80,3,Lab. de física
17/03/2026,11:28:43,212,TP-Link_1324,7C:F1:7E:8D:13:22,-80,10,Lab. de física
17/03/2026,11:28:43,212,Lab. de Sinais Digitais,18:D6:C7:F9:37:2F,-82,11,Lab. de física
17/03/2026,11:28:43,212,APTelefonia,58:10:8C:91:F3:AA,-83,1,Lab. de física
17/03/2026,11:28:43,212,UA2-MiniLab,60:32:B1:2D:66:C3,-83,10,Lab. de física
17/03/2026,11:28:43,212,GPDS,00:26:5A:66:55:EF,-84,6,Lab. de física
17/03/2026,11:28:43,212,IFPB,2C:57:41:D4:A5:20,-86,6,Lab. de física
17/03/2026,11:28:43,212,IFPB-VISITANTE,2C:57:41:D4:A5:22,-86,6,Lab. de física
17/03/2026,11:28:43,212,IFPB,84:F1:47:54:81:00,-88,11,Lab. de física
17/03/2026,11:28:43,212,IFPB-VISITANTE,84:F1:47:54:81:02,-88,11,Lab. de física
17/03/2026,11:28:43,212,IFPB-Sala_Professor_14,24:FD:0D:57:19:26,-91,2,Lab. de física
17/03/2026,11:28:43,212,Gabriel's Galaxy Tab S6 Lite,02:64:44:29:F3:37,-92,6,Lab. de física
17/03/2026,11:28:53,213,IFPB,84:F1:47:54:6B:80,-69,1,Lab. de física
17/03/2026,11:28:53,213,IFPB-VISITANTE,84:F1:47:54:6B:82,-69,1,Lab. de física
17/03/2026,11:28:53,213,IFPB,24:36:DA:2B:BC:00,-70,6,Lab. de física
17/03/2026,11:28:53,213,IFPB-VISITANTE,24:36:DA:2B:BC:02,-70,6,Lab. de física
17/03/2026,11:28:53,213,APTelefonia,58:10:8C:91:F3:AA,-74,1,Lab. de física
17/03/2026,11:28:53,213,TP-Link_1324,7C:F1:7E:8D:13:22,-76,10,Lab. de física
17/03/2026,11:28:53,213,UA2-MiniLab,60:32:B1:2D:66:C3,-77,10,Lab. de física
17/03/2026,11:28:53,213,IFPB,2C:57:41:D4:A5:20,-78,6,Lab. de física
17/03/2026,11:28:53,213,Intelbras,18:0D:2C:7F:EB:AC,-78,7,Lab. de física
17/03/2026,11:28:53,213,IFPB-VISITANTE,2C:57:41:D4:A5:22,-79,6,Lab. de física
17/03/2026,11:28:53,213,NPEF/NEPA,50:C7:BF:EF:56:8A,-80,3,Lab. de física
17/03/2026,11:28:53,213,IFPB,84:F1:47:54:8B:A0,-81,11,Lab. de física
17/03/2026,11:28:53,213,IFPB-VISITANTE,84:F1:47:54:8B:A2,-81,11,Lab. de física
17/03/2026,11:28:53,213,Lab. de Sinais Digitais,18:D6:C7:F9:37:2F,-83,11,Lab. de física
17/03/2026,11:28:53,213,Gabriel's Galaxy Tab S6 Lite,02:64:44:29:F3:37,-85,6,Lab. de física
17/03/2026,11:28:53,213,IFPB-VISITANTE,84:F1:47:54:81:02,-90,11,Lab. de física
17/03/2026,11:28:53,213,IFPB-Sala_Professor_14,24:FD:0D:57:19:26,-93,2,Lab. de física
17/03/2026,11:28:53,213,EBEF98EB-HE8D94xvZh1AO1J,44:D2:44:DD:32:41,-94,11,Lab. de física
17/03/2026,11:29:03,214,IFPB,24:36:DA:2B:BC:00,-67,6,Lab. de física
17/03/2026,11:29:03,214,IFPB-VISITANTE,24:36:DA:2B:BC:02,-67,6,Lab. de física
17/03/2026,11:29:03,214,IFPB,84:F1:47:54:6B:80,-72,1,Lab. de física
17/03/2026,11:29:03,214,IFPB-VISITANTE,84:F1:47:54:6B:82,-72,1,Lab. de física
17/03/2026,11:29:03,214,NPEF/NEPA,50:C7:BF:EF:56:8A,-73,3,Lab. de física
17/03/2026,11:29:03,214,APTelefonia,58:10:8C:91:F3:AA,-76,1,Lab. de física
17/03/2026,11:29:03,214,Lab. de Sinais Digitais,18:D6:C7:F9:37:2F,-77,11,Lab. de física
17/03/2026,11:29:03,214,TP-Link_1324,7C:F1:7E:8D:13:22,-78,10,Lab. de física
17/03/2026,11:29:03,214,IFPB,2C:57:41:CD:E1:C0,-82,11,Lab. de física
17/03/2026,11:29:03,214,IFPB-VISITANTE,2C:57:41:CD:E1:C2,-82,11,Lab. de física
17/03/2026,11:29:03,214,IFPB,84:F1:47:54:8B:A0,-82,11,Lab. de física
17/03/2026,11:29:03,214,IFPB-VISITANTE,84:F1:47:54:8B:A2,-83,11,Lab. de física
17/03/2026,11:29:03,214,IFPB-Sala_Professor_14,24:FD:0D:57:19:26,-85,2,Lab. de física
17/03/2026,11:29:03,214,Intelbras,18:0D:2C:7F:EB:AC,-86,7,Lab. de física
17/03/2026,11:29:03,214,IFPB,84:F1:47:54:81:00,-87,11,Lab. de física
17/03/2026,11:29:03,214,Gabriel's Galaxy Tab S6 Lite,02:64:44:29:F3:37,-88,6,Lab. de física
17/03/2026,11:29:03,214,UA2-MiniLab,60:32:B1:2D:66:C3,-88,10,Lab. de física
17/03/2026,11:29:03,214,GPDS,00:26:5A:66:55:EF,-89,6,Lab. de física
17/03/2026,11:29:03,214,IFPB-VISITANTE,84:F1:47:54:81:02,-89,11,Lab. de física
17/03/2026,11:29:13,215,IFPB,84:F1:47:54:6B:80,-70,1,Lab. de física
17/03/2026,11:29:13,215,IFPB-VISITANTE,84:F1:47:54:6B:82,-70,1,Lab. de física
17/03/2026,11:29:13,215,IFPB-VISITANTE,24:36:DA:2B:BC:02,-73,6,Lab. de física
17/03/2026,11:29:13,215,APTelefonia,58:10:8C:91:F3:AA,-75,1,Lab. de física
17/03/2026,11:29:13,215,IFPB,24:36:DA:2B:BC:00,-75,6,Lab. de física
17/03/2026,11:29:13,215,NPEF/NEPA,50:C7:BF:EF:56:8A,-77,3,Lab. de física
17/03/2026,11:29:13,215,Intelbras,18:0D:2C:7F:EB:AC,-78,7,Lab. de física
17/03/2026,11:29:13,215,IFPB-VISITANTE,84:F1:47:54:8B:A2,-78,11,Lab. de física
17/03/2026,11:29:13,215,IFPB,84:F1:47:54:8B:A0,-79,11,Lab. de física
17/03/2026,11:29:13,215,UA2-MiniLab,60:32:B1:2D:66:C3,-81,10,Lab. de física
17/03/2026,11:29:13,215,Lab. de Sinais Digitais,18:D6:C7:F9:37:2F,-83,11,Lab. de física
17/03/2026,11:29:13,215,IFPB,2C:57:41:D4:A5:20,-84,6,Lab. de física
17/03/2026,11:29:13,215,IFPB-VISITANTE,2C:57:41:D4:A5:22,-84,6,Lab. de física
17/03/2026,11:29:13,215,TP-Link_1324,7C:F1:7E:8D:13:22,-86,10,Lab. de física
17/03/2026,11:29:13,215,IFPB,2C:57:41:CD:E1:C0,-86,11,Lab. de física
17/03/2026,11:29:13,215,IFPB-VISITANTE,2C:57:41:CD:E1:C2,-87,11,Lab. de física
17/03/2026,11:29:13,215,Gabriel's Galaxy Tab S6 Lite,02:64:44:29:F3:37,-88,6,Lab. de física
17/03/2026,11:29:13,215,GPDS,00:26:5A:66:55:EF,-90,6,Lab. de física
17/03/2026,11:29:13,215,IFPB-VISITANTE,84:F1:47:54:81:02,-90,11,Lab. de física
17/03/2026,11:29:13,215,IFPB-Sala_Professor_14,24:FD:0D:57:19:26,-91,2,Lab. de física
17/03/2026,11:29:13,215,IFPB,84:F1:47:54:81:00,-91,11,Lab. de física
17/03/2026,11:29:13,215,EBEF98EB-HE8D94xvZh1AO1J,44:D2:44:DD:32:41,-92,11,Lab. de física
17/03/2026,11:29:23,216,IFPB,84:F1:47:54:6B:80,-63,1,Lab. de física
17/03/2026,11:29:23,216,IFPB-VISITANTE,84:F1:47:54:6B:82,-63,1,Lab. de física
17/03/2026,11:29:23,216,IFPB,24:36:DA:2B:BC:00,-72,6,Lab. de física
17/03/2026,11:29:23,216,IFPB-VISITANTE,24:36:DA:2B:BC:02,-72,6,Lab. de física
17/03/2026,11:29:23,216,NPEF/NEPA,50:C7:BF:EF:56:8A,-76,3,Lab. de física
17/03/2026,11:29:23,216,Intelbras,18:0D:2C:7F:EB:AC,-76,7,Lab. de física
17/03/2026,11:29:23,216,Lab. de Sinais Digitais,18:D6:C7:F9:37:2F,-78,11,Lab. de física
17/03/2026,11:29:23,216,APTelefonia,58:10:8C:91:F3:AA,-79,1,Lab. de física
17/03/2026,11:29:23,216,IFPB-VISITANTE,84:F1:47:54:8B:A2,-80,11,Lab. de física
17/03/2026,11:29:23,216,IFPB,2C:57:41:CD:E1:C0,-81,11,Lab. de física
17/03/2026,11:29:23,216,IFPB-VISITANTE,2C:57:41:CD:E1:C2,-81,11,Lab. de física
17/03/2026,11:29:23,216,IFPB,84:F1:47:54:8B:A0,-81,11,Lab. de física
17/03/2026,11:29:23,216,IFPB-VISITANTE,2C:57:41:D4:A5:22,-83,6,Lab. de física
17/03/2026,11:29:23,216,IFPB-VISITANTE,84:F1:47:54:81:02,-83,11,Lab. de física
17/03/2026,11:29:23,216,IFPB,84:F1:47:54:81:00,-84,11,Lab. de física
17/03/2026,11:29:23,216,IFPB,2C:57:41:D4:A5:20,-85,6,Lab. de física
17/03/2026,11:29:23,216,IFPB-Sala_Professor_14,24:FD:0D:57:19:26,-87,2,Lab. de física
17/03/2026,11:29:23,216,TP-Link_1324,7C:F1:7E:8D:13:22,-87,10,Lab. de física
17/03/2026,11:29:23,216,Gabriel's Galaxy Tab S6 Lite,02:64:44:29:F3:37,-88,6,Lab. de física
17/03/2026,11:29:23,216,GPDS,00:26:5A:66:55:EF,-88,6,Lab. de física
17/03/2026,11:29:23,216,UA2-MiniLab,60:32:B1:2D:66:C3,-94,10,Lab. de física
17/03/2026,11:29:33,217,IFPB,84:F1:47:54:6B:80,-67,1,Lab. de física
17/03/2026,11:29:33,217,IFPB-VISITANTE,84:F1:47:54:6B:82,-67,1,Lab. de física
17/03/2026,11:29:33,217,IFPB,24:36:DA:2B:BC:00,-69,6,Lab. de física
17/03/2026,11:29:33,217,IFPB-VISITANTE,24:36:DA:2B:BC:02,-69,6,Lab. de física
17/03/2026,11:29:33,217,APTelefonia,58:10:8C:91:F3:AA,-73,1,Lab. de física
17/03/2026,11:29:33,217,NPEF/NEPA,50:C7:BF:EF:56:8A,-74,3,Lab. de física
17/03/2026,11:29:33,217,Lab. de Sinais Digitais,18:D6:C7:F9:37:2F,-80,11,Lab. de física
17/03/2026,11:29:33,217,TP-Link_1324,7C:F1:7E:8D:13:22,-81,10,Lab. de física
17/03/2026,11:29:33,217,Intelbras,18:0D:2C:7F:EB:AC,-82,7,Lab. de física
17/03/2026,11:29:33,217,IFPB-VISITANTE,84:F1:47:54:8B:A2,-82,11,Lab. de física
17/03/2026,11:29:33,217,IFPB,84:F1:47:54:8B:A0,-82,11,Lab. de física
17/03/2026,11:29:33,217,UA2-MiniLab,60:32:B1:2D:66:C3,-83,10,Lab. de física
17/03/2026,11:29:33,217,Gabriel's Galaxy Tab S6 Lite,02:64:44:29:F3:37,-84,6,Lab. de física
17/03/2026,11:29:33,217,IFPB-VISITANTE,2C:57:41:CD:E1:C2,-85,11,Lab. de física
17/03/2026,11:29:33,217,IFPB,2C:57:41:D4:A5:20,-86,6,Lab. de física
17/03/2026,11:29:33,217,IFPB,2C:57:41:CD:E1:C0,-86,11,Lab. de física
17/03/2026,11:29:33,217,IFPB-VISITANTE,2C:57:41:D4:A5:22,-87,6,Lab. de física
17/03/2026,11:29:33,217,IFPB-VISITANTE,84:F1:47:54:81:02,-90,11,Lab. de física
17/03/2026,11:29:33,217,IFPB,84:F1:47:54:81:00,-90,11,Lab. de física
17/03/2026,11:29:33,217,IFPB-Sala_Professor_14,24:FD:0D:57:19:26,-92,2,Lab. de física
17/03/2026,11:29:33,217,GPDS,00:26:5A:66:55:EF,-93,6,Lab. de física
17/03/2026,11:29:43,218,IFPB,84:F1:47:54:6B:80,-66,1,Lab. de física
17/03/2026,11:29:43,218,IFPB-VISITANTE,84:F1:47:54:6B:82,-66,1,Lab. de física
17/03/2026,11:29:43,218,IFPB,24:36:DA:2B:BC:00,-69,6,Lab. de física
17/03/2026,11:29:43,218,IFPB-VISITANTE,24:36:DA:2B:BC:02,-70,6,Lab. de física
17/03/2026,11:29:43,218,UA2-MiniLab,60:32:B1:2D:66:C3,-72,10,Lab. de física
17/03/2026,11:29:43,218,APTelefonia,58:10:8C:91:F3:AA,-74,1,Lab. de física
17/03/2026,11:29:43,218,Lab. de Sinais Digitais,18:D6:C7:F9:37:2F,-77,11,Lab. de física
17/03/2026,11:29:43,218,IFPB,2C:57:41:D4:A5:20,-80,6,Lab. de física
17/03/2026,11:29:43,218,Intelbras,18:0D:2C:7F:EB:AC,-80,7,Lab. de física
17/03/2026,11:29:43,218,TP-Link_1324,7C:F1:7E:8D:13:22,-80,10,Lab. de física
17/03/2026,11:29:43,218,NPEF/NEPA,50:C7:BF:EF:56:8A,-81,3,Lab. de física
17/03/2026,11:29:43,218,IFPB-VISITANTE,2C:57:41:D4:A5:22,-81,6,Lab. de física
17/03/2026,11:29:43,218,IFPB-VISITANTE,84:F1:47:54:81:02,-85,11,Lab. de física
17/03/2026,11:29:43,218,GPDS,00:26:5A:66:55:EF,-86,6,Lab. de física
17/03/2026,11:29:43,218,IFPB,84:F1:47:54:81:00,-86,11,Lab. de física
17/03/2026,11:29:43,218,IFPB,84:F1:47:54:8B:A0,-87,11,Lab. de física
17/03/2026,11:29:43,218,IFPB-VISITANTE,84:F1:47:54:8B:A2,-87,11,Lab. de física
17/03/2026,11:29:43,218,IFPB-VISITANTE,2C:57:41:CD:E1:C2,-88,11,Lab. de física
17/03/2026,11:29:43,218,IFPB-Sala_Professor_14,24:FD:0D:57:19:26,-89,2,Lab. de física
17/03/2026,11:29:43,218,Gabriel's Galaxy Tab S6 Lite,02:64:44:29:F3:37,-89,6,Lab. de física
17/03/2026,11:29:43,218,brisa-3861242,24:2F:D0:CC:ED:8C,-98,2,Lab. de física
17/03/2026,11:29:53,219,IFPB,84:F1:47:54:6B:80,-66,1,Lab. de física
17/03/2026,11:29:53,219,IFPB-VISITANTE,84:F1:47:54:6B:82,-66,1,Lab. de física
17/03/2026,11:29:53,219,IFPB,24:36:DA:2B:BC:00,-71,6,Lab. de física
17/03/2026,11:29:53,219,IFPB-VISITANTE,24:36:DA:2B:BC:02,-71,6,Lab. de física
17/03/2026,11:29:53,219,NPEF/NEPA,50:C7:BF:EF:56:8A,-74,3,Lab. de física
17/03/2026,11:29:53,219,TP-Link_1324,7C:F1:7E:8D:13:22,-78,10,Lab. de física
17/03/2026,11:29:53,219,APTelefonia,58:10:8C:91:F3:AA,-79,1,Lab. de física
17/03/2026,11:29:53,219,Lab. de Sinais Digitais,18:D6:C7:F9:37:2F,-79,11,Lab. de física
17/03/2026,11:29:53,219,IFPB,84:F1:47:54:8B:A0,-82,11,Lab. de física
17/03/2026,11:29:53,219,IFPB-VISITANTE,84:F1:47:54:8B:A2,-82,11,Lab. de física
17/03/2026,11:29:53,219,Intelbras,18:0D:2C:7F:EB:AC,-86,7,Lab. de física
17/03/2026,11:29:53,219,UA2-MiniLab,60:32:B1:2D:66:C3,-87,10,Lab. de física
17/03/2026,11:29:53,219,IFPB,84:F1:47:54:81:00,-87,11,Lab. de física
17/03/2026,11:29:53,219,IFPB-VISITANTE,84:F1:47:54:81:02,-87,11,Lab. de física
17/03/2026,11:29:53,219,Gabriel's Galaxy Tab S6 Lite,02:64:44:29:F3:37,-90,6,Lab. de física
17/03/2026,11:29:53,219,IFPB TCC,D8:5D:4C:86:7E:66,-92,6,Lab. de física
17/03/2026,11:29:53,219,IFPB-Sala_Professor_14,24:FD:0D:57:19:26,-94,2,Lab. de física
17/03/2026,11:30:03,220,APTelefonia,58:10:8C:91:F3:AA,-68,1,Lab. de física
17/03/2026,11:30:03,220,IFPB,84:F1:47:54:6B:80,-72,1,Lab. de física
17/03/2026,11:30:03,220,IFPB,24:36:DA:2B:BC:00,-72,6,Lab. de física
17/03/2026,11:30:03,220,IFPB-VISITANTE,24:36:DA:2B:BC:02,-72,6,Lab. de física
17/03/2026,11:30:03,220,IFPB-VISITANTE,84:F1:47:54:6B:82,-73,1,Lab. de física
17/03/2026,11:30:03,220,NPEF/NEPA,50:C7:BF:EF:56:8A,-74,3,Lab. de física
17/03/2026,11:30:03,220,IFPB,84:F1:47:54:8B:A0,-77,11,Lab. de física
17/03/2026,11:30:03,220,IFPB-VISITANTE,84:F1:47:54:8B:A2,-77,11,Lab. de física
17/03/2026,11:30:03,220,UA2-MiniLab,60:32:B1:2D:66:C3,-81,10,Lab. de física
17/03/2026,11:30:03,220,Lab. de Sinais Digitais,18:D6:C7:F9:37:2F,-83,11,Lab. de física
17/03/2026,11:30:03,220,IFPB,2C:57:41:D4:A5:20,-86,6,Lab. de física
17/03/2026,11:30:03,220,IFPB-VISITANTE,2C:57:41:D4:A5:22,-86,6,Lab. de física
17/03/2026,11:30:03,220,Intelbras,18:0D:2C:7F:EB:AC,-87,7,Lab. de física
17/03/2026,11:30:03,220,TP-Link_1324,7C:F1:7E:8D:13:22,-87,10,Lab. de física
17/03/2026,11:30:03,220,IFPB,2C:57:41:CD:E1:C0,-89,11,Lab. de física
17/03/2026,11:30:03,220,IFPB,84:F1:47:54:81:00,-89,11,Lab. de física
17/03/2026,11:30:03,220,GPDS,00:26:5A:66:55:EF,-90,6,Lab. de física
17/03/2026,11:30:03,220,IFPB-VISITANTE,2C:57:41:CD:E1:C2,-91,11,Lab. de física
17/03/2026,11:30:03,220,IFPB-VISITANTE,84:F1:47:54:81:02,-91,11,Lab. de física
17/03/2026,11:30:03,220,IFPB-Sala_Professor_14,48:51:CF:81:B0:9E,-94,5,Lab. de física
17/03/2026,11:30:03,220,IFPB-Sala_Professor_14,24:FD:0D:57:19:26,-95,2,Lab. de física
17/03/2026,11:30:46,221,NPEF/NEPA,50:C7:BF:EF:56:8A,-46,3,Núcleo de pesquisa
17/03/2026,11:30:46,221,IFPB,84:F1:47:54:8B:A0,-67,11,Núcleo de pesquisa
17/03/2026,11:30:46,221,IFPB-VISITANTE,84:F1:47:54:8B:A2,-67,11,Núcleo de pesquisa
17/03/2026,11:30:46,221,Lab. de Sinais Digitais,18:D6:C7:F9:37:2F,-75,11,Núcleo de pesquisa
17/03/2026,11:30:46,221,APTelefonia,58:10:8C:91:F3:AA,-79,1,Núcleo de pesquisa
17/03/2026,11:30:46,221,IFPB,84:F1:47:54:6B:80,-82,1,Núcleo de pesquisa
17/03/2026,11:30:46,221,IFPB-VISITANTE,84:F1:47:54:6B:82,-82,1,Núcleo de pesquisa
17/03/2026,11:30:46,221,IFPB-VISITANTE,84:F1:47:54:FD:62,-82,1,Núcleo de pesquisa
17/03/2026,11:30:46,221,IFPB,84:F1:47:54:FD:60,-83,1,Núcleo de pesquisa
17/03/2026,11:30:46,221,GPDS,00:26:5A:66:55:EF,-84,6,Núcleo de pesquisa
17/03/2026,11:30:46,221,IFPB,2C:57:41:D4:A5:20,-85,6,Núcleo de pesquisa
17/03/2026,11:30:46,221,IFPB-VISITANTE,2C:57:41:D4:A5:22,-86,6,Núcleo de pesquisa
17/03/2026,11:30:46,221,UA2-MiniLab,60:32:B1:2D:66:C3,-88,10,Núcleo de pesquisa
17/03/2026,11:30:46,221,Intelbras,18:0D:2C:7F:EB:AC,-90,7,Núcleo de pesquisa
17/03/2026,11:30:46,221,IFPB,84:F1:47:54:81:00,-91,11,Núcleo de pesquisa
17/03/2026,11:30:46,221,IFPB-VISITANTE,84:F1:47:54:81:02,-91,11,Núcleo de pesquisa
17/03/2026,11:30:46,221,IFPB-Sala_Professor_14,48:51:CF:81:B0:9E,-92,5,Núcleo de pesquisa
17/03/2026,11:30:46,221,IFPB-Sala_Professor_14,24:FD:0D:57:19:26,-93,2,Núcleo de pesquisa
17/03/2026,11:30:56,222,IFPB,84:F1:47:54:8B:A0,-64,11,Núcleo de pesquisa
17/03/2026,11:30:56,222,IFPB-VISITANTE,84:F1:47:54:8B:A2,-64,11,Núcleo de pesquisa
17/03/2026,11:30:56,222,NPEF/NEPA,50:C7:BF:EF:56:8A,-65,3,Núcleo de pesquisa
17/03/2026,11:30:56,222,APTelefonia,58:10:8C:91:F3:AA,-77,1,Núcleo de pesquisa
17/03/2026,11:30:56,222,Lab. de Sinais Digitais,18:D6:C7:F9:37:2F,-78,11,Núcleo de pesquisa
17/03/2026,11:30:56,222,IFPB,84:F1:47:54:FD:60,-81,1,Núcleo de pesquisa
17/03/2026,11:30:56,222,IFPB,2C:57:41:D4:A5:20,-81,6,Núcleo de pesquisa
17/03/2026,11:30:56,222,IFPB-VISITANTE,84:F1:47:54:FD:62,-82,1,Núcleo de pesquisa
17/03/2026,11:30:56,222,IFPB,84:F1:47:54:6B:80,-82,1,Núcleo de pesquisa
17/03/2026,11:30:56,222,IFPB-VISITANTE,84:F1:47:54:6B:82,-82,1,Núcleo de pesquisa
17/03/2026,11:30:56,222,IFPB-VISITANTE,2C:57:41:D4:A5:22,-82,6,Núcleo de pesquisa
17/03/2026,11:30:56,222,Intelbras,18:0D:2C:7F:EB:AC,-88,7,Núcleo de pesquisa
17/03/2026,11:30:56,222,UA2-MiniLab,60:32:B1:2D:66:C3,-88,10,Núcleo de pesquisa
17/03/2026,11:30:56,222,IFPB-Sala_Professor_14,48:51:CF:81:B0:9E,-90,5,Núcleo de pesquisa
17/03/2026,11:30:56,222,Gabriel's Galaxy Tab S6 Lite,02:64:44:29:F3:37,-91,6,Núcleo de pesquisa
17/03/2026,11:30:56,222,TP-Link_1324,7C:F1:7E:8D:13:22,-92,10,Núcleo de pesquisa
17/03/2026,11:30:56,222,NUNYA_Room_2.4GHz,CC:32:E5:0C:FC:2B,-93,10,Núcleo de pesquisa
17/03/2026,11:30:56,222,IFPB-MM,54:E6:FC:BA:AD:86,-96,11,Núcleo de pesquisa
17/03/2026,11:31:06,223,NPEF/NEPA,50:C7:BF:EF:56:8A,-44,3,Núcleo de pesquisa
17/03/2026,11:31:06,223,IFPB,84:F1:47:54:8B:A0,-71,11,Núcleo de pesquisa
17/03/2026,11:31:06,223,IFPB-VISITANTE,84:F1:47:54:8B:A2,-71,11,Núcleo de pesquisa
17/03/2026,11:31:06,223,IFPB-VISITANTE,84:F1:47:54:FD:62,-82,1,Núcleo de pesquisa
17/03/2026,11:31:06,223,UA2-MiniLab,60:32:B1:2D:66:C3,-82,10,Núcleo de pesquisa
17/03/2026,11:31:06,223,Lab. de Sinais Digitais,18:D6:C7:F9:37:2F,-82,11,Núcleo de pesquisa
17/03/2026,11:31:06,223,IFPB,84:F1:47:54:FD:60,-83,1,Núcleo de pesquisa
17/03/2026,11:31:06,223,IFPB-VISITANTE,24:36:DA:2B:BC:02,-84,6,Núcleo de pesquisa
17/03/2026,11:31:06,223,IFPB,24:36:DA:2B:BC:00,-85,6,Núcleo de pesquisa
17/03/2026,11:31:06,223,IFPB-VISITANTE,84:F1:47:54:6B:82,-86,1,Núcleo de pesquisa
17/03/2026,11:31:06,223,IFPB,84:F1:47:54:6B:80,-87,1,Núcleo de pesquisa
17/03/2026,11:31:06,223,APTelefonia,58:10:8C:91:F3:AA,-89,1,Núcleo de pesquisa
17/03/2026,11:31:06,223,GPDS,00:26:5A:66:55:EF,-89,6,Núcleo de pesquisa
17/03/2026,11:31:06,223,IFPB-Sala_Professor_14,48:51:CF:81:B0:9E,-90,5,Núcleo de pesquisa
17/03/2026,11:31:06,223,IFPB-MM,54:E6:FC:BA:AD:86,-90,11,Núcleo de pesquisa
17/03/2026,11:31:06,223,INTELBRAS,D8:36:5F:54:70:40,-92,1,Núcleo de pesquisa
17/03/2026,11:31:06,223,Intelbras,18:0D:2C:7F:EB:AC,-92,7,Núcleo de pesquisa
17/03/2026,11:31:06,223,TP-Link_1324,7C:F1:7E:8D:13:22,-92,10,Núcleo de pesquisa
17/03/2026,11:31:16,224,NPEF/NEPA,50:C7:BF:EF:56:8A,-60,3,Núcleo de pesquisa
17/03/2026,11:31:16,224,IFPB-VISITANTE,84:F1:47:54:8B:A2,-72,11,Núcleo de pesquisa
17/03/2026,11:31:16,224,IFPB,84:F1:47:54:8B:A0,-73,11,Núcleo de pesquisa
17/03/2026,11:31:16,224,IFPB,2C:57:41:D4:A5:20,-78,6,Núcleo de pesquisa
17/03/2026,11:31:16,224,IFPB-VISITANTE,2C:57:41:D4:A5:22,-78,6,Núcleo de pesquisa
17/03/2026,11:31:16,224,Lab. de Sinais Digitais,18:D6:C7:F9:37:2F,-81,11,Núcleo de pesquisa
17/03/2026,11:31:16,224,IFPB,84:F1:47:54:6B:80,-83,1,Núcleo de pesquisa
17/03/2026,11:31:16,224,APTelefonia,58:10:8C:91:F3:AA,-83,1,Núcleo de pesquisa
17/03/2026,11:31:16,224,IFPB-VISITANTE,84:F1:47:54:6B:82,-84,1,Núcleo de pesquisa
17/03/2026,11:31:16,224,UA2-MiniLab,60:32:B1:2D:66:C3,-84,10,Núcleo de pesquisa
17/03/2026,11:31:16,224,IFPB-VISITANTE,24:36:DA:2B:BC:02,-86,6,Núcleo de pesquisa
17/03/2026,11:31:16,224,IFPB-Sala_Professor_14,48:51:CF:81:B0:9E,-87,5,Núcleo de pesquisa
17/03/2026,11:31:16,224,IFPB-VISITANTE,84:F1:47:54:FD:62,-88,1,Núcleo de pesquisa
17/03/2026,11:31:16,224,IFPB,24:36:DA:2B:BC:00,-88,6,Núcleo de pesquisa
17/03/2026,11:31:16,224,IFPB,84:F1:47:54:FD:60,-89,1,Núcleo de pesquisa
17/03/2026,11:31:16,224,TP-Link_1324,7C:F1:7E:8D:13:22,-90,10,Núcleo de pesquisa
17/03/2026,11:31:16,224,GPDS,00:26:5A:66:55:EF,-91,6,Núcleo de pesquisa
17/03/2026,11:31:16,224,IFPB,84:F1:47:54:81:00,-91,11,Núcleo de pesquisa
17/03/2026,11:31:16,224,IFPB-VISITANTE,84:F1:47:54:81:02,-91,11,Núcleo de pesquisa
17/03/2026,11:31:16,224,Intelbras,18:0D:2C:7F:EB:AC,-92,7,Núcleo de pesquisa
17/03/2026,11:31:16,224,NUNYA_Room_2.4GHz,CC:32:E5:0C:FC:2B,-93,10,Núcleo de pesquisa
17/03/2026,11:31:16,224,EBEF98EB-HE8D94xvZh1AO1J,44:D2:44:DD:32:41,-93,11,Núcleo de pesquisa
17/03/2026,11:31:16,224,INTELBRAS,D8:36:5F:54:70:40,-95,1,Núcleo de pesquisa
17/03/2026,11:31:26,225,NPEF/NEPA,50:C7:BF:EF:56:8A,-55,3,Núcleo de pesquisa
17/03/2026,11:31:26,225,IFPB,84:F1:47:54:8B:A0,-78,11,Núcleo de pesquisa
17/03/2026,11:31:26,225,IFPB-VISITANTE,84:F1:47:54:8B:A2,-80,11,Núcleo de pesquisa
17/03/2026,11:31:26,225,APTelefonia,58:10:8C:91:F3:AA,-83,1,Núcleo de pesquisa
17/03/2026,11:31:26,225,IFPB,84:F1:47:54:6B:80,-83,1,Núcleo de pesquisa
17/03/2026,11:31:26,225,IFPB,2C:57:41:D4:A5:20,-83,6,Núcleo de pesquisa
17/03/2026,11:31:26,225,IFPB-VISITANTE,84:F1:47:54:6B:82,-84,1,Núcleo de pesquisa
17/03/2026,11:31:26,225,Lab. de Sinais Digitais,18:D6:C7:F9:37:2F,-85,11,Núcleo de pesquisa
17/03/2026,11:31:26,225,IFPB,84:F1:47:54:FD:60,-86,1,Núcleo de pesquisa
17/03/2026,11:31:26,225,UA2-MiniLab,60:32:B1:2D:66:C3,-86,10,Núcleo de pesquisa
17/03/2026,11:31:26,225,IFPB,24:36:DA:2B:BC:00,-87,6,Núcleo de pesquisa
17/03/2026,11:31:26,225,IFPB-VISITANTE,24:36:DA:2B:BC:02,-88,6,Núcleo de pesquisa
17/03/2026,11:31:26,225,Intelbras,18:0D:2C:7F:EB:AC,-88,7,Núcleo de pesquisa
17/03/2026,11:31:26,225,IFPB-VISITANTE,84:F1:47:54:FD:62,-89,1,Núcleo de pesquisa
17/03/2026,11:31:26,225,IFPB-Sala_Professor_14,48:51:CF:81:B0:9E,-89,5,Núcleo de pesquisa
17/03/2026,11:31:26,225,IFPB-Sala_Professor_14,24:FD:0D:57:19:26,-90,2,Núcleo de pesquisa
17/03/2026,11:31:26,225,IFPB,84:F1:47:54:81:00,-91,11,Núcleo de pesquisa
17/03/2026,11:31:26,225,GPDS,00:26:5A:66:55:EF,-92,6,Núcleo de pesquisa
17/03/2026,11:31:26,225,TP-Link_1324,7C:F1:7E:8D:13:22,-92,10,Núcleo de pesquisa
17/03/2026,11:31:26,225,IFPB-VISITANTE,84:F1:47:54:81:02,-92,11,Núcleo de pesquisa
17/03/2026,11:31:26,225,IFPB-MM,54:E6:FC:BA:AD:86,-93,11,Núcleo de pesquisa
17/03/2026,11:31:26,225,EBEF98EB-HE8D94xvZh1AO1J,44:D2:44:DD:32:41,-93,11,Núcleo de pesquisa
17/03/2026,11:31:36,226,NPEF/NEPA,50:C7:BF:EF:56:8A,-51,3,Núcleo de pesquisa
17/03/2026,11:31:36,226,IFPB-VISITANTE,84:F1:47:54:8B:A2,-76,11,Núcleo de pesquisa
17/03/2026,11:31:36,226,IFPB,84:F1:47:54:8B:A0,-77,11,Núcleo de pesquisa
17/03/2026,11:31:36,226,UA2-MiniLab,60:32:B1:2D:66:C3,-79,10,Núcleo de pesquisa
17/03/2026,11:31:36,226,Lab. de Sinais Digitais,18:D6:C7:F9:37:2F,-81,11,Núcleo de pesquisa
17/03/2026,11:31:36,226,IFPB-VISITANTE,84:F1:47:54:6B:82,-82,1,Núcleo de pesquisa
17/03/2026,11:31:36,226,IFPB-VISITANTE,84:F1:47:54:FD:62,-83,1,Núcleo de pesquisa
17/03/2026,11:31:36,226,APTelefonia,58:10:8C:91:F3:AA,-83,1,Núcleo de pesquisa
17/03/2026,11:31:36,226,IFPB,84:F1:47:54:FD:60,-83,1,Núcleo de pesquisa
17/03/2026,11:31:36,226,IFPB,84:F1:47:54:6B:80,-84,1,Núcleo de pesquisa
17/03/2026,11:31:36,226,IFPB-Sala_Professor_14,48:51:CF:81:B0:9E,-85,5,Núcleo de pesquisa
17/03/2026,11:31:36,226,GPDS,00:26:5A:66:55:EF,-88,6,Núcleo de pesquisa
17/03/2026,11:31:36,226,Intelbras,18:0D:2C:7F:EB:AC,-90,7,Núcleo de pesquisa
17/03/2026,11:31:36,226,IFPB,84:F1:47:54:81:00,-90,11,Núcleo de pesquisa
17/03/2026,11:31:36,226,TP-Link_1324,7C:F1:7E:8D:13:22,-91,10,Núcleo de pesquisa
17/03/2026,11:31:36,226,IFPB-VISITANTE,84:F1:47:54:81:02,-91,11,Núcleo de pesquisa
17/03/2026,11:31:36,226,A55 de Arquimedes,02:11:D2:64:5E:D9,-92,1,Núcleo de pesquisa
17/03/2026,11:31:36,226,EBEF98EB-HE8D94xvZh1AO1J,44:D2:44:DD:32:41,-92,11,Núcleo de pesquisa
17/03/2026,11:31:36,226,IFPB-Sala_Professor_14,24:FD:0D:57:19:26,-94,2,Núcleo de pesquisa
17/03/2026,11:31:36,226,NUNYA_Room_2.4GHz,CC:32:E5:0C:FC:2B,-94,10,Núcleo de pesquisa
17/03/2026,11:31:36,226,IFPB-MM,54:E6:FC:BA:AD:86,-95,11,Núcleo de pesquisa
17/03/2026,11:31:46,227,NPEF/NEPA,50:C7:BF:EF:56:8A,-50,3,Núcleo de pesquisa
17/03/2026,11:31:46,227,IFPB,84:F1:47:54:8B:A0,-75,11,Núcleo de pesquisa
17/03/2026,11:31:46,227,IFPB-VISITANTE,84:F1:47:54:8B:A2,-75,11,Núcleo de pesquisa
17/03/2026,11:31:46,227,IFPB-VISITANTE,84:F1:47:54:FD:62,-82,1,Núcleo de pesquisa
17/03/2026,11:31:46,227,UA2-MiniLab,60:32:B1:2D:66:C3,-82,10,Núcleo de pesquisa
17/03/2026,11:31:46,227,IFPB,84:F1:47:54:FD:60,-83,1,Núcleo de pesquisa
17/03/2026,11:31:46,227,APTelefonia,58:10:8C:91:F3:AA,-83,1,Núcleo de pesquisa
17/03/2026,11:31:46,227,IFPB-VISITANTE,84:F1:47:54:6B:82,-85,1,Núcleo de pesquisa
17/03/2026,11:31:46,227,IFPB,2C:57:41:D4:A5:20,-85,6,Núcleo de pesquisa
17/03/2026,11:31:46,227,Lab. de Sinais Digitais,18:D6:C7:F9:37:2F,-86,11,Núcleo de pesquisa
17/03/2026,11:31:46,227,IFPB,84:F1:47:54:6B:80,-87,1,Núcleo de pesquisa
17/03/2026,11:31:46,227,Intelbras,18:0D:2C:7F:EB:AC,-90,7,Núcleo de pesquisa
17/03/2026,11:31:46,227,GPDS,00:26:5A:66:55:EF,-91,6,Núcleo de pesquisa
17/03/2026,11:31:46,227,IFPB-MM,54:E6:FC:BA:AD:86,-91,11,Núcleo de pesquisa
17/03/2026,11:31:46,227,INTELBRAS,D8:36:5F:54:70:40,-92,1,Núcleo de pesquisa
17/03/2026,11:31:46,227,brisa-3861242,24:2F:D0:CC:ED:8C,-93,2,Núcleo de pesquisa
17/03/2026,11:31:46,227,TP-Link_1324,7C:F1:7E:8D:13:22,-93,10,Núcleo de pesquisa
17/03/2026,11:31:46,227,IFPB-Sala_Professor_14,24:FD:0D:57:19:26,-94,2,Núcleo de pesquisa
17/03/2026,11:31:46,227,EBEF98EB-HE8D94xvZh1AO1J,44:D2:44:DD:32:41,-95,11,Núcleo de pesquisa
17/03/2026,11:31:56,228,NPEF/NEPA,50:C7:BF:EF:56:8A,-49,3,Núcleo de pesquisa
17/03/2026,11:31:56,228,IFPB,84:F1:47:54:8B:A0,-66,11,Núcleo de pesquisa
17/03/2026,11:31:56,228,IFPB-VISITANTE,84:F1:47:54:8B:A2,-66,11,Núcleo de pesquisa
17/03/2026,11:31:56,228,UA2-MiniLab,60:32:B1:2D:66:C3,-83,10,Núcleo de pesquisa
17/03/2026,11:31:56,228,IFPB-VISITANTE,2C:57:41:D4:A5:22,-84,6,Núcleo de pesquisa
17/03/2026,11:31:56,228,IFPB,84:F1:47:54:6B:80,-85,1,Núcleo de pesquisa
17/03/2026,11:31:56,228,IFPB-VISITANTE,84:F1:47:54:6B:82,-85,1,Núcleo de pesquisa
17/03/2026,11:31:56,228,IFPB,2C:57:41:D4:A5:20,-85,6,Núcleo de pesquisa
17/03/2026,11:31:56,228,IFPB-VISITANTE,24:36:DA:2B:BC:02,-86,6,Núcleo de pesquisa
17/03/2026,11:31:56,228,IFPB-VISITANTE,84:F1:47:54:81:02,-87,11,Núcleo de pesquisa
17/03/2026,11:31:56,228,IFPB-VISITANTE,84:F1:47:54:FD:62,-88,1,Núcleo de pesquisa
17/03/2026,11:31:56,228,Lab. de Sinais Digitais,18:D6:C7:F9:37:2F,-88,11,Núcleo de pesquisa
17/03/2026,11:31:56,228,IFPB,84:F1:47:54:81:00,-88,11,Núcleo de pesquisa
17/03/2026,11:31:56,228,APTelefonia,58:10:8C:91:F3:AA,-89,1,Núcleo de pesquisa
17/03/2026,11:31:56,228,IFPB,84:F1:47:54:FD:60,-89,1,Núcleo de pesquisa
17/03/2026,11:31:56,228,IFPB,24:36:DA:2B:BC:00,-89,6,Núcleo de pesquisa
17/03/2026,11:31:56,228,Intelbras,18:0D:2C:7F:EB:AC,-89,7,Núcleo de pesquisa
17/03/2026,11:31:56,228,GPDS,00:26:5A:66:55:EF,-90,6,Núcleo de pesquisa
17/03/2026,11:31:56,228,TP-Link_1324,7C:F1:7E:8D:13:22,-91,10,Núcleo de pesquisa
17/03/2026,11:31:56,228,IFPB-Sala_Professor_14,48:51:CF:81:B0:9E,-92,5,Núcleo de pesquisa
17/03/2026,11:31:56,228,Redmi Note 12S,8A:77:1F:51:78:B6,-92,6,Núcleo de pesquisa
17/03/2026,11:31:56,228,IFPB-MM,54:E6:FC:BA:AD:86,-94,11,Núcleo de pesquisa
17/03/2026,11:31:57,228,IFPB-Sala_Professor_14,24:FD:0D:57:19:26,-95,2,Núcleo de pesquisa
17/03/2026,11:31:57,228,brisa-3861242,24:2F:D0:CC:ED:8C,-95,2,Núcleo de pesquisa
17/03/2026,11:32:06,229,NPEF/NEPA,50:C7:BF:EF:56:8A,-52,3,Núcleo de pesquisa
17/03/2026,11:32:06,229,IFPB,84:F1:47:54:8B:A0,-66,11,Núcleo de pesquisa
17/03/2026,11:32:06,229,IFPB-VISITANTE,84:F1:47:54:8B:A2,-66,11,Núcleo de pesquisa
17/03/2026,11:32:06,229,Lab. de Sinais Digitais,18:D6:C7:F9:37:2F,-76,11,Núcleo de pesquisa
17/03/2026,11:32:06,229,IFPB,2C:57:41:D4:A5:20,-81,6,Núcleo de pesquisa
17/03/2026,11:32:06,229,IFPB-VISITANTE,2C:57:41:D4:A5:22,-81,6,Núcleo de pesquisa
17/03/2026,11:32:06,229,UA2-MiniLab,60:32:B1:2D:66:C3,-81,10,Núcleo de pesquisa
17/03/2026,11:32:06,229,IFPB,84:F1:47:54:6B:80,-82,1,Núcleo de pesquisa
17/03/2026,11:32:06,229,IFPB-VISITANTE,84:F1:47:54:6B:82,-82,1,Núcleo de pesquisa
17/03/2026,11:32:06,229,APTelefonia,58:10:8C:91:F3:AA,-82,1,Núcleo de pesquisa
17/03/2026,11:32:06,229,IFPB-VISITANTE,84:F1:47:54:FD:62,-82,1,Núcleo de pesquisa
17/03/2026,11:32:07,229,IFPB,84:F1:47:54:FD:60,-83,1,Núcleo de pesquisa
17/03/2026,11:32:07,229,GPDS,00:26:5A:66:55:EF,-86,6,Núcleo de pesquisa
17/03/2026,11:32:07,229,Intelbras,18:0D:2C:7F:EB:AC,-88,7,Núcleo de pesquisa
17/03/2026,11:32:07,229,IFPB-Sala_Professor_14,48:51:CF:81:B0:9E,-89,5,Núcleo de pesquisa
17/03/2026,11:32:07,229,Redmi Note 12S,8A:77:1F:51:78:B6,-89,6,Núcleo de pesquisa
17/03/2026,11:32:07,229,IFPB-Sala_Professor_14,24:FD:0D:57:19:26,-91,2,Núcleo de pesquisa
17/03/2026,11:32:07,229,TP-Link_1324,7C:F1:7E:8D:13:22,-92,10,Núcleo de pesquisa
17/03/2026,11:32:07,229,NUNYA_Room_2.4GHz,CC:32:E5:0C:FC:2B,-93,10,Núcleo de pesquisa
17/03/2026,11:32:16,230,NPEF/NEPA,50:C7:BF:EF:56:8A,-63,3,Núcleo de pesquisa
17/03/2026,11:32:16,230,IFPB-VISITANTE,2C:57:41:D4:A5:22,-79,6,Núcleo de pesquisa
17/03/2026,11:32:16,230,IFPB,84:F1:47:54:8B:A0,-79,11,Núcleo de pesquisa
17/03/2026,11:32:16,230,IFPB-VISITANTE,84:F1:47:54:8B:A2,-79,11,Núcleo de pesquisa
17/03/2026,11:32:16,230,IFPB,2C:57:41:D4:A5:20,-80,6,Núcleo de pesquisa
17/03/2026,11:32:16,230,APTelefonia,58:10:8C:91:F3:AA,-81,1,Núcleo de pesquisa
17/03/2026,11:32:16,230,IFPB,84:F1:47:54:6B:80,-81,1,Núcleo de pesquisa
17/03/2026,11:32:16,230,IFPB-VISITANTE,84:F1:47:54:6B:82,-82,1,Núcleo de pesquisa
17/03/2026,11:32:16,230,Lab. de Sinais Digitais,18:D6:C7:F9:37:2F,-83,11,Núcleo de pesquisa
17/03/2026,11:32:16,230,IFPB,84:F1:47:54:FD:60,-84,1,Núcleo de pesquisa
17/03/2026,11:32:16,230,UA2-MiniLab,60:32:B1:2D:66:C3,-85,10,Núcleo de pesquisa
17/03/2026,11:32:17,230,IFPB-VISITANTE,84:F1:47:54:FD:62,-86,1,Núcleo de pesquisa
17/03/2026,11:32:17,230,Redmi Note 12S,8A:77:1F:51:78:B6,-87,6,Núcleo de pesquisa
17/03/2026,11:32:17,230,IFPB-Sala_Professor_14,48:51:CF:81:B0:9E,-89,5,Núcleo de pesquisa
17/03/2026,11:32:17,230,Intelbras,18:0D:2C:7F:EB:AC,-90,7,Núcleo de pesquisa
17/03/2026,11:32:17,230,IFPB-MM,54:E6:FC:BA:AD:86,-90,11,Núcleo de pesquisa
17/03/2026,11:32:17,230,GPDS,00:26:5A:66:55:EF,-92,6,Núcleo de pesquisa
17/03/2026,11:32:17,230,EBEF98EB-HE8D94xvZh1AO1J,44:D2:44:DD:32:41,-92,11,Núcleo de pesquisa
17/03/2026,11:32:17,230,TP-Link_1324,7C:F1:7E:8D:13:22,-93,10,Núcleo de pesquisa
17/03/2026,11:32:17,230,NUNYA_Room_2.4GHz,CC:32:E5:0C:FC:2B,-95,10,Núcleo de pesquisa
17/03/2026,11:32:17,230,IFPB-Sala_Professor_14,24:FD:0D:57:19:26,-96,2,Núcleo de pesquisa
17/03/2026,11:32:52,231,NPEF/NEPA,50:C7:BF:EF:56:8A,-51,3,Coordenação de química
17/03/2026,11:32:52,231,IFPB,84:F1:47:54:8B:A0,-78,11,Coordenação de química
17/03/2026,11:32:52,231,IFPB-VISITANTE,84:F1:47:54:8B:A2,-78,11,Coordenação de química
17/03/2026,11:32:52,231,APTelefonia,58:10:8C:91:F3:AA,-79,1,Coordenação de química
17/03/2026,11:32:52,231,IFPB-VISITANTE,84:F1:47:54:FD:62,-79,1,Coordenação de química
17/03/2026,11:32:52,231,IFPB,84:F1:47:54:FD:60,-79,1,Coordenação de química
17/03/2026,11:32:52,231,moto e(7) 8661,9E:A9:B7:C5:76:D4,-80,6,Coordenação de química
17/03/2026,11:32:52,231,Lab. de Sinais Digitais,18:D6:C7:F9:37:2F,-81,11,Coordenação de química
17/03/2026,11:32:52,231,IFPB-VISITANTE,2C:57:41:D4:A5:22,-83,6,Coordenação de química
17/03/2026,11:32:52,231,IFPB,84:F1:47:54:6B:80,-84,1,Coordenação de química
17/03/2026,11:32:52,231,IFPB,2C:57:41:D4:A5:20,-84,6,Coordenação de química
17/03/2026,11:32:52,231,UA2-MiniLab,60:32:B1:2D:66:C3,-85,10,Coordenação de química
17/03/2026,11:32:52,231,IFPB-VISITANTE,84:F1:47:54:6B:82,-86,1,Coordenação de química
17/03/2026,11:32:52,231,GPDS,00:26:5A:66:55:EF,-87,6,Coordenação de química
17/03/2026,11:32:52,231,IFPB,24:36:DA:2B:BC:00,-87,6,Coordenação de química
17/03/2026,11:32:52,231,IFPB-VISITANTE,24:36:DA:2B:BC:02,-87,6,Coordenação de química
17/03/2026,11:32:52,231,IFPB,84:F1:47:54:EB:20,-89,6,Coordenação de química
17/03/2026,11:32:52,231,IFPB-VISITANTE,84:F1:47:54:81:02,-90,11,Coordenação de química
17/03/2026,11:32:52,231,INTELBRAS,D8:36:5F:54:70:40,-91,1,Coordenação de química
17/03/2026,11:32:52,231,Redmi Note 12S,8A:77:1F:51:78:B6,-91,6,Coordenação de química
17/03/2026,11:32:52,231,NUNYA_Room_2.4GHz,CC:32:E5:0C:FC:2B,-91,10,Coordenação de química
17/03/2026,11:32:52,231,EBEF98EB-HE8D94xvZh1AO1J,44:D2:44:DD:32:41,-91,11,Coordenação de química
17/03/2026,11:32:53,231,IFPB,84:F1:47:54:81:00,-91,11,Coordenação de química
17/03/2026,11:32:53,231,A55 de Arquimedes,02:11:D2:64:5E:D9,-92,1,Coordenação de química
17/03/2026,11:32:53,231,IFPB-Sala_Professor_14,48:51:CF:81:B0:9E,-92,5,Coordenação de química
17/03/2026,11:32:53,231,brisa-3861242,24:2F:D0:CC:ED:8C,-94,2,Coordenação de química
17/03/2026,11:32:53,231,IFPB-MM,54:E6:FC:BA:AD:86,-95,11,Coordenação de química
17/03/2026,11:33:02,232,NPEF/NEPA,50:C7:BF:EF:56:8A,-57,3,Coordenação de química
17/03/2026,11:33:02,232,IFPB,84:F1:47:54:FD:60,-76,1,Coordenação de química
17/03/2026,11:33:02,232,IFPB-VISITANTE,84:F1:47:54:FD:62,-76,1,Coordenação de química
17/03/2026,11:33:02,232,Redmi Note 12S,8A:77:1F:51:78:B6,-76,6,Coordenação de química
17/03/2026,11:33:02,232,IFPB,84:F1:47:54:8B:A0,-76,11,Coordenação de química
17/03/2026,11:33:02,232,IFPB-VISITANTE,84:F1:47:54:8B:A2,-76,11,Coordenação de química
17/03/2026,11:33:02,232,APTelefonia,58:10:8C:91:F3:AA,-81,1,Coordenação de química
17/03/2026,11:33:02,232,IFPB,2C:57:41:D4:A5:20,-81,6,Coordenação de química
17/03/2026,11:33:02,232,IFPB-VISITANTE,2C:57:41:D4:A5:22,-81,6,Coordenação de química
17/03/2026,11:33:02,232,IFPB,84:F1:47:54:6B:80,-85,1,Coordenação de química
17/03/2026,11:33:02,232,IFPB-VISITANTE,24:36:DA:2B:BC:02,-85,6,Coordenação de química
17/03/2026,11:33:02,232,Lab. de Sinais Digitais,18:D6:C7:F9:37:2F,-85,11,Coordenação de química
17/03/2026,11:33:02,232,IFPB,24:36:DA:2B:BC:00,-86,6,Coordenação de química
17/03/2026,11:33:02,232,IFPB-VISITANTE,84:F1:47:54:6B:82,-87,1,Coordenação de química
17/03/2026,11:33:02,232,IFPB,84:F1:47:54:81:00,-88,11,Coordenação de química
17/03/2026,11:33:02,232,IFPB-MM,54:E6:FC:BA:AD:86,-88,11,Coordenação de química
17/03/2026,11:33:02,232,IFPB-VISITANTE,84:F1:47:54:81:02,-89,11,Coordenação de química
17/03/2026,11:33:02,232,A55 de Arquimedes,02:11:D2:64:5E:D9,-90,1,Coordenação de química
17/03/2026,11:33:03,232,IFPB-Sala_Professor_14,48:51:CF:81:B0:9E,-90,5,Coordenação de química
17/03/2026,11:33:03,232,NUNYA_Room_2.4GHz,CC:32:E5:0C:FC:2B,-90,10,Coordenação de química
17/03/2026,11:33:03,232,UA2-MiniLab,60:32:B1:2D:66:C3,-90,10,Coordenação de química
17/03/2026,11:33:03,232,Intelbras,18:0D:2C:7F:EB:AC,-91,7,Coordenação de química
17/03/2026,11:33:03,232,EBEF98EB-HE8D94xvZh1AO1J,44:D2:44:DD:32:41,-91,11,Coordenação de química
17/03/2026,11:33:03,232,INTELBRAS,D8:36:5F:54:70:40,-92,1,Coordenação de química
17/03/2026,11:33:03,232,brisa-3861242,24:2F:D0:CC:ED:8C,-92,2,Coordenação de química
17/03/2026,11:33:03,232,GPDS,00:26:5A:66:55:EF,-93,6,Coordenação de química
17/03/2026,11:33:12,233,NPEF/NEPA,50:C7:BF:EF:56:8A,-56,3,Coordenação de química
17/03/2026,11:33:12,233,IFPB-VISITANTE,84:F1:47:54:8B:A2,-76,11,Coordenação de química
17/03/2026,11:33:12,233,IFPB,84:F1:47:54:8B:A0,-77,11,Coordenação de química
17/03/2026,11:33:12,233,IFPB,84:F1:47:54:FD:60,-78,1,Coordenação de química
17/03/2026,11:33:12,233,IFPB-VISITANTE,84:F1:47:54:FD:62,-78,1,Coordenação de química
17/03/2026,11:33:12,233,APTelefonia,58:10:8C:91:F3:AA,-81,1,Coordenação de química
17/03/2026,11:33:13,233,IFPB-VISITANTE,24:36:DA:2B:BC:02,-84,6,Coordenação de química
17/03/2026,11:33:13,233,IFPB,2C:57:41:D4:A5:20,-85,6,Coordenação de química
17/03/2026,11:33:13,233,IFPB-VISITANTE,2C:57:41:D4:A5:22,-85,6,Coordenação de química
17/03/2026,11:33:13,233,IFPB,24:36:DA:2B:BC:00,-85,6,Coordenação de química
17/03/2026,11:33:13,233,IFPB,84:F1:47:54:6B:80,-86,1,Coordenação de química
17/03/2026,11:33:13,233,Lab. de Sinais Digitais,18:D6:C7:F9:37:2F,-87,11,Coordenação de química
17/03/2026,11:33:13,233,EBEF98EB-HE8D94xvZh1AO1J,44:D2:44:DD:32:41,-87,11,Coordenação de química
17/03/2026,11:33:13,233,GPDS,00:26:5A:66:55:EF,-88,6,Coordenação de química
17/03/2026,11:33:13,233,IFPB-MM,54:E6:FC:BA:AD:86,-89,11,Coordenação de química
17/03/2026,11:33:13,233,IFPB-VISITANTE,84:F1:47:54:6B:82,-90,1,Coordenação de química
17/03/2026,11:33:13,233,Redmi Note 12S,8A:77:1F:51:78:B6,-90,6,Coordenação de química
17/03/2026,11:33:13,233,IFPB-VISITANTE,84:F1:47:54:81:02,-90,11,Coordenação de química
17/03/2026,11:33:13,233,A55 de Arquimedes,02:11:D2:64:5E:D9,-91,1,Coordenação de química
17/03/2026,11:33:13,233,IFPB-Sala_Professor_14,48:51:CF:81:B0:9E,-91,5,Coordenação de química
17/03/2026,11:33:13,233,Intelbras,18:0D:2C:7F:EB:AC,-91,7,Coordenação de química
17/03/2026,11:33:13,233,UA2-MiniLab,60:32:B1:2D:66:C3,-91,10,Coordenação de química
17/03/2026,11:33:13,233,NUNYA_Room_2.4GHz,CC:32:E5:0C:FC:2B,-91,10,Coordenação de química
17/03/2026,11:33:13,233,INTELBRAS,D8:36:5F:54:70:40,-92,1,Coordenação de química
17/03/2026,11:33:13,233,IFPB,84:F1:47:54:81:00,-92,11,Coordenação de química
17/03/2026,11:33:13,233,IFPB-Sala_Professor_14,24:FD:0D:57:19:26,-94,2,Coordenação de química
17/03/2026,11:33:13,233,brisa-3861242,24:2F:D0:CC:ED:8C,-95,2,Coordenação de química
17/03/2026,11:33:13,233,TP-Link_1324,7C:F1:7E:8D:13:22,-95,10,Coordenação de química
17/03/2026,11:33:23,234,NPEF/NEPA,50:C7:BF:EF:56:8A,-55,3,Coordenação de química
17/03/2026,11:33:23,234,IFPB,84:F1:47:54:FD:60,-75,1,Coordenação de química
17/03/2026,11:33:23,234,IFPB-VISITANTE,84:F1:47:54:FD:62,-75,1,Coordenação de química
17/03/2026,11:33:23,234,IFPB,84:F1:47:54:8B:A0,-76,11,Coordenação de química
17/03/2026,11:33:23,234,IFPB-VISITANTE,84:F1:47:54:8B:A2,-76,11,Coordenação de química
17/03/2026,11:33:23,234,IFPB-VISITANTE,2C:57:41:D4:A5:22,-82,6,Coordenação de química
17/03/2026,11:33:23,234,IFPB-VISITANTE,84:F1:47:54:6B:82,-83,1,Coordenação de química
17/03/2026,11:33:23,234,IFPB,84:F1:47:54:6B:80,-83,1,Coordenação de química
17/03/2026,11:33:23,234,IFPB,2C:57:41:D4:A5:20,-84,6,Coordenação de química
17/03/2026,11:33:23,234,APTelefonia,58:10:8C:91:F3:AA,-86,1,Coordenação de química
17/03/2026,11:33:23,234,Lab. de Sinais Digitais,18:D6:C7:F9:37:2F,-86,11,Coordenação de química
17/03/2026,11:33:23,234,IFPB-MM,54:E6:FC:BA:AD:86,-87,11,Coordenação de química
17/03/2026,11:33:23,234,NUNYA_Room_2.4GHz,CC:32:E5:0C:FC:2B,-88,10,Coordenação de química
17/03/2026,11:33:23,234,A55 de Arquimedes,02:11:D2:64:5E:D9,-89,1,Coordenação de química
17/03/2026,11:33:23,234,UA2-MiniLab,60:32:B1:2D:66:C3,-90,10,Coordenação de química
17/03/2026,11:33:23,234,INTELBRAS,D8:36:5F:54:70:40,-91,1,Coordenação de química
17/03/2026,11:33:23,234,GPDS,00:26:5A:66:55:EF,-91,6,Coordenação de química
17/03/2026,11:33:23,234,Redmi Note 12S,8A:77:1F:51:78:B6,-92,6,Coordenação de química
17/03/2026,11:33:23,234,Intelbras,18:0D:2C:7F:EB:AC,-92,7,Coordenação de química
17/03/2026,11:33:23,234,EBEF98EB-HE8D94xvZh1AO1J,44:D2:44:DD:32:41,-92,11,Coordenação de química
17/03/2026,11:33:33,235,NPEF/NEPA,50:C7:BF:EF:56:8A,-50,3,Coordenação de química
17/03/2026,11:33:33,235,IFPB,84:F1:47:54:FD:60,-75,1,Coordenação de química
17/03/2026,11:33:33,235,IFPB-VISITANTE,84:F1:47:54:FD:62,-75,1,Coordenação de química
17/03/2026,11:33:33,235,IFPB-VISITANTE,84:F1:47:54:8B:A2,-76,11,Coordenação de química
17/03/2026,11:33:33,235,IFPB,84:F1:47:54:8B:A0,-77,11,Coordenação de química
17/03/2026,11:33:33,235,APTelefonia,58:10:8C:91:F3:AA,-82,1,Coordenação de química
17/03/2026,11:33:33,235,IFPB,2C:57:41:D4:A5:20,-84,6,Coordenação de química
17/03/2026,11:33:33,235,IFPB,84:F1:47:54:EB:20,-84,6,Coordenação de química
17/03/2026,11:33:33,235,IFPB-VISITANTE,2C:57:41:D4:A5:22,-85,6,Coordenação de química
17/03/2026,11:33:33,235,Intelbras,18:0D:2C:7F:EB:AC,-86,7,Coordenação de química
17/03/2026,11:33:33,235,IFPB-VISITANTE,84:F1:47:54:EB:22,-87,6,Coordenação de química
17/03/2026,11:33:33,235,IFPB-Sala_Professor_14,48:51:CF:81:B0:9E,-90,5,Coordenação de química
17/03/2026,11:33:33,235,UA2-MiniLab,60:32:B1:2D:66:C3,-90,10,Coordenação de química
17/03/2026,11:33:33,235,NUNYA_Room_2.4GHz,CC:32:E5:0C:FC:2B,-91,10,Coordenação de química
17/03/2026,11:33:33,235,Lab. de Sinais Digitais,18:D6:C7:F9:37:2F,-92,11,Coordenação de química
17/03/2026,11:33:33,235,EBEF98EB-HE8D94xvZh1AO1J,44:D2:44:DD:32:41,-92,11,Coordenação de química
17/03/2026,11:33:33,235,TP-Link_1324,7C:F1:7E:8D:13:22,-93,10,Coordenação de química
17/03/2026,11:33:33,235,INTELBRAS,D8:36:5F:54:70:40,-95,1,Coordenação de química
17/03/2026,11:33:33,235,A55 de Arquimedes,02:11:D2:64:5E:D9,-96,1,Coordenação de química
17/03/2026,11:33:33,235,GPDS,00:26:5A:66:55:EF,-96,6,Coordenação de química
17/03/2026,11:33:43,236,NPEF/NEPA,50:C7:BF:EF:56:8A,-60,3,Coordenação de química
17/03/2026,11:33:43,236,IFPB,84:F1:47:54:FD:60,-74,1,Coordenação de química
17/03/2026,11:33:43,236,IFPB-VISITANTE,84:F1:47:54:FD:62,-74,1,Coordenação de química
17/03/2026,11:33:43,236,IFPB,84:F1:47:54:8B:A0,-75,11,Coordenação de química
17/03/2026,11:33:43,236,IFPB-VISITANTE,84:F1:47:54:8B:A2,-75,11,Coordenação de química
17/03/2026,11:33:43,236,UA2-MiniLab,60:32:B1:2D:66:C3,-85,10,Coordenação de química
17/03/2026,11:33:43,236,IFPB,84:F1:47:54:6B:80,-86,1,Coordenação de química
17/03/2026,11:33:43,236,IFPB-VISITANTE,84:F1:47:54:6B:82,-87,1,Coordenação de química
17/03/2026,11:33:43,236,IFPB,2C:57:41:D4:A5:20,-87,6,Coordenação de química
17/03/2026,11:33:43,236,IFPB-VISITANTE,2C:57:41:D4:A5:22,-88,6,Coordenação de química
17/03/2026,11:33:43,236,APTelefonia,58:10:8C:91:F3:AA,-90,1,Coordenação de química
17/03/2026,11:33:43,236,Intelbras,18:0D:2C:7F:EB:AC,-90,7,Coordenação de química
17/03/2026,11:33:43,236,IFPB-MM,54:E6:FC:BA:AD:86,-91,11,Coordenação de química
17/03/2026,11:33:43,236,A55 de Arquimedes,02:11:D2:64:5E:D9,-92,1,Coordenação de química
17/03/2026,11:33:43,236,IFPB-Sala_Professor_14,48:51:CF:81:B0:9E,-92,5,Coordenação de química
17/03/2026,11:33:43,236,INTELBRAS,D8:36:5F:54:70:40,-93,1,Coordenação de química
17/03/2026,11:33:43,236,NUNYA_Room_2.4GHz,CC:32:E5:0C:FC:2B,-93,10,Coordenação de química
17/03/2026,11:33:43,236,TP-Link_1324,7C:F1:7E:8D:13:22,-94,10,Coordenação de química
17/03/2026,11:33:43,236,EBEF98EB-HE8D94xvZh1AO1J,44:D2:44:DD:32:41,-95,11,Coordenação de química
17/03/2026,11:33:43,236,Lab. de Sinais Digitais,18:D6:C7:F9:37:2F,-95,11,Coordenação de química
17/03/2026,11:33:53,237,NPEF/NEPA,50:C7:BF:EF:56:8A,-55,3,Coordenação de química
17/03/2026,11:33:53,237,IFPB,84:F1:47:54:8B:A0,-76,11,Coordenação de química
17/03/2026,11:33:53,237,IFPB-VISITANTE,84:F1:47:54:8B:A2,-76,11,Coordenação de química
17/03/2026,11:33:53,237,IFPB,84:F1:47:54:FD:60,-78,1,Coordenação de química
17/03/2026,11:33:53,237,IFPB-VISITANTE,84:F1:47:54:FD:62,-78,1,Coordenação de química
17/03/2026,11:33:53,237,IFPB,2C:57:41:D4:A5:20,-82,6,Coordenação de química
17/03/2026,11:33:53,237,IFPB-VISITANTE,2C:57:41:D4:A5:22,-82,6,Coordenação de química
17/03/2026,11:33:53,237,Lab. de Sinais Digitais,18:D6:C7:F9:37:2F,-83,11,Coordenação de química
17/03/2026,11:33:53,237,IFPB-MM,54:E6:FC:BA:AD:86,-86,11,Coordenação de química
17/03/2026,11:33:53,237,IFPB-VISITANTE,84:F1:47:54:6B:82,-87,1,Coordenação de química
17/03/2026,11:33:53,237,UA2-MiniLab,60:32:B1:2D:66:C3,-87,10,Coordenação de química
17/03/2026,11:33:53,237,IFPB,84:F1:47:54:6B:80,-88,1,Coordenação de química
17/03/2026,11:33:53,237,APTelefonia,58:10:8C:91:F3:AA,-88,1,Coordenação de química
17/03/2026,11:33:53,237,A55 de Arquimedes,02:11:D2:64:5E:D9,-89,1,Coordenação de química
17/03/2026,11:33:53,237,Intelbras,18:0D:2C:7F:EB:AC,-91,7,Coordenação de química
17/03/2026,11:33:53,237,EBEF98EB-HE8D94xvZh1AO1J,44:D2:44:DD:32:41,-91,11,Coordenação de química
17/03/2026,11:33:53,237,IFPB-Sala_Professor_14,48:51:CF:81:B0:9E,-92,5,Coordenação de química
17/03/2026,11:33:53,237,INTELBRAS,D8:36:5F:54:70:40,-93,1,Coordenação de química
17/03/2026,11:33:53,237,brisa-3861242,24:2F:D0:CC:ED:8C,-93,2,Coordenação de química
17/03/2026,11:33:53,237,GPDS,00:26:5A:66:55:EF,-93,6,Coordenação de química
17/03/2026,11:33:53,237,NUNYA_Room_2.4GHz,CC:32:E5:0C:FC:2B,-94,10,Coordenação de química
17/03/2026,11:33:53,237,TP-Link_1324,7C:F1:7E:8D:13:22,-94,10,Coordenação de química
17/03/2026,11:34:03,238,NPEF/NEPA,50:C7:BF:EF:56:8A,-56,3,Coordenação de química
17/03/2026,11:34:03,238,IFPB,84:F1:47:54:FD:60,-77,1,Coordenação de química
17/03/2026,11:34:03,238,IFPB-VISITANTE,84:F1:47:54:FD:62,-77,1,Coordenação de química
17/03/2026,11:34:03,238,IFPB,84:F1:47:54:8B:A0,-79,11,Coordenação de química
17/03/2026,11:34:03,238,IFPB-VISITANTE,84:F1:47:54:8B:A2,-79,11,Coordenação de química
17/03/2026,11:34:03,238,IFPB,2C:57:41:D4:A5:20,-86,6,Coordenação de química
17/03/2026,11:34:03,238,IFPB-VISITANTE,84:F1:47:54:6B:82,-87,1,Coordenação de química
17/03/2026,11:34:03,238,APTelefonia,58:10:8C:91:F3:AA,-87,1,Coordenação de química
17/03/2026,11:34:03,238,UA2-MiniLab,60:32:B1:2D:66:C3,-87,10,Coordenação de química
17/03/2026,11:34:03,238,IFPB-VISITANTE,84:F1:47:54:81:02,-87,11,Coordenação de química
17/03/2026,11:34:03,238,IFPB-VISITANTE,2C:57:41:D4:A5:22,-88,6,Coordenação de química
17/03/2026,11:34:03,238,Lab. de Sinais Digitais,18:D6:C7:F9:37:2F,-88,11,Coordenação de química
17/03/2026,11:34:03,238,IFPB,84:F1:47:54:81:00,-88,11,Coordenação de química
17/03/2026,11:34:03,238,IFPB,84:F1:47:54:6B:80,-89,1,Coordenação de química
17/03/2026,11:34:03,238,IFPB-MM,54:E6:FC:BA:AD:86,-89,11,Coordenação de química
17/03/2026,11:34:03,238,EBEF98EB-HE8D94xvZh1AO1J,44:D2:44:DD:32:41,-89,11,Coordenação de química
17/03/2026,11:34:03,238,IFPB-Sala_Professor_14,48:51:CF:81:B0:9E,-91,5,Coordenação de química
17/03/2026,11:34:03,238,moto e(7) 8661,9E:A9:B7:C5:76:D4,-91,6,Coordenação de química
17/03/2026,11:34:03,238,Intelbras,18:0D:2C:7F:EB:AC,-91,7,Coordenação de química
17/03/2026,11:34:03,238,INTELBRAS,D8:36:5F:54:70:40,-92,1,Coordenação de química
17/03/2026,11:34:03,238,A55 de Arquimedes,02:11:D2:64:5E:D9,-93,1,Coordenação de química
17/03/2026,11:34:03,238,GPDS,00:26:5A:66:55:EF,-93,6,Coordenação de química
17/03/2026,11:34:03,238,NUNYA_Room_2.4GHz,CC:32:E5:0C:FC:2B,-93,10,Coordenação de química
17/03/2026,11:34:03,238,TP-Link_1324,7C:F1:7E:8D:13:22,-95,10,Coordenação de química
17/03/2026,11:34:13,239,NPEF/NEPA,50:C7:BF:EF:56:8A,-55,3,Coordenação de química
17/03/2026,11:34:13,239,IFPB,84:F1:47:54:FD:60,-78,1,Coordenação de química
17/03/2026,11:34:13,239,IFPB-VISITANTE,84:F1:47:54:FD:62,-78,1,Coordenação de química
17/03/2026,11:34:13,239,IFPB-VISITANTE,84:F1:47:54:8B:A2,-79,11,Coordenação de química
17/03/2026,11:34:13,239,IFPB,84:F1:47:54:8B:A0,-80,11,Coordenação de química
17/03/2026,11:34:13,239,APTelefonia,58:10:8C:91:F3:AA,-82,1,Coordenação de química
17/03/2026,11:34:13,239,IFPB-VISITANTE,2C:57:41:D4:A5:22,-82,6,Coordenação de química
17/03/2026,11:34:13,239,Lab. de Sinais Digitais,18:D6:C7:F9:37:2F,-82,11,Coordenação de química
17/03/2026,11:34:13,239,IFPB,84:F1:47:54:6B:80,-83,1,Coordenação de química
17/03/2026,11:34:13,239,UA2-MiniLab,60:32:B1:2D:66:C3,-83,10,Coordenação de química
17/03/2026,11:34:13,239,IFPB-VISITANTE,84:F1:47:54:6B:82,-84,1,Coordenação de química
17/03/2026,11:34:13,239,IFPB,2C:57:41:D4:A5:20,-84,6,Coordenação de química
17/03/2026,11:34:13,239,IFPB-VISITANTE,84:F1:47:54:EB:22,-87,6,Coordenação de química
17/03/2026,11:34:13,239,IFPB,84:F1:47:54:EB:20,-87,6,Coordenação de química
17/03/2026,11:34:13,239,GPDS,00:26:5A:66:55:EF,-88,6,Coordenação de química
17/03/2026,11:34:13,239,IFPB-Sala_Professor_14,24:FD:0D:57:19:26,-90,2,Coordenação de química
17/03/2026,11:34:13,239,moto e(7) 8661,9E:A9:B7:C5:76:D4,-91,6,Coordenação de química
17/03/2026,11:34:13,239,TP-Link_1324,7C:F1:7E:8D:13:22,-91,10,Coordenação de química
17/03/2026,11:34:13,239,IFPB-MM,54:E6:FC:BA:AD:86,-91,11,Coordenação de química
17/03/2026,11:34:13,239,A55 de Arquimedes,02:11:D2:64:5E:D9,-93,1,Coordenação de química
17/03/2026,11:34:13,239,IFPB-Sala_Professor_14,48:51:CF:81:B0:9E,-93,5,Coordenação de química
17/03/2026,11:34:13,239,Intelbras,18:0D:2C:7F:EB:AC,-93,7,Coordenação de química
17/03/2026,11:34:13,239,NUNYA_Room_2.4GHz,CC:32:E5:0C:FC:2B,-93,10,Coordenação de química
17/03/2026,11:34:13,239,EBEF98EB-HE8D94xvZh1AO1J,44:D2:44:DD:32:41,-93,11,Coordenação de química
17/03/2026,11:34:13,239,INTELBRAS,D8:36:5F:54:70:40,-94,1,Coordenação de química
17/03/2026,11:34:23,240,NPEF/NEPA,50:C7:BF:EF:56:8A,-50,3,Coordenação de química
17/03/2026,11:34:23,240,IFPB-VISITANTE,84:F1:47:54:8B:A2,-75,11,Coordenação de química
17/03/2026,11:34:23,240,IFPB,84:F1:47:54:8B:A0,-76,11,Coordenação de química
17/03/2026,11:34:23,240,IFPB-VISITANTE,84:F1:47:54:FD:62,-79,1,Coordenação de química
17/03/2026,11:34:23,240,IFPB,84:F1:47:54:FD:60,-80,1,Coordenação de química
17/03/2026,11:34:23,240,IFPB-VISITANTE,2C:57:41:D4:A5:22,-83,6,Coordenação de química
17/03/2026,11:34:23,240,IFPB,2C:57:41:D4:A5:20,-83,6,Coordenação de química
17/03/2026,11:34:23,240,APTelefonia,58:10:8C:91:F3:AA,-84,1,Coordenação de química
17/03/2026,11:34:23,240,IFPB-VISITANTE,84:F1:47:54:6B:82,-84,1,Coordenação de química
17/03/2026,11:34:23,240,Lab. de Sinais Digitais,18:D6:C7:F9:37:2F,-84,11,Coordenação de química
17/03/2026,11:34:23,240,EBEF98EB-HE8D94xvZh1AO1J,44:D2:44:DD:32:41,-85,11,Coordenação de química
17/03/2026,11:34:23,240,IFPB,84:F1:47:54:6B:80,-86,1,Coordenação de química
17/03/2026,11:34:23,240,UA2-MiniLab,60:32:B1:2D:66:C3,-87,10,Coordenação de química
17/03/2026,11:34:23,240,IFPB-VISITANTE,24:36:DA:2B:BC:02,-88,6,Coordenação de química
17/03/2026,11:34:23,240,IFPB,24:36:DA:2B:BC:00,-89,6,Coordenação de química
17/03/2026,11:34:23,240,A55 de Arquimedes,02:11:D2:64:5E:D9,-91,1,Coordenação de química
17/03/2026,11:34:23,240,IFPB-Sala_Professor_14,48:51:CF:81:B0:9E,-92,5,Coordenação de química
17/03/2026,11:34:23,240,GPDS,00:26:5A:66:55:EF,-93,6,Coordenação de química
17/03/2026,11:34:23,240,NUNYA_Room_2.4GHz,CC:32:E5:0C:FC:2B,-94,10,Coordenação de química
17/03/2026,11:34:23,240,INTELBRAS,D8:36:5F:54:70:40,-95,1,Coordenação de química
17/03/2026,11:34:23,240,IFPB-Sala_Professor_14,24:FD:0D:57:19:26,-95,2,Coordenação de química
17/03/2026,11:34:23,240,TP-Link_1324,7C:F1:7E:8D:13:22,-97,10,Coordenação de química