data,hora,num,ssid,bssid,rssi,canal,ambiente,areaCrip,codigo
18/11/2025,06:48:48,1,TP-Link_1324,7c:f1:7e:8d:13:22,-51,3,Lab. de medições em telecomunicações,Cow,1
18/11/2025,06:48:48,1,APTelefonia,58:10:8c:91:f3:aa,-56,1,Lab. de medições em telecomunicações,Cow,1
18/11/2025,06:48:48,1,Intelbras,18:0d:2c:7f:eb:ac,-67,7,Lab. de medições em telecomunicações,Cow,1
18/11/2025,06:48:48,1,IFPB,84:f1:47:54:96:e0,-70,1,Lab. de medições em telecomunicações,Cow,1
18/11/2025,06:48:48,1,IFPB-VISITANTE,84:f1:47:54:96:e2,-70,1,Lab. de medições em telecomunicações,Cow,1
18/11/2025,06:48:48,1,IFPB,e4:4e:2d:85:4c:60,-73,11,Lab. de medições em telecomunicações,Cow,1
18/11/2025,06:48:48,1,IFPB-VISITANTE,e4:4e:2d:85:4c:62,-73,11,Lab. de medições em telecomunicações,Cow,1
18/11/2025,06:48:48,1,Lab. de Sinais Digitais,18:d6:c7:f9:37:2f,-74,11,Lab. de medições em telecomunicações,Cow,1
18/11/2025,06:48:48,1,IFPB,24:36:da:2b:bc:00,-79,6,Lab. de medições em telecomunicações,Cow,1
18/11/2025,06:48:48,1,IFPB-VISITANTE,24:36:da:2b:bc:02,-79,6,Lab. de medições em telecomunicações,Cow,1
18/11/2025,06:48:48,1,IFPB-VISITANTE,84:f1:47:54:6b:82,-85,1,Lab. de medições em telecomunicações,Cow,1
18/11/2025,06:48:48,1,GPDS,00:26:5a:66:55:ef,-85,6,Lab. de medições em telecomunicações,Cow,1
18/11/2025,06:48:48,1,IFPB TCC,d8:5d:4c:86:7e:66,-86,1,Lab. de medições em telecomunicações,Cow,1
18/11/2025,06:48:48,1,IFPB,84:f1:47:54:6b:80,-86,1,Lab. de medições em telecomunicações,Cow,1
18/11/2025,06:48:48,1,IFPB-VISITANTE,84:f1:47:54:f9:82,-86,6,Lab. de medições em telecomunicações,Cow,1
18/11/2025,06:48:48,1,IFPB,84:f1:47:54:8b:a0,-88,11,Lab. de medições em telecomunicações,Cow,1
18/11/2025,06:48:48,1,LIMPEZA,54:e6:fc:cf:22:de,-89,6,Lab. de medições em telecomunicações,Cow,1
18/11/2025,06:48:48,1,IFPB-VISITANTE,84:f1:47:54:8b:a2,-89,11,Lab. de medições em telecomunicações,Cow,1
18/11/2025,06:48:48,1,NPEF/NEPA,50:c7:bf:ef:56:8a,-90,1,Lab. de medições em telecomunicações,Cow,1
18/11/2025,06:48:48,1,UA2-MiniLab,60:32:b1:2d:66:c3,-90,10,Lab. de medições em telecomunicações,Cow,1
18/11/2025,06:48:48,1,NUNYA_Room_2.4GHz,cc:32:e5:0c:fc:2b,-92,10,Lab. de medições em telecomunicações,Cow,1
18/11/2025,06:48:48,1,IFPB-Sala_Professor_14,48:51:cf:81:b0:9e,-93,2,Lab. de medições em telecomunicações,Cow,1
18/11/2025,06:48:57,2,TP-Link_1324,7c:f1:7e:8d:13:22,-57,3,Lab. de medições em telecomunicações,Cow,1
18/11/2025,06:48:57,2,APTelefonia,58:10:8c:91:f3:aa,-58,1,Lab. de medições em telecomunicações,Cow,1
18/11/2025,06:48:57,2,IFPB,84:f1:47:54:96:e0,-71,1,Lab. de medições em telecomunicações,Cow,1
18/11/2025,06:48:57,2,IFPB-VISITANTE,84:f1:47:54:96:e2,-71,1,Lab. de medições em telecomunicações,Cow,1
18/11/2025,06:48:57,2,Intelbras,18:0d:2c:7f:eb:ac,-71,7,Lab. de medições em telecomunicações,Cow,1
18/11/2025,06:48:57,2,IFPB,e4:4e:2d:85:4c:60,-74,11,Lab. de medições em telecomunicações,Cow,1
18/11/2025,06:48:57,2,IFPB-VISITANTE,e4:4e:2d:85:4c:62,-74,11,Lab. de medições em telecomunicações,Cow,1
18/11/2025,06:48:57,2,IFPB,24:36:da:2b:bc:00,-80,6,Lab. de medições em telecomunicações,Cow,1
18/11/2025,06:48:57,2,IFPB-VISITANTE,24:36:da:2b:bc:02,-80,6,Lab. de medições em telecomunicações,Cow,1
18/11/2025,06:48:57,2,Lab. de Sinais Digitais,18:d6:c7:f9:37:2f,-81,11,Lab. de medições em telecomunicações,Cow,1
18/11/2025,06:48:57,2,IFPB TCC,d8:5d:4c:86:7e:66,-85,1,Lab. de medições em telecomunicações,Cow,1
18/11/2025,06:48:57,2,UA2-MiniLab,60:32:b1:2d:66:c3,-87,10,Lab. de medições em telecomunicações,Cow,1
18/11/2025,06:48:57,2,GPDS,00:26:5a:66:55:ef,-88,6,Lab. de medições em telecomunicações,Cow,1
18/11/2025,06:48:57,2,IFPB-VISITANTE,84:f1:47:54:f9:82,-89,6,Lab. de medições em telecomunicações,Cow,1
18/11/2025,06:48:57,2,IFPB-VISITANTE,84:f1:47:54:8b:a2,-91,11,Lab. de medições em telecomunicações,Cow,1
18/11/2025,06:48:57,2,IFPB,84:f1:47:54:8b:a0,-91,11,Lab. de medições em telecomunicações,Cow,1
18/11/2025,06:48:57,2,LIMPEZA,54:e6:fc:cf:22:de,-92,6,Lab. de medições em telecomunicações,Cow,1
18/11/2025,06:48:57,2,NPEF/NEPA,50:c7:bf:ef:56:8a,-93,1,Lab. de medições em telecomunicações,Cow,1
18/11/2025,06:49:06,3,APTelefonia,58:10:8c:91:f3:aa,-56,1,Lab. de medições em telecomunicações,Cow,1
18/11/2025,06:49:06,3,TP-Link_1324,7c:f1:7e:8d:13:22,-59,3,Lab. de medições em telecomunicações,Cow,1
18/11/2025,06:49:06,3,IFPB,84:f1:47:54:96:e0,-72,1,Lab. de medições em telecomunicações,Cow,1
18/11/2025,06:49:06,3,IFPB-VISITANTE,84:f1:47:54:96:e2,-72,1,Lab. de medições em telecomunicações,Cow,1
18/11/2025,06:49:06,3,Lab. de Sinais Digitais,18:d6:c7:f9:37:2f,-74,11,Lab. de medições em telecomunicações,Cow,1
18/11/2025,06:49:06,3,Intelbras,18:0d:2c:7f:eb:ac,-75,7,Lab. de medições em telecomunicações,Cow,1
18/11/2025,06:49:06,3,IFPB,e4:4e:2d:85:4c:60,-75,11,Lab. de medições em telecomunicações,Cow,1
18/11/2025,06:49:06,3,IFPB-VISITANTE,e4:4e:2d:85:4c:62,-75,11,Lab. de medições em telecomunicações,Cow,1
18/11/2025,06:49:06,3,IFPB,24:36:da:2b:bc:00,-77,6,Lab. de medições em telecomunicações,Cow,1
18/11/2025,06:49:06,3,IFPB-VISITANTE,24:36:da:2b:bc:02,-77,6,Lab. de medições em telecomunicações,Cow,1
18/11/2025,06:49:06,3,IFPB TCC,d8:5d:4c:86:7e:66,-87,1,Lab. de medições em telecomunicações,Cow,1
18/11/2025,06:49:06,3,GPDS,00:26:5a:66:55:ef,-87,6,Lab. de medições em telecomunicações,Cow,1
18/11/2025,06:49:06,3,LIMPEZA,54:e6:fc:cf:22:de,-89,6,Lab. de medições em telecomunicações,Cow,1
18/11/2025,06:49:06,3,UA2-MiniLab,60:32:b1:2d:66:c3,-90,10,Lab. de medições em telecomunicações,Cow,1
18/11/2025,06:49:06,3,IFPB-VISITANTE,84:f1:47:54:8b:a2,-90,11,Lab. de medições em telecomunicações,Cow,1
18/11/2025,06:49:06,3,IFPB,84:f1:47:54:8b:a0,-91,11,Lab. de medições em telecomunicações,Cow,1
18/11/2025,06:49:15,4,TP-Link_1324,7c:f1:7e:8d:13:22,-57,3,Lab. de medições em telecomunicações,Cow,1
18/11/2025,06:49:15,4,APTelefonia,58:10:8c:91:f3:aa,-58,1,Lab. de medições em telecomunicações,Cow,1
18/11/2025,06:49:15,4,Asterisk Server,18:0d:2c:7f:f5:9c,-65,11,Lab. de medições em telecomunicações,Cow,1
18/11/2025,06:49:15,4,Intelbras,18:0d:2c:7f:eb:ac,-73,7,Lab. de medições em telecomunicações,Cow,1
18/11/2025,06:49:15,4,Lab. de Sinais Digitais,18:d6:c7:f9:37:2f,-74,11,Lab. de medições em telecomunicações,Cow,1
18/11/2025,06:49:15,4,IFPB,84:f1:47:54:96:e0,-77,1,Lab. de medições em telecomunicações,Cow,1
18/11/2025,06:49:15,4,IFPB-VISITANTE,84:f1:47:54:96:e2,-77,1,Lab. de medições em telecomunicações,Cow,1
18/11/2025,06:49:15,4,IFPB,24:36:da:2b:bc:00,-77,6,Lab. de medições em telecomunicações,Cow,1
18/11/2025,06:49:15,4,IFPB-VISITANTE,24:36:da:2b:bc:02,-77,6,Lab. de medições em telecomunicações,Cow,1
18/11/2025,06:49:15,4,IFPB,e4:4e:2d:85:4c:60,-80,11,Lab. de medições em telecomunicações,Cow,1
18/11/2025,06:49:15,4,IFPB-VISITANTE,e4:4e:2d:85:4c:62,-80,11,Lab. de medições em telecomunicações,Cow,1
18/11/2025,06:49:15,4,IFPB-Sala_Professor_14,24:fd:0d:57:19:26,-85,2,Lab. de medições em telecomunicações,Cow,1
18/11/2025,06:49:15,4,UA2-MiniLab,60:32:b1:2d:66:c3,-86,10,Lab. de medições em telecomunicações,Cow,1
18/11/2025,06:49:15,4,IFPB TCC,d8:5d:4c:86:7e:66,-87,1,Lab. de medições em telecomunicações,Cow,1
18/11/2025,06:49:15,4,GPDS,00:26:5a:66:55:ef,-88,6,Lab. de medições em telecomunicações,Cow,1
18/11/2025,06:49:15,4,LIMPEZA,54:e6:fc:cf:22:de,-96,6,Lab. de medições em telecomunicações,Cow,1
18/11/2025,06:49:24,5,TP-Link_1324,7c:f1:7e:8d:13:22,-51,3,Lab. de medições em telecomunicações,Cow,1
18/11/2025,06:49:24,5,APTelefonia,58:10:8c:91:f3:aa,-58,1,Lab. de medições em telecomunicações,Cow,1
18/11/2025,06:49:24,5,Asterisk Server,18:0d:2c:7f:f5:9c,-63,11,Lab. de medições em telecomunicações,Cow,1
18/11/2025,06:49:24,5,IFPB,84:f1:47:54:96:e0,-76,1,Lab. de medições em telecomunicações,Cow,1
18/11/2025,06:49:24,5,IFPB-VISITANTE,84:f1:47:54:96:e2,-76,1,Lab. de medições em telecomunicações,Cow,1
18/11/2025,06:49:24,5,IFPB,e4:4e:2d:85:4c:60,-76,11,Lab. de medições em telecomunicações,Cow,1
18/11/2025,06:49:24,5,IFPB-VISITANTE,e4:4e:2d:85:4c:62,-76,11,Lab. de medições em telecomunicações,Cow,1
18/11/2025,06:49:24,5,Lab. de Sinais Digitais,18:d6:c7:f9:37:2f,-77,11,Lab. de medições em telecomunicações,Cow,1
18/11/2025,06:49:24,5,IFPB-VISITANTE,24:36:da:2b:bc:02,-78,6,Lab. de medições em telecomunicações,Cow,1
18/11/2025,06:49:24,5,Intelbras,18:0d:2c:7f:eb:ac,-78,7,Lab. de medições em telecomunicações,Cow,1
18/11/2025,06:49:24,5,IFPB,24:36:da:2b:bc:00,-79,6,Lab. de medições em telecomunicações,Cow,1
18/11/2025,06:49:24,5,IFPB-Sala_Professor_14,24:fd:0d:57:19:26,-84,2,Lab. de medições em telecomunicações,Cow,1
18/11/2025,06:49:24,5,GPDS,00:26:5a:66:55:ef,-87,6,Lab. de medições em telecomunicações,Cow,1
18/11/2025,06:49:24,5,IFPB-VISITANTE,84:f1:47:54:6b:82,-89,1,Lab. de medições em telecomunicações,Cow,1
18/11/2025,06:49:24,5,IFPB,84:f1:47:54:6b:80,-90,1,Lab. de medições em telecomunicações,Cow,1
18/11/2025,06:49:24,5,IFPB TCC,d8:5d:4c:86:7e:66,-91,1,Lab. de medições em telecomunicações,Cow,1
18/11/2025,06:49:24,5,LIMPEZA,54:e6:fc:cf:22:de,-91,6,Lab. de medições em telecomunicações,Cow,1
18/11/2025,06:49:24,5,UA2-MiniLab,60:32:b1:2d:66:c3,-91,10,Lab. de medições em telecomunicações,Cow,1
18/11/2025,06:49:24,5,NPEF/NEPA,50:c7:bf:ef:56:8a,-94,1,Lab. de medições em telecomunicações,Cow,1
18/11/2025,06:49:59,6,TP-Link_1324,7c:f1:7e:8d:13:22,-49,3,Lab. de aferição e calibração,Chicken,2
18/11/2025,06:49:59,6,APTelefonia,58:10:8c:91:f3:aa,-56,1,Lab. de aferição e calibração,Chicken,2
18/11/2025,06:49:59,6,IFPB,84:f1:47:54:96:e0,-56,1,Lab. de aferição e calibração,Chicken,2
18/11/2025,06:49:59,6,IFPB-VISITANTE,84:f1:47:54:96:e2,-57,1,Lab. de aferição e calibração,Chicken,2
18/11/2025,06:49:59,6,Intelbras,18:0d:2c:7f:eb:ac,-66,7,Lab. de aferição e calibração,Chicken,2
18/11/2025,06:49:59,6,IFPB,24:36:da:2b:bc:00,-75,6,Lab. de aferição e calibração,Chicken,2
18/11/2025,06:49:59,6,IFPB-VISITANTE,24:36:da:2b:bc:02,-75,6,Lab. de aferição e calibração,Chicken,2
18/11/2025,06:49:59,6,IFPB,84:f1:47:54:6b:80,-79,1,Lab. de aferição e calibração,Chicken,2
18/11/2025,06:49:59,6,IFPB-VISITANTE,84:f1:47:54:6b:82,-79,1,Lab. de aferição e calibração,Chicken,2
18/11/2025,06:49:59,6,Lab. de Sinais Digitais,18:d6:c7:f9:37:2f,-80,11,Lab. de aferição e calibração,Chicken,2
18/11/2025,06:49:59,6,IFPB,e4:4e:2d:85:4c:60,-80,11,Lab. de aferição e calibração,Chicken,2
18/11/2025,06:49:59,6,IFPB-VISITANTE,e4:4e:2d:85:4c:62,-80,11,Lab. de aferição e calibração,Chicken,2
18/11/2025,06:49:59,6,IFPB-VISITANTE,84:f1:47:54:8b:a2,-87,11,Lab. de aferição e calibração,Chicken,2
18/11/2025,06:49:59,6,TP-Link_C3CB,d8:0d:17:3e:c3:cb,-88,4,Lab. de aferição e calibração,Chicken,2
18/11/2025,06:49:59,6,IFPB,84:f1:47:54:f9:80,-88,6,Lab. de aferição e calibração,Chicken,2
18/11/2025,06:49:59,6,GPDS,00:26:5a:66:55:ef,-88,6,Lab. de aferição e calibração,Chicken,2
18/11/2025,06:49:59,6,IFPB,84:f1:47:54:8b:a0,-88,11,Lab. de aferição e calibração,Chicken,2
18/11/2025,06:49:59,6,IFPB-Sala_Professor_14,48:51:cf:81:b0:9e,-89,2,Lab. de aferição e calibração,Chicken,2
18/11/2025,06:49:59,6,IFPB-VISITANTE,84:f1:47:54:f9:82,-89,6,Lab. de aferição e calibração,Chicken,2
18/11/2025,06:49:59,6,IFPB TCC,d8:5d:4c:86:7e:66,-91,1,Lab. de aferição e calibração,Chicken,2
18/11/2025,06:49:59,6,UA2-MiniLab,60:32:b1:2d:66:c3,-92,10,Lab. de aferição e calibração,Chicken,2
18/11/2025,06:49:59,6,NPEF/NEPA,50:c7:bf:ef:56:8a,-95,1,Lab. de aferição e calibração,Chicken,2
18/11/2025,06:49:59,6,IFPB-Sala_13,e8:94:f6:b9:2f:46,-95,10,Lab. de aferição e calibração,Chicken,2
18/11/2025,06:50:08,7,TP-Link_1324,7c:f1:7e:8d:13:22,-53,3,Lab. de aferição e calibração,Chicken,2
18/11/2025,06:50:08,7,IFPB,84:f1:47:54:96:e0,-58,1,Lab. de aferição e calibração,Chicken,2
18/11/2025,06:50:08,7,IFPB-VISITANTE,84:f1:47:54:96:e2,-58,1,Lab. de aferição e calibração,Chicken,2
18/11/2025,06:50:08,7,APTelefonia,58:10:8c:91:f3:aa,-61,1,Lab. de aferição e calibração,Chicken,2
18/11/2025,06:50:08,7,Intelbras,18:0d:2c:7f:eb:ac,-64,7,Lab. de aferição e calibração,Chicken,2
18/11/2025,06:50:08,7,IFPB,24:36:da:2b:bc:00,-73,6,Lab. de aferição e calibração,Chicken,2
18/11/2025,06:50:08,7,IFPB-VISITANTE,24:36:da:2b:bc:02,-73,6,Lab. de aferição e calibração,Chicken,2
18/11/2025,06:50:08,7,Lab. de Sinais Digitais,18:d6:c7:f9:37:2f,-74,11,Lab. de aferição e calibração,Chicken,2
18/11/2025,06:50:08,7,IFPB,84:f1:47:54:6b:80,-77,1,Lab. de aferição e calibração,Chicken,2
18/11/2025,06:50:08,7,IFPB-VISITANTE,84:f1:47:54:6b:82,-77,1,Lab. de aferição e calibração,Chicken,2
18/11/2025,06:50:08,7,TP-Link_C3CB,d8:0d:17:3e:c3:cb,-82,4,Lab. de aferição e calibração,Chicken,2
18/11/2025,06:50:08,7,IFPB,e4:4e:2d:85:4c:60,-82,11,Lab. de aferição e calibração,Chicken,2
18/11/2025,06:50:08,7,IFPB-VISITANTE,e4:4e:2d:85:4c:62,-83,11,Lab. de aferição e calibração,Chicken,2
18/11/2025,06:50:08,7,GPDS,00:26:5a:66:55:ef,-84,6,Lab. de aferição e calibração,Chicken,2
18/11/2025,06:50:08,7,IFPB,84:f1:47:54:8b:a0,-85,11,Lab. de aferição e calibração,Chicken,2
18/11/2025,06:50:08,7,IFPB,84:f1:47:54:f9:80,-86,6,Lab. de aferição e calibração,Chicken,2
18/11/2025,06:50:08,7,IFPB-VISITANTE,84:f1:47:54:f9:82,-87,6,Lab. de aferição e calibração,Chicken,2
18/11/2025,06:50:08,7,IFPB-VISITANTE,84:f1:47:54:8b:a2,-87,11,Lab. de aferição e calibração,Chicken,2
18/11/2025,06:50:08,7,IFPB-Sala_Professor_14,48:51:cf:81:b0:9e,-90,2,Lab. de aferição e calibração,Chicken,2
18/11/2025,06:50:08,7,UA2-MiniLab,60:32:b1:2d:66:c3,-94,10,Lab. de aferição e calibração,Chicken,2
18/11/2025,06:50:08,7,IFPB-Sala_13,e8:94:f6:b9:2f:46,-95,10,Lab. de aferição e calibração,Chicken,2
18/11/2025,06:50:08,7,NUNYA_Room_2.4GHz,cc:32:e5:0c:fc:2b,-96,10,Lab. de aferição e calibração,Chicken,2
18/11/2025,06:50:17,8,TP-Link_1324,7c:f1:7e:8d:13:22,-55,3,Lab. de aferição e calibração,Chicken,2
18/11/2025,06:50:17,8,IFPB,84:f1:47:54:96:e0,-57,1,Lab. de aferição e calibração,Chicken,2
18/11/2025,06:50:17,8,IFPB-VISITANTE,84:f1:47:54:96:e2,-57,1,Lab. de aferição e calibração,Chicken,2
18/11/2025,06:50:17,8,APTelefonia,58:10:8c:91:f3:aa,-59,1,Lab. de aferição e calibração,Chicken,2
18/11/2025,06:50:17,8,Intelbras,18:0d:2c:7f:eb:ac,-66,7,Lab. de aferição e calibração,Chicken,2
18/11/2025,06:50:17,8,IFPB-VISITANTE,24:36:da:2b:bc:02,-70,6,Lab. de aferição e calibração,Chicken,2
18/11/2025,06:50:17,8,IFPB,24:36:da:2b:bc:00,-71,6,Lab. de aferição e calibração,Chicken,2
18/11/2025,06:50:17,8,Lab. de Sinais Digitais,18:d6:c7:f9:37:2f,-73,11,Lab. de aferição e calibração,Chicken,2
18/11/2025,06:50:17,8,IFPB,84:f1:47:54:6b:80,-79,1,Lab. de aferição e calibração,Chicken,2
18/11/2025,06:50:17,8,IFPB-VISITANTE,84:f1:47:54:6b:82,-79,1,Lab. de aferição e calibração,Chicken,2
18/11/2025,06:50:17,8,IFPB-VISITANTE,e4:4e:2d:85:4c:62,-80,11,Lab. de aferição e calibração,Chicken,2
18/11/2025,06:50:17,8,IFPB,e4:4e:2d:85:4c:60,-80,11,Lab. de aferição e calibração,Chicken,2
18/11/2025,06:50:17,8,TP-Link_C3CB,d8:0d:17:3e:c3:cb,-83,4,Lab. de aferição e calibração,Chicken,2
18/11/2025,06:50:17,8,IFPB,84:f1:47:54:f9:80,-84,6,Lab. de aferição e calibração,Chicken,2
18/11/2025,06:50:17,8,IFPB-Sala_Professor_14,48:51:cf:81:b0:9e,-85,2,Lab. de aferição e calibração,Chicken,2
18/11/2025,06:50:17,8,GPDS,00:26:5a:66:55:ef,-85,6,Lab. de aferição e calibração,Chicken,2
18/11/2025,06:50:17,8,IFPB-VISITANTE,84:f1:47:54:f9:82,-85,6,Lab. de aferição e calibração,Chicken,2
18/11/2025,06:50:17,8,IFPB-VISITANTE,84:f1:47:54:8b:a2,-85,11,Lab. de aferição e calibração,Chicken,2
18/11/2025,06:50:17,8,IFPB,84:f1:47:54:8b:a0,-86,11,Lab. de aferição e calibração,Chicken,2
18/11/2025,06:50:17,8,NPEF/NEPA,50:c7:bf:ef:56:8a,-87,1,Lab. de aferição e calibração,Chicken,2
18/11/2025,06:50:17,8,UA2-MiniLab,60:32:b1:2d:66:c3,-91,10,Lab. de aferição e calibração,Chicken,2
18/11/2025,06:50:17,8,IFPB-Sala_13,e8:94:f6:b9:2f:46,-92,10,Lab. de aferição e calibração,Chicken,2
18/11/2025,06:50:17,8,IFPB TCC,d8:5d:4c:86:7e:66,-93,1,Lab. de aferição e calibração,Chicken,2
18/11/2025,06:50:26,9,TP-Link_1324,7c:f1:7e:8d:13:22,-57,3,Lab. de aferição e calibração,Chicken,2
18/11/2025,06:50:26,9,IFPB,84:f1:47:54:96:e0,-58,1,Lab. de aferição e calibração,Chicken,2
18/11/2025,06:50:26,9,APTelefonia,58:10:8c:91:f3:aa,-59,1,Lab. de aferição e calibração,Chicken,2
18/11/2025,06:50:26,9,IFPB-VISITANTE,84:f1:47:54:96:e2,-59,1,Lab. de aferição e calibração,Chicken,2
18/11/2025,06:50:26,9,Asterisk Server,18:0d:2c:7f:f5:9c,-65,10,Lab. de aferição e calibração,Chicken,2
18/11/2025,06:50:26,9,Intelbras,18:0d:2c:7f:eb:ac,-68,7,Lab. de aferição e calibração,Chicken,2
18/11/2025,06:50:26,9,IFPB,24:36:da:2b:bc:00,-71,6,Lab. de aferição e calibração,Chicken,2
18/11/2025,06:50:26,9,IFPB-VISITANTE,24:36:da:2b:bc:02,-72,6,Lab. de aferição e calibração,Chicken,2
18/11/2025,06:50:26,9,Lab. de Sinais Digitais,18:d6:c7:f9:37:2f,-74,11,Lab. de aferição e calibração,Chicken,2
18/11/2025,06:50:26,9,IFPB,84:f1:47:54:6b:80,-80,1,Lab. de aferição e calibração,Chicken,2
18/11/2025,06:50:26,9,IFPB-VISITANTE,84:f1:47:54:6b:82,-80,1,Lab. de aferição e calibração,Chicken,2
18/11/2025,06:50:26,9,IFPB-Sala_Professor_14,24:fd:0d:57:19:26,-81,2,Lab. de aferição e calibração,Chicken,2
18/11/2025,06:50:26,9,IFPB-VISITANTE,e4:4e:2d:85:4c:62,-82,11,Lab. de aferição e calibração,Chicken,2
18/11/2025,06:50:26,9,IFPB,e4:4e:2d:85:4c:60,-83,11,Lab. de aferição e calibração,Chicken,2
18/11/2025,06:50:26,9,TP-Link_C3CB,d8:0d:17:3e:c3:cb,-85,4,Lab. de aferição e calibração,Chicken,2
18/11/2025,06:50:26,9,GPDS,00:26:5a:66:55:ef,-86,6,Lab. de aferição e calibração,Chicken,2
18/11/2025,06:50:26,9,IFPB,84:f1:47:54:8b:a0,-86,11,Lab. de aferição e calibração,Chicken,2
18/11/2025,06:50:26,9,IFPB-Sala_Professor_14,48:51:cf:81:b0:9e,-87,2,Lab. de aferição e calibração,Chicken,2
18/11/2025,06:50:26,9,IFPB,84:f1:47:54:f9:80,-87,6,Lab. de aferição e calibração,Chicken,2
18/11/2025,06:50:26,9,IFPB-VISITANTE,84:f1:47:54:f9:82,-87,6,Lab. de aferição e calibração,Chicken,2
18/11/2025,06:50:26,9,IFPB-VISITANTE,84:f1:47:54:8b:a2,-87,11,Lab. de aferição e calibração,Chicken,2
18/11/2025,06:50:26,9,NPEF/NEPA,50:c7:bf:ef:56:8a,-89,1,Lab. de aferição e calibração,Chicken,2
18/11/2025,06:50:26,9,UA2-MiniLab,60:32:b1:2d:66:c3,-91,10,Lab. de aferição e calibração,Chicken,2
18/11/2025,06:50:26,9,IFPB-Sala_13,e8:94:f6:b9:2f:46,-94,10,Lab. de aferição e calibração,Chicken,2
18/11/2025,06:50:26,9,IFPB TCC,d8:5d:4c:86:7e:66,-95,1,Lab. de aferição e calibração,Chicken,2
18/11/2025,06:50:35,10,TP-Link_1324,7c:f1:7e:8d:13:22,-54,3,Lab. de aferição e calibração,Chicken,2
18/11/2025,06:50:35,10,IFPB,84:f1:47:54:96:e0,-59,1,Lab. de aferição e calibração,Chicken,2
18/11/2025,06:50:35,10,IFPB-VISITANTE,84:f1:47:54:96:e2,-59,1,Lab. de aferição e calibração,Chicken,2
18/11/2025,06:50:35,10,APTelefonia,58:10:8c:91:f3:aa,-60,1,Lab. de aferição e calibração,Chicken,2
18/11/2025,06:50:35,10,Asterisk Server,18:0d:2c:7f:f5:9c,-69,10,Lab. de aferição e calibração,Chicken,2
18/11/2025,06:50:35,10,Intelbras,18:0d:2c:7f:eb:ac,-74,7,Lab. de aferição e calibração,Chicken,2
18/11/2025,06:50:35,10,IFPB-VISITANTE,24:36:da:2b:bc:02,-78,6,Lab. de aferição e calibração,Chicken,2
18/11/2025,06:50:35,10,IFPB,24:36:da:2b:bc:00,-79,6,Lab. de aferição e calibração,Chicken,2
18/11/2025,06:50:35,10,Lab. de Sinais Digitais,18:d6:c7:f9:37:2f,-82,11,Lab. de aferição e calibração,Chicken,2
18/11/2025,06:50:35,10,IFPB,e4:4e:2d:85:4c:60,-82,11,Lab. de aferição e calibração,Chicken,2
18/11/2025,06:50:35,10,IFPB-VISITANTE,e4:4e:2d:85:4c:62,-83,11,Lab. de aferição e calibração,Chicken,2
18/11/2025,06:50:35,10,TP-Link_C3CB,d8:0d:17:3e:c3:cb,-89,4,Lab. de aferição e calibração,Chicken,2
18/11/2025,06:50:35,10,GPDS,00:26:5a:66:55:ef,-89,6,Lab. de aferição e calibração,Chicken,2
18/11/2025,06:50:35,10,IFPB-VISITANTE,84:f1:47:54:6b:82,-90,1,Lab. de aferição e calibração,Chicken,2
18/11/2025,06:50:35,10,IFPB,84:f1:47:54:6b:80,-90,1,Lab. de aferição e calibração,Chicken,2
18/11/2025,06:50:35,10,NPEF/NEPA,50:c7:bf:ef:56:8a,-92,1,Lab. de aferição e calibração,Chicken,2
18/11/2025,06:50:35,10,IFPB-Sala_Professor_14,48:51:cf:81:b0:9e,-92,2,Lab. de aferição e calibração,Chicken,2
18/11/2025,06:50:35,10,IFPB TCC,d8:5d:4c:86:7e:66,-93,1,Lab. de aferição e calibração,Chicken,2
18/11/2025,06:51:20,11,APTelefonia,58:10:8c:91:f3:aa,-61,1,Lab. de Instrumentação biomédica,Pig,3
18/11/2025,06:51:20,11,Lab. de Sinais Digitais,18:d6:c7:f9:37:2f,-64,11,Lab. de Instrumentação biomédica,Pig,3
18/11/2025,06:51:20,11,TP-Link_1324,7c:f1:7e:8d:13:22,-66,3,Lab. de Instrumentação biomédica,Pig,3
18/11/2025,06:51:20,11,GPDS,00:26:5a:66:55:ef,-71,6,Lab. de Instrumentação biomédica,Pig,3
18/11/2025,06:51:20,11,Intelbras,18:0d:2c:7f:eb:ac,-74,7,Lab. de Instrumentação biomédica,Pig,3
18/11/2025,06:51:20,11,IFPB,84:f1:47:54:96:e0,-77,1,Lab. de Instrumentação biomédica,Pig,3
18/11/2025,06:51:20,11,IFPB-VISITANTE,84:f1:47:54:96:e2,-77,1,Lab. de Instrumentação biomédica,Pig,3
18/11/2025,06:51:20,11,IFPB,e4:4e:2d:85:4c:60,-81,11,Lab. de Instrumentação biomédica,Pig,3
18/11/2025,06:51:20,11,UA2-MiniLab,60:32:b1:2d:66:c3,-82,10,Lab. de Instrumentação biomédica,Pig,3
18/11/2025,06:51:20,11,IFPB-VISITANTE,e4:4e:2d:85:4c:62,-82,11,Lab. de Instrumentação biomédica,Pig,3
18/11/2025,06:51:20,11,IFPB-VISITANTE,84:f1:47:54:8b:a2,-84,11,Lab. de Instrumentação biomédica,Pig,3
18/11/2025,06:51:20,11,IFPB,84:f1:47:54:8b:a0,-85,11,Lab. de Instrumentação biomédica,Pig,3
18/11/2025,06:51:20,11,NPEF/NEPA,50:c7:bf:ef:56:8a,-86,1,Lab. de Instrumentação biomédica,Pig,3
18/11/2025,06:51:20,11,IFPB-VISITANTE,84:f1:47:54:6b:82,-86,1,Lab. de Instrumentação biomédica,Pig,3
18/11/2025,06:51:20,11,IFPB,84:f1:47:54:6b:80,-86,1,Lab. de Instrumentação biomédica,Pig,3
18/11/2025,06:51:20,11,TP-Link_C3CB,d8:0d:17:3e:c3:cb,-87,4,Lab. de Instrumentação biomédica,Pig,3
18/11/2025,06:51:20,11,IFPB,84:f1:47:54:f9:80,-88,6,Lab. de Instrumentação biomédica,Pig,3
18/11/2025,06:51:20,11,IFPB-VISITANTE,84:f1:47:54:f9:82,-88,6,Lab. de Instrumentação biomédica,Pig,3
18/11/2025,06:51:20,11,IFPB-VISITANTE,24:36:da:2b:5e:c2,-88,11,Lab. de Instrumentação biomédica,Pig,3
18/11/2025,06:51:20,11,IFPB,24:36:da:2b:bc:00,-89,6,Lab. de Instrumentação biomédica,Pig,3
18/11/2025,06:51:20,11,IFPB-VISITANTE,24:36:da:2b:bc:02,-89,6,Lab. de Instrumentação biomédica,Pig,3
18/11/2025,06:51:20,11,IFPB,24:36:da:2b:5e:c0,-90,11,Lab. de Instrumentação biomédica,Pig,3
18/11/2025,06:51:20,11,IFPB-Sala_Professor_14,48:51:cf:81:b0:9e,-92,2,Lab. de Instrumentação biomédica,Pig,3
18/11/2025,06:51:20,11,IFPB TCC,d8:5d:4c:86:7e:66,-93,1,Lab. de Instrumentação biomédica,Pig,3
18/11/2025,06:51:20,11,NUNYA_Room_2.4GHz,cc:32:e5:0c:fc:2b,-95,10,Lab. de Instrumentação biomédica,Pig,3
18/11/2025,06:51:29,12,APTelefonia,58:10:8c:91:f3:aa,-62,1,Lab. de Instrumentação biomédica,Pig,3
18/11/2025,06:51:29,12,Lab. de Sinais Digitais,18:d6:c7:f9:37:2f,-63,11,Lab. de Instrumentação biomédica,Pig,3
18/11/2025,06:51:29,12,TP-Link_1324,7c:f1:7e:8d:13:22,-66,3,Lab. de Instrumentação biomédica,Pig,3
18/11/2025,06:51:29,12,Asterisk Server,18:0d:2c:7f:f5:9c,-68,10,Lab. de Instrumentação biomédica,Pig,3
18/11/2025,06:51:29,12,Intelbras,18:0d:2c:7f:eb:ac,-74,7,Lab. de Instrumentação biomédica,Pig,3
18/11/2025,06:51:29,12,IFPB,84:f1:47:54:96:e0,-76,1,Lab. de Instrumentação biomédica,Pig,3
18/11/2025,06:51:29,12,IFPB-VISITANTE,84:f1:47:54:96:e2,-76,1,Lab. de Instrumentação biomédica,Pig,3
18/11/2025,06:51:29,12,GPDS,00:26:5a:66:55:ef,-76,6,Lab. de Instrumentação biomédica,Pig,3
18/11/2025,06:51:29,12,IFPB,e4:4e:2d:85:4c:60,-81,11,Lab. de Instrumentação biomédica,Pig,3
18/11/2025,06:51:29,12,IFPB-VISITANTE,e4:4e:2d:85:4c:62,-81,11,Lab. de Instrumentação biomédica,Pig,3
18/11/2025,06:51:29,12,IFPB-VISITANTE,24:36:da:2b:bc:02,-82,6,Lab. de Instrumentação biomédica,Pig,3
18/11/2025,06:51:29,12,IFPB,24:36:da:2b:bc:00,-83,6,Lab. de Instrumentação biomédica,Pig,3
18/11/2025,06:51:29,12,TP-Link_C3CB,d8:0d:17:3e:c3:cb,-84,4,Lab. de Instrumentação biomédica,Pig,3
18/11/2025,06:51:29,12,UA2-MiniLab,60:32:b1:2d:66:c3,-84,10,Lab. de Instrumentação biomédica,Pig,3
18/11/2025,06:51:29,12,IFPB-VISITANTE,84:f1:47:54:8b:a2,-84,11,Lab. de Instrumentação biomédica,Pig,3
18/11/2025,06:51:29,12,IFPB-VISITANTE,84:f1:47:54:f9:82,-85,6,Lab. de Instrumentação biomédica,Pig,3
18/11/2025,06:51:29,12,IFPB,84:f1:47:54:8b:a0,-85,11,Lab. de Instrumentação biomédica,Pig,3
18/11/2025,06:51:29,12,IFPB-VISITANTE,84:f1:47:54:6b:82,-86,1,Lab. de Instrumentação biomédica,Pig,3
18/11/2025,06:51:29,12,IFPB,84:f1:47:54:f9:80,-86,6,Lab. de Instrumentação biomédica,Pig,3
18/11/2025,06:51:29,12,IFPB,84:f1:47:54:6b:80,-87,1,Lab. de Instrumentação biomédica,Pig,3
18/11/2025,06:51:29,12,NPEF/NEPA,50:c7:bf:ef:56:8a,-89,1,Lab. de Instrumentação biomédica,Pig,3
18/11/2025,06:51:29,12,IFPB,24:36:da:2b:5e:c0,-89,11,Lab. de Instrumentação biomédica,Pig,3
18/11/2025,06:51:29,12,IFPB-VISITANTE,24:36:da:2b:5e:c2,-89,11,Lab. de Instrumentação biomédica,Pig,3
18/11/2025,06:51:29,12,NUNYA_Room_2.4GHz,cc:32:e5:0c:fc:2b,-94,10,Lab. de Instrumentação biomédica,Pig,3
18/11/2025,06:51:38,13,APTelefonia,58:10:8c:91:f3:aa,-62,1,Lab. de Instrumentação biomédica,Pig,3
18/11/2025,06:51:38,13,Lab. de Sinais Digitais,18:d6:c7:f9:37:2f,-62,11,Lab. de Instrumentação biomédica,Pig,3
18/11/2025,06:51:38,13,TP-Link_1324,7c:f1:7e:8d:13:22,-66,3,Lab. de Instrumentação biomédica,Pig,3
18/11/2025,06:51:38,13,Asterisk Server,18:0d:2c:7f:f5:9c,-71,10,Lab. de Instrumentação biomédica,Pig,3
18/11/2025,06:51:38,13,GPDS,00:26:5a:66:55:ef,-74,6,Lab. de Instrumentação biomédica,Pig,3
18/11/2025,06:51:38,13,IFPB-VISITANTE,84:f1:47:54:96:e2,-75,1,Lab. de Instrumentação biomédica,Pig,3
18/11/2025,06:51:38,13,IFPB,84:f1:47:54:96:e0,-76,1,Lab. de Instrumentação biomédica,Pig,3
18/11/2025,06:51:38,13,Intelbras,18:0d:2c:7f:eb:ac,-76,7,Lab. de Instrumentação biomédica,Pig,3
18/11/2025,06:51:38,13,UA2-MiniLab,60:32:b1:2d:66:c3,-81,10,Lab. de Instrumentação biomédica,Pig,3
18/11/2025,06:51:38,13,IFPB,e4:4e:2d:85:4c:60,-81,11,Lab. de Instrumentação biomédica,Pig,3
18/11/2025,06:51:38,13,IFPB-VISITANTE,e4:4e:2d:85:4c:62,-81,11,Lab. de Instrumentação biomédica,Pig,3
18/11/2025,06:51:38,13,IFPB-VISITANTE,24:36:da:2b:bc:02,-84,6,Lab. de Instrumentação biomédica,Pig,3
18/11/2025,06:51:38,13,IFPB,84:f1:47:54:8b:a0,-84,11,Lab. de Instrumentação biomédica,Pig,3
18/11/2025,06:51:38,13,NPEF/NEPA,50:c7:bf:ef:56:8a,-85,1,Lab. de Instrumentação biomédica,Pig,3
18/11/2025,06:51:38,13,IFPB,24:36:da:2b:bc:00,-85,6,Lab. de Instrumentação biomédica,Pig,3
18/11/2025,06:51:38,13,IFPB-VISITANTE,84:f1:47:54:8b:a2,-85,11,Lab. de Instrumentação biomédica,Pig,3
18/11/2025,06:51:38,13,TP-Link_C3CB,d8:0d:17:3e:c3:cb,-87,4,Lab. de Instrumentação biomédica,Pig,3
18/11/2025,06:51:38,13,IFPB,84:f1:47:54:f9:80,-87,6,Lab. de Instrumentação biomédica,Pig,3
18/11/2025,06:51:38,13,IFPB-VISITANTE,84:f1:47:54:f9:82,-87,6,Lab. de Instrumentação biomédica,Pig,3
18/11/2025,06:51:38,13,IFPB,84:f1:47:54:6b:80,-88,1,Lab. de Instrumentação biomédica,Pig,3
18/11/2025,06:51:38,13,IFPB-VISITANTE,84:f1:47:54:6b:82,-88,1,Lab. de Instrumentação biomédica,Pig,3
18/11/2025,06:51:38,13,IFPB,24:36:da:2b:5e:c0,-90,11,Lab. de Instrumentação biomédica,Pig,3
18/11/2025,06:51:38,13,IFPB-VISITANTE,24:36:da:2b:5e:c2,-90,11,Lab. de Instrumentação biomédica,Pig,3
18/11/2025,06:51:38,13,IFPB TCC,d8:5d:4c:86:7e:66,-94,1,Lab. de Instrumentação biomédica,Pig,3
18/11/2025,06:51:38,13,NUNYA_Room_2.4GHz,cc:32:e5:0c:fc:2b,-95,10,Lab. de Instrumentação biomédica,Pig,3
18/11/2025,06:51:47,14,APTelefonia,58:10:8c:91:f3:aa,-64,1,Lab. de Instrumentação biomédica,Pig,3
18/11/2025,06:51:47,14,Lab. de Sinais Digitais,18:d6:c7:f9:37:2f,-64,11,Lab. de Instrumentação biomédica,Pig,3
18/11/2025,06:51:47,14,TP-Link_1324,7c:f1:7e:8d:13:22,-66,3,Lab. de Instrumentação biomédica,Pig,3
18/11/2025,06:51:47,14,Intelbras,18:0d:2c:7f:eb:ac,-69,7,Lab. de Instrumentação biomédica,Pig,3
18/11/2025,06:51:47,14,IFPB,84:f1:47:54:96:e0,-77,1,Lab. de Instrumentação biomédica,Pig,3
18/11/2025,06:51:47,14,GPDS,00:26:5a:66:55:ef,-77,6,Lab. de Instrumentação biomédica,Pig,3
18/11/2025,06:51:47,14,IFPB-VISITANTE,84:f1:47:54:96:e2,-78,1,Lab. de Instrumentação biomédica,Pig,3
18/11/2025,06:51:47,14,NPEF/NEPA,50:c7:bf:ef:56:8a,-82,1,Lab. de Instrumentação biomédica,Pig,3
18/11/2025,06:51:47,14,UA2-MiniLab,60:32:b1:2d:66:c3,-82,10,Lab. de Instrumentação biomédica,Pig,3
18/11/2025,06:51:47,14,IFPB,e4:4e:2d:85:4c:60,-82,11,Lab. de Instrumentação biomédica,Pig,3
18/11/2025,06:51:47,14,IFPB-VISITANTE,e4:4e:2d:85:4c:62,-82,11,Lab. de Instrumentação biomédica,Pig,3
18/11/2025,06:51:47,14,IFPB,24:36:da:2b:bc:00,-83,6,Lab. de Instrumentação biomédica,Pig,3
18/11/2025,06:51:47,14,IFPB-VISITANTE,24:36:da:2b:bc:02,-84,6,Lab. de Instrumentação biomédica,Pig,3
18/11/2025,06:51:47,14,IFPB,84:f1:47:54:f9:80,-85,6,Lab. de Instrumentação biomédica,Pig,3
18/11/2025,06:51:47,14,IFPB-VISITANTE,84:f1:47:54:8b:a2,-85,11,Lab. de Instrumentação biomédica,Pig,3
18/11/2025,06:51:47,14,TP-Link_C3CB,d8:0d:17:3e:c3:cb,-86,4,Lab. de Instrumentação biomédica,Pig,3
18/11/2025,06:51:47,14,IFPB-VISITANTE,84:f1:47:54:f9:82,-86,6,Lab. de Instrumentação biomédica,Pig,3
18/11/2025,06:51:47,14,IFPB,84:f1:47:54:8b:a0,-86,11,Lab. de Instrumentação biomédica,Pig,3
18/11/2025,06:51:47,14,IFPB,84:f1:47:54:6b:80,-87,1,Lab. de Instrumentação biomédica,Pig,3
18/11/2025,06:51:47,14,IFPB-VISITANTE,84:f1:47:54:6b:82,-87,1,Lab. de Instrumentação biomédica,Pig,3
18/11/2025,06:51:47,14,IFPB,24:36:da:2b:5e:c0,-90,11,Lab. de Instrumentação biomédica,Pig,3
18/11/2025,06:51:47,14,IFPB-VISITANTE,24:36:da:2b:5e:c2,-90,11,Lab. de Instrumentação biomédica,Pig,3
18/11/2025,06:51:47,14,IFPB-Sala_13,e8:94:f6:b9:2f:46,-94,10,Lab. de Instrumentação biomédica,Pig,3
18/11/2025,06:51:56,15,APTelefonia,58:10:8c:91:f3:aa,-61,1,Lab. de Instrumentação biomédica,Pig,3
18/11/2025,06:51:56,15,Lab. de Sinais Digitais,18:d6:c7:f9:37:2f,-62,11,Lab. de Instrumentação biomédica,Pig,3
18/11/2025,06:51:56,15,TP-Link_1324,7c:f1:7e:8d:13:22,-66,3,Lab. de Instrumentação biomédica,Pig,3
18/11/2025,06:51:56,15,Intelbras,18:0d:2c:7f:eb:ac,-72,7,Lab. de Instrumentação biomédica,Pig,3
18/11/2025,06:51:56,15,IFPB,84:f1:47:54:96:e0,-75,1,Lab. de Instrumentação biomédica,Pig,3
18/11/2025,06:51:56,15,IFPB-VISITANTE,84:f1:47:54:96:e2,-75,1,Lab. de Instrumentação biomédica,Pig,3
18/11/2025,06:51:56,15,GPDS,00:26:5a:66:55:ef,-78,6,Lab. de Instrumentação biomédica,Pig,3
18/11/2025,06:51:56,15,IFPB,24:36:da:2b:bc:00,-82,6,Lab. de Instrumentação biomédica,Pig,3
18/11/2025,06:51:56,15,IFPB-VISITANTE,24:36:da:2b:bc:02,-82,6,Lab. de Instrumentação biomédica,Pig,3
18/11/2025,06:51:56,15,IFPB,e4:4e:2d:85:4c:60,-82,11,Lab. de Instrumentação biomédica,Pig,3
18/11/2025,06:51:56,15,IFPB-VISITANTE,e4:4e:2d:85:4c:62,-82,11,Lab. de Instrumentação biomédica,Pig,3
18/11/2025,06:51:56,15,IFPB-VISITANTE,84:f1:47:54:8b:a2,-83,11,Lab. de Instrumentação biomédica,Pig,3
18/11/2025,06:51:56,15,TP-Link_C3CB,d8:0d:17:3e:c3:cb,-84,4,Lab. de Instrumentação biomédica,Pig,3
18/11/2025,06:51:56,15,IFPB,84:f1:47:54:8b:a0,-84,11,Lab. de Instrumentação biomédica,Pig,3
18/11/2025,06:51:56,15,IFPB-VISITANTE,84:f1:47:54:6b:82,-85,1,Lab. de Instrumentação biomédica,Pig,3
18/11/2025,06:51:56,15,UA2-MiniLab,60:32:b1:2d:66:c3,-85,10,Lab. de Instrumentação biomédica,Pig,3
18/11/2025,06:51:56,15,IFPB,84:f1:47:54:6b:80,-86,1,Lab. de Instrumentação biomédica,Pig,3
18/11/2025,06:51:56,15,NPEF/NEPA,50:c7:bf:ef:56:8a,-87,1,Lab. de Instrumentação biomédica,Pig,3
18/11/2025,06:51:56,15,IFPB-Sala_Professor_14,24:fd:0d:57:19:26,-87,2,Lab. de Instrumentação biomédica,Pig,3
18/11/2025,06:51:56,15,IFPB-VISITANTE,84:f1:47:54:f9:82,-88,6,Lab. de Instrumentação biomédica,Pig,3
18/11/2025,06:51:56,15,IFPB,84:f1:47:54:f9:80,-88,6,Lab. de Instrumentação biomédica,Pig,3
18/11/2025,06:51:56,15,IFPB,24:36:da:2b:5e:c0,-89,11,Lab. de Instrumentação biomédica,Pig,3
18/11/2025,06:51:56,15,IFPB-VISITANTE,24:36:da:2b:5e:c2,-90,11,Lab. de Instrumentação biomédica,Pig,3
18/11/2025,06:51:56,15,NUNYA_Room_2.4GHz,cc:32:e5:0c:fc:2b,-96,10,Lab. de Instrumentação biomédica,Pig,3
18/11/2025,06:52:37,16,Lab. de Sinais Digitais,18:d6:c7:f9:37:2f,-61,11,Auditório de Eng. Elétrica,Horse,4
18/11/2025,06:52:37,16,APTelefonia,58:10:8c:91:f3:aa,-69,1,Auditório de Eng. Elétrica,Horse,4
18/11/2025,06:52:37,16,GPDS,00:26:5a:66:55:ef,-70,6,Auditório de Eng. Elétrica,Horse,4
18/11/2025,06:52:37,16,NPEF/NEPA,50:c7:bf:ef:56:8a,-71,1,Auditório de Eng. Elétrica,Horse,4
18/11/2025,06:52:37,16,IFPB-VISITANTE,84:f1:47:54:f9:82,-74,6,Auditório de Eng. Elétrica,Horse,4
18/11/2025,06:52:37,16,IFPB,84:f1:47:54:f9:80,-75,6,Auditório de Eng. Elétrica,Horse,4
18/11/2025,06:52:37,16,UA2-MiniLab,60:32:b1:2d:66:c3,-75,10,Auditório de Eng. Elétrica,Horse,4
18/11/2025,06:52:37,16,IFPB,84:f1:47:54:8b:a0,-75,11,Auditório de Eng. Elétrica,Horse,4
18/11/2025,06:52:37,16,IFPB-VISITANTE,84:f1:47:54:8b:a2,-75,11,Auditório de Eng. Elétrica,Horse,4
18/11/2025,06:52:37,16,TP-Link_1324,7c:f1:7e:8d:13:22,-76,3,Auditório de Eng. Elétrica,Horse,4
18/11/2025,06:52:37,16,Asterisk Server,18:0d:2c:7f:f5:9c,-77,6,Auditório de Eng. Elétrica,Horse,4
18/11/2025,06:52:37,16,IFPB-VISITANTE,84:f1:47:54:96:e2,-81,1,Auditório de Eng. Elétrica,Horse,4
18/11/2025,06:52:37,16,IFPB,84:f1:47:54:96:e0,-81,1,Auditório de Eng. Elétrica,Horse,4
18/11/2025,06:52:37,16,Intelbras,18:0d:2c:7f:eb:ac,-81,7,Auditório de Eng. Elétrica,Horse,4
18/11/2025,06:52:37,16,TP-Link_C3CB,d8:0d:17:3e:c3:cb,-85,4,Auditório de Eng. Elétrica,Horse,4
18/11/2025,06:52:37,16,IFPB,84:f1:47:54:6b:80,-86,1,Auditório de Eng. Elétrica,Horse,4
18/11/2025,06:52:37,16,IFPB-VISITANTE,84:f1:47:54:6b:82,-86,1,Auditório de Eng. Elétrica,Horse,4
18/11/2025,06:52:37,16,IFPB-VISITANTE,24:36:da:2b:bc:02,-87,6,Auditório de Eng. Elétrica,Horse,4
18/11/2025,06:52:37,16,IFPB-Sala_Professor_14,24:fd:0d:57:19:26,-88,2,Auditório de Eng. Elétrica,Horse,4
18/11/2025,06:52:37,16,IFPB,24:36:da:2b:5e:c0,-88,11,Auditório de Eng. Elétrica,Horse,4
18/11/2025,06:52:37,16,IFPB-VISITANTE,e4:4e:2d:85:4c:62,-88,11,Auditório de Eng. Elétrica,Horse,4
18/11/2025,06:52:37,16,NUNYA_Room_2.4GHz,cc:32:e5:0c:fc:2b,-89,10,Auditório de Eng. Elétrica,Horse,4
18/11/2025,06:52:37,16,IFPB-VISITANTE,24:36:da:2b:5e:c2,-89,11,Auditório de Eng. Elétrica,Horse,4
18/11/2025,06:52:37,16,IFPB,e4:4e:2d:85:4c:60,-89,11,Auditório de Eng. Elétrica,Horse,4
18/11/2025,06:52:46,17,Lab. de Sinais Digitais,18:d6:c7:f9:37:2f,-60,11,Auditório de Eng. Elétrica,Horse,4
18/11/2025,06:52:46,17,APTelefonia,58:10:8c:91:f3:aa,-71,1,Auditório de Eng. Elétrica,Horse,4
18/11/2025,06:52:46,17,TP-Link_1324,7c:f1:7e:8d:13:22,-72,3,Auditório de Eng. Elétrica,Horse,4
18/11/2025,06:52:46,17,NPEF/NEPA,50:c7:bf:ef:56:8a,-73,1,Auditório de Eng. Elétrica,Horse,4
18/11/2025,06:52:46,17,IFPB,84:f1:47:54:f9:80,-74,6,Auditório de Eng. Elétrica,Horse,4
18/11/2025,06:52:46,17,IFPB-VISITANTE,84:f1:47:54:f9:82,-74,6,Auditório de Eng. Elétrica,Horse,4
18/11/2025,06:52:46,17,GPDS,00:26:5a:66:55:ef,-74,6,Auditório de Eng. Elétrica,Horse,4
18/11/2025,06:52:46,17,IFPB,84:f1:47:54:8b:a0,-75,11,Auditório de Eng. Elétrica,Horse,4
18/11/2025,06:52:46,17,IFPB-VISITANTE,84:f1:47:54:8b:a2,-75,11,Auditório de Eng. Elétrica,Horse,4
18/11/2025,06:52:46,17,Asterisk Server,18:0d:2c:7f:f5:9c,-76,6,Auditório de Eng. Elétrica,Horse,4
18/11/2025,06:52:46,17,UA2-MiniLab,60:32:b1:2d:66:c3,-78,10,Auditório de Eng. Elétrica,Horse,4
18/11/2025,06:52:46,17,Intelbras,18:0d:2c:7f:eb:ac,-81,7,Auditório de Eng. Elétrica,Horse,4
18/11/2025,06:52:46,17,IFPB,84:f1:47:54:96:e0,-83,1,Auditório de Eng. Elétrica,Horse,4
18/11/2025,06:52:46,17,IFPB-VISITANTE,84:f1:47:54:96:e2,-83,1,Auditório de Eng. Elétrica,Horse,4
18/11/2025,06:52:46,17,IFPB-VISITANTE,24:36:da:2b:bc:02,-88,6,Auditório de Eng. Elétrica,Horse,4
18/11/2025,06:52:46,17,IFPB-VISITANTE,84:f1:47:54:6b:82,-89,1,Auditório de Eng. Elétrica,Horse,4
18/11/2025,06:52:46,17,IFPB,84:f1:47:54:6b:80,-89,1,Auditório de Eng. Elétrica,Horse,4
18/11/2025,06:52:46,17,IFPB-VISITANTE,e4:4e:2d:85:4c:62,-89,11,Auditório de Eng. Elétrica,Horse,4
18/11/2025,06:52:46,17,IFPB,e4:4e:2d:85:4c:60,-89,11,Auditório de Eng. Elétrica,Horse,4
18/11/2025,06:52:46,17,TP-Link_C3CB,d8:0d:17:3e:c3:cb,-90,4,Auditório de Eng. Elétrica,Horse,4
18/11/2025,06:52:46,17,IFPB,24:36:da:2b:5e:c0,-90,11,Auditório de Eng. Elétrica,Horse,4
18/11/2025,06:52:46,17,IFPB-Sala_Professor_14,24:fd:0d:57:19:26,-91,2,Auditório de Eng. Elétrica,Horse,4
18/11/2025,06:52:46,17,NUNYA_Room_2.4GHz,cc:32:e5:0c:fc:2b,-91,10,Auditório de Eng. Elétrica,Horse,4
18/11/2025,06:52:46,17,IFPB-VISITANTE,84:f1:47:54:eb:22,-92,1,Auditório de Eng. Elétrica,Horse,4
18/11/2025,06:52:46,17,IFPB-Sala_13,e8:94:f6:b9:2f:46,-94,10,Auditório de Eng. Elétrica,Horse,4
18/11/2025,06:52:55,18,Lab. de Sinais Digitais,18:d6:c7:f9:37:2f,-60,11,Auditório de Eng. Elétrica,Horse,4
18/11/2025,06:52:55,18,APTelefonia,58:10:8c:91:f3:aa,-68,1,Auditório de Eng. Elétrica,Horse,4
18/11/2025,06:52:55,18,TP-Link_1324,7c:f1:7e:8d:13:22,-69,3,Auditório de Eng. Elétrica,Horse,4
18/11/2025,06:52:55,18,GPDS,00:26:5a:66:55:ef,-70,6,Auditório de Eng. Elétrica,Horse,4
18/11/2025,06:52:55,18,IFPB-VISITANTE,84:f1:47:54:f9:82,-72,6,Auditório de Eng. Elétrica,Horse,4
18/11/2025,06:52:55,18,IFPB,84:f1:47:54:f9:80,-72,6,Auditório de Eng. Elétrica,Horse,4
18/11/2025,06:52:55,18,IFPB-VISITANTE,84:f1:47:54:8b:a2,-73,11,Auditório de Eng. Elétrica,Horse,4
18/11/2025,06:52:55,18,IFPB,84:f1:47:54:8b:a0,-73,11,Auditório de Eng. Elétrica,Horse,4
18/11/2025,06:52:55,18,UA2-MiniLab,60:32:b1:2d:66:c3,-75,10,Auditório de Eng. Elétrica,Horse,4
18/11/2025,06:52:55,18,NPEF/NEPA,50:c7:bf:ef:56:8a,-76,1,Auditório de Eng. Elétrica,Horse,4
18/11/2025,06:52:55,18,Intelbras,18:0d:2c:7f:eb:ac,-82,7,Auditório de Eng. Elétrica,Horse,4
18/11/2025,06:52:55,18,IFPB,84:f1:47:54:96:e0,-83,1,Auditório de Eng. Elétrica,Horse,4
18/11/2025,06:52:55,18,IFPB-VISITANTE,84:f1:47:54:96:e2,-83,1,Auditório de Eng. Elétrica,Horse,4
18/11/2025,06:52:55,18,IFPB-VISITANTE,84:f1:47:54:6b:82,-84,1,Auditório de Eng. Elétrica,Horse,4
18/11/2025,06:52:55,18,IFPB-Sala_Professor_14,24:fd:0d:57:19:26,-84,2,Auditório de Eng. Elétrica,Horse,4
18/11/2025,06:52:55,18,IFPB,84:f1:47:54:6b:80,-85,1,Auditório de Eng. Elétrica,Horse,4
18/11/2025,06:52:55,18,IFPB-Sala_Professor_14,48:51:cf:81:b0:9e,-85,2,Auditório de Eng. Elétrica,Horse,4
18/11/2025,06:52:55,18,IFPB-VISITANTE,24:36:da:2b:bc:02,-86,6,Auditório de Eng. Elétrica,Horse,4
18/11/2025,06:52:55,18,IFPB,e4:4e:2d:85:4c:60,-88,11,Auditório de Eng. Elétrica,Horse,4
18/11/2025,06:52:55,18,IFPB-VISITANTE,e4:4e:2d:85:4c:62,-88,11,Auditório de Eng. Elétrica,Horse,4
18/11/2025,06:52:55,18,IFPB-VISITANTE,24:36:da:2b:5e:c2,-88,11,Auditório de Eng. Elétrica,Horse,4
18/11/2025,06:52:55,18,IFPB,24:36:da:2b:5e:c0,-89,11,Auditório de Eng. Elétrica,Horse,4
18/11/2025,06:52:55,18,TP-Link_C3CB,d8:0d:17:3e:c3:cb,-91,4,Auditório de Eng. Elétrica,Horse,4
18/11/2025,06:52:55,18,NUNYA_Room_2.4GHz,cc:32:e5:0c:fc:2b,-91,10,Auditório de Eng. Elétrica,Horse,4
18/11/2025,06:52:55,18,IFPB-Sala_13,e8:94:f6:b9:2f:46,-95,10,Auditório de Eng. Elétrica,Horse,4
18/11/2025,06:53:04,19,Lab. de Sinais Digitais,18:d6:c7:f9:37:2f,-61,11,Auditório de Eng. Elétrica,Horse,4
18/11/2025,06:53:04,19,GPDS,00:26:5a:66:55:ef,-69,6,Auditório de Eng. Elétrica,Horse,4
18/11/2025,06:53:04,19,APTelefonia,58:10:8c:91:f3:aa,-71,1,Auditório de Eng. Elétrica,Horse,4
18/11/2025,06:53:04,19,IFPB,84:f1:47:54:f9:80,-72,6,Auditório de Eng. Elétrica,Horse,4
18/11/2025,06:53:04,19,TP-Link_1324,7c:f1:7e:8d:13:22,-73,3,Auditório de Eng. Elétrica,Horse,4
18/11/2025,06:53:04,19,IFPB-VISITANTE,84:f1:47:54:f9:82,-73,6,Auditório de Eng. Elétrica,Horse,4
18/11/2025,06:53:04,19,UA2-MiniLab,60:32:b1:2d:66:c3,-74,10,Auditório de Eng. Elétrica,Horse,4
18/11/2025,06:53:04,19,IFPB,84:f1:47:54:8b:a0,-74,11,Auditório de Eng. Elétrica,Horse,4
18/11/2025,06:53:04,19,IFPB-VISITANTE,84:f1:47:54:8b:a2,-74,11,Auditório de Eng. Elétrica,Horse,4
18/11/2025,06:53:04,19,NPEF/NEPA,50:c7:bf:ef:56:8a,-76,1,Auditório de Eng. Elétrica,Horse,4
18/11/2025,06:53:04,19,IFPB,84:f1:47:54:6b:80,-82,1,Auditório de Eng. Elétrica,Horse,4
18/11/2025,06:53:04,19,Intelbras,18:0d:2c:7f:eb:ac,-82,7,Auditório de Eng. Elétrica,Horse,4
18/11/2025,06:53:04,19,IFPB-VISITANTE,84:f1:47:54:6b:82,-83,1,Auditório de Eng. Elétrica,Horse,4
18/11/2025,06:53:04,19,IFPB-VISITANTE,84:f1:47:54:96:e2,-83,1,Auditório de Eng. Elétrica,Horse,4
18/11/2025,06:53:04,19,IFPB,84:f1:47:54:96:e0,-84,1,Auditório de Eng. Elétrica,Horse,4
18/11/2025,06:53:04,19,IFPB-Sala_Professor_14,24:fd:0d:57:19:26,-84,2,Auditório de Eng. Elétrica,Horse,4
18/11/2025,06:53:04,19,IFPB,24:36:da:2b:bc:00,-87,6,Auditório de Eng. Elétrica,Horse,4
18/11/2025,06:53:04,19,IFPB-VISITANTE,24:36:da:2b:bc:02,-87,6,Auditório de Eng. Elétrica,Horse,4
18/11/2025,06:53:04,19,IFPB,24:36:da:2b:5e:c0,-89,11,Auditório de Eng. Elétrica,Horse,4
18/11/2025,06:53:04,19,IFPB-VISITANTE,24:36:da:2b:5e:c2,-89,11,Auditório de Eng. Elétrica,Horse,4
18/11/2025,06:53:04,19,IFPB-VISITANTE,e4:4e:2d:85:4c:62,-89,11,Auditório de Eng. Elétrica,Horse,4
18/11/2025,06:53:04,19,IFPB,e4:4e:2d:85:4c:60,-89,11,Auditório de Eng. Elétrica,Horse,4
18/11/2025,06:53:04,19,TP-Link_C3CB,d8:0d:17:3e:c3:cb,-92,4,Auditório de Eng. Elétrica,Horse,4
18/11/2025,06:53:04,19,NUNYA_Room_2.4GHz,cc:32:e5:0c:fc:2b,-93,10,Auditório de Eng. Elétrica,Horse,4
18/11/2025,06:53:13,20,Lab. de Sinais Digitais,18:d6:c7:f9:37:2f,-60,11,Auditório de Eng. Elétrica,Horse,4
18/11/2025,06:53:13,20,GPDS,00:26:5a:66:55:ef,-69,6,Auditório de Eng. Elétrica,Horse,4
18/11/2025,06:53:13,20,APTelefonia,58:10:8c:91:f3:aa,-70,1,Auditório de Eng. Elétrica,Horse,4
18/11/2025,06:53:13,20,TP-Link_1324,7c:f1:7e:8d:13:22,-70,3,Auditório de Eng. Elétrica,Horse,4
18/11/2025,06:53:13,20,IFPB,84:f1:47:54:f9:80,-73,6,Auditório de Eng. Elétrica,Horse,4
18/11/2025,06:53:13,20,IFPB-VISITANTE,84:f1:47:54:f9:82,-73,6,Auditório de Eng. Elétrica,Horse,4
18/11/2025,06:53:13,20,NPEF/NEPA,50:c7:bf:ef:56:8a,-74,1,Auditório de Eng. Elétrica,Horse,4
18/11/2025,06:53:13,20,UA2-MiniLab,60:32:b1:2d:66:c3,-75,10,Auditório de Eng. Elétrica,Horse,4
18/11/2025,06:53:13,20,IFPB,84:f1:47:54:8b:a0,-75,11,Auditório de Eng. Elétrica,Horse,4
18/11/2025,06:53:13,20,IFPB-VISITANTE,84:f1:47:54:8b:a2,-75,11,Auditório de Eng. Elétrica,Horse,4
18/11/2025,06:53:13,20,IFPB,84:f1:47:54:6b:80,-81,1,Auditório de Eng. Elétrica,Horse,4
18/11/2025,06:53:13,20,IFPB-VISITANTE,84:f1:47:54:6b:82,-82,1,Auditório de Eng. Elétrica,Horse,4
18/11/2025,06:53:13,20,IFPB-VISITANTE,84:f1:47:54:96:e2,-83,1,Auditório de Eng. Elétrica,Horse,4
18/11/2025,06:53:13,20,Intelbras,18:0d:2c:7f:eb:ac,-83,7,Auditório de Eng. Elétrica,Horse,4
18/11/2025,06:53:13,20,IFPB,84:f1:47:54:96:e0,-84,1,Auditório de Eng. Elétrica,Horse,4
18/11/2025,06:53:13,20,IFPB-Sala_Professor_14,24:fd:0d:57:19:26,-86,2,Auditório de Eng. Elétrica,Horse,4
18/11/2025,06:53:13,20,IFPB,24:36:da:2b:bc:00,-87,6,Auditório de Eng. Elétrica,Horse,4
18/11/2025,06:53:13,20,IFPB-VISITANTE,24:36:da:2b:bc:02,-87,6,Auditório de Eng. Elétrica,Horse,4
18/11/2025,06:53:13,20,IFPB,e4:4e:2d:85:4c:60,-88,11,Auditório de Eng. Elétrica,Horse,4
18/11/2025,06:53:13,20,IFPB-Sala_Professor_14,48:51:cf:81:b0:9e,-89,2,Auditório de Eng. Elétrica,Horse,4
18/11/2025,06:53:13,20,IFPB-VISITANTE,e4:4e:2d:85:4c:62,-89,11,Auditório de Eng. Elétrica,Horse,4
18/11/2025,06:53:13,20,IFPB,24:36:da:2b:5e:c0,-90,11,Auditório de Eng. Elétrica,Horse,4
18/11/2025,06:53:13,20,IFPB-VISITANTE,24:36:da:2b:5e:c2,-90,11,Auditório de Eng. Elétrica,Horse,4
18/11/2025,06:53:13,20,TP-Link_C3CB,d8:0d:17:3e:c3:cb,-93,4,Auditório de Eng. Elétrica,Horse,4
18/11/2025,06:53:13,20,NUNYA_Room_2.4GHz,cc:32:e5:0c:fc:2b,-94,10,Auditório de Eng. Elétrica,Horse,4
18/11/2025,06:53:13,20,IFPB-Sala_13,e8:94:f6:b9:2f:46,-94,10,Auditório de Eng. Elétrica,Horse,4
18/11/2025,06:55:03,21,APTelefonia,58:10:8c:91:f3:aa,-59,1,Coordenação de pós em Eng. Elétrica,Goat,5
18/11/2025,06:55:03,21,TP-Link_1324,7c:f1:7e:8d:13:22,-66,3,Coordenação de pós em Eng. Elétrica,Goat,5
18/11/2025,06:55:03,21,IFPB-Sala_Professor_14,24:fd:0d:57:19:26,-69,2,Coordenação de pós em Eng. Elétrica,Goat,5
18/11/2025,06:55:03,21,Intelbras,18:0d:2c:7f:eb:ac,-71,7,Coordenação de pós em Eng. Elétrica,Goat,5
18/11/2025,06:55:03,21,IFPB,e4:4e:2d:85:4c:60,-79,11,Coordenação de pós em Eng. Elétrica,Goat,5
18/11/2025,06:55:03,21,IFPB-VISITANTE,e4:4e:2d:85:4c:62,-79,11,Coordenação de pós em Eng. Elétrica,Goat,5
18/11/2025,06:55:03,21,IFPB,24:36:da:2b:bc:00,-80,6,Coordenação de pós em Eng. Elétrica,Goat,5
18/11/2025,06:55:03,21,IFPB-VISITANTE,24:36:da:2b:bc:02,-81,6,Coordenação de pós em Eng. Elétrica,Goat,5
18/11/2025,06:55:04,21,Lab. de Sinais Digitais,18:d6:c7:f9:37:2f,-83,11,Coordenação de pós em Eng. Elétrica,Goat,5
18/11/2025,06:55:04,21,IFPB,84:f1:47:54:eb:20,-87,1,Coordenação de pós em Eng. Elétrica,Goat,5
18/11/2025,06:55:04,21,NPEF/NEPA,50:c7:bf:ef:56:8a,-87,1,Coordenação de pós em Eng. Elétrica,Goat,5
18/11/2025,06:55:04,21,IFPB-VISITANTE,84:f1:47:54:eb:22,-88,1,Coordenação de pós em Eng. Elétrica,Goat,5
18/11/2025,06:55:04,21,IFPB TCC,d8:5d:4c:86:7e:66,-88,1,Coordenação de pós em Eng. Elétrica,Goat,5
18/11/2025,06:55:04,21,Lab Redes Convergentes,64:70:02:99:fe:f4,-88,6,Coordenação de pós em Eng. Elétrica,Goat,5
18/11/2025,06:55:04,21,UA2-MiniLab,60:32:b1:2d:66:c3,-91,10,Coordenação de pós em Eng. Elétrica,Goat,5
18/11/2025,06:55:04,21,IFPB-Sala_Professor_14,48:51:cf:81:b0:9e,-92,2,Coordenação de pós em Eng. Elétrica,Goat,5
18/11/2025,06:55:04,21,NUNYA_Room_2.4GHz,cc:32:e5:0c:fc:2b,-94,10,Coordenação de pós em Eng. Elétrica,Goat,5
18/11/2025,06:55:04,21,LIMPEZA,54:e6:fc:cf:22:de,-96,6,Coordenação de pós em Eng. Elétrica,Goat,5
18/11/2025,06:55:13,22,APTelefonia,58:10:8c:91:f3:aa,-64,1,Coordenação de pós em Eng. Elétrica,Goat,5
18/11/2025,06:55:13,22,Intelbras,18:0d:2c:7f:eb:ac,-71,7,Coordenação de pós em Eng. Elétrica,Goat,5
18/11/2025,06:55:13,22,TP-Link_1324,7c:f1:7e:8d:13:22,-73,3,Coordenação de pós em Eng. Elétrica,Goat,5
18/11/2025,06:55:13,22,IFPB,24:36:da:2b:bc:00,-79,6,Coordenação de pós em Eng. Elétrica,Goat,5
18/11/2025,06:55:13,22,IFPB-VISITANTE,24:36:da:2b:bc:02,-79,6,Coordenação de pós em Eng. Elétrica,Goat,5
18/11/2025,06:55:13,22,Lab. de Sinais Digitais,18:d6:c7:f9:37:2f,-82,11,Coordenação de pós em Eng. Elétrica,Goat,5
18/11/2025,06:55:13,22,IFPB-Sala_Professor_14,24:fd:0d:57:19:26,-84,2,Coordenação de pós em Eng. Elétrica,Goat,5
18/11/2025,06:55:13,22,IFPB-Sala_Professor_14,48:51:cf:81:b0:9e,-86,2,Coordenação de pós em Eng. Elétrica,Goat,5
18/11/2025,06:55:13,22,IFPB,e4:4e:2d:85:4c:60,-86,11,Coordenação de pós em Eng. Elétrica,Goat,5
18/11/2025,06:55:13,22,IFPB-VISITANTE,e4:4e:2d:85:4c:62,-86,11,Coordenação de pós em Eng. Elétrica,Goat,5
18/11/2025,06:55:13,22,IFPB-VISITANTE,84:f1:47:54:eb:22,-87,1,Coordenação de pós em Eng. Elétrica,Goat,5
18/11/2025,06:55:13,22,IFPB TCC,d8:5d:4c:86:7e:66,-87,1,Coordenação de pós em Eng. Elétrica,Goat,5
18/11/2025,06:55:13,22,Lab Redes Convergentes,64:70:02:99:fe:f4,-87,6,Coordenação de pós em Eng. Elétrica,Goat,5
18/11/2025,06:55:13,22,LIMPEZA,54:e6:fc:cf:22:de,-88,6,Coordenação de pós em Eng. Elétrica,Goat,5
18/11/2025,06:55:13,22,NPEF/NEPA,50:c7:bf:ef:56:8a,-91,1,Coordenação de pós em Eng. Elétrica,Goat,5
18/11/2025,06:55:13,22,UA2-MiniLab,60:32:b1:2d:66:c3,-93,10,Coordenação de pós em Eng. Elétrica,Goat,5
18/11/2025,06:55:22,23,APTelefonia,58:10:8c:91:f3:aa,-59,1,Coordenação de pós em Eng. Elétrica,Goat,5
18/11/2025,06:55:22,23,TP-Link_1324,7c:f1:7e:8d:13:22,-66,3,Coordenação de pós em Eng. Elétrica,Goat,5
18/11/2025,06:55:22,23,Intelbras,18:0d:2c:7f:eb:ac,-70,7,Coordenação de pós em Eng. Elétrica,Goat,5
18/11/2025,06:55:22,23,Asterisk Server,18:0d:2c:7f:f5:9c,-73,10,Coordenação de pós em Eng. Elétrica,Goat,5
18/11/2025,06:55:22,23,IFPB,24:36:da:2b:bc:00,-84,6,Coordenação de pós em Eng. Elétrica,Goat,5
18/11/2025,06:55:22,23,IFPB-VISITANTE,e4:4e:2d:85:4c:62,-84,11,Coordenação de pós em Eng. Elétrica,Goat,5
18/11/2025,06:55:22,23,IFPB TCC,d8:5d:4c:86:7e:66,-85,1,Coordenação de pós em Eng. Elétrica,Goat,5
18/11/2025,06:55:22,23,IFPB-Sala_Professor_14,24:fd:0d:57:19:26,-85,2,Coordenação de pós em Eng. Elétrica,Goat,5
18/11/2025,06:55:22,23,IFPB-VISITANTE,24:36:da:2b:bc:02,-85,6,Coordenação de pós em Eng. Elétrica,Goat,5
18/11/2025,06:55:22,23,IFPB,e4:4e:2d:85:4c:60,-85,11,Coordenação de pós em Eng. Elétrica,Goat,5
18/11/2025,06:55:22,23,Lab. de Sinais Digitais,18:d6:c7:f9:37:2f,-85,11,Coordenação de pós em Eng. Elétrica,Goat,5
18/11/2025,06:55:22,23,Lab Redes Convergentes,64:70:02:99:fe:f4,-86,6,Coordenação de pós em Eng. Elétrica,Goat,5
18/11/2025,06:55:22,23,NPEF/NEPA,50:c7:bf:ef:56:8a,-88,1,Coordenação de pós em Eng. Elétrica,Goat,5
18/11/2025,06:55:22,23,IFPB-VISITANTE,84:f1:47:54:eb:22,-88,1,Coordenação de pós em Eng. Elétrica,Goat,5
18/11/2025,06:55:22,23,IFPB-Sala_Professor_14,48:51:cf:81:b0:9e,-88,2,Coordenação de pós em Eng. Elétrica,Goat,5
18/11/2025,06:55:22,23,LIMPEZA,54:e6:fc:cf:22:de,-89,6,Coordenação de pós em Eng. Elétrica,Goat,5
18/11/2025,06:55:22,23,IFPB,84:f1:47:54:eb:20,-90,1,Coordenação de pós em Eng. Elétrica,Goat,5
18/11/2025,06:55:22,23,UA2-MiniLab,60:32:b1:2d:66:c3,-92,10,Coordenação de pós em Eng. Elétrica,Goat,5
18/11/2025,06:55:31,24,APTelefonia,58:10:8c:91:f3:aa,-59,1,Coordenação de pós em Eng. Elétrica,Goat,5
18/11/2025,06:55:31,24,TP-Link_1324,7c:f1:7e:8d:13:22,-65,3,Coordenação de pós em Eng. Elétrica,Goat,5
18/11/2025,06:55:31,24,Intelbras,18:0d:2c:7f:eb:ac,-71,7,Coordenação de pós em Eng. Elétrica,Goat,5
18/11/2025,06:55:31,24,Asterisk Server,18:0d:2c:7f:f5:9c,-79,10,Coordenação de pós em Eng. Elétrica,Goat,5
18/11/2025,06:55:31,24,IFPB,e4:4e:2d:85:4c:60,-81,11,Coordenação de pós em Eng. Elétrica,Goat,5
18/11/2025,06:55:31,24,IFPB-VISITANTE,e4:4e:2d:85:4c:62,-81,11,Coordenação de pós em Eng. Elétrica,Goat,5
18/11/2025,06:55:31,24,Lab. de Sinais Digitais,18:d6:c7:f9:37:2f,-84,11,Coordenação de pós em Eng. Elétrica,Goat,5
18/11/2025,06:55:31,24,IFPB-Sala_Professor_14,24:fd:0d:57:19:26,-85,2,Coordenação de pós em Eng. Elétrica,Goat,5
18/11/2025,06:55:31,24,Lab Redes Convergentes,64:70:02:99:fe:f4,-87,6,Coordenação de pós em Eng. Elétrica,Goat,5
18/11/2025,06:55:31,24,IFPB-VISITANTE,24:36:da:2b:bc:02,-89,6,Coordenação de pós em Eng. Elétrica,Goat,5
18/11/2025,06:55:31,24,IFPB-Sala_Professor_14,48:51:cf:81:b0:9e,-90,2,Coordenação de pós em Eng. Elétrica,Goat,5
18/11/2025,06:55:31,24,UA2-MiniLab,60:32:b1:2d:66:c3,-93,10,Coordenação de pós em Eng. Elétrica,Goat,5
18/11/2025,06:55:40,25,APTelefonia,58:10:8c:91:f3:aa,-57,1,Coordenação de pós em Eng. Elétrica,Goat,5
18/11/2025,06:55:40,25,TP-Link_1324,7c:f1:7e:8d:13:22,-62,3,Coordenação de pós em Eng. Elétrica,Goat,5
18/11/2025,06:55:40,25,Intelbras,18:0d:2c:7f:eb:ac,-70,7,Coordenação de pós em Eng. Elétrica,Goat,5
18/11/2025,06:55:40,25,Asterisk Server,18:0d:2c:7f:f5:9c,-73,10,Coordenação de pós em Eng. Elétrica,Goat,5
18/11/2025,06:55:40,25,IFPB-VISITANTE,e4:4e:2d:85:4c:62,-79,11,Coordenação de pós em Eng. Elétrica,Goat,5
18/11/2025,06:55:40,25,IFPB,e4:4e:2d:85:4c:60,-80,11,Coordenação de pós em Eng. Elétrica,Goat,5
18/11/2025,06:55:40,25,IFPB-Sala_Professor_14,24:fd:0d:57:19:26,-81,2,Coordenação de pós em Eng. Elétrica,Goat,5
18/11/2025,06:55:40,25,Lab. de Sinais Digitais,18:d6:c7:f9:37:2f,-82,11,Coordenação de pós em Eng. Elétrica,Goat,5
18/11/2025,06:55:40,25,IFPB-VISITANTE,24:36:da:2b:bc:02,-83,6,Coordenação de pós em Eng. Elétrica,Goat,5
18/11/2025,06:55:40,25,IFPB,24:36:da:2b:bc:00,-84,6,Coordenação de pós em Eng. Elétrica,Goat,5
18/11/2025,06:55:40,25,IFPB TCC,d8:5d:4c:86:7e:66,-86,1,Coordenação de pós em Eng. Elétrica,Goat,5
18/11/2025,06:55:40,25,Lab Redes Convergentes,64:70:02:99:fe:f4,-87,6,Coordenação de pós em Eng. Elétrica,Goat,5
18/11/2025,06:55:40,25,UA2-MiniLab,60:32:b1:2d:66:c3,-87,10,Coordenação de pós em Eng. Elétrica,Goat,5
18/11/2025,06:55:40,25,IFPB-Sala_Professor_14,48:51:cf:81:b0:9e,-90,2,Coordenação de pós em Eng. Elétrica,Goat,5
18/11/2025,06:55:40,25,NPEF/NEPA,50:c7:bf:ef:56:8a,-91,1,Coordenação de pós em Eng. Elétrica,Goat,5
18/11/2025,06:56:20,26,APTelefonia,58:10:8c:91:f3:aa,-53,1,Lab. de redes convergentes,Donkey,6
18/11/2025,06:56:20,26,Asterisk Server,18:0d:2c:7f:f5:9c,-57,7,Lab. de redes convergentes,Donkey,6
18/11/2025,06:56:20,26,Intelbras,18:0d:2c:7f:eb:ac,-60,7,Lab. de redes convergentes,Donkey,6
18/11/2025,06:56:20,26,IFPB,e4:4e:2d:85:4c:60,-62,11,Lab. de redes convergentes,Donkey,6
18/11/2025,06:56:20,26,IFPB-VISITANTE,e4:4e:2d:85:4c:62,-62,11,Lab. de redes convergentes,Donkey,6
18/11/2025,06:56:20,26,TP-Link_1324,7c:f1:7e:8d:13:22,-65,3,Lab. de redes convergentes,Donkey,6
18/11/2025,06:56:20,26,Lab. de Sinais Digitais,18:d6:c7:f9:37:2f,-77,11,Lab. de redes convergentes,Donkey,6
18/11/2025,06:56:20,26,IFPB TCC,d8:5d:4c:86:7e:66,-80,1,Lab. de redes convergentes,Donkey,6
18/11/2025,06:56:20,26,IFPB-Sala_Professor_14,24:fd:0d:57:19:26,-81,2,Lab. de redes convergentes,Donkey,6
18/11/2025,06:56:20,26,GPDS,00:26:5a:66:55:ef,-82,6,Lab. de redes convergentes,Donkey,6
18/11/2025,06:56:20,26,UA2-MiniLab,60:32:b1:2d:66:c3,-84,10,Lab. de redes convergentes,Donkey,6
18/11/2025,06:56:20,26,IFPB-VISITANTE,84:f1:47:54:eb:22,-87,1,Lab. de redes convergentes,Donkey,6
18/11/2025,06:56:20,26,IFPB,84:f1:47:54:96:e0,-87,1,Lab. de redes convergentes,Donkey,6
18/11/2025,06:56:20,26,IFPB-VISITANTE,84:f1:47:54:96:e2,-87,1,Lab. de redes convergentes,Donkey,6
18/11/2025,06:56:20,26,IFPB,24:36:da:2b:bc:00,-87,6,Lab. de redes convergentes,Donkey,6
18/11/2025,06:56:20,26,IFPB-VISITANTE,24:36:da:2b:bc:02,-87,6,Lab. de redes convergentes,Donkey,6
18/11/2025,06:56:20,26,IFPB,84:f1:47:54:eb:20,-88,1,Lab. de redes convergentes,Donkey,6
18/11/2025,06:56:20,26,NPEF/NEPA,50:c7:bf:ef:56:8a,-91,1,Lab. de redes convergentes,Donkey,6
18/11/2025,06:56:20,26,NUNYA_Room_2.4GHz,cc:32:e5:0c:fc:2b,-94,10,Lab. de redes convergentes,Donkey,6
18/11/2025,06:56:20,26,TP-Link_C3CB,d8:0d:17:3e:c3:cb,-95,4,Lab. de redes convergentes,Donkey,6
18/11/2025,06:56:29,27,APTelefonia,58:10:8c:91:f3:aa,-52,1,Lab. de redes convergentes,Donkey,6
18/11/2025,06:56:29,27,Asterisk Server,18:0d:2c:7f:f5:9c,-56,7,Lab. de redes convergentes,Donkey,6
18/11/2025,06:56:29,27,Intelbras,18:0d:2c:7f:eb:ac,-57,7,Lab. de redes convergentes,Donkey,6
18/11/2025,06:56:29,27,IFPB,e4:4e:2d:85:4c:60,-62,11,Lab. de redes convergentes,Donkey,6
18/11/2025,06:56:29,27,IFPB-VISITANTE,e4:4e:2d:85:4c:62,-62,11,Lab. de redes convergentes,Donkey,6
18/11/2025,06:56:29,27,TP-Link_1324,7c:f1:7e:8d:13:22,-70,3,Lab. de redes convergentes,Donkey,6
18/11/2025,06:56:29,27,IFPB-Sala_Professor_14,24:fd:0d:57:19:26,-74,2,Lab. de redes convergentes,Donkey,6
18/11/2025,06:56:29,27,Lab. de Sinais Digitais,18:d6:c7:f9:37:2f,-76,11,Lab. de redes convergentes,Donkey,6
18/11/2025,06:56:29,27,IFPB TCC,d8:5d:4c:86:7e:66,-77,1,Lab. de redes convergentes,Donkey,6
18/11/2025,06:56:29,27,IFPB,24:36:da:2b:bc:00,-80,6,Lab. de redes convergentes,Donkey,6
18/11/2025,06:56:29,27,IFPB-VISITANTE,24:36:da:2b:bc:02,-80,6,Lab. de redes convergentes,Donkey,6
18/11/2025,06:56:29,27,GPDS,00:26:5a:66:55:ef,-80,6,Lab. de redes convergentes,Donkey,6
18/11/2025,06:56:29,27,IFPB,84:f1:47:54:96:e0,-86,1,Lab. de redes convergentes,Donkey,6
18/11/2025,06:56:29,27,UA2-MiniLab,60:32:b1:2d:66:c3,-87,10,Lab. de redes convergentes,Donkey,6
18/11/2025,06:56:29,27,IFPB-VISITANTE,84:f1:47:54:eb:22,-88,1,Lab. de redes convergentes,Donkey,6
18/11/2025,06:56:29,27,IFPB-VISITANTE,84:f1:47:54:96:e2,-88,1,Lab. de redes convergentes,Donkey,6
18/11/2025,06:56:29,27,IFPB,84:f1:47:54:eb:20,-89,1,Lab. de redes convergentes,Donkey,6
18/11/2025,06:56:29,27,NUNYA_Room_2.4GHz,cc:32:e5:0c:fc:2b,-94,10,Lab. de redes convergentes,Donkey,6
18/11/2025,06:56:38,28,APTelefonia,58:10:8c:91:f3:aa,-50,1,Lab. de redes convergentes,Donkey,6
18/11/2025,06:56:38,28,Intelbras,18:0d:2c:7f:eb:ac,-58,7,Lab. de redes convergentes,Donkey,6
18/11/2025,06:56:38,28,IFPB,e4:4e:2d:85:4c:60,-62,11,Lab. de redes convergentes,Donkey,6
18/11/2025,06:56:38,28,IFPB-VISITANTE,e4:4e:2d:85:4c:62,-62,11,Lab. de redes convergentes,Donkey,6
18/11/2025,06:56:38,28,TP-Link_1324,7c:f1:7e:8d:13:22,-72,3,Lab. de redes convergentes,Donkey,6
18/11/2025,06:56:38,28,IFPB TCC,d8:5d:4c:86:7e:66,-76,1,Lab. de redes convergentes,Donkey,6
18/11/2025,06:56:38,28,IFPB-Sala_Professor_14,24:fd:0d:57:19:26,-77,2,Lab. de redes convergentes,Donkey,6
18/11/2025,06:56:38,28,Lab. de Sinais Digitais,18:d6:c7:f9:37:2f,-77,11,Lab. de redes convergentes,Donkey,6
18/11/2025,06:56:38,28,IFPB-VISITANTE,24:36:da:2b:bc:02,-79,6,Lab. de redes convergentes,Donkey,6
18/11/2025,06:56:38,28,IFPB,24:36:da:2b:bc:00,-80,6,Lab. de redes convergentes,Donkey,6
18/11/2025,06:56:38,28,GPDS,00:26:5a:66:55:ef,-81,6,Lab. de redes convergentes,Donkey,6
18/11/2025,06:56:38,28,IFPB-VISITANTE,84:f1:47:54:eb:22,-86,1,Lab. de redes convergentes,Donkey,6
18/11/2025,06:56:38,28,UA2-MiniLab,60:32:b1:2d:66:c3,-86,10,Lab. de redes convergentes,Donkey,6
18/11/2025,06:56:38,28,IFPB,84:f1:47:54:eb:20,-88,1,Lab. de redes convergentes,Donkey,6
18/11/2025,06:56:38,28,IFPB-VISITANTE,84:f1:47:54:96:e2,-89,1,Lab. de redes convergentes,Donkey,6
18/11/2025,06:56:38,28,IFPB,84:f1:47:54:96:e0,-90,1,Lab. de redes convergentes,Donkey,6
18/11/2025,06:56:38,28,IFPB-Sala_Professor_14,48:51:cf:81:b0:9e,-91,2,Lab. de redes convergentes,Donkey,6
18/11/2025,06:56:38,28,TP-Link_C3CB,d8:0d:17:3e:c3:cb,-93,4,Lab. de redes convergentes,Donkey,6
18/11/2025,06:56:38,28,NUNYA_Room_2.4GHz,cc:32:e5:0c:fc:2b,-95,10,Lab. de redes convergentes,Donkey,6
18/11/2025,06:56:48,29,APTelefonia,58:10:8c:91:f3:aa,-50,1,Lab. de redes convergentes,Donkey,6
18/11/2025,06:56:48,29,Intelbras,18:0d:2c:7f:eb:ac,-58,7,Lab. de redes convergentes,Donkey,6
18/11/2025,06:56:48,29,IFPB,e4:4e:2d:85:4c:60,-63,11,Lab. de redes convergentes,Donkey,6
18/11/2025,06:56:48,29,IFPB-VISITANTE,e4:4e:2d:85:4c:62,-63,11,Lab. de redes convergentes,Donkey,6
18/11/2025,06:56:48,29,TP-Link_1324,7c:f1:7e:8d:13:22,-71,3,Lab. de redes convergentes,Donkey,6
18/11/2025,06:56:48,29,IFPB TCC,d8:5d:4c:86:7e:66,-75,1,Lab. de redes convergentes,Donkey,6
18/11/2025,06:56:48,29,Lab. de Sinais Digitais,18:d6:c7:f9:37:2f,-77,11,Lab. de redes convergentes,Donkey,6
18/11/2025,06:56:48,29,IFPB-VISITANTE,24:36:da:2b:bc:02,-79,6,Lab. de redes convergentes,Donkey,6
18/11/2025,06:56:48,29,GPDS,00:26:5a:66:55:ef,-79,6,Lab. de redes convergentes,Donkey,6
18/11/2025,06:56:48,29,IFPB,24:36:da:2b:bc:00,-80,6,Lab. de redes convergentes,Donkey,6
18/11/2025,06:56:48,29,IFPB-Sala_Professor_14,24:fd:0d:57:19:26,-81,2,Lab. de redes convergentes,Donkey,6
18/11/2025,06:56:48,29,IFPB,84:f1:47:54:96:e0,-88,1,Lab. de redes convergentes,Donkey,6
18/11/2025,06:56:48,29,UA2-MiniLab,60:32:b1:2d:66:c3,-88,10,Lab. de redes convergentes,Donkey,6
18/11/2025,06:56:48,29,IFPB-VISITANTE,84:f1:47:54:96:e2,-89,1,Lab. de redes convergentes,Donkey,6
18/11/2025,06:56:48,29,IFPB,84:f1:47:54:eb:20,-89,1,Lab. de redes convergentes,Donkey,6
18/11/2025,06:56:48,29,IFPB-VISITANTE,84:f1:47:54:eb:22,-89,1,Lab. de redes convergentes,Donkey,6
18/11/2025,06:56:48,29,IFPB-Sala_13,e8:94:f6:b9:2f:46,-96,10,Lab. de redes convergentes,Donkey,6
18/11/2025,06:56:57,30,APTelefonia,58:10:8c:91:f3:aa,-52,1,Lab. de redes convergentes,Donkey,6
18/11/2025,06:56:57,30,Intelbras,18:0d:2c:7f:eb:ac,-58,7,Lab. de redes convergentes,Donkey,6
18/11/2025,06:56:57,30,IFPB,e4:4e:2d:85:4c:60,-63,11,Lab. de redes convergentes,Donkey,6
18/11/2025,06:56:57,30,IFPB-VISITANTE,e4:4e:2d:85:4c:62,-63,11,Lab. de redes convergentes,Donkey,6
18/11/2025,06:56:57,30,TP-Link_1324,7c:f1:7e:8d:13:22,-67,3,Lab. de redes convergentes,Donkey,6
18/11/2025,06:56:57,30,Lab. de Sinais Digitais,18:d6:c7:f9:37:2f,-73,11,Lab. de redes convergentes,Donkey,6
18/11/2025,06:56:57,30,IFPB TCC,d8:5d:4c:86:7e:66,-77,1,Lab. de redes convergentes,Donkey,6
18/11/2025,06:56:57,30,GPDS,00:26:5a:66:55:ef,-78,6,Lab. de redes convergentes,Donkey,6
18/11/2025,06:56:57,30,IFPB,24:36:da:2b:bc:00,-79,6,Lab. de redes convergentes,Donkey,6
18/11/2025,06:56:57,30,IFPB-VISITANTE,24:36:da:2b:bc:02,-79,6,Lab. de redes convergentes,Donkey,6
18/11/2025,06:56:57,30,IFPB-Sala_Professor_14,24:fd:0d:57:19:26,-80,2,Lab. de redes convergentes,Donkey,6
18/11/2025,06:56:57,30,UA2-MiniLab,60:32:b1:2d:66:c3,-86,10,Lab. de redes convergentes,Donkey,6
18/11/2025,06:56:57,30,IFPB-VISITANTE,84:f1:47:54:96:e2,-87,1,Lab. de redes convergentes,Donkey,6
18/11/2025,06:56:57,30,IFPB,84:f1:47:54:96:e0,-88,1,Lab. de redes convergentes,Donkey,6
18/11/2025,06:56:57,30,IFPB,84:f1:47:54:eb:20,-89,1,Lab. de redes convergentes,Donkey,6
18/11/2025,06:56:57,30,IFPB-VISITANTE,84:f1:47:54:eb:22,-90,1,Lab. de redes convergentes,Donkey,6
18/11/2025,06:56:57,30,TP-Link_C3CB,d8:0d:17:3e:c3:cb,-91,4,Lab. de redes convergentes,Donkey,6
18/11/2025,06:56:57,30,IFPB-Sala_13,e8:94:f6:b9:2f:46,-92,10,Lab. de redes convergentes,Donkey,6
18/11/2025,06:56:57,30,NUNYA_Room_2.4GHz,cc:32:e5:0c:fc:2b,-95,10,Lab. de redes convergentes,Donkey,6
18/11/2025,06:57:34,31,APTelefonia,58:10:8c:91:f3:aa,-40,1,Lab. de fibras ópticas,Sheep,7
18/11/2025,06:57:34,31,Asterisk Server,18:0d:2c:7f:f5:9c,-56,10,Lab. de fibras ópticas,Sheep,7
18/11/2025,06:57:34,31,Intelbras,18:0d:2c:7f:eb:ac,-58,7,Lab. de fibras ópticas,Sheep,7
18/11/2025,06:57:34,31,IFPB,e4:4e:2d:85:4c:60,-65,11,Lab. de fibras ópticas,Sheep,7
18/11/2025,06:57:34,31,IFPB-VISITANTE,e4:4e:2d:85:4c:62,-65,11,Lab. de fibras ópticas,Sheep,7
18/11/2025,06:57:34,31,Lab. de Sinais Digitais,18:d6:c7:f9:37:2f,-66,11,Lab. de fibras ópticas,Sheep,7
18/11/2025,06:57:34,31,GPDS,00:26:5a:66:55:ef,-69,6,Lab. de fibras ópticas,Sheep,7
18/11/2025,06:57:34,31,IFPB-Sala_Professor_14,24:fd:0d:57:19:26,-74,2,Lab. de fibras ópticas,Sheep,7
18/11/2025,06:57:34,31,IFPB-Sala_Professor_14,48:51:cf:81:b0:9e,-77,2,Lab. de fibras ópticas,Sheep,7
18/11/2025,06:57:34,31,TP-Link_1324,7c:f1:7e:8d:13:22,-78,3,Lab. de fibras ópticas,Sheep,7
18/11/2025,06:57:34,31,IFPB-VISITANTE,84:f1:47:54:96:e2,-79,1,Lab. de fibras ópticas,Sheep,7
18/11/2025,06:57:34,31,IFPB,84:f1:47:54:96:e0,-80,1,Lab. de fibras ópticas,Sheep,7
18/11/2025,06:57:34,31,IFPB,24:36:da:2b:bc:00,-81,6,Lab. de fibras ópticas,Sheep,7
18/11/2025,06:57:34,31,IFPB-VISITANTE,24:36:da:2b:bc:02,-81,6,Lab. de fibras ópticas,Sheep,7
18/11/2025,06:57:34,31,IFPB TCC,d8:5d:4c:86:7e:66,-83,1,Lab. de fibras ópticas,Sheep,7
18/11/2025,06:57:34,31,IFPB-VISITANTE,84:f1:47:54:8b:a2,-85,11,Lab. de fibras ópticas,Sheep,7
18/11/2025,06:57:34,31,NPEF/NEPA,50:c7:bf:ef:56:8a,-86,1,Lab. de fibras ópticas,Sheep,7
18/11/2025,06:57:34,31,IFPB,84:f1:47:54:8b:a0,-86,11,Lab. de fibras ópticas,Sheep,7
18/11/2025,06:57:34,31,IFPB-VISITANTE,84:f1:47:54:eb:22,-87,1,Lab. de fibras ópticas,Sheep,7
18/11/2025,06:57:34,31,UA2-MiniLab,60:32:b1:2d:66:c3,-90,10,Lab. de fibras ópticas,Sheep,7
18/11/2025,06:57:34,31,NUNYA_Room_2.4GHz,cc:32:e5:0c:fc:2b,-90,10,Lab. de fibras ópticas,Sheep,7
18/11/2025,06:57:34,31,TP-Link_C3CB,d8:0d:17:3e:c3:cb,-92,4,Lab. de fibras ópticas,Sheep,7
18/11/2025,06:57:34,31,IFPB-Sala_13,e8:94:f6:b9:2f:46,-98,10,Lab. de fibras ópticas,Sheep,7
18/11/2025,06:57:43,32,APTelefonia,58:10:8c:91:f3:aa,-38,1,Lab. de fibras ópticas,Sheep,7
18/11/2025,06:57:43,32,Intelbras,18:0d:2c:7f:eb:ac,-57,7,Lab. de fibras ópticas,Sheep,7
18/11/2025,06:57:43,32,IFPB,e4:4e:2d:85:4c:60,-65,11,Lab. de fibras ópticas,Sheep,7
18/11/2025,06:57:43,32,IFPB-VISITANTE,e4:4e:2d:85:4c:62,-65,11,Lab. de fibras ópticas,Sheep,7
18/11/2025,06:57:43,32,Lab. de Sinais Digitais,18:d6:c7:f9:37:2f,-66,11,Lab. de fibras ópticas,Sheep,7
18/11/2025,06:57:43,32,GPDS,00:26:5a:66:55:ef,-70,6,Lab. de fibras ópticas,Sheep,7
18/11/2025,06:57:43,32,IFPB-Sala_Professor_14,24:fd:0d:57:19:26,-76,2,Lab. de fibras ópticas,Sheep,7
18/11/2025,06:57:43,32,IFPB-Sala_Professor_14,48:51:cf:81:b0:9e,-79,2,Lab. de fibras ópticas,Sheep,7
18/11/2025,06:57:43,32,TP-Link_1324,7c:f1:7e:8d:13:22,-79,3,Lab. de fibras ópticas,Sheep,7
18/11/2025,06:57:43,32,IFPB,24:36:da:2b:bc:00,-81,6,Lab. de fibras ópticas,Sheep,7
18/11/2025,06:57:43,32,IFPB-VISITANTE,24:36:da:2b:bc:02,-81,6,Lab. de fibras ópticas,Sheep,7
18/11/2025,06:57:43,32,UA2-MiniLab,60:32:b1:2d:66:c3,-83,10,Lab. de fibras ópticas,Sheep,7
18/11/2025,06:57:43,32,IFPB,84:f1:47:54:96:e0,-84,1,Lab. de fibras ópticas,Sheep,7
18/11/2025,06:57:43,32,IFPB-VISITANTE,84:f1:47:54:96:e2,-84,1,Lab. de fibras ópticas,Sheep,7
18/11/2025,06:57:43,32,NPEF/NEPA,50:c7:bf:ef:56:8a,-87,1,Lab. de fibras ópticas,Sheep,7
18/11/2025,06:57:43,32,IFPB,84:f1:47:54:8b:a0,-87,11,Lab. de fibras ópticas,Sheep,7
18/11/2025,06:57:43,32,IFPB-VISITANTE,84:f1:47:54:8b:a2,-88,11,Lab. de fibras ópticas,Sheep,7
18/11/2025,06:57:43,32,IFPB TCC,d8:5d:4c:86:7e:66,-89,1,Lab. de fibras ópticas,Sheep,7
18/11/2025,06:57:43,32,NUNYA_Room_2.4GHz,cc:32:e5:0c:fc:2b,-89,10,Lab. de fibras ópticas,Sheep,7
18/11/2025,06:57:43,32,IFPB-Sala_13,e8:94:f6:b9:2f:46,-94,10,Lab. de fibras ópticas,Sheep,7
18/11/2025,06:57:52,33,APTelefonia,58:10:8c:91:f3:aa,-40,1,Lab. de fibras ópticas,Sheep,7
18/11/2025,06:57:52,33,Intelbras,18:0d:2c:7f:eb:ac,-56,7,Lab. de fibras ópticas,Sheep,7
18/11/2025,06:57:52,33,GPDS,00:26:5a:66:55:ef,-61,6,Lab. de fibras ópticas,Sheep,7
18/11/2025,06:57:52,33,IFPB,e4:4e:2d:85:4c:60,-66,11,Lab. de fibras ópticas,Sheep,7
18/11/2025,06:57:52,33,IFPB-VISITANTE,e4:4e:2d:85:4c:62,-66,11,Lab. de fibras ópticas,Sheep,7
18/11/2025,06:57:52,33,Lab. de Sinais Digitais,18:d6:c7:f9:37:2f,-66,11,Lab. de fibras ópticas,Sheep,7
18/11/2025,06:57:52,33,TP-Link_1324,7c:f1:7e:8d:13:22,-79,3,Lab. de fibras ópticas,Sheep,7
18/11/2025,06:57:52,33,IFPB-Sala_Professor_14,48:51:cf:81:b0:9e,-81,2,Lab. de fibras ópticas,Sheep,7
18/11/2025,06:57:52,33,IFPB,24:36:da:2b:bc:00,-81,6,Lab. de fibras ópticas,Sheep,7
18/11/2025,06:57:52,33,IFPB-VISITANTE,24:36:da:2b:bc:02,-81,6,Lab. de fibras ópticas,Sheep,7
18/11/2025,06:57:52,33,NPEF/NEPA,50:c7:bf:ef:56:8a,-82,1,Lab. de fibras ópticas,Sheep,7
18/11/2025,06:57:52,33,IFPB TCC,d8:5d:4c:86:7e:66,-82,1,Lab. de fibras ópticas,Sheep,7
18/11/2025,06:57:52,33,IFPB,84:f1:47:54:96:e0,-83,1,Lab. de fibras ópticas,Sheep,7
18/11/2025,06:57:52,33,IFPB-VISITANTE,84:f1:47:54:96:e2,-83,1,Lab. de fibras ópticas,Sheep,7
18/11/2025,06:57:52,33,IFPB-Sala_Professor_14,24:fd:0d:57:19:26,-83,2,Lab. de fibras ópticas,Sheep,7
18/11/2025,06:57:52,33,IFPB-VISITANTE,84:f1:47:54:eb:22,-88,1,Lab. de fibras ópticas,Sheep,7
18/11/2025,06:57:52,33,UA2-MiniLab,60:32:b1:2d:66:c3,-88,10,Lab. de fibras ópticas,Sheep,7
18/11/2025,06:57:52,33,IFPB-VISITANTE,84:f1:47:54:8b:a2,-88,11,Lab. de fibras ópticas,Sheep,7
18/11/2025,06:57:52,33,IFPB,84:f1:47:54:8b:a0,-89,11,Lab. de fibras ópticas,Sheep,7
18/11/2025,06:57:52,33,IFPB,84:f1:47:54:eb:20,-90,1,Lab. de fibras ópticas,Sheep,7
18/11/2025,06:57:52,33,NUNYA_Room_2.4GHz,cc:32:e5:0c:fc:2b,-91,10,Lab. de fibras ópticas,Sheep,7
18/11/2025,06:57:52,33,IFPB-Sala_13,e8:94:f6:b9:2f:46,-94,10,Lab. de fibras ópticas,Sheep,7
18/11/2025,06:58:01,34,APTelefonia,58:10:8c:91:f3:aa,-43,1,Lab. de fibras ópticas,Sheep,7
18/11/2025,06:58:01,34,Intelbras,18:0d:2c:7f:eb:ac,-61,7,Lab. de fibras ópticas,Sheep,7
18/11/2025,06:58:01,34,IFPB,e4:4e:2d:85:4c:60,-65,11,Lab. de fibras ópticas,Sheep,7
18/11/2025,06:58:01,34,IFPB-VISITANTE,e4:4e:2d:85:4c:62,-65,11,Lab. de fibras ópticas,Sheep,7
18/11/2025,06:58:01,34,Lab. de Sinais Digitais,18:d6:c7:f9:37:2f,-67,11,Lab. de fibras ópticas,Sheep,7
18/11/2025,06:58:01,34,GPDS,00:26:5a:66:55:ef,-71,6,Lab. de fibras ópticas,Sheep,7
18/11/2025,06:58:01,34,TP-Link_1324,7c:f1:7e:8d:13:22,-79,3,Lab. de fibras ópticas,Sheep,7
18/11/2025,06:58:01,34,NPEF/NEPA,50:c7:bf:ef:56:8a,-82,1,Lab. de fibras ópticas,Sheep,7
18/11/2025,06:58:01,34,IFPB,84:f1:47:54:96:e0,-82,1,Lab. de fibras ópticas,Sheep,7
18/11/2025,06:58:01,34,UA2-MiniLab,60:32:b1:2d:66:c3,-82,10,Lab. de fibras ópticas,Sheep,7
18/11/2025,06:58:01,34,IFPB-VISITANTE,84:f1:47:54:96:e2,-83,1,Lab. de fibras ópticas,Sheep,7
18/11/2025,06:58:01,34,IFPB-Sala_Professor_14,48:51:cf:81:b0:9e,-84,2,Lab. de fibras ópticas,Sheep,7
18/11/2025,06:58:01,34,IFPB-Sala_Professor_14,24:fd:0d:57:19:26,-85,2,Lab. de fibras ópticas,Sheep,7
18/11/2025,06:58:01,34,IFPB,24:36:da:2b:bc:00,-85,6,Lab. de fibras ópticas,Sheep,7
18/11/2025,06:58:01,34,IFPB-VISITANTE,24:36:da:2b:bc:02,-85,6,Lab. de fibras ópticas,Sheep,7
18/11/2025,06:58:01,34,IFPB TCC,d8:5d:4c:86:7e:66,-87,1,Lab. de fibras ópticas,Sheep,7
18/11/2025,06:58:01,34,NUNYA_Room_2.4GHz,cc:32:e5:0c:fc:2b,-94,10,Lab. de fibras ópticas,Sheep,7
18/11/2025,06:58:10,35,APTelefonia,58:10:8c:91:f3:aa,-42,1,Lab. de fibras ópticas,Sheep,7
18/11/2025,06:58:10,35,Asterisk Server,18:0d:2c:7f:f5:9c,-55,7,Lab. de fibras ópticas,Sheep,7
18/11/2025,06:58:10,35,Intelbras,18:0d:2c:7f:eb:ac,-61,7,Lab. de fibras ópticas,Sheep,7
18/11/2025,06:58:10,35,Lab. de Sinais Digitais,18:d6:c7:f9:37:2f,-69,11,Lab. de fibras ópticas,Sheep,7
18/11/2025,06:58:10,35,IFPB,e4:4e:2d:85:4c:60,-70,11,Lab. de fibras ópticas,Sheep,7
18/11/2025,06:58:10,35,IFPB-VISITANTE,e4:4e:2d:85:4c:62,-70,11,Lab. de fibras ópticas,Sheep,7
18/11/2025,06:58:10,35,GPDS,00:26:5a:66:55:ef,-71,6,Lab. de fibras ópticas,Sheep,7
18/11/2025,06:58:10,35,TP-Link_1324,7c:f1:7e:8d:13:22,-78,3,Lab. de fibras ópticas,Sheep,7
18/11/2025,06:58:10,35,IFPB-Sala_Professor_14,24:fd:0d:57:19:26,-83,2,Lab. de fibras ópticas,Sheep,7
18/11/2025,06:58:10,35,IFPB-Sala_Professor_14,48:51:cf:81:b0:9e,-83,2,Lab. de fibras ópticas,Sheep,7
18/11/2025,06:58:10,35,UA2-MiniLab,60:32:b1:2d:66:c3,-83,10,Lab. de fibras ópticas,Sheep,7
18/11/2025,06:58:10,35,NPEF/NEPA,50:c7:bf:ef:56:8a,-84,1,Lab. de fibras ópticas,Sheep,7
18/11/2025,06:58:10,35,IFPB,24:36:da:2b:bc:00,-85,6,Lab. de fibras ópticas,Sheep,7
18/11/2025,06:58:10,35,IFPB-VISITANTE,24:36:da:2b:bc:02,-86,6,Lab. de fibras ópticas,Sheep,7
18/11/2025,06:58:10,35,IFPB-VISITANTE,84:f1:47:54:eb:22,-88,1,Lab. de fibras ópticas,Sheep,7
18/11/2025,06:58:10,35,IFPB-VISITANTE,84:f1:47:54:96:e2,-89,1,Lab. de fibras ópticas,Sheep,7
18/11/2025,06:58:10,35,IFPB,84:f1:47:54:eb:20,-89,1,Lab. de fibras ópticas,Sheep,7
18/11/2025,06:58:10,35,IFPB,84:f1:47:54:96:e0,-90,1,Lab. de fibras ópticas,Sheep,7
18/11/2025,06:58:10,35,IFPB TCC,d8:5d:4c:86:7e:66,-90,1,Lab. de fibras ópticas,Sheep,7
18/11/2025,06:58:10,35,NUNYA_Room_2.4GHz,cc:32:e5:0c:fc:2b,-94,10,Lab. de fibras ópticas,Sheep,7
18/11/2025,06:58:45,36,Lab. de Sinais Digitais,18:d6:c7:f9:37:2f,-54,11,Pesquisa em Eng. Elétrica,Duck,8
18/11/2025,06:58:45,36,GPDS,00:26:5a:66:55:ef,-64,6,Pesquisa em Eng. Elétrica,Duck,8
18/11/2025,06:58:45,36,Intelbras,18:0d:2c:7f:eb:ac,-65,7,Pesquisa em Eng. Elétrica,Duck,8
18/11/2025,06:58:45,36,APTelefonia,58:10:8c:91:f3:aa,-71,1,Pesquisa em Eng. Elétrica,Duck,8
18/11/2025,06:58:45,36,UA2-MiniLab,60:32:b1:2d:66:c3,-76,10,Pesquisa em Eng. Elétrica,Duck,8
18/11/2025,06:58:45,36,TP-Link_1324,7c:f1:7e:8d:13:22,-78,3,Pesquisa em Eng. Elétrica,Duck,8
18/11/2025,06:58:45,36,IFPB,e4:4e:2d:85:4c:60,-78,11,Pesquisa em Eng. Elétrica,Duck,8
18/11/2025,06:58:45,36,IFPB-VISITANTE,e4:4e:2d:85:4c:62,-78,11,Pesquisa em Eng. Elétrica,Duck,8
18/11/2025,06:58:45,36,IFPB TCC,d8:5d:4c:86:7e:66,-80,1,Pesquisa em Eng. Elétrica,Duck,8
18/11/2025,06:58:45,36,NPEF/NEPA,50:c7:bf:ef:56:8a,-80,1,Pesquisa em Eng. Elétrica,Duck,8
18/11/2025,06:58:45,36,IFPB-Sala_Professor_14,24:fd:0d:57:19:26,-86,2,Pesquisa em Eng. Elétrica,Duck,8
18/11/2025,06:58:45,36,IFPB-Sala_Professor_14,48:51:cf:81:b0:9e,-87,2,Pesquisa em Eng. Elétrica,Duck,8
18/11/2025,06:58:45,36,IFPB,24:36:da:2b:bc:00,-89,6,Pesquisa em Eng. Elétrica,Duck,8
18/11/2025,06:58:45,36,NUNYA_Room_2.4GHz,cc:32:e5:0c:fc:2b,-89,10,Pesquisa em Eng. Elétrica,Duck,8
18/11/2025,06:58:45,36,IFPB-VISITANTE,84:f1:47:54:8b:a2,-89,11,Pesquisa em Eng. Elétrica,Duck,8
18/11/2025,06:58:45,36,IFPB-VISITANTE,84:f1:47:54:eb:22,-90,1,Pesquisa em Eng. Elétrica,Duck,8
18/11/2025,06:58:45,36,IFPB,84:f1:47:54:eb:20,-90,1,Pesquisa em Eng. Elétrica,Duck,8
18/11/2025,06:58:45,36,IFPB,84:f1:47:54:8b:a0,-90,11,Pesquisa em Eng. Elétrica,Duck,8
18/11/2025,06:58:45,36,IFPB-Sala_13,e8:94:f6:b9:2f:46,-96,10,Pesquisa em Eng. Elétrica,Duck,8
18/11/2025,06:58:54,37,Lab. de Sinais Digitais,18:d6:c7:f9:37:2f,-52,11,Pesquisa em Eng. Elétrica,Duck,8
18/11/2025,06:58:54,37,Intelbras,18:0d:2c:7f:eb:ac,-61,7,Pesquisa em Eng. Elétrica,Duck,8
18/11/2025,06:58:54,37,APTelefonia,58:10:8c:91:f3:aa,-65,1,Pesquisa em Eng. Elétrica,Duck,8
18/11/2025,06:58:54,37,IFPB TCC,d8:5d:4c:86:7e:66,-75,1,Pesquisa em Eng. Elétrica,Duck,8
18/11/2025,06:58:54,37,GPDS,00:26:5a:66:55:ef,-75,6,Pesquisa em Eng. Elétrica,Duck,8
18/11/2025,06:58:54,37,IFPB-Sala_Professor_14,48:51:cf:81:b0:9e,-78,2,Pesquisa em Eng. Elétrica,Duck,8
18/11/2025,06:58:54,37,TP-Link_1324,7c:f1:7e:8d:13:22,-78,3,Pesquisa em Eng. Elétrica,Duck,8
18/11/2025,06:58:54,37,IFPB-Sala_Professor_14,24:fd:0d:57:19:26,-79,2,Pesquisa em Eng. Elétrica,Duck,8
18/11/2025,06:58:54,37,IFPB,e4:4e:2d:85:4c:60,-80,11,Pesquisa em Eng. Elétrica,Duck,8
18/11/2025,06:58:54,37,IFPB-VISITANTE,e4:4e:2d:85:4c:62,-80,11,Pesquisa em Eng. Elétrica,Duck,8
18/11/2025,06:58:54,37,UA2-MiniLab,60:32:b1:2d:66:c3,-82,10,Pesquisa em Eng. Elétrica,Duck,8
18/11/2025,06:58:54,37,NPEF/NEPA,50:c7:bf:ef:56:8a,-84,1,Pesquisa em Eng. Elétrica,Duck,8
18/11/2025,06:58:54,37,IFPB,84:f1:47:54:eb:20,-85,1,Pesquisa em Eng. Elétrica,Duck,8
18/11/2025,06:58:54,37,IFPB-VISITANTE,84:f1:47:54:eb:22,-86,1,Pesquisa em Eng. Elétrica,Duck,8
18/11/2025,06:58:54,37,IFPB-VISITANTE,24:36:da:2b:bc:02,-87,6,Pesquisa em Eng. Elétrica,Duck,8
18/11/2025,06:58:54,37,IFPB,24:36:da:2b:bc:00,-87,6,Pesquisa em Eng. Elétrica,Duck,8
18/11/2025,06:58:54,37,IFPB,84:f1:47:54:8b:a0,-87,11,Pesquisa em Eng. Elétrica,Duck,8
18/11/2025,06:58:54,37,IFPB-VISITANTE,84:f1:47:54:8b:a2,-87,11,Pesquisa em Eng. Elétrica,Duck,8
18/11/2025,06:58:54,37,IFPB,84:f1:47:54:96:e0,-89,1,Pesquisa em Eng. Elétrica,Duck,8
18/11/2025,06:58:54,37,NUNYA_Room_2.4GHz,cc:32:e5:0c:fc:2b,-89,10,Pesquisa em Eng. Elétrica,Duck,8
18/11/2025,06:58:54,37,IFPB-Sala_13,e8:94:f6:b9:2f:46,-91,10,Pesquisa em Eng. Elétrica,Duck,8
18/11/2025,06:58:54,37,TP-Link_C3CB,d8:0d:17:3e:c3:cb,-95,4,Pesquisa em Eng. Elétrica,Duck,8
18/11/2025,06:59:03,38,Lab. de Sinais Digitais,18:d6:c7:f9:37:2f,-56,11,Pesquisa em Eng. Elétrica,Duck,8
18/11/2025,06:59:03,38,APTelefonia,58:10:8c:91:f3:aa,-61,1,Pesquisa em Eng. Elétrica,Duck,8
18/11/2025,06:59:03,38,Intelbras,18:0d:2c:7f:eb:ac,-64,7,Pesquisa em Eng. Elétrica,Duck,8
18/11/2025,06:59:03,38,GPDS,00:26:5a:66:55:ef,-71,6,Pesquisa em Eng. Elétrica,Duck,8
18/11/2025,06:59:03,38,Asterisk Server,18:0d:2c:7f:f5:9c,-72,10,Pesquisa em Eng. Elétrica,Duck,8
18/11/2025,06:59:03,38,TP-Link_1324,7c:f1:7e:8d:13:22,-77,3,Pesquisa em Eng. Elétrica,Duck,8
18/11/2025,06:59:03,38,UA2-MiniLab,60:32:b1:2d:66:c3,-77,10,Pesquisa em Eng. Elétrica,Duck,8
18/11/2025,06:59:03,38,IFPB-Sala_Professor_14,24:fd:0d:57:19:26,-78,2,Pesquisa em Eng. Elétrica,Duck,8
18/11/2025,06:59:03,38,IFPB,e4:4e:2d:85:4c:60,-78,11,Pesquisa em Eng. Elétrica,Duck,8
18/11/2025,06:59:03,38,IFPB-VISITANTE,e4:4e:2d:85:4c:62,-78,11,Pesquisa em Eng. Elétrica,Duck,8
18/11/2025,06:59:03,38,IFPB-Sala_Professor_14,48:51:cf:81:b0:9e,-79,2,Pesquisa em Eng. Elétrica,Duck,8
18/11/2025,06:59:03,38,IFPB TCC,d8:5d:4c:86:7e:66,-81,1,Pesquisa em Eng. Elétrica,Duck,8
18/11/2025,06:59:03,38,NPEF/NEPA,50:c7:bf:ef:56:8a,-82,1,Pesquisa em Eng. Elétrica,Duck,8
18/11/2025,06:59:03,38,NUNYA_Room_2.4GHz,cc:32:e5:0c:fc:2b,-82,10,Pesquisa em Eng. Elétrica,Duck,8
18/11/2025,06:59:03,38,IFPB-VISITANTE,84:f1:47:54:eb:22,-86,1,Pesquisa em Eng. Elétrica,Duck,8
18/11/2025,06:59:03,38,IFPB,84:f1:47:54:8b:a0,-87,11,Pesquisa em Eng. Elétrica,Duck,8
18/11/2025,06:59:03,38,IFPB-VISITANTE,84:f1:47:54:8b:a2,-87,11,Pesquisa em Eng. Elétrica,Duck,8
18/11/2025,06:59:03,38,IFPB,84:f1:47:54:eb:20,-88,1,Pesquisa em Eng. Elétrica,Duck,8
18/11/2025,06:59:03,38,TP-Link_C3CB,d8:0d:17:3e:c3:cb,-90,4,Pesquisa em Eng. Elétrica,Duck,8
18/11/2025,06:59:03,38,IFPB-VISITANTE,84:f1:47:54:96:e2,-91,1,Pesquisa em Eng. Elétrica,Duck,8
18/11/2025,06:59:03,38,IFPB-Sala_13,e8:94:f6:b9:2f:46,-95,10,Pesquisa em Eng. Elétrica,Duck,8
18/11/2025,06:59:12,39,Lab. de Sinais Digitais,18:d6:c7:f9:37:2f,-52,11,Pesquisa em Eng. Elétrica,Duck,8
18/11/2025,06:59:12,39,APTelefonia,58:10:8c:91:f3:aa,-62,1,Pesquisa em Eng. Elétrica,Duck,8
18/11/2025,06:59:12,39,Intelbras,18:0d:2c:7f:eb:ac,-65,7,Pesquisa em Eng. Elétrica,Duck,8
18/11/2025,06:59:12,39,GPDS,00:26:5a:66:55:ef,-67,6,Pesquisa em Eng. Elétrica,Duck,8
18/11/2025,06:59:12,39,Asterisk Server,18:0d:2c:7f:f5:9c,-75,10,Pesquisa em Eng. Elétrica,Duck,8
18/11/2025,06:59:12,39,UA2-MiniLab,60:32:b1:2d:66:c3,-76,10,Pesquisa em Eng. Elétrica,Duck,8
18/11/2025,06:59:12,39,TP-Link_1324,7c:f1:7e:8d:13:22,-79,3,Pesquisa em Eng. Elétrica,Duck,8
18/11/2025,06:59:12,39,IFPB,e4:4e:2d:85:4c:60,-79,11,Pesquisa em Eng. Elétrica,Duck,8
18/11/2025,06:59:12,39,IFPB-VISITANTE,e4:4e:2d:85:4c:62,-79,11,Pesquisa em Eng. Elétrica,Duck,8
18/11/2025,06:59:12,39,NPEF/NEPA,50:c7:bf:ef:56:8a,-81,1,Pesquisa em Eng. Elétrica,Duck,8
18/11/2025,06:59:12,39,IFPB TCC,d8:5d:4c:86:7e:66,-81,1,Pesquisa em Eng. Elétrica,Duck,8
18/11/2025,06:59:12,39,IFPB-Sala_Professor_14,24:fd:0d:57:19:26,-83,2,Pesquisa em Eng. Elétrica,Duck,8
18/11/2025,06:59:12,39,IFPB,84:f1:47:54:8b:a0,-86,11,Pesquisa em Eng. Elétrica,Duck,8
18/11/2025,06:59:12,39,IFPB,84:f1:47:54:eb:20,-87,1,Pesquisa em Eng. Elétrica,Duck,8
18/11/2025,06:59:12,39,IFPB-VISITANTE,84:f1:47:54:eb:22,-87,1,Pesquisa em Eng. Elétrica,Duck,8
18/11/2025,06:59:12,39,IFPB-VISITANTE,84:f1:47:54:8b:a2,-87,11,Pesquisa em Eng. Elétrica,Duck,8
18/11/2025,06:59:12,39,IFPB-Sala_Professor_14,48:51:cf:81:b0:9e,-88,2,Pesquisa em Eng. Elétrica,Duck,8
18/11/2025,06:59:12,39,IFPB-VISITANTE,84:f1:47:54:96:e2,-90,1,Pesquisa em Eng. Elétrica,Duck,8
18/11/2025,06:59:12,39,TP-Link_C3CB,d8:0d:17:3e:c3:cb,-92,4,Pesquisa em Eng. Elétrica,Duck,8
18/11/2025,06:59:12,39,NUNYA_Room_2.4GHz,cc:32:e5:0c:fc:2b,-92,10,Pesquisa em Eng. Elétrica,Duck,8
18/11/2025,06:59:12,39,IFPB-Sala_13,e8:94:f6:b9:2f:46,-93,10,Pesquisa em Eng. Elétrica,Duck,8
18/11/2025,06:59:21,40,APTelefonia,58:10:8c:91:f3:aa,-61,1,Pesquisa em Eng. Elétrica,Duck,8
18/11/2025,06:59:21,40,Lab. de Sinais Digitais,18:d6:c7:f9:37:2f,-61,11,Pesquisa em Eng. Elétrica,Duck,8
18/11/2025,06:59:21,40,GPDS,00:26:5a:66:55:ef,-66,6,Pesquisa em Eng. Elétrica,Duck,8
18/11/2025,06:59:21,40,Intelbras,18:0d:2c:7f:eb:ac,-67,7,Pesquisa em Eng. Elétrica,Duck,8
18/11/2025,06:59:21,40,Asterisk Server,18:0d:2c:7f:f5:9c,-68,10,Pesquisa em Eng. Elétrica,Duck,8
18/11/2025,06:59:21,40,UA2-MiniLab,60:32:b1:2d:66:c3,-78,10,Pesquisa em Eng. Elétrica,Duck,8
18/11/2025,06:59:21,40,TP-Link_1324,7c:f1:7e:8d:13:22,-79,3,Pesquisa em Eng. Elétrica,Duck,8
18/11/2025,06:59:21,40,IFPB TCC,d8:5d:4c:86:7e:66,-80,1,Pesquisa em Eng. Elétrica,Duck,8
18/11/2025,06:59:21,40,NPEF/NEPA,50:c7:bf:ef:56:8a,-82,1,Pesquisa em Eng. Elétrica,Duck,8
18/11/2025,06:59:21,40,IFPB-Sala_Professor_14,48:51:cf:81:b0:9e,-84,2,Pesquisa em Eng. Elétrica,Duck,8
18/11/2025,06:59:21,40,IFPB-Sala_Professor_14,24:fd:0d:57:19:26,-84,2,Pesquisa em Eng. Elétrica,Duck,8
18/11/2025,06:59:21,40,IFPB,e4:4e:2d:85:4c:60,-84,11,Pesquisa em Eng. Elétrica,Duck,8
18/11/2025,06:59:21,40,IFPB-VISITANTE,e4:4e:2d:85:4c:62,-84,11,Pesquisa em Eng. Elétrica,Duck,8
18/11/2025,06:59:21,40,IFPB-VISITANTE,84:f1:47:54:eb:22,-87,1,Pesquisa em Eng. Elétrica,Duck,8
18/11/2025,06:59:21,40,IFPB,84:f1:47:54:eb:20,-88,1,Pesquisa em Eng. Elétrica,Duck,8
18/11/2025,06:59:21,40,IFPB,84:f1:47:54:8b:a0,-88,11,Pesquisa em Eng. Elétrica,Duck,8
18/11/2025,06:59:21,40,IFPB-VISITANTE,84:f1:47:54:8b:a2,-88,11,Pesquisa em Eng. Elétrica,Duck,8
18/11/2025,06:59:21,40,TP-Link_C3CB,d8:0d:17:3e:c3:cb,-94,4,Pesquisa em Eng. Elétrica,Duck,8
18/11/2025,06:59:21,40,NUNYA_Room_2.4GHz,cc:32:e5:0c:fc:2b,-94,10,Pesquisa em Eng. Elétrica,Duck,8
18/11/2025,06:59:21,40,IFPB-Sala_13,e8:94:f6:b9:2f:46,-95,10,Pesquisa em Eng. Elétrica,Duck,8
18/11/2025,06:59:57,41,Lab. de Sinais Digitais,18:d6:c7:f9:37:2f,-59,11,Práticas didáticas,Goose,9
18/11/2025,06:59:57,41,GPDS,00:26:5a:66:55:ef,-61,6,Práticas didáticas,Goose,9
18/11/2025,06:59:57,41,UA2-MiniLab,60:32:b1:2d:66:c3,-65,10,Práticas didáticas,Goose,9
18/11/2025,06:59:57,41,NPEF/NEPA,50:c7:bf:ef:56:8a,-67,1,Práticas didáticas,Goose,9
18/11/2025,06:59:57,41,APTelefonia,58:10:8c:91:f3:aa,-71,1,Práticas didáticas,Goose,9
18/11/2025,06:59:57,41,IFPB-Sala_Professor_14,48:51:cf:81:b0:9e,-74,2,Práticas didáticas,Goose,9
18/11/2025,06:59:57,41,Asterisk Server,18:0d:2c:7f:f5:9c,-74,6,Práticas didáticas,Goose,9
18/11/2025,06:59:57,41,Intelbras,18:0d:2c:7f:eb:ac,-74,7,Práticas didáticas,Goose,9
18/11/2025,06:59:57,41,Mm,06:1e:a2:0a:db:03,-78,6,Práticas didáticas,Goose,9
18/11/2025,06:59:57,41,IFPB,84:f1:47:54:8b:a0,-81,11,Práticas didáticas,Goose,9
18/11/2025,06:59:57,41,IFPB,84:f1:47:54:eb:20,-82,1,Práticas didáticas,Goose,9
18/11/2025,06:59:57,41,IFPB-VISITANTE,84:f1:47:54:eb:22,-82,1,Práticas didáticas,Goose,9
18/11/2025,06:59:57,41,IFPB-Sala_Professor_14,24:fd:0d:57:19:26,-82,2,Práticas didáticas,Goose,9
18/11/2025,06:59:57,41,IFPB-VISITANTE,84:f1:47:54:8b:a2,-82,11,Práticas didáticas,Goose,9
18/11/2025,06:59:57,41,IFPB-VISITANTE,84:f1:47:54:f9:82,-83,6,Práticas didáticas,Goose,9
18/11/2025,06:59:57,41,IFPB,84:f1:47:54:f9:80,-83,6,Práticas didáticas,Goose,9
18/11/2025,06:59:57,41,TP-Link_1324,7c:f1:7e:8d:13:22,-86,3,Práticas didáticas,Goose,9
18/11/2025,06:59:57,41,TP-Link_C3CB,d8:0d:17:3e:c3:cb,-87,4,Práticas didáticas,Goose,9
18/11/2025,06:59:57,41,IFPB,e4:4e:2d:85:4c:60,-87,11,Práticas didáticas,Goose,9
18/11/2025,06:59:57,41,IFPB-VISITANTE,e4:4e:2d:85:4c:62,-87,11,Práticas didáticas,Goose,9
18/11/2025,06:59:57,41,NUNYA_Room_2.4GHz,cc:32:e5:0c:fc:2b,-91,10,Práticas didáticas,Goose,9
18/11/2025,06:59:57,41,IFPB-Sala_13,e8:94:f6:b9:2f:46,-95,10,Práticas didáticas,Goose,9
18/11/2025,07:00:06,42,GPDS,00:26:5a:66:55:ef,-61,6,Práticas didáticas,Goose,9
18/11/2025,07:00:06,42,Lab. de Sinais Digitais,18:d6:c7:f9:37:2f,-61,11,Práticas didáticas,Goose,9
18/11/2025,07:00:06,42,NPEF/NEPA,50:c7:bf:ef:56:8a,-70,1,Práticas didáticas,Goose,9
18/11/2025,07:00:06,42,UA2-MiniLab,60:32:b1:2d:66:c3,-70,10,Práticas didáticas,Goose,9
18/11/2025,07:00:06,42,Intelbras,18:0d:2c:7f:eb:ac,-73,7,Práticas didáticas,Goose,9
18/11/2025,07:00:06,42,Mm,06:1e:a2:0a:db:03,-74,6,Práticas didáticas,Goose,9
18/11/2025,07:00:06,42,APTelefonia,58:10:8c:91:f3:aa,-75,1,Práticas didáticas,Goose,9
18/11/2025,07:00:06,42,Asterisk Server,18:0d:2c:7f:f5:9c,-76,6,Práticas didáticas,Goose,9
18/11/2025,07:00:06,42,IFPB-Sala_Professor_14,48:51:cf:81:b0:9e,-78,2,Práticas didáticas,Goose,9
18/11/2025,07:00:06,42,IFPB-VISITANTE,84:f1:47:54:8b:a2,-81,11,Práticas didáticas,Goose,9
18/11/2025,07:00:06,42,IFPB,84:f1:47:54:eb:20,-82,1,Práticas didáticas,Goose,9
18/11/2025,07:00:06,42,IFPB-VISITANTE,84:f1:47:54:eb:22,-82,1,Práticas didáticas,Goose,9
18/11/2025,07:00:06,42,IFPB,84:f1:47:54:8b:a0,-82,11,Práticas didáticas,Goose,9
18/11/2025,07:00:06,42,IFPB,84:f1:47:54:f9:80,-83,6,Práticas didáticas,Goose,9
18/11/2025,07:00:06,42,TP-Link_1324,7c:f1:7e:8d:13:22,-84,3,Práticas didáticas,Goose,9
18/11/2025,07:00:06,42,IFPB-VISITANTE,84:f1:47:54:f9:82,-84,6,Práticas didáticas,Goose,9
18/11/2025,07:00:06,42,IFPB-VISITANTE,e4:4e:2d:85:4c:62,-86,11,Práticas didáticas,Goose,9
18/11/2025,07:00:06,42,TP-Link_C3CB,d8:0d:17:3e:c3:cb,-87,4,Práticas didáticas,Goose,9
18/11/2025,07:00:06,42,IFPB,e4:4e:2d:85:4c:60,-87,11,Práticas didáticas,Goose,9
18/11/2025,07:00:06,42,IFPB-Sala_Professor_14,24:fd:0d:57:19:26,-88,2,Práticas didáticas,Goose,9
18/11/2025,07:00:06,42,NUNYA_Room_2.4GHz,cc:32:e5:0c:fc:2b,-90,10,Práticas didáticas,Goose,9
18/11/2025,07:00:06,42,IFPB-Sala_13,e8:94:f6:b9:2f:46,-96,10,Práticas didáticas,Goose,9
18/11/2025,07:00:15,43,GPDS,00:26:5a:66:55:ef,-59,6,Práticas didáticas,Goose,9
18/11/2025,07:00:15,43,Lab. de Sinais Digitais,18:d6:c7:f9:37:2f,-59,11,Práticas didáticas,Goose,9
18/11/2025,07:00:15,43,NPEF/NEPA,50:c7:bf:ef:56:8a,-64,1,Práticas didáticas,Goose,9
18/11/2025,07:00:15,43,UA2-MiniLab,60:32:b1:2d:66:c3,-65,10,Práticas didáticas,Goose,9
18/11/2025,07:00:15,43,Mm,06:1e:a2:0a:db:03,-71,6,Práticas didáticas,Goose,9
18/11/2025,07:00:15,43,APTelefonia,58:10:8c:91:f3:aa,-72,1,Práticas didáticas,Goose,9
18/11/2025,07:00:15,43,Intelbras,18:0d:2c:7f:eb:ac,-73,7,Práticas didáticas,Goose,9
18/11/2025,07:00:15,43,IFPB-Sala_Professor_14,48:51:cf:81:b0:9e,-75,2,Práticas didáticas,Goose,9
18/11/2025,07:00:15,43,Asterisk Server,18:0d:2c:7f:f5:9c,-76,6,Práticas didáticas,Goose,9
18/11/2025,07:00:15,43,IFPB-VISITANTE,84:f1:47:54:f9:82,-77,6,Práticas didáticas,Goose,9
18/11/2025,07:00:15,43,IFPB,84:f1:47:54:f9:80,-77,6,Práticas didáticas,Goose,9
18/11/2025,07:00:15,43,IFPB,84:f1:47:54:eb:20,-80,1,Práticas didáticas,Goose,9
18/11/2025,07:00:15,43,IFPB-VISITANTE,84:f1:47:54:eb:22,-80,1,Práticas didáticas,Goose,9
18/11/2025,07:00:15,43,IFPB,84:f1:47:54:8b:a0,-80,11,Práticas didáticas,Goose,9
18/11/2025,07:00:15,43,TP-Link_1324,7c:f1:7e:8d:13:22,-81,3,Práticas didáticas,Goose,9
18/11/2025,07:00:15,43,IFPB-VISITANTE,84:f1:47:54:8b:a2,-81,11,Práticas didáticas,Goose,9
18/11/2025,07:00:15,43,TP-Link_C3CB,d8:0d:17:3e:c3:cb,-84,4,Práticas didáticas,Goose,9
18/11/2025,07:00:15,43,IFPB-Sala_Professor_14,24:fd:0d:57:19:26,-85,2,Práticas didáticas,Goose,9
18/11/2025,07:00:15,43,NUNYA_Room_2.4GHz,cc:32:e5:0c:fc:2b,-85,10,Práticas didáticas,Goose,9
18/11/2025,07:00:15,43,IFPB,e4:4e:2d:85:4c:60,-85,11,Práticas didáticas,Goose,9
18/11/2025,07:00:15,43,IFPB-VISITANTE,e4:4e:2d:85:4c:62,-86,11,Práticas didáticas,Goose,9
18/11/2025,07:00:15,43,IFPB TCC,d8:5d:4c:86:7e:66,-93,1,Práticas didáticas,Goose,9
18/11/2025,07:00:15,43,IFPB-Sala_13,e8:94:f6:b9:2f:46,-93,10,Práticas didáticas,Goose,9
18/11/2025,07:00:25,44,Lab. de Sinais Digitais,18:d6:c7:f9:37:2f,-58,11,Práticas didáticas,Goose,9
18/11/2025,07:00:25,44,GPDS,00:26:5a:66:55:ef,-62,6,Práticas didáticas,Goose,9
18/11/2025,07:00:25,44,UA2-MiniLab,60:32:b1:2d:66:c3,-63,10,Práticas didáticas,Goose,9
18/11/2025,07:00:25,44,NPEF/NEPA,50:c7:bf:ef:56:8a,-64,1,Práticas didáticas,Goose,9
18/11/2025,07:00:25,44,APTelefonia,58:10:8c:91:f3:aa,-71,1,Práticas didáticas,Goose,9
18/11/2025,07:00:25,44,Intelbras,18:0d:2c:7f:eb:ac,-71,7,Práticas didáticas,Goose,9
18/11/2025,07:00:25,44,IFPB-Sala_Professor_14,48:51:cf:81:b0:9e,-75,2,Práticas didáticas,Goose,9
18/11/2025,07:00:25,44,IFPB-VISITANTE,84:f1:47:54:eb:22,-78,1,Práticas didáticas,Goose,9
18/11/2025,07:00:25,44,IFPB,84:f1:47:54:eb:20,-79,1,Práticas didáticas,Goose,9
18/11/2025,07:00:25,44,IFPB-Sala_Professor_14,24:fd:0d:57:19:26,-79,2,Práticas didáticas,Goose,9
18/11/2025,07:00:25,44,IFPB-VISITANTE,84:f1:47:54:f9:82,-80,6,Práticas didáticas,Goose,9
18/11/2025,07:00:25,44,IFPB,84:f1:47:54:f9:80,-80,6,Práticas didáticas,Goose,9
18/11/2025,07:00:25,44,TP-Link_1324,7c:f1:7e:8d:13:22,-82,3,Práticas didáticas,Goose,9
18/11/2025,07:00:25,44,IFPB-VISITANTE,84:f1:47:54:8b:a2,-82,11,Práticas didáticas,Goose,9
18/11/2025,07:00:25,44,NUNYA_Room_2.4GHz,cc:32:e5:0c:fc:2b,-83,10,Práticas didáticas,Goose,9
18/11/2025,07:00:25,44,IFPB,84:f1:47:54:8b:a0,-83,11,Práticas didáticas,Goose,9
18/11/2025,07:00:25,44,TP-Link_C3CB,d8:0d:17:3e:c3:cb,-84,4,Práticas didáticas,Goose,9
18/11/2025,07:00:25,44,IFPB,e4:4e:2d:85:4c:60,-85,11,Práticas didáticas,Goose,9
18/11/2025,07:00:25,44,IFPB-VISITANTE,e4:4e:2d:85:4c:62,-85,11,Práticas didáticas,Goose,9
18/11/2025,07:00:25,44,Mm,06:1e:a2:0a:db:03,-91,6,Práticas didáticas,Goose,9
18/11/2025,07:00:25,44,IFPB TCC,d8:5d:4c:86:7e:66,-92,1,Práticas didáticas,Goose,9
18/11/2025,07:00:25,44,IFPB-Sala_13,e8:94:f6:b9:2f:46,-94,10,Práticas didáticas,Goose,9
18/11/2025,07:00:34,45,Lab. de Sinais Digitais,18:d6:c7:f9:37:2f,-59,11,Práticas didáticas,Goose,9
18/11/2025,07:00:34,45,UA2-MiniLab,60:32:b1:2d:66:c3,-62,10,Práticas didáticas,Goose,9
18/11/2025,07:00:34,45,GPDS,00:26:5a:66:55:ef,-63,6,Práticas didáticas,Goose,9
18/11/2025,07:00:34,45,NPEF/NEPA,50:c7:bf:ef:56:8a,-64,1,Práticas didáticas,Goose,9
18/11/2025,07:00:34,45,APTelefonia,58:10:8c:91:f3:aa,-72,1,Práticas didáticas,Goose,9
18/11/2025,07:00:34,45,Intelbras,18:0d:2c:7f:eb:ac,-73,7,Práticas didáticas,Goose,9
18/11/2025,07:00:34,45,IFPB-Sala_Professor_14,48:51:cf:81:b0:9e,-74,2,Práticas didáticas,Goose,9
18/11/2025,07:00:34,45,IFPB-VISITANTE,84:f1:47:54:eb:22,-78,1,Práticas didáticas,Goose,9
18/11/2025,07:00:34,45,IFPB,84:f1:47:54:eb:20,-79,1,Práticas didáticas,Goose,9
18/11/2025,07:00:34,45,TP-Link_1324,7c:f1:7e:8d:13:22,-80,3,Práticas didáticas,Goose,9
18/11/2025,07:00:34,45,IFPB,84:f1:47:54:f9:80,-80,6,Práticas didáticas,Goose,9
18/11/2025,07:00:34,45,IFPB-VISITANTE,84:f1:47:54:f9:82,-80,6,Práticas didáticas,Goose,9
18/11/2025,07:00:34,45,IFPB-Sala_Professor_14,24:fd:0d:57:19:26,-81,2,Práticas didáticas,Goose,9
18/11/2025,07:00:34,45,IFPB,84:f1:47:54:8b:a0,-82,11,Práticas didáticas,Goose,9
18/11/2025,07:00:34,45,IFPB-VISITANTE,84:f1:47:54:8b:a2,-82,11,Práticas didáticas,Goose,9
18/11/2025,07:00:34,45,IFPB,e4:4e:2d:85:4c:60,-85,11,Práticas didáticas,Goose,9
18/11/2025,07:00:34,45,TP-Link_C3CB,d8:0d:17:3e:c3:cb,-86,4,Práticas didáticas,Goose,9
18/11/2025,07:00:34,45,Mm,06:1e:a2:0a:db:03,-86,6,Práticas didáticas,Goose,9
18/11/2025,07:00:34,45,NUNYA_Room_2.4GHz,cc:32:e5:0c:fc:2b,-86,10,Práticas didáticas,Goose,9
18/11/2025,07:00:34,45,IFPB-VISITANTE,e4:4e:2d:85:4c:62,-87,11,Práticas didáticas,Goose,9
18/11/2025,07:00:34,45,IFPB TCC,d8:5d:4c:86:7e:66,-93,1,Práticas didáticas,Goose,9
18/11/2025,07:00:34,45,IFPB-Sala_13,e8:94:f6:b9:2f:46,-96,10,Práticas didáticas,Goose,9
18/11/2025,07:01:29,46,IFPB-Sala_Professor_14,24:fd:0d:57:19:26,-60,2,Sala dos professores,Bull,10
18/11/2025,07:01:29,46,IFPB-Sala_Professor_14,48:51:cf:81:b0:9e,-62,2,Sala dos professores,Bull,10
18/11/2025,07:01:29,46,IFPB,84:f1:47:54:fd:c0,-64,1,Sala dos professores,Bull,10
18/11/2025,07:01:29,46,IFPB-VISITANTE,84:f1:47:54:fd:c2,-64,1,Sala dos professores,Bull,10
18/11/2025,07:01:29,46,APTelefonia,58:10:8c:91:f3:aa,-70,1,Sala dos professores,Bull,10
18/11/2025,07:01:29,46,Intelbras,18:0d:2c:7f:eb:ac,-71,7,Sala dos professores,Bull,10
18/11/2025,07:01:29,46,IFPB TCC,d8:5d:4c:86:7e:66,-73,1,Sala dos professores,Bull,10
18/11/2025,07:01:29,46,IFPB-Sala_13,e8:94:f6:b9:2f:46,-74,10,Sala dos professores,Bull,10
18/11/2025,07:01:29,46,NUNYA_Room_2.4GHz,cc:32:e5:0c:fc:2b,-75,10,Sala dos professores,Bull,10
18/11/2025,07:01:29,46,Lab. de Sinais Digitais,18:d6:c7:f9:37:2f,-78,11,Sala dos professores,Bull,10
18/11/2025,07:01:29,46,UA2-MiniLab,60:32:b1:2d:66:c3,-82,10,Sala dos professores,Bull,10
18/11/2025,07:01:29,46,TP-Link_C3CB,d8:0d:17:3e:c3:cb,-83,4,Sala dos professores,Bull,10
18/11/2025,07:01:29,46,GPDS,00:26:5a:66:55:ef,-87,6,Sala dos professores,Bull,10
18/11/2025,07:01:29,46,Lab Redes Convergentes,64:70:02:99:fe:f4,-91,6,Sala dos professores,Bull,10
18/11/2025,07:01:38,47,IFPB-Sala_Professor_14,24:fd:0d:57:19:26,-55,2,Sala dos professores,Bull,10
18/11/2025,07:01:38,47,IFPB-Sala_Professor_14,48:51:cf:81:b0:9e,-62,2,Sala dos professores,Bull,10
18/11/2025,07:01:38,47,IFPB,84:f1:47:54:fd:c0,-64,1,Sala dos professores,Bull,10
18/11/2025,07:01:38,47,IFPB-VISITANTE,84:f1:47:54:fd:c2,-64,1,Sala dos professores,Bull,10
18/11/2025,07:01:38,47,IFPB-Sala_13,e8:94:f6:b9:2f:46,-69,10,Sala dos professores,Bull,10
18/11/2025,07:01:38,47,Intelbras,18:0d:2c:7f:eb:ac,-72,7,Sala dos professores,Bull,10
18/11/2025,07:01:38,47,APTelefonia,58:10:8c:91:f3:aa,-73,1,Sala dos professores,Bull,10
18/11/2025,07:01:38,47,IFPB TCC,d8:5d:4c:86:7e:66,-73,1,Sala dos professores,Bull,10
18/11/2025,07:01:38,47,NUNYA_Room_2.4GHz,cc:32:e5:0c:fc:2b,-75,10,Sala dos professores,Bull,10
18/11/2025,07:01:38,47,Lab. de Sinais Digitais,18:d6:c7:f9:37:2f,-77,11,Sala dos professores,Bull,10
18/11/2025,07:01:38,47,TP-Link_C3CB,d8:0d:17:3e:c3:cb,-81,4,Sala dos professores,Bull,10
18/11/2025,07:01:38,47,UA2-MiniLab,60:32:b1:2d:66:c3,-81,10,Sala dos professores,Bull,10
18/11/2025,07:01:38,47,TP-Link_1324,7c:f1:7e:8d:13:22,-85,3,Sala dos professores,Bull,10
18/11/2025,07:01:38,47,GPDS,00:26:5a:66:55:ef,-88,6,Sala dos professores,Bull,10
18/11/2025,07:01:38,47,Lab Redes Convergentes,64:70:02:99:fe:f4,-95,6,Sala dos professores,Bull,10
18/11/2025,07:01:47,48,IFPB-Sala_Professor_14,48:51:cf:81:b0:9e,-59,2,Sala dos professores,Bull,10
18/11/2025,07:01:47,48,IFPB-Sala_Professor_14,24:fd:0d:57:19:26,-62,2,Sala dos professores,Bull,10
18/11/2025,07:01:47,48,IFPB,84:f1:47:54:fd:c0,-63,1,Sala dos professores,Bull,10
18/11/2025,07:01:47,48,IFPB-VISITANTE,84:f1:47:54:fd:c2,-64,1,Sala dos professores,Bull,10
18/11/2025,07:01:47,48,NUNYA_Room_2.4GHz,cc:32:e5:0c:fc:2b,-69,10,Sala dos professores,Bull,10
18/11/2025,07:01:47,48,IFPB-Sala_13,e8:94:f6:b9:2f:46,-69,10,Sala dos professores,Bull,10
18/11/2025,07:01:47,48,IFPB TCC,d8:5d:4c:86:7e:66,-71,1,Sala dos professores,Bull,10
18/11/2025,07:01:47,48,Intelbras,18:0d:2c:7f:eb:ac,-73,7,Sala dos professores,Bull,10
18/11/2025,07:01:47,48,Asterisk Server,18:0d:2c:7f:f5:9c,-79,6,Sala dos professores,Bull,10
18/11/2025,07:01:47,48,Lab. de Sinais Digitais,18:d6:c7:f9:37:2f,-79,11,Sala dos professores,Bull,10
18/11/2025,07:01:47,48,TP-Link_1324,7c:f1:7e:8d:13:22,-84,3,Sala dos professores,Bull,10
18/11/2025,07:01:47,48,TP-Link_C3CB,d8:0d:17:3e:c3:cb,-86,4,Sala dos professores,Bull,10
18/11/2025,07:01:47,48,GPDS,00:26:5a:66:55:ef,-86,6,Sala dos professores,Bull,10
18/11/2025,07:01:47,48,UA2-MiniLab,60:32:b1:2d:66:c3,-88,10,Sala dos professores,Bull,10
18/11/2025,07:01:47,48,Lab Redes Convergentes,64:70:02:99:fe:f4,-93,6,Sala dos professores,Bull,10
18/11/2025,07:01:56,49,IFPB-Sala_Professor_14,24:fd:0d:57:19:26,-54,2,Sala dos professores,Bull,10
18/11/2025,07:01:56,49,IFPB-Sala_Professor_14,48:51:cf:81:b0:9e,-59,2,Sala dos professores,Bull,10
18/11/2025,07:01:56,49,IFPB,84:f1:47:54:fd:c0,-64,1,Sala dos professores,Bull,10
18/11/2025,07:01:56,49,IFPB-VISITANTE,84:f1:47:54:fd:c2,-64,1,Sala dos professores,Bull,10
18/11/2025,07:01:56,49,IFPB-Sala_13,e8:94:f6:b9:2f:46,-70,10,Sala dos professores,Bull,10
18/11/2025,07:01:56,49,IFPB TCC,d8:5d:4c:86:7e:66,-71,1,Sala dos professores,Bull,10
18/11/2025,07:01:56,49,NUNYA_Room_2.4GHz,cc:32:e5:0c:fc:2b,-71,10,Sala dos professores,Bull,10
18/11/2025,07:01:56,49,Intelbras,18:0d:2c:7f:eb:ac,-75,7,Sala dos professores,Bull,10
18/11/2025,07:01:56,49,TP-Link_C3CB,d8:0d:17:3e:c3:cb,-78,4,Sala dos professores,Bull,10
18/11/2025,07:01:56,49,Lab. de Sinais Digitais,18:d6:c7:f9:37:2f,-78,11,Sala dos professores,Bull,10
18/11/2025,07:01:56,49,APTelefonia,58:10:8c:91:f3:aa,-79,1,Sala dos professores,Bull,10
18/11/2025,07:01:56,49,TP-Link_1324,7c:f1:7e:8d:13:22,-83,3,Sala dos professores,Bull,10
18/11/2025,07:01:56,49,Asterisk Server,18:0d:2c:7f:f5:9c,-83,6,Sala dos professores,Bull,10
18/11/2025,07:01:56,49,UA2-MiniLab,60:32:b1:2d:66:c3,-85,10,Sala dos professores,Bull,10
18/11/2025,07:01:56,49,GPDS,00:26:5a:66:55:ef,-86,6,Sala dos professores,Bull,10
18/11/2025,07:01:56,49,Lab Redes Convergentes,64:70:02:99:fe:f4,-90,6,Sala dos professores,Bull,10
18/11/2025,07:02:05,50,IFPB-Sala_Professor_14,24:fd:0d:57:19:26,-59,2,Sala dos professores,Bull,10
18/11/2025,07:02:05,50,IFPB,84:f1:47:54:fd:c0,-63,1,Sala dos professores,Bull,10
18/11/2025,07:02:05,50,IFPB-VISITANTE,84:f1:47:54:fd:c2,-63,1,Sala dos professores,Bull,10
18/11/2025,07:02:05,50,IFPB-Sala_Professor_14,48:51:cf:81:b0:9e,-65,2,Sala dos professores,Bull,10
18/11/2025,07:02:05,50,IFPB-Sala_13,e8:94:f6:b9:2f:46,-70,10,Sala dos professores,Bull,10
18/11/2025,07:02:05,50,NUNYA_Room_2.4GHz,cc:32:e5:0c:fc:2b,-71,10,Sala dos professores,Bull,10
18/11/2025,07:02:05,50,IFPB TCC,d8:5d:4c:86:7e:66,-72,1,Sala dos professores,Bull,10
18/11/2025,07:02:05,50,Intelbras,18:0d:2c:7f:eb:ac,-72,7,Sala dos professores,Bull,10
18/11/2025,07:02:05,50,APTelefonia,58:10:8c:91:f3:aa,-76,1,Sala dos professores,Bull,10
18/11/2025,07:02:05,50,Lab. de Sinais Digitais,18:d6:c7:f9:37:2f,-79,11,Sala dos professores,Bull,10
18/11/2025,07:02:05,50,Asterisk Server,18:0d:2c:7f:f5:9c,-81,6,Sala dos professores,Bull,10
18/11/2025,07:02:05,50,TP-Link_C3CB,d8:0d:17:3e:c3:cb,-82,4,Sala dos professores,Bull,10
18/11/2025,07:02:05,50,UA2-MiniLab,60:32:b1:2d:66:c3,-84,10,Sala dos professores,Bull,10
18/11/2025,07:02:05,50,GPDS,00:26:5a:66:55:ef,-87,6,Sala dos professores,Bull,10
18/11/2025,07:02:05,50,IFPB,84:f1:47:54:95:e0,-90,11,Sala dos professores,Bull,10
18/11/2025,07:02:05,50,IFPB-VISITANTE,84:f1:47:54:95:e2,-91,11,Sala dos professores,Bull,10
18/11/2025,07:02:05,50,Lab Redes Convergentes,64:70:02:99:fe:f4,-92,6,Sala dos professores,Bull,10
18/11/2025,07:03:16,51,IFPB TCC,d8:5d:4c:86:7e:66,-56,1,Lab. Informática 09,Rabbit,11
18/11/2025,07:03:16,51,IFPB,84:f1:47:54:7f:20,-62,11,Lab. Informática 09,Rabbit,11
18/11/2025,07:03:16,51,IFPB-VISITANTE,84:f1:47:54:7f:22,-62,11,Lab. Informática 09,Rabbit,11
18/11/2025,07:03:16,51,IFPB-Sala_Professor_14,24:fd:0d:57:19:26,-63,2,Lab. Informática 09,Rabbit,11
18/11/2025,07:03:16,51,APTelefonia,58:10:8c:91:f3:aa,-66,1,Lab. Informática 09,Rabbit,11
18/11/2025,07:03:16,51,Intelbras,18:0d:2c:7f:eb:ac,-73,7,Lab. Informática 09,Rabbit,11
18/11/2025,07:03:16,51,TP-Link_1324,7c:f1:7e:8d:13:22,-75,3,Lab. Informática 09,Rabbit,11
18/11/2025,07:03:16,51,TP-Link_C3CB,d8:0d:17:3e:c3:cb,-80,4,Lab. Informática 09,Rabbit,11
18/11/2025,07:03:16,51,GPDS,00:26:5a:66:55:ef,-85,6,Lab. Informática 09,Rabbit,11
18/11/2025,07:03:16,51,Lab. de Sinais Digitais,18:d6:c7:f9:37:2f,-87,11,Lab. Informática 09,Rabbit,11
18/11/2025,07:03:16,51,IFPB,84:f1:47:54:96:e0,-88,1,Lab. Informática 09,Rabbit,11
18/11/2025,07:03:16,51,IFPB-Sala_Professor_14,48:51:cf:81:b0:9e,-88,2,Lab. Informática 09,Rabbit,11
18/11/2025,07:03:16,51,IFPB-Sala_13,e8:94:f6:b9:2f:46,-88,10,Lab. Informática 09,Rabbit,11
18/11/2025,07:03:16,51,IFPB,84:f1:47:54:fd:c0,-89,1,Lab. Informática 09,Rabbit,11
18/11/2025,07:03:16,51,IFPB-VISITANTE,84:f1:47:54:fd:c2,-89,1,Lab. Informática 09,Rabbit,11
18/11/2025,07:03:16,51,IFPB-VISITANTE,84:f1:47:54:96:e2,-89,1,Lab. Informática 09,Rabbit,11
18/11/2025,07:03:16,51,Lab Redes Convergentes,64:70:02:99:fe:f4,-89,6,Lab. Informática 09,Rabbit,11
18/11/2025,07:03:16,51,IFPB,84:f1:47:54:95:e0,-90,11,Lab. Informática 09,Rabbit,11
18/11/2025,07:03:16,51,IFPB-VISITANTE,84:f1:47:54:95:e2,-90,11,Lab. Informática 09,Rabbit,11
18/11/2025,07:03:16,51,NUNYA_Room_2.4GHz,cc:32:e5:0c:fc:2b,-92,10,Lab. Informática 09,Rabbit,11
18/11/2025,07:03:16,51,IFPB,e4:4e:2d:85:4c:60,-93,11,Lab. Informática 09,Rabbit,11
18/11/2025,07:03:16,51,UA2-MiniLab,60:32:b1:2d:66:c3,-95,10,Lab. Informática 09,Rabbit,11
18/11/2025,07:03:25,52,IFPB TCC,d8:5d:4c:86:7e:66,-60,1,Lab. Informática 09,Rabbit,11
18/11/2025,07:03:25,52,IFPB,84:f1:47:54:7f:20,-63,11,Lab. Informática 09,Rabbit,11
18/11/2025,07:03:25,52,IFPB-VISITANTE,84:f1:47:54:7f:22,-63,11,Lab. Informática 09,Rabbit,11
18/11/2025,07:03:25,52,IFPB-Sala_Professor_14,24:fd:0d:57:19:26,-64,2,Lab. Informática 09,Rabbit,11
18/11/2025,07:03:25,52,APTelefonia,58:10:8c:91:f3:aa,-67,1,Lab. Informática 09,Rabbit,11
18/11/2025,07:03:25,52,TP-Link_1324,7c:f1:7e:8d:13:22,-73,3,Lab. Informática 09,Rabbit,11
18/11/2025,07:03:25,52,Intelbras,18:0d:2c:7f:eb:ac,-75,7,Lab. Informática 09,Rabbit,11
18/11/2025,07:03:25,52,TP-Link_C3CB,d8:0d:17:3e:c3:cb,-78,4,Lab. Informática 09,Rabbit,11
18/11/2025,07:03:25,52,GPDS,00:26:5a:66:55:ef,-78,6,Lab. Informática 09,Rabbit,11
18/11/2025,07:03:25,52,Lab. de Sinais Digitais,18:d6:c7:f9:37:2f,-80,11,Lab. Informática 09,Rabbit,11
18/11/2025,07:03:25,52,IFPB,b8:11:4b:1d:1e:40,-82,6,Lab. Informática 09,Rabbit,11
18/11/2025,07:03:25,52,IFPB-VISITANTE,b8:11:4b:1d:1e:42,-82,6,Lab. Informática 09,Rabbit,11
18/11/2025,07:03:25,52,IFPB-Sala_Professor_14,48:51:cf:81:b0:9e,-83,2,Lab. Informática 09,Rabbit,11
18/11/2025,07:03:25,52,IFPB,84:f1:47:54:fd:c0,-86,1,Lab. Informática 09,Rabbit,11
18/11/2025,07:03:25,52,NUNYA_Room_2.4GHz,cc:32:e5:0c:fc:2b,-86,10,Lab. Informática 09,Rabbit,11
18/11/2025,07:03:25,52,IFPB-VISITANTE,84:f1:47:54:fd:c2,-87,1,Lab. Informática 09,Rabbit,11
18/11/2025,07:03:25,52,IFPB,84:f1:47:54:96:e0,-88,1,Lab. Informática 09,Rabbit,11
18/11/2025,07:03:25,52,IFPB-VISITANTE,84:f1:47:54:96:e2,-90,1,Lab. Informática 09,Rabbit,11
18/11/2025,07:03:25,52,IFPB-Sala_13,e8:94:f6:b9:2f:46,-91,10,Lab. Informática 09,Rabbit,11
18/11/2025,07:03:25,52,UA2-MiniLab,60:32:b1:2d:66:c3,-92,10,Lab. Informática 09,Rabbit,11
18/11/2025,07:03:25,52,Lab Redes Convergentes,64:70:02:99:fe:f4,-94,6,Lab. Informática 09,Rabbit,11
18/11/2025,07:03:25,52,Grel Wifi,00:27:19:ca:71:d2,-95,11,Lab. Informática 09,Rabbit,11
18/11/2025,07:03:34,53,IFPB TCC,d8:5d:4c:86:7e:66,-57,1,Lab. Informática 09,Rabbit,11
18/11/2025,07:03:34,53,IFPB-Sala_Professor_14,24:fd:0d:57:19:26,-62,2,Lab. Informática 09,Rabbit,11
18/11/2025,07:03:34,53,IFPB,84:f1:47:54:7f:20,-64,11,Lab. Informática 09,Rabbit,11
18/11/2025,07:03:34,53,IFPB-VISITANTE,84:f1:47:54:7f:22,-64,11,Lab. Informática 09,Rabbit,11
18/11/2025,07:03:34,53,Intelbras,18:0d:2c:7f:eb:ac,-69,7,Lab. Informática 09,Rabbit,11
18/11/2025,07:03:34,53,APTelefonia,58:10:8c:91:f3:aa,-70,1,Lab. Informática 09,Rabbit,11
18/11/2025,07:03:34,53,Lab. de Sinais Digitais,18:d6:c7:f9:37:2f,-79,11,Lab. Informática 09,Rabbit,11
18/11/2025,07:03:34,53,TP-Link_C3CB,d8:0d:17:3e:c3:cb,-81,4,Lab. Informática 09,Rabbit,11
18/11/2025,07:03:34,53,IFPB,84:f1:47:54:fd:c0,-84,1,Lab. Informática 09,Rabbit,11
18/11/2025,07:03:34,53,TP-Link_1324,7c:f1:7e:8d:13:22,-84,3,Lab. Informática 09,Rabbit,11
18/11/2025,07:03:34,53,IFPB-VISITANTE,84:f1:47:54:fd:c2,-85,1,Lab. Informática 09,Rabbit,11
18/11/2025,07:03:34,53,IFPB-Sala_Professor_14,48:51:cf:81:b0:9e,-87,2,Lab. Informática 09,Rabbit,11
18/11/2025,07:03:34,53,IFPB-VISITANTE,b8:11:4b:1d:1e:42,-88,6,Lab. Informática 09,Rabbit,11
18/11/2025,07:03:34,53,NUNYA_Room_2.4GHz,cc:32:e5:0c:fc:2b,-88,10,Lab. Informática 09,Rabbit,11
18/11/2025,07:03:34,53,IFPB-VISITANTE,e4:4e:2d:85:4c:62,-89,11,Lab. Informática 09,Rabbit,11
18/11/2025,07:03:34,53,IFPB,e4:4e:2d:85:4c:60,-89,11,Lab. Informática 09,Rabbit,11
18/11/2025,07:03:34,53,IFPB,84:f1:47:54:96:e0,-90,1,Lab. Informática 09,Rabbit,11
18/11/2025,07:03:34,53,IFPB,b8:11:4b:1d:1e:40,-90,6,Lab. Informática 09,Rabbit,11
18/11/2025,07:03:34,53,GPDS,00:26:5a:66:55:ef,-90,6,Lab. Informática 09,Rabbit,11
18/11/2025,07:03:34,53,IFPB,84:f1:47:54:71:00,-90,11,Lab. Informática 09,Rabbit,11
18/11/2025,07:03:34,53,IFPB-VISITANTE,84:f1:47:54:96:e2,-91,1,Lab. Informática 09,Rabbit,11
18/11/2025,07:03:34,53,IFPB-VISITANTE,84:f1:47:54:71:02,-91,11,Lab. Informática 09,Rabbit,11
18/11/2025,07:03:34,53,LIMPEZA,54:e6:fc:cf:22:de,-92,6,Lab. Informática 09,Rabbit,11
18/11/2025,07:03:34,53,Lab Redes Convergentes,64:70:02:99:fe:f4,-93,6,Lab. Informática 09,Rabbit,11
18/11/2025,07:03:34,53,UA2-MiniLab,60:32:b1:2d:66:c3,-93,10,Lab. Informática 09,Rabbit,11
18/11/2025,07:03:34,53,IFPB-Sala_13,e8:94:f6:b9:2f:46,-93,10,Lab. Informática 09,Rabbit,11
18/11/2025,07:03:43,54,IFPB TCC,d8:5d:4c:86:7e:66,-54,1,Lab. Informática 09,Rabbit,11
18/11/2025,07:03:43,54,IFPB,84:f1:47:54:7f:20,-63,11,Lab. Informática 09,Rabbit,11
18/11/2025,07:03:43,54,IFPB-VISITANTE,84:f1:47:54:7f:22,-63,11,Lab. Informática 09,Rabbit,11
18/11/2025,07:03:43,54,IFPB-Sala_Professor_14,24:fd:0d:57:19:26,-65,2,Lab. Informática 09,Rabbit,11
18/11/2025,07:03:43,54,APTelefonia,58:10:8c:91:f3:aa,-69,1,Lab. Informática 09,Rabbit,11
18/11/2025,07:03:43,54,Intelbras,18:0d:2c:7f:eb:ac,-73,7,Lab. Informática 09,Rabbit,11
18/11/2025,07:03:43,54,TP-Link_1324,7c:f1:7e:8d:13:22,-78,3,Lab. Informática 09,Rabbit,11
18/11/2025,07:03:43,54,Lab. de Sinais Digitais,18:d6:c7:f9:37:2f,-80,11,Lab. Informática 09,Rabbit,11
18/11/2025,07:03:43,54,Asterisk Server,18:0d:2c:7f:f5:9c,-81,6,Lab. Informática 09,Rabbit,11
18/11/2025,07:03:43,54,IFPB-Sala_Professor_14,48:51:cf:81:b0:9e,-84,2,Lab. Informática 09,Rabbit,11
18/11/2025,07:03:43,54,IFPB-VISITANTE,b8:11:4b:1d:1e:42,-84,6,Lab. Informática 09,Rabbit,11
18/11/2025,07:03:43,54,TP-Link_C3CB,d8:0d:17:3e:c3:cb,-85,4,Lab. Informática 09,Rabbit,11
18/11/2025,07:03:44,54,IFPB,b8:11:4b:1d:1e:40,-85,6,Lab. Informática 09,Rabbit,11
18/11/2025,07:03:44,54,NUNYA_Room_2.4GHz,cc:32:e5:0c:fc:2b,-85,10,Lab. Informática 09,Rabbit,11
18/11/2025,07:03:44,54,IFPB,84:f1:47:54:fd:c0,-86,1,Lab. Informática 09,Rabbit,11
18/11/2025,07:03:44,54,IFPB-VISITANTE,84:f1:47:54:fd:c2,-86,1,Lab. Informática 09,Rabbit,11
18/11/2025,07:03:44,54,GPDS,00:26:5a:66:55:ef,-87,6,Lab. Informática 09,Rabbit,11
18/11/2025,07:03:44,54,IFPB,84:f1:47:54:96:e0,-88,1,Lab. Informática 09,Rabbit,11
18/11/2025,07:03:44,54,IFPB,e4:4e:2d:85:4c:60,-89,11,Lab. Informática 09,Rabbit,11
18/11/2025,07:03:44,54,IFPB-VISITANTE,84:f1:47:54:96:e2,-90,1,Lab. Informática 09,Rabbit,11
18/11/2025,07:03:44,54,Lab Redes Convergentes,64:70:02:99:fe:f4,-90,6,Lab. Informática 09,Rabbit,11
18/11/2025,07:03:44,54,IFPB-VISITANTE,e4:4e:2d:85:4c:62,-91,11,Lab. Informática 09,Rabbit,11
18/11/2025,07:03:44,54,UA2-MiniLab,60:32:b1:2d:66:c3,-93,10,Lab. Informática 09,Rabbit,11
18/11/2025,07:03:44,54,LIMPEZA,54:e6:fc:cf:22:de,-94,6,Lab. Informática 09,Rabbit,11
18/11/2025,07:03:44,54,IFPB-Sala_13,e8:94:f6:b9:2f:46,-95,10,Lab. Informática 09,Rabbit,11
18/11/2025,07:03:53,55,IFPB TCC,d8:5d:4c:86:7e:66,-56,1,Lab. Informática 09,Rabbit,11
18/11/2025,07:03:53,55,IFPB-Sala_Professor_14,24:fd:0d:57:19:26,-63,2,Lab. Informática 09,Rabbit,11
18/11/2025,07:03:53,55,IFPB,84:f1:47:54:7f:20,-63,11,Lab. Informática 09,Rabbit,11
18/11/2025,07:03:53,55,IFPB-VISITANTE,84:f1:47:54:7f:22,-63,11,Lab. Informática 09,Rabbit,11
18/11/2025,07:03:53,55,APTelefonia,58:10:8c:91:f3:aa,-70,1,Lab. Informática 09,Rabbit,11
18/11/2025,07:03:53,55,Intelbras,18:0d:2c:7f:eb:ac,-72,7,Lab. Informática 09,Rabbit,11
18/11/2025,07:03:53,55,TP-Link_1324,7c:f1:7e:8d:13:22,-79,3,Lab. Informática 09,Rabbit,11
18/11/2025,07:03:53,55,Asterisk Server,18:0d:2c:7f:f5:9c,-83,6,Lab. Informática 09,Rabbit,11
18/11/2025,07:03:53,55,Lab. de Sinais Digitais,18:d6:c7:f9:37:2f,-83,11,Lab. Informática 09,Rabbit,11
18/11/2025,07:03:53,55,IFPB-Sala_Professor_14,48:51:cf:81:b0:9e,-84,2,Lab. Informática 09,Rabbit,11
18/11/2025,07:03:53,55,TP-Link_C3CB,d8:0d:17:3e:c3:cb,-84,4,Lab. Informática 09,Rabbit,11
18/11/2025,07:03:53,55,IFPB-VISITANTE,84:f1:47:54:fd:c2,-86,1,Lab. Informática 09,Rabbit,11
18/11/2025,07:03:53,55,IFPB-VISITANTE,b8:11:4b:1d:1e:42,-86,6,Lab. Informática 09,Rabbit,11
18/11/2025,07:03:53,55,IFPB,84:f1:47:54:fd:c0,-87,1,Lab. Informática 09,Rabbit,11
18/11/2025,07:03:53,55,IFPB,b8:11:4b:1d:1e:40,-87,6,Lab. Informática 09,Rabbit,11
18/11/2025,07:03:53,55,GPDS,00:26:5a:66:55:ef,-87,6,Lab. Informática 09,Rabbit,11
18/11/2025,07:03:53,55,NUNYA_Room_2.4GHz,cc:32:e5:0c:fc:2b,-88,10,Lab. Informática 09,Rabbit,11
18/11/2025,07:03:53,55,IFPB-VISITANTE,e4:4e:2d:85:4c:62,-88,11,Lab. Informática 09,Rabbit,11
18/11/2025,07:03:53,55,IFPB,e4:4e:2d:85:4c:60,-91,11,Lab. Informática 09,Rabbit,11
18/11/2025,07:03:53,55,IFPB-Sala_13,e8:94:f6:b9:2f:46,-92,10,Lab. Informática 09,Rabbit,11
18/11/2025,07:03:53,55,Lab Redes Convergentes,64:70:02:99:fe:f4,-93,6,Lab. Informática 09,Rabbit,11
18/11/2025,07:03:53,55,LIMPEZA,54:e6:fc:cf:22:de,-95,6,Lab. Informática 09,Rabbit,11
18/11/2025,07:04:29,56,IFPB-Sala_Professor_14,24:fd:0d:57:19:26,-53,2,Sala dos técnicos,Dog,12
18/11/2025,07:04:29,56,APTelefonia,58:10:8c:91:f3:aa,-64,1,Sala dos técnicos,Dog,12
18/11/2025,07:04:29,56,TP-Link_C3CB,d8:0d:17:3e:c3:cb,-65,4,Sala dos técnicos,Dog,12
18/11/2025,07:04:29,56,TP-Link_1324,7c:f1:7e:8d:13:22,-71,3,Sala dos técnicos,Dog,12
18/11/2025,07:04:29,56,Intelbras,18:0d:2c:7f:eb:ac,-71,7,Sala dos técnicos,Dog,12
18/11/2025,07:04:29,56,IFPB TCC,d8:5d:4c:86:7e:66,-73,1,Sala dos técnicos,Dog,12
18/11/2025,07:04:29,56,IFPB,84:f1:47:54:7f:20,-73,11,Sala dos técnicos,Dog,12
18/11/2025,07:04:29,56,IFPB-VISITANTE,84:f1:47:54:7f:22,-73,11,Sala dos técnicos,Dog,12
18/11/2025,07:04:29,56,Lab. de Sinais Digitais,18:d6:c7:f9:37:2f,-74,11,Sala dos técnicos,Dog,12
18/11/2025,07:04:29,56,IFPB,84:f1:47:54:96:e0,-76,1,Sala dos técnicos,Dog,12
18/11/2025,07:04:29,56,IFPB-VISITANTE,84:f1:47:54:96:e2,-76,1,Sala dos técnicos,Dog,12
18/11/2025,07:04:29,56,Galaxy A05s 42b3,06:ad:54:f8:9d:b8,-77,9,Sala dos técnicos,Dog,12
18/11/2025,07:04:29,56,GPDS,00:26:5a:66:55:ef,-81,6,Sala dos técnicos,Dog,12
18/11/2025,07:04:29,56,IFPB-Sala_Professor_14,48:51:cf:81:b0:9e,-83,2,Sala dos técnicos,Dog,12
18/11/2025,07:04:29,56,NUNYA_Room_2.4GHz,cc:32:e5:0c:fc:2b,-83,10,Sala dos técnicos,Dog,12
18/11/2025,07:04:29,56,IFPB,84:f1:47:54:fd:c0,-84,1,Sala dos técnicos,Dog,12
18/11/2025,07:04:29,56,IFPB-Sala_13,e8:94:f6:b9:2f:46,-84,10,Sala dos técnicos,Dog,12
18/11/2025,07:04:29,56,IFPB-VISITANTE,84:f1:47:54:fd:c2,-85,1,Sala dos técnicos,Dog,12
18/11/2025,07:04:29,56,IFPB-VISITANTE,84:f1:47:54:f9:82,-87,6,Sala dos técnicos,Dog,12
18/11/2025,07:04:29,56,IFPB,84:f1:47:54:f9:80,-88,6,Sala dos técnicos,Dog,12
18/11/2025,07:04:29,56,IFPB,e4:4e:2d:85:4c:60,-88,11,Sala dos técnicos,Dog,12
18/11/2025,07:04:29,56,IFPB-VISITANTE,e4:4e:2d:85:4c:62,-89,11,Sala dos técnicos,Dog,12
18/11/2025,07:04:29,56,UA2-MiniLab,60:32:b1:2d:66:c3,-91,10,Sala dos técnicos,Dog,12
18/11/2025,07:04:29,56,IFPB-VISITANTE,84:f1:47:54:95:e2,-91,11,Sala dos técnicos,Dog,12
18/11/2025,07:04:38,57,IFPB-Sala_Professor_14,24:fd:0d:57:19:26,-57,2,Sala dos técnicos,Dog,12
18/11/2025,07:04:38,57,APTelefonia,58:10:8c:91:f3:aa,-63,1,Sala dos técnicos,Dog,12
18/11/2025,07:04:38,57,TP-Link_C3CB,d8:0d:17:3e:c3:cb,-65,4,Sala dos técnicos,Dog,12
18/11/2025,07:04:38,57,IFPB TCC,d8:5d:4c:86:7e:66,-71,1,Sala dos técnicos,Dog,12
18/11/2025,07:04:38,57,Intelbras,18:0d:2c:7f:eb:ac,-72,7,Sala dos técnicos,Dog,12
18/11/2025,07:04:38,57,IFPB,84:f1:47:54:7f:20,-74,11,Sala dos técnicos,Dog,12
18/11/2025,07:04:38,57,IFPB-VISITANTE,84:f1:47:54:7f:22,-74,11,Sala dos técnicos,Dog,12
18/11/2025,07:04:38,57,Lab. de Sinais Digitais,18:d6:c7:f9:37:2f,-77,11,Sala dos técnicos,Dog,12
18/11/2025,07:04:38,57,TP-Link_1324,7c:f1:7e:8d:13:22,-78,3,Sala dos técnicos,Dog,12
18/11/2025,07:04:38,57,Galaxy A05s 42b3,06:ad:54:f8:9d:b8,-78,9,Sala dos técnicos,Dog,12
18/11/2025,07:04:38,57,Asterisk Server,18:0d:2c:7f:f5:9c,-79,6,Sala dos técnicos,Dog,12
18/11/2025,07:04:38,57,IFPB-Sala_Professor_14,48:51:cf:81:b0:9e,-80,2,Sala dos técnicos,Dog,12
18/11/2025,07:04:38,57,GPDS,00:26:5a:66:55:ef,-82,6,Sala dos técnicos,Dog,12
18/11/2025,07:04:38,57,IFPB,84:f1:47:54:fd:c0,-83,1,Sala dos técnicos,Dog,12
18/11/2025,07:04:38,57,IFPB-VISITANTE,84:f1:47:54:fd:c2,-83,1,Sala dos técnicos,Dog,12
18/11/2025,07:04:38,57,IFPB-Sala_13,e8:94:f6:b9:2f:46,-83,10,Sala dos técnicos,Dog,12
18/11/2025,07:04:38,57,IFPB,84:f1:47:54:96:e0,-84,1,Sala dos técnicos,Dog,12
18/11/2025,07:04:38,57,IFPB-VISITANTE,84:f1:47:54:96:e2,-84,1,Sala dos técnicos,Dog,12
18/11/2025,07:04:38,57,NUNYA_Room_2.4GHz,cc:32:e5:0c:fc:2b,-85,10,Sala dos técnicos,Dog,12
18/11/2025,07:04:38,57,IFPB,e4:4e:2d:85:4c:60,-86,11,Sala dos técnicos,Dog,12
18/11/2025,07:04:38,57,IFPB-VISITANTE,e4:4e:2d:85:4c:62,-86,11,Sala dos técnicos,Dog,12
18/11/2025,07:04:38,57,IFPB,84:f1:47:54:f9:80,-87,6,Sala dos técnicos,Dog,12
18/11/2025,07:04:38,57,IFPB-VISITANTE,84:f1:47:54:f9:82,-87,6,Sala dos técnicos,Dog,12
18/11/2025,07:04:38,57,UA2-MiniLab,60:32:b1:2d:66:c3,-91,10,Sala dos técnicos,Dog,12
18/11/2025,07:04:38,57,LIMPEZA,54:e6:fc:cf:22:de,-92,6,Sala dos técnicos,Dog,12
18/11/2025,07:04:38,57,Lab Redes Convergentes,64:70:02:99:fe:f4,-93,6,Sala dos técnicos,Dog,12
18/11/2025,07:04:47,58,IFPB-Sala_Professor_14,24:fd:0d:57:19:26,-62,2,Sala dos técnicos,Dog,12
18/11/2025,07:04:47,58,TP-Link_C3CB,d8:0d:17:3e:c3:cb,-67,4,Sala dos técnicos,Dog,12
18/11/2025,07:04:47,58,IFPB TCC,d8:5d:4c:86:7e:66,-68,1,Sala dos técnicos,Dog,12
18/11/2025,07:04:47,58,APTelefonia,58:10:8c:91:f3:aa,-69,1,Sala dos técnicos,Dog,12
18/11/2025,07:04:47,58,TP-Link_1324,7c:f1:7e:8d:13:22,-72,3,Sala dos técnicos,Dog,12
18/11/2025,07:04:47,58,Galaxy A05s 42b3,06:ad:54:f8:9d:b8,-73,9,Sala dos técnicos,Dog,12
18/11/2025,07:04:47,58,IFPB,84:f1:47:54:7f:20,-73,11,Sala dos técnicos,Dog,12
18/11/2025,07:04:47,58,IFPB-VISITANTE,84:f1:47:54:7f:22,-73,11,Sala dos técnicos,Dog,12
18/11/2025,07:04:47,58,Intelbras,18:0d:2c:7f:eb:ac,-75,7,Sala dos técnicos,Dog,12
18/11/2025,07:04:47,58,IFPB-Sala_Professor_14,48:51:cf:81:b0:9e,-77,2,Sala dos técnicos,Dog,12
18/11/2025,07:04:47,58,Lab. de Sinais Digitais,18:d6:c7:f9:37:2f,-77,11,Sala dos técnicos,Dog,12
18/11/2025,07:04:47,58,IFPB,84:f1:47:54:96:e0,-81,1,Sala dos técnicos,Dog,12
18/11/2025,07:04:47,58,IFPB-VISITANTE,84:f1:47:54:96:e2,-81,1,Sala dos técnicos,Dog,12
18/11/2025,07:04:47,58,IFPB-VISITANTE,84:f1:47:54:fd:c2,-83,1,Sala dos técnicos,Dog,12
18/11/2025,07:04:47,58,IFPB,84:f1:47:54:fd:c0,-83,1,Sala dos técnicos,Dog,12
18/11/2025,07:04:47,58,Asterisk Server,18:0d:2c:7f:f5:9c,-84,6,Sala dos técnicos,Dog,12
18/11/2025,07:04:47,58,GPDS,00:26:5a:66:55:ef,-85,6,Sala dos técnicos,Dog,12
18/11/2025,07:04:47,58,IFPB-Sala_13,e8:94:f6:b9:2f:46,-85,10,Sala dos técnicos,Dog,12
18/11/2025,07:04:47,58,IFPB-VISITANTE,84:f1:47:54:f9:82,-87,6,Sala dos técnicos,Dog,12
18/11/2025,07:04:47,58,IFPB,e4:4e:2d:85:4c:60,-88,11,Sala dos técnicos,Dog,12
18/11/2025,07:04:47,58,Lab Redes Convergentes,64:70:02:99:fe:f4,-89,6,Sala dos técnicos,Dog,12
18/11/2025,07:04:47,58,IFPB,84:f1:47:54:f9:80,-89,6,Sala dos técnicos,Dog,12
18/11/2025,07:04:47,58,IFPB-VISITANTE,e4:4e:2d:85:4c:62,-89,11,Sala dos técnicos,Dog,12
18/11/2025,07:04:47,58,UA2-MiniLab,60:32:b1:2d:66:c3,-90,10,Sala dos técnicos,Dog,12
18/11/2025,07:04:47,58,NUNYA_Room_2.4GHz,cc:32:e5:0c:fc:2b,-90,10,Sala dos técnicos,Dog,12
18/11/2025,07:04:47,58,LIMPEZA,54:e6:fc:cf:22:de,-94,6,Sala dos técnicos,Dog,12
18/11/2025,07:04:57,59,IFPB-Sala_Professor_14,24:fd:0d:57:19:26,-56,2,Sala dos técnicos,Dog,12
18/11/2025,07:04:57,59,APTelefonia,58:10:8c:91:f3:aa,-62,1,Sala dos técnicos,Dog,12
18/11/2025,07:04:57,59,TP-Link_C3CB,d8:0d:17:3e:c3:cb,-70,4,Sala dos técnicos,Dog,12
18/11/2025,07:04:57,59,TP-Link_1324,7c:f1:7e:8d:13:22,-72,3,Sala dos técnicos,Dog,12
18/11/2025,07:04:57,59,Intelbras,18:0d:2c:7f:eb:ac,-73,7,Sala dos técnicos,Dog,12
18/11/2025,07:04:57,59,IFPB-VISITANTE,84:f1:47:54:7f:22,-73,11,Sala dos técnicos,Dog,12
18/11/2025,07:04:57,59,Galaxy A05s 42b3,06:ad:54:f8:9d:b8,-74,9,Sala dos técnicos,Dog,12
18/11/2025,07:04:57,59,IFPB,84:f1:47:54:7f:20,-74,11,Sala dos técnicos,Dog,12
18/11/2025,07:04:57,59,Lab. de Sinais Digitais,18:d6:c7:f9:37:2f,-76,11,Sala dos técnicos,Dog,12
18/11/2025,07:04:57,59,IFPB TCC,d8:5d:4c:86:7e:66,-77,1,Sala dos técnicos,Dog,12
18/11/2025,07:04:57,59,IFPB-Sala_Professor_14,48:51:cf:81:b0:9e,-79,2,Sala dos técnicos,Dog,12
18/11/2025,07:04:57,59,IFPB,84:f1:47:54:fd:c0,-81,1,Sala dos técnicos,Dog,12
18/11/2025,07:04:57,59,Asterisk Server,18:0d:2c:7f:f5:9c,-81,6,Sala dos técnicos,Dog,12
18/11/2025,07:04:57,59,IFPB-VISITANTE,84:f1:47:54:fd:c2,-82,1,Sala dos técnicos,Dog,12
18/11/2025,07:04:57,59,IFPB-VISITANTE,84:f1:47:54:96:e2,-83,1,Sala dos técnicos,Dog,12
18/11/2025,07:04:57,59,IFPB,84:f1:47:54:96:e0,-84,1,Sala dos técnicos,Dog,12
18/11/2025,07:04:57,59,GPDS,00:26:5a:66:55:ef,-84,6,Sala dos técnicos,Dog,12
18/11/2025,07:04:57,59,IFPB-Sala_13,e8:94:f6:b9:2f:46,-84,10,Sala dos técnicos,Dog,12
18/11/2025,07:04:57,59,NUNYA_Room_2.4GHz,cc:32:e5:0c:fc:2b,-87,10,Sala dos técnicos,Dog,12
18/11/2025,07:04:57,59,IFPB-VISITANTE,84:f1:47:54:f9:82,-88,6,Sala dos técnicos,Dog,12
18/11/2025,07:04:57,59,UA2-MiniLab,60:32:b1:2d:66:c3,-88,10,Sala dos técnicos,Dog,12
18/11/2025,07:04:57,59,IFPB,84:f1:47:54:95:e0,-88,11,Sala dos técnicos,Dog,12
18/11/2025,07:04:57,59,IFPB-VISITANTE,84:f1:47:54:95:e2,-88,11,Sala dos técnicos,Dog,12
18/11/2025,07:04:57,59,IFPB,e4:4e:2d:85:4c:60,-89,11,Sala dos técnicos,Dog,12
18/11/2025,07:04:57,59,IFPB-VISITANTE,e4:4e:2d:85:4c:62,-89,11,Sala dos técnicos,Dog,12
18/11/2025,07:04:57,59,Lab Redes Convergentes,64:70:02:99:fe:f4,-92,6,Sala dos técnicos,Dog,12
18/11/2025,07:04:57,59,LIMPEZA,54:e6:fc:cf:22:de,-92,6,Sala dos técnicos,Dog,12
18/11/2025,07:05:06,60,IFPB-Sala_Professor_14,24:fd:0d:57:19:26,-54,2,Sala dos técnicos,Dog,12
18/11/2025,07:05:06,60,APTelefonia,58:10:8c:91:f3:aa,-64,1,Sala dos técnicos,Dog,12
18/11/2025,07:05:06,60,TP-Link_C3CB,d8:0d:17:3e:c3:cb,-69,4,Sala dos técnicos,Dog,12
18/11/2025,07:05:06,60,TP-Link_1324,7c:f1:7e:8d:13:22,-74,3,Sala dos técnicos,Dog,12
18/11/2025,07:05:06,60,IFPB,84:f1:47:54:7f:20,-74,11,Sala dos técnicos,Dog,12
18/11/2025,07:05:06,60,IFPB-VISITANTE,84:f1:47:54:7f:22,-74,11,Sala dos técnicos,Dog,12
18/11/2025,07:05:06,60,IFPB TCC,d8:5d:4c:86:7e:66,-76,1,Sala dos técnicos,Dog,12
18/11/2025,07:05:06,60,Intelbras,18:0d:2c:7f:eb:ac,-76,7,Sala dos técnicos,Dog,12
18/11/2025,07:05:06,60,Lab. de Sinais Digitais,18:d6:c7:f9:37:2f,-76,11,Sala dos técnicos,Dog,12
18/11/2025,07:05:06,60,Galaxy A05s 42b3,06:ad:54:f8:9d:b8,-77,9,Sala dos técnicos,Dog,12
18/11/2025,07:05:06,60,IFPB,84:f1:47:54:fd:c0,-83,1,Sala dos técnicos,Dog,12
18/11/2025,07:05:06,60,IFPB-VISITANTE,84:f1:47:54:fd:c2,-84,1,Sala dos técnicos,Dog,12
18/11/2025,07:05:06,60,IFPB,84:f1:47:54:96:e0,-84,1,Sala dos técnicos,Dog,12
18/11/2025,07:05:06,60,IFPB-VISITANTE,84:f1:47:54:96:e2,-85,1,Sala dos técnicos,Dog,12
18/11/2025,07:05:06,60,IFPB-Sala_Professor_14,48:51:cf:81:b0:9e,-85,2,Sala dos técnicos,Dog,12
18/11/2025,07:05:06,60,IFPB,84:f1:47:54:f9:80,-86,6,Sala dos técnicos,Dog,12
18/11/2025,07:05:06,60,IFPB-VISITANTE,84:f1:47:54:f9:82,-86,6,Sala dos técnicos,Dog,12
18/11/2025,07:05:06,60,IFPB-Sala_13,e8:94:f6:b9:2f:46,-87,10,Sala dos técnicos,Dog,12
18/11/2025,07:05:06,60,GPDS,00:26:5a:66:55:ef,-88,6,Sala dos técnicos,Dog,12
18/11/2025,07:05:06,60,UA2-MiniLab,60:32:b1:2d:66:c3,-89,10,Sala dos técnicos,Dog,12
18/11/2025,07:05:06,60,NUNYA_Room_2.4GHz,cc:32:e5:0c:fc:2b,-90,10,Sala dos técnicos,Dog,12
18/11/2025,07:05:06,60,IFPB,84:f1:47:54:95:e0,-90,11,Sala dos técnicos,Dog,12
18/11/2025,07:05:06,60,IFPB-VISITANTE,84:f1:47:54:95:e2,-91,11,Sala dos técnicos,Dog,12
18/11/2025,07:05:06,60,LIMPEZA,54:e6:fc:cf:22:de,-92,6,Sala dos técnicos,Dog,12
18/11/2025,07:05:06,60,Lab Redes Convergentes,64:70:02:99:fe:f4,-93,6,Sala dos técnicos,Dog,12
18/11/2025,07:05:39,61,IFPB-Sala_Professor_14,24:fd:0d:57:19:26,-63,2,Lab. de telecomunicações,Cat,13
18/11/2025,07:05:39,61,IFPB TCC,d8:5d:4c:86:7e:66,-70,1,Lab. de telecomunicações,Cat,13
18/11/2025,07:05:39,61,TP-Link_1324,7c:f1:7e:8d:13:22,-70,3,Lab. de telecomunicações,Cat,13
18/11/2025,07:05:39,61,APTelefonia,58:10:8c:91:f3:aa,-71,1,Lab. de telecomunicações,Cat,13
18/11/2025,07:05:39,61,Intelbras,18:0d:2c:7f:eb:ac,-71,7,Lab. de telecomunicações,Cat,13
18/11/2025,07:05:39,61,TP-Link_C3CB,d8:0d:17:3e:c3:cb,-72,4,Lab. de telecomunicações,Cat,13
18/11/2025,07:05:39,61,IFPB-Sala_Professor_14,48:51:cf:81:b0:9e,-73,2,Lab. de telecomunicações,Cat,13
18/11/2025,07:05:39,61,Asterisk Server,18:0d:2c:7f:f5:9c,-74,10,Lab. de telecomunicações,Cat,13
18/11/2025,07:05:39,61,IFPB-VISITANTE,84:f1:47:54:7f:22,-76,11,Lab. de telecomunicações,Cat,13
18/11/2025,07:05:39,61,IFPB,84:f1:47:54:fd:c0,-77,1,Lab. de telecomunicações,Cat,13
18/11/2025,07:05:39,61,IFPB-VISITANTE,84:f1:47:54:fd:c2,-77,1,Lab. de telecomunicações,Cat,13
18/11/2025,07:05:39,61,IFPB,84:f1:47:54:7f:20,-77,11,Lab. de telecomunicações,Cat,13
18/11/2025,07:05:39,61,Galaxy A05s 42b3,06:ad:54:f8:9d:b8,-78,9,Lab. de telecomunicações,Cat,13
18/11/2025,07:05:39,61,Lab. de Sinais Digitais,18:d6:c7:f9:37:2f,-80,11,Lab. de telecomunicações,Cat,13
18/11/2025,07:05:39,61,GPDS,00:26:5a:66:55:ef,-84,6,Lab. de telecomunicações,Cat,13
18/11/2025,07:05:39,61,UA2-MiniLab,60:32:b1:2d:66:c3,-84,10,Lab. de telecomunicações,Cat,13
18/11/2025,07:05:39,61,IFPB,b8:11:4b:1d:1e:40,-88,6,Lab. de telecomunicações,Cat,13
18/11/2025,07:05:39,61,IFPB-Sala_13,e8:94:f6:b9:2f:46,-88,10,Lab. de telecomunicações,Cat,13
18/11/2025,07:05:39,61,NUNYA_Room_2.4GHz,cc:32:e5:0c:fc:2b,-88,10,Lab. de telecomunicações,Cat,13
18/11/2025,07:05:39,61,IFPB-VISITANTE,84:f1:47:54:95:e2,-88,11,Lab. de telecomunicações,Cat,13
18/11/2025,07:05:39,61,IFPB,84:f1:47:54:95:e0,-89,11,Lab. de telecomunicações,Cat,13
18/11/2025,07:05:39,61,IFPB-VISITANTE,84:f1:47:54:71:02,-89,11,Lab. de telecomunicações,Cat,13
18/11/2025,07:05:39,61,Lab Redes Convergentes,64:70:02:99:fe:f4,-91,6,Lab. de telecomunicações,Cat,13
18/11/2025,07:05:48,62,IFPB-Sala_Professor_14,24:fd:0d:57:19:26,-64,2,Lab. de telecomunicações,Cat,13
18/11/2025,07:05:48,62,APTelefonia,58:10:8c:91:f3:aa,-67,1,Lab. de telecomunicações,Cat,13
18/11/2025,07:05:48,62,IFPB TCC,d8:5d:4c:86:7e:66,-68,1,Lab. de telecomunicações,Cat,13
18/11/2025,07:05:48,62,Intelbras,18:0d:2c:7f:eb:ac,-69,7,Lab. de telecomunicações,Cat,13
18/11/2025,07:05:48,62,Asterisk Server,18:0d:2c:7f:f5:9c,-73,10,Lab. de telecomunicações,Cat,13
18/11/2025,07:05:48,62,TP-Link_C3CB,d8:0d:17:3e:c3:cb,-74,4,Lab. de telecomunicações,Cat,13
18/11/2025,07:05:48,62,IFPB,84:f1:47:54:7f:20,-75,11,Lab. de telecomunicações,Cat,13
18/11/2025,07:05:48,62,IFPB-Sala_Professor_14,48:51:cf:81:b0:9e,-76,2,Lab. de telecomunicações,Cat,13
18/11/2025,07:05:48,62,TP-Link_1324,7c:f1:7e:8d:13:22,-76,3,Lab. de telecomunicações,Cat,13
18/11/2025,07:05:48,62,IFPB-VISITANTE,84:f1:47:54:7f:22,-77,11,Lab. de telecomunicações,Cat,13
18/11/2025,07:05:48,62,IFPB,84:f1:47:54:fd:c0,-81,1,Lab. de telecomunicações,Cat,13
18/11/2025,07:05:48,62,IFPB-VISITANTE,84:f1:47:54:fd:c2,-81,1,Lab. de telecomunicações,Cat,13
18/11/2025,07:05:48,62,Lab. de Sinais Digitais,18:d6:c7:f9:37:2f,-83,11,Lab. de telecomunicações,Cat,13
18/11/2025,07:05:48,62,Galaxy A05s 42b3,06:ad:54:f8:9d:b8,-84,9,Lab. de telecomunicações,Cat,13
18/11/2025,07:05:48,62,IFPB,84:f1:47:54:96:e0,-86,1,Lab. de telecomunicações,Cat,13
18/11/2025,07:05:48,62,IFPB-VISITANTE,84:f1:47:54:96:e2,-87,1,Lab. de telecomunicações,Cat,13
18/11/2025,07:05:48,62,GPDS,00:26:5a:66:55:ef,-87,6,Lab. de telecomunicações,Cat,13
18/11/2025,07:05:48,62,IFPB-VISITANTE,84:f1:47:54:95:e2,-87,11,Lab. de telecomunicações,Cat,13
18/11/2025,07:05:48,62,IFPB,e4:4e:2d:85:4c:60,-88,11,Lab. de telecomunicações,Cat,13
18/11/2025,07:05:48,62,IFPB-VISITANTE,e4:4e:2d:85:4c:62,-88,11,Lab. de telecomunicações,Cat,13
18/11/2025,07:05:48,62,IFPB-VISITANTE,84:f1:47:54:71:02,-88,11,Lab. de telecomunicações,Cat,13
18/11/2025,07:05:48,62,IFPB,84:f1:47:54:95:e0,-89,11,Lab. de telecomunicações,Cat,13
18/11/2025,07:05:48,62,IFPB,84:f1:47:54:71:00,-89,11,Lab. de telecomunicações,Cat,13
18/11/2025,07:05:48,62,IFPB-Sala_13,e8:94:f6:b9:2f:46,-92,10,Lab. de telecomunicações,Cat,13
18/11/2025,07:05:48,62,UA2-MiniLab,60:32:b1:2d:66:c3,-92,10,Lab. de telecomunicações,Cat,13
18/11/2025,07:05:48,62,Lab Redes Convergentes,64:70:02:99:fe:f4,-93,6,Lab. de telecomunicações,Cat,13
18/11/2025,07:05:57,63,IFPB-Sala_Professor_14,24:fd:0d:57:19:26,-59,2,Lab. de telecomunicações,Cat,13
18/11/2025,07:05:57,63,APTelefonia,58:10:8c:91:f3:aa,-66,1,Lab. de telecomunicações,Cat,13
18/11/2025,07:05:57,63,IFPB TCC,d8:5d:4c:86:7e:66,-67,1,Lab. de telecomunicações,Cat,13
18/11/2025,07:05:57,63,Intelbras,18:0d:2c:7f:eb:ac,-71,7,Lab. de telecomunicações,Cat,13
18/11/2025,07:05:57,63,IFPB-Sala_Professor_14,48:51:cf:81:b0:9e,-73,2,Lab. de telecomunicações,Cat,13
18/11/2025,07:05:57,63,TP-Link_C3CB,d8:0d:17:3e:c3:cb,-73,4,Lab. de telecomunicações,Cat,13
18/11/2025,07:05:57,63,TP-Link_1324,7c:f1:7e:8d:13:22,-74,3,Lab. de telecomunicações,Cat,13
18/11/2025,07:05:57,63,Galaxy A05s 42b3,06:ad:54:f8:9d:b8,-75,9,Lab. de telecomunicações,Cat,13
18/11/2025,07:05:57,63,IFPB-VISITANTE,84:f1:47:54:7f:22,-76,11,Lab. de telecomunicações,Cat,13
18/11/2025,07:05:57,63,IFPB,84:f1:47:54:7f:20,-77,11,Lab. de telecomunicações,Cat,13
18/11/2025,07:05:57,63,Lab. de Sinais Digitais,18:d6:c7:f9:37:2f,-78,11,Lab. de telecomunicações,Cat,13
18/11/2025,07:05:57,63,IFPB,84:f1:47:54:fd:c0,-81,1,Lab. de telecomunicações,Cat,13
18/11/2025,07:05:57,63,IFPB-VISITANTE,84:f1:47:54:fd:c2,-81,1,Lab. de telecomunicações,Cat,13
18/11/2025,07:05:57,63,NUNYA_Room_2.4GHz,cc:32:e5:0c:fc:2b,-81,10,Lab. de telecomunicações,Cat,13
18/11/2025,07:05:57,63,IFPB,84:f1:47:54:96:e0,-87,1,Lab. de telecomunicações,Cat,13
18/11/2025,07:05:57,63,IFPB-VISITANTE,84:f1:47:54:96:e2,-87,1,Lab. de telecomunicações,Cat,13
18/11/2025,07:05:57,63,UA2-MiniLab,60:32:b1:2d:66:c3,-87,10,Lab. de telecomunicações,Cat,13
18/11/2025,07:05:57,63,IFPB-Sala_13,e8:94:f6:b9:2f:46,-88,10,Lab. de telecomunicações,Cat,13
18/11/2025,07:05:57,63,GPDS,00:26:5a:66:55:ef,-89,6,Lab. de telecomunicações,Cat,13
18/11/2025,07:05:57,63,IFPB,e4:4e:2d:85:4c:60,-89,11,Lab. de telecomunicações,Cat,13
18/11/2025,07:05:57,63,IFPB,84:f1:47:54:95:e0,-89,11,Lab. de telecomunicações,Cat,13
18/11/2025,07:05:57,63,IFPB-VISITANTE,84:f1:47:54:95:e2,-89,11,Lab. de telecomunicações,Cat,13
18/11/2025,07:05:57,63,IFPB-VISITANTE,e4:4e:2d:85:4c:62,-90,11,Lab. de telecomunicações,Cat,13
18/11/2025,07:05:57,63,Lab Redes Convergentes,64:70:02:99:fe:f4,-94,6,Lab. de telecomunicações,Cat,13
18/11/2025,07:06:07,64,IFPB-Sala_Professor_14,24:fd:0d:57:19:26,-62,2,Lab. de telecomunicações,Cat,13
18/11/2025,07:06:07,64,APTelefonia,58:10:8c:91:f3:aa,-65,1,Lab. de telecomunicações,Cat,13
18/11/2025,07:06:07,64,IFPB TCC,d8:5d:4c:86:7e:66,-67,1,Lab. de telecomunicações,Cat,13
18/11/2025,07:06:07,64,Intelbras,18:0d:2c:7f:eb:ac,-68,7,Lab. de telecomunicações,Cat,13
18/11/2025,07:06:07,64,IFPB-Sala_Professor_14,48:51:cf:81:b0:9e,-74,2,Lab. de telecomunicações,Cat,13
18/11/2025,07:06:07,64,TP-Link_1324,7c:f1:7e:8d:13:22,-74,3,Lab. de telecomunicações,Cat,13
18/11/2025,07:06:07,64,IFPB,84:f1:47:54:7f:20,-74,11,Lab. de telecomunicações,Cat,13
18/11/2025,07:06:07,64,Galaxy A05s 42b3,06:ad:54:f8:9d:b8,-75,9,Lab. de telecomunicações,Cat,13
18/11/2025,07:06:07,64,IFPB-VISITANTE,84:f1:47:54:7f:22,-75,11,Lab. de telecomunicações,Cat,13
18/11/2025,07:06:07,64,IFPB,84:f1:47:54:fd:c0,-76,1,Lab. de telecomunicações,Cat,13
18/11/2025,07:06:07,64,IFPB-VISITANTE,84:f1:47:54:fd:c2,-76,1,Lab. de telecomunicações,Cat,13
18/11/2025,07:06:07,64,TP-Link_C3CB,d8:0d:17:3e:c3:cb,-76,4,Lab. de telecomunicações,Cat,13
18/11/2025,07:06:07,64,Lab. de Sinais Digitais,18:d6:c7:f9:37:2f,-78,11,Lab. de telecomunicações,Cat,13
18/11/2025,07:06:07,64,GPDS,00:26:5a:66:55:ef,-82,6,Lab. de telecomunicações,Cat,13
18/11/2025,07:06:07,64,UA2-MiniLab,60:32:b1:2d:66:c3,-83,10,Lab. de telecomunicações,Cat,13
18/11/2025,07:06:07,64,NUNYA_Room_2.4GHz,cc:32:e5:0c:fc:2b,-85,10,Lab. de telecomunicações,Cat,13
18/11/2025,07:06:07,64,IFPB-VISITANTE,84:f1:47:54:96:e2,-87,1,Lab. de telecomunicações,Cat,13
18/11/2025,07:06:07,64,IFPB-Sala_13,e8:94:f6:b9:2f:46,-87,10,Lab. de telecomunicações,Cat,13
18/11/2025,07:06:07,64,IFPB,84:f1:47:54:96:e0,-88,1,Lab. de telecomunicações,Cat,13
18/11/2025,07:06:07,64,IFPB,84:f1:47:54:95:e0,-88,11,Lab. de telecomunicações,Cat,13
18/11/2025,07:06:07,64,IFPB-VISITANTE,84:f1:47:54:95:e2,-89,11,Lab. de telecomunicações,Cat,13
18/11/2025,07:06:07,64,IFPB,e4:4e:2d:85:4c:60,-89,11,Lab. de telecomunicações,Cat,13
18/11/2025,07:06:07,64,Lab Redes Convergentes,64:70:02:99:fe:f4,-90,6,Lab. de telecomunicações,Cat,13
18/11/2025,07:06:07,64,IFPB-VISITANTE,e4:4e:2d:85:4c:62,-90,11,Lab. de telecomunicações,Cat,13
18/11/2025,07:06:16,65,IFPB-Sala_Professor_14,24:fd:0d:57:19:26,-61,2,Lab. de telecomunicações,Cat,13
18/11/2025,07:06:16,65,APTelefonia,58:10:8c:91:f3:aa,-68,1,Lab. de telecomunicações,Cat,13
18/11/2025,07:06:16,65,IFPB TCC,d8:5d:4c:86:7e:66,-69,1,Lab. de telecomunicações,Cat,13
18/11/2025,07:06:16,65,TP-Link_1324,7c:f1:7e:8d:13:22,-71,3,Lab. de telecomunicações,Cat,13
18/11/2025,07:06:16,65,Intelbras,18:0d:2c:7f:eb:ac,-71,7,Lab. de telecomunicações,Cat,13
18/11/2025,07:06:16,65,Galaxy A05s 42b3,06:ad:54:f8:9d:b8,-72,9,Lab. de telecomunicações,Cat,13
18/11/2025,07:06:16,65,IFPB-VISITANTE,84:f1:47:54:7f:22,-73,11,Lab. de telecomunicações,Cat,13
18/11/2025,07:06:16,65,IFPB,84:f1:47:54:7f:20,-74,11,Lab. de telecomunicações,Cat,13
18/11/2025,07:06:16,65,IFPB,84:f1:47:54:fd:c0,-77,1,Lab. de telecomunicações,Cat,13
18/11/2025,07:06:16,65,IFPB-VISITANTE,84:f1:47:54:fd:c2,-77,1,Lab. de telecomunicações,Cat,13
18/11/2025,07:06:16,65,TP-Link_C3CB,d8:0d:17:3e:c3:cb,-81,4,Lab. de telecomunicações,Cat,13
18/11/2025,07:06:16,65,Lab. de Sinais Digitais,18:d6:c7:f9:37:2f,-81,11,Lab. de telecomunicações,Cat,13
18/11/2025,07:06:16,65,UA2-MiniLab,60:32:b1:2d:66:c3,-82,10,Lab. de telecomunicações,Cat,13
18/11/2025,07:06:16,65,IFPB-Sala_13,e8:94:f6:b9:2f:46,-84,10,Lab. de telecomunicações,Cat,13
18/11/2025,07:06:16,65,GPDS,00:26:5a:66:55:ef,-86,6,Lab. de telecomunicações,Cat,13
18/11/2025,07:06:16,65,NUNYA_Room_2.4GHz,cc:32:e5:0c:fc:2b,-86,10,Lab. de telecomunicações,Cat,13
18/11/2025,07:06:16,65,IFPB,84:f1:47:54:96:e0,-87,1,Lab. de telecomunicações,Cat,13
18/11/2025,07:06:16,65,IFPB-Sala_Professor_14,48:51:cf:81:b0:9e,-87,2,Lab. de telecomunicações,Cat,13
18/11/2025,07:06:16,65,IFPB-VISITANTE,84:f1:47:54:96:e2,-88,1,Lab. de telecomunicações,Cat,13
18/11/2025,07:06:16,65,Lab Redes Convergentes,64:70:02:99:fe:f4,-90,6,Lab. de telecomunicações,Cat,13
18/11/2025,07:06:16,65,IFPB,84:f1:47:54:95:e0,-90,11,Lab. de telecomunicações,Cat,13
18/11/2025,07:06:16,65,IFPB-VISITANTE,84:f1:47:54:95:e2,-90,11,Lab. de telecomunicações,Cat,13
18/11/2025,07:06:16,65,LIMPEZA,54:e6:fc:cf:22:de,-94,6,Lab. de telecomunicações,Cat,13
18/11/2025,07:06:44,66,Galaxy A05s 42b3,06:ad:54:f8:9d:b8,-64,9,PET Eng. Elétrica ,Fly,14
18/11/2025,07:06:44,66,TP-Link_C3CB,d8:0d:17:3e:c3:cb,-67,4,PET Eng. Elétrica ,Fly,14
18/11/2025,07:06:44,66,Asterisk Server,18:0d:2c:7f:f5:9c,-68,7,PET Eng. Elétrica ,Fly,14
18/11/2025,07:06:44,66,APTelefonia,58:10:8c:91:f3:aa,-69,1,PET Eng. Elétrica ,Fly,14
18/11/2025,07:06:44,66,Intelbras,18:0d:2c:7f:eb:ac,-69,7,PET Eng. Elétrica ,Fly,14
18/11/2025,07:06:44,66,Lab. de Sinais Digitais,18:d6:c7:f9:37:2f,-70,11,PET Eng. Elétrica ,Fly,14
18/11/2025,07:06:44,66,IFPB-Sala_Professor_14,24:fd:0d:57:19:26,-71,2,PET Eng. Elétrica ,Fly,14
18/11/2025,07:06:44,66,IFPB-Sala_13,e8:94:f6:b9:2f:46,-74,10,PET Eng. Elétrica ,Fly,14
18/11/2025,07:06:44,66,IFPB-Sala_Professor_14,48:51:cf:81:b0:9e,-75,2,PET Eng. Elétrica ,Fly,14
18/11/2025,07:06:44,66,IFPB TCC,d8:5d:4c:86:7e:66,-76,1,PET Eng. Elétrica ,Fly,14
18/11/2025,07:06:44,66,IFPB,84:f1:47:54:fd:c0,-77,1,PET Eng. Elétrica ,Fly,14
18/11/2025,07:06:44,66,IFPB-VISITANTE,84:f1:47:54:fd:c2,-78,1,PET Eng. Elétrica ,Fly,14
18/11/2025,07:06:44,66,GPDS,00:26:5a:66:55:ef,-78,6,PET Eng. Elétrica ,Fly,14
18/11/2025,07:06:44,66,UA2-MiniLab,60:32:b1:2d:66:c3,-81,10,PET Eng. Elétrica ,Fly,14
18/11/2025,07:06:44,66,TP-Link_1324,7c:f1:7e:8d:13:22,-84,3,PET Eng. Elétrica ,Fly,14
18/11/2025,07:06:44,66,NUNYA_Room_2.4GHz,cc:32:e5:0c:fc:2b,-84,10,PET Eng. Elétrica ,Fly,14
18/11/2025,07:06:44,66,IFPB-VISITANTE,84:f1:47:54:95:e2,-86,11,PET Eng. Elétrica ,Fly,14
18/11/2025,07:06:44,66,IFPB-VISITANTE,84:f1:47:54:f9:82,-87,6,PET Eng. Elétrica ,Fly,14
18/11/2025,07:06:44,66,IFPB,84:f1:47:54:95:e0,-87,11,PET Eng. Elétrica ,Fly,14
18/11/2025,07:06:44,66,IFPB,84:f1:47:54:f9:80,-89,6,PET Eng. Elétrica ,Fly,14
18/11/2025,07:06:44,66,IFPB,84:f1:47:54:7f:20,-90,11,PET Eng. Elétrica ,Fly,14
18/11/2025,07:06:44,66,IFPB-VISITANTE,84:f1:47:54:7f:22,-90,11,PET Eng. Elétrica ,Fly,14
18/11/2025,07:06:53,67,TP-Link_C3CB,d8:0d:17:3e:c3:cb,-63,4,PET Eng. Elétrica ,Fly,14
18/11/2025,07:06:53,67,Galaxy A05s 42b3,06:ad:54:f8:9d:b8,-66,9,PET Eng. Elétrica ,Fly,14
18/11/2025,07:06:53,67,IFPB-Sala_Professor_14,24:fd:0d:57:19:26,-67,2,PET Eng. Elétrica ,Fly,14
18/11/2025,07:06:53,67,APTelefonia,58:10:8c:91:f3:aa,-70,1,PET Eng. Elétrica ,Fly,14
18/11/2025,07:06:53,67,Lab. de Sinais Digitais,18:d6:c7:f9:37:2f,-70,11,PET Eng. Elétrica ,Fly,14
18/11/2025,07:06:53,67,Intelbras,18:0d:2c:7f:eb:ac,-74,7,PET Eng. Elétrica ,Fly,14
18/11/2025,07:06:53,67,UA2-MiniLab,60:32:b1:2d:66:c3,-76,10,PET Eng. Elétrica ,Fly,14
18/11/2025,07:06:53,67,IFPB-Sala_13,e8:94:f6:b9:2f:46,-77,10,PET Eng. Elétrica ,Fly,14
18/11/2025,07:06:53,67,IFPB TCC,d8:5d:4c:86:7e:66,-79,1,PET Eng. Elétrica ,Fly,14
18/11/2025,07:06:53,67,IFPB-Sala_Professor_14,48:51:cf:81:b0:9e,-81,2,PET Eng. Elétrica ,Fly,14
18/11/2025,07:06:53,67,TP-Link_1324,7c:f1:7e:8d:13:22,-81,3,PET Eng. Elétrica ,Fly,14
18/11/2025,07:06:53,67,NUNYA_Room_2.4GHz,cc:32:e5:0c:fc:2b,-81,10,PET Eng. Elétrica ,Fly,14
18/11/2025,07:06:53,67,IFPB,84:f1:47:54:95:e0,-81,11,PET Eng. Elétrica ,Fly,14
18/11/2025,07:06:53,67,IFPB-VISITANTE,84:f1:47:54:95:e2,-81,11,PET Eng. Elétrica ,Fly,14
18/11/2025,07:06:53,67,GPDS,00:26:5a:66:55:ef,-84,6,PET Eng. Elétrica ,Fly,14
18/11/2025,07:06:53,67,IFPB,84:f1:47:54:7f:20,-85,11,PET Eng. Elétrica ,Fly,14
18/11/2025,07:06:53,67,IFPB-VISITANTE,84:f1:47:54:7f:22,-85,11,PET Eng. Elétrica ,Fly,14
18/11/2025,07:06:53,67,IFPB,84:f1:47:54:96:e0,-88,1,PET Eng. Elétrica ,Fly,14
18/11/2025,07:06:53,67,IFPB-VISITANTE,84:f1:47:54:71:02,-89,11,PET Eng. Elétrica ,Fly,14
18/11/2025,07:06:53,67,IFPB-VISITANTE,e4:4e:2d:85:4c:62,-89,11,PET Eng. Elétrica ,Fly,14
18/11/2025,07:06:53,67,IFPB-VISITANTE,84:f1:47:54:96:e2,-90,1,PET Eng. Elétrica ,Fly,14
18/11/2025,07:06:53,67,IFPB,e4:4e:2d:85:4c:60,-90,11,PET Eng. Elétrica ,Fly,14
18/11/2025,07:06:53,67,IFPB,84:f1:47:54:71:00,-91,11,PET Eng. Elétrica ,Fly,14
18/11/2025,07:06:53,67,Mm,06:1e:a2:0a:db:03,-93,6,PET Eng. Elétrica ,Fly,14
18/11/2025,07:07:02,68,TP-Link_C3CB,d8:0d:17:3e:c3:cb,-63,4,PET Eng. Elétrica ,Fly,14
18/11/2025,07:07:02,68,Galaxy A05s 42b3,06:ad:54:f8:9d:b8,-65,9,PET Eng. Elétrica ,Fly,14
18/11/2025,07:07:02,68,IFPB-Sala_Professor_14,24:fd:0d:57:19:26,-67,2,PET Eng. Elétrica ,Fly,14
18/11/2025,07:07:02,68,APTelefonia,58:10:8c:91:f3:aa,-69,1,PET Eng. Elétrica ,Fly,14
18/11/2025,07:07:02,68,IFPB-Sala_Professor_14,48:51:cf:81:b0:9e,-72,2,PET Eng. Elétrica ,Fly,14
18/11/2025,07:07:02,68,Intelbras,18:0d:2c:7f:eb:ac,-72,7,PET Eng. Elétrica ,Fly,14
18/11/2025,07:07:02,68,IFPB-Sala_13,e8:94:f6:b9:2f:46,-74,10,PET Eng. Elétrica ,Fly,14
18/11/2025,07:07:02,68,Lab. de Sinais Digitais,18:d6:c7:f9:37:2f,-74,11,PET Eng. Elétrica ,Fly,14
18/11/2025,07:07:02,68,UA2-MiniLab,60:32:b1:2d:66:c3,-75,10,PET Eng. Elétrica ,Fly,14
18/11/2025,07:07:02,68,IFPB,84:f1:47:54:fd:c0,-76,1,PET Eng. Elétrica ,Fly,14
18/11/2025,07:07:02,68,IFPB-VISITANTE,84:f1:47:54:fd:c2,-76,1,PET Eng. Elétrica ,Fly,14
18/11/2025,07:07:02,68,IFPB TCC,d8:5d:4c:86:7e:66,-77,1,PET Eng. Elétrica ,Fly,14
18/11/2025,07:07:02,68,NUNYA_Room_2.4GHz,cc:32:e5:0c:fc:2b,-78,10,PET Eng. Elétrica ,Fly,14
18/11/2025,07:07:02,68,IFPB-VISITANTE,84:f1:47:54:95:e2,-79,11,PET Eng. Elétrica ,Fly,14
18/11/2025,07:07:02,68,IFPB,84:f1:47:54:95:e0,-81,11,PET Eng. Elétrica ,Fly,14
18/11/2025,07:07:02,68,GPDS,00:26:5a:66:55:ef,-82,6,PET Eng. Elétrica ,Fly,14
18/11/2025,07:07:02,68,TP-Link_1324,7c:f1:7e:8d:13:22,-83,3,PET Eng. Elétrica ,Fly,14
18/11/2025,07:07:02,68,IFPB,84:f1:47:54:7f:20,-84,11,PET Eng. Elétrica ,Fly,14
18/11/2025,07:07:02,68,IFPB-VISITANTE,84:f1:47:54:7f:22,-84,11,PET Eng. Elétrica ,Fly,14
18/11/2025,07:07:02,68,IFPB,84:f1:47:54:96:e0,-88,1,PET Eng. Elétrica ,Fly,14
18/11/2025,07:07:02,68,IFPB-VISITANTE,e4:4e:2d:85:4c:62,-88,11,PET Eng. Elétrica ,Fly,14
18/11/2025,07:07:02,68,IFPB,e4:4e:2d:85:4c:60,-88,11,PET Eng. Elétrica ,Fly,14
18/11/2025,07:07:02,68,IFPB-VISITANTE,84:f1:47:54:96:e2,-89,1,PET Eng. Elétrica ,Fly,14
18/11/2025,07:07:02,68,IFPB-VISITANTE,84:f1:47:54:71:02,-90,11,PET Eng. Elétrica ,Fly,14
18/11/2025,07:07:02,68,Mm,06:1e:a2:0a:db:03,-94,6,PET Eng. Elétrica ,Fly,14
18/11/2025,07:07:12,69,TP-Link_C3CB,d8:0d:17:3e:c3:cb,-63,4,PET Eng. Elétrica ,Fly,14
18/11/2025,07:07:12,69,APTelefonia,58:10:8c:91:f3:aa,-67,1,PET Eng. Elétrica ,Fly,14
18/11/2025,07:07:12,69,IFPB-Sala_Professor_14,24:fd:0d:57:19:26,-69,2,PET Eng. Elétrica ,Fly,14
18/11/2025,07:07:12,69,Intelbras,18:0d:2c:7f:eb:ac,-73,7,PET Eng. Elétrica ,Fly,14
18/11/2025,07:07:12,69,Galaxy A05s 42b3,06:ad:54:f8:9d:b8,-73,9,PET Eng. Elétrica ,Fly,14
18/11/2025,07:07:12,69,IFPB-Sala_Professor_14,48:51:cf:81:b0:9e,-74,2,PET Eng. Elétrica ,Fly,14
18/11/2025,07:07:12,69,Lab. de Sinais Digitais,18:d6:c7:f9:37:2f,-74,11,PET Eng. Elétrica ,Fly,14
18/11/2025,07:07:12,69,IFPB TCC,d8:5d:4c:86:7e:66,-76,1,PET Eng. Elétrica ,Fly,14
18/11/2025,07:07:12,69,IFPB-Sala_13,e8:94:f6:b9:2f:46,-76,10,PET Eng. Elétrica ,Fly,14
18/11/2025,07:07:12,69,IFPB,84:f1:47:54:fd:c0,-78,1,PET Eng. Elétrica ,Fly,14
18/11/2025,07:07:12,69,IFPB-VISITANTE,84:f1:47:54:fd:c2,-78,1,PET Eng. Elétrica ,Fly,14
18/11/2025,07:07:12,69,UA2-MiniLab,60:32:b1:2d:66:c3,-78,10,PET Eng. Elétrica ,Fly,14
18/11/2025,07:07:12,69,NUNYA_Room_2.4GHz,cc:32:e5:0c:fc:2b,-81,10,PET Eng. Elétrica ,Fly,14
18/11/2025,07:07:12,69,TP-Link_1324,7c:f1:7e:8d:13:22,-82,3,PET Eng. Elétrica ,Fly,14
18/11/2025,07:07:12,69,IFPB,84:f1:47:54:95:e0,-82,11,PET Eng. Elétrica ,Fly,14
18/11/2025,07:07:12,69,IFPB-VISITANTE,84:f1:47:54:95:e2,-82,11,PET Eng. Elétrica ,Fly,14
18/11/2025,07:07:12,69,GPDS,00:26:5a:66:55:ef,-83,6,PET Eng. Elétrica ,Fly,14
18/11/2025,07:07:12,69,IFPB-VISITANTE,84:f1:47:54:7f:22,-84,11,PET Eng. Elétrica ,Fly,14
18/11/2025,07:07:12,69,IFPB,84:f1:47:54:7f:20,-85,11,PET Eng. Elétrica ,Fly,14
18/11/2025,07:07:12,69,IFPB-VISITANTE,84:f1:47:54:f9:82,-86,6,PET Eng. Elétrica ,Fly,14
18/11/2025,07:07:12,69,IFPB,84:f1:47:54:f9:80,-87,6,PET Eng. Elétrica ,Fly,14
18/11/2025,07:07:12,69,IFPB,e4:4e:2d:85:4c:60,-88,11,PET Eng. Elétrica ,Fly,14
18/11/2025,07:07:12,69,IFPB-VISITANTE,84:f1:47:54:96:e2,-89,1,PET Eng. Elétrica ,Fly,14
18/11/2025,07:07:12,69,IFPB-VISITANTE,e4:4e:2d:85:4c:62,-89,11,PET Eng. Elétrica ,Fly,14
18/11/2025,07:07:12,69,IFPB,84:f1:47:54:96:e0,-90,1,PET Eng. Elétrica ,Fly,14
18/11/2025,07:07:21,70,TP-Link_C3CB,d8:0d:17:3e:c3:cb,-59,4,PET Eng. Elétrica ,Fly,14
18/11/2025,07:07:21,70,APTelefonia,58:10:8c:91:f3:aa,-66,1,PET Eng. Elétrica ,Fly,14
18/11/2025,07:07:21,70,IFPB-Sala_Professor_14,24:fd:0d:57:19:26,-67,2,PET Eng. Elétrica ,Fly,14
18/11/2025,07:07:21,70,Intelbras,18:0d:2c:7f:eb:ac,-73,7,PET Eng. Elétrica ,Fly,14
18/11/2025,07:07:21,70,Lab. de Sinais Digitais,18:d6:c7:f9:37:2f,-74,11,PET Eng. Elétrica ,Fly,14
18/11/2025,07:07:21,70,Asterisk Server,18:0d:2c:7f:f5:9c,-75,6,PET Eng. Elétrica ,Fly,14
18/11/2025,07:07:21,70,IFPB,84:f1:47:54:fd:c0,-77,1,PET Eng. Elétrica ,Fly,14
18/11/2025,07:07:21,70,IFPB-VISITANTE,84:f1:47:54:fd:c2,-77,1,PET Eng. Elétrica ,Fly,14
18/11/2025,07:07:21,70,IFPB TCC,d8:5d:4c:86:7e:66,-77,1,PET Eng. Elétrica ,Fly,14
18/11/2025,07:07:21,70,IFPB-Sala_Professor_14,48:51:cf:81:b0:9e,-78,2,PET Eng. Elétrica ,Fly,14
18/11/2025,07:07:21,70,UA2-MiniLab,60:32:b1:2d:66:c3,-78,10,PET Eng. Elétrica ,Fly,14
18/11/2025,07:07:21,70,IFPB-Sala_13,e8:94:f6:b9:2f:46,-78,10,PET Eng. Elétrica ,Fly,14
18/11/2025,07:07:21,70,GPDS,00:26:5a:66:55:ef,-79,6,PET Eng. Elétrica ,Fly,14
18/11/2025,07:07:21,70,Galaxy A05s 42b3,06:ad:54:f8:9d:b8,-79,9,PET Eng. Elétrica ,Fly,14
18/11/2025,07:07:21,70,TP-Link_1324,7c:f1:7e:8d:13:22,-83,3,PET Eng. Elétrica ,Fly,14
18/11/2025,07:07:21,70,IFPB,84:f1:47:54:95:e0,-84,11,PET Eng. Elétrica ,Fly,14
18/11/2025,07:07:21,70,IFPB-VISITANTE,84:f1:47:54:95:e2,-84,11,PET Eng. Elétrica ,Fly,14
18/11/2025,07:07:21,70,NUNYA_Room_2.4GHz,cc:32:e5:0c:fc:2b,-86,10,PET Eng. Elétrica ,Fly,14
18/11/2025,07:07:21,70,IFPB-VISITANTE,84:f1:47:54:96:e2,-87,1,PET Eng. Elétrica ,Fly,14
18/11/2025,07:07:21,70,IFPB,84:f1:47:54:f9:80,-87,6,PET Eng. Elétrica ,Fly,14
18/11/2025,07:07:21,70,IFPB-VISITANTE,e4:4e:2d:85:4c:62,-88,11,PET Eng. Elétrica ,Fly,14
18/11/2025,07:07:21,70,IFPB-VISITANTE,84:f1:47:54:f9:82,-89,6,PET Eng. Elétrica ,Fly,14
18/11/2025,07:07:21,70,IFPB,e4:4e:2d:85:4c:60,-89,11,PET Eng. Elétrica ,Fly,14
18/11/2025,07:07:21,70,Mm,06:1e:a2:0a:db:03,-92,6,PET Eng. Elétrica ,Fly,14
18/11/2025,07:07:21,70,Grel Wifi,00:27:19:ca:71:d2,-95,11,PET Eng. Elétrica ,Fly,14
18/11/2025,07:08:01,71,TP-Link_C3CB,d8:0d:17:3e:c3:cb,-57,4,Coordenação de Eng. Elétrica,Lion,15
18/11/2025,07:08:01,71,IFPB,84:f1:47:54:95:e0,-61,11,Coordenação de Eng. Elétrica,Lion,15
18/11/2025,07:08:01,71,IFPB-VISITANTE,84:f1:47:54:95:e2,-61,11,Coordenação de Eng. Elétrica,Lion,15
18/11/2025,07:08:01,71,Galaxy A05s 42b3,06:ad:54:f8:9d:b8,-71,9,Coordenação de Eng. Elétrica,Lion,15
18/11/2025,07:08:01,71,NUNYA_Room_2.4GHz,cc:32:e5:0c:fc:2b,-71,10,Coordenação de Eng. Elétrica,Lion,15
18/11/2025,07:08:01,71,IFPB-Sala_Professor_14,48:51:cf:81:b0:9e,-75,2,Coordenação de Eng. Elétrica,Lion,15
18/11/2025,07:08:01,71,APTelefonia,58:10:8c:91:f3:aa,-77,1,Coordenação de Eng. Elétrica,Lion,15
18/11/2025,07:08:01,71,IFPB-Sala_Professor_14,24:fd:0d:57:19:26,-77,2,Coordenação de Eng. Elétrica,Lion,15
18/11/2025,07:08:01,71,UA2-MiniLab,60:32:b1:2d:66:c3,-77,10,Coordenação de Eng. Elétrica,Lion,15
18/11/2025,07:08:01,71,Intelbras,18:0d:2c:7f:eb:ac,-79,7,Coordenação de Eng. Elétrica,Lion,15
18/11/2025,07:08:01,71,IFPB-VISITANTE,84:f1:47:54:fd:c2,-85,1,Coordenação de Eng. Elétrica,Lion,15
18/11/2025,07:08:01,71,TP-Link_1324,7c:f1:7e:8d:13:22,-85,3,Coordenação de Eng. Elétrica,Lion,15
18/11/2025,07:08:01,71,IFPB,b8:11:4b:1d:14:80,-85,6,Coordenação de Eng. Elétrica,Lion,15
18/11/2025,07:08:01,71,IFPB,84:f1:47:54:f9:80,-86,6,Coordenação de Eng. Elétrica,Lion,15
18/11/2025,07:08:01,71,IFPB-VISITANTE,84:f1:47:54:f9:82,-86,6,Coordenação de Eng. Elétrica,Lion,15
18/11/2025,07:08:01,71,IFPB-Sala_13,e8:94:f6:b9:2f:46,-86,10,Coordenação de Eng. Elétrica,Lion,15
18/11/2025,07:08:01,71,Lab. de Sinais Digitais,18:d6:c7:f9:37:2f,-86,11,Coordenação de Eng. Elétrica,Lion,15
18/11/2025,07:08:01,71,IFPB-VISITANTE,b8:11:4b:1d:14:82,-87,6,Coordenação de Eng. Elétrica,Lion,15
18/11/2025,07:08:01,71,GPDS,00:26:5a:66:55:ef,-88,6,Coordenação de Eng. Elétrica,Lion,15
18/11/2025,07:08:01,71,IFPB TCC,d8:5d:4c:86:7e:66,-92,1,Coordenação de Eng. Elétrica,Lion,15
18/11/2025,07:08:01,71,Mm,06:1e:a2:0a:db:03,-94,6,Coordenação de Eng. Elétrica,Lion,15
18/11/2025,07:08:01,71,Grel Wifi,00:27:19:ca:71:d2,-94,11,Coordenação de Eng. Elétrica,Lion,15
18/11/2025,07:08:10,72,TP-Link_C3CB,d8:0d:17:3e:c3:cb,-58,4,Coordenação de Eng. Elétrica,Lion,15
18/11/2025,07:08:10,72,IFPB,84:f1:47:54:95:e0,-61,11,Coordenação de Eng. Elétrica,Lion,15
18/11/2025,07:08:10,72,IFPB-VISITANTE,84:f1:47:54:95:e2,-61,11,Coordenação de Eng. Elétrica,Lion,15
18/11/2025,07:08:10,72,IFPB-Sala_Professor_14,48:51:cf:81:b0:9e,-65,2,Coordenação de Eng. Elétrica,Lion,15
18/11/2025,07:08:10,72,NUNYA_Room_2.4GHz,cc:32:e5:0c:fc:2b,-67,10,Coordenação de Eng. Elétrica,Lion,15
18/11/2025,07:08:10,72,APTelefonia,58:10:8c:91:f3:aa,-75,1,Coordenação de Eng. Elétrica,Lion,15
18/11/2025,07:08:10,72,Galaxy A05s 42b3,06:ad:54:f8:9d:b8,-76,9,Coordenação de Eng. Elétrica,Lion,15
18/11/2025,07:08:10,72,Intelbras,18:0d:2c:7f:eb:ac,-79,7,Coordenação de Eng. Elétrica,Lion,15
18/11/2025,07:08:10,72,UA2-MiniLab,60:32:b1:2d:66:c3,-79,10,Coordenação de Eng. Elétrica,Lion,15
18/11/2025,07:08:10,72,GPDS,00:26:5a:66:55:ef,-80,6,Coordenação de Eng. Elétrica,Lion,15
18/11/2025,07:08:10,72,Lab. de Sinais Digitais,18:d6:c7:f9:37:2f,-80,11,Coordenação de Eng. Elétrica,Lion,15
18/11/2025,07:08:10,72,IFPB-Sala_Professor_14,24:fd:0d:57:19:26,-82,2,Coordenação de Eng. Elétrica,Lion,15
18/11/2025,07:08:10,72,IFPB-Sala_13,e8:94:f6:b9:2f:46,-84,10,Coordenação de Eng. Elétrica,Lion,15
18/11/2025,07:08:10,72,IFPB,b8:11:4b:1d:14:80,-85,6,Coordenação de Eng. Elétrica,Lion,15
18/11/2025,07:08:10,72,IFPB-VISITANTE,b8:11:4b:1d:14:82,-85,6,Coordenação de Eng. Elétrica,Lion,15
18/11/2025,07:08:10,72,IFPB-VISITANTE,84:f1:47:54:fd:c2,-87,1,Coordenação de Eng. Elétrica,Lion,15
18/11/2025,07:08:10,72,TP-Link_1324,7c:f1:7e:8d:13:22,-87,3,Coordenação de Eng. Elétrica,Lion,15
18/11/2025,07:08:10,72,Grel Wifi,00:27:19:ca:71:d2,-92,11,Coordenação de Eng. Elétrica,Lion,15
18/11/2025,07:08:10,72,IFPB TCC,d8:5d:4c:86:7e:66,-93,1,Coordenação de Eng. Elétrica,Lion,15
18/11/2025,07:08:20,73,TP-Link_C3CB,d8:0d:17:3e:c3:cb,-60,4,Coordenação de Eng. Elétrica,Lion,15
18/11/2025,07:08:20,73,IFPB,84:f1:47:54:95:e0,-61,11,Coordenação de Eng. Elétrica,Lion,15
18/11/2025,07:08:20,73,IFPB-VISITANTE,84:f1:47:54:95:e2,-61,11,Coordenação de Eng. Elétrica,Lion,15
18/11/2025,07:08:20,73,IFPB-Sala_Professor_14,48:51:cf:81:b0:9e,-65,2,Coordenação de Eng. Elétrica,Lion,15
18/11/2025,07:08:20,73,IFPB-Sala_Professor_14,24:fd:0d:57:19:26,-71,2,Coordenação de Eng. Elétrica,Lion,15
18/11/2025,07:08:20,73,Galaxy A05s 42b3,06:ad:54:f8:9d:b8,-71,9,Coordenação de Eng. Elétrica,Lion,15
18/11/2025,07:08:20,73,NUNYA_Room_2.4GHz,cc:32:e5:0c:fc:2b,-71,10,Coordenação de Eng. Elétrica,Lion,15
18/11/2025,07:08:20,73,APTelefonia,58:10:8c:91:f3:aa,-74,1,Coordenação de Eng. Elétrica,Lion,15
18/11/2025,07:08:20,73,Intelbras,18:0d:2c:7f:eb:ac,-78,7,Coordenação de Eng. Elétrica,Lion,15
18/11/2025,07:08:20,73,UA2-MiniLab,60:32:b1:2d:66:c3,-78,10,Coordenação de Eng. Elétrica,Lion,15
18/11/2025,07:08:20,73,Lab. de Sinais Digitais,18:d6:c7:f9:37:2f,-82,11,Coordenação de Eng. Elétrica,Lion,15
18/11/2025,07:08:20,73,IFPB,b8:11:4b:1d:14:80,-83,6,Coordenação de Eng. Elétrica,Lion,15
18/11/2025,07:08:20,73,IFPB-VISITANTE,b8:11:4b:1d:14:82,-83,6,Coordenação de Eng. Elétrica,Lion,15
18/11/2025,07:08:20,73,GPDS,00:26:5a:66:55:ef,-87,6,Coordenação de Eng. Elétrica,Lion,15
18/11/2025,07:08:20,73,IFPB-VISITANTE,84:f1:47:54:f9:82,-87,6,Coordenação de Eng. Elétrica,Lion,15
18/11/2025,07:08:20,73,IFPB,84:f1:47:54:f9:80,-87,6,Coordenação de Eng. Elétrica,Lion,15
18/11/2025,07:08:20,73,TP-Link_1324,7c:f1:7e:8d:13:22,-88,3,Coordenação de Eng. Elétrica,Lion,15
18/11/2025,07:08:20,73,IFPB-Sala_13,e8:94:f6:b9:2f:46,-89,10,Coordenação de Eng. Elétrica,Lion,15
18/11/2025,07:08:20,73,IFPB TCC,d8:5d:4c:86:7e:66,-90,1,Coordenação de Eng. Elétrica,Lion,15
18/11/2025,07:08:20,73,Mm,06:1e:a2:0a:db:03,-93,6,Coordenação de Eng. Elétrica,Lion,15
18/11/2025,07:08:20,73,Grel Wifi,00:27:19:ca:71:d2,-94,11,Coordenação de Eng. Elétrica,Lion,15
18/11/2025,07:08:20,73,NPEF/NEPA,50:c7:bf:ef:56:8a,-95,1,Coordenação de Eng. Elétrica,Lion,15
18/11/2025,07:08:29,74,TP-Link_C3CB,d8:0d:17:3e:c3:cb,-59,4,Coordenação de Eng. Elétrica,Lion,15
18/11/2025,07:08:29,74,IFPB,84:f1:47:54:95:e0,-60,11,Coordenação de Eng. Elétrica,Lion,15
18/11/2025,07:08:29,74,IFPB-VISITANTE,84:f1:47:54:95:e2,-60,11,Coordenação de Eng. Elétrica,Lion,15
18/11/2025,07:08:29,74,IFPB-Sala_Professor_14,48:51:cf:81:b0:9e,-65,2,Coordenação de Eng. Elétrica,Lion,15
18/11/2025,07:08:29,74,NUNYA_Room_2.4GHz,cc:32:e5:0c:fc:2b,-69,10,Coordenação de Eng. Elétrica,Lion,15
18/11/2025,07:08:29,74,Galaxy A05s 42b3,06:ad:54:f8:9d:b8,-72,9,Coordenação de Eng. Elétrica,Lion,15
18/11/2025,07:08:29,74,APTelefonia,58:10:8c:91:f3:aa,-77,1,Coordenação de Eng. Elétrica,Lion,15
18/11/2025,07:08:29,74,Intelbras,18:0d:2c:7f:eb:ac,-78,7,Coordenação de Eng. Elétrica,Lion,15
18/11/2025,07:08:29,74,Lab. de Sinais Digitais,18:d6:c7:f9:37:2f,-78,11,Coordenação de Eng. Elétrica,Lion,15
18/11/2025,07:08:29,74,UA2-MiniLab,60:32:b1:2d:66:c3,-81,10,Coordenação de Eng. Elétrica,Lion,15
18/11/2025,07:08:29,74,IFPB-Sala_Professor_14,24:fd:0d:57:19:26,-83,2,Coordenação de Eng. Elétrica,Lion,15
18/11/2025,07:08:29,74,GPDS,00:26:5a:66:55:ef,-83,6,Coordenação de Eng. Elétrica,Lion,15
18/11/2025,07:08:29,74,TP-Link_1324,7c:f1:7e:8d:13:22,-84,3,Coordenação de Eng. Elétrica,Lion,15
18/11/2025,07:08:29,74,IFPB,b8:11:4b:1d:14:80,-84,6,Coordenação de Eng. Elétrica,Lion,15
18/11/2025,07:08:29,74,Asterisk Server,18:0d:2c:7f:f5:9c,-84,7,Coordenação de Eng. Elétrica,Lion,15
18/11/2025,07:08:29,74,IFPB-VISITANTE,b8:11:4b:1d:14:82,-85,6,Coordenação de Eng. Elétrica,Lion,15
18/11/2025,07:08:29,74,IFPB-VISITANTE,84:f1:47:54:f9:82,-87,6,Coordenação de Eng. Elétrica,Lion,15
18/11/2025,07:08:29,74,IFPB,84:f1:47:54:f9:80,-88,6,Coordenação de Eng. Elétrica,Lion,15
18/11/2025,07:08:29,74,IFPB-Sala_13,e8:94:f6:b9:2f:46,-89,10,Coordenação de Eng. Elétrica,Lion,15
18/11/2025,07:08:29,74,IFPB TCC,d8:5d:4c:86:7e:66,-91,1,Coordenação de Eng. Elétrica,Lion,15
18/11/2025,07:08:29,74,NPEF/NEPA,50:c7:bf:ef:56:8a,-95,1,Coordenação de Eng. Elétrica,Lion,15
18/11/2025,07:08:29,74,Grel Wifi,00:27:19:ca:71:d2,-97,11,Coordenação de Eng. Elétrica,Lion,15
18/11/2025,07:08:38,75,IFPB-VISITANTE,84:f1:47:54:95:e2,-58,11,Coordenação de Eng. Elétrica,Lion,15
18/11/2025,07:08:38,75,IFPB,84:f1:47:54:95:e0,-59,11,Coordenação de Eng. Elétrica,Lion,15
18/11/2025,07:08:38,75,TP-Link_C3CB,d8:0d:17:3e:c3:cb,-60,4,Coordenação de Eng. Elétrica,Lion,15
18/11/2025,07:08:38,75,IFPB-Sala_Professor_14,48:51:cf:81:b0:9e,-66,2,Coordenação de Eng. Elétrica,Lion,15
18/11/2025,07:08:38,75,NUNYA_Room_2.4GHz,cc:32:e5:0c:fc:2b,-68,10,Coordenação de Eng. Elétrica,Lion,15
18/11/2025,07:08:38,75,APTelefonia,58:10:8c:91:f3:aa,-76,1,Coordenação de Eng. Elétrica,Lion,15
18/11/2025,07:08:38,75,Intelbras,18:0d:2c:7f:eb:ac,-77,7,Coordenação de Eng. Elétrica,Lion,15
18/11/2025,07:08:38,75,Galaxy A05s 42b3,06:ad:54:f8:9d:b8,-77,9,Coordenação de Eng. Elétrica,Lion,15
18/11/2025,07:08:38,75,UA2-MiniLab,60:32:b1:2d:66:c3,-78,10,Coordenação de Eng. Elétrica,Lion,15
18/11/2025,07:08:38,75,Lab. de Sinais Digitais,18:d6:c7:f9:37:2f,-78,11,Coordenação de Eng. Elétrica,Lion,15
18/11/2025,07:08:38,75,Asterisk Server,18:0d:2c:7f:f5:9c,-83,7,Coordenação de Eng. Elétrica,Lion,15
18/11/2025,07:08:38,75,TP-Link_1324,7c:f1:7e:8d:13:22,-84,3,Coordenação de Eng. Elétrica,Lion,15
18/11/2025,07:08:38,75,GPDS,00:26:5a:66:55:ef,-84,6,Coordenação de Eng. Elétrica,Lion,15
18/11/2025,07:08:38,75,IFPB-Sala_Professor_14,24:fd:0d:57:19:26,-85,2,Coordenação de Eng. Elétrica,Lion,15
18/11/2025,07:08:38,75,IFPB,84:f1:47:54:fd:c0,-87,1,Coordenação de Eng. Elétrica,Lion,15
18/11/2025,07:08:38,75,IFPB-VISITANTE,84:f1:47:54:fd:c2,-87,1,Coordenação de Eng. Elétrica,Lion,15
18/11/2025,07:08:38,75,IFPB,84:f1:47:54:f9:80,-87,6,Coordenação de Eng. Elétrica,Lion,15
18/11/2025,07:08:38,75,IFPB-VISITANTE,b8:11:4b:1d:14:82,-88,6,Coordenação de Eng. Elétrica,Lion,15
18/11/2025,07:08:38,75,IFPB-VISITANTE,84:f1:47:54:f9:82,-88,6,Coordenação de Eng. Elétrica,Lion,15
18/11/2025,07:08:38,75,IFPB,b8:11:4b:1d:14:80,-89,6,Coordenação de Eng. Elétrica,Lion,15
18/11/2025,07:08:38,75,IFPB-Sala_13,e8:94:f6:b9:2f:46,-89,10,Coordenação de Eng. Elétrica,Lion,15
18/11/2025,07:08:38,75,Grel Wifi,00:27:19:ca:71:d2,-92,11,Coordenação de Eng. Elétrica,Lion,15
18/11/2025,07:08:38,75,IFPB TCC,d8:5d:4c:86:7e:66,-93,1,Coordenação de Eng. Elétrica,Lion,15
18/11/2025,07:11:39,76,TP-Link_1324,7c:f1:7e:8d:13:22,-74,3,Lab. química 03,Parrot,16
18/11/2025,07:11:39,76,IFPB,24:36:da:2b:bc:00,-76,6,Lab. química 03,Parrot,16
18/11/2025,07:11:39,76,IFPB-VISITANTE,24:36:da:2b:bc:02,-78,6,Lab. química 03,Parrot,16
18/11/2025,07:11:39,76,IFPB-VISITANTE,84:f1:47:54:6b:82,-79,1,Lab. química 03,Parrot,16
18/11/2025,07:11:39,76,IFPB,84:f1:47:54:6b:80,-80,1,Lab. química 03,Parrot,16
18/11/2025,07:11:39,76,IFPB,84:f1:47:54:81:00,-82,11,Lab. química 03,Parrot,16
18/11/2025,07:11:39,76,IFPB-VISITANTE,84:f1:47:54:81:02,-83,11,Lab. química 03,Parrot,16
18/11/2025,07:11:39,76,IFPB,b8:11:4b:1d:12:00,-84,1,Lab. química 03,Parrot,16
18/11/2025,07:11:39,76,IFPB-VISITANTE,b8:11:4b:1d:12:02,-84,1,Lab. química 03,Parrot,16
18/11/2025,07:11:39,76,IFPB-VISITANTE,84:f1:47:54:7f:62,-86,6,Lab. química 03,Parrot,16
18/11/2025,07:11:39,76,brisa-3861242,24:2f:d0:cc:ed:8c,-87,6,Lab. química 03,Parrot,16
18/11/2025,07:11:39,76,IFPB,84:f1:47:54:7f:60,-88,6,Lab. química 03,Parrot,16
18/11/2025,07:11:39,76,APTelefonia,58:10:8c:91:f3:aa,-89,1,Lab. química 03,Parrot,16
18/11/2025,07:11:39,76,IFPB,24:36:da:a2:7f:40,-89,11,Lab. química 03,Parrot,16
18/11/2025,07:11:39,76,NPEF/NEPA,50:c7:bf:ef:56:8a,-90,1,Lab. química 03,Parrot,16
18/11/2025,07:11:39,76,IFPB-VISITANTE,24:36:da:a2:7f:42,-90,11,Lab. química 03,Parrot,16
18/11/2025,07:11:39,76,realme Note 50 Karol,ae:f6:95:5d:17:2e,-91,1,Lab. química 03,Parrot,16
18/11/2025,07:11:39,76,Intelbras,18:0d:2c:7f:eb:ac,-91,7,Lab. química 03,Parrot,16
18/11/2025,07:11:39,76,Asterisk Server,18:0d:2c:7f:f5:9c,-91,10,Lab. química 03,Parrot,16
18/11/2025,07:11:39,76,COPLAN,c4:12:f5:d3:01:90,-93,1,Lab. química 03,Parrot,16
18/11/2025,07:12:08,77,TP-Link_1324,7c:f1:7e:8d:13:22,-76,3,Lab. química 03,Parrot,16
18/11/2025,07:12:08,77,IFPB,24:36:da:2b:bc:00,-82,6,Lab. química 03,Parrot,16
18/11/2025,07:12:08,77,IFPB,84:f1:47:54:6b:80,-83,1,Lab. química 03,Parrot,16
18/11/2025,07:12:08,77,APTelefonia,58:10:8c:91:f3:aa,-83,1,Lab. química 03,Parrot,16
18/11/2025,07:12:08,77,IFPB-VISITANTE,24:36:da:2b:bc:02,-83,6,Lab. química 03,Parrot,16
18/11/2025,07:12:08,77,IFPB-VISITANTE,84:f1:47:54:6b:82,-84,1,Lab. química 03,Parrot,16
18/11/2025,07:12:08,77,IFPB,b8:11:4b:1d:12:00,-85,1,Lab. química 03,Parrot,16
18/11/2025,07:12:08,77,IFPB-VISITANTE,b8:11:4b:1d:12:02,-85,1,Lab. química 03,Parrot,16
18/11/2025,07:12:08,77,IFPB,84:f1:47:54:7f:60,-88,6,Lab. química 03,Parrot,16
18/11/2025,07:12:08,77,IFPB-VISITANTE,84:f1:47:54:7f:62,-88,6,Lab. química 03,Parrot,16
18/11/2025,07:12:08,77,IFPB-VISITANTE,84:f1:47:54:81:02,-88,11,Lab. química 03,Parrot,16
18/11/2025,07:12:08,77,NPEF/NEPA,50:c7:bf:ef:56:8a,-89,1,Lab. química 03,Parrot,16
18/11/2025,07:12:08,77,brisa-3861242,24:2f:d0:cc:ed:8c,-89,6,Lab. química 03,Parrot,16
18/11/2025,07:12:08,77,IFPB,84:f1:47:54:81:00,-89,11,Lab. química 03,Parrot,16
18/11/2025,07:12:08,77,realme Note 50 Karol,ae:f6:95:5d:17:2e,-90,1,Lab. química 03,Parrot,16
18/11/2025,07:12:08,77,Intelbras,18:0d:2c:7f:eb:ac,-92,7,Lab. química 03,Parrot,16
18/11/2025,07:12:08,77,LIMPEZA,54:e6:fc:cf:22:de,-94,6,Lab. química 03,Parrot,16
18/11/2025,07:12:17,78,TP-Link_1324,7c:f1:7e:8d:13:22,-76,3,Lab. química 03,Parrot,16
18/11/2025,07:12:17,78,IFPB,24:36:da:2b:bc:00,-81,6,Lab. química 03,Parrot,16
18/11/2025,07:12:17,78,IFPB-VISITANTE,24:36:da:2b:bc:02,-82,6,Lab. química 03,Parrot,16
18/11/2025,07:12:17,78,IFPB-VISITANTE,84:f1:47:54:6b:82,-84,1,Lab. química 03,Parrot,16
18/11/2025,07:12:17,78,IFPB,84:f1:47:54:6b:80,-85,1,Lab. química 03,Parrot,16
18/11/2025,07:12:17,78,IFPB,b8:11:4b:1d:12:00,-86,1,Lab. química 03,Parrot,16
18/11/2025,07:12:17,78,IFPB-VISITANTE,b8:11:4b:1d:12:02,-87,1,Lab. química 03,Parrot,16
18/11/2025,07:12:17,78,IFPB,84:f1:47:54:7f:60,-87,6,Lab. química 03,Parrot,16
18/11/2025,07:12:17,78,IFPB,84:f1:47:54:81:00,-87,11,Lab. química 03,Parrot,16
18/11/2025,07:12:17,78,APTelefonia,58:10:8c:91:f3:aa,-88,1,Lab. química 03,Parrot,16
18/11/2025,07:12:17,78,realme Note 50 Karol,ae:f6:95:5d:17:2e,-88,1,Lab. química 03,Parrot,16
18/11/2025,07:12:17,78,IFPB-VISITANTE,84:f1:47:54:7f:62,-88,6,Lab. química 03,Parrot,16
18/11/2025,07:12:17,78,IFPB-VISITANTE,24:36:da:a2:7f:42,-89,11,Lab. química 03,Parrot,16
18/11/2025,07:12:17,78,brisa-3861242,24:2f:d0:cc:ed:8c,-90,6,Lab. química 03,Parrot,16
18/11/2025,07:12:17,78,IFPB-VISITANTE,84:f1:47:54:81:02,-91,11,Lab. química 03,Parrot,16
18/11/2025,07:12:17,78,Intelbras,18:0d:2c:7f:eb:ac,-93,7,Lab. química 03,Parrot,16
18/11/2025,07:12:17,78,NPEF/NEPA,50:c7:bf:ef:56:8a,-94,1,Lab. química 03,Parrot,16
18/11/2025,07:12:26,79,TP-Link_1324,7c:f1:7e:8d:13:22,-75,3,Lab. química 03,Parrot,16
18/11/2025,07:12:26,79,IFPB-VISITANTE,24:36:da:2b:bc:02,-79,6,Lab. química 03,Parrot,16
18/11/2025,07:12:26,79,IFPB,24:36:da:2b:bc:00,-80,6,Lab. química 03,Parrot,16
18/11/2025,07:12:26,79,IFPB-VISITANTE,84:f1:47:54:6b:82,-86,1,Lab. química 03,Parrot,16
18/11/2025,07:12:26,79,IFPB-VISITANTE,84:f1:47:54:81:02,-86,11,Lab. química 03,Parrot,16
18/11/2025,07:12:26,79,IFPB,84:f1:47:54:6b:80,-87,1,Lab. química 03,Parrot,16
18/11/2025,07:12:26,79,Asterisk Server,18:0d:2c:7f:f5:9c,-87,6,Lab. química 03,Parrot,16
18/11/2025,07:12:26,79,IFPB,24:36:da:a2:7f:40,-87,11,Lab. química 03,Parrot,16
18/11/2025,07:12:26,79,IFPB,84:f1:47:54:81:00,-87,11,Lab. química 03,Parrot,16
18/11/2025,07:12:26,79,IFPB-VISITANTE,24:36:da:a2:7f:42,-87,11,Lab. química 03,Parrot,16
18/11/2025,07:12:26,79,APTelefonia,58:10:8c:91:f3:aa,-88,1,Lab. química 03,Parrot,16
18/11/2025,07:12:26,79,IFPB-VISITANTE,84:f1:47:54:7f:62,-88,6,Lab. química 03,Parrot,16
18/11/2025,07:12:26,79,IFPB,84:f1:47:54:7f:60,-89,6,Lab. química 03,Parrot,16
18/11/2025,07:12:26,79,realme Note 50 Karol,ae:f6:95:5d:17:2e,-90,1,Lab. química 03,Parrot,16
18/11/2025,07:12:26,79,NPEF/NEPA,50:c7:bf:ef:56:8a,-91,1,Lab. química 03,Parrot,16
18/11/2025,07:12:26,79,Intelbras,18:0d:2c:7f:eb:ac,-94,7,Lab. química 03,Parrot,16
18/11/2025,07:12:35,80,TP-Link_1324,7c:f1:7e:8d:13:22,-70,3,Lab. química 03,Parrot,16
18/11/2025,07:12:35,80,IFPB,24:36:da:2b:bc:00,-79,6,Lab. química 03,Parrot,16
18/11/2025,07:12:35,80,IFPB-VISITANTE,24:36:da:2b:bc:02,-79,6,Lab. química 03,Parrot,16
18/11/2025,07:12:35,80,IFPB-VISITANTE,84:f1:47:54:6b:82,-85,1,Lab. química 03,Parrot,16
18/11/2025,07:12:35,80,IFPB,84:f1:47:54:6b:80,-86,1,Lab. química 03,Parrot,16
18/11/2025,07:12:35,80,realme Note 50 Karol,ae:f6:95:5d:17:2e,-86,1,Lab. química 03,Parrot,16
18/11/2025,07:12:35,80,IFPB,24:36:da:a2:7f:40,-86,11,Lab. química 03,Parrot,16
18/11/2025,07:12:35,80,IFPB-VISITANTE,24:36:da:a2:7f:42,-86,11,Lab. química 03,Parrot,16
18/11/2025,07:12:35,80,IFPB-VISITANTE,84:f1:47:54:81:02,-86,11,Lab. química 03,Parrot,16
18/11/2025,07:12:35,80,APTelefonia,58:10:8c:91:f3:aa,-87,1,Lab. química 03,Parrot,16
18/11/2025,07:12:35,80,Asterisk Server,18:0d:2c:7f:f5:9c,-88,6,Lab. química 03,Parrot,16
18/11/2025,07:12:35,80,IFPB,84:f1:47:54:81:00,-88,11,Lab. química 03,Parrot,16
18/11/2025,07:12:35,80,brisa-3861242,24:2f:d0:cc:ed:8c,-91,6,Lab. química 03,Parrot,16
18/11/2025,07:12:35,80,Intelbras,18:0d:2c:7f:eb:ac,-91,7,Lab. química 03,Parrot,16
18/11/2025,07:12:35,80,NPEF/NEPA,50:c7:bf:ef:56:8a,-92,1,Lab. química 03,Parrot,16
18/11/2025,07:12:35,80,Lab. de Sinais Digitais,18:d6:c7:f9:37:2f,-96,11,Lab. química 03,Parrot,16
18/11/2025,07:13:00,81,IFPB,84:f1:47:54:6b:80,-60,1,Lab. química 02,Bird,17
18/11/2025,07:13:00,81,IFPB-VISITANTE,84:f1:47:54:6b:82,-60,1,Lab. química 02,Bird,17
18/11/2025,07:13:00,81,TP-Link_1324,7c:f1:7e:8d:13:22,-80,3,Lab. química 02,Bird,17
18/11/2025,07:13:00,81,IFPB,24:36:da:2b:bc:00,-82,6,Lab. química 02,Bird,17
18/11/2025,07:13:00,81,IFPB-VISITANTE,24:36:da:2b:bc:02,-82,6,Lab. química 02,Bird,17
18/11/2025,07:13:00,81,realme Note 50 Karol,ae:f6:95:5d:17:2e,-84,1,Lab. química 02,Bird,17
18/11/2025,07:13:00,81,Intelbras,18:0d:2c:7f:eb:ac,-85,7,Lab. química 02,Bird,17
18/11/2025,07:13:00,81,IFPB,84:f1:47:54:7f:60,-88,6,Lab. química 02,Bird,17
18/11/2025,07:13:00,81,IFPB-VISITANTE,84:f1:47:54:8b:a2,-88,11,Lab. química 02,Bird,17
18/11/2025,07:13:00,81,APTelefonia,58:10:8c:91:f3:aa,-89,1,Lab. química 02,Bird,17
18/11/2025,07:13:00,81,NPEF/NEPA,50:c7:bf:ef:56:8a,-90,1,Lab. química 02,Bird,17
18/11/2025,07:13:00,81,IFPB-VISITANTE,84:f1:47:54:7f:62,-90,6,Lab. química 02,Bird,17
18/11/2025,07:13:00,81,IFPB,84:f1:47:54:8b:a0,-90,11,Lab. química 02,Bird,17
18/11/2025,07:13:00,81,IFPB-VISITANTE,84:f1:47:54:81:02,-91,11,Lab. química 02,Bird,17
18/11/2025,07:13:00,81,IFPB,84:f1:47:54:81:00,-92,11,Lab. química 02,Bird,17
18/11/2025,07:13:00,81,brisa-3861242,24:2f:d0:cc:ed:8c,-93,6,Lab. química 02,Bird,17
18/11/2025,07:13:09,82,IFPB,84:f1:47:54:6b:80,-61,1,Lab. química 02,Bird,17
18/11/2025,07:13:09,82,IFPB-VISITANTE,84:f1:47:54:6b:82,-62,1,Lab. química 02,Bird,17
18/11/2025,07:13:09,82,TP-Link_1324,7c:f1:7e:8d:13:22,-76,3,Lab. química 02,Bird,17
18/11/2025,07:13:09,82,APTelefonia,58:10:8c:91:f3:aa,-80,1,Lab. química 02,Bird,17
18/11/2025,07:13:09,82,IFPB,24:36:da:2b:bc:00,-80,6,Lab. química 02,Bird,17
18/11/2025,07:13:09,82,IFPB-VISITANTE,24:36:da:2b:bc:02,-81,6,Lab. química 02,Bird,17
18/11/2025,07:13:09,82,Intelbras,18:0d:2c:7f:eb:ac,-84,7,Lab. química 02,Bird,17
18/11/2025,07:13:09,82,IFPB-VISITANTE,2c:57:41:cd:e1:c2,-86,1,Lab. química 02,Bird,17
18/11/2025,07:13:09,82,IFPB,2c:57:41:cd:e1:c0,-86,1,Lab. química 02,Bird,17
18/11/2025,07:13:09,82,realme Note 50 Karol,ae:f6:95:5d:17:2e,-87,1,Lab. química 02,Bird,17
18/11/2025,07:13:09,82,IFPB-VISITANTE,84:f1:47:54:7f:62,-87,6,Lab. química 02,Bird,17
18/11/2025,07:13:09,82,IFPB,84:f1:47:54:8b:a0,-87,11,Lab. química 02,Bird,17
18/11/2025,07:13:09,82,IFPB-VISITANTE,84:f1:47:54:8b:a2,-88,11,Lab. química 02,Bird,17
18/11/2025,07:13:09,82,IFPB,84:f1:47:54:7f:60,-89,6,Lab. química 02,Bird,17
18/11/2025,07:13:09,82,NPEF/NEPA,50:c7:bf:ef:56:8a,-92,1,Lab. química 02,Bird,17
18/11/2025,07:13:09,82,Lab. de Sinais Digitais,18:d6:c7:f9:37:2f,-94,11,Lab. química 02,Bird,17
18/11/2025,07:13:18,83,IFPB,84:f1:47:54:6b:80,-64,1,Lab. química 02,Bird,17
18/11/2025,07:13:18,83,IFPB-VISITANTE,84:f1:47:54:6b:82,-65,1,Lab. química 02,Bird,17
18/11/2025,07:13:18,83,IFPB,24:36:da:2b:bc:00,-79,6,Lab. química 02,Bird,17
18/11/2025,07:13:18,83,IFPB-VISITANTE,24:36:da:2b:bc:02,-79,6,Lab. química 02,Bird,17
18/11/2025,07:13:18,83,APTelefonia,58:10:8c:91:f3:aa,-82,1,Lab. química 02,Bird,17
18/11/2025,07:13:18,83,TP-Link_1324,7c:f1:7e:8d:13:22,-82,3,Lab. química 02,Bird,17
18/11/2025,07:13:18,83,IFPB,84:f1:47:54:7f:60,-87,6,Lab. química 02,Bird,17
18/11/2025,07:13:18,83,IFPB-VISITANTE,84:f1:47:54:8b:a2,-89,11,Lab. química 02,Bird,17
18/11/2025,07:13:18,83,IFPB-VISITANTE,84:f1:47:54:7f:62,-90,6,Lab. química 02,Bird,17
18/11/2025,07:13:18,83,IFPB,84:f1:47:54:8b:a0,-90,11,Lab. química 02,Bird,17
18/11/2025,07:13:18,83,Intelbras,18:0d:2c:7f:eb:ac,-91,7,Lab. química 02,Bird,17
18/11/2025,07:13:18,83,IFPB-VISITANTE,84:f1:47:54:81:02,-91,11,Lab. química 02,Bird,17
18/11/2025,07:13:18,83,Lab. de Sinais Digitais,18:d6:c7:f9:37:2f,-93,11,Lab. química 02,Bird,17
18/11/2025,07:13:27,84,IFPB-VISITANTE,84:f1:47:54:6b:82,-63,1,Lab. química 02,Bird,17
18/11/2025,07:13:27,84,IFPB,84:f1:47:54:6b:80,-63,1,Lab. química 02,Bird,17
18/11/2025,07:13:27,84,IFPB-VISITANTE,24:36:da:2b:bc:02,-80,6,Lab. química 02,Bird,17
18/11/2025,07:13:27,84,TP-Link_1324,7c:f1:7e:8d:13:22,-81,3,Lab. química 02,Bird,17
18/11/2025,07:13:27,84,IFPB,24:36:da:2b:bc:00,-81,6,Lab. química 02,Bird,17
18/11/2025,07:13:27,84,APTelefonia,58:10:8c:91:f3:aa,-83,1,Lab. química 02,Bird,17
18/11/2025,07:13:27,84,IFPB-VISITANTE,84:f1:47:54:7f:62,-86,6,Lab. química 02,Bird,17
18/11/2025,07:13:27,84,Intelbras,18:0d:2c:7f:eb:ac,-87,7,Lab. química 02,Bird,17
18/11/2025,07:13:27,84,IFPB,84:f1:47:54:8b:a0,-87,11,Lab. química 02,Bird,17
18/11/2025,07:13:27,84,IFPB-VISITANTE,84:f1:47:54:8b:a2,-88,11,Lab. química 02,Bird,17
18/11/2025,07:13:27,84,IFPB,84:f1:47:54:7f:60,-89,6,Lab. química 02,Bird,17
18/11/2025,07:13:27,84,IFPB-VISITANTE,84:f1:47:54:81:02,-89,11,Lab. química 02,Bird,17
18/11/2025,07:13:27,84,NPEF/NEPA,50:c7:bf:ef:56:8a,-90,1,Lab. química 02,Bird,17
18/11/2025,07:13:27,84,Asterisk Server,18:0d:2c:7f:f5:9c,-91,7,Lab. química 02,Bird,17
18/11/2025,07:13:27,84,IFPB,84:f1:47:54:81:00,-91,11,Lab. química 02,Bird,17
18/11/2025,07:13:27,84,Lab. de Sinais Digitais,18:d6:c7:f9:37:2f,-94,11,Lab. química 02,Bird,17
18/11/2025,07:13:36,85,IFPB,84:f1:47:54:6b:80,-70,1,Lab. química 02,Bird,17
18/11/2025,07:13:36,85,IFPB-VISITANTE,84:f1:47:54:6b:82,-70,1,Lab. química 02,Bird,17
18/11/2025,07:13:36,85,TP-Link_1324,7c:f1:7e:8d:13:22,-79,3,Lab. química 02,Bird,17
18/11/2025,07:13:36,85,IFPB-VISITANTE,24:36:da:2b:bc:02,-80,6,Lab. química 02,Bird,17
18/11/2025,07:13:36,85,APTelefonia,58:10:8c:91:f3:aa,-81,1,Lab. química 02,Bird,17
18/11/2025,07:13:36,85,IFPB,24:36:da:2b:bc:00,-81,6,Lab. química 02,Bird,17
18/11/2025,07:13:36,85,Intelbras,18:0d:2c:7f:eb:ac,-87,7,Lab. química 02,Bird,17
18/11/2025,07:13:36,85,IFPB-VISITANTE,84:f1:47:54:81:02,-88,11,Lab. química 02,Bird,17
18/11/2025,07:13:36,85,IFPB-VISITANTE,2c:57:41:cd:e1:c2,-89,1,Lab. química 02,Bird,17
18/11/2025,07:13:36,85,IFPB,84:f1:47:54:81:00,-89,11,Lab. química 02,Bird,17
18/11/2025,07:13:36,85,IFPB,84:f1:47:54:8b:a0,-89,11,Lab. química 02,Bird,17
18/11/2025,07:13:36,85,IFPB-VISITANTE,84:f1:47:54:8b:a2,-90,11,Lab. química 02,Bird,17
18/11/2025,07:13:36,85,Asterisk Server,18:0d:2c:7f:f5:9c,-91,7,Lab. química 02,Bird,17
18/11/2025,07:13:36,85,NPEF/NEPA,50:c7:bf:ef:56:8a,-92,1,Lab. química 02,Bird,17
18/11/2025,07:13:36,85,IFPB-Sala_Professor_14,24:fd:0d:57:19:26,-93,2,Lab. química 02,Bird,17
18/11/2025,07:13:36,85,Lab. de Sinais Digitais,18:d6:c7:f9:37:2f,-94,11,Lab. química 02,Bird,17
18/11/2025,07:13:58,86,IFPB-VISITANTE,84:f1:47:54:6b:82,-55,1,Lab. química 01,Hamster,18
18/11/2025,07:13:58,86,IFPB,84:f1:47:54:6b:80,-56,1,Lab. química 01,Hamster,18
18/11/2025,07:13:58,86,IFPB,24:36:da:2b:bc:00,-81,6,Lab. química 01,Hamster,18
18/11/2025,07:13:58,86,IFPB-VISITANTE,24:36:da:2b:bc:02,-81,6,Lab. química 01,Hamster,18
18/11/2025,07:13:58,86,APTelefonia,58:10:8c:91:f3:aa,-86,1,Lab. química 01,Hamster,18
18/11/2025,07:13:58,86,TP-Link_1324,7c:f1:7e:8d:13:22,-86,3,Lab. química 01,Hamster,18
18/11/2025,07:13:58,86,IFPB-VISITANTE,84:f1:47:54:8b:a2,-88,11,Lab. química 01,Hamster,18
18/11/2025,07:13:58,86,IFPB,2c:57:41:cd:e1:c0,-89,1,Lab. química 01,Hamster,18
18/11/2025,07:13:58,86,IFPB,84:f1:47:54:8b:a0,-89,11,Lab. química 01,Hamster,18
18/11/2025,07:13:58,86,IFPB-VISITANTE,2c:57:41:cd:e1:c2,-90,1,Lab. química 01,Hamster,18
18/11/2025,07:13:58,86,Intelbras,18:0d:2c:7f:eb:ac,-90,7,Lab. química 01,Hamster,18
18/11/2025,07:13:58,86,Lab. de Sinais Digitais,18:d6:c7:f9:37:2f,-92,11,Lab. química 01,Hamster,18
18/11/2025,07:13:58,86,GPDS,00:26:5a:66:55:ef,-94,6,Lab. química 01,Hamster,18
18/11/2025,07:13:58,86,NPEF/NEPA,50:c7:bf:ef:56:8a,-96,1,Lab. química 01,Hamster,18
18/11/2025,07:14:07,87,IFPB,84:f1:47:54:6b:80,-55,1,Lab. química 01,Hamster,18
18/11/2025,07:14:07,87,IFPB-VISITANTE,84:f1:47:54:6b:82,-55,1,Lab. química 01,Hamster,18
18/11/2025,07:14:07,87,IFPB,24:36:da:2b:bc:00,-82,6,Lab. química 01,Hamster,18
18/11/2025,07:14:07,87,IFPB-VISITANTE,24:36:da:2b:bc:02,-83,6,Lab. química 01,Hamster,18
18/11/2025,07:14:07,87,TP-Link_1324,7c:f1:7e:8d:13:22,-87,3,Lab. química 01,Hamster,18
18/11/2025,07:14:07,87,IFPB-VISITANTE,84:f1:47:54:8b:a2,-87,11,Lab. química 01,Hamster,18
18/11/2025,07:14:07,87,APTelefonia,58:10:8c:91:f3:aa,-88,1,Lab. química 01,Hamster,18
18/11/2025,07:14:07,87,IFPB,84:f1:47:54:8b:a0,-88,11,Lab. química 01,Hamster,18
18/11/2025,07:14:07,87,NPEF/NEPA,50:c7:bf:ef:56:8a,-89,1,Lab. química 01,Hamster,18
18/11/2025,07:14:07,87,Lab. de Sinais Digitais,18:d6:c7:f9:37:2f,-90,11,Lab. química 01,Hamster,18
18/11/2025,07:14:07,87,GPDS,00:26:5a:66:55:ef,-95,6,Lab. química 01,Hamster,18
18/11/2025,07:14:16,88,IFPB,84:f1:47:54:6b:80,-55,1,Lab. química 01,Hamster,18
18/11/2025,07:14:16,88,IFPB-VISITANTE,84:f1:47:54:6b:82,-55,1,Lab. química 01,Hamster,18
18/11/2025,07:14:16,88,APTelefonia,58:10:8c:91:f3:aa,-81,1,Lab. química 01,Hamster,18
18/11/2025,07:14:16,88,IFPB,24:36:da:2b:bc:00,-82,6,Lab. química 01,Hamster,18
18/11/2025,07:14:16,88,IFPB-VISITANTE,24:36:da:2b:bc:02,-82,6,Lab. química 01,Hamster,18
18/11/2025,07:14:16,88,TP-Link_1324,7c:f1:7e:8d:13:22,-85,3,Lab. química 01,Hamster,18
18/11/2025,07:14:16,88,Intelbras,18:0d:2c:7f:eb:ac,-87,7,Lab. química 01,Hamster,18
18/11/2025,07:14:16,88,NPEF/NEPA,50:c7:bf:ef:56:8a,-88,1,Lab. química 01,Hamster,18
18/11/2025,07:14:16,88,IFPB,2c:57:41:cd:e1:c0,-88,1,Lab. química 01,Hamster,18
18/11/2025,07:14:16,88,IFPB-VISITANTE,2c:57:41:cd:e1:c2,-89,1,Lab. química 01,Hamster,18
18/11/2025,07:14:16,88,IFPB,84:f1:47:54:8b:a0,-89,11,Lab. química 01,Hamster,18
18/11/2025,07:14:16,88,IFPB-VISITANTE,84:f1:47:54:8b:a2,-90,11,Lab. química 01,Hamster,18
18/11/2025,07:14:16,88,Asterisk Server,18:0d:2c:7f:f5:9c,-91,6,Lab. química 01,Hamster,18
18/11/2025,07:14:26,89,IFPB,84:f1:47:54:6b:80,-56,1,Lab. química 01,Hamster,18
18/11/2025,07:14:26,89,IFPB-VISITANTE,84:f1:47:54:6b:82,-56,1,Lab. química 01,Hamster,18
18/11/2025,07:14:26,89,IFPB,24:36:da:2b:bc:00,-84,6,Lab. química 01,Hamster,18
18/11/2025,07:14:26,89,IFPB-VISITANTE,24:36:da:2b:bc:02,-84,6,Lab. química 01,Hamster,18
18/11/2025,07:14:26,89,TP-Link_1324,7c:f1:7e:8d:13:22,-87,3,Lab. química 01,Hamster,18
18/11/2025,07:14:26,89,NPEF/NEPA,50:c7:bf:ef:56:8a,-88,1,Lab. química 01,Hamster,18
18/11/2025,07:14:26,89,IFPB,2c:57:41:cd:e1:c0,-88,1,Lab. química 01,Hamster,18
18/11/2025,07:14:26,89,APTelefonia,58:10:8c:91:f3:aa,-88,1,Lab. química 01,Hamster,18
18/11/2025,07:14:26,89,IFPB-VISITANTE,84:f1:47:54:8b:a2,-88,11,Lab. química 01,Hamster,18
18/11/2025,07:14:26,89,IFPB-VISITANTE,2c:57:41:cd:e1:c2,-89,1,Lab. química 01,Hamster,18
18/11/2025,07:14:26,89,Asterisk Server,18:0d:2c:7f:f5:9c,-89,6,Lab. química 01,Hamster,18
18/11/2025,07:14:26,89,IFPB,84:f1:47:54:8b:a0,-89,11,Lab. química 01,Hamster,18
18/11/2025,07:14:26,89,Intelbras,18:0d:2c:7f:eb:ac,-90,7,Lab. química 01,Hamster,18
18/11/2025,07:14:26,89,Lab. de Sinais Digitais,18:d6:c7:f9:37:2f,-90,11,Lab. química 01,Hamster,18
18/11/2025,07:14:26,89,IFPB-VISITANTE,24:36:da:a2:7f:42,-90,11,Lab. química 01,Hamster,18
18/11/2025,07:14:26,89,IFPB,24:36:da:a2:7f:40,-92,11,Lab. química 01,Hamster,18
18/11/2025,07:14:35,90,IFPB,84:f1:47:54:6b:80,-53,1,Lab. química 01,Hamster,18
18/11/2025,07:14:35,90,IFPB-VISITANTE,84:f1:47:54:6b:82,-53,1,Lab. química 01,Hamster,18
18/11/2025,07:14:35,90,TP-Link_1324,7c:f1:7e:8d:13:22,-84,3,Lab. química 01,Hamster,18
18/11/2025,07:14:35,90,IFPB,24:36:da:2b:bc:00,-84,6,Lab. química 01,Hamster,18
18/11/2025,07:14:35,90,IFPB-VISITANTE,24:36:da:2b:bc:02,-84,6,Lab. química 01,Hamster,18
18/11/2025,07:14:35,90,APTelefonia,58:10:8c:91:f3:aa,-85,1,Lab. química 01,Hamster,18
18/11/2025,07:14:35,90,Intelbras,18:0d:2c:7f:eb:ac,-86,7,Lab. química 01,Hamster,18
18/11/2025,07:14:35,90,IFPB,2c:57:41:cd:e1:c0,-88,1,Lab. química 01,Hamster,18
18/11/2025,07:14:35,90,IFPB-VISITANTE,84:f1:47:54:8b:a2,-88,11,Lab. química 01,Hamster,18
18/11/2025,07:14:35,90,IFPB-VISITANTE,2c:57:41:cd:e1:c2,-89,1,Lab. química 01,Hamster,18
18/11/2025,07:14:35,90,IFPB,84:f1:47:54:8b:a0,-89,11,Lab. química 01,Hamster,18
18/11/2025,07:14:35,90,NPEF/NEPA,50:c7:bf:ef:56:8a,-90,1,Lab. química 01,Hamster,18
18/11/2025,07:14:35,90,Asterisk Server,18:0d:2c:7f:f5:9c,-90,6,Lab. química 01,Hamster,18
18/11/2025,07:14:35,90,Lab. de Sinais Digitais,18:d6:c7:f9:37:2f,-92,11,Lab. química 01,Hamster,18
18/11/2025,07:15:12,91,NPEF/NEPA,50:c7:bf:ef:56:8a,-72,1,Lab. de microscopia,Rooster,19
18/11/2025,07:15:13,91,IFPB,84:f1:47:54:8b:a0,-80,11,Lab. de microscopia,Rooster,19
18/11/2025,07:15:13,91,IFPB-VISITANTE,84:f1:47:54:8b:a2,-80,11,Lab. de microscopia,Rooster,19
18/11/2025,07:15:13,91,IFPB,84:f1:47:54:80:60,-83,11,Lab. de microscopia,Rooster,19
18/11/2025,07:15:13,91,IFPB-VISITANTE,84:f1:47:54:80:62,-83,11,Lab. de microscopia,Rooster,19
18/11/2025,07:15:13,91,IFPB,84:f1:47:54:6b:80,-84,1,Lab. de microscopia,Rooster,19
18/11/2025,07:15:13,91,IFPB-VISITANTE,84:f1:47:54:6b:82,-84,1,Lab. de microscopia,Rooster,19
18/11/2025,07:15:13,91,IFPB-MM,54:e6:fc:ba:ad:86,-85,1,Lab. de microscopia,Rooster,19
18/11/2025,07:15:13,91,Lab. de Sinais Digitais,18:d6:c7:f9:37:2f,-88,11,Lab. de microscopia,Rooster,19
18/11/2025,07:15:13,91,UA2-MiniLab,60:32:b1:2d:66:c3,-89,10,Lab. de microscopia,Rooster,19
18/11/2025,07:15:13,91,Asterisk Server,18:0d:2c:7f:f5:9c,-90,7,Lab. de microscopia,Rooster,19
18/11/2025,07:15:13,91,APTelefonia,58:10:8c:91:f3:aa,-92,1,Lab. de microscopia,Rooster,19
18/11/2025,07:15:13,91,TP-Link_1324,7c:f1:7e:8d:13:22,-92,3,Lab. de microscopia,Rooster,19
18/11/2025,07:15:13,91,Intelbras,18:0d:2c:7f:eb:ac,-92,7,Lab. de microscopia,Rooster,19
18/11/2025,07:15:13,91,GPDS,00:26:5a:66:55:ef,-94,6,Lab. de microscopia,Rooster,19
18/11/2025,07:15:22,92,NPEF/NEPA,50:c7:bf:ef:56:8a,-70,1,Lab. de microscopia,Rooster,19
18/11/2025,07:15:22,92,IFPB-VISITANTE,84:f1:47:54:8b:a2,-80,11,Lab. de microscopia,Rooster,19
18/11/2025,07:15:22,92,IFPB,84:f1:47:54:80:60,-80,11,Lab. de microscopia,Rooster,19
18/11/2025,07:15:22,92,IFPB,84:f1:47:54:8b:a0,-81,11,Lab. de microscopia,Rooster,19
18/11/2025,07:15:22,92,IFPB-VISITANTE,84:f1:47:54:80:62,-81,11,Lab. de microscopia,Rooster,19
18/11/2025,07:15:22,92,IFPB-MM,54:e6:fc:ba:ad:86,-83,1,Lab. de microscopia,Rooster,19
18/11/2025,07:15:22,92,IFPB-VISITANTE,84:f1:47:54:6b:82,-84,1,Lab. de microscopia,Rooster,19
18/11/2025,07:15:22,92,IFPB,84:f1:47:54:6b:80,-84,1,Lab. de microscopia,Rooster,19
18/11/2025,07:15:22,92,APTelefonia,58:10:8c:91:f3:aa,-90,1,Lab. de microscopia,Rooster,19
18/11/2025,07:15:22,92,GPDS,00:26:5a:66:55:ef,-92,6,Lab. de microscopia,Rooster,19
18/11/2025,07:15:22,92,TP-Link_1324,7c:f1:7e:8d:13:22,-93,3,Lab. de microscopia,Rooster,19
18/11/2025,07:15:22,92,Intelbras,18:0d:2c:7f:eb:ac,-93,7,Lab. de microscopia,Rooster,19
18/11/2025,07:15:22,92,Lab. de Sinais Digitais,18:d6:c7:f9:37:2f,-93,11,Lab. de microscopia,Rooster,19
18/11/2025,07:15:22,92,Asterisk Server,18:0d:2c:7f:f5:9c,-94,7,Lab. de microscopia,Rooster,19
18/11/2025,07:15:31,93,NPEF/NEPA,50:c7:bf:ef:56:8a,-76,1,Lab. de microscopia,Rooster,19
18/11/2025,07:15:31,93,IFPB,84:f1:47:54:8b:a0,-78,11,Lab. de microscopia,Rooster,19
18/11/2025,07:15:31,93,IFPB-VISITANTE,84:f1:47:54:8b:a2,-78,11,Lab. de microscopia,Rooster,19
18/11/2025,07:15:31,93,IFPB-VISITANTE,84:f1:47:54:6b:82,-82,1,Lab. de microscopia,Rooster,19
18/11/2025,07:15:31,93,IFPB,84:f1:47:54:6b:80,-83,1,Lab. de microscopia,Rooster,19
18/11/2025,07:15:31,93,IFPB-VISITANTE,84:f1:47:54:80:62,-83,11,Lab. de microscopia,Rooster,19
18/11/2025,07:15:31,93,IFPB,84:f1:47:54:80:60,-84,11,Lab. de microscopia,Rooster,19
18/11/2025,07:15:31,93,IFPB-MM,54:e6:fc:ba:ad:86,-87,1,Lab. de microscopia,Rooster,19
18/11/2025,07:15:31,93,GPDS,00:26:5a:66:55:ef,-89,6,Lab. de microscopia,Rooster,19
18/11/2025,07:15:31,93,APTelefonia,58:10:8c:91:f3:aa,-90,1,Lab. de microscopia,Rooster,19
18/11/2025,07:15:31,93,Lab. de Sinais Digitais,18:d6:c7:f9:37:2f,-91,11,Lab. de microscopia,Rooster,19
18/11/2025,07:15:31,93,Asterisk Server,18:0d:2c:7f:f5:9c,-92,7,Lab. de microscopia,Rooster,19
18/11/2025,07:15:31,93,TP-Link_C3CB,d8:0d:17:3e:c3:cb,-93,4,Lab. de microscopia,Rooster,19
18/11/2025,07:15:31,93,TP-Link_1324,7c:f1:7e:8d:13:22,-94,3,Lab. de microscopia,Rooster,19
18/11/2025,07:15:40,94,NPEF/NEPA,50:c7:bf:ef:56:8a,-72,1,Lab. de microscopia,Rooster,19
18/11/2025,07:15:40,94,IFPB,84:f1:47:54:8b:a0,-79,11,Lab. de microscopia,Rooster,19
18/11/2025,07:15:40,94,IFPB-VISITANTE,84:f1:47:54:8b:a2,-79,11,Lab. de microscopia,Rooster,19
18/11/2025,07:15:40,94,IFPB,84:f1:47:54:80:60,-81,11,Lab. de microscopia,Rooster,19
18/11/2025,07:15:40,94,IFPB-VISITANTE,84:f1:47:54:80:62,-81,11,Lab. de microscopia,Rooster,19
18/11/2025,07:15:40,94,IFPB-VISITANTE,84:f1:47:54:6b:82,-82,1,Lab. de microscopia,Rooster,19
18/11/2025,07:15:40,94,IFPB,84:f1:47:54:6b:80,-85,1,Lab. de microscopia,Rooster,19
18/11/2025,07:15:40,94,IFPB-MM,54:e6:fc:ba:ad:86,-86,1,Lab. de microscopia,Rooster,19
18/11/2025,07:15:40,94,GPDS,00:26:5a:66:55:ef,-91,6,Lab. de microscopia,Rooster,19
18/11/2025,07:15:40,94,APTelefonia,58:10:8c:91:f3:aa,-93,1,Lab. de microscopia,Rooster,19
18/11/2025,07:15:40,94,TP-Link_1324,7c:f1:7e:8d:13:22,-94,3,Lab. de microscopia,Rooster,19
18/11/2025,07:15:40,94,TP-Link_C3CB,d8:0d:17:3e:c3:cb,-96,4,Lab. de microscopia,Rooster,19
18/11/2025,07:15:40,94,Intelbras,18:0d:2c:7f:eb:ac,-96,7,Lab. de microscopia,Rooster,19
18/11/2025,07:15:49,95,NPEF/NEPA,50:c7:bf:ef:56:8a,-75,1,Lab. de microscopia,Rooster,19
18/11/2025,07:15:49,95,IFPB,84:f1:47:54:8b:a0,-78,11,Lab. de microscopia,Rooster,19
18/11/2025,07:15:49,95,IFPB-VISITANTE,84:f1:47:54:8b:a2,-78,11,Lab. de microscopia,Rooster,19
18/11/2025,07:15:49,95,IFPB,84:f1:47:54:80:60,-84,11,Lab. de microscopia,Rooster,19
18/11/2025,07:15:49,95,IFPB-VISITANTE,84:f1:47:54:6b:82,-85,1,Lab. de microscopia,Rooster,19
18/11/2025,07:15:49,95,IFPB-VISITANTE,84:f1:47:54:80:62,-85,11,Lab. de microscopia,Rooster,19
18/11/2025,07:15:49,95,IFPB,84:f1:47:54:6b:80,-86,1,Lab. de microscopia,Rooster,19
18/11/2025,07:15:49,95,IFPB-MM,54:e6:fc:ba:ad:86,-87,1,Lab. de microscopia,Rooster,19
18/11/2025,07:15:49,95,APTelefonia,58:10:8c:91:f3:aa,-91,1,Lab. de microscopia,Rooster,19
18/11/2025,07:15:49,95,TP-Link_1324,7c:f1:7e:8d:13:22,-94,3,Lab. de microscopia,Rooster,19
18/11/2025,07:15:49,95,GPDS,00:26:5a:66:55:ef,-94,6,Lab. de microscopia,Rooster,19
18/11/2025,07:15:49,95,TP-Link_C3CB,d8:0d:17:3e:c3:cb,-95,4,Lab. de microscopia,Rooster,19
18/11/2025,07:16:19,96,NPEF/NEPA,50:c7:bf:ef:56:8a,-60,1,Lab. de matemática,Tiger,20
18/11/2025,07:16:19,96,IFPB,84:f1:47:54:6b:80,-80,1,Lab. de matemática,Tiger,20
18/11/2025,07:16:19,96,IFPB,84:f1:47:54:8b:a0,-80,11,Lab. de matemática,Tiger,20
18/11/2025,07:16:19,96,IFPB-VISITANTE,84:f1:47:54:8b:a2,-80,11,Lab. de matemática,Tiger,20
18/11/2025,07:16:19,96,IFPB-VISITANTE,84:f1:47:54:6b:82,-82,1,Lab. de matemática,Tiger,20
18/11/2025,07:16:19,96,IFPB,84:f1:47:54:80:60,-86,11,Lab. de matemática,Tiger,20
18/11/2025,07:16:19,96,IFPB,84:f1:47:54:f9:80,-87,6,Lab. de matemática,Tiger,20
18/11/2025,07:16:19,96,IFPB-VISITANTE,84:f1:47:54:f9:82,-87,6,Lab. de matemática,Tiger,20
18/11/2025,07:16:19,96,IFPB-VISITANTE,84:f1:47:54:80:62,-87,11,Lab. de matemática,Tiger,20
18/11/2025,07:16:19,96,Lab. de Sinais Digitais,18:d6:c7:f9:37:2f,-87,11,Lab. de matemática,Tiger,20
18/11/2025,07:16:19,96,IFPB-MM,54:e6:fc:ba:ad:86,-88,1,Lab. de matemática,Tiger,20
18/11/2025,07:16:19,96,TP-Link_1324,7c:f1:7e:8d:13:22,-89,3,Lab. de matemática,Tiger,20
18/11/2025,07:16:19,96,APTelefonia,58:10:8c:91:f3:aa,-91,1,Lab. de matemática,Tiger,20
18/11/2025,07:16:19,96,GPDS,00:26:5a:66:55:ef,-93,6,Lab. de matemática,Tiger,20
18/11/2025,07:16:19,96,Intelbras,18:0d:2c:7f:eb:ac,-94,7,Lab. de matemática,Tiger,20
18/11/2025,07:16:28,97,NPEF/NEPA,50:c7:bf:ef:56:8a,-59,1,Lab. de matemática,Tiger,20
18/11/2025,07:16:28,97,IFPB,84:f1:47:54:8b:a0,-78,11,Lab. de matemática,Tiger,20
18/11/2025,07:16:28,97,IFPB-VISITANTE,84:f1:47:54:8b:a2,-79,11,Lab. de matemática,Tiger,20
18/11/2025,07:16:28,97,IFPB-VISITANTE,84:f1:47:54:6b:82,-81,1,Lab. de matemática,Tiger,20
18/11/2025,07:16:28,97,IFPB,84:f1:47:54:6b:80,-82,1,Lab. de matemática,Tiger,20
18/11/2025,07:16:28,97,IFPB,84:f1:47:54:80:60,-82,11,Lab. de matemática,Tiger,20
18/11/2025,07:16:28,97,IFPB-VISITANTE,84:f1:47:54:80:62,-83,11,Lab. de matemática,Tiger,20
18/11/2025,07:16:28,97,Lab. de Sinais Digitais,18:d6:c7:f9:37:2f,-86,11,Lab. de matemática,Tiger,20
18/11/2025,07:16:28,97,IFPB-VISITANTE,2c:57:41:d4:a5:22,-88,6,Lab. de matemática,Tiger,20
18/11/2025,07:16:28,97,IFPB,2c:57:41:d4:a5:20,-89,6,Lab. de matemática,Tiger,20
18/11/2025,07:16:28,97,IFPB-MM,54:e6:fc:ba:ad:86,-90,1,Lab. de matemática,Tiger,20
18/11/2025,07:16:28,97,APTelefonia,58:10:8c:91:f3:aa,-92,1,Lab. de matemática,Tiger,20
18/11/2025,07:16:28,97,Mm,06:1e:a2:0a:db:03,-92,6,Lab. de matemática,Tiger,20
18/11/2025,07:16:28,97,TP-Link_1324,7c:f1:7e:8d:13:22,-93,3,Lab. de matemática,Tiger,20
18/11/2025,07:16:28,97,GPDS,00:26:5a:66:55:ef,-95,6,Lab. de matemática,Tiger,20
18/11/2025,07:16:28,97,Asterisk Server,18:0d:2c:7f:f5:9c,-95,6,Lab. de matemática,Tiger,20
18/11/2025,07:16:28,97,UA2-MiniLab,60:32:b1:2d:66:c3,-95,10,Lab. de matemática,Tiger,20
18/11/2025,07:16:37,98,NPEF/NEPA,50:c7:bf:ef:56:8a,-60,1,Lab. de matemática,Tiger,20
18/11/2025,07:16:37,98,IFPB,84:f1:47:54:8b:a0,-80,11,Lab. de matemática,Tiger,20
18/11/2025,07:16:37,98,IFPB-VISITANTE,84:f1:47:54:8b:a2,-80,11,Lab. de matemática,Tiger,20
18/11/2025,07:16:37,98,Lab. de Sinais Digitais,18:d6:c7:f9:37:2f,-84,11,Lab. de matemática,Tiger,20
18/11/2025,07:16:37,98,IFPB-VISITANTE,84:f1:47:54:6b:82,-85,1,Lab. de matemática,Tiger,20
18/11/2025,07:16:37,98,IFPB,84:f1:47:54:6b:80,-86,1,Lab. de matemática,Tiger,20
18/11/2025,07:16:37,98,IFPB,84:f1:47:54:80:60,-86,11,Lab. de matemática,Tiger,20
18/11/2025,07:16:37,98,IFPB-VISITANTE,84:f1:47:54:80:62,-86,11,Lab. de matemática,Tiger,20
18/11/2025,07:16:37,98,IFPB,84:f1:47:54:f9:80,-88,6,Lab. de matemática,Tiger,20
18/11/2025,07:16:37,98,IFPB-VISITANTE,84:f1:47:54:f9:82,-90,6,Lab. de matemática,Tiger,20
18/11/2025,07:16:37,98,TP-Link_1324,7c:f1:7e:8d:13:22,-91,3,Lab. de matemática,Tiger,20
18/11/2025,07:16:37,98,APTelefonia,58:10:8c:91:f3:aa,-92,1,Lab. de matemática,Tiger,20
18/11/2025,07:16:37,98,GPDS,00:26:5a:66:55:ef,-93,6,Lab. de matemática,Tiger,20
18/11/2025,07:16:37,98,UA2-MiniLab,60:32:b1:2d:66:c3,-93,10,Lab. de matemática,Tiger,20
18/11/2025,07:16:37,98,IFPB-MM,54:e6:fc:ba:ad:86,-94,1,Lab. de matemática,Tiger,20
18/11/2025,07:16:46,99,NPEF/NEPA,50:c7:bf:ef:56:8a,-58,1,Lab. de matemática,Tiger,20
18/11/2025,07:16:46,99,IFPB,84:f1:47:54:8b:a0,-78,11,Lab. de matemática,Tiger,20
18/11/2025,07:16:46,99,IFPB-VISITANTE,84:f1:47:54:8b:a2,-79,11,Lab. de matemática,Tiger,20
18/11/2025,07:16:46,99,IFPB-VISITANTE,84:f1:47:54:6b:82,-80,1,Lab. de matemática,Tiger,20
18/11/2025,07:16:46,99,IFPB,84:f1:47:54:6b:80,-81,1,Lab. de matemática,Tiger,20
18/11/2025,07:16:46,99,IFPB,84:f1:47:54:80:60,-85,11,Lab. de matemática,Tiger,20
18/11/2025,07:16:46,99,Lab. de Sinais Digitais,18:d6:c7:f9:37:2f,-87,11,Lab. de matemática,Tiger,20
18/11/2025,07:16:46,99,IFPB-VISITANTE,84:f1:47:54:80:62,-87,11,Lab. de matemática,Tiger,20
18/11/2025,07:16:46,99,IFPB,84:f1:47:54:f9:80,-89,6,Lab. de matemática,Tiger,20
18/11/2025,07:16:46,99,GPDS,00:26:5a:66:55:ef,-90,6,Lab. de matemática,Tiger,20
18/11/2025,07:16:46,99,IFPB-MM,54:e6:fc:ba:ad:86,-92,1,Lab. de matemática,Tiger,20
18/11/2025,07:16:46,99,TP-Link_1324,7c:f1:7e:8d:13:22,-92,3,Lab. de matemática,Tiger,20
18/11/2025,07:16:46,99,UA2-MiniLab,60:32:b1:2d:66:c3,-92,10,Lab. de matemática,Tiger,20
18/11/2025,07:16:46,99,APTelefonia,58:10:8c:91:f3:aa,-94,1,Lab. de matemática,Tiger,20
18/11/2025,07:16:55,100,NPEF/NEPA,50:c7:bf:ef:56:8a,-61,1,Lab. de matemática,Tiger,20
18/11/2025,07:16:55,100,IFPB,84:f1:47:54:8b:a0,-79,11,Lab. de matemática,Tiger,20
18/11/2025,07:16:55,100,IFPB-VISITANTE,84:f1:47:54:8b:a2,-79,11,Lab. de matemática,Tiger,20
18/11/2025,07:16:55,100,IFPB,84:f1:47:54:6b:80,-80,1,Lab. de matemática,Tiger,20
18/11/2025,07:16:55,100,IFPB-VISITANTE,84:f1:47:54:6b:82,-81,1,Lab. de matemática,Tiger,20
18/11/2025,07:16:55,100,IFPB-VISITANTE,84:f1:47:54:80:62,-85,11,Lab. de matemática,Tiger,20
18/11/2025,07:16:55,100,IFPB,84:f1:47:54:80:60,-85,11,Lab. de matemática,Tiger,20
18/11/2025,07:16:55,100,Lab. de Sinais Digitais,18:d6:c7:f9:37:2f,-85,11,Lab. de matemática,Tiger,20
18/11/2025,07:16:55,100,IFPB-MM,54:e6:fc:ba:ad:86,-86,1,Lab. de matemática,Tiger,20
18/11/2025,07:16:55,100,IFPB,84:f1:47:54:f9:80,-87,6,Lab. de matemática,Tiger,20
18/11/2025,07:16:55,100,IFPB-VISITANTE,84:f1:47:54:f9:82,-87,6,Lab. de matemática,Tiger,20
18/11/2025,07:16:55,100,UA2-MiniLab,60:32:b1:2d:66:c3,-90,10,Lab. de matemática,Tiger,20
18/11/2025,07:16:55,100,GPDS,00:26:5a:66:55:ef,-92,6,Lab. de matemática,Tiger,20
18/11/2025,07:16:55,100,APTelefonia,58:10:8c:91:f3:aa,-93,1,Lab. de matemática,Tiger,20
18/11/2025,07:16:55,100,TP-Link_1324,7c:f1:7e:8d:13:22,-95,3,Lab. de matemática,Tiger,20
18/11/2025,07:27:29,101,APTelefonia,58:10:8c:91:f3:aa,-65,1,Lab. de biologia,Elephant,21
18/11/2025,07:27:29,101,IFPB,24:36:da:2b:bc:00,-70,6,Lab. de biologia,Elephant,21
18/11/2025,07:27:29,101,IFPB-VISITANTE,24:36:da:2b:bc:02,-71,6,Lab. de biologia,Elephant,21
18/11/2025,07:27:29,101,IFPB-VISITANTE,84:f1:47:54:6b:82,-72,1,Lab. de biologia,Elephant,21
18/11/2025,07:27:29,101,IFPB,84:f1:47:54:6b:80,-72,1,Lab. de biologia,Elephant,21
18/11/2025,07:27:29,101,Intelbras,18:0d:2c:7f:eb:ac,-74,7,Lab. de biologia,Elephant,21
18/11/2025,07:27:29,101,NPEF/NEPA,50:c7:bf:ef:56:8a,-79,1,Lab. de biologia,Elephant,21
18/11/2025,07:27:29,101,TP-Link_1324,7c:f1:7e:8d:13:22,-79,3,Lab. de biologia,Elephant,21
18/11/2025,07:27:29,101,Asterisk Server,18:0d:2c:7f:f5:9c,-79,10,Lab. de biologia,Elephant,21
18/11/2025,07:27:29,101,IFPB-Sala_Professor_14,24:fd:0d:57:19:26,-81,2,Lab. de biologia,Elephant,21
18/11/2025,07:27:29,101,IFPB,84:f1:47:54:8b:a0,-82,11,Lab. de biologia,Elephant,21
18/11/2025,07:27:29,101,IFPB-VISITANTE,84:f1:47:54:8b:a2,-82,11,Lab. de biologia,Elephant,21
18/11/2025,07:27:29,101,Lab. de Sinais Digitais,18:d6:c7:f9:37:2f,-85,11,Lab. de biologia,Elephant,21
18/11/2025,07:27:29,101,IFPB,84:f1:47:54:81:00,-88,11,Lab. de biologia,Elephant,21
18/11/2025,07:27:29,101,IFPB TCC,d8:5d:4c:86:7e:66,-89,1,Lab. de biologia,Elephant,21
18/11/2025,07:27:29,101,IFPB-VISITANTE,84:f1:47:54:81:02,-89,11,Lab. de biologia,Elephant,21
18/11/2025,07:27:29,101,GPDS,00:26:5a:66:55:ef,-90,6,Lab. de biologia,Elephant,21
18/11/2025,07:27:29,101,brisa-3861242,24:2f:d0:cc:ed:8c,-96,6,Lab. de biologia,Elephant,21
18/11/2025,07:27:29,101,UA2-MiniLab,60:32:b1:2d:66:c3,-97,10,Lab. de biologia,Elephant,21
18/11/2025,07:27:38,102,APTelefonia,58:10:8c:91:f3:aa,-67,1,Lab. de biologia,Elephant,21
18/11/2025,07:27:38,102,IFPB-VISITANTE,24:36:da:2b:bc:02,-68,6,Lab. de biologia,Elephant,21
18/11/2025,07:27:38,102,IFPB,24:36:da:2b:bc:00,-69,6,Lab. de biologia,Elephant,21
18/11/2025,07:27:38,102,Intelbras,18:0d:2c:7f:eb:ac,-74,7,Lab. de biologia,Elephant,21
18/11/2025,07:27:38,102,IFPB,84:f1:47:54:6b:80,-75,1,Lab. de biologia,Elephant,21
18/11/2025,07:27:38,102,IFPB-VISITANTE,84:f1:47:54:6b:82,-75,1,Lab. de biologia,Elephant,21
18/11/2025,07:27:38,102,Asterisk Server,18:0d:2c:7f:f5:9c,-76,10,Lab. de biologia,Elephant,21
18/11/2025,07:27:38,102,TP-Link_1324,7c:f1:7e:8d:13:22,-77,3,Lab. de biologia,Elephant,21
18/11/2025,07:27:38,102,IFPB,84:f1:47:54:8b:a0,-82,11,Lab. de biologia,Elephant,21
18/11/2025,07:27:38,102,IFPB-VISITANTE,84:f1:47:54:8b:a2,-82,11,Lab. de biologia,Elephant,21
18/11/2025,07:27:38,102,NPEF/NEPA,50:c7:bf:ef:56:8a,-83,1,Lab. de biologia,Elephant,21
18/11/2025,07:27:38,102,Lab. de Sinais Digitais,18:d6:c7:f9:37:2f,-84,11,Lab. de biologia,Elephant,21
18/11/2025,07:27:38,102,IFPB-Sala_Professor_14,24:fd:0d:57:19:26,-85,2,Lab. de biologia,Elephant,21
18/11/2025,07:27:38,102,IFPB TCC,d8:5d:4c:86:7e:66,-91,1,Lab. de biologia,Elephant,21
18/11/2025,07:27:38,102,GPDS,00:26:5a:66:55:ef,-93,6,Lab. de biologia,Elephant,21
18/11/2025,07:27:38,102,brisa-3861242,24:2f:d0:cc:ed:8c,-93,6,Lab. de biologia,Elephant,21
18/11/2025,07:27:38,102,IFPB-VISITANTE,84:f1:47:54:81:02,-93,11,Lab. de biologia,Elephant,21
18/11/2025,07:27:48,103,IFPB,24:36:da:2b:bc:00,-67,6,Lab. de biologia,Elephant,21
18/11/2025,07:27:48,103,IFPB-VISITANTE,24:36:da:2b:bc:02,-67,6,Lab. de biologia,Elephant,21
18/11/2025,07:27:48,103,APTelefonia,58:10:8c:91:f3:aa,-70,1,Lab. de biologia,Elephant,21
18/11/2025,07:27:48,103,IFPB-VISITANTE,84:f1:47:54:6b:82,-72,1,Lab. de biologia,Elephant,21
18/11/2025,07:27:48,103,IFPB,84:f1:47:54:6b:80,-73,1,Lab. de biologia,Elephant,21
18/11/2025,07:27:48,103,Intelbras,18:0d:2c:7f:eb:ac,-73,7,Lab. de biologia,Elephant,21
18/11/2025,07:27:48,103,Asterisk Server,18:0d:2c:7f:f5:9c,-79,10,Lab. de biologia,Elephant,21
18/11/2025,07:27:48,103,IFPB-Sala_Professor_14,24:fd:0d:57:19:26,-82,2,Lab. de biologia,Elephant,21
18/11/2025,07:27:48,103,Lab. de Sinais Digitais,18:d6:c7:f9:37:2f,-82,11,Lab. de biologia,Elephant,21
18/11/2025,07:27:48,103,NPEF/NEPA,50:c7:bf:ef:56:8a,-83,1,Lab. de biologia,Elephant,21
18/11/2025,07:27:48,103,TP-Link_1324,7c:f1:7e:8d:13:22,-83,3,Lab. de biologia,Elephant,21
18/11/2025,07:27:48,103,IFPB,84:f1:47:54:8b:a0,-85,11,Lab. de biologia,Elephant,21
18/11/2025,07:27:48,103,IFPB-VISITANTE,84:f1:47:54:8b:a2,-86,11,Lab. de biologia,Elephant,21
18/11/2025,07:27:48,103,GPDS,00:26:5a:66:55:ef,-89,6,Lab. de biologia,Elephant,21
18/11/2025,07:27:48,103,IFPB TCC,d8:5d:4c:86:7e:66,-90,1,Lab. de biologia,Elephant,21
18/11/2025,07:27:57,104,IFPB,24:36:da:2b:bc:00,-70,6,Lab. de biologia,Elephant,21
18/11/2025,07:27:57,104,IFPB-VISITANTE,24:36:da:2b:bc:02,-70,6,Lab. de biologia,Elephant,21
18/11/2025,07:27:57,104,IFPB,84:f1:47:54:6b:80,-74,1,Lab. de biologia,Elephant,21
18/11/2025,07:27:57,104,IFPB-VISITANTE,84:f1:47:54:6b:82,-74,1,Lab. de biologia,Elephant,21
18/11/2025,07:27:57,104,TP-Link_1324,7c:f1:7e:8d:13:22,-77,3,Lab. de biologia,Elephant,21
18/11/2025,07:27:57,104,APTelefonia,58:10:8c:91:f3:aa,-81,1,Lab. de biologia,Elephant,21
18/11/2025,07:27:57,104,IFPB-Sala_Professor_14,24:fd:0d:57:19:26,-82,2,Lab. de biologia,Elephant,21
18/11/2025,07:27:57,104,Intelbras,18:0d:2c:7f:eb:ac,-83,7,Lab. de biologia,Elephant,21
18/11/2025,07:27:57,104,Asterisk Server,18:0d:2c:7f:f5:9c,-83,10,Lab. de biologia,Elephant,21
18/11/2025,07:27:57,104,IFPB,84:f1:47:54:8b:a0,-83,11,Lab. de biologia,Elephant,21
18/11/2025,07:27:57,104,IFPB-VISITANTE,84:f1:47:54:8b:a2,-83,11,Lab. de biologia,Elephant,21
18/11/2025,07:27:57,104,NPEF/NEPA,50:c7:bf:ef:56:8a,-84,1,Lab. de biologia,Elephant,21
18/11/2025,07:27:57,104,Lab. de Sinais Digitais,18:d6:c7:f9:37:2f,-86,11,Lab. de biologia,Elephant,21
18/11/2025,07:27:57,104,IFPB,e4:4e:2d:85:4c:60,-90,11,Lab. de biologia,Elephant,21
18/11/2025,07:27:57,104,GPDS,00:26:5a:66:55:ef,-91,6,Lab. de biologia,Elephant,21
18/11/2025,07:27:57,104,UA2-MiniLab,60:32:b1:2d:66:c3,-92,10,Lab. de biologia,Elephant,21
18/11/2025,07:28:06,105,IFPB,24:36:da:2b:bc:00,-68,6,Lab. de biologia,Elephant,21
18/11/2025,07:28:06,105,IFPB-VISITANTE,24:36:da:2b:bc:02,-68,6,Lab. de biologia,Elephant,21
18/11/2025,07:28:06,105,IFPB-VISITANTE,84:f1:47:54:6b:82,-72,1,Lab. de biologia,Elephant,21
18/11/2025,07:28:06,105,IFPB,84:f1:47:54:6b:80,-73,1,Lab. de biologia,Elephant,21
18/11/2025,07:28:06,105,TP-Link_1324,7c:f1:7e:8d:13:22,-77,3,Lab. de biologia,Elephant,21
18/11/2025,07:28:06,105,NPEF/NEPA,50:c7:bf:ef:56:8a,-80,1,Lab. de biologia,Elephant,21
18/11/2025,07:28:06,105,IFPB,84:f1:47:54:8b:a0,-82,11,Lab. de biologia,Elephant,21
18/11/2025,07:28:06,105,APTelefonia,58:10:8c:91:f3:aa,-83,1,Lab. de biologia,Elephant,21
18/11/2025,07:28:06,105,Intelbras,18:0d:2c:7f:eb:ac,-83,7,Lab. de biologia,Elephant,21
18/11/2025,07:28:06,105,IFPB-VISITANTE,84:f1:47:54:8b:a2,-83,11,Lab. de biologia,Elephant,21
18/11/2025,07:28:06,105,IFPB-Sala_Professor_14,24:fd:0d:57:19:26,-90,2,Lab. de biologia,Elephant,21
18/11/2025,07:28:06,105,Lab. de Sinais Digitais,18:d6:c7:f9:37:2f,-90,11,Lab. de biologia,Elephant,21
18/11/2025,07:28:06,105,GPDS,00:26:5a:66:55:ef,-93,6,Lab. de biologia,Elephant,21
18/11/2025,07:28:06,105,IFPB TCC,d8:5d:4c:86:7e:66,-95,1,Lab. de biologia,Elephant,21
18/11/2025,07:28:06,105,UA2-MiniLab,60:32:b1:2d:66:c3,-98,10,Lab. de biologia,Elephant,21
18/11/2025,07:28:27,106,APTelefonia,58:10:8c:91:f3:aa,-75,1,Lab. de física,Giraffe,22
18/11/2025,07:28:27,106,IFPB,24:36:da:2b:bc:00,-76,6,Lab. de física,Giraffe,22
18/11/2025,07:28:27,106,IFPB-VISITANTE,24:36:da:2b:bc:02,-76,6,Lab. de física,Giraffe,22
18/11/2025,07:28:27,106,IFPB,84:f1:47:54:6b:80,-77,1,Lab. de física,Giraffe,22
18/11/2025,07:28:27,106,IFPB-VISITANTE,84:f1:47:54:6b:82,-77,1,Lab. de física,Giraffe,22
18/11/2025,07:28:27,106,NPEF/NEPA,50:c7:bf:ef:56:8a,-78,1,Lab. de física,Giraffe,22
18/11/2025,07:28:27,106,TP-Link_1324,7c:f1:7e:8d:13:22,-78,3,Lab. de física,Giraffe,22
18/11/2025,07:28:27,106,Lab. de Sinais Digitais,18:d6:c7:f9:37:2f,-82,11,Lab. de física,Giraffe,22
18/11/2025,07:28:27,106,IFPB,84:f1:47:54:8b:a0,-83,11,Lab. de física,Giraffe,22
18/11/2025,07:28:27,106,IFPB-VISITANTE,84:f1:47:54:8b:a2,-83,11,Lab. de física,Giraffe,22
18/11/2025,07:28:27,106,Intelbras,18:0d:2c:7f:eb:ac,-84,7,Lab. de física,Giraffe,22
18/11/2025,07:28:27,106,IFPB-VISITANTE,2c:57:41:cd:e1:c2,-87,1,Lab. de física,Giraffe,22
18/11/2025,07:28:27,106,IFPB,2c:57:41:cd:e1:c0,-88,1,Lab. de física,Giraffe,22
18/11/2025,07:28:27,106,GPDS,00:26:5a:66:55:ef,-92,6,Lab. de física,Giraffe,22
18/11/2025,07:28:27,106,IFPB-Sala_Professor_14,24:fd:0d:57:19:26,-93,2,Lab. de física,Giraffe,22
18/11/2025,07:28:27,106,UA2-MiniLab,60:32:b1:2d:66:c3,-93,10,Lab. de física,Giraffe,22
18/11/2025,07:28:36,107,IFPB-VISITANTE,24:36:da:2b:bc:02,-73,6,Lab. de física,Giraffe,22
18/11/2025,07:28:36,107,IFPB,24:36:da:2b:bc:00,-74,6,Lab. de física,Giraffe,22
18/11/2025,07:28:36,107,TP-Link_1324,7c:f1:7e:8d:13:22,-75,3,Lab. de física,Giraffe,22
18/11/2025,07:28:36,107,IFPB-VISITANTE,84:f1:47:54:6b:82,-76,1,Lab. de física,Giraffe,22
18/11/2025,07:28:36,107,IFPB,84:f1:47:54:6b:80,-77,1,Lab. de física,Giraffe,22
18/11/2025,07:28:36,107,APTelefonia,58:10:8c:91:f3:aa,-77,1,Lab. de física,Giraffe,22
18/11/2025,07:28:36,107,NPEF/NEPA,50:c7:bf:ef:56:8a,-78,1,Lab. de física,Giraffe,22
18/11/2025,07:28:36,107,Intelbras,18:0d:2c:7f:eb:ac,-83,7,Lab. de física,Giraffe,22
18/11/2025,07:28:36,107,IFPB-VISITANTE,84:f1:47:54:8b:a2,-84,11,Lab. de física,Giraffe,22
18/11/2025,07:28:36,107,IFPB,84:f1:47:54:8b:a0,-85,11,Lab. de física,Giraffe,22
18/11/2025,07:28:36,107,Asterisk Server,18:0d:2c:7f:f5:9c,-86,10,Lab. de física,Giraffe,22
18/11/2025,07:28:36,107,Lab. de Sinais Digitais,18:d6:c7:f9:37:2f,-86,11,Lab. de física,Giraffe,22
18/11/2025,07:28:36,107,GPDS,00:26:5a:66:55:ef,-87,6,Lab. de física,Giraffe,22
18/11/2025,07:28:36,107,IFPB-Sala_Professor_14,24:fd:0d:57:19:26,-91,2,Lab. de física,Giraffe,22
18/11/2025,07:28:36,107,UA2-MiniLab,60:32:b1:2d:66:c3,-92,10,Lab. de física,Giraffe,22
18/11/2025,07:28:36,107,brisa-3861242,24:2f:d0:cc:ed:8c,-95,6,Lab. de física,Giraffe,22
18/11/2025,07:28:45,108,IFPB,24:36:da:2b:bc:00,-71,6,Lab. de física,Giraffe,22
18/11/2025,07:28:45,108,IFPB-VISITANTE,24:36:da:2b:bc:02,-71,6,Lab. de física,Giraffe,22
18/11/2025,07:28:45,108,IFPB,84:f1:47:54:6b:80,-72,1,Lab. de física,Giraffe,22
18/11/2025,07:28:45,108,IFPB-VISITANTE,84:f1:47:54:6b:82,-72,1,Lab. de física,Giraffe,22
18/11/2025,07:28:45,108,TP-Link_1324,7c:f1:7e:8d:13:22,-74,3,Lab. de física,Giraffe,22
18/11/2025,07:28:45,108,APTelefonia,58:10:8c:91:f3:aa,-79,1,Lab. de física,Giraffe,22
18/11/2025,07:28:45,108,NPEF/NEPA,50:c7:bf:ef:56:8a,-80,1,Lab. de física,Giraffe,22
18/11/2025,07:28:45,108,Intelbras,18:0d:2c:7f:eb:ac,-82,7,Lab. de física,Giraffe,22
18/11/2025,07:28:45,108,Asterisk Server,18:0d:2c:7f:f5:9c,-83,10,Lab. de física,Giraffe,22
18/11/2025,07:28:45,108,Lab. de Sinais Digitais,18:d6:c7:f9:37:2f,-83,11,Lab. de física,Giraffe,22
18/11/2025,07:28:45,108,IFPB,84:f1:47:54:8b:a0,-84,11,Lab. de física,Giraffe,22
18/11/2025,07:28:45,108,IFPB-VISITANTE,84:f1:47:54:8b:a2,-84,11,Lab. de física,Giraffe,22
18/11/2025,07:28:45,108,IFPB-Sala_Professor_14,24:fd:0d:57:19:26,-89,2,Lab. de física,Giraffe,22
18/11/2025,07:28:45,108,GPDS,00:26:5a:66:55:ef,-92,6,Lab. de física,Giraffe,22
18/11/2025,07:28:45,108,brisa-3861242,24:2f:d0:cc:ed:8c,-93,6,Lab. de física,Giraffe,22
18/11/2025,07:28:45,108,UA2-MiniLab,60:32:b1:2d:66:c3,-95,10,Lab. de física,Giraffe,22
18/11/2025,07:28:54,109,IFPB,24:36:da:2b:bc:00,-69,6,Lab. de física,Giraffe,22
18/11/2025,07:28:54,109,IFPB-VISITANTE,24:36:da:2b:bc:02,-69,6,Lab. de física,Giraffe,22
18/11/2025,07:28:54,109,IFPB-VISITANTE,84:f1:47:54:6b:82,-72,1,Lab. de física,Giraffe,22
18/11/2025,07:28:54,109,IFPB,84:f1:47:54:6b:80,-73,1,Lab. de física,Giraffe,22
18/11/2025,07:28:54,109,APTelefonia,58:10:8c:91:f3:aa,-76,1,Lab. de física,Giraffe,22
18/11/2025,07:28:54,109,TP-Link_1324,7c:f1:7e:8d:13:22,-77,3,Lab. de física,Giraffe,22
18/11/2025,07:28:54,109,NPEF/NEPA,50:c7:bf:ef:56:8a,-78,1,Lab. de física,Giraffe,22
18/11/2025,07:28:54,109,Intelbras,18:0d:2c:7f:eb:ac,-81,7,Lab. de física,Giraffe,22
18/11/2025,07:28:54,109,IFPB-VISITANTE,84:f1:47:54:8b:a2,-84,11,Lab. de física,Giraffe,22
18/11/2025,07:28:54,109,IFPB,84:f1:47:54:8b:a0,-85,11,Lab. de física,Giraffe,22
18/11/2025,07:28:54,109,Lab. de Sinais Digitais,18:d6:c7:f9:37:2f,-85,11,Lab. de física,Giraffe,22
18/11/2025,07:28:54,109,IFPB-Sala_Professor_14,24:fd:0d:57:19:26,-88,2,Lab. de física,Giraffe,22
18/11/2025,07:28:54,109,brisa-3861242,24:2f:d0:cc:ed:8c,-95,6,Lab. de física,Giraffe,22
18/11/2025,07:28:54,109,UA2-MiniLab,60:32:b1:2d:66:c3,-95,10,Lab. de física,Giraffe,22
18/11/2025,07:29:04,110,IFPB,24:36:da:2b:bc:00,-69,6,Lab. de física,Giraffe,22
18/11/2025,07:29:04,110,IFPB-VISITANTE,24:36:da:2b:bc:02,-69,6,Lab. de física,Giraffe,22
18/11/2025,07:29:04,110,IFPB,84:f1:47:54:6b:80,-72,1,Lab. de física,Giraffe,22
18/11/2025,07:29:04,110,IFPB-VISITANTE,84:f1:47:54:6b:82,-72,1,Lab. de física,Giraffe,22
18/11/2025,07:29:04,110,TP-Link_1324,7c:f1:7e:8d:13:22,-74,3,Lab. de física,Giraffe,22
18/11/2025,07:29:04,110,APTelefonia,58:10:8c:91:f3:aa,-77,1,Lab. de física,Giraffe,22
18/11/2025,07:29:04,110,Intelbras,18:0d:2c:7f:eb:ac,-79,7,Lab. de física,Giraffe,22
18/11/2025,07:29:04,110,NPEF/NEPA,50:c7:bf:ef:56:8a,-81,1,Lab. de física,Giraffe,22
18/11/2025,07:29:04,110,IFPB-Sala_Professor_14,24:fd:0d:57:19:26,-84,2,Lab. de física,Giraffe,22
18/11/2025,07:29:04,110,IFPB,84:f1:47:54:8b:a0,-84,11,Lab. de física,Giraffe,22
18/11/2025,07:29:04,110,IFPB-VISITANTE,84:f1:47:54:8b:a2,-84,11,Lab. de física,Giraffe,22
18/11/2025,07:29:04,110,Lab. de Sinais Digitais,18:d6:c7:f9:37:2f,-85,11,Lab. de física,Giraffe,22
18/11/2025,07:29:04,110,GPDS,00:26:5a:66:55:ef,-88,6,Lab. de física,Giraffe,22
18/11/2025,07:29:04,110,IFPB,2c:57:41:cd:e1:c0,-89,1,Lab. de física,Giraffe,22
18/11/2025,07:29:04,110,IFPB-VISITANTE,2c:57:41:cd:e1:c2,-89,1,Lab. de física,Giraffe,22
18/11/2025,07:29:04,110,brisa-3861242,24:2f:d0:cc:ed:8c,-93,6,Lab. de física,Giraffe,22
18/11/2025,07:29:04,110,UA2-MiniLab,60:32:b1:2d:66:c3,-93,10,Lab. de física,Giraffe,22
18/11/2025,07:29:47,111,NPEF/NEPA,50:c7:bf:ef:56:8a,-50,1,Núcleo de pesquisa,Bear,23
18/11/2025,07:29:47,111,IFPB,84:f1:47:54:8b:a0,-66,11,Núcleo de pesquisa,Bear,23
18/11/2025,07:29:47,111,IFPB-VISITANTE,84:f1:47:54:8b:a2,-66,11,Núcleo de pesquisa,Bear,23
18/11/2025,07:29:47,111,APTelefonia,58:10:8c:91:f3:aa,-83,1,Núcleo de pesquisa,Bear,23
18/11/2025,07:29:47,111,TP-Link_1324,7c:f1:7e:8d:13:22,-84,3,Núcleo de pesquisa,Bear,23
18/11/2025,07:29:47,111,Asterisk Server,18:0d:2c:7f:f5:9c,-85,7,Núcleo de pesquisa,Bear,23
18/11/2025,07:29:47,111,GPDS,00:26:5a:66:55:ef,-87,6,Núcleo de pesquisa,Bear,23
18/11/2025,07:29:47,111,Intelbras,18:0d:2c:7f:eb:ac,-87,7,Núcleo de pesquisa,Bear,23
18/11/2025,07:29:47,111,UA2-MiniLab,60:32:b1:2d:66:c3,-88,10,Núcleo de pesquisa,Bear,23
18/11/2025,07:29:47,111,IFPB-MM,54:e6:fc:ba:ad:86,-89,1,Núcleo de pesquisa,Bear,23
18/11/2025,07:29:47,111,IFPB-VISITANTE,84:f1:47:54:fd:62,-89,1,Núcleo de pesquisa,Bear,23
18/11/2025,07:29:47,111,IFPB-Sala_Professor_14,48:51:cf:81:b0:9e,-89,2,Núcleo de pesquisa,Bear,23
18/11/2025,07:29:47,111,S24 FE de Gabrielle,6e:ac:d9:fb:2c:71,-92,1,Núcleo de pesquisa,Bear,23
18/11/2025,07:29:47,111,IFPB-Sala_Professor_14,24:fd:0d:57:19:26,-92,2,Núcleo de pesquisa,Bear,23
18/11/2025,07:29:47,111,Lab. de Sinais Digitais,18:d6:c7:f9:37:2f,-93,11,Núcleo de pesquisa,Bear,23
18/11/2025,07:29:47,111,NUNYA_Room_2.4GHz,cc:32:e5:0c:fc:2b,-96,10,Núcleo de pesquisa,Bear,23
18/11/2025,07:29:56,112,NPEF/NEPA,50:c7:bf:ef:56:8a,-56,1,Núcleo de pesquisa,Bear,23
18/11/2025,07:29:56,112,IFPB,84:f1:47:54:8b:a0,-66,11,Núcleo de pesquisa,Bear,23
18/11/2025,07:29:56,112,IFPB-VISITANTE,84:f1:47:54:8b:a2,-66,11,Núcleo de pesquisa,Bear,23
18/11/2025,07:29:56,112,S24 FE de Gabrielle,6e:ac:d9:fb:2c:71,-77,1,Núcleo de pesquisa,Bear,23
18/11/2025,07:29:56,112,TP-Link_1324,7c:f1:7e:8d:13:22,-85,3,Núcleo de pesquisa,Bear,23
18/11/2025,07:29:56,112,APTelefonia,58:10:8c:91:f3:aa,-86,1,Núcleo de pesquisa,Bear,23
18/11/2025,07:29:56,112,IFPB-Sala_Professor_14,48:51:cf:81:b0:9e,-87,2,Núcleo de pesquisa,Bear,23
18/11/2025,07:29:56,112,UA2-MiniLab,60:32:b1:2d:66:c3,-87,10,Núcleo de pesquisa,Bear,23
18/11/2025,07:29:56,112,GPDS,00:26:5a:66:55:ef,-88,6,Núcleo de pesquisa,Bear,23
18/11/2025,07:29:56,112,IFPB-VISITANTE,84:f1:47:54:fd:62,-89,1,Núcleo de pesquisa,Bear,23
18/11/2025,07:29:56,112,IFPB,84:f1:47:54:fd:60,-89,1,Núcleo de pesquisa,Bear,23
18/11/2025,07:29:56,112,IFPB-Sala_Professor_14,24:fd:0d:57:19:26,-89,2,Núcleo de pesquisa,Bear,23
18/11/2025,07:29:56,112,Intelbras,18:0d:2c:7f:eb:ac,-89,7,Núcleo de pesquisa,Bear,23
18/11/2025,07:29:56,112,Lab. de Sinais Digitais,18:d6:c7:f9:37:2f,-90,11,Núcleo de pesquisa,Bear,23
18/11/2025,07:29:56,112,IFPB-MM,54:e6:fc:ba:ad:86,-91,1,Núcleo de pesquisa,Bear,23
18/11/2025,07:29:56,112,NUNYA_Room_2.4GHz,cc:32:e5:0c:fc:2b,-98,10,Núcleo de pesquisa,Bear,23
18/11/2025,07:30:05,113,NPEF/NEPA,50:c7:bf:ef:56:8a,-57,1,Núcleo de pesquisa,Bear,23
18/11/2025,07:30:05,113,IFPB,84:f1:47:54:8b:a0,-68,11,Núcleo de pesquisa,Bear,23
18/11/2025,07:30:05,113,IFPB-VISITANTE,84:f1:47:54:8b:a2,-68,11,Núcleo de pesquisa,Bear,23
18/11/2025,07:30:05,113,IFPB-Sala_Professor_14,48:51:cf:81:b0:9e,-85,2,Núcleo de pesquisa,Bear,23
18/11/2025,07:30:05,113,APTelefonia,58:10:8c:91:f3:aa,-86,1,Núcleo de pesquisa,Bear,23
18/11/2025,07:30:05,113,UA2-MiniLab,60:32:b1:2d:66:c3,-86,10,Núcleo de pesquisa,Bear,23
18/11/2025,07:30:05,113,TP-Link_1324,7c:f1:7e:8d:13:22,-87,3,Núcleo de pesquisa,Bear,23
18/11/2025,07:30:05,113,Intelbras,18:0d:2c:7f:eb:ac,-88,7,Núcleo de pesquisa,Bear,23
18/11/2025,07:30:05,113,IFPB,84:f1:47:54:fd:60,-89,1,Núcleo de pesquisa,Bear,23
18/11/2025,07:30:05,113,GPDS,00:26:5a:66:55:ef,-89,6,Núcleo de pesquisa,Bear,23
18/11/2025,07:30:06,113,S24 FE de Gabrielle,6e:ac:d9:fb:2c:71,-90,1,Núcleo de pesquisa,Bear,23
18/11/2025,07:30:06,113,IFPB-VISITANTE,84:f1:47:54:fd:62,-91,1,Núcleo de pesquisa,Bear,23
18/11/2025,07:30:06,113,IFPB-MM,54:e6:fc:ba:ad:86,-91,1,Núcleo de pesquisa,Bear,23
18/11/2025,07:30:06,113,IFPB-Sala_Professor_14,24:fd:0d:57:19:26,-92,2,Núcleo de pesquisa,Bear,23
18/11/2025,07:30:06,113,Lab. de Sinais Digitais,18:d6:c7:f9:37:2f,-92,11,Núcleo de pesquisa,Bear,23
18/11/2025,07:30:06,113,NUNYA_Room_2.4GHz,cc:32:e5:0c:fc:2b,-96,10,Núcleo de pesquisa,Bear,23
18/11/2025,07:30:15,114,NPEF/NEPA,50:c7:bf:ef:56:8a,-54,1,Núcleo de pesquisa,Bear,23
18/11/2025,07:30:15,114,IFPB,84:f1:47:54:8b:a0,-68,11,Núcleo de pesquisa,Bear,23
18/11/2025,07:30:15,114,IFPB-VISITANTE,84:f1:47:54:8b:a2,-68,11,Núcleo de pesquisa,Bear,23
18/11/2025,07:30:15,114,S24 FE de Gabrielle,6e:ac:d9:fb:2c:71,-72,1,Núcleo de pesquisa,Bear,23
18/11/2025,07:30:15,114,APTelefonia,58:10:8c:91:f3:aa,-84,1,Núcleo de pesquisa,Bear,23
18/11/2025,07:30:15,114,TP-Link_1324,7c:f1:7e:8d:13:22,-86,3,Núcleo de pesquisa,Bear,23
18/11/2025,07:30:15,114,UA2-MiniLab,60:32:b1:2d:66:c3,-86,10,Núcleo de pesquisa,Bear,23
18/11/2025,07:30:15,114,IFPB-Sala_Professor_14,48:51:cf:81:b0:9e,-88,2,Núcleo de pesquisa,Bear,23
18/11/2025,07:30:15,114,IFPB,84:f1:47:54:fd:60,-89,1,Núcleo de pesquisa,Bear,23
18/11/2025,07:30:15,114,IFPB-VISITANTE,84:f1:47:54:fd:62,-89,1,Núcleo de pesquisa,Bear,23
18/11/2025,07:30:15,114,GPDS,00:26:5a:66:55:ef,-89,6,Núcleo de pesquisa,Bear,23
18/11/2025,07:30:15,114,Intelbras,18:0d:2c:7f:eb:ac,-89,7,Núcleo de pesquisa,Bear,23
18/11/2025,07:30:15,114,Lab. de Sinais Digitais,18:d6:c7:f9:37:2f,-92,11,Núcleo de pesquisa,Bear,23
18/11/2025,07:30:15,114,IFPB-MM,54:e6:fc:ba:ad:86,-93,1,Núcleo de pesquisa,Bear,23
18/11/2025,07:30:24,115,NPEF/NEPA,50:c7:bf:ef:56:8a,-54,1,Núcleo de pesquisa,Bear,23
18/11/2025,07:30:24,115,IFPB,84:f1:47:54:8b:a0,-65,11,Núcleo de pesquisa,Bear,23
18/11/2025,07:30:24,115,IFPB-VISITANTE,84:f1:47:54:8b:a2,-65,11,Núcleo de pesquisa,Bear,23
18/11/2025,07:30:24,115,UA2-MiniLab,60:32:b1:2d:66:c3,-82,10,Núcleo de pesquisa,Bear,23
18/11/2025,07:30:24,115,APTelefonia,58:10:8c:91:f3:aa,-83,1,Núcleo de pesquisa,Bear,23
18/11/2025,07:30:24,115,S24 FE de Gabrielle,6e:ac:d9:fb:2c:71,-84,1,Núcleo de pesquisa,Bear,23
18/11/2025,07:30:24,115,Asterisk Server,18:0d:2c:7f:f5:9c,-85,6,Núcleo de pesquisa,Bear,23
18/11/2025,07:30:24,115,Intelbras,18:0d:2c:7f:eb:ac,-85,7,Núcleo de pesquisa,Bear,23
18/11/2025,07:30:24,115,TP-Link_1324,7c:f1:7e:8d:13:22,-86,3,Núcleo de pesquisa,Bear,23
18/11/2025,07:30:24,115,IFPB-Sala_Professor_14,48:51:cf:81:b0:9e,-87,2,Núcleo de pesquisa,Bear,23
18/11/2025,07:30:24,115,IFPB,84:f1:47:54:fd:60,-88,1,Núcleo de pesquisa,Bear,23
18/11/2025,07:30:24,115,Lab. de Sinais Digitais,18:d6:c7:f9:37:2f,-88,11,Núcleo de pesquisa,Bear,23
18/11/2025,07:30:24,115,IFPB-VISITANTE,84:f1:47:54:fd:62,-89,1,Núcleo de pesquisa,Bear,23
18/11/2025,07:30:24,115,GPDS,00:26:5a:66:55:ef,-91,6,Núcleo de pesquisa,Bear,23
18/11/2025,07:30:24,115,IFPB-MM,54:e6:fc:ba:ad:86,-92,1,Núcleo de pesquisa,Bear,23
18/11/2025,07:30:24,115,IFPB-Sala_Professor_14,24:fd:0d:57:19:26,-92,2,Núcleo de pesquisa,Bear,23
18/11/2025,07:30:56,116,NPEF/NEPA,50:c7:bf:ef:56:8a,-55,1,Coordenação de química,Wolf,24
18/11/2025,07:30:56,116,IFPB,84:f1:47:54:8b:a0,-79,11,Coordenação de química,Wolf,24
18/11/2025,07:30:56,116,IFPB-VISITANTE,84:f1:47:54:8b:a2,-79,11,Coordenação de química,Wolf,24
18/11/2025,07:30:56,116,IFPB,84:f1:47:54:fd:60,-80,1,Coordenação de química,Wolf,24
18/11/2025,07:30:56,116,IFPB-VISITANTE,84:f1:47:54:fd:62,-80,1,Coordenação de química,Wolf,24
18/11/2025,07:30:56,116,APTelefonia,58:10:8c:91:f3:aa,-86,1,Coordenação de química,Wolf,24
18/11/2025,07:30:56,116,Lab. de Sinais Digitais,18:d6:c7:f9:37:2f,-87,11,Coordenação de química,Wolf,24
18/11/2025,07:30:56,116,GPDS,00:26:5a:66:55:ef,-88,6,Coordenação de química,Wolf,24
18/11/2025,07:30:56,116,Intelbras,18:0d:2c:7f:eb:ac,-90,7,Coordenação de química,Wolf,24
18/11/2025,07:30:56,116,UA2-MiniLab,60:32:b1:2d:66:c3,-90,10,Coordenação de química,Wolf,24
18/11/2025,07:30:56,116,IFPB,84:f1:47:54:80:60,-91,11,Coordenação de química,Wolf,24
18/11/2025,07:30:56,116,TP-Link_1324,7c:f1:7e:8d:13:22,-92,3,Coordenação de química,Wolf,24
18/11/2025,07:30:56,116,INTELBRAS,d8:36:5f:54:70:40,-92,11,Coordenação de química,Wolf,24
18/11/2025,07:30:56,116,IFPB-MM,54:e6:fc:ba:ad:86,-93,1,Coordenação de química,Wolf,24
18/11/2025,07:30:56,116,NUNYA_Room_2.4GHz,cc:32:e5:0c:fc:2b,-97,10,Coordenação de química,Wolf,24
18/11/2025,07:31:05,117,NPEF/NEPA,50:c7:bf:ef:56:8a,-60,1,Coordenação de química,Wolf,24
18/11/2025,07:31:05,117,IFPB-VISITANTE,84:f1:47:54:fd:62,-81,1,Coordenação de química,Wolf,24
18/11/2025,07:31:05,117,IFPB,84:f1:47:54:fd:60,-82,1,Coordenação de química,Wolf,24
18/11/2025,07:31:05,117,IFPB,84:f1:47:54:8b:a0,-82,11,Coordenação de química,Wolf,24
18/11/2025,07:31:05,117,IFPB-VISITANTE,84:f1:47:54:8b:a2,-82,11,Coordenação de química,Wolf,24
18/11/2025,07:31:05,117,Lab. de Sinais Digitais,18:d6:c7:f9:37:2f,-84,11,Coordenação de química,Wolf,24
18/11/2025,07:31:05,117,UA2-MiniLab,60:32:b1:2d:66:c3,-87,10,Coordenação de química,Wolf,24
18/11/2025,07:31:05,117,IFPB-MM,54:e6:fc:ba:ad:86,-90,1,Coordenação de química,Wolf,24
18/11/2025,07:31:05,117,Intelbras,18:0d:2c:7f:eb:ac,-90,7,Coordenação de química,Wolf,24
18/11/2025,07:31:05,117,APTelefonia,58:10:8c:91:f3:aa,-91,1,Coordenação de química,Wolf,24
18/11/2025,07:31:05,117,TP-Link_1324,7c:f1:7e:8d:13:22,-91,3,Coordenação de química,Wolf,24
18/11/2025,07:31:05,117,GPDS,00:26:5a:66:55:ef,-91,6,Coordenação de química,Wolf,24
18/11/2025,07:31:05,117,IFPB-Sala_Professor_14,48:51:cf:81:b0:9e,-93,2,Coordenação de química,Wolf,24
18/11/2025,07:31:05,117,NUNYA_Room_2.4GHz,cc:32:e5:0c:fc:2b,-94,10,Coordenação de química,Wolf,24
18/11/2025,07:31:05,117,INTELBRAS,d8:36:5f:54:70:40,-96,11,Coordenação de química,Wolf,24
18/11/2025,07:31:14,118,NPEF/NEPA,50:c7:bf:ef:56:8a,-65,1,Coordenação de química,Wolf,24
18/11/2025,07:31:14,118,IFPB,84:f1:47:54:8b:a0,-80,11,Coordenação de química,Wolf,24
18/11/2025,07:31:14,118,IFPB-VISITANTE,84:f1:47:54:8b:a2,-80,11,Coordenação de química,Wolf,24
18/11/2025,07:31:14,118,IFPB-VISITANTE,84:f1:47:54:fd:62,-81,1,Coordenação de química,Wolf,24
18/11/2025,07:31:14,118,IFPB,84:f1:47:54:fd:60,-82,1,Coordenação de química,Wolf,24
18/11/2025,07:31:14,118,UA2-MiniLab,60:32:b1:2d:66:c3,-87,10,Coordenação de química,Wolf,24
18/11/2025,07:31:14,118,GPDS,00:26:5a:66:55:ef,-88,6,Coordenação de química,Wolf,24
18/11/2025,07:31:14,118,Lab. de Sinais Digitais,18:d6:c7:f9:37:2f,-88,11,Coordenação de química,Wolf,24
18/11/2025,07:31:14,118,IFPB-MM,54:e6:fc:ba:ad:86,-89,1,Coordenação de química,Wolf,24
18/11/2025,07:31:15,118,IFPB,84:f1:47:54:80:60,-89,11,Coordenação de química,Wolf,24
18/11/2025,07:31:15,118,APTelefonia,58:10:8c:91:f3:aa,-90,1,Coordenação de química,Wolf,24
18/11/2025,07:31:15,118,IFPB-VISITANTE,84:f1:47:54:80:62,-90,11,Coordenação de química,Wolf,24
18/11/2025,07:31:15,118,TP-Link_1324,7c:f1:7e:8d:13:22,-91,3,Coordenação de química,Wolf,24
18/11/2025,07:31:15,118,Asterisk Server,18:0d:2c:7f:f5:9c,-91,10,Coordenação de química,Wolf,24
18/11/2025,07:31:15,118,IFPB-VISITANTE,84:f1:47:54:81:02,-92,11,Coordenação de química,Wolf,24
18/11/2025,07:31:15,118,IFPB-Sala_Professor_14,48:51:cf:81:b0:9e,-93,2,Coordenação de química,Wolf,24
18/11/2025,07:31:15,118,Intelbras,18:0d:2c:7f:eb:ac,-93,7,Coordenação de química,Wolf,24
18/11/2025,07:31:24,119,NPEF/NEPA,50:c7:bf:ef:56:8a,-61,1,Coordenação de química,Wolf,24
18/11/2025,07:31:24,119,IFPB,84:f1:47:54:8b:a0,-81,11,Coordenação de química,Wolf,24
18/11/2025,07:31:24,119,IFPB-VISITANTE,84:f1:47:54:8b:a2,-81,11,Coordenação de química,Wolf,24
18/11/2025,07:31:24,119,IFPB,84:f1:47:54:fd:60,-83,1,Coordenação de química,Wolf,24
18/11/2025,07:31:24,119,UA2-MiniLab,60:32:b1:2d:66:c3,-83,10,Coordenação de química,Wolf,24
18/11/2025,07:31:24,119,IFPB-VISITANTE,84:f1:47:54:fd:62,-84,1,Coordenação de química,Wolf,24
18/11/2025,07:31:24,119,Lab. de Sinais Digitais,18:d6:c7:f9:37:2f,-85,11,Coordenação de química,Wolf,24
18/11/2025,07:31:24,119,IFPB-MM,54:e6:fc:ba:ad:86,-86,1,Coordenação de química,Wolf,24
18/11/2025,07:31:24,119,GPDS,00:26:5a:66:55:ef,-89,6,Coordenação de química,Wolf,24
18/11/2025,07:31:24,119,TP-Link_1324,7c:f1:7e:8d:13:22,-90,3,Coordenação de química,Wolf,24
18/11/2025,07:31:24,119,Intelbras,18:0d:2c:7f:eb:ac,-90,7,Coordenação de química,Wolf,24
18/11/2025,07:31:24,119,IFPB-VISITANTE,84:f1:47:54:80:62,-90,11,Coordenação de química,Wolf,24
18/11/2025,07:31:24,119,IFPB,84:f1:47:54:80:60,-90,11,Coordenação de química,Wolf,24
18/11/2025,07:31:24,119,IFPB,84:f1:47:54:81:00,-91,11,Coordenação de química,Wolf,24
18/11/2025,07:31:24,119,APTelefonia,58:10:8c:91:f3:aa,-92,1,Coordenação de química,Wolf,24
18/11/2025,07:31:24,119,IFPB-Sala_Professor_14,48:51:cf:81:b0:9e,-92,2,Coordenação de química,Wolf,24
18/11/2025,07:31:24,119,Asterisk Server,18:0d:2c:7f:f5:9c,-92,10,Coordenação de química,Wolf,24
18/11/2025,07:31:24,119,IFPB-VISITANTE,84:f1:47:54:81:02,-92,11,Coordenação de química,Wolf,24
18/11/2025,07:31:24,119,NUNYA_Room_2.4GHz,cc:32:e5:0c:fc:2b,-94,10,Coordenação de química,Wolf,24
18/11/2025,07:31:33,120,NPEF/NEPA,50:c7:bf:ef:56:8a,-62,1,Coordenação de química,Wolf,24
18/11/2025,07:31:33,120,IFPB-VISITANTE,84:f1:47:54:8b:a2,-78,11,Coordenação de química,Wolf,24
18/11/2025,07:31:33,120,IFPB,84:f1:47:54:8b:a0,-79,11,Coordenação de química,Wolf,24
18/11/2025,07:31:33,120,IFPB-VISITANTE,84:f1:47:54:fd:62,-81,1,Coordenação de química,Wolf,24
18/11/2025,07:31:33,120,IFPB,84:f1:47:54:fd:60,-83,1,Coordenação de química,Wolf,24
18/11/2025,07:31:33,120,APTelefonia,58:10:8c:91:f3:aa,-87,1,Coordenação de química,Wolf,24
18/11/2025,07:31:33,120,Lab. de Sinais Digitais,18:d6:c7:f9:37:2f,-87,11,Coordenação de química,Wolf,24
18/11/2025,07:31:33,120,IFPB-MM,54:e6:fc:ba:ad:86,-88,1,Coordenação de química,Wolf,24
18/11/2025,07:31:33,120,IFPB,84:f1:47:54:81:00,-88,11,Coordenação de química,Wolf,24
18/11/2025,07:31:33,120,GPDS,00:26:5a:66:55:ef,-89,6,Coordenação de química,Wolf,24
18/11/2025,07:31:33,120,UA2-MiniLab,60:32:b1:2d:66:c3,-90,10,Coordenação de química,Wolf,24
18/11/2025,07:31:33,120,TP-Link_1324,7c:f1:7e:8d:13:22,-91,3,Coordenação de química,Wolf,24
18/11/2025,07:31:33,120,Intelbras,18:0d:2c:7f:eb:ac,-91,7,Coordenação de química,Wolf,24
18/11/2025,07:31:33,120,IFPB-VISITANTE,84:f1:47:54:81:02,-91,11,Coordenação de química,Wolf,24
18/11/2025,07:31:33,120,IFPB-Sala_Professor_14,48:51:cf:81:b0:9e,-92,2,Coordenação de química,Wolf,24
18/11/2025,07:31:33,120,Asterisk Server,18:0d:2c:7f:f5:9c,-92,10,Coordenação de química,Wolf,24
18/11/2025,07:31:33,120,NUNYA_Room_2.4GHz,cc:32:e5:0c:fc:2b,-93,10,Coordenação de química,Wolf,24