data,hora,num,ambiente,ssid,bssid,rssi,canal
22/04/2026,07:24:32,1,Lab. Informática 09,IFPB-Sala_Professor_14,24:FD:0D:57:19:26,-62,5
22/04/2026,07:24:32,1,Lab. Informática 09,Intelbras,18:0D:2C:7F:EB:AC,-62,7
22/04/2026,07:24:32,1,Lab. Informática 09,IFPB-VISITANTE,84:F1:47:54:7F:22,-62,11
22/04/2026,07:24:32,1,Lab. Informática 09,IFPB,84:F1:47:54:7F:20,-63,11
22/04/2026,07:24:32,1,Lab. Informática 09,TP-Link_1324,7C:F1:7E:8D:13:22,-66,10
22/04/2026,07:24:32,1,Lab. Informática 09,IFPB TCC,D8:5D:4C:86:7E:66,-67,1
22/04/2026,07:24:32,1,Lab. Informática 09,APTelefonia,58:10:8C:91:F3:AA,-67,1
22/04/2026,07:24:32,1,Lab. Informática 09,TP-Link_C3CB,D8:0D:17:3E:C3:CB,-72,4
22/04/2026,07:24:32,1,Lab. Informática 09,Lab. de Sinais Digitais,18:D6:C7:F9:37:2F,-77,11
22/04/2026,07:24:32,1,Lab. Informática 09,IFPB,E4:4E:2D:85:4C:60,-79,11
22/04/2026,07:24:32,1,Lab. Informática 09,IFPB-VISITANTE,E4:4E:2D:85:4C:62,-79,11
22/04/2026,07:24:32,1,Lab. Informática 09,GPDS,00:26:5A:66:55:EF,-80,6
22/04/2026,07:24:32,1,Lab. Informática 09,IFPB,2C:57:41:D4:69:C0,-82,1
22/04/2026,07:24:32,1,Lab. Informática 09,IFPB-VISITANTE,2C:57:41:D4:69:C2,-83,1
22/04/2026,07:24:32,1,Lab. Informática 09,IFPB-VISITANTE,B8:11:4B:1D:1E:42,-83,6
22/04/2026,07:24:32,1,Lab. Informática 09,IFPB,B8:11:4B:1D:1E:40,-84,6
22/04/2026,07:24:33,1,Lab. Informática 09,IFPB,84:F1:47:54:FD:C0,-85,1
22/04/2026,07:24:33,1,Lab. Informática 09,IFPB-VISITANTE,84:F1:47:54:96:E2,-86,1
22/04/2026,07:24:33,1,Lab. Informática 09,IFPB-VISITANTE,84:F1:47:54:FD:C2,-87,1
22/04/2026,07:24:33,1,Lab. Informática 09,IFPB,84:F1:47:54:96:E0,-87,1
22/04/2026,07:24:33,1,Lab. Informática 09,UA2-MiniLab,60:32:B1:2D:66:C3,-88,10
22/04/2026,07:24:33,1,Lab. Informática 09,NUNYA_Room_2.4GHz,CC:32:E5:0C:FC:2B,-89,9
22/04/2026,07:24:33,1,Lab. Informática 09,IFPB-Sala_13,E8:94:F6:B9:2F:46,-90,6
22/04/2026,07:24:33,1,Lab. Informática 09,IFPB,84:F1:47:54:95:E0,-90,11
22/04/2026,07:24:33,1,Lab. Informática 09,LIMPEZA,54:E6:FC:CF:22:DE,-91,6
22/04/2026,07:24:33,1,Lab. Informática 09,SALA_MESTRADO,64:66:B3:62:EB:86,-92,1
22/04/2026,07:24:33,1,Lab. Informática 09,NPEF/NEPA,50:C7:BF:EF:56:8A,-93,3
22/04/2026,07:24:42,2,Lab. Informática 09,APTelefonia,58:10:8C:91:F3:AA,-61,1
22/04/2026,07:24:42,2,Lab. Informática 09,IFPB-VISITANTE,84:F1:47:54:7F:22,-62,11
22/04/2026,07:24:42,2,Lab. Informática 09,IFPB,84:F1:47:54:7F:20,-63,11
22/04/2026,07:24:42,2,Lab. Informática 09,IFPB-Sala_Professor_14,24:FD:0D:57:19:26,-66,5
22/04/2026,07:24:42,2,Lab. Informática 09,Intelbras,18:0D:2C:7F:EB:AC,-67,7
22/04/2026,07:24:42,2,Lab. Informática 09,TP-Link_1324,7C:F1:7E:8D:13:22,-69,10
22/04/2026,07:24:42,2,Lab. Informática 09,IFPB TCC,D8:5D:4C:86:7E:66,-71,1
22/04/2026,07:24:42,2,Lab. Informática 09,IFPB-Sala_Professor_14,48:51:CF:81:B0:9E,-73,3
22/04/2026,07:24:42,2,Lab. Informática 09,GPDS,00:26:5A:66:55:EF,-75,6
22/04/2026,07:24:42,2,Lab. Informática 09,IFPB-VISITANTE,E4:4E:2D:85:4C:62,-77,11
22/04/2026,07:24:43,2,Lab. Informática 09,TP-Link_C3CB,D8:0D:17:3E:C3:CB,-78,4
22/04/2026,07:24:43,2,Lab. Informática 09,IFPB,E4:4E:2D:85:4C:60,-78,11
22/04/2026,07:24:43,2,Lab. Informática 09,Lab. de Sinais Digitais,18:D6:C7:F9:37:2F,-79,11
22/04/2026,07:24:43,2,Lab. Informática 09,IFPB-VISITANTE,84:F1:47:54:96:E2,-81,1
22/04/2026,07:24:43,2,Lab. Informática 09,IFPB,84:F1:47:54:96:E0,-82,1
22/04/2026,07:24:43,2,Lab. Informática 09,IFPB,2C:57:41:D4:69:C0,-83,1
22/04/2026,07:24:43,2,Lab. Informática 09,IFPB-VISITANTE,2C:57:41:D4:69:C2,-83,1
22/04/2026,07:24:43,2,Lab. Informática 09,IFPB-Sala_13,E8:94:F6:B9:2F:46,-83,6
22/04/2026,07:24:43,2,Lab. Informática 09,IFPB,84:F1:47:54:FD:C0,-85,1
22/04/2026,07:24:43,2,Lab. Informática 09,IFPB-VISITANTE,B8:11:4B:1D:1E:42,-86,6
22/04/2026,07:24:43,2,Lab. Informática 09,IFPB-VISITANTE,84:F1:47:54:FD:C2,-87,1
22/04/2026,07:24:43,2,Lab. Informática 09,IFPB,B8:11:4B:1D:1E:40,-87,6
22/04/2026,07:24:43,2,Lab. Informática 09,NUNYA_Room_2.4GHz,CC:32:E5:0C:FC:2B,-87,9
22/04/2026,07:24:43,2,Lab. Informática 09,UA2-MiniLab,60:32:B1:2D:66:C3,-87,10
22/04/2026,07:24:43,2,Lab. Informática 09,SALA_MESTRADO,64:66:B3:62:EB:86,-89,1
22/04/2026,07:24:43,2,Lab. Informática 09,LIMPEZA,54:E6:FC:CF:22:DE,-92,6
22/04/2026,07:24:53,3,Lab. Informática 09,IFPB-Sala_Professor_14,24:FD:0D:57:19:26,-62,5
22/04/2026,07:24:53,3,Lab. Informática 09,Intelbras,18:0D:2C:7F:EB:AC,-65,7
22/04/2026,07:24:53,3,Lab. Informática 09,IFPB-VISITANTE,84:F1:47:54:7F:22,-65,11
22/04/2026,07:24:53,3,Lab. Informática 09,APTelefonia,58:10:8C:91:F3:AA,-66,1
22/04/2026,07:24:53,3,Lab. Informática 09,IFPB,84:F1:47:54:7F:20,-66,11
22/04/2026,07:24:53,3,Lab. Informática 09,TP-Link_1324,7C:F1:7E:8D:13:22,-68,10
22/04/2026,07:24:53,3,Lab. Informática 09,IFPB TCC,D8:5D:4C:86:7E:66,-70,1
22/04/2026,07:24:53,3,Lab. Informática 09,GPDS,00:26:5A:66:55:EF,-79,6
22/04/2026,07:24:53,3,Lab. Informática 09,TP-Link_C3CB,D8:0D:17:3E:C3:CB,-80,4
22/04/2026,07:24:53,3,Lab. Informática 09,IFPB,E4:4E:2D:85:4C:60,-80,11
22/04/2026,07:24:53,3,Lab. Informática 09,IFPB-VISITANTE,E4:4E:2D:85:4C:62,-80,11
22/04/2026,07:24:53,3,Lab. Informática 09,IFPB-VISITANTE,84:F1:47:54:96:E2,-83,1
22/04/2026,07:24:53,3,Lab. Informática 09,IFPB,84:F1:47:54:96:E0,-84,1
22/04/2026,07:24:53,3,Lab. Informática 09,Lab. de Sinais Digitais,18:D6:C7:F9:37:2F,-84,11
22/04/2026,07:24:53,3,Lab. Informática 09,IFPB-VISITANTE,84:F1:47:54:FD:C2,-86,1
22/04/2026,07:24:53,3,Lab. Informática 09,IFPB,2C:57:41:D4:69:C0,-86,1
22/04/2026,07:24:53,3,Lab. Informática 09,IFPB-VISITANTE,2C:57:41:D4:69:C2,-86,1
22/04/2026,07:24:53,3,Lab. Informática 09,IFPB,84:F1:47:54:FD:C0,-86,1
22/04/2026,07:24:53,3,Lab. Informática 09,IFPB-Sala_13,E8:94:F6:B9:2F:46,-90,6
22/04/2026,07:24:53,3,Lab. Informática 09,LIMPEZA,54:E6:FC:CF:22:DE,-92,6
22/04/2026,07:24:53,3,Lab. Informática 09,UA2-MiniLab,60:32:B1:2D:66:C3,-92,10
22/04/2026,07:24:53,3,Lab. Informática 09,SALA_MESTRADO,64:66:B3:62:EB:86,-93,1
22/04/2026,07:24:53,3,Lab. Informática 09,NUNYA_Room_2.4GHz,CC:32:E5:0C:FC:2B,-95,9
22/04/2026,07:25:03,4,Lab. Informática 09,APTelefonia,58:10:8C:91:F3:AA,-61,1
22/04/2026,07:25:03,4,Lab. Informática 09,IFPB TCC,D8:5D:4C:86:7E:66,-62,1
22/04/2026,07:25:03,4,Lab. Informática 09,Intelbras,18:0D:2C:7F:EB:AC,-62,7
22/04/2026,07:25:03,4,Lab. Informática 09,IFPB,84:F1:47:54:7F:20,-62,11
22/04/2026,07:25:03,4,Lab. Informática 09,IFPB-VISITANTE,84:F1:47:54:7F:22,-62,11
22/04/2026,07:25:03,4,Lab. Informática 09,IFPB-Sala_Professor_14,24:FD:0D:57:19:26,-63,5
22/04/2026,07:25:03,4,Lab. Informática 09,TP-Link_1324,7C:F1:7E:8D:13:22,-70,10
22/04/2026,07:25:03,4,Lab. Informática 09,GPDS,00:26:5A:66:55:EF,-75,6
22/04/2026,07:25:03,4,Lab. Informática 09,IFPB,E4:4E:2D:85:4C:60,-78,11
22/04/2026,07:25:03,4,Lab. Informática 09,IFPB-VISITANTE,E4:4E:2D:85:4C:62,-79,11
22/04/2026,07:25:03,4,Lab. Informática 09,TP-Link_C3CB,D8:0D:17:3E:C3:CB,-81,4
22/04/2026,07:25:03,4,Lab. Informática 09,Lab. de Sinais Digitais,18:D6:C7:F9:37:2F,-81,11
22/04/2026,07:25:03,4,Lab. Informática 09,IFPB-VISITANTE,2C:57:41:D4:69:C2,-84,1
22/04/2026,07:25:03,4,Lab. Informática 09,IFPB-VISITANTE,84:F1:47:54:96:E2,-86,1
22/04/2026,07:25:03,4,Lab. Informática 09,IFPB,2C:57:41:D4:69:C0,-86,1
22/04/2026,07:25:03,4,Lab. Informática 09,IFPB,84:F1:47:54:96:E0,-86,1
22/04/2026,07:25:03,4,Lab. Informática 09,IFPB-VISITANTE,84:F1:47:54:FD:C2,-86,1
22/04/2026,07:25:03,4,Lab. Informática 09,IFPB-Sala_13,E8:94:F6:B9:2F:46,-87,6
22/04/2026,07:25:03,4,Lab. Informática 09,UA2-MiniLab,60:32:B1:2D:66:C3,-87,10
22/04/2026,07:25:03,4,Lab. Informática 09,IFPB,84:F1:47:54:FD:C0,-89,1
22/04/2026,07:25:03,4,Lab. Informática 09,NUNYA_Room_2.4GHz,CC:32:E5:0C:FC:2B,-89,9
22/04/2026,07:25:03,4,Lab. Informática 09,LIMPEZA,54:E6:FC:CF:22:DE,-91,6
22/04/2026,07:25:03,4,Lab. Informática 09,SALA_MESTRADO,64:66:B3:62:EB:86,-92,1
22/04/2026,07:25:03,4,Lab. Informática 09,Lab Redes Convergentes,64:70:02:99:FE:F4,-93,1
22/04/2026,07:25:13,5,Lab. Informática 09,IFPB-Sala_Professor_14,24:FD:0D:57:19:26,-61,5
22/04/2026,07:25:13,5,Lab. Informática 09,APTelefonia,58:10:8C:91:F3:AA,-62,1
22/04/2026,07:25:13,5,Lab. Informática 09,Intelbras,18:0D:2C:7F:EB:AC,-62,7
22/04/2026,07:25:13,5,Lab. Informática 09,IFPB,84:F1:47:54:7F:20,-62,11
22/04/2026,07:25:13,5,Lab. Informática 09,IFPB-VISITANTE,84:F1:47:54:7F:22,-63,11
22/04/2026,07:25:13,5,Lab. Informática 09,IFPB TCC,D8:5D:4C:86:7E:66,-64,1
22/04/2026,07:25:13,5,Lab. Informática 09,TP-Link_1324,7C:F1:7E:8D:13:22,-72,10
22/04/2026,07:25:13,5,Lab. Informática 09,GPDS,00:26:5A:66:55:EF,-75,6
22/04/2026,07:25:13,5,Lab. Informática 09,TP-Link_C3CB,D8:0D:17:3E:C3:CB,-77,4
22/04/2026,07:25:13,5,Lab. Informática 09,IFPB,E4:4E:2D:85:4C:60,-79,11
22/04/2026,07:25:13,5,Lab. Informática 09,IFPB-VISITANTE,E4:4E:2D:85:4C:62,-79,11
22/04/2026,07:25:13,5,Lab. Informática 09,Lab. de Sinais Digitais,18:D6:C7:F9:37:2F,-79,11
22/04/2026,07:25:13,5,Lab. Informática 09,IFPB-VISITANTE,84:F1:47:54:96:E2,-84,1
22/04/2026,07:25:13,5,Lab. Informática 09,IFPB-VISITANTE,2C:57:41:D4:69:C2,-84,1
22/04/2026,07:25:13,5,Lab. Informática 09,IFPB,2C:57:41:D4:69:C0,-84,1
22/04/2026,07:25:13,5,Lab. Informática 09,IFPB,84:F1:47:54:FD:C0,-85,1
22/04/2026,07:25:13,5,Lab. Informática 09,IFPB-VISITANTE,84:F1:47:54:FD:C2,-85,1
22/04/2026,07:25:13,5,Lab. Informática 09,IFPB,84:F1:47:54:96:E0,-85,1
22/04/2026,07:25:13,5,Lab. Informática 09,NUNYA_Room_2.4GHz,CC:32:E5:0C:FC:2B,-85,9
22/04/2026,07:25:13,5,Lab. Informática 09,IFPB-Sala_13,E8:94:F6:B9:2F:46,-86,6
22/04/2026,07:25:13,5,Lab. Informática 09,IFPB,B8:11:4B:1D:1E:40,-87,6
22/04/2026,07:25:13,5,Lab. Informática 09,IFPB-VISITANTE,B8:11:4B:1D:1E:42,-88,6
22/04/2026,07:25:13,5,Lab. Informática 09,UA2-MiniLab,60:32:B1:2D:66:C3,-88,10
22/04/2026,07:25:13,5,Lab. Informática 09,SALA_MESTRADO,64:66:B3:62:EB:86,-92,1
22/04/2026,07:25:13,5,Lab. Informática 09,LIMPEZA,54:E6:FC:CF:22:DE,-95,6
22/04/2026,07:25:23,6,Lab. Informática 09,APTelefonia,58:10:8C:91:F3:AA,-62,1
22/04/2026,07:25:23,6,Lab. Informática 09,IFPB TCC,D8:5D:4C:86:7E:66,-63,1
22/04/2026,07:25:23,6,Lab. Informática 09,Intelbras,18:0D:2C:7F:EB:AC,-63,7
22/04/2026,07:25:23,6,Lab. Informática 09,IFPB,84:F1:47:54:7F:20,-63,11
22/04/2026,07:25:23,6,Lab. Informática 09,IFPB-VISITANTE,84:F1:47:54:7F:22,-63,11
22/04/2026,07:25:23,6,Lab. Informática 09,TP-Link_1324,7C:F1:7E:8D:13:22,-70,10
22/04/2026,07:25:23,6,Lab. Informática 09,IFPB-Sala_Professor_14,24:FD:0D:57:19:26,-71,5
22/04/2026,07:25:23,6,Lab. Informática 09,GPDS,00:26:5A:66:55:EF,-75,6
22/04/2026,07:25:23,6,Lab. Informática 09,IFPB,E4:4E:2D:85:4C:60,-78,11
22/04/2026,07:25:23,6,Lab. Informática 09,IFPB-VISITANTE,E4:4E:2D:85:4C:62,-79,11
22/04/2026,07:25:23,6,Lab. Informática 09,TP-Link_C3CB,D8:0D:17:3E:C3:CB,-80,4
22/04/2026,07:25:23,6,Lab. Informática 09,Lab. de Sinais Digitais,18:D6:C7:F9:37:2F,-81,11
22/04/2026,07:25:23,6,Lab. Informática 09,IFPB,84:F1:47:54:FD:C0,-85,1
22/04/2026,07:25:23,6,Lab. Informática 09,IFPB-VISITANTE,84:F1:47:54:96:E2,-85,1
22/04/2026,07:25:23,6,Lab. Informática 09,IFPB,84:F1:47:54:96:E0,-85,1
22/04/2026,07:25:23,6,Lab. Informática 09,IFPB,2C:57:41:D4:69:C0,-85,1
22/04/2026,07:25:23,6,Lab. Informática 09,IFPB-VISITANTE,84:F1:47:54:FD:C2,-86,1
22/04/2026,07:25:23,6,Lab. Informática 09,IFPB-VISITANTE,2C:57:41:D4:69:C2,-86,1
22/04/2026,07:25:23,6,Lab. Informática 09,IFPB-Sala_13,E8:94:F6:B9:2F:46,-86,6
22/04/2026,07:25:23,6,Lab. Informática 09,IFPB-VISITANTE,B8:11:4B:1D:1E:42,-88,6
22/04/2026,07:25:23,6,Lab. Informática 09,NUNYA_Room_2.4GHz,CC:32:E5:0C:FC:2B,-88,9
22/04/2026,07:25:23,6,Lab. Informática 09,IFPB,B8:11:4B:1D:1E:40,-89,6
22/04/2026,07:25:23,6,Lab. Informática 09,UA2-MiniLab,60:32:B1:2D:66:C3,-89,10
22/04/2026,07:25:23,6,Lab. Informática 09,SALA_MESTRADO,64:66:B3:62:EB:86,-93,1
22/04/2026,07:25:23,6,Lab. Informática 09,LIMPEZA,54:E6:FC:CF:22:DE,-94,6
22/04/2026,07:25:33,7,Lab. Informática 09,APTelefonia,58:10:8C:91:F3:AA,-61,1
22/04/2026,07:25:33,7,Lab. Informática 09,IFPB-Sala_Professor_14,24:FD:0D:57:19:26,-61,5
22/04/2026,07:25:33,7,Lab. Informática 09,Intelbras,18:0D:2C:7F:EB:AC,-61,7
22/04/2026,07:25:33,7,Lab. Informática 09,IFPB,84:F1:47:54:7F:20,-62,11
22/04/2026,07:25:33,7,Lab. Informática 09,IFPB-VISITANTE,84:F1:47:54:7F:22,-62,11
22/04/2026,07:25:33,7,Lab. Informática 09,IFPB TCC,D8:5D:4C:86:7E:66,-63,1
22/04/2026,07:25:33,7,Lab. Informática 09,TP-Link_1324,7C:F1:7E:8D:13:22,-68,10
22/04/2026,07:25:33,7,Lab. Informática 09,GPDS,00:26:5A:66:55:EF,-75,6
22/04/2026,07:25:33,7,Lab. Informática 09,TP-Link_C3CB,D8:0D:17:3E:C3:CB,-76,4
22/04/2026,07:25:33,7,Lab. Informática 09,IFPB,E4:4E:2D:85:4C:60,-78,11
22/04/2026,07:25:33,7,Lab. Informática 09,IFPB-VISITANTE,E4:4E:2D:85:4C:62,-79,11
22/04/2026,07:25:33,7,Lab. Informática 09,Lab. de Sinais Digitais,18:D6:C7:F9:37:2F,-80,11
22/04/2026,07:25:33,7,Lab. Informática 09,IFPB-VISITANTE,84:F1:47:54:96:E2,-84,1
22/04/2026,07:25:33,7,Lab. Informática 09,IFPB,84:F1:47:54:96:E0,-84,1
22/04/2026,07:25:33,7,Lab. Informática 09,IFPB-VISITANTE,84:F1:47:54:FD:C2,-85,1
22/04/2026,07:25:33,7,Lab. Informática 09,IFPB-Sala_13,E8:94:F6:B9:2F:46,-85,6
22/04/2026,07:25:33,7,Lab. Informática 09,NUNYA_Room_2.4GHz,CC:32:E5:0C:FC:2B,-85,9
22/04/2026,07:25:33,7,Lab. Informática 09,IFPB,84:F1:47:54:FD:C0,-86,1
22/04/2026,07:25:33,7,Lab. Informática 09,IFPB-VISITANTE,2C:57:41:D4:69:C2,-86,1
22/04/2026,07:25:33,7,Lab. Informática 09,IFPB,2C:57:41:D4:69:C0,-86,1
22/04/2026,07:25:33,7,Lab. Informática 09,UA2-MiniLab,60:32:B1:2D:66:C3,-87,10
22/04/2026,07:25:33,7,Lab. Informática 09,SALA_MESTRADO,64:66:B3:62:EB:86,-90,1
22/04/2026,07:25:33,7,Lab. Informática 09,IFPB-VISITANTE,B8:11:4B:1D:1E:42,-90,6
22/04/2026,07:25:33,7,Lab. Informática 09,LIMPEZA,54:E6:FC:CF:22:DE,-92,6
22/04/2026,07:25:43,8,Lab. Informática 09,IFPB TCC,D8:5D:4C:86:7E:66,-60,1
22/04/2026,07:25:43,8,Lab. Informática 09,APTelefonia,58:10:8C:91:F3:AA,-60,1
22/04/2026,07:25:43,8,Lab. Informática 09,IFPB,84:F1:47:54:7F:20,-62,11
22/04/2026,07:25:43,8,Lab. Informática 09,IFPB-VISITANTE,84:F1:47:54:7F:22,-62,11
22/04/2026,07:25:43,8,Lab. Informática 09,Intelbras,18:0D:2C:7F:EB:AC,-63,7
22/04/2026,07:25:43,8,Lab. Informática 09,IFPB-Sala_Professor_14,24:FD:0D:57:19:26,-64,5
22/04/2026,07:25:43,8,Lab. Informática 09,TP-Link_1324,7C:F1:7E:8D:13:22,-70,10
22/04/2026,07:25:43,8,Lab. Informática 09,GPDS,00:26:5A:66:55:EF,-75,6
22/04/2026,07:25:43,8,Lab. Informática 09,IFPB,E4:4E:2D:85:4C:60,-78,11
22/04/2026,07:25:43,8,Lab. Informática 09,IFPB-VISITANTE,E4:4E:2D:85:4C:62,-79,11
22/04/2026,07:25:43,8,Lab. Informática 09,Lab. de Sinais Digitais,18:D6:C7:F9:37:2F,-80,11
22/04/2026,07:25:43,8,Lab. Informática 09,TP-Link_C3CB,D8:0D:17:3E:C3:CB,-81,4
22/04/2026,07:25:43,8,Lab. Informática 09,IFPB-Sala_13,E8:94:F6:B9:2F:46,-83,6
22/04/2026,07:25:43,8,Lab. Informática 09,IFPB-VISITANTE,84:F1:47:54:FD:C2,-84,1
22/04/2026,07:25:43,8,Lab. Informática 09,SALA_MESTRADO,64:66:B3:62:EB:86,-84,1
22/04/2026,07:25:43,8,Lab. Informática 09,IFPB,2C:57:41:D4:69:C0,-84,1
22/04/2026,07:25:43,8,Lab. Informática 09,IFPB,84:F1:47:54:96:E0,-84,1
22/04/2026,07:25:43,8,Lab. Informática 09,IFPB,84:F1:47:54:FD:C0,-85,1
22/04/2026,07:25:43,8,Lab. Informática 09,IFPB-VISITANTE,84:F1:47:54:96:E2,-85,1
22/04/2026,07:25:43,8,Lab. Informática 09,IFPB-VISITANTE,2C:57:41:D4:69:C2,-85,1
22/04/2026,07:25:43,8,Lab. Informática 09,NUNYA_Room_2.4GHz,CC:32:E5:0C:FC:2B,-86,9
22/04/2026,07:25:43,8,Lab. Informática 09,IFPB,B8:11:4B:1D:1E:40,-87,6
22/04/2026,07:25:43,8,Lab. Informática 09,IFPB-VISITANTE,B8:11:4B:1D:1E:42,-87,6
22/04/2026,07:25:44,8,Lab. Informática 09,UA2-MiniLab,60:32:B1:2D:66:C3,-90,10
22/04/2026,07:25:44,8,Lab. Informática 09,LIMPEZA,54:E6:FC:CF:22:DE,-94,6
22/04/2026,07:25:53,9,Lab. Informática 09,APTelefonia,58:10:8C:91:F3:AA,-60,1
22/04/2026,07:25:53,9,Lab. Informática 09,Intelbras,18:0D:2C:7F:EB:AC,-60,7
22/04/2026,07:25:53,9,Lab. Informática 09,IFPB-VISITANTE,84:F1:47:54:7F:22,-62,11
22/04/2026,07:25:53,9,Lab. Informática 09,IFPB TCC,D8:5D:4C:86:7E:66,-63,1
22/04/2026,07:25:53,9,Lab. Informática 09,IFPB,84:F1:47:54:7F:20,-63,11
22/04/2026,07:25:53,9,Lab. Informática 09,TP-Link_1324,7C:F1:7E:8D:13:22,-71,10
22/04/2026,07:25:53,9,Lab. Informática 09,IFPB-Sala_Professor_14,24:FD:0D:57:19:26,-72,5
22/04/2026,07:25:53,9,Lab. Informática 09,GPDS,00:26:5A:66:55:EF,-75,6
22/04/2026,07:25:53,9,Lab. Informática 09,IFPB-Sala_Professor_14,48:51:CF:81:B0:9E,-76,3
22/04/2026,07:25:53,9,Lab. Informática 09,TP-Link_C3CB,D8:0D:17:3E:C3:CB,-76,4
22/04/2026,07:25:53,9,Lab. Informática 09,IFPB-VISITANTE,E4:4E:2D:85:4C:62,-79,11
22/04/2026,07:25:53,9,Lab. Informática 09,IFPB,E4:4E:2D:85:4C:60,-80,11
22/04/2026,07:25:53,9,Lab. Informática 09,Lab. de Sinais Digitais,18:D6:C7:F9:37:2F,-80,11
22/04/2026,07:25:53,9,Lab. Informática 09,IFPB-Sala_13,E8:94:F6:B9:2F:46,-84,6
22/04/2026,07:25:53,9,Lab. Informática 09,IFPB,84:F1:47:54:FD:C0,-85,1
22/04/2026,07:25:53,9,Lab. Informática 09,IFPB-VISITANTE,84:F1:47:54:FD:C2,-85,1
22/04/2026,07:25:54,9,Lab. Informática 09,IFPB-VISITANTE,84:F1:47:54:96:E2,-85,1
22/04/2026,07:25:54,9,Lab. Informática 09,IFPB,84:F1:47:54:96:E0,-85,1
22/04/2026,07:25:54,9,Lab. Informática 09,IFPB,2C:57:41:D4:69:C0,-85,1
22/04/2026,07:25:54,9,Lab. Informática 09,IFPB-VISITANTE,2C:57:41:D4:69:C2,-86,1
22/04/2026,07:25:54,9,Lab. Informática 09,IFPB,B8:11:4B:1D:1E:40,-87,6
22/04/2026,07:25:54,9,Lab. Informática 09,UA2-MiniLab,60:32:B1:2D:66:C3,-87,10
22/04/2026,07:25:54,9,Lab. Informática 09,IFPB-VISITANTE,B8:11:4B:1D:1E:42,-88,6
22/04/2026,07:25:54,9,Lab. Informática 09,LIMPEZA,54:E6:FC:CF:22:DE,-89,6
22/04/2026,07:25:54,9,Lab. Informática 09,NUNYA_Room_2.4GHz,CC:32:E5:0C:FC:2B,-90,9
22/04/2026,07:25:54,9,Lab. Informática 09,SALA_MESTRADO,64:66:B3:62:EB:86,-91,1
22/04/2026,07:26:03,10,Lab. Informática 09,IFPB-Sala_Professor_14,24:FD:0D:57:19:26,-59,5
22/04/2026,07:26:03,10,Lab. Informática 09,APTelefonia,58:10:8C:91:F3:AA,-61,1
22/04/2026,07:26:03,10,Lab. Informática 09,Intelbras,18:0D:2C:7F:EB:AC,-63,7
22/04/2026,07:26:03,10,Lab. Informática 09,IFPB,84:F1:47:54:7F:20,-63,11
22/04/2026,07:26:03,10,Lab. Informática 09,IFPB-VISITANTE,84:F1:47:54:7F:22,-63,11
22/04/2026,07:26:04,10,Lab. Informática 09,IFPB TCC,D8:5D:4C:86:7E:66,-65,1
22/04/2026,07:26:04,10,Lab. Informática 09,TP-Link_1324,7C:F1:7E:8D:13:22,-73,10
22/04/2026,07:26:04,10,Lab. Informática 09,TP-Link_C3CB,D8:0D:17:3E:C3:CB,-75,4
22/04/2026,07:26:04,10,Lab. Informática 09,GPDS,00:26:5A:66:55:EF,-76,6
22/04/2026,07:26:04,10,Lab. Informática 09,IFPB,E4:4E:2D:85:4C:60,-79,11
22/04/2026,07:26:04,10,Lab. Informática 09,IFPB-VISITANTE,E4:4E:2D:85:4C:62,-80,11
22/04/2026,07:26:04,10,Lab. Informática 09,Lab. de Sinais Digitais,18:D6:C7:F9:37:2F,-81,11
22/04/2026,07:26:04,10,Lab. Informática 09,IFPB,84:F1:47:54:96:E0,-82,1
22/04/2026,07:26:04,10,Lab. Informática 09,IFPB-VISITANTE,84:F1:47:54:96:E2,-83,1
22/04/2026,07:26:04,10,Lab. Informática 09,IFPB,2C:57:41:D4:69:C0,-84,1
22/04/2026,07:26:04,10,Lab. Informática 09,IFPB-VISITANTE,2C:57:41:D4:69:C2,-84,1
22/04/2026,07:26:04,10,Lab. Informática 09,IFPB,84:F1:47:54:FD:C0,-84,1
22/04/2026,07:26:04,10,Lab. Informática 09,IFPB-Sala_13,E8:94:F6:B9:2F:46,-84,6
22/04/2026,07:26:04,10,Lab. Informática 09,UA2-MiniLab,60:32:B1:2D:66:C3,-85,10
22/04/2026,07:26:04,10,Lab. Informática 09,IFPB-VISITANTE,84:F1:47:54:FD:C2,-86,1
22/04/2026,07:26:04,10,Lab. Informática 09,IFPB,B8:11:4B:1D:1E:40,-87,6
22/04/2026,07:26:04,10,Lab. Informática 09,IFPB-VISITANTE,B8:11:4B:1D:1E:42,-87,6
22/04/2026,07:26:04,10,Lab. Informática 09,NUNYA_Room_2.4GHz,CC:32:E5:0C:FC:2B,-88,9
22/04/2026,07:26:04,10,Lab. Informática 09,SALA_MESTRADO,64:66:B3:62:EB:86,-90,1
22/04/2026,07:26:04,10,Lab. Informática 09,LIMPEZA,54:E6:FC:CF:22:DE,-93,6
22/04/2026,07:26:25,11,Sala dos técnicos,IFPB-Sala_Professor_14,24:FD:0D:57:19:26,-54,5
22/04/2026,07:26:25,11,Sala dos técnicos,APTelefonia,58:10:8C:91:F3:AA,-61,1
22/04/2026,07:26:25,11,Sala dos técnicos,IFPB TCC,D8:5D:4C:86:7E:66,-64,1
22/04/2026,07:26:25,11,Sala dos técnicos,TP-Link_1324,7C:F1:7E:8D:13:22,-65,10
22/04/2026,07:26:25,11,Sala dos técnicos,TP-Link_C3CB,D8:0D:17:3E:C3:CB,-67,4
22/04/2026,07:26:25,11,Sala dos técnicos,IFPB-Sala_Professor_14,48:51:CF:81:B0:9E,-68,3
22/04/2026,07:26:25,11,Sala dos técnicos,Intelbras,18:0D:2C:7F:EB:AC,-68,7
22/04/2026,07:26:25,11,Sala dos técnicos,Lab. de Sinais Digitais,18:D6:C7:F9:37:2F,-68,11
22/04/2026,07:26:25,11,Sala dos técnicos,IFPB,84:F1:47:54:96:E0,-71,1
22/04/2026,07:26:25,11,Sala dos técnicos,IFPB-VISITANTE,84:F1:47:54:96:E2,-71,1
22/04/2026,07:26:25,11,Sala dos técnicos,NUNYA_Room_2.4GHz,CC:32:E5:0C:FC:2B,-78,9
22/04/2026,07:26:25,11,Sala dos técnicos,IFPB-VISITANTE,84:F1:47:54:FD:C2,-79,1
22/04/2026,07:26:25,11,Sala dos técnicos,IFPB,84:F1:47:54:7F:20,-79,11
22/04/2026,07:26:25,11,Sala dos técnicos,IFPB-VISITANTE,84:F1:47:54:7F:22,-79,11
22/04/2026,07:26:25,11,Sala dos técnicos,IFPB-VISITANTE,E4:4E:2D:85:4C:62,-79,11
22/04/2026,07:26:25,11,Sala dos técnicos,IFPB,E4:4E:2D:85:4C:60,-79,11
22/04/2026,07:26:25,11,Sala dos técnicos,IFPB,84:F1:47:54:FD:C0,-81,1
22/04/2026,07:26:25,11,Sala dos técnicos,GPDS,00:26:5A:66:55:EF,-82,6
22/04/2026,07:26:25,11,Sala dos técnicos,IFPB-Sala_13,E8:94:F6:B9:2F:46,-85,6
22/04/2026,07:26:25,11,Sala dos técnicos,IFPB,84:F1:47:54:95:E0,-88,11
22/04/2026,07:26:25,11,Sala dos técnicos,SALA_MESTRADO,64:66:B3:62:EB:86,-89,1
22/04/2026,07:26:25,11,Sala dos técnicos,IFPB-VISITANTE,B8:11:4B:1D:1E:42,-89,6
22/04/2026,07:26:25,11,Sala dos técnicos,UA2-MiniLab,60:32:B1:2D:66:C3,-89,10
22/04/2026,07:26:25,11,Sala dos técnicos,IFPB-VISITANTE,84:F1:47:54:95:E2,-89,11
22/04/2026,07:26:25,11,Sala dos técnicos,IFPB-VISITANTE,84:F1:47:54:F9:82,-89,11
22/04/2026,07:26:25,11,Sala dos técnicos,IFPB,B8:11:4B:1D:1E:40,-90,6
22/04/2026,07:26:26,11,Sala dos técnicos,IFPB,84:F1:47:54:F9:80,-90,11
22/04/2026,07:26:26,11,Sala dos técnicos,NPEF/NEPA,50:C7:BF:EF:56:8A,-96,3
22/04/2026,07:26:35,12,Sala dos técnicos,IFPB-Sala_Professor_14,24:FD:0D:57:19:26,-50,5
22/04/2026,07:26:35,12,Sala dos técnicos,Intelbras,18:0D:2C:7F:EB:AC,-60,7
22/04/2026,07:26:35,12,Sala dos técnicos,APTelefonia,58:10:8C:91:F3:AA,-61,1
22/04/2026,07:26:35,12,Sala dos técnicos,IFPB TCC,D8:5D:4C:86:7E:66,-65,1
22/04/2026,07:26:35,12,Sala dos técnicos,TP-Link_C3CB,D8:0D:17:3E:C3:CB,-68,4
22/04/2026,07:26:35,12,Sala dos técnicos,Lab. de Sinais Digitais,18:D6:C7:F9:37:2F,-68,11
22/04/2026,07:26:35,12,Sala dos técnicos,IFPB-Sala_Professor_14,48:51:CF:81:B0:9E,-69,3
22/04/2026,07:26:35,12,Sala dos técnicos,TP-Link_1324,7C:F1:7E:8D:13:22,-69,10
22/04/2026,07:26:35,12,Sala dos técnicos,IFPB,84:F1:47:54:96:E0,-71,1
22/04/2026,07:26:35,12,Sala dos técnicos,IFPB-VISITANTE,84:F1:47:54:96:E2,-71,1
22/04/2026,07:26:35,12,Sala dos técnicos,GPDS,00:26:5A:66:55:EF,-78,6
22/04/2026,07:26:35,12,Sala dos técnicos,IFPB,84:F1:47:54:7F:20,-79,11
22/04/2026,07:26:35,12,Sala dos técnicos,IFPB-VISITANTE,84:F1:47:54:7F:22,-79,11
22/04/2026,07:26:35,12,Sala dos técnicos,IFPB,84:F1:47:54:FD:C0,-81,1
22/04/2026,07:26:35,12,Sala dos técnicos,IFPB-VISITANTE,84:F1:47:54:FD:C2,-82,1
22/04/2026,07:26:35,12,Sala dos técnicos,NUNYA_Room_2.4GHz,CC:32:E5:0C:FC:2B,-83,9
22/04/2026,07:26:36,12,Sala dos técnicos,SALA_MESTRADO,64:66:B3:62:EB:86,-85,1
22/04/2026,07:26:36,12,Sala dos técnicos,IFPB-Sala_13,E8:94:F6:B9:2F:46,-85,6
22/04/2026,07:26:36,12,Sala dos técnicos,IFPB,E4:4E:2D:85:4C:60,-85,11
22/04/2026,07:26:36,12,Sala dos técnicos,IFPB-VISITANTE,E4:4E:2D:85:4C:62,-85,11
22/04/2026,07:26:36,12,Sala dos técnicos,UA2-MiniLab,60:32:B1:2D:66:C3,-89,10
22/04/2026,07:26:36,12,Sala dos técnicos,IFPB,84:F1:47:54:F9:80,-90,11
22/04/2026,07:26:36,12,Sala dos técnicos,IFPB-VISITANTE,84:F1:47:54:F9:82,-91,11
22/04/2026,07:26:36,12,Sala dos técnicos,LIMPEZA,54:E6:FC:CF:22:DE,-92,6
22/04/2026,07:26:36,12,Sala dos técnicos,NPEF/NEPA,50:C7:BF:EF:56:8A,-96,3
22/04/2026,07:26:45,13,Sala dos técnicos,APTelefonia,58:10:8C:91:F3:AA,-56,1
22/04/2026,07:26:45,13,Sala dos técnicos,IFPB-Sala_Professor_14,24:FD:0D:57:19:26,-56,5
22/04/2026,07:26:45,13,Sala dos técnicos,TP-Link_1324,7C:F1:7E:8D:13:22,-64,10
22/04/2026,07:26:45,13,Sala dos técnicos,IFPB TCC,D8:5D:4C:86:7E:66,-67,1
22/04/2026,07:26:45,13,Sala dos técnicos,Intelbras,18:0D:2C:7F:EB:AC,-69,7
22/04/2026,07:26:45,13,Sala dos técnicos,Lab. de Sinais Digitais,18:D6:C7:F9:37:2F,-69,11
22/04/2026,07:26:45,13,Sala dos técnicos,TP-Link_C3CB,D8:0D:17:3E:C3:CB,-73,4
22/04/2026,07:26:45,13,Sala dos técnicos,IFPB,84:F1:47:54:7F:20,-73,11
22/04/2026,07:26:45,13,Sala dos técnicos,IFPB-VISITANTE,84:F1:47:54:7F:22,-74,11
22/04/2026,07:26:45,13,Sala dos técnicos,IFPB,84:F1:47:54:96:E0,-76,1
22/04/2026,07:26:46,13,Sala dos técnicos,IFPB-Sala_Professor_14,48:51:CF:81:B0:9E,-76,3
22/04/2026,07:26:46,13,Sala dos técnicos,IFPB-VISITANTE,84:F1:47:54:96:E2,-77,1
22/04/2026,07:26:46,13,Sala dos técnicos,NUNYA_Room_2.4GHz,CC:32:E5:0C:FC:2B,-78,9
22/04/2026,07:26:46,13,Sala dos técnicos,GPDS,00:26:5A:66:55:EF,-79,6
22/04/2026,07:26:46,13,Sala dos técnicos,IFPB-VISITANTE,84:F1:47:54:FD:C2,-81,1
22/04/2026,07:26:46,13,Sala dos técnicos,IFPB,84:F1:47:54:FD:C0,-82,1
22/04/2026,07:26:46,13,Sala dos técnicos,IFPB,E4:4E:2D:85:4C:60,-83,11
22/04/2026,07:26:46,13,Sala dos técnicos,IFPB-VISITANTE,E4:4E:2D:85:4C:62,-84,11
22/04/2026,07:26:46,13,Sala dos técnicos,IFPB,84:F1:47:54:F9:80,-85,11
22/04/2026,07:26:46,13,Sala dos técnicos,SALA_MESTRADO,64:66:B3:62:EB:86,-86,1
22/04/2026,07:26:46,13,Sala dos técnicos,IFPB-VISITANTE,84:F1:47:54:F9:82,-86,11
22/04/2026,07:26:46,13,Sala dos técnicos,UA2-MiniLab,60:32:B1:2D:66:C3,-88,10
22/04/2026,07:26:46,13,Sala dos técnicos,IFPB,2C:57:41:D4:69:C0,-89,1
22/04/2026,07:26:46,13,Sala dos técnicos,IFPB,B8:11:4B:1D:1E:40,-89,6
22/04/2026,07:26:46,13,Sala dos técnicos,IFPB-Sala_13,E8:94:F6:B9:2F:46,-89,6
22/04/2026,07:26:46,13,Sala dos técnicos,IFPB-VISITANTE,B8:11:4B:1D:1E:42,-90,6
22/04/2026,07:26:55,14,Sala dos técnicos,IFPB-Sala_Professor_14,24:FD:0D:57:19:26,-50,5
22/04/2026,07:26:55,14,Sala dos técnicos,APTelefonia,58:10:8C:91:F3:AA,-57,1
22/04/2026,07:26:55,14,Sala dos técnicos,Intelbras,18:0D:2C:7F:EB:AC,-67,7
22/04/2026,07:26:55,14,Sala dos técnicos,IFPB TCC,D8:5D:4C:86:7E:66,-69,1
22/04/2026,07:26:55,14,Sala dos técnicos,TP-Link_1324,7C:F1:7E:8D:13:22,-71,10
22/04/2026,07:26:56,14,Sala dos técnicos,Lab. de Sinais Digitais,18:D6:C7:F9:37:2F,-71,11
22/04/2026,07:26:56,14,Sala dos técnicos,TP-Link_C3CB,D8:0D:17:3E:C3:CB,-72,4
22/04/2026,07:26:56,14,Sala dos técnicos,GPDS,00:26:5A:66:55:EF,-74,6
22/04/2026,07:26:56,14,Sala dos técnicos,IFPB,84:F1:47:54:7F:20,-74,11
22/04/2026,07:26:56,14,Sala dos técnicos,IFPB-VISITANTE,84:F1:47:54:7F:22,-74,11
22/04/2026,07:26:56,14,Sala dos técnicos,NUNYA_Room_2.4GHz,CC:32:E5:0C:FC:2B,-77,9
22/04/2026,07:26:56,14,Sala dos técnicos,IFPB-Sala_Professor_14,48:51:CF:81:B0:9E,-79,3
22/04/2026,07:26:56,14,Sala dos técnicos,IFPB-VISITANTE,E4:4E:2D:85:4C:62,-79,11
22/04/2026,07:26:56,14,Sala dos técnicos,IFPB,E4:4E:2D:85:4C:60,-79,11
22/04/2026,07:26:56,14,Sala dos técnicos,IFPB-VISITANTE,84:F1:47:54:96:E2,-80,1
22/04/2026,07:26:56,14,Sala dos técnicos,IFPB,84:F1:47:54:96:E0,-80,1
22/04/2026,07:26:56,14,Sala dos técnicos,IFPB-VISITANTE,84:F1:47:54:FD:C2,-82,1
22/04/2026,07:26:56,14,Sala dos técnicos,IFPB,84:F1:47:54:FD:C0,-82,1
22/04/2026,07:26:56,14,Sala dos técnicos,IFPB,84:F1:47:54:F9:80,-82,11
22/04/2026,07:26:56,14,Sala dos técnicos,IFPB-VISITANTE,84:F1:47:54:F9:82,-83,11
22/04/2026,07:26:56,14,Sala dos técnicos,IFPB-Sala_13,E8:94:F6:B9:2F:46,-86,6
22/04/2026,07:26:56,14,Sala dos técnicos,IFPB,84:F1:47:54:95:E0,-87,11
22/04/2026,07:26:56,14,Sala dos técnicos,IFPB-VISITANTE,84:F1:47:54:95:E2,-87,11
22/04/2026,07:26:56,14,Sala dos técnicos,IFPB-VISITANTE,2C:57:41:D4:69:C2,-88,1
22/04/2026,07:26:56,14,Sala dos técnicos,IFPB,2C:57:41:D4:69:C0,-89,1
22/04/2026,07:26:56,14,Sala dos técnicos,SALA_MESTRADO,64:66:B3:62:EB:86,-90,1
22/04/2026,07:26:56,14,Sala dos técnicos,UA2-MiniLab,60:32:B1:2D:66:C3,-93,10
22/04/2026,07:27:06,15,Sala dos técnicos,IFPB-Sala_Professor_14,24:FD:0D:57:19:26,-48,5
22/04/2026,07:27:06,15,Sala dos técnicos,APTelefonia,58:10:8C:91:F3:AA,-58,1
22/04/2026,07:27:06,15,Sala dos técnicos,Intelbras,18:0D:2C:7F:EB:AC,-66,7
22/04/2026,07:27:06,15,Sala dos técnicos,TP-Link_1324,7C:F1:7E:8D:13:22,-66,10
22/04/2026,07:27:06,15,Sala dos técnicos,IFPB TCC,D8:5D:4C:86:7E:66,-67,1
22/04/2026,07:27:06,15,Sala dos técnicos,IFPB,84:F1:47:54:96:E0,-73,1
22/04/2026,07:27:06,15,Sala dos técnicos,IFPB-VISITANTE,84:F1:47:54:96:E2,-73,1
22/04/2026,07:27:06,15,Sala dos técnicos,TP-Link_C3CB,D8:0D:17:3E:C3:CB,-74,4
22/04/2026,07:27:06,15,Sala dos técnicos,GPDS,00:26:5A:66:55:EF,-74,6
22/04/2026,07:27:06,15,Sala dos técnicos,IFPB-Sala_Professor_14,48:51:CF:81:B0:9E,-76,3
22/04/2026,07:27:06,15,Sala dos técnicos,Lab. de Sinais Digitais,18:D6:C7:F9:37:2F,-76,11
22/04/2026,07:27:06,15,Sala dos técnicos,NUNYA_Room_2.4GHz,CC:32:E5:0C:FC:2B,-78,9
22/04/2026,07:27:06,15,Sala dos técnicos,IFPB-VISITANTE,84:F1:47:54:7F:22,-79,11
22/04/2026,07:27:06,15,Sala dos técnicos,IFPB,84:F1:47:54:7F:20,-79,11
22/04/2026,07:27:06,15,Sala dos técnicos,IFPB,E4:4E:2D:85:4C:60,-80,11
22/04/2026,07:27:06,15,Sala dos técnicos,IFPB-VISITANTE,E4:4E:2D:85:4C:62,-80,11
22/04/2026,07:27:06,15,Sala dos técnicos,IFPB,84:F1:47:54:FD:C0,-81,1
22/04/2026,07:27:06,15,Sala dos técnicos,SALA_MESTRADO,64:66:B3:62:EB:86,-82,1
22/04/2026,07:27:06,15,Sala dos técnicos,IFPB-VISITANTE,84:F1:47:54:FD:C2,-82,1
22/04/2026,07:27:06,15,Sala dos técnicos,IFPB,84:F1:47:54:F9:80,-82,11
22/04/2026,07:27:06,15,Sala dos técnicos,IFPB-VISITANTE,84:F1:47:54:F9:82,-82,11
22/04/2026,07:27:06,15,Sala dos técnicos,IFPB,84:F1:47:54:95:E0,-87,11
22/04/2026,07:27:06,15,Sala dos técnicos,IFPB,2C:57:41:D4:69:C0,-89,1
22/04/2026,07:27:06,15,Sala dos técnicos,IFPB-VISITANTE,84:F1:47:54:95:E2,-89,11
22/04/2026,07:27:06,15,Sala dos técnicos,UA2-MiniLab,60:32:B1:2D:66:C3,-90,10
22/04/2026,07:27:06,15,Sala dos técnicos,IFPB-Sala_13,E8:94:F6:B9:2F:46,-91,6
22/04/2026,07:27:06,15,Sala dos técnicos,Grel Wifi,00:27:19:CA:71:D2,-96,11
22/04/2026,07:27:16,16,Sala dos técnicos,IFPB-Sala_Professor_14,24:FD:0D:57:19:26,-48,5
22/04/2026,07:27:16,16,Sala dos técnicos,APTelefonia,58:10:8C:91:F3:AA,-58,1
22/04/2026,07:27:16,16,Sala dos técnicos,Intelbras,18:0D:2C:7F:EB:AC,-66,7
22/04/2026,07:27:16,16,Sala dos técnicos,TP-Link_1324,7C:F1:7E:8D:13:22,-69,10
22/04/2026,07:27:16,16,Sala dos técnicos,IFPB TCC,D8:5D:4C:86:7E:66,-71,1
22/04/2026,07:27:16,16,Sala dos técnicos,IFPB,84:F1:47:54:96:E0,-73,1
22/04/2026,07:27:16,16,Sala dos técnicos,IFPB-VISITANTE,84:F1:47:54:96:E2,-73,1
22/04/2026,07:27:16,16,Sala dos técnicos,TP-Link_C3CB,D8:0D:17:3E:C3:CB,-73,4
22/04/2026,07:27:16,16,Sala dos técnicos,Lab. de Sinais Digitais,18:D6:C7:F9:37:2F,-74,11
22/04/2026,07:27:16,16,Sala dos técnicos,GPDS,00:26:5A:66:55:EF,-75,6
22/04/2026,07:27:16,16,Sala dos técnicos,IFPB-Sala_Professor_14,48:51:CF:81:B0:9E,-78,3
22/04/2026,07:27:16,16,Sala dos técnicos,IFPB-VISITANTE,84:F1:47:54:7F:22,-79,11
22/04/2026,07:27:16,16,Sala dos técnicos,IFPB-VISITANTE,E4:4E:2D:85:4C:62,-79,11
22/04/2026,07:27:16,16,Sala dos técnicos,IFPB,E4:4E:2D:85:4C:60,-79,11
22/04/2026,07:27:16,16,Sala dos técnicos,IFPB-VISITANTE,84:F1:47:54:F9:82,-82,11
22/04/2026,07:27:16,16,Sala dos técnicos,IFPB,84:F1:47:54:F9:80,-83,11
22/04/2026,07:27:16,16,Sala dos técnicos,NUNYA_Room_2.4GHz,CC:32:E5:0C:FC:2B,-84,9
22/04/2026,07:27:16,16,Sala dos técnicos,IFPB-VISITANTE,84:F1:47:54:FD:C2,-85,1
22/04/2026,07:27:16,16,Sala dos técnicos,IFPB,84:F1:47:54:FD:C0,-85,1
22/04/2026,07:27:16,16,Sala dos técnicos,UA2-MiniLab,60:32:B1:2D:66:C3,-86,10
22/04/2026,07:27:16,16,Sala dos técnicos,IFPB-VISITANTE,84:F1:47:54:95:E2,-86,11
22/04/2026,07:27:16,16,Sala dos técnicos,IFPB,84:F1:47:54:95:E0,-87,11
22/04/2026,07:27:16,16,Sala dos técnicos,IFPB,2C:57:41:D4:69:C0,-88,1
22/04/2026,07:27:16,16,Sala dos técnicos,IFPB-VISITANTE,2C:57:41:D4:69:C2,-90,1
22/04/2026,07:27:16,16,Sala dos técnicos,IFPB-Sala_13,E8:94:F6:B9:2F:46,-91,6
22/04/2026,07:27:16,16,Sala dos técnicos,SALA_MESTRADO,64:66:B3:62:EB:86,-93,1
22/04/2026,07:27:16,16,Sala dos técnicos,LIMPEZA,54:E6:FC:CF:22:DE,-93,6
22/04/2026,07:27:26,17,Sala dos técnicos,IFPB-Sala_Professor_14,24:FD:0D:57:19:26,-48,5
22/04/2026,07:27:26,17,Sala dos técnicos,APTelefonia,58:10:8C:91:F3:AA,-60,1
22/04/2026,07:27:26,17,Sala dos técnicos,Intelbras,18:0D:2C:7F:EB:AC,-67,7
22/04/2026,07:27:26,17,Sala dos técnicos,TP-Link_1324,7C:F1:7E:8D:13:22,-70,10
22/04/2026,07:27:26,17,Sala dos técnicos,IFPB,84:F1:47:54:96:E0,-72,1
22/04/2026,07:27:26,17,Sala dos técnicos,IFPB-VISITANTE,84:F1:47:54:96:E2,-72,1
22/04/2026,07:27:26,17,Sala dos técnicos,TP-Link_C3CB,D8:0D:17:3E:C3:CB,-72,4
22/04/2026,07:27:26,17,Sala dos técnicos,IFPB TCC,D8:5D:4C:86:7E:66,-74,1
22/04/2026,07:27:26,17,Sala dos técnicos,IFPB,84:F1:47:54:7F:20,-74,11
22/04/2026,07:27:26,17,Sala dos técnicos,Lab. de Sinais Digitais,18:D6:C7:F9:37:2F,-75,11
22/04/2026,07:27:26,17,Sala dos técnicos,IFPB-VISITANTE,84:F1:47:54:7F:22,-75,11
22/04/2026,07:27:26,17,Sala dos técnicos,IFPB-Sala_Professor_14,48:51:CF:81:B0:9E,-77,3
22/04/2026,07:27:26,17,Sala dos técnicos,GPDS,00:26:5A:66:55:EF,-79,6
22/04/2026,07:27:26,17,Sala dos técnicos,IFPB-VISITANTE,E4:4E:2D:85:4C:62,-80,11
22/04/2026,07:27:26,17,Sala dos técnicos,IFPB,E4:4E:2D:85:4C:60,-81,11
22/04/2026,07:27:26,17,Sala dos técnicos,IFPB-VISITANTE,84:F1:47:54:FD:C2,-82,1
22/04/2026,07:27:26,17,Sala dos técnicos,NUNYA_Room_2.4GHz,CC:32:E5:0C:FC:2B,-82,9
22/04/2026,07:27:26,17,Sala dos técnicos,IFPB,84:F1:47:54:FD:C0,-83,1
22/04/2026,07:27:26,17,Sala dos técnicos,IFPB,84:F1:47:54:F9:80,-83,11
22/04/2026,07:27:26,17,Sala dos técnicos,IFPB-VISITANTE,84:F1:47:54:F9:82,-84,11
22/04/2026,07:27:26,17,Sala dos técnicos,IFPB-Sala_13,E8:94:F6:B9:2F:46,-87,6
22/04/2026,07:27:26,17,Sala dos técnicos,IFPB,84:F1:47:54:95:E0,-87,11
22/04/2026,07:27:26,17,Sala dos técnicos,IFPB-VISITANTE,84:F1:47:54:95:E2,-88,11
22/04/2026,07:27:26,17,Sala dos técnicos,UA2-MiniLab,60:32:B1:2D:66:C3,-89,10
22/04/2026,07:27:26,17,Sala dos técnicos,SALA_MESTRADO,64:66:B3:62:EB:86,-92,1
22/04/2026,07:27:36,18,Sala dos técnicos,IFPB-Sala_Professor_14,24:FD:0D:57:19:26,-48,5
22/04/2026,07:27:36,18,Sala dos técnicos,APTelefonia,58:10:8C:91:F3:AA,-60,1
22/04/2026,07:27:36,18,Sala dos técnicos,Intelbras,18:0D:2C:7F:EB:AC,-65,7
22/04/2026,07:27:36,18,Sala dos técnicos,IFPB,84:F1:47:54:96:E0,-68,1
22/04/2026,07:27:36,18,Sala dos técnicos,IFPB-VISITANTE,84:F1:47:54:96:E2,-69,1
22/04/2026,07:27:36,18,Sala dos técnicos,TP-Link_C3CB,D8:0D:17:3E:C3:CB,-70,4
22/04/2026,07:27:36,18,Sala dos técnicos,TP-Link_1324,7C:F1:7E:8D:13:22,-70,10
22/04/2026,07:27:36,18,Sala dos técnicos,IFPB,84:F1:47:54:7F:20,-73,11
22/04/2026,07:27:36,18,Sala dos técnicos,IFPB-VISITANTE,84:F1:47:54:7F:22,-73,11
22/04/2026,07:27:36,18,Sala dos técnicos,Lab. de Sinais Digitais,18:D6:C7:F9:37:2F,-74,11
22/04/2026,07:27:36,18,Sala dos técnicos,IFPB TCC,D8:5D:4C:86:7E:66,-75,1
22/04/2026,07:27:36,18,Sala dos técnicos,IFPB-Sala_Professor_14,48:51:CF:81:B0:9E,-78,3
22/04/2026,07:27:36,18,Sala dos técnicos,NUNYA_Room_2.4GHz,CC:32:E5:0C:FC:2B,-78,9
22/04/2026,07:27:36,18,Sala dos técnicos,IFPB,E4:4E:2D:85:4C:60,-79,11
22/04/2026,07:27:36,18,Sala dos técnicos,IFPB-VISITANTE,E4:4E:2D:85:4C:62,-80,11
22/04/2026,07:27:36,18,Sala dos técnicos,IFPB,84:F1:47:54:FD:C0,-81,1
22/04/2026,07:27:36,18,Sala dos técnicos,IFPB-VISITANTE,84:F1:47:54:FD:C2,-82,1
22/04/2026,07:27:36,18,Sala dos técnicos,GPDS,00:26:5A:66:55:EF,-83,6
22/04/2026,07:27:36,18,Sala dos técnicos,IFPB-VISITANTE,84:F1:47:54:F9:82,-84,11
22/04/2026,07:27:36,18,Sala dos técnicos,IFPB,84:F1:47:54:F9:80,-84,11
22/04/2026,07:27:36,18,Sala dos técnicos,IFPB-VISITANTE,84:F1:47:54:95:E2,-88,11
22/04/2026,07:27:37,18,Sala dos técnicos,IFPB,84:F1:47:54:95:E0,-88,11
22/04/2026,07:27:37,18,Sala dos técnicos,IFPB-Sala_13,E8:94:F6:B9:2F:46,-90,6
22/04/2026,07:27:37,18,Sala dos técnicos,SALA_MESTRADO,64:66:B3:62:EB:86,-92,1
22/04/2026,07:27:37,18,Sala dos técnicos,IFPB-VISITANTE,2C:57:41:D4:69:C2,-93,1
22/04/2026,07:27:37,18,Sala dos técnicos,UA2-MiniLab,60:32:B1:2D:66:C3,-93,10
22/04/2026,07:27:46,19,Sala dos técnicos,IFPB-Sala_Professor_14,24:FD:0D:57:19:26,-51,5
22/04/2026,07:27:46,19,Sala dos técnicos,APTelefonia,58:10:8C:91:F3:AA,-61,1
22/04/2026,07:27:46,19,Sala dos técnicos,Intelbras,18:0D:2C:7F:EB:AC,-66,7
22/04/2026,07:27:46,19,Sala dos técnicos,TP-Link_C3CB,D8:0D:17:3E:C3:CB,-69,4
22/04/2026,07:27:46,19,Sala dos técnicos,IFPB TCC,D8:5D:4C:86:7E:66,-70,1
22/04/2026,07:27:46,19,Sala dos técnicos,IFPB,84:F1:47:54:96:E0,-71,1
22/04/2026,07:27:46,19,Sala dos técnicos,IFPB-VISITANTE,84:F1:47:54:96:E2,-71,1
22/04/2026,07:27:46,19,Sala dos técnicos,TP-Link_1324,7C:F1:7E:8D:13:22,-71,10
22/04/2026,07:27:46,19,Sala dos técnicos,IFPB,84:F1:47:54:7F:20,-74,11
22/04/2026,07:27:46,19,Sala dos técnicos,IFPB-VISITANTE,84:F1:47:54:7F:22,-75,11
22/04/2026,07:27:46,19,Sala dos técnicos,Lab. de Sinais Digitais,18:D6:C7:F9:37:2F,-76,11
22/04/2026,07:27:46,19,Sala dos técnicos,IFPB,E4:4E:2D:85:4C:60,-79,11
22/04/2026,07:27:46,19,Sala dos técnicos,IFPB-VISITANTE,E4:4E:2D:85:4C:62,-80,11
22/04/2026,07:27:46,19,Sala dos técnicos,IFPB,84:F1:47:54:FD:C0,-81,1
22/04/2026,07:27:46,19,Sala dos técnicos,IFPB-VISITANTE,84:F1:47:54:FD:C2,-81,1
22/04/2026,07:27:46,19,Sala dos técnicos,IFPB-Sala_Professor_14,48:51:CF:81:B0:9E,-82,3
22/04/2026,07:27:47,19,Sala dos técnicos,NUNYA_Room_2.4GHz,CC:32:E5:0C:FC:2B,-82,9
22/04/2026,07:27:47,19,Sala dos técnicos,GPDS,00:26:5A:66:55:EF,-84,6
22/04/2026,07:27:47,19,Sala dos técnicos,IFPB,84:F1:47:54:F9:80,-84,11
22/04/2026,07:27:47,19,Sala dos técnicos,IFPB-VISITANTE,84:F1:47:54:F9:82,-84,11
22/04/2026,07:27:47,19,Sala dos técnicos,IFPB,84:F1:47:54:95:E0,-87,11
22/04/2026,07:27:47,19,Sala dos técnicos,SALA_MESTRADO,64:66:B3:62:EB:86,-88,1
22/04/2026,07:27:47,19,Sala dos técnicos,IFPB-VISITANTE,84:F1:47:54:95:E2,-88,11
22/04/2026,07:27:47,19,Sala dos técnicos,IFPB-Sala_13,E8:94:F6:B9:2F:46,-90,6
22/04/2026,07:27:47,19,Sala dos técnicos,UA2-MiniLab,60:32:B1:2D:66:C3,-91,10
22/04/2026,07:27:56,20,Sala dos técnicos,IFPB-Sala_Professor_14,24:FD:0D:57:19:26,-47,5
22/04/2026,07:27:56,20,Sala dos técnicos,APTelefonia,58:10:8C:91:F3:AA,-60,1
22/04/2026,07:27:56,20,Sala dos técnicos,Intelbras,18:0D:2C:7F:EB:AC,-65,7
22/04/2026,07:27:56,20,Sala dos técnicos,IFPB,84:F1:47:54:96:E0,-68,1
22/04/2026,07:27:56,20,Sala dos técnicos,IFPB-VISITANTE,84:F1:47:54:96:E2,-68,1
22/04/2026,07:27:56,20,Sala dos técnicos,TP-Link_C3CB,D8:0D:17:3E:C3:CB,-69,4
22/04/2026,07:27:56,20,Sala dos técnicos,TP-Link_1324,7C:F1:7E:8D:13:22,-69,10
22/04/2026,07:27:56,20,Sala dos técnicos,IFPB TCC,D8:5D:4C:86:7E:66,-73,1
22/04/2026,07:27:56,20,Sala dos técnicos,Lab. de Sinais Digitais,18:D6:C7:F9:37:2F,-74,11
22/04/2026,07:27:56,20,Sala dos técnicos,IFPB,84:F1:47:54:7F:20,-75,11
22/04/2026,07:27:57,20,Sala dos técnicos,IFPB-VISITANTE,84:F1:47:54:7F:22,-75,11
22/04/2026,07:27:57,20,Sala dos técnicos,NUNYA_Room_2.4GHz,CC:32:E5:0C:FC:2B,-78,9
22/04/2026,07:27:57,20,Sala dos técnicos,GPDS,00:26:5A:66:55:EF,-80,6
22/04/2026,07:27:57,20,Sala dos técnicos,IFPB-VISITANTE,E4:4E:2D:85:4C:62,-80,11
22/04/2026,07:27:57,20,Sala dos técnicos,IFPB-Sala_Professor_14,48:51:CF:81:B0:9E,-81,3
22/04/2026,07:27:57,20,Sala dos técnicos,IFPB,E4:4E:2D:85:4C:60,-81,11
22/04/2026,07:27:57,20,Sala dos técnicos,IFPB,84:F1:47:54:FD:C0,-83,1
22/04/2026,07:27:57,20,Sala dos técnicos,IFPB-VISITANTE,84:F1:47:54:FD:C2,-83,1
22/04/2026,07:27:57,20,Sala dos técnicos,IFPB-VISITANTE,84:F1:47:54:F9:82,-83,11
22/04/2026,07:27:57,20,Sala dos técnicos,IFPB,84:F1:47:54:F9:80,-84,11
22/04/2026,07:27:57,20,Sala dos técnicos,SALA_MESTRADO,64:66:B3:62:EB:86,-89,1
22/04/2026,07:27:57,20,Sala dos técnicos,IFPB-VISITANTE,84:F1:47:54:95:E2,-89,11
22/04/2026,07:27:57,20,Sala dos técnicos,IFPB,84:F1:47:54:95:E0,-89,11
22/04/2026,07:27:57,20,Sala dos técnicos,IFPB-Sala_13,E8:94:F6:B9:2F:46,-90,6
22/04/2026,07:27:57,20,Sala dos técnicos,UA2-MiniLab,60:32:B1:2D:66:C3,-92,10
22/04/2026,07:28:24,21,Lab. de telecomunicações,APTelefonia,58:10:8C:91:F3:AA,-61,1
22/04/2026,07:28:24,21,Lab. de telecomunicações,TP-Link_C3CB,D8:0D:17:3E:C3:CB,-68,4
22/04/2026,07:28:24,21,Lab. de telecomunicações,IFPB-Sala_Professor_14,24:FD:0D:57:19:26,-68,5
22/04/2026,07:28:24,21,Lab. de telecomunicações,IFPB-Sala_Professor_14,48:51:CF:81:B0:9E,-70,3
22/04/2026,07:28:24,21,Lab. de telecomunicações,TP-Link_1324,7C:F1:7E:8D:13:22,-70,10
22/04/2026,07:28:24,21,Lab. de telecomunicações,IFPB TCC,D8:5D:4C:86:7E:66,-72,1
22/04/2026,07:28:24,21,Lab. de telecomunicações,Intelbras,18:0D:2C:7F:EB:AC,-72,7
22/04/2026,07:28:24,21,Lab. de telecomunicações,IFPB,84:F1:47:54:7F:20,-72,11
22/04/2026,07:28:24,21,Lab. de telecomunicações,IFPB-VISITANTE,84:F1:47:54:7F:22,-72,11
22/04/2026,07:28:24,21,Lab. de telecomunicações,IFPB,84:F1:47:54:96:E0,-78,1
22/04/2026,07:28:24,21,Lab. de telecomunicações,IFPB-VISITANTE,84:F1:47:54:96:E2,-78,1
22/04/2026,07:28:24,21,Lab. de telecomunicações,IFPB,84:F1:47:54:FD:C0,-79,1
22/04/2026,07:28:24,21,Lab. de telecomunicações,IFPB-VISITANTE,84:F1:47:54:FD:C2,-79,1
22/04/2026,07:28:24,21,Lab. de telecomunicações,Lab. de Sinais Digitais,18:D6:C7:F9:37:2F,-79,11
22/04/2026,07:28:24,21,Lab. de telecomunicações,NUNYA_Room_2.4GHz,CC:32:E5:0C:FC:2B,-83,9
22/04/2026,07:28:24,21,Lab. de telecomunicações,UA2-MiniLab,60:32:B1:2D:66:C3,-83,10
22/04/2026,07:28:25,21,Lab. de telecomunicações,GPDS,00:26:5A:66:55:EF,-84,6
22/04/2026,07:28:25,21,Lab. de telecomunicações,IFPB,84:F1:47:54:71:00,-85,1
22/04/2026,07:28:25,21,Lab. de telecomunicações,IFPB-VISITANTE,84:F1:47:54:71:02,-85,1
22/04/2026,07:28:25,21,Lab. de telecomunicações,IFPB,E4:4E:2D:85:4C:60,-85,11
22/04/2026,07:28:25,21,Lab. de telecomunicações,IFPB-VISITANTE,E4:4E:2D:85:4C:62,-85,11
22/04/2026,07:28:25,21,Lab. de telecomunicações,IFPB-Sala_13,E8:94:F6:B9:2F:46,-87,6
22/04/2026,07:28:25,21,Lab. de telecomunicações,SALA_MESTRADO,64:66:B3:62:EB:86,-88,1
22/04/2026,07:28:25,21,Lab. de telecomunicações,IFPB,84:F1:47:54:F9:80,-88,11
22/04/2026,07:28:25,21,Lab. de telecomunicações,IFPB,84:F1:47:54:95:E0,-88,11
22/04/2026,07:28:25,21,Lab. de telecomunicações,IFPB-VISITANTE,B8:11:4B:1D:1E:42,-89,6
22/04/2026,07:28:25,21,Lab. de telecomunicações,IFPB,B8:11:4B:1D:1E:40,-89,6
22/04/2026,07:28:25,21,Lab. de telecomunicações,IFPB-VISITANTE,84:F1:47:54:F9:82,-89,11
22/04/2026,07:28:25,21,Lab. de telecomunicações,IFPB-VISITANTE,84:F1:47:54:95:E2,-89,11
22/04/2026,07:28:34,22,Lab. de telecomunicações,TP-Link_C3CB,D8:0D:17:3E:C3:CB,-56,4
22/04/2026,07:28:34,22,Lab. de telecomunicações,APTelefonia,58:10:8C:91:F3:AA,-60,1
22/04/2026,07:28:34,22,Lab. de telecomunicações,IFPB-Sala_Professor_14,24:FD:0D:57:19:26,-60,5
22/04/2026,07:28:34,22,Lab. de telecomunicações,IFPB TCC,D8:5D:4C:86:7E:66,-67,1
22/04/2026,07:28:34,22,Lab. de telecomunicações,Intelbras,18:0D:2C:7F:EB:AC,-68,7
22/04/2026,07:28:34,22,Lab. de telecomunicações,TP-Link_1324,7C:F1:7E:8D:13:22,-68,10
22/04/2026,07:28:34,22,Lab. de telecomunicações,IFPB-Sala_Professor_14,48:51:CF:81:B0:9E,-71,3
22/04/2026,07:28:34,22,Lab. de telecomunicações,Lab. de Sinais Digitais,18:D6:C7:F9:37:2F,-71,11
22/04/2026,07:28:34,22,Lab. de telecomunicações,IFPB,84:F1:47:54:7F:20,-73,11
22/04/2026,07:28:34,22,Lab. de telecomunicações,IFPB-VISITANTE,84:F1:47:54:7F:22,-73,11
22/04/2026,07:28:35,22,Lab. de telecomunicações,IFPB-VISITANTE,84:F1:47:54:FD:C2,-78,1
22/04/2026,07:28:35,22,Lab. de telecomunicações,IFPB,84:F1:47:54:FD:C0,-78,1
22/04/2026,07:28:35,22,Lab. de telecomunicações,GPDS,00:26:5A:66:55:EF,-78,6
22/04/2026,07:28:35,22,Lab. de telecomunicações,SALA_MESTRADO,64:66:B3:62:EB:86,-80,1
22/04/2026,07:28:35,22,Lab. de telecomunicações,IFPB,84:F1:47:54:96:E0,-80,1
22/04/2026,07:28:35,22,Lab. de telecomunicações,IFPB-VISITANTE,84:F1:47:54:96:E2,-80,1
22/04/2026,07:28:35,22,Lab. de telecomunicações,UA2-MiniLab,60:32:B1:2D:66:C3,-83,10
22/04/2026,07:28:35,22,Lab. de telecomunicações,IFPB,84:F1:47:54:71:00,-84,1
22/04/2026,07:28:35,22,Lab. de telecomunicações,IFPB-VISITANTE,84:F1:47:54:71:02,-84,1
22/04/2026,07:28:35,22,Lab. de telecomunicações,NUNYA_Room_2.4GHz,CC:32:E5:0C:FC:2B,-84,9
22/04/2026,07:28:35,22,Lab. de telecomunicações,IFPB,E4:4E:2D:85:4C:60,-84,11
22/04/2026,07:28:35,22,Lab. de telecomunicações,IFPB-VISITANTE,E4:4E:2D:85:4C:62,-84,11
22/04/2026,07:28:35,22,Lab. de telecomunicações,IFPB-Sala_13,E8:94:F6:B9:2F:46,-87,6
22/04/2026,07:28:35,22,Lab. de telecomunicações,IFPB,84:F1:47:54:95:E0,-88,11
22/04/2026,07:28:35,22,Lab. de telecomunicações,IFPB-VISITANTE,84:F1:47:54:95:E2,-89,11
22/04/2026,07:28:35,22,Lab. de telecomunicações,IFPB-VISITANTE,84:F1:47:54:F9:82,-89,11
22/04/2026,07:28:35,22,Lab. de telecomunicações,IFPB,84:F1:47:54:F9:80,-89,11
22/04/2026,07:28:35,22,Lab. de telecomunicações,NPEF/NEPA,50:C7:BF:EF:56:8A,-96,3
22/04/2026,07:28:45,23,Lab. de telecomunicações,APTelefonia,58:10:8C:91:F3:AA,-64,1
22/04/2026,07:28:45,23,Lab. de telecomunicações,IFPB-Sala_Professor_14,24:FD:0D:57:19:26,-64,5
22/04/2026,07:28:45,23,Lab. de telecomunicações,TP-Link_C3CB,D8:0D:17:3E:C3:CB,-66,4
22/04/2026,07:28:45,23,Lab. de telecomunicações,Intelbras,18:0D:2C:7F:EB:AC,-66,7
22/04/2026,07:28:45,23,Lab. de telecomunicações,IFPB TCC,D8:5D:4C:86:7E:66,-67,1
22/04/2026,07:28:45,23,Lab. de telecomunicações,Lab. de Sinais Digitais,18:D6:C7:F9:37:2F,-70,11
22/04/2026,07:28:45,23,Lab. de telecomunicações,TP-Link_1324,7C:F1:7E:8D:13:22,-73,10
22/04/2026,07:28:45,23,Lab. de telecomunicações,IFPB-Sala_Professor_14,48:51:CF:81:B0:9E,-75,3
22/04/2026,07:28:45,23,Lab. de telecomunicações,IFPB-VISITANTE,84:F1:47:54:7F:22,-75,11
22/04/2026,07:28:45,23,Lab. de telecomunicações,IFPB,84:F1:47:54:7F:20,-76,11
22/04/2026,07:28:45,23,Lab. de telecomunicações,IFPB,84:F1:47:54:FD:C0,-79,1
22/04/2026,07:28:45,23,Lab. de telecomunicações,IFPB-VISITANTE,84:F1:47:54:FD:C2,-80,1
22/04/2026,07:28:45,23,Lab. de telecomunicações,IFPB,84:F1:47:54:96:E0,-82,1
22/04/2026,07:28:45,23,Lab. de telecomunicações,IFPB-VISITANTE,84:F1:47:54:96:E2,-82,1
22/04/2026,07:28:45,23,Lab. de telecomunicações,SALA_MESTRADO,64:66:B3:62:EB:86,-83,1
22/04/2026,07:28:45,23,Lab. de telecomunicações,IFPB,84:F1:47:54:71:00,-83,1
22/04/2026,07:28:45,23,Lab. de telecomunicações,IFPB-VISITANTE,84:F1:47:54:71:02,-83,1
22/04/2026,07:28:45,23,Lab. de telecomunicações,GPDS,00:26:5A:66:55:EF,-83,6
22/04/2026,07:28:45,23,Lab. de telecomunicações,IFPB-Sala_13,E8:94:F6:B9:2F:46,-84,6
22/04/2026,07:28:45,23,Lab. de telecomunicações,NUNYA_Room_2.4GHz,CC:32:E5:0C:FC:2B,-84,9
22/04/2026,07:28:45,23,Lab. de telecomunicações,IFPB-VISITANTE,E4:4E:2D:85:4C:62,-84,11
22/04/2026,07:28:45,23,Lab. de telecomunicações,IFPB,E4:4E:2D:85:4C:60,-84,11
22/04/2026,07:28:45,23,Lab. de telecomunicações,IFPB-VISITANTE,84:F1:47:54:F9:82,-86,11
22/04/2026,07:28:45,23,Lab. de telecomunicações,IFPB-VISITANTE,84:F1:47:54:95:E2,-86,11
22/04/2026,07:28:45,23,Lab. de telecomunicações,IFPB,84:F1:47:54:F9:80,-86,11
22/04/2026,07:28:45,23,Lab. de telecomunicações,IFPB,84:F1:47:54:95:E0,-86,11
22/04/2026,07:28:45,23,Lab. de telecomunicações,UA2-MiniLab,60:32:B1:2D:66:C3,-88,10
22/04/2026,07:28:45,23,Lab. de telecomunicações,Lab Redes Convergentes,64:70:02:99:FE:F4,-92,1
22/04/2026,07:28:55,24,Lab. de telecomunicações,APTelefonia,58:10:8C:91:F3:AA,-63,1
22/04/2026,07:28:55,24,Lab. de telecomunicações,IFPB-Sala_Professor_14,24:FD:0D:57:19:26,-65,5
22/04/2026,07:28:55,24,Lab. de telecomunicações,TP-Link_C3CB,D8:0D:17:3E:C3:CB,-66,4
22/04/2026,07:28:55,24,Lab. de telecomunicações,Intelbras,18:0D:2C:7F:EB:AC,-67,7
22/04/2026,07:28:55,24,Lab. de telecomunicações,IFPB TCC,D8:5D:4C:86:7E:66,-68,1
22/04/2026,07:28:55,24,Lab. de telecomunicações,Lab. de Sinais Digitais,18:D6:C7:F9:37:2F,-72,11
22/04/2026,07:28:55,24,Lab. de telecomunicações,IFPB,84:F1:47:54:7F:20,-75,11
22/04/2026,07:28:55,24,Lab. de telecomunicações,IFPB-VISITANTE,84:F1:47:54:7F:22,-75,11
22/04/2026,07:28:55,24,Lab. de telecomunicações,IFPB-Sala_Professor_14,48:51:CF:81:B0:9E,-78,3
22/04/2026,07:28:55,24,Lab. de telecomunicações,IFPB,84:F1:47:54:96:E0,-79,1
22/04/2026,07:28:55,24,Lab. de telecomunicações,IFPB-VISITANTE,84:F1:47:54:96:E2,-79,1
22/04/2026,07:28:55,24,Lab. de telecomunicações,GPDS,00:26:5A:66:55:EF,-79,6
22/04/2026,07:28:55,24,Lab. de telecomunicações,TP-Link_1324,7C:F1:7E:8D:13:22,-80,10
22/04/2026,07:28:55,24,Lab. de telecomunicações,IFPB-VISITANTE,84:F1:47:54:FD:C2,-82,1
22/04/2026,07:28:55,24,Lab. de telecomunicações,IFPB,84:F1:47:54:FD:C0,-82,1
22/04/2026,07:28:55,24,Lab. de telecomunicações,IFPB-VISITANTE,84:F1:47:54:71:02,-84,1
22/04/2026,07:28:55,24,Lab. de telecomunicações,IFPB-Sala_13,E8:94:F6:B9:2F:46,-84,6
22/04/2026,07:28:55,24,Lab. de telecomunicações,UA2-MiniLab,60:32:B1:2D:66:C3,-84,10
22/04/2026,07:28:55,24,Lab. de telecomunicações,IFPB,84:F1:47:54:71:00,-85,1
22/04/2026,07:28:55,24,Lab. de telecomunicações,NUNYA_Room_2.4GHz,CC:32:E5:0C:FC:2B,-85,9
22/04/2026,07:28:55,24,Lab. de telecomunicações,IFPB-VISITANTE,E4:4E:2D:85:4C:62,-85,11
22/04/2026,07:28:55,24,Lab. de telecomunicações,IFPB,84:F1:47:54:F9:80,-86,11
22/04/2026,07:28:55,24,Lab. de telecomunicações,IFPB-VISITANTE,84:F1:47:54:F9:82,-86,11
22/04/2026,07:28:55,24,Lab. de telecomunicações,IFPB-VISITANTE,84:F1:47:54:95:E2,-86,11
22/04/2026,07:28:55,24,Lab. de telecomunicações,IFPB,E4:4E:2D:85:4C:60,-86,11
22/04/2026,07:28:55,24,Lab. de telecomunicações,IFPB,84:F1:47:54:95:E0,-87,11
22/04/2026,07:28:55,24,Lab. de telecomunicações,SALA_MESTRADO,64:66:B3:62:EB:86,-88,1
22/04/2026,07:28:55,24,Lab. de telecomunicações,Lab Redes Convergentes,64:70:02:99:FE:F4,-92,1
22/04/2026,07:29:05,25,Lab. de telecomunicações,IFPB-Sala_Professor_14,24:FD:0D:57:19:26,-62,5
22/04/2026,07:29:05,25,Lab. de telecomunicações,APTelefonia,58:10:8C:91:F3:AA,-63,1
22/04/2026,07:29:05,25,Lab. de telecomunicações,TP-Link_C3CB,D8:0D:17:3E:C3:CB,-66,4
22/04/2026,07:29:05,25,Lab. de telecomunicações,Intelbras,18:0D:2C:7F:EB:AC,-66,7
22/04/2026,07:29:05,25,Lab. de telecomunicações,IFPB TCC,D8:5D:4C:86:7E:66,-68,1
22/04/2026,07:29:05,25,Lab. de telecomunicações,IFPB,84:F1:47:54:7F:20,-71,11
22/04/2026,07:29:05,25,Lab. de telecomunicações,IFPB-VISITANTE,84:F1:47:54:7F:22,-71,11
22/04/2026,07:29:05,25,Lab. de telecomunicações,Lab. de Sinais Digitais,18:D6:C7:F9:37:2F,-72,11
22/04/2026,07:29:05,25,Lab. de telecomunicações,TP-Link_1324,7C:F1:7E:8D:13:22,-75,10
22/04/2026,07:29:05,25,Lab. de telecomunicações,IFPB-Sala_Professor_14,48:51:CF:81:B0:9E,-76,3
22/04/2026,07:29:05,25,Lab. de telecomunicações,IFPB,84:F1:47:54:FD:C0,-79,1
22/04/2026,07:29:05,25,Lab. de telecomunicações,IFPB-VISITANTE,84:F1:47:54:FD:C2,-79,1
22/04/2026,07:29:05,25,Lab. de telecomunicações,GPDS,00:26:5A:66:55:EF,-79,6
22/04/2026,07:29:05,25,Lab. de telecomunicações,IFPB,84:F1:47:54:96:E0,-80,1
22/04/2026,07:29:05,25,Lab. de telecomunicações,IFPB-VISITANTE,84:F1:47:54:96:E2,-80,1
22/04/2026,07:29:05,25,Lab. de telecomunicações,IFPB-Sala_13,E8:94:F6:B9:2F:46,-81,6
22/04/2026,07:29:05,25,Lab. de telecomunicações,IFPB,84:F1:47:54:71:00,-83,1
22/04/2026,07:29:05,25,Lab. de telecomunicações,IFPB-VISITANTE,84:F1:47:54:71:02,-83,1
22/04/2026,07:29:05,25,Lab. de telecomunicações,SALA_MESTRADO,64:66:B3:62:EB:86,-84,1
22/04/2026,07:29:05,25,Lab. de telecomunicações,NUNYA_Room_2.4GHz,CC:32:E5:0C:FC:2B,-84,9
22/04/2026,07:29:05,25,Lab. de telecomunicações,UA2-MiniLab,60:32:B1:2D:66:C3,-85,10
22/04/2026,07:29:05,25,Lab. de telecomunicações,IFPB,E4:4E:2D:85:4C:60,-85,11
22/04/2026,07:29:05,25,Lab. de telecomunicações,IFPB-VISITANTE,E4:4E:2D:85:4C:62,-86,11
22/04/2026,07:29:05,25,Lab. de telecomunicações,IFPB-VISITANTE,84:F1:47:54:95:E2,-88,11
22/04/2026,07:29:05,25,Lab. de telecomunicações,IFPB,84:F1:47:54:95:E0,-89,11
22/04/2026,07:29:05,25,Lab. de telecomunicações,Lab Redes Convergentes,64:70:02:99:FE:F4,-94,1
22/04/2026,07:29:15,26,Lab. de telecomunicações,IFPB-Sala_Professor_14,24:FD:0D:57:19:26,-62,5
22/04/2026,07:29:15,26,Lab. de telecomunicações,APTelefonia,58:10:8C:91:F3:AA,-63,1
22/04/2026,07:29:15,26,Lab. de telecomunicações,TP-Link_C3CB,D8:0D:17:3E:C3:CB,-66,4
22/04/2026,07:29:15,26,Lab. de telecomunicações,IFPB TCC,D8:5D:4C:86:7E:66,-67,1
22/04/2026,07:29:15,26,Lab. de telecomunicações,Intelbras,18:0D:2C:7F:EB:AC,-67,7
22/04/2026,07:29:15,26,Lab. de telecomunicações,TP-Link_1324,7C:F1:7E:8D:13:22,-68,10
22/04/2026,07:29:15,26,Lab. de telecomunicações,IFPB,84:F1:47:54:7F:20,-73,11
22/04/2026,07:29:15,26,Lab. de telecomunicações,IFPB-VISITANTE,84:F1:47:54:7F:22,-73,11
22/04/2026,07:29:15,26,Lab. de telecomunicações,IFPB-VISITANTE,84:F1:47:54:FD:C2,-77,1
22/04/2026,07:29:15,26,Lab. de telecomunicações,IFPB,84:F1:47:54:FD:C0,-77,1
22/04/2026,07:29:15,26,Lab. de telecomunicações,IFPB-Sala_Professor_14,48:51:CF:81:B0:9E,-79,3
22/04/2026,07:29:15,26,Lab. de telecomunicações,Lab. de Sinais Digitais,18:D6:C7:F9:37:2F,-79,11
22/04/2026,07:29:15,26,Lab. de telecomunicações,IFPB-VISITANTE,84:F1:47:54:96:E2,-80,1
22/04/2026,07:29:15,26,Lab. de telecomunicações,GPDS,00:26:5A:66:55:EF,-80,6
22/04/2026,07:29:15,26,Lab. de telecomunicações,IFPB,84:F1:47:54:96:E0,-81,1
22/04/2026,07:29:15,26,Lab. de telecomunicações,SALA_MESTRADO,64:66:B3:62:EB:86,-82,1
22/04/2026,07:29:16,26,Lab. de telecomunicações,IFPB,E4:4E:2D:85:4C:60,-83,11
22/04/2026,07:29:16,26,Lab. de telecomunicações,IFPB-VISITANTE,E4:4E:2D:85:4C:62,-84,11
22/04/2026,07:29:16,26,Lab. de telecomunicações,IFPB,84:F1:47:54:71:00,-85,1
22/04/2026,07:29:16,26,Lab. de telecomunicações,IFPB-VISITANTE,84:F1:47:54:71:02,-85,1
22/04/2026,07:29:16,26,Lab. de telecomunicações,IFPB-Sala_13,E8:94:F6:B9:2F:46,-85,6
22/04/2026,07:29:16,26,Lab. de telecomunicações,UA2-MiniLab,60:32:B1:2D:66:C3,-86,10
22/04/2026,07:29:16,26,Lab. de telecomunicações,IFPB-VISITANTE,84:F1:47:54:95:E2,-86,11
22/04/2026,07:29:16,26,Lab. de telecomunicações,IFPB,84:F1:47:54:95:E0,-87,11
22/04/2026,07:29:16,26,Lab. de telecomunicações,NUNYA_Room_2.4GHz,CC:32:E5:0C:FC:2B,-89,9
22/04/2026,07:29:16,26,Lab. de telecomunicações,IFPB,84:F1:47:54:F9:80,-90,11
22/04/2026,07:29:16,26,Lab. de telecomunicações,IFPB-VISITANTE,84:F1:47:54:F9:82,-91,11
22/04/2026,07:29:25,27,Lab. de telecomunicações,IFPB-Sala_Professor_14,24:FD:0D:57:19:26,-61,5
22/04/2026,07:29:25,27,Lab. de telecomunicações,APTelefonia,58:10:8C:91:F3:AA,-63,1
22/04/2026,07:29:25,27,Lab. de telecomunicações,TP-Link_C3CB,D8:0D:17:3E:C3:CB,-66,4
22/04/2026,07:29:25,27,Lab. de telecomunicações,TP-Link_1324,7C:F1:7E:8D:13:22,-67,10
22/04/2026,07:29:25,27,Lab. de telecomunicações,Intelbras,18:0D:2C:7F:EB:AC,-68,7
22/04/2026,07:29:25,27,Lab. de telecomunicações,IFPB TCC,D8:5D:4C:86:7E:66,-70,1
22/04/2026,07:29:25,27,Lab. de telecomunicações,IFPB-Sala_Professor_14,48:51:CF:81:B0:9E,-74,3
22/04/2026,07:29:25,27,Lab. de telecomunicações,IFPB,84:F1:47:54:7F:20,-75,11
22/04/2026,07:29:25,27,Lab. de telecomunicações,IFPB-VISITANTE,84:F1:47:54:7F:22,-75,11
22/04/2026,07:29:25,27,Lab. de telecomunicações,IFPB,84:F1:47:54:FD:C0,-77,1
22/04/2026,07:29:25,27,Lab. de telecomunicações,IFPB-VISITANTE,84:F1:47:54:FD:C2,-77,1
22/04/2026,07:29:26,27,Lab. de telecomunicações,SALA_MESTRADO,64:66:B3:62:EB:86,-82,1
22/04/2026,07:29:26,27,Lab. de telecomunicações,IFPB-VISITANTE,84:F1:47:54:96:E2,-83,1
22/04/2026,07:29:26,27,Lab. de telecomunicações,IFPB,84:F1:47:54:96:E0,-83,1
22/04/2026,07:29:26,27,Lab. de telecomunicações,Lab. de Sinais Digitais,18:D6:C7:F9:37:2F,-83,11
22/04/2026,07:29:26,27,Lab. de telecomunicações,GPDS,00:26:5A:66:55:EF,-84,6
22/04/2026,07:29:26,27,Lab. de telecomunicações,IFPB,E4:4E:2D:85:4C:60,-84,11
22/04/2026,07:29:26,27,Lab. de telecomunicações,IFPB-VISITANTE,84:F1:47:54:71:02,-85,1
22/04/2026,07:29:26,27,Lab. de telecomunicações,IFPB-VISITANTE,E4:4E:2D:85:4C:62,-85,11
22/04/2026,07:29:26,27,Lab. de telecomunicações,IFPB-VISITANTE,84:F1:47:54:95:E2,-85,11
22/04/2026,07:29:26,27,Lab. de telecomunicações,IFPB,84:F1:47:54:71:00,-86,1
22/04/2026,07:29:26,27,Lab. de telecomunicações,IFPB-Sala_13,E8:94:F6:B9:2F:46,-87,6
22/04/2026,07:29:26,27,Lab. de telecomunicações,NUNYA_Room_2.4GHz,CC:32:E5:0C:FC:2B,-87,9
22/04/2026,07:29:26,27,Lab. de telecomunicações,IFPB-VISITANTE,84:F1:47:54:F9:82,-87,11
22/04/2026,07:29:26,27,Lab. de telecomunicações,IFPB,84:F1:47:54:95:E0,-87,11
22/04/2026,07:29:26,27,Lab. de telecomunicações,UA2-MiniLab,60:32:B1:2D:66:C3,-88,10
22/04/2026,07:29:26,27,Lab. de telecomunicações,IFPB,84:F1:47:54:F9:80,-88,11
22/04/2026,07:29:26,27,Lab. de telecomunicações,LIMPEZA,54:E6:FC:CF:22:DE,-93,6
22/04/2026,07:29:35,28,Lab. de telecomunicações,IFPB-Sala_Professor_14,24:FD:0D:57:19:26,-62,5
22/04/2026,07:29:35,28,Lab. de telecomunicações,APTelefonia,58:10:8C:91:F3:AA,-63,1
22/04/2026,07:29:35,28,Lab. de telecomunicações,TP-Link_C3CB,D8:0D:17:3E:C3:CB,-66,4
22/04/2026,07:29:35,28,Lab. de telecomunicações,Intelbras,18:0D:2C:7F:EB:AC,-66,7
22/04/2026,07:29:35,28,Lab. de telecomunicações,IFPB TCC,D8:5D:4C:86:7E:66,-69,1
22/04/2026,07:29:36,28,Lab. de telecomunicações,TP-Link_1324,7C:F1:7E:8D:13:22,-69,10
22/04/2026,07:29:36,28,Lab. de telecomunicações,IFPB,84:F1:47:54:7F:20,-72,11
22/04/2026,07:29:36,28,Lab. de telecomunicações,IFPB-VISITANTE,84:F1:47:54:7F:22,-72,11
22/04/2026,07:29:36,28,Lab. de telecomunicações,IFPB-Sala_Professor_14,48:51:CF:81:B0:9E,-74,3
22/04/2026,07:29:36,28,Lab. de telecomunicações,IFPB-VISITANTE,84:F1:47:54:FD:C2,-78,1
22/04/2026,07:29:36,28,Lab. de telecomunicações,IFPB,84:F1:47:54:FD:C0,-79,1
22/04/2026,07:29:36,28,Lab. de telecomunicações,SALA_MESTRADO,64:66:B3:62:EB:86,-80,1
22/04/2026,07:29:36,28,Lab. de telecomunicações,Lab. de Sinais Digitais,18:D6:C7:F9:37:2F,-80,11
22/04/2026,07:29:36,28,Lab. de telecomunicações,IFPB,84:F1:47:54:96:E0,-81,1
22/04/2026,07:29:36,28,Lab. de telecomunicações,IFPB-VISITANTE,84:F1:47:54:96:E2,-82,1
22/04/2026,07:29:36,28,Lab. de telecomunicações,GPDS,00:26:5A:66:55:EF,-82,6
22/04/2026,07:29:36,28,Lab. de telecomunicações,IFPB-Sala_13,E8:94:F6:B9:2F:46,-83,6
22/04/2026,07:29:36,28,Lab. de telecomunicações,IFPB,84:F1:47:54:71:00,-85,1
22/04/2026,07:29:36,28,Lab. de telecomunicações,IFPB-VISITANTE,84:F1:47:54:71:02,-85,1
22/04/2026,07:29:36,28,Lab. de telecomunicações,UA2-MiniLab,60:32:B1:2D:66:C3,-86,10
22/04/2026,07:29:36,28,Lab. de telecomunicações,IFPB,84:F1:47:54:F9:80,-87,11
22/04/2026,07:29:36,28,Lab. de telecomunicações,IFPB-VISITANTE,E4:4E:2D:85:4C:62,-87,11
22/04/2026,07:29:36,28,Lab. de telecomunicações,IFPB-VISITANTE,84:F1:47:54:F9:82,-88,11
22/04/2026,07:29:36,28,Lab. de telecomunicações,IFPB-VISITANTE,B8:11:4B:1D:1E:42,-89,6
22/04/2026,07:29:36,28,Lab. de telecomunicações,NUNYA_Room_2.4GHz,CC:32:E5:0C:FC:2B,-89,9
22/04/2026,07:29:36,28,Lab. de telecomunicações,IFPB,E4:4E:2D:85:4C:60,-89,11
22/04/2026,07:29:36,28,Lab. de telecomunicações,LIMPEZA,54:E6:FC:CF:22:DE,-92,6
22/04/2026,07:29:46,29,Lab. de telecomunicações,IFPB-Sala_Professor_14,24:FD:0D:57:19:26,-62,5
22/04/2026,07:29:46,29,Lab. de telecomunicações,APTelefonia,58:10:8C:91:F3:AA,-63,1
22/04/2026,07:29:46,29,Lab. de telecomunicações,TP-Link_C3CB,D8:0D:17:3E:C3:CB,-65,4
22/04/2026,07:29:46,29,Lab. de telecomunicações,IFPB TCC,D8:5D:4C:86:7E:66,-67,1
22/04/2026,07:29:46,29,Lab. de telecomunicações,Intelbras,18:0D:2C:7F:EB:AC,-67,7
22/04/2026,07:29:46,29,Lab. de telecomunicações,TP-Link_1324,7C:F1:7E:8D:13:22,-69,10
22/04/2026,07:29:46,29,Lab. de telecomunicações,IFPB,84:F1:47:54:7F:20,-72,11
22/04/2026,07:29:46,29,Lab. de telecomunicações,IFPB-VISITANTE,84:F1:47:54:7F:22,-72,11
22/04/2026,07:29:46,29,Lab. de telecomunicações,Lab. de Sinais Digitais,18:D6:C7:F9:37:2F,-74,11
22/04/2026,07:29:46,29,Lab. de telecomunicações,IFPB-Sala_Professor_14,48:51:CF:81:B0:9E,-75,3
22/04/2026,07:29:46,29,Lab. de telecomunicações,IFPB,84:F1:47:54:FD:C0,-77,1
22/04/2026,07:29:46,29,Lab. de telecomunicações,IFPB-VISITANTE,84:F1:47:54:FD:C2,-77,1
22/04/2026,07:29:46,29,Lab. de telecomunicações,SALA_MESTRADO,64:66:B3:62:EB:86,-81,1
22/04/2026,07:29:46,29,Lab. de telecomunicações,UA2-MiniLab,60:32:B1:2D:66:C3,-83,10
22/04/2026,07:29:46,29,Lab. de telecomunicações,GPDS,00:26:5A:66:55:EF,-84,6
22/04/2026,07:29:46,29,Lab. de telecomunicações,IFPB,84:F1:47:54:71:00,-85,1
22/04/2026,07:29:46,29,Lab. de telecomunicações,IFPB-VISITANTE,84:F1:47:54:71:02,-85,1
22/04/2026,07:29:46,29,Lab. de telecomunicações,NUNYA_Room_2.4GHz,CC:32:E5:0C:FC:2B,-86,9
22/04/2026,07:29:46,29,Lab. de telecomunicações,IFPB,84:F1:47:54:96:E0,-87,1
22/04/2026,07:29:46,29,Lab. de telecomunicações,IFPB-Sala_13,E8:94:F6:B9:2F:46,-87,6
22/04/2026,07:29:46,29,Lab. de telecomunicações,IFPB-VISITANTE,84:F1:47:54:96:E2,-88,1
22/04/2026,07:29:46,29,Lab. de telecomunicações,IFPB,E4:4E:2D:85:4C:60,-88,11
22/04/2026,07:29:46,29,Lab. de telecomunicações,IFPB,84:F1:47:54:F9:80,-88,11
22/04/2026,07:29:46,29,Lab. de telecomunicações,IFPB-VISITANTE,E4:4E:2D:85:4C:62,-89,11
22/04/2026,07:29:46,29,Lab. de telecomunicações,LIMPEZA,54:E6:FC:CF:22:DE,-92,6
22/04/2026,07:29:56,30,Lab. de telecomunicações,IFPB-Sala_Professor_14,24:FD:0D:57:19:26,-61,5
22/04/2026,07:29:56,30,Lab. de telecomunicações,APTelefonia,58:10:8C:91:F3:AA,-64,1
22/04/2026,07:29:56,30,Lab. de telecomunicações,Intelbras,18:0D:2C:7F:EB:AC,-65,7
22/04/2026,07:29:56,30,Lab. de telecomunicações,TP-Link_C3CB,D8:0D:17:3E:C3:CB,-67,4
22/04/2026,07:29:56,30,Lab. de telecomunicações,IFPB TCC,D8:5D:4C:86:7E:66,-68,1
22/04/2026,07:29:56,30,Lab. de telecomunicações,TP-Link_1324,7C:F1:7E:8D:13:22,-71,10
22/04/2026,07:29:56,30,Lab. de telecomunicações,IFPB-Sala_Professor_14,48:51:CF:81:B0:9E,-73,3
22/04/2026,07:29:56,30,Lab. de telecomunicações,IFPB,84:F1:47:54:7F:20,-73,11
22/04/2026,07:29:56,30,Lab. de telecomunicações,IFPB-VISITANTE,84:F1:47:54:7F:22,-73,11
22/04/2026,07:29:56,30,Lab. de telecomunicações,Lab. de Sinais Digitais,18:D6:C7:F9:37:2F,-74,11
22/04/2026,07:29:56,30,Lab. de telecomunicações,IFPB-VISITANTE,84:F1:47:54:FD:C2,-78,1
22/04/2026,07:29:56,30,Lab. de telecomunicações,IFPB,84:F1:47:54:FD:C0,-78,1
22/04/2026,07:29:56,30,Lab. de telecomunicações,SALA_MESTRADO,64:66:B3:62:EB:86,-82,1
22/04/2026,07:29:56,30,Lab. de telecomunicações,IFPB-Sala_13,E8:94:F6:B9:2F:46,-83,6
22/04/2026,07:29:56,30,Lab. de telecomunicações,GPDS,00:26:5A:66:55:EF,-83,6
22/04/2026,07:29:56,30,Lab. de telecomunicações,UA2-MiniLab,60:32:B1:2D:66:C3,-83,10
22/04/2026,07:29:56,30,Lab. de telecomunicações,IFPB-VISITANTE,E4:4E:2D:85:4C:62,-83,11
22/04/2026,07:29:56,30,Lab. de telecomunicações,IFPB,84:F1:47:54:71:00,-84,1
22/04/2026,07:29:56,30,Lab. de telecomunicações,IFPB-VISITANTE,84:F1:47:54:71:02,-85,1
22/04/2026,07:29:56,30,Lab. de telecomunicações,IFPB,E4:4E:2D:85:4C:60,-85,11
22/04/2026,07:29:56,30,Lab. de telecomunicações,NUNYA_Room_2.4GHz,CC:32:E5:0C:FC:2B,-86,9
22/04/2026,07:29:56,30,Lab. de telecomunicações,IFPB,84:F1:47:54:95:E0,-86,11
22/04/2026,07:29:56,30,Lab. de telecomunicações,IFPB-VISITANTE,84:F1:47:54:95:E2,-86,11
22/04/2026,07:29:56,30,Lab. de telecomunicações,IFPB,84:F1:47:54:96:E0,-87,1
22/04/2026,07:29:56,30,Lab. de telecomunicações,IFPB-VISITANTE,84:F1:47:54:96:E2,-87,1
22/04/2026,07:29:56,30,Lab. de telecomunicações,IFPB,2C:57:41:D4:69:C0,-87,1
22/04/2026,07:29:56,30,Lab. de telecomunicações,IFPB-VISITANTE,2C:57:41:D4:69:C2,-87,1
22/04/2026,07:29:56,30,Lab. de telecomunicações,IFPB-VISITANTE,84:F1:47:54:F9:82,-88,11
22/04/2026,07:29:56,30,Lab. de telecomunicações,IFPB-VISITANTE,B8:11:4B:1D:1E:42,-90,6
22/04/2026,07:29:56,30,Lab. de telecomunicações,LIMPEZA,54:E6:FC:CF:22:DE,-91,6
22/04/2026,07:29:56,30,Lab. de telecomunicações,IFPB,B8:11:4B:1D:1E:40,-92,6
22/04/2026,07:30:24,31,PET Eng. Elétrica,TP-Link_C3CB,D8:0D:17:3E:C3:CB,-54,4
22/04/2026,07:30:24,31,PET Eng. Elétrica,APTelefonia,58:10:8C:91:F3:AA,-59,1
22/04/2026,07:30:24,31,PET Eng. Elétrica,IFPB-Sala_Professor_14,48:51:CF:81:B0:9E,-65,3
22/04/2026,07:30:24,31,PET Eng. Elétrica,Intelbras,18:0D:2C:7F:EB:AC,-69,7
22/04/2026,07:30:24,31,PET Eng. Elétrica,GPDS,00:26:5A:66:55:EF,-72,6
22/04/2026,07:30:24,31,PET Eng. Elétrica,IFPB-Sala_13,E8:94:F6:B9:2F:46,-72,6
22/04/2026,07:30:24,31,PET Eng. Elétrica,IFPB-Sala_Professor_14,24:FD:0D:57:19:26,-75,5
22/04/2026,07:30:24,31,PET Eng. Elétrica,IFPB,84:F1:47:54:95:E0,-76,11
22/04/2026,07:30:24,31,PET Eng. Elétrica,IFPB-VISITANTE,84:F1:47:54:95:E2,-76,11
22/04/2026,07:30:24,31,PET Eng. Elétrica,TP-Link_1324,7C:F1:7E:8D:13:22,-77,10
22/04/2026,07:30:24,31,PET Eng. Elétrica,IFPB TCC,D8:5D:4C:86:7E:66,-78,1
22/04/2026,07:30:24,31,PET Eng. Elétrica,UA2-MiniLab,60:32:B1:2D:66:C3,-78,10
22/04/2026,07:30:24,31,PET Eng. Elétrica,Lab. de Sinais Digitais,18:D6:C7:F9:37:2F,-78,11
22/04/2026,07:30:24,31,PET Eng. Elétrica,IFPB,84:F1:47:54:96:E0,-79,1
22/04/2026,07:30:24,31,PET Eng. Elétrica,IFPB-VISITANTE,84:F1:47:54:96:E2,-80,1
22/04/2026,07:30:25,31,PET Eng. Elétrica,NUNYA_Room_2.4GHz,CC:32:E5:0C:FC:2B,-80,9
22/04/2026,07:30:25,31,PET Eng. Elétrica,IFPB-VISITANTE,E4:4E:2D:85:4C:62,-80,11
22/04/2026,07:30:25,31,PET Eng. Elétrica,IFPB,E4:4E:2D:85:4C:60,-81,11
22/04/2026,07:30:25,31,PET Eng. Elétrica,IFPB,84:F1:47:54:FD:C0,-82,1
22/04/2026,07:30:25,31,PET Eng. Elétrica,IFPB,84:F1:47:54:F9:80,-82,11
22/04/2026,07:30:25,31,PET Eng. Elétrica,IFPB-VISITANTE,84:F1:47:54:F9:82,-82,11
22/04/2026,07:30:25,31,PET Eng. Elétrica,IFPB-VISITANTE,84:F1:47:54:FD:C2,-83,1
22/04/2026,07:30:25,31,PET Eng. Elétrica,SALA_MESTRADO,64:66:B3:62:EB:86,-85,1
22/04/2026,07:30:25,31,PET Eng. Elétrica,IFPB-VISITANTE,B8:11:4B:1D:14:82,-85,6
22/04/2026,07:30:25,31,PET Eng. Elétrica,IFPB,B8:11:4B:1D:14:80,-86,6
22/04/2026,07:30:25,31,PET Eng. Elétrica,IFPB-VISITANTE,84:F1:47:54:7F:22,-86,11
22/04/2026,07:30:25,31,PET Eng. Elétrica,IFPB,84:F1:47:54:7F:20,-87,11
22/04/2026,07:30:25,31,PET Eng. Elétrica,IFPB-VISITANTE,84:F1:47:54:71:02,-88,1
22/04/2026,07:30:25,31,PET Eng. Elétrica,IFPB,84:F1:47:54:71:00,-88,1
22/04/2026,07:30:25,31,PET Eng. Elétrica,IFPB-VISITANTE,B8:11:4B:1D:1E:42,-89,6
22/04/2026,07:30:25,31,PET Eng. Elétrica,Lab Redes Convergentes,64:70:02:99:FE:F4,-90,1
22/04/2026,07:30:34,32,PET Eng. Elétrica,Lab. de Sinais Digitais,18:D6:C7:F9:37:2F,-55,11
22/04/2026,07:30:34,32,PET Eng. Elétrica,IFPB-Sala_Professor_14,24:FD:0D:57:19:26,-61,5
22/04/2026,07:30:34,32,PET Eng. Elétrica,APTelefonia,58:10:8C:91:F3:AA,-63,1
22/04/2026,07:30:34,32,PET Eng. Elétrica,TP-Link_C3CB,D8:0D:17:3E:C3:CB,-67,4
22/04/2026,07:30:34,32,PET Eng. Elétrica,Intelbras,18:0D:2C:7F:EB:AC,-68,7
22/04/2026,07:30:34,32,PET Eng. Elétrica,GPDS,00:26:5A:66:55:EF,-69,6
22/04/2026,07:30:34,32,PET Eng. Elétrica,IFPB-Sala_Professor_14,48:51:CF:81:B0:9E,-70,3
22/04/2026,07:30:34,32,PET Eng. Elétrica,TP-Link_1324,7C:F1:7E:8D:13:22,-73,10
22/04/2026,07:30:34,32,PET Eng. Elétrica,IFPB-VISITANTE,84:F1:47:54:FD:C2,-75,1
22/04/2026,07:30:34,32,PET Eng. Elétrica,IFPB TCC,D8:5D:4C:86:7E:66,-75,1
22/04/2026,07:30:35,32,PET Eng. Elétrica,IFPB-Sala_13,E8:94:F6:B9:2F:46,-75,6
22/04/2026,07:30:35,32,PET Eng. Elétrica,IFPB,84:F1:47:54:FD:C0,-76,1
22/04/2026,07:30:35,32,PET Eng. Elétrica,IFPB-VISITANTE,84:F1:47:54:96:E2,-77,1
22/04/2026,07:30:35,32,PET Eng. Elétrica,IFPB,84:F1:47:54:96:E0,-78,1
22/04/2026,07:30:35,32,PET Eng. Elétrica,NUNYA_Room_2.4GHz,CC:32:E5:0C:FC:2B,-78,9
22/04/2026,07:30:35,32,PET Eng. Elétrica,UA2-MiniLab,60:32:B1:2D:66:C3,-78,10
22/04/2026,07:30:35,32,PET Eng. Elétrica,IFPB,84:F1:47:54:95:E0,-80,11
22/04/2026,07:30:35,32,PET Eng. Elétrica,IFPB-VISITANTE,84:F1:47:54:95:E2,-81,11
22/04/2026,07:30:35,32,PET Eng. Elétrica,IFPB-VISITANTE,84:F1:47:54:F9:82,-82,11
22/04/2026,07:30:35,32,PET Eng. Elétrica,IFPB,84:F1:47:54:F9:80,-83,11
22/04/2026,07:30:35,32,PET Eng. Elétrica,IFPB,E4:4E:2D:85:4C:60,-83,11
22/04/2026,07:30:35,32,PET Eng. Elétrica,SALA_MESTRADO,64:66:B3:62:EB:86,-84,1
22/04/2026,07:30:35,32,PET Eng. Elétrica,IFPB-VISITANTE,E4:4E:2D:85:4C:62,-85,11
22/04/2026,07:30:35,32,PET Eng. Elétrica,IFPB,84:F1:47:54:71:00,-88,1
22/04/2026,07:30:35,32,PET Eng. Elétrica,IFPB,B8:11:4B:1D:1E:40,-88,6
22/04/2026,07:30:35,32,PET Eng. Elétrica,IFPB-VISITANTE,B8:11:4B:1D:1E:42,-89,6
22/04/2026,07:30:35,32,PET Eng. Elétrica,IFPB-VISITANTE,2C:57:41:D4:69:C2,-90,1
22/04/2026,07:30:35,32,PET Eng. Elétrica,NPEF/NEPA,50:C7:BF:EF:56:8A,-91,3
22/04/2026,07:30:35,32,PET Eng. Elétrica,Lab Redes Convergentes,64:70:02:99:FE:F4,-93,1
22/04/2026,07:30:45,33,PET Eng. Elétrica,Lab. de Sinais Digitais,18:D6:C7:F9:37:2F,-58,11
22/04/2026,07:30:45,33,PET Eng. Elétrica,APTelefonia,58:10:8C:91:F3:AA,-61,1
22/04/2026,07:30:45,33,PET Eng. Elétrica,GPDS,00:26:5A:66:55:EF,-64,6
22/04/2026,07:30:45,33,PET Eng. Elétrica,IFPB-Sala_Professor_14,48:51:CF:81:B0:9E,-66,3
22/04/2026,07:30:45,33,PET Eng. Elétrica,IFPB-Sala_Professor_14,24:FD:0D:57:19:26,-67,5
22/04/2026,07:30:45,33,PET Eng. Elétrica,IFPB-Sala_13,E8:94:F6:B9:2F:46,-71,6
22/04/2026,07:30:45,33,PET Eng. Elétrica,IFPB,84:F1:47:54:FD:C0,-72,1
22/04/2026,07:30:45,33,PET Eng. Elétrica,IFPB-VISITANTE,84:F1:47:54:FD:C2,-72,1
22/04/2026,07:30:45,33,PET Eng. Elétrica,TP-Link_C3CB,D8:0D:17:3E:C3:CB,-72,4
22/04/2026,07:30:45,33,PET Eng. Elétrica,IFPB,84:F1:47:54:96:E0,-74,1
22/04/2026,07:30:45,33,PET Eng. Elétrica,IFPB-VISITANTE,84:F1:47:54:96:E2,-74,1
22/04/2026,07:30:45,33,PET Eng. Elétrica,Intelbras,18:0D:2C:7F:EB:AC,-74,7
22/04/2026,07:30:45,33,PET Eng. Elétrica,UA2-MiniLab,60:32:B1:2D:66:C3,-75,10
22/04/2026,07:30:45,33,PET Eng. Elétrica,TP-Link_1324,7C:F1:7E:8D:13:22,-76,10
22/04/2026,07:30:45,33,PET Eng. Elétrica,SALA_MESTRADO,64:66:B3:62:EB:86,-77,1
22/04/2026,07:30:45,33,PET Eng. Elétrica,NUNYA_Room_2.4GHz,CC:32:E5:0C:FC:2B,-79,9
22/04/2026,07:30:45,33,PET Eng. Elétrica,IFPB-VISITANTE,84:F1:47:54:F9:82,-79,11
22/04/2026,07:30:45,33,PET Eng. Elétrica,IFPB TCC,D8:5D:4C:86:7E:66,-80,1
22/04/2026,07:30:45,33,PET Eng. Elétrica,IFPB,84:F1:47:54:95:E0,-80,11
22/04/2026,07:30:45,33,PET Eng. Elétrica,IFPB-VISITANTE,84:F1:47:54:95:E2,-80,11
22/04/2026,07:30:45,33,PET Eng. Elétrica,IFPB,84:F1:47:54:F9:80,-82,11
22/04/2026,07:30:45,33,PET Eng. Elétrica,IFPB,E4:4E:2D:85:4C:60,-83,11
22/04/2026,07:30:45,33,PET Eng. Elétrica,IFPB-VISITANTE,E4:4E:2D:85:4C:62,-83,11
22/04/2026,07:30:45,33,PET Eng. Elétrica,IFPB,84:F1:47:54:71:00,-87,1
22/04/2026,07:30:45,33,PET Eng. Elétrica,NPEF/NEPA,50:C7:BF:EF:56:8A,-88,3
22/04/2026,07:30:45,33,PET Eng. Elétrica,IFPB-VISITANTE,84:F1:47:54:71:02,-89,1
22/04/2026,07:30:55,34,PET Eng. Elétrica,APTelefonia,58:10:8C:91:F3:AA,-60,1
22/04/2026,07:30:55,34,PET Eng. Elétrica,Lab. de Sinais Digitais,18:D6:C7:F9:37:2F,-60,11
22/04/2026,07:30:55,34,PET Eng. Elétrica,GPDS,00:26:5A:66:55:EF,-61,6
22/04/2026,07:30:55,34,PET Eng. Elétrica,IFPB-Sala_Professor_14,24:FD:0D:57:19:26,-65,5
22/04/2026,07:30:55,34,PET Eng. Elétrica,Intelbras,18:0D:2C:7F:EB:AC,-70,7
22/04/2026,07:30:55,34,PET Eng. Elétrica,IFPB-VISITANTE,84:F1:47:54:FD:C2,-71,1
22/04/2026,07:30:55,34,PET Eng. Elétrica,IFPB-Sala_Professor_14,48:51:CF:81:B0:9E,-71,3
22/04/2026,07:30:55,34,PET Eng. Elétrica,TP-Link_1324,7C:F1:7E:8D:13:22,-71,10
22/04/2026,07:30:55,34,PET Eng. Elétrica,UA2-MiniLab,60:32:B1:2D:66:C3,-71,10
22/04/2026,07:30:55,34,PET Eng. Elétrica,NUNYA_Room_2.4GHz,CC:32:E5:0C:FC:2B,-72,9
22/04/2026,07:30:55,34,PET Eng. Elétrica,IFPB,84:F1:47:54:FD:C0,-73,1
22/04/2026,07:30:55,34,PET Eng. Elétrica,IFPB,84:F1:47:54:96:E0,-73,1
22/04/2026,07:30:55,34,PET Eng. Elétrica,IFPB-VISITANTE,84:F1:47:54:96:E2,-73,1
22/04/2026,07:30:55,34,PET Eng. Elétrica,IFPB-Sala_13,E8:94:F6:B9:2F:46,-74,6
22/04/2026,07:30:55,34,PET Eng. Elétrica,TP-Link_C3CB,D8:0D:17:3E:C3:CB,-75,4
22/04/2026,07:30:55,34,PET Eng. Elétrica,IFPB,84:F1:47:54:95:E0,-75,11
22/04/2026,07:30:55,34,PET Eng. Elétrica,IFPB-VISITANTE,84:F1:47:54:95:E2,-76,11
22/04/2026,07:30:55,34,PET Eng. Elétrica,SALA_MESTRADO,64:66:B3:62:EB:86,-77,1
22/04/2026,07:30:55,34,PET Eng. Elétrica,IFPB TCC,D8:5D:4C:86:7E:66,-80,1
22/04/2026,07:30:55,34,PET Eng. Elétrica,IFPB,84:F1:47:54:F9:80,-81,11
22/04/2026,07:30:55,34,PET Eng. Elétrica,IFPB-VISITANTE,84:F1:47:54:F9:82,-81,11
22/04/2026,07:30:55,34,PET Eng. Elétrica,IFPB-VISITANTE,E4:4E:2D:85:4C:62,-85,11
22/04/2026,07:30:55,34,PET Eng. Elétrica,IFPB,E4:4E:2D:85:4C:60,-86,11
22/04/2026,07:30:55,34,PET Eng. Elétrica,IFPB-VISITANTE,84:F1:47:54:7F:22,-86,11
22/04/2026,07:30:55,34,PET Eng. Elétrica,IFPB,84:F1:47:54:71:00,-87,1
22/04/2026,07:30:55,34,PET Eng. Elétrica,IFPB,84:F1:47:54:7F:20,-87,11
22/04/2026,07:30:55,34,PET Eng. Elétrica,IFPB-VISITANTE,84:F1:47:54:71:02,-88,1
22/04/2026,07:30:55,34,PET Eng. Elétrica,NPEF/NEPA,50:C7:BF:EF:56:8A,-90,3
22/04/2026,07:30:55,34,PET Eng. Elétrica,LIMPEZA,54:E6:FC:CF:22:DE,-92,6
22/04/2026,07:31:05,35,PET Eng. Elétrica,Lab. de Sinais Digitais,18:D6:C7:F9:37:2F,-56,11
22/04/2026,07:31:05,35,PET Eng. Elétrica,APTelefonia,58:10:8C:91:F3:AA,-62,1
22/04/2026,07:31:05,35,PET Eng. Elétrica,TP-Link_C3CB,D8:0D:17:3E:C3:CB,-65,4
22/04/2026,07:31:05,35,PET Eng. Elétrica,GPDS,00:26:5A:66:55:EF,-65,6
22/04/2026,07:31:05,35,PET Eng. Elétrica,Intelbras,18:0D:2C:7F:EB:AC,-66,7
22/04/2026,07:31:05,35,PET Eng. Elétrica,NUNYA_Room_2.4GHz,CC:32:E5:0C:FC:2B,-67,9
22/04/2026,07:31:05,35,PET Eng. Elétrica,IFPB-Sala_Professor_14,24:FD:0D:57:19:26,-69,5
22/04/2026,07:31:05,35,PET Eng. Elétrica,IFPB-Sala_Professor_14,48:51:CF:81:B0:9E,-70,3
22/04/2026,07:31:05,35,PET Eng. Elétrica,UA2-MiniLab,60:32:B1:2D:66:C3,-71,10
22/04/2026,07:31:05,35,PET Eng. Elétrica,IFPB,84:F1:47:54:FD:C0,-72,1
22/04/2026,07:31:05,35,PET Eng. Elétrica,IFPB-Sala_13,E8:94:F6:B9:2F:46,-72,6
22/04/2026,07:31:05,35,PET Eng. Elétrica,IFPB-VISITANTE,84:F1:47:54:FD:C2,-73,1
22/04/2026,07:31:05,35,PET Eng. Elétrica,IFPB,84:F1:47:54:96:E0,-73,1
22/04/2026,07:31:05,35,PET Eng. Elétrica,IFPB-VISITANTE,84:F1:47:54:96:E2,-73,1
22/04/2026,07:31:05,35,PET Eng. Elétrica,SALA_MESTRADO,64:66:B3:62:EB:86,-74,1
22/04/2026,07:31:05,35,PET Eng. Elétrica,IFPB,84:F1:47:54:95:E0,-74,11
22/04/2026,07:31:05,35,PET Eng. Elétrica,IFPB-VISITANTE,84:F1:47:54:95:E2,-74,11
22/04/2026,07:31:05,35,PET Eng. Elétrica,TP-Link_1324,7C:F1:7E:8D:13:22,-79,10
22/04/2026,07:31:05,35,PET Eng. Elétrica,IFPB TCC,D8:5D:4C:86:7E:66,-80,1
22/04/2026,07:31:05,35,PET Eng. Elétrica,IFPB-VISITANTE,84:F1:47:54:F9:82,-80,11
22/04/2026,07:31:05,35,PET Eng. Elétrica,IFPB,84:F1:47:54:F9:80,-80,11
22/04/2026,07:31:05,35,PET Eng. Elétrica,IFPB,E4:4E:2D:85:4C:60,-84,11
22/04/2026,07:31:05,35,PET Eng. Elétrica,IFPB-VISITANTE,E4:4E:2D:85:4C:62,-85,11
22/04/2026,07:31:05,35,PET Eng. Elétrica,IFPB-VISITANTE,B8:11:4B:1D:1E:42,-87,6
22/04/2026,07:31:05,35,PET Eng. Elétrica,NPEF/NEPA,50:C7:BF:EF:56:8A,-88,3
22/04/2026,07:31:05,35,PET Eng. Elétrica,IFPB,84:F1:47:54:7F:20,-88,11
22/04/2026,07:31:06,35,PET Eng. Elétrica,IFPB,B8:11:4B:1D:1E:40,-89,6
22/04/2026,07:31:06,35,PET Eng. Elétrica,IFPB-VISITANTE,84:F1:47:54:7F:22,-89,11
22/04/2026,07:31:06,35,PET Eng. Elétrica,Lab Redes Convergentes,64:70:02:99:FE:F4,-90,1
22/04/2026,07:31:15,36,PET Eng. Elétrica,Lab. de Sinais Digitais,18:D6:C7:F9:37:2F,-57,11
22/04/2026,07:31:15,36,PET Eng. Elétrica,APTelefonia,58:10:8C:91:F3:AA,-59,1
22/04/2026,07:31:15,36,PET Eng. Elétrica,GPDS,00:26:5A:66:55:EF,-63,6
22/04/2026,07:31:15,36,PET Eng. Elétrica,IFPB-Sala_Professor_14,24:FD:0D:57:19:26,-66,5
22/04/2026,07:31:15,36,PET Eng. Elétrica,IFPB-Sala_Professor_14,48:51:CF:81:B0:9E,-67,3
22/04/2026,07:31:15,36,PET Eng. Elétrica,IFPB-VISITANTE,84:F1:47:54:FD:C2,-70,1
22/04/2026,07:31:15,36,PET Eng. Elétrica,IFPB,84:F1:47:54:FD:C0,-70,1
22/04/2026,07:31:15,36,PET Eng. Elétrica,TP-Link_C3CB,D8:0D:17:3E:C3:CB,-70,4
22/04/2026,07:31:15,36,PET Eng. Elétrica,Intelbras,18:0D:2C:7F:EB:AC,-71,7
22/04/2026,07:31:15,36,PET Eng. Elétrica,IFPB,84:F1:47:54:96:E0,-73,1
22/04/2026,07:31:15,36,PET Eng. Elétrica,IFPB-VISITANTE,84:F1:47:54:96:E2,-73,1
22/04/2026,07:31:15,36,PET Eng. Elétrica,UA2-MiniLab,60:32:B1:2D:66:C3,-73,10
22/04/2026,07:31:15,36,PET Eng. Elétrica,SALA_MESTRADO,64:66:B3:62:EB:86,-74,1
22/04/2026,07:31:15,36,PET Eng. Elétrica,IFPB-Sala_13,E8:94:F6:B9:2F:46,-74,6
22/04/2026,07:31:15,36,PET Eng. Elétrica,IFPB,84:F1:47:54:95:E0,-74,11
22/04/2026,07:31:15,36,PET Eng. Elétrica,IFPB-VISITANTE,84:F1:47:54:95:E2,-74,11
22/04/2026,07:31:16,36,PET Eng. Elétrica,TP-Link_1324,7C:F1:7E:8D:13:22,-75,10
22/04/2026,07:31:16,36,PET Eng. Elétrica,NUNYA_Room_2.4GHz,CC:32:E5:0C:FC:2B,-80,9
22/04/2026,07:31:16,36,PET Eng. Elétrica,IFPB,84:F1:47:54:F9:80,-80,11
22/04/2026,07:31:16,36,PET Eng. Elétrica,IFPB TCC,D8:5D:4C:86:7E:66,-81,1
22/04/2026,07:31:16,36,PET Eng. Elétrica,IFPB-VISITANTE,84:F1:47:54:F9:82,-81,11
22/04/2026,07:31:16,36,PET Eng. Elétrica,IFPB-VISITANTE,E4:4E:2D:85:4C:62,-83,11
22/04/2026,07:31:16,36,PET Eng. Elétrica,IFPB,E4:4E:2D:85:4C:60,-83,11
22/04/2026,07:31:16,36,PET Eng. Elétrica,IFPB,84:F1:47:54:7F:20,-87,11
22/04/2026,07:31:16,36,PET Eng. Elétrica,IFPB-VISITANTE,84:F1:47:54:7F:22,-88,11
22/04/2026,07:31:16,36,PET Eng. Elétrica,NPEF/NEPA,50:C7:BF:EF:56:8A,-95,3
22/04/2026,07:31:25,37,PET Eng. Elétrica,Lab. de Sinais Digitais,18:D6:C7:F9:37:2F,-55,11
22/04/2026,07:31:25,37,PET Eng. Elétrica,APTelefonia,58:10:8C:91:F3:AA,-60,1
22/04/2026,07:31:25,37,PET Eng. Elétrica,IFPB-Sala_Professor_14,24:FD:0D:57:19:26,-65,5
22/04/2026,07:31:25,37,PET Eng. Elétrica,GPDS,00:26:5A:66:55:EF,-65,6
22/04/2026,07:31:25,37,PET Eng. Elétrica,IFPB-Sala_Professor_14,48:51:CF:81:B0:9E,-66,3
22/04/2026,07:31:25,37,PET Eng. Elétrica,SALA_MESTRADO,64:66:B3:62:EB:86,-71,1
22/04/2026,07:31:25,37,PET Eng. Elétrica,IFPB-VISITANTE,84:F1:47:54:FD:C2,-71,1
22/04/2026,07:31:25,37,PET Eng. Elétrica,Intelbras,18:0D:2C:7F:EB:AC,-71,7
22/04/2026,07:31:25,37,PET Eng. Elétrica,TP-Link_C3CB,D8:0D:17:3E:C3:CB,-72,4
22/04/2026,07:31:25,37,PET Eng. Elétrica,IFPB-Sala_13,E8:94:F6:B9:2F:46,-72,6
22/04/2026,07:31:26,37,PET Eng. Elétrica,TP-Link_1324,7C:F1:7E:8D:13:22,-73,10
22/04/2026,07:31:26,37,PET Eng. Elétrica,UA2-MiniLab,60:32:B1:2D:66:C3,-74,10
22/04/2026,07:31:26,37,PET Eng. Elétrica,IFPB,84:F1:47:54:95:E0,-74,11
22/04/2026,07:31:26,37,PET Eng. Elétrica,IFPB-VISITANTE,84:F1:47:54:95:E2,-74,11
22/04/2026,07:31:26,37,PET Eng. Elétrica,IFPB,84:F1:47:54:FD:C0,-75,1
22/04/2026,07:31:26,37,PET Eng. Elétrica,IFPB,84:F1:47:54:96:E0,-75,1
22/04/2026,07:31:26,37,PET Eng. Elétrica,IFPB-VISITANTE,84:F1:47:54:96:E2,-75,1
22/04/2026,07:31:26,37,PET Eng. Elétrica,NUNYA_Room_2.4GHz,CC:32:E5:0C:FC:2B,-77,9
22/04/2026,07:31:26,37,PET Eng. Elétrica,IFPB TCC,D8:5D:4C:86:7E:66,-81,1
22/04/2026,07:31:26,37,PET Eng. Elétrica,IFPB,84:F1:47:54:F9:80,-82,11
22/04/2026,07:31:26,37,PET Eng. Elétrica,IFPB-VISITANTE,84:F1:47:54:F9:82,-82,11
22/04/2026,07:31:26,37,PET Eng. Elétrica,IFPB-VISITANTE,E4:4E:2D:85:4C:62,-84,11
22/04/2026,07:31:26,37,PET Eng. Elétrica,IFPB,E4:4E:2D:85:4C:60,-84,11
22/04/2026,07:31:26,37,PET Eng. Elétrica,IFPB-VISITANTE,84:F1:47:54:71:02,-85,1
22/04/2026,07:31:26,37,PET Eng. Elétrica,IFPB,84:F1:47:54:71:00,-85,1
22/04/2026,07:31:26,37,PET Eng. Elétrica,IFPB,84:F1:47:54:7F:20,-86,11
22/04/2026,07:31:26,37,PET Eng. Elétrica,IFPB-VISITANTE,84:F1:47:54:7F:22,-87,11
22/04/2026,07:31:35,38,PET Eng. Elétrica,Lab. de Sinais Digitais,18:D6:C7:F9:37:2F,-56,11
22/04/2026,07:31:35,38,PET Eng. Elétrica,APTelefonia,58:10:8C:91:F3:AA,-61,1
22/04/2026,07:31:35,38,PET Eng. Elétrica,IFPB-Sala_Professor_14,24:FD:0D:57:19:26,-65,5
22/04/2026,07:31:35,38,PET Eng. Elétrica,GPDS,00:26:5A:66:55:EF,-65,6
22/04/2026,07:31:35,38,PET Eng. Elétrica,TP-Link_C3CB,D8:0D:17:3E:C3:CB,-66,4
22/04/2026,07:31:36,38,PET Eng. Elétrica,IFPB-Sala_Professor_14,48:51:CF:81:B0:9E,-67,3
22/04/2026,07:31:36,38,PET Eng. Elétrica,Intelbras,18:0D:2C:7F:EB:AC,-69,7
22/04/2026,07:31:36,38,PET Eng. Elétrica,IFPB-VISITANTE,84:F1:47:54:FD:C2,-70,1
22/04/2026,07:31:36,38,PET Eng. Elétrica,IFPB,84:F1:47:54:FD:C0,-70,1
22/04/2026,07:31:36,38,PET Eng. Elétrica,IFPB-Sala_13,E8:94:F6:B9:2F:46,-71,6
22/04/2026,07:31:36,38,PET Eng. Elétrica,UA2-MiniLab,60:32:B1:2D:66:C3,-71,10
22/04/2026,07:31:36,38,PET Eng. Elétrica,SALA_MESTRADO,64:66:B3:62:EB:86,-72,1
22/04/2026,07:31:36,38,PET Eng. Elétrica,TP-Link_1324,7C:F1:7E:8D:13:22,-73,10
22/04/2026,07:31:36,38,PET Eng. Elétrica,IFPB,84:F1:47:54:95:E0,-74,11
22/04/2026,07:31:36,38,PET Eng. Elétrica,IFPB,84:F1:47:54:96:E0,-75,1
22/04/2026,07:31:36,38,PET Eng. Elétrica,IFPB-VISITANTE,84:F1:47:54:96:E2,-75,1
22/04/2026,07:31:36,38,PET Eng. Elétrica,IFPB-VISITANTE,84:F1:47:54:95:E2,-75,11
22/04/2026,07:31:36,38,PET Eng. Elétrica,NUNYA_Room_2.4GHz,CC:32:E5:0C:FC:2B,-79,9
22/04/2026,07:31:36,38,PET Eng. Elétrica,IFPB TCC,D8:5D:4C:86:7E:66,-80,1
22/04/2026,07:31:36,38,PET Eng. Elétrica,IFPB,84:F1:47:54:F9:80,-82,11
22/04/2026,07:31:36,38,PET Eng. Elétrica,IFPB-VISITANTE,84:F1:47:54:F9:82,-82,11
22/04/2026,07:31:36,38,PET Eng. Elétrica,IFPB-VISITANTE,E4:4E:2D:85:4C:62,-84,11
22/04/2026,07:31:36,38,PET Eng. Elétrica,IFPB,E4:4E:2D:85:4C:60,-84,11
22/04/2026,07:31:36,38,PET Eng. Elétrica,IFPB-VISITANTE,84:F1:47:54:71:02,-86,1
22/04/2026,07:31:36,38,PET Eng. Elétrica,IFPB,84:F1:47:54:7F:20,-86,11
22/04/2026,07:31:36,38,PET Eng. Elétrica,IFPB-VISITANTE,84:F1:47:54:7F:22,-86,11
22/04/2026,07:31:36,38,PET Eng. Elétrica,IFPB,84:F1:47:54:71:00,-87,1
22/04/2026,07:31:36,38,PET Eng. Elétrica,IFPB-VISITANTE,B8:11:4B:1D:1E:42,-89,6
22/04/2026,07:31:36,38,PET Eng. Elétrica,NPEF/NEPA,50:C7:BF:EF:56:8A,-95,3
22/04/2026,07:31:46,39,PET Eng. Elétrica,Lab. de Sinais Digitais,18:D6:C7:F9:37:2F,-56,11
22/04/2026,07:31:46,39,PET Eng. Elétrica,APTelefonia,58:10:8C:91:F3:AA,-60,1
22/04/2026,07:31:46,39,PET Eng. Elétrica,TP-Link_C3CB,D8:0D:17:3E:C3:CB,-60,4
22/04/2026,07:31:46,39,PET Eng. Elétrica,IFPB-Sala_Professor_14,48:51:CF:81:B0:9E,-64,3
22/04/2026,07:31:46,39,PET Eng. Elétrica,IFPB-Sala_Professor_14,24:FD:0D:57:19:26,-65,5
22/04/2026,07:31:46,39,PET Eng. Elétrica,GPDS,00:26:5A:66:55:EF,-67,6
22/04/2026,07:31:46,39,PET Eng. Elétrica,Intelbras,18:0D:2C:7F:EB:AC,-67,7
22/04/2026,07:31:46,39,PET Eng. Elétrica,SALA_MESTRADO,64:66:B3:62:EB:86,-71,1
22/04/2026,07:31:46,39,PET Eng. Elétrica,IFPB-Sala_13,E8:94:F6:B9:2F:46,-71,6
22/04/2026,07:31:46,39,PET Eng. Elétrica,IFPB-VISITANTE,84:F1:47:54:FD:C2,-72,1
22/04/2026,07:31:46,39,PET Eng. Elétrica,IFPB,84:F1:47:54:FD:C0,-72,1
22/04/2026,07:31:46,39,PET Eng. Elétrica,UA2-MiniLab,60:32:B1:2D:66:C3,-74,10
22/04/2026,07:31:46,39,PET Eng. Elétrica,IFPB-VISITANTE,84:F1:47:54:95:E2,-74,11
22/04/2026,07:31:46,39,PET Eng. Elétrica,IFPB,84:F1:47:54:95:E0,-74,11
22/04/2026,07:31:46,39,PET Eng. Elétrica,TP-Link_1324,7C:F1:7E:8D:13:22,-75,10
22/04/2026,07:31:46,39,PET Eng. Elétrica,IFPB,84:F1:47:54:96:E0,-76,1
22/04/2026,07:31:46,39,PET Eng. Elétrica,IFPB-VISITANTE,84:F1:47:54:96:E2,-76,1
22/04/2026,07:31:46,39,PET Eng. Elétrica,NUNYA_Room_2.4GHz,CC:32:E5:0C:FC:2B,-77,9
22/04/2026,07:31:46,39,PET Eng. Elétrica,IFPB,84:F1:47:54:F9:80,-80,11
22/04/2026,07:31:46,39,PET Eng. Elétrica,IFPB TCC,D8:5D:4C:86:7E:66,-81,1
22/04/2026,07:31:46,39,PET Eng. Elétrica,IFPB-VISITANTE,84:F1:47:54:F9:82,-81,11
22/04/2026,07:31:46,39,PET Eng. Elétrica,IFPB-VISITANTE,84:F1:47:54:7F:22,-84,11
22/04/2026,07:31:46,39,PET Eng. Elétrica,IFPB,84:F1:47:54:71:00,-85,1
22/04/2026,07:31:46,39,PET Eng. Elétrica,IFPB-VISITANTE,84:F1:47:54:71:02,-85,1
22/04/2026,07:31:46,39,PET Eng. Elétrica,NPEF/NEPA,50:C7:BF:EF:56:8A,-85,3
22/04/2026,07:31:46,39,PET Eng. Elétrica,IFPB,84:F1:47:54:7F:20,-85,11
22/04/2026,07:31:46,39,PET Eng. Elétrica,IFPB-VISITANTE,B8:11:4B:1D:1E:42,-90,6
22/04/2026,07:31:46,39,PET Eng. Elétrica,LIMPEZA,54:E6:FC:CF:22:DE,-94,6
22/04/2026,07:31:56,40,PET Eng. Elétrica,Lab. de Sinais Digitais,18:D6:C7:F9:37:2F,-56,11
22/04/2026,07:31:56,40,PET Eng. Elétrica,TP-Link_C3CB,D8:0D:17:3E:C3:CB,-63,4
22/04/2026,07:31:56,40,PET Eng. Elétrica,APTelefonia,58:10:8C:91:F3:AA,-64,1
22/04/2026,07:31:56,40,PET Eng. Elétrica,IFPB-Sala_Professor_14,24:FD:0D:57:19:26,-66,5
22/04/2026,07:31:56,40,PET Eng. Elétrica,Intelbras,18:0D:2C:7F:EB:AC,-67,7
22/04/2026,07:31:56,40,PET Eng. Elétrica,GPDS,00:26:5A:66:55:EF,-68,6
22/04/2026,07:31:56,40,PET Eng. Elétrica,IFPB,84:F1:47:54:FD:C0,-70,1
22/04/2026,07:31:56,40,PET Eng. Elétrica,IFPB-VISITANTE,84:F1:47:54:FD:C2,-70,1
22/04/2026,07:31:56,40,PET Eng. Elétrica,IFPB-Sala_Professor_14,48:51:CF:81:B0:9E,-72,3
22/04/2026,07:31:56,40,PET Eng. Elétrica,IFPB-Sala_13,E8:94:F6:B9:2F:46,-72,6
22/04/2026,07:31:56,40,PET Eng. Elétrica,TP-Link_1324,7C:F1:7E:8D:13:22,-72,10
22/04/2026,07:31:56,40,PET Eng. Elétrica,UA2-MiniLab,60:32:B1:2D:66:C3,-74,10
22/04/2026,07:31:56,40,PET Eng. Elétrica,SALA_MESTRADO,64:66:B3:62:EB:86,-75,1
22/04/2026,07:31:56,40,PET Eng. Elétrica,IFPB-VISITANTE,84:F1:47:54:95:E2,-75,11
22/04/2026,07:31:56,40,PET Eng. Elétrica,IFPB,84:F1:47:54:95:E0,-75,11
22/04/2026,07:31:56,40,PET Eng. Elétrica,IFPB,84:F1:47:54:96:E0,-77,1
22/04/2026,07:31:56,40,PET Eng. Elétrica,IFPB-VISITANTE,84:F1:47:54:96:E2,-77,1
22/04/2026,07:31:56,40,PET Eng. Elétrica,NUNYA_Room_2.4GHz,CC:32:E5:0C:FC:2B,-79,9
22/04/2026,07:31:56,40,PET Eng. Elétrica,IFPB TCC,D8:5D:4C:86:7E:66,-80,1
22/04/2026,07:31:56,40,PET Eng. Elétrica,IFPB,84:F1:47:54:F9:80,-83,11
22/04/2026,07:31:56,40,PET Eng. Elétrica,IFPB-VISITANTE,84:F1:47:54:F9:82,-83,11
22/04/2026,07:31:56,40,PET Eng. Elétrica,IFPB,E4:4E:2D:85:4C:60,-83,11
22/04/2026,07:31:56,40,PET Eng. Elétrica,IFPB-VISITANTE,E4:4E:2D:85:4C:62,-83,11
22/04/2026,07:31:56,40,PET Eng. Elétrica,IFPB-VISITANTE,84:F1:47:54:71:02,-85,1
22/04/2026,07:31:56,40,PET Eng. Elétrica,IFPB,84:F1:47:54:71:00,-86,1
22/04/2026,07:31:56,40,PET Eng. Elétrica,IFPB,84:F1:47:54:7F:20,-86,11
22/04/2026,07:31:56,40,PET Eng. Elétrica,IFPB-VISITANTE,84:F1:47:54:7F:22,-88,11
22/04/2026,07:31:56,40,PET Eng. Elétrica,NPEF/NEPA,50:C7:BF:EF:56:8A,-90,3
22/04/2026,07:32:25,41,Coordenação de Eng. Elétrica,IFPB-VISITANTE,84:F1:47:54:95:E2,-56,11
22/04/2026,07:32:25,41,Coordenação de Eng. Elétrica,TP-Link_C3CB,D8:0D:17:3E:C3:CB,-57,4
22/04/2026,07:32:25,41,Coordenação de Eng. Elétrica,IFPB,84:F1:47:54:95:E0,-57,11
22/04/2026,07:32:25,41,Coordenação de Eng. Elétrica,IFPB-Sala_Professor_14,48:51:CF:81:B0:9E,-63,3
22/04/2026,07:32:25,41,Coordenação de Eng. Elétrica,NUNYA_Room_2.4GHz,CC:32:E5:0C:FC:2B,-63,9
22/04/2026,07:32:25,41,Coordenação de Eng. Elétrica,GPDS,00:26:5A:66:55:EF,-65,6
22/04/2026,07:32:25,41,Coordenação de Eng. Elétrica,APTelefonia,58:10:8C:91:F3:AA,-71,1
22/04/2026,07:32:25,41,Coordenação de Eng. Elétrica,UA2-MiniLab,60:32:B1:2D:66:C3,-72,10
22/04/2026,07:32:25,41,Coordenação de Eng. Elétrica,Lab. de Sinais Digitais,18:D6:C7:F9:37:2F,-72,11
22/04/2026,07:32:25,41,Coordenação de Eng. Elétrica,IFPB,84:F1:47:54:F9:80,-75,11
22/04/2026,07:32:25,41,Coordenação de Eng. Elétrica,IFPB-VISITANTE,84:F1:47:54:F9:82,-75,11
22/04/2026,07:32:25,41,Coordenação de Eng. Elétrica,IFPB-Sala_13,E8:94:F6:B9:2F:46,-76,6
22/04/2026,07:32:25,41,Coordenação de Eng. Elétrica,Intelbras,18:0D:2C:7F:EB:AC,-76,7
22/04/2026,07:32:25,41,Coordenação de Eng. Elétrica,IFPB,B8:11:4B:1D:14:80,-79,6
22/04/2026,07:32:25,41,Coordenação de Eng. Elétrica,IFPB-Sala_Professor_14,24:FD:0D:57:19:26,-80,5
22/04/2026,07:32:25,41,Coordenação de Eng. Elétrica,IFPB-VISITANTE,B8:11:4B:1D:14:82,-80,6
22/04/2026,07:32:25,41,Coordenação de Eng. Elétrica,IFPB,84:F1:47:54:FD:C0,-82,1
22/04/2026,07:32:25,41,Coordenação de Eng. Elétrica,IFPB-VISITANTE,84:F1:47:54:FD:C2,-86,1
22/04/2026,07:32:25,41,Coordenação de Eng. Elétrica,NPEF/NEPA,50:C7:BF:EF:56:8A,-86,3
22/04/2026,07:32:25,41,Coordenação de Eng. Elétrica,SALA_MESTRADO,64:66:B3:62:EB:86,-88,1
22/04/2026,07:32:25,41,Coordenação de Eng. Elétrica,TP-Link_1324,7C:F1:7E:8D:13:22,-90,10
22/04/2026,07:32:25,41,Coordenação de Eng. Elétrica,IFPB TCC,D8:5D:4C:86:7E:66,-91,1
22/04/2026,07:32:25,41,Coordenação de Eng. Elétrica,kaka-IF,00:E0:4C:65:36:BC,-94,11
22/04/2026,07:32:35,42,Coordenação de Eng. Elétrica,TP-Link_C3CB,D8:0D:17:3E:C3:CB,-57,4
22/04/2026,07:32:35,42,Coordenação de Eng. Elétrica,IFPB,84:F1:47:54:95:E0,-61,11
22/04/2026,07:32:35,42,Coordenação de Eng. Elétrica,IFPB-VISITANTE,84:F1:47:54:95:E2,-61,11
22/04/2026,07:32:35,42,Coordenação de Eng. Elétrica,IFPB-Sala_Professor_14,48:51:CF:81:B0:9E,-64,3
22/04/2026,07:32:35,42,Coordenação de Eng. Elétrica,NUNYA_Room_2.4GHz,CC:32:E5:0C:FC:2B,-64,9
22/04/2026,07:32:35,42,Coordenação de Eng. Elétrica,GPDS,00:26:5A:66:55:EF,-66,6
22/04/2026,07:32:35,42,Coordenação de Eng. Elétrica,APTelefonia,58:10:8C:91:F3:AA,-68,1
22/04/2026,07:32:35,42,Coordenação de Eng. Elétrica,Lab. de Sinais Digitais,18:D6:C7:F9:37:2F,-69,11
22/04/2026,07:32:35,42,Coordenação de Eng. Elétrica,Intelbras,18:0D:2C:7F:EB:AC,-73,7
22/04/2026,07:32:35,42,Coordenação de Eng. Elétrica,IFPB,84:F1:47:54:F9:80,-75,11
22/04/2026,07:32:35,42,Coordenação de Eng. Elétrica,UA2-MiniLab,60:32:B1:2D:66:C3,-76,10
22/04/2026,07:32:35,42,Coordenação de Eng. Elétrica,IFPB-VISITANTE,84:F1:47:54:F9:82,-76,11
22/04/2026,07:32:35,42,Coordenação de Eng. Elétrica,IFPB-Sala_Professor_14,24:FD:0D:57:19:26,-78,5
22/04/2026,07:32:35,42,Coordenação de Eng. Elétrica,SALA_MESTRADO,64:66:B3:62:EB:86,-79,1
22/04/2026,07:32:35,42,Coordenação de Eng. Elétrica,IFPB-Sala_13,E8:94:F6:B9:2F:46,-79,6
22/04/2026,07:32:35,42,Coordenação de Eng. Elétrica,IFPB-VISITANTE,B8:11:4B:1D:14:82,-79,6
22/04/2026,07:32:35,42,Coordenação de Eng. Elétrica,IFPB,B8:11:4B:1D:14:80,-80,6
22/04/2026,07:32:35,42,Coordenação de Eng. Elétrica,IFPB TCC,D8:5D:4C:86:7E:66,-82,1
22/04/2026,07:32:35,42,Coordenação de Eng. Elétrica,TP-Link_1324,7C:F1:7E:8D:13:22,-84,10
22/04/2026,07:32:35,42,Coordenação de Eng. Elétrica,IFPB-VISITANTE,24:36:DA:2B:5E:C2,-88,1
22/04/2026,07:32:35,42,Coordenação de Eng. Elétrica,NPEF/NEPA,50:C7:BF:EF:56:8A,-89,3
22/04/2026,07:32:35,42,Coordenação de Eng. Elétrica,Mirascreen BFA3E40A,D2:C0:BF:A3:E4:0A,-90,6
22/04/2026,07:32:35,42,Coordenação de Eng. Elétrica,Grel Wifi,00:27:19:CA:71:D2,-90,11
22/04/2026,07:32:35,42,Coordenação de Eng. Elétrica,kaka-IF,00:E0:4C:65:36:BC,-93,11
22/04/2026,07:32:45,43,Coordenação de Eng. Elétrica,TP-Link_C3CB,D8:0D:17:3E:C3:CB,-57,4
22/04/2026,07:32:45,43,Coordenação de Eng. Elétrica,IFPB,84:F1:47:54:95:E0,-64,11
22/04/2026,07:32:45,43,Coordenação de Eng. Elétrica,IFPB-VISITANTE,84:F1:47:54:95:E2,-64,11
22/04/2026,07:32:45,43,Coordenação de Eng. Elétrica,IFPB-Sala_Professor_14,48:51:CF:81:B0:9E,-66,3
22/04/2026,07:32:45,43,Coordenação de Eng. Elétrica,GPDS,00:26:5A:66:55:EF,-67,6
22/04/2026,07:32:45,43,Coordenação de Eng. Elétrica,IFPB-Sala_Professor_14,24:FD:0D:57:19:26,-68,5
22/04/2026,07:32:45,43,Coordenação de Eng. Elétrica,APTelefonia,58:10:8C:91:F3:AA,-69,1
22/04/2026,07:32:45,43,Coordenação de Eng. Elétrica,NUNYA_Room_2.4GHz,CC:32:E5:0C:FC:2B,-70,9
22/04/2026,07:32:45,43,Coordenação de Eng. Elétrica,Lab. de Sinais Digitais,18:D6:C7:F9:37:2F,-70,11
22/04/2026,07:32:45,43,Coordenação de Eng. Elétrica,Intelbras,18:0D:2C:7F:EB:AC,-73,7
22/04/2026,07:32:45,43,Coordenação de Eng. Elétrica,IFPB,84:F1:47:54:F9:80,-76,11
22/04/2026,07:32:45,43,Coordenação de Eng. Elétrica,IFPB-VISITANTE,84:F1:47:54:F9:82,-76,11
22/04/2026,07:32:45,43,Coordenação de Eng. Elétrica,UA2-MiniLab,60:32:B1:2D:66:C3,-77,10
22/04/2026,07:32:45,43,Coordenação de Eng. Elétrica,SALA_MESTRADO,64:66:B3:62:EB:86,-78,1
22/04/2026,07:32:45,43,Coordenação de Eng. Elétrica,IFPB,B8:11:4B:1D:14:80,-80,6
22/04/2026,07:32:45,43,Coordenação de Eng. Elétrica,IFPB-VISITANTE,B8:11:4B:1D:14:82,-80,6
22/04/2026,07:32:46,43,Coordenação de Eng. Elétrica,IFPB-Sala_13,E8:94:F6:B9:2F:46,-81,6
22/04/2026,07:32:46,43,Coordenação de Eng. Elétrica,IFPB TCC,D8:5D:4C:86:7E:66,-83,1
22/04/2026,07:32:46,43,Coordenação de Eng. Elétrica,TP-Link_1324,7C:F1:7E:8D:13:22,-85,10
22/04/2026,07:32:46,43,Coordenação de Eng. Elétrica,IFPB-VISITANTE,24:36:DA:2B:5E:C2,-89,1
22/04/2026,07:32:46,43,Coordenação de Eng. Elétrica,NPEF/NEPA,50:C7:BF:EF:56:8A,-89,3
22/04/2026,07:32:46,43,Coordenação de Eng. Elétrica,IFPB,84:F1:47:54:FD:C0,-90,1
22/04/2026,07:32:46,43,Coordenação de Eng. Elétrica,IFPB,24:36:DA:2B:5E:C0,-90,1
22/04/2026,07:32:46,43,Coordenação de Eng. Elétrica,IFPB-VISITANTE,84:F1:47:54:FD:C2,-92,1
22/04/2026,07:32:46,43,Coordenação de Eng. Elétrica,kaka-IF,00:E0:4C:65:36:BC,-94,11
22/04/2026,07:32:46,43,Coordenação de Eng. Elétrica,LIMPEZA,54:E6:FC:CF:22:DE,-96,6
22/04/2026,07:32:55,44,Coordenação de Eng. Elétrica,IFPB-VISITANTE,84:F1:47:54:95:E2,-56,11
22/04/2026,07:32:55,44,Coordenação de Eng. Elétrica,TP-Link_C3CB,D8:0D:17:3E:C3:CB,-57,4
22/04/2026,07:32:55,44,Coordenação de Eng. Elétrica,IFPB,84:F1:47:54:95:E0,-57,11
22/04/2026,07:32:55,44,Coordenação de Eng. Elétrica,GPDS,00:26:5A:66:55:EF,-65,6
22/04/2026,07:32:55,44,Coordenação de Eng. Elétrica,NUNYA_Room_2.4GHz,CC:32:E5:0C:FC:2B,-65,9
22/04/2026,07:32:55,44,Coordenação de Eng. Elétrica,IFPB-Sala_Professor_14,24:FD:0D:57:19:26,-66,5
22/04/2026,07:32:55,44,Coordenação de Eng. Elétrica,IFPB-Sala_Professor_14,48:51:CF:81:B0:9E,-67,3
22/04/2026,07:32:55,44,Coordenação de Eng. Elétrica,APTelefonia,58:10:8C:91:F3:AA,-68,1
22/04/2026,07:32:55,44,Coordenação de Eng. Elétrica,Lab. de Sinais Digitais,18:D6:C7:F9:37:2F,-70,11
22/04/2026,07:32:55,44,Coordenação de Eng. Elétrica,IFPB,84:F1:47:54:F9:80,-75,11
22/04/2026,07:32:55,44,Coordenação de Eng. Elétrica,IFPB-VISITANTE,84:F1:47:54:F9:82,-75,11
22/04/2026,07:32:55,44,Coordenação de Eng. Elétrica,Intelbras,18:0D:2C:7F:EB:AC,-76,7
22/04/2026,07:32:55,44,Coordenação de Eng. Elétrica,UA2-MiniLab,60:32:B1:2D:66:C3,-76,10
22/04/2026,07:32:55,44,Coordenação de Eng. Elétrica,SALA_MESTRADO,64:66:B3:62:EB:86,-78,1
22/04/2026,07:32:55,44,Coordenação de Eng. Elétrica,IFPB-Sala_13,E8:94:F6:B9:2F:46,-80,6
22/04/2026,07:32:55,44,Coordenação de Eng. Elétrica,IFPB,B8:11:4B:1D:14:80,-81,6
22/04/2026,07:32:55,44,Coordenação de Eng. Elétrica,IFPB-VISITANTE,B8:11:4B:1D:14:82,-81,6
22/04/2026,07:32:56,44,Coordenação de Eng. Elétrica,IFPB TCC,D8:5D:4C:86:7E:66,-82,1
22/04/2026,07:32:56,44,Coordenação de Eng. Elétrica,TP-Link_1324,7C:F1:7E:8D:13:22,-87,10
22/04/2026,07:32:56,44,Coordenação de Eng. Elétrica,IFPB-VISITANTE,24:36:DA:2B:5E:C2,-88,1
22/04/2026,07:32:56,44,Coordenação de Eng. Elétrica,IFPB,84:F1:47:54:FD:C0,-89,1
22/04/2026,07:32:56,44,Coordenação de Eng. Elétrica,IFPB-VISITANTE,84:F1:47:54:FD:C2,-89,1
22/04/2026,07:32:56,44,Coordenação de Eng. Elétrica,NPEF/NEPA,50:C7:BF:EF:56:8A,-89,3
22/04/2026,07:33:05,45,Coordenação de Eng. Elétrica,TP-Link_C3CB,D8:0D:17:3E:C3:CB,-55,4
22/04/2026,07:33:05,45,Coordenação de Eng. Elétrica,IFPB,84:F1:47:54:95:E0,-57,11
22/04/2026,07:33:05,45,Coordenação de Eng. Elétrica,IFPB-VISITANTE,84:F1:47:54:95:E2,-57,11
22/04/2026,07:33:05,45,Coordenação de Eng. Elétrica,GPDS,00:26:5A:66:55:EF,-65,6
22/04/2026,07:33:05,45,Coordenação de Eng. Elétrica,NUNYA_Room_2.4GHz,CC:32:E5:0C:FC:2B,-65,9
22/04/2026,07:33:05,45,Coordenação de Eng. Elétrica,IFPB-Sala_Professor_14,24:FD:0D:57:19:26,-66,5
22/04/2026,07:33:05,45,Coordenação de Eng. Elétrica,IFPB-Sala_Professor_14,48:51:CF:81:B0:9E,-68,3
22/04/2026,07:33:05,45,Coordenação de Eng. Elétrica,APTelefonia,58:10:8C:91:F3:AA,-69,1
22/04/2026,07:33:05,45,Coordenação de Eng. Elétrica,Lab. de Sinais Digitais,18:D6:C7:F9:37:2F,-69,11
22/04/2026,07:33:05,45,Coordenação de Eng. Elétrica,IFPB,84:F1:47:54:F9:80,-77,11
22/04/2026,07:33:05,45,Coordenação de Eng. Elétrica,IFPB-VISITANTE,84:F1:47:54:F9:82,-77,11
22/04/2026,07:33:06,45,Coordenação de Eng. Elétrica,Intelbras,18:0D:2C:7F:EB:AC,-78,7
22/04/2026,07:33:06,45,Coordenação de Eng. Elétrica,UA2-MiniLab,60:32:B1:2D:66:C3,-78,10
22/04/2026,07:33:06,45,Coordenação de Eng. Elétrica,SALA_MESTRADO,64:66:B3:62:EB:86,-81,1
22/04/2026,07:33:06,45,Coordenação de Eng. Elétrica,IFPB-VISITANTE,B8:11:4B:1D:14:82,-81,6
22/04/2026,07:33:06,45,Coordenação de Eng. Elétrica,IFPB-Sala_13,E8:94:F6:B9:2F:46,-81,6
22/04/2026,07:33:06,45,Coordenação de Eng. Elétrica,IFPB TCC,D8:5D:4C:86:7E:66,-83,1
22/04/2026,07:33:06,45,Coordenação de Eng. Elétrica,IFPB,B8:11:4B:1D:14:80,-83,6
22/04/2026,07:33:06,45,Coordenação de Eng. Elétrica,IFPB-VISITANTE,84:F1:47:54:FD:C2,-88,1
22/04/2026,07:33:06,45,Coordenação de Eng. Elétrica,IFPB,84:F1:47:54:96:E0,-89,1
22/04/2026,07:33:06,45,Coordenação de Eng. Elétrica,IFPB-VISITANTE,84:F1:47:54:96:E2,-89,1
22/04/2026,07:33:06,45,Coordenação de Eng. Elétrica,TP-Link_1324,7C:F1:7E:8D:13:22,-89,10
22/04/2026,07:33:06,45,Coordenação de Eng. Elétrica,IFPB,84:F1:47:54:FD:C0,-90,1
22/04/2026,07:33:06,45,Coordenação de Eng. Elétrica,NPEF/NEPA,50:C7:BF:EF:56:8A,-93,3
22/04/2026,07:33:15,46,Coordenação de Eng. Elétrica,TP-Link_C3CB,D8:0D:17:3E:C3:CB,-53,4
22/04/2026,07:33:15,46,Coordenação de Eng. Elétrica,IFPB,84:F1:47:54:95:E0,-58,11
22/04/2026,07:33:15,46,Coordenação de Eng. Elétrica,IFPB-VISITANTE,84:F1:47:54:95:E2,-58,11
22/04/2026,07:33:15,46,Coordenação de Eng. Elétrica,IFPB-Sala_Professor_14,48:51:CF:81:B0:9E,-64,3
22/04/2026,07:33:15,46,Coordenação de Eng. Elétrica,GPDS,00:26:5A:66:55:EF,-65,6
22/04/2026,07:33:15,46,Coordenação de Eng. Elétrica,NUNYA_Room_2.4GHz,CC:32:E5:0C:FC:2B,-67,9
22/04/2026,07:33:15,46,Coordenação de Eng. Elétrica,APTelefonia,58:10:8C:91:F3:AA,-70,1
22/04/2026,07:33:15,46,Coordenação de Eng. Elétrica,Lab. de Sinais Digitais,18:D6:C7:F9:37:2F,-71,11
22/04/2026,07:33:15,46,Coordenação de Eng. Elétrica,SALA_MESTRADO,64:66:B3:62:EB:86,-72,1
22/04/2026,07:33:15,46,Coordenação de Eng. Elétrica,IFPB,84:F1:47:54:F9:80,-75,11
22/04/2026,07:33:16,46,Coordenação de Eng. Elétrica,IFPB-VISITANTE,84:F1:47:54:F9:82,-75,11
22/04/2026,07:33:16,46,Coordenação de Eng. Elétrica,Intelbras,18:0D:2C:7F:EB:AC,-76,7
22/04/2026,07:33:16,46,Coordenação de Eng. Elétrica,IFPB-Sala_Professor_14,24:FD:0D:57:19:26,-78,5
22/04/2026,07:33:16,46,Coordenação de Eng. Elétrica,UA2-MiniLab,60:32:B1:2D:66:C3,-78,10
22/04/2026,07:33:16,46,Coordenação de Eng. Elétrica,IFPB,B8:11:4B:1D:14:80,-79,6
22/04/2026,07:33:16,46,Coordenação de Eng. Elétrica,IFPB-VISITANTE,B8:11:4B:1D:14:82,-79,6
22/04/2026,07:33:16,46,Coordenação de Eng. Elétrica,IFPB TCC,D8:5D:4C:86:7E:66,-82,1
22/04/2026,07:33:16,46,Coordenação de Eng. Elétrica,IFPB-Sala_13,E8:94:F6:B9:2F:46,-82,6
22/04/2026,07:33:16,46,Coordenação de Eng. Elétrica,NPEF/NEPA,50:C7:BF:EF:56:8A,-88,3
22/04/2026,07:33:16,46,Coordenação de Eng. Elétrica,TP-Link_1324,7C:F1:7E:8D:13:22,-89,10
22/04/2026,07:33:25,47,Coordenação de Eng. Elétrica,IFPB-VISITANTE,84:F1:47:54:95:E2,-56,11
22/04/2026,07:33:25,47,Coordenação de Eng. Elétrica,IFPB,84:F1:47:54:95:E0,-57,11
22/04/2026,07:33:25,47,Coordenação de Eng. Elétrica,TP-Link_C3CB,D8:0D:17:3E:C3:CB,-60,4
22/04/2026,07:33:25,47,Coordenação de Eng. Elétrica,NUNYA_Room_2.4GHz,CC:32:E5:0C:FC:2B,-65,9
22/04/2026,07:33:25,47,Coordenação de Eng. Elétrica,IFPB-Sala_Professor_14,48:51:CF:81:B0:9E,-67,3
22/04/2026,07:33:25,47,Coordenação de Eng. Elétrica,IFPB-Sala_Professor_14,24:FD:0D:57:19:26,-67,5
22/04/2026,07:33:25,47,Coordenação de Eng. Elétrica,GPDS,00:26:5A:66:55:EF,-69,6
22/04/2026,07:33:25,47,Coordenação de Eng. Elétrica,APTelefonia,58:10:8C:91:F3:AA,-70,1
22/04/2026,07:33:25,47,Coordenação de Eng. Elétrica,Lab. de Sinais Digitais,18:D6:C7:F9:37:2F,-74,11
22/04/2026,07:33:25,47,Coordenação de Eng. Elétrica,Intelbras,18:0D:2C:7F:EB:AC,-76,7
22/04/2026,07:33:26,47,Coordenação de Eng. Elétrica,UA2-MiniLab,60:32:B1:2D:66:C3,-76,10
22/04/2026,07:33:26,47,Coordenação de Eng. Elétrica,IFPB,84:F1:47:54:F9:80,-76,11
22/04/2026,07:33:26,47,Coordenação de Eng. Elétrica,IFPB-VISITANTE,84:F1:47:54:F9:82,-76,11
22/04/2026,07:33:26,47,Coordenação de Eng. Elétrica,IFPB-VISITANTE,B8:11:4B:1D:14:82,-79,6
22/04/2026,07:33:26,47,Coordenação de Eng. Elétrica,SALA_MESTRADO,64:66:B3:62:EB:86,-80,1
22/04/2026,07:33:26,47,Coordenação de Eng. Elétrica,IFPB,B8:11:4B:1D:14:80,-80,6
22/04/2026,07:33:26,47,Coordenação de Eng. Elétrica,IFPB-Sala_13,E8:94:F6:B9:2F:46,-80,6
22/04/2026,07:33:26,47,Coordenação de Eng. Elétrica,IFPB TCC,D8:5D:4C:86:7E:66,-81,1
22/04/2026,07:33:26,47,Coordenação de Eng. Elétrica,TP-Link_1324,7C:F1:7E:8D:13:22,-87,10
22/04/2026,07:33:26,47,Coordenação de Eng. Elétrica,IFPB-VISITANTE,84:F1:47:54:FD:C2,-88,1
22/04/2026,07:33:26,47,Coordenação de Eng. Elétrica,IFPB,84:F1:47:54:FD:C0,-88,1
22/04/2026,07:33:26,47,Coordenação de Eng. Elétrica,IFPB,24:36:DA:2B:5E:C0,-89,1
22/04/2026,07:33:26,47,Coordenação de Eng. Elétrica,IFPB-VISITANTE,24:36:DA:2B:5E:C2,-90,1
22/04/2026,07:33:26,47,Coordenação de Eng. Elétrica,NPEF/NEPA,50:C7:BF:EF:56:8A,-90,3
22/04/2026,07:33:26,47,Coordenação de Eng. Elétrica,Grel Wifi,00:27:19:CA:71:D2,-92,11
22/04/2026,07:33:36,48,Coordenação de Eng. Elétrica,IFPB,84:F1:47:54:95:E0,-57,11
22/04/2026,07:33:36,48,Coordenação de Eng. Elétrica,IFPB-VISITANTE,84:F1:47:54:95:E2,-57,11
22/04/2026,07:33:36,48,Coordenação de Eng. Elétrica,TP-Link_C3CB,D8:0D:17:3E:C3:CB,-59,4
22/04/2026,07:33:36,48,Coordenação de Eng. Elétrica,IFPB-Sala_Professor_14,48:51:CF:81:B0:9E,-65,3
22/04/2026,07:33:36,48,Coordenação de Eng. Elétrica,NUNYA_Room_2.4GHz,CC:32:E5:0C:FC:2B,-65,9
22/04/2026,07:33:36,48,Coordenação de Eng. Elétrica,GPDS,00:26:5A:66:55:EF,-68,6
22/04/2026,07:33:36,48,Coordenação de Eng. Elétrica,APTelefonia,58:10:8C:91:F3:AA,-72,1
22/04/2026,07:33:36,48,Coordenação de Eng. Elétrica,Lab. de Sinais Digitais,18:D6:C7:F9:37:2F,-72,11
22/04/2026,07:33:36,48,Coordenação de Eng. Elétrica,Intelbras,18:0D:2C:7F:EB:AC,-76,7
22/04/2026,07:33:36,48,Coordenação de Eng. Elétrica,UA2-MiniLab,60:32:B1:2D:66:C3,-77,10
22/04/2026,07:33:36,48,Coordenação de Eng. Elétrica,IFPB,84:F1:47:54:F9:80,-77,11
22/04/2026,07:33:36,48,Coordenação de Eng. Elétrica,IFPB-VISITANTE,84:F1:47:54:F9:82,-77,11
22/04/2026,07:33:36,48,Coordenação de Eng. Elétrica,IFPB-Sala_Professor_14,24:FD:0D:57:19:26,-78,5
22/04/2026,07:33:36,48,Coordenação de Eng. Elétrica,IFPB-Sala_13,E8:94:F6:B9:2F:46,-80,6
22/04/2026,07:33:36,48,Coordenação de Eng. Elétrica,IFPB-VISITANTE,B8:11:4B:1D:14:82,-80,6
22/04/2026,07:33:36,48,Coordenação de Eng. Elétrica,IFPB,B8:11:4B:1D:14:80,-81,6
22/04/2026,07:33:36,48,Coordenação de Eng. Elétrica,IFPB TCC,D8:5D:4C:86:7E:66,-82,1
22/04/2026,07:33:36,48,Coordenação de Eng. Elétrica,SALA_MESTRADO,64:66:B3:62:EB:86,-83,1
22/04/2026,07:33:36,48,Coordenação de Eng. Elétrica,IFPB-VISITANTE,84:F1:47:54:96:E2,-88,1
22/04/2026,07:33:36,48,Coordenação de Eng. Elétrica,IFPB,84:F1:47:54:96:E0,-89,1
22/04/2026,07:33:36,48,Coordenação de Eng. Elétrica,NPEF/NEPA,50:C7:BF:EF:56:8A,-90,3
22/04/2026,07:33:46,49,Coordenação de Eng. Elétrica,IFPB,84:F1:47:54:95:E0,-56,11
22/04/2026,07:33:46,49,Coordenação de Eng. Elétrica,IFPB-VISITANTE,84:F1:47:54:95:E2,-57,11
22/04/2026,07:33:46,49,Coordenação de Eng. Elétrica,TP-Link_C3CB,D8:0D:17:3E:C3:CB,-63,4
22/04/2026,07:33:46,49,Coordenação de Eng. Elétrica,IFPB-Sala_Professor_14,24:FD:0D:57:19:26,-67,5
22/04/2026,07:33:46,49,Coordenação de Eng. Elétrica,GPDS,00:26:5A:66:55:EF,-68,6
22/04/2026,07:33:46,49,Coordenação de Eng. Elétrica,NUNYA_Room_2.4GHz,CC:32:E5:0C:FC:2B,-68,9
22/04/2026,07:33:46,49,Coordenação de Eng. Elétrica,APTelefonia,58:10:8C:91:F3:AA,-69,1
22/04/2026,07:33:46,49,Coordenação de Eng. Elétrica,IFPB-Sala_Professor_14,48:51:CF:81:B0:9E,-69,3
22/04/2026,07:33:46,49,Coordenação de Eng. Elétrica,IFPB-Sala_13,E8:94:F6:B9:2F:46,-74,6
22/04/2026,07:33:46,49,Coordenação de Eng. Elétrica,Intelbras,18:0D:2C:7F:EB:AC,-75,7
22/04/2026,07:33:46,49,Coordenação de Eng. Elétrica,Lab. de Sinais Digitais,18:D6:C7:F9:37:2F,-75,11
22/04/2026,07:33:46,49,Coordenação de Eng. Elétrica,UA2-MiniLab,60:32:B1:2D:66:C3,-76,10
22/04/2026,07:33:46,49,Coordenação de Eng. Elétrica,IFPB,84:F1:47:54:F9:80,-76,11
22/04/2026,07:33:46,49,Coordenação de Eng. Elétrica,IFPB-VISITANTE,84:F1:47:54:F9:82,-76,11
22/04/2026,07:33:46,49,Coordenação de Eng. Elétrica,SALA_MESTRADO,64:66:B3:62:EB:86,-77,1
22/04/2026,07:33:46,49,Coordenação de Eng. Elétrica,IFPB TCC,D8:5D:4C:86:7E:66,-80,1
22/04/2026,07:33:46,49,Coordenação de Eng. Elétrica,IFPB-VISITANTE,B8:11:4B:1D:14:82,-81,6
22/04/2026,07:33:46,49,Coordenação de Eng. Elétrica,IFPB,B8:11:4B:1D:14:80,-82,6
22/04/2026,07:33:46,49,Coordenação de Eng. Elétrica,TP-Link_1324,7C:F1:7E:8D:13:22,-85,10
22/04/2026,07:33:46,49,Coordenação de Eng. Elétrica,IFPB,84:F1:47:54:FD:C0,-87,1
22/04/2026,07:33:46,49,Coordenação de Eng. Elétrica,IFPB-VISITANTE,84:F1:47:54:FD:C2,-87,1
22/04/2026,07:33:46,49,Coordenação de Eng. Elétrica,IFPB-VISITANTE,84:F1:47:54:96:E2,-88,1
22/04/2026,07:33:46,49,Coordenação de Eng. Elétrica,IFPB,84:F1:47:54:96:E0,-89,1
22/04/2026,07:33:46,49,Coordenação de Eng. Elétrica,NPEF/NEPA,50:C7:BF:EF:56:8A,-89,3
22/04/2026,07:33:46,49,Coordenação de Eng. Elétrica,Grel Wifi,00:27:19:CA:71:D2,-95,11
22/04/2026,07:33:56,50,Coordenação de Eng. Elétrica,IFPB,84:F1:47:54:95:E0,-57,11
22/04/2026,07:33:56,50,Coordenação de Eng. Elétrica,IFPB-VISITANTE,84:F1:47:54:95:E2,-57,11
22/04/2026,07:33:56,50,Coordenação de Eng. Elétrica,IFPB-Sala_Professor_14,48:51:CF:81:B0:9E,-62,3
22/04/2026,07:33:56,50,Coordenação de Eng. Elétrica,NUNYA_Room_2.4GHz,CC:32:E5:0C:FC:2B,-64,9
22/04/2026,07:33:56,50,Coordenação de Eng. Elétrica,TP-Link_C3CB,D8:0D:17:3E:C3:CB,-66,4
22/04/2026,07:33:56,50,Coordenação de Eng. Elétrica,IFPB-Sala_Professor_14,24:FD:0D:57:19:26,-68,5
22/04/2026,07:33:56,50,Coordenação de Eng. Elétrica,GPDS,00:26:5A:66:55:EF,-69,6
22/04/2026,07:33:56,50,Coordenação de Eng. Elétrica,APTelefonia,58:10:8C:91:F3:AA,-70,1
22/04/2026,07:33:56,50,Coordenação de Eng. Elétrica,Lab. de Sinais Digitais,18:D6:C7:F9:37:2F,-74,11
22/04/2026,07:33:56,50,Coordenação de Eng. Elétrica,Intelbras,18:0D:2C:7F:EB:AC,-76,7
22/04/2026,07:33:56,50,Coordenação de Eng. Elétrica,IFPB,84:F1:47:54:F9:80,-76,11
22/04/2026,07:33:56,50,Coordenação de Eng. Elétrica,IFPB-VISITANTE,84:F1:47:54:F9:82,-76,11
22/04/2026,07:33:56,50,Coordenação de Eng. Elétrica,SALA_MESTRADO,64:66:B3:62:EB:86,-77,1
22/04/2026,07:33:56,50,Coordenação de Eng. Elétrica,UA2-MiniLab,60:32:B1:2D:66:C3,-77,10
22/04/2026,07:33:56,50,Coordenação de Eng. Elétrica,IFPB-Sala_13,E8:94:F6:B9:2F:46,-79,6
22/04/2026,07:33:56,50,Coordenação de Eng. Elétrica,IFPB,B8:11:4B:1D:14:80,-79,6
22/04/2026,07:33:56,50,Coordenação de Eng. Elétrica,IFPB-VISITANTE,B8:11:4B:1D:14:82,-80,6
22/04/2026,07:33:56,50,Coordenação de Eng. Elétrica,IFPB TCC,D8:5D:4C:86:7E:66,-81,1
22/04/2026,07:33:56,50,Coordenação de Eng. Elétrica,IFPB-VISITANTE,84:F1:47:54:FD:C2,-88,1
22/04/2026,07:33:56,50,Coordenação de Eng. Elétrica,NPEF/NEPA,50:C7:BF:EF:56:8A,-89,3
22/04/2026,07:33:56,50,Coordenação de Eng. Elétrica,IFPB,84:F1:47:54:FD:C0,-90,1
22/04/2026,07:33:56,50,Coordenação de Eng. Elétrica,Grel Wifi,00:27:19:CA:71:D2,-94,11
22/04/2026,07:34:40,51,Auditório de Eng. Elétrica,Lab. de Sinais Digitais,18:D6:C7:F9:37:2F,-56,11
22/04/2026,07:34:40,51,Auditório de Eng. Elétrica,TP-Link_1324,7C:F1:7E:8D:13:22,-63,10
22/04/2026,07:34:40,51,Auditório de Eng. Elétrica,GPDS,00:26:5A:66:55:EF,-72,6
22/04/2026,07:34:40,51,Auditório de Eng. Elétrica,IFPB,84:F1:47:54:F9:80,-72,11
22/04/2026,07:34:40,51,Auditório de Eng. Elétrica,IFPB-VISITANTE,84:F1:47:54:F9:82,-73,11
22/04/2026,07:34:40,51,Auditório de Eng. Elétrica,APTelefonia,58:10:8C:91:F3:AA,-77,1
22/04/2026,07:34:40,51,Auditório de Eng. Elétrica,kaka-IF,00:E0:4C:65:36:BC,-77,11
22/04/2026,07:34:40,51,Auditório de Eng. Elétrica,IFPB,84:F1:47:54:8B:A0,-79,1
22/04/2026,07:34:40,51,Auditório de Eng. Elétrica,IFPB-VISITANTE,84:F1:47:54:8B:A2,-79,1
22/04/2026,07:34:40,51,Auditório de Eng. Elétrica,TP-Link_C3CB,D8:0D:17:3E:C3:CB,-79,4
22/04/2026,07:34:40,51,Auditório de Eng. Elétrica,IFPB,84:F1:47:54:6B:80,-80,6
22/04/2026,07:34:41,51,Auditório de Eng. Elétrica,IFPB-VISITANTE,84:F1:47:54:6B:82,-80,6
22/04/2026,07:34:41,51,Auditório de Eng. Elétrica,UA2-MiniLab,60:32:B1:2D:66:C3,-80,10
22/04/2026,07:34:41,51,Auditório de Eng. Elétrica,SALA_MESTRADO,64:66:B3:62:EB:86,-81,1
22/04/2026,07:34:41,51,Auditório de Eng. Elétrica,NPEF/NEPA,50:C7:BF:EF:56:8A,-82,3
22/04/2026,07:34:41,51,Auditório de Eng. Elétrica,Intelbras,18:0D:2C:7F:EB:AC,-82,7
22/04/2026,07:34:41,51,Auditório de Eng. Elétrica,IFPB,84:F1:47:54:96:E0,-87,1
22/04/2026,07:34:41,51,Auditório de Eng. Elétrica,IFPB-VISITANTE,84:F1:47:54:96:E2,-87,1
22/04/2026,07:34:41,51,Auditório de Eng. Elétrica,IFPB-Sala_Professor_14,48:51:CF:81:B0:9E,-88,3
22/04/2026,07:34:41,51,Auditório de Eng. Elétrica,IFPB,84:F1:47:54:95:E0,-89,11
22/04/2026,07:34:41,51,Auditório de Eng. Elétrica,IFPB-VISITANTE,84:F1:47:54:95:E2,-89,11
22/04/2026,07:34:41,51,Auditório de Eng. Elétrica,IFPB-Sala_Professor_14,24:FD:0D:57:19:26,-91,5
22/04/2026,07:34:41,51,Auditório de Eng. Elétrica,IFPB-VISITANTE,24:36:DA:2B:BC:02,-91,6
22/04/2026,07:34:41,51,Auditório de Eng. Elétrica,IFPB TCC,D8:5D:4C:86:7E:66,-93,1
22/04/2026,07:34:50,52,Auditório de Eng. Elétrica,Lab. de Sinais Digitais,18:D6:C7:F9:37:2F,-60,11
22/04/2026,07:34:50,52,Auditório de Eng. Elétrica,TP-Link_1324,7C:F1:7E:8D:13:22,-63,10
22/04/2026,07:34:50,52,Auditório de Eng. Elétrica,GPDS,00:26:5A:66:55:EF,-71,6
22/04/2026,07:34:50,52,Auditório de Eng. Elétrica,APTelefonia,58:10:8C:91:F3:AA,-72,1
22/04/2026,07:34:50,52,Auditório de Eng. Elétrica,IFPB-VISITANTE,84:F1:47:54:F9:82,-72,11
22/04/2026,07:34:50,52,Auditório de Eng. Elétrica,IFPB,84:F1:47:54:F9:80,-73,11
22/04/2026,07:34:50,52,Auditório de Eng. Elétrica,UA2-MiniLab,60:32:B1:2D:66:C3,-77,10
22/04/2026,07:34:50,52,Auditório de Eng. Elétrica,IFPB-VISITANTE,84:F1:47:54:6B:82,-79,6
22/04/2026,07:34:50,52,Auditório de Eng. Elétrica,SALA_MESTRADO,64:66:B3:62:EB:86,-80,1
22/04/2026,07:34:50,52,Auditório de Eng. Elétrica,IFPB-VISITANTE,84:F1:47:54:8B:A2,-80,1
22/04/2026,07:34:51,52,Auditório de Eng. Elétrica,IFPB,84:F1:47:54:8B:A0,-80,1
22/04/2026,07:34:51,52,Auditório de Eng. Elétrica,kaka-IF,00:E0:4C:65:36:BC,-80,11
22/04/2026,07:34:51,52,Auditório de Eng. Elétrica,TP-Link_C3CB,D8:0D:17:3E:C3:CB,-81,4
22/04/2026,07:34:51,52,Auditório de Eng. Elétrica,IFPB,84:F1:47:54:6B:80,-81,6
22/04/2026,07:34:51,52,Auditório de Eng. Elétrica,Intelbras,18:0D:2C:7F:EB:AC,-84,7
22/04/2026,07:34:51,52,Auditório de Eng. Elétrica,IFPB-VISITANTE,84:F1:47:54:96:E2,-85,1
22/04/2026,07:34:51,52,Auditório de Eng. Elétrica,IFPB,84:F1:47:54:96:E0,-85,1
22/04/2026,07:34:51,52,Auditório de Eng. Elétrica,NPEF/NEPA,50:C7:BF:EF:56:8A,-85,3
22/04/2026,07:34:51,52,Auditório de Eng. Elétrica,IFPB-Sala_Professor_14,48:51:CF:81:B0:9E,-89,3
22/04/2026,07:34:51,52,Auditório de Eng. Elétrica,IFPB-VISITANTE,24:36:DA:2B:BC:02,-89,6
22/04/2026,07:34:51,52,Auditório de Eng. Elétrica,IFPB,24:36:DA:2B:BC:00,-90,6
22/04/2026,07:34:51,52,Auditório de Eng. Elétrica,IFPB-Sala_Professor_14,24:FD:0D:57:19:26,-91,5
22/04/2026,07:34:51,52,Auditório de Eng. Elétrica,NUNYA_Room_2.4GHz,CC:32:E5:0C:FC:2B,-92,9
22/04/2026,07:34:51,52,Auditório de Eng. Elétrica,IFPB-Sala_13,E8:94:F6:B9:2F:46,-94,6
22/04/2026,07:34:51,52,Auditório de Eng. Elétrica,IFPB TCC,D8:5D:4C:86:7E:66,-96,1
22/04/2026,07:35:00,53,Auditório de Eng. Elétrica,Lab. de Sinais Digitais,18:D6:C7:F9:37:2F,-57,11
22/04/2026,07:35:00,53,Auditório de Eng. Elétrica,TP-Link_1324,7C:F1:7E:8D:13:22,-64,10
22/04/2026,07:35:00,53,Auditório de Eng. Elétrica,APTelefonia,58:10:8C:91:F3:AA,-68,1
22/04/2026,07:35:00,53,Auditório de Eng. Elétrica,GPDS,00:26:5A:66:55:EF,-70,6
22/04/2026,07:35:00,53,Auditório de Eng. Elétrica,IFPB,84:F1:47:54:F9:80,-72,11
22/04/2026,07:35:01,53,Auditório de Eng. Elétrica,IFPB-VISITANTE,84:F1:47:54:F9:82,-72,11
22/04/2026,07:35:01,53,Auditório de Eng. Elétrica,NPEF/NEPA,50:C7:BF:EF:56:8A,-76,3
22/04/2026,07:35:01,53,Auditório de Eng. Elétrica,kaka-IF,00:E0:4C:65:36:BC,-77,11
22/04/2026,07:35:01,53,Auditório de Eng. Elétrica,IFPB,84:F1:47:54:8B:A0,-78,1
22/04/2026,07:35:01,53,Auditório de Eng. Elétrica,IFPB-VISITANTE,84:F1:47:54:8B:A2,-78,1
22/04/2026,07:35:01,53,Auditório de Eng. Elétrica,UA2-MiniLab,60:32:B1:2D:66:C3,-79,10
22/04/2026,07:35:01,53,Auditório de Eng. Elétrica,IFPB-VISITANTE,84:F1:47:54:96:E2,-80,1
22/04/2026,07:35:01,53,Auditório de Eng. Elétrica,IFPB,84:F1:47:54:96:E0,-81,1
22/04/2026,07:35:01,53,Auditório de Eng. Elétrica,IFPB-Sala_Professor_14,24:FD:0D:57:19:26,-81,5
22/04/2026,07:35:01,53,Auditório de Eng. Elétrica,IFPB,84:F1:47:54:6B:80,-81,6
22/04/2026,07:35:01,53,Auditório de Eng. Elétrica,IFPB-VISITANTE,84:F1:47:54:6B:82,-81,6
22/04/2026,07:35:01,53,Auditório de Eng. Elétrica,Intelbras,18:0D:2C:7F:EB:AC,-81,7
22/04/2026,07:35:01,53,Auditório de Eng. Elétrica,TP-Link_C3CB,D8:0D:17:3E:C3:CB,-82,4
22/04/2026,07:35:01,53,Auditório de Eng. Elétrica,SALA_MESTRADO,64:66:B3:62:EB:86,-84,1
22/04/2026,07:35:01,53,Auditório de Eng. Elétrica,IFPB,24:36:DA:2B:BC:00,-85,6
22/04/2026,07:35:01,53,Auditório de Eng. Elétrica,IFPB-VISITANTE,24:36:DA:2B:BC:02,-86,6
22/04/2026,07:35:01,53,Auditório de Eng. Elétrica,IFPB,24:36:DA:2B:5E:C0,-87,1
22/04/2026,07:35:01,53,Auditório de Eng. Elétrica,IFPB,84:F1:47:54:EB:20,-87,6
22/04/2026,07:35:01,53,Auditório de Eng. Elétrica,IFPB-VISITANTE,24:36:DA:2B:5E:C2,-88,1
22/04/2026,07:35:01,53,Auditório de Eng. Elétrica,IFPB-Sala_Professor_14,48:51:CF:81:B0:9E,-88,3
22/04/2026,07:35:01,53,Auditório de Eng. Elétrica,IFPB-VISITANTE,84:F1:47:54:EB:22,-89,6
22/04/2026,07:35:01,53,Auditório de Eng. Elétrica,IFPB,84:F1:47:54:95:E0,-89,11
22/04/2026,07:35:01,53,Auditório de Eng. Elétrica,IFPB-VISITANTE,84:F1:47:54:95:E2,-90,11
22/04/2026,07:35:01,53,Auditório de Eng. Elétrica,NUNYA_Room_2.4GHz,CC:32:E5:0C:FC:2B,-95,9
22/04/2026,07:35:11,54,Auditório de Eng. Elétrica,Lab. de Sinais Digitais,18:D6:C7:F9:37:2F,-56,11
22/04/2026,07:35:11,54,Auditório de Eng. Elétrica,TP-Link_1324,7C:F1:7E:8D:13:22,-66,10
22/04/2026,07:35:11,54,Auditório de Eng. Elétrica,GPDS,00:26:5A:66:55:EF,-71,6
22/04/2026,07:35:11,54,Auditório de Eng. Elétrica,APTelefonia,58:10:8C:91:F3:AA,-72,1
22/04/2026,07:35:11,54,Auditório de Eng. Elétrica,kaka-IF,00:E0:4C:65:36:BC,-74,11
22/04/2026,07:35:11,54,Auditório de Eng. Elétrica,NPEF/NEPA,50:C7:BF:EF:56:8A,-76,3
22/04/2026,07:35:11,54,Auditório de Eng. Elétrica,SALA_MESTRADO,64:66:B3:62:EB:86,-77,1
22/04/2026,07:35:11,54,Auditório de Eng. Elétrica,IFPB-VISITANTE,84:F1:47:54:8B:A2,-78,1
22/04/2026,07:35:11,54,Auditório de Eng. Elétrica,IFPB,84:F1:47:54:8B:A0,-78,1
22/04/2026,07:35:11,54,Auditório de Eng. Elétrica,IFPB-VISITANTE,84:F1:47:54:F9:82,-79,11
22/04/2026,07:35:11,54,Auditório de Eng. Elétrica,IFPB,84:F1:47:54:F9:80,-79,11
22/04/2026,07:35:11,54,Auditório de Eng. Elétrica,UA2-MiniLab,60:32:B1:2D:66:C3,-80,10
22/04/2026,07:35:11,54,Auditório de Eng. Elétrica,IFPB-VISITANTE,84:F1:47:54:96:E2,-81,1
22/04/2026,07:35:11,54,Auditório de Eng. Elétrica,IFPB-Sala_Professor_14,24:FD:0D:57:19:26,-81,5
22/04/2026,07:35:11,54,Auditório de Eng. Elétrica,Intelbras,18:0D:2C:7F:EB:AC,-81,7
22/04/2026,07:35:11,54,Auditório de Eng. Elétrica,IFPB,84:F1:47:54:96:E0,-82,1
22/04/2026,07:35:11,54,Auditório de Eng. Elétrica,IFPB,84:F1:47:54:6B:80,-82,6
22/04/2026,07:35:11,54,Auditório de Eng. Elétrica,IFPB-VISITANTE,84:F1:47:54:6B:82,-83,6
22/04/2026,07:35:11,54,Auditório de Eng. Elétrica,TP-Link_C3CB,D8:0D:17:3E:C3:CB,-85,4
22/04/2026,07:35:11,54,Auditório de Eng. Elétrica,IFPB-VISITANTE,24:36:DA:2B:BC:02,-85,6
22/04/2026,07:35:11,54,Auditório de Eng. Elétrica,IFPB,24:36:DA:2B:BC:00,-85,6
22/04/2026,07:35:11,54,Auditório de Eng. Elétrica,IFPB-VISITANTE,24:36:DA:2B:5E:C2,-88,1
22/04/2026,07:35:11,54,Auditório de Eng. Elétrica,IFPB-VISITANTE,84:F1:47:54:EB:22,-88,6
22/04/2026,07:35:11,54,Auditório de Eng. Elétrica,IFPB,24:36:DA:2B:5E:C0,-89,1
22/04/2026,07:35:11,54,Auditório de Eng. Elétrica,IFPB,84:F1:47:54:EB:20,-89,6
22/04/2026,07:35:11,54,Auditório de Eng. Elétrica,IFPB-Sala_Professor_14,48:51:CF:81:B0:9E,-90,3
22/04/2026,07:35:11,54,Auditório de Eng. Elétrica,IFPB TCC,D8:5D:4C:86:7E:66,-93,1
22/04/2026,07:35:11,54,Auditório de Eng. Elétrica,NUNYA_Room_2.4GHz,CC:32:E5:0C:FC:2B,-93,9
22/04/2026,07:35:21,55,Auditório de Eng. Elétrica,Lab. de Sinais Digitais,18:D6:C7:F9:37:2F,-56,11
22/04/2026,07:35:21,55,Auditório de Eng. Elétrica,TP-Link_1324,7C:F1:7E:8D:13:22,-63,10
22/04/2026,07:35:21,55,Auditório de Eng. Elétrica,APTelefonia,58:10:8C:91:F3:AA,-71,1
22/04/2026,07:35:21,55,Auditório de Eng. Elétrica,GPDS,00:26:5A:66:55:EF,-73,6
22/04/2026,07:35:21,55,Auditório de Eng. Elétrica,IFPB,84:F1:47:54:F9:80,-73,11
22/04/2026,07:35:21,55,Auditório de Eng. Elétrica,IFPB-VISITANTE,84:F1:47:54:F9:82,-73,11
22/04/2026,07:35:21,55,Auditório de Eng. Elétrica,kaka-IF,00:E0:4C:65:36:BC,-75,11
22/04/2026,07:35:21,55,Auditório de Eng. Elétrica,NPEF/NEPA,50:C7:BF:EF:56:8A,-79,3
22/04/2026,07:35:21,55,Auditório de Eng. Elétrica,IFPB-VISITANTE,84:F1:47:54:8B:A2,-80,1
22/04/2026,07:35:21,55,Auditório de Eng. Elétrica,IFPB-Sala_Professor_14,24:FD:0D:57:19:26,-80,5
22/04/2026,07:35:21,55,Auditório de Eng. Elétrica,IFPB,84:F1:47:54:8B:A0,-81,1
22/04/2026,07:35:21,55,Auditório de Eng. Elétrica,Intelbras,18:0D:2C:7F:EB:AC,-81,7
22/04/2026,07:35:21,55,Auditório de Eng. Elétrica,IFPB-VISITANTE,84:F1:47:54:96:E2,-82,1
22/04/2026,07:35:21,55,Auditório de Eng. Elétrica,IFPB,84:F1:47:54:96:E0,-82,1
22/04/2026,07:35:21,55,Auditório de Eng. Elétrica,IFPB,84:F1:47:54:6B:80,-82,6
22/04/2026,07:35:21,55,Auditório de Eng. Elétrica,UA2-MiniLab,60:32:B1:2D:66:C3,-82,10
22/04/2026,07:35:21,55,Auditório de Eng. Elétrica,IFPB-VISITANTE,24:36:DA:2B:BC:02,-83,6
22/04/2026,07:35:21,55,Auditório de Eng. Elétrica,IFPB-VISITANTE,84:F1:47:54:6B:82,-83,6
22/04/2026,07:35:21,55,Auditório de Eng. Elétrica,SALA_MESTRADO,64:66:B3:62:EB:86,-85,1
22/04/2026,07:35:21,55,Auditório de Eng. Elétrica,IFPB,24:36:DA:2B:BC:00,-85,6
22/04/2026,07:35:21,55,Auditório de Eng. Elétrica,IFPB-Sala_Professor_14,48:51:CF:81:B0:9E,-86,3
22/04/2026,07:35:21,55,Auditório de Eng. Elétrica,IFPB,24:36:DA:2B:5E:C0,-87,1
22/04/2026,07:35:21,55,Auditório de Eng. Elétrica,IFPB-VISITANTE,24:36:DA:2B:5E:C2,-87,1
22/04/2026,07:35:21,55,Auditório de Eng. Elétrica,TP-Link_C3CB,D8:0D:17:3E:C3:CB,-89,4
22/04/2026,07:35:21,55,Auditório de Eng. Elétrica,IFPB,84:F1:47:54:EB:20,-89,6
22/04/2026,07:35:21,55,Auditório de Eng. Elétrica,IFPB,84:F1:47:54:95:E0,-91,11
22/04/2026,07:35:21,55,Auditório de Eng. Elétrica,IFPB TCC,D8:5D:4C:86:7E:66,-95,1
22/04/2026,07:35:31,56,Auditório de Eng. Elétrica,Lab. de Sinais Digitais,18:D6:C7:F9:37:2F,-56,11
22/04/2026,07:35:31,56,Auditório de Eng. Elétrica,TP-Link_1324,7C:F1:7E:8D:13:22,-64,10
22/04/2026,07:35:31,56,Auditório de Eng. Elétrica,IFPB,84:F1:47:54:F9:80,-71,11
22/04/2026,07:35:31,56,Auditório de Eng. Elétrica,IFPB-VISITANTE,84:F1:47:54:F9:82,-71,11
22/04/2026,07:35:31,56,Auditório de Eng. Elétrica,GPDS,00:26:5A:66:55:EF,-72,6
22/04/2026,07:35:31,56,Auditório de Eng. Elétrica,Intelbras,18:0D:2C:7F:EB:AC,-78,7
22/04/2026,07:35:31,56,Auditório de Eng. Elétrica,APTelefonia,58:10:8C:91:F3:AA,-79,1
22/04/2026,07:35:31,56,Auditório de Eng. Elétrica,IFPB,84:F1:47:54:6B:80,-79,6
22/04/2026,07:35:31,56,Auditório de Eng. Elétrica,IFPB-VISITANTE,84:F1:47:54:6B:82,-79,6
22/04/2026,07:35:31,56,Auditório de Eng. Elétrica,NPEF/NEPA,50:C7:BF:EF:56:8A,-80,3
22/04/2026,07:35:31,56,Auditório de Eng. Elétrica,UA2-MiniLab,60:32:B1:2D:66:C3,-81,10
22/04/2026,07:35:31,56,Auditório de Eng. Elétrica,SALA_MESTRADO,64:66:B3:62:EB:86,-82,1
22/04/2026,07:35:31,56,Auditório de Eng. Elétrica,IFPB,84:F1:47:54:96:E0,-82,1
22/04/2026,07:35:31,56,Auditório de Eng. Elétrica,IFPB-VISITANTE,84:F1:47:54:96:E2,-82,1
22/04/2026,07:35:31,56,Auditório de Eng. Elétrica,kaka-IF,00:E0:4C:65:36:BC,-82,11
22/04/2026,07:35:31,56,Auditório de Eng. Elétrica,IFPB-VISITANTE,84:F1:47:54:8B:A2,-85,1
22/04/2026,07:35:31,56,Auditório de Eng. Elétrica,IFPB,24:36:DA:2B:BC:00,-86,6
22/04/2026,07:35:31,56,Auditório de Eng. Elétrica,IFPB,84:F1:47:54:8B:A0,-87,1
22/04/2026,07:35:31,56,Auditório de Eng. Elétrica,IFPB-VISITANTE,24:36:DA:2B:BC:02,-87,6
22/04/2026,07:35:31,56,Auditório de Eng. Elétrica,IFPB,24:36:DA:2B:5E:C0,-88,1
22/04/2026,07:35:31,56,Auditório de Eng. Elétrica,IFPB-VISITANTE,24:36:DA:2B:5E:C2,-88,1
22/04/2026,07:35:31,56,Auditório de Eng. Elétrica,TP-Link_C3CB,D8:0D:17:3E:C3:CB,-88,4
22/04/2026,07:35:31,56,Auditório de Eng. Elétrica,IFPB-Sala_Professor_14,48:51:CF:81:B0:9E,-89,3
22/04/2026,07:35:32,56,Auditório de Eng. Elétrica,IFPB,84:F1:47:54:95:E0,-89,11
22/04/2026,07:35:32,56,Auditório de Eng. Elétrica,IFPB-Sala_Professor_14,24:FD:0D:57:19:26,-90,5
22/04/2026,07:35:32,56,Auditório de Eng. Elétrica,IFPB-VISITANTE,84:F1:47:54:EB:22,-90,6
22/04/2026,07:35:32,56,Auditório de Eng. Elétrica,NUNYA_Room_2.4GHz,CC:32:E5:0C:FC:2B,-90,9
22/04/2026,07:35:32,56,Auditório de Eng. Elétrica,IFPB-VISITANTE,84:F1:47:54:95:E2,-90,11
22/04/2026,07:35:32,56,Auditório de Eng. Elétrica,IFPB TCC,D8:5D:4C:86:7E:66,-95,1
22/04/2026,07:35:41,57,Auditório de Eng. Elétrica,Lab. de Sinais Digitais,18:D6:C7:F9:37:2F,-57,11
22/04/2026,07:35:41,57,Auditório de Eng. Elétrica,TP-Link_1324,7C:F1:7E:8D:13:22,-65,10
22/04/2026,07:35:41,57,Auditório de Eng. Elétrica,APTelefonia,58:10:8C:91:F3:AA,-67,1
22/04/2026,07:35:41,57,Auditório de Eng. Elétrica,GPDS,00:26:5A:66:55:EF,-72,6
22/04/2026,07:35:41,57,Auditório de Eng. Elétrica,IFPB,84:F1:47:54:F9:80,-72,11
22/04/2026,07:35:41,57,Auditório de Eng. Elétrica,IFPB-VISITANTE,84:F1:47:54:F9:82,-72,11
22/04/2026,07:35:41,57,Auditório de Eng. Elétrica,IFPB-Sala_Professor_14,24:FD:0D:57:19:26,-77,5
22/04/2026,07:35:41,57,Auditório de Eng. Elétrica,UA2-MiniLab,60:32:B1:2D:66:C3,-77,10
22/04/2026,07:35:41,57,Auditório de Eng. Elétrica,kaka-IF,00:E0:4C:65:36:BC,-77,11
22/04/2026,07:35:41,57,Auditório de Eng. Elétrica,IFPB,84:F1:47:54:6B:80,-79,6
22/04/2026,07:35:42,57,Auditório de Eng. Elétrica,Intelbras,18:0D:2C:7F:EB:AC,-79,7
22/04/2026,07:35:42,57,Auditório de Eng. Elétrica,IFPB-VISITANTE,84:F1:47:54:96:E2,-80,1
22/04/2026,07:35:42,57,Auditório de Eng. Elétrica,IFPB,84:F1:47:54:96:E0,-80,1
22/04/2026,07:35:42,57,Auditório de Eng. Elétrica,NPEF/NEPA,50:C7:BF:EF:56:8A,-80,3
22/04/2026,07:35:42,57,Auditório de Eng. Elétrica,IFPB-VISITANTE,84:F1:47:54:6B:82,-80,6
22/04/2026,07:35:42,57,Auditório de Eng. Elétrica,TP-Link_C3CB,D8:0D:17:3E:C3:CB,-85,4
22/04/2026,07:35:42,57,Auditório de Eng. Elétrica,IFPB-Sala_Professor_14,48:51:CF:81:B0:9E,-86,3
22/04/2026,07:35:42,57,Auditório de Eng. Elétrica,IFPB-VISITANTE,84:F1:47:54:8B:A2,-88,1
22/04/2026,07:35:42,57,Auditório de Eng. Elétrica,IFPB,24:36:DA:2B:5E:C0,-88,1
22/04/2026,07:35:42,57,Auditório de Eng. Elétrica,IFPB-VISITANTE,24:36:DA:2B:5E:C2,-88,1
22/04/2026,07:35:42,57,Auditório de Eng. Elétrica,IFPB,84:F1:47:54:8B:A0,-88,1
22/04/2026,07:35:42,57,Auditório de Eng. Elétrica,IFPB-VISITANTE,24:36:DA:2B:BC:02,-88,6
22/04/2026,07:35:42,57,Auditório de Eng. Elétrica,IFPB,24:36:DA:2B:BC:00,-88,6
22/04/2026,07:35:42,57,Auditório de Eng. Elétrica,IFPB-VISITANTE,84:F1:47:54:EB:22,-89,6
22/04/2026,07:35:42,57,Auditório de Eng. Elétrica,NUNYA_Room_2.4GHz,CC:32:E5:0C:FC:2B,-89,9
22/04/2026,07:35:42,57,Auditório de Eng. Elétrica,SALA_MESTRADO,64:66:B3:62:EB:86,-90,1
22/04/2026,07:35:42,57,Auditório de Eng. Elétrica,IFPB TCC,D8:5D:4C:86:7E:66,-93,1
22/04/2026,07:35:51,58,Auditório de Eng. Elétrica,Lab. de Sinais Digitais,18:D6:C7:F9:37:2F,-57,11
22/04/2026,07:35:51,58,Auditório de Eng. Elétrica,TP-Link_1324,7C:F1:7E:8D:13:22,-63,10
22/04/2026,07:35:51,58,Auditório de Eng. Elétrica,GPDS,00:26:5A:66:55:EF,-72,6
22/04/2026,07:35:51,58,Auditório de Eng. Elétrica,IFPB,84:F1:47:54:F9:80,-72,11
22/04/2026,07:35:51,58,Auditório de Eng. Elétrica,IFPB-VISITANTE,84:F1:47:54:F9:82,-72,11
22/04/2026,07:35:52,58,Auditório de Eng. Elétrica,APTelefonia,58:10:8C:91:F3:AA,-73,1
22/04/2026,07:35:52,58,Auditório de Eng. Elétrica,IFPB-Sala_Professor_14,24:FD:0D:57:19:26,-77,5
22/04/2026,07:35:52,58,Auditório de Eng. Elétrica,kaka-IF,00:E0:4C:65:36:BC,-77,11
22/04/2026,07:35:52,58,Auditório de Eng. Elétrica,TP-Link_C3CB,D8:0D:17:3E:C3:CB,-80,4
22/04/2026,07:35:52,58,Auditório de Eng. Elétrica,IFPB-VISITANTE,84:F1:47:54:6B:82,-80,6
22/04/2026,07:35:52,58,Auditório de Eng. Elétrica,NPEF/NEPA,50:C7:BF:EF:56:8A,-81,3
22/04/2026,07:35:52,58,Auditório de Eng. Elétrica,IFPB,84:F1:47:54:6B:80,-81,6
22/04/2026,07:35:52,58,Auditório de Eng. Elétrica,Intelbras,18:0D:2C:7F:EB:AC,-81,7
22/04/2026,07:35:52,58,Auditório de Eng. Elétrica,IFPB,84:F1:47:54:8B:A0,-82,1
22/04/2026,07:35:52,58,Auditório de Eng. Elétrica,UA2-MiniLab,60:32:B1:2D:66:C3,-82,10
22/04/2026,07:35:52,58,Auditório de Eng. Elétrica,IFPB-VISITANTE,84:F1:47:54:8B:A2,-83,1
22/04/2026,07:35:52,58,Auditório de Eng. Elétrica,IFPB-Sala_Professor_14,48:51:CF:81:B0:9E,-85,3
22/04/2026,07:35:52,58,Auditório de Eng. Elétrica,IFPB-VISITANTE,24:36:DA:2B:BC:02,-85,6
22/04/2026,07:35:52,58,Auditório de Eng. Elétrica,IFPB,84:F1:47:54:96:E0,-86,1
22/04/2026,07:35:52,58,Auditório de Eng. Elétrica,IFPB,24:36:DA:2B:BC:00,-86,6
22/04/2026,07:35:52,58,Auditório de Eng. Elétrica,SALA_MESTRADO,64:66:B3:62:EB:86,-87,1
22/04/2026,07:35:52,58,Auditório de Eng. Elétrica,IFPB-VISITANTE,84:F1:47:54:96:E2,-87,1
22/04/2026,07:35:52,58,Auditório de Eng. Elétrica,IFPB-VISITANTE,84:F1:47:54:EB:22,-88,6
22/04/2026,07:35:52,58,Auditório de Eng. Elétrica,IFPB,84:F1:47:54:95:E0,-89,11
22/04/2026,07:35:52,58,Auditório de Eng. Elétrica,IFPB,84:F1:47:54:EB:20,-90,6
22/04/2026,07:35:52,58,Auditório de Eng. Elétrica,IFPB-VISITANTE,84:F1:47:54:95:E2,-90,11
22/04/2026,07:35:52,58,Auditório de Eng. Elétrica,NUNYA_Room_2.4GHz,CC:32:E5:0C:FC:2B,-92,9
22/04/2026,07:35:52,58,Auditório de Eng. Elétrica,IFPB TCC,D8:5D:4C:86:7E:66,-94,1
22/04/2026,07:36:02,59,Auditório de Eng. Elétrica,Lab. de Sinais Digitais,18:D6:C7:F9:37:2F,-56,11
22/04/2026,07:36:02,59,Auditório de Eng. Elétrica,TP-Link_1324,7C:F1:7E:8D:13:22,-61,10
22/04/2026,07:36:02,59,Auditório de Eng. Elétrica,APTelefonia,58:10:8C:91:F3:AA,-69,1
22/04/2026,07:36:02,59,Auditório de Eng. Elétrica,IFPB,84:F1:47:54:F9:80,-72,11
22/04/2026,07:36:02,59,Auditório de Eng. Elétrica,IFPB-VISITANTE,84:F1:47:54:F9:82,-72,11
22/04/2026,07:36:02,59,Auditório de Eng. Elétrica,GPDS,00:26:5A:66:55:EF,-77,6
22/04/2026,07:36:02,59,Auditório de Eng. Elétrica,UA2-MiniLab,60:32:B1:2D:66:C3,-78,10
22/04/2026,07:36:02,59,Auditório de Eng. Elétrica,kaka-IF,00:E0:4C:65:36:BC,-78,11
22/04/2026,07:36:02,59,Auditório de Eng. Elétrica,IFPB,84:F1:47:54:96:E0,-79,1
22/04/2026,07:36:02,59,Auditório de Eng. Elétrica,IFPB-VISITANTE,84:F1:47:54:96:E2,-80,1
22/04/2026,07:36:02,59,Auditório de Eng. Elétrica,Intelbras,18:0D:2C:7F:EB:AC,-80,7
22/04/2026,07:36:02,59,Auditório de Eng. Elétrica,NPEF/NEPA,50:C7:BF:EF:56:8A,-81,3
22/04/2026,07:36:02,59,Auditório de Eng. Elétrica,IFPB,84:F1:47:54:6B:80,-81,6
22/04/2026,07:36:02,59,Auditório de Eng. Elétrica,IFPB-VISITANTE,84:F1:47:54:6B:82,-81,6
22/04/2026,07:36:02,59,Auditório de Eng. Elétrica,TP-Link_C3CB,D8:0D:17:3E:C3:CB,-82,4
22/04/2026,07:36:02,59,Auditório de Eng. Elétrica,IFPB,84:F1:47:54:8B:A0,-83,1
22/04/2026,07:36:02,59,Auditório de Eng. Elétrica,IFPB-VISITANTE,84:F1:47:54:8B:A2,-83,1
22/04/2026,07:36:02,59,Auditório de Eng. Elétrica,IFPB-Sala_Professor_14,48:51:CF:81:B0:9E,-85,3
22/04/2026,07:36:02,59,Auditório de Eng. Elétrica,IFPB-VISITANTE,24:36:DA:2B:BC:02,-86,6
22/04/2026,07:36:02,59,Auditório de Eng. Elétrica,IFPB,24:36:DA:2B:BC:00,-86,6
22/04/2026,07:36:02,59,Auditório de Eng. Elétrica,IFPB-Sala_Professor_14,24:FD:0D:57:19:26,-87,5
22/04/2026,07:36:02,59,Auditório de Eng. Elétrica,NUNYA_Room_2.4GHz,CC:32:E5:0C:FC:2B,-88,9
22/04/2026,07:36:02,59,Auditório de Eng. Elétrica,IFPB,84:F1:47:54:95:E0,-88,11
22/04/2026,07:36:02,59,Auditório de Eng. Elétrica,IFPB-VISITANTE,84:F1:47:54:95:E2,-88,11
22/04/2026,07:36:02,59,Auditório de Eng. Elétrica,SALA_MESTRADO,64:66:B3:62:EB:86,-89,1
22/04/2026,07:36:02,59,Auditório de Eng. Elétrica,IFPB TCC,D8:5D:4C:86:7E:66,-94,1
22/04/2026,07:36:12,60,Auditório de Eng. Elétrica,Lab. de Sinais Digitais,18:D6:C7:F9:37:2F,-54,11
22/04/2026,07:36:12,60,Auditório de Eng. Elétrica,TP-Link_1324,7C:F1:7E:8D:13:22,-64,10
22/04/2026,07:36:12,60,Auditório de Eng. Elétrica,IFPB,84:F1:47:54:F9:80,-70,11
22/04/2026,07:36:12,60,Auditório de Eng. Elétrica,IFPB-VISITANTE,84:F1:47:54:F9:82,-70,11
22/04/2026,07:36:12,60,Auditório de Eng. Elétrica,APTelefonia,58:10:8C:91:F3:AA,-71,1
22/04/2026,07:36:12,60,Auditório de Eng. Elétrica,GPDS,00:26:5A:66:55:EF,-73,6
22/04/2026,07:36:12,60,Auditório de Eng. Elétrica,Intelbras,18:0D:2C:7F:EB:AC,-78,7
22/04/2026,07:36:12,60,Auditório de Eng. Elétrica,IFPB,84:F1:47:54:6B:80,-79,6
22/04/2026,07:36:12,60,Auditório de Eng. Elétrica,kaka-IF,00:E0:4C:65:36:BC,-79,11
22/04/2026,07:36:12,60,Auditório de Eng. Elétrica,IFPB,84:F1:47:54:96:E0,-80,1
22/04/2026,07:36:12,60,Auditório de Eng. Elétrica,IFPB-VISITANTE,84:F1:47:54:96:E2,-80,1
22/04/2026,07:36:12,60,Auditório de Eng. Elétrica,NPEF/NEPA,50:C7:BF:EF:56:8A,-80,3
22/04/2026,07:36:12,60,Auditório de Eng. Elétrica,IFPB-VISITANTE,84:F1:47:54:6B:82,-80,6
22/04/2026,07:36:12,60,Auditório de Eng. Elétrica,SALA_MESTRADO,64:66:B3:62:EB:86,-81,1
22/04/2026,07:36:12,60,Auditório de Eng. Elétrica,IFPB-VISITANTE,84:F1:47:54:8B:A2,-83,1
22/04/2026,07:36:12,60,Auditório de Eng. Elétrica,IFPB,84:F1:47:54:8B:A0,-83,1
22/04/2026,07:36:12,60,Auditório de Eng. Elétrica,IFPB-Sala_Professor_14,48:51:CF:81:B0:9E,-83,3
22/04/2026,07:36:12,60,Auditório de Eng. Elétrica,TP-Link_C3CB,D8:0D:17:3E:C3:CB,-83,4
22/04/2026,07:36:12,60,Auditório de Eng. Elétrica,UA2-MiniLab,60:32:B1:2D:66:C3,-83,10
22/04/2026,07:36:12,60,Auditório de Eng. Elétrica,IFPB,24:36:DA:2B:BC:00,-86,6
22/04/2026,07:36:12,60,Auditório de Eng. Elétrica,IFPB-VISITANTE,24:36:DA:2B:BC:02,-86,6
22/04/2026,07:36:12,60,Auditório de Eng. Elétrica,IFPB-VISITANTE,84:F1:47:54:EB:22,-87,6
22/04/2026,07:36:12,60,Auditório de Eng. Elétrica,IFPB-VISITANTE,84:F1:47:54:95:E2,-88,11
22/04/2026,07:36:12,60,Auditório de Eng. Elétrica,IFPB,84:F1:47:54:95:E0,-88,11
22/04/2026,07:36:12,60,Auditório de Eng. Elétrica,IFPB-VISITANTE,E4:4E:2D:85:4C:62,-90,11
22/04/2026,07:36:12,60,Auditório de Eng. Elétrica,IFPB,E4:4E:2D:85:4C:60,-90,11
22/04/2026,07:36:12,60,Auditório de Eng. Elétrica,NUNYA_Room_2.4GHz,CC:32:E5:0C:FC:2B,-92,9
22/04/2026,07:36:12,60,Auditório de Eng. Elétrica,IFPB TCC,D8:5D:4C:86:7E:66,-94,1
22/04/2026,07:36:12,60,Auditório de Eng. Elétrica,IFPB-Sala_Professor_14,24:FD:0D:57:19:26,-94,5
22/04/2026,07:36:34,61,Lab. de Instrumentação biomédica,TP-Link_1324,7C:F1:7E:8D:13:22,-60,10
22/04/2026,07:36:34,61,Lab. de Instrumentação biomédica,APTelefonia,58:10:8C:91:F3:AA,-62,1
22/04/2026,07:36:34,61,Lab. de Instrumentação biomédica,Lab. de Sinais Digitais,18:D6:C7:F9:37:2F,-66,11
22/04/2026,07:36:34,61,Lab. de Instrumentação biomédica,IFPB,84:F1:47:54:96:E0,-69,1
22/04/2026,07:36:34,61,Lab. de Instrumentação biomédica,IFPB-VISITANTE,84:F1:47:54:96:E2,-69,1
22/04/2026,07:36:34,61,Lab. de Instrumentação biomédica,Intelbras,18:0D:2C:7F:EB:AC,-72,7
22/04/2026,07:36:34,61,Lab. de Instrumentação biomédica,IFPB-VISITANTE,24:36:DA:2B:BC:02,-75,6
22/04/2026,07:36:34,61,Lab. de Instrumentação biomédica,TP-Link_C3CB,D8:0D:17:3E:C3:CB,-76,4
22/04/2026,07:36:34,61,Lab. de Instrumentação biomédica,IFPB,24:36:DA:2B:BC:00,-76,6
22/04/2026,07:36:34,61,Lab. de Instrumentação biomédica,GPDS,00:26:5A:66:55:EF,-76,6
22/04/2026,07:36:34,61,Lab. de Instrumentação biomédica,IFPB,E4:4E:2D:85:4C:60,-77,11
22/04/2026,07:36:34,61,Lab. de Instrumentação biomédica,IFPB-VISITANTE,E4:4E:2D:85:4C:62,-77,11
22/04/2026,07:36:34,61,Lab. de Instrumentação biomédica,IFPB-VISITANTE,84:F1:47:54:8B:A2,-79,1
22/04/2026,07:36:34,61,Lab. de Instrumentação biomédica,kaka-IF,00:E0:4C:65:36:BC,-79,11
22/04/2026,07:36:34,61,Lab. de Instrumentação biomédica,IFPB,84:F1:47:54:8B:A0,-80,1
22/04/2026,07:36:34,61,Lab. de Instrumentação biomédica,IFPB,84:F1:47:54:6B:80,-80,6
22/04/2026,07:36:34,61,Lab. de Instrumentação biomédica,IFPB,84:F1:47:54:F9:80,-80,11
22/04/2026,07:36:34,61,Lab. de Instrumentação biomédica,IFPB-VISITANTE,84:F1:47:54:F9:82,-80,11
22/04/2026,07:36:34,61,Lab. de Instrumentação biomédica,IFPB-VISITANTE,84:F1:47:54:6B:82,-81,6
22/04/2026,07:36:34,61,Lab. de Instrumentação biomédica,NPEF/NEPA,50:C7:BF:EF:56:8A,-82,3
22/04/2026,07:36:34,61,Lab. de Instrumentação biomédica,SALA_MESTRADO,64:66:B3:62:EB:86,-83,1
22/04/2026,07:36:34,61,Lab. de Instrumentação biomédica,IFPB-Sala_Professor_14,24:FD:0D:57:19:26,-86,5
22/04/2026,07:36:35,61,Lab. de Instrumentação biomédica,IFPB-Sala_Professor_14,48:51:CF:81:B0:9E,-90,3
22/04/2026,07:36:35,61,Lab. de Instrumentação biomédica,IFPB TCC,D8:5D:4C:86:7E:66,-92,1
22/04/2026,07:36:35,61,Lab. de Instrumentação biomédica,UA2-MiniLab,60:32:B1:2D:66:C3,-93,10
22/04/2026,07:36:44,62,Lab. de Instrumentação biomédica,APTelefonia,58:10:8C:91:F3:AA,-60,1
22/04/2026,07:36:44,62,Lab. de Instrumentação biomédica,TP-Link_1324,7C:F1:7E:8D:13:22,-64,10
22/04/2026,07:36:44,62,Lab. de Instrumentação biomédica,Lab. de Sinais Digitais,18:D6:C7:F9:37:2F,-66,11
22/04/2026,07:36:44,62,Lab. de Instrumentação biomédica,kaka-IF,00:E0:4C:65:36:BC,-66,11
22/04/2026,07:36:44,62,Lab. de Instrumentação biomédica,IFPB-VISITANTE,84:F1:47:54:96:E2,-67,1
22/04/2026,07:36:44,62,Lab. de Instrumentação biomédica,IFPB,84:F1:47:54:96:E0,-68,1
22/04/2026,07:36:44,62,Lab. de Instrumentação biomédica,GPDS,00:26:5A:66:55:EF,-73,6
22/04/2026,07:36:44,62,Lab. de Instrumentação biomédica,Intelbras,18:0D:2C:7F:EB:AC,-74,7
22/04/2026,07:36:44,62,Lab. de Instrumentação biomédica,IFPB,E4:4E:2D:85:4C:60,-76,11
22/04/2026,07:36:44,62,Lab. de Instrumentação biomédica,NPEF/NEPA,50:C7:BF:EF:56:8A,-77,3
22/04/2026,07:36:44,62,Lab. de Instrumentação biomédica,TP-Link_C3CB,D8:0D:17:3E:C3:CB,-77,4
22/04/2026,07:36:44,62,Lab. de Instrumentação biomédica,IFPB-VISITANTE,E4:4E:2D:85:4C:62,-77,11
22/04/2026,07:36:44,62,Lab. de Instrumentação biomédica,IFPB,24:36:DA:2B:BC:00,-78,6
22/04/2026,07:36:44,62,Lab. de Instrumentação biomédica,IFPB-VISITANTE,24:36:DA:2B:BC:02,-78,6
22/04/2026,07:36:44,62,Lab. de Instrumentação biomédica,IFPB,84:F1:47:54:6B:80,-79,6
22/04/2026,07:36:44,62,Lab. de Instrumentação biomédica,IFPB-VISITANTE,84:F1:47:54:6B:82,-79,6
22/04/2026,07:36:44,62,Lab. de Instrumentação biomédica,IFPB,84:F1:47:54:F9:80,-81,11
22/04/2026,07:36:45,62,Lab. de Instrumentação biomédica,IFPB-VISITANTE,84:F1:47:54:F9:82,-81,11
22/04/2026,07:36:45,62,Lab. de Instrumentação biomédica,IFPB-VISITANTE,84:F1:47:54:8B:A2,-84,1
22/04/2026,07:36:45,62,Lab. de Instrumentação biomédica,UA2-MiniLab,60:32:B1:2D:66:C3,-84,10
22/04/2026,07:36:45,62,Lab. de Instrumentação biomédica,IFPB,84:F1:47:54:8B:A0,-85,1
22/04/2026,07:36:45,62,Lab. de Instrumentação biomédica,SALA_MESTRADO,64:66:B3:62:EB:86,-86,1
22/04/2026,07:36:45,62,Lab. de Instrumentação biomédica,IFPB-Sala_Professor_14,24:FD:0D:57:19:26,-86,5
22/04/2026,07:36:45,62,Lab. de Instrumentação biomédica,IFPB TCC,D8:5D:4C:86:7E:66,-87,1
22/04/2026,07:36:45,62,Lab. de Instrumentação biomédica,IFPB-Sala_Professor_14,48:51:CF:81:B0:9E,-93,3
22/04/2026,07:36:54,63,Lab. de Instrumentação biomédica,TP-Link_1324,7C:F1:7E:8D:13:22,-61,10
22/04/2026,07:36:54,63,Lab. de Instrumentação biomédica,APTelefonia,58:10:8C:91:F3:AA,-63,1
22/04/2026,07:36:54,63,Lab. de Instrumentação biomédica,Lab. de Sinais Digitais,18:D6:C7:F9:37:2F,-63,11
22/04/2026,07:36:54,63,Lab. de Instrumentação biomédica,kaka-IF,00:E0:4C:65:36:BC,-68,11
22/04/2026,07:36:54,63,Lab. de Instrumentação biomédica,IFPB,84:F1:47:54:96:E0,-69,1
22/04/2026,07:36:54,63,Lab. de Instrumentação biomédica,IFPB-VISITANTE,84:F1:47:54:96:E2,-69,1
22/04/2026,07:36:54,63,Lab. de Instrumentação biomédica,Intelbras,18:0D:2C:7F:EB:AC,-73,7
22/04/2026,07:36:54,63,Lab. de Instrumentação biomédica,GPDS,00:26:5A:66:55:EF,-74,6
22/04/2026,07:36:54,63,Lab. de Instrumentação biomédica,TP-Link_C3CB,D8:0D:17:3E:C3:CB,-75,4
22/04/2026,07:36:54,63,Lab. de Instrumentação biomédica,IFPB-VISITANTE,E4:4E:2D:85:4C:62,-76,11
22/04/2026,07:36:54,63,Lab. de Instrumentação biomédica,IFPB,E4:4E:2D:85:4C:60,-77,11
22/04/2026,07:36:55,63,Lab. de Instrumentação biomédica,NPEF/NEPA,50:C7:BF:EF:56:8A,-78,3
22/04/2026,07:36:55,63,Lab. de Instrumentação biomédica,IFPB,24:36:DA:2B:BC:00,-80,6
22/04/2026,07:36:55,63,Lab. de Instrumentação biomédica,IFPB-VISITANTE,24:36:DA:2B:BC:02,-80,6
22/04/2026,07:36:55,63,Lab. de Instrumentação biomédica,IFPB,84:F1:47:54:8B:A0,-81,1
22/04/2026,07:36:55,63,Lab. de Instrumentação biomédica,IFPB-Sala_Professor_14,24:FD:0D:57:19:26,-81,5
22/04/2026,07:36:55,63,Lab. de Instrumentação biomédica,IFPB-VISITANTE,84:F1:47:54:F9:82,-81,11
22/04/2026,07:36:55,63,Lab. de Instrumentação biomédica,IFPB-VISITANTE,84:F1:47:54:8B:A2,-82,1
22/04/2026,07:36:55,63,Lab. de Instrumentação biomédica,UA2-MiniLab,60:32:B1:2D:66:C3,-82,10
22/04/2026,07:36:55,63,Lab. de Instrumentação biomédica,IFPB,84:F1:47:54:F9:80,-82,11
22/04/2026,07:36:55,63,Lab. de Instrumentação biomédica,IFPB,84:F1:47:54:6B:80,-83,6
22/04/2026,07:36:55,63,Lab. de Instrumentação biomédica,IFPB-VISITANTE,84:F1:47:54:6B:82,-83,6
22/04/2026,07:36:55,63,Lab. de Instrumentação biomédica,SALA_MESTRADO,64:66:B3:62:EB:86,-86,1
22/04/2026,07:36:55,63,Lab. de Instrumentação biomédica,IFPB TCC,D8:5D:4C:86:7E:66,-88,1
22/04/2026,07:36:55,63,Lab. de Instrumentação biomédica,IFPB-Sala_Professor_14,48:51:CF:81:B0:9E,-90,3
22/04/2026,07:37:04,64,Lab. de Instrumentação biomédica,TP-Link_1324,7C:F1:7E:8D:13:22,-62,10
22/04/2026,07:37:04,64,Lab. de Instrumentação biomédica,APTelefonia,58:10:8C:91:F3:AA,-64,1
22/04/2026,07:37:04,64,Lab. de Instrumentação biomédica,Lab. de Sinais Digitais,18:D6:C7:F9:37:2F,-66,11
22/04/2026,07:37:04,64,Lab. de Instrumentação biomédica,IFPB-VISITANTE,84:F1:47:54:96:E2,-67,1
22/04/2026,07:37:04,64,Lab. de Instrumentação biomédica,IFPB,84:F1:47:54:96:E0,-68,1
22/04/2026,07:37:05,64,Lab. de Instrumentação biomédica,Intelbras,18:0D:2C:7F:EB:AC,-71,7
22/04/2026,07:37:05,64,Lab. de Instrumentação biomédica,kaka-IF,00:E0:4C:65:36:BC,-73,11
22/04/2026,07:37:05,64,Lab. de Instrumentação biomédica,GPDS,00:26:5A:66:55:EF,-75,6
22/04/2026,07:37:05,64,Lab. de Instrumentação biomédica,IFPB,84:F1:47:54:6B:80,-77,6
22/04/2026,07:37:05,64,Lab. de Instrumentação biomédica,IFPB,24:36:DA:2B:BC:00,-77,6
22/04/2026,07:37:05,64,Lab. de Instrumentação biomédica,IFPB-VISITANTE,24:36:DA:2B:BC:02,-77,6
22/04/2026,07:37:05,64,Lab. de Instrumentação biomédica,IFPB,E4:4E:2D:85:4C:60,-77,11
22/04/2026,07:37:05,64,Lab. de Instrumentação biomédica,IFPB-VISITANTE,E4:4E:2D:85:4C:62,-77,11
22/04/2026,07:37:05,64,Lab. de Instrumentação biomédica,NPEF/NEPA,50:C7:BF:EF:56:8A,-78,3
22/04/2026,07:37:05,64,Lab. de Instrumentação biomédica,IFPB-VISITANTE,84:F1:47:54:6B:82,-78,6
22/04/2026,07:37:05,64,Lab. de Instrumentação biomédica,IFPB-VISITANTE,84:F1:47:54:F9:82,-79,11
22/04/2026,07:37:05,64,Lab. de Instrumentação biomédica,IFPB,84:F1:47:54:F9:80,-79,11
22/04/2026,07:37:05,64,Lab. de Instrumentação biomédica,IFPB,84:F1:47:54:8B:A0,-80,1
22/04/2026,07:37:05,64,Lab. de Instrumentação biomédica,IFPB-VISITANTE,84:F1:47:54:8B:A2,-80,1
22/04/2026,07:37:05,64,Lab. de Instrumentação biomédica,TP-Link_C3CB,D8:0D:17:3E:C3:CB,-80,4
22/04/2026,07:37:05,64,Lab. de Instrumentação biomédica,IFPB-Sala_Professor_14,24:FD:0D:57:19:26,-82,5
22/04/2026,07:37:05,64,Lab. de Instrumentação biomédica,SALA_MESTRADO,64:66:B3:62:EB:86,-86,1
22/04/2026,07:37:05,64,Lab. de Instrumentação biomédica,IFPB TCC,D8:5D:4C:86:7E:66,-87,1
22/04/2026,07:37:05,64,Lab. de Instrumentação biomédica,UA2-MiniLab,60:32:B1:2D:66:C3,-87,10
22/04/2026,07:37:05,64,Lab. de Instrumentação biomédica,LIMPEZA,54:E6:FC:CF:22:DE,-93,6
22/04/2026,07:37:05,64,Lab. de Instrumentação biomédica,IFPB-Sala_Professor_14,48:51:CF:81:B0:9E,-95,3
22/04/2026,07:37:15,65,Lab. de Instrumentação biomédica,APTelefonia,58:10:8C:91:F3:AA,-61,1
22/04/2026,07:37:15,65,Lab. de Instrumentação biomédica,TP-Link_1324,7C:F1:7E:8D:13:22,-65,10
22/04/2026,07:37:15,65,Lab. de Instrumentação biomédica,Lab. de Sinais Digitais,18:D6:C7:F9:37:2F,-65,11
22/04/2026,07:37:15,65,Lab. de Instrumentação biomédica,IFPB-VISITANTE,84:F1:47:54:96:E2,-68,1
22/04/2026,07:37:15,65,Lab. de Instrumentação biomédica,IFPB,84:F1:47:54:96:E0,-69,1
22/04/2026,07:37:15,65,Lab. de Instrumentação biomédica,Intelbras,18:0D:2C:7F:EB:AC,-72,7
22/04/2026,07:37:15,65,Lab. de Instrumentação biomédica,kaka-IF,00:E0:4C:65:36:BC,-73,11
22/04/2026,07:37:15,65,Lab. de Instrumentação biomédica,IFPB,24:36:DA:2B:BC:00,-74,6
22/04/2026,07:37:15,65,Lab. de Instrumentação biomédica,IFPB-VISITANTE,24:36:DA:2B:BC:02,-74,6
22/04/2026,07:37:15,65,Lab. de Instrumentação biomédica,NPEF/NEPA,50:C7:BF:EF:56:8A,-76,3
22/04/2026,07:37:15,65,Lab. de Instrumentação biomédica,TP-Link_C3CB,D8:0D:17:3E:C3:CB,-77,4
22/04/2026,07:37:15,65,Lab. de Instrumentação biomédica,GPDS,00:26:5A:66:55:EF,-77,6
22/04/2026,07:37:15,65,Lab. de Instrumentação biomédica,IFPB,E4:4E:2D:85:4C:60,-77,11
22/04/2026,07:37:15,65,Lab. de Instrumentação biomédica,IFPB-VISITANTE,E4:4E:2D:85:4C:62,-78,11
22/04/2026,07:37:15,65,Lab. de Instrumentação biomédica,IFPB,84:F1:47:54:6B:80,-80,6
22/04/2026,07:37:15,65,Lab. de Instrumentação biomédica,IFPB-VISITANTE,84:F1:47:54:6B:82,-80,6
22/04/2026,07:37:15,65,Lab. de Instrumentação biomédica,IFPB,84:F1:47:54:F9:80,-80,11
22/04/2026,07:37:15,65,Lab. de Instrumentação biomédica,IFPB-VISITANTE,84:F1:47:54:F9:82,-80,11
22/04/2026,07:37:15,65,Lab. de Instrumentação biomédica,IFPB-VISITANTE,84:F1:47:54:8B:A2,-82,1
22/04/2026,07:37:15,65,Lab. de Instrumentação biomédica,IFPB,84:F1:47:54:8B:A0,-82,1
22/04/2026,07:37:15,65,Lab. de Instrumentação biomédica,IFPB-Sala_Professor_14,24:FD:0D:57:19:26,-84,5
22/04/2026,07:37:15,65,Lab. de Instrumentação biomédica,IFPB,24:36:DA:2B:5E:C0,-86,1
22/04/2026,07:37:15,65,Lab. de Instrumentação biomédica,UA2-MiniLab,60:32:B1:2D:66:C3,-86,10
22/04/2026,07:37:15,65,Lab. de Instrumentação biomédica,IFPB TCC,D8:5D:4C:86:7E:66,-89,1
22/04/2026,07:37:15,65,Lab. de Instrumentação biomédica,IFPB-Sala_Professor_14,48:51:CF:81:B0:9E,-89,3
22/04/2026,07:37:15,65,Lab. de Instrumentação biomédica,SALA_MESTRADO,64:66:B3:62:EB:86,-90,1
22/04/2026,07:37:15,65,Lab. de Instrumentação biomédica,LIMPEZA,54:E6:FC:CF:22:DE,-94,6
22/04/2026,07:37:25,66,Lab. de Instrumentação biomédica,APTelefonia,58:10:8C:91:F3:AA,-60,1
22/04/2026,07:37:25,66,Lab. de Instrumentação biomédica,TP-Link_1324,7C:F1:7E:8D:13:22,-63,10
22/04/2026,07:37:25,66,Lab. de Instrumentação biomédica,Lab. de Sinais Digitais,18:D6:C7:F9:37:2F,-66,11
22/04/2026,07:37:25,66,Lab. de Instrumentação biomédica,IFPB,84:F1:47:54:96:E0,-69,1
22/04/2026,07:37:25,66,Lab. de Instrumentação biomédica,IFPB-VISITANTE,84:F1:47:54:96:E2,-69,1
22/04/2026,07:37:25,66,Lab. de Instrumentação biomédica,kaka-IF,00:E0:4C:65:36:BC,-70,11
22/04/2026,07:37:25,66,Lab. de Instrumentação biomédica,TP-Link_C3CB,D8:0D:17:3E:C3:CB,-72,4
22/04/2026,07:37:25,66,Lab. de Instrumentação biomédica,Intelbras,18:0D:2C:7F:EB:AC,-72,7
22/04/2026,07:37:25,66,Lab. de Instrumentação biomédica,GPDS,00:26:5A:66:55:EF,-74,6
22/04/2026,07:37:25,66,Lab. de Instrumentação biomédica,NPEF/NEPA,50:C7:BF:EF:56:8A,-75,3
22/04/2026,07:37:25,66,Lab. de Instrumentação biomédica,IFPB,E4:4E:2D:85:4C:60,-76,11
22/04/2026,07:37:25,66,Lab. de Instrumentação biomédica,IFPB-VISITANTE,E4:4E:2D:85:4C:62,-76,11
22/04/2026,07:37:25,66,Lab. de Instrumentação biomédica,IFPB,24:36:DA:2B:BC:00,-79,6
22/04/2026,07:37:25,66,Lab. de Instrumentação biomédica,IFPB-VISITANTE,24:36:DA:2B:BC:02,-80,6
22/04/2026,07:37:25,66,Lab. de Instrumentação biomédica,IFPB-VISITANTE,84:F1:47:54:6B:82,-80,6
22/04/2026,07:37:25,66,Lab. de Instrumentação biomédica,IFPB,84:F1:47:54:F9:80,-80,11
22/04/2026,07:37:25,66,Lab. de Instrumentação biomédica,IFPB-VISITANTE,84:F1:47:54:F9:82,-80,11
22/04/2026,07:37:25,66,Lab. de Instrumentação biomédica,IFPB,84:F1:47:54:8B:A0,-81,1
22/04/2026,07:37:25,66,Lab. de Instrumentação biomédica,IFPB-VISITANTE,84:F1:47:54:8B:A2,-81,1
22/04/2026,07:37:25,66,Lab. de Instrumentação biomédica,IFPB,84:F1:47:54:6B:80,-81,6
22/04/2026,07:37:25,66,Lab. de Instrumentação biomédica,IFPB-Sala_Professor_14,24:FD:0D:57:19:26,-82,5
22/04/2026,07:37:25,66,Lab. de Instrumentação biomédica,SALA_MESTRADO,64:66:B3:62:EB:86,-87,1
22/04/2026,07:37:25,66,Lab. de Instrumentação biomédica,IFPB,24:36:DA:2B:5E:C0,-87,1
22/04/2026,07:37:25,66,Lab. de Instrumentação biomédica,IFPB TCC,D8:5D:4C:86:7E:66,-88,1
22/04/2026,07:37:25,66,Lab. de Instrumentação biomédica,UA2-MiniLab,60:32:B1:2D:66:C3,-89,10
22/04/2026,07:37:25,66,Lab. de Instrumentação biomédica,IFPB-Sala_Professor_14,48:51:CF:81:B0:9E,-96,3
22/04/2026,07:37:35,67,Lab. de Instrumentação biomédica,APTelefonia,58:10:8C:91:F3:AA,-62,1
22/04/2026,07:37:35,67,Lab. de Instrumentação biomédica,Lab. de Sinais Digitais,18:D6:C7:F9:37:2F,-64,11
22/04/2026,07:37:35,67,Lab. de Instrumentação biomédica,TP-Link_1324,7C:F1:7E:8D:13:22,-66,10
22/04/2026,07:37:35,67,Lab. de Instrumentação biomédica,IFPB,84:F1:47:54:96:E0,-67,1
22/04/2026,07:37:35,67,Lab. de Instrumentação biomédica,IFPB-VISITANTE,84:F1:47:54:96:E2,-68,1
22/04/2026,07:37:35,67,Lab. de Instrumentação biomédica,kaka-IF,00:E0:4C:65:36:BC,-69,11
22/04/2026,07:37:35,67,Lab. de Instrumentação biomédica,Intelbras,18:0D:2C:7F:EB:AC,-71,7
22/04/2026,07:37:35,67,Lab. de Instrumentação biomédica,TP-Link_C3CB,D8:0D:17:3E:C3:CB,-72,4
22/04/2026,07:37:35,67,Lab. de Instrumentação biomédica,NPEF/NEPA,50:C7:BF:EF:56:8A,-75,3
22/04/2026,07:37:35,67,Lab. de Instrumentação biomédica,IFPB,E4:4E:2D:85:4C:60,-76,11
22/04/2026,07:37:35,67,Lab. de Instrumentação biomédica,IFPB-VISITANTE,E4:4E:2D:85:4C:62,-76,11
22/04/2026,07:37:35,67,Lab. de Instrumentação biomédica,GPDS,00:26:5A:66:55:EF,-78,6
22/04/2026,07:37:35,67,Lab. de Instrumentação biomédica,IFPB,84:F1:47:54:6B:80,-78,6
22/04/2026,07:37:35,67,Lab. de Instrumentação biomédica,IFPB-VISITANTE,84:F1:47:54:6B:82,-78,6
22/04/2026,07:37:35,67,Lab. de Instrumentação biomédica,IFPB,24:36:DA:2B:BC:00,-80,6
22/04/2026,07:37:35,67,Lab. de Instrumentação biomédica,IFPB-VISITANTE,24:36:DA:2B:BC:02,-80,6
22/04/2026,07:37:35,67,Lab. de Instrumentação biomédica,IFPB,84:F1:47:54:8B:A0,-81,1
22/04/2026,07:37:35,67,Lab. de Instrumentação biomédica,IFPB-VISITANTE,84:F1:47:54:8B:A2,-81,1
22/04/2026,07:37:35,67,Lab. de Instrumentação biomédica,IFPB,84:F1:47:54:F9:80,-81,11
22/04/2026,07:37:35,67,Lab. de Instrumentação biomédica,IFPB-VISITANTE,84:F1:47:54:F9:82,-81,11
22/04/2026,07:37:35,67,Lab. de Instrumentação biomédica,IFPB-Sala_Professor_14,24:FD:0D:57:19:26,-82,5
22/04/2026,07:37:35,67,Lab. de Instrumentação biomédica,UA2-MiniLab,60:32:B1:2D:66:C3,-87,10
22/04/2026,07:37:35,67,Lab. de Instrumentação biomédica,IFPB TCC,D8:5D:4C:86:7E:66,-88,1
22/04/2026,07:37:35,67,Lab. de Instrumentação biomédica,IFPB,24:36:DA:2B:5E:C0,-88,1
22/04/2026,07:37:35,67,Lab. de Instrumentação biomédica,SALA_MESTRADO,64:66:B3:62:EB:86,-89,1
22/04/2026,07:37:35,67,Lab. de Instrumentação biomédica,IFPB-Sala_Professor_14,48:51:CF:81:B0:9E,-89,3
22/04/2026,07:37:45,68,Lab. de Instrumentação biomédica,Lab. de Sinais Digitais,18:D6:C7:F9:37:2F,-62,11
22/04/2026,07:37:45,68,Lab. de Instrumentação biomédica,APTelefonia,58:10:8C:91:F3:AA,-63,1
22/04/2026,07:37:45,68,Lab. de Instrumentação biomédica,TP-Link_1324,7C:F1:7E:8D:13:22,-67,10
22/04/2026,07:37:45,68,Lab. de Instrumentação biomédica,IFPB,84:F1:47:54:96:E0,-68,1
22/04/2026,07:37:45,68,Lab. de Instrumentação biomédica,IFPB-VISITANTE,84:F1:47:54:96:E2,-68,1
22/04/2026,07:37:45,68,Lab. de Instrumentação biomédica,NPEF/NEPA,50:C7:BF:EF:56:8A,-71,3
22/04/2026,07:37:45,68,Lab. de Instrumentação biomédica,kaka-IF,00:E0:4C:65:36:BC,-72,11
22/04/2026,07:37:45,68,Lab. de Instrumentação biomédica,Intelbras,18:0D:2C:7F:EB:AC,-73,7
22/04/2026,07:37:45,68,Lab. de Instrumentação biomédica,IFPB,24:36:DA:2B:BC:00,-75,6
22/04/2026,07:37:45,68,Lab. de Instrumentação biomédica,IFPB-VISITANTE,24:36:DA:2B:BC:02,-75,6
22/04/2026,07:37:45,68,Lab. de Instrumentação biomédica,IFPB,E4:4E:2D:85:4C:60,-75,11
22/04/2026,07:37:45,68,Lab. de Instrumentação biomédica,IFPB-VISITANTE,E4:4E:2D:85:4C:62,-75,11
22/04/2026,07:37:45,68,Lab. de Instrumentação biomédica,TP-Link_C3CB,D8:0D:17:3E:C3:CB,-77,4
22/04/2026,07:37:45,68,Lab. de Instrumentação biomédica,IFPB-VISITANTE,84:F1:47:54:8B:A2,-79,1
22/04/2026,07:37:45,68,Lab. de Instrumentação biomédica,IFPB,84:F1:47:54:6B:80,-79,6
22/04/2026,07:37:45,68,Lab. de Instrumentação biomédica,IFPB,84:F1:47:54:8B:A0,-80,1
22/04/2026,07:37:45,68,Lab. de Instrumentação biomédica,IFPB-VISITANTE,84:F1:47:54:6B:82,-80,6
22/04/2026,07:37:45,68,Lab. de Instrumentação biomédica,GPDS,00:26:5A:66:55:EF,-80,6
22/04/2026,07:37:45,68,Lab. de Instrumentação biomédica,IFPB,84:F1:47:54:F9:80,-80,11
22/04/2026,07:37:45,68,Lab. de Instrumentação biomédica,IFPB-VISITANTE,84:F1:47:54:F9:82,-80,11
22/04/2026,07:37:45,68,Lab. de Instrumentação biomédica,IFPB-Sala_Professor_14,24:FD:0D:57:19:26,-82,5
22/04/2026,07:37:45,68,Lab. de Instrumentação biomédica,IFPB,24:36:DA:2B:5E:C0,-87,1
22/04/2026,07:37:45,68,Lab. de Instrumentação biomédica,IFPB-VISITANTE,24:36:DA:2B:5E:C2,-87,1
22/04/2026,07:37:46,68,Lab. de Instrumentação biomédica,IFPB TCC,D8:5D:4C:86:7E:66,-87,1
22/04/2026,07:37:46,68,Lab. de Instrumentação biomédica,IFPB-Sala_Professor_14,48:51:CF:81:B0:9E,-89,3
22/04/2026,07:37:46,68,Lab. de Instrumentação biomédica,UA2-MiniLab,60:32:B1:2D:66:C3,-89,10
22/04/2026,07:37:46,68,Lab. de Instrumentação biomédica,SALA_MESTRADO,64:66:B3:62:EB:86,-90,1
22/04/2026,07:37:55,69,Lab. de Instrumentação biomédica,APTelefonia,58:10:8C:91:F3:AA,-63,1
22/04/2026,07:37:55,69,Lab. de Instrumentação biomédica,Lab. de Sinais Digitais,18:D6:C7:F9:37:2F,-67,11
22/04/2026,07:37:55,69,Lab. de Instrumentação biomédica,TP-Link_1324,7C:F1:7E:8D:13:22,-68,10
22/04/2026,07:37:55,69,Lab. de Instrumentação biomédica,IFPB,84:F1:47:54:96:E0,-71,1
22/04/2026,07:37:55,69,Lab. de Instrumentação biomédica,IFPB-VISITANTE,84:F1:47:54:96:E2,-71,1
22/04/2026,07:37:55,69,Lab. de Instrumentação biomédica,Intelbras,18:0D:2C:7F:EB:AC,-74,7
22/04/2026,07:37:55,69,Lab. de Instrumentação biomédica,IFPB,24:36:DA:2B:BC:00,-76,6
22/04/2026,07:37:55,69,Lab. de Instrumentação biomédica,IFPB-VISITANTE,24:36:DA:2B:BC:02,-76,6
22/04/2026,07:37:55,69,Lab. de Instrumentação biomédica,kaka-IF,00:E0:4C:65:36:BC,-76,11
22/04/2026,07:37:55,69,Lab. de Instrumentação biomédica,NPEF/NEPA,50:C7:BF:EF:56:8A,-77,3
22/04/2026,07:37:55,69,Lab. de Instrumentação biomédica,IFPB,E4:4E:2D:85:4C:60,-78,11
22/04/2026,07:37:55,69,Lab. de Instrumentação biomédica,IFPB-VISITANTE,E4:4E:2D:85:4C:62,-78,11
22/04/2026,07:37:55,69,Lab. de Instrumentação biomédica,GPDS,00:26:5A:66:55:EF,-79,6
22/04/2026,07:37:55,69,Lab. de Instrumentação biomédica,TP-Link_C3CB,D8:0D:17:3E:C3:CB,-80,4
22/04/2026,07:37:55,69,Lab. de Instrumentação biomédica,IFPB,84:F1:47:54:6B:80,-81,6
22/04/2026,07:37:55,69,Lab. de Instrumentação biomédica,IFPB-VISITANTE,84:F1:47:54:6B:82,-81,6
22/04/2026,07:37:55,69,Lab. de Instrumentação biomédica,IFPB,84:F1:47:54:F9:80,-81,11
22/04/2026,07:37:56,69,Lab. de Instrumentação biomédica,IFPB-VISITANTE,84:F1:47:54:F9:82,-81,11
22/04/2026,07:37:56,69,Lab. de Instrumentação biomédica,IFPB-VISITANTE,84:F1:47:54:8B:A2,-83,1
22/04/2026,07:37:56,69,Lab. de Instrumentação biomédica,IFPB-Sala_Professor_14,24:FD:0D:57:19:26,-83,5
22/04/2026,07:37:56,69,Lab. de Instrumentação biomédica,IFPB,84:F1:47:54:8B:A0,-84,1
22/04/2026,07:37:56,69,Lab. de Instrumentação biomédica,IFPB-VISITANTE,24:36:DA:2B:5E:C2,-88,1
22/04/2026,07:37:56,69,Lab. de Instrumentação biomédica,IFPB TCC,D8:5D:4C:86:7E:66,-89,1
22/04/2026,07:37:56,69,Lab. de Instrumentação biomédica,IFPB,24:36:DA:2B:5E:C0,-89,1
22/04/2026,07:37:56,69,Lab. de Instrumentação biomédica,UA2-MiniLab,60:32:B1:2D:66:C3,-89,10
22/04/2026,07:37:56,69,Lab. de Instrumentação biomédica,SALA_MESTRADO,64:66:B3:62:EB:86,-90,1
22/04/2026,07:37:56,69,Lab. de Instrumentação biomédica,IFPB-Sala_Professor_14,48:51:CF:81:B0:9E,-94,3
22/04/2026,07:38:05,70,Lab. de Instrumentação biomédica,APTelefonia,58:10:8C:91:F3:AA,-60,1
22/04/2026,07:38:05,70,Lab. de Instrumentação biomédica,Lab. de Sinais Digitais,18:D6:C7:F9:37:2F,-63,11
22/04/2026,07:38:05,70,Lab. de Instrumentação biomédica,TP-Link_1324,7C:F1:7E:8D:13:22,-65,10
22/04/2026,07:38:05,70,Lab. de Instrumentação biomédica,IFPB,84:F1:47:54:96:E0,-69,1
22/04/2026,07:38:05,70,Lab. de Instrumentação biomédica,IFPB-VISITANTE,84:F1:47:54:96:E2,-69,1
22/04/2026,07:38:05,70,Lab. de Instrumentação biomédica,Intelbras,18:0D:2C:7F:EB:AC,-71,7
22/04/2026,07:38:05,70,Lab. de Instrumentação biomédica,IFPB-VISITANTE,24:36:DA:2B:BC:02,-74,6
22/04/2026,07:38:05,70,Lab. de Instrumentação biomédica,IFPB,24:36:DA:2B:BC:00,-74,6
22/04/2026,07:38:05,70,Lab. de Instrumentação biomédica,kaka-IF,00:E0:4C:65:36:BC,-74,11
22/04/2026,07:38:05,70,Lab. de Instrumentação biomédica,IFPB,E4:4E:2D:85:4C:60,-76,11
22/04/2026,07:38:05,70,Lab. de Instrumentação biomédica,IFPB-VISITANTE,E4:4E:2D:85:4C:62,-76,11
22/04/2026,07:38:06,70,Lab. de Instrumentação biomédica,TP-Link_C3CB,D8:0D:17:3E:C3:CB,-77,4
22/04/2026,07:38:06,70,Lab. de Instrumentação biomédica,GPDS,00:26:5A:66:55:EF,-77,6
22/04/2026,07:38:06,70,Lab. de Instrumentação biomédica,NPEF/NEPA,50:C7:BF:EF:56:8A,-80,3
22/04/2026,07:38:06,70,Lab. de Instrumentação biomédica,IFPB-Sala_Professor_14,24:FD:0D:57:19:26,-80,5
22/04/2026,07:38:06,70,Lab. de Instrumentação biomédica,IFPB-VISITANTE,84:F1:47:54:6B:82,-80,6
22/04/2026,07:38:06,70,Lab. de Instrumentação biomédica,IFPB,84:F1:47:54:6B:80,-80,6
22/04/2026,07:38:06,70,Lab. de Instrumentação biomédica,IFPB,84:F1:47:54:8B:A0,-83,1
22/04/2026,07:38:06,70,Lab. de Instrumentação biomédica,IFPB-VISITANTE,84:F1:47:54:8B:A2,-83,1
22/04/2026,07:38:06,70,Lab. de Instrumentação biomédica,UA2-MiniLab,60:32:B1:2D:66:C3,-85,10
22/04/2026,07:38:06,70,Lab. de Instrumentação biomédica,IFPB,84:F1:47:54:F9:80,-85,11
22/04/2026,07:38:06,70,Lab. de Instrumentação biomédica,IFPB-VISITANTE,84:F1:47:54:F9:82,-85,11
22/04/2026,07:38:06,70,Lab. de Instrumentação biomédica,IFPB,24:36:DA:2B:5E:C0,-87,1
22/04/2026,07:38:06,70,Lab. de Instrumentação biomédica,IFPB-VISITANTE,24:36:DA:2B:5E:C2,-87,1
22/04/2026,07:38:06,70,Lab. de Instrumentação biomédica,IFPB TCC,D8:5D:4C:86:7E:66,-87,1
22/04/2026,07:38:06,70,Lab. de Instrumentação biomédica,SALA_MESTRADO,64:66:B3:62:EB:86,-89,1
22/04/2026,07:38:06,70,Lab. de Instrumentação biomédica,IFPB-Sala_Professor_14,48:51:CF:81:B0:9E,-94,3
22/04/2026,07:38:06,70,Lab. de Instrumentação biomédica,LIMPEZA,54:E6:FC:CF:22:DE,-96,6
22/04/2026,07:38:30,71,Lab. de aferição e calibração,TP-Link_1324,7C:F1:7E:8D:13:22,-49,10
22/04/2026,07:38:30,71,Lab. de aferição e calibração,IFPB,84:F1:47:54:96:E0,-62,1
22/04/2026,07:38:30,71,Lab. de aferição e calibração,IFPB-VISITANTE,84:F1:47:54:96:E2,-62,1
22/04/2026,07:38:30,71,Lab. de aferição e calibração,APTelefonia,58:10:8C:91:F3:AA,-63,1
22/04/2026,07:38:30,71,Lab. de aferição e calibração,IFPB,24:36:DA:2B:BC:00,-68,6
22/04/2026,07:38:30,71,Lab. de aferição e calibração,IFPB-VISITANTE,24:36:DA:2B:BC:02,-68,6
22/04/2026,07:38:31,71,Lab. de aferição e calibração,Intelbras,18:0D:2C:7F:EB:AC,-70,7
22/04/2026,07:38:31,71,Lab. de aferição e calibração,IFPB-Sala_Professor_14,24:FD:0D:57:19:26,-74,5
22/04/2026,07:38:31,71,Lab. de aferição e calibração,Lab. de Sinais Digitais,18:D6:C7:F9:37:2F,-75,11
22/04/2026,07:38:31,71,Lab. de aferição e calibração,IFPB,84:F1:47:54:6B:80,-76,6
22/04/2026,07:38:31,71,Lab. de aferição e calibração,IFPB-VISITANTE,84:F1:47:54:6B:82,-76,6
22/04/2026,07:38:31,71,Lab. de aferição e calibração,kaka-IF,00:E0:4C:65:36:BC,-76,11
22/04/2026,07:38:31,71,Lab. de aferição e calibração,IFPB,E4:4E:2D:85:4C:60,-79,11
22/04/2026,07:38:31,71,Lab. de aferição e calibração,IFPB-VISITANTE,E4:4E:2D:85:4C:62,-80,11
22/04/2026,07:38:31,71,Lab. de aferição e calibração,TP-Link_C3CB,D8:0D:17:3E:C3:CB,-82,4
22/04/2026,07:38:31,71,Lab. de aferição e calibração,GPDS,00:26:5A:66:55:EF,-82,6
22/04/2026,07:38:31,71,Lab. de aferição e calibração,IFPB-VISITANTE,84:F1:47:54:F9:82,-87,11
22/04/2026,07:38:31,71,Lab. de aferição e calibração,IFPB TCC,D8:5D:4C:86:7E:66,-88,1
22/04/2026,07:38:31,71,Lab. de aferição e calibração,NPEF/NEPA,50:C7:BF:EF:56:8A,-88,3
22/04/2026,07:38:31,71,Lab. de aferição e calibração,IFPB,84:F1:47:54:F9:80,-88,11
22/04/2026,07:38:31,71,Lab. de aferição e calibração,UA2-MiniLab,60:32:B1:2D:66:C3,-90,10
22/04/2026,07:38:31,71,Lab. de aferição e calibração,SALA_MESTRADO,64:66:B3:62:EB:86,-94,1
22/04/2026,07:38:31,71,Lab. de aferição e calibração,IFPB-Sala_Professor_14,48:51:CF:81:B0:9E,-95,3
22/04/2026,07:38:40,72,Lab. de aferição e calibração,TP-Link_1324,7C:F1:7E:8D:13:22,-49,10
22/04/2026,07:38:40,72,Lab. de aferição e calibração,IFPB,84:F1:47:54:96:E0,-58,1
22/04/2026,07:38:40,72,Lab. de aferição e calibração,IFPB-VISITANTE,84:F1:47:54:96:E2,-58,1
22/04/2026,07:38:40,72,Lab. de aferição e calibração,APTelefonia,58:10:8C:91:F3:AA,-62,1
22/04/2026,07:38:40,72,Lab. de aferição e calibração,Intelbras,18:0D:2C:7F:EB:AC,-65,7
22/04/2026,07:38:40,72,Lab. de aferição e calibração,Lab. de Sinais Digitais,18:D6:C7:F9:37:2F,-71,11
22/04/2026,07:38:41,72,Lab. de aferição e calibração,IFPB,24:36:DA:2B:BC:00,-72,6
22/04/2026,07:38:41,72,Lab. de aferição e calibração,IFPB-VISITANTE,24:36:DA:2B:BC:02,-72,6
22/04/2026,07:38:41,72,Lab. de aferição e calibração,IFPB-Sala_Professor_14,24:FD:0D:57:19:26,-75,5
22/04/2026,07:38:41,72,Lab. de aferição e calibração,IFPB,E4:4E:2D:85:4C:60,-80,11
22/04/2026,07:38:41,72,Lab. de aferição e calibração,IFPB-VISITANTE,E4:4E:2D:85:4C:62,-80,11
22/04/2026,07:38:41,72,Lab. de aferição e calibração,IFPB-VISITANTE,84:F1:47:54:6B:82,-82,6
22/04/2026,07:38:41,72,Lab. de aferição e calibração,kaka-IF,00:E0:4C:65:36:BC,-82,11
22/04/2026,07:38:41,72,Lab. de aferição e calibração,IFPB,84:F1:47:54:6B:80,-83,6
22/04/2026,07:38:41,72,Lab. de aferição e calibração,IFPB,24:36:DA:2B:5E:C0,-86,1
22/04/2026,07:38:41,72,Lab. de aferição e calibração,TP-Link_C3CB,D8:0D:17:3E:C3:CB,-86,4
22/04/2026,07:38:41,72,Lab. de aferição e calibração,SALA_MESTRADO,64:66:B3:62:EB:86,-87,1
22/04/2026,07:38:41,72,Lab. de aferição e calibração,IFPB-VISITANTE,24:36:DA:2B:5E:C2,-87,1
22/04/2026,07:38:41,72,Lab. de aferição e calibração,GPDS,00:26:5A:66:55:EF,-87,6
22/04/2026,07:38:41,72,Lab. de aferição e calibração,IFPB TCC,D8:5D:4C:86:7E:66,-90,1
22/04/2026,07:38:41,72,Lab. de aferição e calibração,UA2-MiniLab,60:32:B1:2D:66:C3,-90,10
22/04/2026,07:38:41,72,Lab. de aferição e calibração,IFPB-VISITANTE,84:F1:47:54:F9:82,-90,11
22/04/2026,07:38:41,72,Lab. de aferição e calibração,IFPB,84:F1:47:54:F9:80,-90,11
22/04/2026,07:38:41,72,Lab. de aferição e calibração,NPEF/NEPA,50:C7:BF:EF:56:8A,-93,3
22/04/2026,07:38:51,73,Lab. de aferição e calibração,TP-Link_1324,7C:F1:7E:8D:13:22,-51,10
22/04/2026,07:38:51,73,Lab. de aferição e calibração,APTelefonia,58:10:8C:91:F3:AA,-56,1
22/04/2026,07:38:51,73,Lab. de aferição e calibração,IFPB,84:F1:47:54:96:E0,-62,1
22/04/2026,07:38:51,73,Lab. de aferição e calibração,IFPB-VISITANTE,84:F1:47:54:96:E2,-62,1
22/04/2026,07:38:51,73,Lab. de aferição e calibração,Intelbras,18:0D:2C:7F:EB:AC,-65,7
22/04/2026,07:38:51,73,Lab. de aferição e calibração,IFPB,24:36:DA:2B:BC:00,-70,6
22/04/2026,07:38:51,73,Lab. de aferição e calibração,IFPB-VISITANTE,24:36:DA:2B:BC:02,-70,6
22/04/2026,07:38:51,73,Lab. de aferição e calibração,Lab. de Sinais Digitais,18:D6:C7:F9:37:2F,-71,11
22/04/2026,07:38:51,73,Lab. de aferição e calibração,kaka-IF,00:E0:4C:65:36:BC,-72,11
22/04/2026,07:38:51,73,Lab. de aferição e calibração,IFPB-Sala_Professor_14,24:FD:0D:57:19:26,-78,5
22/04/2026,07:38:51,73,Lab. de aferição e calibração,IFPB,E4:4E:2D:85:4C:60,-78,11
22/04/2026,07:38:51,73,Lab. de aferição e calibração,IFPB-VISITANTE,E4:4E:2D:85:4C:62,-78,11
22/04/2026,07:38:51,73,Lab. de aferição e calibração,IFPB,84:F1:47:54:6B:80,-79,6
22/04/2026,07:38:51,73,Lab. de aferição e calibração,IFPB-VISITANTE,84:F1:47:54:6B:82,-80,6
22/04/2026,07:38:51,73,Lab. de aferição e calibração,TP-Link_C3CB,D8:0D:17:3E:C3:CB,-83,4
22/04/2026,07:38:51,73,Lab. de aferição e calibração,GPDS,00:26:5A:66:55:EF,-84,6
22/04/2026,07:38:51,73,Lab. de aferição e calibração,IFPB-VISITANTE,24:36:DA:2B:5E:C2,-87,1
22/04/2026,07:38:51,73,Lab. de aferição e calibração,IFPB,24:36:DA:2B:5E:C0,-87,1
22/04/2026,07:38:51,73,Lab. de aferição e calibração,IFPB TCC,D8:5D:4C:86:7E:66,-87,1
22/04/2026,07:38:51,73,Lab. de aferição e calibração,IFPB,84:F1:47:54:97:00,-89,1
22/04/2026,07:38:51,73,Lab. de aferição e calibração,IFPB,84:F1:47:54:F9:80,-89,11
22/04/2026,07:38:51,73,Lab. de aferição e calibração,SALA_MESTRADO,64:66:B3:62:EB:86,-90,1
22/04/2026,07:38:51,73,Lab. de aferição e calibração,UA2-MiniLab,60:32:B1:2D:66:C3,-91,10
22/04/2026,07:38:51,73,Lab. de aferição e calibração,NPEF/NEPA,50:C7:BF:EF:56:8A,-92,3
22/04/2026,07:38:51,73,Lab. de aferição e calibração,IFPB-VISITANTE,84:F1:47:54:F9:82,-92,11
22/04/2026,07:38:51,73,Lab. de aferição e calibração,IFPB-Sala_Professor_14,48:51:CF:81:B0:9E,-93,3
22/04/2026,07:39:01,74,Lab. de aferição e calibração,TP-Link_1324,7C:F1:7E:8D:13:22,-49,10
22/04/2026,07:39:01,74,Lab. de aferição e calibração,IFPB,84:F1:47:54:96:E0,-58,1
22/04/2026,07:39:01,74,Lab. de aferição e calibração,IFPB-VISITANTE,84:F1:47:54:96:E2,-58,1
22/04/2026,07:39:01,74,Lab. de aferição e calibração,APTelefonia,58:10:8C:91:F3:AA,-60,1
22/04/2026,07:39:01,74,Lab. de aferição e calibração,Intelbras,18:0D:2C:7F:EB:AC,-64,7
22/04/2026,07:39:01,74,Lab. de aferição e calibração,kaka-IF,00:E0:4C:65:36:BC,-71,11
22/04/2026,07:39:01,74,Lab. de aferição e calibração,IFPB-Sala_Professor_14,24:FD:0D:57:19:26,-72,5
22/04/2026,07:39:01,74,Lab. de aferição e calibração,Lab. de Sinais Digitais,18:D6:C7:F9:37:2F,-72,11
22/04/2026,07:39:01,74,Lab. de aferição e calibração,IFPB,24:36:DA:2B:BC:00,-76,6
22/04/2026,07:39:01,74,Lab. de aferição e calibração,IFPB-VISITANTE,24:36:DA:2B:BC:02,-76,6
22/04/2026,07:39:01,74,Lab. de aferição e calibração,IFPB,E4:4E:2D:85:4C:60,-77,11
22/04/2026,07:39:01,74,Lab. de aferição e calibração,IFPB-VISITANTE,E4:4E:2D:85:4C:62,-77,11
22/04/2026,07:39:01,74,Lab. de aferição e calibração,IFPB,84:F1:47:54:6B:80,-79,6
22/04/2026,07:39:01,74,Lab. de aferição e calibração,IFPB-VISITANTE,84:F1:47:54:6B:82,-80,6
22/04/2026,07:39:01,74,Lab. de aferição e calibração,GPDS,00:26:5A:66:55:EF,-85,6
22/04/2026,07:39:01,74,Lab. de aferição e calibração,IFPB TCC,D8:5D:4C:86:7E:66,-86,1
22/04/2026,07:39:01,74,Lab. de aferição e calibração,TP-Link_C3CB,D8:0D:17:3E:C3:CB,-86,4
22/04/2026,07:39:01,74,Lab. de aferição e calibração,IFPB,84:F1:47:54:8B:A0,-87,1
22/04/2026,07:39:01,74,Lab. de aferição e calibração,IFPB-VISITANTE,84:F1:47:54:8B:A2,-88,1
22/04/2026,07:39:01,74,Lab. de aferição e calibração,NPEF/NEPA,50:C7:BF:EF:56:8A,-91,3
22/04/2026,07:39:01,74,Lab. de aferição e calibração,UA2-MiniLab,60:32:B1:2D:66:C3,-91,10
22/04/2026,07:39:01,74,Lab. de aferição e calibração,IFPB-Sala_Professor_14,48:51:CF:81:B0:9E,-94,3
22/04/2026,07:39:11,75,Lab. de aferição e calibração,TP-Link_1324,7C:F1:7E:8D:13:22,-47,10
22/04/2026,07:39:11,75,Lab. de aferição e calibração,IFPB,84:F1:47:54:96:E0,-59,1
22/04/2026,07:39:11,75,Lab. de aferição e calibração,IFPB-VISITANTE,84:F1:47:54:96:E2,-59,1
22/04/2026,07:39:11,75,Lab. de aferição e calibração,APTelefonia,58:10:8C:91:F3:AA,-64,1
22/04/2026,07:39:11,75,Lab. de aferição e calibração,Intelbras,18:0D:2C:7F:EB:AC,-65,7
22/04/2026,07:39:11,75,Lab. de aferição e calibração,Lab. de Sinais Digitais,18:D6:C7:F9:37:2F,-72,11
22/04/2026,07:39:11,75,Lab. de aferição e calibração,IFPB-Sala_Professor_14,24:FD:0D:57:19:26,-74,5
22/04/2026,07:39:11,75,Lab. de aferição e calibração,IFPB,24:36:DA:2B:BC:00,-77,6
22/04/2026,07:39:11,75,Lab. de aferição e calibração,IFPB-VISITANTE,24:36:DA:2B:BC:02,-77,6
22/04/2026,07:39:11,75,Lab. de aferição e calibração,IFPB,E4:4E:2D:85:4C:60,-77,11
22/04/2026,07:39:11,75,Lab. de aferição e calibração,IFPB-VISITANTE,E4:4E:2D:85:4C:62,-78,11
22/04/2026,07:39:11,75,Lab. de aferição e calibração,IFPB,84:F1:47:54:6B:80,-79,6
22/04/2026,07:39:11,75,Lab. de aferição e calibração,kaka-IF,00:E0:4C:65:36:BC,-79,11
22/04/2026,07:39:11,75,Lab. de aferição e calibração,IFPB-VISITANTE,84:F1:47:54:6B:82,-80,6
22/04/2026,07:39:11,75,Lab. de aferição e calibração,TP-Link_C3CB,D8:0D:17:3E:C3:CB,-84,4
22/04/2026,07:39:11,75,Lab. de aferição e calibração,GPDS,00:26:5A:66:55:EF,-85,6
22/04/2026,07:39:11,75,Lab. de aferição e calibração,IFPB TCC,D8:5D:4C:86:7E:66,-87,1
22/04/2026,07:39:11,75,Lab. de aferição e calibração,IFPB-VISITANTE,84:F1:47:54:8B:A2,-89,1
22/04/2026,07:39:11,75,Lab. de aferição e calibração,IFPB,84:F1:47:54:F9:80,-91,11
22/04/2026,07:39:11,75,Lab. de aferição e calibração,IFPB-VISITANTE,84:F1:47:54:F9:82,-91,11
22/04/2026,07:39:11,75,Lab. de aferição e calibração,UA2-MiniLab,60:32:B1:2D:66:C3,-92,10
22/04/2026,07:39:11,75,Lab. de aferição e calibração,SALA_MESTRADO,64:66:B3:62:EB:86,-94,1
22/04/2026,07:39:11,75,Lab. de aferição e calibração,NPEF/NEPA,50:C7:BF:EF:56:8A,-94,3
22/04/2026,07:39:11,75,Lab. de aferição e calibração,IFPB-Sala_Professor_14,48:51:CF:81:B0:9E,-95,3
22/04/2026,07:39:21,76,Lab. de aferição e calibração,TP-Link_1324,7C:F1:7E:8D:13:22,-49,10
22/04/2026,07:39:21,76,Lab. de aferição e calibração,IFPB,84:F1:47:54:96:E0,-59,1
22/04/2026,07:39:21,76,Lab. de aferição e calibração,IFPB-VISITANTE,84:F1:47:54:96:E2,-59,1
22/04/2026,07:39:21,76,Lab. de aferição e calibração,APTelefonia,58:10:8C:91:F3:AA,-63,1
22/04/2026,07:39:21,76,Lab. de aferição e calibração,Intelbras,18:0D:2C:7F:EB:AC,-63,7
22/04/2026,07:39:21,76,Lab. de aferição e calibração,Lab. de Sinais Digitais,18:D6:C7:F9:37:2F,-71,11
22/04/2026,07:39:21,76,Lab. de aferição e calibração,IFPB,24:36:DA:2B:BC:00,-75,6
22/04/2026,07:39:21,76,Lab. de aferição e calibração,IFPB,E4:4E:2D:85:4C:60,-75,11
22/04/2026,07:39:21,76,Lab. de aferição e calibração,IFPB-VISITANTE,24:36:DA:2B:BC:02,-76,6
22/04/2026,07:39:21,76,Lab. de aferição e calibração,IFPB-VISITANTE,E4:4E:2D:85:4C:62,-76,11
22/04/2026,07:39:21,76,Lab. de aferição e calibração,IFPB-VISITANTE,84:F1:47:54:6B:82,-79,6
22/04/2026,07:39:21,76,Lab. de aferição e calibração,IFPB,84:F1:47:54:6B:80,-79,6
22/04/2026,07:39:21,76,Lab. de aferição e calibração,IFPB-Sala_Professor_14,24:FD:0D:57:19:26,-80,5
22/04/2026,07:39:21,76,Lab. de aferição e calibração,kaka-IF,00:E0:4C:65:36:BC,-80,11
22/04/2026,07:39:21,76,Lab. de aferição e calibração,IFPB TCC,D8:5D:4C:86:7E:66,-87,1
22/04/2026,07:39:21,76,Lab. de aferição e calibração,TP-Link_C3CB,D8:0D:17:3E:C3:CB,-87,4
22/04/2026,07:39:21,76,Lab. de aferição e calibração,NPEF/NEPA,50:C7:BF:EF:56:8A,-88,3
22/04/2026,07:39:21,76,Lab. de aferição e calibração,IFPB-VISITANTE,84:F1:47:54:F9:82,-88,11
22/04/2026,07:39:21,76,Lab. de aferição e calibração,IFPB,24:36:DA:2B:5E:C0,-90,1
22/04/2026,07:39:21,76,Lab. de aferição e calibração,GPDS,00:26:5A:66:55:EF,-90,6
22/04/2026,07:39:21,76,Lab. de aferição e calibração,SALA_MESTRADO,64:66:B3:62:EB:86,-91,1
22/04/2026,07:39:21,76,Lab. de aferição e calibração,IFPB-Sala_Professor_14,48:51:CF:81:B0:9E,-93,3
22/04/2026,07:39:21,76,Lab. de aferição e calibração,LIMPEZA,54:E6:FC:CF:22:DE,-94,6
22/04/2026,07:39:31,77,Lab. de aferição e calibração,TP-Link_1324,7C:F1:7E:8D:13:22,-49,10
22/04/2026,07:39:31,77,Lab. de aferição e calibração,APTelefonia,58:10:8C:91:F3:AA,-57,1
22/04/2026,07:39:31,77,Lab. de aferição e calibração,IFPB,84:F1:47:54:96:E0,-58,1
22/04/2026,07:39:31,77,Lab. de aferição e calibração,IFPB-VISITANTE,84:F1:47:54:96:E2,-58,1
22/04/2026,07:39:31,77,Lab. de aferição e calibração,Intelbras,18:0D:2C:7F:EB:AC,-63,7
22/04/2026,07:39:31,77,Lab. de aferição e calibração,IFPB,24:36:DA:2B:BC:00,-72,6
22/04/2026,07:39:31,77,Lab. de aferição e calibração,IFPB-VISITANTE,24:36:DA:2B:BC:02,-72,6
22/04/2026,07:39:31,77,Lab. de aferição e calibração,Lab. de Sinais Digitais,18:D6:C7:F9:37:2F,-72,11
22/04/2026,07:39:31,77,Lab. de aferição e calibração,kaka-IF,00:E0:4C:65:36:BC,-73,11
22/04/2026,07:39:31,77,Lab. de aferição e calibração,IFPB-Sala_Professor_14,24:FD:0D:57:19:26,-74,5
22/04/2026,07:39:31,77,Lab. de aferição e calibração,IFPB,E4:4E:2D:85:4C:60,-76,11
22/04/2026,07:39:31,77,Lab. de aferição e calibração,IFPB-VISITANTE,E4:4E:2D:85:4C:62,-76,11
22/04/2026,07:39:31,77,Lab. de aferição e calibração,IFPB-VISITANTE,84:F1:47:54:6B:82,-80,6
22/04/2026,07:39:31,77,Lab. de aferição e calibração,IFPB,84:F1:47:54:6B:80,-81,6
22/04/2026,07:39:31,77,Lab. de aferição e calibração,GPDS,00:26:5A:66:55:EF,-84,6
22/04/2026,07:39:31,77,Lab. de aferição e calibração,TP-Link_C3CB,D8:0D:17:3E:C3:CB,-86,4
22/04/2026,07:39:31,77,Lab. de aferição e calibração,IFPB,24:36:DA:2B:5E:C0,-87,1
22/04/2026,07:39:31,77,Lab. de aferição e calibração,IFPB-VISITANTE,24:36:DA:2B:5E:C2,-87,1
22/04/2026,07:39:31,77,Lab. de aferição e calibração,SALA_MESTRADO,64:66:B3:62:EB:86,-90,1
22/04/2026,07:39:31,77,Lab. de aferição e calibração,IFPB TCC,D8:5D:4C:86:7E:66,-90,1
22/04/2026,07:39:31,77,Lab. de aferição e calibração,NPEF/NEPA,50:C7:BF:EF:56:8A,-90,3
22/04/2026,07:39:31,77,Lab. de aferição e calibração,UA2-MiniLab,60:32:B1:2D:66:C3,-91,10
22/04/2026,07:39:31,77,Lab. de aferição e calibração,IFPB,84:F1:47:54:F9:80,-91,11
22/04/2026,07:39:31,77,Lab. de aferição e calibração,IFPB-Sala_Professor_14,48:51:CF:81:B0:9E,-92,3
22/04/2026,07:39:41,78,Lab. de aferição e calibração,TP-Link_1324,7C:F1:7E:8D:13:22,-51,10
22/04/2026,07:39:41,78,Lab. de aferição e calibração,IFPB,84:F1:47:54:96:E0,-58,1
22/04/2026,07:39:41,78,Lab. de aferição e calibração,IFPB-VISITANTE,84:F1:47:54:96:E2,-58,1
22/04/2026,07:39:41,78,Lab. de aferição e calibração,APTelefonia,58:10:8C:91:F3:AA,-61,1
22/04/2026,07:39:41,78,Lab. de aferição e calibração,Intelbras,18:0D:2C:7F:EB:AC,-65,7
22/04/2026,07:39:41,78,Lab. de aferição e calibração,IFPB,24:36:DA:2B:BC:00,-73,6
22/04/2026,07:39:41,78,Lab. de aferição e calibração,IFPB-VISITANTE,24:36:DA:2B:BC:02,-73,6
22/04/2026,07:39:41,78,Lab. de aferição e calibração,Lab. de Sinais Digitais,18:D6:C7:F9:37:2F,-74,11
22/04/2026,07:39:41,78,Lab. de aferição e calibração,kaka-IF,00:E0:4C:65:36:BC,-75,11
22/04/2026,07:39:41,78,Lab. de aferição e calibração,IFPB-Sala_Professor_14,24:FD:0D:57:19:26,-77,5
22/04/2026,07:39:41,78,Lab. de aferição e calibração,IFPB-VISITANTE,E4:4E:2D:85:4C:62,-78,11
22/04/2026,07:39:41,78,Lab. de aferição e calibração,IFPB,E4:4E:2D:85:4C:60,-79,11
22/04/2026,07:39:41,78,Lab. de aferição e calibração,IFPB,84:F1:47:54:6B:80,-83,6
22/04/2026,07:39:41,78,Lab. de aferição e calibração,IFPB-VISITANTE,84:F1:47:54:6B:82,-83,6
22/04/2026,07:39:41,78,Lab. de aferição e calibração,TP-Link_C3CB,D8:0D:17:3E:C3:CB,-85,4
22/04/2026,07:39:41,78,Lab. de aferição e calibração,IFPB-VISITANTE,24:36:DA:2B:5E:C2,-89,1
22/04/2026,07:39:41,78,Lab. de aferição e calibração,GPDS,00:26:5A:66:55:EF,-89,6
22/04/2026,07:39:41,78,Lab. de aferição e calibração,IFPB,24:36:DA:2B:5E:C0,-90,1
22/04/2026,07:39:41,78,Lab. de aferição e calibração,IFPB,84:F1:47:54:8B:A0,-91,1
22/04/2026,07:39:41,78,Lab. de aferição e calibração,IFPB TCC,D8:5D:4C:86:7E:66,-91,1
22/04/2026,07:39:41,78,Lab. de aferição e calibração,NPEF/NEPA,50:C7:BF:EF:56:8A,-92,3
22/04/2026,07:39:41,78,Lab. de aferição e calibração,SALA_MESTRADO,64:66:B3:62:EB:86,-94,1
22/04/2026,07:39:41,78,Lab. de aferição e calibração,LIMPEZA,54:E6:FC:CF:22:DE,-94,6
22/04/2026,07:39:42,78,Lab. de aferição e calibração,IFPB-Sala_Professor_14,48:51:CF:81:B0:9E,-96,3
22/04/2026,07:39:42,78,Lab. de aferição e calibração,UA2-MiniLab,60:32:B1:2D:66:C3,-96,10
22/04/2026,07:39:51,79,Lab. de aferição e calibração,TP-Link_1324,7C:F1:7E:8D:13:22,-50,10
22/04/2026,07:39:51,79,Lab. de aferição e calibração,IFPB,84:F1:47:54:96:E0,-56,1
22/04/2026,07:39:51,79,Lab. de aferição e calibração,IFPB-VISITANTE,84:F1:47:54:96:E2,-56,1
22/04/2026,07:39:51,79,Lab. de aferição e calibração,APTelefonia,58:10:8C:91:F3:AA,-61,1
22/04/2026,07:39:51,79,Lab. de aferição e calibração,Intelbras,18:0D:2C:7F:EB:AC,-62,7
22/04/2026,07:39:51,79,Lab. de aferição e calibração,Lab. de Sinais Digitais,18:D6:C7:F9:37:2F,-72,11
22/04/2026,07:39:51,79,Lab. de aferição e calibração,IFPB,24:36:DA:2B:BC:00,-74,6
22/04/2026,07:39:51,79,Lab. de aferição e calibração,kaka-IF,00:E0:4C:65:36:BC,-74,11
22/04/2026,07:39:51,79,Lab. de aferição e calibração,IFPB-VISITANTE,24:36:DA:2B:BC:02,-75,6
22/04/2026,07:39:51,79,Lab. de aferição e calibração,IFPB,E4:4E:2D:85:4C:60,-75,11
22/04/2026,07:39:51,79,Lab. de aferição e calibração,IFPB-VISITANTE,E4:4E:2D:85:4C:62,-75,11
22/04/2026,07:39:51,79,Lab. de aferição e calibração,TP-Link_C3CB,D8:0D:17:3E:C3:CB,-85,4
22/04/2026,07:39:51,79,Lab. de aferição e calibração,IFPB-VISITANTE,84:F1:47:54:6B:82,-85,6
22/04/2026,07:39:51,79,Lab. de aferição e calibração,IFPB-Sala_Professor_14,24:FD:0D:57:19:26,-86,5
22/04/2026,07:39:51,79,Lab. de aferição e calibração,IFPB,84:F1:47:54:6B:80,-86,6
22/04/2026,07:39:51,79,Lab. de aferição e calibração,GPDS,00:26:5A:66:55:EF,-87,6
22/04/2026,07:39:51,79,Lab. de aferição e calibração,IFPB,24:36:DA:2B:5E:C0,-89,1
22/04/2026,07:39:51,79,Lab. de aferição e calibração,IFPB-VISITANTE,24:36:DA:2B:5E:C2,-90,1
22/04/2026,07:39:52,79,Lab. de aferição e calibração,IFPB TCC,D8:5D:4C:86:7E:66,-90,1
22/04/2026,07:39:52,79,Lab. de aferição e calibração,IFPB,84:F1:47:54:8B:A0,-90,1
22/04/2026,07:39:52,79,Lab. de aferição e calibração,IFPB-VISITANTE,84:F1:47:54:8B:A2,-90,1
22/04/2026,07:39:52,79,Lab. de aferição e calibração,IFPB-Sala_Professor_14,48:51:CF:81:B0:9E,-91,3
22/04/2026,07:39:52,79,Lab. de aferição e calibração,NPEF/NEPA,50:C7:BF:EF:56:8A,-92,3
22/04/2026,07:39:52,79,Lab. de aferição e calibração,UA2-MiniLab,60:32:B1:2D:66:C3,-92,10
22/04/2026,07:39:52,79,Lab. de aferição e calibração,SALA_MESTRADO,64:66:B3:62:EB:86,-94,1
22/04/2026,07:40:01,80,Lab. de aferição e calibração,TP-Link_1324,7C:F1:7E:8D:13:22,-50,10
22/04/2026,07:40:01,80,Lab. de aferição e calibração,IFPB,84:F1:47:54:96:E0,-56,1
22/04/2026,07:40:01,80,Lab. de aferição e calibração,IFPB-VISITANTE,84:F1:47:54:96:E2,-56,1
22/04/2026,07:40:01,80,Lab. de aferição e calibração,APTelefonia,58:10:8C:91:F3:AA,-57,1
22/04/2026,07:40:01,80,Lab. de aferição e calibração,Intelbras,18:0D:2C:7F:EB:AC,-63,7
22/04/2026,07:40:01,80,Lab. de aferição e calibração,IFPB-VISITANTE,24:36:DA:2B:BC:02,-69,6
22/04/2026,07:40:01,80,Lab. de aferição e calibração,IFPB,24:36:DA:2B:BC:00,-70,6
22/04/2026,07:40:01,80,Lab. de aferição e calibração,Lab. de Sinais Digitais,18:D6:C7:F9:37:2F,-70,11
22/04/2026,07:40:01,80,Lab. de aferição e calibração,kaka-IF,00:E0:4C:65:36:BC,-76,11
22/04/2026,07:40:01,80,Lab. de aferição e calibração,IFPB,E4:4E:2D:85:4C:60,-76,11
22/04/2026,07:40:01,80,Lab. de aferição e calibração,IFPB-VISITANTE,E4:4E:2D:85:4C:62,-76,11
22/04/2026,07:40:02,80,Lab. de aferição e calibração,IFPB,84:F1:47:54:6B:80,-82,6
22/04/2026,07:40:02,80,Lab. de aferição e calibração,IFPB-VISITANTE,84:F1:47:54:6B:82,-82,6
22/04/2026,07:40:02,80,Lab. de aferição e calibração,IFPB-Sala_Professor_14,24:FD:0D:57:19:26,-83,5
22/04/2026,07:40:02,80,Lab. de aferição e calibração,GPDS,00:26:5A:66:55:EF,-85,6
22/04/2026,07:40:02,80,Lab. de aferição e calibração,TP-Link_C3CB,D8:0D:17:3E:C3:CB,-86,4
22/04/2026,07:40:02,80,Lab. de aferição e calibração,IFPB TCC,D8:5D:4C:86:7E:66,-87,1
22/04/2026,07:40:02,80,Lab. de aferição e calibração,IFPB,24:36:DA:2B:5E:C0,-87,1
22/04/2026,07:40:02,80,Lab. de aferição e calibração,IFPB-VISITANTE,84:F1:47:54:97:02,-88,1
22/04/2026,07:40:02,80,Lab. de aferição e calibração,IFPB-VISITANTE,24:36:DA:2B:5E:C2,-89,1
22/04/2026,07:40:02,80,Lab. de aferição e calibração,SALA_MESTRADO,64:66:B3:62:EB:86,-91,1
22/04/2026,07:40:02,80,Lab. de aferição e calibração,NPEF/NEPA,50:C7:BF:EF:56:8A,-91,3
22/04/2026,07:40:02,80,Lab. de aferição e calibração,UA2-MiniLab,60:32:B1:2D:66:C3,-95,10
22/04/2026,07:40:27,81,Lab. de medidas em telecomunicações,TP-Link_1324,7C:F1:7E:8D:13:22,-45,10
22/04/2026,07:40:27,81,Lab. de medidas em telecomunicações,APTelefonia,58:10:8C:91:F3:AA,-55,1
22/04/2026,07:40:27,81,Lab. de medidas em telecomunicações,IFPB,84:F1:47:54:96:E0,-65,1
22/04/2026,07:40:27,81,Lab. de medidas em telecomunicações,IFPB-VISITANTE,84:F1:47:54:96:E2,-67,1
22/04/2026,07:40:27,81,Lab. de medidas em telecomunicações,Intelbras,18:0D:2C:7F:EB:AC,-73,7
22/04/2026,07:40:27,81,Lab. de medidas em telecomunicações,IFPB,24:36:DA:2B:BC:00,-75,6
22/04/2026,07:40:27,81,Lab. de medidas em telecomunicações,IFPB-VISITANTE,24:36:DA:2B:BC:02,-75,6
22/04/2026,07:40:27,81,Lab. de medidas em telecomunicações,IFPB,E4:4E:2D:85:4C:60,-75,11
22/04/2026,07:40:27,81,Lab. de medidas em telecomunicações,IFPB-VISITANTE,E4:4E:2D:85:4C:62,-75,11
22/04/2026,07:40:27,81,Lab. de medidas em telecomunicações,kaka-IF,00:E0:4C:65:36:BC,-76,11
22/04/2026,07:40:27,81,Lab. de medidas em telecomunicações,Lab. de Sinais Digitais,18:D6:C7:F9:37:2F,-76,11
22/04/2026,07:40:27,81,Lab. de medidas em telecomunicações,IFPB-Sala_Professor_14,24:FD:0D:57:19:26,-79,5
22/04/2026,07:40:27,81,Lab. de medidas em telecomunicações,IFPB TCC,D8:5D:4C:86:7E:66,-85,1
22/04/2026,07:40:27,81,Lab. de medidas em telecomunicações,IFPB,84:F1:47:54:8B:A0,-87,1
22/04/2026,07:40:27,81,Lab. de medidas em telecomunicações,TP-Link_C3CB,D8:0D:17:3E:C3:CB,-87,4
22/04/2026,07:40:27,81,Lab. de medidas em telecomunicações,IFPB-VISITANTE,84:F1:47:54:7F:62,-87,6
22/04/2026,07:40:27,81,Lab. de medidas em telecomunicações,IFPB-VISITANTE,84:F1:47:54:8B:A2,-88,1
22/04/2026,07:40:27,81,Lab. de medidas em telecomunicações,IFPB,24:36:DA:2B:5E:C0,-88,1
22/04/2026,07:40:27,81,Lab. de medidas em telecomunicações,IFPB-VISITANTE,24:36:DA:2B:5E:C2,-88,1
22/04/2026,07:40:27,81,Lab. de medidas em telecomunicações,IFPB,84:F1:47:54:97:00,-88,1
22/04/2026,07:40:27,81,Lab. de medidas em telecomunicações,GPDS,00:26:5A:66:55:EF,-88,6
22/04/2026,07:40:27,81,Lab. de medidas em telecomunicações,IFPB-VISITANTE,84:F1:47:54:97:02,-89,1
22/04/2026,07:40:27,81,Lab. de medidas em telecomunicações,IFPB,84:F1:47:54:7F:60,-89,6
22/04/2026,07:40:27,81,Lab. de medidas em telecomunicações,IFPB,84:F1:47:54:F9:80,-89,11
22/04/2026,07:40:27,81,Lab. de medidas em telecomunicações,UA2-MiniLab,60:32:B1:2D:66:C3,-90,10
22/04/2026,07:40:27,81,Lab. de medidas em telecomunicações,IFPB-VISITANTE,84:F1:47:54:F9:82,-90,11
22/04/2026,07:40:27,81,Lab. de medidas em telecomunicações,IFPB-VISITANTE,84:F1:47:54:6B:82,-91,6
22/04/2026,07:40:27,81,Lab. de medidas em telecomunicações,LIMPEZA,54:E6:FC:CF:22:DE,-91,6
22/04/2026,07:40:27,81,Lab. de medidas em telecomunicações,IFPB-Sala_Professor_14,48:51:CF:81:B0:9E,-92,3
22/04/2026,07:40:27,81,Lab. de medidas em telecomunicações,SALA_MESTRADO,64:66:B3:62:EB:86,-93,1
22/04/2026,07:40:27,81,Lab. de medidas em telecomunicações,NPEF/NEPA,50:C7:BF:EF:56:8A,-94,3
22/04/2026,07:40:37,82,Lab. de medidas em telecomunicações,TP-Link_1324,7C:F1:7E:8D:13:22,-46,10
22/04/2026,07:40:37,82,Lab. de medidas em telecomunicações,APTelefonia,58:10:8C:91:F3:AA,-50,1
22/04/2026,07:40:37,82,Lab. de medidas em telecomunicações,IFPB,84:F1:47:54:96:E0,-68,1
22/04/2026,07:40:37,82,Lab. de medidas em telecomunicações,IFPB-VISITANTE,84:F1:47:54:96:E2,-68,1
22/04/2026,07:40:37,82,Lab. de medidas em telecomunicações,Intelbras,18:0D:2C:7F:EB:AC,-74,7
22/04/2026,07:40:37,82,Lab. de medidas em telecomunicações,kaka-IF,00:E0:4C:65:36:BC,-74,11
22/04/2026,07:40:37,82,Lab. de medidas em telecomunicações,IFPB,E4:4E:2D:85:4C:60,-75,11
22/04/2026,07:40:37,82,Lab. de medidas em telecomunicações,IFPB-VISITANTE,E4:4E:2D:85:4C:62,-75,11
22/04/2026,07:40:37,82,Lab. de medidas em telecomunicações,IFPB,24:36:DA:2B:BC:00,-77,6
22/04/2026,07:40:37,82,Lab. de medidas em telecomunicações,IFPB-VISITANTE,24:36:DA:2B:BC:02,-77,6
22/04/2026,07:40:37,82,Lab. de medidas em telecomunicações,Lab. de Sinais Digitais,18:D6:C7:F9:37:2F,-77,11
22/04/2026,07:40:37,82,Lab. de medidas em telecomunicações,IFPB-Sala_Professor_14,24:FD:0D:57:19:26,-81,5
22/04/2026,07:40:37,82,Lab. de medidas em telecomunicações,TP-Link_C3CB,D8:0D:17:3E:C3:CB,-85,4
22/04/2026,07:40:37,82,Lab. de medidas em telecomunicações,GPDS,00:26:5A:66:55:EF,-87,6
22/04/2026,07:40:37,82,Lab. de medidas em telecomunicações,IFPB TCC,D8:5D:4C:86:7E:66,-88,1
22/04/2026,07:40:37,82,Lab. de medidas em telecomunicações,IFPB-VISITANTE,84:F1:47:54:97:02,-88,1
22/04/2026,07:40:37,82,Lab. de medidas em telecomunicações,IFPB,84:F1:47:54:97:00,-88,1
22/04/2026,07:40:37,82,Lab. de medidas em telecomunicações,IFPB-VISITANTE,84:F1:47:54:F9:82,-88,11
22/04/2026,07:40:37,82,Lab. de medidas em telecomunicações,IFPB-VISITANTE,24:36:DA:2B:5E:C2,-89,1
22/04/2026,07:40:37,82,Lab. de medidas em telecomunicações,IFPB,24:36:DA:2B:5E:C0,-89,1
22/04/2026,07:40:37,82,Lab. de medidas em telecomunicações,IFPB,84:F1:47:54:7F:60,-89,6
22/04/2026,07:40:37,82,Lab. de medidas em telecomunicações,IFPB-VISITANTE,84:F1:47:54:7F:62,-89,6
22/04/2026,07:40:37,82,Lab. de medidas em telecomunicações,IFPB,84:F1:47:54:F9:80,-89,11
22/04/2026,07:40:37,82,Lab. de medidas em telecomunicações,NPEF/NEPA,50:C7:BF:EF:56:8A,-92,3
22/04/2026,07:40:37,82,Lab. de medidas em telecomunicações,LIMPEZA,54:E6:FC:CF:22:DE,-93,6
22/04/2026,07:40:37,82,Lab. de medidas em telecomunicações,IFPB-Sala_Professor_14,48:51:CF:81:B0:9E,-94,3
22/04/2026,07:40:47,83,Lab. de medidas em telecomunicações,TP-Link_1324,7C:F1:7E:8D:13:22,-45,10
22/04/2026,07:40:47,83,Lab. de medidas em telecomunicações,APTelefonia,58:10:8C:91:F3:AA,-50,1
22/04/2026,07:40:47,83,Lab. de medidas em telecomunicações,IFPB,84:F1:47:54:96:E0,-69,1
22/04/2026,07:40:47,83,Lab. de medidas em telecomunicações,IFPB-VISITANTE,84:F1:47:54:96:E2,-69,1
22/04/2026,07:40:47,83,Lab. de medidas em telecomunicações,IFPB,24:36:DA:2B:BC:00,-71,6
22/04/2026,07:40:47,83,Lab. de medidas em telecomunicações,IFPB-VISITANTE,24:36:DA:2B:BC:02,-71,6
22/04/2026,07:40:47,83,Lab. de medidas em telecomunicações,IFPB,E4:4E:2D:85:4C:60,-74,11
22/04/2026,07:40:47,83,Lab. de medidas em telecomunicações,kaka-IF,00:E0:4C:65:36:BC,-74,11
22/04/2026,07:40:47,83,Lab. de medidas em telecomunicações,IFPB-VISITANTE,E4:4E:2D:85:4C:62,-74,11
22/04/2026,07:40:47,83,Lab. de medidas em telecomunicações,Intelbras,18:0D:2C:7F:EB:AC,-75,7
22/04/2026,07:40:47,83,Lab. de medidas em telecomunicações,Lab. de Sinais Digitais,18:D6:C7:F9:37:2F,-78,11
22/04/2026,07:40:47,83,Lab. de medidas em telecomunicações,GPDS,00:26:5A:66:55:EF,-80,6
22/04/2026,07:40:47,83,Lab. de medidas em telecomunicações,IFPB-Sala_Professor_14,24:FD:0D:57:19:26,-82,5
22/04/2026,07:40:47,83,Lab. de medidas em telecomunicações,TP-Link_C3CB,D8:0D:17:3E:C3:CB,-85,4
22/04/2026,07:40:47,83,Lab. de medidas em telecomunicações,IFPB,84:F1:47:54:97:00,-88,1
22/04/2026,07:40:47,83,Lab. de medidas em telecomunicações,IFPB-VISITANTE,84:F1:47:54:97:02,-89,1
22/04/2026,07:40:47,83,Lab. de medidas em telecomunicações,NPEF/NEPA,50:C7:BF:EF:56:8A,-89,3
22/04/2026,07:40:47,83,Lab. de medidas em telecomunicações,LIMPEZA,54:E6:FC:CF:22:DE,-89,6
22/04/2026,07:40:47,83,Lab. de medidas em telecomunicações,IFPB-VISITANTE,84:F1:47:54:7F:62,-89,6
22/04/2026,07:40:47,83,Lab. de medidas em telecomunicações,IFPB,84:F1:47:54:6B:80,-89,6
22/04/2026,07:40:47,83,Lab. de medidas em telecomunicações,IFPB-VISITANTE,84:F1:47:54:6B:82,-89,6
22/04/2026,07:40:47,83,Lab. de medidas em telecomunicações,IFPB-VISITANTE,84:F1:47:54:F9:82,-89,11
22/04/2026,07:40:47,83,Lab. de medidas em telecomunicações,IFPB TCC,D8:5D:4C:86:7E:66,-90,1
22/04/2026,07:40:47,83,Lab. de medidas em telecomunicações,IFPB,84:F1:47:54:7F:60,-90,6
22/04/2026,07:40:47,83,Lab. de medidas em telecomunicações,IFPB,84:F1:47:54:F9:80,-90,11
22/04/2026,07:40:47,83,Lab. de medidas em telecomunicações,IFPB,24:36:DA:2B:5E:C0,-91,1
22/04/2026,07:40:47,83,Lab. de medidas em telecomunicações,IFPB-Sala_Professor_14,48:51:CF:81:B0:9E,-92,3
22/04/2026,07:40:47,83,Lab. de medidas em telecomunicações,UA2-MiniLab,60:32:B1:2D:66:C3,-93,10
22/04/2026,07:40:57,84,Lab. de medidas em telecomunicações,TP-Link_1324,7C:F1:7E:8D:13:22,-50,10
22/04/2026,07:40:57,84,Lab. de medidas em telecomunicações,APTelefonia,58:10:8C:91:F3:AA,-51,1
22/04/2026,07:40:57,84,Lab. de medidas em telecomunicações,IFPB,84:F1:47:54:96:E0,-67,1
22/04/2026,07:40:57,84,Lab. de medidas em telecomunicações,IFPB-VISITANTE,84:F1:47:54:96:E2,-67,1
22/04/2026,07:40:57,84,Lab. de medidas em telecomunicações,IFPB,24:36:DA:2B:BC:00,-71,6
22/04/2026,07:40:57,84,Lab. de medidas em telecomunicações,IFPB-VISITANTE,24:36:DA:2B:BC:02,-72,6
22/04/2026,07:40:57,84,Lab. de medidas em telecomunicações,Intelbras,18:0D:2C:7F:EB:AC,-75,7
22/04/2026,07:40:57,84,Lab. de medidas em telecomunicações,IFPB,E4:4E:2D:85:4C:60,-75,11
22/04/2026,07:40:57,84,Lab. de medidas em telecomunicações,IFPB-VISITANTE,E4:4E:2D:85:4C:62,-76,11
22/04/2026,07:40:57,84,Lab. de medidas em telecomunicações,kaka-IF,00:E0:4C:65:36:BC,-77,11
22/04/2026,07:40:57,84,Lab. de medidas em telecomunicações,Lab. de Sinais Digitais,18:D6:C7:F9:37:2F,-79,11
22/04/2026,07:40:57,84,Lab. de medidas em telecomunicações,GPDS,00:26:5A:66:55:EF,-84,6
22/04/2026,07:40:57,84,Lab. de medidas em telecomunicações,TP-Link_C3CB,D8:0D:17:3E:C3:CB,-85,4
22/04/2026,07:40:57,84,Lab. de medidas em telecomunicações,IFPB TCC,D8:5D:4C:86:7E:66,-86,1
22/04/2026,07:40:57,84,Lab. de medidas em telecomunicações,IFPB-VISITANTE,24:36:DA:2B:5E:C2,-87,1
22/04/2026,07:40:57,84,Lab. de medidas em telecomunicações,IFPB,84:F1:47:54:8B:A0,-88,1
22/04/2026,07:40:57,84,Lab. de medidas em telecomunicações,IFPB,84:F1:47:54:97:00,-88,1
22/04/2026,07:40:57,84,Lab. de medidas em telecomunicações,IFPB-VISITANTE,84:F1:47:54:7F:62,-88,6
22/04/2026,07:40:57,84,Lab. de medidas em telecomunicações,IFPB,84:F1:47:54:7F:60,-88,6
22/04/2026,07:40:57,84,Lab. de medidas em telecomunicações,IFPB-VISITANTE,84:F1:47:54:8B:A2,-89,1
22/04/2026,07:40:57,84,Lab. de medidas em telecomunicações,IFPB-VISITANTE,84:F1:47:54:97:02,-89,1
22/04/2026,07:40:57,84,Lab. de medidas em telecomunicações,IFPB,24:36:DA:2B:5E:C0,-89,1
22/04/2026,07:40:57,84,Lab. de medidas em telecomunicações,IFPB-Sala_Professor_14,24:FD:0D:57:19:26,-90,5
22/04/2026,07:40:58,84,Lab. de medidas em telecomunicações,NPEF/NEPA,50:C7:BF:EF:56:8A,-91,3
22/04/2026,07:40:58,84,Lab. de medidas em telecomunicações,IFPB-Sala_Professor_14,48:51:CF:81:B0:9E,-91,3
22/04/2026,07:40:58,84,Lab. de medidas em telecomunicações,LIMPEZA,54:E6:FC:CF:22:DE,-92,6
22/04/2026,07:40:58,84,Lab. de medidas em telecomunicações,UA2-MiniLab,60:32:B1:2D:66:C3,-92,10
22/04/2026,07:41:07,85,Lab. de medidas em telecomunicações,TP-Link_1324,7C:F1:7E:8D:13:22,-50,10
22/04/2026,07:41:07,85,Lab. de medidas em telecomunicações,APTelefonia,58:10:8C:91:F3:AA,-54,1
22/04/2026,07:41:07,85,Lab. de medidas em telecomunicações,IFPB,84:F1:47:54:96:E0,-68,1
22/04/2026,07:41:07,85,Lab. de medidas em telecomunicações,IFPB-VISITANTE,84:F1:47:54:96:E2,-68,1
22/04/2026,07:41:07,85,Lab. de medidas em telecomunicações,IFPB-VISITANTE,E4:4E:2D:85:4C:62,-73,11
22/04/2026,07:41:07,85,Lab. de medidas em telecomunicações,IFPB,24:36:DA:2B:BC:00,-74,6
22/04/2026,07:41:07,85,Lab. de medidas em telecomunicações,Intelbras,18:0D:2C:7F:EB:AC,-74,7
22/04/2026,07:41:07,85,Lab. de medidas em telecomunicações,IFPB,E4:4E:2D:85:4C:60,-74,11
22/04/2026,07:41:07,85,Lab. de medidas em telecomunicações,IFPB-VISITANTE,24:36:DA:2B:BC:02,-75,6
22/04/2026,07:41:07,85,Lab. de medidas em telecomunicações,kaka-IF,00:E0:4C:65:36:BC,-78,11
22/04/2026,07:41:07,85,Lab. de medidas em telecomunicações,Lab. de Sinais Digitais,18:D6:C7:F9:37:2F,-79,11
22/04/2026,07:41:07,85,Lab. de medidas em telecomunicações,TP-Link_C3CB,D8:0D:17:3E:C3:CB,-84,4
22/04/2026,07:41:07,85,Lab. de medidas em telecomunicações,IFPB-Sala_Professor_14,24:FD:0D:57:19:26,-84,5
22/04/2026,07:41:07,85,Lab. de medidas em telecomunicações,IFPB,24:36:DA:2B:5E:C0,-87,1
22/04/2026,07:41:07,85,Lab. de medidas em telecomunicações,IFPB,84:F1:47:54:7F:60,-87,6
22/04/2026,07:41:07,85,Lab. de medidas em telecomunicações,IFPB-VISITANTE,84:F1:47:54:7F:62,-87,6
22/04/2026,07:41:08,85,Lab. de medidas em telecomunicações,IFPB TCC,D8:5D:4C:86:7E:66,-88,1
22/04/2026,07:41:08,85,Lab. de medidas em telecomunicações,IFPB-VISITANTE,24:36:DA:2B:5E:C2,-88,1
22/04/2026,07:41:08,85,Lab. de medidas em telecomunicações,IFPB-VISITANTE,84:F1:47:54:8B:A2,-89,1
22/04/2026,07:41:08,85,Lab. de medidas em telecomunicações,GPDS,00:26:5A:66:55:EF,-89,6
22/04/2026,07:41:08,85,Lab. de medidas em telecomunicações,IFPB-VISITANTE,84:F1:47:54:97:02,-90,1
22/04/2026,07:41:08,85,Lab. de medidas em telecomunicações,IFPB,84:F1:47:54:97:00,-91,1
22/04/2026,07:41:08,85,Lab. de medidas em telecomunicações,UA2-MiniLab,60:32:B1:2D:66:C3,-91,10
22/04/2026,07:41:08,85,Lab. de medidas em telecomunicações,NPEF/NEPA,50:C7:BF:EF:56:8A,-92,3
22/04/2026,07:41:08,85,Lab. de medidas em telecomunicações,IFPB-Sala_Professor_14,48:51:CF:81:B0:9E,-95,3
22/04/2026,07:41:17,86,Lab. de medidas em telecomunicações,TP-Link_1324,7C:F1:7E:8D:13:22,-49,10
22/04/2026,07:41:17,86,Lab. de medidas em telecomunicações,APTelefonia,58:10:8C:91:F3:AA,-51,1
22/04/2026,07:41:17,86,Lab. de medidas em telecomunicações,IFPB,84:F1:47:54:96:E0,-68,1
22/04/2026,07:41:17,86,Lab. de medidas em telecomunicações,IFPB-VISITANTE,84:F1:47:54:96:E2,-68,1
22/04/2026,07:41:17,86,Lab. de medidas em telecomunicações,IFPB,24:36:DA:2B:BC:00,-72,6
22/04/2026,07:41:17,86,Lab. de medidas em telecomunicações,IFPB-VISITANTE,24:36:DA:2B:BC:02,-72,6
22/04/2026,07:41:18,86,Lab. de medidas em telecomunicações,kaka-IF,00:E0:4C:65:36:BC,-73,11
22/04/2026,07:41:18,86,Lab. de medidas em telecomunicações,Intelbras,18:0D:2C:7F:EB:AC,-74,7
22/04/2026,07:41:18,86,Lab. de medidas em telecomunicações,IFPB,E4:4E:2D:85:4C:60,-75,11
22/04/2026,07:41:18,86,Lab. de medidas em telecomunicações,IFPB-VISITANTE,E4:4E:2D:85:4C:62,-75,11
22/04/2026,07:41:18,86,Lab. de medidas em telecomunicações,Lab. de Sinais Digitais,18:D6:C7:F9:37:2F,-78,11
22/04/2026,07:41:18,86,Lab. de medidas em telecomunicações,IFPB-Sala_Professor_14,24:FD:0D:57:19:26,-82,5
22/04/2026,07:41:18,86,Lab. de medidas em telecomunicações,GPDS,00:26:5A:66:55:EF,-84,6
22/04/2026,07:41:18,86,Lab. de medidas em telecomunicações,IFPB-VISITANTE,84:F1:47:54:7F:62,-85,6
22/04/2026,07:41:18,86,Lab. de medidas em telecomunicações,TP-Link_C3CB,D8:0D:17:3E:C3:CB,-86,4
22/04/2026,07:41:18,86,Lab. de medidas em telecomunicações,IFPB,84:F1:47:54:7F:60,-86,6
22/04/2026,07:41:18,86,Lab. de medidas em telecomunicações,IFPB,84:F1:47:54:97:00,-87,1
22/04/2026,07:41:18,86,Lab. de medidas em telecomunicações,IFPB-VISITANTE,84:F1:47:54:6B:82,-87,6
22/04/2026,07:41:18,86,Lab. de medidas em telecomunicações,IFPB TCC,D8:5D:4C:86:7E:66,-88,1
22/04/2026,07:41:18,86,Lab. de medidas em telecomunicações,IFPB-VISITANTE,84:F1:47:54:8B:A2,-88,1
22/04/2026,07:41:18,86,Lab. de medidas em telecomunicações,IFPB-VISITANTE,84:F1:47:54:97:02,-89,1
22/04/2026,07:41:18,86,Lab. de medidas em telecomunicações,IFPB,24:36:DA:2B:5E:C0,-89,1
22/04/2026,07:41:18,86,Lab. de medidas em telecomunicações,IFPB-VISITANTE,24:36:DA:2B:5E:C2,-89,1
22/04/2026,07:41:18,86,Lab. de medidas em telecomunicações,IFPB,84:F1:47:54:8B:A0,-89,1
22/04/2026,07:41:18,86,Lab. de medidas em telecomunicações,IFPB,84:F1:47:54:6B:80,-89,6
22/04/2026,07:41:18,86,Lab. de medidas em telecomunicações,IFPB-Sala_Professor_14,48:51:CF:81:B0:9E,-93,3
22/04/2026,07:41:18,86,Lab. de medidas em telecomunicações,LIMPEZA,54:E6:FC:CF:22:DE,-93,6
22/04/2026,07:41:18,86,Lab. de medidas em telecomunicações,UA2-MiniLab,60:32:B1:2D:66:C3,-93,10
22/04/2026,07:41:18,86,Lab. de medidas em telecomunicações,NPEF/NEPA,50:C7:BF:EF:56:8A,-95,3
22/04/2026,07:41:28,87,Lab. de medidas em telecomunicações,TP-Link_1324,7C:F1:7E:8D:13:22,-51,10
22/04/2026,07:41:28,87,Lab. de medidas em telecomunicações,APTelefonia,58:10:8C:91:F3:AA,-58,1
22/04/2026,07:41:28,87,Lab. de medidas em telecomunicações,IFPB-VISITANTE,84:F1:47:54:96:E2,-68,1
22/04/2026,07:41:28,87,Lab. de medidas em telecomunicações,IFPB,84:F1:47:54:96:E0,-69,1
22/04/2026,07:41:28,87,Lab. de medidas em telecomunicações,IFPB,24:36:DA:2B:BC:00,-72,6
22/04/2026,07:41:28,87,Lab. de medidas em telecomunicações,IFPB-VISITANTE,24:36:DA:2B:BC:02,-72,6
22/04/2026,07:41:28,87,Lab. de medidas em telecomunicações,kaka-IF,00:E0:4C:65:36:BC,-76,11
22/04/2026,07:41:28,87,Lab. de medidas em telecomunicações,Intelbras,18:0D:2C:7F:EB:AC,-77,7
22/04/2026,07:41:28,87,Lab. de medidas em telecomunicações,Lab. de Sinais Digitais,18:D6:C7:F9:37:2F,-77,11
22/04/2026,07:41:28,87,Lab. de medidas em telecomunicações,IFPB,E4:4E:2D:85:4C:60,-77,11
22/04/2026,07:41:28,87,Lab. de medidas em telecomunicações,IFPB-VISITANTE,E4:4E:2D:85:4C:62,-77,11
22/04/2026,07:41:28,87,Lab. de medidas em telecomunicações,IFPB-Sala_Professor_14,24:FD:0D:57:19:26,-83,5
22/04/2026,07:41:28,87,Lab. de medidas em telecomunicações,GPDS,00:26:5A:66:55:EF,-84,6
22/04/2026,07:41:28,87,Lab. de medidas em telecomunicações,TP-Link_C3CB,D8:0D:17:3E:C3:CB,-85,4
22/04/2026,07:41:28,87,Lab. de medidas em telecomunicações,IFPB-VISITANTE,84:F1:47:54:8B:A2,-86,1
22/04/2026,07:41:28,87,Lab. de medidas em telecomunicações,IFPB TCC,D8:5D:4C:86:7E:66,-87,1
22/04/2026,07:41:28,87,Lab. de medidas em telecomunicações,IFPB,84:F1:47:54:8B:A0,-87,1
22/04/2026,07:41:28,87,Lab. de medidas em telecomunicações,IFPB-VISITANTE,84:F1:47:54:7F:62,-87,6
22/04/2026,07:41:28,87,Lab. de medidas em telecomunicações,IFPB,24:36:DA:2B:5E:C0,-88,1
22/04/2026,07:41:28,87,Lab. de medidas em telecomunicações,IFPB-VISITANTE,24:36:DA:2B:5E:C2,-88,1
22/04/2026,07:41:28,87,Lab. de medidas em telecomunicações,IFPB,84:F1:47:54:7F:60,-88,6
22/04/2026,07:41:28,87,Lab. de medidas em telecomunicações,IFPB,84:F1:47:54:F9:80,-90,11
22/04/2026,07:41:28,87,Lab. de medidas em telecomunicações,UA2-MiniLab,60:32:B1:2D:66:C3,-91,10
22/04/2026,07:41:28,87,Lab. de medidas em telecomunicações,IFPB-Sala_Professor_14,48:51:CF:81:B0:9E,-93,3
22/04/2026,07:41:28,87,Lab. de medidas em telecomunicações,LIMPEZA,54:E6:FC:CF:22:DE,-93,6
22/04/2026,07:41:28,87,Lab. de medidas em telecomunicações,NPEF/NEPA,50:C7:BF:EF:56:8A,-95,3
22/04/2026,07:41:38,88,Lab. de medidas em telecomunicações,TP-Link_1324,7C:F1:7E:8D:13:22,-47,10
22/04/2026,07:41:38,88,Lab. de medidas em telecomunicações,APTelefonia,58:10:8C:91:F3:AA,-52,1
22/04/2026,07:41:38,88,Lab. de medidas em telecomunicações,IFPB,84:F1:47:54:96:E0,-71,1
22/04/2026,07:41:38,88,Lab. de medidas em telecomunicações,IFPB-VISITANTE,84:F1:47:54:96:E2,-71,1
22/04/2026,07:41:38,88,Lab. de medidas em telecomunicações,IFPB-VISITANTE,24:36:DA:2B:BC:02,-72,6
22/04/2026,07:41:38,88,Lab. de medidas em telecomunicações,IFPB,24:36:DA:2B:BC:00,-72,6
22/04/2026,07:41:38,88,Lab. de medidas em telecomunicações,Intelbras,18:0D:2C:7F:EB:AC,-76,7
22/04/2026,07:41:38,88,Lab. de medidas em telecomunicações,Lab. de Sinais Digitais,18:D6:C7:F9:37:2F,-76,11
22/04/2026,07:41:38,88,Lab. de medidas em telecomunicações,kaka-IF,00:E0:4C:65:36:BC,-78,11
22/04/2026,07:41:38,88,Lab. de medidas em telecomunicações,IFPB,E4:4E:2D:85:4C:60,-80,11
22/04/2026,07:41:38,88,Lab. de medidas em telecomunicações,IFPB-VISITANTE,E4:4E:2D:85:4C:62,-80,11
22/04/2026,07:41:38,88,Lab. de medidas em telecomunicações,IFPB-Sala_Professor_14,24:FD:0D:57:19:26,-83,5
22/04/2026,07:41:38,88,Lab. de medidas em telecomunicações,GPDS,00:26:5A:66:55:EF,-83,6
22/04/2026,07:41:38,88,Lab. de medidas em telecomunicações,TP-Link_C3CB,D8:0D:17:3E:C3:CB,-84,4
22/04/2026,07:41:38,88,Lab. de medidas em telecomunicações,IFPB,84:F1:47:54:97:00,-85,1
22/04/2026,07:41:38,88,Lab. de medidas em telecomunicações,IFPB-VISITANTE,84:F1:47:54:97:02,-86,1
22/04/2026,07:41:38,88,Lab. de medidas em telecomunicações,IFPB TCC,D8:5D:4C:86:7E:66,-88,1
22/04/2026,07:41:38,88,Lab. de medidas em telecomunicações,IFPB,24:36:DA:2B:5E:C0,-90,1
22/04/2026,07:41:38,88,Lab. de medidas em telecomunicações,LIMPEZA,54:E6:FC:CF:22:DE,-91,6
22/04/2026,07:41:38,88,Lab. de medidas em telecomunicações,IFPB-VISITANTE,24:36:DA:2B:5E:C2,-92,1
22/04/2026,07:41:38,88,Lab. de medidas em telecomunicações,UA2-MiniLab,60:32:B1:2D:66:C3,-92,10
22/04/2026,07:41:38,88,Lab. de medidas em telecomunicações,IFPB-Sala_Professor_14,48:51:CF:81:B0:9E,-93,3
22/04/2026,07:41:38,88,Lab. de medidas em telecomunicações,NPEF/NEPA,50:C7:BF:EF:56:8A,-95,3
22/04/2026,07:41:48,89,Lab. de medidas em telecomunicações,TP-Link_1324,7C:F1:7E:8D:13:22,-49,10
22/04/2026,07:41:48,89,Lab. de medidas em telecomunicações,APTelefonia,58:10:8C:91:F3:AA,-52,1
22/04/2026,07:41:48,89,Lab. de medidas em telecomunicações,IFPB-VISITANTE,24:36:DA:2B:BC:02,-72,6
22/04/2026,07:41:48,89,Lab. de medidas em telecomunicações,IFPB,24:36:DA:2B:BC:00,-73,6
22/04/2026,07:41:48,89,Lab. de medidas em telecomunicações,Intelbras,18:0D:2C:7F:EB:AC,-74,7
22/04/2026,07:41:48,89,Lab. de medidas em telecomunicações,IFPB-VISITANTE,84:F1:47:54:96:E2,-75,1
22/04/2026,07:41:48,89,Lab. de medidas em telecomunicações,IFPB,E4:4E:2D:85:4C:60,-75,11
22/04/2026,07:41:48,89,Lab. de medidas em telecomunicações,IFPB-VISITANTE,E4:4E:2D:85:4C:62,-75,11
22/04/2026,07:41:48,89,Lab. de medidas em telecomunicações,IFPB,84:F1:47:54:96:E0,-76,1
22/04/2026,07:41:48,89,Lab. de medidas em telecomunicações,Lab. de Sinais Digitais,18:D6:C7:F9:37:2F,-76,11
22/04/2026,07:41:48,89,Lab. de medidas em telecomunicações,IFPB-Sala_Professor_14,24:FD:0D:57:19:26,-82,5
22/04/2026,07:41:48,89,Lab. de medidas em telecomunicações,GPDS,00:26:5A:66:55:EF,-82,6
22/04/2026,07:41:48,89,Lab. de medidas em telecomunicações,kaka-IF,00:E0:4C:65:36:BC,-85,11
22/04/2026,07:41:48,89,Lab. de medidas em telecomunicações,TP-Link_C3CB,D8:0D:17:3E:C3:CB,-86,4
22/04/2026,07:41:48,89,Lab. de medidas em telecomunicações,IFPB,24:36:DA:2B:5E:C0,-88,1
22/04/2026,07:41:48,89,Lab. de medidas em telecomunicações,IFPB-VISITANTE,84:F1:47:54:97:02,-88,1
22/04/2026,07:41:48,89,Lab. de medidas em telecomunicações,IFPB-VISITANTE,24:36:DA:2B:5E:C2,-89,1
22/04/2026,07:41:48,89,Lab. de medidas em telecomunicações,IFPB TCC,D8:5D:4C:86:7E:66,-89,1
22/04/2026,07:41:48,89,Lab. de medidas em telecomunicações,IFPB-VISITANTE,84:F1:47:54:8B:A2,-89,1
22/04/2026,07:41:48,89,Lab. de medidas em telecomunicações,IFPB,84:F1:47:54:7F:60,-90,6
22/04/2026,07:41:48,89,Lab. de medidas em telecomunicações,IFPB-VISITANTE,84:F1:47:54:F9:82,-91,11
22/04/2026,07:41:48,89,Lab. de medidas em telecomunicações,IFPB-Sala_Professor_14,48:51:CF:81:B0:9E,-92,3
22/04/2026,07:41:48,89,Lab. de medidas em telecomunicações,UA2-MiniLab,60:32:B1:2D:66:C3,-92,10
22/04/2026,07:41:58,90,Lab. de medidas em telecomunicações,APTelefonia,58:10:8C:91:F3:AA,-54,1
22/04/2026,07:41:58,90,Lab. de medidas em telecomunicações,TP-Link_1324,7C:F1:7E:8D:13:22,-55,10
22/04/2026,07:41:58,90,Lab. de medidas em telecomunicações,IFPB,84:F1:47:54:96:E0,-68,1
22/04/2026,07:41:58,90,Lab. de medidas em telecomunicações,IFPB-VISITANTE,84:F1:47:54:96:E2,-68,1
22/04/2026,07:41:58,90,Lab. de medidas em telecomunicações,IFPB-VISITANTE,24:36:DA:2B:BC:02,-69,6
22/04/2026,07:41:58,90,Lab. de medidas em telecomunicações,IFPB,24:36:DA:2B:BC:00,-70,6
22/04/2026,07:41:58,90,Lab. de medidas em telecomunicações,Intelbras,18:0D:2C:7F:EB:AC,-70,7
22/04/2026,07:41:58,90,Lab. de medidas em telecomunicações,IFPB-VISITANTE,E4:4E:2D:85:4C:62,-77,11
22/04/2026,07:41:58,90,Lab. de medidas em telecomunicações,IFPB,E4:4E:2D:85:4C:60,-77,11
22/04/2026,07:41:58,90,Lab. de medidas em telecomunicações,kaka-IF,00:E0:4C:65:36:BC,-80,11
22/04/2026,07:41:58,90,Lab. de medidas em telecomunicações,Lab. de Sinais Digitais,18:D6:C7:F9:37:2F,-81,11
22/04/2026,07:41:58,90,Lab. de medidas em telecomunicações,IFPB-Sala_Professor_14,24:FD:0D:57:19:26,-82,5
22/04/2026,07:41:58,90,Lab. de medidas em telecomunicações,GPDS,00:26:5A:66:55:EF,-86,6
22/04/2026,07:41:58,90,Lab. de medidas em telecomunicações,IFPB TCC,D8:5D:4C:86:7E:66,-87,1
22/04/2026,07:41:58,90,Lab. de medidas em telecomunicações,IFPB,84:F1:47:54:7F:60,-87,6
22/04/2026,07:41:58,90,Lab. de medidas em telecomunicações,IFPB-VISITANTE,84:F1:47:54:8B:A2,-88,1
22/04/2026,07:41:58,90,Lab. de medidas em telecomunicações,TP-Link_C3CB,D8:0D:17:3E:C3:CB,-88,4
22/04/2026,07:41:58,90,Lab. de medidas em telecomunicações,IFPB-VISITANTE,84:F1:47:54:6B:82,-88,6
22/04/2026,07:41:58,90,Lab. de medidas em telecomunicações,IFPB-VISITANTE,84:F1:47:54:7F:62,-88,6
22/04/2026,07:41:58,90,Lab. de medidas em telecomunicações,IFPB,84:F1:47:54:8B:A0,-89,1
22/04/2026,07:41:58,90,Lab. de medidas em telecomunicações,IFPB,84:F1:47:54:6B:80,-89,6
22/04/2026,07:41:58,90,Lab. de medidas em telecomunicações,IFPB-VISITANTE,84:F1:47:54:F9:82,-89,11
22/04/2026,07:41:58,90,Lab. de medidas em telecomunicações,IFPB-VISITANTE,84:F1:47:54:97:02,-90,1
22/04/2026,07:41:58,90,Lab. de medidas em telecomunicações,IFPB,84:F1:47:54:97:00,-90,1
22/04/2026,07:41:58,90,Lab. de medidas em telecomunicações,IFPB-Sala_Professor_14,48:51:CF:81:B0:9E,-90,3
22/04/2026,07:41:58,90,Lab. de medidas em telecomunicações,IFPB,84:F1:47:54:F9:80,-90,11
22/04/2026,07:41:58,90,Lab. de medidas em telecomunicações,UA2-MiniLab,60:32:B1:2D:66:C3,-92,10
22/04/2026,07:41:58,90,Lab. de medidas em telecomunicações,NPEF/NEPA,50:C7:BF:EF:56:8A,-94,3
22/04/2026,07:41:58,90,Lab. de medidas em telecomunicações,LIMPEZA,54:E6:FC:CF:22:DE,-94,6
22/04/2026,07:42:41,91,Coordenação de pós em Eng. Elétrica,APTelefonia,58:10:8C:91:F3:AA,-59,1
22/04/2026,07:42:41,91,Coordenação de pós em Eng. Elétrica,Intelbras,18:0D:2C:7F:EB:AC,-60,7
22/04/2026,07:42:41,91,Coordenação de pós em Eng. Elétrica,Lab. de Sinais Digitais,18:D6:C7:F9:37:2F,-66,11
22/04/2026,07:42:41,91,Coordenação de pós em Eng. Elétrica,TP-Link_1324,7C:F1:7E:8D:13:22,-71,10
22/04/2026,07:42:41,91,Coordenação de pós em Eng. Elétrica,IFPB-VISITANTE,E4:4E:2D:85:4C:62,-75,11
22/04/2026,07:42:41,91,Coordenação de pós em Eng. Elétrica,IFPB-Sala_Professor_14,24:FD:0D:57:19:26,-76,5
22/04/2026,07:42:41,91,Coordenação de pós em Eng. Elétrica,IFPB,E4:4E:2D:85:4C:60,-76,11
22/04/2026,07:42:41,91,Coordenação de pós em Eng. Elétrica,IFPB TCC,D8:5D:4C:86:7E:66,-77,1
22/04/2026,07:42:41,91,Coordenação de pós em Eng. Elétrica,kaka-IF,00:E0:4C:65:36:BC,-81,11
22/04/2026,07:42:41,91,Coordenação de pós em Eng. Elétrica,UA2-MiniLab,60:32:B1:2D:66:C3,-82,10
22/04/2026,07:42:41,91,Coordenação de pós em Eng. Elétrica,IFPB-VISITANTE,24:36:DA:2B:BC:02,-85,6
22/04/2026,07:42:41,91,Coordenação de pós em Eng. Elétrica,GPDS,00:26:5A:66:55:EF,-85,6
22/04/2026,07:42:41,91,Coordenação de pós em Eng. Elétrica,IFPB,24:36:DA:2B:BC:00,-86,6
22/04/2026,07:42:41,91,Coordenação de pós em Eng. Elétrica,IFPB,24:36:DA:9F:FB:80,-89,11
22/04/2026,07:42:41,91,Coordenação de pós em Eng. Elétrica,IFPB-VISITANTE,24:36:DA:9F:FB:82,-89,11
22/04/2026,07:42:41,91,Coordenação de pós em Eng. Elétrica,IFPB-Sala_Professor_14,48:51:CF:81:B0:9E,-90,3
22/04/2026,07:42:41,91,Coordenação de pós em Eng. Elétrica,Lab Redes Convergentes,64:70:02:99:FE:F4,-91,1
22/04/2026,07:42:41,91,Coordenação de pós em Eng. Elétrica,NPEF/NEPA,50:C7:BF:EF:56:8A,-92,3
22/04/2026,07:42:41,91,Coordenação de pós em Eng. Elétrica,SALA_MESTRADO,64:66:B3:62:EB:86,-94,1
22/04/2026,07:42:51,92,Coordenação de pós em Eng. Elétrica,APTelefonia,58:10:8C:91:F3:AA,-56,1
22/04/2026,07:42:51,92,Coordenação de pós em Eng. Elétrica,Intelbras,18:0D:2C:7F:EB:AC,-59,7
22/04/2026,07:42:51,92,Coordenação de pós em Eng. Elétrica,TP-Link_1324,7C:F1:7E:8D:13:22,-64,10
22/04/2026,07:42:51,92,Coordenação de pós em Eng. Elétrica,Lab. de Sinais Digitais,18:D6:C7:F9:37:2F,-65,11
22/04/2026,07:42:51,92,Coordenação de pós em Eng. Elétrica,IFPB-Sala_Professor_14,24:FD:0D:57:19:26,-74,5
22/04/2026,07:42:51,92,Coordenação de pós em Eng. Elétrica,IFPB-VISITANTE,E4:4E:2D:85:4C:62,-77,11
22/04/2026,07:42:51,92,Coordenação de pós em Eng. Elétrica,IFPB TCC,D8:5D:4C:86:7E:66,-78,1
22/04/2026,07:42:51,92,Coordenação de pós em Eng. Elétrica,IFPB,E4:4E:2D:85:4C:60,-78,11
22/04/2026,07:42:51,92,Coordenação de pós em Eng. Elétrica,IFPB,24:36:DA:2B:BC:00,-84,6
22/04/2026,07:42:51,92,Coordenação de pós em Eng. Elétrica,IFPB-VISITANTE,24:36:DA:2B:BC:02,-84,6
22/04/2026,07:42:51,92,Coordenação de pós em Eng. Elétrica,UA2-MiniLab,60:32:B1:2D:66:C3,-84,10
22/04/2026,07:42:51,92,Coordenação de pós em Eng. Elétrica,Lab Redes Convergentes,64:70:02:99:FE:F4,-86,1
22/04/2026,07:42:51,92,Coordenação de pós em Eng. Elétrica,IFPB,24:36:DA:9F:FB:80,-87,11
22/04/2026,07:42:51,92,Coordenação de pós em Eng. Elétrica,IFPB-VISITANTE,24:36:DA:9F:FB:82,-87,11
22/04/2026,07:42:51,92,Coordenação de pós em Eng. Elétrica,IFPB-Sala_Professor_14,48:51:CF:81:B0:9E,-88,3
22/04/2026,07:42:51,92,Coordenação de pós em Eng. Elétrica,GPDS,00:26:5A:66:55:EF,-88,6
22/04/2026,07:42:51,92,Coordenação de pós em Eng. Elétrica,kaka-IF,00:E0:4C:65:36:BC,-90,11
22/04/2026,07:42:51,92,Coordenação de pós em Eng. Elétrica,NPEF/NEPA,50:C7:BF:EF:56:8A,-92,3
22/04/2026,07:42:51,92,Coordenação de pós em Eng. Elétrica,SALA_MESTRADO,64:66:B3:62:EB:86,-95,1
22/04/2026,07:42:51,92,Coordenação de pós em Eng. Elétrica,NUNYA_Room_2.4GHz,CC:32:E5:0C:FC:2B,-95,9
22/04/2026,07:43:01,93,Coordenação de pós em Eng. Elétrica,APTelefonia,58:10:8C:91:F3:AA,-50,1
22/04/2026,07:43:01,93,Coordenação de pós em Eng. Elétrica,Intelbras,18:0D:2C:7F:EB:AC,-59,7
22/04/2026,07:43:01,93,Coordenação de pós em Eng. Elétrica,Lab. de Sinais Digitais,18:D6:C7:F9:37:2F,-66,11
22/04/2026,07:43:01,93,Coordenação de pós em Eng. Elétrica,TP-Link_1324,7C:F1:7E:8D:13:22,-67,10
22/04/2026,07:43:01,93,Coordenação de pós em Eng. Elétrica,IFPB-Sala_Professor_14,24:FD:0D:57:19:26,-74,5
22/04/2026,07:43:01,93,Coordenação de pós em Eng. Elétrica,IFPB TCC,D8:5D:4C:86:7E:66,-75,1
22/04/2026,07:43:01,93,Coordenação de pós em Eng. Elétrica,IFPB,E4:4E:2D:85:4C:60,-76,11
22/04/2026,07:43:01,93,Coordenação de pós em Eng. Elétrica,IFPB-VISITANTE,E4:4E:2D:85:4C:62,-78,11
22/04/2026,07:43:01,93,Coordenação de pós em Eng. Elétrica,IFPB,24:36:DA:2B:BC:00,-82,6
22/04/2026,07:43:01,93,Coordenação de pós em Eng. Elétrica,IFPB-VISITANTE,24:36:DA:2B:BC:02,-82,6
22/04/2026,07:43:01,93,Coordenação de pós em Eng. Elétrica,UA2-MiniLab,60:32:B1:2D:66:C3,-85,10
22/04/2026,07:43:01,93,Coordenação de pós em Eng. Elétrica,Lab Redes Convergentes,64:70:02:99:FE:F4,-87,1
22/04/2026,07:43:01,93,Coordenação de pós em Eng. Elétrica,kaka-IF,00:E0:4C:65:36:BC,-87,11
22/04/2026,07:43:01,93,Coordenação de pós em Eng. Elétrica,IFPB-Sala_Professor_14,48:51:CF:81:B0:9E,-88,3
22/04/2026,07:43:01,93,Coordenação de pós em Eng. Elétrica,IFPB-VISITANTE,24:36:DA:9F:FB:82,-88,11
22/04/2026,07:43:01,93,Coordenação de pós em Eng. Elétrica,NUNYA_Room_2.4GHz,CC:32:E5:0C:FC:2B,-91,9
22/04/2026,07:43:01,93,Coordenação de pós em Eng. Elétrica,NPEF/NEPA,50:C7:BF:EF:56:8A,-92,3
22/04/2026,07:43:01,93,Coordenação de pós em Eng. Elétrica,GPDS,00:26:5A:66:55:EF,-92,6
22/04/2026,07:43:11,94,Coordenação de pós em Eng. Elétrica,APTelefonia,58:10:8C:91:F3:AA,-60,1
22/04/2026,07:43:11,94,Coordenação de pós em Eng. Elétrica,Intelbras,18:0D:2C:7F:EB:AC,-60,7
22/04/2026,07:43:11,94,Coordenação de pós em Eng. Elétrica,Lab. de Sinais Digitais,18:D6:C7:F9:37:2F,-66,11
22/04/2026,07:43:11,94,Coordenação de pós em Eng. Elétrica,TP-Link_1324,7C:F1:7E:8D:13:22,-68,10
22/04/2026,07:43:11,94,Coordenação de pós em Eng. Elétrica,IFPB-Sala_Professor_14,24:FD:0D:57:19:26,-74,5
22/04/2026,07:43:11,94,Coordenação de pós em Eng. Elétrica,IFPB,E4:4E:2D:85:4C:60,-78,11
22/04/2026,07:43:11,94,Coordenação de pós em Eng. Elétrica,IFPB-VISITANTE,E4:4E:2D:85:4C:62,-78,11
22/04/2026,07:43:11,94,Coordenação de pós em Eng. Elétrica,IFPB TCC,D8:5D:4C:86:7E:66,-81,1
22/04/2026,07:43:11,94,Coordenação de pós em Eng. Elétrica,IFPB,24:36:DA:2B:BC:00,-84,6
22/04/2026,07:43:11,94,Coordenação de pós em Eng. Elétrica,UA2-MiniLab,60:32:B1:2D:66:C3,-84,10
22/04/2026,07:43:11,94,Coordenação de pós em Eng. Elétrica,IFPB-VISITANTE,24:36:DA:2B:BC:02,-85,6
22/04/2026,07:43:11,94,Coordenação de pós em Eng. Elétrica,NPEF/NEPA,50:C7:BF:EF:56:8A,-86,3
22/04/2026,07:43:11,94,Coordenação de pós em Eng. Elétrica,IFPB,24:36:DA:9F:FB:80,-89,11
22/04/2026,07:43:11,94,Coordenação de pós em Eng. Elétrica,Lab Redes Convergentes,64:70:02:99:FE:F4,-92,1
22/04/2026,07:43:11,94,Coordenação de pós em Eng. Elétrica,GPDS,00:26:5A:66:55:EF,-92,6
22/04/2026,07:43:11,94,Coordenação de pós em Eng. Elétrica,kaka-IF,00:E0:4C:65:36:BC,-93,11
22/04/2026,07:43:21,95,Coordenação de pós em Eng. Elétrica,APTelefonia,58:10:8C:91:F3:AA,-52,1
22/04/2026,07:43:21,95,Coordenação de pós em Eng. Elétrica,Intelbras,18:0D:2C:7F:EB:AC,-60,7
22/04/2026,07:43:21,95,Coordenação de pós em Eng. Elétrica,Lab. de Sinais Digitais,18:D6:C7:F9:37:2F,-66,11
22/04/2026,07:43:21,95,Coordenação de pós em Eng. Elétrica,TP-Link_1324,7C:F1:7E:8D:13:22,-70,10
22/04/2026,07:43:21,95,Coordenação de pós em Eng. Elétrica,IFPB-Sala_Professor_14,24:FD:0D:57:19:26,-76,5
22/04/2026,07:43:21,95,Coordenação de pós em Eng. Elétrica,IFPB TCC,D8:5D:4C:86:7E:66,-77,1
22/04/2026,07:43:21,95,Coordenação de pós em Eng. Elétrica,IFPB,E4:4E:2D:85:4C:60,-79,11
22/04/2026,07:43:21,95,Coordenação de pós em Eng. Elétrica,IFPB-VISITANTE,E4:4E:2D:85:4C:62,-79,11
22/04/2026,07:43:21,95,Coordenação de pós em Eng. Elétrica,IFPB-VISITANTE,24:36:DA:2B:BC:02,-81,6
22/04/2026,07:43:21,95,Coordenação de pós em Eng. Elétrica,IFPB,24:36:DA:2B:BC:00,-82,6
22/04/2026,07:43:21,95,Coordenação de pós em Eng. Elétrica,UA2-MiniLab,60:32:B1:2D:66:C3,-88,10
22/04/2026,07:43:21,95,Coordenação de pós em Eng. Elétrica,IFPB,24:36:DA:9F:FB:80,-88,11
22/04/2026,07:43:21,95,Coordenação de pós em Eng. Elétrica,IFPB-VISITANTE,24:36:DA:9F:FB:82,-88,11
22/04/2026,07:43:21,95,Coordenação de pós em Eng. Elétrica,Lab Redes Convergentes,64:70:02:99:FE:F4,-89,1
22/04/2026,07:43:21,95,Coordenação de pós em Eng. Elétrica,NPEF/NEPA,50:C7:BF:EF:56:8A,-89,3
22/04/2026,07:43:21,95,Coordenação de pós em Eng. Elétrica,kaka-IF,00:E0:4C:65:36:BC,-91,11
22/04/2026,07:43:21,95,Coordenação de pós em Eng. Elétrica,SALA_MESTRADO,64:66:B3:62:EB:86,-93,1
22/04/2026,07:43:21,95,Coordenação de pós em Eng. Elétrica,IFPB-Sala_Professor_14,48:51:CF:81:B0:9E,-93,3
22/04/2026,07:43:21,95,Coordenação de pós em Eng. Elétrica,GPDS,00:26:5A:66:55:EF,-95,6
22/04/2026,07:43:31,96,Coordenação de pós em Eng. Elétrica,APTelefonia,58:10:8C:91:F3:AA,-57,1
22/04/2026,07:43:31,96,Coordenação de pós em Eng. Elétrica,Intelbras,18:0D:2C:7F:EB:AC,-60,7
22/04/2026,07:43:31,96,Coordenação de pós em Eng. Elétrica,TP-Link_1324,7C:F1:7E:8D:13:22,-65,10
22/04/2026,07:43:31,96,Coordenação de pós em Eng. Elétrica,Lab. de Sinais Digitais,18:D6:C7:F9:37:2F,-66,11
22/04/2026,07:43:31,96,Coordenação de pós em Eng. Elétrica,IFPB-Sala_Professor_14,24:FD:0D:57:19:26,-76,5
22/04/2026,07:43:31,96,Coordenação de pós em Eng. Elétrica,IFPB,E4:4E:2D:85:4C:60,-79,11
22/04/2026,07:43:31,96,Coordenação de pós em Eng. Elétrica,IFPB-VISITANTE,E4:4E:2D:85:4C:62,-80,11
22/04/2026,07:43:31,96,Coordenação de pós em Eng. Elétrica,UA2-MiniLab,60:32:B1:2D:66:C3,-86,10
22/04/2026,07:43:31,96,Coordenação de pós em Eng. Elétrica,IFPB-VISITANTE,24:36:DA:2B:BC:02,-87,6
22/04/2026,07:43:31,96,Coordenação de pós em Eng. Elétrica,IFPB TCC,D8:5D:4C:86:7E:66,-88,1
22/04/2026,07:43:31,96,Coordenação de pós em Eng. Elétrica,IFPB,24:36:DA:2B:BC:00,-88,6
22/04/2026,07:43:31,96,Coordenação de pós em Eng. Elétrica,IFPB,84:F1:47:54:EB:20,-88,6
22/04/2026,07:43:31,96,Coordenação de pós em Eng. Elétrica,GPDS,00:26:5A:66:55:EF,-89,6
22/04/2026,07:43:31,96,Coordenação de pós em Eng. Elétrica,NPEF/NEPA,50:C7:BF:EF:56:8A,-90,3
22/04/2026,07:43:31,96,Coordenação de pós em Eng. Elétrica,IFPB-Sala_Professor_14,48:51:CF:81:B0:9E,-90,3
22/04/2026,07:43:31,96,Coordenação de pós em Eng. Elétrica,kaka-IF,00:E0:4C:65:36:BC,-91,11
22/04/2026,07:43:31,96,Coordenação de pós em Eng. Elétrica,Lab Redes Convergentes,64:70:02:99:FE:F4,-92,1
22/04/2026,07:43:41,97,Coordenação de pós em Eng. Elétrica,APTelefonia,58:10:8C:91:F3:AA,-55,1
22/04/2026,07:43:41,97,Coordenação de pós em Eng. Elétrica,Intelbras,18:0D:2C:7F:EB:AC,-59,7
22/04/2026,07:43:41,97,Coordenação de pós em Eng. Elétrica,Lab. de Sinais Digitais,18:D6:C7:F9:37:2F,-66,11
22/04/2026,07:43:41,97,Coordenação de pós em Eng. Elétrica,TP-Link_1324,7C:F1:7E:8D:13:22,-67,10
22/04/2026,07:43:41,97,Coordenação de pós em Eng. Elétrica,IFPB,E4:4E:2D:85:4C:60,-76,11
22/04/2026,07:43:41,97,Coordenação de pós em Eng. Elétrica,IFPB-VISITANTE,E4:4E:2D:85:4C:62,-76,11
22/04/2026,07:43:41,97,Coordenação de pós em Eng. Elétrica,IFPB-Sala_Professor_14,24:FD:0D:57:19:26,-77,5
22/04/2026,07:43:41,97,Coordenação de pós em Eng. Elétrica,IFPB TCC,D8:5D:4C:86:7E:66,-79,1
22/04/2026,07:43:41,97,Coordenação de pós em Eng. Elétrica,IFPB-VISITANTE,24:36:DA:2B:BC:02,-82,6
22/04/2026,07:43:41,97,Coordenação de pós em Eng. Elétrica,IFPB,24:36:DA:2B:BC:00,-82,6
22/04/2026,07:43:41,97,Coordenação de pós em Eng. Elétrica,UA2-MiniLab,60:32:B1:2D:66:C3,-85,10
22/04/2026,07:43:41,97,Coordenação de pós em Eng. Elétrica,IFPB,84:F1:47:54:EB:20,-88,6
22/04/2026,07:43:41,97,Coordenação de pós em Eng. Elétrica,kaka-IF,00:E0:4C:65:36:BC,-88,11
22/04/2026,07:43:41,97,Coordenação de pós em Eng. Elétrica,IFPB-VISITANTE,84:F1:47:54:EB:22,-89,6
22/04/2026,07:43:41,97,Coordenação de pós em Eng. Elétrica,Lab Redes Convergentes,64:70:02:99:FE:F4,-90,1
22/04/2026,07:43:41,97,Coordenação de pós em Eng. Elétrica,NPEF/NEPA,50:C7:BF:EF:56:8A,-90,3
22/04/2026,07:43:41,97,Coordenação de pós em Eng. Elétrica,GPDS,00:26:5A:66:55:EF,-90,6
22/04/2026,07:43:51,98,Coordenação de pós em Eng. Elétrica,APTelefonia,58:10:8C:91:F3:AA,-58,1
22/04/2026,07:43:51,98,Coordenação de pós em Eng. Elétrica,Intelbras,18:0D:2C:7F:EB:AC,-59,7
22/04/2026,07:43:51,98,Coordenação de pós em Eng. Elétrica,TP-Link_1324,7C:F1:7E:8D:13:22,-66,10
22/04/2026,07:43:51,98,Coordenação de pós em Eng. Elétrica,Lab. de Sinais Digitais,18:D6:C7:F9:37:2F,-68,11
22/04/2026,07:43:51,98,Coordenação de pós em Eng. Elétrica,IFPB-Sala_Professor_14,24:FD:0D:57:19:26,-76,5
22/04/2026,07:43:51,98,Coordenação de pós em Eng. Elétrica,IFPB,E4:4E:2D:85:4C:60,-79,11
22/04/2026,07:43:51,98,Coordenação de pós em Eng. Elétrica,IFPB-VISITANTE,E4:4E:2D:85:4C:62,-79,11
22/04/2026,07:43:51,98,Coordenação de pós em Eng. Elétrica,IFPB TCC,D8:5D:4C:86:7E:66,-80,1
22/04/2026,07:43:51,98,Coordenação de pós em Eng. Elétrica,IFPB,24:36:DA:2B:BC:00,-82,6
22/04/2026,07:43:51,98,Coordenação de pós em Eng. Elétrica,IFPB-VISITANTE,24:36:DA:2B:BC:02,-82,6
22/04/2026,07:43:51,98,Coordenação de pós em Eng. Elétrica,IFPB,84:F1:47:54:EB:20,-86,6
22/04/2026,07:43:51,98,Coordenação de pós em Eng. Elétrica,UA2-MiniLab,60:32:B1:2D:66:C3,-87,10
22/04/2026,07:43:51,98,Coordenação de pós em Eng. Elétrica,kaka-IF,00:E0:4C:65:36:BC,-89,11
22/04/2026,07:43:51,98,Coordenação de pós em Eng. Elétrica,Lab Redes Convergentes,64:70:02:99:FE:F4,-90,1
22/04/2026,07:43:51,98,Coordenação de pós em Eng. Elétrica,IFPB-Sala_Professor_14,48:51:CF:81:B0:9E,-90,3
22/04/2026,07:43:51,98,Coordenação de pós em Eng. Elétrica,IFPB-VISITANTE,84:F1:47:54:EB:22,-90,6
22/04/2026,07:43:51,98,Coordenação de pós em Eng. Elétrica,GPDS,00:26:5A:66:55:EF,-91,6
22/04/2026,07:43:51,98,Coordenação de pós em Eng. Elétrica,NUNYA_Room_2.4GHz,CC:32:E5:0C:FC:2B,-92,9
22/04/2026,07:43:51,98,Coordenação de pós em Eng. Elétrica,NPEF/NEPA,50:C7:BF:EF:56:8A,-94,3
22/04/2026,07:44:01,99,Coordenação de pós em Eng. Elétrica,APTelefonia,58:10:8C:91:F3:AA,-51,1
22/04/2026,07:44:01,99,Coordenação de pós em Eng. Elétrica,Intelbras,18:0D:2C:7F:EB:AC,-60,7
22/04/2026,07:44:01,99,Coordenação de pós em Eng. Elétrica,Lab. de Sinais Digitais,18:D6:C7:F9:37:2F,-62,11
22/04/2026,07:44:01,99,Coordenação de pós em Eng. Elétrica,TP-Link_1324,7C:F1:7E:8D:13:22,-64,10
22/04/2026,07:44:01,99,Coordenação de pós em Eng. Elétrica,IFPB-Sala_Professor_14,24:FD:0D:57:19:26,-75,5
22/04/2026,07:44:01,99,Coordenação de pós em Eng. Elétrica,IFPB TCC,D8:5D:4C:86:7E:66,-79,1
22/04/2026,07:44:01,99,Coordenação de pós em Eng. Elétrica,IFPB,E4:4E:2D:85:4C:60,-79,11
22/04/2026,07:44:01,99,Coordenação de pós em Eng. Elétrica,IFPB-VISITANTE,E4:4E:2D:85:4C:62,-79,11
22/04/2026,07:44:01,99,Coordenação de pós em Eng. Elétrica,IFPB,24:36:DA:2B:BC:00,-82,6
22/04/2026,07:44:01,99,Coordenação de pós em Eng. Elétrica,IFPB-VISITANTE,24:36:DA:2B:BC:02,-82,6
22/04/2026,07:44:01,99,Coordenação de pós em Eng. Elétrica,IFPB-VISITANTE,24:36:DA:9F:FB:82,-86,11
22/04/2026,07:44:01,99,Coordenação de pós em Eng. Elétrica,IFPB,24:36:DA:9F:FB:80,-87,11
22/04/2026,07:44:01,99,Coordenação de pós em Eng. Elétrica,kaka-IF,00:E0:4C:65:36:BC,-87,11
22/04/2026,07:44:01,99,Coordenação de pós em Eng. Elétrica,UA2-MiniLab,60:32:B1:2D:66:C3,-88,10
22/04/2026,07:44:01,99,Coordenação de pós em Eng. Elétrica,Lab Redes Convergentes,64:70:02:99:FE:F4,-89,1
22/04/2026,07:44:01,99,Coordenação de pós em Eng. Elétrica,GPDS,00:26:5A:66:55:EF,-89,6
22/04/2026,07:44:01,99,Coordenação de pós em Eng. Elétrica,IFPB-VISITANTE,84:F1:47:54:EB:22,-89,6
22/04/2026,07:44:01,99,Coordenação de pós em Eng. Elétrica,NPEF/NEPA,50:C7:BF:EF:56:8A,-90,3
22/04/2026,07:44:01,99,Coordenação de pós em Eng. Elétrica,SALA_MESTRADO,64:66:B3:62:EB:86,-92,1
22/04/2026,07:44:01,99,Coordenação de pós em Eng. Elétrica,IFPB-Sala_Professor_14,48:51:CF:81:B0:9E,-94,3
22/04/2026,07:44:01,99,Coordenação de pós em Eng. Elétrica,NUNYA_Room_2.4GHz,CC:32:E5:0C:FC:2B,-95,9
22/04/2026,07:44:11,100,Coordenação de pós em Eng. Elétrica,APTelefonia,58:10:8C:91:F3:AA,-50,1
22/04/2026,07:44:11,100,Coordenação de pós em Eng. Elétrica,Intelbras,18:0D:2C:7F:EB:AC,-60,7
22/04/2026,07:44:11,100,Coordenação de pós em Eng. Elétrica,TP-Link_1324,7C:F1:7E:8D:13:22,-64,10
22/04/2026,07:44:11,100,Coordenação de pós em Eng. Elétrica,Lab. de Sinais Digitais,18:D6:C7:F9:37:2F,-66,11
22/04/2026,07:44:11,100,Coordenação de pós em Eng. Elétrica,IFPB TCC,D8:5D:4C:86:7E:66,-78,1
22/04/2026,07:44:11,100,Coordenação de pós em Eng. Elétrica,IFPB-Sala_Professor_14,24:FD:0D:57:19:26,-78,5
22/04/2026,07:44:11,100,Coordenação de pós em Eng. Elétrica,IFPB-VISITANTE,E4:4E:2D:85:4C:62,-78,11
22/04/2026,07:44:11,100,Coordenação de pós em Eng. Elétrica,IFPB,E4:4E:2D:85:4C:60,-79,11
22/04/2026,07:44:11,100,Coordenação de pós em Eng. Elétrica,IFPB,24:36:DA:2B:BC:00,-82,6
22/04/2026,07:44:11,100,Coordenação de pós em Eng. Elétrica,IFPB-VISITANTE,24:36:DA:2B:BC:02,-82,6
22/04/2026,07:44:11,100,Coordenação de pós em Eng. Elétrica,UA2-MiniLab,60:32:B1:2D:66:C3,-84,10
22/04/2026,07:44:11,100,Coordenação de pós em Eng. Elétrica,IFPB-VISITANTE,24:36:DA:9F:FB:82,-86,11
22/04/2026,07:44:11,100,Coordenação de pós em Eng. Elétrica,kaka-IF,00:E0:4C:65:36:BC,-86,11
22/04/2026,07:44:11,100,Coordenação de pós em Eng. Elétrica,IFPB,24:36:DA:9F:FB:80,-87,11
22/04/2026,07:44:11,100,Coordenação de pós em Eng. Elétrica,Lab Redes Convergentes,64:70:02:99:FE:F4,-88,1
22/04/2026,07:44:11,100,Coordenação de pós em Eng. Elétrica,GPDS,00:26:5A:66:55:EF,-90,6
22/04/2026,07:44:11,100,Coordenação de pós em Eng. Elétrica,NPEF/NEPA,50:C7:BF:EF:56:8A,-91,3
22/04/2026,07:44:11,100,Coordenação de pós em Eng. Elétrica,NUNYA_Room_2.4GHz,CC:32:E5:0C:FC:2B,-92,9
22/04/2026,07:44:11,100,Coordenação de pós em Eng. Elétrica,SALA_MESTRADO,64:66:B3:62:EB:86,-93,1
22/04/2026,07:44:11,100,Coordenação de pós em Eng. Elétrica,IFPB-Sala_Professor_14,48:51:CF:81:B0:9E,-93,3
22/04/2026,07:44:37,101,Lab. de redes convergentes,APTelefonia,58:10:8C:91:F3:AA,-36,1
22/04/2026,07:44:37,101,Lab. de redes convergentes,Intelbras,18:0D:2C:7F:EB:AC,-49,7
22/04/2026,07:44:37,101,Lab. de redes convergentes,TP-Link_1324,7C:F1:7E:8D:13:22,-60,10
22/04/2026,07:44:37,101,Lab. de redes convergentes,IFPB,E4:4E:2D:85:4C:60,-62,11
22/04/2026,07:44:37,101,Lab. de redes convergentes,IFPB-VISITANTE,E4:4E:2D:85:4C:62,-62,11
22/04/2026,07:44:37,101,Lab. de redes convergentes,IFPB TCC,D8:5D:4C:86:7E:66,-72,1
22/04/2026,07:44:37,101,Lab. de redes convergentes,IFPB-Sala_Professor_14,24:FD:0D:57:19:26,-72,5
22/04/2026,07:44:37,101,Lab. de redes convergentes,Lab. de Sinais Digitais,18:D6:C7:F9:37:2F,-75,11
22/04/2026,07:44:37,101,Lab. de redes convergentes,kaka-IF,00:E0:4C:65:36:BC,-77,11
22/04/2026,07:44:37,101,Lab. de redes convergentes,IFPB,24:36:DA:2B:BC:00,-79,6
22/04/2026,07:44:37,101,Lab. de redes convergentes,IFPB-VISITANTE,24:36:DA:2B:BC:02,-79,6
22/04/2026,07:44:37,101,Lab. de redes convergentes,GPDS,00:26:5A:66:55:EF,-83,6
22/04/2026,07:44:37,101,Lab. de redes convergentes,UA2-MiniLab,60:32:B1:2D:66:C3,-83,10
22/04/2026,07:44:37,101,Lab. de redes convergentes,IFPB,84:F1:47:54:96:E0,-84,1
22/04/2026,07:44:37,101,Lab. de redes convergentes,IFPB-VISITANTE,84:F1:47:54:96:E2,-85,1
22/04/2026,07:44:37,101,Lab. de redes convergentes,SALA_MESTRADO,64:66:B3:62:EB:86,-87,1
22/04/2026,07:44:37,101,Lab. de redes convergentes,IFPB-Sala_Professor_14,48:51:CF:81:B0:9E,-88,3
22/04/2026,07:44:38,101,Lab. de redes convergentes,IFPB-VISITANTE,84:F1:47:54:EB:22,-88,6
22/04/2026,07:44:38,101,Lab. de redes convergentes,Lab Redes Convergentes,64:70:02:99:FE:F4,-90,1
22/04/2026,07:44:38,101,Lab. de redes convergentes,NPEF/NEPA,50:C7:BF:EF:56:8A,-91,3
22/04/2026,07:44:38,101,Lab. de redes convergentes,TP-Link_C3CB,D8:0D:17:3E:C3:CB,-92,4
22/04/2026,07:44:38,101,Lab. de redes convergentes,IFPB-Sala_13,E8:94:F6:B9:2F:46,-92,6
22/04/2026,07:44:38,101,Lab. de redes convergentes,NUNYA_Room_2.4GHz,CC:32:E5:0C:FC:2B,-93,9
22/04/2026,07:44:47,102,Lab. de redes convergentes,APTelefonia,58:10:8C:91:F3:AA,-35,1
22/04/2026,07:44:47,102,Lab. de redes convergentes,Intelbras,18:0D:2C:7F:EB:AC,-50,7
22/04/2026,07:44:47,102,Lab. de redes convergentes,IFPB,E4:4E:2D:85:4C:60,-58,11
22/04/2026,07:44:47,102,Lab. de redes convergentes,IFPB-VISITANTE,E4:4E:2D:85:4C:62,-58,11
22/04/2026,07:44:47,102,Lab. de redes convergentes,TP-Link_1324,7C:F1:7E:8D:13:22,-60,10
22/04/2026,07:44:47,102,Lab. de redes convergentes,IFPB-Sala_Professor_14,24:FD:0D:57:19:26,-70,5
22/04/2026,07:44:48,102,Lab. de redes convergentes,Lab. de Sinais Digitais,18:D6:C7:F9:37:2F,-71,11
22/04/2026,07:44:48,102,Lab. de redes convergentes,IFPB TCC,D8:5D:4C:86:7E:66,-73,1
22/04/2026,07:44:48,102,Lab. de redes convergentes,IFPB,24:36:DA:2B:BC:00,-74,6
22/04/2026,07:44:48,102,Lab. de redes convergentes,IFPB-VISITANTE,24:36:DA:2B:BC:02,-74,6
22/04/2026,07:44:48,102,Lab. de redes convergentes,kaka-IF,00:E0:4C:65:36:BC,-77,11
22/04/2026,07:44:48,102,Lab. de redes convergentes,GPDS,00:26:5A:66:55:EF,-82,6
22/04/2026,07:44:48,102,Lab. de redes convergentes,UA2-MiniLab,60:32:B1:2D:66:C3,-85,10
22/04/2026,07:44:48,102,Lab. de redes convergentes,IFPB-VISITANTE,84:F1:47:54:96:E2,-86,1
22/04/2026,07:44:48,102,Lab. de redes convergentes,IFPB-Sala_Professor_14,48:51:CF:81:B0:9E,-86,3
22/04/2026,07:44:48,102,Lab. de redes convergentes,SALA_MESTRADO,64:66:B3:62:EB:86,-88,1
22/04/2026,07:44:48,102,Lab. de redes convergentes,Lab Redes Convergentes,64:70:02:99:FE:F4,-88,1
22/04/2026,07:44:48,102,Lab. de redes convergentes,IFPB,84:F1:47:54:96:E0,-89,1
22/04/2026,07:44:48,102,Lab. de redes convergentes,IFPB,84:F1:47:54:EB:20,-90,6
22/04/2026,07:44:48,102,Lab. de redes convergentes,NUNYA_Room_2.4GHz,CC:32:E5:0C:FC:2B,-92,9
22/04/2026,07:44:48,102,Lab. de redes convergentes,NPEF/NEPA,50:C7:BF:EF:56:8A,-93,3
22/04/2026,07:44:57,103,Lab. de redes convergentes,APTelefonia,58:10:8C:91:F3:AA,-35,1
22/04/2026,07:44:57,103,Lab. de redes convergentes,Intelbras,18:0D:2C:7F:EB:AC,-51,7
22/04/2026,07:44:57,103,Lab. de redes convergentes,IFPB-VISITANTE,E4:4E:2D:85:4C:62,-60,11
22/04/2026,07:44:57,103,Lab. de redes convergentes,IFPB,E4:4E:2D:85:4C:60,-61,11
22/04/2026,07:44:57,103,Lab. de redes convergentes,TP-Link_1324,7C:F1:7E:8D:13:22,-62,10
22/04/2026,07:44:57,103,Lab. de redes convergentes,Lab. de Sinais Digitais,18:D6:C7:F9:37:2F,-73,11
22/04/2026,07:44:58,103,Lab. de redes convergentes,IFPB TCC,D8:5D:4C:86:7E:66,-75,1
22/04/2026,07:44:58,103,Lab. de redes convergentes,IFPB,24:36:DA:2B:BC:00,-76,6
22/04/2026,07:44:58,103,Lab. de redes convergentes,IFPB-VISITANTE,24:36:DA:2B:BC:02,-76,6
22/04/2026,07:44:58,103,Lab. de redes convergentes,GPDS,00:26:5A:66:55:EF,-78,6
22/04/2026,07:44:58,103,Lab. de redes convergentes,IFPB-Sala_Professor_14,24:FD:0D:57:19:26,-81,5
22/04/2026,07:44:58,103,Lab. de redes convergentes,IFPB-Sala_Professor_14,48:51:CF:81:B0:9E,-83,3
22/04/2026,07:44:58,103,Lab. de redes convergentes,UA2-MiniLab,60:32:B1:2D:66:C3,-83,10
22/04/2026,07:44:58,103,Lab. de redes convergentes,IFPB,84:F1:47:54:96:E0,-85,1
22/04/2026,07:44:58,103,Lab. de redes convergentes,IFPB-VISITANTE,84:F1:47:54:96:E2,-85,1
22/04/2026,07:44:58,103,Lab. de redes convergentes,IFPB-VISITANTE,84:F1:47:54:EB:22,-88,6
22/04/2026,07:44:58,103,Lab. de redes convergentes,kaka-IF,00:E0:4C:65:36:BC,-89,11
22/04/2026,07:44:58,103,Lab. de redes convergentes,SALA_MESTRADO,64:66:B3:62:EB:86,-91,1
22/04/2026,07:44:58,103,Lab. de redes convergentes,Lab Redes Convergentes,64:70:02:99:FE:F4,-91,1
22/04/2026,07:44:58,103,Lab. de redes convergentes,NPEF/NEPA,50:C7:BF:EF:56:8A,-91,3
22/04/2026,07:44:58,103,Lab. de redes convergentes,TP-Link_C3CB,D8:0D:17:3E:C3:CB,-91,4
22/04/2026,07:44:58,103,Lab. de redes convergentes,NUNYA_Room_2.4GHz,CC:32:E5:0C:FC:2B,-92,9
22/04/2026,07:45:07,104,Lab. de redes convergentes,APTelefonia,58:10:8C:91:F3:AA,-35,1
22/04/2026,07:45:07,104,Lab. de redes convergentes,Intelbras,18:0D:2C:7F:EB:AC,-51,7
22/04/2026,07:45:07,104,Lab. de redes convergentes,IFPB,E4:4E:2D:85:4C:60,-58,11
22/04/2026,07:45:07,104,Lab. de redes convergentes,IFPB-VISITANTE,E4:4E:2D:85:4C:62,-58,11
22/04/2026,07:45:07,104,Lab. de redes convergentes,TP-Link_1324,7C:F1:7E:8D:13:22,-59,10
22/04/2026,07:45:07,104,Lab. de redes convergentes,IFPB TCC,D8:5D:4C:86:7E:66,-70,1
22/04/2026,07:45:08,104,Lab. de redes convergentes,Lab. de Sinais Digitais,18:D6:C7:F9:37:2F,-73,11
22/04/2026,07:45:08,104,Lab. de redes convergentes,IFPB-Sala_Professor_14,24:FD:0D:57:19:26,-75,5
22/04/2026,07:45:08,104,Lab. de redes convergentes,IFPB,24:36:DA:2B:BC:00,-76,6
22/04/2026,07:45:08,104,Lab. de redes convergentes,IFPB-VISITANTE,24:36:DA:2B:BC:02,-76,6
22/04/2026,07:45:08,104,Lab. de redes convergentes,kaka-IF,00:E0:4C:65:36:BC,-77,11
22/04/2026,07:45:08,104,Lab. de redes convergentes,IFPB,84:F1:47:54:96:E0,-82,1
22/04/2026,07:45:08,104,Lab. de redes convergentes,IFPB-VISITANTE,84:F1:47:54:96:E2,-82,1
22/04/2026,07:45:08,104,Lab. de redes convergentes,UA2-MiniLab,60:32:B1:2D:66:C3,-82,10
22/04/2026,07:45:08,104,Lab. de redes convergentes,IFPB-Sala_Professor_14,48:51:CF:81:B0:9E,-84,3
22/04/2026,07:45:08,104,Lab. de redes convergentes,GPDS,00:26:5A:66:55:EF,-86,6
22/04/2026,07:45:08,104,Lab. de redes convergentes,SALA_MESTRADO,64:66:B3:62:EB:86,-87,1
22/04/2026,07:45:08,104,Lab. de redes convergentes,IFPB-VISITANTE,84:F1:47:54:EB:22,-88,6
22/04/2026,07:45:08,104,Lab. de redes convergentes,NPEF/NEPA,50:C7:BF:EF:56:8A,-89,3
22/04/2026,07:45:08,104,Lab. de redes convergentes,IFPB,84:F1:47:54:EB:20,-89,6
22/04/2026,07:45:08,104,Lab. de redes convergentes,NUNYA_Room_2.4GHz,CC:32:E5:0C:FC:2B,-89,9
22/04/2026,07:45:08,104,Lab. de redes convergentes,Lab Redes Convergentes,64:70:02:99:FE:F4,-90,1
22/04/2026,07:45:08,104,Lab. de redes convergentes,TP-Link_C3CB,D8:0D:17:3E:C3:CB,-92,4
22/04/2026,07:45:18,105,Lab. de redes convergentes,APTelefonia,58:10:8C:91:F3:AA,-34,1
22/04/2026,07:45:18,105,Lab. de redes convergentes,Intelbras,18:0D:2C:7F:EB:AC,-49,7
22/04/2026,07:45:18,105,Lab. de redes convergentes,TP-Link_1324,7C:F1:7E:8D:13:22,-60,10
22/04/2026,07:45:18,105,Lab. de redes convergentes,IFPB,E4:4E:2D:85:4C:60,-61,11
22/04/2026,07:45:18,105,Lab. de redes convergentes,IFPB-VISITANTE,E4:4E:2D:85:4C:62,-61,11
22/04/2026,07:45:18,105,Lab. de redes convergentes,IFPB TCC,D8:5D:4C:86:7E:66,-73,1
22/04/2026,07:45:18,105,Lab. de redes convergentes,Lab. de Sinais Digitais,18:D6:C7:F9:37:2F,-73,11
22/04/2026,07:45:18,105,Lab. de redes convergentes,IFPB,24:36:DA:2B:BC:00,-74,6
22/04/2026,07:45:18,105,Lab. de redes convergentes,IFPB-VISITANTE,24:36:DA:2B:BC:02,-74,6
22/04/2026,07:45:18,105,Lab. de redes convergentes,IFPB-Sala_Professor_14,24:FD:0D:57:19:26,-75,5
22/04/2026,07:45:18,105,Lab. de redes convergentes,kaka-IF,00:E0:4C:65:36:BC,-79,11
22/04/2026,07:45:18,105,Lab. de redes convergentes,IFPB-VISITANTE,84:F1:47:54:96:E2,-81,1
22/04/2026,07:45:18,105,Lab. de redes convergentes,IFPB,84:F1:47:54:96:E0,-82,1
22/04/2026,07:45:18,105,Lab. de redes convergentes,GPDS,00:26:5A:66:55:EF,-83,6
22/04/2026,07:45:18,105,Lab. de redes convergentes,UA2-MiniLab,60:32:B1:2D:66:C3,-83,10
22/04/2026,07:45:18,105,Lab. de redes convergentes,IFPB-Sala_Professor_14,48:51:CF:81:B0:9E,-85,3
22/04/2026,07:45:18,105,Lab. de redes convergentes,SALA_MESTRADO,64:66:B3:62:EB:86,-87,1
22/04/2026,07:45:18,105,Lab. de redes convergentes,IFPB-VISITANTE,84:F1:47:54:EB:22,-87,6
22/04/2026,07:45:18,105,Lab. de redes convergentes,IFPB,84:F1:47:54:EB:20,-88,6
22/04/2026,07:45:18,105,Lab. de redes convergentes,Lab Redes Convergentes,64:70:02:99:FE:F4,-89,1
22/04/2026,07:45:18,105,Lab. de redes convergentes,NPEF/NEPA,50:C7:BF:EF:56:8A,-90,3
22/04/2026,07:45:18,105,Lab. de redes convergentes,NUNYA_Room_2.4GHz,CC:32:E5:0C:FC:2B,-91,9
22/04/2026,07:45:18,105,Lab. de redes convergentes,TP-Link_C3CB,D8:0D:17:3E:C3:CB,-92,4
22/04/2026,07:45:28,106,Lab. de redes convergentes,APTelefonia,58:10:8C:91:F3:AA,-33,1
22/04/2026,07:45:28,106,Lab. de redes convergentes,Intelbras,18:0D:2C:7F:EB:AC,-51,7
22/04/2026,07:45:28,106,Lab. de redes convergentes,TP-Link_1324,7C:F1:7E:8D:13:22,-58,10
22/04/2026,07:45:28,106,Lab. de redes convergentes,IFPB,E4:4E:2D:85:4C:60,-59,11
22/04/2026,07:45:28,106,Lab. de redes convergentes,IFPB-VISITANTE,E4:4E:2D:85:4C:62,-60,11
22/04/2026,07:45:28,106,Lab. de redes convergentes,IFPB-Sala_Professor_14,24:FD:0D:57:19:26,-72,5
22/04/2026,07:45:28,106,Lab. de redes convergentes,Lab. de Sinais Digitais,18:D6:C7:F9:37:2F,-73,11
22/04/2026,07:45:28,106,Lab. de redes convergentes,IFPB TCC,D8:5D:4C:86:7E:66,-74,1
22/04/2026,07:45:28,106,Lab. de redes convergentes,IFPB,24:36:DA:2B:BC:00,-74,6
22/04/2026,07:45:28,106,Lab. de redes convergentes,IFPB-VISITANTE,24:36:DA:2B:BC:02,-74,6
22/04/2026,07:45:28,106,Lab. de redes convergentes,IFPB-VISITANTE,84:F1:47:54:96:E2,-80,1
22/04/2026,07:45:28,106,Lab. de redes convergentes,IFPB,84:F1:47:54:96:E0,-81,1
22/04/2026,07:45:28,106,Lab. de redes convergentes,kaka-IF,00:E0:4C:65:36:BC,-81,11
22/04/2026,07:45:28,106,Lab. de redes convergentes,UA2-MiniLab,60:32:B1:2D:66:C3,-82,10
22/04/2026,07:45:28,106,Lab. de redes convergentes,IFPB-Sala_Professor_14,48:51:CF:81:B0:9E,-85,3
22/04/2026,07:45:28,106,Lab. de redes convergentes,GPDS,00:26:5A:66:55:EF,-86,6
22/04/2026,07:45:28,106,Lab. de redes convergentes,NPEF/NEPA,50:C7:BF:EF:56:8A,-87,3
22/04/2026,07:45:28,106,Lab. de redes convergentes,Lab Redes Convergentes,64:70:02:99:FE:F4,-89,1
22/04/2026,07:45:28,106,Lab. de redes convergentes,SALA_MESTRADO,64:66:B3:62:EB:86,-90,1
22/04/2026,07:45:28,106,Lab. de redes convergentes,IFPB-Sala_13,E8:94:F6:B9:2F:46,-93,6
22/04/2026,07:45:28,106,Lab. de redes convergentes,TP-Link_C3CB,D8:0D:17:3E:C3:CB,-94,4
22/04/2026,07:45:28,106,Lab. de redes convergentes,NUNYA_Room_2.4GHz,CC:32:E5:0C:FC:2B,-94,9
22/04/2026,07:45:38,107,Lab. de redes convergentes,APTelefonia,58:10:8C:91:F3:AA,-34,1
22/04/2026,07:45:38,107,Lab. de redes convergentes,Intelbras,18:0D:2C:7F:EB:AC,-54,7
22/04/2026,07:45:38,107,Lab. de redes convergentes,IFPB,E4:4E:2D:85:4C:60,-60,11
22/04/2026,07:45:38,107,Lab. de redes convergentes,IFPB-VISITANTE,E4:4E:2D:85:4C:62,-60,11
22/04/2026,07:45:38,107,Lab. de redes convergentes,TP-Link_1324,7C:F1:7E:8D:13:22,-63,10
22/04/2026,07:45:38,107,Lab. de redes convergentes,IFPB-Sala_Professor_14,24:FD:0D:57:19:26,-73,5
22/04/2026,07:45:38,107,Lab. de redes convergentes,Lab. de Sinais Digitais,18:D6:C7:F9:37:2F,-73,11
22/04/2026,07:45:38,107,Lab. de redes convergentes,IFPB TCC,D8:5D:4C:86:7E:66,-75,1
22/04/2026,07:45:38,107,Lab. de redes convergentes,IFPB,24:36:DA:2B:BC:00,-77,6
22/04/2026,07:45:38,107,Lab. de redes convergentes,IFPB-VISITANTE,24:36:DA:2B:BC:02,-77,6
22/04/2026,07:45:38,107,Lab. de redes convergentes,kaka-IF,00:E0:4C:65:36:BC,-77,11
22/04/2026,07:45:38,107,Lab. de redes convergentes,IFPB-VISITANTE,84:F1:47:54:96:E2,-81,1
22/04/2026,07:45:38,107,Lab. de redes convergentes,GPDS,00:26:5A:66:55:EF,-81,6
22/04/2026,07:45:38,107,Lab. de redes convergentes,UA2-MiniLab,60:32:B1:2D:66:C3,-81,10
22/04/2026,07:45:38,107,Lab. de redes convergentes,IFPB,84:F1:47:54:96:E0,-82,1
22/04/2026,07:45:38,107,Lab. de redes convergentes,IFPB,84:F1:47:54:EB:20,-86,6
22/04/2026,07:45:38,107,Lab. de redes convergentes,Lab Redes Convergentes,64:70:02:99:FE:F4,-87,1
22/04/2026,07:45:38,107,Lab. de redes convergentes,NPEF/NEPA,50:C7:BF:EF:56:8A,-88,3
22/04/2026,07:45:38,107,Lab. de redes convergentes,IFPB-VISITANTE,84:F1:47:54:EB:22,-89,6
22/04/2026,07:45:38,107,Lab. de redes convergentes,NUNYA_Room_2.4GHz,CC:32:E5:0C:FC:2B,-90,9
22/04/2026,07:45:38,107,Lab. de redes convergentes,SALA_MESTRADO,64:66:B3:62:EB:86,-91,1
22/04/2026,07:45:38,107,Lab. de redes convergentes,IFPB-Sala_Professor_14,48:51:CF:81:B0:9E,-91,3
22/04/2026,07:45:38,107,Lab. de redes convergentes,TP-Link_C3CB,D8:0D:17:3E:C3:CB,-95,4
22/04/2026,07:45:48,108,Lab. de redes convergentes,APTelefonia,58:10:8C:91:F3:AA,-35,1
22/04/2026,07:45:48,108,Lab. de redes convergentes,Intelbras,18:0D:2C:7F:EB:AC,-50,7
22/04/2026,07:45:48,108,Lab. de redes convergentes,TP-Link_1324,7C:F1:7E:8D:13:22,-59,10
22/04/2026,07:45:48,108,Lab. de redes convergentes,IFPB,E4:4E:2D:85:4C:60,-60,11
22/04/2026,07:45:48,108,Lab. de redes convergentes,IFPB-VISITANTE,E4:4E:2D:85:4C:62,-60,11
22/04/2026,07:45:48,108,Lab. de redes convergentes,IFPB-Sala_Professor_14,24:FD:0D:57:19:26,-72,5
22/04/2026,07:45:48,108,Lab. de redes convergentes,IFPB TCC,D8:5D:4C:86:7E:66,-73,1
22/04/2026,07:45:48,108,Lab. de redes convergentes,kaka-IF,00:E0:4C:65:36:BC,-75,11
22/04/2026,07:45:48,108,Lab. de redes convergentes,Lab. de Sinais Digitais,18:D6:C7:F9:37:2F,-77,11
22/04/2026,07:45:48,108,Lab. de redes convergentes,IFPB,24:36:DA:2B:BC:00,-79,6
22/04/2026,07:45:48,108,Lab. de redes convergentes,IFPB-VISITANTE,24:36:DA:2B:BC:02,-79,6
22/04/2026,07:45:48,108,Lab. de redes convergentes,GPDS,00:26:5A:66:55:EF,-82,6
22/04/2026,07:45:48,108,Lab. de redes convergentes,NUNYA_Room_2.4GHz,CC:32:E5:0C:FC:2B,-82,9
22/04/2026,07:45:48,108,Lab. de redes convergentes,UA2-MiniLab,60:32:B1:2D:66:C3,-83,10
22/04/2026,07:45:48,108,Lab. de redes convergentes,SALA_MESTRADO,64:66:B3:62:EB:86,-84,1
22/04/2026,07:45:48,108,Lab. de redes convergentes,IFPB,84:F1:47:54:96:E0,-84,1
22/04/2026,07:45:48,108,Lab. de redes convergentes,IFPB-VISITANTE,84:F1:47:54:96:E2,-84,1
22/04/2026,07:45:48,108,Lab. de redes convergentes,IFPB-Sala_Professor_14,48:51:CF:81:B0:9E,-89,3
22/04/2026,07:45:48,108,Lab. de redes convergentes,NPEF/NEPA,50:C7:BF:EF:56:8A,-90,3
22/04/2026,07:45:48,108,Lab. de redes convergentes,Lab Redes Convergentes,64:70:02:99:FE:F4,-91,1
22/04/2026,07:45:48,108,Lab. de redes convergentes,TP-Link_C3CB,D8:0D:17:3E:C3:CB,-92,4
22/04/2026,07:45:58,109,Lab. de redes convergentes,APTelefonia,58:10:8C:91:F3:AA,-35,1
22/04/2026,07:45:58,109,Lab. de redes convergentes,Intelbras,18:0D:2C:7F:EB:AC,-51,7
22/04/2026,07:45:58,109,Lab. de redes convergentes,IFPB-VISITANTE,E4:4E:2D:85:4C:62,-60,11
22/04/2026,07:45:58,109,Lab. de redes convergentes,IFPB,E4:4E:2D:85:4C:60,-61,11
22/04/2026,07:45:58,109,Lab. de redes convergentes,TP-Link_1324,7C:F1:7E:8D:13:22,-64,10
22/04/2026,07:45:58,109,Lab. de redes convergentes,IFPB-Sala_Professor_14,24:FD:0D:57:19:26,-71,5
22/04/2026,07:45:58,109,Lab. de redes convergentes,Lab. de Sinais Digitais,18:D6:C7:F9:37:2F,-72,11
22/04/2026,07:45:58,109,Lab. de redes convergentes,IFPB TCC,D8:5D:4C:86:7E:66,-73,1
22/04/2026,07:45:58,109,Lab. de redes convergentes,kaka-IF,00:E0:4C:65:36:BC,-78,11
22/04/2026,07:45:58,109,Lab. de redes convergentes,GPDS,00:26:5A:66:55:EF,-79,6
22/04/2026,07:45:58,109,Lab. de redes convergentes,IFPB-VISITANTE,24:36:DA:2B:BC:02,-80,6
22/04/2026,07:45:58,109,Lab. de redes convergentes,IFPB,24:36:DA:2B:BC:00,-81,6
22/04/2026,07:45:58,109,Lab. de redes convergentes,IFPB,84:F1:47:54:96:E0,-83,1
22/04/2026,07:45:58,109,Lab. de redes convergentes,IFPB-VISITANTE,84:F1:47:54:96:E2,-83,1
22/04/2026,07:45:58,109,Lab. de redes convergentes,IFPB-Sala_Professor_14,48:51:CF:81:B0:9E,-85,3
22/04/2026,07:45:58,109,Lab. de redes convergentes,SALA_MESTRADO,64:66:B3:62:EB:86,-87,1
22/04/2026,07:45:58,109,Lab. de redes convergentes,Lab Redes Convergentes,64:70:02:99:FE:F4,-90,1
22/04/2026,07:45:58,109,Lab. de redes convergentes,TP-Link_C3CB,D8:0D:17:3E:C3:CB,-90,4
22/04/2026,07:45:58,109,Lab. de redes convergentes,NPEF/NEPA,50:C7:BF:EF:56:8A,-93,3
22/04/2026,07:46:08,110,Lab. de redes convergentes,APTelefonia,58:10:8C:91:F3:AA,-37,1
22/04/2026,07:46:08,110,Lab. de redes convergentes,Intelbras,18:0D:2C:7F:EB:AC,-49,7
22/04/2026,07:46:08,110,Lab. de redes convergentes,IFPB,E4:4E:2D:85:4C:60,-60,11
22/04/2026,07:46:08,110,Lab. de redes convergentes,IFPB-VISITANTE,E4:4E:2D:85:4C:62,-60,11
22/04/2026,07:46:08,110,Lab. de redes convergentes,TP-Link_1324,7C:F1:7E:8D:13:22,-63,10
22/04/2026,07:46:08,110,Lab. de redes convergentes,Lab. de Sinais Digitais,18:D6:C7:F9:37:2F,-72,11
22/04/2026,07:46:08,110,Lab. de redes convergentes,IFPB TCC,D8:5D:4C:86:7E:66,-73,1
22/04/2026,07:46:08,110,Lab. de redes convergentes,IFPB-Sala_Professor_14,24:FD:0D:57:19:26,-74,5
22/04/2026,07:46:08,110,Lab. de redes convergentes,IFPB,24:36:DA:2B:BC:00,-80,6
22/04/2026,07:46:08,110,Lab. de redes convergentes,IFPB-VISITANTE,24:36:DA:2B:BC:02,-80,6
22/04/2026,07:46:08,110,Lab. de redes convergentes,GPDS,00:26:5A:66:55:EF,-80,6
22/04/2026,07:46:08,110,Lab. de redes convergentes,UA2-MiniLab,60:32:B1:2D:66:C3,-81,10
22/04/2026,07:46:08,110,Lab. de redes convergentes,IFPB-VISITANTE,84:F1:47:54:96:E2,-83,1
22/04/2026,07:46:08,110,Lab. de redes convergentes,IFPB,84:F1:47:54:96:E0,-83,1
22/04/2026,07:46:08,110,Lab. de redes convergentes,kaka-IF,00:E0:4C:65:36:BC,-83,11
22/04/2026,07:46:08,110,Lab. de redes convergentes,IFPB-Sala_Professor_14,48:51:CF:81:B0:9E,-87,3
22/04/2026,07:46:08,110,Lab. de redes convergentes,IFPB-VISITANTE,84:F1:47:54:EB:22,-87,6
22/04/2026,07:46:08,110,Lab. de redes convergentes,SALA_MESTRADO,64:66:B3:62:EB:86,-88,1
22/04/2026,07:46:08,110,Lab. de redes convergentes,NUNYA_Room_2.4GHz,CC:32:E5:0C:FC:2B,-91,9
22/04/2026,07:46:08,110,Lab. de redes convergentes,Lab Redes Convergentes,64:70:02:99:FE:F4,-92,1
22/04/2026,07:46:08,110,Lab. de redes convergentes,NPEF/NEPA,50:C7:BF:EF:56:8A,-92,3
22/04/2026,07:46:08,110,Lab. de redes convergentes,TP-Link_C3CB,D8:0D:17:3E:C3:CB,-92,4
22/04/2026,07:46:35,111,Lab. de fibras ópticas,APTelefonia,58:10:8C:91:F3:AA,-43,1
22/04/2026,07:46:35,111,Lab. de fibras ópticas,Intelbras,18:0D:2C:7F:EB:AC,-54,7
22/04/2026,07:46:35,111,Lab. de fibras ópticas,IFPB-VISITANTE,E4:4E:2D:85:4C:62,-58,11
22/04/2026,07:46:35,111,Lab. de fibras ópticas,IFPB,E4:4E:2D:85:4C:60,-59,11
22/04/2026,07:46:35,111,Lab. de fibras ópticas,TP-Link_1324,7C:F1:7E:8D:13:22,-65,10
22/04/2026,07:46:35,111,Lab. de fibras ópticas,Lab. de Sinais Digitais,18:D6:C7:F9:37:2F,-66,11
22/04/2026,07:46:35,111,Lab. de fibras ópticas,kaka-IF,00:E0:4C:65:36:BC,-70,11
22/04/2026,07:46:35,111,Lab. de fibras ópticas,IFPB-Sala_Professor_14,24:FD:0D:57:19:26,-72,5
22/04/2026,07:46:35,111,Lab. de fibras ópticas,GPDS,00:26:5A:66:55:EF,-74,6
22/04/2026,07:46:35,111,Lab. de fibras ópticas,IFPB,84:F1:47:54:96:E0,-75,1
22/04/2026,07:46:35,111,Lab. de fibras ópticas,IFPB-VISITANTE,84:F1:47:54:96:E2,-75,1
22/04/2026,07:46:35,111,Lab. de fibras ópticas,SALA_MESTRADO,64:66:B3:62:EB:86,-81,1
22/04/2026,07:46:35,111,Lab. de fibras ópticas,UA2-MiniLab,60:32:B1:2D:66:C3,-84,10
22/04/2026,07:46:35,111,Lab. de fibras ópticas,IFPB-VISITANTE,24:36:DA:2B:BC:02,-85,6
22/04/2026,07:46:35,111,Lab. de fibras ópticas,IFPB,24:36:DA:2B:BC:00,-85,6
22/04/2026,07:46:35,111,Lab. de fibras ópticas,NPEF/NEPA,50:C7:BF:EF:56:8A,-87,3
22/04/2026,07:46:35,111,Lab. de fibras ópticas,IFPB-Sala_Professor_14,48:51:CF:81:B0:9E,-87,3
22/04/2026,07:46:35,111,Lab. de fibras ópticas,IFPB,84:F1:47:54:EB:20,-88,6
22/04/2026,07:46:35,111,Lab. de fibras ópticas,IFPB-VISITANTE,84:F1:47:54:EB:22,-88,6
22/04/2026,07:46:35,111,Lab. de fibras ópticas,NUNYA_Room_2.4GHz,CC:32:E5:0C:FC:2B,-89,9
22/04/2026,07:46:35,111,Lab. de fibras ópticas,IFPB TCC,D8:5D:4C:86:7E:66,-90,1
22/04/2026,07:46:35,111,Lab. de fibras ópticas,TP-Link_C3CB,D8:0D:17:3E:C3:CB,-91,4
22/04/2026,07:46:35,111,Lab. de fibras ópticas,IFPB-Sala_13,E8:94:F6:B9:2F:46,-91,6
22/04/2026,07:46:45,112,Lab. de fibras ópticas,APTelefonia,58:10:8C:91:F3:AA,-41,1
22/04/2026,07:46:45,112,Lab. de fibras ópticas,Intelbras,18:0D:2C:7F:EB:AC,-56,7
22/04/2026,07:46:45,112,Lab. de fibras ópticas,IFPB,E4:4E:2D:85:4C:60,-58,11
22/04/2026,07:46:45,112,Lab. de fibras ópticas,IFPB-VISITANTE,E4:4E:2D:85:4C:62,-58,11
22/04/2026,07:46:45,112,Lab. de fibras ópticas,Lab. de Sinais Digitais,18:D6:C7:F9:37:2F,-62,11
22/04/2026,07:46:45,112,Lab. de fibras ópticas,TP-Link_1324,7C:F1:7E:8D:13:22,-64,10
22/04/2026,07:46:45,112,Lab. de fibras ópticas,IFPB-Sala_Professor_14,24:FD:0D:57:19:26,-71,5
22/04/2026,07:46:45,112,Lab. de fibras ópticas,kaka-IF,00:E0:4C:65:36:BC,-71,11
22/04/2026,07:46:45,112,Lab. de fibras ópticas,IFPB-VISITANTE,24:36:DA:2B:BC:02,-73,6
22/04/2026,07:46:45,112,Lab. de fibras ópticas,IFPB,24:36:DA:2B:BC:00,-74,6
22/04/2026,07:46:45,112,Lab. de fibras ópticas,IFPB,84:F1:47:54:96:E0,-75,1
22/04/2026,07:46:45,112,Lab. de fibras ópticas,IFPB-VISITANTE,84:F1:47:54:96:E2,-76,1
22/04/2026,07:46:45,112,Lab. de fibras ópticas,GPDS,00:26:5A:66:55:EF,-79,6
22/04/2026,07:46:45,112,Lab. de fibras ópticas,SALA_MESTRADO,64:66:B3:62:EB:86,-82,1
22/04/2026,07:46:45,112,Lab. de fibras ópticas,IFPB-Sala_Professor_14,48:51:CF:81:B0:9E,-82,3
22/04/2026,07:46:45,112,Lab. de fibras ópticas,UA2-MiniLab,60:32:B1:2D:66:C3,-82,10
22/04/2026,07:46:45,112,Lab. de fibras ópticas,IFPB TCC,D8:5D:4C:86:7E:66,-85,1
22/04/2026,07:46:45,112,Lab. de fibras ópticas,IFPB,84:F1:47:54:EB:20,-85,6
22/04/2026,07:46:45,112,Lab. de fibras ópticas,IFPB-VISITANTE,84:F1:47:54:EB:22,-86,6
22/04/2026,07:46:45,112,Lab. de fibras ópticas,NPEF/NEPA,50:C7:BF:EF:56:8A,-90,3
22/04/2026,07:46:45,112,Lab. de fibras ópticas,IFPB-Sala_13,E8:94:F6:B9:2F:46,-90,6
22/04/2026,07:46:45,112,Lab. de fibras ópticas,TP-Link_C3CB,D8:0D:17:3E:C3:CB,-92,4
22/04/2026,07:46:45,112,Lab. de fibras ópticas,NUNYA_Room_2.4GHz,CC:32:E5:0C:FC:2B,-92,9
22/04/2026,07:46:55,113,Lab. de fibras ópticas,APTelefonia,58:10:8C:91:F3:AA,-41,1
22/04/2026,07:46:55,113,Lab. de fibras ópticas,Intelbras,18:0D:2C:7F:EB:AC,-55,7
22/04/2026,07:46:55,113,Lab. de fibras ópticas,IFPB,E4:4E:2D:85:4C:60,-58,11
22/04/2026,07:46:55,113,Lab. de fibras ópticas,IFPB-VISITANTE,E4:4E:2D:85:4C:62,-58,11
22/04/2026,07:46:55,113,Lab. de fibras ópticas,Lab. de Sinais Digitais,18:D6:C7:F9:37:2F,-63,11
22/04/2026,07:46:55,113,Lab. de fibras ópticas,TP-Link_1324,7C:F1:7E:8D:13:22,-65,10
22/04/2026,07:46:55,113,Lab. de fibras ópticas,kaka-IF,00:E0:4C:65:36:BC,-68,11
22/04/2026,07:46:55,113,Lab. de fibras ópticas,IFPB-Sala_Professor_14,24:FD:0D:57:19:26,-69,5
22/04/2026,07:46:55,113,Lab. de fibras ópticas,IFPB,84:F1:47:54:96:E0,-74,1
22/04/2026,07:46:55,113,Lab. de fibras ópticas,IFPB-VISITANTE,84:F1:47:54:96:E2,-74,1
22/04/2026,07:46:55,113,Lab. de fibras ópticas,IFPB,24:36:DA:2B:BC:00,-76,6
22/04/2026,07:46:55,113,Lab. de fibras ópticas,IFPB-VISITANTE,24:36:DA:2B:BC:02,-76,6
22/04/2026,07:46:55,113,Lab. de fibras ópticas,SALA_MESTRADO,64:66:B3:62:EB:86,-81,1
22/04/2026,07:46:55,113,Lab. de fibras ópticas,UA2-MiniLab,60:32:B1:2D:66:C3,-81,10
22/04/2026,07:46:55,113,Lab. de fibras ópticas,IFPB-Sala_Professor_14,48:51:CF:81:B0:9E,-84,3
22/04/2026,07:46:55,113,Lab. de fibras ópticas,IFPB TCC,D8:5D:4C:86:7E:66,-86,1
22/04/2026,07:46:55,113,Lab. de fibras ópticas,GPDS,00:26:5A:66:55:EF,-87,6
22/04/2026,07:46:55,113,Lab. de fibras ópticas,TP-Link_C3CB,D8:0D:17:3E:C3:CB,-89,4
22/04/2026,07:46:55,113,Lab. de fibras ópticas,NPEF/NEPA,50:C7:BF:EF:56:8A,-90,3
22/04/2026,07:46:55,113,Lab. de fibras ópticas,NUNYA_Room_2.4GHz,CC:32:E5:0C:FC:2B,-90,9
22/04/2026,07:46:55,113,Lab. de fibras ópticas,IFPB-Sala_13,E8:94:F6:B9:2F:46,-91,6
22/04/2026,07:47:05,114,Lab. de fibras ópticas,APTelefonia,58:10:8C:91:F3:AA,-42,1
22/04/2026,07:47:05,114,Lab. de fibras ópticas,IFPB-VISITANTE,E4:4E:2D:85:4C:62,-58,11
22/04/2026,07:47:05,114,Lab. de fibras ópticas,Intelbras,18:0D:2C:7F:EB:AC,-59,7
22/04/2026,07:47:05,114,Lab. de fibras ópticas,IFPB,E4:4E:2D:85:4C:60,-59,11
22/04/2026,07:47:05,114,Lab. de fibras ópticas,TP-Link_1324,7C:F1:7E:8D:13:22,-65,10
22/04/2026,07:47:05,114,Lab. de fibras ópticas,Lab. de Sinais Digitais,18:D6:C7:F9:37:2F,-65,11
22/04/2026,07:47:05,114,Lab. de fibras ópticas,IFPB-Sala_Professor_14,24:FD:0D:57:19:26,-67,5
22/04/2026,07:47:05,114,Lab. de fibras ópticas,kaka-IF,00:E0:4C:65:36:BC,-70,11
22/04/2026,07:47:05,114,Lab. de fibras ópticas,IFPB,84:F1:47:54:96:E0,-72,1
22/04/2026,07:47:05,114,Lab. de fibras ópticas,GPDS,00:26:5A:66:55:EF,-72,6
22/04/2026,07:47:05,114,Lab. de fibras ópticas,IFPB-VISITANTE,84:F1:47:54:96:E2,-73,1
22/04/2026,07:47:05,114,Lab. de fibras ópticas,IFPB,24:36:DA:2B:BC:00,-74,6
22/04/2026,07:47:05,114,Lab. de fibras ópticas,IFPB-VISITANTE,24:36:DA:2B:BC:02,-74,6
22/04/2026,07:47:05,114,Lab. de fibras ópticas,SALA_MESTRADO,64:66:B3:62:EB:86,-81,1
22/04/2026,07:47:05,114,Lab. de fibras ópticas,UA2-MiniLab,60:32:B1:2D:66:C3,-81,10
22/04/2026,07:47:05,114,Lab. de fibras ópticas,NPEF/NEPA,50:C7:BF:EF:56:8A,-82,3
22/04/2026,07:47:05,114,Lab. de fibras ópticas,IFPB-Sala_Professor_14,48:51:CF:81:B0:9E,-82,3
22/04/2026,07:47:05,114,Lab. de fibras ópticas,TP-Link_C3CB,D8:0D:17:3E:C3:CB,-86,4
22/04/2026,07:47:05,114,Lab. de fibras ópticas,IFPB-VISITANTE,84:F1:47:54:EB:22,-89,6
22/04/2026,07:47:05,114,Lab. de fibras ópticas,NUNYA_Room_2.4GHz,CC:32:E5:0C:FC:2B,-90,9
22/04/2026,07:47:05,114,Lab. de fibras ópticas,IFPB TCC,D8:5D:4C:86:7E:66,-91,1
22/04/2026,07:47:05,114,Lab. de fibras ópticas,IFPB-Sala_13,E8:94:F6:B9:2F:46,-92,6
22/04/2026,07:47:15,115,Lab. de fibras ópticas,APTelefonia,58:10:8C:91:F3:AA,-37,1
22/04/2026,07:47:15,115,Lab. de fibras ópticas,Intelbras,18:0D:2C:7F:EB:AC,-57,7
22/04/2026,07:47:15,115,Lab. de fibras ópticas,IFPB,E4:4E:2D:85:4C:60,-59,11
22/04/2026,07:47:15,115,Lab. de fibras ópticas,IFPB-VISITANTE,E4:4E:2D:85:4C:62,-59,11
22/04/2026,07:47:15,115,Lab. de fibras ópticas,Lab. de Sinais Digitais,18:D6:C7:F9:37:2F,-63,11
22/04/2026,07:47:15,115,Lab. de fibras ópticas,TP-Link_1324,7C:F1:7E:8D:13:22,-64,10
22/04/2026,07:47:15,115,Lab. de fibras ópticas,IFPB-Sala_Professor_14,24:FD:0D:57:19:26,-67,5
22/04/2026,07:47:15,115,Lab. de fibras ópticas,IFPB,84:F1:47:54:96:E0,-70,1
22/04/2026,07:47:15,115,Lab. de fibras ópticas,kaka-IF,00:E0:4C:65:36:BC,-71,11
22/04/2026,07:47:15,115,Lab. de fibras ópticas,IFPB-VISITANTE,84:F1:47:54:96:E2,-73,1
22/04/2026,07:47:15,115,Lab. de fibras ópticas,GPDS,00:26:5A:66:55:EF,-73,6
22/04/2026,07:47:15,115,Lab. de fibras ópticas,IFPB-VISITANTE,24:36:DA:2B:BC:02,-76,6
22/04/2026,07:47:15,115,Lab. de fibras ópticas,IFPB,24:36:DA:2B:BC:00,-77,6
22/04/2026,07:47:15,115,Lab. de fibras ópticas,SALA_MESTRADO,64:66:B3:62:EB:86,-78,1
22/04/2026,07:47:15,115,Lab. de fibras ópticas,NPEF/NEPA,50:C7:BF:EF:56:8A,-81,3
22/04/2026,07:47:15,115,Lab. de fibras ópticas,IFPB-Sala_Professor_14,48:51:CF:81:B0:9E,-81,3
22/04/2026,07:47:15,115,Lab. de fibras ópticas,UA2-MiniLab,60:32:B1:2D:66:C3,-82,10
22/04/2026,07:47:15,115,Lab. de fibras ópticas,IFPB-VISITANTE,84:F1:47:54:8B:A2,-86,1
22/04/2026,07:47:15,115,Lab. de fibras ópticas,IFPB TCC,D8:5D:4C:86:7E:66,-86,1
22/04/2026,07:47:15,115,Lab. de fibras ópticas,IFPB,84:F1:47:54:8B:A0,-86,1
22/04/2026,07:47:15,115,Lab. de fibras ópticas,IFPB-VISITANTE,84:F1:47:54:EB:22,-87,6
22/04/2026,07:47:15,115,Lab. de fibras ópticas,IFPB,84:F1:47:54:EB:20,-89,6
22/04/2026,07:47:15,115,Lab. de fibras ópticas,TP-Link_C3CB,D8:0D:17:3E:C3:CB,-90,4
22/04/2026,07:47:15,115,Lab. de fibras ópticas,IFPB-Sala_13,E8:94:F6:B9:2F:46,-90,6
22/04/2026,07:47:15,115,Lab. de fibras ópticas,NUNYA_Room_2.4GHz,CC:32:E5:0C:FC:2B,-91,9
22/04/2026,07:47:25,116,Lab. de fibras ópticas,APTelefonia,58:10:8C:91:F3:AA,-39,1
22/04/2026,07:47:25,116,Lab. de fibras ópticas,Intelbras,18:0D:2C:7F:EB:AC,-58,7
22/04/2026,07:47:25,116,Lab. de fibras ópticas,IFPB-VISITANTE,E4:4E:2D:85:4C:62,-58,11
22/04/2026,07:47:25,116,Lab. de fibras ópticas,IFPB,E4:4E:2D:85:4C:60,-59,11
22/04/2026,07:47:25,116,Lab. de fibras ópticas,TP-Link_1324,7C:F1:7E:8D:13:22,-63,10
22/04/2026,07:47:25,116,Lab. de fibras ópticas,Lab. de Sinais Digitais,18:D6:C7:F9:37:2F,-66,11
22/04/2026,07:47:25,116,Lab. de fibras ópticas,kaka-IF,00:E0:4C:65:36:BC,-67,11
22/04/2026,07:47:25,116,Lab. de fibras ópticas,IFPB-Sala_Professor_14,24:FD:0D:57:19:26,-68,5
22/04/2026,07:47:25,116,Lab. de fibras ópticas,IFPB,84:F1:47:54:96:E0,-71,1
22/04/2026,07:47:25,116,Lab. de fibras ópticas,IFPB-VISITANTE,84:F1:47:54:96:E2,-71,1
22/04/2026,07:47:25,116,Lab. de fibras ópticas,GPDS,00:26:5A:66:55:EF,-74,6
22/04/2026,07:47:25,116,Lab. de fibras ópticas,IFPB-VISITANTE,24:36:DA:2B:BC:02,-76,6
22/04/2026,07:47:25,116,Lab. de fibras ópticas,SALA_MESTRADO,64:66:B3:62:EB:86,-77,1
22/04/2026,07:47:25,116,Lab. de fibras ópticas,IFPB,24:36:DA:2B:BC:00,-77,6
22/04/2026,07:47:25,116,Lab. de fibras ópticas,UA2-MiniLab,60:32:B1:2D:66:C3,-77,10
22/04/2026,07:47:25,116,Lab. de fibras ópticas,IFPB-Sala_Professor_14,48:51:CF:81:B0:9E,-80,3
22/04/2026,07:47:25,116,Lab. de fibras ópticas,NPEF/NEPA,50:C7:BF:EF:56:8A,-86,3
22/04/2026,07:47:25,116,Lab. de fibras ópticas,IFPB-VISITANTE,84:F1:47:54:8B:A2,-88,1
22/04/2026,07:47:25,116,Lab. de fibras ópticas,TP-Link_C3CB,D8:0D:17:3E:C3:CB,-88,4
22/04/2026,07:47:25,116,Lab. de fibras ópticas,IFPB-VISITANTE,84:F1:47:54:EB:22,-88,6
22/04/2026,07:47:25,116,Lab. de fibras ópticas,IFPB,84:F1:47:54:8B:A0,-89,1
22/04/2026,07:47:25,116,Lab. de fibras ópticas,IFPB,84:F1:47:54:EB:20,-89,6
22/04/2026,07:47:25,116,Lab. de fibras ópticas,NUNYA_Room_2.4GHz,CC:32:E5:0C:FC:2B,-89,9
22/04/2026,07:47:25,116,Lab. de fibras ópticas,IFPB TCC,D8:5D:4C:86:7E:66,-90,1
22/04/2026,07:47:25,116,Lab. de fibras ópticas,IFPB-Sala_13,E8:94:F6:B9:2F:46,-93,6
22/04/2026,07:47:35,117,Lab. de fibras ópticas,APTelefonia,58:10:8C:91:F3:AA,-39,1
22/04/2026,07:47:35,117,Lab. de fibras ópticas,Intelbras,18:0D:2C:7F:EB:AC,-57,7
22/04/2026,07:47:35,117,Lab. de fibras ópticas,TP-Link_1324,7C:F1:7E:8D:13:22,-63,10
22/04/2026,07:47:35,117,Lab. de fibras ópticas,IFPB-VISITANTE,E4:4E:2D:85:4C:62,-63,11
22/04/2026,07:47:35,117,Lab. de fibras ópticas,Lab. de Sinais Digitais,18:D6:C7:F9:37:2F,-64,11
22/04/2026,07:47:35,117,Lab. de fibras ópticas,IFPB,E4:4E:2D:85:4C:60,-64,11
22/04/2026,07:47:35,117,Lab. de fibras ópticas,IFPB-Sala_Professor_14,24:FD:0D:57:19:26,-67,5
22/04/2026,07:47:35,117,Lab. de fibras ópticas,kaka-IF,00:E0:4C:65:36:BC,-70,11
22/04/2026,07:47:35,117,Lab. de fibras ópticas,IFPB,84:F1:47:54:96:E0,-71,1
22/04/2026,07:47:35,117,Lab. de fibras ópticas,IFPB-VISITANTE,84:F1:47:54:96:E2,-71,1
22/04/2026,07:47:35,117,Lab. de fibras ópticas,SALA_MESTRADO,64:66:B3:62:EB:86,-77,1
22/04/2026,07:47:35,117,Lab. de fibras ópticas,GPDS,00:26:5A:66:55:EF,-78,6
22/04/2026,07:47:35,117,Lab. de fibras ópticas,UA2-MiniLab,60:32:B1:2D:66:C3,-79,10
22/04/2026,07:47:35,117,Lab. de fibras ópticas,IFPB,24:36:DA:2B:BC:00,-80,6
22/04/2026,07:47:35,117,Lab. de fibras ópticas,IFPB-VISITANTE,24:36:DA:2B:BC:02,-81,6
22/04/2026,07:47:35,117,Lab. de fibras ópticas,IFPB-Sala_Professor_14,48:51:CF:81:B0:9E,-82,3
22/04/2026,07:47:36,117,Lab. de fibras ópticas,IFPB TCC,D8:5D:4C:86:7E:66,-87,1
22/04/2026,07:47:36,117,Lab. de fibras ópticas,NPEF/NEPA,50:C7:BF:EF:56:8A,-87,3
22/04/2026,07:47:36,117,Lab. de fibras ópticas,IFPB,84:F1:47:54:EB:20,-87,6
22/04/2026,07:47:36,117,Lab. de fibras ópticas,IFPB-VISITANTE,84:F1:47:54:EB:22,-87,6
22/04/2026,07:47:36,117,Lab. de fibras ópticas,NUNYA_Room_2.4GHz,CC:32:E5:0C:FC:2B,-87,9
22/04/2026,07:47:36,117,Lab. de fibras ópticas,TP-Link_C3CB,D8:0D:17:3E:C3:CB,-90,4
22/04/2026,07:47:36,117,Lab. de fibras ópticas,IFPB-Sala_13,E8:94:F6:B9:2F:46,-90,6
22/04/2026,07:47:45,118,Lab. de fibras ópticas,APTelefonia,58:10:8C:91:F3:AA,-42,1
22/04/2026,07:47:45,118,Lab. de fibras ópticas,IFPB,E4:4E:2D:85:4C:60,-58,11
22/04/2026,07:47:45,118,Lab. de fibras ópticas,IFPB-VISITANTE,E4:4E:2D:85:4C:62,-58,11
22/04/2026,07:47:45,118,Lab. de fibras ópticas,Intelbras,18:0D:2C:7F:EB:AC,-60,7
22/04/2026,07:47:45,118,Lab. de fibras ópticas,TP-Link_1324,7C:F1:7E:8D:13:22,-62,10
22/04/2026,07:47:45,118,Lab. de fibras ópticas,Lab. de Sinais Digitais,18:D6:C7:F9:37:2F,-64,11
22/04/2026,07:47:45,118,Lab. de fibras ópticas,IFPB-Sala_Professor_14,24:FD:0D:57:19:26,-66,5
22/04/2026,07:47:45,118,Lab. de fibras ópticas,kaka-IF,00:E0:4C:65:36:BC,-69,11
22/04/2026,07:47:45,118,Lab. de fibras ópticas,GPDS,00:26:5A:66:55:EF,-73,6
22/04/2026,07:47:45,118,Lab. de fibras ópticas,IFPB,24:36:DA:2B:BC:00,-74,6
22/04/2026,07:47:45,118,Lab. de fibras ópticas,IFPB-VISITANTE,24:36:DA:2B:BC:02,-74,6
22/04/2026,07:47:45,118,Lab. de fibras ópticas,IFPB,84:F1:47:54:96:E0,-76,1
22/04/2026,07:47:45,118,Lab. de fibras ópticas,IFPB-VISITANTE,84:F1:47:54:96:E2,-76,1
22/04/2026,07:47:45,118,Lab. de fibras ópticas,SALA_MESTRADO,64:66:B3:62:EB:86,-80,1
22/04/2026,07:47:45,118,Lab. de fibras ópticas,UA2-MiniLab,60:32:B1:2D:66:C3,-80,10
22/04/2026,07:47:45,118,Lab. de fibras ópticas,IFPB-Sala_Professor_14,48:51:CF:81:B0:9E,-81,3
22/04/2026,07:47:45,118,Lab. de fibras ópticas,NPEF/NEPA,50:C7:BF:EF:56:8A,-84,3
22/04/2026,07:47:46,118,Lab. de fibras ópticas,IFPB-VISITANTE,84:F1:47:54:8B:A2,-88,1
22/04/2026,07:47:46,118,Lab. de fibras ópticas,IFPB,84:F1:47:54:8B:A0,-88,1
22/04/2026,07:47:46,118,Lab. de fibras ópticas,NUNYA_Room_2.4GHz,CC:32:E5:0C:FC:2B,-88,9
22/04/2026,07:47:46,118,Lab. de fibras ópticas,TP-Link_C3CB,D8:0D:17:3E:C3:CB,-89,4
22/04/2026,07:47:46,118,Lab. de fibras ópticas,IFPB-VISITANTE,84:F1:47:54:EB:22,-89,6
22/04/2026,07:47:46,118,Lab. de fibras ópticas,IFPB,84:F1:47:54:EB:20,-89,6
22/04/2026,07:47:46,118,Lab. de fibras ópticas,IFPB-Sala_13,E8:94:F6:B9:2F:46,-91,6
22/04/2026,07:47:46,118,Lab. de fibras ópticas,IFPB TCC,D8:5D:4C:86:7E:66,-94,1
22/04/2026,07:47:55,119,Lab. de fibras ópticas,APTelefonia,58:10:8C:91:F3:AA,-40,1
22/04/2026,07:47:55,119,Lab. de fibras ópticas,IFPB,E4:4E:2D:85:4C:60,-58,11
22/04/2026,07:47:55,119,Lab. de fibras ópticas,IFPB-VISITANTE,E4:4E:2D:85:4C:62,-58,11
22/04/2026,07:47:55,119,Lab. de fibras ópticas,Intelbras,18:0D:2C:7F:EB:AC,-59,7
22/04/2026,07:47:55,119,Lab. de fibras ópticas,TP-Link_1324,7C:F1:7E:8D:13:22,-64,10
22/04/2026,07:47:55,119,Lab. de fibras ópticas,Lab. de Sinais Digitais,18:D6:C7:F9:37:2F,-65,11
22/04/2026,07:47:55,119,Lab. de fibras ópticas,IFPB-Sala_Professor_14,24:FD:0D:57:19:26,-68,5
22/04/2026,07:47:55,119,Lab. de fibras ópticas,kaka-IF,00:E0:4C:65:36:BC,-69,11
22/04/2026,07:47:55,119,Lab. de fibras ópticas,IFPB,24:36:DA:2B:BC:00,-73,6
22/04/2026,07:47:55,119,Lab. de fibras ópticas,IFPB-VISITANTE,24:36:DA:2B:BC:02,-73,6
22/04/2026,07:47:55,119,Lab. de fibras ópticas,GPDS,00:26:5A:66:55:EF,-75,6
22/04/2026,07:47:55,119,Lab. de fibras ópticas,IFPB,84:F1:47:54:96:E0,-76,1
22/04/2026,07:47:56,119,Lab. de fibras ópticas,IFPB-VISITANTE,84:F1:47:54:96:E2,-76,1
22/04/2026,07:47:56,119,Lab. de fibras ópticas,SALA_MESTRADO,64:66:B3:62:EB:86,-77,1
22/04/2026,07:47:56,119,Lab. de fibras ópticas,UA2-MiniLab,60:32:B1:2D:66:C3,-78,10
22/04/2026,07:47:56,119,Lab. de fibras ópticas,IFPB-Sala_Professor_14,48:51:CF:81:B0:9E,-80,3
22/04/2026,07:47:56,119,Lab. de fibras ópticas,IFPB TCC,D8:5D:4C:86:7E:66,-87,1
22/04/2026,07:47:56,119,Lab. de fibras ópticas,IFPB-Sala_13,E8:94:F6:B9:2F:46,-87,6
22/04/2026,07:47:56,119,Lab. de fibras ópticas,IFPB,84:F1:47:54:EB:20,-87,6
22/04/2026,07:47:56,119,Lab. de fibras ópticas,IFPB,84:F1:47:54:8B:A0,-88,1
22/04/2026,07:47:56,119,Lab. de fibras ópticas,IFPB-VISITANTE,84:F1:47:54:8B:A2,-88,1
22/04/2026,07:47:56,119,Lab. de fibras ópticas,IFPB-VISITANTE,84:F1:47:54:EB:22,-88,6
22/04/2026,07:47:56,119,Lab. de fibras ópticas,TP-Link_C3CB,D8:0D:17:3E:C3:CB,-89,4
22/04/2026,07:47:56,119,Lab. de fibras ópticas,NPEF/NEPA,50:C7:BF:EF:56:8A,-91,3
22/04/2026,07:47:56,119,Lab. de fibras ópticas,NUNYA_Room_2.4GHz,CC:32:E5:0C:FC:2B,-92,9
22/04/2026,07:48:05,120,Lab. de fibras ópticas,APTelefonia,58:10:8C:91:F3:AA,-39,1
22/04/2026,07:48:05,120,Lab. de fibras ópticas,Intelbras,18:0D:2C:7F:EB:AC,-56,7
22/04/2026,07:48:05,120,Lab. de fibras ópticas,IFPB-VISITANTE,E4:4E:2D:85:4C:62,-57,11
22/04/2026,07:48:05,120,Lab. de fibras ópticas,IFPB,E4:4E:2D:85:4C:60,-58,11
22/04/2026,07:48:05,120,Lab. de fibras ópticas,TP-Link_1324,7C:F1:7E:8D:13:22,-62,10
22/04/2026,07:48:05,120,Lab. de fibras ópticas,Lab. de Sinais Digitais,18:D6:C7:F9:37:2F,-62,11
22/04/2026,07:48:06,120,Lab. de fibras ópticas,IFPB-Sala_Professor_14,24:FD:0D:57:19:26,-68,5
22/04/2026,07:48:06,120,Lab. de fibras ópticas,IFPB-VISITANTE,84:F1:47:54:96:E2,-71,1
22/04/2026,07:48:06,120,Lab. de fibras ópticas,IFPB,84:F1:47:54:96:E0,-72,1
22/04/2026,07:48:06,120,Lab. de fibras ópticas,GPDS,00:26:5A:66:55:EF,-72,6
22/04/2026,07:48:06,120,Lab. de fibras ópticas,kaka-IF,00:E0:4C:65:36:BC,-72,11
22/04/2026,07:48:06,120,Lab. de fibras ópticas,IFPB-VISITANTE,24:36:DA:2B:BC:02,-75,6
22/04/2026,07:48:06,120,Lab. de fibras ópticas,IFPB,24:36:DA:2B:BC:00,-75,6
22/04/2026,07:48:06,120,Lab. de fibras ópticas,UA2-MiniLab,60:32:B1:2D:66:C3,-77,10
22/04/2026,07:48:06,120,Lab. de fibras ópticas,SALA_MESTRADO,64:66:B3:62:EB:86,-78,1
22/04/2026,07:48:06,120,Lab. de fibras ópticas,IFPB-Sala_Professor_14,48:51:CF:81:B0:9E,-81,3
22/04/2026,07:48:06,120,Lab. de fibras ópticas,IFPB-VISITANTE,84:F1:47:54:8B:A2,-86,1
22/04/2026,07:48:06,120,Lab. de fibras ópticas,IFPB TCC,D8:5D:4C:86:7E:66,-87,1
22/04/2026,07:48:06,120,Lab. de fibras ópticas,TP-Link_C3CB,D8:0D:17:3E:C3:CB,-87,4
22/04/2026,07:48:06,120,Lab. de fibras ópticas,IFPB,84:F1:47:54:8B:A0,-88,1
22/04/2026,07:48:06,120,Lab. de fibras ópticas,IFPB-VISITANTE,84:F1:47:54:EB:22,-88,6
22/04/2026,07:48:06,120,Lab. de fibras ópticas,IFPB,84:F1:47:54:EB:20,-88,6
22/04/2026,07:48:06,120,Lab. de fibras ópticas,NPEF/NEPA,50:C7:BF:EF:56:8A,-89,3
22/04/2026,07:48:06,120,Lab. de fibras ópticas,NUNYA_Room_2.4GHz,CC:32:E5:0C:FC:2B,-89,9
22/04/2026,07:48:06,120,Lab. de fibras ópticas,IFPB-Sala_13,E8:94:F6:B9:2F:46,-91,6
22/04/2026,07:48:30,121,Pesquisa em Eng. Elétrica,Lab. de Sinais Digitais,18:D6:C7:F9:37:2F,-42,11
22/04/2026,07:48:30,121,Pesquisa em Eng. Elétrica,APTelefonia,58:10:8C:91:F3:AA,-57,1
22/04/2026,07:48:30,121,Pesquisa em Eng. Elétrica,Intelbras,18:0D:2C:7F:EB:AC,-65,7
22/04/2026,07:48:30,121,Pesquisa em Eng. Elétrica,GPDS,00:26:5A:66:55:EF,-70,6
22/04/2026,07:48:30,121,Pesquisa em Eng. Elétrica,IFPB-Sala_Professor_14,24:FD:0D:57:19:26,-71,5
22/04/2026,07:48:30,121,Pesquisa em Eng. Elétrica,TP-Link_1324,7C:F1:7E:8D:13:22,-73,10
22/04/2026,07:48:30,121,Pesquisa em Eng. Elétrica,IFPB-Sala_Professor_14,48:51:CF:81:B0:9E,-76,3
22/04/2026,07:48:30,121,Pesquisa em Eng. Elétrica,UA2-MiniLab,60:32:B1:2D:66:C3,-79,10
22/04/2026,07:48:30,121,Pesquisa em Eng. Elétrica,IFPB-VISITANTE,E4:4E:2D:85:4C:62,-80,11
22/04/2026,07:48:30,121,Pesquisa em Eng. Elétrica,IFPB,E4:4E:2D:85:4C:60,-80,11
22/04/2026,07:48:30,121,Pesquisa em Eng. Elétrica,kaka-IF,00:E0:4C:65:36:BC,-81,11
22/04/2026,07:48:30,121,Pesquisa em Eng. Elétrica,NPEF/NEPA,50:C7:BF:EF:56:8A,-82,3
22/04/2026,07:48:30,121,Pesquisa em Eng. Elétrica,IFPB,84:F1:47:54:EB:20,-82,6
22/04/2026,07:48:30,121,Pesquisa em Eng. Elétrica,SALA_MESTRADO,64:66:B3:62:EB:86,-83,1
22/04/2026,07:48:30,121,Pesquisa em Eng. Elétrica,IFPB TCC,D8:5D:4C:86:7E:66,-83,1
22/04/2026,07:48:30,121,Pesquisa em Eng. Elétrica,IFPB-VISITANTE,84:F1:47:54:EB:22,-83,6
22/04/2026,07:48:31,121,Pesquisa em Eng. Elétrica,IFPB,84:F1:47:54:8B:A0,-84,1
22/04/2026,07:48:31,121,Pesquisa em Eng. Elétrica,IFPB-VISITANTE,84:F1:47:54:8B:A2,-87,1
22/04/2026,07:48:31,121,Pesquisa em Eng. Elétrica,IFPB-Sala_13,E8:94:F6:B9:2F:46,-87,6
22/04/2026,07:48:31,121,Pesquisa em Eng. Elétrica,IFPB,24:36:DA:2B:BC:00,-87,6
22/04/2026,07:48:31,121,Pesquisa em Eng. Elétrica,IFPB-VISITANTE,24:36:DA:2B:BC:02,-88,6
22/04/2026,07:48:31,121,Pesquisa em Eng. Elétrica,TP-Link_C3CB,D8:0D:17:3E:C3:CB,-92,4
22/04/2026,07:48:40,122,Pesquisa em Eng. Elétrica,Lab. de Sinais Digitais,18:D6:C7:F9:37:2F,-42,11
22/04/2026,07:48:40,122,Pesquisa em Eng. Elétrica,APTelefonia,58:10:8C:91:F3:AA,-57,1
22/04/2026,07:48:40,122,Pesquisa em Eng. Elétrica,Intelbras,18:0D:2C:7F:EB:AC,-63,7
22/04/2026,07:48:40,122,Pesquisa em Eng. Elétrica,GPDS,00:26:5A:66:55:EF,-69,6
22/04/2026,07:48:40,122,Pesquisa em Eng. Elétrica,IFPB-Sala_Professor_14,24:FD:0D:57:19:26,-70,5
22/04/2026,07:48:40,122,Pesquisa em Eng. Elétrica,TP-Link_1324,7C:F1:7E:8D:13:22,-73,10
22/04/2026,07:48:40,122,Pesquisa em Eng. Elétrica,SALA_MESTRADO,64:66:B3:62:EB:86,-76,1
22/04/2026,07:48:40,122,Pesquisa em Eng. Elétrica,NPEF/NEPA,50:C7:BF:EF:56:8A,-78,3
22/04/2026,07:48:40,122,Pesquisa em Eng. Elétrica,kaka-IF,00:E0:4C:65:36:BC,-78,11
22/04/2026,07:48:40,122,Pesquisa em Eng. Elétrica,IFPB TCC,D8:5D:4C:86:7E:66,-80,1
22/04/2026,07:48:40,122,Pesquisa em Eng. Elétrica,UA2-MiniLab,60:32:B1:2D:66:C3,-80,10
22/04/2026,07:48:40,122,Pesquisa em Eng. Elétrica,IFPB-Sala_Professor_14,48:51:CF:81:B0:9E,-82,3
22/04/2026,07:48:40,122,Pesquisa em Eng. Elétrica,IFPB-VISITANTE,84:F1:47:54:EB:22,-82,6
22/04/2026,07:48:40,122,Pesquisa em Eng. Elétrica,NUNYA_Room_2.4GHz,CC:32:E5:0C:FC:2B,-82,9
22/04/2026,07:48:40,122,Pesquisa em Eng. Elétrica,IFPB,84:F1:47:54:EB:20,-83,6
22/04/2026,07:48:40,122,Pesquisa em Eng. Elétrica,IFPB,E4:4E:2D:85:4C:60,-83,11
22/04/2026,07:48:41,122,Pesquisa em Eng. Elétrica,IFPB-VISITANTE,E4:4E:2D:85:4C:62,-84,11
22/04/2026,07:48:41,122,Pesquisa em Eng. Elétrica,IFPB,84:F1:47:54:8B:A0,-85,1
22/04/2026,07:48:41,122,Pesquisa em Eng. Elétrica,IFPB-VISITANTE,84:F1:47:54:8B:A2,-86,1
22/04/2026,07:48:41,122,Pesquisa em Eng. Elétrica,IFPB-VISITANTE,84:F1:47:54:96:E2,-88,1
22/04/2026,07:48:41,122,Pesquisa em Eng. Elétrica,IFPB-Sala_13,E8:94:F6:B9:2F:46,-88,6
22/04/2026,07:48:41,122,Pesquisa em Eng. Elétrica,IFPB-VISITANTE,24:36:DA:2B:BC:02,-88,6
22/04/2026,07:48:41,122,Pesquisa em Eng. Elétrica,IFPB,24:36:DA:2B:BC:00,-89,6
22/04/2026,07:48:41,122,Pesquisa em Eng. Elétrica,IFPB,84:F1:47:54:96:E0,-90,1
22/04/2026,07:48:41,122,Pesquisa em Eng. Elétrica,TP-Link_C3CB,D8:0D:17:3E:C3:CB,-91,4
22/04/2026,07:48:50,123,Pesquisa em Eng. Elétrica,Lab. de Sinais Digitais,18:D6:C7:F9:37:2F,-43,11
22/04/2026,07:48:50,123,Pesquisa em Eng. Elétrica,APTelefonia,58:10:8C:91:F3:AA,-59,1
22/04/2026,07:48:50,123,Pesquisa em Eng. Elétrica,Intelbras,18:0D:2C:7F:EB:AC,-61,7
22/04/2026,07:48:50,123,Pesquisa em Eng. Elétrica,IFPB-Sala_Professor_14,24:FD:0D:57:19:26,-68,5
22/04/2026,07:48:50,123,Pesquisa em Eng. Elétrica,SALA_MESTRADO,64:66:B3:62:EB:86,-73,1
22/04/2026,07:48:50,123,Pesquisa em Eng. Elétrica,TP-Link_1324,7C:F1:7E:8D:13:22,-77,10
22/04/2026,07:48:50,123,Pesquisa em Eng. Elétrica,NPEF/NEPA,50:C7:BF:EF:56:8A,-78,3
22/04/2026,07:48:50,123,Pesquisa em Eng. Elétrica,GPDS,00:26:5A:66:55:EF,-78,6
22/04/2026,07:48:50,123,Pesquisa em Eng. Elétrica,UA2-MiniLab,60:32:B1:2D:66:C3,-78,10
22/04/2026,07:48:50,123,Pesquisa em Eng. Elétrica,IFPB-Sala_Professor_14,48:51:CF:81:B0:9E,-79,3
22/04/2026,07:48:51,123,Pesquisa em Eng. Elétrica,IFPB-VISITANTE,E4:4E:2D:85:4C:62,-79,11
22/04/2026,07:48:51,123,Pesquisa em Eng. Elétrica,IFPB,E4:4E:2D:85:4C:60,-80,11
22/04/2026,07:48:51,123,Pesquisa em Eng. Elétrica,kaka-IF,00:E0:4C:65:36:BC,-83,11
22/04/2026,07:48:51,123,Pesquisa em Eng. Elétrica,TP-Link_C3CB,D8:0D:17:3E:C3:CB,-84,4
22/04/2026,07:48:51,123,Pesquisa em Eng. Elétrica,IFPB-VISITANTE,24:36:DA:2B:BC:02,-84,6
22/04/2026,07:48:51,123,Pesquisa em Eng. Elétrica,IFPB,24:36:DA:2B:BC:00,-85,6
22/04/2026,07:48:51,123,Pesquisa em Eng. Elétrica,NUNYA_Room_2.4GHz,CC:32:E5:0C:FC:2B,-85,9
22/04/2026,07:48:51,123,Pesquisa em Eng. Elétrica,IFPB-VISITANTE,84:F1:47:54:EB:22,-86,6
22/04/2026,07:48:51,123,Pesquisa em Eng. Elétrica,IFPB TCC,D8:5D:4C:86:7E:66,-87,1
22/04/2026,07:48:51,123,Pesquisa em Eng. Elétrica,IFPB-VISITANTE,84:F1:47:54:8B:A2,-87,1
22/04/2026,07:48:51,123,Pesquisa em Eng. Elétrica,IFPB,84:F1:47:54:8B:A0,-88,1
22/04/2026,07:48:51,123,Pesquisa em Eng. Elétrica,IFPB,84:F1:47:54:EB:20,-88,6
22/04/2026,07:48:51,123,Pesquisa em Eng. Elétrica,IFPB-VISITANTE,84:F1:47:54:96:E2,-90,1
22/04/2026,07:48:51,123,Pesquisa em Eng. Elétrica,IFPB-Sala_13,E8:94:F6:B9:2F:46,-90,6
22/04/2026,07:48:51,123,Pesquisa em Eng. Elétrica,IFPB,84:F1:47:54:F9:80,-90,11
22/04/2026,07:48:51,123,Pesquisa em Eng. Elétrica,IFPB,84:F1:47:54:96:E0,-92,1
22/04/2026,07:49:00,124,Pesquisa em Eng. Elétrica,Lab. de Sinais Digitais,18:D6:C7:F9:37:2F,-44,11
22/04/2026,07:49:00,124,Pesquisa em Eng. Elétrica,APTelefonia,58:10:8C:91:F3:AA,-60,1
22/04/2026,07:49:00,124,Pesquisa em Eng. Elétrica,Intelbras,18:0D:2C:7F:EB:AC,-62,7
22/04/2026,07:49:00,124,Pesquisa em Eng. Elétrica,GPDS,00:26:5A:66:55:EF,-69,6
22/04/2026,07:49:00,124,Pesquisa em Eng. Elétrica,IFPB-Sala_Professor_14,24:FD:0D:57:19:26,-70,5
22/04/2026,07:49:01,124,Pesquisa em Eng. Elétrica,TP-Link_1324,7C:F1:7E:8D:13:22,-74,10
22/04/2026,07:49:01,124,Pesquisa em Eng. Elétrica,SALA_MESTRADO,64:66:B3:62:EB:86,-76,1
22/04/2026,07:49:01,124,Pesquisa em Eng. Elétrica,NPEF/NEPA,50:C7:BF:EF:56:8A,-78,3
22/04/2026,07:49:01,124,Pesquisa em Eng. Elétrica,IFPB-Sala_Professor_14,48:51:CF:81:B0:9E,-78,3
22/04/2026,07:49:01,124,Pesquisa em Eng. Elétrica,kaka-IF,00:E0:4C:65:36:BC,-79,11
22/04/2026,07:49:01,124,Pesquisa em Eng. Elétrica,UA2-MiniLab,60:32:B1:2D:66:C3,-81,10
22/04/2026,07:49:01,124,Pesquisa em Eng. Elétrica,IFPB,E4:4E:2D:85:4C:60,-81,11
22/04/2026,07:49:01,124,Pesquisa em Eng. Elétrica,IFPB-VISITANTE,E4:4E:2D:85:4C:62,-81,11
22/04/2026,07:49:01,124,Pesquisa em Eng. Elétrica,IFPB TCC,D8:5D:4C:86:7E:66,-84,1
22/04/2026,07:49:01,124,Pesquisa em Eng. Elétrica,TP-Link_C3CB,D8:0D:17:3E:C3:CB,-84,4
22/04/2026,07:49:01,124,Pesquisa em Eng. Elétrica,NUNYA_Room_2.4GHz,CC:32:E5:0C:FC:2B,-84,9
22/04/2026,07:49:01,124,Pesquisa em Eng. Elétrica,IFPB-Sala_13,E8:94:F6:B9:2F:46,-86,6
22/04/2026,07:49:01,124,Pesquisa em Eng. Elétrica,IFPB,24:36:DA:2B:BC:00,-87,6
22/04/2026,07:49:01,124,Pesquisa em Eng. Elétrica,IFPB-VISITANTE,24:36:DA:2B:BC:02,-87,6
22/04/2026,07:49:01,124,Pesquisa em Eng. Elétrica,IFPB,84:F1:47:54:EB:20,-87,6
22/04/2026,07:49:01,124,Pesquisa em Eng. Elétrica,IFPB-VISITANTE,84:F1:47:54:8B:A2,-88,1
22/04/2026,07:49:01,124,Pesquisa em Eng. Elétrica,IFPB,84:F1:47:54:8B:A0,-88,1
22/04/2026,07:49:01,124,Pesquisa em Eng. Elétrica,IFPB-VISITANTE,84:F1:47:54:EB:22,-89,6
22/04/2026,07:49:01,124,Pesquisa em Eng. Elétrica,IFPB,84:F1:47:54:96:E0,-90,1
22/04/2026,07:49:11,125,Pesquisa em Eng. Elétrica,Lab. de Sinais Digitais,18:D6:C7:F9:37:2F,-43,11
22/04/2026,07:49:11,125,Pesquisa em Eng. Elétrica,APTelefonia,58:10:8C:91:F3:AA,-57,1
22/04/2026,07:49:11,125,Pesquisa em Eng. Elétrica,Intelbras,18:0D:2C:7F:EB:AC,-63,7
22/04/2026,07:49:11,125,Pesquisa em Eng. Elétrica,GPDS,00:26:5A:66:55:EF,-67,6
22/04/2026,07:49:11,125,Pesquisa em Eng. Elétrica,IFPB-Sala_Professor_14,24:FD:0D:57:19:26,-72,5
22/04/2026,07:49:11,125,Pesquisa em Eng. Elétrica,TP-Link_1324,7C:F1:7E:8D:13:22,-76,10
22/04/2026,07:49:11,125,Pesquisa em Eng. Elétrica,SALA_MESTRADO,64:66:B3:62:EB:86,-79,1
22/04/2026,07:49:11,125,Pesquisa em Eng. Elétrica,NPEF/NEPA,50:C7:BF:EF:56:8A,-80,3
22/04/2026,07:49:11,125,Pesquisa em Eng. Elétrica,UA2-MiniLab,60:32:B1:2D:66:C3,-81,10
22/04/2026,07:49:11,125,Pesquisa em Eng. Elétrica,kaka-IF,00:E0:4C:65:36:BC,-81,11
22/04/2026,07:49:11,125,Pesquisa em Eng. Elétrica,IFPB,E4:4E:2D:85:4C:60,-82,11
22/04/2026,07:49:11,125,Pesquisa em Eng. Elétrica,IFPB,84:F1:47:54:8B:A0,-83,1
22/04/2026,07:49:11,125,Pesquisa em Eng. Elétrica,IFPB-Sala_Professor_14,48:51:CF:81:B0:9E,-83,3
22/04/2026,07:49:11,125,Pesquisa em Eng. Elétrica,IFPB-VISITANTE,E4:4E:2D:85:4C:62,-83,11
22/04/2026,07:49:11,125,Pesquisa em Eng. Elétrica,IFPB TCC,D8:5D:4C:86:7E:66,-84,1
22/04/2026,07:49:11,125,Pesquisa em Eng. Elétrica,IFPB-VISITANTE,84:F1:47:54:EB:22,-84,6
22/04/2026,07:49:11,125,Pesquisa em Eng. Elétrica,IFPB,84:F1:47:54:EB:20,-84,6
22/04/2026,07:49:11,125,Pesquisa em Eng. Elétrica,NUNYA_Room_2.4GHz,CC:32:E5:0C:FC:2B,-84,9
22/04/2026,07:49:11,125,Pesquisa em Eng. Elétrica,IFPB-VISITANTE,84:F1:47:54:8B:A2,-85,1
22/04/2026,07:49:11,125,Pesquisa em Eng. Elétrica,IFPB,24:36:DA:2B:BC:00,-86,6
22/04/2026,07:49:11,125,Pesquisa em Eng. Elétrica,IFPB-VISITANTE,24:36:DA:2B:BC:02,-87,6
22/04/2026,07:49:11,125,Pesquisa em Eng. Elétrica,TP-Link_C3CB,D8:0D:17:3E:C3:CB,-88,4
22/04/2026,07:49:11,125,Pesquisa em Eng. Elétrica,IFPB,84:F1:47:54:96:E0,-90,1
22/04/2026,07:49:11,125,Pesquisa em Eng. Elétrica,IFPB-VISITANTE,84:F1:47:54:96:E2,-90,1
22/04/2026,07:49:11,125,Pesquisa em Eng. Elétrica,IFPB-Sala_13,E8:94:F6:B9:2F:46,-90,6
22/04/2026,07:49:21,126,Pesquisa em Eng. Elétrica,Lab. de Sinais Digitais,18:D6:C7:F9:37:2F,-43,11
22/04/2026,07:49:21,126,Pesquisa em Eng. Elétrica,APTelefonia,58:10:8C:91:F3:AA,-52,1
22/04/2026,07:49:21,126,Pesquisa em Eng. Elétrica,GPDS,00:26:5A:66:55:EF,-64,6
22/04/2026,07:49:21,126,Pesquisa em Eng. Elétrica,Intelbras,18:0D:2C:7F:EB:AC,-67,7
22/04/2026,07:49:21,126,Pesquisa em Eng. Elétrica,SALA_MESTRADO,64:66:B3:62:EB:86,-75,1
22/04/2026,07:49:21,126,Pesquisa em Eng. Elétrica,IFPB-Sala_Professor_14,24:FD:0D:57:19:26,-75,5
22/04/2026,07:49:21,126,Pesquisa em Eng. Elétrica,NPEF/NEPA,50:C7:BF:EF:56:8A,-77,3
22/04/2026,07:49:21,126,Pesquisa em Eng. Elétrica,UA2-MiniLab,60:32:B1:2D:66:C3,-79,10
22/04/2026,07:49:21,126,Pesquisa em Eng. Elétrica,TP-Link_1324,7C:F1:7E:8D:13:22,-79,10
22/04/2026,07:49:21,126,Pesquisa em Eng. Elétrica,kaka-IF,00:E0:4C:65:36:BC,-80,11
22/04/2026,07:49:21,126,Pesquisa em Eng. Elétrica,IFPB-Sala_Professor_14,48:51:CF:81:B0:9E,-81,3
22/04/2026,07:49:21,126,Pesquisa em Eng. Elétrica,IFPB,E4:4E:2D:85:4C:60,-83,11
22/04/2026,07:49:21,126,Pesquisa em Eng. Elétrica,IFPB-VISITANTE,84:F1:47:54:8B:A2,-84,1
22/04/2026,07:49:21,126,Pesquisa em Eng. Elétrica,IFPB,84:F1:47:54:EB:20,-84,6
22/04/2026,07:49:21,126,Pesquisa em Eng. Elétrica,IFPB-VISITANTE,84:F1:47:54:EB:22,-84,6
22/04/2026,07:49:21,126,Pesquisa em Eng. Elétrica,IFPB-VISITANTE,E4:4E:2D:85:4C:62,-84,11
22/04/2026,07:49:21,126,Pesquisa em Eng. Elétrica,TP-Link_C3CB,D8:0D:17:3E:C3:CB,-85,4
22/04/2026,07:49:21,126,Pesquisa em Eng. Elétrica,NUNYA_Room_2.4GHz,CC:32:E5:0C:FC:2B,-85,9
22/04/2026,07:49:21,126,Pesquisa em Eng. Elétrica,IFPB,84:F1:47:54:8B:A0,-86,1
22/04/2026,07:49:21,126,Pesquisa em Eng. Elétrica,IFPB TCC,D8:5D:4C:86:7E:66,-87,1
22/04/2026,07:49:21,126,Pesquisa em Eng. Elétrica,IFPB-VISITANTE,84:F1:47:54:96:E2,-88,1
22/04/2026,07:49:21,126,Pesquisa em Eng. Elétrica,IFPB-VISITANTE,24:36:DA:2B:BC:02,-88,6
22/04/2026,07:49:21,126,Pesquisa em Eng. Elétrica,IFPB,84:F1:47:54:96:E0,-89,1
22/04/2026,07:49:21,126,Pesquisa em Eng. Elétrica,IFPB,24:36:DA:2B:BC:00,-89,6
22/04/2026,07:49:21,126,Pesquisa em Eng. Elétrica,IFPB-Sala_13,E8:94:F6:B9:2F:46,-92,6
22/04/2026,07:49:31,127,Pesquisa em Eng. Elétrica,Lab. de Sinais Digitais,18:D6:C7:F9:37:2F,-43,11
22/04/2026,07:49:31,127,Pesquisa em Eng. Elétrica,APTelefonia,58:10:8C:91:F3:AA,-58,1
22/04/2026,07:49:31,127,Pesquisa em Eng. Elétrica,GPDS,00:26:5A:66:55:EF,-66,6
22/04/2026,07:49:31,127,Pesquisa em Eng. Elétrica,Intelbras,18:0D:2C:7F:EB:AC,-67,7
22/04/2026,07:49:31,127,Pesquisa em Eng. Elétrica,IFPB-Sala_Professor_14,24:FD:0D:57:19:26,-71,5
22/04/2026,07:49:31,127,Pesquisa em Eng. Elétrica,SALA_MESTRADO,64:66:B3:62:EB:86,-77,1
22/04/2026,07:49:31,127,Pesquisa em Eng. Elétrica,NPEF/NEPA,50:C7:BF:EF:56:8A,-78,3
22/04/2026,07:49:31,127,Pesquisa em Eng. Elétrica,TP-Link_1324,7C:F1:7E:8D:13:22,-78,10
22/04/2026,07:49:31,127,Pesquisa em Eng. Elétrica,IFPB-Sala_Professor_14,48:51:CF:81:B0:9E,-81,3
22/04/2026,07:49:31,127,Pesquisa em Eng. Elétrica,UA2-MiniLab,60:32:B1:2D:66:C3,-81,10
22/04/2026,07:49:31,127,Pesquisa em Eng. Elétrica,IFPB,84:F1:47:54:EB:20,-84,6
22/04/2026,07:49:31,127,Pesquisa em Eng. Elétrica,IFPB-VISITANTE,84:F1:47:54:EB:22,-84,6
22/04/2026,07:49:31,127,Pesquisa em Eng. Elétrica,NUNYA_Room_2.4GHz,CC:32:E5:0C:FC:2B,-84,9
22/04/2026,07:49:31,127,Pesquisa em Eng. Elétrica,kaka-IF,00:E0:4C:65:36:BC,-84,11
22/04/2026,07:49:31,127,Pesquisa em Eng. Elétrica,IFPB-VISITANTE,84:F1:47:54:8B:A2,-85,1
22/04/2026,07:49:31,127,Pesquisa em Eng. Elétrica,IFPB,84:F1:47:54:8B:A0,-86,1
22/04/2026,07:49:31,127,Pesquisa em Eng. Elétrica,IFPB,84:F1:47:54:96:E0,-87,1
22/04/2026,07:49:31,127,Pesquisa em Eng. Elétrica,IFPB TCC,D8:5D:4C:86:7E:66,-89,1
22/04/2026,07:49:31,127,Pesquisa em Eng. Elétrica,IFPB-VISITANTE,84:F1:47:54:F9:82,-89,11
22/04/2026,07:49:31,127,Pesquisa em Eng. Elétrica,IFPB-VISITANTE,84:F1:47:54:96:E2,-90,1
22/04/2026,07:49:31,127,Pesquisa em Eng. Elétrica,TP-Link_C3CB,D8:0D:17:3E:C3:CB,-91,4
22/04/2026,07:49:31,127,Pesquisa em Eng. Elétrica,IFPB,84:F1:47:54:F9:80,-91,11
22/04/2026,07:49:41,128,Pesquisa em Eng. Elétrica,Lab. de Sinais Digitais,18:D6:C7:F9:37:2F,-43,11
22/04/2026,07:49:41,128,Pesquisa em Eng. Elétrica,APTelefonia,58:10:8C:91:F3:AA,-59,1
22/04/2026,07:49:41,128,Pesquisa em Eng. Elétrica,Intelbras,18:0D:2C:7F:EB:AC,-65,7
22/04/2026,07:49:41,128,Pesquisa em Eng. Elétrica,GPDS,00:26:5A:66:55:EF,-66,6
22/04/2026,07:49:41,128,Pesquisa em Eng. Elétrica,IFPB-Sala_Professor_14,24:FD:0D:57:19:26,-74,5
22/04/2026,07:49:41,128,Pesquisa em Eng. Elétrica,UA2-MiniLab,60:32:B1:2D:66:C3,-75,10
22/04/2026,07:49:41,128,Pesquisa em Eng. Elétrica,TP-Link_1324,7C:F1:7E:8D:13:22,-77,10
22/04/2026,07:49:41,128,Pesquisa em Eng. Elétrica,SALA_MESTRADO,64:66:B3:62:EB:86,-78,1
22/04/2026,07:49:41,128,Pesquisa em Eng. Elétrica,NPEF/NEPA,50:C7:BF:EF:56:8A,-79,3
22/04/2026,07:49:41,128,Pesquisa em Eng. Elétrica,IFPB-Sala_Professor_14,48:51:CF:81:B0:9E,-80,3
22/04/2026,07:49:41,128,Pesquisa em Eng. Elétrica,IFPB-VISITANTE,84:F1:47:54:8B:A2,-84,1
22/04/2026,07:49:41,128,Pesquisa em Eng. Elétrica,IFPB,E4:4E:2D:85:4C:60,-84,11
22/04/2026,07:49:41,128,Pesquisa em Eng. Elétrica,IFPB-VISITANTE,E4:4E:2D:85:4C:62,-84,11
22/04/2026,07:49:41,128,Pesquisa em Eng. Elétrica,IFPB,84:F1:47:54:8B:A0,-85,1
22/04/2026,07:49:41,128,Pesquisa em Eng. Elétrica,IFPB,84:F1:47:54:EB:20,-85,6
22/04/2026,07:49:41,128,Pesquisa em Eng. Elétrica,IFPB-VISITANTE,84:F1:47:54:EB:22,-85,6
22/04/2026,07:49:41,128,Pesquisa em Eng. Elétrica,IFPB-Sala_13,E8:94:F6:B9:2F:46,-86,6
22/04/2026,07:49:41,128,Pesquisa em Eng. Elétrica,IFPB,84:F1:47:54:96:E0,-87,1
22/04/2026,07:49:41,128,Pesquisa em Eng. Elétrica,IFPB,24:36:DA:2B:BC:00,-87,6
22/04/2026,07:49:41,128,Pesquisa em Eng. Elétrica,NUNYA_Room_2.4GHz,CC:32:E5:0C:FC:2B,-87,9
22/04/2026,07:49:41,128,Pesquisa em Eng. Elétrica,kaka-IF,00:E0:4C:65:36:BC,-87,11
22/04/2026,07:49:41,128,Pesquisa em Eng. Elétrica,IFPB TCC,D8:5D:4C:86:7E:66,-88,1
22/04/2026,07:49:41,128,Pesquisa em Eng. Elétrica,IFPB-VISITANTE,84:F1:47:54:96:E2,-88,1
22/04/2026,07:49:41,128,Pesquisa em Eng. Elétrica,IFPB-VISITANTE,24:36:DA:2B:BC:02,-88,6
22/04/2026,07:49:41,128,Pesquisa em Eng. Elétrica,TP-Link_C3CB,D8:0D:17:3E:C3:CB,-92,4
22/04/2026,07:49:51,129,Pesquisa em Eng. Elétrica,Lab. de Sinais Digitais,18:D6:C7:F9:37:2F,-43,11
22/04/2026,07:49:51,129,Pesquisa em Eng. Elétrica,APTelefonia,58:10:8C:91:F3:AA,-62,1
22/04/2026,07:49:51,129,Pesquisa em Eng. Elétrica,GPDS,00:26:5A:66:55:EF,-67,6
22/04/2026,07:49:51,129,Pesquisa em Eng. Elétrica,Intelbras,18:0D:2C:7F:EB:AC,-67,7
22/04/2026,07:49:51,129,Pesquisa em Eng. Elétrica,IFPB-Sala_Professor_14,24:FD:0D:57:19:26,-71,5
22/04/2026,07:49:51,129,Pesquisa em Eng. Elétrica,SALA_MESTRADO,64:66:B3:62:EB:86,-73,1
22/04/2026,07:49:51,129,Pesquisa em Eng. Elétrica,UA2-MiniLab,60:32:B1:2D:66:C3,-75,10
22/04/2026,07:49:51,129,Pesquisa em Eng. Elétrica,TP-Link_1324,7C:F1:7E:8D:13:22,-77,10
22/04/2026,07:49:51,129,Pesquisa em Eng. Elétrica,NPEF/NEPA,50:C7:BF:EF:56:8A,-79,3
22/04/2026,07:49:51,129,Pesquisa em Eng. Elétrica,IFPB-Sala_Professor_14,48:51:CF:81:B0:9E,-81,3
22/04/2026,07:49:51,129,Pesquisa em Eng. Elétrica,IFPB,84:F1:47:54:8B:A0,-83,1
22/04/2026,07:49:51,129,Pesquisa em Eng. Elétrica,IFPB,84:F1:47:54:EB:20,-83,6
22/04/2026,07:49:51,129,Pesquisa em Eng. Elétrica,IFPB-VISITANTE,84:F1:47:54:EB:22,-83,6
22/04/2026,07:49:51,129,Pesquisa em Eng. Elétrica,IFPB-VISITANTE,84:F1:47:54:8B:A2,-84,1
22/04/2026,07:49:51,129,Pesquisa em Eng. Elétrica,NUNYA_Room_2.4GHz,CC:32:E5:0C:FC:2B,-84,9
22/04/2026,07:49:51,129,Pesquisa em Eng. Elétrica,IFPB,E4:4E:2D:85:4C:60,-84,11
22/04/2026,07:49:51,129,Pesquisa em Eng. Elétrica,IFPB-VISITANTE,E4:4E:2D:85:4C:62,-84,11
22/04/2026,07:49:51,129,Pesquisa em Eng. Elétrica,IFPB-VISITANTE,24:36:DA:2B:BC:02,-87,6
22/04/2026,07:49:51,129,Pesquisa em Eng. Elétrica,IFPB-Sala_13,E8:94:F6:B9:2F:46,-87,6
22/04/2026,07:49:51,129,Pesquisa em Eng. Elétrica,IFPB,24:36:DA:2B:BC:00,-87,6
22/04/2026,07:49:51,129,Pesquisa em Eng. Elétrica,kaka-IF,00:E0:4C:65:36:BC,-87,11
22/04/2026,07:49:51,129,Pesquisa em Eng. Elétrica,IFPB TCC,D8:5D:4C:86:7E:66,-88,1
22/04/2026,07:49:52,129,Pesquisa em Eng. Elétrica,IFPB-VISITANTE,84:F1:47:54:96:E2,-89,1
22/04/2026,07:49:52,129,Pesquisa em Eng. Elétrica,IFPB-VISITANTE,84:F1:47:54:6B:82,-89,6
22/04/2026,07:49:52,129,Pesquisa em Eng. Elétrica,TP-Link_C3CB,D8:0D:17:3E:C3:CB,-90,4
22/04/2026,07:49:52,129,Pesquisa em Eng. Elétrica,IFPB,84:F1:47:54:96:E0,-91,1
22/04/2026,07:50:01,130,Pesquisa em Eng. Elétrica,Lab. de Sinais Digitais,18:D6:C7:F9:37:2F,-42,11
22/04/2026,07:50:01,130,Pesquisa em Eng. Elétrica,APTelefonia,58:10:8C:91:F3:AA,-58,1
22/04/2026,07:50:01,130,Pesquisa em Eng. Elétrica,GPDS,00:26:5A:66:55:EF,-67,6
22/04/2026,07:50:01,130,Pesquisa em Eng. Elétrica,Intelbras,18:0D:2C:7F:EB:AC,-67,7
22/04/2026,07:50:01,130,Pesquisa em Eng. Elétrica,IFPB-Sala_Professor_14,24:FD:0D:57:19:26,-69,5
22/04/2026,07:50:01,130,Pesquisa em Eng. Elétrica,SALA_MESTRADO,64:66:B3:62:EB:86,-76,1
22/04/2026,07:50:01,130,Pesquisa em Eng. Elétrica,NPEF/NEPA,50:C7:BF:EF:56:8A,-76,3
22/04/2026,07:50:01,130,Pesquisa em Eng. Elétrica,UA2-MiniLab,60:32:B1:2D:66:C3,-76,10
22/04/2026,07:50:01,130,Pesquisa em Eng. Elétrica,TP-Link_1324,7C:F1:7E:8D:13:22,-77,10
22/04/2026,07:50:01,130,Pesquisa em Eng. Elétrica,IFPB-Sala_Professor_14,48:51:CF:81:B0:9E,-79,3
22/04/2026,07:50:01,130,Pesquisa em Eng. Elétrica,IFPB,E4:4E:2D:85:4C:60,-81,11
22/04/2026,07:50:01,130,Pesquisa em Eng. Elétrica,IFPB-VISITANTE,E4:4E:2D:85:4C:62,-81,11
22/04/2026,07:50:01,130,Pesquisa em Eng. Elétrica,NUNYA_Room_2.4GHz,CC:32:E5:0C:FC:2B,-82,9
22/04/2026,07:50:01,130,Pesquisa em Eng. Elétrica,IFPB,84:F1:47:54:8B:A0,-83,1
22/04/2026,07:50:01,130,Pesquisa em Eng. Elétrica,IFPB-VISITANTE,84:F1:47:54:8B:A2,-84,1
22/04/2026,07:50:01,130,Pesquisa em Eng. Elétrica,TP-Link_C3CB,D8:0D:17:3E:C3:CB,-84,4
22/04/2026,07:50:02,130,Pesquisa em Eng. Elétrica,IFPB,84:F1:47:54:EB:20,-85,6
22/04/2026,07:50:02,130,Pesquisa em Eng. Elétrica,IFPB TCC,D8:5D:4C:86:7E:66,-86,1
22/04/2026,07:50:02,130,Pesquisa em Eng. Elétrica,IFPB-VISITANTE,84:F1:47:54:EB:22,-86,6
22/04/2026,07:50:02,130,Pesquisa em Eng. Elétrica,kaka-IF,00:E0:4C:65:36:BC,-86,11
22/04/2026,07:50:02,130,Pesquisa em Eng. Elétrica,IFPB-VISITANTE,24:36:DA:2B:BC:02,-87,6
22/04/2026,07:50:02,130,Pesquisa em Eng. Elétrica,IFPB,24:36:DA:2B:BC:00,-87,6
22/04/2026,07:50:02,130,Pesquisa em Eng. Elétrica,IFPB-Sala_13,E8:94:F6:B9:2F:46,-87,6
22/04/2026,07:50:25,131,Práticas didáticas,Lab. de Sinais Digitais,18:D6:C7:F9:37:2F,-52,11
22/04/2026,07:50:25,131,Práticas didáticas,UA2-MiniLab,60:32:B1:2D:66:C3,-60,10
22/04/2026,07:50:25,131,Práticas didáticas,APTelefonia,58:10:8C:91:F3:AA,-61,1
22/04/2026,07:50:25,131,Práticas didáticas,GPDS,00:26:5A:66:55:EF,-63,6
22/04/2026,07:50:25,131,Práticas didáticas,NPEF/NEPA,50:C7:BF:EF:56:8A,-66,3
22/04/2026,07:50:25,131,Práticas didáticas,IFPB-Sala_Professor_14,24:FD:0D:57:19:26,-67,5
22/04/2026,07:50:25,131,Práticas didáticas,Intelbras,18:0D:2C:7F:EB:AC,-69,7
22/04/2026,07:50:25,131,Práticas didáticas,IFPB-Sala_Professor_14,48:51:CF:81:B0:9E,-71,3
22/04/2026,07:50:25,131,Práticas didáticas,SALA_MESTRADO,64:66:B3:62:EB:86,-78,1
22/04/2026,07:50:25,131,Práticas didáticas,TP-Link_C3CB,D8:0D:17:3E:C3:CB,-78,4
22/04/2026,07:50:25,131,Práticas didáticas,IFPB,84:F1:47:54:EB:20,-79,6
22/04/2026,07:50:25,131,Práticas didáticas,IFPB-VISITANTE,84:F1:47:54:EB:22,-79,6
22/04/2026,07:50:25,131,Práticas didáticas,NUNYA_Room_2.4GHz,CC:32:E5:0C:FC:2B,-79,9
22/04/2026,07:50:25,131,Práticas didáticas,kaka-IF,00:E0:4C:65:36:BC,-80,11
22/04/2026,07:50:25,131,Práticas didáticas,IFPB-VISITANTE,84:F1:47:54:F9:82,-83,11
22/04/2026,07:50:25,131,Práticas didáticas,IFPB,84:F1:47:54:F9:80,-83,11
22/04/2026,07:50:25,131,Práticas didáticas,IFPB,84:F1:47:54:8B:A0,-84,1
22/04/2026,07:50:25,131,Práticas didáticas,IFPB-VISITANTE,84:F1:47:54:8B:A2,-84,1
22/04/2026,07:50:25,131,Práticas didáticas,TP-Link_1324,7C:F1:7E:8D:13:22,-84,10
22/04/2026,07:50:25,131,Práticas didáticas,IFPB-VISITANTE,E4:4E:2D:85:4C:62,-86,11
22/04/2026,07:50:25,131,Práticas didáticas,IFPB,E4:4E:2D:85:4C:60,-86,11
22/04/2026,07:50:25,131,Práticas didáticas,IFPB-VISITANTE,84:F1:47:54:95:E2,-88,11
22/04/2026,07:50:25,131,Práticas didáticas,IFPB,84:F1:47:54:95:E0,-88,11
22/04/2026,07:50:25,131,Práticas didáticas,IFPB-Sala_13,E8:94:F6:B9:2F:46,-89,6
22/04/2026,07:50:25,131,Práticas didáticas,IFPB TCC,D8:5D:4C:86:7E:66,-91,1
22/04/2026,07:50:35,132,Práticas didáticas,Lab. de Sinais Digitais,18:D6:C7:F9:37:2F,-50,11
22/04/2026,07:50:35,132,Práticas didáticas,GPDS,00:26:5A:66:55:EF,-64,6
22/04/2026,07:50:35,132,Práticas didáticas,NPEF/NEPA,50:C7:BF:EF:56:8A,-66,3
22/04/2026,07:50:35,132,Práticas didáticas,UA2-MiniLab,60:32:B1:2D:66:C3,-67,10
22/04/2026,07:50:35,132,Práticas didáticas,APTelefonia,58:10:8C:91:F3:AA,-68,1
22/04/2026,07:50:35,132,Práticas didáticas,Intelbras,18:0D:2C:7F:EB:AC,-68,7
22/04/2026,07:50:35,132,Práticas didáticas,IFPB-Sala_Professor_14,24:FD:0D:57:19:26,-69,5
22/04/2026,07:50:35,132,Práticas didáticas,IFPB-Sala_Professor_14,48:51:CF:81:B0:9E,-74,3
22/04/2026,07:50:35,132,Práticas didáticas,NUNYA_Room_2.4GHz,CC:32:E5:0C:FC:2B,-76,9
22/04/2026,07:50:35,132,Práticas didáticas,SALA_MESTRADO,64:66:B3:62:EB:86,-80,1
22/04/2026,07:50:35,132,Práticas didáticas,kaka-IF,00:E0:4C:65:36:BC,-81,11
22/04/2026,07:50:35,132,Práticas didáticas,TP-Link_C3CB,D8:0D:17:3E:C3:CB,-84,4
22/04/2026,07:50:35,132,Práticas didáticas,IFPB,84:F1:47:54:EB:20,-84,6
22/04/2026,07:50:35,132,Práticas didáticas,IFPB-VISITANTE,84:F1:47:54:EB:22,-85,6
22/04/2026,07:50:35,132,Práticas didáticas,TP-Link_1324,7C:F1:7E:8D:13:22,-85,10
22/04/2026,07:50:35,132,Práticas didáticas,IFPB-VISITANTE,84:F1:47:54:F9:82,-86,11
22/04/2026,07:50:36,132,Práticas didáticas,IFPB,84:F1:47:54:F9:80,-86,11
22/04/2026,07:50:36,132,Práticas didáticas,IFPB,84:F1:47:54:8B:A0,-87,1
22/04/2026,07:50:36,132,Práticas didáticas,IFPB-VISITANTE,84:F1:47:54:8B:A2,-87,1
22/04/2026,07:50:36,132,Práticas didáticas,IFPB TCC,D8:5D:4C:86:7E:66,-90,1
22/04/2026,07:50:45,133,Práticas didáticas,Lab. de Sinais Digitais,18:D6:C7:F9:37:2F,-51,11
22/04/2026,07:50:45,133,Práticas didáticas,NPEF/NEPA,50:C7:BF:EF:56:8A,-65,3
22/04/2026,07:50:45,133,Práticas didáticas,GPDS,00:26:5A:66:55:EF,-67,6
22/04/2026,07:50:45,133,Práticas didáticas,APTelefonia,58:10:8C:91:F3:AA,-69,1
22/04/2026,07:50:45,133,Práticas didáticas,IFPB-Sala_Professor_14,24:FD:0D:57:19:26,-70,5
22/04/2026,07:50:45,133,Práticas didáticas,Intelbras,18:0D:2C:7F:EB:AC,-70,7
22/04/2026,07:50:45,133,Práticas didáticas,UA2-MiniLab,60:32:B1:2D:66:C3,-70,10
22/04/2026,07:50:45,133,Práticas didáticas,IFPB-Sala_Professor_14,48:51:CF:81:B0:9E,-73,3
22/04/2026,07:50:45,133,Práticas didáticas,NUNYA_Room_2.4GHz,CC:32:E5:0C:FC:2B,-79,9
22/04/2026,07:50:45,133,Práticas didáticas,SALA_MESTRADO,64:66:B3:62:EB:86,-80,1
22/04/2026,07:50:45,133,Práticas didáticas,IFPB-VISITANTE,84:F1:47:54:8B:A2,-81,1
22/04/2026,07:50:45,133,Práticas didáticas,IFPB,84:F1:47:54:8B:A0,-81,1
22/04/2026,07:50:45,133,Práticas didáticas,kaka-IF,00:E0:4C:65:36:BC,-82,11
22/04/2026,07:50:45,133,Práticas didáticas,TP-Link_C3CB,D8:0D:17:3E:C3:CB,-84,4
22/04/2026,07:50:45,133,Práticas didáticas,IFPB-VISITANTE,84:F1:47:54:EB:22,-84,6
22/04/2026,07:50:45,133,Práticas didáticas,IFPB,84:F1:47:54:EB:20,-85,6
22/04/2026,07:50:46,133,Práticas didáticas,TP-Link_1324,7C:F1:7E:8D:13:22,-85,10
22/04/2026,07:50:46,133,Práticas didáticas,IFPB,84:F1:47:54:F9:80,-87,11
22/04/2026,07:50:46,133,Práticas didáticas,IFPB-VISITANTE,E4:4E:2D:85:4C:62,-87,11
22/04/2026,07:50:46,133,Práticas didáticas,IFPB-VISITANTE,84:F1:47:54:F9:82,-88,11
22/04/2026,07:50:46,133,Práticas didáticas,IFPB,E4:4E:2D:85:4C:60,-89,11
22/04/2026,07:50:46,133,Práticas didáticas,IFPB TCC,D8:5D:4C:86:7E:66,-91,1
22/04/2026,07:50:55,134,Práticas didáticas,Lab. de Sinais Digitais,18:D6:C7:F9:37:2F,-51,11
22/04/2026,07:50:55,134,Práticas didáticas,NPEF/NEPA,50:C7:BF:EF:56:8A,-65,3
22/04/2026,07:50:55,134,Práticas didáticas,UA2-MiniLab,60:32:B1:2D:66:C3,-66,10
22/04/2026,07:50:55,134,Práticas didáticas,APTelefonia,58:10:8C:91:F3:AA,-69,1
22/04/2026,07:50:55,134,Práticas didáticas,Intelbras,18:0D:2C:7F:EB:AC,-69,7
22/04/2026,07:50:55,134,Práticas didáticas,IFPB-Sala_Professor_14,24:FD:0D:57:19:26,-70,5
22/04/2026,07:50:55,134,Práticas didáticas,SALA_MESTRADO,64:66:B3:62:EB:86,-74,1
22/04/2026,07:50:55,134,Práticas didáticas,GPDS,00:26:5A:66:55:EF,-74,6
22/04/2026,07:50:55,134,Práticas didáticas,IFPB-Sala_Professor_14,48:51:CF:81:B0:9E,-76,3
22/04/2026,07:50:55,134,Práticas didáticas,NUNYA_Room_2.4GHz,CC:32:E5:0C:FC:2B,-76,9
22/04/2026,07:50:55,134,Práticas didáticas,IFPB-VISITANTE,84:F1:47:54:F9:82,-80,11
22/04/2026,07:50:55,134,Práticas didáticas,IFPB,84:F1:47:54:8B:A0,-81,1
22/04/2026,07:50:55,134,Práticas didáticas,TP-Link_1324,7C:F1:7E:8D:13:22,-81,10
22/04/2026,07:50:55,134,Práticas didáticas,IFPB,84:F1:47:54:F9:80,-81,11
22/04/2026,07:50:55,134,Práticas didáticas,IFPB-VISITANTE,84:F1:47:54:8B:A2,-82,1
22/04/2026,07:50:55,134,Práticas didáticas,TP-Link_C3CB,D8:0D:17:3E:C3:CB,-82,4
22/04/2026,07:50:56,134,Práticas didáticas,IFPB,84:F1:47:54:EB:20,-83,6
22/04/2026,07:50:56,134,Práticas didáticas,IFPB-VISITANTE,84:F1:47:54:EB:22,-83,6
22/04/2026,07:50:56,134,Práticas didáticas,IFPB-VISITANTE,E4:4E:2D:85:4C:62,-84,11
22/04/2026,07:50:56,134,Práticas didáticas,kaka-IF,00:E0:4C:65:36:BC,-85,11
22/04/2026,07:50:56,134,Práticas didáticas,IFPB,E4:4E:2D:85:4C:60,-85,11
22/04/2026,07:50:56,134,Práticas didáticas,IFPB TCC,D8:5D:4C:86:7E:66,-91,1
22/04/2026,07:50:56,134,Práticas didáticas,IFPB-Sala_13,E8:94:F6:B9:2F:46,-95,6
22/04/2026,07:51:05,135,Práticas didáticas,Lab. de Sinais Digitais,18:D6:C7:F9:37:2F,-49,11
22/04/2026,07:51:05,135,Práticas didáticas,GPDS,00:26:5A:66:55:EF,-62,6
22/04/2026,07:51:05,135,Práticas didáticas,NPEF/NEPA,50:C7:BF:EF:56:8A,-63,3
22/04/2026,07:51:05,135,Práticas didáticas,IFPB-Sala_Professor_14,24:FD:0D:57:19:26,-65,5
22/04/2026,07:51:05,135,Práticas didáticas,Intelbras,18:0D:2C:7F:EB:AC,-67,7
22/04/2026,07:51:05,135,Práticas didáticas,APTelefonia,58:10:8C:91:F3:AA,-70,1
22/04/2026,07:51:05,135,Práticas didáticas,UA2-MiniLab,60:32:B1:2D:66:C3,-70,10
22/04/2026,07:51:05,135,Práticas didáticas,IFPB-Sala_Professor_14,48:51:CF:81:B0:9E,-71,3
22/04/2026,07:51:05,135,Práticas didáticas,NUNYA_Room_2.4GHz,CC:32:E5:0C:FC:2B,-76,9
22/04/2026,07:51:05,135,Práticas didáticas,SALA_MESTRADO,64:66:B3:62:EB:86,-80,1
22/04/2026,07:51:06,135,Práticas didáticas,TP-Link_C3CB,D8:0D:17:3E:C3:CB,-81,4
22/04/2026,07:51:06,135,Práticas didáticas,IFPB-VISITANTE,84:F1:47:54:8B:A2,-82,1
22/04/2026,07:51:06,135,Práticas didáticas,IFPB,84:F1:47:54:EB:20,-82,6
22/04/2026,07:51:06,135,Práticas didáticas,TP-Link_1324,7C:F1:7E:8D:13:22,-82,10
22/04/2026,07:51:06,135,Práticas didáticas,IFPB,84:F1:47:54:8B:A0,-83,1
22/04/2026,07:51:06,135,Práticas didáticas,IFPB-VISITANTE,84:F1:47:54:EB:22,-83,6
22/04/2026,07:51:06,135,Práticas didáticas,IFPB-VISITANTE,84:F1:47:54:F9:82,-84,11
22/04/2026,07:51:06,135,Práticas didáticas,IFPB,84:F1:47:54:F9:80,-85,11
22/04/2026,07:51:06,135,Práticas didáticas,IFPB,E4:4E:2D:85:4C:60,-86,11
22/04/2026,07:51:06,135,Práticas didáticas,IFPB-VISITANTE,E4:4E:2D:85:4C:62,-86,11
22/04/2026,07:51:06,135,Práticas didáticas,IFPB TCC,D8:5D:4C:86:7E:66,-88,1
22/04/2026,07:51:06,135,Práticas didáticas,kaka-IF,00:E0:4C:65:36:BC,-88,11
22/04/2026,07:51:06,135,Práticas didáticas,IFPB,84:F1:47:54:95:E0,-89,11
22/04/2026,07:51:06,135,Práticas didáticas,IFPB-VISITANTE,84:F1:47:54:95:E2,-90,11
22/04/2026,07:51:06,135,Práticas didáticas,IFPB-Sala_13,E8:94:F6:B9:2F:46,-93,6
22/04/2026,07:51:15,136,Práticas didáticas,Lab. de Sinais Digitais,18:D6:C7:F9:37:2F,-48,11
22/04/2026,07:51:15,136,Práticas didáticas,GPDS,00:26:5A:66:55:EF,-64,6
22/04/2026,07:51:15,136,Práticas didáticas,IFPB-Sala_Professor_14,24:FD:0D:57:19:26,-65,5
22/04/2026,07:51:15,136,Práticas didáticas,NPEF/NEPA,50:C7:BF:EF:56:8A,-66,3
22/04/2026,07:51:15,136,Práticas didáticas,Intelbras,18:0D:2C:7F:EB:AC,-66,7
22/04/2026,07:51:16,136,Práticas didáticas,UA2-MiniLab,60:32:B1:2D:66:C3,-66,10
22/04/2026,07:51:16,136,Práticas didáticas,APTelefonia,58:10:8C:91:F3:AA,-67,1
22/04/2026,07:51:16,136,Práticas didáticas,SALA_MESTRADO,64:66:B3:62:EB:86,-69,1
22/04/2026,07:51:16,136,Práticas didáticas,IFPB-Sala_Professor_14,48:51:CF:81:B0:9E,-76,3
22/04/2026,07:51:16,136,Práticas didáticas,NUNYA_Room_2.4GHz,CC:32:E5:0C:FC:2B,-77,9
22/04/2026,07:51:16,136,Práticas didáticas,IFPB,84:F1:47:54:EB:20,-80,6
22/04/2026,07:51:16,136,Práticas didáticas,IFPB-VISITANTE,84:F1:47:54:EB:22,-80,6
22/04/2026,07:51:16,136,Práticas didáticas,IFPB-VISITANTE,84:F1:47:54:8B:A2,-81,1
22/04/2026,07:51:16,136,Práticas didáticas,IFPB,84:F1:47:54:8B:A0,-82,1
22/04/2026,07:51:16,136,Práticas didáticas,TP-Link_C3CB,D8:0D:17:3E:C3:CB,-82,4
22/04/2026,07:51:16,136,Práticas didáticas,TP-Link_1324,7C:F1:7E:8D:13:22,-82,10
22/04/2026,07:51:16,136,Práticas didáticas,IFPB,84:F1:47:54:F9:80,-84,11
22/04/2026,07:51:16,136,Práticas didáticas,IFPB-VISITANTE,84:F1:47:54:F9:82,-84,11
22/04/2026,07:51:16,136,Práticas didáticas,IFPB-VISITANTE,E4:4E:2D:85:4C:62,-85,11
22/04/2026,07:51:16,136,Práticas didáticas,IFPB,E4:4E:2D:85:4C:60,-86,11
22/04/2026,07:51:16,136,Práticas didáticas,kaka-IF,00:E0:4C:65:36:BC,-88,11
22/04/2026,07:51:16,136,Práticas didáticas,IFPB,84:F1:47:54:95:E0,-89,11
22/04/2026,07:51:16,136,Práticas didáticas,IFPB-VISITANTE,84:F1:47:54:95:E2,-89,11
22/04/2026,07:51:16,136,Práticas didáticas,IFPB TCC,D8:5D:4C:86:7E:66,-90,1
22/04/2026,07:51:16,136,Práticas didáticas,IFPB-Sala_13,E8:94:F6:B9:2F:46,-94,6
22/04/2026,07:51:26,137,Práticas didáticas,Lab. de Sinais Digitais,18:D6:C7:F9:37:2F,-47,11
22/04/2026,07:51:26,137,Práticas didáticas,NPEF/NEPA,50:C7:BF:EF:56:8A,-64,3
22/04/2026,07:51:26,137,Práticas didáticas,UA2-MiniLab,60:32:B1:2D:66:C3,-65,10
22/04/2026,07:51:26,137,Práticas didáticas,IFPB-Sala_Professor_14,24:FD:0D:57:19:26,-66,5
22/04/2026,07:51:26,137,Práticas didáticas,GPDS,00:26:5A:66:55:EF,-66,6
22/04/2026,07:51:26,137,Práticas didáticas,Intelbras,18:0D:2C:7F:EB:AC,-66,7
22/04/2026,07:51:26,137,Práticas didáticas,SALA_MESTRADO,64:66:B3:62:EB:86,-67,1
22/04/2026,07:51:26,137,Práticas didáticas,APTelefonia,58:10:8C:91:F3:AA,-68,1
22/04/2026,07:51:26,137,Práticas didáticas,IFPB-Sala_Professor_14,48:51:CF:81:B0:9E,-73,3
22/04/2026,07:51:26,137,Práticas didáticas,NUNYA_Room_2.4GHz,CC:32:E5:0C:FC:2B,-79,9
22/04/2026,07:51:26,137,Práticas didáticas,IFPB,84:F1:47:54:EB:20,-81,6
22/04/2026,07:51:26,137,Práticas didáticas,IFPB-VISITANTE,84:F1:47:54:EB:22,-81,6
22/04/2026,07:51:26,137,Práticas didáticas,IFPB-VISITANTE,84:F1:47:54:8B:A2,-82,1
22/04/2026,07:51:26,137,Práticas didáticas,TP-Link_C3CB,D8:0D:17:3E:C3:CB,-82,4
22/04/2026,07:51:26,137,Práticas didáticas,IFPB,84:F1:47:54:8B:A0,-83,1
22/04/2026,07:51:26,137,Práticas didáticas,IFPB-VISITANTE,84:F1:47:54:F9:82,-83,11
22/04/2026,07:51:26,137,Práticas didáticas,TP-Link_1324,7C:F1:7E:8D:13:22,-84,10
22/04/2026,07:51:26,137,Práticas didáticas,IFPB,84:F1:47:54:F9:80,-84,11
22/04/2026,07:51:26,137,Práticas didáticas,IFPB-Sala_13,E8:94:F6:B9:2F:46,-88,6
22/04/2026,07:51:26,137,Práticas didáticas,kaka-IF,00:E0:4C:65:36:BC,-88,11
22/04/2026,07:51:26,137,Práticas didáticas,IFPB-VISITANTE,84:F1:47:54:95:E2,-89,11
22/04/2026,07:51:26,137,Práticas didáticas,IFPB,84:F1:47:54:95:E0,-90,11
22/04/2026,07:51:26,137,Práticas didáticas,IFPB TCC,D8:5D:4C:86:7E:66,-91,1
22/04/2026,07:51:36,138,Práticas didáticas,Lab. de Sinais Digitais,18:D6:C7:F9:37:2F,-48,11
22/04/2026,07:51:36,138,Práticas didáticas,UA2-MiniLab,60:32:B1:2D:66:C3,-63,10
22/04/2026,07:51:36,138,Práticas didáticas,NPEF/NEPA,50:C7:BF:EF:56:8A,-64,3
22/04/2026,07:51:36,138,Práticas didáticas,Intelbras,18:0D:2C:7F:EB:AC,-66,7
22/04/2026,07:51:36,138,Práticas didáticas,APTelefonia,58:10:8C:91:F3:AA,-67,1
22/04/2026,07:51:36,138,Práticas didáticas,SALA_MESTRADO,64:66:B3:62:EB:86,-69,1
22/04/2026,07:51:36,138,Práticas didáticas,IFPB-Sala_Professor_14,24:FD:0D:57:19:26,-70,5
22/04/2026,07:51:36,138,Práticas didáticas,IFPB-Sala_Professor_14,48:51:CF:81:B0:9E,-72,3
22/04/2026,07:51:36,138,Práticas didáticas,GPDS,00:26:5A:66:55:EF,-74,6
22/04/2026,07:51:36,138,Práticas didáticas,NUNYA_Room_2.4GHz,CC:32:E5:0C:FC:2B,-77,9
22/04/2026,07:51:36,138,Práticas didáticas,IFPB,84:F1:47:54:EB:20,-78,6
22/04/2026,07:51:36,138,Práticas didáticas,TP-Link_C3CB,D8:0D:17:3E:C3:CB,-79,4
22/04/2026,07:51:36,138,Práticas didáticas,IFPB-VISITANTE,84:F1:47:54:EB:22,-79,6
22/04/2026,07:51:36,138,Práticas didáticas,IFPB,84:F1:47:54:8B:A0,-82,1
22/04/2026,07:51:36,138,Práticas didáticas,IFPB-VISITANTE,84:F1:47:54:8B:A2,-83,1
22/04/2026,07:51:36,138,Práticas didáticas,TP-Link_1324,7C:F1:7E:8D:13:22,-83,10
22/04/2026,07:51:36,138,Práticas didáticas,IFPB-VISITANTE,84:F1:47:54:F9:82,-84,11
22/04/2026,07:51:36,138,Práticas didáticas,IFPB,84:F1:47:54:F9:80,-85,11
22/04/2026,07:51:36,138,Práticas didáticas,kaka-IF,00:E0:4C:65:36:BC,-87,11
22/04/2026,07:51:36,138,Práticas didáticas,IFPB,84:F1:47:54:95:E0,-89,11
22/04/2026,07:51:36,138,Práticas didáticas,IFPB-VISITANTE,84:F1:47:54:95:E2,-89,11
22/04/2026,07:51:36,138,Práticas didáticas,IFPB TCC,D8:5D:4C:86:7E:66,-90,1
22/04/2026,07:51:36,138,Práticas didáticas,IFPB-Sala_13,E8:94:F6:B9:2F:46,-92,6
22/04/2026,07:51:46,139,Práticas didáticas,Lab. de Sinais Digitais,18:D6:C7:F9:37:2F,-48,11
22/04/2026,07:51:46,139,Práticas didáticas,NPEF/NEPA,50:C7:BF:EF:56:8A,-65,3
22/04/2026,07:51:46,139,Práticas didáticas,APTelefonia,58:10:8C:91:F3:AA,-66,1
22/04/2026,07:51:46,139,Práticas didáticas,GPDS,00:26:5A:66:55:EF,-68,6
22/04/2026,07:51:46,139,Práticas didáticas,Intelbras,18:0D:2C:7F:EB:AC,-68,7
22/04/2026,07:51:46,139,Práticas didáticas,SALA_MESTRADO,64:66:B3:62:EB:86,-70,1
22/04/2026,07:51:46,139,Práticas didáticas,IFPB-Sala_Professor_14,48:51:CF:81:B0:9E,-71,3
22/04/2026,07:51:46,139,Práticas didáticas,IFPB-Sala_Professor_14,24:FD:0D:57:19:26,-71,5
22/04/2026,07:51:46,139,Práticas didáticas,UA2-MiniLab,60:32:B1:2D:66:C3,-72,10
22/04/2026,07:51:46,139,Práticas didáticas,NUNYA_Room_2.4GHz,CC:32:E5:0C:FC:2B,-77,9
22/04/2026,07:51:46,139,Práticas didáticas,TP-Link_C3CB,D8:0D:17:3E:C3:CB,-79,4
22/04/2026,07:51:46,139,Práticas didáticas,kaka-IF,00:E0:4C:65:36:BC,-80,11
22/04/2026,07:51:46,139,Práticas didáticas,IFPB,84:F1:47:54:8B:A0,-82,1
22/04/2026,07:51:46,139,Práticas didáticas,IFPB-VISITANTE,84:F1:47:54:8B:A2,-82,1
22/04/2026,07:51:46,139,Práticas didáticas,IFPB-VISITANTE,84:F1:47:54:F9:82,-84,11
22/04/2026,07:51:46,139,Práticas didáticas,IFPB,84:F1:47:54:F9:80,-84,11
22/04/2026,07:51:46,139,Práticas didáticas,IFPB-VISITANTE,84:F1:47:54:EB:22,-85,6
22/04/2026,07:51:46,139,Práticas didáticas,TP-Link_1324,7C:F1:7E:8D:13:22,-86,10
22/04/2026,07:51:46,139,Práticas didáticas,IFPB,84:F1:47:54:EB:20,-87,6
22/04/2026,07:51:46,139,Práticas didáticas,IFPB,E4:4E:2D:85:4C:60,-89,11
22/04/2026,07:51:46,139,Práticas didáticas,IFPB-VISITANTE,E4:4E:2D:85:4C:62,-89,11
22/04/2026,07:51:46,139,Práticas didáticas,IFPB TCC,D8:5D:4C:86:7E:66,-93,1
22/04/2026,07:51:56,140,Práticas didáticas,Lab. de Sinais Digitais,18:D6:C7:F9:37:2F,-48,11
22/04/2026,07:51:56,140,Práticas didáticas,NPEF/NEPA,50:C7:BF:EF:56:8A,-66,3
22/04/2026,07:51:56,140,Práticas didáticas,APTelefonia,58:10:8C:91:F3:AA,-67,1
22/04/2026,07:51:56,140,Práticas didáticas,IFPB-Sala_Professor_14,24:FD:0D:57:19:26,-67,5
22/04/2026,07:51:56,140,Práticas didáticas,UA2-MiniLab,60:32:B1:2D:66:C3,-67,10
22/04/2026,07:51:56,140,Práticas didáticas,SALA_MESTRADO,64:66:B3:62:EB:86,-68,1
22/04/2026,07:51:56,140,Práticas didáticas,Intelbras,18:0D:2C:7F:EB:AC,-71,7
22/04/2026,07:51:56,140,Práticas didáticas,GPDS,00:26:5A:66:55:EF,-73,6
22/04/2026,07:51:56,140,Práticas didáticas,IFPB-Sala_Professor_14,48:51:CF:81:B0:9E,-75,3
22/04/2026,07:51:56,140,Práticas didáticas,NUNYA_Room_2.4GHz,CC:32:E5:0C:FC:2B,-75,9
22/04/2026,07:51:56,140,Práticas didáticas,IFPB-VISITANTE,84:F1:47:54:8B:A2,-81,1
22/04/2026,07:51:56,140,Práticas didáticas,IFPB,84:F1:47:54:8B:A0,-81,1
22/04/2026,07:51:56,140,Práticas didáticas,TP-Link_C3CB,D8:0D:17:3E:C3:CB,-81,4
22/04/2026,07:51:56,140,Práticas didáticas,IFPB,84:F1:47:54:F9:80,-83,11
22/04/2026,07:51:56,140,Práticas didáticas,IFPB-VISITANTE,84:F1:47:54:F9:82,-83,11
22/04/2026,07:51:56,140,Práticas didáticas,IFPB,84:F1:47:54:EB:20,-85,6
22/04/2026,07:51:56,140,Práticas didáticas,IFPB-VISITANTE,84:F1:47:54:EB:22,-85,6
22/04/2026,07:51:56,140,Práticas didáticas,TP-Link_1324,7C:F1:7E:8D:13:22,-85,10
22/04/2026,07:51:56,140,Práticas didáticas,kaka-IF,00:E0:4C:65:36:BC,-88,11
22/04/2026,07:51:56,140,Práticas didáticas,IFPB,E4:4E:2D:85:4C:60,-88,11
22/04/2026,07:51:56,140,Práticas didáticas,IFPB,84:F1:47:54:95:E0,-88,11
22/04/2026,07:51:56,140,Práticas didáticas,IFPB-VISITANTE,84:F1:47:54:95:E2,-88,11
22/04/2026,07:51:56,140,Práticas didáticas,IFPB-VISITANTE,E4:4E:2D:85:4C:62,-89,11
22/04/2026,07:51:56,140,Práticas didáticas,IFPB TCC,D8:5D:4C:86:7E:66,-93,1
22/04/2026,07:51:56,140,Práticas didáticas,IFPB-Sala_13,E8:94:F6:B9:2F:46,-94,6
22/04/2026,07:52:57,141,Sala dos professores,IFPB-Sala_Professor_14,24:FD:0D:57:19:26,-53,5
22/04/2026,07:52:57,141,Sala dos professores,IFPB,84:F1:47:54:FD:C0,-59,1
22/04/2026,07:52:57,141,Sala dos professores,IFPB-VISITANTE,84:F1:47:54:FD:C2,-59,1
22/04/2026,07:52:57,141,Sala dos professores,IFPB-Sala_Professor_14,48:51:CF:81:B0:9E,-59,3
22/04/2026,07:52:57,141,Sala dos professores,IFPB-Sala_13,E8:94:F6:B9:2F:46,-63,6
22/04/2026,07:52:57,141,Sala dos professores,IFPB TCC,D8:5D:4C:86:7E:66,-64,1
22/04/2026,07:52:57,141,Sala dos professores,NUNYA_Room_2.4GHz,CC:32:E5:0C:FC:2B,-67,9
22/04/2026,07:52:57,141,Sala dos professores,Intelbras,18:0D:2C:7F:EB:AC,-70,7
22/04/2026,07:52:57,141,Sala dos professores,APTelefonia,58:10:8C:91:F3:AA,-72,1
22/04/2026,07:52:57,141,Sala dos professores,Lab. de Sinais Digitais,18:D6:C7:F9:37:2F,-74,11
22/04/2026,07:52:58,141,Sala dos professores,GPDS,00:26:5A:66:55:EF,-76,6
22/04/2026,07:52:58,141,Sala dos professores,SALA_MESTRADO,64:66:B3:62:EB:86,-77,1
22/04/2026,07:52:58,141,Sala dos professores,TP-Link_1324,7C:F1:7E:8D:13:22,-77,10
22/04/2026,07:52:58,141,Sala dos professores,TP-Link_C3CB,D8:0D:17:3E:C3:CB,-79,4
22/04/2026,07:52:58,141,Sala dos professores,IFPB,84:F1:47:54:95:E0,-85,11
22/04/2026,07:52:58,141,Sala dos professores,IFPB-VISITANTE,84:F1:47:54:95:E2,-85,11
22/04/2026,07:52:58,141,Sala dos professores,UA2-MiniLab,60:32:B1:2D:66:C3,-87,10
22/04/2026,07:52:58,141,Sala dos professores,Lab Redes Convergentes,64:70:02:99:FE:F4,-88,1
22/04/2026,07:52:58,141,Sala dos professores,NPEF/NEPA,50:C7:BF:EF:56:8A,-90,3
22/04/2026,07:52:58,141,Sala dos professores,kaka-IF,00:E0:4C:65:36:BC,-93,11
22/04/2026,07:53:07,142,Sala dos professores,IFPB-Sala_Professor_14,24:FD:0D:57:19:26,-50,5
22/04/2026,07:53:07,142,Sala dos professores,IFPB-Sala_13,E8:94:F6:B9:2F:46,-62,6
22/04/2026,07:53:07,142,Sala dos professores,IFPB,84:F1:47:54:FD:C0,-63,1
22/04/2026,07:53:07,142,Sala dos professores,IFPB-VISITANTE,84:F1:47:54:FD:C2,-63,1
22/04/2026,07:53:07,142,Sala dos professores,IFPB TCC,D8:5D:4C:86:7E:66,-66,1
22/04/2026,07:53:07,142,Sala dos professores,Intelbras,18:0D:2C:7F:EB:AC,-68,7
22/04/2026,07:53:07,142,Sala dos professores,APTelefonia,58:10:8C:91:F3:AA,-69,1
22/04/2026,07:53:07,142,Sala dos professores,NUNYA_Room_2.4GHz,CC:32:E5:0C:FC:2B,-70,9
22/04/2026,07:53:07,142,Sala dos professores,IFPB-Sala_Professor_14,48:51:CF:81:B0:9E,-77,3
22/04/2026,07:53:07,142,Sala dos professores,Lab. de Sinais Digitais,18:D6:C7:F9:37:2F,-77,11
22/04/2026,07:53:08,142,Sala dos professores,TP-Link_C3CB,D8:0D:17:3E:C3:CB,-78,4
22/04/2026,07:53:08,142,Sala dos professores,SALA_MESTRADO,64:66:B3:62:EB:86,-80,1
22/04/2026,07:53:08,142,Sala dos professores,GPDS,00:26:5A:66:55:EF,-80,6
22/04/2026,07:53:08,142,Sala dos professores,TP-Link_1324,7C:F1:7E:8D:13:22,-82,10
22/04/2026,07:53:08,142,Sala dos professores,UA2-MiniLab,60:32:B1:2D:66:C3,-87,10
22/04/2026,07:53:08,142,Sala dos professores,IFPB,84:F1:47:54:95:E0,-87,11
22/04/2026,07:53:08,142,Sala dos professores,IFPB-VISITANTE,84:F1:47:54:95:E2,-88,11
22/04/2026,07:53:08,142,Sala dos professores,Lab Redes Convergentes,64:70:02:99:FE:F4,-89,1
22/04/2026,07:53:08,142,Sala dos professores,IFPB-VISITANTE,E4:4E:2D:85:4C:62,-89,11
22/04/2026,07:53:08,142,Sala dos professores,IFPB,E4:4E:2D:85:4C:60,-89,11
22/04/2026,07:53:08,142,Sala dos professores,NPEF/NEPA,50:C7:BF:EF:56:8A,-92,3
22/04/2026,07:53:17,143,Sala dos professores,IFPB-Sala_Professor_14,24:FD:0D:57:19:26,-49,5
22/04/2026,07:53:17,143,Sala dos professores,IFPB,84:F1:47:54:FD:C0,-61,1
22/04/2026,07:53:17,143,Sala dos professores,IFPB-VISITANTE,84:F1:47:54:FD:C2,-61,1
22/04/2026,07:53:17,143,Sala dos professores,IFPB-Sala_13,E8:94:F6:B9:2F:46,-61,6
22/04/2026,07:53:17,143,Sala dos professores,NUNYA_Room_2.4GHz,CC:32:E5:0C:FC:2B,-62,9
22/04/2026,07:53:17,143,Sala dos professores,IFPB-Sala_Professor_14,48:51:CF:81:B0:9E,-66,3
22/04/2026,07:53:17,143,Sala dos professores,APTelefonia,58:10:8C:91:F3:AA,-69,1
22/04/2026,07:53:17,143,Sala dos professores,Intelbras,18:0D:2C:7F:EB:AC,-69,7
22/04/2026,07:53:17,143,Sala dos professores,IFPB TCC,D8:5D:4C:86:7E:66,-73,1
22/04/2026,07:53:17,143,Sala dos professores,Lab. de Sinais Digitais,18:D6:C7:F9:37:2F,-77,11
22/04/2026,07:53:18,143,Sala dos professores,SALA_MESTRADO,64:66:B3:62:EB:86,-79,1
22/04/2026,07:53:18,143,Sala dos professores,TP-Link_1324,7C:F1:7E:8D:13:22,-79,10
22/04/2026,07:53:18,143,Sala dos professores,TP-Link_C3CB,D8:0D:17:3E:C3:CB,-81,4
22/04/2026,07:53:18,143,Sala dos professores,GPDS,00:26:5A:66:55:EF,-83,6
22/04/2026,07:53:18,143,Sala dos professores,IFPB-VISITANTE,84:F1:47:54:95:E2,-86,11
22/04/2026,07:53:18,143,Sala dos professores,Lab Redes Convergentes,64:70:02:99:FE:F4,-87,1
22/04/2026,07:53:18,143,Sala dos professores,IFPB,E4:4E:2D:85:4C:60,-87,11
22/04/2026,07:53:18,143,Sala dos professores,IFPB,84:F1:47:54:95:E0,-88,11
22/04/2026,07:53:18,143,Sala dos professores,UA2-MiniLab,60:32:B1:2D:66:C3,-90,10
22/04/2026,07:53:18,143,Sala dos professores,IFPB-VISITANTE,E4:4E:2D:85:4C:62,-90,11
22/04/2026,07:53:18,143,Sala dos professores,NPEF/NEPA,50:C7:BF:EF:56:8A,-91,3
22/04/2026,07:53:27,144,Sala dos professores,IFPB-Sala_Professor_14,24:FD:0D:57:19:26,-50,5
22/04/2026,07:53:27,144,Sala dos professores,IFPB-VISITANTE,84:F1:47:54:FD:C2,-62,1
22/04/2026,07:53:27,144,Sala dos professores,IFPB-Sala_13,E8:94:F6:B9:2F:46,-62,6
22/04/2026,07:53:27,144,Sala dos professores,NUNYA_Room_2.4GHz,CC:32:E5:0C:FC:2B,-62,9
22/04/2026,07:53:27,144,Sala dos professores,IFPB,84:F1:47:54:FD:C0,-63,1
22/04/2026,07:53:27,144,Sala dos professores,IFPB-Sala_Professor_14,48:51:CF:81:B0:9E,-67,3
22/04/2026,07:53:27,144,Sala dos professores,IFPB TCC,D8:5D:4C:86:7E:66,-70,1
22/04/2026,07:53:27,144,Sala dos professores,APTelefonia,58:10:8C:91:F3:AA,-70,1
22/04/2026,07:53:27,144,Sala dos professores,Intelbras,18:0D:2C:7F:EB:AC,-71,7
22/04/2026,07:53:27,144,Sala dos professores,Lab. de Sinais Digitais,18:D6:C7:F9:37:2F,-74,11
22/04/2026,07:53:28,144,Sala dos professores,TP-Link_1324,7C:F1:7E:8D:13:22,-77,10
22/04/2026,07:53:28,144,Sala dos professores,GPDS,00:26:5A:66:55:EF,-78,6
22/04/2026,07:53:28,144,Sala dos professores,TP-Link_C3CB,D8:0D:17:3E:C3:CB,-84,4
22/04/2026,07:53:28,144,Sala dos professores,SALA_MESTRADO,64:66:B3:62:EB:86,-85,1
22/04/2026,07:53:28,144,Sala dos professores,UA2-MiniLab,60:32:B1:2D:66:C3,-85,10
22/04/2026,07:53:28,144,Sala dos professores,IFPB-VISITANTE,84:F1:47:54:95:E2,-87,11
22/04/2026,07:53:28,144,Sala dos professores,IFPB,84:F1:47:54:95:E0,-87,11
22/04/2026,07:53:28,144,Sala dos professores,Lab Redes Convergentes,64:70:02:99:FE:F4,-89,1
22/04/2026,07:53:28,144,Sala dos professores,NPEF/NEPA,50:C7:BF:EF:56:8A,-90,3
22/04/2026,07:53:28,144,Sala dos professores,kaka-IF,00:E0:4C:65:36:BC,-94,11
22/04/2026,07:53:37,145,Sala dos professores,IFPB-Sala_Professor_14,24:FD:0D:57:19:26,-52,5
22/04/2026,07:53:37,145,Sala dos professores,IFPB-Sala_13,E8:94:F6:B9:2F:46,-61,6
22/04/2026,07:53:37,145,Sala dos professores,IFPB-Sala_Professor_14,48:51:CF:81:B0:9E,-62,3
22/04/2026,07:53:37,145,Sala dos professores,IFPB,84:F1:47:54:FD:C0,-63,1
22/04/2026,07:53:37,145,Sala dos professores,IFPB-VISITANTE,84:F1:47:54:FD:C2,-63,1
22/04/2026,07:53:37,145,Sala dos professores,NUNYA_Room_2.4GHz,CC:32:E5:0C:FC:2B,-68,9
22/04/2026,07:53:37,145,Sala dos professores,APTelefonia,58:10:8C:91:F3:AA,-69,1
22/04/2026,07:53:37,145,Sala dos professores,Intelbras,18:0D:2C:7F:EB:AC,-69,7
22/04/2026,07:53:37,145,Sala dos professores,IFPB TCC,D8:5D:4C:86:7E:66,-70,1
22/04/2026,07:53:37,145,Sala dos professores,Lab. de Sinais Digitais,18:D6:C7:F9:37:2F,-75,11
22/04/2026,07:53:38,145,Sala dos professores,GPDS,00:26:5A:66:55:EF,-77,6
22/04/2026,07:53:38,145,Sala dos professores,SALA_MESTRADO,64:66:B3:62:EB:86,-78,1
22/04/2026,07:53:38,145,Sala dos professores,TP-Link_C3CB,D8:0D:17:3E:C3:CB,-80,4
22/04/2026,07:53:38,145,Sala dos professores,TP-Link_1324,7C:F1:7E:8D:13:22,-82,10
22/04/2026,07:53:38,145,Sala dos professores,UA2-MiniLab,60:32:B1:2D:66:C3,-82,10
22/04/2026,07:53:38,145,Sala dos professores,NPEF/NEPA,50:C7:BF:EF:56:8A,-89,3
22/04/2026,07:53:38,145,Sala dos professores,Lab Redes Convergentes,64:70:02:99:FE:F4,-90,1
22/04/2026,07:53:38,145,Sala dos professores,IFPB-VISITANTE,84:F1:47:54:95:E2,-90,11
22/04/2026,07:53:38,145,Sala dos professores,IFPB,84:F1:47:54:95:E0,-92,11
22/04/2026,07:53:47,146,Sala dos professores,IFPB-Sala_Professor_14,24:FD:0D:57:19:26,-44,5
22/04/2026,07:53:47,146,Sala dos professores,IFPB-Sala_Professor_14,48:51:CF:81:B0:9E,-53,3
22/04/2026,07:53:47,146,Sala dos professores,IFPB-Sala_13,E8:94:F6:B9:2F:46,-62,6
22/04/2026,07:53:47,146,Sala dos professores,IFPB,84:F1:47:54:FD:C0,-64,1
22/04/2026,07:53:47,146,Sala dos professores,IFPB-VISITANTE,84:F1:47:54:FD:C2,-64,1
22/04/2026,07:53:47,146,Sala dos professores,NUNYA_Room_2.4GHz,CC:32:E5:0C:FC:2B,-67,9
22/04/2026,07:53:47,146,Sala dos professores,IFPB TCC,D8:5D:4C:86:7E:66,-69,1
22/04/2026,07:53:47,146,Sala dos professores,Intelbras,18:0D:2C:7F:EB:AC,-69,7
22/04/2026,07:53:47,146,Sala dos professores,APTelefonia,58:10:8C:91:F3:AA,-70,1
22/04/2026,07:53:47,146,Sala dos professores,TP-Link_C3CB,D8:0D:17:3E:C3:CB,-75,4
22/04/2026,07:53:48,146,Sala dos professores,GPDS,00:26:5A:66:55:EF,-75,6
22/04/2026,07:53:48,146,Sala dos professores,Lab. de Sinais Digitais,18:D6:C7:F9:37:2F,-76,11
22/04/2026,07:53:48,146,Sala dos professores,SALA_MESTRADO,64:66:B3:62:EB:86,-79,1
22/04/2026,07:53:48,146,Sala dos professores,TP-Link_1324,7C:F1:7E:8D:13:22,-79,10
22/04/2026,07:53:48,146,Sala dos professores,UA2-MiniLab,60:32:B1:2D:66:C3,-82,10
22/04/2026,07:53:48,146,Sala dos professores,IFPB,84:F1:47:54:95:E0,-84,11
22/04/2026,07:53:48,146,Sala dos professores,IFPB-VISITANTE,84:F1:47:54:95:E2,-84,11
22/04/2026,07:53:48,146,Sala dos professores,IFPB,E4:4E:2D:85:4C:60,-87,11
22/04/2026,07:53:48,146,Sala dos professores,IFPB-VISITANTE,E4:4E:2D:85:4C:62,-87,11
22/04/2026,07:53:48,146,Sala dos professores,NPEF/NEPA,50:C7:BF:EF:56:8A,-90,3
22/04/2026,07:53:48,146,Sala dos professores,Lab Redes Convergentes,64:70:02:99:FE:F4,-91,1
22/04/2026,07:53:48,146,Sala dos professores,kaka-IF,00:E0:4C:65:36:BC,-96,11
22/04/2026,07:53:57,147,Sala dos professores,IFPB-Sala_Professor_14,24:FD:0D:57:19:26,-49,5
22/04/2026,07:53:57,147,Sala dos professores,IFPB-Sala_13,E8:94:F6:B9:2F:46,-61,6
22/04/2026,07:53:57,147,Sala dos professores,IFPB-Sala_Professor_14,48:51:CF:81:B0:9E,-62,3
22/04/2026,07:53:57,147,Sala dos professores,IFPB,84:F1:47:54:FD:C0,-63,1
22/04/2026,07:53:57,147,Sala dos professores,IFPB-VISITANTE,84:F1:47:54:FD:C2,-63,1
22/04/2026,07:53:58,147,Sala dos professores,NUNYA_Room_2.4GHz,CC:32:E5:0C:FC:2B,-65,9
22/04/2026,07:53:58,147,Sala dos professores,Intelbras,18:0D:2C:7F:EB:AC,-68,7
22/04/2026,07:53:58,147,Sala dos professores,IFPB TCC,D8:5D:4C:86:7E:66,-69,1
22/04/2026,07:53:58,147,Sala dos professores,APTelefonia,58:10:8C:91:F3:AA,-70,1
22/04/2026,07:53:58,147,Sala dos professores,TP-Link_C3CB,D8:0D:17:3E:C3:CB,-74,4
22/04/2026,07:53:58,147,Sala dos professores,Lab. de Sinais Digitais,18:D6:C7:F9:37:2F,-75,11
22/04/2026,07:53:58,147,Sala dos professores,GPDS,00:26:5A:66:55:EF,-78,6
22/04/2026,07:53:58,147,Sala dos professores,TP-Link_1324,7C:F1:7E:8D:13:22,-78,10
22/04/2026,07:53:58,147,Sala dos professores,SALA_MESTRADO,64:66:B3:62:EB:86,-79,1
22/04/2026,07:53:58,147,Sala dos professores,UA2-MiniLab,60:32:B1:2D:66:C3,-84,10
22/04/2026,07:53:58,147,Sala dos professores,IFPB,84:F1:47:54:95:E0,-85,11
22/04/2026,07:53:58,147,Sala dos professores,IFPB-VISITANTE,84:F1:47:54:95:E2,-85,11
22/04/2026,07:53:58,147,Sala dos professores,IFPB,E4:4E:2D:85:4C:60,-86,11
22/04/2026,07:53:58,147,Sala dos professores,IFPB-VISITANTE,E4:4E:2D:85:4C:62,-88,11
22/04/2026,07:53:58,147,Sala dos professores,Lab Redes Convergentes,64:70:02:99:FE:F4,-90,1
22/04/2026,07:53:58,147,Sala dos professores,NPEF/NEPA,50:C7:BF:EF:56:8A,-91,3
22/04/2026,07:53:58,147,Sala dos professores,kaka-IF,00:E0:4C:65:36:BC,-93,11
22/04/2026,07:54:08,148,Sala dos professores,IFPB-Sala_Professor_14,24:FD:0D:57:19:26,-46,5
22/04/2026,07:54:08,148,Sala dos professores,IFPB-Sala_Professor_14,48:51:CF:81:B0:9E,-57,3
22/04/2026,07:54:08,148,Sala dos professores,IFPB-Sala_13,E8:94:F6:B9:2F:46,-63,6
22/04/2026,07:54:08,148,Sala dos professores,IFPB,84:F1:47:54:FD:C0,-66,1
22/04/2026,07:54:08,148,Sala dos professores,IFPB-VISITANTE,84:F1:47:54:FD:C2,-66,1
22/04/2026,07:54:08,148,Sala dos professores,NUNYA_Room_2.4GHz,CC:32:E5:0C:FC:2B,-66,9
22/04/2026,07:54:08,148,Sala dos professores,IFPB TCC,D8:5D:4C:86:7E:66,-69,1
22/04/2026,07:54:08,148,Sala dos professores,APTelefonia,58:10:8C:91:F3:AA,-71,1
22/04/2026,07:54:08,148,Sala dos professores,Intelbras,18:0D:2C:7F:EB:AC,-71,7
22/04/2026,07:54:08,148,Sala dos professores,TP-Link_C3CB,D8:0D:17:3E:C3:CB,-76,4
22/04/2026,07:54:08,148,Sala dos professores,GPDS,00:26:5A:66:55:EF,-77,6
22/04/2026,07:54:08,148,Sala dos professores,Lab. de Sinais Digitais,18:D6:C7:F9:37:2F,-77,11
22/04/2026,07:54:08,148,Sala dos professores,SALA_MESTRADO,64:66:B3:62:EB:86,-80,1
22/04/2026,07:54:08,148,Sala dos professores,TP-Link_1324,7C:F1:7E:8D:13:22,-81,10
22/04/2026,07:54:08,148,Sala dos professores,IFPB-VISITANTE,84:F1:47:54:95:E2,-83,11
22/04/2026,07:54:08,148,Sala dos professores,IFPB,84:F1:47:54:95:E0,-85,11
22/04/2026,07:54:08,148,Sala dos professores,UA2-MiniLab,60:32:B1:2D:66:C3,-86,10
22/04/2026,07:54:08,148,Sala dos professores,IFPB,E4:4E:2D:85:4C:60,-86,11
22/04/2026,07:54:08,148,Sala dos professores,IFPB-VISITANTE,E4:4E:2D:85:4C:62,-86,11
22/04/2026,07:54:08,148,Sala dos professores,Lab Redes Convergentes,64:70:02:99:FE:F4,-89,1
22/04/2026,07:54:08,148,Sala dos professores,NPEF/NEPA,50:C7:BF:EF:56:8A,-92,3
22/04/2026,07:54:08,148,Sala dos professores,kaka-IF,00:E0:4C:65:36:BC,-94,11
22/04/2026,07:54:18,149,Sala dos professores,IFPB-Sala_Professor_14,24:FD:0D:57:19:26,-45,5
22/04/2026,07:54:18,149,Sala dos professores,IFPB-Sala_Professor_14,48:51:CF:81:B0:9E,-57,3
22/04/2026,07:54:18,149,Sala dos professores,IFPB-Sala_13,E8:94:F6:B9:2F:46,-62,6
22/04/2026,07:54:18,149,Sala dos professores,NUNYA_Room_2.4GHz,CC:32:E5:0C:FC:2B,-65,9
22/04/2026,07:54:18,149,Sala dos professores,IFPB,84:F1:47:54:FD:C0,-67,1
22/04/2026,07:54:18,149,Sala dos professores,IFPB-VISITANTE,84:F1:47:54:FD:C2,-68,1
22/04/2026,07:54:18,149,Sala dos professores,IFPB TCC,D8:5D:4C:86:7E:66,-69,1
22/04/2026,07:54:18,149,Sala dos professores,APTelefonia,58:10:8C:91:F3:AA,-71,1
22/04/2026,07:54:18,149,Sala dos professores,Intelbras,18:0D:2C:7F:EB:AC,-71,7
22/04/2026,07:54:18,149,Sala dos professores,TP-Link_C3CB,D8:0D:17:3E:C3:CB,-75,4
22/04/2026,07:54:18,149,Sala dos professores,Lab. de Sinais Digitais,18:D6:C7:F9:37:2F,-77,11
22/04/2026,07:54:18,149,Sala dos professores,TP-Link_1324,7C:F1:7E:8D:13:22,-79,10
22/04/2026,07:54:18,149,Sala dos professores,SALA_MESTRADO,64:66:B3:62:EB:86,-80,1
22/04/2026,07:54:18,149,Sala dos professores,GPDS,00:26:5A:66:55:EF,-81,6
22/04/2026,07:54:18,149,Sala dos professores,IFPB,84:F1:47:54:95:E0,-84,11
22/04/2026,07:54:18,149,Sala dos professores,UA2-MiniLab,60:32:B1:2D:66:C3,-85,10
22/04/2026,07:54:18,149,Sala dos professores,IFPB-VISITANTE,84:F1:47:54:95:E2,-85,11
22/04/2026,07:54:18,149,Sala dos professores,Lab Redes Convergentes,64:70:02:99:FE:F4,-87,1
22/04/2026,07:54:18,149,Sala dos professores,IFPB-VISITANTE,E4:4E:2D:85:4C:62,-87,11
22/04/2026,07:54:18,149,Sala dos professores,IFPB,E4:4E:2D:85:4C:60,-88,11
22/04/2026,07:54:18,149,Sala dos professores,NPEF/NEPA,50:C7:BF:EF:56:8A,-91,3
22/04/2026,07:54:18,149,Sala dos professores,kaka-IF,00:E0:4C:65:36:BC,-94,11
22/04/2026,07:54:28,150,Sala dos professores,IFPB-Sala_Professor_14,24:FD:0D:57:19:26,-46,5
22/04/2026,07:54:28,150,Sala dos professores,IFPB-Sala_Professor_14,48:51:CF:81:B0:9E,-58,3
22/04/2026,07:54:28,150,Sala dos professores,IFPB-Sala_13,E8:94:F6:B9:2F:46,-63,6
22/04/2026,07:54:28,150,Sala dos professores,IFPB-VISITANTE,84:F1:47:54:FD:C2,-64,1
22/04/2026,07:54:28,150,Sala dos professores,IFPB,84:F1:47:54:FD:C0,-65,1
22/04/2026,07:54:28,150,Sala dos professores,NUNYA_Room_2.4GHz,CC:32:E5:0C:FC:2B,-67,9
22/04/2026,07:54:28,150,Sala dos professores,Intelbras,18:0D:2C:7F:EB:AC,-68,7
22/04/2026,07:54:28,150,Sala dos professores,IFPB TCC,D8:5D:4C:86:7E:66,-69,1
22/04/2026,07:54:28,150,Sala dos professores,APTelefonia,58:10:8C:91:F3:AA,-70,1
22/04/2026,07:54:28,150,Sala dos professores,GPDS,00:26:5A:66:55:EF,-75,6
22/04/2026,07:54:28,150,Sala dos professores,Lab. de Sinais Digitais,18:D6:C7:F9:37:2F,-76,11
22/04/2026,07:54:28,150,Sala dos professores,TP-Link_C3CB,D8:0D:17:3E:C3:CB,-78,4
22/04/2026,07:54:28,150,Sala dos professores,UA2-MiniLab,60:32:B1:2D:66:C3,-79,10
22/04/2026,07:54:28,150,Sala dos professores,TP-Link_1324,7C:F1:7E:8D:13:22,-79,10
22/04/2026,07:54:28,150,Sala dos professores,SALA_MESTRADO,64:66:B3:62:EB:86,-80,1
22/04/2026,07:54:28,150,Sala dos professores,IFPB,84:F1:47:54:95:E0,-85,11
22/04/2026,07:54:28,150,Sala dos professores,IFPB-VISITANTE,84:F1:47:54:95:E2,-85,11
22/04/2026,07:54:28,150,Sala dos professores,Lab Redes Convergentes,64:70:02:99:FE:F4,-87,1
22/04/2026,07:54:28,150,Sala dos professores,IFPB-VISITANTE,E4:4E:2D:85:4C:62,-89,11
22/04/2026,07:54:28,150,Sala dos professores,IFPB,E4:4E:2D:85:4C:60,-90,11
22/04/2026,07:54:28,150,Sala dos professores,NPEF/NEPA,50:C7:BF:EF:56:8A,-91,3
22/04/2026,07:55:50,151,Lab. química 03,TP-Link_1324,7C:F1:7E:8D:13:22,-73,10
22/04/2026,07:55:50,151,Lab. química 03,IFPB-VISITANTE,84:F1:47:54:6B:82,-74,6
22/04/2026,07:55:50,151,Lab. química 03,IFPB,84:F1:47:54:6B:80,-75,6
22/04/2026,07:55:50,151,Lab. química 03,IFPB,24:36:DA:2B:BC:00,-75,6
22/04/2026,07:55:50,151,Lab. química 03,IFPB-VISITANTE,24:36:DA:2B:BC:02,-75,6
22/04/2026,07:55:50,151,Lab. química 03,IFPB,B8:11:4B:1D:12:00,-79,11
22/04/2026,07:55:50,151,Lab. química 03,IFPB-VISITANTE,B8:11:4B:1D:12:02,-79,11
22/04/2026,07:55:50,151,Lab. química 03,IFPB-VISITANTE,84:F1:47:54:7F:62,-80,6
22/04/2026,07:55:50,151,Lab. química 03,IFPB,84:F1:47:54:7F:60,-80,6
22/04/2026,07:55:50,151,Lab. química 03,APTelefonia,58:10:8C:91:F3:AA,-83,1
22/04/2026,07:55:50,151,Lab. química 03,Intelbras,18:0D:2C:7F:EB:AC,-84,7
22/04/2026,07:55:50,151,Lab. química 03,IFPB-VISITANTE,84:F1:47:54:81:02,-85,11
22/04/2026,07:55:50,151,Lab. química 03,IFPB,84:F1:47:54:81:00,-87,11
22/04/2026,07:55:50,151,Lab. química 03,IFPB,24:36:DA:A2:7F:40,-88,6
22/04/2026,07:55:50,151,Lab. química 03,NPEF/NEPA,50:C7:BF:EF:56:8A,-89,3
22/04/2026,07:55:50,151,Lab. química 03,brisa-3861242,24:2F:D0:CC:ED:8C,-95,2
22/04/2026,07:56:00,152,Lab. química 03,TP-Link_1324,7C:F1:7E:8D:13:22,-69,10
22/04/2026,07:56:00,152,Lab. química 03,IFPB,24:36:DA:2B:BC:00,-74,6
22/04/2026,07:56:00,152,Lab. química 03,IFPB-VISITANTE,24:36:DA:2B:BC:02,-75,6
22/04/2026,07:56:00,152,Lab. química 03,IFPB-VISITANTE,84:F1:47:54:6B:82,-76,6
22/04/2026,07:56:00,152,Lab. química 03,IFPB,84:F1:47:54:6B:80,-76,6
22/04/2026,07:56:00,152,Lab. química 03,IFPB-VISITANTE,84:F1:47:54:7F:62,-79,6
22/04/2026,07:56:00,152,Lab. química 03,IFPB,84:F1:47:54:7F:60,-79,6
22/04/2026,07:56:00,152,Lab. química 03,kaka-IF,00:E0:4C:65:36:BC,-79,11
22/04/2026,07:56:00,152,Lab. química 03,IFPB,B8:11:4B:1D:12:00,-83,11
22/04/2026,07:56:00,152,Lab. química 03,Intelbras,18:0D:2C:7F:EB:AC,-84,7
22/04/2026,07:56:00,152,Lab. química 03,IFPB-VISITANTE,84:F1:47:54:81:02,-86,11
22/04/2026,07:56:00,152,Lab. química 03,IFPB,84:F1:47:54:97:00,-87,1
22/04/2026,07:56:00,152,Lab. química 03,IFPB-VISITANTE,84:F1:47:54:97:02,-87,1
22/04/2026,07:56:00,152,Lab. química 03,IFPB,24:36:DA:A2:7F:40,-87,6
22/04/2026,07:56:00,152,Lab. química 03,APTelefonia,58:10:8C:91:F3:AA,-88,1
22/04/2026,07:56:00,152,Lab. química 03,IFPB-VISITANTE,24:36:DA:A2:7F:42,-88,6
22/04/2026,07:56:00,152,Lab. química 03,NPEF/NEPA,50:C7:BF:EF:56:8A,-92,3
22/04/2026,07:56:00,152,Lab. química 03,brisa-3861242,24:2F:D0:CC:ED:8C,-94,2
22/04/2026,07:56:00,152,Lab. química 03,COPLAN,C4:12:F5:D3:01:90,-94,5
22/04/2026,07:56:10,153,Lab. química 03,TP-Link_1324,7C:F1:7E:8D:13:22,-71,10
22/04/2026,07:56:10,153,Lab. química 03,IFPB-VISITANTE,24:36:DA:2B:BC:02,-74,6
22/04/2026,07:56:10,153,Lab. química 03,IFPB,84:F1:47:54:6B:80,-74,6
22/04/2026,07:56:10,153,Lab. química 03,IFPB-VISITANTE,84:F1:47:54:6B:82,-74,6
22/04/2026,07:56:10,153,Lab. química 03,IFPB,24:36:DA:2B:BC:00,-74,6
22/04/2026,07:56:10,153,Lab. química 03,IFPB-VISITANTE,84:F1:47:54:7F:62,-77,6
22/04/2026,07:56:10,153,Lab. química 03,IFPB,84:F1:47:54:7F:60,-78,6
22/04/2026,07:56:10,153,Lab. química 03,APTelefonia,58:10:8C:91:F3:AA,-81,1
22/04/2026,07:56:10,153,Lab. química 03,IFPB,84:F1:47:54:81:00,-81,11
22/04/2026,07:56:10,153,Lab. química 03,IFPB-VISITANTE,B8:11:4B:1D:12:02,-82,11
22/04/2026,07:56:10,153,Lab. química 03,IFPB-VISITANTE,84:F1:47:54:81:02,-82,11
22/04/2026,07:56:10,153,Lab. química 03,IFPB,B8:11:4B:1D:12:00,-82,11
22/04/2026,07:56:10,153,Lab. química 03,Intelbras,18:0D:2C:7F:EB:AC,-83,7
22/04/2026,07:56:10,153,Lab. química 03,kaka-IF,00:E0:4C:65:36:BC,-84,11
22/04/2026,07:56:10,153,Lab. química 03,IFPB-VISITANTE,84:F1:47:54:97:02,-88,1
22/04/2026,07:56:10,153,Lab. química 03,IFPB,84:F1:47:54:97:00,-88,1
22/04/2026,07:56:10,153,Lab. química 03,NPEF/NEPA,50:C7:BF:EF:56:8A,-89,3
22/04/2026,07:56:10,153,Lab. química 03,IFPB,24:36:DA:A2:7F:40,-90,6
22/04/2026,07:56:10,153,Lab. química 03,IFPB-VISITANTE,24:36:DA:A2:7F:42,-90,6
22/04/2026,07:56:10,153,Lab. química 03,brisa-3861242,24:2F:D0:CC:ED:8C,-91,2
22/04/2026,07:56:10,153,Lab. química 03,LIMPEZA,54:E6:FC:CF:22:DE,-93,6
22/04/2026,07:56:10,153,Lab. química 03,Lab. de Sinais Digitais,18:D6:C7:F9:37:2F,-93,11
22/04/2026,07:56:10,153,Lab. química 03,COPLAN,C4:12:F5:D3:01:90,-94,5
22/04/2026,07:56:20,154,Lab. química 03,TP-Link_1324,7C:F1:7E:8D:13:22,-71,10
22/04/2026,07:56:20,154,Lab. química 03,IFPB,84:F1:47:54:6B:80,-74,6
22/04/2026,07:56:20,154,Lab. química 03,IFPB-VISITANTE,84:F1:47:54:6B:82,-75,6
22/04/2026,07:56:20,154,Lab. química 03,IFPB,B8:11:4B:1D:12:00,-75,11
22/04/2026,07:56:20,154,Lab. química 03,IFPB,24:36:DA:2B:BC:00,-76,6
22/04/2026,07:56:20,154,Lab. química 03,IFPB-VISITANTE,B8:11:4B:1D:12:02,-76,11
22/04/2026,07:56:20,154,Lab. química 03,IFPB-VISITANTE,24:36:DA:2B:BC:02,-78,6
22/04/2026,07:56:20,154,Lab. química 03,IFPB-VISITANTE,84:F1:47:54:7F:62,-78,6
22/04/2026,07:56:20,154,Lab. química 03,IFPB,84:F1:47:54:7F:60,-79,6
22/04/2026,07:56:20,154,Lab. química 03,APTelefonia,58:10:8C:91:F3:AA,-80,1
22/04/2026,07:56:20,154,Lab. química 03,kaka-IF,00:E0:4C:65:36:BC,-82,11
22/04/2026,07:56:20,154,Lab. química 03,IFPB-VISITANTE,84:F1:47:54:81:02,-82,11
22/04/2026,07:56:20,154,Lab. química 03,Intelbras,18:0D:2C:7F:EB:AC,-83,7
22/04/2026,07:56:20,154,Lab. química 03,IFPB,84:F1:47:54:81:00,-84,11
22/04/2026,07:56:20,154,Lab. química 03,IFPB-VISITANTE,24:36:DA:A2:7F:42,-85,6
22/04/2026,07:56:20,154,Lab. química 03,IFPB,24:36:DA:A2:7F:40,-85,6
22/04/2026,07:56:20,154,Lab. química 03,brisa-3861242,24:2F:D0:CC:ED:8C,-90,2
22/04/2026,07:56:20,154,Lab. química 03,NPEF/NEPA,50:C7:BF:EF:56:8A,-91,3
22/04/2026,07:56:20,154,Lab. química 03,COPLAN,C4:12:F5:D3:01:90,-92,5
22/04/2026,07:56:30,155,Lab. química 03,TP-Link_1324,7C:F1:7E:8D:13:22,-68,10
22/04/2026,07:56:30,155,Lab. química 03,IFPB-VISITANTE,84:F1:47:54:6B:82,-75,6
22/04/2026,07:56:30,155,Lab. química 03,IFPB,84:F1:47:54:6B:80,-75,6
22/04/2026,07:56:30,155,Lab. química 03,IFPB-VISITANTE,24:36:DA:2B:BC:02,-78,6
22/04/2026,07:56:30,155,Lab. química 03,IFPB,24:36:DA:2B:BC:00,-78,6
22/04/2026,07:56:30,155,Lab. química 03,IFPB,B8:11:4B:1D:12:00,-78,11
22/04/2026,07:56:30,155,Lab. química 03,IFPB-VISITANTE,B8:11:4B:1D:12:02,-78,11
22/04/2026,07:56:30,155,Lab. química 03,IFPB,84:F1:47:54:7F:60,-79,6
22/04/2026,07:56:30,155,Lab. química 03,IFPB-VISITANTE,84:F1:47:54:7F:62,-79,6
22/04/2026,07:56:30,155,Lab. química 03,APTelefonia,58:10:8C:91:F3:AA,-80,1
22/04/2026,07:56:30,155,Lab. química 03,kaka-IF,00:E0:4C:65:36:BC,-83,11
22/04/2026,07:56:30,155,Lab. química 03,IFPB-VISITANTE,84:F1:47:54:81:02,-84,11
22/04/2026,07:56:30,155,Lab. química 03,IFPB,84:F1:47:54:81:00,-85,11
22/04/2026,07:56:30,155,Lab. química 03,Intelbras,18:0D:2C:7F:EB:AC,-86,7
22/04/2026,07:56:30,155,Lab. química 03,brisa-3861242,24:2F:D0:CC:ED:8C,-89,2
22/04/2026,07:56:30,155,Lab. química 03,IFPB-VISITANTE,2C:57:41:CD:E1:C2,-89,11
22/04/2026,07:56:30,155,Lab. química 03,IFPB-VISITANTE,24:36:DA:A2:7F:42,-90,6
22/04/2026,07:56:30,155,Lab. química 03,IFPB,2C:57:41:CD:E1:C0,-90,11
22/04/2026,07:56:30,155,Lab. química 03,COPLAN,C4:12:F5:D3:01:90,-91,5
22/04/2026,07:56:30,155,Lab. química 03,NPEF/NEPA,50:C7:BF:EF:56:8A,-94,3
22/04/2026,07:56:30,155,Lab. química 03,LIMPEZA,54:E6:FC:CF:22:DE,-94,6
22/04/2026,07:56:40,156,Lab. química 03,TP-Link_1324,7C:F1:7E:8D:13:22,-73,10
22/04/2026,07:56:40,156,Lab. química 03,IFPB,84:F1:47:54:6B:80,-76,6
22/04/2026,07:56:40,156,Lab. química 03,IFPB-VISITANTE,84:F1:47:54:6B:82,-76,6
22/04/2026,07:56:40,156,Lab. química 03,IFPB,B8:11:4B:1D:12:00,-79,11
22/04/2026,07:56:40,156,Lab. química 03,IFPB-VISITANTE,B8:11:4B:1D:12:02,-79,11
22/04/2026,07:56:40,156,Lab. química 03,APTelefonia,58:10:8C:91:F3:AA,-80,1
22/04/2026,07:56:40,156,Lab. química 03,IFPB-VISITANTE,24:36:DA:2B:BC:02,-80,6
22/04/2026,07:56:40,156,Lab. química 03,IFPB-VISITANTE,84:F1:47:54:7F:62,-80,6
22/04/2026,07:56:40,156,Lab. química 03,IFPB,24:36:DA:2B:BC:00,-81,6
22/04/2026,07:56:40,156,Lab. química 03,IFPB,84:F1:47:54:7F:60,-81,6
22/04/2026,07:56:40,156,Lab. química 03,IFPB-VISITANTE,84:F1:47:54:81:02,-84,11
22/04/2026,07:56:40,156,Lab. química 03,IFPB,84:F1:47:54:81:00,-84,11
22/04/2026,07:56:40,156,Lab. química 03,IFPB,24:36:DA:A2:7F:40,-85,6
22/04/2026,07:56:40,156,Lab. química 03,IFPB-VISITANTE,24:36:DA:A2:7F:42,-86,6
22/04/2026,07:56:40,156,Lab. química 03,Intelbras,18:0D:2C:7F:EB:AC,-89,7
22/04/2026,07:56:40,156,Lab. química 03,brisa-3861242,24:2F:D0:CC:ED:8C,-90,2
22/04/2026,07:56:40,156,Lab. química 03,kaka-IF,00:E0:4C:65:36:BC,-91,11
22/04/2026,07:56:40,156,Lab. química 03,NPEF/NEPA,50:C7:BF:EF:56:8A,-94,3
22/04/2026,07:56:40,156,Lab. química 03,LIMPEZA,54:E6:FC:CF:22:DE,-94,6
22/04/2026,07:56:40,156,Lab. química 03,Lab. de Sinais Digitais,18:D6:C7:F9:37:2F,-94,11
22/04/2026,07:56:40,156,Lab. química 03,COPLAN,C4:12:F5:D3:01:90,-96,5
22/04/2026,07:56:50,157,Lab. química 03,IFPB-VISITANTE,24:36:DA:2B:BC:02,-71,6
22/04/2026,07:56:50,157,Lab. química 03,TP-Link_1324,7C:F1:7E:8D:13:22,-71,10
22/04/2026,07:56:50,157,Lab. química 03,IFPB,24:36:DA:2B:BC:00,-73,6
22/04/2026,07:56:50,157,Lab. química 03,IFPB,84:F1:47:54:6B:80,-76,6
22/04/2026,07:56:50,157,Lab. química 03,IFPB-VISITANTE,84:F1:47:54:6B:82,-77,6
22/04/2026,07:56:50,157,Lab. química 03,IFPB-VISITANTE,84:F1:47:54:7F:62,-77,6
22/04/2026,07:56:50,157,Lab. química 03,IFPB,B8:11:4B:1D:12:00,-78,11
22/04/2026,07:56:50,157,Lab. química 03,IFPB-VISITANTE,B8:11:4B:1D:12:02,-80,11
22/04/2026,07:56:50,157,Lab. química 03,kaka-IF,00:E0:4C:65:36:BC,-81,11
22/04/2026,07:56:50,157,Lab. química 03,IFPB-VISITANTE,24:36:DA:A2:7F:42,-82,6
22/04/2026,07:56:50,157,Lab. química 03,IFPB,24:36:DA:A2:7F:40,-82,6
22/04/2026,07:56:50,157,Lab. química 03,APTelefonia,58:10:8C:91:F3:AA,-83,1
22/04/2026,07:56:50,157,Lab. química 03,Intelbras,18:0D:2C:7F:EB:AC,-86,7
22/04/2026,07:56:50,157,Lab. química 03,IFPB,84:F1:47:54:81:00,-86,11
22/04/2026,07:56:50,157,Lab. química 03,IFPB-VISITANTE,84:F1:47:54:81:02,-88,11
22/04/2026,07:56:50,157,Lab. química 03,brisa-3861242,24:2F:D0:CC:ED:8C,-90,2
22/04/2026,07:56:50,157,Lab. química 03,NPEF/NEPA,50:C7:BF:EF:56:8A,-90,3
22/04/2026,07:56:50,157,Lab. química 03,COPLAN,C4:12:F5:D3:01:90,-93,5
22/04/2026,07:56:50,157,Lab. química 03,IFPB-Sala_Professor_14,24:FD:0D:57:19:26,-95,5
22/04/2026,07:56:50,157,Lab. química 03,Lab. de Sinais Digitais,18:D6:C7:F9:37:2F,-95,11
22/04/2026,07:57:00,158,Lab. química 03,IFPB,84:F1:47:54:6B:80,-76,6
22/04/2026,07:57:00,158,Lab. química 03,IFPB-VISITANTE,84:F1:47:54:6B:82,-77,6
22/04/2026,07:57:00,158,Lab. química 03,TP-Link_1324,7C:F1:7E:8D:13:22,-77,10
22/04/2026,07:57:00,158,Lab. química 03,IFPB-VISITANTE,B8:11:4B:1D:12:02,-78,11
22/04/2026,07:57:00,158,Lab. química 03,IFPB,84:F1:47:54:7F:60,-79,6
22/04/2026,07:57:00,158,Lab. química 03,IFPB-VISITANTE,84:F1:47:54:7F:62,-79,6
22/04/2026,07:57:00,158,Lab. química 03,IFPB,B8:11:4B:1D:12:00,-79,11
22/04/2026,07:57:00,158,Lab. química 03,IFPB,24:36:DA:2B:BC:00,-82,6
22/04/2026,07:57:00,158,Lab. química 03,APTelefonia,58:10:8C:91:F3:AA,-83,1
22/04/2026,07:57:00,158,Lab. química 03,IFPB-VISITANTE,24:36:DA:A2:7F:42,-83,6
22/04/2026,07:57:00,158,Lab. química 03,IFPB-VISITANTE,24:36:DA:2B:BC:02,-83,6
22/04/2026,07:57:00,158,Lab. química 03,IFPB,24:36:DA:A2:7F:40,-84,6
22/04/2026,07:57:00,158,Lab. química 03,IFPB,84:F1:47:54:81:00,-85,11
22/04/2026,07:57:00,158,Lab. química 03,IFPB-VISITANTE,84:F1:47:54:81:02,-85,11
22/04/2026,07:57:00,158,Lab. química 03,kaka-IF,00:E0:4C:65:36:BC,-86,11
22/04/2026,07:57:00,158,Lab. química 03,IFPB-VISITANTE,2C:57:41:CD:E1:C2,-89,11
22/04/2026,07:57:00,158,Lab. química 03,IFPB,2C:57:41:CD:E1:C0,-89,11
22/04/2026,07:57:00,158,Lab. química 03,IFPB-VISITANTE,84:F1:47:54:97:02,-91,1
22/04/2026,07:57:00,158,Lab. química 03,NPEF/NEPA,50:C7:BF:EF:56:8A,-91,3
22/04/2026,07:57:00,158,Lab. química 03,Intelbras,18:0D:2C:7F:EB:AC,-92,7
22/04/2026,07:57:00,158,Lab. química 03,IFPB-Sala_Professor_14,24:FD:0D:57:19:26,-93,5
22/04/2026,07:57:00,158,Lab. química 03,LIMPEZA,54:E6:FC:CF:22:DE,-94,6
22/04/2026,07:57:00,158,Lab. química 03,Lab. de Sinais Digitais,18:D6:C7:F9:37:2F,-94,11
22/04/2026,07:57:00,158,Lab. química 03,brisa-4275180,DC:62:79:B8:6A:1A,-95,10
22/04/2026,07:57:00,158,Lab. química 03,COPLAN,C4:12:F5:D3:01:90,-96,5
22/04/2026,07:57:10,159,Lab. química 03,TP-Link_1324,7C:F1:7E:8D:13:22,-69,10
22/04/2026,07:57:10,159,Lab. química 03,IFPB-VISITANTE,84:F1:47:54:6B:82,-78,6
22/04/2026,07:57:10,159,Lab. química 03,IFPB,84:F1:47:54:6B:80,-78,6
22/04/2026,07:57:10,159,Lab. química 03,IFPB-VISITANTE,84:F1:47:54:7F:62,-78,6
22/04/2026,07:57:10,159,Lab. química 03,IFPB,B8:11:4B:1D:12:00,-78,11
22/04/2026,07:57:10,159,Lab. química 03,IFPB-VISITANTE,B8:11:4B:1D:12:02,-78,11
22/04/2026,07:57:10,159,Lab. química 03,IFPB,84:F1:47:54:7F:60,-80,6
22/04/2026,07:57:10,159,Lab. química 03,APTelefonia,58:10:8C:91:F3:AA,-81,1
22/04/2026,07:57:10,159,Lab. química 03,IFPB,24:36:DA:2B:BC:00,-81,6
22/04/2026,07:57:10,159,Lab. química 03,IFPB-VISITANTE,24:36:DA:2B:BC:02,-82,6
22/04/2026,07:57:10,159,Lab. química 03,Intelbras,18:0D:2C:7F:EB:AC,-85,7
22/04/2026,07:57:10,159,Lab. química 03,kaka-IF,00:E0:4C:65:36:BC,-85,11
22/04/2026,07:57:10,159,Lab. química 03,IFPB,24:36:DA:A2:7F:40,-86,6
22/04/2026,07:57:10,159,Lab. química 03,IFPB-VISITANTE,84:F1:47:54:81:02,-86,11
22/04/2026,07:57:10,159,Lab. química 03,IFPB,84:F1:47:54:81:00,-86,11
22/04/2026,07:57:10,159,Lab. química 03,IFPB-VISITANTE,24:36:DA:A2:7F:42,-87,6
22/04/2026,07:57:10,159,Lab. química 03,IFPB-VISITANTE,2C:57:41:CD:E1:C2,-88,11
22/04/2026,07:57:10,159,Lab. química 03,brisa-3861242,24:2F:D0:CC:ED:8C,-89,2
22/04/2026,07:57:10,159,Lab. química 03,IFPB-VISITANTE,84:F1:47:54:97:02,-90,1
22/04/2026,07:57:10,159,Lab. química 03,IFPB,84:F1:47:54:97:00,-91,1
22/04/2026,07:57:10,159,Lab. química 03,IFPB,2C:57:41:CD:E1:C0,-91,11
22/04/2026,07:57:10,159,Lab. química 03,Lab. de Sinais Digitais,18:D6:C7:F9:37:2F,-93,11
22/04/2026,07:57:10,159,Lab. química 03,NPEF/NEPA,50:C7:BF:EF:56:8A,-94,3
22/04/2026,07:57:20,160,Lab. química 03,TP-Link_1324,7C:F1:7E:8D:13:22,-74,10
22/04/2026,07:57:20,160,Lab. química 03,IFPB-VISITANTE,84:F1:47:54:6B:82,-75,6
22/04/2026,07:57:20,160,Lab. química 03,IFPB,84:F1:47:54:6B:80,-75,6
22/04/2026,07:57:20,160,Lab. química 03,IFPB-VISITANTE,24:36:DA:2B:BC:02,-78,6
22/04/2026,07:57:20,160,Lab. química 03,IFPB,24:36:DA:2B:BC:00,-78,6
22/04/2026,07:57:20,160,Lab. química 03,IFPB-VISITANTE,84:F1:47:54:7F:62,-80,6
22/04/2026,07:57:20,160,Lab. química 03,APTelefonia,58:10:8C:91:F3:AA,-81,1
22/04/2026,07:57:20,160,Lab. química 03,IFPB,84:F1:47:54:7F:60,-81,6
22/04/2026,07:57:20,160,Lab. química 03,IFPB,B8:11:4B:1D:12:00,-81,11
22/04/2026,07:57:20,160,Lab. química 03,IFPB-VISITANTE,B8:11:4B:1D:12:02,-81,11
22/04/2026,07:57:20,160,Lab. química 03,kaka-IF,00:E0:4C:65:36:BC,-84,11
22/04/2026,07:57:20,160,Lab. química 03,Intelbras,18:0D:2C:7F:EB:AC,-85,7
22/04/2026,07:57:20,160,Lab. química 03,IFPB-VISITANTE,24:36:DA:A2:7F:42,-86,6
22/04/2026,07:57:20,160,Lab. química 03,IFPB,24:36:DA:A2:7F:40,-88,6
22/04/2026,07:57:20,160,Lab. química 03,IFPB,84:F1:47:54:81:00,-88,11
22/04/2026,07:57:20,160,Lab. química 03,IFPB-VISITANTE,2C:57:41:CD:E1:C2,-89,11
22/04/2026,07:57:20,160,Lab. química 03,IFPB-VISITANTE,84:F1:47:54:81:02,-89,11
22/04/2026,07:57:20,160,Lab. química 03,IFPB,84:F1:47:54:97:00,-90,1
22/04/2026,07:57:20,160,Lab. química 03,brisa-3861242,24:2F:D0:CC:ED:8C,-90,2
22/04/2026,07:57:20,160,Lab. química 03,IFPB,2C:57:41:CD:E1:C0,-91,11
22/04/2026,07:57:20,160,Lab. química 03,COPLAN,C4:12:F5:D3:01:90,-94,5
22/04/2026,07:57:20,160,Lab. química 03,LIMPEZA,54:E6:FC:CF:22:DE,-94,6
22/04/2026,07:57:20,160,Lab. química 03,Lab. de Sinais Digitais,18:D6:C7:F9:37:2F,-94,11
22/04/2026,07:57:20,160,Lab. química 03,IFPB-Sala_Professor_14,24:FD:0D:57:19:26,-95,5
22/04/2026,07:57:42,161,Lab. química 02,IFPB,84:F1:47:54:6B:80,-68,6
22/04/2026,07:57:42,161,Lab. química 02,IFPB-VISITANTE,84:F1:47:54:6B:82,-68,6
22/04/2026,07:57:42,161,Lab. química 02,kaka-IF,00:E0:4C:65:36:BC,-69,11
22/04/2026,07:57:42,161,Lab. química 02,TP-Link_1324,7C:F1:7E:8D:13:22,-76,10
22/04/2026,07:57:42,161,Lab. química 02,IFPB,24:36:DA:2B:BC:00,-77,6
22/04/2026,07:57:42,161,Lab. química 02,IFPB-VISITANTE,24:36:DA:2B:BC:02,-77,6
22/04/2026,07:57:42,161,Lab. química 02,APTelefonia,58:10:8C:91:F3:AA,-84,1
22/04/2026,07:57:42,161,Lab. química 02,Intelbras,18:0D:2C:7F:EB:AC,-85,7
22/04/2026,07:57:42,161,Lab. química 02,IFPB,84:F1:47:54:7F:60,-86,6
22/04/2026,07:57:42,161,Lab. química 02,IFPB-VISITANTE,84:F1:47:54:7F:62,-86,6
22/04/2026,07:57:42,161,Lab. química 02,IFPB,24:36:DA:A2:7F:40,-87,6
22/04/2026,07:57:42,161,Lab. química 02,IFPB,2C:57:41:CD:E1:C0,-88,11
22/04/2026,07:57:42,161,Lab. química 02,IFPB,84:F1:47:54:8B:A0,-89,1
22/04/2026,07:57:42,161,Lab. química 02,IFPB-VISITANTE,84:F1:47:54:8B:A2,-89,1
22/04/2026,07:57:42,161,Lab. química 02,IFPB-VISITANTE,24:36:DA:A2:7F:42,-89,6
22/04/2026,07:57:42,161,Lab. química 02,IFPB-VISITANTE,2C:57:41:CD:E1:C2,-90,11
22/04/2026,07:57:42,161,Lab. química 02,IFPB-VISITANTE,84:F1:47:54:80:62,-91,11
22/04/2026,07:57:42,161,Lab. química 02,IFPB,84:F1:47:54:81:00,-91,11
22/04/2026,07:57:42,161,Lab. química 02,IFPB-VISITANTE,84:F1:47:54:81:02,-92,11
22/04/2026,07:57:42,161,Lab. química 02,NPEF/NEPA,50:C7:BF:EF:56:8A,-93,3
22/04/2026,07:57:42,161,Lab. química 02,brisa-3861242,24:2F:D0:CC:ED:8C,-95,2
22/04/2026,07:57:42,161,Lab. química 02,Lab. de Sinais Digitais,18:D6:C7:F9:37:2F,-98,11
22/04/2026,07:57:52,162,Lab. química 02,IFPB,84:F1:47:54:6B:80,-68,6
22/04/2026,07:57:52,162,Lab. química 02,IFPB-VISITANTE,84:F1:47:54:6B:82,-68,6
22/04/2026,07:57:52,162,Lab. química 02,kaka-IF,00:E0:4C:65:36:BC,-70,11
22/04/2026,07:57:52,162,Lab. química 02,IFPB-VISITANTE,24:36:DA:2B:BC:02,-78,6
22/04/2026,07:57:52,162,Lab. química 02,IFPB,24:36:DA:2B:BC:00,-78,6
22/04/2026,07:57:52,162,Lab. química 02,TP-Link_1324,7C:F1:7E:8D:13:22,-78,10
22/04/2026,07:57:52,162,Lab. química 02,IFPB-VISITANTE,84:F1:47:54:7F:62,-80,6
22/04/2026,07:57:52,162,Lab. química 02,IFPB,84:F1:47:54:7F:60,-80,6
22/04/2026,07:57:52,162,Lab. química 02,Intelbras,18:0D:2C:7F:EB:AC,-85,7
22/04/2026,07:57:52,162,Lab. química 02,NPEF/NEPA,50:C7:BF:EF:56:8A,-87,3
22/04/2026,07:57:52,162,Lab. química 02,IFPB,2C:57:41:CD:E1:C0,-87,11
22/04/2026,07:57:52,162,Lab. química 02,IFPB-VISITANTE,2C:57:41:CD:E1:C2,-87,11
22/04/2026,07:57:52,162,Lab. química 02,APTelefonia,58:10:8C:91:F3:AA,-88,1
22/04/2026,07:57:52,162,Lab. química 02,IFPB,24:36:DA:A2:7F:40,-88,6
22/04/2026,07:57:52,162,Lab. química 02,IFPB-VISITANTE,24:36:DA:A2:7F:42,-89,6
22/04/2026,07:57:52,162,Lab. química 02,IFPB,84:F1:47:54:8B:A0,-90,1
22/04/2026,07:57:52,162,Lab. química 02,IFPB-VISITANTE,84:F1:47:54:8B:A2,-91,1
22/04/2026,07:57:52,162,Lab. química 02,Lab. de Sinais Digitais,18:D6:C7:F9:37:2F,-92,11
22/04/2026,07:57:52,162,Lab. química 02,IFPB-Sala_Professor_14,24:FD:0D:57:19:26,-93,5
22/04/2026,07:57:52,162,Lab. química 02,LIMPEZA,54:E6:FC:CF:22:DE,-94,6
22/04/2026,07:58:02,163,Lab. química 02,IFPB,84:F1:47:54:6B:80,-62,6
22/04/2026,07:58:02,163,Lab. química 02,IFPB-VISITANTE,84:F1:47:54:6B:82,-62,6
22/04/2026,07:58:02,163,Lab. química 02,kaka-IF,00:E0:4C:65:36:BC,-66,11
22/04/2026,07:58:02,163,Lab. química 02,IFPB,24:36:DA:2B:BC:00,-76,6
22/04/2026,07:58:02,163,Lab. química 02,IFPB-VISITANTE,24:36:DA:2B:BC:02,-76,6
22/04/2026,07:58:02,163,Lab. química 02,IFPB-VISITANTE,84:F1:47:54:7F:62,-79,6
22/04/2026,07:58:02,163,Lab. química 02,TP-Link_1324,7C:F1:7E:8D:13:22,-79,10
22/04/2026,07:58:02,163,Lab. química 02,IFPB,84:F1:47:54:7F:60,-80,6
22/04/2026,07:58:02,163,Lab. química 02,APTelefonia,58:10:8C:91:F3:AA,-83,1
22/04/2026,07:58:02,163,Lab. química 02,Intelbras,18:0D:2C:7F:EB:AC,-84,7
22/04/2026,07:58:02,163,Lab. química 02,NPEF/NEPA,50:C7:BF:EF:56:8A,-85,3
22/04/2026,07:58:02,163,Lab. química 02,IFPB-VISITANTE,24:36:DA:A2:7F:42,-87,6
22/04/2026,07:58:02,163,Lab. química 02,IFPB,84:F1:47:54:8B:A0,-88,1
22/04/2026,07:58:02,163,Lab. química 02,IFPB,24:36:DA:A2:7F:40,-88,6
22/04/2026,07:58:02,163,Lab. química 02,IFPB-VISITANTE,84:F1:47:54:8B:A2,-90,1
22/04/2026,07:58:02,163,Lab. química 02,IFPB,84:F1:47:54:81:00,-91,11
22/04/2026,07:58:02,163,Lab. química 02,LIMPEZA,54:E6:FC:CF:22:DE,-94,6
22/04/2026,07:58:02,163,Lab. química 02,Lab. de Sinais Digitais,18:D6:C7:F9:37:2F,-96,11
22/04/2026,07:58:11,164,Lab. química 02,IFPB,84:F1:47:54:6B:80,-62,6
22/04/2026,07:58:11,164,Lab. química 02,IFPB-VISITANTE,84:F1:47:54:6B:82,-62,6
22/04/2026,07:58:11,164,Lab. química 02,kaka-IF,00:E0:4C:65:36:BC,-65,11
22/04/2026,07:58:11,164,Lab. química 02,IFPB,24:36:DA:2B:BC:00,-75,6
22/04/2026,07:58:11,164,Lab. química 02,IFPB-VISITANTE,24:36:DA:2B:BC:02,-75,6
22/04/2026,07:58:11,164,Lab. química 02,IFPB-VISITANTE,84:F1:47:54:7F:62,-80,6
22/04/2026,07:58:12,164,Lab. química 02,IFPB,84:F1:47:54:7F:60,-81,6
22/04/2026,07:58:12,164,Lab. química 02,TP-Link_1324,7C:F1:7E:8D:13:22,-81,10
22/04/2026,07:58:12,164,Lab. química 02,Intelbras,18:0D:2C:7F:EB:AC,-82,7
22/04/2026,07:58:12,164,Lab. química 02,APTelefonia,58:10:8C:91:F3:AA,-83,1
22/04/2026,07:58:12,164,Lab. química 02,NPEF/NEPA,50:C7:BF:EF:56:8A,-85,3
22/04/2026,07:58:12,164,Lab. química 02,IFPB,24:36:DA:A2:7F:40,-87,6
22/04/2026,07:58:12,164,Lab. química 02,IFPB-VISITANTE,24:36:DA:A2:7F:42,-87,6
22/04/2026,07:58:12,164,Lab. química 02,IFPB-VISITANTE,84:F1:47:54:80:62,-89,11
22/04/2026,07:58:12,164,Lab. química 02,IFPB,84:F1:47:54:8B:A0,-90,1
22/04/2026,07:58:12,164,Lab. química 02,IFPB-Sala_Professor_14,24:FD:0D:57:19:26,-90,5
22/04/2026,07:58:12,164,Lab. química 02,brisa-3861242,24:2F:D0:CC:ED:8C,-92,2
22/04/2026,07:58:12,164,Lab. química 02,Lab. de Sinais Digitais,18:D6:C7:F9:37:2F,-94,11
22/04/2026,07:58:21,165,Lab. química 02,IFPB,84:F1:47:54:6B:80,-61,6
22/04/2026,07:58:21,165,Lab. química 02,IFPB-VISITANTE,84:F1:47:54:6B:82,-61,6
22/04/2026,07:58:21,165,Lab. química 02,kaka-IF,00:E0:4C:65:36:BC,-66,11
22/04/2026,07:58:21,165,Lab. química 02,IFPB-VISITANTE,24:36:DA:2B:BC:02,-80,6
22/04/2026,07:58:21,165,Lab. química 02,IFPB,24:36:DA:2B:BC:00,-80,6
22/04/2026,07:58:21,165,Lab. química 02,IFPB,84:F1:47:54:7F:60,-81,6
22/04/2026,07:58:22,165,Lab. química 02,IFPB-VISITANTE,84:F1:47:54:7F:62,-81,6
22/04/2026,07:58:22,165,Lab. química 02,Intelbras,18:0D:2C:7F:EB:AC,-82,7
22/04/2026,07:58:22,165,Lab. química 02,TP-Link_1324,7C:F1:7E:8D:13:22,-83,10
22/04/2026,07:58:22,165,Lab. química 02,APTelefonia,58:10:8C:91:F3:AA,-84,1
22/04/2026,07:58:22,165,Lab. química 02,NPEF/NEPA,50:C7:BF:EF:56:8A,-87,3
22/04/2026,07:58:22,165,Lab. química 02,IFPB-VISITANTE,24:36:DA:A2:7F:42,-87,6
22/04/2026,07:58:22,165,Lab. química 02,IFPB-VISITANTE,84:F1:47:54:80:62,-89,11
22/04/2026,07:58:22,165,Lab. química 02,IFPB-Sala_Professor_14,24:FD:0D:57:19:26,-90,5
22/04/2026,07:58:22,165,Lab. química 02,IFPB-VISITANTE,84:F1:47:54:81:02,-90,11
22/04/2026,07:58:22,165,Lab. química 02,IFPB,84:F1:47:54:81:00,-90,11
22/04/2026,07:58:22,165,Lab. química 02,IFPB,84:F1:47:54:80:60,-90,11
22/04/2026,07:58:22,165,Lab. química 02,IFPB-VISITANTE,B8:11:4B:1D:12:02,-90,11
22/04/2026,07:58:22,165,Lab. química 02,brisa-3861242,24:2F:D0:CC:ED:8C,-91,2
22/04/2026,07:58:22,165,Lab. química 02,IFPB,B8:11:4B:1D:12:00,-91,11
22/04/2026,07:58:22,165,Lab. química 02,LIMPEZA,54:E6:FC:CF:22:DE,-93,6
22/04/2026,07:58:22,165,Lab. química 02,Lab. de Sinais Digitais,18:D6:C7:F9:37:2F,-94,11
22/04/2026,07:58:31,166,Lab. química 02,IFPB,84:F1:47:54:6B:80,-62,6
22/04/2026,07:58:31,166,Lab. química 02,IFPB-VISITANTE,84:F1:47:54:6B:82,-62,6
22/04/2026,07:58:31,166,Lab. química 02,kaka-IF,00:E0:4C:65:36:BC,-68,11
22/04/2026,07:58:31,166,Lab. química 02,IFPB-VISITANTE,24:36:DA:2B:BC:02,-81,6
22/04/2026,07:58:31,166,Lab. química 02,IFPB,24:36:DA:2B:BC:00,-81,6
22/04/2026,07:58:31,166,Lab. química 02,APTelefonia,58:10:8C:91:F3:AA,-82,1
22/04/2026,07:58:32,166,Lab. química 02,IFPB-VISITANTE,84:F1:47:54:7F:62,-83,6
22/04/2026,07:58:32,166,Lab. química 02,IFPB,84:F1:47:54:7F:60,-83,6
22/04/2026,07:58:32,166,Lab. química 02,Intelbras,18:0D:2C:7F:EB:AC,-83,7
22/04/2026,07:58:32,166,Lab. química 02,TP-Link_1324,7C:F1:7E:8D:13:22,-84,10
22/04/2026,07:58:32,166,Lab. química 02,IFPB-VISITANTE,84:F1:47:54:8B:A2,-89,1
22/04/2026,07:58:32,166,Lab. química 02,IFPB,84:F1:47:54:8B:A0,-89,1
22/04/2026,07:58:32,166,Lab. química 02,IFPB-VISITANTE,84:F1:47:54:80:62,-89,11
22/04/2026,07:58:32,166,Lab. química 02,NPEF/NEPA,50:C7:BF:EF:56:8A,-90,3
22/04/2026,07:58:32,166,Lab. química 02,IFPB,2C:57:41:CD:E1:C0,-90,11
22/04/2026,07:58:32,166,Lab. química 02,IFPB-Sala_Professor_14,24:FD:0D:57:19:26,-91,5
22/04/2026,07:58:32,166,Lab. química 02,IFPB-VISITANTE,2C:57:41:CD:E1:C2,-91,11
22/04/2026,07:58:32,166,Lab. química 02,IFPB,84:F1:47:54:81:00,-91,11
22/04/2026,07:58:32,166,Lab. química 02,IFPB,84:F1:47:54:80:60,-92,11
22/04/2026,07:58:32,166,Lab. química 02,IFPB-VISITANTE,84:F1:47:54:81:02,-92,11
22/04/2026,07:58:32,166,Lab. química 02,brisa-3861242,24:2F:D0:CC:ED:8C,-93,2
22/04/2026,07:58:32,166,Lab. química 02,IFPB-VISITANTE,B8:11:4B:1D:12:02,-94,11
22/04/2026,07:58:42,167,Lab. química 02,IFPB,84:F1:47:54:6B:80,-61,6
22/04/2026,07:58:42,167,Lab. química 02,IFPB-VISITANTE,84:F1:47:54:6B:82,-61,6
22/04/2026,07:58:42,167,Lab. química 02,kaka-IF,00:E0:4C:65:36:BC,-66,11
22/04/2026,07:58:42,167,Lab. química 02,IFPB,24:36:DA:2B:BC:00,-74,6
22/04/2026,07:58:42,167,Lab. química 02,IFPB-VISITANTE,24:36:DA:2B:BC:02,-75,6
22/04/2026,07:58:42,167,Lab. química 02,TP-Link_1324,7C:F1:7E:8D:13:22,-80,10
22/04/2026,07:58:42,167,Lab. química 02,APTelefonia,58:10:8C:91:F3:AA,-81,1
22/04/2026,07:58:42,167,Lab. química 02,IFPB-VISITANTE,84:F1:47:54:7F:62,-81,6
22/04/2026,07:58:42,167,Lab. química 02,IFPB,84:F1:47:54:7F:60,-81,6
22/04/2026,07:58:42,167,Lab. química 02,Intelbras,18:0D:2C:7F:EB:AC,-83,7
22/04/2026,07:58:42,167,Lab. química 02,NPEF/NEPA,50:C7:BF:EF:56:8A,-86,3
22/04/2026,07:58:42,167,Lab. química 02,IFPB-VISITANTE,2C:57:41:CD:E1:C2,-87,11
22/04/2026,07:58:42,167,Lab. química 02,IFPB,24:36:DA:A2:7F:40,-88,6
22/04/2026,07:58:42,167,Lab. química 02,IFPB-VISITANTE,24:36:DA:A2:7F:42,-89,6
22/04/2026,07:58:42,167,Lab. química 02,IFPB,2C:57:41:CD:E1:C0,-89,11
22/04/2026,07:58:42,167,Lab. química 02,Lab. de Sinais Digitais,18:D6:C7:F9:37:2F,-92,11
22/04/2026,07:58:42,167,Lab. química 02,brisa-3861242,24:2F:D0:CC:ED:8C,-93,2
22/04/2026,07:58:42,167,Lab. química 02,LIMPEZA,54:E6:FC:CF:22:DE,-94,6
22/04/2026,07:58:52,168,Lab. química 02,IFPB-VISITANTE,84:F1:47:54:6B:82,-60,6
22/04/2026,07:58:52,168,Lab. química 02,IFPB,84:F1:47:54:6B:80,-60,6
22/04/2026,07:58:52,168,Lab. química 02,kaka-IF,00:E0:4C:65:36:BC,-65,11
22/04/2026,07:58:52,168,Lab. química 02,IFPB-VISITANTE,24:36:DA:2B:BC:02,-75,6
22/04/2026,07:58:52,168,Lab. química 02,IFPB,24:36:DA:2B:BC:00,-76,6
22/04/2026,07:58:52,168,Lab. química 02,TP-Link_1324,7C:F1:7E:8D:13:22,-80,10
22/04/2026,07:58:52,168,Lab. química 02,APTelefonia,58:10:8C:91:F3:AA,-81,1
22/04/2026,07:58:52,168,Lab. química 02,IFPB,84:F1:47:54:7F:60,-81,6
22/04/2026,07:58:52,168,Lab. química 02,IFPB-VISITANTE,84:F1:47:54:7F:62,-82,6
22/04/2026,07:58:52,168,Lab. química 02,Intelbras,18:0D:2C:7F:EB:AC,-83,7
22/04/2026,07:58:52,168,Lab. química 02,IFPB-Sala_Professor_14,24:FD:0D:57:19:26,-88,5
22/04/2026,07:58:52,168,Lab. química 02,NPEF/NEPA,50:C7:BF:EF:56:8A,-89,3
22/04/2026,07:58:52,168,Lab. química 02,brisa-3861242,24:2F:D0:CC:ED:8C,-93,2
22/04/2026,07:58:52,168,Lab. química 02,Lab. de Sinais Digitais,18:D6:C7:F9:37:2F,-93,11
22/04/2026,07:59:01,169,Lab. química 02,IFPB,84:F1:47:54:6B:80,-61,6
22/04/2026,07:59:01,169,Lab. química 02,IFPB-VISITANTE,84:F1:47:54:6B:82,-61,6
22/04/2026,07:59:01,169,Lab. química 02,kaka-IF,00:E0:4C:65:36:BC,-64,11
22/04/2026,07:59:01,169,Lab. química 02,IFPB,24:36:DA:2B:BC:00,-75,6
22/04/2026,07:59:01,169,Lab. química 02,IFPB-VISITANTE,24:36:DA:2B:BC:02,-75,6
22/04/2026,07:59:01,169,Lab. química 02,TP-Link_1324,7C:F1:7E:8D:13:22,-78,10
22/04/2026,07:59:02,169,Lab. química 02,IFPB,84:F1:47:54:7F:60,-81,6
22/04/2026,07:59:02,169,Lab. química 02,IFPB-VISITANTE,84:F1:47:54:7F:62,-81,6
22/04/2026,07:59:02,169,Lab. química 02,APTelefonia,58:10:8C:91:F3:AA,-82,1
22/04/2026,07:59:02,169,Lab. química 02,Intelbras,18:0D:2C:7F:EB:AC,-82,7
22/04/2026,07:59:02,169,Lab. química 02,IFPB-VISITANTE,24:36:DA:A2:7F:42,-86,6
22/04/2026,07:59:02,169,Lab. química 02,IFPB,24:36:DA:A2:7F:40,-87,6
22/04/2026,07:59:02,169,Lab. química 02,IFPB-VISITANTE,84:F1:47:54:8B:A2,-88,1
22/04/2026,07:59:02,169,Lab. química 02,IFPB,84:F1:47:54:8B:A0,-89,1
22/04/2026,07:59:02,169,Lab. química 02,IFPB-Sala_Professor_14,24:FD:0D:57:19:26,-89,5
22/04/2026,07:59:02,169,Lab. química 02,NPEF/NEPA,50:C7:BF:EF:56:8A,-91,3
22/04/2026,07:59:02,169,Lab. química 02,IFPB,84:F1:47:54:81:00,-91,11
22/04/2026,07:59:02,169,Lab. química 02,IFPB-VISITANTE,84:F1:47:54:81:02,-91,11
22/04/2026,07:59:02,169,Lab. química 02,brisa-3861242,24:2F:D0:CC:ED:8C,-92,2
22/04/2026,07:59:02,169,Lab. química 02,Lab. de Sinais Digitais,18:D6:C7:F9:37:2F,-92,11
22/04/2026,07:59:02,169,Lab. química 02,LIMPEZA,54:E6:FC:CF:22:DE,-95,6
22/04/2026,07:59:11,170,Lab. química 02,IFPB,84:F1:47:54:6B:80,-61,6
22/04/2026,07:59:11,170,Lab. química 02,IFPB-VISITANTE,84:F1:47:54:6B:82,-61,6
22/04/2026,07:59:11,170,Lab. química 02,kaka-IF,00:E0:4C:65:36:BC,-66,11
22/04/2026,07:59:11,170,Lab. química 02,IFPB-VISITANTE,24:36:DA:2B:BC:02,-74,6
22/04/2026,07:59:11,170,Lab. química 02,IFPB,24:36:DA:2B:BC:00,-75,6
22/04/2026,07:59:11,170,Lab. química 02,TP-Link_1324,7C:F1:7E:8D:13:22,-79,10
22/04/2026,07:59:12,170,Lab. química 02,IFPB,84:F1:47:54:7F:60,-80,6
22/04/2026,07:59:12,170,Lab. química 02,IFPB-VISITANTE,84:F1:47:54:7F:62,-80,6
22/04/2026,07:59:12,170,Lab. química 02,Intelbras,18:0D:2C:7F:EB:AC,-81,7
22/04/2026,07:59:12,170,Lab. química 02,APTelefonia,58:10:8C:91:F3:AA,-82,1
22/04/2026,07:59:12,170,Lab. química 02,IFPB,84:F1:47:54:8B:A0,-85,1
22/04/2026,07:59:12,170,Lab. química 02,NPEF/NEPA,50:C7:BF:EF:56:8A,-86,3
22/04/2026,07:59:12,170,Lab. química 02,IFPB,24:36:DA:A2:7F:40,-87,6
22/04/2026,07:59:12,170,Lab. química 02,IFPB-VISITANTE,24:36:DA:A2:7F:42,-87,6
22/04/2026,07:59:12,170,Lab. química 02,IFPB-VISITANTE,84:F1:47:54:8B:A2,-88,1
22/04/2026,07:59:12,170,Lab. química 02,IFPB,84:F1:47:54:81:00,-89,11
22/04/2026,07:59:12,170,Lab. química 02,IFPB-Sala_Professor_14,24:FD:0D:57:19:26,-90,5
22/04/2026,07:59:12,170,Lab. química 02,Lab. de Sinais Digitais,18:D6:C7:F9:37:2F,-90,11
22/04/2026,07:59:12,170,Lab. química 02,IFPB-VISITANTE,84:F1:47:54:81:02,-91,11
22/04/2026,07:59:12,170,Lab. química 02,LIMPEZA,54:E6:FC:CF:22:DE,-94,6
22/04/2026,07:59:32,171,Lab. química 01,IFPB,84:F1:47:54:6B:80,-57,6
22/04/2026,07:59:32,171,Lab. química 01,IFPB-VISITANTE,84:F1:47:54:6B:82,-58,6
22/04/2026,07:59:32,171,Lab. química 01,kaka-IF,00:E0:4C:65:36:BC,-65,11
22/04/2026,07:59:32,171,Lab. química 01,IFPB,24:36:DA:2B:BC:00,-74,6
22/04/2026,07:59:32,171,Lab. química 01,IFPB-VISITANTE,24:36:DA:2B:BC:02,-75,6
22/04/2026,07:59:32,171,Lab. química 01,TP-Link_1324,7C:F1:7E:8D:13:22,-79,10
22/04/2026,07:59:32,171,Lab. química 01,IFPB,2C:57:41:CD:E1:C0,-80,11
22/04/2026,07:59:32,171,Lab. química 01,IFPB-VISITANTE,2C:57:41:CD:E1:C2,-81,11
22/04/2026,07:59:32,171,Lab. química 01,IFPB,84:F1:47:54:7F:60,-85,6
22/04/2026,07:59:32,171,Lab. química 01,IFPB-VISITANTE,84:F1:47:54:7F:62,-85,6
22/04/2026,07:59:32,171,Lab. química 01,NPEF/NEPA,50:C7:BF:EF:56:8A,-86,3
22/04/2026,07:59:32,171,Lab. química 01,APTelefonia,58:10:8C:91:F3:AA,-88,1
22/04/2026,07:59:33,171,Lab. química 01,IFPB,24:36:DA:A2:7F:40,-88,6
22/04/2026,07:59:33,171,Lab. química 01,IFPB-VISITANTE,24:36:DA:A2:7F:42,-88,6
22/04/2026,07:59:33,171,Lab. química 01,IFPB-VISITANTE,84:F1:47:54:80:62,-88,11
22/04/2026,07:59:33,171,Lab. química 01,IFPB,84:F1:47:54:80:60,-89,11
22/04/2026,07:59:33,171,Lab. química 01,IFPB-Sala_Professor_14,24:FD:0D:57:19:26,-90,5
22/04/2026,07:59:33,171,Lab. química 01,Intelbras,18:0D:2C:7F:EB:AC,-90,7
22/04/2026,07:59:33,171,Lab. química 01,Lab. de Sinais Digitais,18:D6:C7:F9:37:2F,-90,11
22/04/2026,07:59:33,171,Lab. química 01,brisa-3861242,24:2F:D0:CC:ED:8C,-93,2
22/04/2026,07:59:33,171,Lab. química 01,COPLAN,C4:12:F5:D3:01:90,-93,5
22/04/2026,07:59:42,172,Lab. química 01,IFPB,84:F1:47:54:6B:80,-58,6
22/04/2026,07:59:42,172,Lab. química 01,IFPB-VISITANTE,84:F1:47:54:6B:82,-58,6
22/04/2026,07:59:42,172,Lab. química 01,kaka-IF,00:E0:4C:65:36:BC,-66,11
22/04/2026,07:59:42,172,Lab. química 01,IFPB,24:36:DA:2B:BC:00,-75,6
22/04/2026,07:59:42,172,Lab. química 01,IFPB-VISITANTE,24:36:DA:2B:BC:02,-77,6
22/04/2026,07:59:42,172,Lab. química 01,TP-Link_1324,7C:F1:7E:8D:13:22,-81,10
22/04/2026,07:59:42,172,Lab. química 01,IFPB-VISITANTE,84:F1:47:54:7F:62,-83,6
22/04/2026,07:59:42,172,Lab. química 01,APTelefonia,58:10:8C:91:F3:AA,-84,1
22/04/2026,07:59:42,172,Lab. química 01,IFPB,84:F1:47:54:7F:60,-84,6
22/04/2026,07:59:42,172,Lab. química 01,IFPB,2C:57:41:CD:E1:C0,-87,11
22/04/2026,07:59:42,172,Lab. química 01,NPEF/NEPA,50:C7:BF:EF:56:8A,-88,3
22/04/2026,07:59:42,172,Lab. química 01,Intelbras,18:0D:2C:7F:EB:AC,-88,7
22/04/2026,07:59:43,172,Lab. química 01,IFPB-VISITANTE,2C:57:41:CD:E1:C2,-88,11
22/04/2026,07:59:43,172,Lab. química 01,IFPB,84:F1:47:54:80:60,-90,11
22/04/2026,07:59:43,172,Lab. química 01,IFPB-VISITANTE,84:F1:47:54:80:62,-91,11
22/04/2026,07:59:43,172,Lab. química 01,IFPB-VISITANTE,84:F1:47:54:81:02,-91,11
22/04/2026,07:59:43,172,Lab. química 01,IFPB,84:F1:47:54:81:00,-91,11
22/04/2026,07:59:43,172,Lab. química 01,IFPB-Sala_Professor_14,24:FD:0D:57:19:26,-92,5
22/04/2026,07:59:43,172,Lab. química 01,Lab. de Sinais Digitais,18:D6:C7:F9:37:2F,-93,11
22/04/2026,07:59:43,172,Lab. química 01,Clara,8E:C0:B9:B0:45:01,-95,6
22/04/2026,07:59:52,173,Lab. química 01,IFPB,84:F1:47:54:6B:80,-56,6
22/04/2026,07:59:52,173,Lab. química 01,IFPB-VISITANTE,84:F1:47:54:6B:82,-56,6
22/04/2026,07:59:52,173,Lab. química 01,kaka-IF,00:E0:4C:65:36:BC,-67,11
22/04/2026,07:59:52,173,Lab. química 01,IFPB-VISITANTE,24:36:DA:2B:BC:02,-76,6
22/04/2026,07:59:52,173,Lab. química 01,IFPB,24:36:DA:2B:BC:00,-77,6
22/04/2026,07:59:52,173,Lab. química 01,IFPB,84:F1:47:54:7F:60,-82,6
22/04/2026,07:59:52,173,Lab. química 01,IFPB-VISITANTE,84:F1:47:54:7F:62,-83,6
22/04/2026,07:59:52,173,Lab. química 01,APTelefonia,58:10:8C:91:F3:AA,-84,1
22/04/2026,07:59:52,173,Lab. química 01,NPEF/NEPA,50:C7:BF:EF:56:8A,-84,3
22/04/2026,07:59:52,173,Lab. química 01,TP-Link_1324,7C:F1:7E:8D:13:22,-84,10
22/04/2026,07:59:52,173,Lab. química 01,Intelbras,18:0D:2C:7F:EB:AC,-87,7
22/04/2026,07:59:53,173,Lab. química 01,IFPB,2C:57:41:CD:E1:C0,-87,11
22/04/2026,07:59:53,173,Lab. química 01,Clara,8E:C0:B9:B0:45:01,-90,6
22/04/2026,07:59:53,173,Lab. química 01,IFPB-Sala_Professor_14,24:FD:0D:57:19:26,-92,5
22/04/2026,07:59:53,173,Lab. química 01,Lab. de Sinais Digitais,18:D6:C7:F9:37:2F,-92,11
22/04/2026,07:59:53,173,Lab. química 01,brisa-3861242,24:2F:D0:CC:ED:8C,-93,2
22/04/2026,08:00:02,174,Lab. química 01,IFPB,84:F1:47:54:6B:80,-60,6
22/04/2026,08:00:02,174,Lab. química 01,IFPB-VISITANTE,84:F1:47:54:6B:82,-61,6
22/04/2026,08:00:02,174,Lab. química 01,kaka-IF,00:E0:4C:65:36:BC,-67,11
22/04/2026,08:00:02,174,Lab. química 01,IFPB-VISITANTE,24:36:DA:2B:BC:02,-78,6
22/04/2026,08:00:02,174,Lab. química 01,IFPB,24:36:DA:2B:BC:00,-78,6
22/04/2026,08:00:02,174,Lab. química 01,TP-Link_1324,7C:F1:7E:8D:13:22,-81,10
22/04/2026,08:00:02,174,Lab. química 01,IFPB-VISITANTE,84:F1:47:54:7F:62,-82,6
22/04/2026,08:00:02,174,Lab. química 01,IFPB,84:F1:47:54:7F:60,-83,6
22/04/2026,08:00:02,174,Lab. química 01,IFPB,2C:57:41:CD:E1:C0,-84,11
22/04/2026,08:00:02,174,Lab. química 01,APTelefonia,58:10:8C:91:F3:AA,-87,1
22/04/2026,08:00:02,174,Lab. química 01,NPEF/NEPA,50:C7:BF:EF:56:8A,-87,3
22/04/2026,08:00:02,174,Lab. química 01,Intelbras,18:0D:2C:7F:EB:AC,-89,7
22/04/2026,08:00:02,174,Lab. química 01,IFPB-VISITANTE,84:F1:47:54:80:62,-91,11
22/04/2026,08:00:02,174,Lab. química 01,IFPB,84:F1:47:54:80:60,-92,11
22/04/2026,08:00:02,174,Lab. química 01,Lab. de Sinais Digitais,18:D6:C7:F9:37:2F,-93,11
22/04/2026,08:00:02,174,Lab. química 01,brisa-3861242,24:2F:D0:CC:ED:8C,-95,2
22/04/2026,08:00:12,175,Lab. química 01,IFPB,84:F1:47:54:6B:80,-60,6
22/04/2026,08:00:12,175,Lab. química 01,IFPB-VISITANTE,84:F1:47:54:6B:82,-60,6
22/04/2026,08:00:12,175,Lab. química 01,kaka-IF,00:E0:4C:65:36:BC,-67,11
22/04/2026,08:00:12,175,Lab. química 01,IFPB,24:36:DA:2B:BC:00,-76,6
22/04/2026,08:00:12,175,Lab. química 01,IFPB-VISITANTE,24:36:DA:2B:BC:02,-76,6
22/04/2026,08:00:12,175,Lab. química 01,TP-Link_1324,7C:F1:7E:8D:13:22,-79,10
22/04/2026,08:00:12,175,Lab. química 01,IFPB-VISITANTE,84:F1:47:54:7F:62,-80,6
22/04/2026,08:00:12,175,Lab. química 01,IFPB,84:F1:47:54:7F:60,-82,6
22/04/2026,08:00:12,175,Lab. química 01,APTelefonia,58:10:8C:91:F3:AA,-84,1
22/04/2026,08:00:12,175,Lab. química 01,NPEF/NEPA,50:C7:BF:EF:56:8A,-85,3
22/04/2026,08:00:12,175,Lab. química 01,IFPB,84:F1:47:54:8B:A0,-88,1
22/04/2026,08:00:12,175,Lab. química 01,IFPB-VISITANTE,84:F1:47:54:8B:A2,-88,1
22/04/2026,08:00:12,175,Lab. química 01,IFPB-VISITANTE,84:F1:47:54:80:62,-88,11
22/04/2026,08:00:12,175,Lab. química 01,Intelbras,18:0D:2C:7F:EB:AC,-89,7
22/04/2026,08:00:12,175,Lab. química 01,IFPB-Sala_Professor_14,24:FD:0D:57:19:26,-92,5
22/04/2026,08:00:12,175,Lab. química 01,brisa-3861242,24:2F:D0:CC:ED:8C,-94,2
22/04/2026,08:00:22,176,Lab. química 01,IFPB,84:F1:47:54:6B:80,-60,6
22/04/2026,08:00:22,176,Lab. química 01,IFPB-VISITANTE,84:F1:47:54:6B:82,-60,6
22/04/2026,08:00:22,176,Lab. química 01,kaka-IF,00:E0:4C:65:36:BC,-68,11
22/04/2026,08:00:22,176,Lab. química 01,IFPB,24:36:DA:2B:BC:00,-77,6
22/04/2026,08:00:22,176,Lab. química 01,IFPB-VISITANTE,24:36:DA:2B:BC:02,-77,6
22/04/2026,08:00:22,176,Lab. química 01,TP-Link_1324,7C:F1:7E:8D:13:22,-81,10
22/04/2026,08:00:22,176,Lab. química 01,IFPB-VISITANTE,84:F1:47:54:7F:62,-82,6
22/04/2026,08:00:22,176,Lab. química 01,IFPB,84:F1:47:54:7F:60,-82,6
22/04/2026,08:00:22,176,Lab. química 01,APTelefonia,58:10:8C:91:F3:AA,-85,1
22/04/2026,08:00:22,176,Lab. química 01,IFPB-VISITANTE,2C:57:41:CD:E1:C2,-86,11
22/04/2026,08:00:22,176,Lab. química 01,IFPB-VISITANTE,84:F1:47:54:8B:A2,-87,1
22/04/2026,08:00:22,176,Lab. química 01,IFPB,84:F1:47:54:8B:A0,-88,1
22/04/2026,08:00:22,176,Lab. química 01,NPEF/NEPA,50:C7:BF:EF:56:8A,-88,3
22/04/2026,08:00:22,176,Lab. química 01,Intelbras,18:0D:2C:7F:EB:AC,-90,7
22/04/2026,08:00:22,176,Lab. química 01,brisa-3861242,24:2F:D0:CC:ED:8C,-92,2
22/04/2026,08:00:32,177,Lab. química 01,IFPB,84:F1:47:54:6B:80,-59,6
22/04/2026,08:00:32,177,Lab. química 01,IFPB-VISITANTE,84:F1:47:54:6B:82,-59,6
22/04/2026,08:00:32,177,Lab. química 01,kaka-IF,00:E0:4C:65:36:BC,-68,11
22/04/2026,08:00:32,177,Lab. química 01,IFPB,24:36:DA:2B:BC:00,-74,6
22/04/2026,08:00:32,177,Lab. química 01,IFPB-VISITANTE,24:36:DA:2B:BC:02,-75,6
22/04/2026,08:00:32,177,Lab. química 01,IFPB-VISITANTE,84:F1:47:54:7F:62,-80,6
22/04/2026,08:00:32,177,Lab. química 01,TP-Link_1324,7C:F1:7E:8D:13:22,-81,10
22/04/2026,08:00:32,177,Lab. química 01,IFPB,84:F1:47:54:7F:60,-82,6
22/04/2026,08:00:32,177,Lab. química 01,APTelefonia,58:10:8C:91:F3:AA,-83,1
22/04/2026,08:00:32,177,Lab. química 01,IFPB,2C:57:41:CD:E1:C0,-83,11
22/04/2026,08:00:32,177,Lab. química 01,IFPB-VISITANTE,2C:57:41:CD:E1:C2,-83,11
22/04/2026,08:00:32,177,Lab. química 01,NPEF/NEPA,50:C7:BF:EF:56:8A,-85,3
22/04/2026,08:00:32,177,Lab. química 01,IFPB,24:36:DA:A2:7F:40,-89,6
22/04/2026,08:00:32,177,Lab. química 01,IFPB-VISITANTE,24:36:DA:A2:7F:42,-89,6
22/04/2026,08:00:32,177,Lab. química 01,Intelbras,18:0D:2C:7F:EB:AC,-89,7
22/04/2026,08:00:32,177,Lab. química 01,IFPB-VISITANTE,84:F1:47:54:80:62,-90,11
22/04/2026,08:00:32,177,Lab. química 01,IFPB,84:F1:47:54:80:60,-91,11
22/04/2026,08:00:32,177,Lab. química 01,IFPB-Sala_Professor_14,24:FD:0D:57:19:26,-92,5
22/04/2026,08:00:32,177,Lab. química 01,brisa-3861242,24:2F:D0:CC:ED:8C,-93,2
22/04/2026,08:00:42,178,Lab. química 01,IFPB,84:F1:47:54:6B:80,-65,6
22/04/2026,08:00:42,178,Lab. química 01,IFPB-VISITANTE,84:F1:47:54:6B:82,-65,6
22/04/2026,08:00:42,178,Lab. química 01,kaka-IF,00:E0:4C:65:36:BC,-68,11
22/04/2026,08:00:42,178,Lab. química 01,IFPB,24:36:DA:2B:BC:00,-76,6
22/04/2026,08:00:42,178,Lab. química 01,IFPB-VISITANTE,24:36:DA:2B:BC:02,-76,6
22/04/2026,08:00:42,178,Lab. química 01,TP-Link_1324,7C:F1:7E:8D:13:22,-79,10
22/04/2026,08:00:42,178,Lab. química 01,IFPB,2C:57:41:CD:E1:C0,-84,11
22/04/2026,08:00:42,178,Lab. química 01,APTelefonia,58:10:8C:91:F3:AA,-85,1
22/04/2026,08:00:42,178,Lab. química 01,IFPB,84:F1:47:54:7F:60,-86,6
22/04/2026,08:00:42,178,Lab. química 01,IFPB-VISITANTE,84:F1:47:54:7F:62,-86,6
22/04/2026,08:00:42,178,Lab. química 01,IFPB-VISITANTE,2C:57:41:CD:E1:C2,-86,11
22/04/2026,08:00:42,178,Lab. química 01,IFPB,24:36:DA:A2:7F:40,-88,6
22/04/2026,08:00:42,178,Lab. química 01,IFPB-VISITANTE,84:F1:47:54:8B:A2,-89,1
22/04/2026,08:00:42,178,Lab. química 01,IFPB-VISITANTE,24:36:DA:A2:7F:42,-89,6
22/04/2026,08:00:42,178,Lab. química 01,Intelbras,18:0D:2C:7F:EB:AC,-90,7
22/04/2026,08:00:42,178,Lab. química 01,brisa-3861242,24:2F:D0:CC:ED:8C,-92,2
22/04/2026,08:00:42,178,Lab. química 01,Lab. de Sinais Digitais,18:D6:C7:F9:37:2F,-92,11
22/04/2026,08:00:42,178,Lab. química 01,IFPB-Sala_Professor_14,24:FD:0D:57:19:26,-93,5
22/04/2026,08:00:52,179,Lab. química 01,IFPB,84:F1:47:54:6B:80,-65,6
22/04/2026,08:00:52,179,Lab. química 01,IFPB-VISITANTE,84:F1:47:54:6B:82,-65,6
22/04/2026,08:00:52,179,Lab. química 01,kaka-IF,00:E0:4C:65:36:BC,-69,11
22/04/2026,08:00:52,179,Lab. química 01,IFPB,24:36:DA:2B:BC:00,-75,6
22/04/2026,08:00:52,179,Lab. química 01,IFPB-VISITANTE,24:36:DA:2B:BC:02,-76,6
22/04/2026,08:00:52,179,Lab. química 01,IFPB,84:F1:47:54:7F:60,-81,6
22/04/2026,08:00:52,179,Lab. química 01,IFPB-VISITANTE,84:F1:47:54:7F:62,-82,6
22/04/2026,08:00:52,179,Lab. química 01,TP-Link_1324,7C:F1:7E:8D:13:22,-82,10
22/04/2026,08:00:52,179,Lab. química 01,NPEF/NEPA,50:C7:BF:EF:56:8A,-84,3
22/04/2026,08:00:52,179,Lab. química 01,APTelefonia,58:10:8C:91:F3:AA,-85,1
22/04/2026,08:00:52,179,Lab. química 01,IFPB,2C:57:41:CD:E1:C0,-85,11
22/04/2026,08:00:52,179,Lab. química 01,IFPB-VISITANTE,2C:57:41:CD:E1:C2,-85,11
22/04/2026,08:00:52,179,Lab. química 01,IFPB,24:36:DA:A2:7F:40,-87,6
22/04/2026,08:00:52,179,Lab. química 01,IFPB-VISITANTE,24:36:DA:A2:7F:42,-88,6
22/04/2026,08:00:52,179,Lab. química 01,IFPB,84:F1:47:54:8B:A0,-89,1
22/04/2026,08:00:52,179,Lab. química 01,Intelbras,18:0D:2C:7F:EB:AC,-89,7
22/04/2026,08:00:52,179,Lab. química 01,IFPB-VISITANTE,84:F1:47:54:80:62,-89,11
22/04/2026,08:00:52,179,Lab. química 01,IFPB,84:F1:47:54:80:60,-90,11
22/04/2026,08:00:52,179,Lab. química 01,brisa-3861242,24:2F:D0:CC:ED:8C,-92,2
22/04/2026,08:00:52,179,Lab. química 01,Lab. de Sinais Digitais,18:D6:C7:F9:37:2F,-92,11
22/04/2026,08:00:52,179,Lab. química 01,IFPB-Sala_Professor_14,24:FD:0D:57:19:26,-94,5
22/04/2026,08:01:02,180,Lab. química 01,IFPB-VISITANTE,84:F1:47:54:6B:82,-59,6
22/04/2026,08:01:02,180,Lab. química 01,IFPB,84:F1:47:54:6B:80,-60,6
22/04/2026,08:01:02,180,Lab. química 01,kaka-IF,00:E0:4C:65:36:BC,-69,11
22/04/2026,08:01:02,180,Lab. química 01,IFPB-VISITANTE,24:36:DA:2B:BC:02,-76,6
22/04/2026,08:01:02,180,Lab. química 01,IFPB,24:36:DA:2B:BC:00,-76,6
22/04/2026,08:01:02,180,Lab. química 01,IFPB-VISITANTE,84:F1:47:54:7F:62,-81,6
22/04/2026,08:01:02,180,Lab. química 01,TP-Link_1324,7C:F1:7E:8D:13:22,-81,10
22/04/2026,08:01:02,180,Lab. química 01,IFPB,2C:57:41:CD:E1:C0,-82,11
22/04/2026,08:01:02,180,Lab. química 01,IFPB-VISITANTE,2C:57:41:CD:E1:C2,-82,11
22/04/2026,08:01:02,180,Lab. química 01,APTelefonia,58:10:8C:91:F3:AA,-85,1
22/04/2026,08:01:02,180,Lab. química 01,NPEF/NEPA,50:C7:BF:EF:56:8A,-86,3
22/04/2026,08:01:02,180,Lab. química 01,IFPB,84:F1:47:54:7F:60,-87,6
22/04/2026,08:01:02,180,Lab. química 01,IFPB,24:36:DA:A2:7F:40,-88,6
22/04/2026,08:01:02,180,Lab. química 01,IFPB-VISITANTE,24:36:DA:A2:7F:42,-88,6
22/04/2026,08:01:02,180,Lab. química 01,Intelbras,18:0D:2C:7F:EB:AC,-88,7
22/04/2026,08:01:02,180,Lab. química 01,brisa-3861242,24:2F:D0:CC:ED:8C,-91,2
22/04/2026,08:01:02,180,Lab. química 01,IFPB-Sala_Professor_14,24:FD:0D:57:19:26,-92,5
22/04/2026,08:01:29,181,Lab. de microscopia,NPEF/NEPA,50:C7:BF:EF:56:8A,-68,3
22/04/2026,08:01:29,181,Lab. de microscopia,IFPB,84:F1:47:54:8B:A0,-76,1
22/04/2026,08:01:29,181,Lab. de microscopia,IFPB-VISITANTE,84:F1:47:54:8B:A2,-76,1
22/04/2026,08:01:29,181,Lab. de microscopia,IFPB,84:F1:47:54:80:60,-76,11
22/04/2026,08:01:29,181,Lab. de microscopia,IFPB-VISITANTE,84:F1:47:54:80:62,-76,11
22/04/2026,08:01:29,181,Lab. de microscopia,kaka-IF,00:E0:4C:65:36:BC,-77,11
22/04/2026,08:01:30,181,Lab. de microscopia,IFPB,84:F1:47:54:6B:80,-83,6
22/04/2026,08:01:30,181,Lab. de microscopia,IFPB-VISITANTE,84:F1:47:54:6B:82,-84,6
22/04/2026,08:01:30,181,Lab. de microscopia,IFPB,84:F1:47:54:FD:60,-85,1
22/04/2026,08:01:30,181,Lab. de microscopia,TP-Link_C3CB,D8:0D:17:3E:C3:CB,-85,4
22/04/2026,08:01:30,181,Lab. de microscopia,IFPB,84:F1:47:54:7F:60,-86,6
22/04/2026,08:01:30,181,Lab. de microscopia,IFPB-VISITANTE,84:F1:47:54:FD:62,-87,1
22/04/2026,08:01:30,181,Lab. de microscopia,IFPB-VISITANTE,84:F1:47:54:7F:62,-88,6
22/04/2026,08:01:30,181,Lab. de microscopia,IFPB-MM,54:E6:FC:BA:AD:86,-89,1
22/04/2026,08:01:30,181,Lab. de microscopia,APTelefonia,58:10:8C:91:F3:AA,-91,1
22/04/2026,08:01:30,181,Lab. de microscopia,EBF243D6-HE8D94yaFM1AOcS,44:D2:44:DD:32:49,-92,11
22/04/2026,08:01:30,181,Lab. de microscopia,GPDS,00:26:5A:66:55:EF,-93,6
22/04/2026,08:01:30,181,Lab. de microscopia,Clara,8E:C0:B9:B0:45:01,-95,6
22/04/2026,08:01:39,182,Lab. de microscopia,NPEF/NEPA,50:C7:BF:EF:56:8A,-66,3
22/04/2026,08:01:39,182,Lab. de microscopia,kaka-IF,00:E0:4C:65:36:BC,-78,11
22/04/2026,08:01:39,182,Lab. de microscopia,IFPB,84:F1:47:54:8B:A0,-80,1
22/04/2026,08:01:39,182,Lab. de microscopia,IFPB-VISITANTE,84:F1:47:54:8B:A2,-80,1
22/04/2026,08:01:39,182,Lab. de microscopia,IFPB,84:F1:47:54:80:60,-80,11
22/04/2026,08:01:39,182,Lab. de microscopia,IFPB-VISITANTE,84:F1:47:54:80:62,-80,11
22/04/2026,08:01:40,182,Lab. de microscopia,IFPB-VISITANTE,84:F1:47:54:6B:82,-81,6
22/04/2026,08:01:40,182,Lab. de microscopia,IFPB,84:F1:47:54:6B:80,-81,6
22/04/2026,08:01:40,182,Lab. de microscopia,IFPB,84:F1:47:54:FD:60,-85,1
22/04/2026,08:01:40,182,Lab. de microscopia,IFPB-VISITANTE,84:F1:47:54:FD:62,-85,1
22/04/2026,08:01:40,182,Lab. de microscopia,TP-Link_1324,7C:F1:7E:8D:13:22,-85,10
22/04/2026,08:01:40,182,Lab. de microscopia,IFPB-VISITANTE,2C:57:41:D4:A5:22,-85,11
22/04/2026,08:01:40,182,Lab. de microscopia,TP-Link_C3CB,D8:0D:17:3E:C3:CB,-86,4
22/04/2026,08:01:40,182,Lab. de microscopia,IFPB,2C:57:41:D4:A5:20,-86,11
22/04/2026,08:01:40,182,Lab. de microscopia,IFPB,84:F1:47:54:7F:60,-87,6
22/04/2026,08:01:40,182,Lab. de microscopia,IFPB-VISITANTE,84:F1:47:54:7F:62,-87,6
22/04/2026,08:01:40,182,Lab. de microscopia,UA2-MiniLab,60:32:B1:2D:66:C3,-89,10
22/04/2026,08:01:40,182,Lab. de microscopia,EBF243D6-HE8D94yaFM1AOcS,44:D2:44:DD:32:49,-89,11
22/04/2026,08:01:40,182,Lab. de microscopia,IFPB,84:F1:47:54:F9:80,-89,11
22/04/2026,08:01:40,182,Lab. de microscopia,IFPB-VISITANTE,84:F1:47:54:F9:82,-90,11
22/04/2026,08:01:40,182,Lab. de microscopia,Clara,8E:C0:B9:B0:45:01,-92,6
22/04/2026,08:01:40,182,Lab. de microscopia,IFPB-MM,54:E6:FC:BA:AD:86,-93,1
22/04/2026,08:01:40,182,Lab. de microscopia,Lab. de Sinais Digitais,18:D6:C7:F9:37:2F,-95,11
22/04/2026,08:01:50,183,Lab. de microscopia,NPEF/NEPA,50:C7:BF:EF:56:8A,-66,3
22/04/2026,08:01:50,183,Lab. de microscopia,IFPB,84:F1:47:54:8B:A0,-80,1
22/04/2026,08:01:50,183,Lab. de microscopia,IFPB-VISITANTE,84:F1:47:54:6B:82,-80,6
22/04/2026,08:01:50,183,Lab. de microscopia,IFPB,84:F1:47:54:6B:80,-80,6
22/04/2026,08:01:50,183,Lab. de microscopia,IFPB-VISITANTE,84:F1:47:54:80:62,-80,11
22/04/2026,08:01:50,183,Lab. de microscopia,IFPB-VISITANTE,84:F1:47:54:8B:A2,-81,1
22/04/2026,08:01:50,183,Lab. de microscopia,IFPB,84:F1:47:54:80:60,-81,11
22/04/2026,08:01:50,183,Lab. de microscopia,kaka-IF,00:E0:4C:65:36:BC,-81,11
22/04/2026,08:01:50,183,Lab. de microscopia,IFPB,2C:57:41:D4:A5:20,-83,11
22/04/2026,08:01:50,183,Lab. de microscopia,IFPB-VISITANTE,2C:57:41:D4:A5:22,-83,11
22/04/2026,08:01:50,183,Lab. de microscopia,IFPB,84:F1:47:54:FD:60,-86,1
22/04/2026,08:01:50,183,Lab. de microscopia,IFPB-VISITANTE,84:F1:47:54:FD:62,-86,1
22/04/2026,08:01:50,183,Lab. de microscopia,IFPB-VISITANTE,84:F1:47:54:7F:62,-87,6
22/04/2026,08:01:50,183,Lab. de microscopia,IFPB,84:F1:47:54:7F:60,-87,6
22/04/2026,08:01:50,183,Lab. de microscopia,Rafaela 🤍,52:34:39:7B:41:F6,-87,7
22/04/2026,08:01:50,183,Lab. de microscopia,TP-Link_1324,7C:F1:7E:8D:13:22,-88,10
22/04/2026,08:01:50,183,Lab. de microscopia,TP-Link_C3CB,D8:0D:17:3E:C3:CB,-89,4
22/04/2026,08:01:50,183,Lab. de microscopia,UA2-MiniLab,60:32:B1:2D:66:C3,-90,10
22/04/2026,08:01:50,183,Lab. de microscopia,EBF243D6-HE8D94yaFM1AOcS,44:D2:44:DD:32:49,-91,11
22/04/2026,08:01:50,183,Lab. de microscopia,IFPB-MM,54:E6:FC:BA:AD:86,-92,1
22/04/2026,08:01:50,183,Lab. de microscopia,Clara,8E:C0:B9:B0:45:01,-92,6
22/04/2026,08:01:50,183,Lab. de microscopia,APTelefonia,58:10:8C:91:F3:AA,-93,1
22/04/2026,08:01:50,183,Lab. de microscopia,GPDS,00:26:5A:66:55:EF,-94,6
22/04/2026,08:02:00,184,Lab. de microscopia,NPEF/NEPA,50:C7:BF:EF:56:8A,-70,3
22/04/2026,08:02:00,184,Lab. de microscopia,IFPB-VISITANTE,84:F1:47:54:8B:A2,-73,1
22/04/2026,08:02:00,184,Lab. de microscopia,IFPB,84:F1:47:54:8B:A0,-74,1
22/04/2026,08:02:00,184,Lab. de microscopia,IFPB,84:F1:47:54:80:60,-74,11
22/04/2026,08:02:00,184,Lab. de microscopia,IFPB-VISITANTE,84:F1:47:54:80:62,-74,11
22/04/2026,08:02:00,184,Lab. de microscopia,IFPB-VISITANTE,84:F1:47:54:6B:82,-78,6
22/04/2026,08:02:00,184,Lab. de microscopia,kaka-IF,00:E0:4C:65:36:BC,-78,11
22/04/2026,08:02:00,184,Lab. de microscopia,IFPB,84:F1:47:54:6B:80,-79,6
22/04/2026,08:02:00,184,Lab. de microscopia,TP-Link_C3CB,D8:0D:17:3E:C3:CB,-81,4
22/04/2026,08:02:00,184,Lab. de microscopia,IFPB,2C:57:41:D4:A5:20,-85,11
22/04/2026,08:02:00,184,Lab. de microscopia,IFPB-VISITANTE,2C:57:41:D4:A5:22,-86,11
22/04/2026,08:02:00,184,Lab. de microscopia,IFPB,84:F1:47:54:FD:60,-87,1
22/04/2026,08:02:00,184,Lab. de microscopia,IFPB-VISITANTE,84:F1:47:54:FD:62,-87,1
22/04/2026,08:02:00,184,Lab. de microscopia,Clara,8E:C0:B9:B0:45:01,-89,6
22/04/2026,08:02:00,184,Lab. de microscopia,Rafaela 🤍,52:34:39:7B:41:F6,-91,7
22/04/2026,08:02:00,184,Lab. de microscopia,EBF243D6-HE8D94yaFM1AOcS,44:D2:44:DD:32:49,-91,11
22/04/2026,08:02:00,184,Lab. de microscopia,IFPB-MM,54:E6:FC:BA:AD:86,-94,1
22/04/2026,08:02:00,184,Lab. de microscopia,SALA_MESTRADO,64:66:B3:62:EB:86,-95,1
22/04/2026,08:02:00,184,Lab. de microscopia,Lab. de Sinais Digitais,18:D6:C7:F9:37:2F,-96,11
22/04/2026,08:02:10,185,Lab. de microscopia,NPEF/NEPA,50:C7:BF:EF:56:8A,-67,3
22/04/2026,08:02:10,185,Lab. de microscopia,IFPB,84:F1:47:54:80:60,-75,11
22/04/2026,08:02:10,185,Lab. de microscopia,IFPB,84:F1:47:54:8B:A0,-76,1
22/04/2026,08:02:10,185,Lab. de microscopia,IFPB-VISITANTE,84:F1:47:54:80:62,-76,11
22/04/2026,08:02:10,185,Lab. de microscopia,IFPB-VISITANTE,84:F1:47:54:8B:A2,-77,1
22/04/2026,08:02:10,185,Lab. de microscopia,IFPB-VISITANTE,84:F1:47:54:6B:82,-82,6
22/04/2026,08:02:10,185,Lab. de microscopia,kaka-IF,00:E0:4C:65:36:BC,-82,11
22/04/2026,08:02:10,185,Lab. de microscopia,IFPB,84:F1:47:54:6B:80,-83,6
22/04/2026,08:02:10,185,Lab. de microscopia,TP-Link_C3CB,D8:0D:17:3E:C3:CB,-86,4
22/04/2026,08:02:10,185,Lab. de microscopia,IFPB,84:F1:47:54:FD:60,-87,1
22/04/2026,08:02:10,185,Lab. de microscopia,IFPB-VISITANTE,84:F1:47:54:FD:62,-88,1
22/04/2026,08:02:10,185,Lab. de microscopia,IFPB-MM,54:E6:FC:BA:AD:86,-89,1
22/04/2026,08:02:10,185,Lab. de microscopia,IFPB-VISITANTE,84:F1:47:54:7F:62,-90,6
22/04/2026,08:02:10,185,Lab. de microscopia,Rafaela 🤍,52:34:39:7B:41:F6,-91,7
22/04/2026,08:02:10,185,Lab. de microscopia,APTelefonia,58:10:8C:91:F3:AA,-94,1
22/04/2026,08:02:10,185,Lab. de microscopia,Clara,8E:C0:B9:B0:45:01,-95,6
22/04/2026,08:02:19,186,Lab. de microscopia,NPEF/NEPA,50:C7:BF:EF:56:8A,-68,3
22/04/2026,08:02:19,186,Lab. de microscopia,IFPB,84:F1:47:54:80:60,-74,11
22/04/2026,08:02:19,186,Lab. de microscopia,IFPB-VISITANTE,84:F1:47:54:80:62,-74,11
22/04/2026,08:02:19,186,Lab. de microscopia,IFPB,84:F1:47:54:8B:A0,-76,1
22/04/2026,08:02:19,186,Lab. de microscopia,IFPB-VISITANTE,84:F1:47:54:8B:A2,-76,1
22/04/2026,08:02:19,186,Lab. de microscopia,TP-Link_C3CB,D8:0D:17:3E:C3:CB,-79,4
22/04/2026,08:02:20,186,Lab. de microscopia,IFPB-VISITANTE,84:F1:47:54:6B:82,-83,6
22/04/2026,08:02:20,186,Lab. de microscopia,IFPB,84:F1:47:54:6B:80,-84,6
22/04/2026,08:02:20,186,Lab. de microscopia,kaka-IF,00:E0:4C:65:36:BC,-85,11
22/04/2026,08:02:20,186,Lab. de microscopia,IFPB,2C:57:41:D4:A5:20,-85,11
22/04/2026,08:02:20,186,Lab. de microscopia,IFPB-VISITANTE,2C:57:41:D4:A5:22,-86,11
22/04/2026,08:02:20,186,Lab. de microscopia,IFPB-MM,54:E6:FC:BA:AD:86,-88,1
22/04/2026,08:02:20,186,Lab. de microscopia,IFPB,84:F1:47:54:FD:60,-88,1
22/04/2026,08:02:20,186,Lab. de microscopia,IFPB-VISITANTE,84:F1:47:54:FD:62,-88,1
22/04/2026,08:02:20,186,Lab. de microscopia,IFPB-VISITANTE,84:F1:47:54:7F:62,-88,6
22/04/2026,08:02:20,186,Lab. de microscopia,IFPB,84:F1:47:54:7F:60,-89,6
22/04/2026,08:02:20,186,Lab. de microscopia,Rafaela 🤍,52:34:39:7B:41:F6,-89,7
22/04/2026,08:02:20,186,Lab. de microscopia,Lab. de Sinais Digitais,18:D6:C7:F9:37:2F,-89,11
22/04/2026,08:02:20,186,Lab. de microscopia,GPDS,00:26:5A:66:55:EF,-91,6
22/04/2026,08:02:20,186,Lab. de microscopia,UA2-MiniLab,60:32:B1:2D:66:C3,-92,10
22/04/2026,08:02:20,186,Lab. de microscopia,APTelefonia,58:10:8C:91:F3:AA,-93,1
22/04/2026,08:02:20,186,Lab. de microscopia,EBF243D6-HE8D94yaFM1AOcS,44:D2:44:DD:32:49,-93,11
22/04/2026,08:02:20,186,Lab. de microscopia,Clara,8E:C0:B9:B0:45:01,-94,6
22/04/2026,08:02:20,186,Lab. de microscopia,TP-Link_1324,7C:F1:7E:8D:13:22,-94,10
22/04/2026,08:02:30,187,Lab. de microscopia,NPEF/NEPA,50:C7:BF:EF:56:8A,-70,3
22/04/2026,08:02:30,187,Lab. de microscopia,IFPB,84:F1:47:54:80:60,-72,11
22/04/2026,08:02:30,187,Lab. de microscopia,IFPB-VISITANTE,84:F1:47:54:80:62,-73,11
22/04/2026,08:02:30,187,Lab. de microscopia,IFPB,84:F1:47:54:8B:A0,-79,1
22/04/2026,08:02:30,187,Lab. de microscopia,IFPB-VISITANTE,84:F1:47:54:8B:A2,-79,1
22/04/2026,08:02:30,187,Lab. de microscopia,IFPB,84:F1:47:54:6B:80,-79,6
22/04/2026,08:02:30,187,Lab. de microscopia,IFPB-VISITANTE,84:F1:47:54:6B:82,-79,6
22/04/2026,08:02:30,187,Lab. de microscopia,kaka-IF,00:E0:4C:65:36:BC,-81,11
22/04/2026,08:02:30,187,Lab. de microscopia,TP-Link_C3CB,D8:0D:17:3E:C3:CB,-84,4
22/04/2026,08:02:30,187,Lab. de microscopia,IFPB-VISITANTE,2C:57:41:D4:A5:22,-86,11
22/04/2026,08:02:30,187,Lab. de microscopia,Lab. de Sinais Digitais,18:D6:C7:F9:37:2F,-87,11
22/04/2026,08:02:30,187,Lab. de microscopia,EBF243D6-HE8D94yaFM1AOcS,44:D2:44:DD:32:49,-89,11
22/04/2026,08:02:30,187,Lab. de microscopia,TP-Link_1324,7C:F1:7E:8D:13:22,-90,10
22/04/2026,08:02:30,187,Lab. de microscopia,Rafaela 🤍,52:34:39:7B:41:F6,-91,7
22/04/2026,08:02:30,187,Lab. de microscopia,IFPB-MM,54:E6:FC:BA:AD:86,-92,1
22/04/2026,08:02:30,187,Lab. de microscopia,GPDS,00:26:5A:66:55:EF,-92,6
22/04/2026,08:02:30,187,Lab. de microscopia,UA2-MiniLab,60:32:B1:2D:66:C3,-92,10
22/04/2026,08:02:40,188,Lab. de microscopia,NPEF/NEPA,50:C7:BF:EF:56:8A,-65,3
22/04/2026,08:02:40,188,Lab. de microscopia,IFPB,84:F1:47:54:80:60,-74,11
22/04/2026,08:02:40,188,Lab. de microscopia,IFPB-VISITANTE,84:F1:47:54:80:62,-75,11
22/04/2026,08:02:40,188,Lab. de microscopia,kaka-IF,00:E0:4C:65:36:BC,-77,11
22/04/2026,08:02:40,188,Lab. de microscopia,IFPB,84:F1:47:54:8B:A0,-79,1
22/04/2026,08:02:40,188,Lab. de microscopia,IFPB-VISITANTE,84:F1:47:54:8B:A2,-79,1
22/04/2026,08:02:40,188,Lab. de microscopia,IFPB,84:F1:47:54:6B:80,-79,6
22/04/2026,08:02:40,188,Lab. de microscopia,IFPB-VISITANTE,84:F1:47:54:6B:82,-79,6
22/04/2026,08:02:40,188,Lab. de microscopia,IFPB-VISITANTE,84:F1:47:54:FD:62,-85,1
22/04/2026,08:02:40,188,Lab. de microscopia,IFPB,84:F1:47:54:FD:60,-86,1
22/04/2026,08:02:40,188,Lab. de microscopia,IFPB-VISITANTE,2C:57:41:D4:A5:22,-87,11
22/04/2026,08:02:40,188,Lab. de microscopia,IFPB,2C:57:41:D4:A5:20,-87,11
22/04/2026,08:02:40,188,Lab. de microscopia,TP-Link_C3CB,D8:0D:17:3E:C3:CB,-88,4
22/04/2026,08:02:40,188,Lab. de microscopia,TP-Link_1324,7C:F1:7E:8D:13:22,-89,10
22/04/2026,08:02:40,188,Lab. de microscopia,IFPB-MM,54:E6:FC:BA:AD:86,-90,1
22/04/2026,08:02:40,188,Lab. de microscopia,IFPB-VISITANTE,84:F1:47:54:F9:82,-90,11
22/04/2026,08:02:40,188,Lab. de microscopia,Lab. de Sinais Digitais,18:D6:C7:F9:37:2F,-90,11
22/04/2026,08:02:40,188,Lab. de microscopia,Clara,8E:C0:B9:B0:45:01,-92,6
22/04/2026,08:02:40,188,Lab. de microscopia,Rafaela 🤍,52:34:39:7B:41:F6,-93,7
22/04/2026,08:02:40,188,Lab. de microscopia,EBF243D6-HE8D94yaFM1AOcS,44:D2:44:DD:32:49,-93,11
22/04/2026,08:02:50,189,Lab. de microscopia,NPEF/NEPA,50:C7:BF:EF:56:8A,-70,3
22/04/2026,08:02:50,189,Lab. de microscopia,IFPB-VISITANTE,84:F1:47:54:80:62,-74,11
22/04/2026,08:02:50,189,Lab. de microscopia,IFPB,84:F1:47:54:80:60,-74,11
22/04/2026,08:02:50,189,Lab. de microscopia,IFPB-VISITANTE,84:F1:47:54:8B:A2,-76,1
22/04/2026,08:02:50,189,Lab. de microscopia,IFPB,84:F1:47:54:8B:A0,-77,1
22/04/2026,08:02:50,189,Lab. de microscopia,IFPB-VISITANTE,84:F1:47:54:6B:82,-80,6
22/04/2026,08:02:50,189,Lab. de microscopia,IFPB,84:F1:47:54:6B:80,-81,6
22/04/2026,08:02:50,189,Lab. de microscopia,kaka-IF,00:E0:4C:65:36:BC,-81,11
22/04/2026,08:02:50,189,Lab. de microscopia,TP-Link_C3CB,D8:0D:17:3E:C3:CB,-85,4
22/04/2026,08:02:50,189,Lab. de microscopia,IFPB-VISITANTE,2C:57:41:D4:A5:22,-85,11
22/04/2026,08:02:50,189,Lab. de microscopia,IFPB-VISITANTE,84:F1:47:54:FD:62,-87,1
22/04/2026,08:02:50,189,Lab. de microscopia,IFPB,84:F1:47:54:FD:60,-88,1
22/04/2026,08:02:50,189,Lab. de microscopia,IFPB,84:F1:47:54:7F:60,-88,6
22/04/2026,08:02:50,189,Lab. de microscopia,TP-Link_1324,7C:F1:7E:8D:13:22,-88,10
22/04/2026,08:02:50,189,Lab. de microscopia,IFPB-MM,54:E6:FC:BA:AD:86,-89,1
22/04/2026,08:02:50,189,Lab. de microscopia,IFPB-VISITANTE,84:F1:47:54:7F:62,-89,6
22/04/2026,08:02:50,189,Lab. de microscopia,Rafaela 🤍,52:34:39:7B:41:F6,-90,7
22/04/2026,08:02:50,189,Lab. de microscopia,DIRECT-h6-Tab A7 de Jônatas,8E:E5:C0:E7:58:CC,-90,11
22/04/2026,08:02:50,189,Lab. de microscopia,EBF243D6-HE8D94yaFM1AOcS,44:D2:44:DD:32:49,-91,11
22/04/2026,08:02:50,189,Lab. de microscopia,APTelefonia,58:10:8C:91:F3:AA,-93,1
22/04/2026,08:02:50,189,Lab. de microscopia,Clara,8E:C0:B9:B0:45:01,-94,6
22/04/2026,08:03:00,190,Lab. de microscopia,NPEF/NEPA,50:C7:BF:EF:56:8A,-71,3
22/04/2026,08:03:00,190,Lab. de microscopia,IFPB-VISITANTE,84:F1:47:54:8B:A2,-74,1
22/04/2026,08:03:00,190,Lab. de microscopia,IFPB,84:F1:47:54:80:60,-74,11
22/04/2026,08:03:00,190,Lab. de microscopia,IFPB-VISITANTE,84:F1:47:54:80:62,-74,11
22/04/2026,08:03:00,190,Lab. de microscopia,IFPB,84:F1:47:54:8B:A0,-75,1
22/04/2026,08:03:00,190,Lab. de microscopia,kaka-IF,00:E0:4C:65:36:BC,-76,11
22/04/2026,08:03:00,190,Lab. de microscopia,IFPB-VISITANTE,84:F1:47:54:6B:82,-83,6
22/04/2026,08:03:00,190,Lab. de microscopia,IFPB,84:F1:47:54:6B:80,-84,6
22/04/2026,08:03:00,190,Lab. de microscopia,TP-Link_C3CB,D8:0D:17:3E:C3:CB,-85,4
22/04/2026,08:03:00,190,Lab. de microscopia,Lab. de Sinais Digitais,18:D6:C7:F9:37:2F,-85,11
22/04/2026,08:03:00,190,Lab. de microscopia,IFPB-MM,54:E6:FC:BA:AD:86,-87,1
22/04/2026,08:03:00,190,Lab. de microscopia,IFPB,84:F1:47:54:FD:60,-87,1
22/04/2026,08:03:00,190,Lab. de microscopia,IFPB-VISITANTE,84:F1:47:54:FD:62,-87,1
22/04/2026,08:03:00,190,Lab. de microscopia,IFPB-VISITANTE,2C:57:41:D4:A5:22,-88,11
22/04/2026,08:03:00,190,Lab. de microscopia,IFPB,2C:57:41:D4:A5:20,-90,11
22/04/2026,08:03:00,190,Lab. de microscopia,Rafaela 🤍,52:34:39:7B:41:F6,-91,7
22/04/2026,08:03:00,190,Lab. de microscopia,EBF243D6-HE8D94yaFM1AOcS,44:D2:44:DD:32:49,-92,11
22/04/2026,08:03:00,190,Lab. de microscopia,APTelefonia,58:10:8C:91:F3:AA,-93,1
22/04/2026,08:03:00,190,Lab. de microscopia,GPDS,00:26:5A:66:55:EF,-93,6
22/04/2026,08:03:19,191,Lab. de matemática,NPEF/NEPA,50:C7:BF:EF:56:8A,-65,3
22/04/2026,08:03:19,191,Lab. de matemática,IFPB,84:F1:47:54:80:60,-75,11
22/04/2026,08:03:19,191,Lab. de matemática,IFPB-VISITANTE,84:F1:47:54:80:62,-76,11
22/04/2026,08:03:19,191,Lab. de matemática,IFPB,84:F1:47:54:8B:A0,-79,1
22/04/2026,08:03:19,191,Lab. de matemática,IFPB-VISITANTE,84:F1:47:54:8B:A2,-79,1
22/04/2026,08:03:19,191,Lab. de matemática,IFPB,84:F1:47:54:FD:60,-83,1
22/04/2026,08:03:20,191,Lab. de matemática,IFPB-VISITANTE,84:F1:47:54:6B:82,-83,6
22/04/2026,08:03:20,191,Lab. de matemática,IFPB,84:F1:47:54:6B:80,-83,6
22/04/2026,08:03:20,191,Lab. de matemática,kaka-IF,00:E0:4C:65:36:BC,-83,11
22/04/2026,08:03:20,191,Lab. de matemática,IFPB-VISITANTE,84:F1:47:54:FD:62,-84,1
22/04/2026,08:03:20,191,Lab. de matemática,IFPB,2C:57:41:D4:A5:20,-87,11
22/04/2026,08:03:20,191,Lab. de matemática,IFPB-MM,54:E6:FC:BA:AD:86,-90,1
22/04/2026,08:03:20,191,Lab. de matemática,Rafaela 🤍,52:34:39:7B:41:F6,-90,7
22/04/2026,08:03:20,191,Lab. de matemática,Lab. de Sinais Digitais,18:D6:C7:F9:37:2F,-90,11
22/04/2026,08:03:20,191,Lab. de matemática,APTelefonia,58:10:8C:91:F3:AA,-91,1
22/04/2026,08:03:20,191,Lab. de matemática,Clara,8E:C0:B9:B0:45:01,-91,6
22/04/2026,08:03:20,191,Lab. de matemática,GPDS,00:26:5A:66:55:EF,-92,6
22/04/2026,08:03:20,191,Lab. de matemática,EBF243D6-HE8D94yaFM1AOcS,44:D2:44:DD:32:49,-92,11
22/04/2026,08:03:20,191,Lab. de matemática,TP-Link_C3CB,D8:0D:17:3E:C3:CB,-93,4
22/04/2026,08:03:29,192,Lab. de matemática,NPEF/NEPA,50:C7:BF:EF:56:8A,-68,3
22/04/2026,08:03:29,192,Lab. de matemática,IFPB,84:F1:47:54:80:60,-78,11
22/04/2026,08:03:29,192,Lab. de matemática,IFPB-VISITANTE,84:F1:47:54:80:62,-78,11
22/04/2026,08:03:29,192,Lab. de matemática,IFPB-VISITANTE,84:F1:47:54:8B:A2,-79,1
22/04/2026,08:03:29,192,Lab. de matemática,kaka-IF,00:E0:4C:65:36:BC,-79,11
22/04/2026,08:03:29,192,Lab. de matemática,IFPB,84:F1:47:54:8B:A0,-80,1
22/04/2026,08:03:30,192,Lab. de matemática,IFPB,84:F1:47:54:6B:80,-80,6
22/04/2026,08:03:30,192,Lab. de matemática,IFPB-VISITANTE,84:F1:47:54:6B:82,-80,6
22/04/2026,08:03:30,192,Lab. de matemática,IFPB,84:F1:47:54:FD:60,-85,1
22/04/2026,08:03:30,192,Lab. de matemática,IFPB-VISITANTE,2C:57:41:D4:A5:22,-85,11
22/04/2026,08:03:30,192,Lab. de matemática,IFPB,2C:57:41:D4:A5:20,-85,11
22/04/2026,08:03:30,192,Lab. de matemática,UA2-MiniLab,60:32:B1:2D:66:C3,-86,10
22/04/2026,08:03:30,192,Lab. de matemática,IFPB-MM,54:E6:FC:BA:AD:86,-87,1
22/04/2026,08:03:30,192,Lab. de matemática,IFPB-VISITANTE,84:F1:47:54:FD:62,-87,1
22/04/2026,08:03:30,192,Lab. de matemática,TP-Link_1324,7C:F1:7E:8D:13:22,-89,10
22/04/2026,08:03:30,192,Lab. de matemática,TP-Link_C3CB,D8:0D:17:3E:C3:CB,-90,4
22/04/2026,08:03:30,192,Lab. de matemática,Rafaela 🤍,52:34:39:7B:41:F6,-90,7
22/04/2026,08:03:30,192,Lab. de matemática,APTelefonia,58:10:8C:91:F3:AA,-91,1
22/04/2026,08:03:30,192,Lab. de matemática,EBF243D6-HE8D94yaFM1AOcS,44:D2:44:DD:32:49,-91,11
22/04/2026,08:03:30,192,Lab. de matemática,Lab. de Sinais Digitais,18:D6:C7:F9:37:2F,-93,11
22/04/2026,08:03:39,193,Lab. de matemática,NPEF/NEPA,50:C7:BF:EF:56:8A,-66,3
22/04/2026,08:03:39,193,Lab. de matemática,IFPB-VISITANTE,84:F1:47:54:80:62,-76,11
22/04/2026,08:03:39,193,Lab. de matemática,IFPB,84:F1:47:54:80:60,-77,11
22/04/2026,08:03:39,193,Lab. de matemática,IFPB,84:F1:47:54:6B:80,-80,6
22/04/2026,08:03:39,193,Lab. de matemática,IFPB-VISITANTE,84:F1:47:54:6B:82,-82,6
22/04/2026,08:03:39,193,Lab. de matemática,IFPB,84:F1:47:54:8B:A0,-84,1
22/04/2026,08:03:40,193,Lab. de matemática,IFPB-VISITANTE,84:F1:47:54:8B:A2,-84,1
22/04/2026,08:03:40,193,Lab. de matemática,IFPB-VISITANTE,84:F1:47:54:FD:62,-86,1
22/04/2026,08:03:40,193,Lab. de matemática,kaka-IF,00:E0:4C:65:36:BC,-86,11
22/04/2026,08:03:40,193,Lab. de matemática,IFPB,84:F1:47:54:FD:60,-87,1
22/04/2026,08:03:40,193,Lab. de matemática,TP-Link_1324,7C:F1:7E:8D:13:22,-88,10
22/04/2026,08:03:40,193,Lab. de matemática,Lab. de Sinais Digitais,18:D6:C7:F9:37:2F,-92,11
22/04/2026,08:03:40,193,Lab. de matemática,IFPB-MM,54:E6:FC:BA:AD:86,-93,1
22/04/2026,08:03:40,193,Lab. de matemática,TP-Link_C3CB,D8:0D:17:3E:C3:CB,-93,4
22/04/2026,08:03:40,193,Lab. de matemática,Clara,8E:C0:B9:B0:45:01,-93,6
22/04/2026,08:03:40,193,Lab. de matemática,GPDS,00:26:5A:66:55:EF,-93,6
22/04/2026,08:03:40,193,Lab. de matemática,Rafaela 🤍,52:34:39:7B:41:F6,-93,7
22/04/2026,08:03:40,193,Lab. de matemática,UA2-MiniLab,60:32:B1:2D:66:C3,-93,10
22/04/2026,08:03:40,193,Lab. de matemática,EBF243D6-HE8D94yaFM1AOcS,44:D2:44:DD:32:49,-93,11
22/04/2026,08:03:40,193,Lab. de matemática,APTelefonia,58:10:8C:91:F3:AA,-94,1
22/04/2026,08:03:49,194,Lab. de matemática,NPEF/NEPA,50:C7:BF:EF:56:8A,-69,3
22/04/2026,08:03:49,194,Lab. de matemática,kaka-IF,00:E0:4C:65:36:BC,-77,11
22/04/2026,08:03:49,194,Lab. de matemática,IFPB,84:F1:47:54:80:60,-77,11
22/04/2026,08:03:49,194,Lab. de matemática,IFPB,84:F1:47:54:8B:A0,-79,1
22/04/2026,08:03:49,194,Lab. de matemática,IFPB-VISITANTE,84:F1:47:54:8B:A2,-79,1
22/04/2026,08:03:49,194,Lab. de matemática,IFPB-VISITANTE,84:F1:47:54:80:62,-79,11
22/04/2026,08:03:50,194,Lab. de matemática,IFPB,84:F1:47:54:FD:60,-84,1
22/04/2026,08:03:50,194,Lab. de matemática,IFPB-VISITANTE,84:F1:47:54:6B:82,-84,6
22/04/2026,08:03:50,194,Lab. de matemática,IFPB,84:F1:47:54:6B:80,-84,6
22/04/2026,08:03:50,194,Lab. de matemática,IFPB-VISITANTE,84:F1:47:54:FD:62,-85,1
22/04/2026,08:03:50,194,Lab. de matemática,IFPB,2C:57:41:D4:A5:20,-88,11
22/04/2026,08:03:50,194,Lab. de matemática,IFPB-VISITANTE,2C:57:41:D4:A5:22,-88,11
22/04/2026,08:03:50,194,Lab. de matemática,UA2-MiniLab,60:32:B1:2D:66:C3,-92,10
22/04/2026,08:03:50,194,Lab. de matemática,TP-Link_C3CB,D8:0D:17:3E:C3:CB,-93,4
22/04/2026,08:03:50,194,Lab. de matemática,EBF243D6-HE8D94yaFM1AOcS,44:D2:44:DD:32:49,-93,11
22/04/2026,08:03:50,194,Lab. de matemática,IFPB-MM,54:E6:FC:BA:AD:86,-94,1
22/04/2026,08:03:50,194,Lab. de matemática,Clara,8E:C0:B9:B0:45:01,-95,6
22/04/2026,08:03:50,194,Lab. de matemática,Lab. de Sinais Digitais,18:D6:C7:F9:37:2F,-95,11
22/04/2026,08:03:59,195,Lab. de matemática,NPEF/NEPA,50:C7:BF:EF:56:8A,-68,3
22/04/2026,08:03:59,195,Lab. de matemática,IFPB,84:F1:47:54:8B:A0,-80,1
22/04/2026,08:03:59,195,Lab. de matemática,IFPB-VISITANTE,84:F1:47:54:8B:A2,-80,1
22/04/2026,08:03:59,195,Lab. de matemática,IFPB,84:F1:47:54:80:60,-80,11
22/04/2026,08:03:59,195,Lab. de matemática,IFPB-VISITANTE,84:F1:47:54:80:62,-80,11
22/04/2026,08:03:59,195,Lab. de matemática,kaka-IF,00:E0:4C:65:36:BC,-83,11
22/04/2026,08:04:00,195,Lab. de matemática,IFPB-VISITANTE,84:F1:47:54:FD:62,-84,1
22/04/2026,08:04:00,195,Lab. de matemática,IFPB-VISITANTE,84:F1:47:54:6B:82,-84,6
22/04/2026,08:04:00,195,Lab. de matemática,IFPB,84:F1:47:54:6B:80,-84,6
22/04/2026,08:04:00,195,Lab. de matemática,IFPB,84:F1:47:54:FD:60,-85,1
22/04/2026,08:04:00,195,Lab. de matemática,IFPB,2C:57:41:D4:A5:20,-89,11
22/04/2026,08:04:00,195,Lab. de matemática,IFPB-VISITANTE,2C:57:41:D4:A5:22,-89,11
22/04/2026,08:04:00,195,Lab. de matemática,Clara,8E:C0:B9:B0:45:01,-90,6
22/04/2026,08:04:00,195,Lab. de matemática,TP-Link_1324,7C:F1:7E:8D:13:22,-90,10
22/04/2026,08:04:00,195,Lab. de matemática,Rafaela 🤍,52:34:39:7B:41:F6,-91,7
22/04/2026,08:04:00,195,Lab. de matemática,UA2-MiniLab,60:32:B1:2D:66:C3,-92,10
22/04/2026,08:04:00,195,Lab. de matemática,IFPB-MM,54:E6:FC:BA:AD:86,-93,1
22/04/2026,08:04:00,195,Lab. de matemática,EBF243D6-HE8D94yaFM1AOcS,44:D2:44:DD:32:49,-93,11
22/04/2026,08:04:00,195,Lab. de matemática,GPDS,00:26:5A:66:55:EF,-94,6
22/04/2026,08:04:00,195,Lab. de matemática,TP-Link_C3CB,D8:0D:17:3E:C3:CB,-95,4
22/04/2026,08:04:09,196,Lab. de matemática,NPEF/NEPA,50:C7:BF:EF:56:8A,-69,3
22/04/2026,08:04:09,196,Lab. de matemática,IFPB-VISITANTE,84:F1:47:54:8B:A2,-79,1
22/04/2026,08:04:09,196,Lab. de matemática,IFPB-VISITANTE,84:F1:47:54:80:62,-79,11
22/04/2026,08:04:09,196,Lab. de matemática,IFPB,84:F1:47:54:8B:A0,-80,1
22/04/2026,08:04:09,196,Lab. de matemática,IFPB,84:F1:47:54:80:60,-80,11
22/04/2026,08:04:09,196,Lab. de matemática,kaka-IF,00:E0:4C:65:36:BC,-82,11
22/04/2026,08:04:10,196,Lab. de matemática,IFPB-VISITANTE,84:F1:47:54:FD:62,-84,1
22/04/2026,08:04:10,196,Lab. de matemática,IFPB-VISITANTE,84:F1:47:54:6B:82,-84,6
22/04/2026,08:04:10,196,Lab. de matemática,IFPB,84:F1:47:54:6B:80,-84,6
22/04/2026,08:04:10,196,Lab. de matemática,IFPB,84:F1:47:54:FD:60,-85,1
22/04/2026,08:04:10,196,Lab. de matemática,Lab. de Sinais Digitais,18:D6:C7:F9:37:2F,-88,11
22/04/2026,08:04:10,196,Lab. de matemática,IFPB-MM,54:E6:FC:BA:AD:86,-89,1
22/04/2026,08:04:10,196,Lab. de matemática,Clara,8E:C0:B9:B0:45:01,-89,6
22/04/2026,08:04:10,196,Lab. de matemática,IFPB-VISITANTE,84:F1:47:54:F9:82,-89,11
22/04/2026,08:04:10,196,Lab. de matemática,EBF243D6-HE8D94yaFM1AOcS,44:D2:44:DD:32:49,-90,11
22/04/2026,08:04:10,196,Lab. de matemática,IFPB,2C:57:41:D4:A5:20,-90,11
22/04/2026,08:04:10,196,Lab. de matemática,IFPB,84:F1:47:54:F9:80,-92,11
22/04/2026,08:04:10,196,Lab. de matemática,GPDS,00:26:5A:66:55:EF,-93,6
22/04/2026,08:04:10,196,Lab. de matemática,DIRECT-h6-Tab A7 de Jônatas,8E:E5:C0:E7:58:CC,-93,11
22/04/2026,08:04:10,196,Lab. de matemática,IFPB-VISITANTE,2C:57:41:D4:A5:22,-93,11
22/04/2026,08:04:10,196,Lab. de matemática,APTelefonia,58:10:8C:91:F3:AA,-94,1
22/04/2026,08:04:10,196,Lab. de matemática,TP-Link_C3CB,D8:0D:17:3E:C3:CB,-94,4
22/04/2026,08:04:10,196,Lab. de matemática,Rafaela 🤍,52:34:39:7B:41:F6,-94,7
22/04/2026,08:04:10,196,Lab. de matemática,UA2-MiniLab,60:32:B1:2D:66:C3,-95,10
22/04/2026,08:04:20,197,Lab. de matemática,NPEF/NEPA,50:C7:BF:EF:56:8A,-68,3
22/04/2026,08:04:20,197,Lab. de matemática,IFPB,84:F1:47:54:8B:A0,-80,1
22/04/2026,08:04:20,197,Lab. de matemática,IFPB-VISITANTE,84:F1:47:54:8B:A2,-80,1
22/04/2026,08:04:20,197,Lab. de matemática,IFPB,84:F1:47:54:80:60,-81,11
22/04/2026,08:04:20,197,Lab. de matemática,IFPB-VISITANTE,84:F1:47:54:80:62,-81,11
22/04/2026,08:04:20,197,Lab. de matemática,kaka-IF,00:E0:4C:65:36:BC,-81,11
22/04/2026,08:04:20,197,Lab. de matemática,IFPB-VISITANTE,84:F1:47:54:6B:82,-83,6
22/04/2026,08:04:20,197,Lab. de matemática,IFPB,84:F1:47:54:FD:60,-85,1
22/04/2026,08:04:20,197,Lab. de matemática,IFPB-VISITANTE,84:F1:47:54:FD:62,-85,1
22/04/2026,08:04:20,197,Lab. de matemática,IFPB,84:F1:47:54:6B:80,-85,6
22/04/2026,08:04:20,197,Lab. de matemática,EBF243D6-HE8D94yaFM1AOcS,44:D2:44:DD:32:49,-87,11
22/04/2026,08:04:20,197,Lab. de matemática,IFPB-VISITANTE,84:F1:47:54:F9:82,-88,11
22/04/2026,08:04:20,197,Lab. de matemática,IFPB,84:F1:47:54:7F:60,-89,6
22/04/2026,08:04:20,197,Lab. de matemática,IFPB,2C:57:41:D4:A5:20,-89,11
22/04/2026,08:04:20,197,Lab. de matemática,IFPB-VISITANTE,2C:57:41:D4:A5:22,-90,11
22/04/2026,08:04:20,197,Lab. de matemática,Clara,8E:C0:B9:B0:45:01,-91,6
22/04/2026,08:04:20,197,Lab. de matemática,TP-Link_1324,7C:F1:7E:8D:13:22,-91,10
22/04/2026,08:04:20,197,Lab. de matemática,Lab. de Sinais Digitais,18:D6:C7:F9:37:2F,-91,11
22/04/2026,08:04:20,197,Lab. de matemática,Rafaela 🤍,52:34:39:7B:41:F6,-92,7
22/04/2026,08:04:20,197,Lab. de matemática,UA2-MiniLab,60:32:B1:2D:66:C3,-92,10
22/04/2026,08:04:20,197,Lab. de matemática,APTelefonia,58:10:8C:91:F3:AA,-93,1
22/04/2026,08:04:20,197,Lab. de matemática,GPDS,00:26:5A:66:55:EF,-93,6
22/04/2026,08:04:20,197,Lab. de matemática,TP-Link_C3CB,D8:0D:17:3E:C3:CB,-94,4
22/04/2026,08:04:20,197,Lab. de matemática,IFPB-MM,54:E6:FC:BA:AD:86,-96,1
22/04/2026,08:04:30,198,Lab. de matemática,NPEF/NEPA,50:C7:BF:EF:56:8A,-68,3
22/04/2026,08:04:30,198,Lab. de matemática,kaka-IF,00:E0:4C:65:36:BC,-76,11
22/04/2026,08:04:30,198,Lab. de matemática,IFPB-VISITANTE,84:F1:47:54:80:62,-79,11
22/04/2026,08:04:30,198,Lab. de matemática,IFPB,84:F1:47:54:8B:A0,-80,1
22/04/2026,08:04:30,198,Lab. de matemática,IFPB-VISITANTE,84:F1:47:54:8B:A2,-80,1
22/04/2026,08:04:30,198,Lab. de matemática,IFPB,84:F1:47:54:80:60,-80,11
22/04/2026,08:04:30,198,Lab. de matemática,IFPB,84:F1:47:54:FD:60,-83,1
22/04/2026,08:04:30,198,Lab. de matemática,IFPB-VISITANTE,84:F1:47:54:6B:82,-84,6
22/04/2026,08:04:30,198,Lab. de matemática,IFPB,84:F1:47:54:6B:80,-85,6
22/04/2026,08:04:30,198,Lab. de matemática,Rafaela 🤍,52:34:39:7B:41:F6,-85,7
22/04/2026,08:04:30,198,Lab. de matemática,IFPB-VISITANTE,84:F1:47:54:FD:62,-86,1
22/04/2026,08:04:30,198,Lab. de matemática,Lab. de Sinais Digitais,18:D6:C7:F9:37:2F,-87,11
22/04/2026,08:04:30,198,Lab. de matemática,TP-Link_1324,7C:F1:7E:8D:13:22,-88,10
22/04/2026,08:04:30,198,Lab. de matemática,GPDS,00:26:5A:66:55:EF,-89,6
22/04/2026,08:04:30,198,Lab. de matemática,IFPB,2C:57:41:D4:A5:20,-89,11
22/04/2026,08:04:30,198,Lab. de matemática,EBF243D6-HE8D94yaFM1AOcS,44:D2:44:DD:32:49,-89,11
22/04/2026,08:04:30,198,Lab. de matemática,IFPB-VISITANTE,2C:57:41:D4:A5:22,-91,11
22/04/2026,08:04:30,198,Lab. de matemática,IFPB-VISITANTE,84:F1:47:54:F9:82,-91,11
22/04/2026,08:04:30,198,Lab. de matemática,IFPB-MM,54:E6:FC:BA:AD:86,-92,1
22/04/2026,08:04:30,198,Lab. de matemática,APTelefonia,58:10:8C:91:F3:AA,-93,1
22/04/2026,08:04:30,198,Lab. de matemática,UA2-MiniLab,60:32:B1:2D:66:C3,-93,10
22/04/2026,08:04:30,198,Lab. de matemática,TP-Link_C3CB,D8:0D:17:3E:C3:CB,-94,4
22/04/2026,08:04:30,198,Lab. de matemática,Clara,8E:C0:B9:B0:45:01,-94,6
22/04/2026,08:04:40,199,Lab. de matemática,NPEF/NEPA,50:C7:BF:EF:56:8A,-66,3
22/04/2026,08:04:40,199,Lab. de matemática,IFPB,84:F1:47:54:8B:A0,-77,1
22/04/2026,08:04:40,199,Lab. de matemática,IFPB-VISITANTE,84:F1:47:54:8B:A2,-77,1
22/04/2026,08:04:40,199,Lab. de matemática,kaka-IF,00:E0:4C:65:36:BC,-78,11
22/04/2026,08:04:40,199,Lab. de matemática,IFPB-VISITANTE,84:F1:47:54:6B:82,-81,6
22/04/2026,08:04:40,199,Lab. de matemática,IFPB,84:F1:47:54:6B:80,-81,6
22/04/2026,08:04:40,199,Lab. de matemática,IFPB,84:F1:47:54:80:60,-81,11
22/04/2026,08:04:40,199,Lab. de matemática,IFPB-VISITANTE,84:F1:47:54:80:62,-81,11
22/04/2026,08:04:40,199,Lab. de matemática,IFPB-VISITANTE,84:F1:47:54:FD:62,-83,1
22/04/2026,08:04:40,199,Lab. de matemática,IFPB,84:F1:47:54:FD:60,-84,1
22/04/2026,08:04:40,199,Lab. de matemática,IFPB,2C:57:41:D4:A5:20,-87,11
22/04/2026,08:04:40,199,Lab. de matemática,EBF243D6-HE8D94yaFM1AOcS,44:D2:44:DD:32:49,-87,11
22/04/2026,08:04:40,199,Lab. de matemática,IFPB,84:F1:47:54:7F:60,-88,6
22/04/2026,08:04:40,199,Lab. de matemática,IFPB-VISITANTE,2C:57:41:D4:A5:22,-88,11
22/04/2026,08:04:40,199,Lab. de matemática,Lab. de Sinais Digitais,18:D6:C7:F9:37:2F,-88,11
22/04/2026,08:04:40,199,Lab. de matemática,APTelefonia,58:10:8C:91:F3:AA,-89,1
22/04/2026,08:04:40,199,Lab. de matemática,TP-Link_1324,7C:F1:7E:8D:13:22,-89,10
22/04/2026,08:04:40,199,Lab. de matemática,IFPB-MM,54:E6:FC:BA:AD:86,-90,1
22/04/2026,08:04:40,199,Lab. de matemática,TP-Link_C3CB,D8:0D:17:3E:C3:CB,-90,4
22/04/2026,08:04:40,199,Lab. de matemática,GPDS,00:26:5A:66:55:EF,-90,6
22/04/2026,08:04:40,199,Lab. de matemática,UA2-MiniLab,60:32:B1:2D:66:C3,-91,10
22/04/2026,08:04:40,199,Lab. de matemática,Clara,8E:C0:B9:B0:45:01,-92,6
22/04/2026,08:04:40,199,Lab. de matemática,Rafaela 🤍,52:34:39:7B:41:F6,-93,7
22/04/2026,08:04:50,200,Lab. de matemática,NPEF/NEPA,50:C7:BF:EF:56:8A,-67,3
22/04/2026,08:04:50,200,Lab. de matemática,IFPB,84:F1:47:54:8B:A0,-77,1
22/04/2026,08:04:50,200,Lab. de matemática,IFPB-VISITANTE,84:F1:47:54:8B:A2,-77,1
22/04/2026,08:04:50,200,Lab. de matemática,IFPB,84:F1:47:54:6B:80,-81,6
22/04/2026,08:04:50,200,Lab. de matemática,IFPB-VISITANTE,84:F1:47:54:6B:82,-81,6
22/04/2026,08:04:50,200,Lab. de matemática,IFPB,84:F1:47:54:80:60,-82,11
22/04/2026,08:04:50,200,Lab. de matemática,kaka-IF,00:E0:4C:65:36:BC,-82,11
22/04/2026,08:04:50,200,Lab. de matemática,IFPB-VISITANTE,84:F1:47:54:80:62,-83,11
22/04/2026,08:04:50,200,Lab. de matemática,IFPB,84:F1:47:54:FD:60,-85,1
22/04/2026,08:04:50,200,Lab. de matemática,IFPB-VISITANTE,84:F1:47:54:FD:62,-85,1
22/04/2026,08:04:50,200,Lab. de matemática,IFPB-VISITANTE,84:F1:47:54:7F:62,-86,6
22/04/2026,08:04:50,200,Lab. de matemática,IFPB,84:F1:47:54:7F:60,-87,6
22/04/2026,08:04:50,200,Lab. de matemática,TP-Link_1324,7C:F1:7E:8D:13:22,-87,10
22/04/2026,08:04:50,200,Lab. de matemática,APTelefonia,58:10:8C:91:F3:AA,-88,1
22/04/2026,08:04:50,200,Lab. de matemática,Rafaela 🤍,52:34:39:7B:41:F6,-88,7
22/04/2026,08:04:50,200,Lab. de matemática,IFPB-VISITANTE,2C:57:41:D4:A5:22,-88,11
22/04/2026,08:04:50,200,Lab. de matemática,IFPB,2C:57:41:D4:A5:20,-89,11
22/04/2026,08:04:50,200,Lab. de matemática,EBF243D6-HE8D94yaFM1AOcS,44:D2:44:DD:32:49,-89,11
22/04/2026,08:04:50,200,Lab. de matemática,IFPB-MM,54:E6:FC:BA:AD:86,-91,1
22/04/2026,08:04:50,200,Lab. de matemática,GPDS,00:26:5A:66:55:EF,-91,6
22/04/2026,08:04:50,200,Lab. de matemática,Clara,8E:C0:B9:B0:45:01,-91,6
22/04/2026,08:04:50,200,Lab. de matemática,Lab. de Sinais Digitais,18:D6:C7:F9:37:2F,-91,11
22/04/2026,08:04:50,200,Lab. de matemática,UA2-MiniLab,60:32:B1:2D:66:C3,-92,10
22/04/2026,08:04:50,200,Lab. de matemática,TP-Link_C3CB,D8:0D:17:3E:C3:CB,-94,4
22/04/2026,08:05:49,201,Lab. de biologia,kaka-IF,00:E0:4C:65:36:BC,-58,11
22/04/2026,08:05:49,201,Lab. de biologia,IFPB,24:36:DA:2B:BC:00,-69,6
22/04/2026,08:05:49,201,Lab. de biologia,IFPB-VISITANTE,24:36:DA:2B:BC:02,-69,6
22/04/2026,08:05:49,201,Lab. de biologia,IFPB-VISITANTE,84:F1:47:54:6B:82,-73,6
22/04/2026,08:05:49,201,Lab. de biologia,IFPB,84:F1:47:54:6B:80,-74,6
22/04/2026,08:05:49,201,Lab. de biologia,APTelefonia,58:10:8C:91:F3:AA,-75,1
22/04/2026,08:05:49,201,Lab. de biologia,Intelbras,18:0D:2C:7F:EB:AC,-76,7
22/04/2026,08:05:49,201,Lab. de biologia,NPEF/NEPA,50:C7:BF:EF:56:8A,-78,3
22/04/2026,08:05:49,201,Lab. de biologia,DIRECT-h6-Tab A7 de Jônatas,8E:E5:C0:E7:58:CC,-80,11
22/04/2026,08:05:49,201,Lab. de biologia,IFPB-VISITANTE,84:F1:47:54:8B:A2,-83,1
22/04/2026,08:05:49,201,Lab. de biologia,TP-Link_1324,7C:F1:7E:8D:13:22,-83,10
22/04/2026,08:05:49,201,Lab. de biologia,UA2-MiniLab,60:32:B1:2D:66:C3,-83,10
22/04/2026,08:05:49,201,Lab. de biologia,IFPB,84:F1:47:54:8B:A0,-84,1
22/04/2026,08:05:49,201,Lab. de biologia,Lab. de Sinais Digitais,18:D6:C7:F9:37:2F,-84,11
22/04/2026,08:05:49,201,Lab. de biologia,IFPB-Sala_Professor_14,24:FD:0D:57:19:26,-87,5
22/04/2026,08:05:49,201,Lab. de biologia,IFPB,84:F1:47:54:81:00,-87,11
22/04/2026,08:05:49,201,Lab. de biologia,IFPB-VISITANTE,84:F1:47:54:81:02,-88,11
22/04/2026,08:05:49,201,Lab. de biologia,IFPB-VISITANTE,84:F1:47:54:FD:62,-91,1
22/04/2026,08:05:49,201,Lab. de biologia,IFPB,84:F1:47:54:FD:60,-91,1
22/04/2026,08:05:49,201,Lab. de biologia,IFPB-VISITANTE,E4:4E:2D:85:4C:62,-91,11
22/04/2026,08:05:49,201,Lab. de biologia,Clara,8E:C0:B9:B0:45:01,-92,6
22/04/2026,08:05:49,201,Lab. de biologia,GPDS,00:26:5A:66:55:EF,-93,6
22/04/2026,08:05:59,202,Lab. de biologia,kaka-IF,00:E0:4C:65:36:BC,-55,11
22/04/2026,08:05:59,202,Lab. de biologia,IFPB-VISITANTE,24:36:DA:2B:BC:02,-66,6
22/04/2026,08:05:59,202,Lab. de biologia,IFPB,24:36:DA:2B:BC:00,-67,6
22/04/2026,08:05:59,202,Lab. de biologia,APTelefonia,58:10:8C:91:F3:AA,-73,1
22/04/2026,08:05:59,202,Lab. de biologia,IFPB,84:F1:47:54:6B:80,-76,6
22/04/2026,08:05:59,202,Lab. de biologia,IFPB-VISITANTE,84:F1:47:54:6B:82,-76,6
22/04/2026,08:05:59,202,Lab. de biologia,Intelbras,18:0D:2C:7F:EB:AC,-76,7
22/04/2026,08:05:59,202,Lab. de biologia,UA2-MiniLab,60:32:B1:2D:66:C3,-83,10
22/04/2026,08:05:59,202,Lab. de biologia,Lab. de Sinais Digitais,18:D6:C7:F9:37:2F,-83,11
22/04/2026,08:05:59,202,Lab. de biologia,IFPB-VISITANTE,84:F1:47:54:8B:A2,-84,1
22/04/2026,08:05:59,202,Lab. de biologia,NPEF/NEPA,50:C7:BF:EF:56:8A,-84,3
22/04/2026,08:05:59,202,Lab. de biologia,DIRECT-h6-Tab A7 de Jônatas,8E:E5:C0:E7:58:CC,-84,11
22/04/2026,08:05:59,202,Lab. de biologia,IFPB,84:F1:47:54:8B:A0,-85,1
22/04/2026,08:05:59,202,Lab. de biologia,IFPB-Sala_Professor_14,24:FD:0D:57:19:26,-85,5
22/04/2026,08:05:59,202,Lab. de biologia,TP-Link_1324,7C:F1:7E:8D:13:22,-86,10
22/04/2026,08:05:59,202,Lab. de biologia,IFPB-VISITANTE,84:F1:47:54:81:02,-86,11
22/04/2026,08:06:00,202,Lab. de biologia,IFPB,84:F1:47:54:81:00,-87,11
22/04/2026,08:06:00,202,Lab. de biologia,IFPB-VISITANTE,84:F1:47:54:FD:62,-88,1
22/04/2026,08:06:00,202,Lab. de biologia,IFPB,84:F1:47:54:FD:60,-89,1
22/04/2026,08:06:00,202,Lab. de biologia,Clara,8E:C0:B9:B0:45:01,-93,6
22/04/2026,08:06:00,202,Lab. de biologia,GPDS,00:26:5A:66:55:EF,-94,6
22/04/2026,08:06:09,203,Lab. de biologia,kaka-IF,00:E0:4C:65:36:BC,-57,11
22/04/2026,08:06:09,203,Lab. de biologia,IFPB-VISITANTE,24:36:DA:2B:BC:02,-64,6
22/04/2026,08:06:09,203,Lab. de biologia,IFPB,24:36:DA:2B:BC:00,-65,6
22/04/2026,08:06:09,203,Lab. de biologia,IFPB,84:F1:47:54:6B:80,-75,6
22/04/2026,08:06:09,203,Lab. de biologia,IFPB-VISITANTE,84:F1:47:54:6B:82,-75,6
22/04/2026,08:06:09,203,Lab. de biologia,DIRECT-h6-Tab A7 de Jônatas,8E:E5:C0:E7:58:CC,-75,11
22/04/2026,08:06:09,203,Lab. de biologia,APTelefonia,58:10:8C:91:F3:AA,-76,1
22/04/2026,08:06:09,203,Lab. de biologia,NPEF/NEPA,50:C7:BF:EF:56:8A,-77,3
22/04/2026,08:06:09,203,Lab. de biologia,Intelbras,18:0D:2C:7F:EB:AC,-77,7
22/04/2026,08:06:09,203,Lab. de biologia,TP-Link_1324,7C:F1:7E:8D:13:22,-77,10
22/04/2026,08:06:09,203,Lab. de biologia,IFPB-VISITANTE,84:F1:47:54:8B:A2,-79,1
22/04/2026,08:06:09,203,Lab. de biologia,IFPB,84:F1:47:54:8B:A0,-80,1
22/04/2026,08:06:09,203,Lab. de biologia,IFPB-Sala_Professor_14,24:FD:0D:57:19:26,-81,5
22/04/2026,08:06:09,203,Lab. de biologia,UA2-MiniLab,60:32:B1:2D:66:C3,-84,10
22/04/2026,08:06:09,203,Lab. de biologia,IFPB,84:F1:47:54:81:00,-85,11
22/04/2026,08:06:09,203,Lab. de biologia,IFPB-VISITANTE,84:F1:47:54:81:02,-85,11
22/04/2026,08:06:10,203,Lab. de biologia,IFPB,84:F1:47:54:FD:60,-89,1
22/04/2026,08:06:10,203,Lab. de biologia,Lab. de Sinais Digitais,18:D6:C7:F9:37:2F,-89,11
22/04/2026,08:06:10,203,Lab. de biologia,IFPB,2C:57:41:CD:E1:C0,-89,11
22/04/2026,08:06:10,203,Lab. de biologia,IFPB-VISITANTE,2C:57:41:CD:E1:C2,-89,11
22/04/2026,08:06:10,203,Lab. de biologia,EBF243D6-HE8D94yaFM1AOcS,44:D2:44:DD:32:49,-92,11
22/04/2026,08:06:10,203,Lab. de biologia,GPDS,00:26:5A:66:55:EF,-95,6
22/04/2026,08:06:19,204,Lab. de biologia,IFPB,24:36:DA:2B:BC:00,-65,6
22/04/2026,08:06:19,204,Lab. de biologia,IFPB-VISITANTE,24:36:DA:2B:BC:02,-65,6
22/04/2026,08:06:19,204,Lab. de biologia,kaka-IF,00:E0:4C:65:36:BC,-68,11
22/04/2026,08:06:19,204,Lab. de biologia,IFPB,84:F1:47:54:6B:80,-70,6
22/04/2026,08:06:19,204,Lab. de biologia,IFPB-VISITANTE,84:F1:47:54:6B:82,-70,6
22/04/2026,08:06:19,204,Lab. de biologia,APTelefonia,58:10:8C:91:F3:AA,-73,1
22/04/2026,08:06:19,204,Lab. de biologia,Intelbras,18:0D:2C:7F:EB:AC,-76,7
22/04/2026,08:06:19,204,Lab. de biologia,DIRECT-h6-Tab A7 de Jônatas,8E:E5:C0:E7:58:CC,-77,11
22/04/2026,08:06:19,204,Lab. de biologia,TP-Link_1324,7C:F1:7E:8D:13:22,-79,10
22/04/2026,08:06:19,204,Lab. de biologia,NPEF/NEPA,50:C7:BF:EF:56:8A,-81,3
22/04/2026,08:06:19,204,Lab. de biologia,Lab. de Sinais Digitais,18:D6:C7:F9:37:2F,-81,11
22/04/2026,08:06:20,204,Lab. de biologia,IFPB,84:F1:47:54:8B:A0,-83,1
22/04/2026,08:06:20,204,Lab. de biologia,IFPB-VISITANTE,84:F1:47:54:8B:A2,-83,1
22/04/2026,08:06:20,204,Lab. de biologia,IFPB-VISITANTE,84:F1:47:54:96:E2,-89,1
22/04/2026,08:06:20,204,Lab. de biologia,IFPB,84:F1:47:54:96:E0,-90,1
22/04/2026,08:06:29,205,Lab. de biologia,IFPB,24:36:DA:2B:BC:00,-64,6
22/04/2026,08:06:29,205,Lab. de biologia,IFPB-VISITANTE,24:36:DA:2B:BC:02,-64,6
22/04/2026,08:06:29,205,Lab. de biologia,APTelefonia,58:10:8C:91:F3:AA,-71,1
22/04/2026,08:06:29,205,Lab. de biologia,Intelbras,18:0D:2C:7F:EB:AC,-71,7
22/04/2026,08:06:29,205,Lab. de biologia,IFPB-Sala_Professor_14,24:FD:0D:57:19:26,-72,5
22/04/2026,08:06:29,205,Lab. de biologia,IFPB,84:F1:47:54:6B:80,-72,6
22/04/2026,08:06:29,205,Lab. de biologia,IFPB-VISITANTE,84:F1:47:54:6B:82,-72,6
22/04/2026,08:06:29,205,Lab. de biologia,kaka-IF,00:E0:4C:65:36:BC,-73,11
22/04/2026,08:06:29,205,Lab. de biologia,TP-Link_1324,7C:F1:7E:8D:13:22,-78,10
22/04/2026,08:06:29,205,Lab. de biologia,IFPB,84:F1:47:54:8B:A0,-80,1
22/04/2026,08:06:29,205,Lab. de biologia,IFPB-VISITANTE,84:F1:47:54:8B:A2,-80,1
22/04/2026,08:06:29,205,Lab. de biologia,DIRECT-h6-Tab A7 de Jônatas,8E:E5:C0:E7:58:CC,-82,11
22/04/2026,08:06:29,205,Lab. de biologia,IFPB,84:F1:47:54:81:00,-84,11
22/04/2026,08:06:29,205,Lab. de biologia,IFPB-VISITANTE,84:F1:47:54:81:02,-85,11
22/04/2026,08:06:29,205,Lab. de biologia,Lab. de Sinais Digitais,18:D6:C7:F9:37:2F,-86,11
22/04/2026,08:06:29,205,Lab. de biologia,NPEF/NEPA,50:C7:BF:EF:56:8A,-88,3
22/04/2026,08:06:30,205,Lab. de biologia,IFPB,84:F1:47:54:96:E0,-89,1
22/04/2026,08:06:30,205,Lab. de biologia,IFPB-VISITANTE,84:F1:47:54:96:E2,-89,1
22/04/2026,08:06:30,205,Lab. de biologia,Clara,8E:C0:B9:B0:45:01,-93,6
22/04/2026,08:06:30,205,Lab. de biologia,IFPB TCC,D8:5D:4C:86:7E:66,-95,1
22/04/2026,08:06:39,206,Lab. de biologia,kaka-IF,00:E0:4C:65:36:BC,-66,11
22/04/2026,08:06:39,206,Lab. de biologia,IFPB-VISITANTE,24:36:DA:2B:BC:02,-69,6
22/04/2026,08:06:39,206,Lab. de biologia,IFPB,24:36:DA:2B:BC:00,-70,6
22/04/2026,08:06:39,206,Lab. de biologia,IFPB-VISITANTE,84:F1:47:54:6B:82,-70,6
22/04/2026,08:06:39,206,Lab. de biologia,IFPB,84:F1:47:54:6B:80,-70,6
22/04/2026,08:06:39,206,Lab. de biologia,APTelefonia,58:10:8C:91:F3:AA,-73,1
22/04/2026,08:06:39,206,Lab. de biologia,IFPB-Sala_Professor_14,24:FD:0D:57:19:26,-74,5
22/04/2026,08:06:39,206,Lab. de biologia,Intelbras,18:0D:2C:7F:EB:AC,-75,7
22/04/2026,08:06:39,206,Lab. de biologia,DIRECT-h6-Tab A7 de Jônatas,8E:E5:C0:E7:58:CC,-77,11
22/04/2026,08:06:39,206,Lab. de biologia,IFPB-VISITANTE,84:F1:47:54:8B:A2,-80,1
22/04/2026,08:06:39,206,Lab. de biologia,IFPB,84:F1:47:54:8B:A0,-81,1
22/04/2026,08:06:39,206,Lab. de biologia,Lab. de Sinais Digitais,18:D6:C7:F9:37:2F,-82,11
22/04/2026,08:06:39,206,Lab. de biologia,NPEF/NEPA,50:C7:BF:EF:56:8A,-87,3
22/04/2026,08:06:39,206,Lab. de biologia,IFPB-VISITANTE,84:F1:47:54:FD:62,-88,1
22/04/2026,08:06:39,206,Lab. de biologia,UA2-MiniLab,60:32:B1:2D:66:C3,-88,10
22/04/2026,08:06:39,206,Lab. de biologia,TP-Link_1324,7C:F1:7E:8D:13:22,-88,10
22/04/2026,08:06:40,206,Lab. de biologia,IFPB,84:F1:47:54:FD:60,-90,1
22/04/2026,08:06:40,206,Lab. de biologia,IFPB,84:F1:47:54:96:E0,-90,1
22/04/2026,08:06:40,206,Lab. de biologia,IFPB-VISITANTE,84:F1:47:54:96:E2,-90,1
22/04/2026,08:06:40,206,Lab. de biologia,IFPB,E4:4E:2D:85:4C:60,-90,11
22/04/2026,08:06:40,206,Lab. de biologia,IFPB TCC,D8:5D:4C:86:7E:66,-96,1
22/04/2026,08:06:40,206,Lab. de biologia,GPDS,00:26:5A:66:55:EF,-96,6
22/04/2026,08:06:49,207,Lab. de biologia,IFPB,24:36:DA:2B:BC:00,-70,6
22/04/2026,08:06:49,207,Lab. de biologia,IFPB-VISITANTE,24:36:DA:2B:BC:02,-70,6
22/04/2026,08:06:49,207,Lab. de biologia,kaka-IF,00:E0:4C:65:36:BC,-70,11
22/04/2026,08:06:49,207,Lab. de biologia,Intelbras,18:0D:2C:7F:EB:AC,-71,7
22/04/2026,08:06:49,207,Lab. de biologia,APTelefonia,58:10:8C:91:F3:AA,-75,1
22/04/2026,08:06:49,207,Lab. de biologia,IFPB,84:F1:47:54:6B:80,-75,6
22/04/2026,08:06:49,207,Lab. de biologia,IFPB-VISITANTE,84:F1:47:54:6B:82,-75,6
22/04/2026,08:06:49,207,Lab. de biologia,DIRECT-h6-Tab A7 de Jônatas,8E:E5:C0:E7:58:CC,-79,11
22/04/2026,08:06:49,207,Lab. de biologia,IFPB,84:F1:47:54:8B:A0,-80,1
22/04/2026,08:06:49,207,Lab. de biologia,IFPB-VISITANTE,84:F1:47:54:8B:A2,-80,1
22/04/2026,08:06:49,207,Lab. de biologia,Lab. de Sinais Digitais,18:D6:C7:F9:37:2F,-80,11
22/04/2026,08:06:49,207,Lab. de biologia,NPEF/NEPA,50:C7:BF:EF:56:8A,-84,3
22/04/2026,08:06:49,207,Lab. de biologia,IFPB-VISITANTE,E4:4E:2D:85:4C:62,-91,11
22/04/2026,08:06:59,208,Lab. de biologia,kaka-IF,00:E0:4C:65:36:BC,-62,11
22/04/2026,08:06:59,208,Lab. de biologia,IFPB,24:36:DA:2B:BC:00,-68,6
22/04/2026,08:06:59,208,Lab. de biologia,IFPB-VISITANTE,24:36:DA:2B:BC:02,-68,6
22/04/2026,08:06:59,208,Lab. de biologia,IFPB,84:F1:47:54:6B:80,-71,6
22/04/2026,08:06:59,208,Lab. de biologia,IFPB-VISITANTE,84:F1:47:54:6B:82,-71,6
22/04/2026,08:06:59,208,Lab. de biologia,APTelefonia,58:10:8C:91:F3:AA,-74,1
22/04/2026,08:06:59,208,Lab. de biologia,Intelbras,18:0D:2C:7F:EB:AC,-75,7
22/04/2026,08:06:59,208,Lab. de biologia,DIRECT-h6-Tab A7 de Jônatas,8E:E5:C0:E7:58:CC,-76,11
22/04/2026,08:06:59,208,Lab. de biologia,NPEF/NEPA,50:C7:BF:EF:56:8A,-80,3
22/04/2026,08:06:59,208,Lab. de biologia,IFPB-Sala_Professor_14,24:FD:0D:57:19:26,-80,5
22/04/2026,08:06:59,208,Lab. de biologia,Lab. de Sinais Digitais,18:D6:C7:F9:37:2F,-80,11
22/04/2026,08:06:59,208,Lab. de biologia,IFPB,84:F1:47:54:8B:A0,-82,1
22/04/2026,08:06:59,208,Lab. de biologia,IFPB-VISITANTE,84:F1:47:54:8B:A2,-82,1
22/04/2026,08:06:59,208,Lab. de biologia,IFPB,84:F1:47:54:FD:60,-88,1
22/04/2026,08:06:59,208,Lab. de biologia,IFPB,84:F1:47:54:96:E0,-90,1
22/04/2026,08:06:59,208,Lab. de biologia,IFPB-VISITANTE,84:F1:47:54:FD:62,-91,1
22/04/2026,08:06:59,208,Lab. de biologia,IFPB-VISITANTE,84:F1:47:54:96:E2,-91,1
22/04/2026,08:06:59,208,Lab. de biologia,IFPB,E4:4E:2D:85:4C:60,-91,11
22/04/2026,08:06:59,208,Lab. de biologia,Clara,8E:C0:B9:B0:45:01,-93,6
22/04/2026,08:07:09,209,Lab. de biologia,kaka-IF,00:E0:4C:65:36:BC,-63,11
22/04/2026,08:07:09,209,Lab. de biologia,IFPB,24:36:DA:2B:BC:00,-69,6
22/04/2026,08:07:09,209,Lab. de biologia,IFPB-VISITANTE,24:36:DA:2B:BC:02,-69,6
22/04/2026,08:07:09,209,Lab. de biologia,IFPB,84:F1:47:54:6B:80,-70,6
22/04/2026,08:07:09,209,Lab. de biologia,IFPB-VISITANTE,84:F1:47:54:6B:82,-71,6
22/04/2026,08:07:09,209,Lab. de biologia,APTelefonia,58:10:8C:91:F3:AA,-73,1
22/04/2026,08:07:09,209,Lab. de biologia,Intelbras,18:0D:2C:7F:EB:AC,-73,7
22/04/2026,08:07:09,209,Lab. de biologia,IFPB-Sala_Professor_14,24:FD:0D:57:19:26,-77,5
22/04/2026,08:07:09,209,Lab. de biologia,IFPB,84:F1:47:54:8B:A0,-80,1
22/04/2026,08:07:09,209,Lab. de biologia,DIRECT-h6-Tab A7 de Jônatas,8E:E5:C0:E7:58:CC,-80,11
22/04/2026,08:07:09,209,Lab. de biologia,NPEF/NEPA,50:C7:BF:EF:56:8A,-81,3
22/04/2026,08:07:09,209,Lab. de biologia,IFPB-VISITANTE,84:F1:47:54:8B:A2,-82,1
22/04/2026,08:07:09,209,Lab. de biologia,Lab. de Sinais Digitais,18:D6:C7:F9:37:2F,-83,11
22/04/2026,08:07:09,209,Lab. de biologia,TP-Link_1324,7C:F1:7E:8D:13:22,-87,10
22/04/2026,08:07:09,209,Lab. de biologia,IFPB,84:F1:47:54:FD:60,-89,1
22/04/2026,08:07:09,209,Lab. de biologia,IFPB-VISITANTE,84:F1:47:54:FD:62,-91,1
22/04/2026,08:07:09,209,Lab. de biologia,Clara,8E:C0:B9:B0:45:01,-92,6
22/04/2026,08:07:19,210,Lab. de biologia,kaka-IF,00:E0:4C:65:36:BC,-67,11
22/04/2026,08:07:19,210,Lab. de biologia,IFPB,84:F1:47:54:6B:80,-70,6
22/04/2026,08:07:19,210,Lab. de biologia,IFPB-VISITANTE,84:F1:47:54:6B:82,-70,6
22/04/2026,08:07:19,210,Lab. de biologia,IFPB,24:36:DA:2B:BC:00,-72,6
22/04/2026,08:07:19,210,Lab. de biologia,IFPB-VISITANTE,24:36:DA:2B:BC:02,-72,6
22/04/2026,08:07:19,210,Lab. de biologia,DIRECT-h6-Tab A7 de Jônatas,8E:E5:C0:E7:58:CC,-72,11
22/04/2026,08:07:19,210,Lab. de biologia,APTelefonia,58:10:8C:91:F3:AA,-73,1
22/04/2026,08:07:19,210,Lab. de biologia,IFPB-Sala_Professor_14,24:FD:0D:57:19:26,-75,5
22/04/2026,08:07:19,210,Lab. de biologia,Intelbras,18:0D:2C:7F:EB:AC,-76,7
22/04/2026,08:07:19,210,Lab. de biologia,IFPB,84:F1:47:54:8B:A0,-81,1
22/04/2026,08:07:19,210,Lab. de biologia,IFPB-VISITANTE,84:F1:47:54:8B:A2,-81,1
22/04/2026,08:07:19,210,Lab. de biologia,NPEF/NEPA,50:C7:BF:EF:56:8A,-82,3
22/04/2026,08:07:19,210,Lab. de biologia,Lab. de Sinais Digitais,18:D6:C7:F9:37:2F,-84,11
22/04/2026,08:07:19,210,Lab. de biologia,UA2-MiniLab,60:32:B1:2D:66:C3,-85,10
22/04/2026,08:07:19,210,Lab. de biologia,TP-Link_1324,7C:F1:7E:8D:13:22,-86,10
22/04/2026,08:07:19,210,Lab. de biologia,IFPB-VISITANTE,84:F1:47:54:FD:62,-90,1
22/04/2026,08:07:19,210,Lab. de biologia,IFPB,84:F1:47:54:FD:60,-90,1
22/04/2026,08:07:19,210,Lab. de biologia,IFPB-VISITANTE,E4:4E:2D:85:4C:62,-90,11
22/04/2026,08:07:19,210,Lab. de biologia,IFPB,E4:4E:2D:85:4C:60,-91,11
22/04/2026,08:07:19,210,Lab. de biologia,Clara,8E:C0:B9:B0:45:01,-93,6
22/04/2026,08:07:37,211,Lab. de física,kaka-IF,00:E0:4C:65:36:BC,-59,11
22/04/2026,08:07:37,211,Lab. de física,IFPB,24:36:DA:2B:BC:00,-68,6
22/04/2026,08:07:37,211,Lab. de física,IFPB-VISITANTE,24:36:DA:2B:BC:02,-68,6
22/04/2026,08:07:37,211,Lab. de física,DIRECT-h6-Tab A7 de Jônatas,8E:E5:C0:E7:58:CC,-68,11
22/04/2026,08:07:37,211,Lab. de física,IFPB,84:F1:47:54:6B:80,-70,6
22/04/2026,08:07:37,211,Lab. de física,IFPB-VISITANTE,84:F1:47:54:6B:82,-70,6
22/04/2026,08:07:37,211,Lab. de física,IFPB-Sala_Professor_14,24:FD:0D:57:19:26,-77,5
22/04/2026,08:07:37,211,Lab. de física,APTelefonia,58:10:8C:91:F3:AA,-78,1
22/04/2026,08:07:37,211,Lab. de física,NPEF/NEPA,50:C7:BF:EF:56:8A,-80,3
22/04/2026,08:07:37,211,Lab. de física,IFPB,84:F1:47:54:8B:A0,-81,1
22/04/2026,08:07:37,211,Lab. de física,IFPB-VISITANTE,84:F1:47:54:8B:A2,-81,1
22/04/2026,08:07:37,211,Lab. de física,TP-Link_1324,7C:F1:7E:8D:13:22,-82,10
22/04/2026,08:07:37,211,Lab. de física,Intelbras,18:0D:2C:7F:EB:AC,-85,7
22/04/2026,08:07:37,211,Lab. de física,Lab. de Sinais Digitais,18:D6:C7:F9:37:2F,-85,11
22/04/2026,08:07:37,211,Lab. de física,IFPB,2C:57:41:CD:E1:C0,-88,11
22/04/2026,08:07:37,211,Lab. de física,IFPB-VISITANTE,2C:57:41:CD:E1:C2,-89,11
22/04/2026,08:07:37,211,Lab. de física,UA2-MiniLab,60:32:B1:2D:66:C3,-91,10
22/04/2026,08:07:37,211,Lab. de física,EBF243D6-HE8D94yaFM1AOcS,44:D2:44:DD:32:49,-91,11
22/04/2026,08:07:37,211,Lab. de física,GPDS,00:26:5A:66:55:EF,-93,6
22/04/2026,08:07:37,211,Lab. de física,brisa-3861242,24:2F:D0:CC:ED:8C,-96,2
22/04/2026,08:07:47,212,Lab. de física,kaka-IF,00:E0:4C:65:36:BC,-53,11
22/04/2026,08:07:47,212,Lab. de física,IFPB,24:36:DA:2B:BC:00,-67,6
22/04/2026,08:07:47,212,Lab. de física,IFPB-VISITANTE,24:36:DA:2B:BC:02,-67,6
22/04/2026,08:07:47,212,Lab. de física,IFPB,84:F1:47:54:6B:80,-69,6
22/04/2026,08:07:47,212,Lab. de física,IFPB-VISITANTE,84:F1:47:54:6B:82,-70,6
22/04/2026,08:07:47,212,Lab. de física,DIRECT-h6-Tab A7 de Jônatas,8E:E5:C0:E7:58:CC,-72,11
22/04/2026,08:07:47,212,Lab. de física,IFPB,84:F1:47:54:8B:A0,-77,1
22/04/2026,08:07:47,212,Lab. de física,IFPB-VISITANTE,84:F1:47:54:8B:A2,-78,1
22/04/2026,08:07:47,212,Lab. de física,APTelefonia,58:10:8C:91:F3:AA,-79,1
22/04/2026,08:07:47,212,Lab. de física,NPEF/NEPA,50:C7:BF:EF:56:8A,-81,3
22/04/2026,08:07:47,212,Lab. de física,Lab. de Sinais Digitais,18:D6:C7:F9:37:2F,-82,11
22/04/2026,08:07:47,212,Lab. de física,Intelbras,18:0D:2C:7F:EB:AC,-83,7
22/04/2026,08:07:47,212,Lab. de física,UA2-MiniLab,60:32:B1:2D:66:C3,-84,10
22/04/2026,08:07:47,212,Lab. de física,IFPB-Sala_Professor_14,24:FD:0D:57:19:26,-85,5
22/04/2026,08:07:47,212,Lab. de física,IFPB,2C:57:41:CD:E1:C0,-85,11
22/04/2026,08:07:47,212,Lab. de física,IFPB-VISITANTE,2C:57:41:CD:E1:C2,-85,11
22/04/2026,08:07:47,212,Lab. de física,TP-Link_1324,7C:F1:7E:8D:13:22,-86,10
22/04/2026,08:07:47,212,Lab. de física,IFPB,84:F1:47:54:FD:60,-87,1
22/04/2026,08:07:47,212,Lab. de física,IFPB-VISITANTE,84:F1:47:54:FD:62,-89,1
22/04/2026,08:07:47,212,Lab. de física,SALA_MESTRADO,64:66:B3:62:EB:86,-93,1
22/04/2026,08:07:47,212,Lab. de física,IFPB-Sala_Professor_14,48:51:CF:81:B0:9E,-94,3
22/04/2026,08:07:47,212,Lab. de física,GPDS,00:26:5A:66:55:EF,-95,6
22/04/2026,08:07:57,213,Lab. de física,kaka-IF,00:E0:4C:65:36:BC,-50,11
22/04/2026,08:07:57,213,Lab. de física,IFPB-VISITANTE,24:36:DA:2B:BC:02,-66,6
22/04/2026,08:07:57,213,Lab. de física,IFPB,24:36:DA:2B:BC:00,-67,6
22/04/2026,08:07:57,213,Lab. de física,DIRECT-h6-Tab A7 de Jônatas,8E:E5:C0:E7:58:CC,-68,11
22/04/2026,08:07:57,213,Lab. de física,IFPB,84:F1:47:54:6B:80,-71,6
22/04/2026,08:07:57,213,Lab. de física,IFPB-VISITANTE,84:F1:47:54:6B:82,-71,6
22/04/2026,08:07:57,213,Lab. de física,IFPB,84:F1:47:54:8B:A0,-77,1
22/04/2026,08:07:57,213,Lab. de física,IFPB-VISITANTE,84:F1:47:54:8B:A2,-77,1
22/04/2026,08:07:57,213,Lab. de física,IFPB-Sala_Professor_14,24:FD:0D:57:19:26,-78,5
22/04/2026,08:07:57,213,Lab. de física,IFPB,2C:57:41:CD:E1:C0,-82,11
22/04/2026,08:07:57,213,Lab. de física,APTelefonia,58:10:8C:91:F3:AA,-83,1
22/04/2026,08:07:57,213,Lab. de física,Lab. de Sinais Digitais,18:D6:C7:F9:37:2F,-83,11
22/04/2026,08:07:57,213,Lab. de física,NPEF/NEPA,50:C7:BF:EF:56:8A,-84,3
22/04/2026,08:07:57,213,Lab. de física,IFPB-VISITANTE,2C:57:41:CD:E1:C2,-84,11
22/04/2026,08:07:57,213,Lab. de física,IFPB,84:F1:47:54:FD:60,-88,1
22/04/2026,08:07:57,213,Lab. de física,EBF243D6-HE8D94yaFM1AOcS,44:D2:44:DD:32:49,-89,11
22/04/2026,08:07:57,213,Lab. de física,IFPB-VISITANTE,84:F1:47:54:FD:62,-91,1
22/04/2026,08:07:57,213,Lab. de física,GPDS,00:26:5A:66:55:EF,-94,6
22/04/2026,08:07:57,213,Lab. de física,brisa-3861242,24:2F:D0:CC:ED:8C,-96,2
22/04/2026,08:08:07,214,Lab. de física,kaka-IF,00:E0:4C:65:36:BC,-54,11
22/04/2026,08:08:07,214,Lab. de física,DIRECT-h6-Tab A7 de Jônatas,8E:E5:C0:E7:58:CC,-67,11
22/04/2026,08:08:07,214,Lab. de física,IFPB,24:36:DA:2B:BC:00,-68,6
22/04/2026,08:08:07,214,Lab. de física,IFPB-VISITANTE,24:36:DA:2B:BC:02,-68,6
22/04/2026,08:08:07,214,Lab. de física,IFPB,84:F1:47:54:6B:80,-71,6
22/04/2026,08:08:07,214,Lab. de física,IFPB-VISITANTE,84:F1:47:54:6B:82,-72,6
22/04/2026,08:08:07,214,Lab. de física,APTelefonia,58:10:8C:91:F3:AA,-75,1
22/04/2026,08:08:07,214,Lab. de física,IFPB,84:F1:47:54:8B:A0,-76,1
22/04/2026,08:08:07,214,Lab. de física,IFPB-VISITANTE,84:F1:47:54:8B:A2,-77,1
22/04/2026,08:08:07,214,Lab. de física,NPEF/NEPA,50:C7:BF:EF:56:8A,-79,3
22/04/2026,08:08:07,214,Lab. de física,TP-Link_1324,7C:F1:7E:8D:13:22,-79,10
22/04/2026,08:08:07,214,Lab. de física,Lab. de Sinais Digitais,18:D6:C7:F9:37:2F,-82,11
22/04/2026,08:08:07,214,Lab. de física,IFPB-Sala_Professor_14,24:FD:0D:57:19:26,-85,5
22/04/2026,08:08:07,214,Lab. de física,IFPB-VISITANTE,84:F1:47:54:FD:62,-90,1
22/04/2026,08:08:07,214,Lab. de física,IFPB,84:F1:47:54:FD:60,-91,1
22/04/2026,08:08:17,215,Lab. de física,kaka-IF,00:E0:4C:65:36:BC,-53,11
22/04/2026,08:08:17,215,Lab. de física,DIRECT-h6-Tab A7 de Jônatas,8E:E5:C0:E7:58:CC,-68,11
22/04/2026,08:08:17,215,Lab. de física,IFPB,24:36:DA:2B:BC:00,-69,6
22/04/2026,08:08:17,215,Lab. de física,IFPB-VISITANTE,24:36:DA:2B:BC:02,-69,6
22/04/2026,08:08:17,215,Lab. de física,IFPB,84:F1:47:54:6B:80,-71,6
22/04/2026,08:08:17,215,Lab. de física,IFPB-VISITANTE,84:F1:47:54:6B:82,-71,6
22/04/2026,08:08:17,215,Lab. de física,APTelefonia,58:10:8C:91:F3:AA,-77,1
22/04/2026,08:08:17,215,Lab. de física,IFPB,84:F1:47:54:8B:A0,-77,1
22/04/2026,08:08:17,215,Lab. de física,IFPB-VISITANTE,84:F1:47:54:8B:A2,-77,1
22/04/2026,08:08:17,215,Lab. de física,NPEF/NEPA,50:C7:BF:EF:56:8A,-80,3
22/04/2026,08:08:17,215,Lab. de física,IFPB-Sala_Professor_14,24:FD:0D:57:19:26,-81,5
22/04/2026,08:08:17,215,Lab. de física,IFPB,2C:57:41:CD:E1:C0,-82,11
22/04/2026,08:08:17,215,Lab. de física,IFPB-VISITANTE,2C:57:41:CD:E1:C2,-83,11
22/04/2026,08:08:17,215,Lab. de física,Lab. de Sinais Digitais,18:D6:C7:F9:37:2F,-85,11
22/04/2026,08:08:17,215,Lab. de física,GPDS,00:26:5A:66:55:EF,-88,6
22/04/2026,08:08:27,216,Lab. de física,kaka-IF,00:E0:4C:65:36:BC,-51,11
22/04/2026,08:08:27,216,Lab. de física,IFPB,24:36:DA:2B:BC:00,-70,6
22/04/2026,08:08:27,216,Lab. de física,IFPB-VISITANTE,84:F1:47:54:6B:82,-70,6
22/04/2026,08:08:27,216,Lab. de física,IFPB-VISITANTE,24:36:DA:2B:BC:02,-70,6
22/04/2026,08:08:27,216,Lab. de física,DIRECT-h6-Tab A7 de Jônatas,8E:E5:C0:E7:58:CC,-70,11
22/04/2026,08:08:27,216,Lab. de física,IFPB,84:F1:47:54:6B:80,-71,6
22/04/2026,08:08:27,216,Lab. de física,APTelefonia,58:10:8C:91:F3:AA,-76,1
22/04/2026,08:08:27,216,Lab. de física,NPEF/NEPA,50:C7:BF:EF:56:8A,-82,3
22/04/2026,08:08:27,216,Lab. de física,IFPB,84:F1:47:54:8B:A0,-83,1
22/04/2026,08:08:27,216,Lab. de física,IFPB-VISITANTE,84:F1:47:54:8B:A2,-83,1
22/04/2026,08:08:27,216,Lab. de física,Lab. de Sinais Digitais,18:D6:C7:F9:37:2F,-84,11
22/04/2026,08:08:27,216,Lab. de física,GPDS,00:26:5A:66:55:EF,-87,6
22/04/2026,08:08:27,216,Lab. de física,Intelbras,18:0D:2C:7F:EB:AC,-87,7
22/04/2026,08:08:36,217,Lab. de física,kaka-IF,00:E0:4C:65:36:BC,-52,11
22/04/2026,08:08:36,217,Lab. de física,IFPB,24:36:DA:2B:BC:00,-67,6
22/04/2026,08:08:36,217,Lab. de física,IFPB-VISITANTE,24:36:DA:2B:BC:02,-67,6
22/04/2026,08:08:36,217,Lab. de física,DIRECT-h6-Tab A7 de Jônatas,8E:E5:C0:E7:58:CC,-67,11
22/04/2026,08:08:36,217,Lab. de física,IFPB-VISITANTE,84:F1:47:54:6B:82,-71,6
22/04/2026,08:08:36,217,Lab. de física,IFPB,84:F1:47:54:6B:80,-72,6
22/04/2026,08:08:36,217,Lab. de física,APTelefonia,58:10:8C:91:F3:AA,-75,1
22/04/2026,08:08:36,217,Lab. de física,NPEF/NEPA,50:C7:BF:EF:56:8A,-79,3
22/04/2026,08:08:36,217,Lab. de física,TP-Link_1324,7C:F1:7E:8D:13:22,-80,10
22/04/2026,08:08:36,217,Lab. de física,IFPB-VISITANTE,84:F1:47:54:8B:A2,-81,1
22/04/2026,08:08:36,217,Lab. de física,IFPB,2C:57:41:CD:E1:C0,-82,11
22/04/2026,08:08:37,217,Lab. de física,IFPB-VISITANTE,2C:57:41:CD:E1:C2,-82,11
22/04/2026,08:08:37,217,Lab. de física,IFPB,84:F1:47:54:8B:A0,-83,1
22/04/2026,08:08:37,217,Lab. de física,Intelbras,18:0D:2C:7F:EB:AC,-83,7
22/04/2026,08:08:37,217,Lab. de física,UA2-MiniLab,60:32:B1:2D:66:C3,-84,10
22/04/2026,08:08:37,217,Lab. de física,IFPB-Sala_Professor_14,24:FD:0D:57:19:26,-85,5
22/04/2026,08:08:37,217,Lab. de física,Lab. de Sinais Digitais,18:D6:C7:F9:37:2F,-85,11
22/04/2026,08:08:37,217,Lab. de física,EBF243D6-HE8D94yaFM1AOcS,44:D2:44:DD:32:49,-88,11
22/04/2026,08:08:37,217,Lab. de física,IFPB-Sala_Professor_14,48:51:CF:81:B0:9E,-91,3
22/04/2026,08:08:46,218,Lab. de física,kaka-IF,00:E0:4C:65:36:BC,-51,11
22/04/2026,08:08:46,218,Lab. de física,IFPB-VISITANTE,24:36:DA:2B:BC:02,-67,6
22/04/2026,08:08:46,218,Lab. de física,IFPB,24:36:DA:2B:BC:00,-67,6
22/04/2026,08:08:46,218,Lab. de física,DIRECT-h6-Tab A7 de Jônatas,8E:E5:C0:E7:58:CC,-71,11
22/04/2026,08:08:46,218,Lab. de física,IFPB,84:F1:47:54:6B:80,-72,6
22/04/2026,08:08:46,218,Lab. de física,IFPB-VISITANTE,84:F1:47:54:6B:82,-72,6
22/04/2026,08:08:46,218,Lab. de física,IFPB-VISITANTE,84:F1:47:54:8B:A2,-76,1
22/04/2026,08:08:46,218,Lab. de física,IFPB,84:F1:47:54:8B:A0,-77,1
22/04/2026,08:08:46,218,Lab. de física,APTelefonia,58:10:8C:91:F3:AA,-79,1
22/04/2026,08:08:46,218,Lab. de física,NPEF/NEPA,50:C7:BF:EF:56:8A,-82,3
22/04/2026,08:08:46,218,Lab. de física,IFPB-Sala_Professor_14,24:FD:0D:57:19:26,-82,5
22/04/2026,08:08:47,218,Lab. de física,TP-Link_1324,7C:F1:7E:8D:13:22,-83,10
22/04/2026,08:08:47,218,Lab. de física,Intelbras,18:0D:2C:7F:EB:AC,-84,7
22/04/2026,08:08:47,218,Lab. de física,IFPB,2C:57:41:CD:E1:C0,-84,11
22/04/2026,08:08:47,218,Lab. de física,IFPB-VISITANTE,2C:57:41:CD:E1:C2,-84,11
22/04/2026,08:08:47,218,Lab. de física,UA2-MiniLab,60:32:B1:2D:66:C3,-85,10
22/04/2026,08:08:47,218,Lab. de física,Lab. de Sinais Digitais,18:D6:C7:F9:37:2F,-85,11
22/04/2026,08:08:47,218,Lab. de física,IFPB,84:F1:47:54:81:00,-87,11
22/04/2026,08:08:47,218,Lab. de física,EBF243D6-HE8D94yaFM1AOcS,44:D2:44:DD:32:49,-88,11
22/04/2026,08:08:47,218,Lab. de física,IFPB-VISITANTE,84:F1:47:54:81:02,-90,11
22/04/2026,08:08:56,219,Lab. de física,kaka-IF,00:E0:4C:65:36:BC,-51,11
22/04/2026,08:08:56,219,Lab. de física,IFPB,24:36:DA:2B:BC:00,-68,6
22/04/2026,08:08:56,219,Lab. de física,DIRECT-h6-Tab A7 de Jônatas,8E:E5:C0:E7:58:CC,-68,11
22/04/2026,08:08:56,219,Lab. de física,IFPB-VISITANTE,24:36:DA:2B:BC:02,-69,6
22/04/2026,08:08:56,219,Lab. de física,IFPB,84:F1:47:54:6B:80,-72,6
22/04/2026,08:08:56,219,Lab. de física,IFPB-VISITANTE,84:F1:47:54:6B:82,-72,6
22/04/2026,08:08:56,219,Lab. de física,APTelefonia,58:10:8C:91:F3:AA,-76,1
22/04/2026,08:08:56,219,Lab. de física,IFPB,84:F1:47:54:8B:A0,-77,1
22/04/2026,08:08:56,219,Lab. de física,IFPB-VISITANTE,84:F1:47:54:8B:A2,-77,1
22/04/2026,08:08:56,219,Lab. de física,TP-Link_1324,7C:F1:7E:8D:13:22,-81,10
22/04/2026,08:08:57,219,Lab. de física,NPEF/NEPA,50:C7:BF:EF:56:8A,-82,3
22/04/2026,08:08:57,219,Lab. de física,IFPB-VISITANTE,2C:57:41:CD:E1:C2,-83,11
22/04/2026,08:08:57,219,Lab. de física,UA2-MiniLab,60:32:B1:2D:66:C3,-84,10
22/04/2026,08:08:57,219,Lab. de física,Lab. de Sinais Digitais,18:D6:C7:F9:37:2F,-86,11
22/04/2026,08:08:57,219,Lab. de física,Intelbras,18:0D:2C:7F:EB:AC,-87,7
22/04/2026,08:08:57,219,Lab. de física,EBF243D6-HE8D94yaFM1AOcS,44:D2:44:DD:32:49,-88,11
22/04/2026,08:08:57,219,Lab. de física,IFPB,84:F1:47:54:81:00,-88,11
22/04/2026,08:08:57,219,Lab. de física,POCO M7 Pro 5G,C6:F4:87:CE:0D:8C,-89,11
22/04/2026,08:08:57,219,Lab. de física,IFPB-Sala_Professor_14,24:FD:0D:57:19:26,-91,5
22/04/2026,08:08:57,219,Lab. de física,GPDS,00:26:5A:66:55:EF,-91,6
22/04/2026,08:08:57,219,Lab. de física,IFPB TCC,D8:5D:4C:86:7E:66,-93,1
22/04/2026,08:08:57,219,Lab. de física,brisa-3861242,24:2F:D0:CC:ED:8C,-95,2
22/04/2026,08:09:06,220,Lab. de física,kaka-IF,00:E0:4C:65:36:BC,-51,11
22/04/2026,08:09:06,220,Lab. de física,IFPB,24:36:DA:2B:BC:00,-66,6
22/04/2026,08:09:06,220,Lab. de física,IFPB-VISITANTE,24:36:DA:2B:BC:02,-66,6
22/04/2026,08:09:06,220,Lab. de física,DIRECT-h6-Tab A7 de Jônatas,8E:E5:C0:E7:58:CC,-68,11
22/04/2026,08:09:06,220,Lab. de física,IFPB,84:F1:47:54:6B:80,-72,6
22/04/2026,08:09:07,220,Lab. de física,IFPB-VISITANTE,84:F1:47:54:6B:82,-72,6
22/04/2026,08:09:07,220,Lab. de física,APTelefonia,58:10:8C:91:F3:AA,-75,1
22/04/2026,08:09:07,220,Lab. de física,IFPB-VISITANTE,84:F1:47:54:8B:A2,-77,1
22/04/2026,08:09:07,220,Lab. de física,IFPB,84:F1:47:54:8B:A0,-78,1
22/04/2026,08:09:07,220,Lab. de física,TP-Link_1324,7C:F1:7E:8D:13:22,-79,10
22/04/2026,08:09:07,220,Lab. de física,NPEF/NEPA,50:C7:BF:EF:56:8A,-80,3
22/04/2026,08:09:07,220,Lab. de física,IFPB-VISITANTE,2C:57:41:CD:E1:C2,-82,11
22/04/2026,08:09:07,220,Lab. de física,IFPB,2C:57:41:CD:E1:C0,-83,11
22/04/2026,08:09:07,220,Lab. de física,Lab. de Sinais Digitais,18:D6:C7:F9:37:2F,-86,11
22/04/2026,08:09:07,220,Lab. de física,IFPB-Sala_Professor_14,24:FD:0D:57:19:26,-87,5
22/04/2026,08:09:07,220,Lab. de física,IFPB,84:F1:47:54:81:00,-87,11
22/04/2026,08:09:07,220,Lab. de física,EBF243D6-HE8D94yaFM1AOcS,44:D2:44:DD:32:49,-87,11
22/04/2026,08:09:07,220,Lab. de física,IFPB-VISITANTE,84:F1:47:54:81:02,-89,11
22/04/2026,08:09:07,220,Lab. de física,Intelbras,18:0D:2C:7F:EB:AC,-91,7
22/04/2026,08:09:07,220,Lab. de física,GPDS,00:26:5A:66:55:EF,-92,6
22/04/2026,08:09:43,221,Núcleo de pesquisa,NPEF/NEPA,50:C7:BF:EF:56:8A,-45,3
22/04/2026,08:09:43,221,Núcleo de pesquisa,IFPB,84:F1:47:54:8B:A0,-65,1
22/04/2026,08:09:43,221,Núcleo de pesquisa,IFPB-VISITANTE,84:F1:47:54:8B:A2,-65,1
22/04/2026,08:09:43,221,Núcleo de pesquisa,kaka-IF,00:E0:4C:65:36:BC,-67,11
22/04/2026,08:09:43,221,Núcleo de pesquisa,IFPB,84:F1:47:54:FD:60,-77,1
22/04/2026,08:09:43,221,Núcleo de pesquisa,IFPB-VISITANTE,84:F1:47:54:FD:62,-77,1
22/04/2026,08:09:43,221,Núcleo de pesquisa,UA2-MiniLab,60:32:B1:2D:66:C3,-78,10
22/04/2026,08:09:43,221,Núcleo de pesquisa,Lab. de Sinais Digitais,18:D6:C7:F9:37:2F,-79,11
22/04/2026,08:09:43,221,Núcleo de pesquisa,APTelefonia,58:10:8C:91:F3:AA,-81,1
22/04/2026,08:09:43,221,Núcleo de pesquisa,IFPB-VISITANTE,24:36:DA:2B:BC:02,-84,6
22/04/2026,08:09:43,221,Núcleo de pesquisa,EBF243D6-HE8D94yaFM1AOcS,44:D2:44:DD:32:49,-84,11
22/04/2026,08:09:43,221,Núcleo de pesquisa,IFPB,24:36:DA:2B:BC:00,-85,6
22/04/2026,08:09:43,221,Núcleo de pesquisa,IFPB,84:F1:47:54:80:60,-86,11
22/04/2026,08:09:43,221,Núcleo de pesquisa,IFPB-VISITANTE,84:F1:47:54:80:62,-86,11
22/04/2026,08:09:43,221,Núcleo de pesquisa,DIRECT-h6-Tab A7 de Jônatas,8E:E5:C0:E7:58:CC,-86,11
22/04/2026,08:09:43,221,Núcleo de pesquisa,GPDS,00:26:5A:66:55:EF,-88,6
22/04/2026,08:09:43,221,Núcleo de pesquisa,IFPB-VISITANTE,84:F1:47:54:F9:82,-89,11
22/04/2026,08:09:43,221,Núcleo de pesquisa,IFPB,84:F1:47:54:F9:80,-90,11
22/04/2026,08:09:43,221,Núcleo de pesquisa,IFPB-Sala_Professor_14,48:51:CF:81:B0:9E,-91,3
22/04/2026,08:09:43,221,Núcleo de pesquisa,IFPB-Sala_Professor_14,24:FD:0D:57:19:26,-91,5
22/04/2026,08:09:43,221,Núcleo de pesquisa,IFPB-MM,54:E6:FC:BA:AD:86,-92,1
22/04/2026,08:09:43,221,Núcleo de pesquisa,SALA_MESTRADO,64:66:B3:62:EB:86,-92,1
22/04/2026,08:09:43,221,Núcleo de pesquisa,IFPB-VISITANTE,84:F1:47:54:81:02,-93,11
22/04/2026,08:09:43,221,Núcleo de pesquisa,Clara,8E:C0:B9:B0:45:01,-94,6
22/04/2026,08:09:43,221,Núcleo de pesquisa,Intelbras,18:0D:2C:7F:EB:AC,-94,7
22/04/2026,08:09:53,222,Núcleo de pesquisa,NPEF/NEPA,50:C7:BF:EF:56:8A,-47,3
22/04/2026,08:09:53,222,Núcleo de pesquisa,IFPB,84:F1:47:54:8B:A0,-66,1
22/04/2026,08:09:53,222,Núcleo de pesquisa,IFPB-VISITANTE,84:F1:47:54:8B:A2,-66,1
22/04/2026,08:09:53,222,Núcleo de pesquisa,kaka-IF,00:E0:4C:65:36:BC,-66,11
22/04/2026,08:09:53,222,Núcleo de pesquisa,POCO M7 Pro 5G,C6:F4:87:CE:0D:8C,-73,1
22/04/2026,08:09:53,222,Núcleo de pesquisa,UA2-MiniLab,60:32:B1:2D:66:C3,-75,10
22/04/2026,08:09:53,222,Núcleo de pesquisa,IFPB,84:F1:47:54:FD:60,-76,1
22/04/2026,08:09:53,222,Núcleo de pesquisa,IFPB-VISITANTE,84:F1:47:54:FD:62,-76,1
22/04/2026,08:09:53,222,Núcleo de pesquisa,Lab. de Sinais Digitais,18:D6:C7:F9:37:2F,-80,11
22/04/2026,08:09:53,222,Núcleo de pesquisa,EBF243D6-HE8D94yaFM1AOcS,44:D2:44:DD:32:49,-81,11
22/04/2026,08:09:53,222,Núcleo de pesquisa,IFPB-VISITANTE,24:36:DA:2B:BC:02,-82,6
22/04/2026,08:09:53,222,Núcleo de pesquisa,IFPB,24:36:DA:2B:BC:00,-83,6
22/04/2026,08:09:53,222,Núcleo de pesquisa,IFPB-Sala_Professor_14,48:51:CF:81:B0:9E,-84,3
22/04/2026,08:09:53,222,Núcleo de pesquisa,IFPB-VISITANTE,84:F1:47:54:80:62,-85,11
22/04/2026,08:09:53,222,Núcleo de pesquisa,IFPB,84:F1:47:54:80:60,-86,11
22/04/2026,08:09:53,222,Núcleo de pesquisa,DIRECT-h6-Tab A7 de Jônatas,8E:E5:C0:E7:58:CC,-86,11
22/04/2026,08:09:53,222,Núcleo de pesquisa,APTelefonia,58:10:8C:91:F3:AA,-88,1
22/04/2026,08:09:53,222,Núcleo de pesquisa,GPDS,00:26:5A:66:55:EF,-90,6
22/04/2026,08:09:53,222,Núcleo de pesquisa,Intelbras,18:0D:2C:7F:EB:AC,-90,7
22/04/2026,08:09:53,222,Núcleo de pesquisa,NUNYA_Room_2.4GHz,CC:32:E5:0C:FC:2B,-90,9
22/04/2026,08:09:53,222,Núcleo de pesquisa,IFPB-MM,54:E6:FC:BA:AD:86,-91,1
22/04/2026,08:09:53,222,Núcleo de pesquisa,INTELBRAS,D8:36:5F:54:70:40,-92,1
22/04/2026,08:09:53,222,Núcleo de pesquisa,IFPB-VISITANTE,84:F1:47:54:81:02,-92,11
22/04/2026,08:09:53,222,Núcleo de pesquisa,IFPB-Sala_Professor_14,24:FD:0D:57:19:26,-93,5
22/04/2026,08:10:03,223,Núcleo de pesquisa,NPEF/NEPA,50:C7:BF:EF:56:8A,-47,3
22/04/2026,08:10:03,223,Núcleo de pesquisa,IFPB-VISITANTE,84:F1:47:54:8B:A2,-63,1
22/04/2026,08:10:03,223,Núcleo de pesquisa,IFPB,84:F1:47:54:8B:A0,-64,1
22/04/2026,08:10:03,223,Núcleo de pesquisa,kaka-IF,00:E0:4C:65:36:BC,-71,11
22/04/2026,08:10:03,223,Núcleo de pesquisa,IFPB,84:F1:47:54:FD:60,-79,1
22/04/2026,08:10:03,223,Núcleo de pesquisa,IFPB-VISITANTE,84:F1:47:54:FD:62,-79,1
22/04/2026,08:10:03,223,Núcleo de pesquisa,APTelefonia,58:10:8C:91:F3:AA,-80,1
22/04/2026,08:10:03,223,Núcleo de pesquisa,Lab. de Sinais Digitais,18:D6:C7:F9:37:2F,-80,11
22/04/2026,08:10:03,223,Núcleo de pesquisa,UA2-MiniLab,60:32:B1:2D:66:C3,-81,10
22/04/2026,08:10:03,223,Núcleo de pesquisa,IFPB,24:36:DA:2B:BC:00,-85,6
22/04/2026,08:10:03,223,Núcleo de pesquisa,IFPB-VISITANTE,24:36:DA:2B:BC:02,-85,6
22/04/2026,08:10:03,223,Núcleo de pesquisa,EBF243D6-HE8D94yaFM1AOcS,44:D2:44:DD:32:49,-85,11
22/04/2026,08:10:03,223,Núcleo de pesquisa,POCO M7 Pro 5G,C6:F4:87:CE:0D:8C,-88,1
22/04/2026,08:10:03,223,Núcleo de pesquisa,IFPB-Sala_Professor_14,48:51:CF:81:B0:9E,-88,3
22/04/2026,08:10:03,223,Núcleo de pesquisa,DIRECT-h6-Tab A7 de Jônatas,8E:E5:C0:E7:58:CC,-89,11
22/04/2026,08:10:03,223,Núcleo de pesquisa,IFPB-VISITANTE,84:F1:47:54:80:62,-90,11
22/04/2026,08:10:03,223,Núcleo de pesquisa,GPDS,00:26:5A:66:55:EF,-91,6
22/04/2026,08:10:03,223,Núcleo de pesquisa,IFPB,84:F1:47:54:80:60,-91,11
22/04/2026,08:10:03,223,Núcleo de pesquisa,IFPB-VISITANTE,84:F1:47:54:81:02,-91,11
22/04/2026,08:10:03,223,Núcleo de pesquisa,IFPB,84:F1:47:54:81:00,-92,11
22/04/2026,08:10:03,223,Núcleo de pesquisa,IFPB-Sala_Professor_14,24:FD:0D:57:19:26,-94,5
22/04/2026,08:10:03,223,Núcleo de pesquisa,Intelbras,18:0D:2C:7F:EB:AC,-94,7
22/04/2026,08:10:13,224,Núcleo de pesquisa,NPEF/NEPA,50:C7:BF:EF:56:8A,-45,3
22/04/2026,08:10:13,224,Núcleo de pesquisa,IFPB,84:F1:47:54:8B:A0,-64,1
22/04/2026,08:10:13,224,Núcleo de pesquisa,IFPB-VISITANTE,84:F1:47:54:8B:A2,-65,1
22/04/2026,08:10:13,224,Núcleo de pesquisa,kaka-IF,00:E0:4C:65:36:BC,-70,11
22/04/2026,08:10:13,224,Núcleo de pesquisa,Lab. de Sinais Digitais,18:D6:C7:F9:37:2F,-75,11
22/04/2026,08:10:13,224,Núcleo de pesquisa,IFPB,84:F1:47:54:FD:60,-78,1
22/04/2026,08:10:13,224,Núcleo de pesquisa,UA2-MiniLab,60:32:B1:2D:66:C3,-78,10
22/04/2026,08:10:13,224,Núcleo de pesquisa,IFPB-VISITANTE,84:F1:47:54:FD:62,-79,1
22/04/2026,08:10:13,224,Núcleo de pesquisa,APTelefonia,58:10:8C:91:F3:AA,-82,1
22/04/2026,08:10:13,224,Núcleo de pesquisa,EBF243D6-HE8D94yaFM1AOcS,44:D2:44:DD:32:49,-83,11
22/04/2026,08:10:13,224,Núcleo de pesquisa,IFPB-VISITANTE,24:36:DA:2B:BC:02,-85,6
22/04/2026,08:10:13,224,Núcleo de pesquisa,IFPB,24:36:DA:2B:BC:00,-86,6
22/04/2026,08:10:13,224,Núcleo de pesquisa,GPDS,00:26:5A:66:55:EF,-88,6
22/04/2026,08:10:13,224,Núcleo de pesquisa,DIRECT-h6-Tab A7 de Jônatas,8E:E5:C0:E7:58:CC,-88,11
22/04/2026,08:10:13,224,Núcleo de pesquisa,IFPB,84:F1:47:54:6B:80,-89,6
22/04/2026,08:10:13,224,Núcleo de pesquisa,IFPB-VISITANTE,84:F1:47:54:6B:82,-90,6
22/04/2026,08:10:13,224,Núcleo de pesquisa,IFPB-MM,54:E6:FC:BA:AD:86,-91,1
22/04/2026,08:10:13,224,Núcleo de pesquisa,IFPB-Sala_Professor_14,24:FD:0D:57:19:26,-91,5
22/04/2026,08:10:13,224,Núcleo de pesquisa,Clara,8E:C0:B9:B0:45:01,-91,6
22/04/2026,08:10:13,224,Núcleo de pesquisa,IFPB,84:F1:47:54:F9:80,-91,11
22/04/2026,08:10:13,224,Núcleo de pesquisa,INTELBRAS,D8:36:5F:54:70:40,-92,1
22/04/2026,08:10:13,224,Núcleo de pesquisa,TP-Link_1324,7C:F1:7E:8D:13:22,-92,10
22/04/2026,08:10:14,224,Núcleo de pesquisa,IFPB,84:F1:47:54:81:00,-92,11
22/04/2026,08:10:14,224,Núcleo de pesquisa,IFPB-VISITANTE,84:F1:47:54:F9:82,-92,11
22/04/2026,08:10:14,224,Núcleo de pesquisa,IFPB-VISITANTE,84:F1:47:54:81:02,-92,11
22/04/2026,08:10:14,224,Núcleo de pesquisa,IFPB-Sala_Professor_14,48:51:CF:81:B0:9E,-93,3
22/04/2026,08:10:14,224,Núcleo de pesquisa,POCO M7 Pro 5G,C6:F4:87:CE:0D:8C,-93,6
22/04/2026,08:10:14,224,Núcleo de pesquisa,SALA_MESTRADO,64:66:B3:62:EB:86,-94,1
22/04/2026,08:10:14,224,Núcleo de pesquisa,Intelbras,18:0D:2C:7F:EB:AC,-94,7
22/04/2026,08:10:23,225,Núcleo de pesquisa,NPEF/NEPA,50:C7:BF:EF:56:8A,-46,3
22/04/2026,08:10:23,225,Núcleo de pesquisa,IFPB,84:F1:47:54:8B:A0,-64,1
22/04/2026,08:10:23,225,Núcleo de pesquisa,IFPB-VISITANTE,84:F1:47:54:8B:A2,-65,1
22/04/2026,08:10:23,225,Núcleo de pesquisa,kaka-IF,00:E0:4C:65:36:BC,-69,11
22/04/2026,08:10:23,225,Núcleo de pesquisa,UA2-MiniLab,60:32:B1:2D:66:C3,-75,10
22/04/2026,08:10:23,225,Núcleo de pesquisa,Lab. de Sinais Digitais,18:D6:C7:F9:37:2F,-76,11
22/04/2026,08:10:23,225,Núcleo de pesquisa,IFPB,84:F1:47:54:FD:60,-78,1
22/04/2026,08:10:23,225,Núcleo de pesquisa,IFPB-VISITANTE,84:F1:47:54:FD:62,-78,1
22/04/2026,08:10:23,225,Núcleo de pesquisa,APTelefonia,58:10:8C:91:F3:AA,-82,1
22/04/2026,08:10:23,225,Núcleo de pesquisa,DIRECT-h6-Tab A7 de Jônatas,8E:E5:C0:E7:58:CC,-83,11
22/04/2026,08:10:23,225,Núcleo de pesquisa,IFPB-VISITANTE,84:F1:47:54:80:62,-85,11
22/04/2026,08:10:24,225,Núcleo de pesquisa,IFPB,84:F1:47:54:6B:80,-87,6
22/04/2026,08:10:24,225,Núcleo de pesquisa,IFPB-VISITANTE,84:F1:47:54:6B:82,-88,6
22/04/2026,08:10:24,225,Núcleo de pesquisa,IFPB-MM,54:E6:FC:BA:AD:86,-90,1
22/04/2026,08:10:24,225,Núcleo de pesquisa,POCO M7 Pro 5G,C6:F4:87:CE:0D:8C,-91,6
22/04/2026,08:10:24,225,Núcleo de pesquisa,INTELBRAS,D8:36:5F:54:70:40,-92,1
22/04/2026,08:10:24,225,Núcleo de pesquisa,SALA_MESTRADO,64:66:B3:62:EB:86,-93,1
22/04/2026,08:10:24,225,Núcleo de pesquisa,IFPB-Sala_Professor_14,48:51:CF:81:B0:9E,-93,3
22/04/2026,08:10:24,225,Núcleo de pesquisa,Intelbras,18:0D:2C:7F:EB:AC,-93,7
22/04/2026,08:10:24,225,Núcleo de pesquisa,GPDS,00:26:5A:66:55:EF,-94,6
22/04/2026,08:10:33,226,Núcleo de pesquisa,NPEF/NEPA,50:C7:BF:EF:56:8A,-45,3
22/04/2026,08:10:33,226,Núcleo de pesquisa,IFPB-VISITANTE,84:F1:47:54:8B:A2,-62,1
22/04/2026,08:10:33,226,Núcleo de pesquisa,IFPB,84:F1:47:54:8B:A0,-63,1
22/04/2026,08:10:33,226,Núcleo de pesquisa,kaka-IF,00:E0:4C:65:36:BC,-73,11
22/04/2026,08:10:33,226,Núcleo de pesquisa,Lab. de Sinais Digitais,18:D6:C7:F9:37:2F,-78,11
22/04/2026,08:10:33,226,Núcleo de pesquisa,IFPB-VISITANTE,84:F1:47:54:FD:62,-79,1
22/04/2026,08:10:33,226,Núcleo de pesquisa,IFPB,84:F1:47:54:FD:60,-79,1
22/04/2026,08:10:33,226,Núcleo de pesquisa,UA2-MiniLab,60:32:B1:2D:66:C3,-80,10
22/04/2026,08:10:33,226,Núcleo de pesquisa,APTelefonia,58:10:8C:91:F3:AA,-83,1
22/04/2026,08:10:33,226,Núcleo de pesquisa,IFPB-Sala_Professor_14,48:51:CF:81:B0:9E,-84,3
22/04/2026,08:10:34,226,Núcleo de pesquisa,IFPB,24:36:DA:2B:BC:00,-87,6
22/04/2026,08:10:34,226,Núcleo de pesquisa,TP-Link_1324,7C:F1:7E:8D:13:22,-88,10
22/04/2026,08:10:34,226,Núcleo de pesquisa,IFPB,84:F1:47:54:80:60,-89,11
22/04/2026,08:10:34,226,Núcleo de pesquisa,IFPB-VISITANTE,84:F1:47:54:80:62,-90,11
22/04/2026,08:10:34,226,Núcleo de pesquisa,DIRECT-h6-Tab A7 de Jônatas,8E:E5:C0:E7:58:CC,-90,11
22/04/2026,08:10:34,226,Núcleo de pesquisa,EBF243D6-HE8D94yaFM1AOcS,44:D2:44:DD:32:49,-91,11
22/04/2026,08:10:34,226,Núcleo de pesquisa,IFPB-MM,54:E6:FC:BA:AD:86,-92,1
22/04/2026,08:10:34,226,Núcleo de pesquisa,INTELBRAS,D8:36:5F:54:70:40,-94,1
22/04/2026,08:10:43,227,Núcleo de pesquisa,NPEF/NEPA,50:C7:BF:EF:56:8A,-46,3
22/04/2026,08:10:43,227,Núcleo de pesquisa,IFPB-VISITANTE,84:F1:47:54:8B:A2,-63,1
22/04/2026,08:10:43,227,Núcleo de pesquisa,IFPB,84:F1:47:54:8B:A0,-64,1
22/04/2026,08:10:43,227,Núcleo de pesquisa,kaka-IF,00:E0:4C:65:36:BC,-69,11
22/04/2026,08:10:43,227,Núcleo de pesquisa,UA2-MiniLab,60:32:B1:2D:66:C3,-72,10
22/04/2026,08:10:43,227,Núcleo de pesquisa,IFPB-VISITANTE,84:F1:47:54:FD:62,-78,1
22/04/2026,08:10:43,227,Núcleo de pesquisa,IFPB,84:F1:47:54:FD:60,-79,1
22/04/2026,08:10:43,227,Núcleo de pesquisa,APTelefonia,58:10:8C:91:F3:AA,-79,1
22/04/2026,08:10:43,227,Núcleo de pesquisa,Lab. de Sinais Digitais,18:D6:C7:F9:37:2F,-81,11
22/04/2026,08:10:43,227,Núcleo de pesquisa,DIRECT-h6-Tab A7 de Jônatas,8E:E5:C0:E7:58:CC,-85,11
22/04/2026,08:10:43,227,Núcleo de pesquisa,IFPB-Sala_Professor_14,24:FD:0D:57:19:26,-86,5
22/04/2026,08:10:44,227,Núcleo de pesquisa,IFPB,24:36:DA:2B:BC:00,-86,6
22/04/2026,08:10:44,227,Núcleo de pesquisa,IFPB-Sala_Professor_14,48:51:CF:81:B0:9E,-87,3
22/04/2026,08:10:44,227,Núcleo de pesquisa,IFPB-VISITANTE,24:36:DA:2B:BC:02,-89,6
22/04/2026,08:10:44,227,Núcleo de pesquisa,IFPB-MM,54:E6:FC:BA:AD:86,-93,1
22/04/2026,08:10:44,227,Núcleo de pesquisa,GPDS,00:26:5A:66:55:EF,-93,6
22/04/2026,08:10:44,227,Núcleo de pesquisa,SALA_MESTRADO,64:66:B3:62:EB:86,-94,1
22/04/2026,08:10:44,227,Núcleo de pesquisa,Clara,8E:C0:B9:B0:45:01,-94,6
22/04/2026,08:10:53,228,Núcleo de pesquisa,NPEF/NEPA,50:C7:BF:EF:56:8A,-46,3
22/04/2026,08:10:53,228,Núcleo de pesquisa,IFPB,84:F1:47:54:8B:A0,-64,1
22/04/2026,08:10:53,228,Núcleo de pesquisa,IFPB-VISITANTE,84:F1:47:54:8B:A2,-64,1
22/04/2026,08:10:53,228,Núcleo de pesquisa,kaka-IF,00:E0:4C:65:36:BC,-69,11
22/04/2026,08:10:53,228,Núcleo de pesquisa,UA2-MiniLab,60:32:B1:2D:66:C3,-75,10
22/04/2026,08:10:53,228,Núcleo de pesquisa,IFPB,84:F1:47:54:FD:60,-79,1
22/04/2026,08:10:53,228,Núcleo de pesquisa,IFPB-VISITANTE,84:F1:47:54:FD:62,-79,1
22/04/2026,08:10:53,228,Núcleo de pesquisa,IFPB,84:F1:47:54:80:60,-84,11
22/04/2026,08:10:53,228,Núcleo de pesquisa,DIRECT-h6-Tab A7 de Jônatas,8E:E5:C0:E7:58:CC,-84,11
22/04/2026,08:10:53,228,Núcleo de pesquisa,APTelefonia,58:10:8C:91:F3:AA,-85,1
22/04/2026,08:10:53,228,Núcleo de pesquisa,IFPB-VISITANTE,84:F1:47:54:80:62,-85,11
22/04/2026,08:10:54,228,Núcleo de pesquisa,Lab. de Sinais Digitais,18:D6:C7:F9:37:2F,-85,11
22/04/2026,08:10:54,228,Núcleo de pesquisa,IFPB-Sala_Professor_14,24:FD:0D:57:19:26,-87,5
22/04/2026,08:10:54,228,Núcleo de pesquisa,IFPB-Sala_Professor_14,48:51:CF:81:B0:9E,-88,3
22/04/2026,08:10:54,228,Núcleo de pesquisa,IFPB,24:36:DA:2B:BC:00,-89,6
22/04/2026,08:10:54,228,Núcleo de pesquisa,IFPB-VISITANTE,24:36:DA:2B:BC:02,-90,6
22/04/2026,08:10:54,228,Núcleo de pesquisa,IFPB-MM,54:E6:FC:BA:AD:86,-91,1
22/04/2026,08:10:54,228,Núcleo de pesquisa,SALA_MESTRADO,64:66:B3:62:EB:86,-91,1
22/04/2026,08:10:54,228,Núcleo de pesquisa,INTELBRAS,D8:36:5F:54:70:40,-91,1
22/04/2026,08:10:54,228,Núcleo de pesquisa,Clara,8E:C0:B9:B0:45:01,-91,6
22/04/2026,08:10:54,228,Núcleo de pesquisa,GPDS,00:26:5A:66:55:EF,-91,6
22/04/2026,08:10:54,228,Núcleo de pesquisa,Intelbras,18:0D:2C:7F:EB:AC,-92,7
22/04/2026,08:10:54,228,Núcleo de pesquisa,Rafaela 🤍,52:34:39:7B:41:F6,-96,7
22/04/2026,08:11:03,229,Núcleo de pesquisa,NPEF/NEPA,50:C7:BF:EF:56:8A,-47,3
22/04/2026,08:11:03,229,Núcleo de pesquisa,IFPB,84:F1:47:54:8B:A0,-66,1
22/04/2026,08:11:03,229,Núcleo de pesquisa,IFPB-VISITANTE,84:F1:47:54:8B:A2,-66,1
22/04/2026,08:11:03,229,Núcleo de pesquisa,kaka-IF,00:E0:4C:65:36:BC,-68,11
22/04/2026,08:11:03,229,Núcleo de pesquisa,IFPB,84:F1:47:54:FD:60,-81,1
22/04/2026,08:11:03,229,Núcleo de pesquisa,IFPB-VISITANTE,84:F1:47:54:FD:62,-81,1
22/04/2026,08:11:04,229,Núcleo de pesquisa,APTelefonia,58:10:8C:91:F3:AA,-84,1
22/04/2026,08:11:04,229,Núcleo de pesquisa,UA2-MiniLab,60:32:B1:2D:66:C3,-84,10
22/04/2026,08:11:04,229,Núcleo de pesquisa,DIRECT-h6-Tab A7 de Jônatas,8E:E5:C0:E7:58:CC,-85,11
22/04/2026,08:11:04,229,Núcleo de pesquisa,IFPB,84:F1:47:54:80:60,-85,11
22/04/2026,08:11:04,229,Núcleo de pesquisa,IFPB-VISITANTE,84:F1:47:54:80:62,-85,11
22/04/2026,08:11:04,229,Núcleo de pesquisa,EBF243D6-HE8D94yaFM1AOcS,44:D2:44:DD:32:49,-85,11
22/04/2026,08:11:04,229,Núcleo de pesquisa,IFPB,24:36:DA:2B:BC:00,-87,6
22/04/2026,08:11:04,229,Núcleo de pesquisa,IFPB-VISITANTE,24:36:DA:2B:BC:02,-87,6
22/04/2026,08:11:04,229,Núcleo de pesquisa,Intelbras,18:0D:2C:7F:EB:AC,-88,7
22/04/2026,08:11:04,229,Núcleo de pesquisa,Lab. de Sinais Digitais,18:D6:C7:F9:37:2F,-88,11
22/04/2026,08:11:04,229,Núcleo de pesquisa,IFPB-Sala_Professor_14,24:FD:0D:57:19:26,-89,5
22/04/2026,08:11:04,229,Núcleo de pesquisa,IFPB-MM,54:E6:FC:BA:AD:86,-90,1
22/04/2026,08:11:04,229,Núcleo de pesquisa,Clara,8E:C0:B9:B0:45:01,-90,6
22/04/2026,08:11:04,229,Núcleo de pesquisa,SALA_MESTRADO,64:66:B3:62:EB:86,-91,1
22/04/2026,08:11:04,229,Núcleo de pesquisa,IFPB-Sala_Professor_14,48:51:CF:81:B0:9E,-92,3
22/04/2026,08:11:04,229,Núcleo de pesquisa,INTELBRAS,D8:36:5F:54:70:40,-93,1
22/04/2026,08:11:04,229,Núcleo de pesquisa,GPDS,00:26:5A:66:55:EF,-94,6
22/04/2026,08:11:14,230,Núcleo de pesquisa,NPEF/NEPA,50:C7:BF:EF:56:8A,-47,3
22/04/2026,08:11:14,230,Núcleo de pesquisa,kaka-IF,00:E0:4C:65:36:BC,-69,11
22/04/2026,08:11:14,230,Núcleo de pesquisa,IFPB,84:F1:47:54:8B:A0,-70,1
22/04/2026,08:11:14,230,Núcleo de pesquisa,IFPB-VISITANTE,84:F1:47:54:8B:A2,-70,1
22/04/2026,08:11:14,230,Núcleo de pesquisa,IFPB,84:F1:47:54:FD:60,-77,1
22/04/2026,08:11:14,230,Núcleo de pesquisa,IFPB-VISITANTE,84:F1:47:54:FD:62,-77,1
22/04/2026,08:11:14,230,Núcleo de pesquisa,UA2-MiniLab,60:32:B1:2D:66:C3,-80,10
22/04/2026,08:11:14,230,Núcleo de pesquisa,Lab. de Sinais Digitais,18:D6:C7:F9:37:2F,-80,11
22/04/2026,08:11:14,230,Núcleo de pesquisa,EBF243D6-HE8D94yaFM1AOcS,44:D2:44:DD:32:49,-82,11
22/04/2026,08:11:14,230,Núcleo de pesquisa,Tay,4A:88:04:AC:88:C5,-83,11
22/04/2026,08:11:14,230,Núcleo de pesquisa,APTelefonia,58:10:8C:91:F3:AA,-84,1
22/04/2026,08:11:14,230,Núcleo de pesquisa,DIRECT-h6-Tab A7 de Jônatas,8E:E5:C0:E7:58:CC,-86,11
22/04/2026,08:11:14,230,Núcleo de pesquisa,IFPB,84:F1:47:54:81:00,-89,11
22/04/2026,08:11:14,230,Núcleo de pesquisa,IFPB-MM,54:E6:FC:BA:AD:86,-90,1
22/04/2026,08:11:14,230,Núcleo de pesquisa,GPDS,00:26:5A:66:55:EF,-90,6
22/04/2026,08:11:14,230,Núcleo de pesquisa,IFPB-VISITANTE,84:F1:47:54:81:02,-90,11
22/04/2026,08:11:14,230,Núcleo de pesquisa,INTELBRAS,D8:36:5F:54:70:40,-91,1
22/04/2026,08:11:14,230,Núcleo de pesquisa,IFPB-Sala_Professor_14,48:51:CF:81:B0:9E,-92,3
22/04/2026,08:11:14,230,Núcleo de pesquisa,NUNYA_Room_2.4GHz,CC:32:E5:0C:FC:2B,-92,9
22/04/2026,08:11:14,230,Núcleo de pesquisa,Intelbras,18:0D:2C:7F:EB:AC,-93,7
22/04/2026,08:11:14,230,Núcleo de pesquisa,SALA_MESTRADO,64:66:B3:62:EB:86,-95,1
22/04/2026,08:11:35,231,Coordenação de química,NPEF/NEPA,50:C7:BF:EF:56:8A,-57,3
22/04/2026,08:11:35,231,Coordenação de química,EBF243D6-HE8D94yaFM1AOcS,44:D2:44:DD:32:49,-67,11
22/04/2026,08:11:35,231,Coordenação de química,kaka-IF,00:E0:4C:65:36:BC,-75,11
22/04/2026,08:11:35,231,Coordenação de química,IFPB-VISITANTE,84:F1:47:54:FD:62,-76,1
22/04/2026,08:11:35,231,Coordenação de química,IFPB,84:F1:47:54:FD:60,-76,1
22/04/2026,08:11:35,231,Coordenação de química,IFPB,84:F1:47:54:8B:A0,-80,1
22/04/2026,08:11:35,231,Coordenação de química,IFPB-VISITANTE,84:F1:47:54:8B:A2,-80,1
22/04/2026,08:11:35,231,Coordenação de química,Lab. de Sinais Digitais,18:D6:C7:F9:37:2F,-80,11
22/04/2026,08:11:35,231,Coordenação de química,IFPB-MM,54:E6:FC:BA:AD:86,-84,1
22/04/2026,08:11:35,231,Coordenação de química,APTelefonia,58:10:8C:91:F3:AA,-85,1
22/04/2026,08:11:35,231,Coordenação de química,UA2-MiniLab,60:32:B1:2D:66:C3,-86,10
22/04/2026,08:11:35,231,Coordenação de química,Intelbras,18:0D:2C:7F:EB:AC,-89,7
22/04/2026,08:11:35,231,Coordenação de química,NUNYA_Room_2.4GHz,CC:32:E5:0C:FC:2B,-89,9
22/04/2026,08:11:35,231,Coordenação de química,GPDS,00:26:5A:66:55:EF,-90,6
22/04/2026,08:11:35,231,Coordenação de química,DIRECT-h6-Tab A7 de Jônatas,8E:E5:C0:E7:58:CC,-91,11
22/04/2026,08:11:35,231,Coordenação de química,IFPB-Sala_Professor_14,48:51:CF:81:B0:9E,-92,3
22/04/2026,08:11:35,231,Coordenação de química,Clara,8E:C0:B9:B0:45:01,-93,6
22/04/2026,08:11:45,232,Coordenação de química,NPEF/NEPA,50:C7:BF:EF:56:8A,-55,3
22/04/2026,08:11:45,232,Coordenação de química,EBF243D6-HE8D94yaFM1AOcS,44:D2:44:DD:32:49,-65,11
22/04/2026,08:11:45,232,Coordenação de química,IFPB,84:F1:47:54:FD:60,-69,1
22/04/2026,08:11:45,232,Coordenação de química,IFPB-VISITANTE,84:F1:47:54:FD:62,-70,1
22/04/2026,08:11:45,232,Coordenação de química,IFPB,84:F1:47:54:8B:A0,-76,1
22/04/2026,08:11:45,232,Coordenação de química,IFPB-VISITANTE,84:F1:47:54:8B:A2,-76,1
22/04/2026,08:11:45,232,Coordenação de química,kaka-IF,00:E0:4C:65:36:BC,-76,11
22/04/2026,08:11:45,232,Coordenação de química,IFPB-MM,54:E6:FC:BA:AD:86,-81,1
22/04/2026,08:11:45,232,Coordenação de química,Lab. de Sinais Digitais,18:D6:C7:F9:37:2F,-81,11
22/04/2026,08:11:45,232,Coordenação de química,UA2-MiniLab,60:32:B1:2D:66:C3,-82,10
22/04/2026,08:11:45,232,Coordenação de química,DIRECT-h6-Tab A7 de Jônatas,8E:E5:C0:E7:58:CC,-85,11
22/04/2026,08:11:45,232,Coordenação de química,APTelefonia,58:10:8C:91:F3:AA,-87,1
22/04/2026,08:11:45,232,Coordenação de química,Intelbras,18:0D:2C:7F:EB:AC,-88,7
22/04/2026,08:11:45,232,Coordenação de química,NUNYA_Room_2.4GHz,CC:32:E5:0C:FC:2B,-88,9
22/04/2026,08:11:45,232,Coordenação de química,IFPB,84:F1:47:54:80:60,-88,11
22/04/2026,08:11:45,232,Coordenação de química,IFPB-VISITANTE,84:F1:47:54:80:62,-88,11
22/04/2026,08:11:45,232,Coordenação de química,INTELBRAS,D8:36:5F:54:70:40,-91,1
22/04/2026,08:11:45,232,Coordenação de química,IFPB-Sala_Professor_14,48:51:CF:81:B0:9E,-93,3
22/04/2026,08:11:45,232,Coordenação de química,GPDS,00:26:5A:66:55:EF,-93,6
22/04/2026,08:11:45,232,Coordenação de química,POCO M7 Pro 5G,C6:F4:87:CE:0D:8C,-93,6
22/04/2026,08:11:55,233,Coordenação de química,NPEF/NEPA,50:C7:BF:EF:56:8A,-56,3
22/04/2026,08:11:55,233,Coordenação de química,IFPB,84:F1:47:54:FD:60,-70,1
22/04/2026,08:11:55,233,Coordenação de química,IFPB-VISITANTE,84:F1:47:54:FD:62,-70,1
22/04/2026,08:11:55,233,Coordenação de química,EBF243D6-HE8D94yaFM1AOcS,44:D2:44:DD:32:49,-70,11
22/04/2026,08:11:55,233,Coordenação de química,IFPB-VISITANTE,84:F1:47:54:8B:A2,-75,1
22/04/2026,08:11:55,233,Coordenação de química,IFPB,84:F1:47:54:8B:A0,-75,1
22/04/2026,08:11:55,233,Coordenação de química,kaka-IF,00:E0:4C:65:36:BC,-77,11
22/04/2026,08:11:55,233,Coordenação de química,UA2-MiniLab,60:32:B1:2D:66:C3,-78,10
22/04/2026,08:11:55,233,Coordenação de química,IFPB-MM,54:E6:FC:BA:AD:86,-82,1
22/04/2026,08:11:55,233,Coordenação de química,Lab. de Sinais Digitais,18:D6:C7:F9:37:2F,-82,11
22/04/2026,08:11:55,233,Coordenação de química,IFPB,84:F1:47:54:80:60,-83,11
22/04/2026,08:11:55,233,Coordenação de química,IFPB-VISITANTE,84:F1:47:54:80:62,-84,11
22/04/2026,08:11:55,233,Coordenação de química,APTelefonia,58:10:8C:91:F3:AA,-85,1
22/04/2026,08:11:55,233,Coordenação de química,GPDS,00:26:5A:66:55:EF,-87,6
22/04/2026,08:11:55,233,Coordenação de química,NUNYA_Room_2.4GHz,CC:32:E5:0C:FC:2B,-87,9
22/04/2026,08:11:55,233,Coordenação de química,IFPB-VISITANTE,24:36:DA:2B:BC:02,-88,6
22/04/2026,08:11:55,233,Coordenação de química,Intelbras,18:0D:2C:7F:EB:AC,-88,7
22/04/2026,08:11:55,233,Coordenação de química,IFPB,24:36:DA:2B:BC:00,-89,6
22/04/2026,08:11:55,233,Coordenação de química,TP-Link_1324,7C:F1:7E:8D:13:22,-90,10
22/04/2026,08:11:55,233,Coordenação de química,IFPB-Sala_Professor_14,48:51:CF:81:B0:9E,-91,3
22/04/2026,08:11:55,233,Coordenação de química,IFPB,84:F1:47:54:81:00,-91,11
22/04/2026,08:11:55,233,Coordenação de química,DIRECT-h6-Tab A7 de Jônatas,8E:E5:C0:E7:58:CC,-91,11
22/04/2026,08:11:55,233,Coordenação de química,IFPB,2C:57:41:D4:A5:20,-91,11
22/04/2026,08:12:05,234,Coordenação de química,NPEF/NEPA,50:C7:BF:EF:56:8A,-56,3
22/04/2026,08:12:05,234,Coordenação de química,EBF243D6-HE8D94yaFM1AOcS,44:D2:44:DD:32:49,-67,11
22/04/2026,08:12:05,234,Coordenação de química,IFPB,84:F1:47:54:FD:60,-73,1
22/04/2026,08:12:05,234,Coordenação de química,IFPB-VISITANTE,84:F1:47:54:FD:62,-73,1
22/04/2026,08:12:05,234,Coordenação de química,IFPB,84:F1:47:54:8B:A0,-73,1
22/04/2026,08:12:05,234,Coordenação de química,IFPB-VISITANTE,84:F1:47:54:8B:A2,-74,1
22/04/2026,08:12:05,234,Coordenação de química,kaka-IF,00:E0:4C:65:36:BC,-80,11
22/04/2026,08:12:05,234,Coordenação de química,IFPB-MM,54:E6:FC:BA:AD:86,-82,1
22/04/2026,08:12:05,234,Coordenação de química,APTelefonia,58:10:8C:91:F3:AA,-82,1
22/04/2026,08:12:05,234,Coordenação de química,Lab. de Sinais Digitais,18:D6:C7:F9:37:2F,-83,11
22/04/2026,08:12:05,234,Coordenação de química,Intelbras,18:0D:2C:7F:EB:AC,-85,7
22/04/2026,08:12:05,234,Coordenação de química,UA2-MiniLab,60:32:B1:2D:66:C3,-86,10
22/04/2026,08:12:05,234,Coordenação de química,IFPB-VISITANTE,84:F1:47:54:80:62,-86,11
22/04/2026,08:12:05,234,Coordenação de química,IFPB,84:F1:47:54:80:60,-86,11
22/04/2026,08:12:05,234,Coordenação de química,DIRECT-h6-Tab A7 de Jônatas,8E:E5:C0:E7:58:CC,-86,11
22/04/2026,08:12:05,234,Coordenação de química,GPDS,00:26:5A:66:55:EF,-89,6
22/04/2026,08:12:05,234,Coordenação de química,NUNYA_Room_2.4GHz,CC:32:E5:0C:FC:2B,-90,9
22/04/2026,08:12:05,234,Coordenação de química,Clara,8E:C0:B9:B0:45:01,-92,6
22/04/2026,08:12:05,234,Coordenação de química,POCO M7 Pro 5G,C6:F4:87:CE:0D:8C,-93,6
22/04/2026,08:12:05,234,Coordenação de química,IFPB-Sala_Professor_14,48:51:CF:81:B0:9E,-94,3
22/04/2026,08:12:15,235,Coordenação de química,NPEF/NEPA,50:C7:BF:EF:56:8A,-57,3
22/04/2026,08:12:15,235,Coordenação de química,EBF243D6-HE8D94yaFM1AOcS,44:D2:44:DD:32:49,-68,11
22/04/2026,08:12:15,235,Coordenação de química,IFPB-VISITANTE,84:F1:47:54:FD:62,-71,1
22/04/2026,08:12:15,235,Coordenação de química,IFPB,84:F1:47:54:FD:60,-72,1
22/04/2026,08:12:15,235,Coordenação de química,IFPB,84:F1:47:54:8B:A0,-75,1
22/04/2026,08:12:15,235,Coordenação de química,IFPB-VISITANTE,84:F1:47:54:8B:A2,-75,1
22/04/2026,08:12:15,235,Coordenação de química,kaka-IF,00:E0:4C:65:36:BC,-79,11
22/04/2026,08:12:15,235,Coordenação de química,IFPB-MM,54:E6:FC:BA:AD:86,-82,1
22/04/2026,08:12:15,235,Coordenação de química,Lab. de Sinais Digitais,18:D6:C7:F9:37:2F,-82,11
22/04/2026,08:12:15,235,Coordenação de química,UA2-MiniLab,60:32:B1:2D:66:C3,-84,10
22/04/2026,08:12:15,235,Coordenação de química,APTelefonia,58:10:8C:91:F3:AA,-86,1
22/04/2026,08:12:15,235,Coordenação de química,IFPB,84:F1:47:54:80:60,-86,11
22/04/2026,08:12:15,235,Coordenação de química,IFPB-VISITANTE,84:F1:47:54:80:62,-87,11
22/04/2026,08:12:15,235,Coordenação de química,Intelbras,18:0D:2C:7F:EB:AC,-89,7
22/04/2026,08:12:15,235,Coordenação de química,NUNYA_Room_2.4GHz,CC:32:E5:0C:FC:2B,-89,9
22/04/2026,08:12:15,235,Coordenação de química,GPDS,00:26:5A:66:55:EF,-91,6
22/04/2026,08:12:15,235,Coordenação de química,IFPB,2C:57:41:D4:A5:20,-91,11
22/04/2026,08:12:15,235,Coordenação de química,IFPB-VISITANTE,2C:57:41:D4:A5:22,-91,11
22/04/2026,08:12:15,235,Coordenação de química,IFPB-Sala_Professor_14,48:51:CF:81:B0:9E,-92,3
22/04/2026,08:12:15,235,Coordenação de química,IFPB-VISITANTE,84:F1:47:54:81:02,-92,11
22/04/2026,08:12:15,235,Coordenação de química,INTELBRAS,D8:36:5F:54:70:40,-94,1
22/04/2026,08:12:15,235,Coordenação de química,Tay,4A:88:04:AC:88:C5,-94,11
22/04/2026,08:12:25,236,Coordenação de química,NPEF/NEPA,50:C7:BF:EF:56:8A,-61,3
22/04/2026,08:12:25,236,Coordenação de química,Mirascreen BFA3E40A,D2:C0:BF:A3:E4:0A,-66,6
22/04/2026,08:12:25,236,Coordenação de química,EBF243D6-HE8D94yaFM1AOcS,44:D2:44:DD:32:49,-69,11
22/04/2026,08:12:25,236,Coordenação de química,IFPB,84:F1:47:54:FD:60,-73,1
22/04/2026,08:12:25,236,Coordenação de química,IFPB,84:F1:47:54:8B:A0,-73,1
22/04/2026,08:12:25,236,Coordenação de química,IFPB-VISITANTE,84:F1:47:54:FD:62,-73,1
22/04/2026,08:12:25,236,Coordenação de química,IFPB-VISITANTE,84:F1:47:54:8B:A2,-73,1
22/04/2026,08:12:25,236,Coordenação de química,UA2-MiniLab,60:32:B1:2D:66:C3,-78,10
22/04/2026,08:12:25,236,Coordenação de química,kaka-IF,00:E0:4C:65:36:BC,-80,11
22/04/2026,08:12:25,236,Coordenação de química,IFPB-MM,54:E6:FC:BA:AD:86,-82,1
22/04/2026,08:12:25,236,Coordenação de química,APTelefonia,58:10:8C:91:F3:AA,-82,1
22/04/2026,08:12:25,236,Coordenação de química,Lab. de Sinais Digitais,18:D6:C7:F9:37:2F,-82,11
22/04/2026,08:12:25,236,Coordenação de química,IFPB-VISITANTE,84:F1:47:54:80:62,-86,11
22/04/2026,08:12:25,236,Coordenação de química,IFPB,84:F1:47:54:80:60,-89,11
22/04/2026,08:12:25,236,Coordenação de química,GPDS,00:26:5A:66:55:EF,-91,6
22/04/2026,08:12:25,236,Coordenação de química,NUNYA_Room_2.4GHz,CC:32:E5:0C:FC:2B,-92,9
22/04/2026,08:12:25,236,Coordenação de química,Intelbras,18:0D:2C:7F:EB:AC,-94,7
22/04/2026,08:12:25,236,Coordenação de química,TP-Link_1324,7C:F1:7E:8D:13:22,-94,10
22/04/2026,08:12:25,236,Coordenação de química,IFPB-Sala_Professor_14,48:51:CF:81:B0:9E,-95,3
22/04/2026,08:12:35,237,Coordenação de química,NPEF/NEPA,50:C7:BF:EF:56:8A,-61,3
22/04/2026,08:12:35,237,Coordenação de química,EBF243D6-HE8D94yaFM1AOcS,44:D2:44:DD:32:49,-68,11
22/04/2026,08:12:35,237,Coordenação de química,IFPB,84:F1:47:54:FD:60,-71,1
22/04/2026,08:12:35,237,Coordenação de química,IFPB-VISITANTE,84:F1:47:54:FD:62,-71,1
22/04/2026,08:12:35,237,Coordenação de química,IFPB,84:F1:47:54:8B:A0,-73,1
22/04/2026,08:12:35,237,Coordenação de química,IFPB-VISITANTE,84:F1:47:54:8B:A2,-73,1
22/04/2026,08:12:35,237,Coordenação de química,kaka-IF,00:E0:4C:65:36:BC,-79,11
22/04/2026,08:12:35,237,Coordenação de química,IFPB-MM,54:E6:FC:BA:AD:86,-80,1
22/04/2026,08:12:35,237,Coordenação de química,Lab. de Sinais Digitais,18:D6:C7:F9:37:2F,-80,11
22/04/2026,08:12:35,237,Coordenação de química,APTelefonia,58:10:8C:91:F3:AA,-82,1
22/04/2026,08:12:35,237,Coordenação de química,UA2-MiniLab,60:32:B1:2D:66:C3,-83,10
22/04/2026,08:12:35,237,Coordenação de química,IFPB,84:F1:47:54:80:60,-87,11
22/04/2026,08:12:35,237,Coordenação de química,GPDS,00:26:5A:66:55:EF,-90,6
22/04/2026,08:12:35,237,Coordenação de química,Intelbras,18:0D:2C:7F:EB:AC,-90,7
22/04/2026,08:12:35,237,Coordenação de química,NUNYA_Room_2.4GHz,CC:32:E5:0C:FC:2B,-91,9
22/04/2026,08:12:35,237,Coordenação de química,POCO M7 Pro 5G,C6:F4:87:CE:0D:8C,-92,11
22/04/2026,08:12:35,237,Coordenação de química,IFPB-Sala_Professor_14,48:51:CF:81:B0:9E,-93,3
22/04/2026,08:12:35,237,Coordenação de química,Tay,4A:88:04:AC:88:C5,-96,11
22/04/2026,08:12:45,238,Coordenação de química,NPEF/NEPA,50:C7:BF:EF:56:8A,-58,3
22/04/2026,08:12:45,238,Coordenação de química,EBF243D6-HE8D94yaFM1AOcS,44:D2:44:DD:32:49,-65,11
22/04/2026,08:12:45,238,Coordenação de química,IFPB,84:F1:47:54:FD:60,-72,1
22/04/2026,08:12:45,238,Coordenação de química,IFPB-VISITANTE,84:F1:47:54:FD:62,-72,1
22/04/2026,08:12:45,238,Coordenação de química,IFPB,84:F1:47:54:8B:A0,-72,1
22/04/2026,08:12:45,238,Coordenação de química,IFPB-VISITANTE,84:F1:47:54:8B:A2,-72,1
22/04/2026,08:12:45,238,Coordenação de química,kaka-IF,00:E0:4C:65:36:BC,-78,11
22/04/2026,08:12:45,238,Coordenação de química,Lab. de Sinais Digitais,18:D6:C7:F9:37:2F,-80,11
22/04/2026,08:12:45,238,Coordenação de química,UA2-MiniLab,60:32:B1:2D:66:C3,-81,10
22/04/2026,08:12:45,238,Coordenação de química,IFPB-MM,54:E6:FC:BA:AD:86,-83,1
22/04/2026,08:12:45,238,Coordenação de química,APTelefonia,58:10:8C:91:F3:AA,-83,1
22/04/2026,08:12:45,238,Coordenação de química,IFPB,84:F1:47:54:80:60,-84,11
22/04/2026,08:12:45,238,Coordenação de química,IFPB-VISITANTE,84:F1:47:54:80:62,-84,11
22/04/2026,08:12:45,238,Coordenação de química,Intelbras,18:0D:2C:7F:EB:AC,-88,7
22/04/2026,08:12:45,238,Coordenação de química,IFPB,24:36:DA:2B:BC:00,-89,6
22/04/2026,08:12:45,238,Coordenação de química,GPDS,00:26:5A:66:55:EF,-90,6
22/04/2026,08:12:45,238,Coordenação de química,NUNYA_Room_2.4GHz,CC:32:E5:0C:FC:2B,-90,9
22/04/2026,08:12:45,238,Coordenação de química,IFPB,2C:57:41:D4:A5:20,-90,11
22/04/2026,08:12:45,238,Coordenação de química,IFPB-VISITANTE,2C:57:41:D4:A5:22,-90,11
22/04/2026,08:12:45,238,Coordenação de química,IFPB-Sala_Professor_14,24:FD:0D:57:19:26,-95,5
22/04/2026,08:12:45,238,Coordenação de química,INTELBRAS,D8:36:5F:54:70:40,-97,1
22/04/2026,08:12:55,239,Coordenação de química,NPEF/NEPA,50:C7:BF:EF:56:8A,-66,3
22/04/2026,08:12:55,239,Coordenação de química,EBF243D6-HE8D94yaFM1AOcS,44:D2:44:DD:32:49,-68,11
22/04/2026,08:12:55,239,Coordenação de química,IFPB-VISITANTE,84:F1:47:54:8B:A2,-72,1
22/04/2026,08:12:55,239,Coordenação de química,IFPB,84:F1:47:54:FD:60,-73,1
22/04/2026,08:12:55,239,Coordenação de química,IFPB-VISITANTE,84:F1:47:54:FD:62,-73,1
22/04/2026,08:12:55,239,Coordenação de química,IFPB,84:F1:47:54:8B:A0,-73,1
22/04/2026,08:12:55,239,Coordenação de química,kaka-IF,00:E0:4C:65:36:BC,-73,11
22/04/2026,08:12:55,239,Coordenação de química,UA2-MiniLab,60:32:B1:2D:66:C3,-80,10
22/04/2026,08:12:55,239,Coordenação de química,APTelefonia,58:10:8C:91:F3:AA,-81,1
22/04/2026,08:12:55,239,Coordenação de química,Lab. de Sinais Digitais,18:D6:C7:F9:37:2F,-82,11
22/04/2026,08:12:55,239,Coordenação de química,IFPB-MM,54:E6:FC:BA:AD:86,-87,1
22/04/2026,08:12:55,239,Coordenação de química,Intelbras,18:0D:2C:7F:EB:AC,-88,7
22/04/2026,08:12:55,239,Coordenação de química,IFPB-VISITANTE,84:F1:47:54:80:62,-88,11
22/04/2026,08:12:55,239,Coordenação de química,IFPB,84:F1:47:54:80:60,-89,11
22/04/2026,08:12:55,239,Coordenação de química,GPDS,00:26:5A:66:55:EF,-92,6
22/04/2026,08:12:55,239,Coordenação de química,NUNYA_Room_2.4GHz,CC:32:E5:0C:FC:2B,-92,9
22/04/2026,08:12:55,239,Coordenação de química,INTELBRAS,D8:36:5F:54:70:40,-95,1
22/04/2026,08:13:05,240,Coordenação de química,NPEF/NEPA,50:C7:BF:EF:56:8A,-59,3
22/04/2026,08:13:05,240,Coordenação de química,EBF243D6-HE8D94yaFM1AOcS,44:D2:44:DD:32:49,-69,11
22/04/2026,08:13:05,240,Coordenação de química,IFPB,84:F1:47:54:FD:60,-71,1
22/04/2026,08:13:05,240,Coordenação de química,IFPB-VISITANTE,84:F1:47:54:FD:62,-71,1
22/04/2026,08:13:05,240,Coordenação de química,IFPB,84:F1:47:54:8B:A0,-73,1
22/04/2026,08:13:05,240,Coordenação de química,IFPB-VISITANTE,84:F1:47:54:8B:A2,-73,1
22/04/2026,08:13:05,240,Coordenação de química,kaka-IF,00:E0:4C:65:36:BC,-77,11
22/04/2026,08:13:05,240,Coordenação de química,UA2-MiniLab,60:32:B1:2D:66:C3,-78,10
22/04/2026,08:13:05,240,Coordenação de química,Lab. de Sinais Digitais,18:D6:C7:F9:37:2F,-83,11
22/04/2026,08:13:05,240,Coordenação de química,APTelefonia,58:10:8C:91:F3:AA,-84,1
22/04/2026,08:13:05,240,Coordenação de química,IFPB-MM,54:E6:FC:BA:AD:86,-86,1
22/04/2026,08:13:05,240,Coordenação de química,IFPB,84:F1:47:54:80:60,-86,11
22/04/2026,08:13:05,240,Coordenação de química,IFPB-VISITANTE,84:F1:47:54:80:62,-88,11
22/04/2026,08:13:05,240,Coordenação de química,GPDS,00:26:5A:66:55:EF,-89,6
22/04/2026,08:13:05,240,Coordenação de química,Intelbras,18:0D:2C:7F:EB:AC,-90,7
22/04/2026,08:13:05,240,Coordenação de química,NUNYA_Room_2.4GHz,CC:32:E5:0C:FC:2B,-90,9
22/04/2026,08:13:05,240,Coordenação de química,IFPB-Sala_Professor_14,48:51:CF:81:B0:9E,-91,3
22/04/2026,08:13:05,240,Coordenação de química,IFPB-Sala_Professor_14,24:FD:0D:57:19:26,-94,5
