data,hora,num,local,ssid,bssid,rssi,canal
24/04/2026,07:01:57,1,Lab. Informática 09,IFPB-VISITANTE,84:F1:47:54:7F:22,-52,11
24/04/2026,07:01:57,1,Lab. Informática 09,IFPB,84:F1:47:54:7F:20,-53,11
24/04/2026,07:01:57,1,Lab. Informática 09,IFPB TCC,D8:5D:4C:86:7E:66,-59,1
24/04/2026,07:01:57,1,Lab. Informática 09,IFPB-Sala_Professor_14,24:FD:0D:57:19:26,-60,5
24/04/2026,07:01:57,1,Lab. Informática 09,APTelefonia,58:10:8C:91:F3:AA,-67,1
24/04/2026,07:01:57,1,Lab. Informática 09,Intelbras,18:0D:2C:7F:EB:AC,-70,7
24/04/2026,07:01:57,1,Lab. Informática 09,Lab. de Sinais Digitais,18:D6:C7:F9:37:2F,-75,11
24/04/2026,07:01:57,1,Lab. Informática 09,TP-Link_C3CB,D8:0D:17:3E:C3:CB,-76,4
24/04/2026,07:01:57,1,Lab. Informática 09,TP-Link_1324,7C:F1:7E:8D:13:22,-77,10
24/04/2026,07:01:57,1,Lab. Informática 09,IFPB-VISITANTE,B8:11:4B:1D:1E:42,-78,6
24/04/2026,07:01:57,1,Lab. Informática 09,IFPB,B8:11:4B:1D:1E:40,-78,6
24/04/2026,07:01:57,1,Lab. Informática 09,NUNYA_Room_2.4GHz,CC:32:E5:0C:FC:2B,-84,9
24/04/2026,07:01:57,1,Lab. Informática 09,IFPB,E4:4E:2D:85:4C:60,-86,11
24/04/2026,07:01:57,1,Lab. Informática 09,IFPB-VISITANTE,E4:4E:2D:85:4C:62,-86,11
24/04/2026,07:01:57,1,Lab. Informática 09,IFPB-VISITANTE,2C:57:41:D4:69:C2,-87,1
24/04/2026,07:01:57,1,Lab. Informática 09,IFPB,2C:57:41:D4:69:C0,-88,1
24/04/2026,07:01:58,1,Lab. Informática 09,LIMPEZA,54:E6:FC:CF:22:DE,-88,6
24/04/2026,07:01:58,1,Lab. Informática 09,IFPB-VISITANTE,84:F1:47:54:FD:C2,-89,1
24/04/2026,07:01:58,1,Lab. Informática 09,IFPB,84:F1:47:54:FD:C0,-89,1
24/04/2026,07:01:58,1,Lab. Informática 09,IFPB-VISITANTE,84:F1:47:54:96:E2,-89,1
24/04/2026,07:01:58,1,Lab. Informática 09,Lab Redes Convergentes,64:70:02:99:FE:F4,-90,1
24/04/2026,07:01:58,1,Lab. Informática 09,GPDS,00:26:5A:66:55:EF,-90,6
24/04/2026,07:01:58,1,Lab. Informática 09,UA2-MiniLab,60:32:B1:2D:66:C3,-90,10
24/04/2026,07:01:58,1,Lab. Informática 09,SALA_MESTRADO,64:66:B3:62:EB:86,-92,1
24/04/2026,07:01:58,1,Lab. Informática 09,IFPB-Sala_13,E8:94:F6:B9:2F:46,-93,6
24/04/2026,07:02:07,2,Lab. Informática 09,IFPB,84:F1:47:54:7F:20,-46,11
24/04/2026,07:02:07,2,Lab. Informática 09,IFPB-VISITANTE,84:F1:47:54:7F:22,-46,11
24/04/2026,07:02:07,2,Lab. Informática 09,IFPB TCC,D8:5D:4C:86:7E:66,-63,1
24/04/2026,07:02:07,2,Lab. Informática 09,IFPB-Sala_Professor_14,24:FD:0D:57:19:26,-63,5
24/04/2026,07:02:07,2,Lab. Informática 09,APTelefonia,58:10:8C:91:F3:AA,-68,1
24/04/2026,07:02:07,2,Lab. Informática 09,Intelbras,18:0D:2C:7F:EB:AC,-71,7
24/04/2026,07:02:07,2,Lab. Informática 09,TP-Link_C3CB,D8:0D:17:3E:C3:CB,-73,4
24/04/2026,07:02:07,2,Lab. Informática 09,TP-Link_1324,7C:F1:7E:8D:13:22,-73,10
24/04/2026,07:02:07,2,Lab. Informática 09,Lab. de Sinais Digitais,18:D6:C7:F9:37:2F,-73,11
24/04/2026,07:02:07,2,Lab. Informática 09,IFPB,B8:11:4B:1D:1E:40,-78,6
24/04/2026,07:02:08,2,Lab. Informática 09,IFPB-VISITANTE,B8:11:4B:1D:1E:42,-79,6
24/04/2026,07:02:08,2,Lab. Informática 09,IFPB-Sala_Professor_14,48:51:CF:81:B0:9E,-81,8
24/04/2026,07:02:08,2,Lab. Informática 09,NUNYA_Room_2.4GHz,CC:32:E5:0C:FC:2B,-83,9
24/04/2026,07:02:08,2,Lab. Informática 09,IFPB,84:F1:47:54:FD:C0,-84,1
24/04/2026,07:02:08,2,Lab. Informática 09,IFPB-VISITANTE,84:F1:47:54:FD:C2,-86,1
24/04/2026,07:02:08,2,Lab. Informática 09,GPDS,00:26:5A:66:55:EF,-86,6
24/04/2026,07:02:08,2,Lab. Informática 09,IFPB-VISITANTE,E4:4E:2D:85:4C:62,-87,11
24/04/2026,07:02:08,2,Lab. Informática 09,IFPB,E4:4E:2D:85:4C:60,-87,11
24/04/2026,07:02:08,2,Lab. Informática 09,IFPB,2C:57:41:D4:69:C0,-88,1
24/04/2026,07:02:08,2,Lab. Informática 09,IFPB-VISITANTE,84:F1:47:54:96:E2,-88,1
24/04/2026,07:02:08,2,Lab. Informática 09,IFPB-VISITANTE,2C:57:41:D4:69:C2,-89,1
24/04/2026,07:02:08,2,Lab. Informática 09,IFPB,84:F1:47:54:96:E0,-89,1
24/04/2026,07:02:08,2,Lab. Informática 09,IFPB,84:F1:47:54:71:00,-89,1
24/04/2026,07:02:08,2,Lab. Informática 09,IFPB-VISITANTE,84:F1:47:54:71:02,-89,1
24/04/2026,07:02:08,2,Lab. Informática 09,IFPB-Sala_13,E8:94:F6:B9:2F:46,-90,6
24/04/2026,07:02:08,2,Lab. Informática 09,Lab Redes Convergentes,64:70:02:99:FE:F4,-91,1
24/04/2026,07:02:08,2,Lab. Informática 09,UA2-MiniLab,60:32:B1:2D:66:C3,-91,10
24/04/2026,07:02:08,2,Lab. Informática 09,LIMPEZA,54:E6:FC:CF:22:DE,-92,6
24/04/2026,07:02:18,3,Lab. Informática 09,IFPB,84:F1:47:54:7F:20,-44,11
24/04/2026,07:02:18,3,Lab. Informática 09,IFPB-VISITANTE,84:F1:47:54:7F:22,-44,11
24/04/2026,07:02:18,3,Lab. Informática 09,IFPB-Sala_Professor_14,24:FD:0D:57:19:26,-62,5
24/04/2026,07:02:18,3,Lab. Informática 09,IFPB TCC,D8:5D:4C:86:7E:66,-65,1
24/04/2026,07:02:18,3,Lab. Informática 09,Intelbras,18:0D:2C:7F:EB:AC,-68,7
24/04/2026,07:02:18,3,Lab. Informática 09,APTelefonia,58:10:8C:91:F3:AA,-71,1
24/04/2026,07:02:18,3,Lab. Informática 09,TP-Link_1324,7C:F1:7E:8D:13:22,-71,10
24/04/2026,07:02:18,3,Lab. Informática 09,TP-Link_C3CB,D8:0D:17:3E:C3:CB,-72,4
24/04/2026,07:02:18,3,Lab. Informática 09,Lab. de Sinais Digitais,18:D6:C7:F9:37:2F,-73,11
24/04/2026,07:02:18,3,Lab. Informática 09,IFPB-VISITANTE,B8:11:4B:1D:1E:42,-77,6
24/04/2026,07:02:18,3,Lab. Informática 09,IFPB,B8:11:4B:1D:1E:40,-77,6
24/04/2026,07:02:18,3,Lab. Informática 09,IFPB-Sala_Professor_14,48:51:CF:81:B0:9E,-79,8
24/04/2026,07:02:18,3,Lab. Informática 09,NUNYA_Room_2.4GHz,CC:32:E5:0C:FC:2B,-81,9
24/04/2026,07:02:18,3,Lab. Informática 09,IFPB,84:F1:47:54:FD:C0,-85,1
24/04/2026,07:02:18,3,Lab. Informática 09,IFPB-VISITANTE,84:F1:47:54:FD:C2,-85,1
24/04/2026,07:02:18,3,Lab. Informática 09,IFPB,2C:57:41:D4:69:C0,-86,1
24/04/2026,07:02:18,3,Lab. Informática 09,IFPB,E4:4E:2D:85:4C:60,-86,11
24/04/2026,07:02:18,3,Lab. Informática 09,IFPB-VISITANTE,E4:4E:2D:85:4C:62,-86,11
24/04/2026,07:02:18,3,Lab. Informática 09,GPDS,00:26:5A:66:55:EF,-87,6
24/04/2026,07:02:18,3,Lab. Informática 09,IFPB-VISITANTE,84:F1:47:54:96:E2,-88,1
24/04/2026,07:02:18,3,Lab. Informática 09,IFPB-VISITANTE,2C:57:41:D4:69:C2,-88,1
24/04/2026,07:02:18,3,Lab. Informática 09,IFPB,84:F1:47:54:96:E0,-88,1
24/04/2026,07:02:18,3,Lab. Informática 09,IFPB-VISITANTE,84:F1:47:54:71:02,-89,1
24/04/2026,07:02:18,3,Lab. Informática 09,Lab Redes Convergentes,64:70:02:99:FE:F4,-91,1
24/04/2026,07:02:18,3,Lab. Informática 09,IFPB-Sala_13,E8:94:F6:B9:2F:46,-91,6
24/04/2026,07:02:18,3,Lab. Informática 09,LIMPEZA,54:E6:FC:CF:22:DE,-91,6
24/04/2026,07:02:18,3,Lab. Informática 09,UA2-MiniLab,60:32:B1:2D:66:C3,-93,10
24/04/2026,07:02:28,4,Lab. Informática 09,IFPB,84:F1:47:54:7F:20,-45,11
24/04/2026,07:02:28,4,Lab. Informática 09,IFPB-VISITANTE,84:F1:47:54:7F:22,-45,11
24/04/2026,07:02:28,4,Lab. Informática 09,IFPB-Sala_Professor_14,24:FD:0D:57:19:26,-59,5
24/04/2026,07:02:28,4,Lab. Informática 09,IFPB TCC,D8:5D:4C:86:7E:66,-60,1
24/04/2026,07:02:28,4,Lab. Informática 09,Intelbras,18:0D:2C:7F:EB:AC,-66,7
24/04/2026,07:02:28,4,Lab. Informática 09,APTelefonia,58:10:8C:91:F3:AA,-70,1
24/04/2026,07:02:28,4,Lab. Informática 09,TP-Link_1324,7C:F1:7E:8D:13:22,-70,10
24/04/2026,07:02:28,4,Lab. Informática 09,Lab. de Sinais Digitais,18:D6:C7:F9:37:2F,-74,11
24/04/2026,07:02:28,4,Lab. Informática 09,TP-Link_C3CB,D8:0D:17:3E:C3:CB,-76,4
24/04/2026,07:02:28,4,Lab. Informática 09,IFPB,B8:11:4B:1D:1E:40,-78,6
24/04/2026,07:02:28,4,Lab. Informática 09,IFPB-VISITANTE,B8:11:4B:1D:1E:42,-79,6
24/04/2026,07:02:28,4,Lab. Informática 09,IFPB-Sala_Professor_14,48:51:CF:81:B0:9E,-80,8
24/04/2026,07:02:28,4,Lab. Informática 09,NUNYA_Room_2.4GHz,CC:32:E5:0C:FC:2B,-84,9
24/04/2026,07:02:28,4,Lab. Informática 09,IFPB,2C:57:41:D4:69:C0,-85,1
24/04/2026,07:02:28,4,Lab. Informática 09,IFPB-VISITANTE,84:F1:47:54:FD:C2,-86,1
24/04/2026,07:02:28,4,Lab. Informática 09,IFPB-VISITANTE,2C:57:41:D4:69:C2,-86,1
24/04/2026,07:02:28,4,Lab. Informática 09,GPDS,00:26:5A:66:55:EF,-86,6
24/04/2026,07:02:28,4,Lab. Informática 09,IFPB,84:F1:47:54:FD:C0,-87,1
24/04/2026,07:02:28,4,Lab. Informática 09,IFPB-VISITANTE,84:F1:47:54:96:E2,-88,1
24/04/2026,07:02:28,4,Lab. Informática 09,IFPB,84:F1:47:54:96:E0,-88,1
24/04/2026,07:02:28,4,Lab. Informática 09,IFPB-VISITANTE,84:F1:47:54:71:02,-88,1
24/04/2026,07:02:28,4,Lab. Informática 09,IFPB,84:F1:47:54:71:00,-89,1
24/04/2026,07:02:28,4,Lab. Informática 09,UA2-MiniLab,60:32:B1:2D:66:C3,-90,10
24/04/2026,07:02:28,4,Lab. Informática 09,IFPB-Sala_13,E8:94:F6:B9:2F:46,-92,6
24/04/2026,07:02:28,4,Lab. Informática 09,LIMPEZA,54:E6:FC:CF:22:DE,-92,6
24/04/2026,07:02:28,4,Lab. Informática 09,Lab Redes Convergentes,64:70:02:99:FE:F4,-93,1
24/04/2026,07:02:38,5,Lab. Informática 09,IFPB-VISITANTE,84:F1:47:54:7F:22,-45,11
24/04/2026,07:02:38,5,Lab. Informática 09,IFPB,84:F1:47:54:7F:20,-46,11
24/04/2026,07:02:38,5,Lab. Informática 09,IFPB-Sala_Professor_14,24:FD:0D:57:19:26,-57,5
24/04/2026,07:02:38,5,Lab. Informática 09,IFPB TCC,D8:5D:4C:86:7E:66,-67,1
24/04/2026,07:02:38,5,Lab. Informática 09,APTelefonia,58:10:8C:91:F3:AA,-68,1
24/04/2026,07:02:38,5,Lab. Informática 09,Intelbras,18:0D:2C:7F:EB:AC,-71,7
24/04/2026,07:02:38,5,Lab. Informática 09,TP-Link_1324,7C:F1:7E:8D:13:22,-71,10
24/04/2026,07:02:38,5,Lab. Informática 09,Lab. de Sinais Digitais,18:D6:C7:F9:37:2F,-71,11
24/04/2026,07:02:38,5,Lab. Informática 09,TP-Link_C3CB,D8:0D:17:3E:C3:CB,-76,4
24/04/2026,07:02:38,5,Lab. Informática 09,IFPB,B8:11:4B:1D:1E:40,-78,6
24/04/2026,07:02:38,5,Lab. Informática 09,IFPB-VISITANTE,B8:11:4B:1D:1E:42,-78,6
24/04/2026,07:02:38,5,Lab. Informática 09,IFPB-Sala_Professor_14,48:51:CF:81:B0:9E,-78,8
24/04/2026,07:02:38,5,Lab. Informática 09,NUNYA_Room_2.4GHz,CC:32:E5:0C:FC:2B,-83,9
24/04/2026,07:02:38,5,Lab. Informática 09,IFPB,E4:4E:2D:85:4C:60,-83,11
24/04/2026,07:02:38,5,Lab. Informática 09,IFPB-VISITANTE,E4:4E:2D:85:4C:62,-83,11
24/04/2026,07:02:38,5,Lab. Informática 09,IFPB,84:F1:47:54:FD:C0,-85,1
24/04/2026,07:02:38,5,Lab. Informática 09,IFPB-VISITANTE,84:F1:47:54:FD:C2,-85,1
24/04/2026,07:02:38,5,Lab. Informática 09,IFPB-VISITANTE,2C:57:41:D4:69:C2,-85,1
24/04/2026,07:02:38,5,Lab. Informática 09,IFPB,2C:57:41:D4:69:C0,-86,1
24/04/2026,07:02:38,5,Lab. Informática 09,IFPB,84:F1:47:54:96:E0,-87,1
24/04/2026,07:02:38,5,Lab. Informática 09,IFPB-VISITANTE,84:F1:47:54:96:E2,-88,1
24/04/2026,07:02:38,5,Lab. Informática 09,Lab Redes Convergentes,64:70:02:99:FE:F4,-89,1
24/04/2026,07:02:38,5,Lab. Informática 09,IFPB,84:F1:47:54:71:00,-89,1
24/04/2026,07:02:38,5,Lab. Informática 09,GPDS,00:26:5A:66:55:EF,-89,6
24/04/2026,07:02:38,5,Lab. Informática 09,LIMPEZA,54:E6:FC:CF:22:DE,-91,6
24/04/2026,07:02:38,5,Lab. Informática 09,IFPB-Sala_13,E8:94:F6:B9:2F:46,-93,6
24/04/2026,07:02:48,6,Lab. Informática 09,IFPB,84:F1:47:54:7F:20,-45,11
24/04/2026,07:02:48,6,Lab. Informática 09,IFPB-VISITANTE,84:F1:47:54:7F:22,-45,11
24/04/2026,07:02:48,6,Lab. Informática 09,IFPB-Sala_Professor_14,24:FD:0D:57:19:26,-57,5
24/04/2026,07:02:48,6,Lab. Informática 09,IFPB TCC,D8:5D:4C:86:7E:66,-65,1
24/04/2026,07:02:48,6,Lab. Informática 09,APTelefonia,58:10:8C:91:F3:AA,-67,1
24/04/2026,07:02:48,6,Lab. Informática 09,Intelbras,18:0D:2C:7F:EB:AC,-69,7
24/04/2026,07:02:48,6,Lab. Informática 09,TP-Link_1324,7C:F1:7E:8D:13:22,-69,10
24/04/2026,07:02:48,6,Lab. Informática 09,Lab. de Sinais Digitais,18:D6:C7:F9:37:2F,-72,11
24/04/2026,07:02:48,6,Lab. Informática 09,TP-Link_C3CB,D8:0D:17:3E:C3:CB,-76,4
24/04/2026,07:02:48,6,Lab. Informática 09,IFPB-VISITANTE,B8:11:4B:1D:1E:42,-77,6
24/04/2026,07:02:48,6,Lab. Informática 09,IFPB,B8:11:4B:1D:1E:40,-78,6
24/04/2026,07:02:48,6,Lab. Informática 09,IFPB-Sala_Professor_14,48:51:CF:81:B0:9E,-81,8
24/04/2026,07:02:48,6,Lab. Informática 09,NUNYA_Room_2.4GHz,CC:32:E5:0C:FC:2B,-82,9
24/04/2026,07:02:48,6,Lab. Informática 09,IFPB-VISITANTE,84:F1:47:54:FD:C2,-86,1
24/04/2026,07:02:48,6,Lab. Informática 09,GPDS,00:26:5A:66:55:EF,-86,6
24/04/2026,07:02:48,6,Lab. Informática 09,IFPB,84:F1:47:54:FD:C0,-87,1
24/04/2026,07:02:48,6,Lab. Informática 09,IFPB,84:F1:47:54:96:E0,-89,1
24/04/2026,07:02:48,6,Lab. Informática 09,IFPB-VISITANTE,84:F1:47:54:96:E2,-89,1
24/04/2026,07:02:48,6,Lab. Informática 09,Lab Redes Convergentes,64:70:02:99:FE:F4,-90,1
24/04/2026,07:02:48,6,Lab. Informática 09,LIMPEZA,54:E6:FC:CF:22:DE,-90,6
24/04/2026,07:02:48,6,Lab. Informática 09,IFPB-VISITANTE,E4:4E:2D:85:4C:62,-90,11
24/04/2026,07:02:48,6,Lab. Informática 09,UA2-MiniLab,60:32:B1:2D:66:C3,-91,10
24/04/2026,07:02:48,6,Lab. Informática 09,IFPB-Sala_13,E8:94:F6:B9:2F:46,-92,6
24/04/2026,07:02:58,7,Lab. Informática 09,IFPB,84:F1:47:54:7F:20,-44,11
24/04/2026,07:02:58,7,Lab. Informática 09,IFPB-VISITANTE,84:F1:47:54:7F:22,-44,11
24/04/2026,07:02:58,7,Lab. Informática 09,IFPB-Sala_Professor_14,24:FD:0D:57:19:26,-60,5
24/04/2026,07:02:58,7,Lab. Informática 09,IFPB TCC,D8:5D:4C:86:7E:66,-66,1
24/04/2026,07:02:58,7,Lab. Informática 09,APTelefonia,58:10:8C:91:F3:AA,-67,1
24/04/2026,07:02:58,7,Lab. Informática 09,Intelbras,18:0D:2C:7F:EB:AC,-69,7
24/04/2026,07:02:58,7,Lab. Informática 09,TP-Link_1324,7C:F1:7E:8D:13:22,-72,10
24/04/2026,07:02:58,7,Lab. Informática 09,Lab. de Sinais Digitais,18:D6:C7:F9:37:2F,-73,11
24/04/2026,07:02:58,7,Lab. Informática 09,TP-Link_C3CB,D8:0D:17:3E:C3:CB,-74,4
24/04/2026,07:02:58,7,Lab. Informática 09,IFPB,B8:11:4B:1D:1E:40,-77,6
24/04/2026,07:02:58,7,Lab. Informática 09,IFPB-VISITANTE,B8:11:4B:1D:1E:42,-77,6
24/04/2026,07:02:58,7,Lab. Informática 09,IFPB-Sala_Professor_14,48:51:CF:81:B0:9E,-80,8
24/04/2026,07:02:58,7,Lab. Informática 09,NUNYA_Room_2.4GHz,CC:32:E5:0C:FC:2B,-85,9
24/04/2026,07:02:58,7,Lab. Informática 09,IFPB,2C:57:41:D4:69:C0,-86,1
24/04/2026,07:02:58,7,Lab. Informática 09,GPDS,00:26:5A:66:55:EF,-86,6
24/04/2026,07:02:58,7,Lab. Informática 09,IFPB,84:F1:47:54:FD:C0,-87,1
24/04/2026,07:02:58,7,Lab. Informática 09,IFPB-VISITANTE,84:F1:47:54:FD:C2,-87,1
24/04/2026,07:02:58,7,Lab. Informática 09,IFPB,84:F1:47:54:96:E0,-87,1
24/04/2026,07:02:58,7,Lab. Informática 09,IFPB,84:F1:47:54:71:00,-87,1
24/04/2026,07:02:58,7,Lab. Informática 09,IFPB-VISITANTE,2C:57:41:D4:69:C2,-87,1
24/04/2026,07:02:58,7,Lab. Informática 09,IFPB-VISITANTE,84:F1:47:54:96:E2,-88,1
24/04/2026,07:02:59,7,Lab. Informática 09,IFPB-VISITANTE,84:F1:47:54:71:02,-89,1
24/04/2026,07:02:59,7,Lab. Informática 09,Lab Redes Convergentes,64:70:02:99:FE:F4,-90,1
24/04/2026,07:02:59,7,Lab. Informática 09,UA2-MiniLab,60:32:B1:2D:66:C3,-90,10
24/04/2026,07:02:59,7,Lab. Informática 09,IFPB-Sala_13,E8:94:F6:B9:2F:46,-91,6
24/04/2026,07:03:08,8,Lab. Informática 09,IFPB,84:F1:47:54:7F:20,-45,11
24/04/2026,07:03:08,8,Lab. Informática 09,IFPB-VISITANTE,84:F1:47:54:7F:22,-45,11
24/04/2026,07:03:08,8,Lab. Informática 09,IFPB-Sala_Professor_14,24:FD:0D:57:19:26,-61,5
24/04/2026,07:03:08,8,Lab. Informática 09,IFPB TCC,D8:5D:4C:86:7E:66,-64,1
24/04/2026,07:03:08,8,Lab. Informática 09,Intelbras,18:0D:2C:7F:EB:AC,-69,7
24/04/2026,07:03:08,8,Lab. Informática 09,TP-Link_1324,7C:F1:7E:8D:13:22,-69,10
24/04/2026,07:03:08,8,Lab. Informática 09,APTelefonia,58:10:8C:91:F3:AA,-70,1
24/04/2026,07:03:08,8,Lab. Informática 09,Lab. de Sinais Digitais,18:D6:C7:F9:37:2F,-73,11
24/04/2026,07:03:08,8,Lab. Informática 09,TP-Link_C3CB,D8:0D:17:3E:C3:CB,-75,4
24/04/2026,07:03:08,8,Lab. Informática 09,IFPB,B8:11:4B:1D:1E:40,-77,6
24/04/2026,07:03:08,8,Lab. Informática 09,IFPB-VISITANTE,B8:11:4B:1D:1E:42,-77,6
24/04/2026,07:03:08,8,Lab. Informática 09,IFPB-VISITANTE,84:F1:47:54:FD:C2,-84,1
24/04/2026,07:03:08,8,Lab. Informática 09,IFPB,84:F1:47:54:FD:C0,-85,1
24/04/2026,07:03:08,8,Lab. Informática 09,NUNYA_Room_2.4GHz,CC:32:E5:0C:FC:2B,-85,9
24/04/2026,07:03:08,8,Lab. Informática 09,GPDS,00:26:5A:66:55:EF,-87,6
24/04/2026,07:03:08,8,Lab. Informática 09,IFPB-VISITANTE,2C:57:41:D4:69:C2,-88,1
24/04/2026,07:03:08,8,Lab. Informática 09,IFPB,2C:57:41:D4:69:C0,-88,1
24/04/2026,07:03:08,8,Lab. Informática 09,IFPB,E4:4E:2D:85:4C:60,-88,11
24/04/2026,07:03:08,8,Lab. Informática 09,LIMPEZA,54:E6:FC:CF:22:DE,-89,6
24/04/2026,07:03:08,8,Lab. Informática 09,Lab Redes Convergentes,64:70:02:99:FE:F4,-91,1
24/04/2026,07:03:08,8,Lab. Informática 09,IFPB-Sala_13,E8:94:F6:B9:2F:46,-92,6
24/04/2026,07:03:08,8,Lab. Informática 09,UA2-MiniLab,60:32:B1:2D:66:C3,-93,10
24/04/2026,07:03:18,9,Lab. Informática 09,IFPB,84:F1:47:54:7F:20,-51,11
24/04/2026,07:03:18,9,Lab. Informática 09,IFPB-VISITANTE,84:F1:47:54:7F:22,-51,11
24/04/2026,07:03:18,9,Lab. Informática 09,IFPB TCC,D8:5D:4C:86:7E:66,-57,1
24/04/2026,07:03:18,9,Lab. Informática 09,IFPB-Sala_Professor_14,24:FD:0D:57:19:26,-58,5
24/04/2026,07:03:18,9,Lab. Informática 09,TP-Link_1324,7C:F1:7E:8D:13:22,-67,10
24/04/2026,07:03:18,9,Lab. Informática 09,Intelbras,18:0D:2C:7F:EB:AC,-69,7
24/04/2026,07:03:18,9,Lab. Informática 09,APTelefonia,58:10:8C:91:F3:AA,-70,1
24/04/2026,07:03:18,9,Lab. Informática 09,TP-Link_C3CB,D8:0D:17:3E:C3:CB,-74,4
24/04/2026,07:03:18,9,Lab. Informática 09,IFPB,B8:11:4B:1D:1E:40,-76,6
24/04/2026,07:03:18,9,Lab. Informática 09,IFPB-VISITANTE,B8:11:4B:1D:1E:42,-76,6
24/04/2026,07:03:18,9,Lab. Informática 09,Lab. de Sinais Digitais,18:D6:C7:F9:37:2F,-76,11
24/04/2026,07:03:18,9,Lab. Informática 09,IFPB-Sala_Professor_14,48:51:CF:81:B0:9E,-80,8
24/04/2026,07:03:18,9,Lab. Informática 09,IFPB-VISITANTE,84:F1:47:54:FD:C2,-83,1
24/04/2026,07:03:18,9,Lab. Informática 09,NUNYA_Room_2.4GHz,CC:32:E5:0C:FC:2B,-83,9
24/04/2026,07:03:18,9,Lab. Informática 09,IFPB,84:F1:47:54:FD:C0,-85,1
24/04/2026,07:03:18,9,Lab. Informática 09,GPDS,00:26:5A:66:55:EF,-86,6
24/04/2026,07:03:18,9,Lab. Informática 09,IFPB,E4:4E:2D:85:4C:60,-86,11
24/04/2026,07:03:18,9,Lab. Informática 09,IFPB,2C:57:41:D4:69:C0,-87,1
24/04/2026,07:03:18,9,Lab. Informática 09,LIMPEZA,54:E6:FC:CF:22:DE,-87,6
24/04/2026,07:03:18,9,Lab. Informática 09,IFPB-VISITANTE,2C:57:41:D4:69:C2,-88,1
24/04/2026,07:03:18,9,Lab. Informática 09,IFPB,84:F1:47:54:71:00,-89,1
24/04/2026,07:03:18,9,Lab. Informática 09,IFPB-VISITANTE,84:F1:47:54:96:E2,-89,1
24/04/2026,07:03:19,9,Lab. Informática 09,IFPB-VISITANTE,E4:4E:2D:85:4C:62,-89,11
24/04/2026,07:03:19,9,Lab. Informática 09,IFPB-Sala_13,E8:94:F6:B9:2F:46,-90,6
24/04/2026,07:03:19,9,Lab. Informática 09,Lab Redes Convergentes,64:70:02:99:FE:F4,-91,1
24/04/2026,07:03:19,9,Lab. Informática 09,UA2-MiniLab,60:32:B1:2D:66:C3,-91,10
24/04/2026,07:03:28,10,Lab. Informática 09,IFPB,84:F1:47:54:7F:20,-50,11
24/04/2026,07:03:28,10,Lab. Informática 09,IFPB-VISITANTE,84:F1:47:54:7F:22,-51,11
24/04/2026,07:03:28,10,Lab. Informática 09,IFPB-Sala_Professor_14,24:FD:0D:57:19:26,-59,5
24/04/2026,07:03:28,10,Lab. Informática 09,IFPB TCC,D8:5D:4C:86:7E:66,-65,1
24/04/2026,07:03:28,10,Lab. Informática 09,Intelbras,18:0D:2C:7F:EB:AC,-68,7
24/04/2026,07:03:28,10,Lab. Informática 09,TP-Link_1324,7C:F1:7E:8D:13:22,-68,10
24/04/2026,07:03:28,10,Lab. Informática 09,APTelefonia,58:10:8C:91:F3:AA,-69,1
24/04/2026,07:03:28,10,Lab. Informática 09,Lab. de Sinais Digitais,18:D6:C7:F9:37:2F,-73,11
24/04/2026,07:03:28,10,Lab. Informática 09,TP-Link_C3CB,D8:0D:17:3E:C3:CB,-75,4
24/04/2026,07:03:28,10,Lab. Informática 09,IFPB-VISITANTE,B8:11:4B:1D:1E:42,-77,6
24/04/2026,07:03:28,10,Lab. Informática 09,IFPB,B8:11:4B:1D:1E:40,-78,6
24/04/2026,07:03:28,10,Lab. Informática 09,NUNYA_Room_2.4GHz,CC:32:E5:0C:FC:2B,-79,9
24/04/2026,07:03:28,10,Lab. Informática 09,IFPB-VISITANTE,2C:57:41:D4:69:C2,-86,1
24/04/2026,07:03:28,10,Lab. Informática 09,GPDS,00:26:5A:66:55:EF,-87,6
24/04/2026,07:03:28,10,Lab. Informática 09,IFPB-VISITANTE,E4:4E:2D:85:4C:62,-87,11
24/04/2026,07:03:28,10,Lab. Informática 09,IFPB,2C:57:41:D4:69:C0,-88,1
24/04/2026,07:03:29,10,Lab. Informática 09,IFPB-VISITANTE,84:F1:47:54:96:E2,-88,1
24/04/2026,07:03:29,10,Lab. Informática 09,IFPB,E4:4E:2D:85:4C:60,-88,11
24/04/2026,07:03:29,10,Lab. Informática 09,IFPB,84:F1:47:54:96:E0,-89,1
24/04/2026,07:03:29,10,Lab. Informática 09,LIMPEZA,54:E6:FC:CF:22:DE,-90,6
24/04/2026,07:03:29,10,Lab. Informática 09,UA2-MiniLab,60:32:B1:2D:66:C3,-90,10
24/04/2026,07:03:29,10,Lab. Informática 09,Lab Redes Convergentes,64:70:02:99:FE:F4,-91,1
24/04/2026,07:03:29,10,Lab. Informática 09,IFPB-Sala_13,E8:94:F6:B9:2F:46,-91,6
24/04/2026,07:03:53,11,Sala dos técnicos,IFPB-Sala_Professor_14,24:FD:0D:57:19:26,-60,5
24/04/2026,07:03:53,11,Sala dos técnicos,APTelefonia,58:10:8C:91:F3:AA,-61,1
24/04/2026,07:03:53,11,Sala dos técnicos,IFPB,84:F1:47:54:7F:20,-63,11
24/04/2026,07:03:53,11,Sala dos técnicos,IFPB-VISITANTE,84:F1:47:54:7F:22,-63,11
24/04/2026,07:03:53,11,Sala dos técnicos,IFPB-Sala_Professor_14,48:51:CF:81:B0:9E,-70,8
24/04/2026,07:03:53,11,Sala dos técnicos,TP-Link_1324,7C:F1:7E:8D:13:22,-70,10
24/04/2026,07:03:53,11,Sala dos técnicos,IFPB TCC,D8:5D:4C:86:7E:66,-71,1
24/04/2026,07:03:53,11,Sala dos técnicos,TP-Link_C3CB,D8:0D:17:3E:C3:CB,-71,4
24/04/2026,07:03:53,11,Sala dos técnicos,Intelbras,18:0D:2C:7F:EB:AC,-71,7
24/04/2026,07:03:53,11,Sala dos técnicos,GPDS,00:26:5A:66:55:EF,-74,6
24/04/2026,07:03:53,11,Sala dos técnicos,IFPB,84:F1:47:54:96:E0,-76,1
24/04/2026,07:03:53,11,Sala dos técnicos,IFPB-VISITANTE,84:F1:47:54:96:E2,-76,1
24/04/2026,07:03:53,11,Sala dos técnicos,Lab. de Sinais Digitais,18:D6:C7:F9:37:2F,-77,11
24/04/2026,07:03:53,11,Sala dos técnicos,IFPB,E4:4E:2D:85:4C:60,-78,11
24/04/2026,07:03:53,11,Sala dos técnicos,IFPB-VISITANTE,E4:4E:2D:85:4C:62,-78,11
24/04/2026,07:03:53,11,Sala dos técnicos,NUNYA_Room_2.4GHz,CC:32:E5:0C:FC:2B,-80,9
24/04/2026,07:03:53,11,Sala dos técnicos,IFPB,84:F1:47:54:FD:C0,-81,1
24/04/2026,07:03:53,11,Sala dos técnicos,IFPB-VISITANTE,84:F1:47:54:FD:C2,-81,1
24/04/2026,07:03:53,11,Sala dos técnicos,UA2-MiniLab,60:32:B1:2D:66:C3,-82,10
24/04/2026,07:03:53,11,Sala dos técnicos,IFPB,84:F1:47:54:F9:80,-83,11
24/04/2026,07:03:53,11,Sala dos técnicos,IFPB-Sala_13,E8:94:F6:B9:2F:46,-84,6
24/04/2026,07:03:53,11,Sala dos técnicos,IFPB-VISITANTE,84:F1:47:54:F9:82,-84,11
24/04/2026,07:03:53,11,Sala dos técnicos,IFPB,84:F1:47:54:71:00,-87,1
24/04/2026,07:03:53,11,Sala dos técnicos,IFPB-VISITANTE,84:F1:47:54:71:02,-88,1
24/04/2026,07:03:53,11,Sala dos técnicos,IFPB-VISITANTE,B8:11:4B:1D:1E:42,-89,6
24/04/2026,07:03:53,11,Sala dos técnicos,IFPB-VISITANTE,84:F1:47:54:95:E2,-89,11
24/04/2026,07:03:53,11,Sala dos técnicos,IFPB,84:F1:47:54:95:E0,-90,11
24/04/2026,07:03:53,11,Sala dos técnicos,Lab Redes Convergentes,64:70:02:99:FE:F4,-91,1
24/04/2026,07:04:03,12,Sala dos técnicos,IFPB-Sala_Professor_14,24:FD:0D:57:19:26,-51,5
24/04/2026,07:04:03,12,Sala dos técnicos,APTelefonia,58:10:8C:91:F3:AA,-63,1
24/04/2026,07:04:03,12,Sala dos técnicos,IFPB,84:F1:47:54:7F:20,-65,11
24/04/2026,07:04:03,12,Sala dos técnicos,IFPB-VISITANTE,84:F1:47:54:7F:22,-66,11
24/04/2026,07:04:03,12,Sala dos técnicos,TP-Link_1324,7C:F1:7E:8D:13:22,-67,10
24/04/2026,07:04:03,12,Sala dos técnicos,Intelbras,18:0D:2C:7F:EB:AC,-68,7
24/04/2026,07:04:03,12,Sala dos técnicos,IFPB TCC,D8:5D:4C:86:7E:66,-70,1
24/04/2026,07:04:03,12,Sala dos técnicos,TP-Link_C3CB,D8:0D:17:3E:C3:CB,-71,4
24/04/2026,07:04:03,12,Sala dos técnicos,GPDS,00:26:5A:66:55:EF,-72,6
24/04/2026,07:04:03,12,Sala dos técnicos,IFPB-Sala_Professor_14,48:51:CF:81:B0:9E,-73,8
24/04/2026,07:04:03,12,Sala dos técnicos,Lab. de Sinais Digitais,18:D6:C7:F9:37:2F,-75,11
24/04/2026,07:04:03,12,Sala dos técnicos,IFPB,84:F1:47:54:96:E0,-76,1
24/04/2026,07:04:03,12,Sala dos técnicos,IFPB-VISITANTE,84:F1:47:54:96:E2,-76,1
24/04/2026,07:04:03,12,Sala dos técnicos,IFPB,84:F1:47:54:FD:C0,-78,1
24/04/2026,07:04:03,12,Sala dos técnicos,IFPB,E4:4E:2D:85:4C:60,-79,11
24/04/2026,07:04:03,12,Sala dos técnicos,IFPB-VISITANTE,E4:4E:2D:85:4C:62,-79,11
24/04/2026,07:04:03,12,Sala dos técnicos,IFPB-VISITANTE,84:F1:47:54:FD:C2,-80,1
24/04/2026,07:04:03,12,Sala dos técnicos,IFPB-Sala_13,E8:94:F6:B9:2F:46,-81,6
24/04/2026,07:04:03,12,Sala dos técnicos,NUNYA_Room_2.4GHz,CC:32:E5:0C:FC:2B,-82,9
24/04/2026,07:04:03,12,Sala dos técnicos,IFPB,84:F1:47:54:F9:80,-84,11
24/04/2026,07:04:03,12,Sala dos técnicos,IFPB-VISITANTE,84:F1:47:54:F9:82,-84,11
24/04/2026,07:04:03,12,Sala dos técnicos,IFPB,84:F1:47:54:95:E0,-87,11
24/04/2026,07:04:03,12,Sala dos técnicos,SALA_MESTRADO,64:66:B3:62:EB:86,-88,1
24/04/2026,07:04:03,12,Sala dos técnicos,IFPB-VISITANTE,84:F1:47:54:71:02,-88,1
24/04/2026,07:04:03,12,Sala dos técnicos,UA2-MiniLab,60:32:B1:2D:66:C3,-88,10
24/04/2026,07:04:03,12,Sala dos técnicos,IFPB-VISITANTE,84:F1:47:54:95:E2,-88,11
24/04/2026,07:04:03,12,Sala dos técnicos,IFPB,84:F1:47:54:71:00,-89,1
24/04/2026,07:04:03,12,Sala dos técnicos,Lab Redes Convergentes,64:70:02:99:FE:F4,-91,1
24/04/2026,07:04:03,12,Sala dos técnicos,LIMPEZA,54:E6:FC:CF:22:DE,-93,6
24/04/2026,07:04:13,13,Sala dos técnicos,APTelefonia,58:10:8C:91:F3:AA,-62,1
24/04/2026,07:04:13,13,Sala dos técnicos,IFPB-Sala_Professor_14,24:FD:0D:57:19:26,-62,5
24/04/2026,07:04:13,13,Sala dos técnicos,IFPB-VISITANTE,84:F1:47:54:7F:22,-63,11
24/04/2026,07:04:13,13,Sala dos técnicos,IFPB,84:F1:47:54:7F:20,-64,11
24/04/2026,07:04:13,13,Sala dos técnicos,IFPB TCC,D8:5D:4C:86:7E:66,-68,1
24/04/2026,07:04:13,13,Sala dos técnicos,Intelbras,18:0D:2C:7F:EB:AC,-68,7
24/04/2026,07:04:13,13,Sala dos técnicos,TP-Link_1324,7C:F1:7E:8D:13:22,-69,10
24/04/2026,07:04:13,13,Sala dos técnicos,IFPB-VISITANTE,84:F1:47:54:96:E2,-70,1
24/04/2026,07:04:13,13,Sala dos técnicos,IFPB,84:F1:47:54:96:E0,-71,1
24/04/2026,07:04:13,13,Sala dos técnicos,GPDS,00:26:5A:66:55:EF,-71,6
24/04/2026,07:04:13,13,Sala dos técnicos,TP-Link_C3CB,D8:0D:17:3E:C3:CB,-72,4
24/04/2026,07:04:13,13,Sala dos técnicos,IFPB-Sala_Professor_14,48:51:CF:81:B0:9E,-72,8
24/04/2026,07:04:13,13,Sala dos técnicos,Lab. de Sinais Digitais,18:D6:C7:F9:37:2F,-78,11
24/04/2026,07:04:13,13,Sala dos técnicos,NUNYA_Room_2.4GHz,CC:32:E5:0C:FC:2B,-79,9
24/04/2026,07:04:13,13,Sala dos técnicos,IFPB-VISITANTE,E4:4E:2D:85:4C:62,-79,11
24/04/2026,07:04:13,13,Sala dos técnicos,IFPB,E4:4E:2D:85:4C:60,-80,11
24/04/2026,07:04:13,13,Sala dos técnicos,IFPB,84:F1:47:54:FD:C0,-81,1
24/04/2026,07:04:13,13,Sala dos técnicos,IFPB-VISITANTE,84:F1:47:54:FD:C2,-81,1
24/04/2026,07:04:13,13,Sala dos técnicos,IFPB-Sala_13,E8:94:F6:B9:2F:46,-82,6
24/04/2026,07:04:13,13,Sala dos técnicos,IFPB,84:F1:47:54:F9:80,-83,11
24/04/2026,07:04:13,13,Sala dos técnicos,IFPB-VISITANTE,84:F1:47:54:F9:82,-84,11
24/04/2026,07:04:13,13,Sala dos técnicos,SALA_MESTRADO,64:66:B3:62:EB:86,-85,1
24/04/2026,07:04:14,13,Sala dos técnicos,UA2-MiniLab,60:32:B1:2D:66:C3,-86,10
24/04/2026,07:04:14,13,Sala dos técnicos,IFPB,84:F1:47:54:71:00,-87,1
24/04/2026,07:04:14,13,Sala dos técnicos,IFPB-VISITANTE,84:F1:47:54:71:02,-87,1
24/04/2026,07:04:14,13,Sala dos técnicos,IFPB,84:F1:47:54:95:E0,-87,11
24/04/2026,07:04:14,13,Sala dos técnicos,IFPB-VISITANTE,84:F1:47:54:95:E2,-88,11
24/04/2026,07:04:14,13,Sala dos técnicos,Lab Redes Convergentes,64:70:02:99:FE:F4,-90,1
24/04/2026,07:04:23,14,Sala dos técnicos,IFPB-Sala_Professor_14,24:FD:0D:57:19:26,-57,5
24/04/2026,07:04:23,14,Sala dos técnicos,IFPB,84:F1:47:54:7F:20,-60,11
24/04/2026,07:04:23,14,Sala dos técnicos,IFPB-VISITANTE,84:F1:47:54:7F:22,-61,11
24/04/2026,07:04:23,14,Sala dos técnicos,TP-Link_1324,7C:F1:7E:8D:13:22,-62,10
24/04/2026,07:04:23,14,Sala dos técnicos,APTelefonia,58:10:8C:91:F3:AA,-63,1
24/04/2026,07:04:23,14,Sala dos técnicos,Intelbras,18:0D:2C:7F:EB:AC,-63,7
24/04/2026,07:04:23,14,Sala dos técnicos,Lab. de Sinais Digitais,18:D6:C7:F9:37:2F,-68,11
24/04/2026,07:04:23,14,Sala dos técnicos,IFPB TCC,D8:5D:4C:86:7E:66,-69,1
24/04/2026,07:04:23,14,Sala dos técnicos,TP-Link_C3CB,D8:0D:17:3E:C3:CB,-73,4
24/04/2026,07:04:23,14,Sala dos técnicos,GPDS,00:26:5A:66:55:EF,-74,6
24/04/2026,07:04:23,14,Sala dos técnicos,IFPB-VISITANTE,84:F1:47:54:96:E2,-77,1
24/04/2026,07:04:23,14,Sala dos técnicos,IFPB,84:F1:47:54:96:E0,-78,1
24/04/2026,07:04:23,14,Sala dos técnicos,IFPB,E4:4E:2D:85:4C:60,-79,11
24/04/2026,07:04:23,14,Sala dos técnicos,IFPB-VISITANTE,E4:4E:2D:85:4C:62,-79,11
24/04/2026,07:04:23,14,Sala dos técnicos,IFPB-Sala_Professor_14,48:51:CF:81:B0:9E,-80,8
24/04/2026,07:04:24,14,Sala dos técnicos,IFPB,84:F1:47:54:FD:C0,-81,1
24/04/2026,07:04:24,14,Sala dos técnicos,IFPB-VISITANTE,84:F1:47:54:FD:C2,-82,1
24/04/2026,07:04:24,14,Sala dos técnicos,NUNYA_Room_2.4GHz,CC:32:E5:0C:FC:2B,-82,9
24/04/2026,07:04:24,14,Sala dos técnicos,IFPB-Sala_13,E8:94:F6:B9:2F:46,-84,6
24/04/2026,07:04:24,14,Sala dos técnicos,IFPB-VISITANTE,84:F1:47:54:95:E2,-84,11
24/04/2026,07:04:24,14,Sala dos técnicos,IFPB,84:F1:47:54:95:E0,-85,11
24/04/2026,07:04:24,14,Sala dos técnicos,IFPB-VISITANTE,B8:11:4B:1D:1E:42,-86,6
24/04/2026,07:04:24,14,Sala dos técnicos,UA2-MiniLab,60:32:B1:2D:66:C3,-87,10
24/04/2026,07:04:24,14,Sala dos técnicos,IFPB,84:F1:47:54:F9:80,-87,11
24/04/2026,07:04:24,14,Sala dos técnicos,IFPB,B8:11:4B:1D:1E:40,-88,6
24/04/2026,07:04:24,14,Sala dos técnicos,IFPB-VISITANTE,84:F1:47:54:F9:82,-89,11
24/04/2026,07:04:24,14,Sala dos técnicos,LIMPEZA,54:E6:FC:CF:22:DE,-92,6
24/04/2026,07:04:24,14,Sala dos técnicos,Lab Redes Convergentes,64:70:02:99:FE:F4,-93,1
24/04/2026,07:04:24,14,Sala dos técnicos,EBEF98EB-HE8D94xvZh1AO1J,44:D2:44:DD:32:41,-94,11
24/04/2026,07:04:33,15,Sala dos técnicos,IFPB-Sala_Professor_14,24:FD:0D:57:19:26,-58,5
24/04/2026,07:04:33,15,Sala dos técnicos,Intelbras,18:0D:2C:7F:EB:AC,-60,7
24/04/2026,07:04:33,15,Sala dos técnicos,IFPB,84:F1:47:54:7F:20,-62,11
24/04/2026,07:04:33,15,Sala dos técnicos,IFPB-VISITANTE,84:F1:47:54:7F:22,-62,11
24/04/2026,07:04:33,15,Sala dos técnicos,APTelefonia,58:10:8C:91:F3:AA,-63,1
24/04/2026,07:04:34,15,Sala dos técnicos,IFPB TCC,D8:5D:4C:86:7E:66,-65,1
24/04/2026,07:04:34,15,Sala dos técnicos,TP-Link_1324,7C:F1:7E:8D:13:22,-66,10
24/04/2026,07:04:34,15,Sala dos técnicos,IFPB,84:F1:47:54:96:E0,-70,1
24/04/2026,07:04:34,15,Sala dos técnicos,IFPB-VISITANTE,84:F1:47:54:96:E2,-70,1
24/04/2026,07:04:34,15,Sala dos técnicos,TP-Link_C3CB,D8:0D:17:3E:C3:CB,-71,4
24/04/2026,07:04:34,15,Sala dos técnicos,GPDS,00:26:5A:66:55:EF,-72,6
24/04/2026,07:04:34,15,Sala dos técnicos,Lab. de Sinais Digitais,18:D6:C7:F9:37:2F,-72,11
24/04/2026,07:04:34,15,Sala dos técnicos,IFPB-VISITANTE,84:F1:47:54:FD:C2,-81,1
24/04/2026,07:04:34,15,Sala dos técnicos,IFPB,E4:4E:2D:85:4C:60,-81,11
24/04/2026,07:04:34,15,Sala dos técnicos,IFPB-VISITANTE,E4:4E:2D:85:4C:62,-81,11
24/04/2026,07:04:34,15,Sala dos técnicos,IFPB,84:F1:47:54:FD:C0,-82,1
24/04/2026,07:04:34,15,Sala dos técnicos,IFPB-Sala_13,E8:94:F6:B9:2F:46,-82,6
24/04/2026,07:04:34,15,Sala dos técnicos,NUNYA_Room_2.4GHz,CC:32:E5:0C:FC:2B,-82,9
24/04/2026,07:04:34,15,Sala dos técnicos,UA2-MiniLab,60:32:B1:2D:66:C3,-85,10
24/04/2026,07:04:34,15,Sala dos técnicos,IFPB,84:F1:47:54:F9:80,-85,11
24/04/2026,07:04:34,15,Sala dos técnicos,IFPB-VISITANTE,84:F1:47:54:F9:82,-86,11
24/04/2026,07:04:34,15,Sala dos técnicos,IFPB-VISITANTE,84:F1:47:54:95:E2,-86,11
24/04/2026,07:04:34,15,Sala dos técnicos,IFPB,84:F1:47:54:95:E0,-86,11
24/04/2026,07:04:34,15,Sala dos técnicos,IFPB-VISITANTE,B8:11:4B:1D:1E:42,-87,6
24/04/2026,07:04:34,15,Sala dos técnicos,SALA_MESTRADO,64:66:B3:62:EB:86,-88,1
24/04/2026,07:04:34,15,Sala dos técnicos,IFPB-VISITANTE,84:F1:47:54:71:02,-89,1
24/04/2026,07:04:34,15,Sala dos técnicos,IFPB,B8:11:4B:1D:1E:40,-89,6
24/04/2026,07:04:34,15,Sala dos técnicos,IFPB,84:F1:47:54:71:00,-90,1
24/04/2026,07:04:34,15,Sala dos técnicos,Lab Redes Convergentes,64:70:02:99:FE:F4,-91,1
24/04/2026,07:04:34,15,Sala dos técnicos,LIMPEZA,54:E6:FC:CF:22:DE,-92,6
24/04/2026,07:04:44,16,Sala dos técnicos,IFPB-Sala_Professor_14,24:FD:0D:57:19:26,-59,5
24/04/2026,07:04:44,16,Sala dos técnicos,Intelbras,18:0D:2C:7F:EB:AC,-62,7
24/04/2026,07:04:44,16,Sala dos técnicos,TP-Link_1324,7C:F1:7E:8D:13:22,-62,10
24/04/2026,07:04:44,16,Sala dos técnicos,IFPB,84:F1:47:54:7F:20,-62,11
24/04/2026,07:04:44,16,Sala dos técnicos,IFPB-VISITANTE,84:F1:47:54:7F:22,-62,11
24/04/2026,07:04:44,16,Sala dos técnicos,APTelefonia,58:10:8C:91:F3:AA,-64,1
24/04/2026,07:04:44,16,Sala dos técnicos,IFPB TCC,D8:5D:4C:86:7E:66,-67,1
24/04/2026,07:04:44,16,Sala dos técnicos,Lab. de Sinais Digitais,18:D6:C7:F9:37:2F,-68,11
24/04/2026,07:04:44,16,Sala dos técnicos,TP-Link_C3CB,D8:0D:17:3E:C3:CB,-71,4
24/04/2026,07:04:44,16,Sala dos técnicos,GPDS,00:26:5A:66:55:EF,-72,6
24/04/2026,07:04:44,16,Sala dos técnicos,IFPB,84:F1:47:54:96:E0,-73,1
24/04/2026,07:04:44,16,Sala dos técnicos,IFPB-VISITANTE,84:F1:47:54:96:E2,-73,1
24/04/2026,07:04:44,16,Sala dos técnicos,IFPB-Sala_Professor_14,48:51:CF:81:B0:9E,-75,8
24/04/2026,07:04:44,16,Sala dos técnicos,IFPB-VISITANTE,84:F1:47:54:FD:C2,-80,1
24/04/2026,07:04:44,16,Sala dos técnicos,IFPB,E4:4E:2D:85:4C:60,-80,11
24/04/2026,07:04:44,16,Sala dos técnicos,IFPB-VISITANTE,E4:4E:2D:85:4C:62,-80,11
24/04/2026,07:04:44,16,Sala dos técnicos,IFPB,84:F1:47:54:FD:C0,-81,1
24/04/2026,07:04:44,16,Sala dos técnicos,SALA_MESTRADO,64:66:B3:62:EB:86,-84,1
24/04/2026,07:04:44,16,Sala dos técnicos,IFPB-Sala_13,E8:94:F6:B9:2F:46,-84,6
24/04/2026,07:04:44,16,Sala dos técnicos,NUNYA_Room_2.4GHz,CC:32:E5:0C:FC:2B,-86,9
24/04/2026,07:04:44,16,Sala dos técnicos,UA2-MiniLab,60:32:B1:2D:66:C3,-86,10
24/04/2026,07:04:44,16,Sala dos técnicos,IFPB,84:F1:47:54:95:E0,-86,11
24/04/2026,07:04:44,16,Sala dos técnicos,IFPB,B8:11:4B:1D:1E:40,-87,6
24/04/2026,07:04:44,16,Sala dos técnicos,IFPB-VISITANTE,B8:11:4B:1D:1E:42,-87,6
24/04/2026,07:04:44,16,Sala dos técnicos,IFPB-VISITANTE,84:F1:47:54:95:E2,-87,11
24/04/2026,07:04:44,16,Sala dos técnicos,IFPB,84:F1:47:54:71:00,-88,1
24/04/2026,07:04:44,16,Sala dos técnicos,IFPB-VISITANTE,84:F1:47:54:71:02,-89,1
24/04/2026,07:04:44,16,Sala dos técnicos,IFPB-VISITANTE,84:F1:47:54:F9:82,-89,11
24/04/2026,07:04:44,16,Sala dos técnicos,IFPB,84:F1:47:54:F9:80,-90,11
24/04/2026,07:04:44,16,Sala dos técnicos,Lab Redes Convergentes,64:70:02:99:FE:F4,-94,1
24/04/2026,07:04:44,16,Sala dos técnicos,UaiFai,00:26:5A:2E:BC:26,-95,1
24/04/2026,07:04:44,16,Sala dos técnicos,EBEF98EB-HE8D94xvZh1AO1J,44:D2:44:DD:32:41,-97,11
24/04/2026,07:04:54,17,Sala dos técnicos,IFPB-Sala_Professor_14,24:FD:0D:57:19:26,-55,5
24/04/2026,07:04:54,17,Sala dos técnicos,IFPB,84:F1:47:54:7F:20,-62,11
24/04/2026,07:04:54,17,Sala dos técnicos,IFPB-VISITANTE,84:F1:47:54:7F:22,-62,11
24/04/2026,07:04:54,17,Sala dos técnicos,APTelefonia,58:10:8C:91:F3:AA,-65,1
24/04/2026,07:04:54,17,Sala dos técnicos,IFPB TCC,D8:5D:4C:86:7E:66,-67,1
24/04/2026,07:04:54,17,Sala dos técnicos,Intelbras,18:0D:2C:7F:EB:AC,-67,7
24/04/2026,07:04:54,17,Sala dos técnicos,TP-Link_1324,7C:F1:7E:8D:13:22,-67,10
24/04/2026,07:04:54,17,Sala dos técnicos,GPDS,00:26:5A:66:55:EF,-70,6
24/04/2026,07:04:54,17,Sala dos técnicos,TP-Link_C3CB,D8:0D:17:3E:C3:CB,-72,4
24/04/2026,07:04:54,17,Sala dos técnicos,IFPB-Sala_Professor_14,48:51:CF:81:B0:9E,-72,8
24/04/2026,07:04:54,17,Sala dos técnicos,IFPB,84:F1:47:54:96:E0,-73,1
24/04/2026,07:04:54,17,Sala dos técnicos,IFPB-VISITANTE,84:F1:47:54:96:E2,-73,1
24/04/2026,07:04:54,17,Sala dos técnicos,IFPB,84:F1:47:54:FD:C0,-80,1
24/04/2026,07:04:54,17,Sala dos técnicos,IFPB,E4:4E:2D:85:4C:60,-80,11
24/04/2026,07:04:54,17,Sala dos técnicos,IFPB-VISITANTE,E4:4E:2D:85:4C:62,-80,11
24/04/2026,07:04:54,17,Sala dos técnicos,IFPB-VISITANTE,84:F1:47:54:FD:C2,-81,1
24/04/2026,07:04:54,17,Sala dos técnicos,IFPB-Sala_13,E8:94:F6:B9:2F:46,-81,6
24/04/2026,07:04:54,17,Sala dos técnicos,Lab. de Sinais Digitais,18:D6:C7:F9:37:2F,-81,11
24/04/2026,07:04:54,17,Sala dos técnicos,NUNYA_Room_2.4GHz,CC:32:E5:0C:FC:2B,-84,9
24/04/2026,07:04:54,17,Sala dos técnicos,IFPB,84:F1:47:54:F9:80,-84,11
24/04/2026,07:04:54,17,Sala dos técnicos,IFPB-VISITANTE,84:F1:47:54:F9:82,-84,11
24/04/2026,07:04:54,17,Sala dos técnicos,SALA_MESTRADO,64:66:B3:62:EB:86,-85,1
24/04/2026,07:04:54,17,Sala dos técnicos,UA2-MiniLab,60:32:B1:2D:66:C3,-87,10
24/04/2026,07:04:54,17,Sala dos técnicos,IFPB,84:F1:47:54:71:00,-88,1
24/04/2026,07:04:54,17,Sala dos técnicos,LIMPEZA,54:E6:FC:CF:22:DE,-88,6
24/04/2026,07:04:54,17,Sala dos técnicos,IFPB-VISITANTE,84:F1:47:54:95:E2,-88,11
24/04/2026,07:04:54,17,Sala dos técnicos,IFPB-VISITANTE,84:F1:47:54:71:02,-89,1
24/04/2026,07:04:55,17,Sala dos técnicos,IFPB,84:F1:47:54:95:E0,-89,11
24/04/2026,07:04:55,17,Sala dos técnicos,UaiFai,00:26:5A:2E:BC:26,-93,1
24/04/2026,07:05:04,18,Sala dos técnicos,IFPB,84:F1:47:54:7F:20,-60,11
24/04/2026,07:05:04,18,Sala dos técnicos,IFPB-VISITANTE,84:F1:47:54:7F:22,-60,11
24/04/2026,07:05:04,18,Sala dos técnicos,APTelefonia,58:10:8C:91:F3:AA,-61,1
24/04/2026,07:05:04,18,Sala dos técnicos,IFPB-Sala_Professor_14,24:FD:0D:57:19:26,-61,5
24/04/2026,07:05:04,18,Sala dos técnicos,TP-Link_1324,7C:F1:7E:8D:13:22,-63,10
24/04/2026,07:05:04,18,Sala dos técnicos,IFPB TCC,D8:5D:4C:86:7E:66,-67,1
24/04/2026,07:05:04,18,Sala dos técnicos,Intelbras,18:0D:2C:7F:EB:AC,-68,7
24/04/2026,07:05:04,18,Sala dos técnicos,Lab. de Sinais Digitais,18:D6:C7:F9:37:2F,-70,11
24/04/2026,07:05:04,18,Sala dos técnicos,TP-Link_C3CB,D8:0D:17:3E:C3:CB,-72,4
24/04/2026,07:05:04,18,Sala dos técnicos,GPDS,00:26:5A:66:55:EF,-73,6
24/04/2026,07:05:04,18,Sala dos técnicos,IFPB-Sala_Professor_14,48:51:CF:81:B0:9E,-74,8
24/04/2026,07:05:04,18,Sala dos técnicos,IFPB,84:F1:47:54:96:E0,-78,1
24/04/2026,07:05:04,18,Sala dos técnicos,IFPB-VISITANTE,84:F1:47:54:96:E2,-78,1
24/04/2026,07:05:04,18,Sala dos técnicos,NUNYA_Room_2.4GHz,CC:32:E5:0C:FC:2B,-80,9
24/04/2026,07:05:04,18,Sala dos técnicos,IFPB,84:F1:47:54:FD:C0,-81,1
24/04/2026,07:05:04,18,Sala dos técnicos,IFPB-Sala_13,E8:94:F6:B9:2F:46,-81,6
24/04/2026,07:05:04,18,Sala dos técnicos,IFPB,E4:4E:2D:85:4C:60,-81,11
24/04/2026,07:05:04,18,Sala dos técnicos,IFPB-VISITANTE,E4:4E:2D:85:4C:62,-81,11
24/04/2026,07:05:04,18,Sala dos técnicos,IFPB-VISITANTE,84:F1:47:54:FD:C2,-82,1
24/04/2026,07:05:04,18,Sala dos técnicos,UA2-MiniLab,60:32:B1:2D:66:C3,-85,10
24/04/2026,07:05:05,18,Sala dos técnicos,IFPB,84:F1:47:54:95:E0,-85,11
24/04/2026,07:05:05,18,Sala dos técnicos,IFPB-VISITANTE,84:F1:47:54:95:E2,-85,11
24/04/2026,07:05:05,18,Sala dos técnicos,SALA_MESTRADO,64:66:B3:62:EB:86,-86,1
24/04/2026,07:05:05,18,Sala dos técnicos,IFPB,84:F1:47:54:F9:80,-86,11
24/04/2026,07:05:05,18,Sala dos técnicos,IFPB-VISITANTE,84:F1:47:54:71:02,-87,1
24/04/2026,07:05:05,18,Sala dos técnicos,IFPB-VISITANTE,84:F1:47:54:F9:82,-87,11
24/04/2026,07:05:05,18,Sala dos técnicos,IFPB,84:F1:47:54:71:00,-88,1
24/04/2026,07:05:05,18,Sala dos técnicos,Lab Redes Convergentes,64:70:02:99:FE:F4,-93,1
24/04/2026,07:05:14,19,Sala dos técnicos,IFPB-Sala_Professor_14,24:FD:0D:57:19:26,-60,5
24/04/2026,07:05:14,19,Sala dos técnicos,Intelbras,18:0D:2C:7F:EB:AC,-61,7
24/04/2026,07:05:14,19,Sala dos técnicos,IFPB-VISITANTE,84:F1:47:54:7F:22,-61,11
24/04/2026,07:05:14,19,Sala dos técnicos,IFPB,84:F1:47:54:7F:20,-62,11
24/04/2026,07:05:14,19,Sala dos técnicos,APTelefonia,58:10:8C:91:F3:AA,-65,1
24/04/2026,07:05:14,19,Sala dos técnicos,TP-Link_1324,7C:F1:7E:8D:13:22,-66,10
24/04/2026,07:05:14,19,Sala dos técnicos,IFPB TCC,D8:5D:4C:86:7E:66,-67,1
24/04/2026,07:05:14,19,Sala dos técnicos,IFPB,84:F1:47:54:96:E0,-70,1
24/04/2026,07:05:14,19,Sala dos técnicos,IFPB-VISITANTE,84:F1:47:54:96:E2,-70,1
24/04/2026,07:05:14,19,Sala dos técnicos,TP-Link_C3CB,D8:0D:17:3E:C3:CB,-70,4
24/04/2026,07:05:14,19,Sala dos técnicos,Lab. de Sinais Digitais,18:D6:C7:F9:37:2F,-70,11
24/04/2026,07:05:15,19,Sala dos técnicos,GPDS,00:26:5A:66:55:EF,-71,6
24/04/2026,07:05:15,19,Sala dos técnicos,IFPB-Sala_Professor_14,48:51:CF:81:B0:9E,-74,8
24/04/2026,07:05:15,19,Sala dos técnicos,IFPB,84:F1:47:54:FD:C0,-79,1
24/04/2026,07:05:15,19,Sala dos técnicos,IFPB-VISITANTE,84:F1:47:54:FD:C2,-81,1
24/04/2026,07:05:15,19,Sala dos técnicos,IFPB,E4:4E:2D:85:4C:60,-81,11
24/04/2026,07:05:15,19,Sala dos técnicos,SALA_MESTRADO,64:66:B3:62:EB:86,-82,1
24/04/2026,07:05:15,19,Sala dos técnicos,IFPB-Sala_13,E8:94:F6:B9:2F:46,-82,6
24/04/2026,07:05:15,19,Sala dos técnicos,IFPB-VISITANTE,E4:4E:2D:85:4C:62,-82,11
24/04/2026,07:05:15,19,Sala dos técnicos,NUNYA_Room_2.4GHz,CC:32:E5:0C:FC:2B,-85,9
24/04/2026,07:05:15,19,Sala dos técnicos,IFPB,84:F1:47:54:F9:80,-86,11
24/04/2026,07:05:15,19,Sala dos técnicos,IFPB-VISITANTE,84:F1:47:54:F9:82,-86,11
24/04/2026,07:05:15,19,Sala dos técnicos,IFPB,84:F1:47:54:95:E0,-86,11
24/04/2026,07:05:15,19,Sala dos técnicos,IFPB-VISITANTE,84:F1:47:54:95:E2,-86,11
24/04/2026,07:05:15,19,Sala dos técnicos,IFPB,B8:11:4B:1D:1E:40,-87,6
24/04/2026,07:05:15,19,Sala dos técnicos,IFPB-VISITANTE,B8:11:4B:1D:1E:42,-87,6
24/04/2026,07:05:15,19,Sala dos técnicos,IFPB,84:F1:47:54:71:00,-88,1
24/04/2026,07:05:15,19,Sala dos técnicos,UA2-MiniLab,60:32:B1:2D:66:C3,-88,10
24/04/2026,07:05:15,19,Sala dos técnicos,IFPB-VISITANTE,84:F1:47:54:71:02,-89,1
24/04/2026,07:05:15,19,Sala dos técnicos,LIMPEZA,54:E6:FC:CF:22:DE,-89,6
24/04/2026,07:05:15,19,Sala dos técnicos,Lab Redes Convergentes,64:70:02:99:FE:F4,-93,1
24/04/2026,07:05:25,20,Sala dos técnicos,IFPB-Sala_Professor_14,24:FD:0D:57:19:26,-60,5
24/04/2026,07:05:25,20,Sala dos técnicos,APTelefonia,58:10:8C:91:F3:AA,-62,1
24/04/2026,07:05:25,20,Sala dos técnicos,Intelbras,18:0D:2C:7F:EB:AC,-62,7
24/04/2026,07:05:25,20,Sala dos técnicos,IFPB,84:F1:47:54:7F:20,-62,11
24/04/2026,07:05:25,20,Sala dos técnicos,IFPB-VISITANTE,84:F1:47:54:7F:22,-62,11
24/04/2026,07:05:25,20,Sala dos técnicos,TP-Link_1324,7C:F1:7E:8D:13:22,-65,10
24/04/2026,07:05:25,20,Sala dos técnicos,IFPB TCC,D8:5D:4C:86:7E:66,-66,1
24/04/2026,07:05:25,20,Sala dos técnicos,IFPB,84:F1:47:54:96:E0,-70,1
24/04/2026,07:05:25,20,Sala dos técnicos,TP-Link_C3CB,D8:0D:17:3E:C3:CB,-70,4
24/04/2026,07:05:25,20,Sala dos técnicos,IFPB-VISITANTE,84:F1:47:54:96:E2,-71,1
24/04/2026,07:05:25,20,Sala dos técnicos,GPDS,00:26:5A:66:55:EF,-72,6
24/04/2026,07:05:25,20,Sala dos técnicos,Lab. de Sinais Digitais,18:D6:C7:F9:37:2F,-72,11
24/04/2026,07:05:25,20,Sala dos técnicos,IFPB-Sala_Professor_14,48:51:CF:81:B0:9E,-74,8
24/04/2026,07:05:25,20,Sala dos técnicos,IFPB-VISITANTE,84:F1:47:54:FD:C2,-80,1
24/04/2026,07:05:25,20,Sala dos técnicos,IFPB,84:F1:47:54:FD:C0,-81,1
24/04/2026,07:05:25,20,Sala dos técnicos,IFPB-Sala_13,E8:94:F6:B9:2F:46,-82,6
24/04/2026,07:05:25,20,Sala dos técnicos,IFPB,E4:4E:2D:85:4C:60,-82,11
24/04/2026,07:05:25,20,Sala dos técnicos,IFPB-VISITANTE,E4:4E:2D:85:4C:62,-82,11
24/04/2026,07:05:25,20,Sala dos técnicos,SALA_MESTRADO,64:66:B3:62:EB:86,-87,1
24/04/2026,07:05:25,20,Sala dos técnicos,IFPB,84:F1:47:54:71:00,-87,1
24/04/2026,07:05:25,20,Sala dos técnicos,UA2-MiniLab,60:32:B1:2D:66:C3,-87,10
24/04/2026,07:05:25,20,Sala dos técnicos,IFPB-VISITANTE,84:F1:47:54:95:E2,-87,11
24/04/2026,07:05:25,20,Sala dos técnicos,IFPB,84:F1:47:54:95:E0,-87,11
24/04/2026,07:05:25,20,Sala dos técnicos,IFPB-VISITANTE,84:F1:47:54:71:02,-88,1
24/04/2026,07:05:25,20,Sala dos técnicos,IFPB-VISITANTE,B8:11:4B:1D:1E:42,-90,6
24/04/2026,07:05:25,20,Sala dos técnicos,IFPB,84:F1:47:54:F9:80,-90,11
24/04/2026,07:05:25,20,Sala dos técnicos,IFPB-VISITANTE,84:F1:47:54:F9:82,-91,11
24/04/2026,07:05:25,20,Sala dos técnicos,Lab Redes Convergentes,64:70:02:99:FE:F4,-94,1
24/04/2026,07:05:25,20,Sala dos técnicos,UaiFai,00:26:5A:2E:BC:26,-94,1
24/04/2026,07:05:25,20,Sala dos técnicos,LIMPEZA,54:E6:FC:CF:22:DE,-94,6
24/04/2026,07:05:49,21,Lab. de telecomunicações,IFPB-Sala_Professor_14,24:FD:0D:57:19:26,-63,5
24/04/2026,07:05:49,21,Lab. de telecomunicações,APTelefonia,58:10:8C:91:F3:AA,-64,1
24/04/2026,07:05:49,21,Lab. de telecomunicações,IFPB,84:F1:47:54:7F:20,-64,11
24/04/2026,07:05:49,21,Lab. de telecomunicações,IFPB-VISITANTE,84:F1:47:54:7F:22,-64,11
24/04/2026,07:05:49,21,Lab. de telecomunicações,TP-Link_C3CB,D8:0D:17:3E:C3:CB,-69,4
24/04/2026,07:05:50,21,Lab. de telecomunicações,Lab. de Sinais Digitais,18:D6:C7:F9:37:2F,-69,11
24/04/2026,07:05:50,21,Lab. de telecomunicações,GPDS,00:26:5A:66:55:EF,-70,6
24/04/2026,07:05:50,21,Lab. de telecomunicações,Intelbras,18:0D:2C:7F:EB:AC,-71,7
24/04/2026,07:05:50,21,Lab. de telecomunicações,TP-Link_1324,7C:F1:7E:8D:13:22,-71,10
24/04/2026,07:05:50,21,Lab. de telecomunicações,IFPB-Sala_Professor_14,48:51:CF:81:B0:9E,-72,8
24/04/2026,07:05:50,21,Lab. de telecomunicações,IFPB TCC,D8:5D:4C:86:7E:66,-74,1
24/04/2026,07:05:50,21,Lab. de telecomunicações,IFPB,84:F1:47:54:96:E0,-77,1
24/04/2026,07:05:50,21,Lab. de telecomunicações,IFPB-VISITANTE,84:F1:47:54:96:E2,-77,1
24/04/2026,07:05:50,21,Lab. de telecomunicações,IFPB,84:F1:47:54:FD:C0,-79,1
24/04/2026,07:05:50,21,Lab. de telecomunicações,IFPB-VISITANTE,84:F1:47:54:FD:C2,-79,1
24/04/2026,07:05:50,21,Lab. de telecomunicações,IFPB-VISITANTE,84:F1:47:54:71:02,-82,1
24/04/2026,07:05:50,21,Lab. de telecomunicações,IFPB,84:F1:47:54:71:00,-83,1
24/04/2026,07:05:50,21,Lab. de telecomunicações,UA2-MiniLab,60:32:B1:2D:66:C3,-84,10
24/04/2026,07:05:50,21,Lab. de telecomunicações,SALA_MESTRADO,64:66:B3:62:EB:86,-85,1
24/04/2026,07:05:50,21,Lab. de telecomunicações,IFPB-Sala_13,E8:94:F6:B9:2F:46,-85,6
24/04/2026,07:05:50,21,Lab. de telecomunicações,IFPB,E4:4E:2D:85:4C:60,-86,11
24/04/2026,07:05:50,21,Lab. de telecomunicações,IFPB-VISITANTE,E4:4E:2D:85:4C:62,-86,11
24/04/2026,07:05:50,21,Lab. de telecomunicações,IFPB-VISITANTE,84:F1:47:54:F9:82,-87,11
24/04/2026,07:05:50,21,Lab. de telecomunicações,IFPB,84:F1:47:54:F9:80,-87,11
24/04/2026,07:05:50,21,Lab. de telecomunicações,NUNYA_Room_2.4GHz,CC:32:E5:0C:FC:2B,-88,9
24/04/2026,07:05:50,21,Lab. de telecomunicações,LIMPEZA,54:E6:FC:CF:22:DE,-91,6
24/04/2026,07:05:50,21,Lab. de telecomunicações,Lab Redes Convergentes,64:70:02:99:FE:F4,-93,1
24/04/2026,07:06:00,22,Lab. de telecomunicações,IFPB-Sala_Professor_14,24:FD:0D:57:19:26,-61,5
24/04/2026,07:06:00,22,Lab. de telecomunicações,IFPB,84:F1:47:54:7F:20,-65,11
24/04/2026,07:06:00,22,Lab. de telecomunicações,IFPB-VISITANTE,84:F1:47:54:7F:22,-65,11
24/04/2026,07:06:00,22,Lab. de telecomunicações,IFPB TCC,D8:5D:4C:86:7E:66,-66,1
24/04/2026,07:06:00,22,Lab. de telecomunicações,IFPB-Sala_Professor_14,48:51:CF:81:B0:9E,-67,8
24/04/2026,07:06:00,22,Lab. de telecomunicações,APTelefonia,58:10:8C:91:F3:AA,-70,1
24/04/2026,07:06:00,22,Lab. de telecomunicações,TP-Link_C3CB,D8:0D:17:3E:C3:CB,-71,4
24/04/2026,07:06:00,22,Lab. de telecomunicações,GPDS,00:26:5A:66:55:EF,-71,6
24/04/2026,07:06:00,22,Lab. de telecomunicações,Intelbras,18:0D:2C:7F:EB:AC,-72,7
24/04/2026,07:06:00,22,Lab. de telecomunicações,Lab. de Sinais Digitais,18:D6:C7:F9:37:2F,-73,11
24/04/2026,07:06:00,22,Lab. de telecomunicações,IFPB,84:F1:47:54:FD:C0,-76,1
24/04/2026,07:06:00,22,Lab. de telecomunicações,IFPB-VISITANTE,84:F1:47:54:FD:C2,-76,1
24/04/2026,07:06:00,22,Lab. de telecomunicações,TP-Link_1324,7C:F1:7E:8D:13:22,-80,10
24/04/2026,07:06:00,22,Lab. de telecomunicações,IFPB-VISITANTE,84:F1:47:54:71:02,-81,1
24/04/2026,07:06:00,22,Lab. de telecomunicações,IFPB,84:F1:47:54:71:00,-82,1
24/04/2026,07:06:00,22,Lab. de telecomunicações,IFPB-Sala_13,E8:94:F6:B9:2F:46,-82,6
24/04/2026,07:06:00,22,Lab. de telecomunicações,NUNYA_Room_2.4GHz,CC:32:E5:0C:FC:2B,-82,9
24/04/2026,07:06:00,22,Lab. de telecomunicações,SALA_MESTRADO,64:66:B3:62:EB:86,-85,1
24/04/2026,07:06:00,22,Lab. de telecomunicações,IFPB,B8:11:4B:1D:1E:40,-86,6
24/04/2026,07:06:00,22,Lab. de telecomunicações,UA2-MiniLab,60:32:B1:2D:66:C3,-87,10
24/04/2026,07:06:00,22,Lab. de telecomunicações,IFPB-VISITANTE,2C:57:41:D4:69:C2,-88,1
24/04/2026,07:06:00,22,Lab. de telecomunicações,IFPB-VISITANTE,E4:4E:2D:85:4C:62,-88,11
24/04/2026,07:06:00,22,Lab. de telecomunicações,IFPB,84:F1:47:54:96:E0,-89,1
24/04/2026,07:06:00,22,Lab. de telecomunicações,IFPB,E4:4E:2D:85:4C:60,-89,11
24/04/2026,07:06:00,22,Lab. de telecomunicações,IFPB,2C:57:41:D4:69:C0,-90,1
24/04/2026,07:06:10,23,Lab. de telecomunicações,IFPB-Sala_Professor_14,24:FD:0D:57:19:26,-60,5
24/04/2026,07:06:10,23,Lab. de telecomunicações,IFPB,84:F1:47:54:7F:20,-62,11
24/04/2026,07:06:10,23,Lab. de telecomunicações,APTelefonia,58:10:8C:91:F3:AA,-63,1
24/04/2026,07:06:10,23,Lab. de telecomunicações,IFPB-VISITANTE,84:F1:47:54:7F:22,-63,11
24/04/2026,07:06:10,23,Lab. de telecomunicações,IFPB-Sala_Professor_14,48:51:CF:81:B0:9E,-67,8
24/04/2026,07:06:10,23,Lab. de telecomunicações,TP-Link_C3CB,D8:0D:17:3E:C3:CB,-69,4
24/04/2026,07:06:10,23,Lab. de telecomunicações,Lab. de Sinais Digitais,18:D6:C7:F9:37:2F,-70,11
24/04/2026,07:06:10,23,Lab. de telecomunicações,Intelbras,18:0D:2C:7F:EB:AC,-71,7
24/04/2026,07:06:10,23,Lab. de telecomunicações,IFPB TCC,D8:5D:4C:86:7E:66,-72,1
24/04/2026,07:06:10,23,Lab. de telecomunicações,GPDS,00:26:5A:66:55:EF,-72,6
24/04/2026,07:06:10,23,Lab. de telecomunicações,TP-Link_1324,7C:F1:7E:8D:13:22,-73,10
24/04/2026,07:06:10,23,Lab. de telecomunicações,IFPB-VISITANTE,84:F1:47:54:FD:C2,-77,1
24/04/2026,07:06:10,23,Lab. de telecomunicações,IFPB,84:F1:47:54:FD:C0,-77,1
24/04/2026,07:06:10,23,Lab. de telecomunicações,IFPB,E4:4E:2D:85:4C:60,-79,11
24/04/2026,07:06:10,23,Lab. de telecomunicações,IFPB-VISITANTE,E4:4E:2D:85:4C:62,-79,11
24/04/2026,07:06:10,23,Lab. de telecomunicações,UA2-MiniLab,60:32:B1:2D:66:C3,-81,10
24/04/2026,07:06:10,23,Lab. de telecomunicações,IFPB-VISITANTE,84:F1:47:54:71:02,-82,1
24/04/2026,07:06:10,23,Lab. de telecomunicações,IFPB,84:F1:47:54:71:00,-82,1
24/04/2026,07:06:10,23,Lab. de telecomunicações,IFPB,84:F1:47:54:96:E0,-82,1
24/04/2026,07:06:10,23,Lab. de telecomunicações,IFPB-VISITANTE,84:F1:47:54:96:E2,-83,1
24/04/2026,07:06:10,23,Lab. de telecomunicações,IFPB-Sala_13,E8:94:F6:B9:2F:46,-84,6
24/04/2026,07:06:10,23,Lab. de telecomunicações,IFPB,84:F1:47:54:95:E0,-85,11
24/04/2026,07:06:10,23,Lab. de telecomunicações,IFPB-VISITANTE,84:F1:47:54:95:E2,-85,11
24/04/2026,07:06:10,23,Lab. de telecomunicações,IFPB,B8:11:4B:1D:1E:40,-87,6
24/04/2026,07:06:10,23,Lab. de telecomunicações,IFPB-VISITANTE,2C:57:41:D4:69:C2,-88,1
24/04/2026,07:06:10,23,Lab. de telecomunicações,SALA_MESTRADO,64:66:B3:62:EB:86,-88,1
24/04/2026,07:06:10,23,Lab. de telecomunicações,IFPB,2C:57:41:D4:69:C0,-89,1
24/04/2026,07:06:10,23,Lab. de telecomunicações,LIMPEZA,54:E6:FC:CF:22:DE,-91,6
24/04/2026,07:06:10,23,Lab. de telecomunicações,NPEF/NEPA,50:C7:BF:EF:56:8A,-92,3
24/04/2026,07:06:20,24,Lab. de telecomunicações,IFPB-Sala_Professor_14,24:FD:0D:57:19:26,-61,5
24/04/2026,07:06:20,24,Lab. de telecomunicações,TP-Link_C3CB,D8:0D:17:3E:C3:CB,-67,4
24/04/2026,07:06:20,24,Lab. de telecomunicações,IFPB,84:F1:47:54:7F:20,-70,11
24/04/2026,07:06:20,24,Lab. de telecomunicações,Lab. de Sinais Digitais,18:D6:C7:F9:37:2F,-70,11
24/04/2026,07:06:20,24,Lab. de telecomunicações,Intelbras,18:0D:2C:7F:EB:AC,-71,7
24/04/2026,07:06:20,24,Lab. de telecomunicações,IFPB-VISITANTE,84:F1:47:54:7F:22,-71,11
24/04/2026,07:06:20,24,Lab. de telecomunicações,APTelefonia,58:10:8C:91:F3:AA,-72,1
24/04/2026,07:06:20,24,Lab. de telecomunicações,IFPB TCC,D8:5D:4C:86:7E:66,-72,1
24/04/2026,07:06:20,24,Lab. de telecomunicações,IFPB-VISITANTE,84:F1:47:54:FD:C2,-75,1
24/04/2026,07:06:20,24,Lab. de telecomunicações,GPDS,00:26:5A:66:55:EF,-75,6
24/04/2026,07:06:20,24,Lab. de telecomunicações,IFPB-Sala_Professor_14,48:51:CF:81:B0:9E,-76,8
24/04/2026,07:06:20,24,Lab. de telecomunicações,TP-Link_1324,7C:F1:7E:8D:13:22,-76,10
24/04/2026,07:06:20,24,Lab. de telecomunicações,NUNYA_Room_2.4GHz,CC:32:E5:0C:FC:2B,-78,9
24/04/2026,07:06:20,24,Lab. de telecomunicações,UA2-MiniLab,60:32:B1:2D:66:C3,-81,10
24/04/2026,07:06:20,24,Lab. de telecomunicações,IFPB,E4:4E:2D:85:4C:60,-81,11
24/04/2026,07:06:20,24,Lab. de telecomunicações,IFPB,84:F1:47:54:96:E0,-83,1
24/04/2026,07:06:20,24,Lab. de telecomunicações,IFPB-VISITANTE,84:F1:47:54:96:E2,-83,1
24/04/2026,07:06:20,24,Lab. de telecomunicações,IFPB-VISITANTE,E4:4E:2D:85:4C:62,-83,11
24/04/2026,07:06:20,24,Lab. de telecomunicações,IFPB,84:F1:47:54:71:00,-84,1
24/04/2026,07:06:20,24,Lab. de telecomunicações,IFPB-VISITANTE,84:F1:47:54:71:02,-84,1
24/04/2026,07:06:20,24,Lab. de telecomunicações,IFPB,B8:11:4B:1D:1E:40,-86,6
24/04/2026,07:06:20,24,Lab. de telecomunicações,IFPB-VISITANTE,B8:11:4B:1D:1E:42,-86,6
24/04/2026,07:06:20,24,Lab. de telecomunicações,IFPB,84:F1:47:54:95:E0,-86,11
24/04/2026,07:06:20,24,Lab. de telecomunicações,IFPB-VISITANTE,84:F1:47:54:95:E2,-86,11
24/04/2026,07:06:20,24,Lab. de telecomunicações,IFPB,84:F1:47:54:F9:80,-86,11
24/04/2026,07:06:20,24,Lab. de telecomunicações,IFPB-VISITANTE,84:F1:47:54:F9:82,-86,11
24/04/2026,07:06:20,24,Lab. de telecomunicações,IFPB-Sala_13,E8:94:F6:B9:2F:46,-87,6
24/04/2026,07:06:20,24,Lab. de telecomunicações,LIMPEZA,54:E6:FC:CF:22:DE,-90,6
24/04/2026,07:06:20,24,Lab. de telecomunicações,Lab Redes Convergentes,64:70:02:99:FE:F4,-94,1
24/04/2026,07:06:30,25,Lab. de telecomunicações,APTelefonia,58:10:8C:91:F3:AA,-60,1
24/04/2026,07:06:30,25,Lab. de telecomunicações,IFPB-Sala_Professor_14,24:FD:0D:57:19:26,-64,5
24/04/2026,07:06:30,25,Lab. de telecomunicações,TP-Link_1324,7C:F1:7E:8D:13:22,-69,10
24/04/2026,07:06:30,25,Lab. de telecomunicações,Lab. de Sinais Digitais,18:D6:C7:F9:37:2F,-69,11
24/04/2026,07:06:30,25,Lab. de telecomunicações,TP-Link_C3CB,D8:0D:17:3E:C3:CB,-71,4
24/04/2026,07:06:30,25,Lab. de telecomunicações,Intelbras,18:0D:2C:7F:EB:AC,-71,7
24/04/2026,07:06:30,25,Lab. de telecomunicações,GPDS,00:26:5A:66:55:EF,-75,6
24/04/2026,07:06:30,25,Lab. de telecomunicações,IFPB-Sala_Professor_14,48:51:CF:81:B0:9E,-75,8
24/04/2026,07:06:30,25,Lab. de telecomunicações,IFPB-VISITANTE,84:F1:47:54:96:E2,-76,1
24/04/2026,07:06:30,25,Lab. de telecomunicações,IFPB-VISITANTE,84:F1:47:54:7F:22,-76,11
24/04/2026,07:06:30,25,Lab. de telecomunicações,IFPB TCC,D8:5D:4C:86:7E:66,-77,1
24/04/2026,07:06:30,25,Lab. de telecomunicações,IFPB,84:F1:47:54:96:E0,-77,1
24/04/2026,07:06:30,25,Lab. de telecomunicações,IFPB,84:F1:47:54:7F:20,-77,11
24/04/2026,07:06:30,25,Lab. de telecomunicações,SALA_MESTRADO,64:66:B3:62:EB:86,-78,1
24/04/2026,07:06:30,25,Lab. de telecomunicações,NUNYA_Room_2.4GHz,CC:32:E5:0C:FC:2B,-80,9
24/04/2026,07:06:30,25,Lab. de telecomunicações,UA2-MiniLab,60:32:B1:2D:66:C3,-80,10
24/04/2026,07:06:30,25,Lab. de telecomunicações,IFPB,84:F1:47:54:71:00,-82,1
24/04/2026,07:06:30,25,Lab. de telecomunicações,IFPB-VISITANTE,84:F1:47:54:71:02,-82,1
24/04/2026,07:06:30,25,Lab. de telecomunicações,IFPB,84:F1:47:54:FD:C0,-82,1
24/04/2026,07:06:30,25,Lab. de telecomunicações,IFPB-VISITANTE,84:F1:47:54:FD:C2,-82,1
24/04/2026,07:06:30,25,Lab. de telecomunicações,IFPB-Sala_13,E8:94:F6:B9:2F:46,-83,6
24/04/2026,07:06:30,25,Lab. de telecomunicações,IFPB,B8:11:4B:1D:1E:40,-85,6
24/04/2026,07:06:31,25,Lab. de telecomunicações,IFPB-VISITANTE,B8:11:4B:1D:1E:42,-85,6
24/04/2026,07:06:31,25,Lab. de telecomunicações,IFPB,E4:4E:2D:85:4C:60,-85,11
24/04/2026,07:06:31,25,Lab. de telecomunicações,IFPB-VISITANTE,E4:4E:2D:85:4C:62,-85,11
24/04/2026,07:06:31,25,Lab. de telecomunicações,IFPB-VISITANTE,84:F1:47:54:F9:82,-87,11
24/04/2026,07:06:31,25,Lab. de telecomunicações,Lab Redes Convergentes,64:70:02:99:FE:F4,-88,1
24/04/2026,07:06:31,25,Lab. de telecomunicações,IFPB,84:F1:47:54:F9:80,-88,11
24/04/2026,07:06:31,25,Lab. de telecomunicações,NPEF/NEPA,50:C7:BF:EF:56:8A,-91,3
24/04/2026,07:06:31,25,Lab. de telecomunicações,IFPB-VISITANTE,84:F1:47:54:95:E2,-91,11
24/04/2026,07:06:31,25,Lab. de telecomunicações,Grel Wifi,00:27:19:CA:71:D2,-92,11
24/04/2026,07:06:40,26,Lab. de telecomunicações,TP-Link_C3CB,D8:0D:17:3E:C3:CB,-62,4
24/04/2026,07:06:40,26,Lab. de telecomunicações,APTelefonia,58:10:8C:91:F3:AA,-63,1
24/04/2026,07:06:40,26,Lab. de telecomunicações,Intelbras,18:0D:2C:7F:EB:AC,-63,7
24/04/2026,07:06:40,26,Lab. de telecomunicações,IFPB-Sala_Professor_14,24:FD:0D:57:19:26,-67,5
24/04/2026,07:06:40,26,Lab. de telecomunicações,TP-Link_1324,7C:F1:7E:8D:13:22,-68,10
24/04/2026,07:06:40,26,Lab. de telecomunicações,IFPB-VISITANTE,84:F1:47:54:7F:22,-68,11
24/04/2026,07:06:40,26,Lab. de telecomunicações,IFPB,84:F1:47:54:7F:20,-69,11
24/04/2026,07:06:40,26,Lab. de telecomunicações,IFPB TCC,D8:5D:4C:86:7E:66,-70,1
24/04/2026,07:06:40,26,Lab. de telecomunicações,IFPB-Sala_Professor_14,48:51:CF:81:B0:9E,-70,8
24/04/2026,07:06:40,26,Lab. de telecomunicações,Lab. de Sinais Digitais,18:D6:C7:F9:37:2F,-71,11
24/04/2026,07:06:41,26,Lab. de telecomunicações,GPDS,00:26:5A:66:55:EF,-75,6
24/04/2026,07:06:41,26,Lab. de telecomunicações,IFPB,84:F1:47:54:FD:C0,-77,1
24/04/2026,07:06:41,26,Lab. de telecomunicações,IFPB-VISITANTE,84:F1:47:54:FD:C2,-77,1
24/04/2026,07:06:41,26,Lab. de telecomunicações,IFPB-VISITANTE,84:F1:47:54:96:E2,-78,1
24/04/2026,07:06:41,26,Lab. de telecomunicações,IFPB,84:F1:47:54:96:E0,-78,1
24/04/2026,07:06:41,26,Lab. de telecomunicações,IFPB-VISITANTE,E4:4E:2D:85:4C:62,-80,11
24/04/2026,07:06:41,26,Lab. de telecomunicações,IFPB,E4:4E:2D:85:4C:60,-81,11
24/04/2026,07:06:41,26,Lab. de telecomunicações,SALA_MESTRADO,64:66:B3:62:EB:86,-82,1
24/04/2026,07:06:41,26,Lab. de telecomunicações,IFPB,84:F1:47:54:71:00,-86,1
24/04/2026,07:06:41,26,Lab. de telecomunicações,IFPB-VISITANTE,84:F1:47:54:71:02,-86,1
24/04/2026,07:06:41,26,Lab. de telecomunicações,UA2-MiniLab,60:32:B1:2D:66:C3,-87,10
24/04/2026,07:06:41,26,Lab. de telecomunicações,IFPB-Sala_13,E8:94:F6:B9:2F:46,-89,6
24/04/2026,07:06:41,26,Lab. de telecomunicações,IFPB,84:F1:47:54:95:E0,-90,11
24/04/2026,07:06:41,26,Lab. de telecomunicações,IFPB-VISITANTE,84:F1:47:54:95:E2,-90,11
24/04/2026,07:06:41,26,Lab. de telecomunicações,Lab Redes Convergentes,64:70:02:99:FE:F4,-92,1
24/04/2026,07:06:41,26,Lab. de telecomunicações,IFPB-VISITANTE,84:F1:47:54:F9:82,-92,11
24/04/2026,07:06:41,26,Lab. de telecomunicações,LIMPEZA,54:E6:FC:CF:22:DE,-93,6
24/04/2026,07:06:50,27,Lab. de telecomunicações,IFPB-Sala_Professor_14,24:FD:0D:57:19:26,-58,5
24/04/2026,07:06:50,27,Lab. de telecomunicações,TP-Link_C3CB,D8:0D:17:3E:C3:CB,-65,4
24/04/2026,07:06:50,27,Lab. de telecomunicações,Intelbras,18:0D:2C:7F:EB:AC,-65,7
24/04/2026,07:06:50,27,Lab. de telecomunicações,APTelefonia,58:10:8C:91:F3:AA,-66,1
24/04/2026,07:06:50,27,Lab. de telecomunicações,IFPB,84:F1:47:54:7F:20,-67,11
24/04/2026,07:06:51,27,Lab. de telecomunicações,IFPB-VISITANTE,84:F1:47:54:7F:22,-67,11
24/04/2026,07:06:51,27,Lab. de telecomunicações,TP-Link_1324,7C:F1:7E:8D:13:22,-68,10
24/04/2026,07:06:51,27,Lab. de telecomunicações,Lab. de Sinais Digitais,18:D6:C7:F9:37:2F,-72,11
24/04/2026,07:06:51,27,Lab. de telecomunicações,GPDS,00:26:5A:66:55:EF,-74,6
24/04/2026,07:06:51,27,Lab. de telecomunicações,IFPB TCC,D8:5D:4C:86:7E:66,-75,1
24/04/2026,07:06:51,27,Lab. de telecomunicações,IFPB-VISITANTE,84:F1:47:54:96:E2,-77,1
24/04/2026,07:06:51,27,Lab. de telecomunicações,IFPB,84:F1:47:54:FD:C0,-78,1
24/04/2026,07:06:51,27,Lab. de telecomunicações,IFPB-Sala_Professor_14,48:51:CF:81:B0:9E,-78,8
24/04/2026,07:06:51,27,Lab. de telecomunicações,IFPB-VISITANTE,84:F1:47:54:FD:C2,-79,1
24/04/2026,07:06:51,27,Lab. de telecomunicações,IFPB,84:F1:47:54:96:E0,-79,1
24/04/2026,07:06:51,27,Lab. de telecomunicações,IFPB-VISITANTE,E4:4E:2D:85:4C:62,-81,11
24/04/2026,07:06:51,27,Lab. de telecomunicações,IFPB,E4:4E:2D:85:4C:60,-82,11
24/04/2026,07:06:51,27,Lab. de telecomunicações,IFPB,84:F1:47:54:71:00,-83,1
24/04/2026,07:06:51,27,Lab. de telecomunicações,IFPB-VISITANTE,84:F1:47:54:71:02,-83,1
24/04/2026,07:06:51,27,Lab. de telecomunicações,SALA_MESTRADO,64:66:B3:62:EB:86,-84,1
24/04/2026,07:06:51,27,Lab. de telecomunicações,UA2-MiniLab,60:32:B1:2D:66:C3,-84,10
24/04/2026,07:06:51,27,Lab. de telecomunicações,Lab Redes Convergentes,64:70:02:99:FE:F4,-88,1
24/04/2026,07:06:51,27,Lab. de telecomunicações,IFPB-Sala_13,E8:94:F6:B9:2F:46,-88,6
24/04/2026,07:06:51,27,Lab. de telecomunicações,IFPB,B8:11:4B:1D:1E:40,-89,6
24/04/2026,07:06:51,27,Lab. de telecomunicações,IFPB,84:F1:47:54:95:E0,-89,11
24/04/2026,07:06:51,27,Lab. de telecomunicações,IFPB-VISITANTE,84:F1:47:54:95:E2,-89,11
24/04/2026,07:06:51,27,Lab. de telecomunicações,IFPB-VISITANTE,B8:11:4B:1D:1E:42,-90,6
24/04/2026,07:06:51,27,Lab. de telecomunicações,IFPB,84:F1:47:54:F9:80,-91,11
24/04/2026,07:06:51,27,Lab. de telecomunicações,IFPB-VISITANTE,84:F1:47:54:F9:82,-91,11
24/04/2026,07:06:51,27,Lab. de telecomunicações,LIMPEZA,54:E6:FC:CF:22:DE,-95,6
24/04/2026,07:07:01,28,Lab. de telecomunicações,IFPB-Sala_Professor_14,24:FD:0D:57:19:26,-59,5
24/04/2026,07:07:01,28,Lab. de telecomunicações,TP-Link_C3CB,D8:0D:17:3E:C3:CB,-64,4
24/04/2026,07:07:01,28,Lab. de telecomunicações,APTelefonia,58:10:8C:91:F3:AA,-65,1
24/04/2026,07:07:01,28,Lab. de telecomunicações,Intelbras,18:0D:2C:7F:EB:AC,-65,7
24/04/2026,07:07:01,28,Lab. de telecomunicações,IFPB,84:F1:47:54:7F:20,-66,11
24/04/2026,07:07:01,28,Lab. de telecomunicações,IFPB-VISITANTE,84:F1:47:54:7F:22,-66,11
24/04/2026,07:07:01,28,Lab. de telecomunicações,Lab. de Sinais Digitais,18:D6:C7:F9:37:2F,-72,11
24/04/2026,07:07:01,28,Lab. de telecomunicações,TP-Link_1324,7C:F1:7E:8D:13:22,-73,10
24/04/2026,07:07:01,28,Lab. de telecomunicações,GPDS,00:26:5A:66:55:EF,-75,6
24/04/2026,07:07:01,28,Lab. de telecomunicações,NUNYA_Room_2.4GHz,CC:32:E5:0C:FC:2B,-75,9
24/04/2026,07:07:01,28,Lab. de telecomunicações,IFPB TCC,D8:5D:4C:86:7E:66,-78,1
24/04/2026,07:07:01,28,Lab. de telecomunicações,IFPB,84:F1:47:54:FD:C0,-78,1
24/04/2026,07:07:01,28,Lab. de telecomunicações,IFPB-VISITANTE,84:F1:47:54:FD:C2,-78,1
24/04/2026,07:07:01,28,Lab. de telecomunicações,IFPB-Sala_Professor_14,48:51:CF:81:B0:9E,-79,8
24/04/2026,07:07:01,28,Lab. de telecomunicações,IFPB,E4:4E:2D:85:4C:60,-80,11
24/04/2026,07:07:01,28,Lab. de telecomunicações,IFPB-VISITANTE,E4:4E:2D:85:4C:62,-80,11
24/04/2026,07:07:01,28,Lab. de telecomunicações,IFPB,84:F1:47:54:96:E0,-81,1
24/04/2026,07:07:01,28,Lab. de telecomunicações,IFPB-VISITANTE,84:F1:47:54:96:E2,-81,1
24/04/2026,07:07:01,28,Lab. de telecomunicações,SALA_MESTRADO,64:66:B3:62:EB:86,-82,1
24/04/2026,07:07:01,28,Lab. de telecomunicações,UA2-MiniLab,60:32:B1:2D:66:C3,-83,10
24/04/2026,07:07:01,28,Lab. de telecomunicações,IFPB,84:F1:47:54:71:00,-84,1
24/04/2026,07:07:01,28,Lab. de telecomunicações,IFPB-VISITANTE,84:F1:47:54:71:02,-84,1
24/04/2026,07:07:01,28,Lab. de telecomunicações,IFPB-Sala_13,E8:94:F6:B9:2F:46,-85,6
24/04/2026,07:07:01,28,Lab. de telecomunicações,Lab Redes Convergentes,64:70:02:99:FE:F4,-86,1
24/04/2026,07:07:01,28,Lab. de telecomunicações,IFPB,2C:57:41:D4:69:C0,-88,1
24/04/2026,07:07:01,28,Lab. de telecomunicações,IFPB-VISITANTE,2C:57:41:D4:69:C2,-89,1
24/04/2026,07:07:01,28,Lab. de telecomunicações,IFPB,B8:11:4B:1D:1E:40,-89,6
24/04/2026,07:07:01,28,Lab. de telecomunicações,IFPB,84:F1:47:54:95:E0,-90,11
24/04/2026,07:07:01,28,Lab. de telecomunicações,IFPB-VISITANTE,84:F1:47:54:95:E2,-91,11
24/04/2026,07:07:01,28,Lab. de telecomunicações,IFPB,84:F1:47:54:F9:80,-92,11
24/04/2026,07:07:01,28,Lab. de telecomunicações,LIMPEZA,54:E6:FC:CF:22:DE,-95,6
24/04/2026,07:07:11,29,Lab. de telecomunicações,IFPB-Sala_Professor_14,24:FD:0D:57:19:26,-56,5
24/04/2026,07:07:11,29,Lab. de telecomunicações,APTelefonia,58:10:8C:91:F3:AA,-66,1
24/04/2026,07:07:11,29,Lab. de telecomunicações,IFPB,84:F1:47:54:7F:20,-69,11
24/04/2026,07:07:11,29,Lab. de telecomunicações,IFPB-VISITANTE,84:F1:47:54:7F:22,-69,11
24/04/2026,07:07:11,29,Lab. de telecomunicações,IFPB TCC,D8:5D:4C:86:7E:66,-70,1
24/04/2026,07:07:11,29,Lab. de telecomunicações,Intelbras,18:0D:2C:7F:EB:AC,-70,7
24/04/2026,07:07:11,29,Lab. de telecomunicações,Lab. de Sinais Digitais,18:D6:C7:F9:37:2F,-70,11
24/04/2026,07:07:11,29,Lab. de telecomunicações,TP-Link_C3CB,D8:0D:17:3E:C3:CB,-71,4
24/04/2026,07:07:11,29,Lab. de telecomunicações,GPDS,00:26:5A:66:55:EF,-71,6
24/04/2026,07:07:11,29,Lab. de telecomunicações,TP-Link_1324,7C:F1:7E:8D:13:22,-71,10
24/04/2026,07:07:11,29,Lab. de telecomunicações,IFPB-Sala_Professor_14,48:51:CF:81:B0:9E,-73,8
24/04/2026,07:07:11,29,Lab. de telecomunicações,IFPB,84:F1:47:54:FD:C0,-74,1
24/04/2026,07:07:11,29,Lab. de telecomunicações,IFPB-VISITANTE,84:F1:47:54:FD:C2,-75,1
24/04/2026,07:07:11,29,Lab. de telecomunicações,IFPB,84:F1:47:54:96:E0,-77,1
24/04/2026,07:07:11,29,Lab. de telecomunicações,IFPB-VISITANTE,84:F1:47:54:96:E2,-77,1
24/04/2026,07:07:11,29,Lab. de telecomunicações,SALA_MESTRADO,64:66:B3:62:EB:86,-79,1
24/04/2026,07:07:11,29,Lab. de telecomunicações,NUNYA_Room_2.4GHz,CC:32:E5:0C:FC:2B,-80,9
24/04/2026,07:07:11,29,Lab. de telecomunicações,IFPB-Sala_13,E8:94:F6:B9:2F:46,-82,6
24/04/2026,07:07:11,29,Lab. de telecomunicações,IFPB,E4:4E:2D:85:4C:60,-82,11
24/04/2026,07:07:11,29,Lab. de telecomunicações,IFPB-VISITANTE,E4:4E:2D:85:4C:62,-82,11
24/04/2026,07:07:11,29,Lab. de telecomunicações,IFPB-VISITANTE,84:F1:47:54:71:02,-83,1
24/04/2026,07:07:11,29,Lab. de telecomunicações,IFPB,84:F1:47:54:71:00,-85,1
24/04/2026,07:07:11,29,Lab. de telecomunicações,Lab Redes Convergentes,64:70:02:99:FE:F4,-88,1
24/04/2026,07:07:11,29,Lab. de telecomunicações,IFPB-VISITANTE,B8:11:4B:1D:1E:42,-88,6
24/04/2026,07:07:11,29,Lab. de telecomunicações,IFPB-VISITANTE,84:F1:47:54:F9:82,-89,11
24/04/2026,07:07:11,29,Lab. de telecomunicações,IFPB,B8:11:4B:1D:1E:40,-90,6
24/04/2026,07:07:11,29,Lab. de telecomunicações,IFPB,84:F1:47:54:F9:80,-90,11
24/04/2026,07:07:11,29,Lab. de telecomunicações,IFPB,84:F1:47:54:95:E0,-90,11
24/04/2026,07:07:11,29,Lab. de telecomunicações,IFPB-VISITANTE,84:F1:47:54:95:E2,-91,11
24/04/2026,07:07:11,29,Lab. de telecomunicações,UA2-MiniLab,60:32:B1:2D:66:C3,-92,10
24/04/2026,07:07:11,29,Lab. de telecomunicações,LIMPEZA,54:E6:FC:CF:22:DE,-93,6
24/04/2026,07:07:21,30,Lab. de telecomunicações,APTelefonia,58:10:8C:91:F3:AA,-62,1
24/04/2026,07:07:21,30,Lab. de telecomunicações,TP-Link_C3CB,D8:0D:17:3E:C3:CB,-63,4
24/04/2026,07:07:21,30,Lab. de telecomunicações,Intelbras,18:0D:2C:7F:EB:AC,-64,7
24/04/2026,07:07:21,30,Lab. de telecomunicações,IFPB-Sala_Professor_14,24:FD:0D:57:19:26,-66,5
24/04/2026,07:07:21,30,Lab. de telecomunicações,IFPB TCC,D8:5D:4C:86:7E:66,-67,1
24/04/2026,07:07:21,30,Lab. de telecomunicações,IFPB,84:F1:47:54:7F:20,-68,11
24/04/2026,07:07:21,30,Lab. de telecomunicações,IFPB-VISITANTE,84:F1:47:54:7F:22,-68,11
24/04/2026,07:07:21,30,Lab. de telecomunicações,Lab. de Sinais Digitais,18:D6:C7:F9:37:2F,-71,11
24/04/2026,07:07:21,30,Lab. de telecomunicações,TP-Link_1324,7C:F1:7E:8D:13:22,-72,10
24/04/2026,07:07:21,30,Lab. de telecomunicações,GPDS,00:26:5A:66:55:EF,-74,6
24/04/2026,07:07:21,30,Lab. de telecomunicações,IFPB-VISITANTE,84:F1:47:54:FD:C2,-75,1
24/04/2026,07:07:21,30,Lab. de telecomunicações,IFPB,84:F1:47:54:FD:C0,-76,1
24/04/2026,07:07:21,30,Lab. de telecomunicações,IFPB-Sala_Professor_14,48:51:CF:81:B0:9E,-78,8
24/04/2026,07:07:21,30,Lab. de telecomunicações,IFPB,84:F1:47:54:96:E0,-80,1
24/04/2026,07:07:21,30,Lab. de telecomunicações,IFPB-VISITANTE,84:F1:47:54:96:E2,-80,1
24/04/2026,07:07:21,30,Lab. de telecomunicações,SALA_MESTRADO,64:66:B3:62:EB:86,-81,1
24/04/2026,07:07:21,30,Lab. de telecomunicações,IFPB,E4:4E:2D:85:4C:60,-81,11
24/04/2026,07:07:21,30,Lab. de telecomunicações,IFPB-VISITANTE,E4:4E:2D:85:4C:62,-82,11
24/04/2026,07:07:21,30,Lab. de telecomunicações,UA2-MiniLab,60:32:B1:2D:66:C3,-86,10
24/04/2026,07:07:21,30,Lab. de telecomunicações,IFPB-Sala_13,E8:94:F6:B9:2F:46,-88,6
24/04/2026,07:07:22,30,Lab. de telecomunicações,IFPB,84:F1:47:54:71:00,-89,1
24/04/2026,07:07:22,30,Lab. de telecomunicações,IFPB-VISITANTE,84:F1:47:54:71:02,-89,1
24/04/2026,07:07:22,30,Lab. de telecomunicações,IFPB,84:F1:47:54:F9:80,-89,11
24/04/2026,07:07:22,30,Lab. de telecomunicações,IFPB-VISITANTE,84:F1:47:54:F9:82,-90,11
24/04/2026,07:07:22,30,Lab. de telecomunicações,IFPB,84:F1:47:54:95:E0,-90,11
24/04/2026,07:07:22,30,Lab. de telecomunicações,IFPB-VISITANTE,84:F1:47:54:95:E2,-92,11
24/04/2026,07:07:22,30,Lab. de telecomunicações,Lab Redes Convergentes,64:70:02:99:FE:F4,-93,1
24/04/2026,07:07:22,30,Lab. de telecomunicações,LIMPEZA,54:E6:FC:CF:22:DE,-95,6
24/04/2026,07:07:57,31,PET Eng. Elétrica,APTelefonia,58:10:8C:91:F3:AA,-56,1
24/04/2026,07:07:57,31,PET Eng. Elétrica,TP-Link_C3CB,D8:0D:17:3E:C3:CB,-58,4
24/04/2026,07:07:57,31,PET Eng. Elétrica,Lab. de Sinais Digitais,18:D6:C7:F9:37:2F,-61,11
24/04/2026,07:07:57,31,PET Eng. Elétrica,Intelbras,18:0D:2C:7F:EB:AC,-66,7
24/04/2026,07:07:57,31,PET Eng. Elétrica,IFPB-Sala_Professor_14,24:FD:0D:57:19:26,-67,5
24/04/2026,07:07:57,31,PET Eng. Elétrica,GPDS,00:26:5A:66:55:EF,-69,6
24/04/2026,07:07:57,31,PET Eng. Elétrica,NUNYA_Room_2.4GHz,CC:32:E5:0C:FC:2B,-71,9
24/04/2026,07:07:57,31,PET Eng. Elétrica,IFPB-Sala_Professor_14,48:51:CF:81:B0:9E,-72,8
24/04/2026,07:07:57,31,PET Eng. Elétrica,UA2-MiniLab,60:32:B1:2D:66:C3,-72,10
24/04/2026,07:07:57,31,PET Eng. Elétrica,SALA_MESTRADO,64:66:B3:62:EB:86,-73,1
24/04/2026,07:07:57,31,PET Eng. Elétrica,IFPB-Sala_13,E8:94:F6:B9:2F:46,-74,6
24/04/2026,07:07:57,31,PET Eng. Elétrica,IFPB,84:F1:47:54:7F:20,-75,11
24/04/2026,07:07:57,31,PET Eng. Elétrica,IFPB-VISITANTE,84:F1:47:54:7F:22,-75,11
24/04/2026,07:07:57,31,PET Eng. Elétrica,IFPB-VISITANTE,84:F1:47:54:96:E2,-77,1
24/04/2026,07:07:57,31,PET Eng. Elétrica,IFPB,84:F1:47:54:96:E0,-78,1
24/04/2026,07:07:57,31,PET Eng. Elétrica,IFPB,84:F1:47:54:95:E0,-78,11
24/04/2026,07:07:57,31,PET Eng. Elétrica,IFPB-VISITANTE,84:F1:47:54:95:E2,-78,11
24/04/2026,07:07:57,31,PET Eng. Elétrica,TP-Link_1324,7C:F1:7E:8D:13:22,-80,10
24/04/2026,07:07:57,31,PET Eng. Elétrica,IFPB TCC,D8:5D:4C:86:7E:66,-81,1
24/04/2026,07:07:57,31,PET Eng. Elétrica,IFPB,84:F1:47:54:F9:80,-81,11
24/04/2026,07:07:57,31,PET Eng. Elétrica,IFPB-VISITANTE,84:F1:47:54:F9:82,-81,11
24/04/2026,07:07:57,31,PET Eng. Elétrica,IFPB-VISITANTE,84:F1:47:54:FD:C2,-83,1
24/04/2026,07:07:57,31,PET Eng. Elétrica,IFPB,84:F1:47:54:FD:C0,-84,1
24/04/2026,07:07:57,31,PET Eng. Elétrica,IFPB,84:F1:47:54:71:00,-88,1
24/04/2026,07:07:57,31,PET Eng. Elétrica,EBEF98EB-HE8D94xvZh1AO1J,44:D2:44:DD:32:41,-88,11
24/04/2026,07:07:57,31,PET Eng. Elétrica,IFPB-VISITANTE,E4:4E:2D:85:4C:62,-89,11
24/04/2026,07:07:57,31,PET Eng. Elétrica,NPEF/NEPA,50:C7:BF:EF:56:8A,-90,3
24/04/2026,07:07:57,31,PET Eng. Elétrica,IFPB,E4:4E:2D:85:4C:60,-90,11
24/04/2026,07:07:57,31,PET Eng. Elétrica,Lab Redes Convergentes,64:70:02:99:FE:F4,-93,1
24/04/2026,07:08:07,32,PET Eng. Elétrica,APTelefonia,58:10:8C:91:F3:AA,-57,1
24/04/2026,07:08:07,32,PET Eng. Elétrica,TP-Link_C3CB,D8:0D:17:3E:C3:CB,-60,4
24/04/2026,07:08:07,32,PET Eng. Elétrica,IFPB-Sala_Professor_14,24:FD:0D:57:19:26,-63,5
24/04/2026,07:08:07,32,PET Eng. Elétrica,Lab. de Sinais Digitais,18:D6:C7:F9:37:2F,-63,11
24/04/2026,07:08:07,32,PET Eng. Elétrica,IFPB-Sala_Professor_14,48:51:CF:81:B0:9E,-68,8
24/04/2026,07:08:07,32,PET Eng. Elétrica,GPDS,00:26:5A:66:55:EF,-69,6
24/04/2026,07:08:07,32,PET Eng. Elétrica,Intelbras,18:0D:2C:7F:EB:AC,-70,7
24/04/2026,07:08:07,32,PET Eng. Elétrica,UA2-MiniLab,60:32:B1:2D:66:C3,-71,10
24/04/2026,07:08:07,32,PET Eng. Elétrica,NUNYA_Room_2.4GHz,CC:32:E5:0C:FC:2B,-75,9
24/04/2026,07:08:07,32,PET Eng. Elétrica,SALA_MESTRADO,64:66:B3:62:EB:86,-76,1
24/04/2026,07:08:07,32,PET Eng. Elétrica,IFPB-Sala_13,E8:94:F6:B9:2F:46,-76,6
24/04/2026,07:08:07,32,PET Eng. Elétrica,TP-Link_1324,7C:F1:7E:8D:13:22,-76,10
24/04/2026,07:08:07,32,PET Eng. Elétrica,IFPB,84:F1:47:54:7F:20,-76,11
24/04/2026,07:08:07,32,PET Eng. Elétrica,IFPB-VISITANTE,84:F1:47:54:7F:22,-76,11
24/04/2026,07:08:07,32,PET Eng. Elétrica,IFPB-VISITANTE,84:F1:47:54:96:E2,-79,1
24/04/2026,07:08:07,32,PET Eng. Elétrica,IFPB,84:F1:47:54:95:E0,-79,11
24/04/2026,07:08:07,32,PET Eng. Elétrica,IFPB-VISITANTE,84:F1:47:54:95:E2,-79,11
24/04/2026,07:08:07,32,PET Eng. Elétrica,IFPB TCC,D8:5D:4C:86:7E:66,-80,1
24/04/2026,07:08:07,32,PET Eng. Elétrica,IFPB,84:F1:47:54:96:E0,-80,1
24/04/2026,07:08:07,32,PET Eng. Elétrica,IFPB-VISITANTE,84:F1:47:54:FD:C2,-83,1
24/04/2026,07:08:07,32,PET Eng. Elétrica,IFPB,84:F1:47:54:F9:80,-83,11
24/04/2026,07:08:07,32,PET Eng. Elétrica,IFPB-VISITANTE,84:F1:47:54:F9:82,-83,11
24/04/2026,07:08:07,32,PET Eng. Elétrica,IFPB,84:F1:47:54:FD:C0,-85,1
24/04/2026,07:08:07,32,PET Eng. Elétrica,EBEF98EB-HE8D94xvZh1AO1J,44:D2:44:DD:32:41,-86,11
24/04/2026,07:08:07,32,PET Eng. Elétrica,IFPB,E4:4E:2D:85:4C:60,-86,11
24/04/2026,07:08:07,32,PET Eng. Elétrica,IFPB-VISITANTE,E4:4E:2D:85:4C:62,-86,11
24/04/2026,07:08:07,32,PET Eng. Elétrica,IFPB,84:F1:47:54:71:00,-87,1
24/04/2026,07:08:07,32,PET Eng. Elétrica,IFPB-VISITANTE,84:F1:47:54:71:02,-87,1
24/04/2026,07:08:07,32,PET Eng. Elétrica,NPEF/NEPA,50:C7:BF:EF:56:8A,-89,3
24/04/2026,07:08:07,32,PET Eng. Elétrica,IFPB,84:F1:47:54:EB:20,-89,6
24/04/2026,07:08:07,32,PET Eng. Elétrica,Lab Redes Convergentes,64:70:02:99:FE:F4,-92,1
24/04/2026,07:08:17,33,PET Eng. Elétrica,APTelefonia,58:10:8C:91:F3:AA,-58,1
24/04/2026,07:08:17,33,PET Eng. Elétrica,TP-Link_C3CB,D8:0D:17:3E:C3:CB,-59,4
24/04/2026,07:08:17,33,PET Eng. Elétrica,IFPB-Sala_Professor_14,24:FD:0D:57:19:26,-60,5
24/04/2026,07:08:17,33,PET Eng. Elétrica,Lab. de Sinais Digitais,18:D6:C7:F9:37:2F,-60,11
24/04/2026,07:08:17,33,PET Eng. Elétrica,Intelbras,18:0D:2C:7F:EB:AC,-66,7
24/04/2026,07:08:17,33,PET Eng. Elétrica,GPDS,00:26:5A:66:55:EF,-71,6
24/04/2026,07:08:17,33,PET Eng. Elétrica,UA2-MiniLab,60:32:B1:2D:66:C3,-73,10
24/04/2026,07:08:17,33,PET Eng. Elétrica,IFPB-VISITANTE,84:F1:47:54:7F:22,-73,11
24/04/2026,07:08:17,33,PET Eng. Elétrica,IFPB-Sala_Professor_14,48:51:CF:81:B0:9E,-74,8
24/04/2026,07:08:17,33,PET Eng. Elétrica,NUNYA_Room_2.4GHz,CC:32:E5:0C:FC:2B,-74,9
24/04/2026,07:08:17,33,PET Eng. Elétrica,IFPB-Sala_13,E8:94:F6:B9:2F:46,-75,6
24/04/2026,07:08:17,33,PET Eng. Elétrica,SALA_MESTRADO,64:66:B3:62:EB:86,-76,1
24/04/2026,07:08:17,33,PET Eng. Elétrica,IFPB,84:F1:47:54:7F:20,-76,11
24/04/2026,07:08:17,33,PET Eng. Elétrica,TP-Link_1324,7C:F1:7E:8D:13:22,-77,10
24/04/2026,07:08:17,33,PET Eng. Elétrica,IFPB,84:F1:47:54:95:E0,-78,11
24/04/2026,07:08:17,33,PET Eng. Elétrica,IFPB-VISITANTE,84:F1:47:54:95:E2,-79,11
24/04/2026,07:08:17,33,PET Eng. Elétrica,IFPB,84:F1:47:54:96:E0,-80,1
24/04/2026,07:08:17,33,PET Eng. Elétrica,IFPB TCC,D8:5D:4C:86:7E:66,-80,1
24/04/2026,07:08:17,33,PET Eng. Elétrica,IFPB,84:F1:47:54:FD:C0,-80,1
24/04/2026,07:08:17,33,PET Eng. Elétrica,IFPB-VISITANTE,84:F1:47:54:96:E2,-81,1
24/04/2026,07:08:17,33,PET Eng. Elétrica,IFPB-VISITANTE,84:F1:47:54:FD:C2,-81,1
24/04/2026,07:08:17,33,PET Eng. Elétrica,IFPB,84:F1:47:54:71:00,-87,1
24/04/2026,07:08:18,33,PET Eng. Elétrica,IFPB,84:F1:47:54:F9:80,-87,11
24/04/2026,07:08:18,33,PET Eng. Elétrica,IFPB-VISITANTE,84:F1:47:54:71:02,-88,1
24/04/2026,07:08:18,33,PET Eng. Elétrica,IFPB-VISITANTE,84:F1:47:54:F9:82,-88,11
24/04/2026,07:08:18,33,PET Eng. Elétrica,IFPB,E4:4E:2D:85:4C:60,-88,11
24/04/2026,07:08:18,33,PET Eng. Elétrica,IFPB-VISITANTE,E4:4E:2D:85:4C:62,-88,11
24/04/2026,07:08:18,33,PET Eng. Elétrica,Lab Redes Convergentes,64:70:02:99:FE:F4,-89,1
24/04/2026,07:08:18,33,PET Eng. Elétrica,EBEF98EB-HE8D94xvZh1AO1J,44:D2:44:DD:32:41,-89,11
24/04/2026,07:08:18,33,PET Eng. Elétrica,NPEF/NEPA,50:C7:BF:EF:56:8A,-90,3
24/04/2026,07:08:27,34,PET Eng. Elétrica,TP-Link_C3CB,D8:0D:17:3E:C3:CB,-58,4
24/04/2026,07:08:27,34,PET Eng. Elétrica,APTelefonia,58:10:8C:91:F3:AA,-59,1
24/04/2026,07:08:27,34,PET Eng. Elétrica,Lab. de Sinais Digitais,18:D6:C7:F9:37:2F,-59,11
24/04/2026,07:08:27,34,PET Eng. Elétrica,IFPB-Sala_Professor_14,24:FD:0D:57:19:26,-63,5
24/04/2026,07:08:27,34,PET Eng. Elétrica,Intelbras,18:0D:2C:7F:EB:AC,-67,7
24/04/2026,07:08:27,34,PET Eng. Elétrica,IFPB,84:F1:47:54:7F:20,-71,11
24/04/2026,07:08:27,34,PET Eng. Elétrica,IFPB-VISITANTE,84:F1:47:54:7F:22,-71,11
24/04/2026,07:08:27,34,PET Eng. Elétrica,IFPB-Sala_Professor_14,48:51:CF:81:B0:9E,-72,8
24/04/2026,07:08:27,34,PET Eng. Elétrica,SALA_MESTRADO,64:66:B3:62:EB:86,-73,1
24/04/2026,07:08:27,34,PET Eng. Elétrica,GPDS,00:26:5A:66:55:EF,-73,6
24/04/2026,07:08:28,34,PET Eng. Elétrica,NUNYA_Room_2.4GHz,CC:32:E5:0C:FC:2B,-73,9
24/04/2026,07:08:28,34,PET Eng. Elétrica,TP-Link_1324,7C:F1:7E:8D:13:22,-73,10
24/04/2026,07:08:28,34,PET Eng. Elétrica,IFPB-Sala_13,E8:94:F6:B9:2F:46,-74,6
24/04/2026,07:08:28,34,PET Eng. Elétrica,UA2-MiniLab,60:32:B1:2D:66:C3,-74,10
24/04/2026,07:08:28,34,PET Eng. Elétrica,IFPB,84:F1:47:54:95:E0,-74,11
24/04/2026,07:08:28,34,PET Eng. Elétrica,IFPB-VISITANTE,84:F1:47:54:95:E2,-74,11
24/04/2026,07:08:28,34,PET Eng. Elétrica,IFPB-VISITANTE,84:F1:47:54:96:E2,-79,1
24/04/2026,07:08:28,34,PET Eng. Elétrica,IFPB TCC,D8:5D:4C:86:7E:66,-80,1
24/04/2026,07:08:28,34,PET Eng. Elétrica,IFPB,84:F1:47:54:96:E0,-80,1
24/04/2026,07:08:28,34,PET Eng. Elétrica,IFPB,E4:4E:2D:85:4C:60,-82,11
24/04/2026,07:08:28,34,PET Eng. Elétrica,IFPB-VISITANTE,E4:4E:2D:85:4C:62,-82,11
24/04/2026,07:08:28,34,PET Eng. Elétrica,IFPB,84:F1:47:54:FD:C0,-83,1
24/04/2026,07:08:28,34,PET Eng. Elétrica,IFPB-VISITANTE,84:F1:47:54:FD:C2,-84,1
24/04/2026,07:08:28,34,PET Eng. Elétrica,EBEF98EB-HE8D94xvZh1AO1J,44:D2:44:DD:32:41,-85,11
24/04/2026,07:08:28,34,PET Eng. Elétrica,IFPB,84:F1:47:54:71:00,-88,1
24/04/2026,07:08:28,34,PET Eng. Elétrica,NPEF/NEPA,50:C7:BF:EF:56:8A,-88,3
24/04/2026,07:08:28,34,PET Eng. Elétrica,IFPB,84:F1:47:54:F9:80,-89,11
24/04/2026,07:08:28,34,PET Eng. Elétrica,IFPB-VISITANTE,84:F1:47:54:F9:82,-89,11
24/04/2026,07:08:28,34,PET Eng. Elétrica,Lab Redes Convergentes,64:70:02:99:FE:F4,-92,1
24/04/2026,07:08:28,34,PET Eng. Elétrica,Grel Wifi,00:27:19:CA:71:D2,-92,11
24/04/2026,07:08:38,35,PET Eng. Elétrica,TP-Link_C3CB,D8:0D:17:3E:C3:CB,-59,4
24/04/2026,07:08:38,35,PET Eng. Elétrica,Lab. de Sinais Digitais,18:D6:C7:F9:37:2F,-62,11
24/04/2026,07:08:38,35,PET Eng. Elétrica,IFPB-Sala_Professor_14,24:FD:0D:57:19:26,-64,5
24/04/2026,07:08:38,35,PET Eng. Elétrica,APTelefonia,58:10:8C:91:F3:AA,-65,1
24/04/2026,07:08:38,35,PET Eng. Elétrica,Intelbras,18:0D:2C:7F:EB:AC,-71,7
24/04/2026,07:08:38,35,PET Eng. Elétrica,UA2-MiniLab,60:32:B1:2D:66:C3,-71,10
24/04/2026,07:08:38,35,PET Eng. Elétrica,TP-Link_1324,7C:F1:7E:8D:13:22,-72,10
24/04/2026,07:08:38,35,PET Eng. Elétrica,IFPB,84:F1:47:54:7F:20,-72,11
24/04/2026,07:08:38,35,PET Eng. Elétrica,IFPB-VISITANTE,84:F1:47:54:7F:22,-72,11
24/04/2026,07:08:38,35,PET Eng. Elétrica,GPDS,00:26:5A:66:55:EF,-73,6
24/04/2026,07:08:38,35,PET Eng. Elétrica,IFPB-Sala_Professor_14,48:51:CF:81:B0:9E,-74,8
24/04/2026,07:08:38,35,PET Eng. Elétrica,NUNYA_Room_2.4GHz,CC:32:E5:0C:FC:2B,-74,9
24/04/2026,07:08:38,35,PET Eng. Elétrica,IFPB-VISITANTE,84:F1:47:54:FD:C2,-77,1
24/04/2026,07:08:38,35,PET Eng. Elétrica,IFPB,84:F1:47:54:FD:C0,-77,1
24/04/2026,07:08:38,35,PET Eng. Elétrica,IFPB-VISITANTE,84:F1:47:54:95:E2,-77,11
24/04/2026,07:08:38,35,PET Eng. Elétrica,IFPB,84:F1:47:54:95:E0,-78,11
24/04/2026,07:08:38,35,PET Eng. Elétrica,SALA_MESTRADO,64:66:B3:62:EB:86,-79,1
24/04/2026,07:08:38,35,PET Eng. Elétrica,IFPB,84:F1:47:54:96:E0,-79,1
24/04/2026,07:08:38,35,PET Eng. Elétrica,IFPB TCC,D8:5D:4C:86:7E:66,-80,1
24/04/2026,07:08:38,35,PET Eng. Elétrica,IFPB-VISITANTE,84:F1:47:54:96:E2,-80,1
24/04/2026,07:08:38,35,PET Eng. Elétrica,IFPB-VISITANTE,E4:4E:2D:85:4C:62,-80,11
24/04/2026,07:08:38,35,PET Eng. Elétrica,IFPB,E4:4E:2D:85:4C:60,-82,11
24/04/2026,07:08:38,35,PET Eng. Elétrica,IFPB,84:F1:47:54:F9:80,-84,11
24/04/2026,07:08:38,35,PET Eng. Elétrica,IFPB-VISITANTE,84:F1:47:54:F9:82,-85,11
24/04/2026,07:08:38,35,PET Eng. Elétrica,IFPB,84:F1:47:54:71:00,-86,1
24/04/2026,07:08:38,35,PET Eng. Elétrica,IFPB-VISITANTE,84:F1:47:54:71:02,-86,1
24/04/2026,07:08:38,35,PET Eng. Elétrica,IFPB-Sala_13,E8:94:F6:B9:2F:46,-87,6
24/04/2026,07:08:38,35,PET Eng. Elétrica,EBEF98EB-HE8D94xvZh1AO1J,44:D2:44:DD:32:41,-88,11
24/04/2026,07:08:38,35,PET Eng. Elétrica,Lab Redes Convergentes,64:70:02:99:FE:F4,-89,1
24/04/2026,07:08:38,35,PET Eng. Elétrica,NPEF/NEPA,50:C7:BF:EF:56:8A,-91,3
24/04/2026,07:08:48,36,PET Eng. Elétrica,TP-Link_C3CB,D8:0D:17:3E:C3:CB,-59,4
24/04/2026,07:08:48,36,PET Eng. Elétrica,APTelefonia,58:10:8C:91:F3:AA,-62,1
24/04/2026,07:08:48,36,PET Eng. Elétrica,GPDS,00:26:5A:66:55:EF,-65,6
24/04/2026,07:08:48,36,PET Eng. Elétrica,Lab. de Sinais Digitais,18:D6:C7:F9:37:2F,-65,11
24/04/2026,07:08:48,36,PET Eng. Elétrica,IFPB-Sala_Professor_14,24:FD:0D:57:19:26,-68,5
24/04/2026,07:08:48,36,PET Eng. Elétrica,Intelbras,18:0D:2C:7F:EB:AC,-68,7
24/04/2026,07:08:48,36,PET Eng. Elétrica,IFPB-Sala_Professor_14,48:51:CF:81:B0:9E,-70,8
24/04/2026,07:08:48,36,PET Eng. Elétrica,IFPB-Sala_13,E8:94:F6:B9:2F:46,-71,6
24/04/2026,07:08:48,36,PET Eng. Elétrica,TP-Link_1324,7C:F1:7E:8D:13:22,-73,10
24/04/2026,07:08:48,36,PET Eng. Elétrica,IFPB,84:F1:47:54:7F:20,-74,11
24/04/2026,07:08:48,36,PET Eng. Elétrica,IFPB-VISITANTE,84:F1:47:54:7F:22,-74,11
24/04/2026,07:08:48,36,PET Eng. Elétrica,IFPB,84:F1:47:54:FD:C0,-75,1
24/04/2026,07:08:48,36,PET Eng. Elétrica,IFPB-VISITANTE,84:F1:47:54:FD:C2,-75,1
24/04/2026,07:08:48,36,PET Eng. Elétrica,NUNYA_Room_2.4GHz,CC:32:E5:0C:FC:2B,-75,9
24/04/2026,07:08:48,36,PET Eng. Elétrica,UA2-MiniLab,60:32:B1:2D:66:C3,-76,10
24/04/2026,07:08:48,36,PET Eng. Elétrica,IFPB,84:F1:47:54:96:E0,-79,1
24/04/2026,07:08:48,36,PET Eng. Elétrica,IFPB-VISITANTE,84:F1:47:54:96:E2,-79,1
24/04/2026,07:08:48,36,PET Eng. Elétrica,SALA_MESTRADO,64:66:B3:62:EB:86,-82,1
24/04/2026,07:08:48,36,PET Eng. Elétrica,IFPB TCC,D8:5D:4C:86:7E:66,-82,1
24/04/2026,07:08:48,36,PET Eng. Elétrica,IFPB,84:F1:47:54:F9:80,-82,11
24/04/2026,07:08:48,36,PET Eng. Elétrica,IFPB-VISITANTE,84:F1:47:54:F9:82,-82,11
24/04/2026,07:08:48,36,PET Eng. Elétrica,IFPB-VISITANTE,84:F1:47:54:95:E2,-85,11
24/04/2026,07:08:48,36,PET Eng. Elétrica,IFPB,84:F1:47:54:95:E0,-85,11
24/04/2026,07:08:48,36,PET Eng. Elétrica,IFPB-VISITANTE,E4:4E:2D:85:4C:62,-87,11
24/04/2026,07:08:48,36,PET Eng. Elétrica,IFPB,84:F1:47:54:71:00,-88,1
24/04/2026,07:08:48,36,PET Eng. Elétrica,IFPB-VISITANTE,84:F1:47:54:71:02,-88,1
24/04/2026,07:08:48,36,PET Eng. Elétrica,EBEF98EB-HE8D94xvZh1AO1J,44:D2:44:DD:32:41,-89,11
24/04/2026,07:08:48,36,PET Eng. Elétrica,IFPB,E4:4E:2D:85:4C:60,-89,11
24/04/2026,07:08:48,36,PET Eng. Elétrica,Lab Redes Convergentes,64:70:02:99:FE:F4,-90,1
24/04/2026,07:08:48,36,PET Eng. Elétrica,NPEF/NEPA,50:C7:BF:EF:56:8A,-93,3
24/04/2026,07:08:58,37,PET Eng. Elétrica,TP-Link_C3CB,D8:0D:17:3E:C3:CB,-60,4
24/04/2026,07:08:58,37,PET Eng. Elétrica,APTelefonia,58:10:8C:91:F3:AA,-62,1
24/04/2026,07:08:58,37,PET Eng. Elétrica,Lab. de Sinais Digitais,18:D6:C7:F9:37:2F,-63,11
24/04/2026,07:08:58,37,PET Eng. Elétrica,GPDS,00:26:5A:66:55:EF,-65,6
24/04/2026,07:08:58,37,PET Eng. Elétrica,Intelbras,18:0D:2C:7F:EB:AC,-67,7
24/04/2026,07:08:58,37,PET Eng. Elétrica,IFPB-Sala_Professor_14,48:51:CF:81:B0:9E,-67,8
24/04/2026,07:08:58,37,PET Eng. Elétrica,IFPB-Sala_Professor_14,24:FD:0D:57:19:26,-68,5
24/04/2026,07:08:58,37,PET Eng. Elétrica,NUNYA_Room_2.4GHz,CC:32:E5:0C:FC:2B,-72,9
24/04/2026,07:08:58,37,PET Eng. Elétrica,IFPB-Sala_13,E8:94:F6:B9:2F:46,-73,6
24/04/2026,07:08:58,37,PET Eng. Elétrica,TP-Link_1324,7C:F1:7E:8D:13:22,-73,10
24/04/2026,07:08:58,37,PET Eng. Elétrica,IFPB,84:F1:47:54:7F:20,-74,11
24/04/2026,07:08:58,37,PET Eng. Elétrica,IFPB-VISITANTE,84:F1:47:54:7F:22,-74,11
24/04/2026,07:08:58,37,PET Eng. Elétrica,IFPB,84:F1:47:54:FD:C0,-76,1
24/04/2026,07:08:58,37,PET Eng. Elétrica,IFPB-VISITANTE,84:F1:47:54:FD:C2,-76,1
24/04/2026,07:08:58,37,PET Eng. Elétrica,SALA_MESTRADO,64:66:B3:62:EB:86,-80,1
24/04/2026,07:08:58,37,PET Eng. Elétrica,UA2-MiniLab,60:32:B1:2D:66:C3,-80,10
24/04/2026,07:08:58,37,PET Eng. Elétrica,IFPB,84:F1:47:54:F9:80,-80,11
24/04/2026,07:08:58,37,PET Eng. Elétrica,IFPB-VISITANTE,84:F1:47:54:F9:82,-80,11
24/04/2026,07:08:58,37,PET Eng. Elétrica,IFPB TCC,D8:5D:4C:86:7E:66,-82,1
24/04/2026,07:08:58,37,PET Eng. Elétrica,IFPB,84:F1:47:54:96:E0,-85,1
24/04/2026,07:08:58,37,PET Eng. Elétrica,IFPB-VISITANTE,84:F1:47:54:96:E2,-85,1
24/04/2026,07:08:58,37,PET Eng. Elétrica,IFPB,84:F1:47:54:95:E0,-86,11
24/04/2026,07:08:59,37,PET Eng. Elétrica,IFPB-VISITANTE,84:F1:47:54:95:E2,-86,11
24/04/2026,07:08:59,37,PET Eng. Elétrica,IFPB-VISITANTE,84:F1:47:54:71:02,-87,1
24/04/2026,07:08:59,37,PET Eng. Elétrica,IFPB,E4:4E:2D:85:4C:60,-87,11
24/04/2026,07:08:59,37,PET Eng. Elétrica,IFPB-VISITANTE,E4:4E:2D:85:4C:62,-87,11
24/04/2026,07:08:59,37,PET Eng. Elétrica,IFPB,84:F1:47:54:71:00,-89,1
24/04/2026,07:08:59,37,PET Eng. Elétrica,Lab Redes Convergentes,64:70:02:99:FE:F4,-91,1
24/04/2026,07:08:59,37,PET Eng. Elétrica,EBEF98EB-HE8D94xvZh1AO1J,44:D2:44:DD:32:41,-91,11
24/04/2026,07:08:59,37,PET Eng. Elétrica,NPEF/NEPA,50:C7:BF:EF:56:8A,-95,3
24/04/2026,07:09:08,38,PET Eng. Elétrica,APTelefonia,58:10:8C:91:F3:AA,-58,1
24/04/2026,07:09:08,38,PET Eng. Elétrica,TP-Link_C3CB,D8:0D:17:3E:C3:CB,-61,4
24/04/2026,07:09:08,38,PET Eng. Elétrica,Lab. de Sinais Digitais,18:D6:C7:F9:37:2F,-61,11
24/04/2026,07:09:08,38,PET Eng. Elétrica,GPDS,00:26:5A:66:55:EF,-64,6
24/04/2026,07:09:08,38,PET Eng. Elétrica,IFPB-Sala_Professor_14,24:FD:0D:57:19:26,-65,5
24/04/2026,07:09:08,38,PET Eng. Elétrica,IFPB-Sala_Professor_14,48:51:CF:81:B0:9E,-67,8
24/04/2026,07:09:08,38,PET Eng. Elétrica,Intelbras,18:0D:2C:7F:EB:AC,-69,7
24/04/2026,07:09:08,38,PET Eng. Elétrica,TP-Link_1324,7C:F1:7E:8D:13:22,-70,10
24/04/2026,07:09:08,38,PET Eng. Elétrica,IFPB-Sala_13,E8:94:F6:B9:2F:46,-72,6
24/04/2026,07:09:08,38,PET Eng. Elétrica,IFPB,84:F1:47:54:7F:20,-72,11
24/04/2026,07:09:09,38,PET Eng. Elétrica,IFPB-VISITANTE,84:F1:47:54:7F:22,-72,11
24/04/2026,07:09:09,38,PET Eng. Elétrica,IFPB,84:F1:47:54:FD:C0,-76,1
24/04/2026,07:09:09,38,PET Eng. Elétrica,IFPB-VISITANTE,84:F1:47:54:FD:C2,-76,1
24/04/2026,07:09:09,38,PET Eng. Elétrica,UA2-MiniLab,60:32:B1:2D:66:C3,-77,10
24/04/2026,07:09:09,38,PET Eng. Elétrica,NUNYA_Room_2.4GHz,CC:32:E5:0C:FC:2B,-78,9
24/04/2026,07:09:09,38,PET Eng. Elétrica,SALA_MESTRADO,64:66:B3:62:EB:86,-79,1
24/04/2026,07:09:09,38,PET Eng. Elétrica,IFPB,84:F1:47:54:F9:80,-79,11
24/04/2026,07:09:09,38,PET Eng. Elétrica,IFPB-VISITANTE,84:F1:47:54:F9:82,-79,11
24/04/2026,07:09:09,38,PET Eng. Elétrica,IFPB,84:F1:47:54:95:E0,-80,11
24/04/2026,07:09:09,38,PET Eng. Elétrica,IFPB-VISITANTE,84:F1:47:54:95:E2,-80,11
24/04/2026,07:09:09,38,PET Eng. Elétrica,IFPB TCC,D8:5D:4C:86:7E:66,-81,1
24/04/2026,07:09:09,38,PET Eng. Elétrica,IFPB,E4:4E:2D:85:4C:60,-83,11
24/04/2026,07:09:09,38,PET Eng. Elétrica,IFPB-VISITANTE,E4:4E:2D:85:4C:62,-83,11
24/04/2026,07:09:09,38,PET Eng. Elétrica,IFPB-VISITANTE,84:F1:47:54:96:E2,-84,1
24/04/2026,07:09:09,38,PET Eng. Elétrica,IFPB,84:F1:47:54:96:E0,-86,1
24/04/2026,07:09:09,38,PET Eng. Elétrica,IFPB-VISITANTE,B8:11:4B:1D:14:82,-86,6
24/04/2026,07:09:09,38,PET Eng. Elétrica,IFPB-VISITANTE,84:F1:47:54:71:02,-87,1
24/04/2026,07:09:09,38,PET Eng. Elétrica,IFPB,84:F1:47:54:71:00,-88,1
24/04/2026,07:09:09,38,PET Eng. Elétrica,Lab Redes Convergentes,64:70:02:99:FE:F4,-91,1
24/04/2026,07:09:09,38,PET Eng. Elétrica,EBEF98EB-HE8D94xvZh1AO1J,44:D2:44:DD:32:41,-93,11
24/04/2026,07:09:09,38,PET Eng. Elétrica,NPEF/NEPA,50:C7:BF:EF:56:8A,-96,3
24/04/2026,07:09:19,39,PET Eng. Elétrica,APTelefonia,58:10:8C:91:F3:AA,-61,1
24/04/2026,07:09:19,39,PET Eng. Elétrica,TP-Link_C3CB,D8:0D:17:3E:C3:CB,-61,4
24/04/2026,07:09:19,39,PET Eng. Elétrica,GPDS,00:26:5A:66:55:EF,-64,6
24/04/2026,07:09:19,39,PET Eng. Elétrica,Lab. de Sinais Digitais,18:D6:C7:F9:37:2F,-64,11
24/04/2026,07:09:19,39,PET Eng. Elétrica,Intelbras,18:0D:2C:7F:EB:AC,-66,7
24/04/2026,07:09:19,39,PET Eng. Elétrica,IFPB-Sala_Professor_14,24:FD:0D:57:19:26,-67,5
24/04/2026,07:09:19,39,PET Eng. Elétrica,IFPB-Sala_13,E8:94:F6:B9:2F:46,-71,6
24/04/2026,07:09:19,39,PET Eng. Elétrica,TP-Link_1324,7C:F1:7E:8D:13:22,-71,10
24/04/2026,07:09:19,39,PET Eng. Elétrica,IFPB-Sala_Professor_14,48:51:CF:81:B0:9E,-72,8
24/04/2026,07:09:19,39,PET Eng. Elétrica,NUNYA_Room_2.4GHz,CC:32:E5:0C:FC:2B,-73,9
24/04/2026,07:09:19,39,PET Eng. Elétrica,UA2-MiniLab,60:32:B1:2D:66:C3,-73,10
24/04/2026,07:09:19,39,PET Eng. Elétrica,IFPB,84:F1:47:54:FD:C0,-75,1
24/04/2026,07:09:19,39,PET Eng. Elétrica,IFPB-VISITANTE,84:F1:47:54:FD:C2,-75,1
24/04/2026,07:09:19,39,PET Eng. Elétrica,IFPB,84:F1:47:54:96:E0,-77,1
24/04/2026,07:09:19,39,PET Eng. Elétrica,IFPB,84:F1:47:54:7F:20,-77,11
24/04/2026,07:09:19,39,PET Eng. Elétrica,IFPB-VISITANTE,84:F1:47:54:7F:22,-77,11
24/04/2026,07:09:19,39,PET Eng. Elétrica,IFPB-VISITANTE,84:F1:47:54:96:E2,-78,1
24/04/2026,07:09:19,39,PET Eng. Elétrica,IFPB TCC,D8:5D:4C:86:7E:66,-79,1
24/04/2026,07:09:19,39,PET Eng. Elétrica,IFPB-VISITANTE,84:F1:47:54:95:E2,-80,11
24/04/2026,07:09:19,39,PET Eng. Elétrica,IFPB,84:F1:47:54:95:E0,-80,11
24/04/2026,07:09:19,39,PET Eng. Elétrica,IFPB,84:F1:47:54:F9:80,-81,11
24/04/2026,07:09:19,39,PET Eng. Elétrica,IFPB-VISITANTE,84:F1:47:54:F9:82,-81,11
24/04/2026,07:09:19,39,PET Eng. Elétrica,IFPB,E4:4E:2D:85:4C:60,-82,11
24/04/2026,07:09:19,39,PET Eng. Elétrica,IFPB-VISITANTE,E4:4E:2D:85:4C:62,-82,11
24/04/2026,07:09:19,39,PET Eng. Elétrica,SALA_MESTRADO,64:66:B3:62:EB:86,-83,1
24/04/2026,07:09:19,39,PET Eng. Elétrica,IFPB,84:F1:47:54:71:00,-88,1
24/04/2026,07:09:19,39,PET Eng. Elétrica,IFPB,B8:11:4B:1D:14:80,-88,6
24/04/2026,07:09:19,39,PET Eng. Elétrica,IFPB-VISITANTE,84:F1:47:54:71:02,-89,1
24/04/2026,07:09:19,39,PET Eng. Elétrica,IFPB-VISITANTE,B8:11:4B:1D:14:82,-89,6
24/04/2026,07:09:19,39,PET Eng. Elétrica,Lab Redes Convergentes,64:70:02:99:FE:F4,-90,1
24/04/2026,07:09:19,39,PET Eng. Elétrica,EBEF98EB-HE8D94xvZh1AO1J,44:D2:44:DD:32:41,-92,11
24/04/2026,07:09:19,39,PET Eng. Elétrica,NPEF/NEPA,50:C7:BF:EF:56:8A,-94,3
24/04/2026,07:09:29,40,PET Eng. Elétrica,APTelefonia,58:10:8C:91:F3:AA,-58,1
24/04/2026,07:09:29,40,PET Eng. Elétrica,TP-Link_C3CB,D8:0D:17:3E:C3:CB,-60,4
24/04/2026,07:09:29,40,PET Eng. Elétrica,Lab. de Sinais Digitais,18:D6:C7:F9:37:2F,-63,11
24/04/2026,07:09:29,40,PET Eng. Elétrica,GPDS,00:26:5A:66:55:EF,-64,6
24/04/2026,07:09:29,40,PET Eng. Elétrica,Intelbras,18:0D:2C:7F:EB:AC,-65,7
24/04/2026,07:09:29,40,PET Eng. Elétrica,IFPB-Sala_Professor_14,24:FD:0D:57:19:26,-66,5
24/04/2026,07:09:29,40,PET Eng. Elétrica,IFPB-Sala_13,E8:94:F6:B9:2F:46,-72,6
24/04/2026,07:09:29,40,PET Eng. Elétrica,TP-Link_1324,7C:F1:7E:8D:13:22,-73,10
24/04/2026,07:09:29,40,PET Eng. Elétrica,UA2-MiniLab,60:32:B1:2D:66:C3,-73,10
24/04/2026,07:09:29,40,PET Eng. Elétrica,NUNYA_Room_2.4GHz,CC:32:E5:0C:FC:2B,-74,9
24/04/2026,07:09:29,40,PET Eng. Elétrica,IFPB,84:F1:47:54:7F:20,-76,11
24/04/2026,07:09:29,40,PET Eng. Elétrica,IFPB-VISITANTE,84:F1:47:54:7F:22,-76,11
24/04/2026,07:09:29,40,PET Eng. Elétrica,IFPB-Sala_Professor_14,48:51:CF:81:B0:9E,-77,8
24/04/2026,07:09:29,40,PET Eng. Elétrica,SALA_MESTRADO,64:66:B3:62:EB:86,-79,1
24/04/2026,07:09:29,40,PET Eng. Elétrica,IFPB,84:F1:47:54:96:E0,-80,1
24/04/2026,07:09:29,40,PET Eng. Elétrica,IFPB-VISITANTE,84:F1:47:54:96:E2,-81,1
24/04/2026,07:09:29,40,PET Eng. Elétrica,IFPB TCC,D8:5D:4C:86:7E:66,-82,1
24/04/2026,07:09:29,40,PET Eng. Elétrica,IFPB-VISITANTE,84:F1:47:54:F9:82,-82,11
24/04/2026,07:09:29,40,PET Eng. Elétrica,IFPB-VISITANTE,84:F1:47:54:FD:C2,-83,1
24/04/2026,07:09:29,40,PET Eng. Elétrica,IFPB-VISITANTE,E4:4E:2D:85:4C:62,-83,11
24/04/2026,07:09:29,40,PET Eng. Elétrica,IFPB,84:F1:47:54:F9:80,-83,11
24/04/2026,07:09:29,40,PET Eng. Elétrica,IFPB,E4:4E:2D:85:4C:60,-83,11
24/04/2026,07:09:29,40,PET Eng. Elétrica,IFPB,84:F1:47:54:FD:C0,-84,1
24/04/2026,07:09:29,40,PET Eng. Elétrica,IFPB-VISITANTE,84:F1:47:54:71:02,-85,1
24/04/2026,07:09:29,40,PET Eng. Elétrica,IFPB,84:F1:47:54:71:00,-86,1
24/04/2026,07:09:29,40,PET Eng. Elétrica,IFPB-VISITANTE,B8:11:4B:1D:14:82,-87,6
24/04/2026,07:09:29,40,PET Eng. Elétrica,IFPB,B8:11:4B:1D:14:80,-88,6
24/04/2026,07:09:29,40,PET Eng. Elétrica,Lab Redes Convergentes,64:70:02:99:FE:F4,-92,1
24/04/2026,07:09:29,40,PET Eng. Elétrica,NPEF/NEPA,50:C7:BF:EF:56:8A,-92,3
24/04/2026,07:09:29,40,PET Eng. Elétrica,EBEF98EB-HE8D94xvZh1AO1J,44:D2:44:DD:32:41,-93,11
24/04/2026,07:09:54,41,Coordenação de Eng. Elétrica,TP-Link_C3CB,D8:0D:17:3E:C3:CB,-50,4
24/04/2026,07:09:54,41,Coordenação de Eng. Elétrica,IFPB,84:F1:47:54:95:E0,-59,11
24/04/2026,07:09:54,41,Coordenação de Eng. Elétrica,IFPB-VISITANTE,84:F1:47:54:95:E2,-59,11
24/04/2026,07:09:54,41,Coordenação de Eng. Elétrica,NUNYA_Room_2.4GHz,CC:32:E5:0C:FC:2B,-60,9
24/04/2026,07:09:54,41,Coordenação de Eng. Elétrica,Lab. de Sinais Digitais,18:D6:C7:F9:37:2F,-63,11
24/04/2026,07:09:54,41,Coordenação de Eng. Elétrica,IFPB-Sala_Professor_14,48:51:CF:81:B0:9E,-66,8
24/04/2026,07:09:54,41,Coordenação de Eng. Elétrica,APTelefonia,58:10:8C:91:F3:AA,-69,1
24/04/2026,07:09:54,41,Coordenação de Eng. Elétrica,SALA_MESTRADO,64:66:B3:62:EB:86,-72,1
24/04/2026,07:09:54,41,Coordenação de Eng. Elétrica,GPDS,00:26:5A:66:55:EF,-73,6
24/04/2026,07:09:54,41,Coordenação de Eng. Elétrica,UA2-MiniLab,60:32:B1:2D:66:C3,-73,10
24/04/2026,07:09:54,41,Coordenação de Eng. Elétrica,IFPB-Sala_Professor_14,24:FD:0D:57:19:26,-74,5
24/04/2026,07:09:54,41,Coordenação de Eng. Elétrica,IFPB-Sala_13,E8:94:F6:B9:2F:46,-77,6
24/04/2026,07:09:54,41,Coordenação de Eng. Elétrica,IFPB-VISITANTE,84:F1:47:54:F9:82,-78,11
24/04/2026,07:09:54,41,Coordenação de Eng. Elétrica,IFPB,84:F1:47:54:F9:80,-79,11
24/04/2026,07:09:54,41,Coordenação de Eng. Elétrica,IFPB TCC,D8:5D:4C:86:7E:66,-80,1
24/04/2026,07:09:54,41,Coordenação de Eng. Elétrica,Intelbras,18:0D:2C:7F:EB:AC,-80,7
24/04/2026,07:09:54,41,Coordenação de Eng. Elétrica,IFPB-VISITANTE,B8:11:4B:1D:14:82,-84,6
24/04/2026,07:09:54,41,Coordenação de Eng. Elétrica,IFPB,84:F1:47:54:FD:C0,-85,1
24/04/2026,07:09:54,41,Coordenação de Eng. Elétrica,IFPB-VISITANTE,84:F1:47:54:FD:C2,-85,1
24/04/2026,07:09:54,41,Coordenação de Eng. Elétrica,IFPB,B8:11:4B:1D:14:80,-85,6
24/04/2026,07:09:54,41,Coordenação de Eng. Elétrica,EBEF98EB-HE8D94xvZh1AO1J,44:D2:44:DD:32:41,-85,11
24/04/2026,07:09:54,41,Coordenação de Eng. Elétrica,TP-Link_1324,7C:F1:7E:8D:13:22,-86,10
24/04/2026,07:09:54,41,Coordenação de Eng. Elétrica,IFPB-VISITANTE,84:F1:47:54:71:02,-88,1
24/04/2026,07:09:54,41,Coordenação de Eng. Elétrica,IFPB,84:F1:47:54:71:00,-88,1
24/04/2026,07:09:54,41,Coordenação de Eng. Elétrica,IFPB-VISITANTE,84:F1:47:54:EB:22,-89,6
24/04/2026,07:09:54,41,Coordenação de Eng. Elétrica,IFPB,E4:4E:2D:85:4C:60,-90,11
24/04/2026,07:09:54,41,Coordenação de Eng. Elétrica,NPEF/NEPA,50:C7:BF:EF:56:8A,-92,3
24/04/2026,07:09:54,41,Coordenação de Eng. Elétrica,IFPB-VISITANTE,E4:4E:2D:85:4C:62,-92,11
24/04/2026,07:10:04,42,Coordenação de Eng. Elétrica,TP-Link_C3CB,D8:0D:17:3E:C3:CB,-51,4
24/04/2026,07:10:04,42,Coordenação de Eng. Elétrica,IFPB,84:F1:47:54:95:E0,-54,11
24/04/2026,07:10:04,42,Coordenação de Eng. Elétrica,IFPB-VISITANTE,84:F1:47:54:95:E2,-54,11
24/04/2026,07:10:04,42,Coordenação de Eng. Elétrica,IFPB-Sala_Professor_14,48:51:CF:81:B0:9E,-62,8
24/04/2026,07:10:04,42,Coordenação de Eng. Elétrica,NUNYA_Room_2.4GHz,CC:32:E5:0C:FC:2B,-64,9
24/04/2026,07:10:04,42,Coordenação de Eng. Elétrica,Lab. de Sinais Digitais,18:D6:C7:F9:37:2F,-66,11
24/04/2026,07:10:04,42,Coordenação de Eng. Elétrica,IFPB-Sala_Professor_14,24:FD:0D:57:19:26,-68,5
24/04/2026,07:10:04,42,Coordenação de Eng. Elétrica,APTelefonia,58:10:8C:91:F3:AA,-69,1
24/04/2026,07:10:04,42,Coordenação de Eng. Elétrica,GPDS,00:26:5A:66:55:EF,-75,6
24/04/2026,07:10:04,42,Coordenação de Eng. Elétrica,SALA_MESTRADO,64:66:B3:62:EB:86,-77,1
24/04/2026,07:10:04,42,Coordenação de Eng. Elétrica,IFPB,84:F1:47:54:F9:80,-79,11
24/04/2026,07:10:04,42,Coordenação de Eng. Elétrica,IFPB-VISITANTE,84:F1:47:54:F9:82,-79,11
24/04/2026,07:10:04,42,Coordenação de Eng. Elétrica,IFPB TCC,D8:5D:4C:86:7E:66,-81,1
24/04/2026,07:10:04,42,Coordenação de Eng. Elétrica,IFPB-Sala_13,E8:94:F6:B9:2F:46,-81,6
24/04/2026,07:10:04,42,Coordenação de Eng. Elétrica,UA2-MiniLab,60:32:B1:2D:66:C3,-82,10
24/04/2026,07:10:04,42,Coordenação de Eng. Elétrica,IFPB,B8:11:4B:1D:14:80,-85,6
24/04/2026,07:10:04,42,Coordenação de Eng. Elétrica,IFPB-VISITANTE,B8:11:4B:1D:14:82,-85,6
24/04/2026,07:10:04,42,Coordenação de Eng. Elétrica,IFPB-VISITANTE,84:F1:47:54:FD:C2,-86,1
24/04/2026,07:10:04,42,Coordenação de Eng. Elétrica,IFPB,84:F1:47:54:FD:C0,-86,1
24/04/2026,07:10:04,42,Coordenação de Eng. Elétrica,Intelbras,18:0D:2C:7F:EB:AC,-86,7
24/04/2026,07:10:04,42,Coordenação de Eng. Elétrica,IFPB-VISITANTE,84:F1:47:54:7F:22,-86,11
24/04/2026,07:10:04,42,Coordenação de Eng. Elétrica,Grel Wifi,00:27:19:CA:71:D2,-87,11
24/04/2026,07:10:04,42,Coordenação de Eng. Elétrica,IFPB,24:36:DA:2B:5E:C0,-88,1
24/04/2026,07:10:04,42,Coordenação de Eng. Elétrica,IFPB-VISITANTE,24:36:DA:2B:5E:C2,-90,1
24/04/2026,07:10:04,42,Coordenação de Eng. Elétrica,TP-Link_1324,7C:F1:7E:8D:13:22,-90,10
24/04/2026,07:10:04,42,Coordenação de Eng. Elétrica,NPEF/NEPA,50:C7:BF:EF:56:8A,-93,3
24/04/2026,07:10:04,42,Coordenação de Eng. Elétrica,EBEF98EB-HE8D94xvZh1AO1J,44:D2:44:DD:32:41,-94,11
24/04/2026,07:10:14,43,Coordenação de Eng. Elétrica,TP-Link_C3CB,D8:0D:17:3E:C3:CB,-54,4
24/04/2026,07:10:14,43,Coordenação de Eng. Elétrica,IFPB-VISITANTE,84:F1:47:54:95:E2,-57,11
24/04/2026,07:10:14,43,Coordenação de Eng. Elétrica,IFPB,84:F1:47:54:95:E0,-58,11
24/04/2026,07:10:14,43,Coordenação de Eng. Elétrica,NUNYA_Room_2.4GHz,CC:32:E5:0C:FC:2B,-62,9
24/04/2026,07:10:14,43,Coordenação de Eng. Elétrica,IFPB-Sala_Professor_14,24:FD:0D:57:19:26,-66,5
24/04/2026,07:10:14,43,Coordenação de Eng. Elétrica,Lab. de Sinais Digitais,18:D6:C7:F9:37:2F,-66,11
24/04/2026,07:10:14,43,Coordenação de Eng. Elétrica,IFPB-Sala_Professor_14,48:51:CF:81:B0:9E,-67,8
24/04/2026,07:10:14,43,Coordenação de Eng. Elétrica,APTelefonia,58:10:8C:91:F3:AA,-72,1
24/04/2026,07:10:14,43,Coordenação de Eng. Elétrica,GPDS,00:26:5A:66:55:EF,-72,6
24/04/2026,07:10:14,43,Coordenação de Eng. Elétrica,UA2-MiniLab,60:32:B1:2D:66:C3,-75,10
24/04/2026,07:10:14,43,Coordenação de Eng. Elétrica,IFPB-Sala_13,E8:94:F6:B9:2F:46,-77,6
24/04/2026,07:10:14,43,Coordenação de Eng. Elétrica,SALA_MESTRADO,64:66:B3:62:EB:86,-79,1
24/04/2026,07:10:14,43,Coordenação de Eng. Elétrica,IFPB-VISITANTE,84:F1:47:54:F9:82,-79,11
24/04/2026,07:10:14,43,Coordenação de Eng. Elétrica,IFPB,84:F1:47:54:F9:80,-80,11
24/04/2026,07:10:14,43,Coordenação de Eng. Elétrica,NPEF/NEPA,50:C7:BF:EF:56:8A,-81,3
24/04/2026,07:10:14,43,Coordenação de Eng. Elétrica,Intelbras,18:0D:2C:7F:EB:AC,-81,7
24/04/2026,07:10:14,43,Coordenação de Eng. Elétrica,IFPB,84:F1:47:54:7F:20,-85,11
24/04/2026,07:10:14,43,Coordenação de Eng. Elétrica,IFPB TCC,D8:5D:4C:86:7E:66,-86,1
24/04/2026,07:10:14,43,Coordenação de Eng. Elétrica,IFPB,B8:11:4B:1D:14:80,-86,6
24/04/2026,07:10:14,43,Coordenação de Eng. Elétrica,IFPB,84:F1:47:54:FD:C0,-87,1
24/04/2026,07:10:14,43,Coordenação de Eng. Elétrica,IFPB-VISITANTE,84:F1:47:54:FD:C2,-88,1
24/04/2026,07:10:14,43,Coordenação de Eng. Elétrica,Grel Wifi,00:27:19:CA:71:D2,-88,11
24/04/2026,07:10:14,43,Coordenação de Eng. Elétrica,EBEF98EB-HE8D94xvZh1AO1J,44:D2:44:DD:32:41,-89,11
24/04/2026,07:10:14,43,Coordenação de Eng. Elétrica,IFPB-VISITANTE,24:36:DA:2B:5E:C2,-90,1
24/04/2026,07:10:14,43,Coordenação de Eng. Elétrica,TP-Link_1324,7C:F1:7E:8D:13:22,-90,10
24/04/2026,07:10:24,44,Coordenação de Eng. Elétrica,TP-Link_C3CB,D8:0D:17:3E:C3:CB,-56,4
24/04/2026,07:10:24,44,Coordenação de Eng. Elétrica,IFPB,84:F1:47:54:95:E0,-59,11
24/04/2026,07:10:24,44,Coordenação de Eng. Elétrica,IFPB-VISITANTE,84:F1:47:54:95:E2,-59,11
24/04/2026,07:10:24,44,Coordenação de Eng. Elétrica,NUNYA_Room_2.4GHz,CC:32:E5:0C:FC:2B,-63,9
24/04/2026,07:10:24,44,Coordenação de Eng. Elétrica,IFPB-Sala_Professor_14,24:FD:0D:57:19:26,-65,5
24/04/2026,07:10:24,44,Coordenação de Eng. Elétrica,Lab. de Sinais Digitais,18:D6:C7:F9:37:2F,-66,11
24/04/2026,07:10:24,44,Coordenação de Eng. Elétrica,GPDS,00:26:5A:66:55:EF,-68,6
24/04/2026,07:10:24,44,Coordenação de Eng. Elétrica,IFPB-Sala_Professor_14,48:51:CF:81:B0:9E,-69,8
24/04/2026,07:10:24,44,Coordenação de Eng. Elétrica,APTelefonia,58:10:8C:91:F3:AA,-71,1
24/04/2026,07:10:24,44,Coordenação de Eng. Elétrica,SALA_MESTRADO,64:66:B3:62:EB:86,-77,1
24/04/2026,07:10:24,44,Coordenação de Eng. Elétrica,UA2-MiniLab,60:32:B1:2D:66:C3,-77,10
24/04/2026,07:10:24,44,Coordenação de Eng. Elétrica,Intelbras,18:0D:2C:7F:EB:AC,-78,7
24/04/2026,07:10:24,44,Coordenação de Eng. Elétrica,IFPB,84:F1:47:54:F9:80,-79,11
24/04/2026,07:10:24,44,Coordenação de Eng. Elétrica,IFPB-VISITANTE,84:F1:47:54:F9:82,-80,11
24/04/2026,07:10:24,44,Coordenação de Eng. Elétrica,NPEF/NEPA,50:C7:BF:EF:56:8A,-82,3
24/04/2026,07:10:24,44,Coordenação de Eng. Elétrica,IFPB-Sala_13,E8:94:F6:B9:2F:46,-82,6
24/04/2026,07:10:24,44,Coordenação de Eng. Elétrica,IFPB,84:F1:47:54:7F:20,-83,11
24/04/2026,07:10:24,44,Coordenação de Eng. Elétrica,IFPB,B8:11:4B:1D:14:80,-84,6
24/04/2026,07:10:24,44,Coordenação de Eng. Elétrica,IFPB-VISITANTE,B8:11:4B:1D:14:82,-84,6
24/04/2026,07:10:24,44,Coordenação de Eng. Elétrica,IFPB-VISITANTE,84:F1:47:54:7F:22,-84,11
24/04/2026,07:10:24,44,Coordenação de Eng. Elétrica,IFPB TCC,D8:5D:4C:86:7E:66,-85,1
24/04/2026,07:10:24,44,Coordenação de Eng. Elétrica,IFPB,84:F1:47:54:FD:C0,-87,1
24/04/2026,07:10:25,44,Coordenação de Eng. Elétrica,IFPB-VISITANTE,84:F1:47:54:FD:C2,-87,1
24/04/2026,07:10:25,44,Coordenação de Eng. Elétrica,IFPB,24:36:DA:2B:5E:C0,-88,1
24/04/2026,07:10:25,44,Coordenação de Eng. Elétrica,IFPB-VISITANTE,24:36:DA:2B:5E:C2,-89,1
24/04/2026,07:10:25,44,Coordenação de Eng. Elétrica,TP-Link_1324,7C:F1:7E:8D:13:22,-89,10
24/04/2026,07:10:25,44,Coordenação de Eng. Elétrica,IFPB,84:F1:47:54:EB:20,-90,6
24/04/2026,07:10:25,44,Coordenação de Eng. Elétrica,EBEF98EB-HE8D94xvZh1AO1J,44:D2:44:DD:32:41,-90,11
24/04/2026,07:10:25,44,Coordenação de Eng. Elétrica,Grel Wifi,00:27:19:CA:71:D2,-92,11
24/04/2026,07:10:25,44,Coordenação de Eng. Elétrica,EBF243D6-HE8D94yaFM1AOcS,44:D2:44:DD:32:49,-95,11
24/04/2026,07:10:34,45,Coordenação de Eng. Elétrica,TP-Link_C3CB,D8:0D:17:3E:C3:CB,-56,4
24/04/2026,07:10:34,45,Coordenação de Eng. Elétrica,IFPB,84:F1:47:54:95:E0,-57,11
24/04/2026,07:10:34,45,Coordenação de Eng. Elétrica,IFPB-VISITANTE,84:F1:47:54:95:E2,-58,11
24/04/2026,07:10:34,45,Coordenação de Eng. Elétrica,IFPB-Sala_Professor_14,48:51:CF:81:B0:9E,-61,8
24/04/2026,07:10:34,45,Coordenação de Eng. Elétrica,NUNYA_Room_2.4GHz,CC:32:E5:0C:FC:2B,-65,9
24/04/2026,07:10:34,45,Coordenação de Eng. Elétrica,Lab. de Sinais Digitais,18:D6:C7:F9:37:2F,-66,11
24/04/2026,07:10:34,45,Coordenação de Eng. Elétrica,IFPB-Sala_Professor_14,24:FD:0D:57:19:26,-67,5
24/04/2026,07:10:34,45,Coordenação de Eng. Elétrica,APTelefonia,58:10:8C:91:F3:AA,-69,1
24/04/2026,07:10:34,45,Coordenação de Eng. Elétrica,GPDS,00:26:5A:66:55:EF,-71,6
24/04/2026,07:10:34,45,Coordenação de Eng. Elétrica,UA2-MiniLab,60:32:B1:2D:66:C3,-72,10
24/04/2026,07:10:35,45,Coordenação de Eng. Elétrica,IFPB,84:F1:47:54:F9:80,-78,11
24/04/2026,07:10:35,45,Coordenação de Eng. Elétrica,IFPB-VISITANTE,84:F1:47:54:F9:82,-79,11
24/04/2026,07:10:35,45,Coordenação de Eng. Elétrica,NPEF/NEPA,50:C7:BF:EF:56:8A,-82,3
24/04/2026,07:10:35,45,Coordenação de Eng. Elétrica,Intelbras,18:0D:2C:7F:EB:AC,-82,7
24/04/2026,07:10:35,45,Coordenação de Eng. Elétrica,SALA_MESTRADO,64:66:B3:62:EB:86,-83,1
24/04/2026,07:10:35,45,Coordenação de Eng. Elétrica,IFPB TCC,D8:5D:4C:86:7E:66,-83,1
24/04/2026,07:10:35,45,Coordenação de Eng. Elétrica,IFPB,B8:11:4B:1D:14:80,-83,6
24/04/2026,07:10:35,45,Coordenação de Eng. Elétrica,IFPB-Sala_13,E8:94:F6:B9:2F:46,-84,6
24/04/2026,07:10:35,45,Coordenação de Eng. Elétrica,IFPB-VISITANTE,B8:11:4B:1D:14:82,-84,6
24/04/2026,07:10:35,45,Coordenação de Eng. Elétrica,IFPB,24:36:DA:2B:5E:C0,-86,1
24/04/2026,07:10:35,45,Coordenação de Eng. Elétrica,EBEF98EB-HE8D94xvZh1AO1J,44:D2:44:DD:32:41,-87,11
24/04/2026,07:10:35,45,Coordenação de Eng. Elétrica,IFPB-VISITANTE,24:36:DA:2B:5E:C2,-88,1
24/04/2026,07:10:35,45,Coordenação de Eng. Elétrica,TP-Link_1324,7C:F1:7E:8D:13:22,-88,10
24/04/2026,07:10:35,45,Coordenação de Eng. Elétrica,IFPB,84:F1:47:54:FD:C0,-89,1
24/04/2026,07:10:35,45,Coordenação de Eng. Elétrica,IFPB-VISITANTE,84:F1:47:54:FD:C2,-89,1
24/04/2026,07:10:35,45,Coordenação de Eng. Elétrica,Grel Wifi,00:27:19:CA:71:D2,-89,11
24/04/2026,07:10:44,46,Coordenação de Eng. Elétrica,TP-Link_C3CB,D8:0D:17:3E:C3:CB,-55,4
24/04/2026,07:10:44,46,Coordenação de Eng. Elétrica,IFPB,84:F1:47:54:95:E0,-57,11
24/04/2026,07:10:44,46,Coordenação de Eng. Elétrica,IFPB-VISITANTE,84:F1:47:54:95:E2,-57,11
24/04/2026,07:10:44,46,Coordenação de Eng. Elétrica,NUNYA_Room_2.4GHz,CC:32:E5:0C:FC:2B,-63,9
24/04/2026,07:10:44,46,Coordenação de Eng. Elétrica,IFPB-Sala_Professor_14,48:51:CF:81:B0:9E,-64,8
24/04/2026,07:10:44,46,Coordenação de Eng. Elétrica,Lab. de Sinais Digitais,18:D6:C7:F9:37:2F,-67,11
24/04/2026,07:10:44,46,Coordenação de Eng. Elétrica,APTelefonia,58:10:8C:91:F3:AA,-69,1
24/04/2026,07:10:44,46,Coordenação de Eng. Elétrica,IFPB-Sala_Professor_14,24:FD:0D:57:19:26,-70,5
24/04/2026,07:10:44,46,Coordenação de Eng. Elétrica,GPDS,00:26:5A:66:55:EF,-71,6
24/04/2026,07:10:44,46,Coordenação de Eng. Elétrica,UA2-MiniLab,60:32:B1:2D:66:C3,-77,10
24/04/2026,07:10:45,46,Coordenação de Eng. Elétrica,IFPB,84:F1:47:54:F9:80,-77,11
24/04/2026,07:10:45,46,Coordenação de Eng. Elétrica,IFPB-VISITANTE,84:F1:47:54:F9:82,-79,11
24/04/2026,07:10:45,46,Coordenação de Eng. Elétrica,Intelbras,18:0D:2C:7F:EB:AC,-81,7
24/04/2026,07:10:45,46,Coordenação de Eng. Elétrica,SALA_MESTRADO,64:66:B3:62:EB:86,-82,1
24/04/2026,07:10:45,46,Coordenação de Eng. Elétrica,NPEF/NEPA,50:C7:BF:EF:56:8A,-82,3
24/04/2026,07:10:45,46,Coordenação de Eng. Elétrica,IFPB-Sala_13,E8:94:F6:B9:2F:46,-82,6
24/04/2026,07:10:45,46,Coordenação de Eng. Elétrica,IFPB TCC,D8:5D:4C:86:7E:66,-83,1
24/04/2026,07:10:45,46,Coordenação de Eng. Elétrica,IFPB,84:F1:47:54:7F:20,-86,11
24/04/2026,07:10:45,46,Coordenação de Eng. Elétrica,IFPB-VISITANTE,24:36:DA:2B:5E:C2,-88,1
24/04/2026,07:10:45,46,Coordenação de Eng. Elétrica,IFPB,84:F1:47:54:FD:C0,-88,1
24/04/2026,07:10:45,46,Coordenação de Eng. Elétrica,IFPB,24:36:DA:2B:5E:C0,-88,1
24/04/2026,07:10:45,46,Coordenação de Eng. Elétrica,IFPB-VISITANTE,84:F1:47:54:71:02,-88,1
24/04/2026,07:10:45,46,Coordenação de Eng. Elétrica,Grel Wifi,00:27:19:CA:71:D2,-88,11
24/04/2026,07:10:45,46,Coordenação de Eng. Elétrica,IFPB,84:F1:47:54:EB:20,-89,6
24/04/2026,07:10:45,46,Coordenação de Eng. Elétrica,IFPB-VISITANTE,84:F1:47:54:EB:22,-89,6
24/04/2026,07:10:45,46,Coordenação de Eng. Elétrica,TP-Link_1324,7C:F1:7E:8D:13:22,-89,10
24/04/2026,07:10:45,46,Coordenação de Eng. Elétrica,IFPB-VISITANTE,84:F1:47:54:FD:C2,-90,1
24/04/2026,07:10:45,46,Coordenação de Eng. Elétrica,EBEF98EB-HE8D94xvZh1AO1J,44:D2:44:DD:32:41,-90,11
24/04/2026,07:10:45,46,Coordenação de Eng. Elétrica,EBF243D6-HE8D94yaFM1AOcS,44:D2:44:DD:32:49,-97,11
24/04/2026,07:10:55,47,Coordenação de Eng. Elétrica,IFPB,84:F1:47:54:95:E0,-57,11
24/04/2026,07:10:55,47,Coordenação de Eng. Elétrica,IFPB-VISITANTE,84:F1:47:54:95:E2,-57,11
24/04/2026,07:10:55,47,Coordenação de Eng. Elétrica,TP-Link_C3CB,D8:0D:17:3E:C3:CB,-59,4
24/04/2026,07:10:55,47,Coordenação de Eng. Elétrica,NUNYA_Room_2.4GHz,CC:32:E5:0C:FC:2B,-64,9
24/04/2026,07:10:55,47,Coordenação de Eng. Elétrica,IFPB-Sala_Professor_14,48:51:CF:81:B0:9E,-65,8
24/04/2026,07:10:55,47,Coordenação de Eng. Elétrica,IFPB-Sala_Professor_14,24:FD:0D:57:19:26,-67,5
24/04/2026,07:10:55,47,Coordenação de Eng. Elétrica,Lab. de Sinais Digitais,18:D6:C7:F9:37:2F,-67,11
24/04/2026,07:10:55,47,Coordenação de Eng. Elétrica,GPDS,00:26:5A:66:55:EF,-69,6
24/04/2026,07:10:55,47,Coordenação de Eng. Elétrica,APTelefonia,58:10:8C:91:F3:AA,-71,1
24/04/2026,07:10:55,47,Coordenação de Eng. Elétrica,Intelbras,18:0D:2C:7F:EB:AC,-75,7
24/04/2026,07:10:55,47,Coordenação de Eng. Elétrica,SALA_MESTRADO,64:66:B3:62:EB:86,-78,1
24/04/2026,07:10:55,47,Coordenação de Eng. Elétrica,UA2-MiniLab,60:32:B1:2D:66:C3,-78,10
24/04/2026,07:10:55,47,Coordenação de Eng. Elétrica,IFPB-VISITANTE,84:F1:47:54:F9:82,-80,11
24/04/2026,07:10:55,47,Coordenação de Eng. Elétrica,IFPB,84:F1:47:54:F9:80,-80,11
24/04/2026,07:10:55,47,Coordenação de Eng. Elétrica,NPEF/NEPA,50:C7:BF:EF:56:8A,-82,3
24/04/2026,07:10:55,47,Coordenação de Eng. Elétrica,IFPB-Sala_13,E8:94:F6:B9:2F:46,-83,6
24/04/2026,07:10:55,47,Coordenação de Eng. Elétrica,IFPB,B8:11:4B:1D:14:80,-85,6
24/04/2026,07:10:55,47,Coordenação de Eng. Elétrica,IFPB-VISITANTE,B8:11:4B:1D:14:82,-85,6
24/04/2026,07:10:55,47,Coordenação de Eng. Elétrica,IFPB,84:F1:47:54:7F:20,-86,11
24/04/2026,07:10:55,47,Coordenação de Eng. Elétrica,IFPB-VISITANTE,84:F1:47:54:FD:C2,-87,1
24/04/2026,07:10:55,47,Coordenação de Eng. Elétrica,TP-Link_1324,7C:F1:7E:8D:13:22,-87,10
24/04/2026,07:10:55,47,Coordenação de Eng. Elétrica,Grel Wifi,00:27:19:CA:71:D2,-87,11
24/04/2026,07:10:55,47,Coordenação de Eng. Elétrica,IFPB,84:F1:47:54:EB:20,-88,6
24/04/2026,07:10:55,47,Coordenação de Eng. Elétrica,IFPB,84:F1:47:54:FD:C0,-89,1
24/04/2026,07:10:55,47,Coordenação de Eng. Elétrica,IFPB TCC,D8:5D:4C:86:7E:66,-91,1
24/04/2026,07:10:55,47,Coordenação de Eng. Elétrica,IFPB-VISITANTE,24:36:DA:2B:5E:C2,-92,1
24/04/2026,07:10:55,47,Coordenação de Eng. Elétrica,EBF243D6-HE8D94yaFM1AOcS,44:D2:44:DD:32:49,-94,11
24/04/2026,07:10:55,47,Coordenação de Eng. Elétrica,EBEF98EB-HE8D94xvZh1AO1J,44:D2:44:DD:32:41,-95,11
24/04/2026,07:11:05,48,Coordenação de Eng. Elétrica,TP-Link_C3CB,D8:0D:17:3E:C3:CB,-57,4
24/04/2026,07:11:05,48,Coordenação de Eng. Elétrica,IFPB,84:F1:47:54:95:E0,-58,11
24/04/2026,07:11:05,48,Coordenação de Eng. Elétrica,IFPB-VISITANTE,84:F1:47:54:95:E2,-59,11
24/04/2026,07:11:05,48,Coordenação de Eng. Elétrica,NUNYA_Room_2.4GHz,CC:32:E5:0C:FC:2B,-64,9
24/04/2026,07:11:05,48,Coordenação de Eng. Elétrica,Lab. de Sinais Digitais,18:D6:C7:F9:37:2F,-65,11
24/04/2026,07:11:05,48,Coordenação de Eng. Elétrica,IFPB-Sala_Professor_14,24:FD:0D:57:19:26,-66,5
24/04/2026,07:11:05,48,Coordenação de Eng. Elétrica,IFPB-Sala_Professor_14,48:51:CF:81:B0:9E,-68,8
24/04/2026,07:11:05,48,Coordenação de Eng. Elétrica,GPDS,00:26:5A:66:55:EF,-69,6
24/04/2026,07:11:05,48,Coordenação de Eng. Elétrica,APTelefonia,58:10:8C:91:F3:AA,-73,1
24/04/2026,07:11:05,48,Coordenação de Eng. Elétrica,Intelbras,18:0D:2C:7F:EB:AC,-74,7
24/04/2026,07:11:05,48,Coordenação de Eng. Elétrica,SALA_MESTRADO,64:66:B3:62:EB:86,-76,1
24/04/2026,07:11:05,48,Coordenação de Eng. Elétrica,UA2-MiniLab,60:32:B1:2D:66:C3,-79,10
24/04/2026,07:11:05,48,Coordenação de Eng. Elétrica,IFPB,84:F1:47:54:F9:80,-80,11
24/04/2026,07:11:05,48,Coordenação de Eng. Elétrica,IFPB-VISITANTE,84:F1:47:54:F9:82,-80,11
24/04/2026,07:11:05,48,Coordenação de Eng. Elétrica,NPEF/NEPA,50:C7:BF:EF:56:8A,-82,3
24/04/2026,07:11:05,48,Coordenação de Eng. Elétrica,IFPB,B8:11:4B:1D:14:80,-83,6
24/04/2026,07:11:05,48,Coordenação de Eng. Elétrica,IFPB-VISITANTE,B8:11:4B:1D:14:82,-84,6
24/04/2026,07:11:05,48,Coordenação de Eng. Elétrica,IFPB-Sala_13,E8:94:F6:B9:2F:46,-85,6
24/04/2026,07:11:05,48,Coordenação de Eng. Elétrica,IFPB,84:F1:47:54:7F:20,-85,11
24/04/2026,07:11:05,48,Coordenação de Eng. Elétrica,IFPB-VISITANTE,84:F1:47:54:FD:C2,-88,1
24/04/2026,07:11:05,48,Coordenação de Eng. Elétrica,IFPB-VISITANTE,84:F1:47:54:EB:22,-88,6
24/04/2026,07:11:05,48,Coordenação de Eng. Elétrica,IFPB,84:F1:47:54:FD:C0,-89,1
24/04/2026,07:11:05,48,Coordenação de Eng. Elétrica,IFPB,84:F1:47:54:EB:20,-89,6
24/04/2026,07:11:05,48,Coordenação de Eng. Elétrica,TP-Link_1324,7C:F1:7E:8D:13:22,-89,10
24/04/2026,07:11:05,48,Coordenação de Eng. Elétrica,Grel Wifi,00:27:19:CA:71:D2,-89,11
24/04/2026,07:11:05,48,Coordenação de Eng. Elétrica,IFPB TCC,D8:5D:4C:86:7E:66,-90,1
24/04/2026,07:11:05,48,Coordenação de Eng. Elétrica,EBEF98EB-HE8D94xvZh1AO1J,44:D2:44:DD:32:41,-92,11
24/04/2026,07:11:05,48,Coordenação de Eng. Elétrica,EBF243D6-HE8D94yaFM1AOcS,44:D2:44:DD:32:49,-92,11
24/04/2026,07:11:15,49,Coordenação de Eng. Elétrica,IFPB-VISITANTE,84:F1:47:54:95:E2,-59,11
24/04/2026,07:11:15,49,Coordenação de Eng. Elétrica,IFPB,84:F1:47:54:95:E0,-60,11
24/04/2026,07:11:15,49,Coordenação de Eng. Elétrica,TP-Link_C3CB,D8:0D:17:3E:C3:CB,-63,4
24/04/2026,07:11:15,49,Coordenação de Eng. Elétrica,Lab. de Sinais Digitais,18:D6:C7:F9:37:2F,-63,11
24/04/2026,07:11:15,49,Coordenação de Eng. Elétrica,NUNYA_Room_2.4GHz,CC:32:E5:0C:FC:2B,-66,9
24/04/2026,07:11:15,49,Coordenação de Eng. Elétrica,IFPB-Sala_Professor_14,48:51:CF:81:B0:9E,-69,8
24/04/2026,07:11:15,49,Coordenação de Eng. Elétrica,SALA_MESTRADO,64:66:B3:62:EB:86,-73,1
24/04/2026,07:11:15,49,Coordenação de Eng. Elétrica,Intelbras,18:0D:2C:7F:EB:AC,-73,7
24/04/2026,07:11:15,49,Coordenação de Eng. Elétrica,UA2-MiniLab,60:32:B1:2D:66:C3,-75,10
24/04/2026,07:11:15,49,Coordenação de Eng. Elétrica,IFPB-Sala_Professor_14,24:FD:0D:57:19:26,-77,5
24/04/2026,07:11:15,49,Coordenação de Eng. Elétrica,GPDS,00:26:5A:66:55:EF,-77,6
24/04/2026,07:11:15,49,Coordenação de Eng. Elétrica,APTelefonia,58:10:8C:91:F3:AA,-78,1
24/04/2026,07:11:15,49,Coordenação de Eng. Elétrica,IFPB-VISITANTE,B8:11:4B:1D:14:82,-81,6
24/04/2026,07:11:15,49,Coordenação de Eng. Elétrica,IFPB,84:F1:47:54:F9:80,-82,11
24/04/2026,07:11:15,49,Coordenação de Eng. Elétrica,IFPB-Sala_13,E8:94:F6:B9:2F:46,-83,6
24/04/2026,07:11:15,49,Coordenação de Eng. Elétrica,IFPB,B8:11:4B:1D:14:80,-83,6
24/04/2026,07:11:15,49,Coordenação de Eng. Elétrica,IFPB-VISITANTE,84:F1:47:54:F9:82,-84,11
24/04/2026,07:11:15,49,Coordenação de Eng. Elétrica,IFPB-VISITANTE,84:F1:47:54:7F:22,-84,11
24/04/2026,07:11:15,49,Coordenação de Eng. Elétrica,IFPB TCC,D8:5D:4C:86:7E:66,-87,1
24/04/2026,07:11:15,49,Coordenação de Eng. Elétrica,IFPB-VISITANTE,84:F1:47:54:FD:C2,-88,1
24/04/2026,07:11:15,49,Coordenação de Eng. Elétrica,IFPB,84:F1:47:54:FD:C0,-88,1
24/04/2026,07:11:15,49,Coordenação de Eng. Elétrica,NPEF/NEPA,50:C7:BF:EF:56:8A,-90,3
24/04/2026,07:11:15,49,Coordenação de Eng. Elétrica,TP-Link_1324,7C:F1:7E:8D:13:22,-90,10
24/04/2026,07:11:15,49,Coordenação de Eng. Elétrica,Grel Wifi,00:27:19:CA:71:D2,-91,11
24/04/2026,07:11:15,49,Coordenação de Eng. Elétrica,EBEF98EB-HE8D94xvZh1AO1J,44:D2:44:DD:32:41,-93,11
24/04/2026,07:11:15,49,Coordenação de Eng. Elétrica,EBF243D6-HE8D94yaFM1AOcS,44:D2:44:DD:32:49,-93,11
24/04/2026,07:11:25,50,Coordenação de Eng. Elétrica,IFPB,84:F1:47:54:95:E0,-59,11
24/04/2026,07:11:25,50,Coordenação de Eng. Elétrica,IFPB-VISITANTE,84:F1:47:54:95:E2,-59,11
24/04/2026,07:11:25,50,Coordenação de Eng. Elétrica,TP-Link_C3CB,D8:0D:17:3E:C3:CB,-60,4
24/04/2026,07:11:25,50,Coordenação de Eng. Elétrica,NUNYA_Room_2.4GHz,CC:32:E5:0C:FC:2B,-64,9
24/04/2026,07:11:25,50,Coordenação de Eng. Elétrica,Lab. de Sinais Digitais,18:D6:C7:F9:37:2F,-67,11
24/04/2026,07:11:25,50,Coordenação de Eng. Elétrica,IFPB-Sala_Professor_14,48:51:CF:81:B0:9E,-69,8
24/04/2026,07:11:25,50,Coordenação de Eng. Elétrica,GPDS,00:26:5A:66:55:EF,-70,6
24/04/2026,07:11:25,50,Coordenação de Eng. Elétrica,Intelbras,18:0D:2C:7F:EB:AC,-73,7
24/04/2026,07:11:25,50,Coordenação de Eng. Elétrica,SALA_MESTRADO,64:66:B3:62:EB:86,-74,1
24/04/2026,07:11:25,50,Coordenação de Eng. Elétrica,IFPB-Sala_Professor_14,24:FD:0D:57:19:26,-74,5
24/04/2026,07:11:25,50,Coordenação de Eng. Elétrica,APTelefonia,58:10:8C:91:F3:AA,-77,1
24/04/2026,07:11:25,50,Coordenação de Eng. Elétrica,UA2-MiniLab,60:32:B1:2D:66:C3,-79,10
24/04/2026,07:11:25,50,Coordenação de Eng. Elétrica,IFPB-VISITANTE,B8:11:4B:1D:14:82,-82,6
24/04/2026,07:11:25,50,Coordenação de Eng. Elétrica,IFPB,B8:11:4B:1D:14:80,-83,6
24/04/2026,07:11:25,50,Coordenação de Eng. Elétrica,IFPB-VISITANTE,84:F1:47:54:F9:82,-83,11
24/04/2026,07:11:25,50,Coordenação de Eng. Elétrica,IFPB,84:F1:47:54:F9:80,-83,11
24/04/2026,07:11:25,50,Coordenação de Eng. Elétrica,IFPB-Sala_13,E8:94:F6:B9:2F:46,-85,6
24/04/2026,07:11:25,50,Coordenação de Eng. Elétrica,IFPB,84:F1:47:54:7F:20,-86,11
24/04/2026,07:11:25,50,Coordenação de Eng. Elétrica,IFPB-VISITANTE,84:F1:47:54:7F:22,-86,11
24/04/2026,07:11:25,50,Coordenação de Eng. Elétrica,TP-Link_1324,7C:F1:7E:8D:13:22,-87,10
24/04/2026,07:11:25,50,Coordenação de Eng. Elétrica,NPEF/NEPA,50:C7:BF:EF:56:8A,-88,3
24/04/2026,07:11:26,50,Coordenação de Eng. Elétrica,IFPB TCC,D8:5D:4C:86:7E:66,-89,1
24/04/2026,07:11:26,50,Coordenação de Eng. Elétrica,IFPB-VISITANTE,84:F1:47:54:EB:22,-89,6
24/04/2026,07:11:26,50,Coordenação de Eng. Elétrica,IFPB,84:F1:47:54:EB:20,-90,6
24/04/2026,07:11:26,50,Coordenação de Eng. Elétrica,EBEF98EB-HE8D94xvZh1AO1J,44:D2:44:DD:32:41,-90,11
24/04/2026,07:11:26,50,Coordenação de Eng. Elétrica,EBF243D6-HE8D94yaFM1AOcS,44:D2:44:DD:32:49,-92,11
24/04/2026,07:12:26,51,Auditório de Eng. Elétrica,Lab. de Sinais Digitais,18:D6:C7:F9:37:2F,-58,11
24/04/2026,07:12:26,51,Auditório de Eng. Elétrica,TP-Link_1324,7C:F1:7E:8D:13:22,-65,10
24/04/2026,07:12:26,51,Auditório de Eng. Elétrica,GPDS,00:26:5A:66:55:EF,-66,6
24/04/2026,07:12:26,51,Auditório de Eng. Elétrica,APTelefonia,58:10:8C:91:F3:AA,-69,1
24/04/2026,07:12:26,51,Auditório de Eng. Elétrica,IFPB-VISITANTE,84:F1:47:54:F9:82,-70,11
24/04/2026,07:12:26,51,Auditório de Eng. Elétrica,IFPB,84:F1:47:54:F9:80,-70,11
24/04/2026,07:12:26,51,Auditório de Eng. Elétrica,TP-Link_C3CB,D8:0D:17:3E:C3:CB,-71,4
24/04/2026,07:12:26,51,Auditório de Eng. Elétrica,IFPB-VISITANTE,84:F1:47:54:8B:A2,-76,1
24/04/2026,07:12:26,51,Auditório de Eng. Elétrica,Intelbras,18:0D:2C:7F:EB:AC,-76,7
24/04/2026,07:12:26,51,Auditório de Eng. Elétrica,EBF243D6-HE8D94yaFM1AOcS,44:D2:44:DD:32:49,-76,11
24/04/2026,07:12:27,51,Auditório de Eng. Elétrica,IFPB,84:F1:47:54:8B:A0,-78,1
24/04/2026,07:12:27,51,Auditório de Eng. Elétrica,IFPB-VISITANTE,84:F1:47:54:6B:82,-78,6
24/04/2026,07:12:27,51,Auditório de Eng. Elétrica,IFPB,84:F1:47:54:6B:80,-79,6
24/04/2026,07:12:27,51,Auditório de Eng. Elétrica,UA2-MiniLab,60:32:B1:2D:66:C3,-79,10
24/04/2026,07:12:27,51,Auditório de Eng. Elétrica,NPEF/NEPA,50:C7:BF:EF:56:8A,-81,3
24/04/2026,07:12:27,51,Auditório de Eng. Elétrica,SALA_MESTRADO,64:66:B3:62:EB:86,-84,1
24/04/2026,07:12:27,51,Auditório de Eng. Elétrica,IFPB,84:F1:47:54:96:E0,-84,1
24/04/2026,07:12:27,51,Auditório de Eng. Elétrica,IFPB-VISITANTE,84:F1:47:54:96:E2,-84,1
24/04/2026,07:12:27,51,Auditório de Eng. Elétrica,IFPB,84:F1:47:54:95:E0,-86,11
24/04/2026,07:12:27,51,Auditório de Eng. Elétrica,IFPB-Sala_Professor_14,24:FD:0D:57:19:26,-87,5
24/04/2026,07:12:27,51,Auditório de Eng. Elétrica,IFPB,24:36:DA:2B:BC:00,-87,6
24/04/2026,07:12:27,51,Auditório de Eng. Elétrica,IFPB-VISITANTE,24:36:DA:2B:BC:02,-87,6
24/04/2026,07:12:27,51,Auditório de Eng. Elétrica,IFPB-VISITANTE,84:F1:47:54:95:E2,-87,11
24/04/2026,07:12:27,51,Auditório de Eng. Elétrica,EBEF98EB-HE8D94xvZh1AO1J,44:D2:44:DD:32:41,-94,11
24/04/2026,07:12:36,52,Auditório de Eng. Elétrica,Lab. de Sinais Digitais,18:D6:C7:F9:37:2F,-56,11
24/04/2026,07:12:36,52,Auditório de Eng. Elétrica,TP-Link_1324,7C:F1:7E:8D:13:22,-65,10
24/04/2026,07:12:36,52,Auditório de Eng. Elétrica,GPDS,00:26:5A:66:55:EF,-67,6
24/04/2026,07:12:36,52,Auditório de Eng. Elétrica,APTelefonia,58:10:8C:91:F3:AA,-68,1
24/04/2026,07:12:36,52,Auditório de Eng. Elétrica,IFPB,84:F1:47:54:F9:80,-69,11
24/04/2026,07:12:36,52,Auditório de Eng. Elétrica,IFPB-VISITANTE,84:F1:47:54:F9:82,-69,11
24/04/2026,07:12:36,52,Auditório de Eng. Elétrica,TP-Link_C3CB,D8:0D:17:3E:C3:CB,-72,4
24/04/2026,07:12:36,52,Auditório de Eng. Elétrica,Intelbras,18:0D:2C:7F:EB:AC,-74,7
24/04/2026,07:12:36,52,Auditório de Eng. Elétrica,UA2-MiniLab,60:32:B1:2D:66:C3,-75,10
24/04/2026,07:12:36,52,Auditório de Eng. Elétrica,EBF243D6-HE8D94yaFM1AOcS,44:D2:44:DD:32:49,-75,11
24/04/2026,07:12:37,52,Auditório de Eng. Elétrica,IFPB-VISITANTE,84:F1:47:54:8B:A2,-76,1
24/04/2026,07:12:37,52,Auditório de Eng. Elétrica,IFPB,84:F1:47:54:8B:A0,-76,1
24/04/2026,07:12:37,52,Auditório de Eng. Elétrica,IFPB-VISITANTE,84:F1:47:54:6B:82,-76,6
24/04/2026,07:12:37,52,Auditório de Eng. Elétrica,NPEF/NEPA,50:C7:BF:EF:56:8A,-77,3
24/04/2026,07:12:37,52,Auditório de Eng. Elétrica,IFPB,84:F1:47:54:6B:80,-78,6
24/04/2026,07:12:37,52,Auditório de Eng. Elétrica,IFPB-VISITANTE,84:F1:47:54:96:E2,-83,1
24/04/2026,07:12:37,52,Auditório de Eng. Elétrica,IFPB,24:36:DA:2B:5E:C0,-84,1
24/04/2026,07:12:37,52,Auditório de Eng. Elétrica,IFPB,84:F1:47:54:95:E0,-84,11
24/04/2026,07:12:37,52,Auditório de Eng. Elétrica,IFPB-VISITANTE,24:36:DA:2B:5E:C2,-85,1
24/04/2026,07:12:37,52,Auditório de Eng. Elétrica,IFPB,84:F1:47:54:96:E0,-85,1
24/04/2026,07:12:37,52,Auditório de Eng. Elétrica,IFPB-Sala_Professor_14,48:51:CF:81:B0:9E,-85,8
24/04/2026,07:12:37,52,Auditório de Eng. Elétrica,IFPB-VISITANTE,84:F1:47:54:95:E2,-85,11
24/04/2026,07:12:37,52,Auditório de Eng. Elétrica,IFPB-Sala_Professor_14,24:FD:0D:57:19:26,-86,5
24/04/2026,07:12:37,52,Auditório de Eng. Elétrica,IFPB-VISITANTE,24:36:DA:2B:BC:02,-87,6
24/04/2026,07:12:37,52,Auditório de Eng. Elétrica,IFPB,24:36:DA:2B:BC:00,-87,6
24/04/2026,07:12:37,52,Auditório de Eng. Elétrica,IFPB-VISITANTE,84:F1:47:54:EB:22,-90,6
24/04/2026,07:12:37,52,Auditório de Eng. Elétrica,SALA_MESTRADO,64:66:B3:62:EB:86,-91,1
24/04/2026,07:12:37,52,Auditório de Eng. Elétrica,EBEF98EB-HE8D94xvZh1AO1J,44:D2:44:DD:32:41,-91,11
24/04/2026,07:12:37,52,Auditório de Eng. Elétrica,IFPB-Sala_13,E8:94:F6:B9:2F:46,-92,6
24/04/2026,07:12:47,53,Auditório de Eng. Elétrica,Lab. de Sinais Digitais,18:D6:C7:F9:37:2F,-57,11
24/04/2026,07:12:47,53,Auditório de Eng. Elétrica,GPDS,00:26:5A:66:55:EF,-64,6
24/04/2026,07:12:47,53,Auditório de Eng. Elétrica,TP-Link_1324,7C:F1:7E:8D:13:22,-64,10
24/04/2026,07:12:47,53,Auditório de Eng. Elétrica,APTelefonia,58:10:8C:91:F3:AA,-68,1
24/04/2026,07:12:47,53,Auditório de Eng. Elétrica,IFPB,84:F1:47:54:F9:80,-71,11
24/04/2026,07:12:47,53,Auditório de Eng. Elétrica,IFPB-VISITANTE,84:F1:47:54:F9:82,-71,11
24/04/2026,07:12:47,53,Auditório de Eng. Elétrica,NPEF/NEPA,50:C7:BF:EF:56:8A,-72,3
24/04/2026,07:12:47,53,Auditório de Eng. Elétrica,TP-Link_C3CB,D8:0D:17:3E:C3:CB,-72,4
24/04/2026,07:12:47,53,Auditório de Eng. Elétrica,UA2-MiniLab,60:32:B1:2D:66:C3,-75,10
24/04/2026,07:12:47,53,Auditório de Eng. Elétrica,IFPB-VISITANTE,84:F1:47:54:8B:A2,-76,1
24/04/2026,07:12:47,53,Auditório de Eng. Elétrica,Intelbras,18:0D:2C:7F:EB:AC,-76,7
24/04/2026,07:12:47,53,Auditório de Eng. Elétrica,IFPB,84:F1:47:54:8B:A0,-77,1
24/04/2026,07:12:47,53,Auditório de Eng. Elétrica,EBF243D6-HE8D94yaFM1AOcS,44:D2:44:DD:32:49,-77,11
24/04/2026,07:12:47,53,Auditório de Eng. Elétrica,IFPB-VISITANTE,84:F1:47:54:6B:82,-81,6
24/04/2026,07:12:47,53,Auditório de Eng. Elétrica,IFPB,24:36:DA:2B:5E:C0,-83,1
24/04/2026,07:12:47,53,Auditório de Eng. Elétrica,IFPB,84:F1:47:54:96:E0,-83,1
24/04/2026,07:12:47,53,Auditório de Eng. Elétrica,IFPB,84:F1:47:54:6B:80,-83,6
24/04/2026,07:12:47,53,Auditório de Eng. Elétrica,IFPB-VISITANTE,84:F1:47:54:96:E2,-84,1
24/04/2026,07:12:47,53,Auditório de Eng. Elétrica,IFPB-Sala_Professor_14,24:FD:0D:57:19:26,-84,5
24/04/2026,07:12:47,53,Auditório de Eng. Elétrica,IFPB-VISITANTE,24:36:DA:2B:5E:C2,-85,1
24/04/2026,07:12:47,53,Auditório de Eng. Elétrica,IFPB,84:F1:47:54:95:E0,-85,11
24/04/2026,07:12:47,53,Auditório de Eng. Elétrica,IFPB-VISITANTE,84:F1:47:54:95:E2,-86,11
24/04/2026,07:12:47,53,Auditório de Eng. Elétrica,IFPB-VISITANTE,84:F1:47:54:EB:22,-87,6
24/04/2026,07:12:47,53,Auditório de Eng. Elétrica,IFPB-VISITANTE,24:36:DA:2B:BC:02,-87,6
24/04/2026,07:12:47,53,Auditório de Eng. Elétrica,IFPB,24:36:DA:2B:BC:00,-88,6
24/04/2026,07:12:47,53,Auditório de Eng. Elétrica,SALA_MESTRADO,64:66:B3:62:EB:86,-89,1
24/04/2026,07:12:47,53,Auditório de Eng. Elétrica,IFPB,84:F1:47:54:EB:20,-89,6
24/04/2026,07:12:47,53,Auditório de Eng. Elétrica,EBEF98EB-HE8D94xvZh1AO1J,44:D2:44:DD:32:41,-95,11
24/04/2026,07:12:57,54,Auditório de Eng. Elétrica,Lab. de Sinais Digitais,18:D6:C7:F9:37:2F,-59,11
24/04/2026,07:12:57,54,Auditório de Eng. Elétrica,TP-Link_1324,7C:F1:7E:8D:13:22,-64,10
24/04/2026,07:12:57,54,Auditório de Eng. Elétrica,GPDS,00:26:5A:66:55:EF,-67,6
24/04/2026,07:12:57,54,Auditório de Eng. Elétrica,IFPB,84:F1:47:54:F9:80,-70,11
24/04/2026,07:12:57,54,Auditório de Eng. Elétrica,IFPB-VISITANTE,84:F1:47:54:F9:82,-70,11
24/04/2026,07:12:57,54,Auditório de Eng. Elétrica,APTelefonia,58:10:8C:91:F3:AA,-71,1
24/04/2026,07:12:57,54,Auditório de Eng. Elétrica,NPEF/NEPA,50:C7:BF:EF:56:8A,-74,3
24/04/2026,07:12:57,54,Auditório de Eng. Elétrica,UA2-MiniLab,60:32:B1:2D:66:C3,-74,10
24/04/2026,07:12:57,54,Auditório de Eng. Elétrica,TP-Link_C3CB,D8:0D:17:3E:C3:CB,-75,4
24/04/2026,07:12:57,54,Auditório de Eng. Elétrica,IFPB,84:F1:47:54:8B:A0,-77,1
24/04/2026,07:12:57,54,Auditório de Eng. Elétrica,IFPB-VISITANTE,84:F1:47:54:8B:A2,-77,1
24/04/2026,07:12:57,54,Auditório de Eng. Elétrica,EBF243D6-HE8D94yaFM1AOcS,44:D2:44:DD:32:49,-78,11
24/04/2026,07:12:57,54,Auditório de Eng. Elétrica,Intelbras,18:0D:2C:7F:EB:AC,-80,7
24/04/2026,07:12:57,54,Auditório de Eng. Elétrica,IFPB-VISITANTE,84:F1:47:54:6B:82,-81,6
24/04/2026,07:12:57,54,Auditório de Eng. Elétrica,IFPB,84:F1:47:54:6B:80,-82,6
24/04/2026,07:12:57,54,Auditório de Eng. Elétrica,IFPB-VISITANTE,24:36:DA:2B:5E:C2,-84,1
24/04/2026,07:12:57,54,Auditório de Eng. Elétrica,IFPB,24:36:DA:2B:5E:C0,-85,1
24/04/2026,07:12:57,54,Auditório de Eng. Elétrica,IFPB-Sala_Professor_14,24:FD:0D:57:19:26,-85,5
24/04/2026,07:12:57,54,Auditório de Eng. Elétrica,IFPB-VISITANTE,84:F1:47:54:95:E2,-85,11
24/04/2026,07:12:57,54,Auditório de Eng. Elétrica,IFPB,84:F1:47:54:96:E0,-86,1
24/04/2026,07:12:57,54,Auditório de Eng. Elétrica,IFPB-VISITANTE,84:F1:47:54:96:E2,-86,1
24/04/2026,07:12:57,54,Auditório de Eng. Elétrica,IFPB,84:F1:47:54:95:E0,-86,11
24/04/2026,07:12:57,54,Auditório de Eng. Elétrica,IFPB,24:36:DA:2B:BC:00,-87,6
24/04/2026,07:12:57,54,Auditório de Eng. Elétrica,IFPB-VISITANTE,24:36:DA:2B:BC:02,-87,6
24/04/2026,07:12:57,54,Auditório de Eng. Elétrica,SALA_MESTRADO,64:66:B3:62:EB:86,-89,1
24/04/2026,07:12:57,54,Auditório de Eng. Elétrica,EBEF98EB-HE8D94xvZh1AO1J,44:D2:44:DD:32:41,-92,11
24/04/2026,07:13:07,55,Auditório de Eng. Elétrica,Lab. de Sinais Digitais,18:D6:C7:F9:37:2F,-58,11
24/04/2026,07:13:07,55,Auditório de Eng. Elétrica,TP-Link_1324,7C:F1:7E:8D:13:22,-61,10
24/04/2026,07:13:07,55,Auditório de Eng. Elétrica,GPDS,00:26:5A:66:55:EF,-69,6
24/04/2026,07:13:07,55,Auditório de Eng. Elétrica,IFPB,84:F1:47:54:F9:80,-70,11
24/04/2026,07:13:07,55,Auditório de Eng. Elétrica,IFPB-VISITANTE,84:F1:47:54:F9:82,-70,11
24/04/2026,07:13:07,55,Auditório de Eng. Elétrica,APTelefonia,58:10:8C:91:F3:AA,-72,1
24/04/2026,07:13:07,55,Auditório de Eng. Elétrica,UA2-MiniLab,60:32:B1:2D:66:C3,-73,10
24/04/2026,07:13:07,55,Auditório de Eng. Elétrica,NPEF/NEPA,50:C7:BF:EF:56:8A,-74,3
24/04/2026,07:13:07,55,Auditório de Eng. Elétrica,TP-Link_C3CB,D8:0D:17:3E:C3:CB,-75,4
24/04/2026,07:13:07,55,Auditório de Eng. Elétrica,EBF243D6-HE8D94yaFM1AOcS,44:D2:44:DD:32:49,-76,11
24/04/2026,07:13:07,55,Auditório de Eng. Elétrica,IFPB-VISITANTE,84:F1:47:54:8B:A2,-77,1
24/04/2026,07:13:07,55,Auditório de Eng. Elétrica,IFPB,84:F1:47:54:8B:A0,-78,1
24/04/2026,07:13:07,55,Auditório de Eng. Elétrica,Intelbras,18:0D:2C:7F:EB:AC,-80,7
24/04/2026,07:13:07,55,Auditório de Eng. Elétrica,IFPB,24:36:DA:2B:5E:C0,-84,1
24/04/2026,07:13:07,55,Auditório de Eng. Elétrica,IFPB-VISITANTE,24:36:DA:2B:5E:C2,-84,1
24/04/2026,07:13:07,55,Auditório de Eng. Elétrica,IFPB-Sala_Professor_14,24:FD:0D:57:19:26,-84,5
24/04/2026,07:13:07,55,Auditório de Eng. Elétrica,IFPB,84:F1:47:54:95:E0,-86,11
24/04/2026,07:13:07,55,Auditório de Eng. Elétrica,IFPB-VISITANTE,84:F1:47:54:95:E2,-86,11
24/04/2026,07:13:07,55,Auditório de Eng. Elétrica,IFPB,84:F1:47:54:96:E0,-87,1
24/04/2026,07:13:07,55,Auditório de Eng. Elétrica,IFPB-VISITANTE,84:F1:47:54:96:E2,-87,1
24/04/2026,07:13:07,55,Auditório de Eng. Elétrica,IFPB,24:36:DA:2B:BC:00,-87,6
24/04/2026,07:13:07,55,Auditório de Eng. Elétrica,SALA_MESTRADO,64:66:B3:62:EB:86,-89,1
24/04/2026,07:13:07,55,Auditório de Eng. Elétrica,IFPB-VISITANTE,24:36:DA:2B:BC:02,-89,6
24/04/2026,07:13:07,55,Auditório de Eng. Elétrica,IFPB,84:F1:47:54:6B:80,-89,6
24/04/2026,07:13:07,55,Auditório de Eng. Elétrica,NUNYA_Room_2.4GHz,CC:32:E5:0C:FC:2B,-92,9
24/04/2026,07:13:07,55,Auditório de Eng. Elétrica,EBEF98EB-HE8D94xvZh1AO1J,44:D2:44:DD:32:41,-92,11
24/04/2026,07:13:17,56,Auditório de Eng. Elétrica,Lab. de Sinais Digitais,18:D6:C7:F9:37:2F,-55,11
24/04/2026,07:13:17,56,Auditório de Eng. Elétrica,TP-Link_1324,7C:F1:7E:8D:13:22,-62,10
24/04/2026,07:13:17,56,Auditório de Eng. Elétrica,APTelefonia,58:10:8C:91:F3:AA,-70,1
24/04/2026,07:13:17,56,Auditório de Eng. Elétrica,IFPB-VISITANTE,84:F1:47:54:F9:82,-71,11
24/04/2026,07:13:17,56,Auditório de Eng. Elétrica,GPDS,00:26:5A:66:55:EF,-72,6
24/04/2026,07:13:17,56,Auditório de Eng. Elétrica,IFPB,84:F1:47:54:F9:80,-72,11
24/04/2026,07:13:17,56,Auditório de Eng. Elétrica,TP-Link_C3CB,D8:0D:17:3E:C3:CB,-73,4
24/04/2026,07:13:17,56,Auditório de Eng. Elétrica,UA2-MiniLab,60:32:B1:2D:66:C3,-73,10
24/04/2026,07:13:17,56,Auditório de Eng. Elétrica,NPEF/NEPA,50:C7:BF:EF:56:8A,-76,3
24/04/2026,07:13:17,56,Auditório de Eng. Elétrica,Intelbras,18:0D:2C:7F:EB:AC,-76,7
24/04/2026,07:13:17,56,Auditório de Eng. Elétrica,EBF243D6-HE8D94yaFM1AOcS,44:D2:44:DD:32:49,-76,11
24/04/2026,07:13:17,56,Auditório de Eng. Elétrica,IFPB-VISITANTE,84:F1:47:54:8B:A2,-78,1
24/04/2026,07:13:17,56,Auditório de Eng. Elétrica,IFPB,84:F1:47:54:8B:A0,-78,1
24/04/2026,07:13:17,56,Auditório de Eng. Elétrica,IFPB-Sala_Professor_14,24:FD:0D:57:19:26,-81,5
24/04/2026,07:13:17,56,Auditório de Eng. Elétrica,IFPB-VISITANTE,84:F1:47:54:6B:82,-82,6
24/04/2026,07:13:17,56,Auditório de Eng. Elétrica,IFPB-VISITANTE,24:36:DA:2B:5E:C2,-84,1
24/04/2026,07:13:17,56,Auditório de Eng. Elétrica,IFPB,84:F1:47:54:6B:80,-84,6
24/04/2026,07:13:17,56,Auditório de Eng. Elétrica,IFPB,24:36:DA:2B:5E:C0,-85,1
24/04/2026,07:13:17,56,Auditório de Eng. Elétrica,IFPB,84:F1:47:54:95:E0,-85,11
24/04/2026,07:13:17,56,Auditório de Eng. Elétrica,IFPB-VISITANTE,84:F1:47:54:95:E2,-85,11
24/04/2026,07:13:17,56,Auditório de Eng. Elétrica,IFPB,84:F1:47:54:96:E0,-86,1
24/04/2026,07:13:17,56,Auditório de Eng. Elétrica,IFPB-VISITANTE,84:F1:47:54:96:E2,-86,1
24/04/2026,07:13:18,56,Auditório de Eng. Elétrica,IFPB,24:36:DA:2B:BC:00,-88,6
24/04/2026,07:13:18,56,Auditório de Eng. Elétrica,IFPB-VISITANTE,24:36:DA:2B:BC:02,-89,6
24/04/2026,07:13:18,56,Auditório de Eng. Elétrica,EBEF98EB-HE8D94xvZh1AO1J,44:D2:44:DD:32:41,-91,11
24/04/2026,07:13:18,56,Auditório de Eng. Elétrica,SALA_MESTRADO,64:66:B3:62:EB:86,-92,1
24/04/2026,07:13:27,57,Auditório de Eng. Elétrica,Lab. de Sinais Digitais,18:D6:C7:F9:37:2F,-56,11
24/04/2026,07:13:27,57,Auditório de Eng. Elétrica,TP-Link_1324,7C:F1:7E:8D:13:22,-64,10
24/04/2026,07:13:27,57,Auditório de Eng. Elétrica,APTelefonia,58:10:8C:91:F3:AA,-69,1
24/04/2026,07:13:27,57,Auditório de Eng. Elétrica,UA2-MiniLab,60:32:B1:2D:66:C3,-70,10
24/04/2026,07:13:27,57,Auditório de Eng. Elétrica,IFPB,84:F1:47:54:F9:80,-71,11
24/04/2026,07:13:27,57,Auditório de Eng. Elétrica,IFPB-VISITANTE,84:F1:47:54:F9:82,-72,11
24/04/2026,07:13:27,57,Auditório de Eng. Elétrica,GPDS,00:26:5A:66:55:EF,-73,6
24/04/2026,07:13:27,57,Auditório de Eng. Elétrica,NPEF/NEPA,50:C7:BF:EF:56:8A,-74,3
24/04/2026,07:13:27,57,Auditório de Eng. Elétrica,EBF243D6-HE8D94yaFM1AOcS,44:D2:44:DD:32:49,-75,11
24/04/2026,07:13:27,57,Auditório de Eng. Elétrica,TP-Link_C3CB,D8:0D:17:3E:C3:CB,-76,4
24/04/2026,07:13:27,57,Auditório de Eng. Elétrica,Intelbras,18:0D:2C:7F:EB:AC,-77,7
24/04/2026,07:13:27,57,Auditório de Eng. Elétrica,IFPB,84:F1:47:54:8B:A0,-78,1
24/04/2026,07:13:27,57,Auditório de Eng. Elétrica,IFPB-VISITANTE,84:F1:47:54:8B:A2,-79,1
24/04/2026,07:13:27,57,Auditório de Eng. Elétrica,IFPB,84:F1:47:54:6B:80,-82,6
24/04/2026,07:13:27,57,Auditório de Eng. Elétrica,IFPB-VISITANTE,84:F1:47:54:6B:82,-82,6
24/04/2026,07:13:27,57,Auditório de Eng. Elétrica,IFPB-VISITANTE,84:F1:47:54:95:E2,-84,11
24/04/2026,07:13:27,57,Auditório de Eng. Elétrica,IFPB,24:36:DA:2B:5E:C0,-85,1
24/04/2026,07:13:27,57,Auditório de Eng. Elétrica,IFPB-VISITANTE,24:36:DA:2B:5E:C2,-85,1
24/04/2026,07:13:27,57,Auditório de Eng. Elétrica,IFPB-VISITANTE,84:F1:47:54:96:E2,-85,1
24/04/2026,07:13:27,57,Auditório de Eng. Elétrica,IFPB-Sala_Professor_14,24:FD:0D:57:19:26,-85,5
24/04/2026,07:13:27,57,Auditório de Eng. Elétrica,IFPB,84:F1:47:54:95:E0,-85,11
24/04/2026,07:13:28,57,Auditório de Eng. Elétrica,IFPB,84:F1:47:54:96:E0,-86,1
24/04/2026,07:13:28,57,Auditório de Eng. Elétrica,IFPB,84:F1:47:54:EB:20,-86,6
24/04/2026,07:13:28,57,Auditório de Eng. Elétrica,SALA_MESTRADO,64:66:B3:62:EB:86,-88,1
24/04/2026,07:13:28,57,Auditório de Eng. Elétrica,IFPB-VISITANTE,24:36:DA:2B:BC:02,-88,6
24/04/2026,07:13:28,57,Auditório de Eng. Elétrica,IFPB,24:36:DA:2B:BC:00,-88,6
24/04/2026,07:13:28,57,Auditório de Eng. Elétrica,IFPB-VISITANTE,84:F1:47:54:EB:22,-89,6
24/04/2026,07:13:28,57,Auditório de Eng. Elétrica,EBEF98EB-HE8D94xvZh1AO1J,44:D2:44:DD:32:41,-91,11
24/04/2026,07:13:37,58,Auditório de Eng. Elétrica,Lab. de Sinais Digitais,18:D6:C7:F9:37:2F,-54,11
24/04/2026,07:13:37,58,Auditório de Eng. Elétrica,TP-Link_1324,7C:F1:7E:8D:13:22,-62,10
24/04/2026,07:13:37,58,Auditório de Eng. Elétrica,APTelefonia,58:10:8C:91:F3:AA,-69,1
24/04/2026,07:13:37,58,Auditório de Eng. Elétrica,GPDS,00:26:5A:66:55:EF,-71,6
24/04/2026,07:13:37,58,Auditório de Eng. Elétrica,UA2-MiniLab,60:32:B1:2D:66:C3,-71,10
24/04/2026,07:13:37,58,Auditório de Eng. Elétrica,IFPB,84:F1:47:54:F9:80,-71,11
24/04/2026,07:13:37,58,Auditório de Eng. Elétrica,IFPB-VISITANTE,84:F1:47:54:F9:82,-71,11
24/04/2026,07:13:37,58,Auditório de Eng. Elétrica,NPEF/NEPA,50:C7:BF:EF:56:8A,-73,3
24/04/2026,07:13:37,58,Auditório de Eng. Elétrica,EBF243D6-HE8D94yaFM1AOcS,44:D2:44:DD:32:49,-76,11
24/04/2026,07:13:37,58,Auditório de Eng. Elétrica,IFPB,84:F1:47:54:8B:A0,-78,1
24/04/2026,07:13:38,58,Auditório de Eng. Elétrica,TP-Link_C3CB,D8:0D:17:3E:C3:CB,-78,4
24/04/2026,07:13:38,58,Auditório de Eng. Elétrica,Intelbras,18:0D:2C:7F:EB:AC,-78,7
24/04/2026,07:13:38,58,Auditório de Eng. Elétrica,IFPB-VISITANTE,84:F1:47:54:8B:A2,-79,1
24/04/2026,07:13:38,58,Auditório de Eng. Elétrica,IFPB-Sala_Professor_14,24:FD:0D:57:19:26,-81,5
24/04/2026,07:13:38,58,Auditório de Eng. Elétrica,IFPB,84:F1:47:54:6B:80,-81,6
24/04/2026,07:13:38,58,Auditório de Eng. Elétrica,IFPB-VISITANTE,84:F1:47:54:6B:82,-82,6
24/04/2026,07:13:38,58,Auditório de Eng. Elétrica,IFPB-VISITANTE,24:36:DA:2B:5E:C2,-84,1
24/04/2026,07:13:38,58,Auditório de Eng. Elétrica,IFPB,24:36:DA:2B:5E:C0,-84,1
24/04/2026,07:13:38,58,Auditório de Eng. Elétrica,IFPB,84:F1:47:54:95:E0,-84,11
24/04/2026,07:13:38,58,Auditório de Eng. Elétrica,IFPB,84:F1:47:54:96:E0,-85,1
24/04/2026,07:13:38,58,Auditório de Eng. Elétrica,IFPB-VISITANTE,84:F1:47:54:95:E2,-85,11
24/04/2026,07:13:38,58,Auditório de Eng. Elétrica,IFPB-VISITANTE,84:F1:47:54:96:E2,-86,1
24/04/2026,07:13:38,58,Auditório de Eng. Elétrica,IFPB,24:36:DA:2B:BC:00,-86,6
24/04/2026,07:13:38,58,Auditório de Eng. Elétrica,IFPB-VISITANTE,24:36:DA:2B:BC:02,-86,6
24/04/2026,07:13:38,58,Auditório de Eng. Elétrica,SALA_MESTRADO,64:66:B3:62:EB:86,-87,1
24/04/2026,07:13:38,58,Auditório de Eng. Elétrica,IFPB-VISITANTE,84:F1:47:54:EB:22,-90,6
24/04/2026,07:13:38,58,Auditório de Eng. Elétrica,EBEF98EB-HE8D94xvZh1AO1J,44:D2:44:DD:32:41,-90,11
24/04/2026,07:13:48,59,Auditório de Eng. Elétrica,Lab. de Sinais Digitais,18:D6:C7:F9:37:2F,-59,11
24/04/2026,07:13:48,59,Auditório de Eng. Elétrica,TP-Link_1324,7C:F1:7E:8D:13:22,-63,10
24/04/2026,07:13:48,59,Auditório de Eng. Elétrica,APTelefonia,58:10:8C:91:F3:AA,-67,1
24/04/2026,07:13:48,59,Auditório de Eng. Elétrica,IFPB,84:F1:47:54:F9:80,-70,11
24/04/2026,07:13:48,59,Auditório de Eng. Elétrica,IFPB-VISITANTE,84:F1:47:54:F9:82,-70,11
24/04/2026,07:13:48,59,Auditório de Eng. Elétrica,UA2-MiniLab,60:32:B1:2D:66:C3,-71,10
24/04/2026,07:13:48,59,Auditório de Eng. Elétrica,EBF243D6-HE8D94yaFM1AOcS,44:D2:44:DD:32:49,-72,11
24/04/2026,07:13:48,59,Auditório de Eng. Elétrica,GPDS,00:26:5A:66:55:EF,-74,6
24/04/2026,07:13:48,59,Auditório de Eng. Elétrica,NPEF/NEPA,50:C7:BF:EF:56:8A,-76,3
24/04/2026,07:13:48,59,Auditório de Eng. Elétrica,Intelbras,18:0D:2C:7F:EB:AC,-77,7
24/04/2026,07:13:48,59,Auditório de Eng. Elétrica,IFPB-VISITANTE,84:F1:47:54:8B:A2,-78,1
24/04/2026,07:13:48,59,Auditório de Eng. Elétrica,TP-Link_C3CB,D8:0D:17:3E:C3:CB,-78,4
24/04/2026,07:13:48,59,Auditório de Eng. Elétrica,IFPB,84:F1:47:54:8B:A0,-79,1
24/04/2026,07:13:48,59,Auditório de Eng. Elétrica,IFPB,84:F1:47:54:6B:80,-80,6
24/04/2026,07:13:48,59,Auditório de Eng. Elétrica,IFPB-VISITANTE,84:F1:47:54:6B:82,-81,6
24/04/2026,07:13:48,59,Auditório de Eng. Elétrica,IFPB-Sala_Professor_14,24:FD:0D:57:19:26,-82,5
24/04/2026,07:13:48,59,Auditório de Eng. Elétrica,IFPB-Sala_Professor_14,48:51:CF:81:B0:9E,-82,8
24/04/2026,07:13:48,59,Auditório de Eng. Elétrica,IFPB,84:F1:47:54:96:E0,-85,1
24/04/2026,07:13:48,59,Auditório de Eng. Elétrica,IFPB,24:36:DA:2B:5E:C0,-85,1
24/04/2026,07:13:48,59,Auditório de Eng. Elétrica,IFPB-VISITANTE,24:36:DA:2B:5E:C2,-85,1
24/04/2026,07:13:48,59,Auditório de Eng. Elétrica,IFPB-VISITANTE,84:F1:47:54:95:E2,-85,11
24/04/2026,07:13:48,59,Auditório de Eng. Elétrica,IFPB-VISITANTE,84:F1:47:54:96:E2,-86,1
24/04/2026,07:13:48,59,Auditório de Eng. Elétrica,IFPB,84:F1:47:54:EB:20,-86,6
24/04/2026,07:13:48,59,Auditório de Eng. Elétrica,IFPB,84:F1:47:54:95:E0,-86,11
24/04/2026,07:13:48,59,Auditório de Eng. Elétrica,IFPB-VISITANTE,84:F1:47:54:EB:22,-87,6
24/04/2026,07:13:48,59,Auditório de Eng. Elétrica,SALA_MESTRADO,64:66:B3:62:EB:86,-92,1
24/04/2026,07:13:48,59,Auditório de Eng. Elétrica,IFPB TCC,D8:5D:4C:86:7E:66,-96,1
24/04/2026,07:13:58,60,Auditório de Eng. Elétrica,Lab. de Sinais Digitais,18:D6:C7:F9:37:2F,-58,11
24/04/2026,07:13:58,60,Auditório de Eng. Elétrica,TP-Link_1324,7C:F1:7E:8D:13:22,-64,10
24/04/2026,07:13:58,60,Auditório de Eng. Elétrica,APTelefonia,58:10:8C:91:F3:AA,-68,1
24/04/2026,07:13:58,60,Auditório de Eng. Elétrica,IFPB,84:F1:47:54:F9:80,-71,11
24/04/2026,07:13:58,60,Auditório de Eng. Elétrica,IFPB-VISITANTE,84:F1:47:54:F9:82,-71,11
24/04/2026,07:13:58,60,Auditório de Eng. Elétrica,GPDS,00:26:5A:66:55:EF,-72,6
24/04/2026,07:13:58,60,Auditório de Eng. Elétrica,UA2-MiniLab,60:32:B1:2D:66:C3,-74,10
24/04/2026,07:13:58,60,Auditório de Eng. Elétrica,TP-Link_C3CB,D8:0D:17:3E:C3:CB,-75,4
24/04/2026,07:13:58,60,Auditório de Eng. Elétrica,Intelbras,18:0D:2C:7F:EB:AC,-76,7
24/04/2026,07:13:58,60,Auditório de Eng. Elétrica,EBF243D6-HE8D94yaFM1AOcS,44:D2:44:DD:32:49,-77,11
24/04/2026,07:13:58,60,Auditório de Eng. Elétrica,NPEF/NEPA,50:C7:BF:EF:56:8A,-78,3
24/04/2026,07:13:58,60,Auditório de Eng. Elétrica,IFPB,84:F1:47:54:8B:A0,-80,1
24/04/2026,07:13:58,60,Auditório de Eng. Elétrica,IFPB-VISITANTE,84:F1:47:54:8B:A2,-80,1
24/04/2026,07:13:58,60,Auditório de Eng. Elétrica,IFPB-Sala_Professor_14,24:FD:0D:57:19:26,-81,5
24/04/2026,07:13:58,60,Auditório de Eng. Elétrica,IFPB,84:F1:47:54:6B:80,-82,6
24/04/2026,07:13:58,60,Auditório de Eng. Elétrica,IFPB,24:36:DA:2B:5E:C0,-83,1
24/04/2026,07:13:58,60,Auditório de Eng. Elétrica,IFPB-VISITANTE,84:F1:47:54:6B:82,-83,6
24/04/2026,07:13:58,60,Auditório de Eng. Elétrica,IFPB-VISITANTE,24:36:DA:2B:5E:C2,-84,1
24/04/2026,07:13:58,60,Auditório de Eng. Elétrica,IFPB,84:F1:47:54:96:E0,-84,1
24/04/2026,07:13:58,60,Auditório de Eng. Elétrica,SALA_MESTRADO,64:66:B3:62:EB:86,-85,1
24/04/2026,07:13:58,60,Auditório de Eng. Elétrica,IFPB-VISITANTE,84:F1:47:54:96:E2,-85,1
24/04/2026,07:13:58,60,Auditório de Eng. Elétrica,IFPB,84:F1:47:54:95:E0,-86,11
24/04/2026,07:13:58,60,Auditório de Eng. Elétrica,IFPB-VISITANTE,84:F1:47:54:95:E2,-86,11
24/04/2026,07:13:58,60,Auditório de Eng. Elétrica,IFPB-VISITANTE,24:36:DA:2B:BC:02,-87,6
24/04/2026,07:13:58,60,Auditório de Eng. Elétrica,IFPB,24:36:DA:2B:BC:00,-88,6
24/04/2026,07:13:58,60,Auditório de Eng. Elétrica,IFPB-VISITANTE,84:F1:47:54:EB:22,-89,6
24/04/2026,07:13:58,60,Auditório de Eng. Elétrica,IFPB TCC,D8:5D:4C:86:7E:66,-95,1
24/04/2026,07:14:21,61,Lab. de Instrumentação biomédica,TP-Link_1324,7C:F1:7E:8D:13:22,-57,10
24/04/2026,07:14:21,61,Lab. de Instrumentação biomédica,APTelefonia,58:10:8C:91:F3:AA,-63,1
24/04/2026,07:14:21,61,Lab. de Instrumentação biomédica,Lab. de Sinais Digitais,18:D6:C7:F9:37:2F,-64,11
24/04/2026,07:14:21,61,Lab. de Instrumentação biomédica,GPDS,00:26:5A:66:55:EF,-69,6
24/04/2026,07:14:21,61,Lab. de Instrumentação biomédica,Intelbras,18:0D:2C:7F:EB:AC,-70,7
24/04/2026,07:14:21,61,Lab. de Instrumentação biomédica,IFPB,84:F1:47:54:96:E0,-72,1
24/04/2026,07:14:21,61,Lab. de Instrumentação biomédica,IFPB-VISITANTE,84:F1:47:54:96:E2,-72,1
24/04/2026,07:14:21,61,Lab. de Instrumentação biomédica,NPEF/NEPA,50:C7:BF:EF:56:8A,-77,3
24/04/2026,07:14:21,61,Lab. de Instrumentação biomédica,IFPB-VISITANTE,24:36:DA:2B:BC:02,-77,6
24/04/2026,07:14:21,61,Lab. de Instrumentação biomédica,IFPB,E4:4E:2D:85:4C:60,-77,11
24/04/2026,07:14:21,61,Lab. de Instrumentação biomédica,IFPB,24:36:DA:2B:BC:00,-78,6
24/04/2026,07:14:21,61,Lab. de Instrumentação biomédica,IFPB-VISITANTE,E4:4E:2D:85:4C:62,-78,11
24/04/2026,07:14:21,61,Lab. de Instrumentação biomédica,IFPB-VISITANTE,84:F1:47:54:8B:A2,-81,1
24/04/2026,07:14:21,61,Lab. de Instrumentação biomédica,IFPB,84:F1:47:54:8B:A0,-82,1
24/04/2026,07:14:21,61,Lab. de Instrumentação biomédica,UA2-MiniLab,60:32:B1:2D:66:C3,-83,10
24/04/2026,07:14:21,61,Lab. de Instrumentação biomédica,SALA_MESTRADO,64:66:B3:62:EB:86,-84,1
24/04/2026,07:14:21,61,Lab. de Instrumentação biomédica,IFPB,24:36:DA:2B:5E:C0,-85,1
24/04/2026,07:14:21,61,Lab. de Instrumentação biomédica,IFPB-VISITANTE,24:36:DA:2B:5E:C2,-85,1
24/04/2026,07:14:21,61,Lab. de Instrumentação biomédica,TP-Link_C3CB,D8:0D:17:3E:C3:CB,-85,4
24/04/2026,07:14:21,61,Lab. de Instrumentação biomédica,IFPB-Sala_Professor_14,24:FD:0D:57:19:26,-85,5
24/04/2026,07:14:21,61,Lab. de Instrumentação biomédica,IFPB,84:F1:47:54:6B:80,-86,6
24/04/2026,07:14:21,61,Lab. de Instrumentação biomédica,IFPB-VISITANTE,84:F1:47:54:6B:82,-86,6
24/04/2026,07:14:21,61,Lab. de Instrumentação biomédica,IFPB,84:F1:47:54:F9:80,-86,11
24/04/2026,07:14:21,61,Lab. de Instrumentação biomédica,IFPB-VISITANTE,84:F1:47:54:F9:82,-86,11
24/04/2026,07:14:21,61,Lab. de Instrumentação biomédica,IFPB TCC,D8:5D:4C:86:7E:66,-89,1
24/04/2026,07:14:21,61,Lab. de Instrumentação biomédica,EBF243D6-HE8D94yaFM1AOcS,44:D2:44:DD:32:49,-89,11
24/04/2026,07:14:31,62,Lab. de Instrumentação biomédica,TP-Link_1324,7C:F1:7E:8D:13:22,-55,10
24/04/2026,07:14:31,62,Lab. de Instrumentação biomédica,APTelefonia,58:10:8C:91:F3:AA,-56,1
24/04/2026,07:14:31,62,Lab. de Instrumentação biomédica,Lab. de Sinais Digitais,18:D6:C7:F9:37:2F,-65,11
24/04/2026,07:14:31,62,Lab. de Instrumentação biomédica,GPDS,00:26:5A:66:55:EF,-69,6
24/04/2026,07:14:31,62,Lab. de Instrumentação biomédica,Intelbras,18:0D:2C:7F:EB:AC,-70,7
24/04/2026,07:14:31,62,Lab. de Instrumentação biomédica,IFPB-VISITANTE,84:F1:47:54:96:E2,-71,1
24/04/2026,07:14:31,62,Lab. de Instrumentação biomédica,IFPB,84:F1:47:54:96:E0,-72,1
24/04/2026,07:14:31,62,Lab. de Instrumentação biomédica,NPEF/NEPA,50:C7:BF:EF:56:8A,-76,3
24/04/2026,07:14:31,62,Lab. de Instrumentação biomédica,IFPB-VISITANTE,24:36:DA:2B:BC:02,-78,6
24/04/2026,07:14:31,62,Lab. de Instrumentação biomédica,IFPB,24:36:DA:2B:BC:00,-79,6
24/04/2026,07:14:31,62,Lab. de Instrumentação biomédica,IFPB-VISITANTE,E4:4E:2D:85:4C:62,-80,11
24/04/2026,07:14:31,62,Lab. de Instrumentação biomédica,IFPB,84:F1:47:54:8B:A0,-81,1
24/04/2026,07:14:31,62,Lab. de Instrumentação biomédica,IFPB-VISITANTE,84:F1:47:54:F9:82,-81,11
24/04/2026,07:14:31,62,Lab. de Instrumentação biomédica,IFPB-VISITANTE,84:F1:47:54:8B:A2,-82,1
24/04/2026,07:14:31,62,Lab. de Instrumentação biomédica,IFPB,84:F1:47:54:F9:80,-82,11
24/04/2026,07:14:31,62,Lab. de Instrumentação biomédica,UA2-MiniLab,60:32:B1:2D:66:C3,-83,10
24/04/2026,07:14:31,62,Lab. de Instrumentação biomédica,SALA_MESTRADO,64:66:B3:62:EB:86,-84,1
24/04/2026,07:14:31,62,Lab. de Instrumentação biomédica,EBF243D6-HE8D94yaFM1AOcS,44:D2:44:DD:32:49,-84,11
24/04/2026,07:14:31,62,Lab. de Instrumentação biomédica,IFPB-Sala_Professor_14,24:FD:0D:57:19:26,-85,5
24/04/2026,07:14:31,62,Lab. de Instrumentação biomédica,TP-Link_C3CB,D8:0D:17:3E:C3:CB,-86,4
24/04/2026,07:14:31,62,Lab. de Instrumentação biomédica,IFPB-VISITANTE,84:F1:47:54:6B:82,-86,6
24/04/2026,07:14:31,62,Lab. de Instrumentação biomédica,IFPB,84:F1:47:54:6B:80,-86,6
24/04/2026,07:14:31,62,Lab. de Instrumentação biomédica,IFPB TCC,D8:5D:4C:86:7E:66,-87,1
24/04/2026,07:14:31,62,Lab. de Instrumentação biomédica,IFPB-VISITANTE,24:36:DA:2B:5E:C2,-88,1
24/04/2026,07:14:31,62,Lab. de Instrumentação biomédica,IFPB,24:36:DA:2B:5E:C0,-90,1
24/04/2026,07:14:31,62,Lab. de Instrumentação biomédica,LIMPEZA,54:E6:FC:CF:22:DE,-91,6
24/04/2026,07:14:31,62,Lab. de Instrumentação biomédica,EBEF98EB-HE8D94xvZh1AO1J,44:D2:44:DD:32:41,-96,11
24/04/2026,07:14:41,63,Lab. de Instrumentação biomédica,TP-Link_1324,7C:F1:7E:8D:13:22,-55,10
24/04/2026,07:14:41,63,Lab. de Instrumentação biomédica,APTelefonia,58:10:8C:91:F3:AA,-57,1
24/04/2026,07:14:41,63,Lab. de Instrumentação biomédica,Lab. de Sinais Digitais,18:D6:C7:F9:37:2F,-64,11
24/04/2026,07:14:41,63,Lab. de Instrumentação biomédica,GPDS,00:26:5A:66:55:EF,-69,6
24/04/2026,07:14:41,63,Lab. de Instrumentação biomédica,Intelbras,18:0D:2C:7F:EB:AC,-69,7
24/04/2026,07:14:41,63,Lab. de Instrumentação biomédica,IFPB,84:F1:47:54:96:E0,-73,1
24/04/2026,07:14:41,63,Lab. de Instrumentação biomédica,IFPB-VISITANTE,84:F1:47:54:96:E2,-73,1
24/04/2026,07:14:41,63,Lab. de Instrumentação biomédica,NPEF/NEPA,50:C7:BF:EF:56:8A,-77,3
24/04/2026,07:14:41,63,Lab. de Instrumentação biomédica,IFPB,24:36:DA:2B:BC:00,-78,6
24/04/2026,07:14:41,63,Lab. de Instrumentação biomédica,IFPB-VISITANTE,24:36:DA:2B:BC:02,-78,6
24/04/2026,07:14:41,63,Lab. de Instrumentação biomédica,IFPB,84:F1:47:54:8B:A0,-81,1
24/04/2026,07:14:41,63,Lab. de Instrumentação biomédica,IFPB-VISITANTE,E4:4E:2D:85:4C:62,-81,11
24/04/2026,07:14:41,63,Lab. de Instrumentação biomédica,IFPB-VISITANTE,84:F1:47:54:8B:A2,-82,1
24/04/2026,07:14:41,63,Lab. de Instrumentação biomédica,IFPB,E4:4E:2D:85:4C:60,-82,11
24/04/2026,07:14:41,63,Lab. de Instrumentação biomédica,IFPB,84:F1:47:54:F9:80,-83,11
24/04/2026,07:14:41,63,Lab. de Instrumentação biomédica,SALA_MESTRADO,64:66:B3:62:EB:86,-84,1
24/04/2026,07:14:41,63,Lab. de Instrumentação biomédica,TP-Link_C3CB,D8:0D:17:3E:C3:CB,-84,4
24/04/2026,07:14:41,63,Lab. de Instrumentação biomédica,IFPB-VISITANTE,84:F1:47:54:F9:82,-84,11
24/04/2026,07:14:41,63,Lab. de Instrumentação biomédica,IFPB,84:F1:47:54:6B:80,-85,6
24/04/2026,07:14:41,63,Lab. de Instrumentação biomédica,IFPB-VISITANTE,84:F1:47:54:6B:82,-85,6
24/04/2026,07:14:41,63,Lab. de Instrumentação biomédica,UA2-MiniLab,60:32:B1:2D:66:C3,-85,10
24/04/2026,07:14:41,63,Lab. de Instrumentação biomédica,EBF243D6-HE8D94yaFM1AOcS,44:D2:44:DD:32:49,-86,11
24/04/2026,07:14:41,63,Lab. de Instrumentação biomédica,IFPB-VISITANTE,24:36:DA:2B:5E:C2,-87,1
24/04/2026,07:14:41,63,Lab. de Instrumentação biomédica,IFPB TCC,D8:5D:4C:86:7E:66,-88,1
24/04/2026,07:14:41,63,Lab. de Instrumentação biomédica,IFPB-Sala_Professor_14,24:FD:0D:57:19:26,-89,5
24/04/2026,07:14:41,63,Lab. de Instrumentação biomédica,IFPB,24:36:DA:2B:5E:C0,-90,1
24/04/2026,07:14:41,63,Lab. de Instrumentação biomédica,LIMPEZA,54:E6:FC:CF:22:DE,-93,6
24/04/2026,07:14:51,64,Lab. de Instrumentação biomédica,TP-Link_1324,7C:F1:7E:8D:13:22,-53,10
24/04/2026,07:14:51,64,Lab. de Instrumentação biomédica,APTelefonia,58:10:8C:91:F3:AA,-58,1
24/04/2026,07:14:51,64,Lab. de Instrumentação biomédica,Lab. de Sinais Digitais,18:D6:C7:F9:37:2F,-67,11
24/04/2026,07:14:51,64,Lab. de Instrumentação biomédica,GPDS,00:26:5A:66:55:EF,-69,6
24/04/2026,07:14:51,64,Lab. de Instrumentação biomédica,Intelbras,18:0D:2C:7F:EB:AC,-70,7
24/04/2026,07:14:51,64,Lab. de Instrumentação biomédica,IFPB,84:F1:47:54:96:E0,-74,1
24/04/2026,07:14:51,64,Lab. de Instrumentação biomédica,IFPB-VISITANTE,84:F1:47:54:96:E2,-74,1
24/04/2026,07:14:51,64,Lab. de Instrumentação biomédica,NPEF/NEPA,50:C7:BF:EF:56:8A,-77,3
24/04/2026,07:14:51,64,Lab. de Instrumentação biomédica,IFPB-VISITANTE,24:36:DA:2B:BC:02,-78,6
24/04/2026,07:14:51,64,Lab. de Instrumentação biomédica,IFPB,24:36:DA:2B:BC:00,-79,6
24/04/2026,07:14:51,64,Lab. de Instrumentação biomédica,IFPB,84:F1:47:54:F9:80,-80,11
24/04/2026,07:14:51,64,Lab. de Instrumentação biomédica,IFPB-Sala_Professor_14,24:FD:0D:57:19:26,-82,5
24/04/2026,07:14:51,64,Lab. de Instrumentação biomédica,IFPB-VISITANTE,84:F1:47:54:F9:82,-82,11
24/04/2026,07:14:51,64,Lab. de Instrumentação biomédica,SALA_MESTRADO,64:66:B3:62:EB:86,-83,1
24/04/2026,07:14:51,64,Lab. de Instrumentação biomédica,UA2-MiniLab,60:32:B1:2D:66:C3,-83,10
24/04/2026,07:14:51,64,Lab. de Instrumentação biomédica,TP-Link_C3CB,D8:0D:17:3E:C3:CB,-84,4
24/04/2026,07:14:51,64,Lab. de Instrumentação biomédica,IFPB,E4:4E:2D:85:4C:60,-84,11
24/04/2026,07:14:51,64,Lab. de Instrumentação biomédica,IFPB-VISITANTE,E4:4E:2D:85:4C:62,-84,11
24/04/2026,07:14:51,64,Lab. de Instrumentação biomédica,IFPB-VISITANTE,84:F1:47:54:6B:82,-85,6
24/04/2026,07:14:51,64,Lab. de Instrumentação biomédica,IFPB,84:F1:47:54:6B:80,-85,6
24/04/2026,07:14:51,64,Lab. de Instrumentação biomédica,IFPB-VISITANTE,84:F1:47:54:8B:A2,-87,1
24/04/2026,07:14:51,64,Lab. de Instrumentação biomédica,IFPB,24:36:DA:2B:5E:C0,-87,1
24/04/2026,07:14:51,64,Lab. de Instrumentação biomédica,IFPB-VISITANTE,24:36:DA:2B:5E:C2,-88,1
24/04/2026,07:14:51,64,Lab. de Instrumentação biomédica,IFPB,84:F1:47:54:8B:A0,-88,1
24/04/2026,07:14:51,64,Lab. de Instrumentação biomédica,IFPB TCC,D8:5D:4C:86:7E:66,-89,1
24/04/2026,07:14:51,64,Lab. de Instrumentação biomédica,LIMPEZA,54:E6:FC:CF:22:DE,-90,6
24/04/2026,07:14:51,64,Lab. de Instrumentação biomédica,EBF243D6-HE8D94yaFM1AOcS,44:D2:44:DD:32:49,-90,11
24/04/2026,07:14:51,64,Lab. de Instrumentação biomédica,EBEF98EB-HE8D94xvZh1AO1J,44:D2:44:DD:32:41,-94,11
24/04/2026,07:15:01,65,Lab. de Instrumentação biomédica,APTelefonia,58:10:8C:91:F3:AA,-56,1
24/04/2026,07:15:01,65,Lab. de Instrumentação biomédica,TP-Link_1324,7C:F1:7E:8D:13:22,-58,10
24/04/2026,07:15:01,65,Lab. de Instrumentação biomédica,Lab. de Sinais Digitais,18:D6:C7:F9:37:2F,-66,11
24/04/2026,07:15:01,65,Lab. de Instrumentação biomédica,GPDS,00:26:5A:66:55:EF,-69,6
24/04/2026,07:15:01,65,Lab. de Instrumentação biomédica,Intelbras,18:0D:2C:7F:EB:AC,-70,7
24/04/2026,07:15:01,65,Lab. de Instrumentação biomédica,IFPB,84:F1:47:54:96:E0,-77,1
24/04/2026,07:15:01,65,Lab. de Instrumentação biomédica,IFPB-VISITANTE,84:F1:47:54:96:E2,-77,1
24/04/2026,07:15:01,65,Lab. de Instrumentação biomédica,NPEF/NEPA,50:C7:BF:EF:56:8A,-79,3
24/04/2026,07:15:01,65,Lab. de Instrumentação biomédica,IFPB,24:36:DA:2B:BC:00,-79,6
24/04/2026,07:15:01,65,Lab. de Instrumentação biomédica,IFPB-VISITANTE,24:36:DA:2B:BC:02,-79,6
24/04/2026,07:15:01,65,Lab. de Instrumentação biomédica,IFPB,E4:4E:2D:85:4C:60,-81,11
24/04/2026,07:15:01,65,Lab. de Instrumentação biomédica,IFPB-VISITANTE,E4:4E:2D:85:4C:62,-82,11
24/04/2026,07:15:01,65,Lab. de Instrumentação biomédica,IFPB,84:F1:47:54:8B:A0,-83,1
24/04/2026,07:15:01,65,Lab. de Instrumentação biomédica,IFPB-VISITANTE,84:F1:47:54:8B:A2,-83,1
24/04/2026,07:15:01,65,Lab. de Instrumentação biomédica,IFPB-Sala_Professor_14,24:FD:0D:57:19:26,-84,5
24/04/2026,07:15:01,65,Lab. de Instrumentação biomédica,IFPB,84:F1:47:54:6B:80,-84,6
24/04/2026,07:15:01,65,Lab. de Instrumentação biomédica,IFPB-VISITANTE,84:F1:47:54:F9:82,-84,11
24/04/2026,07:15:01,65,Lab. de Instrumentação biomédica,SALA_MESTRADO,64:66:B3:62:EB:86,-85,1
24/04/2026,07:15:01,65,Lab. de Instrumentação biomédica,TP-Link_C3CB,D8:0D:17:3E:C3:CB,-85,4
24/04/2026,07:15:01,65,Lab. de Instrumentação biomédica,IFPB,84:F1:47:54:F9:80,-85,11
24/04/2026,07:15:01,65,Lab. de Instrumentação biomédica,IFPB-VISITANTE,84:F1:47:54:6B:82,-86,6
24/04/2026,07:15:02,65,Lab. de Instrumentação biomédica,EBF243D6-HE8D94yaFM1AOcS,44:D2:44:DD:32:49,-86,11
24/04/2026,07:15:02,65,Lab. de Instrumentação biomédica,UA2-MiniLab,60:32:B1:2D:66:C3,-87,10
24/04/2026,07:15:02,65,Lab. de Instrumentação biomédica,IFPB TCC,D8:5D:4C:86:7E:66,-88,1
24/04/2026,07:15:02,65,Lab. de Instrumentação biomédica,IFPB-VISITANTE,24:36:DA:2B:5E:C2,-89,1
24/04/2026,07:15:02,65,Lab. de Instrumentação biomédica,IFPB,24:36:DA:2B:5E:C0,-89,1
24/04/2026,07:15:02,65,Lab. de Instrumentação biomédica,LIMPEZA,54:E6:FC:CF:22:DE,-90,6
24/04/2026,07:15:11,66,Lab. de Instrumentação biomédica,APTelefonia,58:10:8C:91:F3:AA,-58,1
24/04/2026,07:15:11,66,Lab. de Instrumentação biomédica,TP-Link_1324,7C:F1:7E:8D:13:22,-60,10
24/04/2026,07:15:11,66,Lab. de Instrumentação biomédica,Lab. de Sinais Digitais,18:D6:C7:F9:37:2F,-64,11
24/04/2026,07:15:11,66,Lab. de Instrumentação biomédica,Intelbras,18:0D:2C:7F:EB:AC,-68,7
24/04/2026,07:15:11,66,Lab. de Instrumentação biomédica,GPDS,00:26:5A:66:55:EF,-70,6
24/04/2026,07:15:11,66,Lab. de Instrumentação biomédica,IFPB-VISITANTE,84:F1:47:54:96:E2,-78,1
24/04/2026,07:15:11,66,Lab. de Instrumentação biomédica,NPEF/NEPA,50:C7:BF:EF:56:8A,-78,3
24/04/2026,07:15:11,66,Lab. de Instrumentação biomédica,IFPB,84:F1:47:54:96:E0,-79,1
24/04/2026,07:15:11,66,Lab. de Instrumentação biomédica,IFPB,24:36:DA:2B:BC:00,-80,6
24/04/2026,07:15:11,66,Lab. de Instrumentação biomédica,IFPB-VISITANTE,24:36:DA:2B:BC:02,-80,6
24/04/2026,07:15:11,66,Lab. de Instrumentação biomédica,SALA_MESTRADO,64:66:B3:62:EB:86,-81,1
24/04/2026,07:15:12,66,Lab. de Instrumentação biomédica,IFPB-VISITANTE,84:F1:47:54:8B:A2,-81,1
24/04/2026,07:15:12,66,Lab. de Instrumentação biomédica,IFPB,84:F1:47:54:8B:A0,-82,1
24/04/2026,07:15:12,66,Lab. de Instrumentação biomédica,IFPB-VISITANTE,E4:4E:2D:85:4C:62,-82,11
24/04/2026,07:15:12,66,Lab. de Instrumentação biomédica,IFPB,E4:4E:2D:85:4C:60,-82,11
24/04/2026,07:15:12,66,Lab. de Instrumentação biomédica,IFPB-Sala_Professor_14,24:FD:0D:57:19:26,-84,5
24/04/2026,07:15:12,66,Lab. de Instrumentação biomédica,UA2-MiniLab,60:32:B1:2D:66:C3,-84,10
24/04/2026,07:15:12,66,Lab. de Instrumentação biomédica,TP-Link_C3CB,D8:0D:17:3E:C3:CB,-85,4
24/04/2026,07:15:12,66,Lab. de Instrumentação biomédica,IFPB-VISITANTE,84:F1:47:54:6B:82,-85,6
24/04/2026,07:15:12,66,Lab. de Instrumentação biomédica,IFPB,84:F1:47:54:6B:80,-85,6
24/04/2026,07:15:12,66,Lab. de Instrumentação biomédica,IFPB,84:F1:47:54:F9:80,-85,11
24/04/2026,07:15:12,66,Lab. de Instrumentação biomédica,IFPB-VISITANTE,84:F1:47:54:F9:82,-85,11
24/04/2026,07:15:12,66,Lab. de Instrumentação biomédica,EBF243D6-HE8D94yaFM1AOcS,44:D2:44:DD:32:49,-87,11
24/04/2026,07:15:12,66,Lab. de Instrumentação biomédica,IFPB TCC,D8:5D:4C:86:7E:66,-88,1
24/04/2026,07:15:12,66,Lab. de Instrumentação biomédica,LIMPEZA,54:E6:FC:CF:22:DE,-88,6
24/04/2026,07:15:12,66,Lab. de Instrumentação biomédica,IFPB,24:36:DA:2B:5E:C0,-89,1
24/04/2026,07:15:21,67,Lab. de Instrumentação biomédica,TP-Link_1324,7C:F1:7E:8D:13:22,-57,10
24/04/2026,07:15:21,67,Lab. de Instrumentação biomédica,APTelefonia,58:10:8C:91:F3:AA,-58,1
24/04/2026,07:15:21,67,Lab. de Instrumentação biomédica,Lab. de Sinais Digitais,18:D6:C7:F9:37:2F,-64,11
24/04/2026,07:15:21,67,Lab. de Instrumentação biomédica,GPDS,00:26:5A:66:55:EF,-70,6
24/04/2026,07:15:21,67,Lab. de Instrumentação biomédica,Intelbras,18:0D:2C:7F:EB:AC,-71,7
24/04/2026,07:15:22,67,Lab. de Instrumentação biomédica,IFPB,84:F1:47:54:96:E0,-72,1
24/04/2026,07:15:22,67,Lab. de Instrumentação biomédica,IFPB-VISITANTE,84:F1:47:54:96:E2,-73,1
24/04/2026,07:15:22,67,Lab. de Instrumentação biomédica,NPEF/NEPA,50:C7:BF:EF:56:8A,-77,3
24/04/2026,07:15:22,67,Lab. de Instrumentação biomédica,IFPB-VISITANTE,24:36:DA:2B:BC:02,-79,6
24/04/2026,07:15:22,67,Lab. de Instrumentação biomédica,SALA_MESTRADO,64:66:B3:62:EB:86,-80,1
24/04/2026,07:15:22,67,Lab. de Instrumentação biomédica,IFPB,24:36:DA:2B:BC:00,-80,6
24/04/2026,07:15:22,67,Lab. de Instrumentação biomédica,IFPB,84:F1:47:54:8B:A0,-81,1
24/04/2026,07:15:22,67,Lab. de Instrumentação biomédica,IFPB-VISITANTE,84:F1:47:54:8B:A2,-81,1
24/04/2026,07:15:22,67,Lab. de Instrumentação biomédica,IFPB-Sala_Professor_14,24:FD:0D:57:19:26,-82,5
24/04/2026,07:15:22,67,Lab. de Instrumentação biomédica,IFPB,E4:4E:2D:85:4C:60,-82,11
24/04/2026,07:15:22,67,Lab. de Instrumentação biomédica,IFPB-VISITANTE,E4:4E:2D:85:4C:62,-82,11
24/04/2026,07:15:22,67,Lab. de Instrumentação biomédica,UA2-MiniLab,60:32:B1:2D:66:C3,-84,10
24/04/2026,07:15:22,67,Lab. de Instrumentação biomédica,IFPB,84:F1:47:54:F9:80,-84,11
24/04/2026,07:15:22,67,Lab. de Instrumentação biomédica,IFPB-VISITANTE,84:F1:47:54:F9:82,-84,11
24/04/2026,07:15:22,67,Lab. de Instrumentação biomédica,TP-Link_C3CB,D8:0D:17:3E:C3:CB,-85,4
24/04/2026,07:15:22,67,Lab. de Instrumentação biomédica,IFPB,84:F1:47:54:6B:80,-86,6
24/04/2026,07:15:22,67,Lab. de Instrumentação biomédica,IFPB-VISITANTE,84:F1:47:54:6B:82,-87,6
24/04/2026,07:15:22,67,Lab. de Instrumentação biomédica,IFPB TCC,D8:5D:4C:86:7E:66,-88,1
24/04/2026,07:15:22,67,Lab. de Instrumentação biomédica,EBF243D6-HE8D94yaFM1AOcS,44:D2:44:DD:32:49,-88,11
24/04/2026,07:15:22,67,Lab. de Instrumentação biomédica,LIMPEZA,54:E6:FC:CF:22:DE,-90,6
24/04/2026,07:15:22,67,Lab. de Instrumentação biomédica,NUNYA_Room_2.4GHz,CC:32:E5:0C:FC:2B,-94,9
24/04/2026,07:15:32,68,Lab. de Instrumentação biomédica,TP-Link_1324,7C:F1:7E:8D:13:22,-54,10
24/04/2026,07:15:32,68,Lab. de Instrumentação biomédica,APTelefonia,58:10:8C:91:F3:AA,-61,1
24/04/2026,07:15:32,68,Lab. de Instrumentação biomédica,Lab. de Sinais Digitais,18:D6:C7:F9:37:2F,-66,11
24/04/2026,07:15:32,68,Lab. de Instrumentação biomédica,IFPB,84:F1:47:54:96:E0,-71,1
24/04/2026,07:15:32,68,Lab. de Instrumentação biomédica,GPDS,00:26:5A:66:55:EF,-71,6
24/04/2026,07:15:32,68,Lab. de Instrumentação biomédica,Intelbras,18:0D:2C:7F:EB:AC,-71,7
24/04/2026,07:15:32,68,Lab. de Instrumentação biomédica,IFPB-VISITANTE,84:F1:47:54:96:E2,-72,1
24/04/2026,07:15:32,68,Lab. de Instrumentação biomédica,NPEF/NEPA,50:C7:BF:EF:56:8A,-76,3
24/04/2026,07:15:32,68,Lab. de Instrumentação biomédica,IFPB-VISITANTE,24:36:DA:2B:BC:02,-77,6
24/04/2026,07:15:32,68,Lab. de Instrumentação biomédica,IFPB,24:36:DA:2B:BC:00,-77,6
24/04/2026,07:15:32,68,Lab. de Instrumentação biomédica,UA2-MiniLab,60:32:B1:2D:66:C3,-80,10
24/04/2026,07:15:32,68,Lab. de Instrumentação biomédica,IFPB,84:F1:47:54:F9:80,-80,11
24/04/2026,07:15:32,68,Lab. de Instrumentação biomédica,IFPB-VISITANTE,84:F1:47:54:F9:82,-80,11
24/04/2026,07:15:32,68,Lab. de Instrumentação biomédica,IFPB,E4:4E:2D:85:4C:60,-80,11
24/04/2026,07:15:32,68,Lab. de Instrumentação biomédica,IFPB-VISITANTE,E4:4E:2D:85:4C:62,-81,11
24/04/2026,07:15:32,68,Lab. de Instrumentação biomédica,SALA_MESTRADO,64:66:B3:62:EB:86,-82,1
24/04/2026,07:15:32,68,Lab. de Instrumentação biomédica,IFPB-VISITANTE,84:F1:47:54:8B:A2,-83,1
24/04/2026,07:15:32,68,Lab. de Instrumentação biomédica,TP-Link_C3CB,D8:0D:17:3E:C3:CB,-83,4
24/04/2026,07:15:32,68,Lab. de Instrumentação biomédica,IFPB,84:F1:47:54:8B:A0,-84,1
24/04/2026,07:15:32,68,Lab. de Instrumentação biomédica,IFPB,24:36:DA:2B:5E:C0,-85,1
24/04/2026,07:15:32,68,Lab. de Instrumentação biomédica,IFPB-Sala_Professor_14,24:FD:0D:57:19:26,-85,5
24/04/2026,07:15:32,68,Lab. de Instrumentação biomédica,IFPB-VISITANTE,84:F1:47:54:6B:82,-85,6
24/04/2026,07:15:32,68,Lab. de Instrumentação biomédica,IFPB,84:F1:47:54:6B:80,-85,6
24/04/2026,07:15:32,68,Lab. de Instrumentação biomédica,IFPB-VISITANTE,24:36:DA:2B:5E:C2,-86,1
24/04/2026,07:15:32,68,Lab. de Instrumentação biomédica,IFPB TCC,D8:5D:4C:86:7E:66,-89,1
24/04/2026,07:15:32,68,Lab. de Instrumentação biomédica,EBF243D6-HE8D94yaFM1AOcS,44:D2:44:DD:32:49,-92,11
24/04/2026,07:15:32,68,Lab. de Instrumentação biomédica,LIMPEZA,54:E6:FC:CF:22:DE,-93,6
24/04/2026,07:15:32,68,Lab. de Instrumentação biomédica,NUNYA_Room_2.4GHz,CC:32:E5:0C:FC:2B,-95,9
24/04/2026,07:15:32,68,Lab. de Instrumentação biomédica,EBEF98EB-HE8D94xvZh1AO1J,44:D2:44:DD:32:41,-97,11
24/04/2026,07:15:42,69,Lab. de Instrumentação biomédica,TP-Link_1324,7C:F1:7E:8D:13:22,-56,10
24/04/2026,07:15:42,69,Lab. de Instrumentação biomédica,APTelefonia,58:10:8C:91:F3:AA,-60,1
24/04/2026,07:15:42,69,Lab. de Instrumentação biomédica,Lab. de Sinais Digitais,18:D6:C7:F9:37:2F,-64,11
24/04/2026,07:15:42,69,Lab. de Instrumentação biomédica,Intelbras,18:0D:2C:7F:EB:AC,-68,7
24/04/2026,07:15:42,69,Lab. de Instrumentação biomédica,GPDS,00:26:5A:66:55:EF,-69,6
24/04/2026,07:15:42,69,Lab. de Instrumentação biomédica,IFPB,84:F1:47:54:96:E0,-71,1
24/04/2026,07:15:42,69,Lab. de Instrumentação biomédica,IFPB-VISITANTE,84:F1:47:54:96:E2,-71,1
24/04/2026,07:15:42,69,Lab. de Instrumentação biomédica,NPEF/NEPA,50:C7:BF:EF:56:8A,-76,3
24/04/2026,07:15:42,69,Lab. de Instrumentação biomédica,IFPB-VISITANTE,24:36:DA:2B:BC:02,-77,6
24/04/2026,07:15:42,69,Lab. de Instrumentação biomédica,IFPB,24:36:DA:2B:BC:00,-78,6
24/04/2026,07:15:42,69,Lab. de Instrumentação biomédica,IFPB,84:F1:47:54:F9:80,-81,11
24/04/2026,07:15:42,69,Lab. de Instrumentação biomédica,SALA_MESTRADO,64:66:B3:62:EB:86,-82,1
24/04/2026,07:15:42,69,Lab. de Instrumentação biomédica,IFPB,84:F1:47:54:8B:A0,-82,1
24/04/2026,07:15:42,69,Lab. de Instrumentação biomédica,IFPB-VISITANTE,84:F1:47:54:8B:A2,-82,1
24/04/2026,07:15:42,69,Lab. de Instrumentação biomédica,IFPB-VISITANTE,84:F1:47:54:F9:82,-82,11
24/04/2026,07:15:42,69,Lab. de Instrumentação biomédica,IFPB,E4:4E:2D:85:4C:60,-82,11
24/04/2026,07:15:42,69,Lab. de Instrumentação biomédica,IFPB-VISITANTE,E4:4E:2D:85:4C:62,-82,11
24/04/2026,07:15:42,69,Lab. de Instrumentação biomédica,TP-Link_C3CB,D8:0D:17:3E:C3:CB,-84,4
24/04/2026,07:15:42,69,Lab. de Instrumentação biomédica,IFPB-VISITANTE,84:F1:47:54:6B:82,-84,6
24/04/2026,07:15:42,69,Lab. de Instrumentação biomédica,UA2-MiniLab,60:32:B1:2D:66:C3,-84,10
24/04/2026,07:15:42,69,Lab. de Instrumentação biomédica,IFPB-VISITANTE,24:36:DA:2B:5E:C2,-86,1
24/04/2026,07:15:42,69,Lab. de Instrumentação biomédica,IFPB,84:F1:47:54:6B:80,-86,6
24/04/2026,07:15:42,69,Lab. de Instrumentação biomédica,IFPB,24:36:DA:2B:5E:C0,-87,1
24/04/2026,07:15:42,69,Lab. de Instrumentação biomédica,LIMPEZA,54:E6:FC:CF:22:DE,-88,6
24/04/2026,07:15:42,69,Lab. de Instrumentação biomédica,IFPB-Sala_Professor_14,24:FD:0D:57:19:26,-89,5
24/04/2026,07:15:42,69,Lab. de Instrumentação biomédica,EBF243D6-HE8D94yaFM1AOcS,44:D2:44:DD:32:49,-90,11
24/04/2026,07:15:42,69,Lab. de Instrumentação biomédica,IFPB TCC,D8:5D:4C:86:7E:66,-91,1
24/04/2026,07:15:52,70,Lab. de Instrumentação biomédica,TP-Link_1324,7C:F1:7E:8D:13:22,-52,10
24/04/2026,07:15:52,70,Lab. de Instrumentação biomédica,APTelefonia,58:10:8C:91:F3:AA,-59,1
24/04/2026,07:15:52,70,Lab. de Instrumentação biomédica,Lab. de Sinais Digitais,18:D6:C7:F9:37:2F,-63,11
24/04/2026,07:15:52,70,Lab. de Instrumentação biomédica,GPDS,00:26:5A:66:55:EF,-69,6
24/04/2026,07:15:52,70,Lab. de Instrumentação biomédica,Intelbras,18:0D:2C:7F:EB:AC,-70,7
24/04/2026,07:15:52,70,Lab. de Instrumentação biomédica,IFPB,84:F1:47:54:96:E0,-73,1
24/04/2026,07:15:52,70,Lab. de Instrumentação biomédica,IFPB-VISITANTE,84:F1:47:54:96:E2,-73,1
24/04/2026,07:15:52,70,Lab. de Instrumentação biomédica,NPEF/NEPA,50:C7:BF:EF:56:8A,-76,3
24/04/2026,07:15:52,70,Lab. de Instrumentação biomédica,IFPB,24:36:DA:2B:BC:00,-77,6
24/04/2026,07:15:52,70,Lab. de Instrumentação biomédica,IFPB-VISITANTE,24:36:DA:2B:BC:02,-77,6
24/04/2026,07:15:52,70,Lab. de Instrumentação biomédica,IFPB,84:F1:47:54:8B:A0,-81,1
24/04/2026,07:15:52,70,Lab. de Instrumentação biomédica,SALA_MESTRADO,64:66:B3:62:EB:86,-81,1
24/04/2026,07:15:52,70,Lab. de Instrumentação biomédica,IFPB,84:F1:47:54:F9:80,-81,11
24/04/2026,07:15:52,70,Lab. de Instrumentação biomédica,IFPB-VISITANTE,84:F1:47:54:F9:82,-81,11
24/04/2026,07:15:52,70,Lab. de Instrumentação biomédica,IFPB,E4:4E:2D:85:4C:60,-81,11
24/04/2026,07:15:52,70,Lab. de Instrumentação biomédica,IFPB-VISITANTE,84:F1:47:54:8B:A2,-82,1
24/04/2026,07:15:52,70,Lab. de Instrumentação biomédica,IFPB-VISITANTE,E4:4E:2D:85:4C:62,-82,11
24/04/2026,07:15:52,70,Lab. de Instrumentação biomédica,TP-Link_C3CB,D8:0D:17:3E:C3:CB,-83,4
24/04/2026,07:15:52,70,Lab. de Instrumentação biomédica,UA2-MiniLab,60:32:B1:2D:66:C3,-83,10
24/04/2026,07:15:52,70,Lab. de Instrumentação biomédica,IFPB-Sala_Professor_14,24:FD:0D:57:19:26,-84,5
24/04/2026,07:15:52,70,Lab. de Instrumentação biomédica,IFPB-VISITANTE,84:F1:47:54:6B:82,-85,6
24/04/2026,07:15:52,70,Lab. de Instrumentação biomédica,IFPB,84:F1:47:54:6B:80,-85,6
24/04/2026,07:15:52,70,Lab. de Instrumentação biomédica,IFPB-VISITANTE,24:36:DA:2B:5E:C2,-88,1
24/04/2026,07:15:52,70,Lab. de Instrumentação biomédica,IFPB TCC,D8:5D:4C:86:7E:66,-89,1
24/04/2026,07:15:52,70,Lab. de Instrumentação biomédica,IFPB,24:36:DA:2B:5E:C0,-89,1
24/04/2026,07:15:52,70,Lab. de Instrumentação biomédica,EBF243D6-HE8D94yaFM1AOcS,44:D2:44:DD:32:49,-90,11
24/04/2026,07:15:52,70,Lab. de Instrumentação biomédica,LIMPEZA,54:E6:FC:CF:22:DE,-92,6
24/04/2026,07:15:53,70,Lab. de Instrumentação biomédica,NUNYA_Room_2.4GHz,CC:32:E5:0C:FC:2B,-92,9
24/04/2026,07:16:17,71,Lab. de aferição e calibração,TP-Link_1324,7C:F1:7E:8D:13:22,-52,10
24/04/2026,07:16:17,71,Lab. de aferição e calibração,IFPB,84:F1:47:54:96:E0,-59,1
24/04/2026,07:16:17,71,Lab. de aferição e calibração,IFPB-VISITANTE,84:F1:47:54:96:E2,-59,1
24/04/2026,07:16:17,71,Lab. de aferição e calibração,APTelefonia,58:10:8C:91:F3:AA,-60,1
24/04/2026,07:16:17,71,Lab. de aferição e calibração,Intelbras,18:0D:2C:7F:EB:AC,-68,7
24/04/2026,07:16:17,71,Lab. de aferição e calibração,IFPB,24:36:DA:2B:BC:00,-71,6
24/04/2026,07:16:17,71,Lab. de aferição e calibração,IFPB-VISITANTE,24:36:DA:2B:BC:02,-71,6
24/04/2026,07:16:17,71,Lab. de aferição e calibração,Lab. de Sinais Digitais,18:D6:C7:F9:37:2F,-76,11
24/04/2026,07:16:17,71,Lab. de aferição e calibração,IFPB-Sala_Professor_14,24:FD:0D:57:19:26,-77,5
24/04/2026,07:16:17,71,Lab. de aferição e calibração,IFPB,E4:4E:2D:85:4C:60,-78,11
24/04/2026,07:16:17,71,Lab. de aferição e calibração,IFPB-VISITANTE,E4:4E:2D:85:4C:62,-78,11
24/04/2026,07:16:17,71,Lab. de aferição e calibração,TP-Link_C3CB,D8:0D:17:3E:C3:CB,-81,4
24/04/2026,07:16:17,71,Lab. de aferição e calibração,IFPB,84:F1:47:54:6B:80,-84,6
24/04/2026,07:16:17,71,Lab. de aferição e calibração,GPDS,00:26:5A:66:55:EF,-84,6
24/04/2026,07:16:17,71,Lab. de aferição e calibração,IFPB,24:36:DA:2B:5E:C0,-85,1
24/04/2026,07:16:17,71,Lab. de aferição e calibração,IFPB-VISITANTE,84:F1:47:54:6B:82,-85,6
24/04/2026,07:16:17,71,Lab. de aferição e calibração,IFPB-VISITANTE,24:36:DA:2B:5E:C2,-86,1
24/04/2026,07:16:17,71,Lab. de aferição e calibração,IFPB TCC,D8:5D:4C:86:7E:66,-86,1
24/04/2026,07:16:17,71,Lab. de aferição e calibração,NPEF/NEPA,50:C7:BF:EF:56:8A,-87,3
24/04/2026,07:16:17,71,Lab. de aferição e calibração,IFPB,84:F1:47:54:7F:20,-89,11
24/04/2026,07:16:17,71,Lab. de aferição e calibração,IFPB-VISITANTE,84:F1:47:54:7F:22,-89,11
24/04/2026,07:16:17,71,Lab. de aferição e calibração,IFPB,84:F1:47:54:F9:80,-89,11
24/04/2026,07:16:17,71,Lab. de aferição e calibração,SALA_MESTRADO,64:66:B3:62:EB:86,-90,1
24/04/2026,07:16:18,71,Lab. de aferição e calibração,UA2-MiniLab,60:32:B1:2D:66:C3,-90,10
24/04/2026,07:16:18,71,Lab. de aferição e calibração,EBF243D6-HE8D94yaFM1AOcS,44:D2:44:DD:32:49,-92,11
24/04/2026,07:16:18,71,Lab. de aferição e calibração,LIMPEZA,54:E6:FC:CF:22:DE,-94,6
24/04/2026,07:16:18,71,Lab. de aferição e calibração,NUNYA_Room_2.4GHz,CC:32:E5:0C:FC:2B,-94,9
24/04/2026,07:16:27,72,Lab. de aferição e calibração,TP-Link_1324,7C:F1:7E:8D:13:22,-50,10
24/04/2026,07:16:27,72,Lab. de aferição e calibração,APTelefonia,58:10:8C:91:F3:AA,-56,1
24/04/2026,07:16:27,72,Lab. de aferição e calibração,IFPB,84:F1:47:54:96:E0,-62,1
24/04/2026,07:16:27,72,Lab. de aferição e calibração,IFPB-VISITANTE,84:F1:47:54:96:E2,-62,1
24/04/2026,07:16:27,72,Lab. de aferição e calibração,Intelbras,18:0D:2C:7F:EB:AC,-63,7
24/04/2026,07:16:27,72,Lab. de aferição e calibração,IFPB,24:36:DA:2B:BC:00,-69,6
24/04/2026,07:16:27,72,Lab. de aferição e calibração,IFPB-VISITANTE,24:36:DA:2B:BC:02,-69,6
24/04/2026,07:16:27,72,Lab. de aferição e calibração,Lab. de Sinais Digitais,18:D6:C7:F9:37:2F,-71,11
24/04/2026,07:16:27,72,Lab. de aferição e calibração,IFPB,E4:4E:2D:85:4C:60,-72,11
24/04/2026,07:16:27,72,Lab. de aferição e calibração,IFPB-VISITANTE,E4:4E:2D:85:4C:62,-73,11
24/04/2026,07:16:27,72,Lab. de aferição e calibração,IFPB-Sala_Professor_14,24:FD:0D:57:19:26,-74,5
24/04/2026,07:16:27,72,Lab. de aferição e calibração,IFPB-VISITANTE,84:F1:47:54:6B:82,-76,6
24/04/2026,07:16:27,72,Lab. de aferição e calibração,IFPB,84:F1:47:54:6B:80,-77,6
24/04/2026,07:16:27,72,Lab. de aferição e calibração,GPDS,00:26:5A:66:55:EF,-81,6
24/04/2026,07:16:27,72,Lab. de aferição e calibração,TP-Link_C3CB,D8:0D:17:3E:C3:CB,-82,4
24/04/2026,07:16:27,72,Lab. de aferição e calibração,IFPB TCC,D8:5D:4C:86:7E:66,-87,1
24/04/2026,07:16:27,72,Lab. de aferição e calibração,IFPB,24:36:DA:2B:5E:C0,-87,1
24/04/2026,07:16:28,72,Lab. de aferição e calibração,IFPB-VISITANTE,24:36:DA:2B:5E:C2,-87,1
24/04/2026,07:16:28,72,Lab. de aferição e calibração,NPEF/NEPA,50:C7:BF:EF:56:8A,-87,3
24/04/2026,07:16:28,72,Lab. de aferição e calibração,UA2-MiniLab,60:32:B1:2D:66:C3,-87,10
24/04/2026,07:16:28,72,Lab. de aferição e calibração,IFPB,84:F1:47:54:F9:80,-88,11
24/04/2026,07:16:28,72,Lab. de aferição e calibração,IFPB-VISITANTE,84:F1:47:54:F9:82,-88,11
24/04/2026,07:16:28,72,Lab. de aferição e calibração,SALA_MESTRADO,64:66:B3:62:EB:86,-94,1
24/04/2026,07:16:28,72,Lab. de aferição e calibração,EBF243D6-HE8D94yaFM1AOcS,44:D2:44:DD:32:49,-96,11
24/04/2026,07:16:37,73,Lab. de aferição e calibração,TP-Link_1324,7C:F1:7E:8D:13:22,-44,10
24/04/2026,07:16:37,73,Lab. de aferição e calibração,APTelefonia,58:10:8C:91:F3:AA,-56,1
24/04/2026,07:16:37,73,Lab. de aferição e calibração,IFPB,84:F1:47:54:96:E0,-62,1
24/04/2026,07:16:37,73,Lab. de aferição e calibração,IFPB-VISITANTE,84:F1:47:54:96:E2,-62,1
24/04/2026,07:16:37,73,Lab. de aferição e calibração,Intelbras,18:0D:2C:7F:EB:AC,-62,7
24/04/2026,07:16:37,73,Lab. de aferição e calibração,Lab. de Sinais Digitais,18:D6:C7:F9:37:2F,-69,11
24/04/2026,07:16:37,73,Lab. de aferição e calibração,IFPB-Sala_Professor_14,24:FD:0D:57:19:26,-71,5
24/04/2026,07:16:37,73,Lab. de aferição e calibração,IFPB,24:36:DA:2B:BC:00,-72,6
24/04/2026,07:16:37,73,Lab. de aferição e calibração,IFPB-VISITANTE,24:36:DA:2B:BC:02,-72,6
24/04/2026,07:16:37,73,Lab. de aferição e calibração,IFPB-VISITANTE,E4:4E:2D:85:4C:62,-73,11
24/04/2026,07:16:37,73,Lab. de aferição e calibração,IFPB,E4:4E:2D:85:4C:60,-74,11
24/04/2026,07:16:38,73,Lab. de aferição e calibração,IFPB,84:F1:47:54:6B:80,-80,6
24/04/2026,07:16:38,73,Lab. de aferição e calibração,IFPB-VISITANTE,84:F1:47:54:6B:82,-81,6
24/04/2026,07:16:38,73,Lab. de aferição e calibração,TP-Link_C3CB,D8:0D:17:3E:C3:CB,-82,4
24/04/2026,07:16:38,73,Lab. de aferição e calibração,IFPB-VISITANTE,24:36:DA:2B:5E:C2,-85,1
24/04/2026,07:16:38,73,Lab. de aferição e calibração,IFPB,24:36:DA:2B:5E:C0,-85,1
24/04/2026,07:16:38,73,Lab. de aferição e calibração,GPDS,00:26:5A:66:55:EF,-85,6
24/04/2026,07:16:38,73,Lab. de aferição e calibração,NPEF/NEPA,50:C7:BF:EF:56:8A,-86,3
24/04/2026,07:16:38,73,Lab. de aferição e calibração,UA2-MiniLab,60:32:B1:2D:66:C3,-86,10
24/04/2026,07:16:38,73,Lab. de aferição e calibração,IFPB TCC,D8:5D:4C:86:7E:66,-89,1
24/04/2026,07:16:38,73,Lab. de aferição e calibração,IFPB-VISITANTE,84:F1:47:54:F9:82,-91,11
24/04/2026,07:16:38,73,Lab. de aferição e calibração,LIMPEZA,54:E6:FC:CF:22:DE,-94,6
24/04/2026,07:16:38,73,Lab. de aferição e calibração,EBF243D6-HE8D94yaFM1AOcS,44:D2:44:DD:32:49,-94,11
24/04/2026,07:16:47,74,Lab. de aferição e calibração,TP-Link_1324,7C:F1:7E:8D:13:22,-44,10
24/04/2026,07:16:47,74,Lab. de aferição e calibração,APTelefonia,58:10:8C:91:F3:AA,-57,1
24/04/2026,07:16:47,74,Lab. de aferição e calibração,Intelbras,18:0D:2C:7F:EB:AC,-62,7
24/04/2026,07:16:47,74,Lab. de aferição e calibração,IFPB,84:F1:47:54:96:E0,-63,1
24/04/2026,07:16:47,74,Lab. de aferição e calibração,IFPB-VISITANTE,84:F1:47:54:96:E2,-63,1
24/04/2026,07:16:47,74,Lab. de aferição e calibração,Lab. de Sinais Digitais,18:D6:C7:F9:37:2F,-72,11
24/04/2026,07:16:47,74,Lab. de aferição e calibração,IFPB-Sala_Professor_14,24:FD:0D:57:19:26,-73,5
24/04/2026,07:16:47,74,Lab. de aferição e calibração,IFPB,24:36:DA:2B:BC:00,-76,6
24/04/2026,07:16:47,74,Lab. de aferição e calibração,IFPB,E4:4E:2D:85:4C:60,-76,11
24/04/2026,07:16:47,74,Lab. de aferição e calibração,IFPB-VISITANTE,E4:4E:2D:85:4C:62,-76,11
24/04/2026,07:16:47,74,Lab. de aferição e calibração,IFPB-VISITANTE,24:36:DA:2B:BC:02,-77,6
24/04/2026,07:16:48,74,Lab. de aferição e calibração,IFPB,84:F1:47:54:6B:80,-79,6
24/04/2026,07:16:48,74,Lab. de aferição e calibração,IFPB-VISITANTE,84:F1:47:54:6B:82,-79,6
24/04/2026,07:16:48,74,Lab. de aferição e calibração,GPDS,00:26:5A:66:55:EF,-82,6
24/04/2026,07:16:48,74,Lab. de aferição e calibração,TP-Link_C3CB,D8:0D:17:3E:C3:CB,-83,4
24/04/2026,07:16:48,74,Lab. de aferição e calibração,IFPB-VISITANTE,24:36:DA:2B:5E:C2,-85,1
24/04/2026,07:16:48,74,Lab. de aferição e calibração,NPEF/NEPA,50:C7:BF:EF:56:8A,-85,3
24/04/2026,07:16:48,74,Lab. de aferição e calibração,IFPB,24:36:DA:2B:5E:C0,-86,1
24/04/2026,07:16:48,74,Lab. de aferição e calibração,IFPB TCC,D8:5D:4C:86:7E:66,-88,1
24/04/2026,07:16:48,74,Lab. de aferição e calibração,IFPB-VISITANTE,84:F1:47:54:F9:82,-89,11
24/04/2026,07:16:48,74,Lab. de aferição e calibração,UA2-MiniLab,60:32:B1:2D:66:C3,-90,10
24/04/2026,07:16:48,74,Lab. de aferição e calibração,EBF243D6-HE8D94yaFM1AOcS,44:D2:44:DD:32:49,-90,11
24/04/2026,07:16:48,74,Lab. de aferição e calibração,LIMPEZA,54:E6:FC:CF:22:DE,-92,6
24/04/2026,07:16:57,75,Lab. de aferição e calibração,TP-Link_1324,7C:F1:7E:8D:13:22,-44,10
24/04/2026,07:16:57,75,Lab. de aferição e calibração,APTelefonia,58:10:8C:91:F3:AA,-58,1
24/04/2026,07:16:57,75,Lab. de aferição e calibração,IFPB,84:F1:47:54:96:E0,-63,1
24/04/2026,07:16:57,75,Lab. de aferição e calibração,Intelbras,18:0D:2C:7F:EB:AC,-63,7
24/04/2026,07:16:57,75,Lab. de aferição e calibração,IFPB-VISITANTE,84:F1:47:54:96:E2,-64,1
24/04/2026,07:16:57,75,Lab. de aferição e calibração,IFPB,24:36:DA:2B:BC:00,-70,6
24/04/2026,07:16:57,75,Lab. de aferição e calibração,IFPB-VISITANTE,24:36:DA:2B:BC:02,-70,6
24/04/2026,07:16:57,75,Lab. de aferição e calibração,Lab. de Sinais Digitais,18:D6:C7:F9:37:2F,-72,11
24/04/2026,07:16:57,75,Lab. de aferição e calibração,IFPB,84:F1:47:54:6B:80,-76,6
24/04/2026,07:16:57,75,Lab. de aferição e calibração,IFPB-VISITANTE,84:F1:47:54:6B:82,-77,6
24/04/2026,07:16:57,75,Lab. de aferição e calibração,IFPB,E4:4E:2D:85:4C:60,-78,11
24/04/2026,07:16:58,75,Lab. de aferição e calibração,IFPB-Sala_Professor_14,24:FD:0D:57:19:26,-79,5
24/04/2026,07:16:58,75,Lab. de aferição e calibração,IFPB-VISITANTE,E4:4E:2D:85:4C:62,-79,11
24/04/2026,07:16:58,75,Lab. de aferição e calibração,GPDS,00:26:5A:66:55:EF,-81,6
24/04/2026,07:16:58,75,Lab. de aferição e calibração,TP-Link_C3CB,D8:0D:17:3E:C3:CB,-82,4
24/04/2026,07:16:58,75,Lab. de aferição e calibração,IFPB TCC,D8:5D:4C:86:7E:66,-86,1
24/04/2026,07:16:58,75,Lab. de aferição e calibração,UA2-MiniLab,60:32:B1:2D:66:C3,-88,10
24/04/2026,07:16:58,75,Lab. de aferição e calibração,IFPB,84:F1:47:54:7F:20,-89,11
24/04/2026,07:16:58,75,Lab. de aferição e calibração,NPEF/NEPA,50:C7:BF:EF:56:8A,-90,3
24/04/2026,07:16:58,75,Lab. de aferição e calibração,IFPB-VISITANTE,84:F1:47:54:7F:22,-90,11
24/04/2026,07:16:58,75,Lab. de aferição e calibração,LIMPEZA,54:E6:FC:CF:22:DE,-92,6
24/04/2026,07:16:58,75,Lab. de aferição e calibração,EBF243D6-HE8D94yaFM1AOcS,44:D2:44:DD:32:49,-95,11
24/04/2026,07:16:58,75,Lab. de aferição e calibração,EBEF98EB-HE8D94xvZh1AO1J,44:D2:44:DD:32:41,-99,11
24/04/2026,07:17:07,76,Lab. de aferição e calibração,TP-Link_1324,7C:F1:7E:8D:13:22,-45,10
24/04/2026,07:17:07,76,Lab. de aferição e calibração,IFPB,84:F1:47:54:96:E0,-59,1
24/04/2026,07:17:07,76,Lab. de aferição e calibração,APTelefonia,58:10:8C:91:F3:AA,-60,1
24/04/2026,07:17:07,76,Lab. de aferição e calibração,IFPB-VISITANTE,84:F1:47:54:96:E2,-60,1
24/04/2026,07:17:07,76,Lab. de aferição e calibração,Lab. de Sinais Digitais,18:D6:C7:F9:37:2F,-67,11
24/04/2026,07:17:08,76,Lab. de aferição e calibração,Intelbras,18:0D:2C:7F:EB:AC,-68,7
24/04/2026,07:17:08,76,Lab. de aferição e calibração,IFPB,24:36:DA:2B:BC:00,-76,6
24/04/2026,07:17:08,76,Lab. de aferição e calibração,IFPB-VISITANTE,24:36:DA:2B:BC:02,-76,6
24/04/2026,07:17:08,76,Lab. de aferição e calibração,IFPB,E4:4E:2D:85:4C:60,-76,11
24/04/2026,07:17:08,76,Lab. de aferição e calibração,IFPB-VISITANTE,E4:4E:2D:85:4C:62,-76,11
24/04/2026,07:17:08,76,Lab. de aferição e calibração,IFPB-Sala_Professor_14,24:FD:0D:57:19:26,-77,5
24/04/2026,07:17:08,76,Lab. de aferição e calibração,IFPB,84:F1:47:54:6B:80,-77,6
24/04/2026,07:17:08,76,Lab. de aferição e calibração,IFPB-VISITANTE,84:F1:47:54:6B:82,-77,6
24/04/2026,07:17:08,76,Lab. de aferição e calibração,GPDS,00:26:5A:66:55:EF,-80,6
24/04/2026,07:17:08,76,Lab. de aferição e calibração,UA2-MiniLab,60:32:B1:2D:66:C3,-85,10
24/04/2026,07:17:08,76,Lab. de aferição e calibração,IFPB-VISITANTE,24:36:DA:2B:5E:C2,-86,1
24/04/2026,07:17:08,76,Lab. de aferição e calibração,TP-Link_C3CB,D8:0D:17:3E:C3:CB,-86,4
24/04/2026,07:17:08,76,Lab. de aferição e calibração,IFPB TCC,D8:5D:4C:86:7E:66,-87,1
24/04/2026,07:17:08,76,Lab. de aferição e calibração,IFPB,24:36:DA:2B:5E:C0,-87,1
24/04/2026,07:17:08,76,Lab. de aferição e calibração,IFPB-VISITANTE,84:F1:47:54:97:02,-87,1
24/04/2026,07:17:08,76,Lab. de aferição e calibração,IFPB,84:F1:47:54:97:00,-88,1
24/04/2026,07:17:08,76,Lab. de aferição e calibração,IFPB-VISITANTE,84:F1:47:54:F9:82,-88,11
24/04/2026,07:17:08,76,Lab. de aferição e calibração,IFPB-VISITANTE,84:F1:47:54:7F:22,-88,11
24/04/2026,07:17:08,76,Lab. de aferição e calibração,IFPB,84:F1:47:54:7F:20,-89,11
24/04/2026,07:17:08,76,Lab. de aferição e calibração,SALA_MESTRADO,64:66:B3:62:EB:86,-91,1
24/04/2026,07:17:08,76,Lab. de aferição e calibração,LIMPEZA,54:E6:FC:CF:22:DE,-91,6
24/04/2026,07:17:08,76,Lab. de aferição e calibração,EBF243D6-HE8D94yaFM1AOcS,44:D2:44:DD:32:49,-91,11
24/04/2026,07:17:08,76,Lab. de aferição e calibração,NPEF/NEPA,50:C7:BF:EF:56:8A,-94,3
24/04/2026,07:17:08,76,Lab. de aferição e calibração,NUNYA_Room_2.4GHz,CC:32:E5:0C:FC:2B,-95,9
24/04/2026,07:17:18,77,Lab. de aferição e calibração,TP-Link_1324,7C:F1:7E:8D:13:22,-48,10
24/04/2026,07:17:18,77,Lab. de aferição e calibração,APTelefonia,58:10:8C:91:F3:AA,-56,1
24/04/2026,07:17:18,77,Lab. de aferição e calibração,IFPB,84:F1:47:54:96:E0,-60,1
24/04/2026,07:17:18,77,Lab. de aferição e calibração,IFPB-VISITANTE,84:F1:47:54:96:E2,-60,1
24/04/2026,07:17:18,77,Lab. de aferição e calibração,Intelbras,18:0D:2C:7F:EB:AC,-68,7
24/04/2026,07:17:18,77,Lab. de aferição e calibração,Lab. de Sinais Digitais,18:D6:C7:F9:37:2F,-71,11
24/04/2026,07:17:18,77,Lab. de aferição e calibração,IFPB,24:36:DA:2B:BC:00,-75,6
24/04/2026,07:17:18,77,Lab. de aferição e calibração,IFPB-VISITANTE,24:36:DA:2B:BC:02,-75,6
24/04/2026,07:17:18,77,Lab. de aferição e calibração,IFPB-Sala_Professor_14,24:FD:0D:57:19:26,-76,5
24/04/2026,07:17:18,77,Lab. de aferição e calibração,IFPB-VISITANTE,E4:4E:2D:85:4C:62,-76,11
24/04/2026,07:17:18,77,Lab. de aferição e calibração,IFPB-VISITANTE,84:F1:47:54:6B:82,-77,6
24/04/2026,07:17:18,77,Lab. de aferição e calibração,IFPB,84:F1:47:54:6B:80,-77,6
24/04/2026,07:17:18,77,Lab. de aferição e calibração,IFPB,E4:4E:2D:85:4C:60,-77,11
24/04/2026,07:17:18,77,Lab. de aferição e calibração,GPDS,00:26:5A:66:55:EF,-81,6
24/04/2026,07:17:18,77,Lab. de aferição e calibração,UA2-MiniLab,60:32:B1:2D:66:C3,-82,10
24/04/2026,07:17:18,77,Lab. de aferição e calibração,IFPB TCC,D8:5D:4C:86:7E:66,-83,1
24/04/2026,07:17:18,77,Lab. de aferição e calibração,TP-Link_C3CB,D8:0D:17:3E:C3:CB,-84,4
24/04/2026,07:17:18,77,Lab. de aferição e calibração,IFPB,24:36:DA:2B:5E:C0,-87,1
24/04/2026,07:17:18,77,Lab. de aferição e calibração,IFPB-VISITANTE,24:36:DA:2B:5E:C2,-88,1
24/04/2026,07:17:18,77,Lab. de aferição e calibração,SALA_MESTRADO,64:66:B3:62:EB:86,-91,1
24/04/2026,07:17:18,77,Lab. de aferição e calibração,EBF243D6-HE8D94yaFM1AOcS,44:D2:44:DD:32:49,-92,11
24/04/2026,07:17:18,77,Lab. de aferição e calibração,NUNYA_Room_2.4GHz,CC:32:E5:0C:FC:2B,-93,9
24/04/2026,07:17:18,77,Lab. de aferição e calibração,LIMPEZA,54:E6:FC:CF:22:DE,-94,6
24/04/2026,07:17:18,77,Lab. de aferição e calibração,EBEF98EB-HE8D94xvZh1AO1J,44:D2:44:DD:32:41,-95,11
24/04/2026,07:17:28,78,Lab. de aferição e calibração,TP-Link_1324,7C:F1:7E:8D:13:22,-51,10
24/04/2026,07:17:28,78,Lab. de aferição e calibração,APTelefonia,58:10:8C:91:F3:AA,-55,1
24/04/2026,07:17:28,78,Lab. de aferição e calibração,IFPB,84:F1:47:54:96:E0,-61,1
24/04/2026,07:17:28,78,Lab. de aferição e calibração,IFPB-VISITANTE,84:F1:47:54:96:E2,-61,1
24/04/2026,07:17:28,78,Lab. de aferição e calibração,Intelbras,18:0D:2C:7F:EB:AC,-69,7
24/04/2026,07:17:28,78,Lab. de aferição e calibração,Lab. de Sinais Digitais,18:D6:C7:F9:37:2F,-72,11
24/04/2026,07:17:28,78,Lab. de aferição e calibração,IFPB,24:36:DA:2B:BC:00,-73,6
24/04/2026,07:17:28,78,Lab. de aferição e calibração,IFPB-VISITANTE,24:36:DA:2B:BC:02,-74,6
24/04/2026,07:17:28,78,Lab. de aferição e calibração,IFPB-Sala_Professor_14,24:FD:0D:57:19:26,-76,5
24/04/2026,07:17:28,78,Lab. de aferição e calibração,IFPB-VISITANTE,84:F1:47:54:6B:82,-77,6
24/04/2026,07:17:28,78,Lab. de aferição e calibração,IFPB,84:F1:47:54:6B:80,-77,6
24/04/2026,07:17:28,78,Lab. de aferição e calibração,IFPB,E4:4E:2D:85:4C:60,-77,11
24/04/2026,07:17:28,78,Lab. de aferição e calibração,IFPB-VISITANTE,E4:4E:2D:85:4C:62,-77,11
24/04/2026,07:17:28,78,Lab. de aferição e calibração,GPDS,00:26:5A:66:55:EF,-81,6
24/04/2026,07:17:28,78,Lab. de aferição e calibração,IFPB TCC,D8:5D:4C:86:7E:66,-83,1
24/04/2026,07:17:28,78,Lab. de aferição e calibração,TP-Link_C3CB,D8:0D:17:3E:C3:CB,-84,4
24/04/2026,07:17:28,78,Lab. de aferição e calibração,UA2-MiniLab,60:32:B1:2D:66:C3,-84,10
24/04/2026,07:17:28,78,Lab. de aferição e calibração,IFPB,24:36:DA:2B:5E:C0,-87,1
24/04/2026,07:17:28,78,Lab. de aferição e calibração,IFPB-VISITANTE,24:36:DA:2B:5E:C2,-88,1
24/04/2026,07:17:28,78,Lab. de aferição e calibração,SALA_MESTRADO,64:66:B3:62:EB:86,-91,1
24/04/2026,07:17:28,78,Lab. de aferição e calibração,LIMPEZA,54:E6:FC:CF:22:DE,-93,6
24/04/2026,07:17:28,78,Lab. de aferição e calibração,NPEF/NEPA,50:C7:BF:EF:56:8A,-94,3
24/04/2026,07:17:28,78,Lab. de aferição e calibração,EBF243D6-HE8D94yaFM1AOcS,44:D2:44:DD:32:49,-95,11
24/04/2026,07:17:28,78,Lab. de aferição e calibração,EBEF98EB-HE8D94xvZh1AO1J,44:D2:44:DD:32:41,-95,11
24/04/2026,07:17:38,79,Lab. de aferição e calibração,TP-Link_1324,7C:F1:7E:8D:13:22,-51,10
24/04/2026,07:17:38,79,Lab. de aferição e calibração,APTelefonia,58:10:8C:91:F3:AA,-59,1
24/04/2026,07:17:38,79,Lab. de aferição e calibração,IFPB,84:F1:47:54:96:E0,-61,1
24/04/2026,07:17:38,79,Lab. de aferição e calibração,IFPB-VISITANTE,84:F1:47:54:96:E2,-61,1
24/04/2026,07:17:38,79,Lab. de aferição e calibração,Intelbras,18:0D:2C:7F:EB:AC,-69,7
24/04/2026,07:17:38,79,Lab. de aferição e calibração,IFPB,24:36:DA:2B:BC:00,-70,6
24/04/2026,07:17:38,79,Lab. de aferição e calibração,IFPB-VISITANTE,24:36:DA:2B:BC:02,-70,6
24/04/2026,07:17:38,79,Lab. de aferição e calibração,IFPB,84:F1:47:54:6B:80,-76,6
24/04/2026,07:17:38,79,Lab. de aferição e calibração,IFPB-VISITANTE,84:F1:47:54:6B:82,-76,6
24/04/2026,07:17:38,79,Lab. de aferição e calibração,IFPB-Sala_Professor_14,24:FD:0D:57:19:26,-77,5
24/04/2026,07:17:38,79,Lab. de aferição e calibração,Lab. de Sinais Digitais,18:D6:C7:F9:37:2F,-78,11
24/04/2026,07:17:38,79,Lab. de aferição e calibração,GPDS,00:26:5A:66:55:EF,-80,6
24/04/2026,07:17:38,79,Lab. de aferição e calibração,IFPB,E4:4E:2D:85:4C:60,-80,11
24/04/2026,07:17:38,79,Lab. de aferição e calibração,IFPB-VISITANTE,E4:4E:2D:85:4C:62,-80,11
24/04/2026,07:17:38,79,Lab. de aferição e calibração,UA2-MiniLab,60:32:B1:2D:66:C3,-82,10
24/04/2026,07:17:38,79,Lab. de aferição e calibração,IFPB TCC,D8:5D:4C:86:7E:66,-85,1
24/04/2026,07:17:38,79,Lab. de aferição e calibração,IFPB-VISITANTE,24:36:DA:2B:5E:C2,-87,1
24/04/2026,07:17:38,79,Lab. de aferição e calibração,TP-Link_C3CB,D8:0D:17:3E:C3:CB,-87,4
24/04/2026,07:17:38,79,Lab. de aferição e calibração,IFPB,84:F1:47:54:F9:80,-87,11
24/04/2026,07:17:38,79,Lab. de aferição e calibração,IFPB,84:F1:47:54:7F:20,-88,11
24/04/2026,07:17:38,79,Lab. de aferição e calibração,IFPB-VISITANTE,84:F1:47:54:7F:22,-88,11
24/04/2026,07:17:38,79,Lab. de aferição e calibração,IFPB-VISITANTE,84:F1:47:54:F9:82,-88,11
24/04/2026,07:17:38,79,Lab. de aferição e calibração,SALA_MESTRADO,64:66:B3:62:EB:86,-92,1
24/04/2026,07:17:38,79,Lab. de aferição e calibração,LIMPEZA,54:E6:FC:CF:22:DE,-92,6
24/04/2026,07:17:38,79,Lab. de aferição e calibração,NUNYA_Room_2.4GHz,CC:32:E5:0C:FC:2B,-92,9
24/04/2026,07:17:38,79,Lab. de aferição e calibração,EBF243D6-HE8D94yaFM1AOcS,44:D2:44:DD:32:49,-94,11
24/04/2026,07:17:48,80,Lab. de aferição e calibração,TP-Link_1324,7C:F1:7E:8D:13:22,-48,10
24/04/2026,07:17:48,80,Lab. de aferição e calibração,APTelefonia,58:10:8C:91:F3:AA,-54,1
24/04/2026,07:17:48,80,Lab. de aferição e calibração,IFPB,84:F1:47:54:96:E0,-62,1
24/04/2026,07:17:48,80,Lab. de aferição e calibração,IFPB-VISITANTE,84:F1:47:54:96:E2,-62,1
24/04/2026,07:17:48,80,Lab. de aferição e calibração,Intelbras,18:0D:2C:7F:EB:AC,-68,7
24/04/2026,07:17:48,80,Lab. de aferição e calibração,Lab. de Sinais Digitais,18:D6:C7:F9:37:2F,-71,11
24/04/2026,07:17:48,80,Lab. de aferição e calibração,IFPB,24:36:DA:2B:BC:00,-72,6
24/04/2026,07:17:48,80,Lab. de aferição e calibração,IFPB-VISITANTE,24:36:DA:2B:BC:02,-74,6
24/04/2026,07:17:48,80,Lab. de aferição e calibração,IFPB-Sala_Professor_14,24:FD:0D:57:19:26,-76,5
24/04/2026,07:17:48,80,Lab. de aferição e calibração,IFPB,84:F1:47:54:6B:80,-78,6
24/04/2026,07:17:48,80,Lab. de aferição e calibração,IFPB-VISITANTE,84:F1:47:54:6B:82,-78,6
24/04/2026,07:17:48,80,Lab. de aferição e calibração,IFPB TCC,D8:5D:4C:86:7E:66,-81,1
24/04/2026,07:17:48,80,Lab. de aferição e calibração,IFPB-VISITANTE,E4:4E:2D:85:4C:62,-82,11
24/04/2026,07:17:48,80,Lab. de aferição e calibração,IFPB,E4:4E:2D:85:4C:60,-83,11
24/04/2026,07:17:48,80,Lab. de aferição e calibração,IFPB,24:36:DA:2B:5E:C0,-85,1
24/04/2026,07:17:48,80,Lab. de aferição e calibração,TP-Link_C3CB,D8:0D:17:3E:C3:CB,-85,4
24/04/2026,07:17:48,80,Lab. de aferição e calibração,GPDS,00:26:5A:66:55:EF,-85,6
24/04/2026,07:17:48,80,Lab. de aferição e calibração,NPEF/NEPA,50:C7:BF:EF:56:8A,-86,3
24/04/2026,07:17:48,80,Lab. de aferição e calibração,IFPB-VISITANTE,24:36:DA:2B:5E:C2,-87,1
24/04/2026,07:17:48,80,Lab. de aferição e calibração,IFPB-VISITANTE,84:F1:47:54:F9:82,-87,11
24/04/2026,07:17:48,80,Lab. de aferição e calibração,IFPB,84:F1:47:54:7F:20,-87,11
24/04/2026,07:17:48,80,Lab. de aferição e calibração,IFPB-VISITANTE,84:F1:47:54:7F:22,-87,11
24/04/2026,07:17:48,80,Lab. de aferição e calibração,UA2-MiniLab,60:32:B1:2D:66:C3,-89,10
24/04/2026,07:17:48,80,Lab. de aferição e calibração,IFPB,84:F1:47:54:F9:80,-89,11
24/04/2026,07:17:48,80,Lab. de aferição e calibração,LIMPEZA,54:E6:FC:CF:22:DE,-94,6
24/04/2026,07:17:48,80,Lab. de aferição e calibração,EBEF98EB-HE8D94xvZh1AO1J,44:D2:44:DD:32:41,-96,11
24/04/2026,07:18:15,81,Lab. de medidas em telecomunicações,TP-Link_1324,7C:F1:7E:8D:13:22,-47,10
24/04/2026,07:18:15,81,Lab. de medidas em telecomunicações,APTelefonia,58:10:8C:91:F3:AA,-57,1
24/04/2026,07:18:15,81,Lab. de medidas em telecomunicações,IFPB,84:F1:47:54:96:E0,-67,1
24/04/2026,07:18:15,81,Lab. de medidas em telecomunicações,IFPB-VISITANTE,84:F1:47:54:96:E2,-67,1
24/04/2026,07:18:15,81,Lab. de medidas em telecomunicações,IFPB-VISITANTE,24:36:DA:2B:BC:02,-70,6
24/04/2026,07:18:15,81,Lab. de medidas em telecomunicações,IFPB,24:36:DA:2B:BC:00,-71,6
24/04/2026,07:18:15,81,Lab. de medidas em telecomunicações,Intelbras,18:0D:2C:7F:EB:AC,-72,7
24/04/2026,07:18:15,81,Lab. de medidas em telecomunicações,IFPB,E4:4E:2D:85:4C:60,-72,11
24/04/2026,07:18:15,81,Lab. de medidas em telecomunicações,IFPB-VISITANTE,E4:4E:2D:85:4C:62,-72,11
24/04/2026,07:18:15,81,Lab. de medidas em telecomunicações,Lab. de Sinais Digitais,18:D6:C7:F9:37:2F,-75,11
24/04/2026,07:18:15,81,Lab. de medidas em telecomunicações,GPDS,00:26:5A:66:55:EF,-79,6
24/04/2026,07:18:15,81,Lab. de medidas em telecomunicações,IFPB-Sala_Professor_14,24:FD:0D:57:19:26,-82,5
24/04/2026,07:18:15,81,Lab. de medidas em telecomunicações,IFPB,84:F1:47:54:6B:80,-85,6
24/04/2026,07:18:15,81,Lab. de medidas em telecomunicações,IFPB-VISITANTE,84:F1:47:54:6B:82,-85,6
24/04/2026,07:18:15,81,Lab. de medidas em telecomunicações,IFPB TCC,D8:5D:4C:86:7E:66,-87,1
24/04/2026,07:18:15,81,Lab. de medidas em telecomunicações,UA2-MiniLab,60:32:B1:2D:66:C3,-88,10
24/04/2026,07:18:15,81,Lab. de medidas em telecomunicações,TP-Link_C3CB,D8:0D:17:3E:C3:CB,-89,4
24/04/2026,07:18:15,81,Lab. de medidas em telecomunicações,NPEF/NEPA,50:C7:BF:EF:56:8A,-91,3
24/04/2026,07:18:15,81,Lab. de medidas em telecomunicações,LIMPEZA,54:E6:FC:CF:22:DE,-92,6
24/04/2026,07:18:15,81,Lab. de medidas em telecomunicações,EBF243D6-HE8D94yaFM1AOcS,44:D2:44:DD:32:49,-92,11
24/04/2026,07:18:25,82,Lab. de medidas em telecomunicações,TP-Link_1324,7C:F1:7E:8D:13:22,-40,10
24/04/2026,07:18:25,82,Lab. de medidas em telecomunicações,APTelefonia,58:10:8C:91:F3:AA,-53,1
24/04/2026,07:18:25,82,Lab. de medidas em telecomunicações,IFPB,84:F1:47:54:96:E0,-70,1
24/04/2026,07:18:25,82,Lab. de medidas em telecomunicações,IFPB-VISITANTE,84:F1:47:54:96:E2,-70,1
24/04/2026,07:18:25,82,Lab. de medidas em telecomunicações,IFPB,E4:4E:2D:85:4C:60,-70,11
24/04/2026,07:18:25,82,Lab. de medidas em telecomunicações,IFPB-VISITANTE,E4:4E:2D:85:4C:62,-70,11
24/04/2026,07:18:25,82,Lab. de medidas em telecomunicações,IFPB,24:36:DA:2B:BC:00,-71,6
24/04/2026,07:18:25,82,Lab. de medidas em telecomunicações,IFPB-VISITANTE,24:36:DA:2B:BC:02,-71,6
24/04/2026,07:18:25,82,Lab. de medidas em telecomunicações,Intelbras,18:0D:2C:7F:EB:AC,-73,7
24/04/2026,07:18:25,82,Lab. de medidas em telecomunicações,Lab. de Sinais Digitais,18:D6:C7:F9:37:2F,-78,11
24/04/2026,07:18:25,82,Lab. de medidas em telecomunicações,GPDS,00:26:5A:66:55:EF,-79,6
24/04/2026,07:18:25,82,Lab. de medidas em telecomunicações,TP-Link_C3CB,D8:0D:17:3E:C3:CB,-85,4
24/04/2026,07:18:25,82,Lab. de medidas em telecomunicações,IFPB-Sala_Professor_14,24:FD:0D:57:19:26,-85,5
24/04/2026,07:18:25,82,Lab. de medidas em telecomunicações,IFPB-VISITANTE,84:F1:47:54:6B:82,-88,6
24/04/2026,07:18:25,82,Lab. de medidas em telecomunicações,IFPB,84:F1:47:54:6B:80,-88,6
24/04/2026,07:18:25,82,Lab. de medidas em telecomunicações,IFPB TCC,D8:5D:4C:86:7E:66,-89,1
24/04/2026,07:18:25,82,Lab. de medidas em telecomunicações,IFPB,84:F1:47:54:7F:60,-90,6
24/04/2026,07:18:25,82,Lab. de medidas em telecomunicações,EBF243D6-HE8D94yaFM1AOcS,44:D2:44:DD:32:49,-90,11
24/04/2026,07:18:25,82,Lab. de medidas em telecomunicações,UA2-MiniLab,60:32:B1:2D:66:C3,-91,10
24/04/2026,07:18:25,82,Lab. de medidas em telecomunicações,NPEF/NEPA,50:C7:BF:EF:56:8A,-93,3
24/04/2026,07:18:25,82,Lab. de medidas em telecomunicações,LIMPEZA,54:E6:FC:CF:22:DE,-95,6
24/04/2026,07:18:35,83,Lab. de medidas em telecomunicações,TP-Link_1324,7C:F1:7E:8D:13:22,-43,10
24/04/2026,07:18:35,83,Lab. de medidas em telecomunicações,APTelefonia,58:10:8C:91:F3:AA,-54,1
24/04/2026,07:18:35,83,Lab. de medidas em telecomunicações,IFPB,84:F1:47:54:96:E0,-69,1
24/04/2026,07:18:35,83,Lab. de medidas em telecomunicações,IFPB-VISITANTE,84:F1:47:54:96:E2,-69,1
24/04/2026,07:18:35,83,Lab. de medidas em telecomunicações,IFPB,24:36:DA:2B:BC:00,-69,6
24/04/2026,07:18:35,83,Lab. de medidas em telecomunicações,IFPB-VISITANTE,24:36:DA:2B:BC:02,-69,6
24/04/2026,07:18:35,83,Lab. de medidas em telecomunicações,Intelbras,18:0D:2C:7F:EB:AC,-71,7
24/04/2026,07:18:35,83,Lab. de medidas em telecomunicações,IFPB,E4:4E:2D:85:4C:60,-72,11
24/04/2026,07:18:35,83,Lab. de medidas em telecomunicações,IFPB-VISITANTE,E4:4E:2D:85:4C:62,-73,11
24/04/2026,07:18:35,83,Lab. de medidas em telecomunicações,Lab. de Sinais Digitais,18:D6:C7:F9:37:2F,-74,11
24/04/2026,07:18:35,83,Lab. de medidas em telecomunicações,GPDS,00:26:5A:66:55:EF,-78,6
24/04/2026,07:18:35,83,Lab. de medidas em telecomunicações,IFPB-Sala_Professor_14,24:FD:0D:57:19:26,-82,5
24/04/2026,07:18:35,83,Lab. de medidas em telecomunicações,IFPB TCC,D8:5D:4C:86:7E:66,-86,1
24/04/2026,07:18:35,83,Lab. de medidas em telecomunicações,TP-Link_C3CB,D8:0D:17:3E:C3:CB,-86,4
24/04/2026,07:18:35,83,Lab. de medidas em telecomunicações,IFPB,84:F1:47:54:6B:80,-86,6
24/04/2026,07:18:35,83,Lab. de medidas em telecomunicações,UA2-MiniLab,60:32:B1:2D:66:C3,-86,10
24/04/2026,07:18:35,83,Lab. de medidas em telecomunicações,IFPB,84:F1:47:54:7F:20,-87,11
24/04/2026,07:18:35,83,Lab. de medidas em telecomunicações,IFPB-VISITANTE,84:F1:47:54:6B:82,-88,6
24/04/2026,07:18:35,83,Lab. de medidas em telecomunicações,IFPB-VISITANTE,84:F1:47:54:7F:22,-89,11
24/04/2026,07:18:35,83,Lab. de medidas em telecomunicações,NPEF/NEPA,50:C7:BF:EF:56:8A,-90,3
24/04/2026,07:18:35,83,Lab. de medidas em telecomunicações,LIMPEZA,54:E6:FC:CF:22:DE,-93,6
24/04/2026,07:18:35,83,Lab. de medidas em telecomunicações,NUNYA_Room_2.4GHz,CC:32:E5:0C:FC:2B,-93,9
24/04/2026,07:18:36,83,Lab. de medidas em telecomunicações,EBF243D6-HE8D94yaFM1AOcS,44:D2:44:DD:32:49,-95,11
24/04/2026,07:18:45,84,Lab. de medidas em telecomunicações,TP-Link_1324,7C:F1:7E:8D:13:22,-44,10
24/04/2026,07:18:45,84,Lab. de medidas em telecomunicações,APTelefonia,58:10:8C:91:F3:AA,-56,1
24/04/2026,07:18:45,84,Lab. de medidas em telecomunicações,IFPB,24:36:DA:2B:BC:00,-68,6
24/04/2026,07:18:45,84,Lab. de medidas em telecomunicações,IFPB-VISITANTE,24:36:DA:2B:BC:02,-68,6
24/04/2026,07:18:45,84,Lab. de medidas em telecomunicações,IFPB,84:F1:47:54:96:E0,-69,1
24/04/2026,07:18:45,84,Lab. de medidas em telecomunicações,IFPB-VISITANTE,84:F1:47:54:96:E2,-69,1
24/04/2026,07:18:45,84,Lab. de medidas em telecomunicações,Intelbras,18:0D:2C:7F:EB:AC,-71,7
24/04/2026,07:18:45,84,Lab. de medidas em telecomunicações,IFPB,E4:4E:2D:85:4C:60,-72,11
24/04/2026,07:18:45,84,Lab. de medidas em telecomunicações,IFPB-VISITANTE,E4:4E:2D:85:4C:62,-72,11
24/04/2026,07:18:45,84,Lab. de medidas em telecomunicações,Lab. de Sinais Digitais,18:D6:C7:F9:37:2F,-73,11
24/04/2026,07:18:45,84,Lab. de medidas em telecomunicações,GPDS,00:26:5A:66:55:EF,-80,6
24/04/2026,07:18:45,84,Lab. de medidas em telecomunicações,IFPB-Sala_Professor_14,24:FD:0D:57:19:26,-81,5
24/04/2026,07:18:45,84,Lab. de medidas em telecomunicações,IFPB-VISITANTE,84:F1:47:54:6B:82,-84,6
24/04/2026,07:18:45,84,Lab. de medidas em telecomunicações,IFPB,84:F1:47:54:6B:80,-84,6
24/04/2026,07:18:45,84,Lab. de medidas em telecomunicações,UA2-MiniLab,60:32:B1:2D:66:C3,-86,10
24/04/2026,07:18:45,84,Lab. de medidas em telecomunicações,IFPB TCC,D8:5D:4C:86:7E:66,-87,1
24/04/2026,07:18:46,84,Lab. de medidas em telecomunicações,NPEF/NEPA,50:C7:BF:EF:56:8A,-88,3
24/04/2026,07:18:46,84,Lab. de medidas em telecomunicações,TP-Link_C3CB,D8:0D:17:3E:C3:CB,-88,4
24/04/2026,07:18:46,84,Lab. de medidas em telecomunicações,IFPB,84:F1:47:54:7F:20,-89,11
24/04/2026,07:18:46,84,Lab. de medidas em telecomunicações,IFPB-VISITANTE,84:F1:47:54:7F:22,-89,11
24/04/2026,07:18:46,84,Lab. de medidas em telecomunicações,EBF243D6-HE8D94yaFM1AOcS,44:D2:44:DD:32:49,-90,11
24/04/2026,07:18:46,84,Lab. de medidas em telecomunicações,LIMPEZA,54:E6:FC:CF:22:DE,-95,6
24/04/2026,07:18:55,85,Lab. de medidas em telecomunicações,TP-Link_1324,7C:F1:7E:8D:13:22,-43,10
24/04/2026,07:18:55,85,Lab. de medidas em telecomunicações,APTelefonia,58:10:8C:91:F3:AA,-57,1
24/04/2026,07:18:55,85,Lab. de medidas em telecomunicações,Intelbras,18:0D:2C:7F:EB:AC,-67,7
24/04/2026,07:18:55,85,Lab. de medidas em telecomunicações,IFPB,84:F1:47:54:96:E0,-69,1
24/04/2026,07:18:55,85,Lab. de medidas em telecomunicações,IFPB-VISITANTE,84:F1:47:54:96:E2,-69,1
24/04/2026,07:18:55,85,Lab. de medidas em telecomunicações,IFPB,24:36:DA:2B:BC:00,-69,6
24/04/2026,07:18:55,85,Lab. de medidas em telecomunicações,IFPB-VISITANTE,24:36:DA:2B:BC:02,-69,6
24/04/2026,07:18:55,85,Lab. de medidas em telecomunicações,IFPB,E4:4E:2D:85:4C:60,-72,11
24/04/2026,07:18:55,85,Lab. de medidas em telecomunicações,IFPB-VISITANTE,E4:4E:2D:85:4C:62,-72,11
24/04/2026,07:18:55,85,Lab. de medidas em telecomunicações,Lab. de Sinais Digitais,18:D6:C7:F9:37:2F,-76,11
24/04/2026,07:18:55,85,Lab. de medidas em telecomunicações,GPDS,00:26:5A:66:55:EF,-79,6
24/04/2026,07:18:56,85,Lab. de medidas em telecomunicações,IFPB-Sala_Professor_14,24:FD:0D:57:19:26,-83,5
24/04/2026,07:18:56,85,Lab. de medidas em telecomunicações,IFPB-VISITANTE,84:F1:47:54:6B:82,-85,6
24/04/2026,07:18:56,85,Lab. de medidas em telecomunicações,IFPB TCC,D8:5D:4C:86:7E:66,-86,1
24/04/2026,07:18:56,85,Lab. de medidas em telecomunicações,IFPB,84:F1:47:54:6B:80,-86,6
24/04/2026,07:18:56,85,Lab. de medidas em telecomunicações,TP-Link_C3CB,D8:0D:17:3E:C3:CB,-88,4
24/04/2026,07:18:56,85,Lab. de medidas em telecomunicações,IFPB,84:F1:47:54:7F:20,-88,11
24/04/2026,07:18:56,85,Lab. de medidas em telecomunicações,IFPB-VISITANTE,84:F1:47:54:7F:22,-88,11
24/04/2026,07:18:56,85,Lab. de medidas em telecomunicações,EBF243D6-HE8D94yaFM1AOcS,44:D2:44:DD:32:49,-88,11
24/04/2026,07:18:56,85,Lab. de medidas em telecomunicações,NPEF/NEPA,50:C7:BF:EF:56:8A,-89,3
24/04/2026,07:18:56,85,Lab. de medidas em telecomunicações,UA2-MiniLab,60:32:B1:2D:66:C3,-89,10
24/04/2026,07:18:56,85,Lab. de medidas em telecomunicações,NUNYA_Room_2.4GHz,CC:32:E5:0C:FC:2B,-96,9
24/04/2026,07:19:05,86,Lab. de medidas em telecomunicações,TP-Link_1324,7C:F1:7E:8D:13:22,-47,10
24/04/2026,07:19:05,86,Lab. de medidas em telecomunicações,APTelefonia,58:10:8C:91:F3:AA,-60,1
24/04/2026,07:19:05,86,Lab. de medidas em telecomunicações,IFPB-VISITANTE,24:36:DA:2B:BC:02,-68,6
24/04/2026,07:19:05,86,Lab. de medidas em telecomunicações,IFPB,24:36:DA:2B:BC:00,-69,6
24/04/2026,07:19:05,86,Lab. de medidas em telecomunicações,IFPB,84:F1:47:54:96:E0,-70,1
24/04/2026,07:19:05,86,Lab. de medidas em telecomunicações,IFPB-VISITANTE,84:F1:47:54:96:E2,-71,1
24/04/2026,07:19:05,86,Lab. de medidas em telecomunicações,Intelbras,18:0D:2C:7F:EB:AC,-71,7
24/04/2026,07:19:05,86,Lab. de medidas em telecomunicações,IFPB,E4:4E:2D:85:4C:60,-73,11
24/04/2026,07:19:05,86,Lab. de medidas em telecomunicações,IFPB-VISITANTE,E4:4E:2D:85:4C:62,-73,11
24/04/2026,07:19:05,86,Lab. de medidas em telecomunicações,Lab. de Sinais Digitais,18:D6:C7:F9:37:2F,-77,11
24/04/2026,07:19:05,86,Lab. de medidas em telecomunicações,GPDS,00:26:5A:66:55:EF,-81,6
24/04/2026,07:19:06,86,Lab. de medidas em telecomunicações,IFPB-Sala_Professor_14,24:FD:0D:57:19:26,-82,5
24/04/2026,07:19:06,86,Lab. de medidas em telecomunicações,TP-Link_C3CB,D8:0D:17:3E:C3:CB,-85,4
24/04/2026,07:19:06,86,Lab. de medidas em telecomunicações,IFPB TCC,D8:5D:4C:86:7E:66,-87,1
24/04/2026,07:19:06,86,Lab. de medidas em telecomunicações,IFPB,24:36:DA:2B:5E:C0,-88,1
24/04/2026,07:19:06,86,Lab. de medidas em telecomunicações,IFPB-VISITANTE,84:F1:47:54:7F:22,-88,11
24/04/2026,07:19:06,86,Lab. de medidas em telecomunicações,IFPB,84:F1:47:54:6B:80,-89,6
24/04/2026,07:19:06,86,Lab. de medidas em telecomunicações,IFPB-VISITANTE,84:F1:47:54:6B:82,-89,6
24/04/2026,07:19:06,86,Lab. de medidas em telecomunicações,UA2-MiniLab,60:32:B1:2D:66:C3,-90,10
24/04/2026,07:19:06,86,Lab. de medidas em telecomunicações,EBF243D6-HE8D94yaFM1AOcS,44:D2:44:DD:32:49,-90,11
24/04/2026,07:19:06,86,Lab. de medidas em telecomunicações,IFPB,84:F1:47:54:7F:20,-90,11
24/04/2026,07:19:06,86,Lab. de medidas em telecomunicações,NPEF/NEPA,50:C7:BF:EF:56:8A,-91,3
24/04/2026,07:19:15,87,Lab. de medidas em telecomunicações,TP-Link_1324,7C:F1:7E:8D:13:22,-49,10
24/04/2026,07:19:15,87,Lab. de medidas em telecomunicações,APTelefonia,58:10:8C:91:F3:AA,-59,1
24/04/2026,07:19:15,87,Lab. de medidas em telecomunicações,IFPB,24:36:DA:2B:BC:00,-68,6
24/04/2026,07:19:15,87,Lab. de medidas em telecomunicações,IFPB-VISITANTE,24:36:DA:2B:BC:02,-69,6
24/04/2026,07:19:15,87,Lab. de medidas em telecomunicações,IFPB,84:F1:47:54:96:E0,-70,1
24/04/2026,07:19:15,87,Lab. de medidas em telecomunicações,IFPB-VISITANTE,84:F1:47:54:96:E2,-70,1
24/04/2026,07:19:16,87,Lab. de medidas em telecomunicações,Intelbras,18:0D:2C:7F:EB:AC,-72,7
24/04/2026,07:19:16,87,Lab. de medidas em telecomunicações,IFPB,E4:4E:2D:85:4C:60,-72,11
24/04/2026,07:19:16,87,Lab. de medidas em telecomunicações,IFPB-VISITANTE,E4:4E:2D:85:4C:62,-72,11
24/04/2026,07:19:16,87,Lab. de medidas em telecomunicações,Lab. de Sinais Digitais,18:D6:C7:F9:37:2F,-76,11
24/04/2026,07:19:16,87,Lab. de medidas em telecomunicações,GPDS,00:26:5A:66:55:EF,-79,6
24/04/2026,07:19:16,87,Lab. de medidas em telecomunicações,IFPB-Sala_Professor_14,24:FD:0D:57:19:26,-83,5
24/04/2026,07:19:16,87,Lab. de medidas em telecomunicações,TP-Link_C3CB,D8:0D:17:3E:C3:CB,-85,4
24/04/2026,07:19:16,87,Lab. de medidas em telecomunicações,IFPB,84:F1:47:54:6B:80,-85,6
24/04/2026,07:19:16,87,Lab. de medidas em telecomunicações,IFPB-VISITANTE,84:F1:47:54:6B:82,-85,6
24/04/2026,07:19:16,87,Lab. de medidas em telecomunicações,IFPB TCC,D8:5D:4C:86:7E:66,-88,1
24/04/2026,07:19:16,87,Lab. de medidas em telecomunicações,NPEF/NEPA,50:C7:BF:EF:56:8A,-88,3
24/04/2026,07:19:16,87,Lab. de medidas em telecomunicações,IFPB,84:F1:47:54:7F:20,-88,11
24/04/2026,07:19:16,87,Lab. de medidas em telecomunicações,IFPB-VISITANTE,84:F1:47:54:7F:22,-89,11
24/04/2026,07:19:16,87,Lab. de medidas em telecomunicações,UA2-MiniLab,60:32:B1:2D:66:C3,-90,10
24/04/2026,07:19:16,87,Lab. de medidas em telecomunicações,EBF243D6-HE8D94yaFM1AOcS,44:D2:44:DD:32:49,-90,11
24/04/2026,07:19:16,87,Lab. de medidas em telecomunicações,LIMPEZA,54:E6:FC:CF:22:DE,-94,6
24/04/2026,07:19:26,88,Lab. de medidas em telecomunicações,TP-Link_1324,7C:F1:7E:8D:13:22,-41,10
24/04/2026,07:19:26,88,Lab. de medidas em telecomunicações,APTelefonia,58:10:8C:91:F3:AA,-61,1
24/04/2026,07:19:26,88,Lab. de medidas em telecomunicações,IFPB-VISITANTE,24:36:DA:2B:BC:02,-67,6
24/04/2026,07:19:26,88,Lab. de medidas em telecomunicações,IFPB,84:F1:47:54:96:E0,-68,1
24/04/2026,07:19:26,88,Lab. de medidas em telecomunicações,IFPB-VISITANTE,84:F1:47:54:96:E2,-68,1
24/04/2026,07:19:26,88,Lab. de medidas em telecomunicações,IFPB,24:36:DA:2B:BC:00,-68,6
24/04/2026,07:19:26,88,Lab. de medidas em telecomunicações,IFPB,E4:4E:2D:85:4C:60,-72,11
24/04/2026,07:19:26,88,Lab. de medidas em telecomunicações,Intelbras,18:0D:2C:7F:EB:AC,-73,7
24/04/2026,07:19:26,88,Lab. de medidas em telecomunicações,IFPB-VISITANTE,E4:4E:2D:85:4C:62,-73,11
24/04/2026,07:19:26,88,Lab. de medidas em telecomunicações,Lab. de Sinais Digitais,18:D6:C7:F9:37:2F,-76,11
24/04/2026,07:19:26,88,Lab. de medidas em telecomunicações,GPDS,00:26:5A:66:55:EF,-80,6
24/04/2026,07:19:26,88,Lab. de medidas em telecomunicações,TP-Link_C3CB,D8:0D:17:3E:C3:CB,-82,4
24/04/2026,07:19:26,88,Lab. de medidas em telecomunicações,IFPB-Sala_Professor_14,24:FD:0D:57:19:26,-85,5
24/04/2026,07:19:26,88,Lab. de medidas em telecomunicações,IFPB,84:F1:47:54:6B:80,-85,6
24/04/2026,07:19:26,88,Lab. de medidas em telecomunicações,IFPB-VISITANTE,84:F1:47:54:6B:82,-85,6
24/04/2026,07:19:26,88,Lab. de medidas em telecomunicações,IFPB TCC,D8:5D:4C:86:7E:66,-88,1
24/04/2026,07:19:26,88,Lab. de medidas em telecomunicações,IFPB,84:F1:47:54:7F:20,-88,11
24/04/2026,07:19:26,88,Lab. de medidas em telecomunicações,NPEF/NEPA,50:C7:BF:EF:56:8A,-89,3
24/04/2026,07:19:26,88,Lab. de medidas em telecomunicações,IFPB-VISITANTE,84:F1:47:54:7F:22,-89,11
24/04/2026,07:19:26,88,Lab. de medidas em telecomunicações,EBF243D6-HE8D94yaFM1AOcS,44:D2:44:DD:32:49,-89,11
24/04/2026,07:19:26,88,Lab. de medidas em telecomunicações,UA2-MiniLab,60:32:B1:2D:66:C3,-91,10
24/04/2026,07:19:26,88,Lab. de medidas em telecomunicações,LIMPEZA,54:E6:FC:CF:22:DE,-94,6
24/04/2026,07:19:36,89,Lab. de medidas em telecomunicações,TP-Link_1324,7C:F1:7E:8D:13:22,-51,10
24/04/2026,07:19:36,89,Lab. de medidas em telecomunicações,APTelefonia,58:10:8C:91:F3:AA,-60,1
24/04/2026,07:19:36,89,Lab. de medidas em telecomunicações,IFPB,84:F1:47:54:96:E0,-66,1
24/04/2026,07:19:36,89,Lab. de medidas em telecomunicações,IFPB-VISITANTE,84:F1:47:54:96:E2,-66,1
24/04/2026,07:19:36,89,Lab. de medidas em telecomunicações,IFPB,24:36:DA:2B:BC:00,-67,6
24/04/2026,07:19:36,89,Lab. de medidas em telecomunicações,IFPB-VISITANTE,24:36:DA:2B:BC:02,-67,6
24/04/2026,07:19:36,89,Lab. de medidas em telecomunicações,Intelbras,18:0D:2C:7F:EB:AC,-72,7
24/04/2026,07:19:36,89,Lab. de medidas em telecomunicações,IFPB,E4:4E:2D:85:4C:60,-73,11
24/04/2026,07:19:36,89,Lab. de medidas em telecomunicações,IFPB-VISITANTE,E4:4E:2D:85:4C:62,-73,11
24/04/2026,07:19:36,89,Lab. de medidas em telecomunicações,Lab. de Sinais Digitais,18:D6:C7:F9:37:2F,-74,11
24/04/2026,07:19:36,89,Lab. de medidas em telecomunicações,GPDS,00:26:5A:66:55:EF,-79,6
24/04/2026,07:19:36,89,Lab. de medidas em telecomunicações,IFPB-Sala_Professor_14,24:FD:0D:57:19:26,-83,5
24/04/2026,07:19:36,89,Lab. de medidas em telecomunicações,IFPB TCC,D8:5D:4C:86:7E:66,-87,1
24/04/2026,07:19:36,89,Lab. de medidas em telecomunicações,IFPB,84:F1:47:54:6B:80,-87,6
24/04/2026,07:19:36,89,Lab. de medidas em telecomunicações,IFPB-VISITANTE,84:F1:47:54:6B:82,-87,6
24/04/2026,07:19:36,89,Lab. de medidas em telecomunicações,IFPB-VISITANTE,84:F1:47:54:8B:A2,-88,1
24/04/2026,07:19:36,89,Lab. de medidas em telecomunicações,IFPB,84:F1:47:54:7F:20,-88,11
24/04/2026,07:19:36,89,Lab. de medidas em telecomunicações,IFPB-VISITANTE,84:F1:47:54:7F:22,-88,11
24/04/2026,07:19:36,89,Lab. de medidas em telecomunicações,IFPB-VISITANTE,84:F1:47:54:F9:82,-88,11
24/04/2026,07:19:36,89,Lab. de medidas em telecomunicações,UA2-MiniLab,60:32:B1:2D:66:C3,-89,10
24/04/2026,07:19:36,89,Lab. de medidas em telecomunicações,TP-Link_C3CB,D8:0D:17:3E:C3:CB,-90,4
24/04/2026,07:19:36,89,Lab. de medidas em telecomunicações,EBF243D6-HE8D94yaFM1AOcS,44:D2:44:DD:32:49,-90,11
24/04/2026,07:19:36,89,Lab. de medidas em telecomunicações,LIMPEZA,54:E6:FC:CF:22:DE,-93,6
24/04/2026,07:19:46,90,Lab. de medidas em telecomunicações,TP-Link_1324,7C:F1:7E:8D:13:22,-50,10
24/04/2026,07:19:46,90,Lab. de medidas em telecomunicações,APTelefonia,58:10:8C:91:F3:AA,-58,1
24/04/2026,07:19:46,90,Lab. de medidas em telecomunicações,IFPB,84:F1:47:54:96:E0,-69,1
24/04/2026,07:19:46,90,Lab. de medidas em telecomunicações,IFPB-VISITANTE,84:F1:47:54:96:E2,-70,1
24/04/2026,07:19:46,90,Lab. de medidas em telecomunicações,Intelbras,18:0D:2C:7F:EB:AC,-71,7
24/04/2026,07:19:46,90,Lab. de medidas em telecomunicações,IFPB-VISITANTE,24:36:DA:2B:BC:02,-72,6
24/04/2026,07:19:46,90,Lab. de medidas em telecomunicações,IFPB,24:36:DA:2B:BC:00,-73,6
24/04/2026,07:19:46,90,Lab. de medidas em telecomunicações,Lab. de Sinais Digitais,18:D6:C7:F9:37:2F,-74,11
24/04/2026,07:19:46,90,Lab. de medidas em telecomunicações,IFPB,E4:4E:2D:85:4C:60,-74,11
24/04/2026,07:19:46,90,Lab. de medidas em telecomunicações,IFPB-VISITANTE,E4:4E:2D:85:4C:62,-74,11
24/04/2026,07:19:46,90,Lab. de medidas em telecomunicações,GPDS,00:26:5A:66:55:EF,-79,6
24/04/2026,07:19:46,90,Lab. de medidas em telecomunicações,TP-Link_C3CB,D8:0D:17:3E:C3:CB,-83,4
24/04/2026,07:19:46,90,Lab. de medidas em telecomunicações,IFPB-Sala_Professor_14,24:FD:0D:57:19:26,-85,5
24/04/2026,07:19:46,90,Lab. de medidas em telecomunicações,IFPB-VISITANTE,84:F1:47:54:6B:82,-86,6
24/04/2026,07:19:46,90,Lab. de medidas em telecomunicações,IFPB,84:F1:47:54:6B:80,-86,6
24/04/2026,07:19:46,90,Lab. de medidas em telecomunicações,IFPB TCC,D8:5D:4C:86:7E:66,-88,1
24/04/2026,07:19:46,90,Lab. de medidas em telecomunicações,UA2-MiniLab,60:32:B1:2D:66:C3,-88,10
24/04/2026,07:19:46,90,Lab. de medidas em telecomunicações,IFPB,84:F1:47:54:7F:20,-88,11
24/04/2026,07:19:46,90,Lab. de medidas em telecomunicações,IFPB-VISITANTE,84:F1:47:54:7F:22,-88,11
24/04/2026,07:19:46,90,Lab. de medidas em telecomunicações,NPEF/NEPA,50:C7:BF:EF:56:8A,-90,3
24/04/2026,07:19:46,90,Lab. de medidas em telecomunicações,LIMPEZA,54:E6:FC:CF:22:DE,-91,6
24/04/2026,07:19:46,90,Lab. de medidas em telecomunicações,EBF243D6-HE8D94yaFM1AOcS,44:D2:44:DD:32:49,-91,11
24/04/2026,07:20:40,91,Coordenação de pós em Eng. Elétrica,APTelefonia,58:10:8C:91:F3:AA,-53,1
24/04/2026,07:20:40,91,Coordenação de pós em Eng. Elétrica,Intelbras,18:0D:2C:7F:EB:AC,-59,7
24/04/2026,07:20:40,91,Coordenação de pós em Eng. Elétrica,TP-Link_1324,7C:F1:7E:8D:13:22,-61,10
24/04/2026,07:20:40,91,Coordenação de pós em Eng. Elétrica,Lab. de Sinais Digitais,18:D6:C7:F9:37:2F,-67,11
24/04/2026,07:20:40,91,Coordenação de pós em Eng. Elétrica,IFPB-Sala_Professor_14,24:FD:0D:57:19:26,-73,5
24/04/2026,07:20:40,91,Coordenação de pós em Eng. Elétrica,IFPB TCC,D8:5D:4C:86:7E:66,-76,1
24/04/2026,07:20:40,91,Coordenação de pós em Eng. Elétrica,EBEF98EB-HE8D94xvZh1AO1J,44:D2:44:DD:32:41,-80,11
24/04/2026,07:20:40,91,Coordenação de pós em Eng. Elétrica,UA2-MiniLab,60:32:B1:2D:66:C3,-81,10
24/04/2026,07:20:40,91,Coordenação de pós em Eng. Elétrica,IFPB-VISITANTE,24:36:DA:2B:BC:02,-82,6
24/04/2026,07:20:40,91,Coordenação de pós em Eng. Elétrica,IFPB-VISITANTE,84:F1:47:54:EB:22,-83,6
24/04/2026,07:20:41,91,Coordenação de pós em Eng. Elétrica,IFPB,24:36:DA:2B:BC:00,-83,6
24/04/2026,07:20:41,91,Coordenação de pós em Eng. Elétrica,IFPB-VISITANTE,E4:4E:2D:85:4C:62,-83,11
24/04/2026,07:20:41,91,Coordenação de pós em Eng. Elétrica,IFPB,84:F1:47:54:EB:20,-84,6
24/04/2026,07:20:41,91,Coordenação de pós em Eng. Elétrica,IFPB,E4:4E:2D:85:4C:60,-84,11
24/04/2026,07:20:41,91,Coordenação de pós em Eng. Elétrica,GPDS,00:26:5A:66:55:EF,-88,6
24/04/2026,07:20:41,91,Coordenação de pós em Eng. Elétrica,SALA_MESTRADO,64:66:B3:62:EB:86,-90,1
24/04/2026,07:20:41,91,Coordenação de pós em Eng. Elétrica,IFPB-VISITANTE,24:36:DA:9F:FB:82,-90,11
24/04/2026,07:20:41,91,Coordenação de pós em Eng. Elétrica,IFPB-VISITANTE,84:F1:47:54:7F:22,-91,11
24/04/2026,07:20:41,91,Coordenação de pós em Eng. Elétrica,NUNYA_Room_2.4GHz,CC:32:E5:0C:FC:2B,-93,9
24/04/2026,07:20:41,91,Coordenação de pós em Eng. Elétrica,IFPB,24:36:DA:9F:FB:80,-93,11
24/04/2026,07:20:41,91,Coordenação de pós em Eng. Elétrica,Lab Redes Convergentes,64:70:02:99:FE:F4,-94,1
24/04/2026,07:20:41,91,Coordenação de pós em Eng. Elétrica,NPEF/NEPA,50:C7:BF:EF:56:8A,-94,3
24/04/2026,07:20:41,91,Coordenação de pós em Eng. Elétrica,EBF243D6-HE8D94yaFM1AOcS,44:D2:44:DD:32:49,-94,11
24/04/2026,07:20:50,92,Coordenação de pós em Eng. Elétrica,APTelefonia,58:10:8C:91:F3:AA,-50,1
24/04/2026,07:20:50,92,Coordenação de pós em Eng. Elétrica,Intelbras,18:0D:2C:7F:EB:AC,-59,7
24/04/2026,07:20:50,92,Coordenação de pós em Eng. Elétrica,Lab. de Sinais Digitais,18:D6:C7:F9:37:2F,-68,11
24/04/2026,07:20:50,92,Coordenação de pós em Eng. Elétrica,TP-Link_1324,7C:F1:7E:8D:13:22,-70,10
24/04/2026,07:20:50,92,Coordenação de pós em Eng. Elétrica,IFPB-Sala_Professor_14,24:FD:0D:57:19:26,-72,5
24/04/2026,07:20:50,92,Coordenação de pós em Eng. Elétrica,IFPB TCC,D8:5D:4C:86:7E:66,-73,1
24/04/2026,07:20:50,92,Coordenação de pós em Eng. Elétrica,EBEF98EB-HE8D94xvZh1AO1J,44:D2:44:DD:32:41,-80,11
24/04/2026,07:20:50,92,Coordenação de pós em Eng. Elétrica,IFPB,24:36:DA:2B:BC:00,-81,6
24/04/2026,07:20:50,92,Coordenação de pós em Eng. Elétrica,IFPB-VISITANTE,24:36:DA:2B:BC:02,-82,6
24/04/2026,07:20:50,92,Coordenação de pós em Eng. Elétrica,IFPB,E4:4E:2D:85:4C:60,-83,11
24/04/2026,07:20:51,92,Coordenação de pós em Eng. Elétrica,GPDS,00:26:5A:66:55:EF,-84,6
24/04/2026,07:20:51,92,Coordenação de pós em Eng. Elétrica,UA2-MiniLab,60:32:B1:2D:66:C3,-85,10
24/04/2026,07:20:51,92,Coordenação de pós em Eng. Elétrica,IFPB-VISITANTE,84:F1:47:54:EB:22,-88,6
24/04/2026,07:20:51,92,Coordenação de pós em Eng. Elétrica,IFPB,84:F1:47:54:EB:20,-88,6
24/04/2026,07:20:51,92,Coordenação de pós em Eng. Elétrica,IFPB,84:F1:47:54:7F:20,-89,11
24/04/2026,07:20:51,92,Coordenação de pós em Eng. Elétrica,SALA_MESTRADO,64:66:B3:62:EB:86,-90,1
24/04/2026,07:20:51,92,Coordenação de pós em Eng. Elétrica,IFPB-VISITANTE,84:F1:47:54:7F:22,-90,11
24/04/2026,07:20:51,92,Coordenação de pós em Eng. Elétrica,NPEF/NEPA,50:C7:BF:EF:56:8A,-91,3
24/04/2026,07:20:51,92,Coordenação de pós em Eng. Elétrica,Lab Redes Convergentes,64:70:02:99:FE:F4,-92,1
24/04/2026,07:21:00,93,Coordenação de pós em Eng. Elétrica,APTelefonia,58:10:8C:91:F3:AA,-51,1
24/04/2026,07:21:00,93,Coordenação de pós em Eng. Elétrica,Intelbras,18:0D:2C:7F:EB:AC,-58,7
24/04/2026,07:21:00,93,Coordenação de pós em Eng. Elétrica,TP-Link_1324,7C:F1:7E:8D:13:22,-68,10
24/04/2026,07:21:00,93,Coordenação de pós em Eng. Elétrica,Lab. de Sinais Digitais,18:D6:C7:F9:37:2F,-69,11
24/04/2026,07:21:00,93,Coordenação de pós em Eng. Elétrica,IFPB TCC,D8:5D:4C:86:7E:66,-73,1
24/04/2026,07:21:00,93,Coordenação de pós em Eng. Elétrica,IFPB-Sala_Professor_14,24:FD:0D:57:19:26,-77,5
24/04/2026,07:21:00,93,Coordenação de pós em Eng. Elétrica,IFPB-VISITANTE,E4:4E:2D:85:4C:62,-77,11
24/04/2026,07:21:00,93,Coordenação de pós em Eng. Elétrica,IFPB,E4:4E:2D:85:4C:60,-78,11
24/04/2026,07:21:00,93,Coordenação de pós em Eng. Elétrica,IFPB,24:36:DA:2B:BC:00,-83,6
24/04/2026,07:21:00,93,Coordenação de pós em Eng. Elétrica,IFPB-VISITANTE,24:36:DA:2B:BC:02,-84,6
24/04/2026,07:21:01,93,Coordenação de pós em Eng. Elétrica,GPDS,00:26:5A:66:55:EF,-86,6
24/04/2026,07:21:01,93,Coordenação de pós em Eng. Elétrica,IFPB-VISITANTE,84:F1:47:54:EB:22,-86,6
24/04/2026,07:21:01,93,Coordenação de pós em Eng. Elétrica,UA2-MiniLab,60:32:B1:2D:66:C3,-86,10
24/04/2026,07:21:01,93,Coordenação de pós em Eng. Elétrica,IFPB,84:F1:47:54:EB:20,-87,6
24/04/2026,07:21:01,93,Coordenação de pós em Eng. Elétrica,IFPB-Sala_Professor_14,48:51:CF:81:B0:9E,-87,8
24/04/2026,07:21:01,93,Coordenação de pós em Eng. Elétrica,IFPB-VISITANTE,84:F1:47:54:7F:22,-87,11
24/04/2026,07:21:01,93,Coordenação de pós em Eng. Elétrica,EBEF98EB-HE8D94xvZh1AO1J,44:D2:44:DD:32:41,-87,11
24/04/2026,07:21:01,93,Coordenação de pós em Eng. Elétrica,IFPB,84:F1:47:54:7F:20,-88,11
24/04/2026,07:21:01,93,Coordenação de pós em Eng. Elétrica,NPEF/NEPA,50:C7:BF:EF:56:8A,-89,3
24/04/2026,07:21:01,93,Coordenação de pós em Eng. Elétrica,SALA_MESTRADO,64:66:B3:62:EB:86,-92,1
24/04/2026,07:21:01,93,Coordenação de pós em Eng. Elétrica,Lab Redes Convergentes,64:70:02:99:FE:F4,-93,1
24/04/2026,07:21:10,94,Coordenação de pós em Eng. Elétrica,APTelefonia,58:10:8C:91:F3:AA,-55,1
24/04/2026,07:21:10,94,Coordenação de pós em Eng. Elétrica,Intelbras,18:0D:2C:7F:EB:AC,-56,7
24/04/2026,07:21:10,94,Coordenação de pós em Eng. Elétrica,TP-Link_1324,7C:F1:7E:8D:13:22,-67,10
24/04/2026,07:21:10,94,Coordenação de pós em Eng. Elétrica,Lab. de Sinais Digitais,18:D6:C7:F9:37:2F,-71,11
24/04/2026,07:21:10,94,Coordenação de pós em Eng. Elétrica,IFPB TCC,D8:5D:4C:86:7E:66,-75,1
24/04/2026,07:21:11,94,Coordenação de pós em Eng. Elétrica,IFPB-Sala_Professor_14,24:FD:0D:57:19:26,-77,5
24/04/2026,07:21:11,94,Coordenação de pós em Eng. Elétrica,IFPB,E4:4E:2D:85:4C:60,-77,11
24/04/2026,07:21:11,94,Coordenação de pós em Eng. Elétrica,IFPB-VISITANTE,E4:4E:2D:85:4C:62,-77,11
24/04/2026,07:21:11,94,Coordenação de pós em Eng. Elétrica,IFPB,84:F1:47:54:EB:20,-85,6
24/04/2026,07:21:11,94,Coordenação de pós em Eng. Elétrica,EBEF98EB-HE8D94xvZh1AO1J,44:D2:44:DD:32:41,-85,11
24/04/2026,07:21:11,94,Coordenação de pós em Eng. Elétrica,IFPB,24:36:DA:2B:BC:00,-86,6
24/04/2026,07:21:11,94,Coordenação de pós em Eng. Elétrica,IFPB-VISITANTE,84:F1:47:54:EB:22,-86,6
24/04/2026,07:21:11,94,Coordenação de pós em Eng. Elétrica,GPDS,00:26:5A:66:55:EF,-87,6
24/04/2026,07:21:11,94,Coordenação de pós em Eng. Elétrica,IFPB-VISITANTE,24:36:DA:2B:BC:02,-87,6
24/04/2026,07:21:11,94,Coordenação de pós em Eng. Elétrica,UA2-MiniLab,60:32:B1:2D:66:C3,-87,10
24/04/2026,07:21:11,94,Coordenação de pós em Eng. Elétrica,IFPB-VISITANTE,84:F1:47:54:7F:22,-88,11
24/04/2026,07:21:11,94,Coordenação de pós em Eng. Elétrica,IFPB,84:F1:47:54:7F:20,-89,11
24/04/2026,07:21:11,94,Coordenação de pós em Eng. Elétrica,SALA_MESTRADO,64:66:B3:62:EB:86,-92,1
24/04/2026,07:21:11,94,Coordenação de pós em Eng. Elétrica,NPEF/NEPA,50:C7:BF:EF:56:8A,-92,3
24/04/2026,07:21:11,94,Coordenação de pós em Eng. Elétrica,Lab Redes Convergentes,64:70:02:99:FE:F4,-95,1
24/04/2026,07:21:20,95,Coordenação de pós em Eng. Elétrica,APTelefonia,58:10:8C:91:F3:AA,-51,1
24/04/2026,07:21:20,95,Coordenação de pós em Eng. Elétrica,Intelbras,18:0D:2C:7F:EB:AC,-58,7
24/04/2026,07:21:20,95,Coordenação de pós em Eng. Elétrica,TP-Link_1324,7C:F1:7E:8D:13:22,-65,10
24/04/2026,07:21:20,95,Coordenação de pós em Eng. Elétrica,Lab. de Sinais Digitais,18:D6:C7:F9:37:2F,-71,11
24/04/2026,07:21:20,95,Coordenação de pós em Eng. Elétrica,IFPB TCC,D8:5D:4C:86:7E:66,-72,1
24/04/2026,07:21:21,95,Coordenação de pós em Eng. Elétrica,IFPB-Sala_Professor_14,24:FD:0D:57:19:26,-77,5
24/04/2026,07:21:21,95,Coordenação de pós em Eng. Elétrica,IFPB,E4:4E:2D:85:4C:60,-78,11
24/04/2026,07:21:21,95,Coordenação de pós em Eng. Elétrica,IFPB-VISITANTE,E4:4E:2D:85:4C:62,-78,11
24/04/2026,07:21:21,95,Coordenação de pós em Eng. Elétrica,EBEF98EB-HE8D94xvZh1AO1J,44:D2:44:DD:32:41,-82,11
24/04/2026,07:21:21,95,Coordenação de pós em Eng. Elétrica,IFPB,24:36:DA:2B:BC:00,-85,6
24/04/2026,07:21:21,95,Coordenação de pós em Eng. Elétrica,IFPB-VISITANTE,24:36:DA:2B:BC:02,-85,6
24/04/2026,07:21:21,95,Coordenação de pós em Eng. Elétrica,GPDS,00:26:5A:66:55:EF,-86,6
24/04/2026,07:21:21,95,Coordenação de pós em Eng. Elétrica,UA2-MiniLab,60:32:B1:2D:66:C3,-86,10
24/04/2026,07:21:21,95,Coordenação de pós em Eng. Elétrica,IFPB,84:F1:47:54:EB:20,-87,6
24/04/2026,07:21:21,95,Coordenação de pós em Eng. Elétrica,IFPB-VISITANTE,84:F1:47:54:EB:22,-87,6
24/04/2026,07:21:21,95,Coordenação de pós em Eng. Elétrica,IFPB-Sala_Professor_14,48:51:CF:81:B0:9E,-88,8
24/04/2026,07:21:21,95,Coordenação de pós em Eng. Elétrica,SALA_MESTRADO,64:66:B3:62:EB:86,-91,1
24/04/2026,07:21:21,95,Coordenação de pós em Eng. Elétrica,NPEF/NEPA,50:C7:BF:EF:56:8A,-92,3
24/04/2026,07:21:21,95,Coordenação de pós em Eng. Elétrica,Lab Redes Convergentes,64:70:02:99:FE:F4,-93,1
24/04/2026,07:21:30,96,Coordenação de pós em Eng. Elétrica,APTelefonia,58:10:8C:91:F3:AA,-52,1
24/04/2026,07:21:30,96,Coordenação de pós em Eng. Elétrica,Intelbras,18:0D:2C:7F:EB:AC,-59,7
24/04/2026,07:21:30,96,Coordenação de pós em Eng. Elétrica,TP-Link_1324,7C:F1:7E:8D:13:22,-62,10
24/04/2026,07:21:30,96,Coordenação de pós em Eng. Elétrica,Lab. de Sinais Digitais,18:D6:C7:F9:37:2F,-70,11
24/04/2026,07:21:30,96,Coordenação de pós em Eng. Elétrica,IFPB-Sala_Professor_14,24:FD:0D:57:19:26,-75,5
24/04/2026,07:21:31,96,Coordenação de pós em Eng. Elétrica,IFPB TCC,D8:5D:4C:86:7E:66,-76,1
24/04/2026,07:21:31,96,Coordenação de pós em Eng. Elétrica,IFPB-VISITANTE,E4:4E:2D:85:4C:62,-78,11
24/04/2026,07:21:31,96,Coordenação de pós em Eng. Elétrica,IFPB,E4:4E:2D:85:4C:60,-80,11
24/04/2026,07:21:31,96,Coordenação de pós em Eng. Elétrica,IFPB-VISITANTE,24:36:DA:2B:BC:02,-84,6
24/04/2026,07:21:31,96,Coordenação de pós em Eng. Elétrica,EBEF98EB-HE8D94xvZh1AO1J,44:D2:44:DD:32:41,-85,11
24/04/2026,07:21:31,96,Coordenação de pós em Eng. Elétrica,IFPB,24:36:DA:2B:BC:00,-86,6
24/04/2026,07:21:31,96,Coordenação de pós em Eng. Elétrica,IFPB-VISITANTE,84:F1:47:54:EB:22,-87,6
24/04/2026,07:21:31,96,Coordenação de pós em Eng. Elétrica,UA2-MiniLab,60:32:B1:2D:66:C3,-87,10
24/04/2026,07:21:31,96,Coordenação de pós em Eng. Elétrica,Lab Redes Convergentes,64:70:02:99:FE:F4,-88,1
24/04/2026,07:21:31,96,Coordenação de pós em Eng. Elétrica,GPDS,00:26:5A:66:55:EF,-88,6
24/04/2026,07:21:31,96,Coordenação de pós em Eng. Elétrica,IFPB,84:F1:47:54:EB:20,-88,6
24/04/2026,07:21:31,96,Coordenação de pós em Eng. Elétrica,IFPB-VISITANTE,84:F1:47:54:7F:22,-88,11
24/04/2026,07:21:31,96,Coordenação de pós em Eng. Elétrica,IFPB,84:F1:47:54:7F:20,-89,11
24/04/2026,07:21:31,96,Coordenação de pós em Eng. Elétrica,NPEF/NEPA,50:C7:BF:EF:56:8A,-90,3
24/04/2026,07:21:31,96,Coordenação de pós em Eng. Elétrica,SALA_MESTRADO,64:66:B3:62:EB:86,-91,1
24/04/2026,07:21:31,96,Coordenação de pós em Eng. Elétrica,TP-Link_C3CB,D8:0D:17:3E:C3:CB,-92,4
24/04/2026,07:21:40,97,Coordenação de pós em Eng. Elétrica,APTelefonia,58:10:8C:91:F3:AA,-55,1
24/04/2026,07:21:40,97,Coordenação de pós em Eng. Elétrica,Intelbras,18:0D:2C:7F:EB:AC,-56,7
24/04/2026,07:21:40,97,Coordenação de pós em Eng. Elétrica,TP-Link_1324,7C:F1:7E:8D:13:22,-65,10
24/04/2026,07:21:40,97,Coordenação de pós em Eng. Elétrica,IFPB TCC,D8:5D:4C:86:7E:66,-73,1
24/04/2026,07:21:40,97,Coordenação de pós em Eng. Elétrica,IFPB,E4:4E:2D:85:4C:60,-77,11
24/04/2026,07:21:40,97,Coordenação de pós em Eng. Elétrica,IFPB-VISITANTE,E4:4E:2D:85:4C:62,-77,11
24/04/2026,07:21:41,97,Coordenação de pós em Eng. Elétrica,IFPB-Sala_Professor_14,24:FD:0D:57:19:26,-79,5
24/04/2026,07:21:41,97,Coordenação de pós em Eng. Elétrica,UA2-MiniLab,60:32:B1:2D:66:C3,-79,10
24/04/2026,07:21:41,97,Coordenação de pós em Eng. Elétrica,Lab. de Sinais Digitais,18:D6:C7:F9:37:2F,-79,11
24/04/2026,07:21:41,97,Coordenação de pós em Eng. Elétrica,GPDS,00:26:5A:66:55:EF,-86,6
24/04/2026,07:21:41,97,Coordenação de pós em Eng. Elétrica,IFPB-VISITANTE,84:F1:47:54:EB:22,-87,6
24/04/2026,07:21:41,97,Coordenação de pós em Eng. Elétrica,IFPB-VISITANTE,24:36:DA:2B:BC:02,-88,6
24/04/2026,07:21:41,97,Coordenação de pós em Eng. Elétrica,IFPB,84:F1:47:54:EB:20,-88,6
24/04/2026,07:21:41,97,Coordenação de pós em Eng. Elétrica,IFPB,24:36:DA:2B:BC:00,-88,6
24/04/2026,07:21:41,97,Coordenação de pós em Eng. Elétrica,EBEF98EB-HE8D94xvZh1AO1J,44:D2:44:DD:32:41,-88,11
24/04/2026,07:21:41,97,Coordenação de pós em Eng. Elétrica,IFPB,84:F1:47:54:7F:20,-90,11
24/04/2026,07:21:41,97,Coordenação de pós em Eng. Elétrica,IFPB,24:36:DA:9F:FB:80,-90,11
24/04/2026,07:21:41,97,Coordenação de pós em Eng. Elétrica,SALA_MESTRADO,64:66:B3:62:EB:86,-91,1
24/04/2026,07:21:41,97,Coordenação de pós em Eng. Elétrica,NPEF/NEPA,50:C7:BF:EF:56:8A,-91,3
24/04/2026,07:21:41,97,Coordenação de pós em Eng. Elétrica,IFPB-VISITANTE,24:36:DA:9F:FB:82,-91,11
24/04/2026,07:21:41,97,Coordenação de pós em Eng. Elétrica,Lab Redes Convergentes,64:70:02:99:FE:F4,-92,1
24/04/2026,07:21:50,98,Coordenação de pós em Eng. Elétrica,APTelefonia,58:10:8C:91:F3:AA,-57,1
24/04/2026,07:21:50,98,Coordenação de pós em Eng. Elétrica,Intelbras,18:0D:2C:7F:EB:AC,-58,7
24/04/2026,07:21:50,98,Coordenação de pós em Eng. Elétrica,TP-Link_1324,7C:F1:7E:8D:13:22,-68,10
24/04/2026,07:21:50,98,Coordenação de pós em Eng. Elétrica,Lab. de Sinais Digitais,18:D6:C7:F9:37:2F,-68,11
24/04/2026,07:21:50,98,Coordenação de pós em Eng. Elétrica,IFPB TCC,D8:5D:4C:86:7E:66,-73,1
24/04/2026,07:21:51,98,Coordenação de pós em Eng. Elétrica,IFPB-VISITANTE,E4:4E:2D:85:4C:62,-77,11
24/04/2026,07:21:51,98,Coordenação de pós em Eng. Elétrica,IFPB,E4:4E:2D:85:4C:60,-77,11
24/04/2026,07:21:51,98,Coordenação de pós em Eng. Elétrica,IFPB-Sala_Professor_14,24:FD:0D:57:19:26,-80,5
24/04/2026,07:21:51,98,Coordenação de pós em Eng. Elétrica,IFPB,24:36:DA:2B:BC:00,-83,6
24/04/2026,07:21:51,98,Coordenação de pós em Eng. Elétrica,IFPB-VISITANTE,24:36:DA:2B:BC:02,-84,6
24/04/2026,07:21:51,98,Coordenação de pós em Eng. Elétrica,EBEF98EB-HE8D94xvZh1AO1J,44:D2:44:DD:32:41,-84,11
24/04/2026,07:21:51,98,Coordenação de pós em Eng. Elétrica,GPDS,00:26:5A:66:55:EF,-86,6
24/04/2026,07:21:51,98,Coordenação de pós em Eng. Elétrica,UA2-MiniLab,60:32:B1:2D:66:C3,-87,10
24/04/2026,07:21:51,98,Coordenação de pós em Eng. Elétrica,Lab Redes Convergentes,64:70:02:99:FE:F4,-88,1
24/04/2026,07:21:51,98,Coordenação de pós em Eng. Elétrica,NPEF/NEPA,50:C7:BF:EF:56:8A,-88,3
24/04/2026,07:21:51,98,Coordenação de pós em Eng. Elétrica,IFPB,84:F1:47:54:EB:20,-89,6
24/04/2026,07:21:51,98,Coordenação de pós em Eng. Elétrica,IFPB-VISITANTE,84:F1:47:54:EB:22,-90,6
24/04/2026,07:21:51,98,Coordenação de pós em Eng. Elétrica,SALA_MESTRADO,64:66:B3:62:EB:86,-96,1
24/04/2026,07:22:00,99,Coordenação de pós em Eng. Elétrica,APTelefonia,58:10:8C:91:F3:AA,-51,1
24/04/2026,07:22:00,99,Coordenação de pós em Eng. Elétrica,Intelbras,18:0D:2C:7F:EB:AC,-59,7
24/04/2026,07:22:00,99,Coordenação de pós em Eng. Elétrica,TP-Link_1324,7C:F1:7E:8D:13:22,-63,10
24/04/2026,07:22:00,99,Coordenação de pós em Eng. Elétrica,Lab. de Sinais Digitais,18:D6:C7:F9:37:2F,-70,11
24/04/2026,07:22:00,99,Coordenação de pós em Eng. Elétrica,IFPB-Sala_Professor_14,24:FD:0D:57:19:26,-73,5
24/04/2026,07:22:01,99,Coordenação de pós em Eng. Elétrica,IFPB TCC,D8:5D:4C:86:7E:66,-74,1
24/04/2026,07:22:01,99,Coordenação de pós em Eng. Elétrica,IFPB,E4:4E:2D:85:4C:60,-80,11
24/04/2026,07:22:01,99,Coordenação de pós em Eng. Elétrica,IFPB-VISITANTE,E4:4E:2D:85:4C:62,-80,11
24/04/2026,07:22:01,99,Coordenação de pós em Eng. Elétrica,IFPB,24:36:DA:2B:BC:00,-87,6
24/04/2026,07:22:01,99,Coordenação de pós em Eng. Elétrica,IFPB-VISITANTE,24:36:DA:2B:BC:02,-87,6
24/04/2026,07:22:01,99,Coordenação de pós em Eng. Elétrica,UA2-MiniLab,60:32:B1:2D:66:C3,-87,10
24/04/2026,07:22:01,99,Coordenação de pós em Eng. Elétrica,EBEF98EB-HE8D94xvZh1AO1J,44:D2:44:DD:32:41,-89,11
24/04/2026,07:22:01,99,Coordenação de pós em Eng. Elétrica,NPEF/NEPA,50:C7:BF:EF:56:8A,-90,3
24/04/2026,07:22:01,99,Coordenação de pós em Eng. Elétrica,IFPB,24:36:DA:9F:FB:80,-90,11
24/04/2026,07:22:01,99,Coordenação de pós em Eng. Elétrica,IFPB-VISITANTE,24:36:DA:9F:FB:82,-90,11
24/04/2026,07:22:01,99,Coordenação de pós em Eng. Elétrica,Lab Redes Convergentes,64:70:02:99:FE:F4,-91,1
24/04/2026,07:22:01,99,Coordenação de pós em Eng. Elétrica,GPDS,00:26:5A:66:55:EF,-91,6
24/04/2026,07:22:01,99,Coordenação de pós em Eng. Elétrica,SALA_MESTRADO,64:66:B3:62:EB:86,-93,1
24/04/2026,07:22:10,100,Coordenação de pós em Eng. Elétrica,APTelefonia,58:10:8C:91:F3:AA,-51,1
24/04/2026,07:22:10,100,Coordenação de pós em Eng. Elétrica,Intelbras,18:0D:2C:7F:EB:AC,-59,7
24/04/2026,07:22:10,100,Coordenação de pós em Eng. Elétrica,TP-Link_1324,7C:F1:7E:8D:13:22,-63,10
24/04/2026,07:22:10,100,Coordenação de pós em Eng. Elétrica,Lab. de Sinais Digitais,18:D6:C7:F9:37:2F,-68,11
24/04/2026,07:22:10,100,Coordenação de pós em Eng. Elétrica,IFPB-Sala_Professor_14,24:FD:0D:57:19:26,-72,5
24/04/2026,07:22:11,100,Coordenação de pós em Eng. Elétrica,IFPB TCC,D8:5D:4C:86:7E:66,-74,1
24/04/2026,07:22:11,100,Coordenação de pós em Eng. Elétrica,IFPB-VISITANTE,E4:4E:2D:85:4C:62,-77,11
24/04/2026,07:22:11,100,Coordenação de pós em Eng. Elétrica,IFPB,E4:4E:2D:85:4C:60,-78,11
24/04/2026,07:22:11,100,Coordenação de pós em Eng. Elétrica,UA2-MiniLab,60:32:B1:2D:66:C3,-85,10
24/04/2026,07:22:11,100,Coordenação de pós em Eng. Elétrica,NPEF/NEPA,50:C7:BF:EF:56:8A,-86,3
24/04/2026,07:22:11,100,Coordenação de pós em Eng. Elétrica,GPDS,00:26:5A:66:55:EF,-86,6
24/04/2026,07:22:11,100,Coordenação de pós em Eng. Elétrica,EBEF98EB-HE8D94xvZh1AO1J,44:D2:44:DD:32:41,-87,11
24/04/2026,07:22:11,100,Coordenação de pós em Eng. Elétrica,IFPB-VISITANTE,24:36:DA:2B:BC:02,-88,6
24/04/2026,07:22:11,100,Coordenação de pós em Eng. Elétrica,IFPB,24:36:DA:2B:BC:00,-89,6
24/04/2026,07:22:11,100,Coordenação de pós em Eng. Elétrica,IFPB-VISITANTE,84:F1:47:54:7F:22,-89,11
24/04/2026,07:22:11,100,Coordenação de pós em Eng. Elétrica,Lab Redes Convergentes,64:70:02:99:FE:F4,-90,1
24/04/2026,07:22:11,100,Coordenação de pós em Eng. Elétrica,SALA_MESTRADO,64:66:B3:62:EB:86,-93,1
24/04/2026,07:22:37,101,Lab. de redes convergentes,APTelefonia,58:10:8C:91:F3:AA,-37,1
24/04/2026,07:22:37,101,Lab. de redes convergentes,Intelbras,18:0D:2C:7F:EB:AC,-53,7
24/04/2026,07:22:37,101,Lab. de redes convergentes,IFPB,E4:4E:2D:85:4C:60,-59,11
24/04/2026,07:22:37,101,Lab. de redes convergentes,IFPB-VISITANTE,E4:4E:2D:85:4C:62,-59,11
24/04/2026,07:22:37,101,Lab. de redes convergentes,TP-Link_1324,7C:F1:7E:8D:13:22,-62,10
24/04/2026,07:22:37,101,Lab. de redes convergentes,IFPB-Sala_Professor_14,24:FD:0D:57:19:26,-65,5
24/04/2026,07:22:37,101,Lab. de redes convergentes,Lab. de Sinais Digitais,18:D6:C7:F9:37:2F,-65,11
24/04/2026,07:22:37,101,Lab. de redes convergentes,IFPB TCC,D8:5D:4C:86:7E:66,-69,1
24/04/2026,07:22:37,101,Lab. de redes convergentes,GPDS,00:26:5A:66:55:EF,-76,6
24/04/2026,07:22:37,101,Lab. de redes convergentes,UA2-MiniLab,60:32:B1:2D:66:C3,-78,10
24/04/2026,07:22:37,101,Lab. de redes convergentes,IFPB,84:F1:47:54:96:E0,-82,1
24/04/2026,07:22:37,101,Lab. de redes convergentes,IFPB-VISITANTE,84:F1:47:54:96:E2,-83,1
24/04/2026,07:22:37,101,Lab. de redes convergentes,EBEF98EB-HE8D94xvZh1AO1J,44:D2:44:DD:32:41,-83,11
24/04/2026,07:22:37,101,Lab. de redes convergentes,IFPB-VISITANTE,84:F1:47:54:EB:22,-84,6
24/04/2026,07:22:37,101,Lab. de redes convergentes,IFPB-VISITANTE,24:36:DA:2B:BC:02,-85,6
24/04/2026,07:22:37,101,Lab. de redes convergentes,IFPB,84:F1:47:54:EB:20,-85,6
24/04/2026,07:22:37,101,Lab. de redes convergentes,IFPB-VISITANTE,84:F1:47:54:7F:22,-85,11
24/04/2026,07:22:37,101,Lab. de redes convergentes,IFPB,84:F1:47:54:7F:20,-85,11
24/04/2026,07:22:37,101,Lab. de redes convergentes,IFPB,24:36:DA:2B:BC:00,-86,6
24/04/2026,07:22:37,101,Lab. de redes convergentes,NPEF/NEPA,50:C7:BF:EF:56:8A,-89,3
24/04/2026,07:22:37,101,Lab. de redes convergentes,Lab Redes Convergentes,64:70:02:99:FE:F4,-91,1
24/04/2026,07:22:37,101,Lab. de redes convergentes,NUNYA_Room_2.4GHz,CC:32:E5:0C:FC:2B,-92,9
24/04/2026,07:22:38,101,Lab. de redes convergentes,TP-Link_C3CB,D8:0D:17:3E:C3:CB,-94,4
24/04/2026,07:22:38,101,Lab. de redes convergentes,IFPB-Sala_13,E8:94:F6:B9:2F:46,-94,6
24/04/2026,07:22:38,101,Lab. de redes convergentes,EBF243D6-HE8D94yaFM1AOcS,44:D2:44:DD:32:49,-94,11
24/04/2026,07:22:38,101,Lab. de redes convergentes,SALA_MESTRADO,64:66:B3:62:EB:86,-95,1
24/04/2026,07:22:47,102,Lab. de redes convergentes,APTelefonia,58:10:8C:91:F3:AA,-36,1
24/04/2026,07:22:47,102,Lab. de redes convergentes,Intelbras,18:0D:2C:7F:EB:AC,-51,7
24/04/2026,07:22:47,102,Lab. de redes convergentes,IFPB,E4:4E:2D:85:4C:60,-58,11
24/04/2026,07:22:47,102,Lab. de redes convergentes,IFPB-VISITANTE,E4:4E:2D:85:4C:62,-58,11
24/04/2026,07:22:47,102,Lab. de redes convergentes,TP-Link_1324,7C:F1:7E:8D:13:22,-63,10
24/04/2026,07:22:47,102,Lab. de redes convergentes,Lab. de Sinais Digitais,18:D6:C7:F9:37:2F,-64,11
24/04/2026,07:22:47,102,Lab. de redes convergentes,IFPB-Sala_Professor_14,24:FD:0D:57:19:26,-65,5
24/04/2026,07:22:47,102,Lab. de redes convergentes,IFPB TCC,D8:5D:4C:86:7E:66,-73,1
24/04/2026,07:22:47,102,Lab. de redes convergentes,UA2-MiniLab,60:32:B1:2D:66:C3,-75,10
24/04/2026,07:22:47,102,Lab. de redes convergentes,EBEF98EB-HE8D94xvZh1AO1J,44:D2:44:DD:32:41,-81,11
24/04/2026,07:22:47,102,Lab. de redes convergentes,IFPB-VISITANTE,24:36:DA:2B:BC:02,-83,6
24/04/2026,07:22:47,102,Lab. de redes convergentes,IFPB,24:36:DA:2B:BC:00,-84,6
24/04/2026,07:22:47,102,Lab. de redes convergentes,IFPB-VISITANTE,84:F1:47:54:96:E2,-85,1
24/04/2026,07:22:47,102,Lab. de redes convergentes,IFPB,84:F1:47:54:96:E0,-86,1
24/04/2026,07:22:47,102,Lab. de redes convergentes,NPEF/NEPA,50:C7:BF:EF:56:8A,-86,3
24/04/2026,07:22:47,102,Lab. de redes convergentes,IFPB-VISITANTE,84:F1:47:54:EB:22,-86,6
24/04/2026,07:22:47,102,Lab. de redes convergentes,IFPB,84:F1:47:54:7F:20,-86,11
24/04/2026,07:22:48,102,Lab. de redes convergentes,IFPB-VISITANTE,84:F1:47:54:7F:22,-86,11
24/04/2026,07:22:48,102,Lab. de redes convergentes,GPDS,00:26:5A:66:55:EF,-87,6
24/04/2026,07:22:48,102,Lab. de redes convergentes,IFPB,84:F1:47:54:EB:20,-87,6
24/04/2026,07:22:48,102,Lab. de redes convergentes,IFPB-Sala_Professor_14,48:51:CF:81:B0:9E,-87,8
24/04/2026,07:22:48,102,Lab. de redes convergentes,SALA_MESTRADO,64:66:B3:62:EB:86,-89,1
24/04/2026,07:22:48,102,Lab. de redes convergentes,Lab Redes Convergentes,64:70:02:99:FE:F4,-90,1
24/04/2026,07:22:48,102,Lab. de redes convergentes,NUNYA_Room_2.4GHz,CC:32:E5:0C:FC:2B,-90,9
24/04/2026,07:22:48,102,Lab. de redes convergentes,TP-Link_C3CB,D8:0D:17:3E:C3:CB,-92,4
24/04/2026,07:22:48,102,Lab. de redes convergentes,IFPB-Sala_13,E8:94:F6:B9:2F:46,-92,6
24/04/2026,07:22:48,102,Lab. de redes convergentes,EBF243D6-HE8D94yaFM1AOcS,44:D2:44:DD:32:49,-92,11
24/04/2026,07:22:57,103,Lab. de redes convergentes,APTelefonia,58:10:8C:91:F3:AA,-36,1
24/04/2026,07:22:57,103,Lab. de redes convergentes,Intelbras,18:0D:2C:7F:EB:AC,-52,7
24/04/2026,07:22:57,103,Lab. de redes convergentes,TP-Link_1324,7C:F1:7E:8D:13:22,-63,10
24/04/2026,07:22:57,103,Lab. de redes convergentes,IFPB,E4:4E:2D:85:4C:60,-64,11
24/04/2026,07:22:57,103,Lab. de redes convergentes,IFPB-VISITANTE,E4:4E:2D:85:4C:62,-64,11
24/04/2026,07:22:57,103,Lab. de redes convergentes,IFPB-Sala_Professor_14,24:FD:0D:57:19:26,-67,5
24/04/2026,07:22:57,103,Lab. de redes convergentes,IFPB TCC,D8:5D:4C:86:7E:66,-68,1
24/04/2026,07:22:57,103,Lab. de redes convergentes,Lab. de Sinais Digitais,18:D6:C7:F9:37:2F,-71,11
24/04/2026,07:22:57,103,Lab. de redes convergentes,IFPB,24:36:DA:2B:BC:00,-77,6
24/04/2026,07:22:57,103,Lab. de redes convergentes,IFPB-VISITANTE,24:36:DA:2B:BC:02,-77,6
24/04/2026,07:22:57,103,Lab. de redes convergentes,GPDS,00:26:5A:66:55:EF,-77,6
24/04/2026,07:22:57,103,Lab. de redes convergentes,UA2-MiniLab,60:32:B1:2D:66:C3,-80,10
24/04/2026,07:22:58,103,Lab. de redes convergentes,IFPB,84:F1:47:54:96:E0,-84,1
24/04/2026,07:22:58,103,Lab. de redes convergentes,IFPB-VISITANTE,84:F1:47:54:96:E2,-84,1
24/04/2026,07:22:58,103,Lab. de redes convergentes,EBEF98EB-HE8D94xvZh1AO1J,44:D2:44:DD:32:41,-84,11
24/04/2026,07:22:58,103,Lab. de redes convergentes,IFPB,84:F1:47:54:EB:20,-85,6
24/04/2026,07:22:58,103,Lab. de redes convergentes,IFPB-VISITANTE,84:F1:47:54:EB:22,-86,6
24/04/2026,07:22:58,103,Lab. de redes convergentes,IFPB-VISITANTE,84:F1:47:54:7F:22,-86,11
24/04/2026,07:22:58,103,Lab. de redes convergentes,IFPB,84:F1:47:54:7F:20,-87,11
24/04/2026,07:22:58,103,Lab. de redes convergentes,NUNYA_Room_2.4GHz,CC:32:E5:0C:FC:2B,-90,9
24/04/2026,07:22:58,103,Lab. de redes convergentes,SALA_MESTRADO,64:66:B3:62:EB:86,-92,1
24/04/2026,07:22:58,103,Lab. de redes convergentes,Lab Redes Convergentes,64:70:02:99:FE:F4,-92,1
24/04/2026,07:22:58,103,Lab. de redes convergentes,TP-Link_C3CB,D8:0D:17:3E:C3:CB,-93,4
24/04/2026,07:22:58,103,Lab. de redes convergentes,EBF243D6-HE8D94yaFM1AOcS,44:D2:44:DD:32:49,-93,11
24/04/2026,07:22:58,103,Lab. de redes convergentes,NPEF/NEPA,50:C7:BF:EF:56:8A,-94,3
24/04/2026,07:22:58,103,Lab. de redes convergentes,IFPB-Sala_13,E8:94:F6:B9:2F:46,-95,6
24/04/2026,07:23:07,104,Lab. de redes convergentes,APTelefonia,58:10:8C:91:F3:AA,-35,1
24/04/2026,07:23:07,104,Lab. de redes convergentes,Intelbras,18:0D:2C:7F:EB:AC,-52,7
24/04/2026,07:23:07,104,Lab. de redes convergentes,IFPB,E4:4E:2D:85:4C:60,-63,11
24/04/2026,07:23:07,104,Lab. de redes convergentes,IFPB-VISITANTE,E4:4E:2D:85:4C:62,-63,11
24/04/2026,07:23:07,104,Lab. de redes convergentes,TP-Link_1324,7C:F1:7E:8D:13:22,-67,10
24/04/2026,07:23:07,104,Lab. de redes convergentes,Lab. de Sinais Digitais,18:D6:C7:F9:37:2F,-68,11
24/04/2026,07:23:08,104,Lab. de redes convergentes,IFPB TCC,D8:5D:4C:86:7E:66,-69,1
24/04/2026,07:23:08,104,Lab. de redes convergentes,UA2-MiniLab,60:32:B1:2D:66:C3,-76,10
24/04/2026,07:23:08,104,Lab. de redes convergentes,IFPB-Sala_Professor_14,24:FD:0D:57:19:26,-78,5
24/04/2026,07:23:08,104,Lab. de redes convergentes,GPDS,00:26:5A:66:55:EF,-78,6
24/04/2026,07:23:08,104,Lab. de redes convergentes,IFPB,24:36:DA:2B:BC:00,-80,6
24/04/2026,07:23:08,104,Lab. de redes convergentes,IFPB-VISITANTE,24:36:DA:2B:BC:02,-80,6
24/04/2026,07:23:08,104,Lab. de redes convergentes,IFPB,84:F1:47:54:EB:20,-82,6
24/04/2026,07:23:08,104,Lab. de redes convergentes,IFPB,84:F1:47:54:96:E0,-83,1
24/04/2026,07:23:08,104,Lab. de redes convergentes,IFPB-VISITANTE,84:F1:47:54:96:E2,-83,1
24/04/2026,07:23:08,104,Lab. de redes convergentes,IFPB-VISITANTE,84:F1:47:54:EB:22,-83,6
24/04/2026,07:23:08,104,Lab. de redes convergentes,EBEF98EB-HE8D94xvZh1AO1J,44:D2:44:DD:32:41,-83,11
24/04/2026,07:23:08,104,Lab. de redes convergentes,IFPB-Sala_Professor_14,48:51:CF:81:B0:9E,-86,8
24/04/2026,07:23:08,104,Lab. de redes convergentes,IFPB,84:F1:47:54:7F:20,-86,11
24/04/2026,07:23:08,104,Lab. de redes convergentes,IFPB-VISITANTE,84:F1:47:54:7F:22,-86,11
24/04/2026,07:23:08,104,Lab. de redes convergentes,NUNYA_Room_2.4GHz,CC:32:E5:0C:FC:2B,-88,9
24/04/2026,07:23:08,104,Lab. de redes convergentes,Lab Redes Convergentes,64:70:02:99:FE:F4,-92,1
24/04/2026,07:23:08,104,Lab. de redes convergentes,SALA_MESTRADO,64:66:B3:62:EB:86,-92,1
24/04/2026,07:23:08,104,Lab. de redes convergentes,TP-Link_C3CB,D8:0D:17:3E:C3:CB,-93,4
24/04/2026,07:23:08,104,Lab. de redes convergentes,IFPB-Sala_13,E8:94:F6:B9:2F:46,-94,6
24/04/2026,07:23:08,104,Lab. de redes convergentes,EBF243D6-HE8D94yaFM1AOcS,44:D2:44:DD:32:49,-95,11
24/04/2026,07:23:18,105,Lab. de redes convergentes,APTelefonia,58:10:8C:91:F3:AA,-35,1
24/04/2026,07:23:18,105,Lab. de redes convergentes,Intelbras,18:0D:2C:7F:EB:AC,-50,7
24/04/2026,07:23:18,105,Lab. de redes convergentes,IFPB,E4:4E:2D:85:4C:60,-56,11
24/04/2026,07:23:18,105,Lab. de redes convergentes,IFPB-VISITANTE,E4:4E:2D:85:4C:62,-56,11
24/04/2026,07:23:18,105,Lab. de redes convergentes,TP-Link_1324,7C:F1:7E:8D:13:22,-58,10
24/04/2026,07:23:18,105,Lab. de redes convergentes,IFPB-Sala_Professor_14,24:FD:0D:57:19:26,-67,5
24/04/2026,07:23:18,105,Lab. de redes convergentes,Lab. de Sinais Digitais,18:D6:C7:F9:37:2F,-71,11
24/04/2026,07:23:18,105,Lab. de redes convergentes,IFPB TCC,D8:5D:4C:86:7E:66,-72,1
24/04/2026,07:23:18,105,Lab. de redes convergentes,IFPB,24:36:DA:2B:BC:00,-78,6
24/04/2026,07:23:18,105,Lab. de redes convergentes,IFPB-VISITANTE,24:36:DA:2B:BC:02,-78,6
24/04/2026,07:23:18,105,Lab. de redes convergentes,GPDS,00:26:5A:66:55:EF,-80,6
24/04/2026,07:23:18,105,Lab. de redes convergentes,IFPB-VISITANTE,84:F1:47:54:96:E2,-81,1
24/04/2026,07:23:18,105,Lab. de redes convergentes,UA2-MiniLab,60:32:B1:2D:66:C3,-82,10
24/04/2026,07:23:18,105,Lab. de redes convergentes,IFPB,84:F1:47:54:96:E0,-83,1
24/04/2026,07:23:18,105,Lab. de redes convergentes,EBEF98EB-HE8D94xvZh1AO1J,44:D2:44:DD:32:41,-83,11
24/04/2026,07:23:18,105,Lab. de redes convergentes,IFPB-VISITANTE,84:F1:47:54:EB:22,-86,6
24/04/2026,07:23:18,105,Lab. de redes convergentes,IFPB,84:F1:47:54:EB:20,-86,6
24/04/2026,07:23:18,105,Lab. de redes convergentes,IFPB,84:F1:47:54:7F:20,-89,11
24/04/2026,07:23:18,105,Lab. de redes convergentes,IFPB-VISITANTE,84:F1:47:54:7F:22,-90,11
24/04/2026,07:23:18,105,Lab. de redes convergentes,Lab Redes Convergentes,64:70:02:99:FE:F4,-92,1
24/04/2026,07:23:18,105,Lab. de redes convergentes,NPEF/NEPA,50:C7:BF:EF:56:8A,-92,3
24/04/2026,07:23:18,105,Lab. de redes convergentes,IFPB-Sala_13,E8:94:F6:B9:2F:46,-92,6
24/04/2026,07:23:18,105,Lab. de redes convergentes,EBF243D6-HE8D94yaFM1AOcS,44:D2:44:DD:32:49,-92,11
24/04/2026,07:23:18,105,Lab. de redes convergentes,SALA_MESTRADO,64:66:B3:62:EB:86,-93,1
24/04/2026,07:23:18,105,Lab. de redes convergentes,NUNYA_Room_2.4GHz,CC:32:E5:0C:FC:2B,-93,9
24/04/2026,07:23:28,106,Lab. de redes convergentes,APTelefonia,58:10:8C:91:F3:AA,-37,1
24/04/2026,07:23:28,106,Lab. de redes convergentes,Intelbras,18:0D:2C:7F:EB:AC,-50,7
24/04/2026,07:23:28,106,Lab. de redes convergentes,IFPB,E4:4E:2D:85:4C:60,-61,11
24/04/2026,07:23:28,106,Lab. de redes convergentes,IFPB-VISITANTE,E4:4E:2D:85:4C:62,-62,11
24/04/2026,07:23:28,106,Lab. de redes convergentes,TP-Link_1324,7C:F1:7E:8D:13:22,-66,10
24/04/2026,07:23:28,106,Lab. de redes convergentes,IFPB TCC,D8:5D:4C:86:7E:66,-69,1
24/04/2026,07:23:28,106,Lab. de redes convergentes,Lab. de Sinais Digitais,18:D6:C7:F9:37:2F,-69,11
24/04/2026,07:23:28,106,Lab. de redes convergentes,IFPB-Sala_Professor_14,24:FD:0D:57:19:26,-74,5
24/04/2026,07:23:28,106,Lab. de redes convergentes,IFPB-VISITANTE,24:36:DA:2B:BC:02,-76,6
24/04/2026,07:23:28,106,Lab. de redes convergentes,IFPB,24:36:DA:2B:BC:00,-78,6
24/04/2026,07:23:28,106,Lab. de redes convergentes,IFPB-VISITANTE,84:F1:47:54:96:E2,-80,1
24/04/2026,07:23:28,106,Lab. de redes convergentes,UA2-MiniLab,60:32:B1:2D:66:C3,-80,10
24/04/2026,07:23:28,106,Lab. de redes convergentes,IFPB,84:F1:47:54:96:E0,-81,1
24/04/2026,07:23:28,106,Lab. de redes convergentes,GPDS,00:26:5A:66:55:EF,-81,6
24/04/2026,07:23:28,106,Lab. de redes convergentes,EBEF98EB-HE8D94xvZh1AO1J,44:D2:44:DD:32:41,-83,11
24/04/2026,07:23:28,106,Lab. de redes convergentes,IFPB,84:F1:47:54:7F:20,-85,11
24/04/2026,07:23:28,106,Lab. de redes convergentes,IFPB-VISITANTE,84:F1:47:54:7F:22,-85,11
24/04/2026,07:23:28,106,Lab. de redes convergentes,SALA_MESTRADO,64:66:B3:62:EB:86,-87,1
24/04/2026,07:23:28,106,Lab. de redes convergentes,NUNYA_Room_2.4GHz,CC:32:E5:0C:FC:2B,-89,9
24/04/2026,07:23:28,106,Lab. de redes convergentes,NPEF/NEPA,50:C7:BF:EF:56:8A,-90,3
24/04/2026,07:23:28,106,Lab. de redes convergentes,IFPB-Sala_13,E8:94:F6:B9:2F:46,-90,6
24/04/2026,07:23:28,106,Lab. de redes convergentes,TP-Link_C3CB,D8:0D:17:3E:C3:CB,-91,4
24/04/2026,07:23:38,107,Lab. de redes convergentes,APTelefonia,58:10:8C:91:F3:AA,-37,1
24/04/2026,07:23:38,107,Lab. de redes convergentes,Intelbras,18:0D:2C:7F:EB:AC,-51,7
24/04/2026,07:23:38,107,Lab. de redes convergentes,IFPB,E4:4E:2D:85:4C:60,-60,11
24/04/2026,07:23:38,107,Lab. de redes convergentes,IFPB-VISITANTE,E4:4E:2D:85:4C:62,-60,11
24/04/2026,07:23:38,107,Lab. de redes convergentes,TP-Link_1324,7C:F1:7E:8D:13:22,-64,10
24/04/2026,07:23:38,107,Lab. de redes convergentes,IFPB-Sala_Professor_14,24:FD:0D:57:19:26,-65,5
24/04/2026,07:23:38,107,Lab. de redes convergentes,Lab. de Sinais Digitais,18:D6:C7:F9:37:2F,-68,11
24/04/2026,07:23:38,107,Lab. de redes convergentes,IFPB TCC,D8:5D:4C:86:7E:66,-69,1
24/04/2026,07:23:38,107,Lab. de redes convergentes,IFPB-VISITANTE,24:36:DA:2B:BC:02,-76,6
24/04/2026,07:23:38,107,Lab. de redes convergentes,IFPB,24:36:DA:2B:BC:00,-77,6
24/04/2026,07:23:38,107,Lab. de redes convergentes,EBEF98EB-HE8D94xvZh1AO1J,44:D2:44:DD:32:41,-77,11
24/04/2026,07:23:38,107,Lab. de redes convergentes,UA2-MiniLab,60:32:B1:2D:66:C3,-78,10
24/04/2026,07:23:38,107,Lab. de redes convergentes,GPDS,00:26:5A:66:55:EF,-80,6
24/04/2026,07:23:38,107,Lab. de redes convergentes,IFPB,84:F1:47:54:96:E0,-83,1
24/04/2026,07:23:38,107,Lab. de redes convergentes,IFPB-VISITANTE,84:F1:47:54:96:E2,-83,1
24/04/2026,07:23:38,107,Lab. de redes convergentes,SALA_MESTRADO,64:66:B3:62:EB:86,-85,1
24/04/2026,07:23:38,107,Lab. de redes convergentes,IFPB-VISITANTE,84:F1:47:54:7F:22,-85,11
24/04/2026,07:23:38,107,Lab. de redes convergentes,IFPB-VISITANTE,84:F1:47:54:EB:22,-86,6
24/04/2026,07:23:38,107,Lab. de redes convergentes,IFPB,84:F1:47:54:7F:20,-86,11
24/04/2026,07:23:38,107,Lab. de redes convergentes,IFPB,84:F1:47:54:EB:20,-87,6
24/04/2026,07:23:38,107,Lab. de redes convergentes,NUNYA_Room_2.4GHz,CC:32:E5:0C:FC:2B,-89,9
24/04/2026,07:23:38,107,Lab. de redes convergentes,Lab Redes Convergentes,64:70:02:99:FE:F4,-91,1
24/04/2026,07:23:38,107,Lab. de redes convergentes,NPEF/NEPA,50:C7:BF:EF:56:8A,-91,3
24/04/2026,07:23:38,107,Lab. de redes convergentes,TP-Link_C3CB,D8:0D:17:3E:C3:CB,-93,4
24/04/2026,07:23:38,107,Lab. de redes convergentes,EBF243D6-HE8D94yaFM1AOcS,44:D2:44:DD:32:49,-94,11
24/04/2026,07:23:48,108,Lab. de redes convergentes,APTelefonia,58:10:8C:91:F3:AA,-33,1
24/04/2026,07:23:48,108,Lab. de redes convergentes,Intelbras,18:0D:2C:7F:EB:AC,-51,7
24/04/2026,07:23:48,108,Lab. de redes convergentes,TP-Link_1324,7C:F1:7E:8D:13:22,-65,10
24/04/2026,07:23:48,108,Lab. de redes convergentes,IFPB-Sala_Professor_14,24:FD:0D:57:19:26,-66,5
24/04/2026,07:23:48,108,Lab. de redes convergentes,Lab. de Sinais Digitais,18:D6:C7:F9:37:2F,-67,11
24/04/2026,07:23:48,108,Lab. de redes convergentes,IFPB TCC,D8:5D:4C:86:7E:66,-68,1
24/04/2026,07:23:48,108,Lab. de redes convergentes,IFPB,E4:4E:2D:85:4C:60,-74,11
24/04/2026,07:23:48,108,Lab. de redes convergentes,IFPB-VISITANTE,E4:4E:2D:85:4C:62,-74,11
24/04/2026,07:23:48,108,Lab. de redes convergentes,IFPB,24:36:DA:2B:BC:00,-77,6
24/04/2026,07:23:48,108,Lab. de redes convergentes,IFPB-VISITANTE,24:36:DA:2B:BC:02,-77,6
24/04/2026,07:23:48,108,Lab. de redes convergentes,UA2-MiniLab,60:32:B1:2D:66:C3,-77,10
24/04/2026,07:23:48,108,Lab. de redes convergentes,GPDS,00:26:5A:66:55:EF,-79,6
24/04/2026,07:23:48,108,Lab. de redes convergentes,IFPB,84:F1:47:54:96:E0,-82,1
24/04/2026,07:23:48,108,Lab. de redes convergentes,IFPB-VISITANTE,84:F1:47:54:96:E2,-83,1
24/04/2026,07:23:48,108,Lab. de redes convergentes,IFPB,84:F1:47:54:EB:20,-84,6
24/04/2026,07:23:48,108,Lab. de redes convergentes,IFPB-VISITANTE,84:F1:47:54:EB:22,-84,6
24/04/2026,07:23:48,108,Lab. de redes convergentes,EBEF98EB-HE8D94xvZh1AO1J,44:D2:44:DD:32:41,-84,11
24/04/2026,07:23:48,108,Lab. de redes convergentes,IFPB,84:F1:47:54:7F:20,-87,11
24/04/2026,07:23:48,108,Lab. de redes convergentes,IFPB-VISITANTE,84:F1:47:54:7F:22,-87,11
24/04/2026,07:23:48,108,Lab. de redes convergentes,SALA_MESTRADO,64:66:B3:62:EB:86,-88,1
24/04/2026,07:23:48,108,Lab. de redes convergentes,NUNYA_Room_2.4GHz,CC:32:E5:0C:FC:2B,-90,9
24/04/2026,07:23:48,108,Lab. de redes convergentes,EBF243D6-HE8D94yaFM1AOcS,44:D2:44:DD:32:49,-93,11
24/04/2026,07:23:48,108,Lab. de redes convergentes,Lab Redes Convergentes,64:70:02:99:FE:F4,-94,1
24/04/2026,07:23:58,109,Lab. de redes convergentes,APTelefonia,58:10:8C:91:F3:AA,-33,1
24/04/2026,07:23:58,109,Lab. de redes convergentes,Intelbras,18:0D:2C:7F:EB:AC,-53,7
24/04/2026,07:23:58,109,Lab. de redes convergentes,IFPB-VISITANTE,E4:4E:2D:85:4C:62,-61,11
24/04/2026,07:23:58,109,Lab. de redes convergentes,IFPB,E4:4E:2D:85:4C:60,-62,11
24/04/2026,07:23:58,109,Lab. de redes convergentes,TP-Link_1324,7C:F1:7E:8D:13:22,-63,10
24/04/2026,07:23:58,109,Lab. de redes convergentes,IFPB-Sala_Professor_14,24:FD:0D:57:19:26,-65,5
24/04/2026,07:23:58,109,Lab. de redes convergentes,Lab. de Sinais Digitais,18:D6:C7:F9:37:2F,-69,11
24/04/2026,07:23:58,109,Lab. de redes convergentes,IFPB TCC,D8:5D:4C:86:7E:66,-70,1
24/04/2026,07:23:58,109,Lab. de redes convergentes,IFPB,24:36:DA:2B:BC:00,-73,6
24/04/2026,07:23:58,109,Lab. de redes convergentes,IFPB-VISITANTE,24:36:DA:2B:BC:02,-75,6
24/04/2026,07:23:58,109,Lab. de redes convergentes,GPDS,00:26:5A:66:55:EF,-78,6
24/04/2026,07:23:58,109,Lab. de redes convergentes,UA2-MiniLab,60:32:B1:2D:66:C3,-79,10
24/04/2026,07:23:58,109,Lab. de redes convergentes,EBEF98EB-HE8D94xvZh1AO1J,44:D2:44:DD:32:41,-83,11
24/04/2026,07:23:58,109,Lab. de redes convergentes,IFPB,84:F1:47:54:EB:20,-84,6
24/04/2026,07:23:58,109,Lab. de redes convergentes,IFPB,84:F1:47:54:96:E0,-85,1
24/04/2026,07:23:58,109,Lab. de redes convergentes,IFPB-VISITANTE,84:F1:47:54:EB:22,-85,6
24/04/2026,07:23:58,109,Lab. de redes convergentes,IFPB-Sala_Professor_14,48:51:CF:81:B0:9E,-85,8
24/04/2026,07:23:58,109,Lab. de redes convergentes,SALA_MESTRADO,64:66:B3:62:EB:86,-86,1
24/04/2026,07:23:58,109,Lab. de redes convergentes,IFPB-VISITANTE,84:F1:47:54:96:E2,-86,1
24/04/2026,07:23:58,109,Lab. de redes convergentes,IFPB,84:F1:47:54:7F:20,-86,11
24/04/2026,07:23:58,109,Lab. de redes convergentes,IFPB-VISITANTE,84:F1:47:54:7F:22,-86,11
24/04/2026,07:23:58,109,Lab. de redes convergentes,NUNYA_Room_2.4GHz,CC:32:E5:0C:FC:2B,-88,9
24/04/2026,07:23:58,109,Lab. de redes convergentes,Lab Redes Convergentes,64:70:02:99:FE:F4,-92,1
24/04/2026,07:23:58,109,Lab. de redes convergentes,NPEF/NEPA,50:C7:BF:EF:56:8A,-96,3
24/04/2026,07:23:58,109,Lab. de redes convergentes,EBF243D6-HE8D94yaFM1AOcS,44:D2:44:DD:32:49,-97,11
24/04/2026,07:24:08,110,Lab. de redes convergentes,APTelefonia,58:10:8C:91:F3:AA,-35,1
24/04/2026,07:24:08,110,Lab. de redes convergentes,Intelbras,18:0D:2C:7F:EB:AC,-51,7
24/04/2026,07:24:08,110,Lab. de redes convergentes,TP-Link_1324,7C:F1:7E:8D:13:22,-59,10
24/04/2026,07:24:08,110,Lab. de redes convergentes,IFPB,E4:4E:2D:85:4C:60,-59,11
24/04/2026,07:24:08,110,Lab. de redes convergentes,IFPB-VISITANTE,E4:4E:2D:85:4C:62,-60,11
24/04/2026,07:24:08,110,Lab. de redes convergentes,Lab. de Sinais Digitais,18:D6:C7:F9:37:2F,-65,11
24/04/2026,07:24:08,110,Lab. de redes convergentes,IFPB TCC,D8:5D:4C:86:7E:66,-69,1
24/04/2026,07:24:08,110,Lab. de redes convergentes,IFPB-VISITANTE,24:36:DA:2B:BC:02,-75,6
24/04/2026,07:24:08,110,Lab. de redes convergentes,IFPB,24:36:DA:2B:BC:00,-76,6
24/04/2026,07:24:08,110,Lab. de redes convergentes,GPDS,00:26:5A:66:55:EF,-79,6
24/04/2026,07:24:08,110,Lab. de redes convergentes,UA2-MiniLab,60:32:B1:2D:66:C3,-79,10
24/04/2026,07:24:08,110,Lab. de redes convergentes,IFPB-VISITANTE,84:F1:47:54:EB:22,-83,6
24/04/2026,07:24:08,110,Lab. de redes convergentes,EBEF98EB-HE8D94xvZh1AO1J,44:D2:44:DD:32:41,-83,11
24/04/2026,07:24:08,110,Lab. de redes convergentes,SALA_MESTRADO,64:66:B3:62:EB:86,-84,1
24/04/2026,07:24:08,110,Lab. de redes convergentes,IFPB,84:F1:47:54:EB:20,-84,6
24/04/2026,07:24:08,110,Lab. de redes convergentes,IFPB,84:F1:47:54:7F:20,-84,11
24/04/2026,07:24:08,110,Lab. de redes convergentes,IFPB-VISITANTE,84:F1:47:54:96:E2,-86,1
24/04/2026,07:24:08,110,Lab. de redes convergentes,IFPB-VISITANTE,84:F1:47:54:7F:22,-86,11
24/04/2026,07:24:08,110,Lab. de redes convergentes,IFPB,84:F1:47:54:96:E0,-88,1
24/04/2026,07:24:08,110,Lab. de redes convergentes,IFPB-Sala_Professor_14,24:FD:0D:57:19:26,-88,5
24/04/2026,07:24:08,110,Lab. de redes convergentes,NUNYA_Room_2.4GHz,CC:32:E5:0C:FC:2B,-89,9
24/04/2026,07:24:08,110,Lab. de redes convergentes,TP-Link_C3CB,D8:0D:17:3E:C3:CB,-91,4
24/04/2026,07:24:09,110,Lab. de redes convergentes,IFPB-Sala_13,E8:94:F6:B9:2F:46,-92,6
24/04/2026,07:24:09,110,Lab. de redes convergentes,NPEF/NEPA,50:C7:BF:EF:56:8A,-93,3
24/04/2026,07:24:09,110,Lab. de redes convergentes,EBF243D6-HE8D94yaFM1AOcS,44:D2:44:DD:32:49,-94,11
24/04/2026,07:24:09,110,Lab. de redes convergentes,Lab Redes Convergentes,64:70:02:99:FE:F4,-95,1
24/04/2026,07:24:36,111,Lab. de fibras ópticas,APTelefonia,58:10:8C:91:F3:AA,-40,1
24/04/2026,07:24:36,111,Lab. de fibras ópticas,Lab. de Sinais Digitais,18:D6:C7:F9:37:2F,-57,11
24/04/2026,07:24:36,111,Lab. de fibras ópticas,Intelbras,18:0D:2C:7F:EB:AC,-59,7
24/04/2026,07:24:36,111,Lab. de fibras ópticas,IFPB,E4:4E:2D:85:4C:60,-62,11
24/04/2026,07:24:36,111,Lab. de fibras ópticas,IFPB-VISITANTE,E4:4E:2D:85:4C:62,-62,11
24/04/2026,07:24:37,111,Lab. de fibras ópticas,IFPB-Sala_Professor_14,24:FD:0D:57:19:26,-66,5
24/04/2026,07:24:37,111,Lab. de fibras ópticas,TP-Link_1324,7C:F1:7E:8D:13:22,-69,10
24/04/2026,07:24:37,111,Lab. de fibras ópticas,IFPB,84:F1:47:54:96:E0,-74,1
24/04/2026,07:24:37,111,Lab. de fibras ópticas,IFPB-VISITANTE,84:F1:47:54:96:E2,-74,1
24/04/2026,07:24:37,111,Lab. de fibras ópticas,SALA_MESTRADO,64:66:B3:62:EB:86,-79,1
24/04/2026,07:24:37,111,Lab. de fibras ópticas,GPDS,00:26:5A:66:55:EF,-79,6
24/04/2026,07:24:37,111,Lab. de fibras ópticas,IFPB,24:36:DA:2B:BC:00,-79,6
24/04/2026,07:24:37,111,Lab. de fibras ópticas,IFPB-VISITANTE,24:36:DA:2B:BC:02,-79,6
24/04/2026,07:24:37,111,Lab. de fibras ópticas,NPEF/NEPA,50:C7:BF:EF:56:8A,-80,3
24/04/2026,07:24:37,111,Lab. de fibras ópticas,IFPB TCC,D8:5D:4C:86:7E:66,-83,1
24/04/2026,07:24:37,111,Lab. de fibras ópticas,UA2-MiniLab,60:32:B1:2D:66:C3,-83,10
24/04/2026,07:24:37,111,Lab. de fibras ópticas,IFPB,84:F1:47:54:EB:20,-86,6
24/04/2026,07:24:37,111,Lab. de fibras ópticas,IFPB-VISITANTE,84:F1:47:54:EB:22,-86,6
24/04/2026,07:24:37,111,Lab. de fibras ópticas,IFPB-Sala_Professor_14,48:51:CF:81:B0:9E,-87,8
24/04/2026,07:24:37,111,Lab. de fibras ópticas,TP-Link_C3CB,D8:0D:17:3E:C3:CB,-89,4
24/04/2026,07:24:37,111,Lab. de fibras ópticas,NUNYA_Room_2.4GHz,CC:32:E5:0C:FC:2B,-91,9
24/04/2026,07:24:37,111,Lab. de fibras ópticas,IFPB-Sala_13,E8:94:F6:B9:2F:46,-92,6
24/04/2026,07:24:37,111,Lab. de fibras ópticas,EBEF98EB-HE8D94xvZh1AO1J,44:D2:44:DD:32:41,-92,11
24/04/2026,07:24:37,111,Lab. de fibras ópticas,EBF243D6-HE8D94yaFM1AOcS,44:D2:44:DD:32:49,-94,11
24/04/2026,07:24:47,112,Lab. de fibras ópticas,APTelefonia,58:10:8C:91:F3:AA,-42,1
24/04/2026,07:24:47,112,Lab. de fibras ópticas,Lab. de Sinais Digitais,18:D6:C7:F9:37:2F,-56,11
24/04/2026,07:24:47,112,Lab. de fibras ópticas,Intelbras,18:0D:2C:7F:EB:AC,-60,7
24/04/2026,07:24:47,112,Lab. de fibras ópticas,IFPB,E4:4E:2D:85:4C:60,-61,11
24/04/2026,07:24:47,112,Lab. de fibras ópticas,IFPB-VISITANTE,E4:4E:2D:85:4C:62,-61,11
24/04/2026,07:24:47,112,Lab. de fibras ópticas,TP-Link_1324,7C:F1:7E:8D:13:22,-66,10
24/04/2026,07:24:47,112,Lab. de fibras ópticas,IFPB,24:36:DA:2B:BC:00,-74,6
24/04/2026,07:24:47,112,Lab. de fibras ópticas,IFPB-VISITANTE,24:36:DA:2B:BC:02,-76,6
24/04/2026,07:24:47,112,Lab. de fibras ópticas,IFPB,84:F1:47:54:96:E0,-77,1
24/04/2026,07:24:47,112,Lab. de fibras ópticas,IFPB-VISITANTE,84:F1:47:54:96:E2,-77,1
24/04/2026,07:24:47,112,Lab. de fibras ópticas,IFPB-Sala_Professor_14,24:FD:0D:57:19:26,-77,5
24/04/2026,07:24:47,112,Lab. de fibras ópticas,GPDS,00:26:5A:66:55:EF,-77,6
24/04/2026,07:24:47,112,Lab. de fibras ópticas,IFPB-Sala_Professor_14,48:51:CF:81:B0:9E,-77,8
24/04/2026,07:24:47,112,Lab. de fibras ópticas,NPEF/NEPA,50:C7:BF:EF:56:8A,-78,3
24/04/2026,07:24:47,112,Lab. de fibras ópticas,UA2-MiniLab,60:32:B1:2D:66:C3,-80,10
24/04/2026,07:24:47,112,Lab. de fibras ópticas,IFPB-VISITANTE,84:F1:47:54:EB:22,-84,6
24/04/2026,07:24:47,112,Lab. de fibras ópticas,SALA_MESTRADO,64:66:B3:62:EB:86,-85,1
24/04/2026,07:24:47,112,Lab. de fibras ópticas,IFPB,84:F1:47:54:EB:20,-85,6
24/04/2026,07:24:47,112,Lab. de fibras ópticas,IFPB TCC,D8:5D:4C:86:7E:66,-87,1
24/04/2026,07:24:47,112,Lab. de fibras ópticas,IFPB-Sala_13,E8:94:F6:B9:2F:46,-90,6
24/04/2026,07:24:47,112,Lab. de fibras ópticas,IFPB-VISITANTE,84:F1:47:54:6B:82,-90,6
24/04/2026,07:24:47,112,Lab. de fibras ópticas,NUNYA_Room_2.4GHz,CC:32:E5:0C:FC:2B,-90,9
24/04/2026,07:24:47,112,Lab. de fibras ópticas,EBEF98EB-HE8D94xvZh1AO1J,44:D2:44:DD:32:41,-90,11
24/04/2026,07:24:47,112,Lab. de fibras ópticas,TP-Link_C3CB,D8:0D:17:3E:C3:CB,-91,4
24/04/2026,07:24:47,112,Lab. de fibras ópticas,EBF243D6-HE8D94yaFM1AOcS,44:D2:44:DD:32:49,-91,11
24/04/2026,07:24:57,113,Lab. de fibras ópticas,APTelefonia,58:10:8C:91:F3:AA,-41,1
24/04/2026,07:24:57,113,Lab. de fibras ópticas,Intelbras,18:0D:2C:7F:EB:AC,-60,7
24/04/2026,07:24:57,113,Lab. de fibras ópticas,Lab. de Sinais Digitais,18:D6:C7:F9:37:2F,-60,11
24/04/2026,07:24:57,113,Lab. de fibras ópticas,TP-Link_1324,7C:F1:7E:8D:13:22,-62,10
24/04/2026,07:24:57,113,Lab. de fibras ópticas,IFPB,E4:4E:2D:85:4C:60,-65,11
24/04/2026,07:24:57,113,Lab. de fibras ópticas,IFPB-VISITANTE,E4:4E:2D:85:4C:62,-65,11
24/04/2026,07:24:57,113,Lab. de fibras ópticas,IFPB-Sala_Professor_14,24:FD:0D:57:19:26,-70,5
24/04/2026,07:24:57,113,Lab. de fibras ópticas,IFPB,84:F1:47:54:96:E0,-77,1
24/04/2026,07:24:57,113,Lab. de fibras ópticas,IFPB-VISITANTE,84:F1:47:54:96:E2,-77,1
24/04/2026,07:24:57,113,Lab. de fibras ópticas,NPEF/NEPA,50:C7:BF:EF:56:8A,-78,3
24/04/2026,07:24:57,113,Lab. de fibras ópticas,GPDS,00:26:5A:66:55:EF,-79,6
24/04/2026,07:24:57,113,Lab. de fibras ópticas,UA2-MiniLab,60:32:B1:2D:66:C3,-79,10
24/04/2026,07:24:57,113,Lab. de fibras ópticas,IFPB-Sala_Professor_14,48:51:CF:81:B0:9E,-80,8
24/04/2026,07:24:57,113,Lab. de fibras ópticas,IFPB,24:36:DA:2B:BC:00,-81,6
24/04/2026,07:24:57,113,Lab. de fibras ópticas,IFPB-VISITANTE,24:36:DA:2B:BC:02,-81,6
24/04/2026,07:24:57,113,Lab. de fibras ópticas,SALA_MESTRADO,64:66:B3:62:EB:86,-84,1
24/04/2026,07:24:57,113,Lab. de fibras ópticas,IFPB TCC,D8:5D:4C:86:7E:66,-84,1
24/04/2026,07:24:57,113,Lab. de fibras ópticas,NUNYA_Room_2.4GHz,CC:32:E5:0C:FC:2B,-87,9
24/04/2026,07:24:57,113,Lab. de fibras ópticas,IFPB,84:F1:47:54:EB:20,-88,6
24/04/2026,07:24:57,113,Lab. de fibras ópticas,IFPB-VISITANTE,84:F1:47:54:EB:22,-89,6
24/04/2026,07:24:57,113,Lab. de fibras ópticas,EBF243D6-HE8D94yaFM1AOcS,44:D2:44:DD:32:49,-89,11
24/04/2026,07:24:57,113,Lab. de fibras ópticas,TP-Link_C3CB,D8:0D:17:3E:C3:CB,-91,4
24/04/2026,07:24:57,113,Lab. de fibras ópticas,IFPB-Sala_13,E8:94:F6:B9:2F:46,-93,6
24/04/2026,07:24:57,113,Lab. de fibras ópticas,EBEF98EB-HE8D94xvZh1AO1J,44:D2:44:DD:32:41,-93,11
24/04/2026,07:25:07,114,Lab. de fibras ópticas,APTelefonia,58:10:8C:91:F3:AA,-40,1
24/04/2026,07:25:07,114,Lab. de fibras ópticas,Intelbras,18:0D:2C:7F:EB:AC,-57,7
24/04/2026,07:25:07,114,Lab. de fibras ópticas,Lab. de Sinais Digitais,18:D6:C7:F9:37:2F,-60,11
24/04/2026,07:25:07,114,Lab. de fibras ópticas,TP-Link_1324,7C:F1:7E:8D:13:22,-63,10
24/04/2026,07:25:07,114,Lab. de fibras ópticas,IFPB,E4:4E:2D:85:4C:60,-64,11
24/04/2026,07:25:07,114,Lab. de fibras ópticas,IFPB-VISITANTE,E4:4E:2D:85:4C:62,-64,11
24/04/2026,07:25:07,114,Lab. de fibras ópticas,IFPB-Sala_Professor_14,24:FD:0D:57:19:26,-68,5
24/04/2026,07:25:07,114,Lab. de fibras ópticas,IFPB,84:F1:47:54:96:E0,-73,1
24/04/2026,07:25:07,114,Lab. de fibras ópticas,IFPB-VISITANTE,84:F1:47:54:96:E2,-73,1
24/04/2026,07:25:07,114,Lab. de fibras ópticas,GPDS,00:26:5A:66:55:EF,-73,6
24/04/2026,07:25:07,114,Lab. de fibras ópticas,IFPB-VISITANTE,24:36:DA:2B:BC:02,-74,6
24/04/2026,07:25:07,114,Lab. de fibras ópticas,IFPB,24:36:DA:2B:BC:00,-75,6
24/04/2026,07:25:07,114,Lab. de fibras ópticas,UA2-MiniLab,60:32:B1:2D:66:C3,-75,10
24/04/2026,07:25:07,114,Lab. de fibras ópticas,IFPB-Sala_Professor_14,48:51:CF:81:B0:9E,-80,8
24/04/2026,07:25:07,114,Lab. de fibras ópticas,SALA_MESTRADO,64:66:B3:62:EB:86,-82,1
24/04/2026,07:25:07,114,Lab. de fibras ópticas,NUNYA_Room_2.4GHz,CC:32:E5:0C:FC:2B,-85,9
24/04/2026,07:25:07,114,Lab. de fibras ópticas,IFPB TCC,D8:5D:4C:86:7E:66,-86,1
24/04/2026,07:25:07,114,Lab. de fibras ópticas,NPEF/NEPA,50:C7:BF:EF:56:8A,-87,3
24/04/2026,07:25:07,114,Lab. de fibras ópticas,EBF243D6-HE8D94yaFM1AOcS,44:D2:44:DD:32:49,-89,11
24/04/2026,07:25:07,114,Lab. de fibras ópticas,TP-Link_C3CB,D8:0D:17:3E:C3:CB,-90,4
24/04/2026,07:25:07,114,Lab. de fibras ópticas,EBEF98EB-HE8D94xvZh1AO1J,44:D2:44:DD:32:41,-91,11
24/04/2026,07:25:07,114,Lab. de fibras ópticas,IFPB-Sala_13,E8:94:F6:B9:2F:46,-93,6
24/04/2026,07:25:17,115,Lab. de fibras ópticas,APTelefonia,58:10:8C:91:F3:AA,-42,1
24/04/2026,07:25:17,115,Lab. de fibras ópticas,Intelbras,18:0D:2C:7F:EB:AC,-57,7
24/04/2026,07:25:17,115,Lab. de fibras ópticas,Lab. de Sinais Digitais,18:D6:C7:F9:37:2F,-58,11
24/04/2026,07:25:17,115,Lab. de fibras ópticas,TP-Link_1324,7C:F1:7E:8D:13:22,-62,10
24/04/2026,07:25:17,115,Lab. de fibras ópticas,IFPB,E4:4E:2D:85:4C:60,-64,11
24/04/2026,07:25:17,115,Lab. de fibras ópticas,IFPB-VISITANTE,E4:4E:2D:85:4C:62,-64,11
24/04/2026,07:25:17,115,Lab. de fibras ópticas,IFPB-Sala_Professor_14,24:FD:0D:57:19:26,-72,5
24/04/2026,07:25:17,115,Lab. de fibras ópticas,IFPB,84:F1:47:54:96:E0,-73,1
24/04/2026,07:25:17,115,Lab. de fibras ópticas,IFPB-VISITANTE,84:F1:47:54:96:E2,-73,1
24/04/2026,07:25:17,115,Lab. de fibras ópticas,IFPB-VISITANTE,24:36:DA:2B:BC:02,-73,6
24/04/2026,07:25:17,115,Lab. de fibras ópticas,IFPB,24:36:DA:2B:BC:00,-73,6
24/04/2026,07:25:17,115,Lab. de fibras ópticas,GPDS,00:26:5A:66:55:EF,-75,6
24/04/2026,07:25:17,115,Lab. de fibras ópticas,UA2-MiniLab,60:32:B1:2D:66:C3,-77,10
24/04/2026,07:25:17,115,Lab. de fibras ópticas,IFPB-Sala_Professor_14,48:51:CF:81:B0:9E,-82,8
24/04/2026,07:25:17,115,Lab. de fibras ópticas,SALA_MESTRADO,64:66:B3:62:EB:86,-85,1
24/04/2026,07:25:17,115,Lab. de fibras ópticas,NUNYA_Room_2.4GHz,CC:32:E5:0C:FC:2B,-85,9
24/04/2026,07:25:17,115,Lab. de fibras ópticas,IFPB,84:F1:47:54:EB:20,-86,6
24/04/2026,07:25:17,115,Lab. de fibras ópticas,IFPB-VISITANTE,84:F1:47:54:EB:22,-88,6
24/04/2026,07:25:17,115,Lab. de fibras ópticas,NPEF/NEPA,50:C7:BF:EF:56:8A,-89,3
24/04/2026,07:25:17,115,Lab. de fibras ópticas,IFPB TCC,D8:5D:4C:86:7E:66,-90,1
24/04/2026,07:25:17,115,Lab. de fibras ópticas,TP-Link_C3CB,D8:0D:17:3E:C3:CB,-90,4
24/04/2026,07:25:17,115,Lab. de fibras ópticas,IFPB,84:F1:47:54:6B:80,-90,6
24/04/2026,07:25:17,115,Lab. de fibras ópticas,EBF243D6-HE8D94yaFM1AOcS,44:D2:44:DD:32:49,-90,11
24/04/2026,07:25:17,115,Lab. de fibras ópticas,EBEF98EB-HE8D94xvZh1AO1J,44:D2:44:DD:32:41,-92,11
24/04/2026,07:25:27,116,Lab. de fibras ópticas,APTelefonia,58:10:8C:91:F3:AA,-40,1
24/04/2026,07:25:27,116,Lab. de fibras ópticas,Intelbras,18:0D:2C:7F:EB:AC,-55,7
24/04/2026,07:25:27,116,Lab. de fibras ópticas,TP-Link_1324,7C:F1:7E:8D:13:22,-62,10
24/04/2026,07:25:27,116,Lab. de fibras ópticas,Lab. de Sinais Digitais,18:D6:C7:F9:37:2F,-62,11
24/04/2026,07:25:27,116,Lab. de fibras ópticas,IFPB,E4:4E:2D:85:4C:60,-64,11
24/04/2026,07:25:27,116,Lab. de fibras ópticas,IFPB-VISITANTE,E4:4E:2D:85:4C:62,-65,11
24/04/2026,07:25:27,116,Lab. de fibras ópticas,IFPB-Sala_Professor_14,24:FD:0D:57:19:26,-70,5
24/04/2026,07:25:27,116,Lab. de fibras ópticas,IFPB-VISITANTE,84:F1:47:54:96:E2,-72,1
24/04/2026,07:25:27,116,Lab. de fibras ópticas,IFPB,24:36:DA:2B:BC:00,-72,6
24/04/2026,07:25:27,116,Lab. de fibras ópticas,IFPB,84:F1:47:54:96:E0,-73,1
24/04/2026,07:25:27,116,Lab. de fibras ópticas,IFPB-VISITANTE,24:36:DA:2B:BC:02,-73,6
24/04/2026,07:25:27,116,Lab. de fibras ópticas,SALA_MESTRADO,64:66:B3:62:EB:86,-79,1
24/04/2026,07:25:27,116,Lab. de fibras ópticas,UA2-MiniLab,60:32:B1:2D:66:C3,-79,10
24/04/2026,07:25:27,116,Lab. de fibras ópticas,IFPB-Sala_Professor_14,48:51:CF:81:B0:9E,-81,8
24/04/2026,07:25:27,116,Lab. de fibras ópticas,GPDS,00:26:5A:66:55:EF,-83,6
24/04/2026,07:25:27,116,Lab. de fibras ópticas,IFPB TCC,D8:5D:4C:86:7E:66,-84,1
24/04/2026,07:25:27,116,Lab. de fibras ópticas,NPEF/NEPA,50:C7:BF:EF:56:8A,-85,3
24/04/2026,07:25:27,116,Lab. de fibras ópticas,IFPB-VISITANTE,84:F1:47:54:EB:22,-85,6
24/04/2026,07:25:27,116,Lab. de fibras ópticas,IFPB,84:F1:47:54:EB:20,-86,6
24/04/2026,07:25:27,116,Lab. de fibras ópticas,NUNYA_Room_2.4GHz,CC:32:E5:0C:FC:2B,-86,9
24/04/2026,07:25:27,116,Lab. de fibras ópticas,TP-Link_C3CB,D8:0D:17:3E:C3:CB,-90,4
24/04/2026,07:25:27,116,Lab. de fibras ópticas,EBEF98EB-HE8D94xvZh1AO1J,44:D2:44:DD:32:41,-91,11
24/04/2026,07:25:27,116,Lab. de fibras ópticas,EBF243D6-HE8D94yaFM1AOcS,44:D2:44:DD:32:49,-91,11
24/04/2026,07:25:27,116,Lab. de fibras ópticas,IFPB-Sala_13,E8:94:F6:B9:2F:46,-93,6
24/04/2026,07:25:37,117,Lab. de fibras ópticas,APTelefonia,58:10:8C:91:F3:AA,-41,1
24/04/2026,07:25:37,117,Lab. de fibras ópticas,Intelbras,18:0D:2C:7F:EB:AC,-54,7
24/04/2026,07:25:37,117,Lab. de fibras ópticas,IFPB-VISITANTE,E4:4E:2D:85:4C:62,-60,11
24/04/2026,07:25:37,117,Lab. de fibras ópticas,IFPB,E4:4E:2D:85:4C:60,-61,11
24/04/2026,07:25:37,117,Lab. de fibras ópticas,Lab. de Sinais Digitais,18:D6:C7:F9:37:2F,-66,11
24/04/2026,07:25:37,117,Lab. de fibras ópticas,TP-Link_1324,7C:F1:7E:8D:13:22,-67,10
24/04/2026,07:25:37,117,Lab. de fibras ópticas,IFPB-Sala_Professor_14,24:FD:0D:57:19:26,-71,5
24/04/2026,07:25:37,117,Lab. de fibras ópticas,UA2-MiniLab,60:32:B1:2D:66:C3,-71,10
24/04/2026,07:25:37,117,Lab. de fibras ópticas,IFPB,84:F1:47:54:96:E0,-73,1
24/04/2026,07:25:37,117,Lab. de fibras ópticas,IFPB-VISITANTE,84:F1:47:54:96:E2,-73,1
24/04/2026,07:25:37,117,Lab. de fibras ópticas,GPDS,00:26:5A:66:55:EF,-78,6
24/04/2026,07:25:37,117,Lab. de fibras ópticas,IFPB,24:36:DA:2B:BC:00,-80,6
24/04/2026,07:25:37,117,Lab. de fibras ópticas,SALA_MESTRADO,64:66:B3:62:EB:86,-81,1
24/04/2026,07:25:37,117,Lab. de fibras ópticas,IFPB-VISITANTE,24:36:DA:2B:BC:02,-81,6
24/04/2026,07:25:37,117,Lab. de fibras ópticas,IFPB-Sala_Professor_14,48:51:CF:81:B0:9E,-83,8
24/04/2026,07:25:37,117,Lab. de fibras ópticas,IFPB TCC,D8:5D:4C:86:7E:66,-84,1
24/04/2026,07:25:37,117,Lab. de fibras ópticas,IFPB,84:F1:47:54:EB:20,-84,6
24/04/2026,07:25:37,117,Lab. de fibras ópticas,IFPB-VISITANTE,84:F1:47:54:EB:22,-85,6
24/04/2026,07:25:37,117,Lab. de fibras ópticas,NUNYA_Room_2.4GHz,CC:32:E5:0C:FC:2B,-86,9
24/04/2026,07:25:37,117,Lab. de fibras ópticas,NPEF/NEPA,50:C7:BF:EF:56:8A,-87,3
24/04/2026,07:25:37,117,Lab. de fibras ópticas,EBEF98EB-HE8D94xvZh1AO1J,44:D2:44:DD:32:41,-88,11
24/04/2026,07:25:37,117,Lab. de fibras ópticas,IFPB-Sala_13,E8:94:F6:B9:2F:46,-91,6
24/04/2026,07:25:37,117,Lab. de fibras ópticas,TP-Link_C3CB,D8:0D:17:3E:C3:CB,-92,4
24/04/2026,07:25:37,117,Lab. de fibras ópticas,EBF243D6-HE8D94yaFM1AOcS,44:D2:44:DD:32:49,-92,11
24/04/2026,07:25:47,118,Lab. de fibras ópticas,APTelefonia,58:10:8C:91:F3:AA,-41,1
24/04/2026,07:25:47,118,Lab. de fibras ópticas,Intelbras,18:0D:2C:7F:EB:AC,-55,7
24/04/2026,07:25:47,118,Lab. de fibras ópticas,IFPB,E4:4E:2D:85:4C:60,-59,11
24/04/2026,07:25:47,118,Lab. de fibras ópticas,Lab. de Sinais Digitais,18:D6:C7:F9:37:2F,-59,11
24/04/2026,07:25:47,118,Lab. de fibras ópticas,IFPB-VISITANTE,E4:4E:2D:85:4C:62,-60,11
24/04/2026,07:25:47,118,Lab. de fibras ópticas,IFPB-Sala_Professor_14,24:FD:0D:57:19:26,-70,5
24/04/2026,07:25:47,118,Lab. de fibras ópticas,TP-Link_1324,7C:F1:7E:8D:13:22,-70,10
24/04/2026,07:25:47,118,Lab. de fibras ópticas,GPDS,00:26:5A:66:55:EF,-71,6
24/04/2026,07:25:47,118,Lab. de fibras ópticas,IFPB,84:F1:47:54:96:E0,-72,1
24/04/2026,07:25:47,118,Lab. de fibras ópticas,IFPB-VISITANTE,84:F1:47:54:96:E2,-72,1
24/04/2026,07:25:47,118,Lab. de fibras ópticas,UA2-MiniLab,60:32:B1:2D:66:C3,-77,10
24/04/2026,07:25:47,118,Lab. de fibras ópticas,SALA_MESTRADO,64:66:B3:62:EB:86,-80,1
24/04/2026,07:25:47,118,Lab. de fibras ópticas,NPEF/NEPA,50:C7:BF:EF:56:8A,-81,3
24/04/2026,07:25:47,118,Lab. de fibras ópticas,IFPB-Sala_Professor_14,48:51:CF:81:B0:9E,-81,8
24/04/2026,07:25:47,118,Lab. de fibras ópticas,IFPB-VISITANTE,84:F1:47:54:EB:22,-84,6
24/04/2026,07:25:47,118,Lab. de fibras ópticas,IFPB-VISITANTE,24:36:DA:2B:BC:02,-84,6
24/04/2026,07:25:47,118,Lab. de fibras ópticas,NUNYA_Room_2.4GHz,CC:32:E5:0C:FC:2B,-84,9
24/04/2026,07:25:47,118,Lab. de fibras ópticas,IFPB TCC,D8:5D:4C:86:7E:66,-85,1
24/04/2026,07:25:47,118,Lab. de fibras ópticas,IFPB,24:36:DA:2B:BC:00,-85,6
24/04/2026,07:25:47,118,Lab. de fibras ópticas,IFPB,84:F1:47:54:EB:20,-87,6
24/04/2026,07:25:47,118,Lab. de fibras ópticas,EBEF98EB-HE8D94xvZh1AO1J,44:D2:44:DD:32:41,-87,11
24/04/2026,07:25:48,118,Lab. de fibras ópticas,IFPB-Sala_13,E8:94:F6:B9:2F:46,-92,6
24/04/2026,07:25:48,118,Lab. de fibras ópticas,EBF243D6-HE8D94yaFM1AOcS,44:D2:44:DD:32:49,-94,11
24/04/2026,07:25:57,119,Lab. de fibras ópticas,APTelefonia,58:10:8C:91:F3:AA,-41,1
24/04/2026,07:25:57,119,Lab. de fibras ópticas,Intelbras,18:0D:2C:7F:EB:AC,-59,7
24/04/2026,07:25:57,119,Lab. de fibras ópticas,IFPB,E4:4E:2D:85:4C:60,-59,11
24/04/2026,07:25:57,119,Lab. de fibras ópticas,IFPB-VISITANTE,E4:4E:2D:85:4C:62,-59,11
24/04/2026,07:25:57,119,Lab. de fibras ópticas,Lab. de Sinais Digitais,18:D6:C7:F9:37:2F,-59,11
24/04/2026,07:25:57,119,Lab. de fibras ópticas,IFPB-Sala_Professor_14,24:FD:0D:57:19:26,-70,5
24/04/2026,07:25:57,119,Lab. de fibras ópticas,TP-Link_1324,7C:F1:7E:8D:13:22,-71,10
24/04/2026,07:25:57,119,Lab. de fibras ópticas,IFPB,84:F1:47:54:96:E0,-73,1
24/04/2026,07:25:57,119,Lab. de fibras ópticas,IFPB-VISITANTE,84:F1:47:54:96:E2,-74,1
24/04/2026,07:25:57,119,Lab. de fibras ópticas,GPDS,00:26:5A:66:55:EF,-75,6
24/04/2026,07:25:57,119,Lab. de fibras ópticas,UA2-MiniLab,60:32:B1:2D:66:C3,-75,10
24/04/2026,07:25:57,119,Lab. de fibras ópticas,IFPB TCC,D8:5D:4C:86:7E:66,-81,1
24/04/2026,07:25:57,119,Lab. de fibras ópticas,SALA_MESTRADO,64:66:B3:62:EB:86,-83,1
24/04/2026,07:25:57,119,Lab. de fibras ópticas,IFPB,84:F1:47:54:EB:20,-84,6
24/04/2026,07:25:57,119,Lab. de fibras ópticas,IFPB-VISITANTE,84:F1:47:54:EB:22,-84,6
24/04/2026,07:25:57,119,Lab. de fibras ópticas,IFPB,24:36:DA:2B:BC:00,-85,6
24/04/2026,07:25:58,119,Lab. de fibras ópticas,IFPB-VISITANTE,24:36:DA:2B:BC:02,-85,6
24/04/2026,07:25:58,119,Lab. de fibras ópticas,IFPB-Sala_Professor_14,48:51:CF:81:B0:9E,-87,8
24/04/2026,07:25:58,119,Lab. de fibras ópticas,EBEF98EB-HE8D94xvZh1AO1J,44:D2:44:DD:32:41,-88,11
24/04/2026,07:25:58,119,Lab. de fibras ópticas,EBF243D6-HE8D94yaFM1AOcS,44:D2:44:DD:32:49,-94,11
24/04/2026,07:26:07,120,Lab. de fibras ópticas,APTelefonia,58:10:8C:91:F3:AA,-41,1
24/04/2026,07:26:07,120,Lab. de fibras ópticas,Intelbras,18:0D:2C:7F:EB:AC,-59,7
24/04/2026,07:26:07,120,Lab. de fibras ópticas,IFPB,E4:4E:2D:85:4C:60,-60,11
24/04/2026,07:26:07,120,Lab. de fibras ópticas,IFPB-VISITANTE,E4:4E:2D:85:4C:62,-60,11
24/04/2026,07:26:07,120,Lab. de fibras ópticas,Lab. de Sinais Digitais,18:D6:C7:F9:37:2F,-61,11
24/04/2026,07:26:07,120,Lab. de fibras ópticas,IFPB-Sala_Professor_14,24:FD:0D:57:19:26,-63,5
24/04/2026,07:26:07,120,Lab. de fibras ópticas,TP-Link_1324,7C:F1:7E:8D:13:22,-67,10
24/04/2026,07:26:07,120,Lab. de fibras ópticas,IFPB-VISITANTE,84:F1:47:54:96:E2,-74,1
24/04/2026,07:26:07,120,Lab. de fibras ópticas,IFPB,84:F1:47:54:96:E0,-75,1
24/04/2026,07:26:07,120,Lab. de fibras ópticas,UA2-MiniLab,60:32:B1:2D:66:C3,-76,10
24/04/2026,07:26:07,120,Lab. de fibras ópticas,GPDS,00:26:5A:66:55:EF,-77,6
24/04/2026,07:26:07,120,Lab. de fibras ópticas,IFPB-VISITANTE,24:36:DA:2B:BC:02,-79,6
24/04/2026,07:26:07,120,Lab. de fibras ópticas,IFPB,24:36:DA:2B:BC:00,-79,6
24/04/2026,07:26:07,120,Lab. de fibras ópticas,NPEF/NEPA,50:C7:BF:EF:56:8A,-81,3
24/04/2026,07:26:07,120,Lab. de fibras ópticas,IFPB TCC,D8:5D:4C:86:7E:66,-82,1
24/04/2026,07:26:07,120,Lab. de fibras ópticas,SALA_MESTRADO,64:66:B3:62:EB:86,-83,1
24/04/2026,07:26:08,120,Lab. de fibras ópticas,IFPB-Sala_Professor_14,48:51:CF:81:B0:9E,-84,8
24/04/2026,07:26:08,120,Lab. de fibras ópticas,NUNYA_Room_2.4GHz,CC:32:E5:0C:FC:2B,-84,9
24/04/2026,07:26:08,120,Lab. de fibras ópticas,IFPB,84:F1:47:54:EB:20,-87,6
24/04/2026,07:26:08,120,Lab. de fibras ópticas,IFPB-VISITANTE,84:F1:47:54:EB:22,-88,6
24/04/2026,07:26:08,120,Lab. de fibras ópticas,EBEF98EB-HE8D94xvZh1AO1J,44:D2:44:DD:32:41,-88,11
24/04/2026,07:26:08,120,Lab. de fibras ópticas,TP-Link_C3CB,D8:0D:17:3E:C3:CB,-97,4
24/04/2026,07:26:33,121,Pesquisa em Eng. Elétrica,Lab. de Sinais Digitais,18:D6:C7:F9:37:2F,-41,11
24/04/2026,07:26:33,121,Pesquisa em Eng. Elétrica,APTelefonia,58:10:8C:91:F3:AA,-56,1
24/04/2026,07:26:33,121,Pesquisa em Eng. Elétrica,GPDS,00:26:5A:66:55:EF,-62,6
24/04/2026,07:26:33,121,Pesquisa em Eng. Elétrica,Intelbras,18:0D:2C:7F:EB:AC,-65,7
24/04/2026,07:26:33,121,Pesquisa em Eng. Elétrica,UA2-MiniLab,60:32:B1:2D:66:C3,-65,10
24/04/2026,07:26:33,121,Pesquisa em Eng. Elétrica,NPEF/NEPA,50:C7:BF:EF:56:8A,-70,3
24/04/2026,07:26:33,121,Pesquisa em Eng. Elétrica,TP-Link_1324,7C:F1:7E:8D:13:22,-70,10
24/04/2026,07:26:33,121,Pesquisa em Eng. Elétrica,IFPB-Sala_Professor_14,24:FD:0D:57:19:26,-73,5
24/04/2026,07:26:33,121,Pesquisa em Eng. Elétrica,SALA_MESTRADO,64:66:B3:62:EB:86,-76,1
24/04/2026,07:26:33,121,Pesquisa em Eng. Elétrica,IFPB-Sala_Professor_14,48:51:CF:81:B0:9E,-79,8
24/04/2026,07:26:33,121,Pesquisa em Eng. Elétrica,IFPB-VISITANTE,E4:4E:2D:85:4C:62,-79,11
24/04/2026,07:26:33,121,Pesquisa em Eng. Elétrica,IFPB,24:36:DA:2B:BC:00,-80,6
24/04/2026,07:26:33,121,Pesquisa em Eng. Elétrica,IFPB,E4:4E:2D:85:4C:60,-80,11
24/04/2026,07:26:33,121,Pesquisa em Eng. Elétrica,EBEF98EB-HE8D94xvZh1AO1J,44:D2:44:DD:32:41,-80,11
24/04/2026,07:26:33,121,Pesquisa em Eng. Elétrica,IFPB-VISITANTE,24:36:DA:2B:BC:02,-81,6
24/04/2026,07:26:34,121,Pesquisa em Eng. Elétrica,IFPB,84:F1:47:54:EB:20,-81,6
24/04/2026,07:26:34,121,Pesquisa em Eng. Elétrica,NUNYA_Room_2.4GHz,CC:32:E5:0C:FC:2B,-82,9
24/04/2026,07:26:34,121,Pesquisa em Eng. Elétrica,IFPB,84:F1:47:54:8B:A0,-83,1
24/04/2026,07:26:34,121,Pesquisa em Eng. Elétrica,IFPB-VISITANTE,84:F1:47:54:8B:A2,-83,1
24/04/2026,07:26:34,121,Pesquisa em Eng. Elétrica,TP-Link_C3CB,D8:0D:17:3E:C3:CB,-83,4
24/04/2026,07:26:34,121,Pesquisa em Eng. Elétrica,IFPB-VISITANTE,84:F1:47:54:EB:22,-83,6
24/04/2026,07:26:34,121,Pesquisa em Eng. Elétrica,IFPB-VISITANTE,84:F1:47:54:F9:82,-84,11
24/04/2026,07:26:34,121,Pesquisa em Eng. Elétrica,IFPB,84:F1:47:54:F9:80,-84,11
24/04/2026,07:26:34,121,Pesquisa em Eng. Elétrica,IFPB,84:F1:47:54:96:E0,-85,1
24/04/2026,07:26:34,121,Pesquisa em Eng. Elétrica,IFPB-VISITANTE,84:F1:47:54:96:E2,-85,1
24/04/2026,07:26:34,121,Pesquisa em Eng. Elétrica,IFPB-Sala_13,E8:94:F6:B9:2F:46,-88,6
24/04/2026,07:26:34,121,Pesquisa em Eng. Elétrica,EBF243D6-HE8D94yaFM1AOcS,44:D2:44:DD:32:49,-89,11
24/04/2026,07:26:43,122,Pesquisa em Eng. Elétrica,Lab. de Sinais Digitais,18:D6:C7:F9:37:2F,-41,11
24/04/2026,07:26:43,122,Pesquisa em Eng. Elétrica,APTelefonia,58:10:8C:91:F3:AA,-59,1
24/04/2026,07:26:43,122,Pesquisa em Eng. Elétrica,GPDS,00:26:5A:66:55:EF,-62,6
24/04/2026,07:26:43,122,Pesquisa em Eng. Elétrica,Intelbras,18:0D:2C:7F:EB:AC,-66,7
24/04/2026,07:26:43,122,Pesquisa em Eng. Elétrica,UA2-MiniLab,60:32:B1:2D:66:C3,-67,10
24/04/2026,07:26:43,122,Pesquisa em Eng. Elétrica,TP-Link_1324,7C:F1:7E:8D:13:22,-69,10
24/04/2026,07:26:43,122,Pesquisa em Eng. Elétrica,NPEF/NEPA,50:C7:BF:EF:56:8A,-70,3
24/04/2026,07:26:43,122,Pesquisa em Eng. Elétrica,SALA_MESTRADO,64:66:B3:62:EB:86,-76,1
24/04/2026,07:26:43,122,Pesquisa em Eng. Elétrica,IFPB-Sala_Professor_14,24:FD:0D:57:19:26,-76,5
24/04/2026,07:26:43,122,Pesquisa em Eng. Elétrica,TP-Link_C3CB,D8:0D:17:3E:C3:CB,-80,4
24/04/2026,07:26:44,122,Pesquisa em Eng. Elétrica,IFPB,84:F1:47:54:EB:20,-81,6
24/04/2026,07:26:44,122,Pesquisa em Eng. Elétrica,EBEF98EB-HE8D94xvZh1AO1J,44:D2:44:DD:32:41,-81,11
24/04/2026,07:26:44,122,Pesquisa em Eng. Elétrica,IFPB-Sala_Professor_14,48:51:CF:81:B0:9E,-82,8
24/04/2026,07:26:44,122,Pesquisa em Eng. Elétrica,IFPB,84:F1:47:54:96:E0,-83,1
24/04/2026,07:26:44,122,Pesquisa em Eng. Elétrica,IFPB-VISITANTE,84:F1:47:54:96:E2,-83,1
24/04/2026,07:26:44,122,Pesquisa em Eng. Elétrica,IFPB-VISITANTE,84:F1:47:54:EB:22,-83,6
24/04/2026,07:26:44,122,Pesquisa em Eng. Elétrica,NUNYA_Room_2.4GHz,CC:32:E5:0C:FC:2B,-83,9
24/04/2026,07:26:44,122,Pesquisa em Eng. Elétrica,IFPB,E4:4E:2D:85:4C:60,-84,11
24/04/2026,07:26:44,122,Pesquisa em Eng. Elétrica,IFPB-VISITANTE,E4:4E:2D:85:4C:62,-84,11
24/04/2026,07:26:44,122,Pesquisa em Eng. Elétrica,IFPB,84:F1:47:54:8B:A0,-85,1
24/04/2026,07:26:44,122,Pesquisa em Eng. Elétrica,IFPB-VISITANTE,84:F1:47:54:8B:A2,-86,1
24/04/2026,07:26:44,122,Pesquisa em Eng. Elétrica,IFPB,84:F1:47:54:F9:80,-86,11
24/04/2026,07:26:44,122,Pesquisa em Eng. Elétrica,IFPB-VISITANTE,84:F1:47:54:F9:82,-86,11
24/04/2026,07:26:44,122,Pesquisa em Eng. Elétrica,EBF243D6-HE8D94yaFM1AOcS,44:D2:44:DD:32:49,-89,11
24/04/2026,07:26:44,122,Pesquisa em Eng. Elétrica,EBEFCE63-HE8D94xyvZ1AODz,44:D2:44:DD:2E:58,-96,11
24/04/2026,07:26:53,123,Pesquisa em Eng. Elétrica,Lab. de Sinais Digitais,18:D6:C7:F9:37:2F,-45,11
24/04/2026,07:26:53,123,Pesquisa em Eng. Elétrica,GPDS,00:26:5A:66:55:EF,-56,6
24/04/2026,07:26:53,123,Pesquisa em Eng. Elétrica,APTelefonia,58:10:8C:91:F3:AA,-57,1
24/04/2026,07:26:53,123,Pesquisa em Eng. Elétrica,Intelbras,18:0D:2C:7F:EB:AC,-62,7
24/04/2026,07:26:53,123,Pesquisa em Eng. Elétrica,UA2-MiniLab,60:32:B1:2D:66:C3,-69,10
24/04/2026,07:26:53,123,Pesquisa em Eng. Elétrica,NPEF/NEPA,50:C7:BF:EF:56:8A,-70,3
24/04/2026,07:26:53,123,Pesquisa em Eng. Elétrica,IFPB-Sala_Professor_14,48:51:CF:81:B0:9E,-71,8
24/04/2026,07:26:53,123,Pesquisa em Eng. Elétrica,TP-Link_1324,7C:F1:7E:8D:13:22,-71,10
24/04/2026,07:26:53,123,Pesquisa em Eng. Elétrica,SALA_MESTRADO,64:66:B3:62:EB:86,-72,1
24/04/2026,07:26:53,123,Pesquisa em Eng. Elétrica,IFPB-Sala_Professor_14,24:FD:0D:57:19:26,-78,5
24/04/2026,07:26:54,123,Pesquisa em Eng. Elétrica,IFPB-VISITANTE,24:36:DA:2B:BC:02,-80,6
24/04/2026,07:26:54,123,Pesquisa em Eng. Elétrica,IFPB,24:36:DA:2B:BC:00,-80,6
24/04/2026,07:26:54,123,Pesquisa em Eng. Elétrica,EBF243D6-HE8D94yaFM1AOcS,44:D2:44:DD:32:49,-80,11
24/04/2026,07:26:54,123,Pesquisa em Eng. Elétrica,IFPB,E4:4E:2D:85:4C:60,-80,11
24/04/2026,07:26:54,123,Pesquisa em Eng. Elétrica,IFPB-VISITANTE,E4:4E:2D:85:4C:62,-81,11
24/04/2026,07:26:54,123,Pesquisa em Eng. Elétrica,NUNYA_Room_2.4GHz,CC:32:E5:0C:FC:2B,-82,9
24/04/2026,07:26:54,123,Pesquisa em Eng. Elétrica,TP-Link_C3CB,D8:0D:17:3E:C3:CB,-83,4
24/04/2026,07:26:54,123,Pesquisa em Eng. Elétrica,EBEF98EB-HE8D94xvZh1AO1J,44:D2:44:DD:32:41,-84,11
24/04/2026,07:26:54,123,Pesquisa em Eng. Elétrica,IFPB-VISITANTE,84:F1:47:54:8B:A2,-85,1
24/04/2026,07:26:54,123,Pesquisa em Eng. Elétrica,IFPB,84:F1:47:54:EB:20,-85,6
24/04/2026,07:26:54,123,Pesquisa em Eng. Elétrica,IFPB-VISITANTE,84:F1:47:54:96:E2,-86,1
24/04/2026,07:26:54,123,Pesquisa em Eng. Elétrica,IFPB,84:F1:47:54:8B:A0,-86,1
24/04/2026,07:26:54,123,Pesquisa em Eng. Elétrica,IFPB-VISITANTE,84:F1:47:54:EB:22,-86,6
24/04/2026,07:26:54,123,Pesquisa em Eng. Elétrica,IFPB-Sala_13,E8:94:F6:B9:2F:46,-86,6
24/04/2026,07:26:54,123,Pesquisa em Eng. Elétrica,IFPB,84:F1:47:54:96:E0,-87,1
24/04/2026,07:26:54,123,Pesquisa em Eng. Elétrica,IFPB-VISITANTE,84:F1:47:54:F9:82,-88,11
24/04/2026,07:26:54,123,Pesquisa em Eng. Elétrica,IFPB TCC,D8:5D:4C:86:7E:66,-90,1
24/04/2026,07:26:54,123,Pesquisa em Eng. Elétrica,IFPB,84:F1:47:54:F9:80,-90,11
24/04/2026,07:27:04,124,Pesquisa em Eng. Elétrica,Lab. de Sinais Digitais,18:D6:C7:F9:37:2F,-43,11
24/04/2026,07:27:04,124,Pesquisa em Eng. Elétrica,APTelefonia,58:10:8C:91:F3:AA,-59,1
24/04/2026,07:27:04,124,Pesquisa em Eng. Elétrica,UA2-MiniLab,60:32:B1:2D:66:C3,-66,10
24/04/2026,07:27:04,124,Pesquisa em Eng. Elétrica,Intelbras,18:0D:2C:7F:EB:AC,-68,7
24/04/2026,07:27:04,124,Pesquisa em Eng. Elétrica,SALA_MESTRADO,64:66:B3:62:EB:86,-69,1
24/04/2026,07:27:04,124,Pesquisa em Eng. Elétrica,GPDS,00:26:5A:66:55:EF,-70,6
24/04/2026,07:27:04,124,Pesquisa em Eng. Elétrica,IFPB-Sala_Professor_14,48:51:CF:81:B0:9E,-74,8
24/04/2026,07:27:04,124,Pesquisa em Eng. Elétrica,TP-Link_1324,7C:F1:7E:8D:13:22,-74,10
24/04/2026,07:27:04,124,Pesquisa em Eng. Elétrica,IFPB-Sala_Professor_14,24:FD:0D:57:19:26,-75,5
24/04/2026,07:27:04,124,Pesquisa em Eng. Elétrica,NPEF/NEPA,50:C7:BF:EF:56:8A,-76,3
24/04/2026,07:27:04,124,Pesquisa em Eng. Elétrica,IFPB,E4:4E:2D:85:4C:60,-77,11
24/04/2026,07:27:04,124,Pesquisa em Eng. Elétrica,IFPB-VISITANTE,E4:4E:2D:85:4C:62,-77,11
24/04/2026,07:27:04,124,Pesquisa em Eng. Elétrica,IFPB-VISITANTE,84:F1:47:54:EB:22,-78,6
24/04/2026,07:27:04,124,Pesquisa em Eng. Elétrica,IFPB,84:F1:47:54:EB:20,-79,6
24/04/2026,07:27:04,124,Pesquisa em Eng. Elétrica,IFPB TCC,D8:5D:4C:86:7E:66,-80,1
24/04/2026,07:27:04,124,Pesquisa em Eng. Elétrica,IFPB,84:F1:47:54:8B:A0,-81,1
24/04/2026,07:27:04,124,Pesquisa em Eng. Elétrica,IFPB-VISITANTE,84:F1:47:54:8B:A2,-81,1
24/04/2026,07:27:04,124,Pesquisa em Eng. Elétrica,IFPB,24:36:DA:2B:BC:00,-82,6
24/04/2026,07:27:04,124,Pesquisa em Eng. Elétrica,IFPB-VISITANTE,24:36:DA:2B:BC:02,-82,6
24/04/2026,07:27:04,124,Pesquisa em Eng. Elétrica,IFPB-Sala_13,E8:94:F6:B9:2F:46,-83,6
24/04/2026,07:27:04,124,Pesquisa em Eng. Elétrica,TP-Link_C3CB,D8:0D:17:3E:C3:CB,-84,4
24/04/2026,07:27:04,124,Pesquisa em Eng. Elétrica,NUNYA_Room_2.4GHz,CC:32:E5:0C:FC:2B,-85,9
24/04/2026,07:27:04,124,Pesquisa em Eng. Elétrica,IFPB-VISITANTE,84:F1:47:54:F9:82,-86,11
24/04/2026,07:27:04,124,Pesquisa em Eng. Elétrica,IFPB,84:F1:47:54:F9:80,-86,11
24/04/2026,07:27:04,124,Pesquisa em Eng. Elétrica,EBEF98EB-HE8D94xvZh1AO1J,44:D2:44:DD:32:41,-86,11
24/04/2026,07:27:04,124,Pesquisa em Eng. Elétrica,IFPB,84:F1:47:54:6B:80,-88,6
24/04/2026,07:27:04,124,Pesquisa em Eng. Elétrica,IFPB-VISITANTE,84:F1:47:54:6B:82,-88,6
24/04/2026,07:27:04,124,Pesquisa em Eng. Elétrica,EBF243D6-HE8D94yaFM1AOcS,44:D2:44:DD:32:49,-93,11
24/04/2026,07:27:04,124,Pesquisa em Eng. Elétrica,EBEFCE63-HE8D94xyvZ1AODz,44:D2:44:DD:2E:58,-94,11
24/04/2026,07:27:14,125,Pesquisa em Eng. Elétrica,Lab. de Sinais Digitais,18:D6:C7:F9:37:2F,-45,11
24/04/2026,07:27:14,125,Pesquisa em Eng. Elétrica,APTelefonia,58:10:8C:91:F3:AA,-59,1
24/04/2026,07:27:14,125,Pesquisa em Eng. Elétrica,UA2-MiniLab,60:32:B1:2D:66:C3,-65,10
24/04/2026,07:27:14,125,Pesquisa em Eng. Elétrica,Intelbras,18:0D:2C:7F:EB:AC,-68,7
24/04/2026,07:27:14,125,Pesquisa em Eng. Elétrica,SALA_MESTRADO,64:66:B3:62:EB:86,-69,1
24/04/2026,07:27:14,125,Pesquisa em Eng. Elétrica,TP-Link_1324,7C:F1:7E:8D:13:22,-72,10
24/04/2026,07:27:14,125,Pesquisa em Eng. Elétrica,NPEF/NEPA,50:C7:BF:EF:56:8A,-73,3
24/04/2026,07:27:14,125,Pesquisa em Eng. Elétrica,IFPB-Sala_Professor_14,24:FD:0D:57:19:26,-74,5
24/04/2026,07:27:14,125,Pesquisa em Eng. Elétrica,GPDS,00:26:5A:66:55:EF,-77,6
24/04/2026,07:27:14,125,Pesquisa em Eng. Elétrica,IFPB-Sala_Professor_14,48:51:CF:81:B0:9E,-77,8
24/04/2026,07:27:14,125,Pesquisa em Eng. Elétrica,IFPB,84:F1:47:54:EB:20,-78,6
24/04/2026,07:27:14,125,Pesquisa em Eng. Elétrica,IFPB-VISITANTE,84:F1:47:54:EB:22,-78,6
24/04/2026,07:27:14,125,Pesquisa em Eng. Elétrica,IFPB,E4:4E:2D:85:4C:60,-78,11
24/04/2026,07:27:14,125,Pesquisa em Eng. Elétrica,IFPB-VISITANTE,E4:4E:2D:85:4C:62,-79,11
24/04/2026,07:27:14,125,Pesquisa em Eng. Elétrica,IFPB TCC,D8:5D:4C:86:7E:66,-80,1
24/04/2026,07:27:14,125,Pesquisa em Eng. Elétrica,IFPB,84:F1:47:54:8B:A0,-81,1
24/04/2026,07:27:14,125,Pesquisa em Eng. Elétrica,IFPB-VISITANTE,84:F1:47:54:8B:A2,-81,1
24/04/2026,07:27:14,125,Pesquisa em Eng. Elétrica,TP-Link_C3CB,D8:0D:17:3E:C3:CB,-81,4
24/04/2026,07:27:14,125,Pesquisa em Eng. Elétrica,IFPB-Sala_13,E8:94:F6:B9:2F:46,-83,6
24/04/2026,07:27:14,125,Pesquisa em Eng. Elétrica,IFPB,24:36:DA:2B:BC:00,-86,6
24/04/2026,07:27:14,125,Pesquisa em Eng. Elétrica,IFPB-VISITANTE,24:36:DA:2B:BC:02,-86,6
24/04/2026,07:27:14,125,Pesquisa em Eng. Elétrica,IFPB-VISITANTE,84:F1:47:54:F9:82,-86,11
24/04/2026,07:27:14,125,Pesquisa em Eng. Elétrica,IFPB,84:F1:47:54:F9:80,-87,11
24/04/2026,07:27:14,125,Pesquisa em Eng. Elétrica,EBEF98EB-HE8D94xvZh1AO1J,44:D2:44:DD:32:41,-90,11
24/04/2026,07:27:14,125,Pesquisa em Eng. Elétrica,EBF243D6-HE8D94yaFM1AOcS,44:D2:44:DD:32:49,-93,11
24/04/2026,07:27:14,125,Pesquisa em Eng. Elétrica,EBEFCE63-HE8D94xyvZ1AODz,44:D2:44:DD:2E:58,-93,11
24/04/2026,07:27:24,126,Pesquisa em Eng. Elétrica,Lab. de Sinais Digitais,18:D6:C7:F9:37:2F,-46,11
24/04/2026,07:27:24,126,Pesquisa em Eng. Elétrica,APTelefonia,58:10:8C:91:F3:AA,-58,1
24/04/2026,07:27:24,126,Pesquisa em Eng. Elétrica,UA2-MiniLab,60:32:B1:2D:66:C3,-66,10
24/04/2026,07:27:24,126,Pesquisa em Eng. Elétrica,Intelbras,18:0D:2C:7F:EB:AC,-67,7
24/04/2026,07:27:24,126,Pesquisa em Eng. Elétrica,SALA_MESTRADO,64:66:B3:62:EB:86,-69,1
24/04/2026,07:27:24,126,Pesquisa em Eng. Elétrica,NPEF/NEPA,50:C7:BF:EF:56:8A,-71,3
24/04/2026,07:27:24,126,Pesquisa em Eng. Elétrica,GPDS,00:26:5A:66:55:EF,-72,6
24/04/2026,07:27:24,126,Pesquisa em Eng. Elétrica,TP-Link_1324,7C:F1:7E:8D:13:22,-74,10
24/04/2026,07:27:24,126,Pesquisa em Eng. Elétrica,IFPB,E4:4E:2D:85:4C:60,-77,11
24/04/2026,07:27:24,126,Pesquisa em Eng. Elétrica,IFPB-VISITANTE,E4:4E:2D:85:4C:62,-77,11
24/04/2026,07:27:24,126,Pesquisa em Eng. Elétrica,IFPB TCC,D8:5D:4C:86:7E:66,-79,1
24/04/2026,07:27:24,126,Pesquisa em Eng. Elétrica,IFPB,84:F1:47:54:EB:20,-79,6
24/04/2026,07:27:24,126,Pesquisa em Eng. Elétrica,IFPB-Sala_Professor_14,48:51:CF:81:B0:9E,-79,8
24/04/2026,07:27:24,126,Pesquisa em Eng. Elétrica,IFPB,84:F1:47:54:8B:A0,-80,1
24/04/2026,07:27:24,126,Pesquisa em Eng. Elétrica,IFPB-VISITANTE,84:F1:47:54:8B:A2,-80,1
24/04/2026,07:27:24,126,Pesquisa em Eng. Elétrica,IFPB-VISITANTE,84:F1:47:54:EB:22,-80,6
24/04/2026,07:27:24,126,Pesquisa em Eng. Elétrica,IFPB-Sala_13,E8:94:F6:B9:2F:46,-81,6
24/04/2026,07:27:24,126,Pesquisa em Eng. Elétrica,IFPB-Sala_Professor_14,24:FD:0D:57:19:26,-82,5
24/04/2026,07:27:24,126,Pesquisa em Eng. Elétrica,TP-Link_C3CB,D8:0D:17:3E:C3:CB,-83,4
24/04/2026,07:27:24,126,Pesquisa em Eng. Elétrica,IFPB,24:36:DA:2B:BC:00,-86,6
24/04/2026,07:27:24,126,Pesquisa em Eng. Elétrica,IFPB-VISITANTE,24:36:DA:2B:BC:02,-86,6
24/04/2026,07:27:24,126,Pesquisa em Eng. Elétrica,IFPB-VISITANTE,84:F1:47:54:F9:82,-86,11
24/04/2026,07:27:24,126,Pesquisa em Eng. Elétrica,EBEF98EB-HE8D94xvZh1AO1J,44:D2:44:DD:32:41,-86,11
24/04/2026,07:27:24,126,Pesquisa em Eng. Elétrica,IFPB,84:F1:47:54:F9:80,-88,11
24/04/2026,07:27:24,126,Pesquisa em Eng. Elétrica,NUNYA_Room_2.4GHz,CC:32:E5:0C:FC:2B,-91,9
24/04/2026,07:27:24,126,Pesquisa em Eng. Elétrica,EBF243D6-HE8D94yaFM1AOcS,44:D2:44:DD:32:49,-91,11
24/04/2026,07:27:24,126,Pesquisa em Eng. Elétrica,EBEFCE63-HE8D94xyvZ1AODz,44:D2:44:DD:2E:58,-95,11
24/04/2026,07:27:34,127,Pesquisa em Eng. Elétrica,Lab. de Sinais Digitais,18:D6:C7:F9:37:2F,-50,11
24/04/2026,07:27:34,127,Pesquisa em Eng. Elétrica,APTelefonia,58:10:8C:91:F3:AA,-57,1
24/04/2026,07:27:34,127,Pesquisa em Eng. Elétrica,UA2-MiniLab,60:32:B1:2D:66:C3,-66,10
24/04/2026,07:27:34,127,Pesquisa em Eng. Elétrica,Intelbras,18:0D:2C:7F:EB:AC,-68,7
24/04/2026,07:27:34,127,Pesquisa em Eng. Elétrica,SALA_MESTRADO,64:66:B3:62:EB:86,-70,1
24/04/2026,07:27:34,127,Pesquisa em Eng. Elétrica,NPEF/NEPA,50:C7:BF:EF:56:8A,-72,3
24/04/2026,07:27:34,127,Pesquisa em Eng. Elétrica,GPDS,00:26:5A:66:55:EF,-72,6
24/04/2026,07:27:34,127,Pesquisa em Eng. Elétrica,TP-Link_1324,7C:F1:7E:8D:13:22,-75,10
24/04/2026,07:27:34,127,Pesquisa em Eng. Elétrica,IFPB-Sala_Professor_14,48:51:CF:81:B0:9E,-76,8
24/04/2026,07:27:34,127,Pesquisa em Eng. Elétrica,IFPB TCC,D8:5D:4C:86:7E:66,-79,1
24/04/2026,07:27:34,127,Pesquisa em Eng. Elétrica,IFPB,E4:4E:2D:85:4C:60,-80,11
24/04/2026,07:27:34,127,Pesquisa em Eng. Elétrica,IFPB-VISITANTE,E4:4E:2D:85:4C:62,-80,11
24/04/2026,07:27:34,127,Pesquisa em Eng. Elétrica,IFPB,84:F1:47:54:8B:A0,-81,1
24/04/2026,07:27:34,127,Pesquisa em Eng. Elétrica,IFPB-VISITANTE,84:F1:47:54:8B:A2,-81,1
24/04/2026,07:27:34,127,Pesquisa em Eng. Elétrica,IFPB-Sala_Professor_14,24:FD:0D:57:19:26,-81,5
24/04/2026,07:27:34,127,Pesquisa em Eng. Elétrica,IFPB,84:F1:47:54:EB:20,-81,6
24/04/2026,07:27:34,127,Pesquisa em Eng. Elétrica,IFPB-VISITANTE,84:F1:47:54:EB:22,-81,6
24/04/2026,07:27:34,127,Pesquisa em Eng. Elétrica,IFPB-Sala_13,E8:94:F6:B9:2F:46,-83,6
24/04/2026,07:27:34,127,Pesquisa em Eng. Elétrica,TP-Link_C3CB,D8:0D:17:3E:C3:CB,-85,4
24/04/2026,07:27:34,127,Pesquisa em Eng. Elétrica,IFPB,84:F1:47:54:F9:80,-86,11
24/04/2026,07:27:34,127,Pesquisa em Eng. Elétrica,EBF243D6-HE8D94yaFM1AOcS,44:D2:44:DD:32:49,-86,11
24/04/2026,07:27:35,127,Pesquisa em Eng. Elétrica,IFPB,24:36:DA:2B:BC:00,-87,6
24/04/2026,07:27:35,127,Pesquisa em Eng. Elétrica,IFPB-VISITANTE,24:36:DA:2B:BC:02,-87,6
24/04/2026,07:27:35,127,Pesquisa em Eng. Elétrica,IFPB-VISITANTE,84:F1:47:54:F9:82,-87,11
24/04/2026,07:27:35,127,Pesquisa em Eng. Elétrica,NUNYA_Room_2.4GHz,CC:32:E5:0C:FC:2B,-88,9
24/04/2026,07:27:35,127,Pesquisa em Eng. Elétrica,EBEF98EB-HE8D94xvZh1AO1J,44:D2:44:DD:32:41,-90,11
24/04/2026,07:27:35,127,Pesquisa em Eng. Elétrica,EBEFCE63-HE8D94xyvZ1AODz,44:D2:44:DD:2E:58,-95,11
24/04/2026,07:27:44,128,Pesquisa em Eng. Elétrica,Lab. de Sinais Digitais,18:D6:C7:F9:37:2F,-52,11
24/04/2026,07:27:44,128,Pesquisa em Eng. Elétrica,GPDS,00:26:5A:66:55:EF,-64,6
24/04/2026,07:27:44,128,Pesquisa em Eng. Elétrica,Intelbras,18:0D:2C:7F:EB:AC,-66,7
24/04/2026,07:27:44,128,Pesquisa em Eng. Elétrica,UA2-MiniLab,60:32:B1:2D:66:C3,-67,10
24/04/2026,07:27:44,128,Pesquisa em Eng. Elétrica,APTelefonia,58:10:8C:91:F3:AA,-69,1
24/04/2026,07:27:44,128,Pesquisa em Eng. Elétrica,TP-Link_1324,7C:F1:7E:8D:13:22,-74,10
24/04/2026,07:27:44,128,Pesquisa em Eng. Elétrica,NPEF/NEPA,50:C7:BF:EF:56:8A,-76,3
24/04/2026,07:27:44,128,Pesquisa em Eng. Elétrica,IFPB-Sala_Professor_14,24:FD:0D:57:19:26,-76,5
24/04/2026,07:27:44,128,Pesquisa em Eng. Elétrica,SALA_MESTRADO,64:66:B3:62:EB:86,-78,1
24/04/2026,07:27:44,128,Pesquisa em Eng. Elétrica,IFPB,84:F1:47:54:EB:20,-78,6
24/04/2026,07:27:45,128,Pesquisa em Eng. Elétrica,IFPB-VISITANTE,84:F1:47:54:EB:22,-78,6
24/04/2026,07:27:45,128,Pesquisa em Eng. Elétrica,IFPB,E4:4E:2D:85:4C:60,-80,11
24/04/2026,07:27:45,128,Pesquisa em Eng. Elétrica,IFPB-VISITANTE,E4:4E:2D:85:4C:62,-80,11
24/04/2026,07:27:45,128,Pesquisa em Eng. Elétrica,IFPB,24:36:DA:2B:BC:00,-83,6
24/04/2026,07:27:45,128,Pesquisa em Eng. Elétrica,IFPB,84:F1:47:54:8B:A0,-84,1
24/04/2026,07:27:45,128,Pesquisa em Eng. Elétrica,IFPB-Sala_13,E8:94:F6:B9:2F:46,-84,6
24/04/2026,07:27:45,128,Pesquisa em Eng. Elétrica,IFPB-VISITANTE,24:36:DA:2B:BC:02,-84,6
24/04/2026,07:27:45,128,Pesquisa em Eng. Elétrica,IFPB-VISITANTE,84:F1:47:54:8B:A2,-85,1
24/04/2026,07:27:45,128,Pesquisa em Eng. Elétrica,IFPB-Sala_Professor_14,48:51:CF:81:B0:9E,-85,8
24/04/2026,07:27:45,128,Pesquisa em Eng. Elétrica,IFPB TCC,D8:5D:4C:86:7E:66,-86,1
24/04/2026,07:27:45,128,Pesquisa em Eng. Elétrica,NUNYA_Room_2.4GHz,CC:32:E5:0C:FC:2B,-86,9
24/04/2026,07:27:45,128,Pesquisa em Eng. Elétrica,TP-Link_C3CB,D8:0D:17:3E:C3:CB,-87,4
24/04/2026,07:27:45,128,Pesquisa em Eng. Elétrica,IFPB-VISITANTE,84:F1:47:54:F9:82,-87,11
24/04/2026,07:27:45,128,Pesquisa em Eng. Elétrica,IFPB,84:F1:47:54:F9:80,-87,11
24/04/2026,07:27:45,128,Pesquisa em Eng. Elétrica,EBF243D6-HE8D94yaFM1AOcS,44:D2:44:DD:32:49,-88,11
24/04/2026,07:27:45,128,Pesquisa em Eng. Elétrica,IFPB,84:F1:47:54:96:E0,-90,1
24/04/2026,07:27:45,128,Pesquisa em Eng. Elétrica,IFPB-VISITANTE,84:F1:47:54:96:E2,-90,1
24/04/2026,07:27:45,128,Pesquisa em Eng. Elétrica,EBEF98EB-HE8D94xvZh1AO1J,44:D2:44:DD:32:41,-93,11
24/04/2026,07:27:45,128,Pesquisa em Eng. Elétrica,EBEFCE63-HE8D94xyvZ1AODz,44:D2:44:DD:2E:58,-94,11
24/04/2026,07:27:55,129,Pesquisa em Eng. Elétrica,Lab. de Sinais Digitais,18:D6:C7:F9:37:2F,-42,11
24/04/2026,07:27:55,129,Pesquisa em Eng. Elétrica,APTelefonia,58:10:8C:91:F3:AA,-58,1
24/04/2026,07:27:55,129,Pesquisa em Eng. Elétrica,UA2-MiniLab,60:32:B1:2D:66:C3,-62,10
24/04/2026,07:27:55,129,Pesquisa em Eng. Elétrica,GPDS,00:26:5A:66:55:EF,-64,6
24/04/2026,07:27:55,129,Pesquisa em Eng. Elétrica,Intelbras,18:0D:2C:7F:EB:AC,-67,7
24/04/2026,07:27:55,129,Pesquisa em Eng. Elétrica,TP-Link_1324,7C:F1:7E:8D:13:22,-70,10
24/04/2026,07:27:55,129,Pesquisa em Eng. Elétrica,IFPB-Sala_Professor_14,24:FD:0D:57:19:26,-71,5
24/04/2026,07:27:55,129,Pesquisa em Eng. Elétrica,NPEF/NEPA,50:C7:BF:EF:56:8A,-75,3
24/04/2026,07:27:55,129,Pesquisa em Eng. Elétrica,IFPB-VISITANTE,84:F1:47:54:EB:22,-76,6
24/04/2026,07:27:55,129,Pesquisa em Eng. Elétrica,IFPB-Sala_Professor_14,48:51:CF:81:B0:9E,-77,8
24/04/2026,07:27:55,129,Pesquisa em Eng. Elétrica,IFPB,E4:4E:2D:85:4C:60,-80,11
24/04/2026,07:27:55,129,Pesquisa em Eng. Elétrica,IFPB-VISITANTE,E4:4E:2D:85:4C:62,-80,11
24/04/2026,07:27:55,129,Pesquisa em Eng. Elétrica,IFPB,84:F1:47:54:8B:A0,-82,1
24/04/2026,07:27:55,129,Pesquisa em Eng. Elétrica,IFPB TCC,D8:5D:4C:86:7E:66,-82,1
24/04/2026,07:27:55,129,Pesquisa em Eng. Elétrica,NUNYA_Room_2.4GHz,CC:32:E5:0C:FC:2B,-82,9
24/04/2026,07:27:55,129,Pesquisa em Eng. Elétrica,SALA_MESTRADO,64:66:B3:62:EB:86,-83,1
24/04/2026,07:27:55,129,Pesquisa em Eng. Elétrica,IFPB-VISITANTE,84:F1:47:54:8B:A2,-83,1
24/04/2026,07:27:55,129,Pesquisa em Eng. Elétrica,IFPB-Sala_13,E8:94:F6:B9:2F:46,-83,6
24/04/2026,07:27:55,129,Pesquisa em Eng. Elétrica,TP-Link_C3CB,D8:0D:17:3E:C3:CB,-84,4
24/04/2026,07:27:55,129,Pesquisa em Eng. Elétrica,IFPB-VISITANTE,24:36:DA:2B:BC:02,-84,6
24/04/2026,07:27:55,129,Pesquisa em Eng. Elétrica,IFPB-VISITANTE,84:F1:47:54:96:E2,-85,1
24/04/2026,07:27:55,129,Pesquisa em Eng. Elétrica,EBF243D6-HE8D94yaFM1AOcS,44:D2:44:DD:32:49,-85,11
24/04/2026,07:27:55,129,Pesquisa em Eng. Elétrica,IFPB,84:F1:47:54:96:E0,-86,1
24/04/2026,07:27:55,129,Pesquisa em Eng. Elétrica,IFPB,24:36:DA:2B:BC:00,-86,6
24/04/2026,07:27:55,129,Pesquisa em Eng. Elétrica,IFPB-VISITANTE,84:F1:47:54:F9:82,-87,11
24/04/2026,07:27:55,129,Pesquisa em Eng. Elétrica,IFPB,84:F1:47:54:F9:80,-88,11
24/04/2026,07:27:55,129,Pesquisa em Eng. Elétrica,EBEF98EB-HE8D94xvZh1AO1J,44:D2:44:DD:32:41,-92,11
24/04/2026,07:27:55,129,Pesquisa em Eng. Elétrica,EBEFCE63-HE8D94xyvZ1AODz,44:D2:44:DD:2E:58,-93,11
24/04/2026,07:28:05,130,Pesquisa em Eng. Elétrica,Lab. de Sinais Digitais,18:D6:C7:F9:37:2F,-41,11
24/04/2026,07:28:05,130,Pesquisa em Eng. Elétrica,APTelefonia,58:10:8C:91:F3:AA,-58,1
24/04/2026,07:28:05,130,Pesquisa em Eng. Elétrica,UA2-MiniLab,60:32:B1:2D:66:C3,-63,10
24/04/2026,07:28:05,130,Pesquisa em Eng. Elétrica,GPDS,00:26:5A:66:55:EF,-65,6
24/04/2026,07:28:05,130,Pesquisa em Eng. Elétrica,Intelbras,18:0D:2C:7F:EB:AC,-69,7
24/04/2026,07:28:05,130,Pesquisa em Eng. Elétrica,TP-Link_1324,7C:F1:7E:8D:13:22,-69,10
24/04/2026,07:28:05,130,Pesquisa em Eng. Elétrica,NPEF/NEPA,50:C7:BF:EF:56:8A,-73,3
24/04/2026,07:28:05,130,Pesquisa em Eng. Elétrica,IFPB-Sala_Professor_14,24:FD:0D:57:19:26,-77,5
24/04/2026,07:28:05,130,Pesquisa em Eng. Elétrica,IFPB,84:F1:47:54:EB:20,-81,6
24/04/2026,07:28:05,130,Pesquisa em Eng. Elétrica,IFPB-VISITANTE,E4:4E:2D:85:4C:62,-81,11
24/04/2026,07:28:05,130,Pesquisa em Eng. Elétrica,IFPB-VISITANTE,84:F1:47:54:EB:22,-82,6
24/04/2026,07:28:05,130,Pesquisa em Eng. Elétrica,IFPB-Sala_Professor_14,48:51:CF:81:B0:9E,-82,8
24/04/2026,07:28:05,130,Pesquisa em Eng. Elétrica,IFPB,E4:4E:2D:85:4C:60,-82,11
24/04/2026,07:28:05,130,Pesquisa em Eng. Elétrica,IFPB,84:F1:47:54:8B:A0,-83,1
24/04/2026,07:28:05,130,Pesquisa em Eng. Elétrica,IFPB-VISITANTE,84:F1:47:54:8B:A2,-84,1
24/04/2026,07:28:05,130,Pesquisa em Eng. Elétrica,TP-Link_C3CB,D8:0D:17:3E:C3:CB,-84,4
24/04/2026,07:28:05,130,Pesquisa em Eng. Elétrica,IFPB-VISITANTE,24:36:DA:2B:BC:02,-84,6
24/04/2026,07:28:05,130,Pesquisa em Eng. Elétrica,IFPB-Sala_13,E8:94:F6:B9:2F:46,-84,6
24/04/2026,07:28:05,130,Pesquisa em Eng. Elétrica,IFPB,84:F1:47:54:96:E0,-85,1
24/04/2026,07:28:05,130,Pesquisa em Eng. Elétrica,IFPB-VISITANTE,84:F1:47:54:96:E2,-85,1
24/04/2026,07:28:05,130,Pesquisa em Eng. Elétrica,SALA_MESTRADO,64:66:B3:62:EB:86,-85,1
24/04/2026,07:28:05,130,Pesquisa em Eng. Elétrica,IFPB,24:36:DA:2B:BC:00,-85,6
24/04/2026,07:28:05,130,Pesquisa em Eng. Elétrica,NUNYA_Room_2.4GHz,CC:32:E5:0C:FC:2B,-86,9
24/04/2026,07:28:05,130,Pesquisa em Eng. Elétrica,IFPB-VISITANTE,84:F1:47:54:F9:82,-86,11
24/04/2026,07:28:05,130,Pesquisa em Eng. Elétrica,IFPB,84:F1:47:54:F9:80,-87,11
24/04/2026,07:28:05,130,Pesquisa em Eng. Elétrica,EBEF98EB-HE8D94xvZh1AO1J,44:D2:44:DD:32:41,-87,11
24/04/2026,07:28:05,130,Pesquisa em Eng. Elétrica,EBF243D6-HE8D94yaFM1AOcS,44:D2:44:DD:32:49,-88,11
24/04/2026,07:28:05,130,Pesquisa em Eng. Elétrica,EBEFCE63-HE8D94xyvZ1AODz,44:D2:44:DD:2E:58,-93,11
24/04/2026,07:28:29,131,Práticas didáticas,Lab. de Sinais Digitais,18:D6:C7:F9:37:2F,-52,11
24/04/2026,07:28:29,131,Práticas didáticas,UA2-MiniLab,60:32:B1:2D:66:C3,-64,10
24/04/2026,07:28:29,131,Práticas didáticas,APTelefonia,58:10:8C:91:F3:AA,-65,1
24/04/2026,07:28:29,131,Práticas didáticas,GPDS,00:26:5A:66:55:EF,-65,6
24/04/2026,07:28:29,131,Práticas didáticas,SALA_MESTRADO,64:66:B3:62:EB:86,-66,1
24/04/2026,07:28:29,131,Práticas didáticas,NPEF/NEPA,50:C7:BF:EF:56:8A,-67,3
24/04/2026,07:28:29,131,Práticas didáticas,Intelbras,18:0D:2C:7F:EB:AC,-67,7
24/04/2026,07:28:29,131,Práticas didáticas,IFPB,84:F1:47:54:EB:20,-74,6
24/04/2026,07:28:29,131,Práticas didáticas,IFPB-Sala_Professor_14,24:FD:0D:57:19:26,-75,5
24/04/2026,07:28:29,131,Práticas didáticas,IFPB-VISITANTE,84:F1:47:54:EB:22,-75,6
24/04/2026,07:28:29,131,Práticas didáticas,EBEF98EB-HE8D94xvZh1AO1J,44:D2:44:DD:32:41,-75,11
24/04/2026,07:28:29,131,Práticas didáticas,IFPB-Sala_Professor_14,48:51:CF:81:B0:9E,-76,8
24/04/2026,07:28:29,131,Práticas didáticas,TP-Link_1324,7C:F1:7E:8D:13:22,-77,10
24/04/2026,07:28:29,131,Práticas didáticas,NUNYA_Room_2.4GHz,CC:32:E5:0C:FC:2B,-79,9
24/04/2026,07:28:29,131,Práticas didáticas,IFPB,84:F1:47:54:8B:A0,-80,1
24/04/2026,07:28:29,131,Práticas didáticas,IFPB-VISITANTE,84:F1:47:54:8B:A2,-80,1
24/04/2026,07:28:29,131,Práticas didáticas,IFPB,84:F1:47:54:F9:80,-80,11
24/04/2026,07:28:29,131,Práticas didáticas,IFPB-VISITANTE,84:F1:47:54:F9:82,-80,11
24/04/2026,07:28:29,131,Práticas didáticas,IFPB,E4:4E:2D:85:4C:60,-81,11
24/04/2026,07:28:29,131,Práticas didáticas,IFPB-VISITANTE,E4:4E:2D:85:4C:62,-81,11
24/04/2026,07:28:29,131,Práticas didáticas,IFPB-Sala_13,E8:94:F6:B9:2F:46,-88,6
24/04/2026,07:28:29,131,Práticas didáticas,EBF243D6-HE8D94yaFM1AOcS,44:D2:44:DD:32:49,-88,11
24/04/2026,07:28:29,131,Práticas didáticas,IFPB,84:F1:47:54:95:E0,-88,11
24/04/2026,07:28:29,131,Práticas didáticas,TP-Link_C3CB,D8:0D:17:3E:C3:CB,-89,4
24/04/2026,07:28:29,131,Práticas didáticas,IFPB-VISITANTE,84:F1:47:54:95:E2,-89,11
24/04/2026,07:28:29,131,Práticas didáticas,IFPB-VISITANTE,24:36:DA:2B:BC:02,-90,6
24/04/2026,07:28:29,131,Práticas didáticas,EBEFCE63-HE8D94xyvZ1AODz,44:D2:44:DD:2E:58,-95,11
24/04/2026,07:28:29,131,Práticas didáticas,JORGE208,F8:D2:AC:5E:66:C7,-97,11
24/04/2026,07:28:39,132,Práticas didáticas,Lab. de Sinais Digitais,18:D6:C7:F9:37:2F,-51,11
24/04/2026,07:28:39,132,Práticas didáticas,GPDS,00:26:5A:66:55:EF,-60,6
24/04/2026,07:28:39,132,Práticas didáticas,UA2-MiniLab,60:32:B1:2D:66:C3,-60,10
24/04/2026,07:28:39,132,Práticas didáticas,APTelefonia,58:10:8C:91:F3:AA,-67,1
24/04/2026,07:28:39,132,Práticas didáticas,NPEF/NEPA,50:C7:BF:EF:56:8A,-67,3
24/04/2026,07:28:39,132,Práticas didáticas,SALA_MESTRADO,64:66:B3:62:EB:86,-70,1
24/04/2026,07:28:39,132,Práticas didáticas,Intelbras,18:0D:2C:7F:EB:AC,-70,7
24/04/2026,07:28:39,132,Práticas didáticas,IFPB-Sala_Professor_14,24:FD:0D:57:19:26,-76,5
24/04/2026,07:28:39,132,Práticas didáticas,IFPB,84:F1:47:54:EB:20,-77,6
24/04/2026,07:28:39,132,Práticas didáticas,IFPB-VISITANTE,84:F1:47:54:EB:22,-77,6
24/04/2026,07:28:39,132,Práticas didáticas,IFPB-Sala_Professor_14,48:51:CF:81:B0:9E,-77,8
24/04/2026,07:28:39,132,Práticas didáticas,EBF243D6-HE8D94yaFM1AOcS,44:D2:44:DD:32:49,-78,11
24/04/2026,07:28:39,132,Práticas didáticas,EBEF98EB-HE8D94xvZh1AO1J,44:D2:44:DD:32:41,-80,11
24/04/2026,07:28:39,132,Práticas didáticas,IFPB-VISITANTE,84:F1:47:54:8B:A2,-82,1
24/04/2026,07:28:39,132,Práticas didáticas,NUNYA_Room_2.4GHz,CC:32:E5:0C:FC:2B,-82,9
24/04/2026,07:28:39,132,Práticas didáticas,IFPB-VISITANTE,E4:4E:2D:85:4C:62,-82,11
24/04/2026,07:28:39,132,Práticas didáticas,IFPB,84:F1:47:54:8B:A0,-83,1
24/04/2026,07:28:39,132,Práticas didáticas,IFPB,E4:4E:2D:85:4C:60,-83,11
24/04/2026,07:28:39,132,Práticas didáticas,TP-Link_C3CB,D8:0D:17:3E:C3:CB,-84,4
24/04/2026,07:28:39,132,Práticas didáticas,IFPB,84:F1:47:54:F9:80,-85,11
24/04/2026,07:28:40,132,Práticas didáticas,IFPB-VISITANTE,84:F1:47:54:F9:82,-86,11
24/04/2026,07:28:40,132,Práticas didáticas,IFPB-Sala_13,E8:94:F6:B9:2F:46,-89,6
24/04/2026,07:28:40,132,Práticas didáticas,Sarah ,C2:90:1E:9F:AE:70,-92,6
24/04/2026,07:28:40,132,Práticas didáticas,EBEFCE63-HE8D94xyvZ1AODz,44:D2:44:DD:2E:58,-93,11
24/04/2026,07:28:40,132,Práticas didáticas,IFPB TCC,D8:5D:4C:86:7E:66,-94,1
24/04/2026,07:28:49,133,Práticas didáticas,Lab. de Sinais Digitais,18:D6:C7:F9:37:2F,-50,11
24/04/2026,07:28:49,133,Práticas didáticas,GPDS,00:26:5A:66:55:EF,-51,6
24/04/2026,07:28:49,133,Práticas didáticas,UA2-MiniLab,60:32:B1:2D:66:C3,-60,10
24/04/2026,07:28:49,133,Práticas didáticas,APTelefonia,58:10:8C:91:F3:AA,-66,1
24/04/2026,07:28:49,133,Práticas didáticas,NPEF/NEPA,50:C7:BF:EF:56:8A,-67,3
24/04/2026,07:28:49,133,Práticas didáticas,Intelbras,18:0D:2C:7F:EB:AC,-67,7
24/04/2026,07:28:49,133,Práticas didáticas,IFPB-Sala_Professor_14,24:FD:0D:57:19:26,-71,5
24/04/2026,07:28:49,133,Práticas didáticas,SALA_MESTRADO,64:66:B3:62:EB:86,-72,1
24/04/2026,07:28:49,133,Práticas didáticas,IFPB,84:F1:47:54:EB:20,-73,6
24/04/2026,07:28:49,133,Práticas didáticas,IFPB-VISITANTE,84:F1:47:54:EB:22,-73,6
24/04/2026,07:28:49,133,Práticas didáticas,TP-Link_1324,7C:F1:7E:8D:13:22,-76,10
24/04/2026,07:28:49,133,Práticas didáticas,NUNYA_Room_2.4GHz,CC:32:E5:0C:FC:2B,-78,9
24/04/2026,07:28:49,133,Práticas didáticas,IFPB-Sala_Professor_14,48:51:CF:81:B0:9E,-79,8
24/04/2026,07:28:49,133,Práticas didáticas,IFPB,84:F1:47:54:8B:A0,-80,1
24/04/2026,07:28:49,133,Práticas didáticas,IFPB-VISITANTE,84:F1:47:54:8B:A2,-80,1
24/04/2026,07:28:50,133,Práticas didáticas,IFPB,E4:4E:2D:85:4C:60,-81,11
24/04/2026,07:28:50,133,Práticas didáticas,IFPB-VISITANTE,E4:4E:2D:85:4C:62,-81,11
24/04/2026,07:28:50,133,Práticas didáticas,IFPB,84:F1:47:54:F9:80,-81,11
24/04/2026,07:28:50,133,Práticas didáticas,IFPB-VISITANTE,84:F1:47:54:F9:82,-82,11
24/04/2026,07:28:50,133,Práticas didáticas,EBEF98EB-HE8D94xvZh1AO1J,44:D2:44:DD:32:41,-82,11
24/04/2026,07:28:50,133,Práticas didáticas,EBF243D6-HE8D94yaFM1AOcS,44:D2:44:DD:32:49,-82,11
24/04/2026,07:28:50,133,Práticas didáticas,TP-Link_C3CB,D8:0D:17:3E:C3:CB,-84,4
24/04/2026,07:28:50,133,Práticas didáticas,Sarah ,C2:90:1E:9F:AE:70,-85,6
24/04/2026,07:28:50,133,Práticas didáticas,IFPB-VISITANTE,84:F1:47:54:95:E2,-88,11
24/04/2026,07:28:50,133,Práticas didáticas,IFPB,84:F1:47:54:95:E0,-89,11
24/04/2026,07:28:50,133,Práticas didáticas,EBEFCE63-HE8D94xyvZ1AODz,44:D2:44:DD:2E:58,-92,11
24/04/2026,07:28:50,133,Práticas didáticas,IFPB TCC,D8:5D:4C:86:7E:66,-95,1
24/04/2026,07:28:59,134,Práticas didáticas,Lab. de Sinais Digitais,18:D6:C7:F9:37:2F,-51,11
24/04/2026,07:28:59,134,Práticas didáticas,GPDS,00:26:5A:66:55:EF,-52,6
24/04/2026,07:28:59,134,Práticas didáticas,UA2-MiniLab,60:32:B1:2D:66:C3,-62,10
24/04/2026,07:28:59,134,Práticas didáticas,APTelefonia,58:10:8C:91:F3:AA,-66,1
24/04/2026,07:28:59,134,Práticas didáticas,Intelbras,18:0D:2C:7F:EB:AC,-66,7
24/04/2026,07:28:59,134,Práticas didáticas,IFPB-Sala_Professor_14,24:FD:0D:57:19:26,-67,5
24/04/2026,07:28:59,134,Práticas didáticas,SALA_MESTRADO,64:66:B3:62:EB:86,-69,1
24/04/2026,07:28:59,134,Práticas didáticas,IFPB-VISITANTE,84:F1:47:54:8B:A2,-75,1
24/04/2026,07:28:59,134,Práticas didáticas,IFPB,84:F1:47:54:8B:A0,-75,1
24/04/2026,07:28:59,134,Práticas didáticas,NPEF/NEPA,50:C7:BF:EF:56:8A,-75,3
24/04/2026,07:29:00,134,Práticas didáticas,IFPB,84:F1:47:54:EB:20,-76,6
24/04/2026,07:29:00,134,Práticas didáticas,IFPB-VISITANTE,84:F1:47:54:EB:22,-76,6
24/04/2026,07:29:00,134,Práticas didáticas,IFPB-Sala_Professor_14,48:51:CF:81:B0:9E,-76,8
24/04/2026,07:29:00,134,Práticas didáticas,NUNYA_Room_2.4GHz,CC:32:E5:0C:FC:2B,-79,9
24/04/2026,07:29:00,134,Práticas didáticas,EBEF98EB-HE8D94xvZh1AO1J,44:D2:44:DD:32:41,-79,11
24/04/2026,07:29:00,134,Práticas didáticas,TP-Link_1324,7C:F1:7E:8D:13:22,-81,10
24/04/2026,07:29:00,134,Práticas didáticas,IFPB,84:F1:47:54:F9:80,-81,11
24/04/2026,07:29:00,134,Práticas didáticas,IFPB-VISITANTE,84:F1:47:54:F9:82,-81,11
24/04/2026,07:29:00,134,Práticas didáticas,EBF243D6-HE8D94yaFM1AOcS,44:D2:44:DD:32:49,-84,11
24/04/2026,07:29:00,134,Práticas didáticas,IFPB TCC,D8:5D:4C:86:7E:66,-86,1
24/04/2026,07:29:00,134,Práticas didáticas,IFPB,84:F1:47:54:95:E0,-88,11
24/04/2026,07:29:00,134,Práticas didáticas,IFPB-VISITANTE,84:F1:47:54:95:E2,-88,11
24/04/2026,07:29:00,134,Práticas didáticas,TP-Link_C3CB,D8:0D:17:3E:C3:CB,-89,4
24/04/2026,07:29:00,134,Práticas didáticas,IFPB-Sala_13,E8:94:F6:B9:2F:46,-91,6
24/04/2026,07:29:00,134,Práticas didáticas,EBEFCE63-HE8D94xyvZ1AODz,44:D2:44:DD:2E:58,-94,11
24/04/2026,07:29:09,135,Práticas didáticas,GPDS,00:26:5A:66:55:EF,-53,6
24/04/2026,07:29:09,135,Práticas didáticas,Lab. de Sinais Digitais,18:D6:C7:F9:37:2F,-53,11
24/04/2026,07:29:09,135,Práticas didáticas,UA2-MiniLab,60:32:B1:2D:66:C3,-59,10
24/04/2026,07:29:09,135,Práticas didáticas,APTelefonia,58:10:8C:91:F3:AA,-65,1
24/04/2026,07:29:09,135,Práticas didáticas,Intelbras,18:0D:2C:7F:EB:AC,-66,7
24/04/2026,07:29:10,135,Práticas didáticas,SALA_MESTRADO,64:66:B3:62:EB:86,-70,1
24/04/2026,07:29:10,135,Práticas didáticas,IFPB-Sala_Professor_14,24:FD:0D:57:19:26,-72,5
24/04/2026,07:29:10,135,Práticas didáticas,NUNYA_Room_2.4GHz,CC:32:E5:0C:FC:2B,-74,9
24/04/2026,07:29:10,135,Práticas didáticas,TP-Link_1324,7C:F1:7E:8D:13:22,-75,10
24/04/2026,07:29:10,135,Práticas didáticas,NPEF/NEPA,50:C7:BF:EF:56:8A,-76,3
24/04/2026,07:29:10,135,Práticas didáticas,IFPB-VISITANTE,84:F1:47:54:EB:22,-76,6
24/04/2026,07:29:10,135,Práticas didáticas,EBEF98EB-HE8D94xvZh1AO1J,44:D2:44:DD:32:41,-76,11
24/04/2026,07:29:10,135,Práticas didáticas,IFPB,84:F1:47:54:8B:A0,-77,1
24/04/2026,07:29:10,135,Práticas didáticas,IFPB-VISITANTE,84:F1:47:54:8B:A2,-77,1
24/04/2026,07:29:10,135,Práticas didáticas,IFPB,84:F1:47:54:EB:20,-77,6
24/04/2026,07:29:10,135,Práticas didáticas,IFPB-Sala_Professor_14,48:51:CF:81:B0:9E,-77,8
24/04/2026,07:29:10,135,Práticas didáticas,IFPB,E4:4E:2D:85:4C:60,-81,11
24/04/2026,07:29:10,135,Práticas didáticas,IFPB,84:F1:47:54:F9:80,-81,11
24/04/2026,07:29:10,135,Práticas didáticas,IFPB-VISITANTE,84:F1:47:54:F9:82,-82,11
24/04/2026,07:29:10,135,Práticas didáticas,IFPB-VISITANTE,E4:4E:2D:85:4C:62,-83,11
24/04/2026,07:29:10,135,Práticas didáticas,EBF243D6-HE8D94yaFM1AOcS,44:D2:44:DD:32:49,-83,11
24/04/2026,07:29:10,135,Práticas didáticas,TP-Link_C3CB,D8:0D:17:3E:C3:CB,-84,4
24/04/2026,07:29:10,135,Práticas didáticas,IFPB-Sala_13,E8:94:F6:B9:2F:46,-89,6
24/04/2026,07:29:10,135,Práticas didáticas,IFPB-VISITANTE,84:F1:47:54:95:E2,-89,11
24/04/2026,07:29:10,135,Práticas didáticas,IFPB TCC,D8:5D:4C:86:7E:66,-90,1
24/04/2026,07:29:10,135,Práticas didáticas,EBEFCE63-HE8D94xyvZ1AODz,44:D2:44:DD:2E:58,-93,11
24/04/2026,07:29:20,136,Práticas didáticas,GPDS,00:26:5A:66:55:EF,-52,6
24/04/2026,07:29:20,136,Práticas didáticas,Lab. de Sinais Digitais,18:D6:C7:F9:37:2F,-53,11
24/04/2026,07:29:20,136,Práticas didáticas,UA2-MiniLab,60:32:B1:2D:66:C3,-61,10
24/04/2026,07:29:20,136,Práticas didáticas,APTelefonia,58:10:8C:91:F3:AA,-65,1
24/04/2026,07:29:20,136,Práticas didáticas,IFPB-Sala_Professor_14,24:FD:0D:57:19:26,-67,5
24/04/2026,07:29:20,136,Práticas didáticas,Intelbras,18:0D:2C:7F:EB:AC,-67,7
24/04/2026,07:29:20,136,Práticas didáticas,SALA_MESTRADO,64:66:B3:62:EB:86,-69,1
24/04/2026,07:29:20,136,Práticas didáticas,IFPB-Sala_Professor_14,48:51:CF:81:B0:9E,-74,8
24/04/2026,07:29:20,136,Práticas didáticas,NPEF/NEPA,50:C7:BF:EF:56:8A,-77,3
24/04/2026,07:29:20,136,Práticas didáticas,IFPB,84:F1:47:54:EB:20,-78,6
24/04/2026,07:29:20,136,Práticas didáticas,TP-Link_1324,7C:F1:7E:8D:13:22,-78,10
24/04/2026,07:29:20,136,Práticas didáticas,NUNYA_Room_2.4GHz,CC:32:E5:0C:FC:2B,-79,9
24/04/2026,07:29:20,136,Práticas didáticas,IFPB-VISITANTE,84:F1:47:54:EB:22,-80,6
24/04/2026,07:29:20,136,Práticas didáticas,EBEF98EB-HE8D94xvZh1AO1J,44:D2:44:DD:32:41,-81,11
24/04/2026,07:29:20,136,Práticas didáticas,EBF243D6-HE8D94yaFM1AOcS,44:D2:44:DD:32:49,-81,11
24/04/2026,07:29:20,136,Práticas didáticas,IFPB,E4:4E:2D:85:4C:60,-82,11
24/04/2026,07:29:20,136,Práticas didáticas,IFPB-VISITANTE,E4:4E:2D:85:4C:62,-82,11
24/04/2026,07:29:20,136,Práticas didáticas,IFPB TCC,D8:5D:4C:86:7E:66,-83,1
24/04/2026,07:29:20,136,Práticas didáticas,IFPB,84:F1:47:54:8B:A0,-85,1
24/04/2026,07:29:20,136,Práticas didáticas,IFPB-VISITANTE,84:F1:47:54:8B:A2,-85,1
24/04/2026,07:29:20,136,Práticas didáticas,TP-Link_C3CB,D8:0D:17:3E:C3:CB,-86,4
24/04/2026,07:29:20,136,Práticas didáticas,IFPB,84:F1:47:54:F9:80,-86,11
24/04/2026,07:29:20,136,Práticas didáticas,IFPB,84:F1:47:54:95:E0,-87,11
24/04/2026,07:29:20,136,Práticas didáticas,IFPB-VISITANTE,84:F1:47:54:F9:82,-87,11
24/04/2026,07:29:20,136,Práticas didáticas,IFPB-VISITANTE,84:F1:47:54:95:E2,-88,11
24/04/2026,07:29:20,136,Práticas didáticas,IFPB-Sala_13,E8:94:F6:B9:2F:46,-90,6
24/04/2026,07:29:20,136,Práticas didáticas,EBEFCE63-HE8D94xyvZ1AODz,44:D2:44:DD:2E:58,-93,11
24/04/2026,07:29:30,137,Práticas didáticas,GPDS,00:26:5A:66:55:EF,-52,6
24/04/2026,07:29:30,137,Práticas didáticas,Lab. de Sinais Digitais,18:D6:C7:F9:37:2F,-52,11
24/04/2026,07:29:30,137,Práticas didáticas,UA2-MiniLab,60:32:B1:2D:66:C3,-59,10
24/04/2026,07:29:30,137,Práticas didáticas,Intelbras,18:0D:2C:7F:EB:AC,-67,7
24/04/2026,07:29:30,137,Práticas didáticas,APTelefonia,58:10:8C:91:F3:AA,-68,1
24/04/2026,07:29:30,137,Práticas didáticas,SALA_MESTRADO,64:66:B3:62:EB:86,-69,1
24/04/2026,07:29:30,137,Práticas didáticas,IFPB-Sala_Professor_14,24:FD:0D:57:19:26,-70,5
24/04/2026,07:29:30,137,Práticas didáticas,NPEF/NEPA,50:C7:BF:EF:56:8A,-74,3
24/04/2026,07:29:30,137,Práticas didáticas,IFPB-Sala_Professor_14,48:51:CF:81:B0:9E,-74,8
24/04/2026,07:29:30,137,Práticas didáticas,TP-Link_1324,7C:F1:7E:8D:13:22,-75,10
24/04/2026,07:29:30,137,Práticas didáticas,IFPB-VISITANTE,84:F1:47:54:EB:22,-78,6
24/04/2026,07:29:30,137,Práticas didáticas,NUNYA_Room_2.4GHz,CC:32:E5:0C:FC:2B,-78,9
24/04/2026,07:29:30,137,Práticas didáticas,IFPB,84:F1:47:54:EB:20,-79,6
24/04/2026,07:29:30,137,Práticas didáticas,EBEF98EB-HE8D94xvZh1AO1J,44:D2:44:DD:32:41,-79,11
24/04/2026,07:29:30,137,Práticas didáticas,IFPB TCC,D8:5D:4C:86:7E:66,-81,1
24/04/2026,07:29:30,137,Práticas didáticas,IFPB-VISITANTE,E4:4E:2D:85:4C:62,-82,11
24/04/2026,07:29:30,137,Práticas didáticas,EBF243D6-HE8D94yaFM1AOcS,44:D2:44:DD:32:49,-82,11
24/04/2026,07:29:30,137,Práticas didáticas,IFPB,E4:4E:2D:85:4C:60,-82,11
24/04/2026,07:29:30,137,Práticas didáticas,IFPB,84:F1:47:54:F9:80,-82,11
24/04/2026,07:29:30,137,Práticas didáticas,IFPB-VISITANTE,84:F1:47:54:F9:82,-82,11
24/04/2026,07:29:30,137,Práticas didáticas,IFPB,84:F1:47:54:8B:A0,-84,1
24/04/2026,07:29:30,137,Práticas didáticas,IFPB-VISITANTE,84:F1:47:54:8B:A2,-84,1
24/04/2026,07:29:30,137,Práticas didáticas,IFPB-Sala_13,E8:94:F6:B9:2F:46,-88,6
24/04/2026,07:29:30,137,Práticas didáticas,IFPB,84:F1:47:54:95:E0,-88,11
24/04/2026,07:29:30,137,Práticas didáticas,IFPB-VISITANTE,84:F1:47:54:95:E2,-89,11
24/04/2026,07:29:30,137,Práticas didáticas,EBEFCE63-HE8D94xyvZ1AODz,44:D2:44:DD:2E:58,-96,11
24/04/2026,07:29:40,138,Práticas didáticas,GPDS,00:26:5A:66:55:EF,-52,6
24/04/2026,07:29:40,138,Práticas didáticas,Lab. de Sinais Digitais,18:D6:C7:F9:37:2F,-52,11
24/04/2026,07:29:40,138,Práticas didáticas,UA2-MiniLab,60:32:B1:2D:66:C3,-60,10
24/04/2026,07:29:40,138,Práticas didáticas,Intelbras,18:0D:2C:7F:EB:AC,-65,7
24/04/2026,07:29:40,138,Práticas didáticas,IFPB-Sala_Professor_14,24:FD:0D:57:19:26,-66,5
24/04/2026,07:29:40,138,Práticas didáticas,APTelefonia,58:10:8C:91:F3:AA,-67,1
24/04/2026,07:29:40,138,Práticas didáticas,SALA_MESTRADO,64:66:B3:62:EB:86,-70,1
24/04/2026,07:29:40,138,Práticas didáticas,NPEF/NEPA,50:C7:BF:EF:56:8A,-73,3
24/04/2026,07:29:40,138,Práticas didáticas,IFPB-Sala_Professor_14,48:51:CF:81:B0:9E,-73,8
24/04/2026,07:29:40,138,Práticas didáticas,IFPB,84:F1:47:54:EB:20,-75,6
24/04/2026,07:29:40,138,Práticas didáticas,IFPB-VISITANTE,84:F1:47:54:EB:22,-75,6
24/04/2026,07:29:40,138,Práticas didáticas,EBEF98EB-HE8D94xvZh1AO1J,44:D2:44:DD:32:41,-76,11
24/04/2026,07:29:40,138,Práticas didáticas,TP-Link_1324,7C:F1:7E:8D:13:22,-77,10
24/04/2026,07:29:40,138,Práticas didáticas,IFPB TCC,D8:5D:4C:86:7E:66,-80,1
24/04/2026,07:29:40,138,Práticas didáticas,NUNYA_Room_2.4GHz,CC:32:E5:0C:FC:2B,-81,9
24/04/2026,07:29:40,138,Práticas didáticas,EBF243D6-HE8D94yaFM1AOcS,44:D2:44:DD:32:49,-81,11
24/04/2026,07:29:40,138,Práticas didáticas,IFPB-VISITANTE,84:F1:47:54:8B:A2,-82,1
24/04/2026,07:29:40,138,Práticas didáticas,IFPB,84:F1:47:54:8B:A0,-82,1
24/04/2026,07:29:40,138,Práticas didáticas,IFPB,84:F1:47:54:F9:80,-82,11
24/04/2026,07:29:40,138,Práticas didáticas,IFPB-VISITANTE,84:F1:47:54:F9:82,-82,11
24/04/2026,07:29:40,138,Práticas didáticas,TP-Link_C3CB,D8:0D:17:3E:C3:CB,-86,4
24/04/2026,07:29:40,138,Práticas didáticas,IFPB-VISITANTE,E4:4E:2D:85:4C:62,-86,11
24/04/2026,07:29:40,138,Práticas didáticas,IFPB-Sala_13,E8:94:F6:B9:2F:46,-88,6
24/04/2026,07:29:40,138,Práticas didáticas,IFPB-VISITANTE,84:F1:47:54:95:E2,-88,11
24/04/2026,07:29:40,138,Práticas didáticas,IFPB,E4:4E:2D:85:4C:60,-88,11
24/04/2026,07:29:40,138,Práticas didáticas,IFPB,84:F1:47:54:95:E0,-89,11
24/04/2026,07:29:40,138,Práticas didáticas,EBEFCE63-HE8D94xyvZ1AODz,44:D2:44:DD:2E:58,-95,11
24/04/2026,07:29:50,139,Práticas didáticas,GPDS,00:26:5A:66:55:EF,-51,6
24/04/2026,07:29:50,139,Práticas didáticas,Lab. de Sinais Digitais,18:D6:C7:F9:37:2F,-52,11
24/04/2026,07:29:50,139,Práticas didáticas,UA2-MiniLab,60:32:B1:2D:66:C3,-61,10
24/04/2026,07:29:50,139,Práticas didáticas,Intelbras,18:0D:2C:7F:EB:AC,-66,7
24/04/2026,07:29:50,139,Práticas didáticas,APTelefonia,58:10:8C:91:F3:AA,-67,1
24/04/2026,07:29:50,139,Práticas didáticas,IFPB-Sala_Professor_14,24:FD:0D:57:19:26,-68,5
24/04/2026,07:29:50,139,Práticas didáticas,SALA_MESTRADO,64:66:B3:62:EB:86,-70,1
24/04/2026,07:29:50,139,Práticas didáticas,NPEF/NEPA,50:C7:BF:EF:56:8A,-73,3
24/04/2026,07:29:50,139,Práticas didáticas,IFPB-VISITANTE,84:F1:47:54:EB:22,-75,6
24/04/2026,07:29:50,139,Práticas didáticas,TP-Link_1324,7C:F1:7E:8D:13:22,-75,10
24/04/2026,07:29:50,139,Práticas didáticas,IFPB,84:F1:47:54:EB:20,-76,6
24/04/2026,07:29:50,139,Práticas didáticas,IFPB-Sala_Professor_14,48:51:CF:81:B0:9E,-76,8
24/04/2026,07:29:50,139,Práticas didáticas,NUNYA_Room_2.4GHz,CC:32:E5:0C:FC:2B,-78,9
24/04/2026,07:29:50,139,Práticas didáticas,EBEF98EB-HE8D94xvZh1AO1J,44:D2:44:DD:32:41,-78,11
24/04/2026,07:29:50,139,Práticas didáticas,IFPB-VISITANTE,84:F1:47:54:8B:A2,-82,1
24/04/2026,07:29:50,139,Práticas didáticas,IFPB-VISITANTE,84:F1:47:54:F9:82,-82,11
24/04/2026,07:29:50,139,Práticas didáticas,IFPB,84:F1:47:54:F9:80,-82,11
24/04/2026,07:29:50,139,Práticas didáticas,IFPB,84:F1:47:54:8B:A0,-84,1
24/04/2026,07:29:50,139,Práticas didáticas,TP-Link_C3CB,D8:0D:17:3E:C3:CB,-85,4
24/04/2026,07:29:50,139,Práticas didáticas,EBF243D6-HE8D94yaFM1AOcS,44:D2:44:DD:32:49,-86,11
24/04/2026,07:29:51,139,Práticas didáticas,IFPB TCC,D8:5D:4C:86:7E:66,-87,1
24/04/2026,07:29:51,139,Práticas didáticas,IFPB-VISITANTE,E4:4E:2D:85:4C:62,-87,11
24/04/2026,07:29:51,139,Práticas didáticas,IFPB,E4:4E:2D:85:4C:60,-88,11
24/04/2026,07:29:51,139,Práticas didáticas,IFPB-Sala_13,E8:94:F6:B9:2F:46,-91,6
24/04/2026,07:29:51,139,Práticas didáticas,EBEFCE63-HE8D94xyvZ1AODz,44:D2:44:DD:2E:58,-94,11
24/04/2026,07:30:00,140,Práticas didáticas,Lab. de Sinais Digitais,18:D6:C7:F9:37:2F,-52,11
24/04/2026,07:30:00,140,Práticas didáticas,GPDS,00:26:5A:66:55:EF,-53,6
24/04/2026,07:30:00,140,Práticas didáticas,UA2-MiniLab,60:32:B1:2D:66:C3,-62,10
24/04/2026,07:30:00,140,Práticas didáticas,Intelbras,18:0D:2C:7F:EB:AC,-67,7
24/04/2026,07:30:00,140,Práticas didáticas,APTelefonia,58:10:8C:91:F3:AA,-68,1
24/04/2026,07:30:00,140,Práticas didáticas,SALA_MESTRADO,64:66:B3:62:EB:86,-69,1
24/04/2026,07:30:00,140,Práticas didáticas,IFPB-Sala_Professor_14,24:FD:0D:57:19:26,-72,5
24/04/2026,07:30:00,140,Práticas didáticas,IFPB,84:F1:47:54:EB:20,-74,6
24/04/2026,07:30:00,140,Práticas didáticas,IFPB-VISITANTE,84:F1:47:54:EB:22,-74,6
24/04/2026,07:30:00,140,Práticas didáticas,NPEF/NEPA,50:C7:BF:EF:56:8A,-77,3
24/04/2026,07:30:00,140,Práticas didáticas,IFPB-Sala_Professor_14,48:51:CF:81:B0:9E,-78,8
24/04/2026,07:30:00,140,Práticas didáticas,IFPB,84:F1:47:54:8B:A0,-79,1
24/04/2026,07:30:00,140,Práticas didáticas,TP-Link_1324,7C:F1:7E:8D:13:22,-79,10
24/04/2026,07:30:00,140,Práticas didáticas,IFPB-VISITANTE,84:F1:47:54:8B:A2,-80,1
24/04/2026,07:30:00,140,Práticas didáticas,NUNYA_Room_2.4GHz,CC:32:E5:0C:FC:2B,-80,9
24/04/2026,07:30:01,140,Práticas didáticas,EBF243D6-HE8D94yaFM1AOcS,44:D2:44:DD:32:49,-80,11
24/04/2026,07:30:01,140,Práticas didáticas,IFPB,E4:4E:2D:85:4C:60,-82,11
24/04/2026,07:30:01,140,Práticas didáticas,IFPB-VISITANTE,E4:4E:2D:85:4C:62,-82,11
24/04/2026,07:30:01,140,Práticas didáticas,IFPB TCC,D8:5D:4C:86:7E:66,-83,1
24/04/2026,07:30:01,140,Práticas didáticas,IFPB,84:F1:47:54:F9:80,-83,11
24/04/2026,07:30:01,140,Práticas didáticas,IFPB-VISITANTE,84:F1:47:54:F9:82,-83,11
24/04/2026,07:30:01,140,Práticas didáticas,TP-Link_C3CB,D8:0D:17:3E:C3:CB,-84,4
24/04/2026,07:30:01,140,Práticas didáticas,IFPB-Sala_13,E8:94:F6:B9:2F:46,-91,6
24/04/2026,07:30:01,140,Práticas didáticas,EBEFCE63-HE8D94xyvZ1AODz,44:D2:44:DD:2E:58,-91,11
24/04/2026,07:30:01,140,Práticas didáticas,EBEF98EB-HE8D94xvZh1AO1J,44:D2:44:DD:32:41,-92,11
24/04/2026,07:30:48,141,Sala dos professores,IFPB-Sala_Professor_14,24:FD:0D:57:19:26,-51,5
24/04/2026,07:30:48,141,Sala dos professores,IFPB-Sala_Professor_14,48:51:CF:81:B0:9E,-56,8
24/04/2026,07:30:48,141,Sala dos professores,IFPB,84:F1:47:54:FD:C0,-58,1
24/04/2026,07:30:48,141,Sala dos professores,IFPB-VISITANTE,84:F1:47:54:FD:C2,-59,1
24/04/2026,07:30:48,141,Sala dos professores,NUNYA_Room_2.4GHz,CC:32:E5:0C:FC:2B,-64,9
24/04/2026,07:30:48,141,Sala dos professores,IFPB TCC,D8:5D:4C:86:7E:66,-66,1
24/04/2026,07:30:48,141,Sala dos professores,APTelefonia,58:10:8C:91:F3:AA,-67,1
24/04/2026,07:30:48,141,Sala dos professores,Intelbras,18:0D:2C:7F:EB:AC,-67,7
24/04/2026,07:30:48,141,Sala dos professores,IFPB-Sala_13,E8:94:F6:B9:2F:46,-69,6
24/04/2026,07:30:48,141,Sala dos professores,EBEFCE63-HE8D94xyvZ1AODz,44:D2:44:DD:2E:58,-73,11
24/04/2026,07:30:48,141,Sala dos professores,GPDS,00:26:5A:66:55:EF,-77,6
24/04/2026,07:30:48,141,Sala dos professores,UA2-MiniLab,60:32:B1:2D:66:C3,-77,10
24/04/2026,07:30:48,141,Sala dos professores,IFPB,84:F1:47:54:7F:20,-79,11
24/04/2026,07:30:48,141,Sala dos professores,Lab. de Sinais Digitais,18:D6:C7:F9:37:2F,-79,11
24/04/2026,07:30:48,141,Sala dos professores,IFPB-VISITANTE,84:F1:47:54:7F:22,-79,11
24/04/2026,07:30:48,141,Sala dos professores,IFPB,84:F1:47:54:95:E0,-81,11
24/04/2026,07:30:48,141,Sala dos professores,IFPB-VISITANTE,84:F1:47:54:95:E2,-82,11
24/04/2026,07:30:48,141,Sala dos professores,TP-Link_C3CB,D8:0D:17:3E:C3:CB,-84,4
24/04/2026,07:30:48,141,Sala dos professores,TP-Link_1324,7C:F1:7E:8D:13:22,-84,10
24/04/2026,07:30:48,141,Sala dos professores,IFPB,E4:4E:2D:85:4C:60,-85,11
24/04/2026,07:30:48,141,Sala dos professores,IFPB-VISITANTE,E4:4E:2D:85:4C:62,-86,11
24/04/2026,07:30:48,141,Sala dos professores,SALA_MESTRADO,64:66:B3:62:EB:86,-89,1
24/04/2026,07:30:48,141,Sala dos professores,IFPB,84:F1:47:54:F9:80,-90,11
24/04/2026,07:30:48,141,Sala dos professores,EBEF98EB-HE8D94xvZh1AO1J,44:D2:44:DD:32:41,-91,11
24/04/2026,07:30:48,141,Sala dos professores,NPEF/NEPA,50:C7:BF:EF:56:8A,-96,3
24/04/2026,07:30:58,142,Sala dos professores,IFPB-Sala_Professor_14,24:FD:0D:57:19:26,-42,5
24/04/2026,07:30:58,142,Sala dos professores,IFPB,84:F1:47:54:FD:C0,-59,1
24/04/2026,07:30:58,142,Sala dos professores,IFPB-VISITANTE,84:F1:47:54:FD:C2,-59,1
24/04/2026,07:30:58,142,Sala dos professores,IFPB-Sala_Professor_14,48:51:CF:81:B0:9E,-61,8
24/04/2026,07:30:58,142,Sala dos professores,APTelefonia,58:10:8C:91:F3:AA,-63,1
24/04/2026,07:30:58,142,Sala dos professores,NUNYA_Room_2.4GHz,CC:32:E5:0C:FC:2B,-64,9
24/04/2026,07:30:58,142,Sala dos professores,IFPB TCC,D8:5D:4C:86:7E:66,-65,1
24/04/2026,07:30:58,142,Sala dos professores,Intelbras,18:0D:2C:7F:EB:AC,-68,7
24/04/2026,07:30:58,142,Sala dos professores,EBEFCE63-HE8D94xyvZ1AODz,44:D2:44:DD:2E:58,-69,11
24/04/2026,07:30:58,142,Sala dos professores,IFPB-Sala_13,E8:94:F6:B9:2F:46,-72,6
24/04/2026,07:30:58,142,Sala dos professores,TP-Link_C3CB,D8:0D:17:3E:C3:CB,-76,4
24/04/2026,07:30:58,142,Sala dos professores,UA2-MiniLab,60:32:B1:2D:66:C3,-77,10
24/04/2026,07:30:58,142,Sala dos professores,Lab. de Sinais Digitais,18:D6:C7:F9:37:2F,-78,11
24/04/2026,07:30:58,142,Sala dos professores,IFPB-VISITANTE,84:F1:47:54:7F:22,-79,11
24/04/2026,07:30:58,142,Sala dos professores,IFPB,84:F1:47:54:7F:20,-79,11
24/04/2026,07:30:58,142,Sala dos professores,IFPB-VISITANTE,84:F1:47:54:95:E2,-81,11
24/04/2026,07:30:58,142,Sala dos professores,IFPB,84:F1:47:54:95:E0,-82,11
24/04/2026,07:30:58,142,Sala dos professores,GPDS,00:26:5A:66:55:EF,-87,6
24/04/2026,07:30:58,142,Sala dos professores,TP-Link_1324,7C:F1:7E:8D:13:22,-88,10
24/04/2026,07:30:58,142,Sala dos professores,IFPB,E4:4E:2D:85:4C:60,-89,11
24/04/2026,07:30:58,142,Sala dos professores,Lab Redes Convergentes,64:70:02:99:FE:F4,-90,1
24/04/2026,07:30:58,142,Sala dos professores,IFPB-VISITANTE,E4:4E:2D:85:4C:62,-90,11
24/04/2026,07:30:58,142,Sala dos professores,SALA_MESTRADO,64:66:B3:62:EB:86,-92,1
24/04/2026,07:30:58,142,Sala dos professores,NPEF/NEPA,50:C7:BF:EF:56:8A,-92,3
24/04/2026,07:30:58,142,Sala dos professores,EBEF98EB-HE8D94xvZh1AO1J,44:D2:44:DD:32:41,-94,11
24/04/2026,07:31:08,143,Sala dos professores,IFPB-Sala_Professor_14,24:FD:0D:57:19:26,-49,5
24/04/2026,07:31:08,143,Sala dos professores,IFPB-VISITANTE,84:F1:47:54:FD:C2,-59,1
24/04/2026,07:31:08,143,Sala dos professores,IFPB,84:F1:47:54:FD:C0,-60,1
24/04/2026,07:31:08,143,Sala dos professores,IFPB-Sala_Professor_14,48:51:CF:81:B0:9E,-64,8
24/04/2026,07:31:08,143,Sala dos professores,IFPB TCC,D8:5D:4C:86:7E:66,-65,1
24/04/2026,07:31:08,143,Sala dos professores,Intelbras,18:0D:2C:7F:EB:AC,-67,7
24/04/2026,07:31:08,143,Sala dos professores,NUNYA_Room_2.4GHz,CC:32:E5:0C:FC:2B,-67,9
24/04/2026,07:31:08,143,Sala dos professores,APTelefonia,58:10:8C:91:F3:AA,-69,1
24/04/2026,07:31:08,143,Sala dos professores,EBEFCE63-HE8D94xyvZ1AODz,44:D2:44:DD:2E:58,-70,11
24/04/2026,07:31:08,143,Sala dos professores,GPDS,00:26:5A:66:55:EF,-72,6
24/04/2026,07:31:08,143,Sala dos professores,Lab. de Sinais Digitais,18:D6:C7:F9:37:2F,-73,11
24/04/2026,07:31:08,143,Sala dos professores,TP-Link_C3CB,D8:0D:17:3E:C3:CB,-75,4
24/04/2026,07:31:08,143,Sala dos professores,UA2-MiniLab,60:32:B1:2D:66:C3,-76,10
24/04/2026,07:31:08,143,Sala dos professores,IFPB,84:F1:47:54:7F:20,-80,11
24/04/2026,07:31:08,143,Sala dos professores,IFPB,84:F1:47:54:95:E0,-80,11
24/04/2026,07:31:08,143,Sala dos professores,IFPB-VISITANTE,84:F1:47:54:7F:22,-80,11
24/04/2026,07:31:08,143,Sala dos professores,TP-Link_1324,7C:F1:7E:8D:13:22,-81,10
24/04/2026,07:31:08,143,Sala dos professores,IFPB-VISITANTE,84:F1:47:54:95:E2,-81,11
24/04/2026,07:31:08,143,Sala dos professores,IFPB-Sala_13,E8:94:F6:B9:2F:46,-82,6
24/04/2026,07:31:08,143,Sala dos professores,SALA_MESTRADO,64:66:B3:62:EB:86,-87,1
24/04/2026,07:31:08,143,Sala dos professores,IFPB,84:F1:47:54:F9:80,-90,11
24/04/2026,07:31:08,143,Sala dos professores,IFPB-VISITANTE,E4:4E:2D:85:4C:62,-90,11
24/04/2026,07:31:08,143,Sala dos professores,IFPB-VISITANTE,84:F1:47:54:F9:82,-90,11
24/04/2026,07:31:08,143,Sala dos professores,IFPB,E4:4E:2D:85:4C:60,-92,11
24/04/2026,07:31:08,143,Sala dos professores,Lab Redes Convergentes,64:70:02:99:FE:F4,-93,1
24/04/2026,07:31:09,143,Sala dos professores,EBEF98EB-HE8D94xvZh1AO1J,44:D2:44:DD:32:41,-95,11
24/04/2026,07:31:18,144,Sala dos professores,IFPB-Sala_Professor_14,24:FD:0D:57:19:26,-45,5
24/04/2026,07:31:18,144,Sala dos professores,IFPB,84:F1:47:54:FD:C0,-58,1
24/04/2026,07:31:18,144,Sala dos professores,IFPB-VISITANTE,84:F1:47:54:FD:C2,-58,1
24/04/2026,07:31:18,144,Sala dos professores,APTelefonia,58:10:8C:91:F3:AA,-64,1
24/04/2026,07:31:18,144,Sala dos professores,NUNYA_Room_2.4GHz,CC:32:E5:0C:FC:2B,-64,9
24/04/2026,07:31:18,144,Sala dos professores,IFPB TCC,D8:5D:4C:86:7E:66,-66,1
24/04/2026,07:31:18,144,Sala dos professores,IFPB-Sala_Professor_14,48:51:CF:81:B0:9E,-66,8
24/04/2026,07:31:18,144,Sala dos professores,Intelbras,18:0D:2C:7F:EB:AC,-67,7
24/04/2026,07:31:18,144,Sala dos professores,EBEFCE63-HE8D94xyvZ1AODz,44:D2:44:DD:2E:58,-71,11
24/04/2026,07:31:18,144,Sala dos professores,TP-Link_C3CB,D8:0D:17:3E:C3:CB,-73,4
24/04/2026,07:31:18,144,Sala dos professores,IFPB-Sala_13,E8:94:F6:B9:2F:46,-73,6
24/04/2026,07:31:18,144,Sala dos professores,GPDS,00:26:5A:66:55:EF,-75,6
24/04/2026,07:31:18,144,Sala dos professores,IFPB-VISITANTE,84:F1:47:54:7F:22,-77,11
24/04/2026,07:31:18,144,Sala dos professores,Lab. de Sinais Digitais,18:D6:C7:F9:37:2F,-77,11
24/04/2026,07:31:18,144,Sala dos professores,IFPB,84:F1:47:54:7F:20,-78,11
24/04/2026,07:31:19,144,Sala dos professores,IFPB-VISITANTE,84:F1:47:54:95:E2,-81,11
24/04/2026,07:31:19,144,Sala dos professores,UA2-MiniLab,60:32:B1:2D:66:C3,-82,10
24/04/2026,07:31:19,144,Sala dos professores,IFPB,84:F1:47:54:95:E0,-82,11
24/04/2026,07:31:19,144,Sala dos professores,TP-Link_1324,7C:F1:7E:8D:13:22,-83,10
24/04/2026,07:31:19,144,Sala dos professores,SALA_MESTRADO,64:66:B3:62:EB:86,-85,1
24/04/2026,07:31:19,144,Sala dos professores,IFPB-VISITANTE,E4:4E:2D:85:4C:62,-87,11
24/04/2026,07:31:19,144,Sala dos professores,Lab Redes Convergentes,64:70:02:99:FE:F4,-90,1
24/04/2026,07:31:19,144,Sala dos professores,IFPB,E4:4E:2D:85:4C:60,-90,11
24/04/2026,07:31:19,144,Sala dos professores,EBEF98EB-HE8D94xvZh1AO1J,44:D2:44:DD:32:41,-93,11
24/04/2026,07:31:19,144,Sala dos professores,NPEF/NEPA,50:C7:BF:EF:56:8A,-94,3
24/04/2026,07:31:28,145,Sala dos professores,IFPB-Sala_Professor_14,24:FD:0D:57:19:26,-49,5
24/04/2026,07:31:28,145,Sala dos professores,IFPB,84:F1:47:54:FD:C0,-58,1
24/04/2026,07:31:28,145,Sala dos professores,IFPB-VISITANTE,84:F1:47:54:FD:C2,-58,1
24/04/2026,07:31:28,145,Sala dos professores,APTelefonia,58:10:8C:91:F3:AA,-63,1
24/04/2026,07:31:28,145,Sala dos professores,IFPB-Sala_Professor_14,48:51:CF:81:B0:9E,-63,8
24/04/2026,07:31:28,145,Sala dos professores,NUNYA_Room_2.4GHz,CC:32:E5:0C:FC:2B,-63,9
24/04/2026,07:31:28,145,Sala dos professores,IFPB TCC,D8:5D:4C:86:7E:66,-65,1
24/04/2026,07:31:28,145,Sala dos professores,Intelbras,18:0D:2C:7F:EB:AC,-69,7
24/04/2026,07:31:28,145,Sala dos professores,Lab. de Sinais Digitais,18:D6:C7:F9:37:2F,-69,11
24/04/2026,07:31:28,145,Sala dos professores,EBEFCE63-HE8D94xyvZ1AODz,44:D2:44:DD:2E:58,-71,11
24/04/2026,07:31:29,145,Sala dos professores,TP-Link_C3CB,D8:0D:17:3E:C3:CB,-74,4
24/04/2026,07:31:29,145,Sala dos professores,IFPB-Sala_13,E8:94:F6:B9:2F:46,-74,6
24/04/2026,07:31:29,145,Sala dos professores,GPDS,00:26:5A:66:55:EF,-77,6
24/04/2026,07:31:29,145,Sala dos professores,IFPB,84:F1:47:54:95:E0,-79,11
24/04/2026,07:31:29,145,Sala dos professores,IFPB-VISITANTE,84:F1:47:54:95:E2,-79,11
24/04/2026,07:31:29,145,Sala dos professores,SALA_MESTRADO,64:66:B3:62:EB:86,-82,1
24/04/2026,07:31:29,145,Sala dos professores,UA2-MiniLab,60:32:B1:2D:66:C3,-83,10
24/04/2026,07:31:29,145,Sala dos professores,IFPB,84:F1:47:54:7F:20,-83,11
24/04/2026,07:31:29,145,Sala dos professores,IFPB-VISITANTE,84:F1:47:54:7F:22,-84,11
24/04/2026,07:31:29,145,Sala dos professores,TP-Link_1324,7C:F1:7E:8D:13:22,-87,10
24/04/2026,07:31:29,145,Sala dos professores,IFPB,84:F1:47:54:F9:80,-88,11
24/04/2026,07:31:29,145,Sala dos professores,IFPB-VISITANTE,84:F1:47:54:F9:82,-89,11
24/04/2026,07:31:29,145,Sala dos professores,NPEF/NEPA,50:C7:BF:EF:56:8A,-90,3
24/04/2026,07:31:29,145,Sala dos professores,IFPB-VISITANTE,E4:4E:2D:85:4C:62,-90,11
24/04/2026,07:31:29,145,Sala dos professores,Lab Redes Convergentes,64:70:02:99:FE:F4,-91,1
24/04/2026,07:31:29,145,Sala dos professores,EBF243D6-HE8D94yaFM1AOcS,44:D2:44:DD:32:49,-95,11
24/04/2026,07:31:38,146,Sala dos professores,IFPB-Sala_Professor_14,24:FD:0D:57:19:26,-48,5
24/04/2026,07:31:38,146,Sala dos professores,IFPB,84:F1:47:54:FD:C0,-60,1
24/04/2026,07:31:38,146,Sala dos professores,IFPB-VISITANTE,84:F1:47:54:FD:C2,-61,1
24/04/2026,07:31:38,146,Sala dos professores,NUNYA_Room_2.4GHz,CC:32:E5:0C:FC:2B,-61,9
24/04/2026,07:31:38,146,Sala dos professores,IFPB TCC,D8:5D:4C:86:7E:66,-63,1
24/04/2026,07:31:38,146,Sala dos professores,IFPB-Sala_Professor_14,48:51:CF:81:B0:9E,-63,8
24/04/2026,07:31:38,146,Sala dos professores,APTelefonia,58:10:8C:91:F3:AA,-65,1
24/04/2026,07:31:38,146,Sala dos professores,Intelbras,18:0D:2C:7F:EB:AC,-70,7
24/04/2026,07:31:38,146,Sala dos professores,TP-Link_C3CB,D8:0D:17:3E:C3:CB,-72,4
24/04/2026,07:31:38,146,Sala dos professores,IFPB-Sala_13,E8:94:F6:B9:2F:46,-72,6
24/04/2026,07:31:39,146,Sala dos professores,EBEFCE63-HE8D94xyvZ1AODz,44:D2:44:DD:2E:58,-73,11
24/04/2026,07:31:39,146,Sala dos professores,Lab. de Sinais Digitais,18:D6:C7:F9:37:2F,-74,11
24/04/2026,07:31:39,146,Sala dos professores,UA2-MiniLab,60:32:B1:2D:66:C3,-79,10
24/04/2026,07:31:39,146,Sala dos professores,IFPB,84:F1:47:54:95:E0,-79,11
24/04/2026,07:31:39,146,Sala dos professores,GPDS,00:26:5A:66:55:EF,-80,6
24/04/2026,07:31:39,146,Sala dos professores,TP-Link_1324,7C:F1:7E:8D:13:22,-80,10
24/04/2026,07:31:39,146,Sala dos professores,IFPB-VISITANTE,84:F1:47:54:95:E2,-80,11
24/04/2026,07:31:39,146,Sala dos professores,IFPB,84:F1:47:54:7F:20,-81,11
24/04/2026,07:31:39,146,Sala dos professores,IFPB-VISITANTE,84:F1:47:54:7F:22,-81,11
24/04/2026,07:31:39,146,Sala dos professores,SALA_MESTRADO,64:66:B3:62:EB:86,-82,1
24/04/2026,07:31:39,146,Sala dos professores,Lab Redes Convergentes,64:70:02:99:FE:F4,-88,1
24/04/2026,07:31:39,146,Sala dos professores,IFPB,84:F1:47:54:F9:80,-88,11
24/04/2026,07:31:39,146,Sala dos professores,IFPB-VISITANTE,84:F1:47:54:F9:82,-88,11
24/04/2026,07:31:39,146,Sala dos professores,NPEF/NEPA,50:C7:BF:EF:56:8A,-90,3
24/04/2026,07:31:39,146,Sala dos professores,IFPB,E4:4E:2D:85:4C:60,-90,11
24/04/2026,07:31:48,147,Sala dos professores,IFPB-Sala_Professor_14,24:FD:0D:57:19:26,-46,5
24/04/2026,07:31:48,147,Sala dos professores,IFPB,84:F1:47:54:FD:C0,-57,1
24/04/2026,07:31:48,147,Sala dos professores,IFPB-VISITANTE,84:F1:47:54:FD:C2,-57,1
24/04/2026,07:31:48,147,Sala dos professores,IFPB TCC,D8:5D:4C:86:7E:66,-62,1
24/04/2026,07:31:48,147,Sala dos professores,NUNYA_Room_2.4GHz,CC:32:E5:0C:FC:2B,-62,9
24/04/2026,07:31:49,147,Sala dos professores,APTelefonia,58:10:8C:91:F3:AA,-63,1
24/04/2026,07:31:49,147,Sala dos professores,IFPB-Sala_Professor_14,48:51:CF:81:B0:9E,-63,8
24/04/2026,07:31:49,147,Sala dos professores,IFPB-Sala_13,E8:94:F6:B9:2F:46,-67,6
24/04/2026,07:31:49,147,Sala dos professores,Intelbras,18:0D:2C:7F:EB:AC,-71,7
24/04/2026,07:31:49,147,Sala dos professores,Lab. de Sinais Digitais,18:D6:C7:F9:37:2F,-71,11
24/04/2026,07:31:49,147,Sala dos professores,EBEFCE63-HE8D94xyvZ1AODz,44:D2:44:DD:2E:58,-73,11
24/04/2026,07:31:49,147,Sala dos professores,TP-Link_C3CB,D8:0D:17:3E:C3:CB,-74,4
24/04/2026,07:31:49,147,Sala dos professores,GPDS,00:26:5A:66:55:EF,-77,6
24/04/2026,07:31:49,147,Sala dos professores,IFPB,84:F1:47:54:95:E0,-79,11
24/04/2026,07:31:49,147,Sala dos professores,IFPB-VISITANTE,84:F1:47:54:95:E2,-79,11
24/04/2026,07:31:49,147,Sala dos professores,IFPB,84:F1:47:54:7F:20,-81,11
24/04/2026,07:31:49,147,Sala dos professores,IFPB-VISITANTE,84:F1:47:54:7F:22,-81,11
24/04/2026,07:31:49,147,Sala dos professores,UA2-MiniLab,60:32:B1:2D:66:C3,-82,10
24/04/2026,07:31:49,147,Sala dos professores,TP-Link_1324,7C:F1:7E:8D:13:22,-85,10
24/04/2026,07:31:49,147,Sala dos professores,SALA_MESTRADO,64:66:B3:62:EB:86,-89,1
24/04/2026,07:31:49,147,Sala dos professores,IFPB-VISITANTE,84:F1:47:54:F9:82,-89,11
24/04/2026,07:31:49,147,Sala dos professores,IFPB,E4:4E:2D:85:4C:60,-89,11
24/04/2026,07:31:49,147,Sala dos professores,IFPB-VISITANTE,E4:4E:2D:85:4C:62,-89,11
24/04/2026,07:31:49,147,Sala dos professores,Lab Redes Convergentes,64:70:02:99:FE:F4,-90,1
24/04/2026,07:31:49,147,Sala dos professores,NPEF/NEPA,50:C7:BF:EF:56:8A,-93,3
24/04/2026,07:31:49,147,Sala dos professores,EBEF98EB-HE8D94xvZh1AO1J,44:D2:44:DD:32:41,-96,11
24/04/2026,07:31:59,148,Sala dos professores,IFPB-Sala_Professor_14,24:FD:0D:57:19:26,-45,5
24/04/2026,07:31:59,148,Sala dos professores,IFPB,84:F1:47:54:FD:C0,-59,1
24/04/2026,07:31:59,148,Sala dos professores,IFPB-VISITANTE,84:F1:47:54:FD:C2,-59,1
24/04/2026,07:31:59,148,Sala dos professores,NUNYA_Room_2.4GHz,CC:32:E5:0C:FC:2B,-60,9
24/04/2026,07:31:59,148,Sala dos professores,IFPB-Sala_Professor_14,48:51:CF:81:B0:9E,-61,8
24/04/2026,07:31:59,148,Sala dos professores,APTelefonia,58:10:8C:91:F3:AA,-63,1
24/04/2026,07:31:59,148,Sala dos professores,IFPB TCC,D8:5D:4C:86:7E:66,-64,1
24/04/2026,07:31:59,148,Sala dos professores,Intelbras,18:0D:2C:7F:EB:AC,-68,7
24/04/2026,07:31:59,148,Sala dos professores,IFPB-Sala_13,E8:94:F6:B9:2F:46,-70,6
24/04/2026,07:31:59,148,Sala dos professores,EBEFCE63-HE8D94xyvZ1AODz,44:D2:44:DD:2E:58,-71,11
24/04/2026,07:31:59,148,Sala dos professores,TP-Link_C3CB,D8:0D:17:3E:C3:CB,-74,4
24/04/2026,07:31:59,148,Sala dos professores,GPDS,00:26:5A:66:55:EF,-75,6
24/04/2026,07:31:59,148,Sala dos professores,Lab. de Sinais Digitais,18:D6:C7:F9:37:2F,-76,11
24/04/2026,07:31:59,148,Sala dos professores,IFPB-VISITANTE,84:F1:47:54:95:E2,-80,11
24/04/2026,07:31:59,148,Sala dos professores,IFPB,84:F1:47:54:7F:20,-80,11
24/04/2026,07:31:59,148,Sala dos professores,IFPB-VISITANTE,84:F1:47:54:7F:22,-80,11
24/04/2026,07:31:59,148,Sala dos professores,UA2-MiniLab,60:32:B1:2D:66:C3,-81,10
24/04/2026,07:31:59,148,Sala dos professores,IFPB,84:F1:47:54:95:E0,-81,11
24/04/2026,07:31:59,148,Sala dos professores,SALA_MESTRADO,64:66:B3:62:EB:86,-85,1
24/04/2026,07:31:59,148,Sala dos professores,TP-Link_1324,7C:F1:7E:8D:13:22,-85,10
24/04/2026,07:31:59,148,Sala dos professores,IFPB-VISITANTE,E4:4E:2D:85:4C:62,-89,11
24/04/2026,07:31:59,148,Sala dos professores,Lab Redes Convergentes,64:70:02:99:FE:F4,-90,1
24/04/2026,07:31:59,148,Sala dos professores,IFPB,E4:4E:2D:85:4C:60,-91,11
24/04/2026,07:31:59,148,Sala dos professores,EBEF98EB-HE8D94xvZh1AO1J,44:D2:44:DD:32:41,-95,11
24/04/2026,07:32:09,149,Sala dos professores,IFPB-Sala_Professor_14,24:FD:0D:57:19:26,-46,5
24/04/2026,07:32:09,149,Sala dos professores,IFPB,84:F1:47:54:FD:C0,-59,1
24/04/2026,07:32:09,149,Sala dos professores,IFPB-VISITANTE,84:F1:47:54:FD:C2,-59,1
24/04/2026,07:32:09,149,Sala dos professores,NUNYA_Room_2.4GHz,CC:32:E5:0C:FC:2B,-62,9
24/04/2026,07:32:09,149,Sala dos professores,APTelefonia,58:10:8C:91:F3:AA,-63,1
24/04/2026,07:32:09,149,Sala dos professores,IFPB TCC,D8:5D:4C:86:7E:66,-64,1
24/04/2026,07:32:09,149,Sala dos professores,IFPB-Sala_Professor_14,48:51:CF:81:B0:9E,-67,8
24/04/2026,07:32:09,149,Sala dos professores,Intelbras,18:0D:2C:7F:EB:AC,-68,7
24/04/2026,07:32:09,149,Sala dos professores,EBEFCE63-HE8D94xyvZ1AODz,44:D2:44:DD:2E:58,-71,11
24/04/2026,07:32:09,149,Sala dos professores,IFPB-Sala_13,E8:94:F6:B9:2F:46,-74,6
24/04/2026,07:32:09,149,Sala dos professores,Lab. de Sinais Digitais,18:D6:C7:F9:37:2F,-74,11
24/04/2026,07:32:09,149,Sala dos professores,TP-Link_C3CB,D8:0D:17:3E:C3:CB,-76,4
24/04/2026,07:32:09,149,Sala dos professores,GPDS,00:26:5A:66:55:EF,-76,6
24/04/2026,07:32:09,149,Sala dos professores,UA2-MiniLab,60:32:B1:2D:66:C3,-79,10
24/04/2026,07:32:09,149,Sala dos professores,IFPB,84:F1:47:54:7F:20,-79,11
24/04/2026,07:32:09,149,Sala dos professores,IFPB,84:F1:47:54:95:E0,-80,11
24/04/2026,07:32:09,149,Sala dos professores,IFPB-VISITANTE,84:F1:47:54:7F:22,-80,11
24/04/2026,07:32:09,149,Sala dos professores,IFPB-VISITANTE,84:F1:47:54:95:E2,-81,11
24/04/2026,07:32:09,149,Sala dos professores,SALA_MESTRADO,64:66:B3:62:EB:86,-85,1
24/04/2026,07:32:09,149,Sala dos professores,TP-Link_1324,7C:F1:7E:8D:13:22,-86,10
24/04/2026,07:32:09,149,Sala dos professores,IFPB,E4:4E:2D:85:4C:60,-90,11
24/04/2026,07:32:09,149,Sala dos professores,IFPB-VISITANTE,E4:4E:2D:85:4C:62,-90,11
24/04/2026,07:32:09,149,Sala dos professores,IFPB-VISITANTE,84:F1:47:54:F9:82,-90,11
24/04/2026,07:32:09,149,Sala dos professores,Lab Redes Convergentes,64:70:02:99:FE:F4,-93,1
24/04/2026,07:32:09,149,Sala dos professores,EBF243D6-HE8D94yaFM1AOcS,44:D2:44:DD:32:49,-96,11
24/04/2026,07:32:09,149,Sala dos professores,EBEF98EB-HE8D94xvZh1AO1J,44:D2:44:DD:32:41,-96,11
24/04/2026,07:32:19,150,Sala dos professores,IFPB-Sala_Professor_14,24:FD:0D:57:19:26,-49,5
24/04/2026,07:32:19,150,Sala dos professores,IFPB,84:F1:47:54:FD:C0,-59,1
24/04/2026,07:32:19,150,Sala dos professores,IFPB-VISITANTE,84:F1:47:54:FD:C2,-59,1
24/04/2026,07:32:19,150,Sala dos professores,NUNYA_Room_2.4GHz,CC:32:E5:0C:FC:2B,-61,9
24/04/2026,07:32:19,150,Sala dos professores,IFPB TCC,D8:5D:4C:86:7E:66,-63,1
24/04/2026,07:32:19,150,Sala dos professores,APTelefonia,58:10:8C:91:F3:AA,-64,1
24/04/2026,07:32:19,150,Sala dos professores,IFPB-Sala_Professor_14,48:51:CF:81:B0:9E,-68,8
24/04/2026,07:32:19,150,Sala dos professores,Intelbras,18:0D:2C:7F:EB:AC,-69,7
24/04/2026,07:32:19,150,Sala dos professores,IFPB-Sala_13,E8:94:F6:B9:2F:46,-72,6
24/04/2026,07:32:19,150,Sala dos professores,EBEFCE63-HE8D94xyvZ1AODz,44:D2:44:DD:2E:58,-73,11
24/04/2026,07:32:19,150,Sala dos professores,Lab. de Sinais Digitais,18:D6:C7:F9:37:2F,-73,11
24/04/2026,07:32:19,150,Sala dos professores,TP-Link_C3CB,D8:0D:17:3E:C3:CB,-74,4
24/04/2026,07:32:19,150,Sala dos professores,TP-Link_1324,7C:F1:7E:8D:13:22,-78,10
24/04/2026,07:32:19,150,Sala dos professores,IFPB,84:F1:47:54:95:E0,-79,11
24/04/2026,07:32:19,150,Sala dos professores,GPDS,00:26:5A:66:55:EF,-80,6
24/04/2026,07:32:19,150,Sala dos professores,IFPB,84:F1:47:54:7F:20,-80,11
24/04/2026,07:32:19,150,Sala dos professores,IFPB-VISITANTE,84:F1:47:54:95:E2,-80,11
24/04/2026,07:32:19,150,Sala dos professores,IFPB-VISITANTE,84:F1:47:54:7F:22,-80,11
24/04/2026,07:32:19,150,Sala dos professores,UA2-MiniLab,60:32:B1:2D:66:C3,-83,10
24/04/2026,07:32:19,150,Sala dos professores,IFPB-VISITANTE,E4:4E:2D:85:4C:62,-90,11
24/04/2026,07:32:19,150,Sala dos professores,IFPB,E4:4E:2D:85:4C:60,-91,11
24/04/2026,07:32:19,150,Sala dos professores,SALA_MESTRADO,64:66:B3:62:EB:86,-92,1
24/04/2026,07:32:19,150,Sala dos professores,EBEF98EB-HE8D94xvZh1AO1J,44:D2:44:DD:32:41,-92,11
24/04/2026,07:32:19,150,Sala dos professores,Lab Redes Convergentes,64:70:02:99:FE:F4,-93,1
24/04/2026,07:32:19,150,Sala dos professores,EBF243D6-HE8D94yaFM1AOcS,44:D2:44:DD:32:49,-94,11
24/04/2026,07:33:33,151,Lab. química 03,TP-Link_1324,7C:F1:7E:8D:13:22,-75,10
24/04/2026,07:33:33,151,Lab. química 03,IFPB,B8:11:4B:1D:12:00,-76,1
24/04/2026,07:33:33,151,Lab. química 03,IFPB,24:36:DA:2B:BC:00,-76,6
24/04/2026,07:33:33,151,Lab. química 03,IFPB,84:F1:47:54:6B:80,-76,6
24/04/2026,07:33:33,151,Lab. química 03,IFPB-VISITANTE,84:F1:47:54:6B:82,-76,6
24/04/2026,07:33:33,151,Lab. química 03,IFPB-VISITANTE,24:36:DA:2B:BC:02,-76,6
24/04/2026,07:33:33,151,Lab. química 03,IFPB-VISITANTE,B8:11:4B:1D:12:02,-77,1
24/04/2026,07:33:33,151,Lab. química 03,IFPB,84:F1:47:54:7F:60,-80,6
24/04/2026,07:33:33,151,Lab. química 03,IFPB-VISITANTE,84:F1:47:54:7F:62,-80,6
24/04/2026,07:33:33,151,Lab. química 03,APTelefonia,58:10:8C:91:F3:AA,-81,1
24/04/2026,07:33:33,151,Lab. química 03,IFPB,24:36:DA:A2:7F:40,-84,6
24/04/2026,07:33:33,151,Lab. química 03,IFPB-VISITANTE,24:36:DA:A2:7F:42,-84,6
24/04/2026,07:33:33,151,Lab. química 03,IFPB,84:F1:47:54:81:00,-84,11
24/04/2026,07:33:33,151,Lab. química 03,IFPB,2C:57:41:CD:E1:C0,-84,11
24/04/2026,07:33:33,151,Lab. química 03,Intelbras,18:0D:2C:7F:EB:AC,-85,7
24/04/2026,07:33:33,151,Lab. química 03,IFPB-VISITANTE,84:F1:47:54:81:02,-85,11
24/04/2026,07:33:33,151,Lab. química 03,NPEF/NEPA,50:C7:BF:EF:56:8A,-91,3
24/04/2026,07:33:33,151,Lab. química 03,IFPB-Sala_Professor_14,24:FD:0D:57:19:26,-91,5
24/04/2026,07:33:33,151,Lab. química 03,brisa-3861242,24:2F:D0:CC:ED:8C,-93,2
24/04/2026,07:33:33,151,Lab. química 03,Lab. de Sinais Digitais,18:D6:C7:F9:37:2F,-93,11
24/04/2026,07:33:33,151,Lab. química 03,JORGE208,F8:D2:AC:5E:66:C7,-93,11
24/04/2026,07:33:33,151,Lab. química 03,CLARO-WIFI-PILOTO,FA:D2:AC:5E:66:C1,-94,11
24/04/2026,07:33:33,151,Lab. química 03,LIMPEZA,54:E6:FC:CF:22:DE,-97,6
24/04/2026,07:33:43,152,Lab. química 03,IFPB-VISITANTE,B8:11:4B:1D:12:02,-74,1
24/04/2026,07:33:43,152,Lab. química 03,IFPB-VISITANTE,84:F1:47:54:6B:82,-74,6
24/04/2026,07:33:43,152,Lab. química 03,IFPB,B8:11:4B:1D:12:00,-75,1
24/04/2026,07:33:43,152,Lab. química 03,IFPB,24:36:DA:2B:BC:00,-75,6
24/04/2026,07:33:43,152,Lab. química 03,IFPB-VISITANTE,24:36:DA:2B:BC:02,-75,6
24/04/2026,07:33:43,152,Lab. química 03,IFPB,84:F1:47:54:6B:80,-75,6
24/04/2026,07:33:43,152,Lab. química 03,TP-Link_1324,7C:F1:7E:8D:13:22,-78,10
24/04/2026,07:33:43,152,Lab. química 03,IFPB-VISITANTE,84:F1:47:54:7F:62,-79,6
24/04/2026,07:33:43,152,Lab. química 03,IFPB,84:F1:47:54:7F:60,-80,6
24/04/2026,07:33:43,152,Lab. química 03,IFPB-VISITANTE,24:36:DA:A2:7F:42,-81,6
24/04/2026,07:33:43,152,Lab. química 03,IFPB,24:36:DA:A2:7F:40,-81,6
24/04/2026,07:33:43,152,Lab. química 03,APTelefonia,58:10:8C:91:F3:AA,-82,1
24/04/2026,07:33:43,152,Lab. química 03,IFPB-VISITANTE,2C:57:41:CD:E1:C2,-82,11
24/04/2026,07:33:43,152,Lab. química 03,IFPB,2C:57:41:CD:E1:C0,-83,11
24/04/2026,07:33:43,152,Lab. química 03,IFPB,84:F1:47:54:81:00,-83,11
24/04/2026,07:33:43,152,Lab. química 03,IFPB-VISITANTE,84:F1:47:54:81:02,-83,11
24/04/2026,07:33:43,152,Lab. química 03,NPEF/NEPA,50:C7:BF:EF:56:8A,-90,3
24/04/2026,07:33:43,152,Lab. química 03,Intelbras,18:0D:2C:7F:EB:AC,-90,7
24/04/2026,07:33:43,152,Lab. química 03,brisa-3861242,24:2F:D0:CC:ED:8C,-92,2
24/04/2026,07:33:43,152,Lab. química 03,IFPB-Sala_Professor_14,24:FD:0D:57:19:26,-94,5
24/04/2026,07:33:43,152,Lab. química 03,LIMPEZA,54:E6:FC:CF:22:DE,-95,6
24/04/2026,07:33:43,152,Lab. química 03,Lab. de Sinais Digitais,18:D6:C7:F9:37:2F,-96,11
24/04/2026,07:33:53,153,Lab. química 03,IFPB-VISITANTE,B8:11:4B:1D:12:02,-73,1
24/04/2026,07:33:53,153,Lab. química 03,IFPB,B8:11:4B:1D:12:00,-74,1
24/04/2026,07:33:53,153,Lab. química 03,IFPB,84:F1:47:54:6B:80,-76,6
24/04/2026,07:33:53,153,Lab. química 03,IFPB-VISITANTE,84:F1:47:54:6B:82,-77,6
24/04/2026,07:33:53,153,Lab. química 03,TP-Link_1324,7C:F1:7E:8D:13:22,-77,10
24/04/2026,07:33:53,153,Lab. química 03,IFPB,24:36:DA:2B:BC:00,-78,6
24/04/2026,07:33:53,153,Lab. química 03,IFPB-VISITANTE,24:36:DA:2B:BC:02,-79,6
24/04/2026,07:33:53,153,Lab. química 03,IFPB-VISITANTE,2C:57:41:CD:E1:C2,-81,11
24/04/2026,07:33:53,153,Lab. química 03,IFPB-VISITANTE,24:36:DA:A2:7F:42,-82,6
24/04/2026,07:33:53,153,Lab. química 03,IFPB,24:36:DA:A2:7F:40,-82,6
24/04/2026,07:33:53,153,Lab. química 03,IFPB,84:F1:47:54:7F:60,-83,6
24/04/2026,07:33:53,153,Lab. química 03,IFPB-VISITANTE,84:F1:47:54:7F:62,-83,6
24/04/2026,07:33:53,153,Lab. química 03,IFPB,84:F1:47:54:81:00,-84,11
24/04/2026,07:33:53,153,Lab. química 03,IFPB-VISITANTE,84:F1:47:54:81:02,-85,11
24/04/2026,07:33:53,153,Lab. química 03,APTelefonia,58:10:8C:91:F3:AA,-86,1
24/04/2026,07:33:53,153,Lab. química 03,Intelbras,18:0D:2C:7F:EB:AC,-88,7
24/04/2026,07:33:53,153,Lab. química 03,NPEF/NEPA,50:C7:BF:EF:56:8A,-90,3
24/04/2026,07:33:53,153,Lab. química 03,Lab. de Sinais Digitais,18:D6:C7:F9:37:2F,-92,11
24/04/2026,07:33:53,153,Lab. química 03,IFPB-Sala_Professor_14,24:FD:0D:57:19:26,-93,5
24/04/2026,07:33:53,153,Lab. química 03,brisa-3861242,24:2F:D0:CC:ED:8C,-94,2
24/04/2026,07:34:03,154,Lab. química 03,IFPB,B8:11:4B:1D:12:00,-73,1
24/04/2026,07:34:03,154,Lab. química 03,IFPB-VISITANTE,B8:11:4B:1D:12:02,-73,1
24/04/2026,07:34:03,154,Lab. química 03,IFPB,24:36:DA:2B:BC:00,-77,6
24/04/2026,07:34:03,154,Lab. química 03,IFPB-VISITANTE,24:36:DA:2B:BC:02,-77,6
24/04/2026,07:34:03,154,Lab. química 03,IFPB,84:F1:47:54:6B:80,-80,6
24/04/2026,07:34:03,154,Lab. química 03,IFPB-VISITANTE,84:F1:47:54:6B:82,-80,6
24/04/2026,07:34:03,154,Lab. química 03,TP-Link_1324,7C:F1:7E:8D:13:22,-80,10
24/04/2026,07:34:03,154,Lab. química 03,IFPB-VISITANTE,84:F1:47:54:7F:62,-83,6
24/04/2026,07:34:03,154,Lab. química 03,IFPB-VISITANTE,2C:57:41:CD:E1:C2,-83,11
24/04/2026,07:34:03,154,Lab. química 03,IFPB-VISITANTE,84:F1:47:54:81:02,-83,11
24/04/2026,07:34:03,154,Lab. química 03,IFPB,2C:57:41:CD:E1:C0,-83,11
24/04/2026,07:34:03,154,Lab. química 03,IFPB,24:36:DA:A2:7F:40,-84,6
24/04/2026,07:34:03,154,Lab. química 03,IFPB-VISITANTE,24:36:DA:A2:7F:42,-84,6
24/04/2026,07:34:03,154,Lab. química 03,IFPB,84:F1:47:54:81:00,-84,11
24/04/2026,07:34:03,154,Lab. química 03,IFPB,84:F1:47:54:7F:60,-85,6
24/04/2026,07:34:03,154,Lab. química 03,APTelefonia,58:10:8C:91:F3:AA,-88,1
24/04/2026,07:34:03,154,Lab. química 03,Intelbras,18:0D:2C:7F:EB:AC,-90,7
24/04/2026,07:34:03,154,Lab. química 03,brisa-3861242,24:2F:D0:CC:ED:8C,-91,2
24/04/2026,07:34:03,154,Lab. química 03,NPEF/NEPA,50:C7:BF:EF:56:8A,-91,3
24/04/2026,07:34:03,154,Lab. química 03,IFPB-Sala_Professor_14,24:FD:0D:57:19:26,-92,5
24/04/2026,07:34:03,154,Lab. química 03,Lab. de Sinais Digitais,18:D6:C7:F9:37:2F,-93,11
24/04/2026,07:34:03,154,Lab. química 03,LIMPEZA,54:E6:FC:CF:22:DE,-95,6
24/04/2026,07:34:13,155,Lab. química 03,IFPB,B8:11:4B:1D:12:00,-73,1
24/04/2026,07:34:13,155,Lab. química 03,IFPB-VISITANTE,B8:11:4B:1D:12:02,-73,1
24/04/2026,07:34:13,155,Lab. química 03,IFPB-VISITANTE,84:F1:47:54:6B:82,-74,6
24/04/2026,07:34:13,155,Lab. química 03,IFPB-VISITANTE,24:36:DA:2B:BC:02,-76,6
24/04/2026,07:34:13,155,Lab. química 03,IFPB,24:36:DA:2B:BC:00,-76,6
24/04/2026,07:34:13,155,Lab. química 03,IFPB,84:F1:47:54:6B:80,-76,6
24/04/2026,07:34:13,155,Lab. química 03,TP-Link_1324,7C:F1:7E:8D:13:22,-76,10
24/04/2026,07:34:13,155,Lab. química 03,IFPB-VISITANTE,84:F1:47:54:7F:62,-78,6
24/04/2026,07:34:13,155,Lab. química 03,IFPB,84:F1:47:54:7F:60,-79,6
24/04/2026,07:34:13,155,Lab. química 03,IFPB-VISITANTE,24:36:DA:A2:7F:42,-83,6
24/04/2026,07:34:13,155,Lab. química 03,IFPB,24:36:DA:A2:7F:40,-83,6
24/04/2026,07:34:13,155,Lab. química 03,IFPB,2C:57:41:CD:E1:C0,-83,11
24/04/2026,07:34:13,155,Lab. química 03,IFPB-VISITANTE,2C:57:41:CD:E1:C2,-83,11
24/04/2026,07:34:13,155,Lab. química 03,APTelefonia,58:10:8C:91:F3:AA,-85,1
24/04/2026,07:34:13,155,Lab. química 03,IFPB-VISITANTE,84:F1:47:54:81:02,-85,11
24/04/2026,07:34:13,155,Lab. química 03,IFPB,84:F1:47:54:81:00,-86,11
24/04/2026,07:34:13,155,Lab. química 03,Intelbras,18:0D:2C:7F:EB:AC,-90,7
24/04/2026,07:34:13,155,Lab. química 03,brisa-1795128,E4:C3:2A:C6:98:FD,-91,3
24/04/2026,07:34:13,155,Lab. química 03,NPEF/NEPA,50:C7:BF:EF:56:8A,-92,3
24/04/2026,07:34:13,155,Lab. química 03,brisa-3861242,24:2F:D0:CC:ED:8C,-93,2
24/04/2026,07:34:13,155,Lab. química 03,Lab. de Sinais Digitais,18:D6:C7:F9:37:2F,-93,11
24/04/2026,07:34:13,155,Lab. química 03,LIMPEZA,54:E6:FC:CF:22:DE,-96,6
24/04/2026,07:34:23,156,Lab. química 03,IFPB,24:36:DA:2B:BC:00,-73,6
24/04/2026,07:34:23,156,Lab. química 03,IFPB-VISITANTE,24:36:DA:2B:BC:02,-74,6
24/04/2026,07:34:23,156,Lab. química 03,IFPB,B8:11:4B:1D:12:00,-75,1
24/04/2026,07:34:23,156,Lab. química 03,IFPB-VISITANTE,B8:11:4B:1D:12:02,-75,1
24/04/2026,07:34:23,156,Lab. química 03,IFPB,84:F1:47:54:6B:80,-77,6
24/04/2026,07:34:23,156,Lab. química 03,IFPB-VISITANTE,84:F1:47:54:6B:82,-77,6
24/04/2026,07:34:23,156,Lab. química 03,TP-Link_1324,7C:F1:7E:8D:13:22,-78,10
24/04/2026,07:34:23,156,Lab. química 03,IFPB,84:F1:47:54:7F:60,-79,6
24/04/2026,07:34:23,156,Lab. química 03,IFPB-VISITANTE,84:F1:47:54:7F:62,-79,6
24/04/2026,07:34:23,156,Lab. química 03,IFPB,24:36:DA:A2:7F:40,-82,6
24/04/2026,07:34:23,156,Lab. química 03,IFPB,2C:57:41:CD:E1:C0,-82,11
24/04/2026,07:34:23,156,Lab. química 03,IFPB-VISITANTE,2C:57:41:CD:E1:C2,-82,11
24/04/2026,07:34:23,156,Lab. química 03,IFPB-VISITANTE,24:36:DA:A2:7F:42,-83,6
24/04/2026,07:34:23,156,Lab. química 03,IFPB-VISITANTE,84:F1:47:54:81:02,-84,11
24/04/2026,07:34:23,156,Lab. química 03,IFPB,84:F1:47:54:81:00,-85,11
24/04/2026,07:34:23,156,Lab. química 03,APTelefonia,58:10:8C:91:F3:AA,-86,1
24/04/2026,07:34:23,156,Lab. química 03,Intelbras,18:0D:2C:7F:EB:AC,-89,7
24/04/2026,07:34:23,156,Lab. química 03,NPEF/NEPA,50:C7:BF:EF:56:8A,-90,3
24/04/2026,07:34:23,156,Lab. química 03,Lab. de Sinais Digitais,18:D6:C7:F9:37:2F,-91,11
24/04/2026,07:34:23,156,Lab. química 03,brisa-3861242,24:2F:D0:CC:ED:8C,-93,2
24/04/2026,07:34:23,156,Lab. química 03,LIMPEZA,54:E6:FC:CF:22:DE,-93,6
24/04/2026,07:34:23,156,Lab. química 03,IFPB-Sala_Professor_14,24:FD:0D:57:19:26,-96,5
24/04/2026,07:34:33,157,Lab. química 03,IFPB,B8:11:4B:1D:12:00,-74,1
24/04/2026,07:34:33,157,Lab. química 03,IFPB-VISITANTE,B8:11:4B:1D:12:02,-74,1
24/04/2026,07:34:33,157,Lab. química 03,IFPB,84:F1:47:54:6B:80,-75,6
24/04/2026,07:34:33,157,Lab. química 03,IFPB,24:36:DA:2B:BC:00,-75,6
24/04/2026,07:34:33,157,Lab. química 03,TP-Link_1324,7C:F1:7E:8D:13:22,-75,10
24/04/2026,07:34:33,157,Lab. química 03,IFPB-VISITANTE,24:36:DA:2B:BC:02,-76,6
24/04/2026,07:34:33,157,Lab. química 03,IFPB-VISITANTE,84:F1:47:54:6B:82,-76,6
24/04/2026,07:34:33,157,Lab. química 03,IFPB,84:F1:47:54:7F:60,-78,6
24/04/2026,07:34:33,157,Lab. química 03,IFPB-VISITANTE,84:F1:47:54:7F:62,-78,6
24/04/2026,07:34:33,157,Lab. química 03,APTelefonia,58:10:8C:91:F3:AA,-79,1
24/04/2026,07:34:33,157,Lab. química 03,IFPB,24:36:DA:A2:7F:40,-82,6
24/04/2026,07:34:33,157,Lab. química 03,IFPB-VISITANTE,24:36:DA:A2:7F:42,-82,6
24/04/2026,07:34:33,157,Lab. química 03,IFPB-VISITANTE,2C:57:41:CD:E1:C2,-82,11
24/04/2026,07:34:33,157,Lab. química 03,IFPB,2C:57:41:CD:E1:C0,-83,11
24/04/2026,07:34:33,157,Lab. química 03,IFPB,84:F1:47:54:81:00,-84,11
24/04/2026,07:34:33,157,Lab. química 03,IFPB-VISITANTE,84:F1:47:54:81:02,-85,11
24/04/2026,07:34:33,157,Lab. química 03,Intelbras,18:0D:2C:7F:EB:AC,-88,7
24/04/2026,07:34:33,157,Lab. química 03,LIMPEZA,54:E6:FC:CF:22:DE,-90,6
24/04/2026,07:34:33,157,Lab. química 03,NPEF/NEPA,50:C7:BF:EF:56:8A,-91,3
24/04/2026,07:34:33,157,Lab. química 03,Lab. de Sinais Digitais,18:D6:C7:F9:37:2F,-95,11
24/04/2026,07:34:33,157,Lab. química 03,brisa-1795128,E4:C3:2A:C6:98:FD,-96,3
24/04/2026,07:34:43,158,Lab. química 03,IFPB,B8:11:4B:1D:12:00,-72,1
24/04/2026,07:34:43,158,Lab. química 03,IFPB-VISITANTE,B8:11:4B:1D:12:02,-72,1
24/04/2026,07:34:43,158,Lab. química 03,TP-Link_1324,7C:F1:7E:8D:13:22,-72,10
24/04/2026,07:34:43,158,Lab. química 03,IFPB,84:F1:47:54:6B:80,-74,6
24/04/2026,07:34:43,158,Lab. química 03,IFPB-VISITANTE,84:F1:47:54:6B:82,-75,6
24/04/2026,07:34:43,158,Lab. química 03,IFPB,84:F1:47:54:7F:60,-76,6
24/04/2026,07:34:43,158,Lab. química 03,IFPB-VISITANTE,84:F1:47:54:7F:62,-76,6
24/04/2026,07:34:43,158,Lab. química 03,APTelefonia,58:10:8C:91:F3:AA,-81,1
24/04/2026,07:34:43,158,Lab. química 03,IFPB,24:36:DA:2B:BC:00,-81,6
24/04/2026,07:34:43,158,Lab. química 03,IFPB-VISITANTE,24:36:DA:2B:BC:02,-82,6
24/04/2026,07:34:43,158,Lab. química 03,IFPB,24:36:DA:A2:7F:40,-83,6
24/04/2026,07:34:43,158,Lab. química 03,IFPB-VISITANTE,24:36:DA:A2:7F:42,-83,6
24/04/2026,07:34:43,158,Lab. química 03,IFPB-VISITANTE,2C:57:41:CD:E1:C2,-83,11
24/04/2026,07:34:43,158,Lab. química 03,IFPB,2C:57:41:CD:E1:C0,-83,11
24/04/2026,07:34:43,158,Lab. química 03,IFPB-VISITANTE,84:F1:47:54:81:02,-84,11
24/04/2026,07:34:43,158,Lab. química 03,IFPB,84:F1:47:54:81:00,-84,11
24/04/2026,07:34:43,158,Lab. química 03,Intelbras,18:0D:2C:7F:EB:AC,-89,7
24/04/2026,07:34:43,158,Lab. química 03,brisa-3861242,24:2F:D0:CC:ED:8C,-92,2
24/04/2026,07:34:43,158,Lab. química 03,NPEF/NEPA,50:C7:BF:EF:56:8A,-92,3
24/04/2026,07:34:43,158,Lab. química 03,IFPB-Sala_Professor_14,24:FD:0D:57:19:26,-93,5
24/04/2026,07:34:43,158,Lab. química 03,LIMPEZA,54:E6:FC:CF:22:DE,-93,6
24/04/2026,07:34:43,158,Lab. química 03,Lab. de Sinais Digitais,18:D6:C7:F9:37:2F,-94,11
24/04/2026,07:34:43,158,Lab. química 03,brisa-1795128,E4:C3:2A:C6:98:FD,-95,3
24/04/2026,07:34:53,159,Lab. química 03,IFPB,B8:11:4B:1D:12:00,-72,1
24/04/2026,07:34:53,159,Lab. química 03,IFPB-VISITANTE,B8:11:4B:1D:12:02,-72,1
24/04/2026,07:34:53,159,Lab. química 03,TP-Link_1324,7C:F1:7E:8D:13:22,-73,10
24/04/2026,07:34:53,159,Lab. química 03,IFPB,24:36:DA:2B:BC:00,-74,6
24/04/2026,07:34:53,159,Lab. química 03,IFPB-VISITANTE,24:36:DA:2B:BC:02,-74,6
24/04/2026,07:34:53,159,Lab. química 03,IFPB-VISITANTE,84:F1:47:54:6B:82,-76,6
24/04/2026,07:34:53,159,Lab. química 03,IFPB,84:F1:47:54:6B:80,-76,6
24/04/2026,07:34:53,159,Lab. química 03,IFPB,84:F1:47:54:7F:60,-77,6
24/04/2026,07:34:53,159,Lab. química 03,IFPB-VISITANTE,84:F1:47:54:7F:62,-77,6
24/04/2026,07:34:53,159,Lab. química 03,IFPB,2C:57:41:CD:E1:C0,-82,11
24/04/2026,07:34:53,159,Lab. química 03,IFPB-VISITANTE,24:36:DA:A2:7F:42,-83,6
24/04/2026,07:34:53,159,Lab. química 03,IFPB,24:36:DA:A2:7F:40,-83,6
24/04/2026,07:34:53,159,Lab. química 03,IFPB-VISITANTE,2C:57:41:CD:E1:C2,-83,11
24/04/2026,07:34:53,159,Lab. química 03,IFPB-VISITANTE,84:F1:47:54:81:02,-83,11
24/04/2026,07:34:53,159,Lab. química 03,IFPB,84:F1:47:54:81:00,-83,11
24/04/2026,07:34:53,159,Lab. química 03,APTelefonia,58:10:8C:91:F3:AA,-85,1
24/04/2026,07:34:53,159,Lab. química 03,IFPB-VISITANTE,84:F1:47:54:97:02,-89,1
24/04/2026,07:34:53,159,Lab. química 03,NPEF/NEPA,50:C7:BF:EF:56:8A,-90,3
24/04/2026,07:34:53,159,Lab. química 03,Intelbras,18:0D:2C:7F:EB:AC,-90,7
24/04/2026,07:34:53,159,Lab. química 03,Lab. de Sinais Digitais,18:D6:C7:F9:37:2F,-92,11
24/04/2026,07:34:53,159,Lab. química 03,brisa-3861242,24:2F:D0:CC:ED:8C,-93,2
24/04/2026,07:34:53,159,Lab. química 03,JORGE208,F8:D2:AC:5E:66:C7,-93,11
24/04/2026,07:34:53,159,Lab. química 03,CLARO-WIFI-PILOTO,FA:D2:AC:5E:66:C1,-95,11
24/04/2026,07:35:03,160,Lab. química 03,IFPB,B8:11:4B:1D:12:00,-72,1
24/04/2026,07:35:03,160,Lab. química 03,IFPB-VISITANTE,B8:11:4B:1D:12:02,-72,1
24/04/2026,07:35:03,160,Lab. química 03,TP-Link_1324,7C:F1:7E:8D:13:22,-72,10
24/04/2026,07:35:03,160,Lab. química 03,IFPB,24:36:DA:2B:BC:00,-75,6
24/04/2026,07:35:03,160,Lab. química 03,IFPB-VISITANTE,24:36:DA:2B:BC:02,-75,6
24/04/2026,07:35:03,160,Lab. química 03,IFPB,84:F1:47:54:6B:80,-76,6
24/04/2026,07:35:03,160,Lab. química 03,IFPB-VISITANTE,84:F1:47:54:6B:82,-76,6
24/04/2026,07:35:03,160,Lab. química 03,IFPB,84:F1:47:54:7F:60,-76,6
24/04/2026,07:35:03,160,Lab. química 03,IFPB-VISITANTE,84:F1:47:54:7F:62,-76,6
24/04/2026,07:35:03,160,Lab. química 03,IFPB-VISITANTE,2C:57:41:CD:E1:C2,-80,11
24/04/2026,07:35:03,160,Lab. química 03,IFPB,2C:57:41:CD:E1:C0,-81,11
24/04/2026,07:35:03,160,Lab. química 03,APTelefonia,58:10:8C:91:F3:AA,-86,1
24/04/2026,07:35:03,160,Lab. química 03,IFPB,84:F1:47:54:81:00,-86,11
24/04/2026,07:35:03,160,Lab. química 03,IFPB-VISITANTE,84:F1:47:54:81:02,-87,11
24/04/2026,07:35:03,160,Lab. química 03,IFPB,24:36:DA:A2:7F:40,-88,6
24/04/2026,07:35:03,160,Lab. química 03,IFPB-VISITANTE,24:36:DA:A2:7F:42,-89,6
24/04/2026,07:35:03,160,Lab. química 03,NPEF/NEPA,50:C7:BF:EF:56:8A,-90,3
24/04/2026,07:35:03,160,Lab. química 03,Intelbras,18:0D:2C:7F:EB:AC,-90,7
24/04/2026,07:35:03,160,Lab. química 03,CLARO-WIFI-PILOTO,FA:D2:AC:5E:66:C1,-93,11
24/04/2026,07:35:03,160,Lab. química 03,LIMPEZA,54:E6:FC:CF:22:DE,-94,6
24/04/2026,07:35:03,160,Lab. química 03,JORGE208,F8:D2:AC:5E:66:C7,-97,11
24/04/2026,07:35:25,161,Lab. química 02,IFPB,84:F1:47:54:6B:80,-65,6
24/04/2026,07:35:25,161,Lab. química 02,IFPB-VISITANTE,84:F1:47:54:6B:82,-65,6
24/04/2026,07:35:25,161,Lab. química 02,IFPB-VISITANTE,24:36:DA:2B:BC:02,-74,6
24/04/2026,07:35:25,161,Lab. química 02,IFPB,24:36:DA:2B:BC:00,-76,6
24/04/2026,07:35:25,161,Lab. química 02,APTelefonia,58:10:8C:91:F3:AA,-82,1
24/04/2026,07:35:25,161,Lab. química 02,IFPB,B8:11:4B:1D:12:00,-83,1
24/04/2026,07:35:25,161,Lab. química 02,IFPB-VISITANTE,B8:11:4B:1D:12:02,-83,1
24/04/2026,07:35:25,161,Lab. química 02,IFPB,84:F1:47:54:8B:A0,-83,1
24/04/2026,07:35:25,161,Lab. química 02,TP-Link_1324,7C:F1:7E:8D:13:22,-83,10
24/04/2026,07:35:25,161,Lab. química 02,IFPB-VISITANTE,84:F1:47:54:8B:A2,-84,1
24/04/2026,07:35:25,161,Lab. química 02,IFPB,24:36:DA:A2:7F:40,-85,6
24/04/2026,07:35:25,161,Lab. química 02,IFPB-VISITANTE,24:36:DA:A2:7F:42,-85,6
24/04/2026,07:35:25,161,Lab. química 02,IFPB-VISITANTE,84:F1:47:54:7F:62,-86,6
24/04/2026,07:35:25,161,Lab. química 02,IFPB,84:F1:47:54:7F:60,-86,6
24/04/2026,07:35:25,161,Lab. química 02,Lab. de Sinais Digitais,18:D6:C7:F9:37:2F,-88,11
24/04/2026,07:35:25,161,Lab. química 02,IFPB,84:F1:47:54:96:E0,-89,1
24/04/2026,07:35:25,161,Lab. química 02,IFPB-VISITANTE,84:F1:47:54:96:E2,-89,1
24/04/2026,07:35:26,161,Lab. química 02,NPEF/NEPA,50:C7:BF:EF:56:8A,-89,3
24/04/2026,07:35:26,161,Lab. química 02,Intelbras,18:0D:2C:7F:EB:AC,-89,7
24/04/2026,07:35:26,161,Lab. química 02,IFPB-Sala_Professor_14,24:FD:0D:57:19:26,-90,5
24/04/2026,07:35:26,161,Lab. química 02,IFPB,2C:57:41:CD:E1:C0,-91,11
24/04/2026,07:35:26,161,Lab. química 02,UA2-MiniLab,60:32:B1:2D:66:C3,-97,10
24/04/2026,07:35:35,162,Lab. química 02,IFPB,84:F1:47:54:6B:80,-62,6
24/04/2026,07:35:35,162,Lab. química 02,IFPB-VISITANTE,84:F1:47:54:6B:82,-62,6
24/04/2026,07:35:35,162,Lab. química 02,IFPB,24:36:DA:2B:BC:00,-72,6
24/04/2026,07:35:35,162,Lab. química 02,IFPB-VISITANTE,24:36:DA:2B:BC:02,-73,6
24/04/2026,07:35:35,162,Lab. química 02,APTelefonia,58:10:8C:91:F3:AA,-82,1
24/04/2026,07:35:35,162,Lab. química 02,TP-Link_1324,7C:F1:7E:8D:13:22,-82,10
24/04/2026,07:35:35,162,Lab. química 02,IFPB,2C:57:41:CD:E1:C0,-83,11
24/04/2026,07:35:35,162,Lab. química 02,IFPB-VISITANTE,2C:57:41:CD:E1:C2,-84,11
24/04/2026,07:35:35,162,Lab. química 02,IFPB-VISITANTE,84:F1:47:54:8B:A2,-85,1
24/04/2026,07:35:35,162,Lab. química 02,IFPB,84:F1:47:54:8B:A0,-85,1
24/04/2026,07:35:35,162,Lab. química 02,IFPB,24:36:DA:A2:7F:40,-85,6
24/04/2026,07:35:35,162,Lab. química 02,IFPB-VISITANTE,24:36:DA:A2:7F:42,-85,6
24/04/2026,07:35:35,162,Lab. química 02,IFPB-VISITANTE,84:F1:47:54:7F:62,-86,6
24/04/2026,07:35:35,162,Lab. química 02,IFPB,B8:11:4B:1D:12:00,-87,1
24/04/2026,07:35:35,162,Lab. química 02,IFPB-VISITANTE,B8:11:4B:1D:12:02,-87,1
24/04/2026,07:35:35,162,Lab. química 02,IFPB,84:F1:47:54:7F:60,-87,6
24/04/2026,07:35:35,162,Lab. química 02,Lab. de Sinais Digitais,18:D6:C7:F9:37:2F,-88,11
24/04/2026,07:35:36,162,Lab. química 02,NPEF/NEPA,50:C7:BF:EF:56:8A,-90,3
24/04/2026,07:35:36,162,Lab. química 02,IFPB-Sala_Professor_14,24:FD:0D:57:19:26,-90,5
24/04/2026,07:35:36,162,Lab. química 02,Intelbras,18:0D:2C:7F:EB:AC,-92,7
24/04/2026,07:35:45,163,Lab. química 02,IFPB,84:F1:47:54:6B:80,-68,6
24/04/2026,07:35:45,163,Lab. química 02,IFPB-VISITANTE,84:F1:47:54:6B:82,-68,6
24/04/2026,07:35:45,163,Lab. química 02,TP-Link_1324,7C:F1:7E:8D:13:22,-73,10
24/04/2026,07:35:45,163,Lab. química 02,IFPB-VISITANTE,24:36:DA:2B:BC:02,-74,6
24/04/2026,07:35:45,163,Lab. química 02,IFPB,24:36:DA:2B:BC:00,-75,6
24/04/2026,07:35:45,163,Lab. química 02,APTelefonia,58:10:8C:91:F3:AA,-81,1
24/04/2026,07:35:45,163,Lab. química 02,IFPB-VISITANTE,24:36:DA:A2:7F:42,-81,6
24/04/2026,07:35:45,163,Lab. química 02,IFPB,2C:57:41:CD:E1:C0,-81,11
24/04/2026,07:35:45,163,Lab. química 02,IFPB-VISITANTE,2C:57:41:CD:E1:C2,-81,11
24/04/2026,07:35:45,163,Lab. química 02,IFPB,24:36:DA:A2:7F:40,-82,6
24/04/2026,07:35:45,163,Lab. química 02,Intelbras,18:0D:2C:7F:EB:AC,-84,7
24/04/2026,07:35:45,163,Lab. química 02,IFPB-VISITANTE,B8:11:4B:1D:12:02,-86,1
24/04/2026,07:35:45,163,Lab. química 02,NPEF/NEPA,50:C7:BF:EF:56:8A,-86,3
24/04/2026,07:35:45,163,Lab. química 02,IFPB-VISITANTE,84:F1:47:54:7F:62,-86,6
24/04/2026,07:35:45,163,Lab. química 02,IFPB,84:F1:47:54:7F:60,-87,6
24/04/2026,07:35:45,163,Lab. química 02,IFPB,B8:11:4B:1D:12:00,-88,1
24/04/2026,07:35:45,163,Lab. química 02,Lab. de Sinais Digitais,18:D6:C7:F9:37:2F,-91,11
24/04/2026,07:35:45,163,Lab. química 02,GPDS,00:26:5A:66:55:EF,-92,6
24/04/2026,07:35:46,163,Lab. química 02,brisa-3861242,24:2F:D0:CC:ED:8C,-93,2
24/04/2026,07:35:46,163,Lab. química 02,UA2-MiniLab,60:32:B1:2D:66:C3,-94,10
24/04/2026,07:35:55,164,Lab. química 02,IFPB,84:F1:47:54:6B:80,-63,6
24/04/2026,07:35:55,164,Lab. química 02,IFPB-VISITANTE,84:F1:47:54:6B:82,-63,6
24/04/2026,07:35:55,164,Lab. química 02,IFPB,24:36:DA:2B:BC:00,-75,6
24/04/2026,07:35:55,164,Lab. química 02,IFPB-VISITANTE,24:36:DA:2B:BC:02,-75,6
24/04/2026,07:35:55,164,Lab. química 02,TP-Link_1324,7C:F1:7E:8D:13:22,-79,10
24/04/2026,07:35:55,164,Lab. química 02,Intelbras,18:0D:2C:7F:EB:AC,-80,7
24/04/2026,07:35:55,164,Lab. química 02,APTelefonia,58:10:8C:91:F3:AA,-81,1
24/04/2026,07:35:55,164,Lab. química 02,IFPB,B8:11:4B:1D:12:00,-82,1
24/04/2026,07:35:55,164,Lab. química 02,IFPB-VISITANTE,2C:57:41:CD:E1:C2,-82,11
24/04/2026,07:35:55,164,Lab. química 02,IFPB-VISITANTE,B8:11:4B:1D:12:02,-83,1
24/04/2026,07:35:55,164,Lab. química 02,IFPB,2C:57:41:CD:E1:C0,-83,11
24/04/2026,07:35:55,164,Lab. química 02,IFPB-VISITANTE,24:36:DA:A2:7F:42,-84,6
24/04/2026,07:35:55,164,Lab. química 02,NPEF/NEPA,50:C7:BF:EF:56:8A,-85,3
24/04/2026,07:35:55,164,Lab. química 02,IFPB,24:36:DA:A2:7F:40,-85,6
24/04/2026,07:35:55,164,Lab. química 02,IFPB,84:F1:47:54:7F:60,-89,6
24/04/2026,07:35:55,164,Lab. química 02,Lab. de Sinais Digitais,18:D6:C7:F9:37:2F,-90,11
24/04/2026,07:35:55,164,Lab. química 02,IFPB-Sala_Professor_14,24:FD:0D:57:19:26,-92,5
24/04/2026,07:35:56,164,Lab. química 02,CLARO-WIFI-PILOTO,FA:D2:AC:5E:66:C1,-93,11
24/04/2026,07:35:56,164,Lab. química 02,brisa-3861242,24:2F:D0:CC:ED:8C,-94,2
24/04/2026,07:35:56,164,Lab. química 02,JORGE208,F8:D2:AC:5E:66:C7,-95,11
24/04/2026,07:36:05,165,Lab. química 02,IFPB-VISITANTE,84:F1:47:54:6B:82,-61,6
24/04/2026,07:36:05,165,Lab. química 02,IFPB,84:F1:47:54:6B:80,-62,6
24/04/2026,07:36:05,165,Lab. química 02,TP-Link_1324,7C:F1:7E:8D:13:22,-74,10
24/04/2026,07:36:05,165,Lab. química 02,IFPB,24:36:DA:2B:BC:00,-77,6
24/04/2026,07:36:05,165,Lab. química 02,IFPB-VISITANTE,24:36:DA:2B:BC:02,-77,6
24/04/2026,07:36:05,165,Lab. química 02,IFPB,B8:11:4B:1D:12:00,-82,1
24/04/2026,07:36:05,165,Lab. química 02,APTelefonia,58:10:8C:91:F3:AA,-82,1
24/04/2026,07:36:05,165,Lab. química 02,IFPB-VISITANTE,B8:11:4B:1D:12:02,-83,1
24/04/2026,07:36:05,165,Lab. química 02,IFPB-VISITANTE,24:36:DA:A2:7F:42,-85,6
24/04/2026,07:36:05,165,Lab. química 02,IFPB,24:36:DA:A2:7F:40,-85,6
24/04/2026,07:36:05,165,Lab. química 02,IFPB,2C:57:41:CD:E1:C0,-85,11
24/04/2026,07:36:05,165,Lab. química 02,IFPB,84:F1:47:54:7F:60,-86,6
24/04/2026,07:36:05,165,Lab. química 02,Intelbras,18:0D:2C:7F:EB:AC,-86,7
24/04/2026,07:36:05,165,Lab. química 02,IFPB-VISITANTE,2C:57:41:CD:E1:C2,-86,11
24/04/2026,07:36:05,165,Lab. química 02,IFPB-VISITANTE,84:F1:47:54:7F:62,-87,6
24/04/2026,07:36:05,165,Lab. química 02,IFPB-Sala_Professor_14,24:FD:0D:57:19:26,-89,5
24/04/2026,07:36:05,165,Lab. química 02,NPEF/NEPA,50:C7:BF:EF:56:8A,-90,3
24/04/2026,07:36:06,165,Lab. química 02,Lab. de Sinais Digitais,18:D6:C7:F9:37:2F,-92,11
24/04/2026,07:36:06,165,Lab. química 02,JORGE208,F8:D2:AC:5E:66:C7,-92,11
24/04/2026,07:36:15,166,Lab. química 02,IFPB,84:F1:47:54:6B:80,-63,6
24/04/2026,07:36:15,166,Lab. química 02,IFPB-VISITANTE,84:F1:47:54:6B:82,-63,6
24/04/2026,07:36:15,166,Lab. química 02,IFPB-VISITANTE,24:36:DA:2B:BC:02,-75,6
24/04/2026,07:36:15,166,Lab. química 02,IFPB,24:36:DA:2B:BC:00,-76,6
24/04/2026,07:36:15,166,Lab. química 02,TP-Link_1324,7C:F1:7E:8D:13:22,-77,10
24/04/2026,07:36:15,166,Lab. química 02,APTelefonia,58:10:8C:91:F3:AA,-81,1
24/04/2026,07:36:15,166,Lab. química 02,Intelbras,18:0D:2C:7F:EB:AC,-81,7
24/04/2026,07:36:15,166,Lab. química 02,IFPB,B8:11:4B:1D:12:00,-83,1
24/04/2026,07:36:15,166,Lab. química 02,IFPB-VISITANTE,B8:11:4B:1D:12:02,-83,1
24/04/2026,07:36:15,166,Lab. química 02,IFPB,24:36:DA:A2:7F:40,-83,6
24/04/2026,07:36:15,166,Lab. química 02,IFPB-VISITANTE,24:36:DA:A2:7F:42,-84,6
24/04/2026,07:36:15,166,Lab. química 02,IFPB-VISITANTE,2C:57:41:CD:E1:C2,-84,11
24/04/2026,07:36:15,166,Lab. química 02,IFPB,2C:57:41:CD:E1:C0,-84,11
24/04/2026,07:36:15,166,Lab. química 02,IFPB-VISITANTE,84:F1:47:54:8B:A2,-85,1
24/04/2026,07:36:15,166,Lab. química 02,IFPB,84:F1:47:54:8B:A0,-85,1
24/04/2026,07:36:15,166,Lab. química 02,NPEF/NEPA,50:C7:BF:EF:56:8A,-89,3
24/04/2026,07:36:15,166,Lab. química 02,IFPB-VISITANTE,84:F1:47:54:7F:62,-89,6
24/04/2026,07:36:15,166,Lab. química 02,IFPB-VISITANTE,84:F1:47:54:96:E2,-90,1
24/04/2026,07:36:15,166,Lab. química 02,IFPB,84:F1:47:54:96:E0,-90,1
24/04/2026,07:36:15,166,Lab. química 02,IFPB-VISITANTE,84:F1:47:54:81:02,-90,11
24/04/2026,07:36:15,166,Lab. química 02,IFPB,84:F1:47:54:81:00,-90,11
24/04/2026,07:36:15,166,Lab. química 02,IFPB-Sala_Professor_14,24:FD:0D:57:19:26,-92,5
24/04/2026,07:36:15,166,Lab. química 02,UA2-MiniLab,60:32:B1:2D:66:C3,-94,10
24/04/2026,07:36:16,166,Lab. química 02,Lab. de Sinais Digitais,18:D6:C7:F9:37:2F,-94,11
24/04/2026,07:36:25,167,Lab. química 02,IFPB,84:F1:47:54:6B:80,-63,6
24/04/2026,07:36:25,167,Lab. química 02,IFPB-VISITANTE,84:F1:47:54:6B:82,-63,6
24/04/2026,07:36:25,167,Lab. química 02,IFPB,24:36:DA:2B:BC:00,-73,6
24/04/2026,07:36:25,167,Lab. química 02,IFPB-VISITANTE,24:36:DA:2B:BC:02,-73,6
24/04/2026,07:36:25,167,Lab. química 02,APTelefonia,58:10:8C:91:F3:AA,-77,1
24/04/2026,07:36:25,167,Lab. química 02,TP-Link_1324,7C:F1:7E:8D:13:22,-77,10
24/04/2026,07:36:25,167,Lab. química 02,IFPB-VISITANTE,2C:57:41:CD:E1:C2,-79,11
24/04/2026,07:36:25,167,Lab. química 02,IFPB,2C:57:41:CD:E1:C0,-80,11
24/04/2026,07:36:25,167,Lab. química 02,IFPB-VISITANTE,B8:11:4B:1D:12:02,-83,1
24/04/2026,07:36:25,167,Lab. química 02,IFPB,24:36:DA:A2:7F:40,-83,6
24/04/2026,07:36:25,167,Lab. química 02,IFPB-VISITANTE,24:36:DA:A2:7F:42,-84,6
24/04/2026,07:36:25,167,Lab. química 02,IFPB,B8:11:4B:1D:12:00,-85,1
24/04/2026,07:36:25,167,Lab. química 02,IFPB-VISITANTE,84:F1:47:54:8B:A2,-88,1
24/04/2026,07:36:25,167,Lab. química 02,IFPB,84:F1:47:54:96:E0,-89,1
24/04/2026,07:36:25,167,Lab. química 02,IFPB-VISITANTE,84:F1:47:54:7F:62,-89,6
24/04/2026,07:36:25,167,Lab. química 02,IFPB,84:F1:47:54:7F:60,-89,6
24/04/2026,07:36:25,167,Lab. química 02,IFPB,84:F1:47:54:80:60,-89,11
24/04/2026,07:36:25,167,Lab. química 02,IFPB-VISITANTE,84:F1:47:54:80:62,-89,11
24/04/2026,07:36:26,167,Lab. química 02,IFPB,84:F1:47:54:81:00,-89,11
24/04/2026,07:36:26,167,Lab. química 02,IFPB-VISITANTE,84:F1:47:54:96:E2,-90,1
24/04/2026,07:36:26,167,Lab. química 02,IFPB-Sala_Professor_14,24:FD:0D:57:19:26,-91,5
24/04/2026,07:36:26,167,Lab. química 02,Intelbras,18:0D:2C:7F:EB:AC,-91,7
24/04/2026,07:36:26,167,Lab. química 02,NPEF/NEPA,50:C7:BF:EF:56:8A,-92,3
24/04/2026,07:36:26,167,Lab. química 02,LIMPEZA,54:E6:FC:CF:22:DE,-93,6
24/04/2026,07:36:26,167,Lab. química 02,UA2-MiniLab,60:32:B1:2D:66:C3,-94,10
24/04/2026,07:36:26,167,Lab. química 02,Lab. de Sinais Digitais,18:D6:C7:F9:37:2F,-97,11
24/04/2026,07:36:35,168,Lab. química 02,IFPB,84:F1:47:54:6B:80,-65,6
24/04/2026,07:36:35,168,Lab. química 02,IFPB-VISITANTE,84:F1:47:54:6B:82,-65,6
24/04/2026,07:36:35,168,Lab. química 02,IFPB-VISITANTE,24:36:DA:2B:BC:02,-75,6
24/04/2026,07:36:35,168,Lab. química 02,IFPB,24:36:DA:2B:BC:00,-76,6
24/04/2026,07:36:35,168,Lab. química 02,IFPB,2C:57:41:CD:E1:C0,-79,11
24/04/2026,07:36:35,168,Lab. química 02,IFPB-VISITANTE,2C:57:41:CD:E1:C2,-79,11
24/04/2026,07:36:35,168,Lab. química 02,Intelbras,18:0D:2C:7F:EB:AC,-81,7
24/04/2026,07:36:35,168,Lab. química 02,APTelefonia,58:10:8C:91:F3:AA,-83,1
24/04/2026,07:36:35,168,Lab. química 02,IFPB-VISITANTE,B8:11:4B:1D:12:02,-83,1
24/04/2026,07:36:35,168,Lab. química 02,IFPB-VISITANTE,24:36:DA:A2:7F:42,-83,6
24/04/2026,07:36:35,168,Lab. química 02,TP-Link_1324,7C:F1:7E:8D:13:22,-83,10
24/04/2026,07:36:36,168,Lab. química 02,IFPB,B8:11:4B:1D:12:00,-84,1
24/04/2026,07:36:36,168,Lab. química 02,IFPB,24:36:DA:A2:7F:40,-84,6
24/04/2026,07:36:36,168,Lab. química 02,IFPB-VISITANTE,84:F1:47:54:8B:A2,-87,1
24/04/2026,07:36:36,168,Lab. química 02,NPEF/NEPA,50:C7:BF:EF:56:8A,-87,3
24/04/2026,07:36:36,168,Lab. química 02,IFPB-VISITANTE,84:F1:47:54:7F:62,-88,6
24/04/2026,07:36:36,168,Lab. química 02,IFPB,84:F1:47:54:7F:60,-90,6
24/04/2026,07:36:36,168,Lab. química 02,brisa-3861242,24:2F:D0:CC:ED:8C,-92,2
24/04/2026,07:36:36,168,Lab. química 02,Lab. de Sinais Digitais,18:D6:C7:F9:37:2F,-92,11
24/04/2026,07:36:36,168,Lab. química 02,IFPB-Sala_Professor_14,24:FD:0D:57:19:26,-93,5
24/04/2026,07:36:36,168,Lab. química 02,LIMPEZA,54:E6:FC:CF:22:DE,-95,6
24/04/2026,07:36:45,169,Lab. química 02,IFPB,84:F1:47:54:6B:80,-62,6
24/04/2026,07:36:45,169,Lab. química 02,IFPB-VISITANTE,84:F1:47:54:6B:82,-62,6
24/04/2026,07:36:45,169,Lab. química 02,IFPB,24:36:DA:2B:BC:00,-75,6
24/04/2026,07:36:45,169,Lab. química 02,IFPB-VISITANTE,24:36:DA:2B:BC:02,-76,6
24/04/2026,07:36:45,169,Lab. química 02,TP-Link_1324,7C:F1:7E:8D:13:22,-76,10
24/04/2026,07:36:45,169,Lab. química 02,IFPB,2C:57:41:CD:E1:C0,-79,11
24/04/2026,07:36:45,169,Lab. química 02,IFPB-VISITANTE,2C:57:41:CD:E1:C2,-79,11
24/04/2026,07:36:45,169,Lab. química 02,IFPB,B8:11:4B:1D:12:00,-83,1
24/04/2026,07:36:45,169,Lab. química 02,IFPB-VISITANTE,B8:11:4B:1D:12:02,-83,1
24/04/2026,07:36:45,169,Lab. química 02,Intelbras,18:0D:2C:7F:EB:AC,-83,7
24/04/2026,07:36:45,169,Lab. química 02,NPEF/NEPA,50:C7:BF:EF:56:8A,-85,3
24/04/2026,07:36:45,169,Lab. química 02,APTelefonia,58:10:8C:91:F3:AA,-86,1
24/04/2026,07:36:46,169,Lab. química 02,IFPB-VISITANTE,24:36:DA:A2:7F:42,-86,6
24/04/2026,07:36:46,169,Lab. química 02,IFPB-VISITANTE,84:F1:47:54:8B:A2,-87,1
24/04/2026,07:36:46,169,Lab. química 02,IFPB,84:F1:47:54:7F:60,-87,6
24/04/2026,07:36:46,169,Lab. química 02,IFPB-VISITANTE,84:F1:47:54:7F:62,-87,6
24/04/2026,07:36:46,169,Lab. química 02,IFPB,24:36:DA:A2:7F:40,-88,6
24/04/2026,07:36:46,169,Lab. química 02,IFPB-Sala_Professor_14,24:FD:0D:57:19:26,-90,5
24/04/2026,07:36:46,169,Lab. química 02,Lab. de Sinais Digitais,18:D6:C7:F9:37:2F,-90,11
24/04/2026,07:36:46,169,Lab. química 02,IFPB-VISITANTE,84:F1:47:54:81:02,-92,11
24/04/2026,07:36:46,169,Lab. química 02,IFPB-MM,54:E6:FC:BA:AD:86,-93,1
24/04/2026,07:36:46,169,Lab. química 02,brisa-3861242,24:2F:D0:CC:ED:8C,-93,2
24/04/2026,07:36:46,169,Lab. química 02,UA2-MiniLab,60:32:B1:2D:66:C3,-93,10
24/04/2026,07:36:46,169,Lab. química 02,CLARO-WIFI-PILOTO,FA:D2:AC:5E:66:C1,-94,11
24/04/2026,07:36:46,169,Lab. química 02,JORGE208,F8:D2:AC:5E:66:C7,-95,11
24/04/2026,07:36:55,170,Lab. química 02,IFPB,84:F1:47:54:6B:80,-67,6
24/04/2026,07:36:55,170,Lab. química 02,IFPB-VISITANTE,84:F1:47:54:6B:82,-67,6
24/04/2026,07:36:55,170,Lab. química 02,IFPB-VISITANTE,24:36:DA:2B:BC:02,-75,6
24/04/2026,07:36:55,170,Lab. química 02,IFPB,24:36:DA:2B:BC:00,-76,6
24/04/2026,07:36:55,170,Lab. química 02,TP-Link_1324,7C:F1:7E:8D:13:22,-76,10
24/04/2026,07:36:55,170,Lab. química 02,IFPB-VISITANTE,2C:57:41:CD:E1:C2,-77,11
24/04/2026,07:36:55,170,Lab. química 02,IFPB,2C:57:41:CD:E1:C0,-78,11
24/04/2026,07:36:55,170,Lab. química 02,IFPB,24:36:DA:A2:7F:40,-80,6
24/04/2026,07:36:55,170,Lab. química 02,IFPB-VISITANTE,24:36:DA:A2:7F:42,-80,6
24/04/2026,07:36:55,170,Lab. química 02,IFPB-VISITANTE,B8:11:4B:1D:12:02,-83,1
24/04/2026,07:36:55,170,Lab. química 02,IFPB,B8:11:4B:1D:12:00,-83,1
24/04/2026,07:36:55,170,Lab. química 02,Intelbras,18:0D:2C:7F:EB:AC,-83,7
24/04/2026,07:36:56,170,Lab. química 02,APTelefonia,58:10:8C:91:F3:AA,-84,1
24/04/2026,07:36:56,170,Lab. química 02,NPEF/NEPA,50:C7:BF:EF:56:8A,-85,3
24/04/2026,07:36:56,170,Lab. química 02,brisa-3861242,24:2F:D0:CC:ED:8C,-90,2
24/04/2026,07:36:56,170,Lab. química 02,Lab. de Sinais Digitais,18:D6:C7:F9:37:2F,-90,11
24/04/2026,07:36:56,170,Lab. química 02,IFPB-Sala_Professor_14,24:FD:0D:57:19:26,-91,5
24/04/2026,07:36:56,170,Lab. química 02,IFPB-MM,54:E6:FC:BA:AD:86,-92,1
24/04/2026,07:36:56,170,Lab. química 02,LIMPEZA,54:E6:FC:CF:22:DE,-94,6
24/04/2026,07:36:56,170,Lab. química 02,UA2-MiniLab,60:32:B1:2D:66:C3,-94,10
24/04/2026,07:36:56,170,Lab. química 02,CLARO-WIFI-PILOTO,FA:D2:AC:5E:66:C1,-94,11
24/04/2026,07:36:56,170,Lab. química 02,JORGE208,F8:D2:AC:5E:66:C7,-96,11
24/04/2026,07:37:13,171,Lab. química 01,IFPB,84:F1:47:54:6B:80,-59,6
24/04/2026,07:37:13,171,Lab. química 01,IFPB-VISITANTE,84:F1:47:54:6B:82,-59,6
24/04/2026,07:37:13,171,Lab. química 01,IFPB,24:36:DA:2B:BC:00,-76,6
24/04/2026,07:37:13,171,Lab. química 01,IFPB-VISITANTE,24:36:DA:2B:BC:02,-76,6
24/04/2026,07:37:13,171,Lab. química 01,IFPB,2C:57:41:CD:E1:C0,-79,11
24/04/2026,07:37:13,171,Lab. química 01,IFPB-VISITANTE,2C:57:41:CD:E1:C2,-79,11
24/04/2026,07:37:13,171,Lab. química 01,IFPB,84:F1:47:54:8B:A0,-81,1
24/04/2026,07:37:13,171,Lab. química 01,IFPB-VISITANTE,84:F1:47:54:8B:A2,-81,1
24/04/2026,07:37:13,171,Lab. química 01,TP-Link_1324,7C:F1:7E:8D:13:22,-81,10
24/04/2026,07:37:13,171,Lab. química 01,APTelefonia,58:10:8C:91:F3:AA,-84,1
24/04/2026,07:37:13,171,Lab. química 01,IFPB,24:36:DA:A2:7F:40,-84,6
24/04/2026,07:37:13,171,Lab. química 01,IFPB-VISITANTE,24:36:DA:A2:7F:42,-85,6
24/04/2026,07:37:13,171,Lab. química 01,IFPB,B8:11:4B:1D:12:00,-88,1
24/04/2026,07:37:13,171,Lab. química 01,IFPB,84:F1:47:54:81:00,-88,11
24/04/2026,07:37:13,171,Lab. química 01,IFPB-VISITANTE,84:F1:47:54:7F:62,-89,6
24/04/2026,07:37:13,171,Lab. química 01,Intelbras,18:0D:2C:7F:EB:AC,-89,7
24/04/2026,07:37:13,171,Lab. química 01,IFPB-VISITANTE,84:F1:47:54:80:62,-89,11
24/04/2026,07:37:13,171,Lab. química 01,IFPB-VISITANTE,B8:11:4B:1D:12:02,-90,1
24/04/2026,07:37:13,171,Lab. química 01,IFPB,84:F1:47:54:80:60,-90,11
24/04/2026,07:37:13,171,Lab. química 01,IFPB-VISITANTE,84:F1:47:54:81:02,-91,11
24/04/2026,07:37:13,171,Lab. química 01,NPEF/NEPA,50:C7:BF:EF:56:8A,-92,3
24/04/2026,07:37:13,171,Lab. química 01,Lab. de Sinais Digitais,18:D6:C7:F9:37:2F,-92,11
24/04/2026,07:37:13,171,Lab. química 01,IFPB-Sala_Professor_14,24:FD:0D:57:19:26,-94,5
24/04/2026,07:37:13,171,Lab. química 01,UA2-MiniLab,60:32:B1:2D:66:C3,-94,10
24/04/2026,07:37:13,171,Lab. química 01,COPLAN,C4:12:F5:D3:01:90,-95,5
24/04/2026,07:37:23,172,Lab. química 01,IFPB,84:F1:47:54:6B:80,-66,6
24/04/2026,07:37:23,172,Lab. química 01,IFPB-VISITANTE,84:F1:47:54:6B:82,-66,6
24/04/2026,07:37:23,172,Lab. química 01,IFPB,24:36:DA:2B:BC:00,-78,6
24/04/2026,07:37:23,172,Lab. química 01,IFPB-VISITANTE,24:36:DA:2B:BC:02,-78,6
24/04/2026,07:37:23,172,Lab. química 01,TP-Link_1324,7C:F1:7E:8D:13:22,-82,10
24/04/2026,07:37:23,172,Lab. química 01,IFPB-VISITANTE,2C:57:41:CD:E1:C2,-84,11
24/04/2026,07:37:23,172,Lab. química 01,APTelefonia,58:10:8C:91:F3:AA,-85,1
24/04/2026,07:37:23,172,Lab. química 01,Intelbras,18:0D:2C:7F:EB:AC,-85,7
24/04/2026,07:37:23,172,Lab. química 01,IFPB,2C:57:41:CD:E1:C0,-85,11
24/04/2026,07:37:23,172,Lab. química 01,IFPB,84:F1:47:54:8B:A0,-87,1
24/04/2026,07:37:23,172,Lab. química 01,IFPB-VISITANTE,84:F1:47:54:8B:A2,-87,1
24/04/2026,07:37:23,172,Lab. química 01,IFPB,24:36:DA:A2:7F:40,-87,6
24/04/2026,07:37:23,172,Lab. química 01,IFPB-VISITANTE,24:36:DA:A2:7F:42,-87,6
24/04/2026,07:37:23,172,Lab. química 01,IFPB-VISITANTE,B8:11:4B:1D:12:02,-88,1
24/04/2026,07:37:23,172,Lab. química 01,IFPB,B8:11:4B:1D:12:00,-88,1
24/04/2026,07:37:23,172,Lab. química 01,IFPB-VISITANTE,84:F1:47:54:81:02,-88,11
24/04/2026,07:37:23,172,Lab. química 01,IFPB,2C:57:41:D4:A5:20,-88,11
24/04/2026,07:37:23,172,Lab. química 01,NPEF/NEPA,50:C7:BF:EF:56:8A,-89,3
24/04/2026,07:37:23,172,Lab. química 01,IFPB,84:F1:47:54:81:00,-89,11
24/04/2026,07:37:23,172,Lab. química 01,IFPB-Sala_Professor_14,24:FD:0D:57:19:26,-90,5
24/04/2026,07:37:23,172,Lab. química 01,Lab. de Sinais Digitais,18:D6:C7:F9:37:2F,-90,11
24/04/2026,07:37:23,172,Lab. química 01,CLARO-WIFI-PILOTO,FA:D2:AC:5E:66:C1,-93,11
24/04/2026,07:37:23,172,Lab. química 01,JORGE208,F8:D2:AC:5E:66:C7,-94,11
24/04/2026,07:37:33,173,Lab. química 01,IFPB,84:F1:47:54:6B:80,-61,6
24/04/2026,07:37:33,173,Lab. química 01,IFPB-VISITANTE,84:F1:47:54:6B:82,-61,6
24/04/2026,07:37:33,173,Lab. química 01,IFPB,24:36:DA:2B:BC:00,-78,6
24/04/2026,07:37:33,173,Lab. química 01,IFPB-VISITANTE,24:36:DA:2B:BC:02,-78,6
24/04/2026,07:37:33,173,Lab. química 01,TP-Link_1324,7C:F1:7E:8D:13:22,-80,10
24/04/2026,07:37:33,173,Lab. química 01,IFPB-VISITANTE,84:F1:47:54:8B:A2,-81,1
24/04/2026,07:37:33,173,Lab. química 01,IFPB,84:F1:47:54:8B:A0,-81,1
24/04/2026,07:37:33,173,Lab. química 01,IFPB-VISITANTE,2C:57:41:CD:E1:C2,-83,11
24/04/2026,07:37:33,173,Lab. química 01,IFPB,2C:57:41:CD:E1:C0,-84,11
24/04/2026,07:37:33,173,Lab. química 01,IFPB-VISITANTE,24:36:DA:A2:7F:42,-85,6
24/04/2026,07:37:33,173,Lab. química 01,IFPB,24:36:DA:A2:7F:40,-86,6
24/04/2026,07:37:33,173,Lab. química 01,APTelefonia,58:10:8C:91:F3:AA,-87,1
24/04/2026,07:37:33,173,Lab. química 01,IFPB,84:F1:47:54:7F:60,-87,6
24/04/2026,07:37:33,173,Lab. química 01,Intelbras,18:0D:2C:7F:EB:AC,-88,7
24/04/2026,07:37:33,173,Lab. química 01,Lab. de Sinais Digitais,18:D6:C7:F9:37:2F,-90,11
24/04/2026,07:37:33,173,Lab. química 01,NPEF/NEPA,50:C7:BF:EF:56:8A,-92,3
24/04/2026,07:37:33,173,Lab. química 01,COPLAN,C4:12:F5:D3:01:90,-93,5
24/04/2026,07:37:33,173,Lab. química 01,GPDS,00:26:5A:66:55:EF,-94,6
24/04/2026,07:37:43,174,Lab. química 01,IFPB,84:F1:47:54:6B:80,-63,6
24/04/2026,07:37:43,174,Lab. química 01,IFPB-VISITANTE,84:F1:47:54:6B:82,-63,6
24/04/2026,07:37:43,174,Lab. química 01,IFPB,2C:57:41:CD:E1:C0,-75,11
24/04/2026,07:37:43,174,Lab. química 01,IFPB-VISITANTE,2C:57:41:CD:E1:C2,-75,11
24/04/2026,07:37:43,174,Lab. química 01,TP-Link_1324,7C:F1:7E:8D:13:22,-78,10
24/04/2026,07:37:43,174,Lab. química 01,APTelefonia,58:10:8C:91:F3:AA,-79,1
24/04/2026,07:37:43,174,Lab. química 01,IFPB-VISITANTE,B8:11:4B:1D:12:02,-84,1
24/04/2026,07:37:43,174,Lab. química 01,NPEF/NEPA,50:C7:BF:EF:56:8A,-84,3
24/04/2026,07:37:43,174,Lab. química 01,IFPB,B8:11:4B:1D:12:00,-85,1
24/04/2026,07:37:43,174,Lab. química 01,IFPB,24:36:DA:A2:7F:40,-85,6
24/04/2026,07:37:43,174,Lab. química 01,IFPB-VISITANTE,24:36:DA:A2:7F:42,-86,6
24/04/2026,07:37:43,174,Lab. química 01,IFPB,24:36:DA:2B:BC:00,-87,6
24/04/2026,07:37:43,174,Lab. química 01,IFPB,84:F1:47:54:7F:60,-88,6
24/04/2026,07:37:43,174,Lab. química 01,IFPB-VISITANTE,84:F1:47:54:7F:62,-88,6
24/04/2026,07:37:43,174,Lab. química 01,IFPB-VISITANTE,24:36:DA:2B:BC:02,-88,6
24/04/2026,07:37:43,174,Lab. química 01,Intelbras,18:0D:2C:7F:EB:AC,-90,7
24/04/2026,07:37:43,174,Lab. química 01,IFPB-Sala_Professor_14,24:FD:0D:57:19:26,-92,5
24/04/2026,07:37:43,174,Lab. química 01,COPLAN,C4:12:F5:D3:01:90,-92,5
24/04/2026,07:37:43,174,Lab. química 01,Lab. de Sinais Digitais,18:D6:C7:F9:37:2F,-95,11
24/04/2026,07:37:53,175,Lab. química 01,IFPB,84:F1:47:54:6B:80,-62,6
24/04/2026,07:37:53,175,Lab. química 01,IFPB-VISITANTE,84:F1:47:54:6B:82,-62,6
24/04/2026,07:37:53,175,Lab. química 01,APTelefonia,58:10:8C:91:F3:AA,-78,1
24/04/2026,07:37:53,175,Lab. química 01,IFPB,2C:57:41:CD:E1:C0,-78,11
24/04/2026,07:37:53,175,Lab. química 01,IFPB-VISITANTE,2C:57:41:CD:E1:C2,-79,11
24/04/2026,07:37:53,175,Lab. química 01,IFPB,24:36:DA:A2:7F:40,-83,6
24/04/2026,07:37:53,175,Lab. química 01,NPEF/NEPA,50:C7:BF:EF:56:8A,-84,3
24/04/2026,07:37:53,175,Lab. química 01,IFPB,24:36:DA:2B:BC:00,-84,6
24/04/2026,07:37:53,175,Lab. química 01,IFPB-VISITANTE,24:36:DA:A2:7F:42,-84,6
24/04/2026,07:37:53,175,Lab. química 01,IFPB-VISITANTE,24:36:DA:2B:BC:02,-84,6
24/04/2026,07:37:53,175,Lab. química 01,IFPB-VISITANTE,B8:11:4B:1D:12:02,-85,1
24/04/2026,07:37:53,175,Lab. química 01,IFPB,B8:11:4B:1D:12:00,-86,1
24/04/2026,07:37:53,175,Lab. química 01,IFPB,84:F1:47:54:7F:60,-87,6
24/04/2026,07:37:53,175,Lab. química 01,IFPB-VISITANTE,84:F1:47:54:7F:62,-87,6
24/04/2026,07:37:53,175,Lab. química 01,TP-Link_1324,7C:F1:7E:8D:13:22,-87,10
24/04/2026,07:37:53,175,Lab. química 01,Lab. de Sinais Digitais,18:D6:C7:F9:37:2F,-88,11
24/04/2026,07:37:53,175,Lab. química 01,Intelbras,18:0D:2C:7F:EB:AC,-90,7
24/04/2026,07:37:53,175,Lab. química 01,COPLAN,C4:12:F5:D3:01:90,-92,5
24/04/2026,07:37:53,175,Lab. química 01,IFPB-Sala_Professor_14,24:FD:0D:57:19:26,-94,5
24/04/2026,07:37:53,175,Lab. química 01,GPDS,00:26:5A:66:55:EF,-94,6
24/04/2026,07:38:03,176,Lab. química 01,IFPB,84:F1:47:54:6B:80,-60,6
24/04/2026,07:38:03,176,Lab. química 01,IFPB-VISITANTE,84:F1:47:54:6B:82,-60,6
24/04/2026,07:38:03,176,Lab. química 01,IFPB-VISITANTE,2C:57:41:CD:E1:C2,-74,11
24/04/2026,07:38:03,176,Lab. química 01,IFPB,2C:57:41:CD:E1:C0,-75,11
24/04/2026,07:38:03,176,Lab. química 01,IFPB,24:36:DA:2B:BC:00,-79,6
24/04/2026,07:38:03,176,Lab. química 01,IFPB-VISITANTE,24:36:DA:2B:BC:02,-79,6
24/04/2026,07:38:03,176,Lab. química 01,APTelefonia,58:10:8C:91:F3:AA,-82,1
24/04/2026,07:38:03,176,Lab. química 01,TP-Link_1324,7C:F1:7E:8D:13:22,-82,10
24/04/2026,07:38:03,176,Lab. química 01,IFPB,B8:11:4B:1D:12:00,-85,1
24/04/2026,07:38:03,176,Lab. química 01,IFPB-VISITANTE,B8:11:4B:1D:12:02,-85,1
24/04/2026,07:38:03,176,Lab. química 01,NPEF/NEPA,50:C7:BF:EF:56:8A,-86,3
24/04/2026,07:38:03,176,Lab. química 01,IFPB-VISITANTE,24:36:DA:A2:7F:42,-86,6
24/04/2026,07:38:03,176,Lab. química 01,IFPB,24:36:DA:A2:7F:40,-87,6
24/04/2026,07:38:03,176,Lab. química 01,IFPB-VISITANTE,84:F1:47:54:8B:A2,-88,1
24/04/2026,07:38:03,176,Lab. química 01,IFPB-VISITANTE,84:F1:47:54:7F:62,-88,6
24/04/2026,07:38:03,176,Lab. química 01,Intelbras,18:0D:2C:7F:EB:AC,-88,7
24/04/2026,07:38:03,176,Lab. química 01,IFPB,84:F1:47:54:8B:A0,-89,1
24/04/2026,07:38:03,176,Lab. química 01,IFPB,84:F1:47:54:7F:60,-89,6
24/04/2026,07:38:03,176,Lab. química 01,Lab. de Sinais Digitais,18:D6:C7:F9:37:2F,-89,11
24/04/2026,07:38:03,176,Lab. química 01,IFPB-Sala_Professor_14,24:FD:0D:57:19:26,-93,5
24/04/2026,07:38:03,176,Lab. química 01,JORGE208,F8:D2:AC:5E:66:C7,-96,11
24/04/2026,07:38:13,177,Lab. química 01,IFPB,84:F1:47:54:6B:80,-60,6
24/04/2026,07:38:13,177,Lab. química 01,IFPB-VISITANTE,84:F1:47:54:6B:82,-60,6
24/04/2026,07:38:13,177,Lab. química 01,IFPB,24:36:DA:2B:BC:00,-76,6
24/04/2026,07:38:13,177,Lab. química 01,IFPB-VISITANTE,24:36:DA:2B:BC:02,-76,6
24/04/2026,07:38:13,177,Lab. química 01,IFPB,2C:57:41:CD:E1:C0,-79,11
24/04/2026,07:38:13,177,Lab. química 01,IFPB-VISITANTE,2C:57:41:CD:E1:C2,-79,11
24/04/2026,07:38:13,177,Lab. química 01,APTelefonia,58:10:8C:91:F3:AA,-84,1
24/04/2026,07:38:13,177,Lab. química 01,TP-Link_1324,7C:F1:7E:8D:13:22,-84,10
24/04/2026,07:38:13,177,Lab. química 01,IFPB-VISITANTE,B8:11:4B:1D:12:02,-86,1
24/04/2026,07:38:13,177,Lab. química 01,IFPB-VISITANTE,24:36:DA:A2:7F:42,-86,6
24/04/2026,07:38:13,177,Lab. química 01,IFPB,24:36:DA:A2:7F:40,-87,6
24/04/2026,07:38:13,177,Lab. química 01,NPEF/NEPA,50:C7:BF:EF:56:8A,-89,3
24/04/2026,07:38:13,177,Lab. química 01,IFPB-Sala_Professor_14,24:FD:0D:57:19:26,-89,5
24/04/2026,07:38:13,177,Lab. química 01,Intelbras,18:0D:2C:7F:EB:AC,-89,7
24/04/2026,07:38:13,177,Lab. química 01,Lab. de Sinais Digitais,18:D6:C7:F9:37:2F,-89,11
24/04/2026,07:38:13,177,Lab. química 01,IFPB-VISITANTE,84:F1:47:54:80:62,-90,11
24/04/2026,07:38:13,177,Lab. química 01,IFPB,84:F1:47:54:80:60,-92,11
24/04/2026,07:38:23,178,Lab. química 01,IFPB-VISITANTE,84:F1:47:54:6B:82,-62,6
24/04/2026,07:38:23,178,Lab. química 01,IFPB,84:F1:47:54:6B:80,-63,6
24/04/2026,07:38:23,178,Lab. química 01,IFPB,24:36:DA:2B:BC:00,-75,6
24/04/2026,07:38:23,178,Lab. química 01,IFPB-VISITANTE,24:36:DA:2B:BC:02,-75,6
24/04/2026,07:38:23,178,Lab. química 01,IFPB-VISITANTE,24:36:DA:A2:7F:42,-82,6
24/04/2026,07:38:23,178,Lab. química 01,IFPB,24:36:DA:A2:7F:40,-82,6
24/04/2026,07:38:23,178,Lab. química 01,TP-Link_1324,7C:F1:7E:8D:13:22,-82,10
24/04/2026,07:38:23,178,Lab. química 01,APTelefonia,58:10:8C:91:F3:AA,-86,1
24/04/2026,07:38:23,178,Lab. química 01,IFPB,B8:11:4B:1D:12:00,-86,1
24/04/2026,07:38:23,178,Lab. química 01,IFPB-VISITANTE,B8:11:4B:1D:12:02,-86,1
24/04/2026,07:38:23,178,Lab. química 01,Intelbras,18:0D:2C:7F:EB:AC,-87,7
24/04/2026,07:38:23,178,Lab. química 01,IFPB,2C:57:41:CD:E1:C0,-87,11
24/04/2026,07:38:23,178,Lab. química 01,IFPB-VISITANTE,2C:57:41:CD:E1:C2,-87,11
24/04/2026,07:38:23,178,Lab. química 01,NPEF/NEPA,50:C7:BF:EF:56:8A,-88,3
24/04/2026,07:38:23,178,Lab. química 01,IFPB-VISITANTE,84:F1:47:54:7F:62,-88,6
24/04/2026,07:38:23,178,Lab. química 01,IFPB,84:F1:47:54:7F:60,-89,6
24/04/2026,07:38:23,178,Lab. química 01,IFPB,84:F1:47:54:80:60,-90,11
24/04/2026,07:38:23,178,Lab. química 01,IFPB-VISITANTE,84:F1:47:54:80:62,-91,11
24/04/2026,07:38:23,178,Lab. química 01,IFPB-Sala_Professor_14,24:FD:0D:57:19:26,-92,5
24/04/2026,07:38:23,178,Lab. química 01,LIMPEZA,54:E6:FC:CF:22:DE,-92,6
24/04/2026,07:38:23,178,Lab. química 01,Lab. de Sinais Digitais,18:D6:C7:F9:37:2F,-92,11
24/04/2026,07:38:23,178,Lab. química 01,COPLAN,C4:12:F5:D3:01:90,-95,5
24/04/2026,07:38:23,178,Lab. química 01,GPDS,00:26:5A:66:55:EF,-95,6
24/04/2026,07:38:33,179,Lab. química 01,IFPB,84:F1:47:54:6B:80,-61,6
24/04/2026,07:38:33,179,Lab. química 01,IFPB-VISITANTE,84:F1:47:54:6B:82,-61,6
24/04/2026,07:38:33,179,Lab. química 01,IFPB-VISITANTE,24:36:DA:2B:BC:02,-75,6
24/04/2026,07:38:33,179,Lab. química 01,IFPB,24:36:DA:2B:BC:00,-76,6
24/04/2026,07:38:33,179,Lab. química 01,IFPB,2C:57:41:CD:E1:C0,-76,11
24/04/2026,07:38:33,179,Lab. química 01,IFPB-VISITANTE,2C:57:41:CD:E1:C2,-77,11
24/04/2026,07:38:33,179,Lab. química 01,APTelefonia,58:10:8C:91:F3:AA,-81,1
24/04/2026,07:38:33,179,Lab. química 01,TP-Link_1324,7C:F1:7E:8D:13:22,-81,10
24/04/2026,07:38:33,179,Lab. química 01,NPEF/NEPA,50:C7:BF:EF:56:8A,-85,3
24/04/2026,07:38:33,179,Lab. química 01,IFPB-VISITANTE,24:36:DA:A2:7F:42,-87,6
24/04/2026,07:38:33,179,Lab. química 01,IFPB-VISITANTE,84:F1:47:54:7F:62,-88,6
24/04/2026,07:38:33,179,Lab. química 01,IFPB-VISITANTE,B8:11:4B:1D:12:02,-89,1
24/04/2026,07:38:33,179,Lab. química 01,IFPB,B8:11:4B:1D:12:00,-89,1
24/04/2026,07:38:33,179,Lab. química 01,IFPB-Sala_Professor_14,24:FD:0D:57:19:26,-89,5
24/04/2026,07:38:33,179,Lab. química 01,IFPB,24:36:DA:A2:7F:40,-89,6
24/04/2026,07:38:33,179,Lab. química 01,Intelbras,18:0D:2C:7F:EB:AC,-89,7
24/04/2026,07:38:33,179,Lab. química 01,IFPB,84:F1:47:54:80:60,-90,11
24/04/2026,07:38:33,179,Lab. química 01,IFPB-VISITANTE,84:F1:47:54:80:62,-90,11
24/04/2026,07:38:33,179,Lab. química 01,IFPB,84:F1:47:54:7F:60,-91,6
24/04/2026,07:38:33,179,Lab. química 01,Lab. de Sinais Digitais,18:D6:C7:F9:37:2F,-91,11
24/04/2026,07:38:43,180,Lab. química 01,IFPB,84:F1:47:54:6B:80,-62,6
24/04/2026,07:38:43,180,Lab. química 01,IFPB-VISITANTE,84:F1:47:54:6B:82,-62,6
24/04/2026,07:38:43,180,Lab. química 01,IFPB,2C:57:41:CD:E1:C0,-74,11
24/04/2026,07:38:43,180,Lab. química 01,IFPB-VISITANTE,2C:57:41:CD:E1:C2,-74,11
24/04/2026,07:38:43,180,Lab. química 01,APTelefonia,58:10:8C:91:F3:AA,-79,1
24/04/2026,07:38:43,180,Lab. química 01,IFPB-VISITANTE,24:36:DA:2B:BC:02,-79,6
24/04/2026,07:38:43,180,Lab. química 01,TP-Link_1324,7C:F1:7E:8D:13:22,-80,10
24/04/2026,07:38:43,180,Lab. química 01,IFPB,24:36:DA:2B:BC:00,-81,6
24/04/2026,07:38:43,180,Lab. química 01,IFPB,24:36:DA:A2:7F:40,-83,6
24/04/2026,07:38:43,180,Lab. química 01,IFPB-VISITANTE,24:36:DA:A2:7F:42,-83,6
24/04/2026,07:38:43,180,Lab. química 01,NPEF/NEPA,50:C7:BF:EF:56:8A,-86,3
24/04/2026,07:38:43,180,Lab. química 01,Intelbras,18:0D:2C:7F:EB:AC,-88,7
24/04/2026,07:38:43,180,Lab. química 01,IFPB,84:F1:47:54:7F:60,-89,6
24/04/2026,07:38:43,180,Lab. química 01,IFPB-VISITANTE,84:F1:47:54:7F:62,-89,6
24/04/2026,07:38:43,180,Lab. química 01,IFPB-Sala_Professor_14,24:FD:0D:57:19:26,-90,5
24/04/2026,07:38:43,180,Lab. química 01,IFPB,84:F1:47:54:80:60,-90,11
24/04/2026,07:38:43,180,Lab. química 01,IFPB-VISITANTE,84:F1:47:54:80:62,-91,11
24/04/2026,07:38:43,180,Lab. química 01,Lab. de Sinais Digitais,18:D6:C7:F9:37:2F,-94,11
24/04/2026,07:38:43,180,Lab. química 01,JORGE208,F8:D2:AC:5E:66:C7,-95,11
24/04/2026,07:39:24,181,Lab. de microscopia,NPEF/NEPA,50:C7:BF:EF:56:8A,-72,3
24/04/2026,07:39:24,181,Lab. de microscopia,IFPB,84:F1:47:54:8B:A0,-77,1
24/04/2026,07:39:24,181,Lab. de microscopia,IFPB,84:F1:47:54:80:60,-77,11
24/04/2026,07:39:24,181,Lab. de microscopia,IFPB-VISITANTE,84:F1:47:54:80:62,-77,11
24/04/2026,07:39:24,181,Lab. de microscopia,IFPB-VISITANTE,84:F1:47:54:8B:A2,-78,1
24/04/2026,07:39:24,181,Lab. de microscopia,APTelefonia,58:10:8C:91:F3:AA,-81,1
24/04/2026,07:39:24,181,Lab. de microscopia,IFPB,84:F1:47:54:6B:80,-82,6
24/04/2026,07:39:24,181,Lab. de microscopia,IFPB-VISITANTE,84:F1:47:54:6B:82,-83,6
24/04/2026,07:39:24,181,Lab. de microscopia,IFPB-VISITANTE,84:F1:47:54:FD:62,-85,1
24/04/2026,07:39:24,181,Lab. de microscopia,IFPB,2C:57:41:CD:E1:C0,-85,11
24/04/2026,07:39:24,181,Lab. de microscopia,IFPB-VISITANTE,2C:57:41:CD:E1:C2,-85,11
24/04/2026,07:39:24,181,Lab. de microscopia,IFPB,84:F1:47:54:FD:60,-86,1
24/04/2026,07:39:24,181,Lab. de microscopia,TP-Link_1324,7C:F1:7E:8D:13:22,-87,10
24/04/2026,07:39:24,181,Lab. de microscopia,IFPB-VISITANTE,84:F1:47:54:7F:62,-88,6
24/04/2026,07:39:24,181,Lab. de microscopia,IFPB,84:F1:47:54:7F:60,-88,6
24/04/2026,07:39:24,181,Lab. de microscopia,IFPB-VISITANTE,84:F1:47:54:F9:82,-90,11
24/04/2026,07:39:24,181,Lab. de microscopia,IFPB,84:F1:47:54:F9:80,-91,11
24/04/2026,07:39:24,181,Lab. de microscopia,TP-Link_C3CB,D8:0D:17:3E:C3:CB,-92,4
24/04/2026,07:39:24,181,Lab. de microscopia,Lab. de Sinais Digitais,18:D6:C7:F9:37:2F,-92,11
24/04/2026,07:39:24,181,Lab. de microscopia,EBF243D6-HE8D94yaFM1AOcS,44:D2:44:DD:32:49,-92,11
24/04/2026,07:39:24,181,Lab. de microscopia,IFPB-MM,54:E6:FC:BA:AD:86,-94,1
24/04/2026,07:39:24,181,Lab. de microscopia,GPDS,00:26:5A:66:55:EF,-94,6
24/04/2026,07:39:24,181,Lab. de microscopia,UA2-MiniLab,60:32:B1:2D:66:C3,-95,10
24/04/2026,07:39:34,182,Lab. de microscopia,NPEF/NEPA,50:C7:BF:EF:56:8A,-70,3
24/04/2026,07:39:34,182,Lab. de microscopia,IFPB,84:F1:47:54:80:60,-77,11
24/04/2026,07:39:34,182,Lab. de microscopia,IFPB-VISITANTE,84:F1:47:54:80:62,-77,11
24/04/2026,07:39:34,182,Lab. de microscopia,IFPB,84:F1:47:54:8B:A0,-80,1
24/04/2026,07:39:34,182,Lab. de microscopia,IFPB-VISITANTE,84:F1:47:54:8B:A2,-80,1
24/04/2026,07:39:34,182,Lab. de microscopia,IFPB,84:F1:47:54:6B:80,-81,6
24/04/2026,07:39:34,182,Lab. de microscopia,IFPB-VISITANTE,84:F1:47:54:6B:82,-81,6
24/04/2026,07:39:34,182,Lab. de microscopia,IFPB-VISITANTE,84:F1:47:54:FD:62,-85,1
24/04/2026,07:39:34,182,Lab. de microscopia,APTelefonia,58:10:8C:91:F3:AA,-86,1
24/04/2026,07:39:34,182,Lab. de microscopia,IFPB,84:F1:47:54:FD:60,-86,1
24/04/2026,07:39:34,182,Lab. de microscopia,TP-Link_1324,7C:F1:7E:8D:13:22,-87,10
24/04/2026,07:39:34,182,Lab. de microscopia,IFPB-VISITANTE,2C:57:41:CD:E1:C2,-87,11
24/04/2026,07:39:34,182,Lab. de microscopia,IFPB,2C:57:41:D4:A5:20,-87,11
24/04/2026,07:39:34,182,Lab. de microscopia,IFPB,2C:57:41:CD:E1:C0,-87,11
24/04/2026,07:39:34,182,Lab. de microscopia,IFPB,84:F1:47:54:F9:80,-88,11
24/04/2026,07:39:34,182,Lab. de microscopia,IFPB,84:F1:47:54:7F:60,-89,6
24/04/2026,07:39:34,182,Lab. de microscopia,IFPB-VISITANTE,84:F1:47:54:7F:62,-89,6
24/04/2026,07:39:34,182,Lab. de microscopia,Lab. de Sinais Digitais,18:D6:C7:F9:37:2F,-89,11
24/04/2026,07:39:34,182,Lab. de microscopia,IFPB-VISITANTE,2C:57:41:D4:A5:22,-89,11
24/04/2026,07:39:34,182,Lab. de microscopia,IFPB,24:36:DA:2B:BC:00,-90,6
24/04/2026,07:39:34,182,Lab. de microscopia,IFPB-VISITANTE,24:36:DA:2B:BC:02,-90,6
24/04/2026,07:39:34,182,Lab. de microscopia,UA2-MiniLab,60:32:B1:2D:66:C3,-90,10
24/04/2026,07:39:34,182,Lab. de microscopia,IFPB-VISITANTE,84:F1:47:54:F9:82,-90,11
24/04/2026,07:39:34,182,Lab. de microscopia,IFPB-MM,54:E6:FC:BA:AD:86,-91,1
24/04/2026,07:39:34,182,Lab. de microscopia,Intelbras,18:0D:2C:7F:EB:AC,-91,7
24/04/2026,07:39:34,182,Lab. de microscopia,TP-Link_C3CB,D8:0D:17:3E:C3:CB,-92,4
24/04/2026,07:39:34,182,Lab. de microscopia,EBF243D6-HE8D94yaFM1AOcS,44:D2:44:DD:32:49,-92,11
24/04/2026,07:39:34,182,Lab. de microscopia,GPDS,00:26:5A:66:55:EF,-93,6
24/04/2026,07:39:44,183,Lab. de microscopia,IFPB,84:F1:47:54:8B:A0,-73,1
24/04/2026,07:39:44,183,Lab. de microscopia,IFPB-VISITANTE,84:F1:47:54:8B:A2,-73,1
24/04/2026,07:39:44,183,Lab. de microscopia,NPEF/NEPA,50:C7:BF:EF:56:8A,-74,3
24/04/2026,07:39:44,183,Lab. de microscopia,IFPB-VISITANTE,84:F1:47:54:80:62,-74,11
24/04/2026,07:39:44,183,Lab. de microscopia,IFPB,84:F1:47:54:80:60,-75,11
24/04/2026,07:39:44,183,Lab. de microscopia,IFPB,84:F1:47:54:6B:80,-80,6
24/04/2026,07:39:44,183,Lab. de microscopia,IFPB-VISITANTE,84:F1:47:54:6B:82,-80,6
24/04/2026,07:39:44,183,Lab. de microscopia,APTelefonia,58:10:8C:91:F3:AA,-83,1
24/04/2026,07:39:44,183,Lab. de microscopia,IFPB,2C:57:41:CD:E1:C0,-85,11
24/04/2026,07:39:44,183,Lab. de microscopia,IFPB-VISITANTE,2C:57:41:CD:E1:C2,-86,11
24/04/2026,07:39:44,183,Lab. de microscopia,IFPB,84:F1:47:54:FD:60,-87,1
24/04/2026,07:39:44,183,Lab. de microscopia,IFPB-VISITANTE,84:F1:47:54:FD:62,-87,1
24/04/2026,07:39:44,183,Lab. de microscopia,IFPB-VISITANTE,24:36:DA:2B:BC:02,-88,6
24/04/2026,07:39:44,183,Lab. de microscopia,IFPB-VISITANTE,84:F1:47:54:F9:82,-88,11
24/04/2026,07:39:44,183,Lab. de microscopia,IFPB,84:F1:47:54:7F:60,-89,6
24/04/2026,07:39:44,183,Lab. de microscopia,IFPB,24:36:DA:2B:BC:00,-89,6
24/04/2026,07:39:44,183,Lab. de microscopia,IFPB,84:F1:47:54:F9:80,-89,11
24/04/2026,07:39:44,183,Lab. de microscopia,IFPB,2C:57:41:D4:A5:20,-89,11
24/04/2026,07:39:44,183,Lab. de microscopia,IFPB-MM,54:E6:FC:BA:AD:86,-90,1
24/04/2026,07:39:44,183,Lab. de microscopia,TP-Link_C3CB,D8:0D:17:3E:C3:CB,-90,4
24/04/2026,07:39:44,183,Lab. de microscopia,IFPB-VISITANTE,84:F1:47:54:7F:62,-90,6
24/04/2026,07:39:44,183,Lab. de microscopia,TP-Link_1324,7C:F1:7E:8D:13:22,-90,10
24/04/2026,07:39:44,183,Lab. de microscopia,IFPB-VISITANTE,2C:57:41:D4:A5:22,-90,11
24/04/2026,07:39:45,183,Lab. de microscopia,EBF243D6-HE8D94yaFM1AOcS,44:D2:44:DD:32:49,-92,11
24/04/2026,07:39:45,183,Lab. de microscopia,Lab. de Sinais Digitais,18:D6:C7:F9:37:2F,-92,11
24/04/2026,07:39:45,183,Lab. de microscopia,GPDS,00:26:5A:66:55:EF,-93,6
24/04/2026,07:39:45,183,Lab. de microscopia,Intelbras,18:0D:2C:7F:EB:AC,-93,7
24/04/2026,07:39:45,183,Lab. de microscopia,UA2-MiniLab,60:32:B1:2D:66:C3,-94,10
24/04/2026,07:39:54,184,Lab. de microscopia,IFPB,84:F1:47:54:8B:A0,-76,1
24/04/2026,07:39:54,184,Lab. de microscopia,IFPB-VISITANTE,84:F1:47:54:8B:A2,-76,1
24/04/2026,07:39:54,184,Lab. de microscopia,IFPB,84:F1:47:54:6B:80,-79,6
24/04/2026,07:39:54,184,Lab. de microscopia,IFPB-VISITANTE,84:F1:47:54:6B:82,-79,6
24/04/2026,07:39:54,184,Lab. de microscopia,IFPB-VISITANTE,84:F1:47:54:80:62,-80,11
24/04/2026,07:39:54,184,Lab. de microscopia,IFPB,84:F1:47:54:80:60,-81,11
24/04/2026,07:39:54,184,Lab. de microscopia,NPEF/NEPA,50:C7:BF:EF:56:8A,-82,3
24/04/2026,07:39:54,184,Lab. de microscopia,APTelefonia,58:10:8C:91:F3:AA,-85,1
24/04/2026,07:39:54,184,Lab. de microscopia,IFPB,2C:57:41:CD:E1:C0,-86,11
24/04/2026,07:39:54,184,Lab. de microscopia,IFPB-VISITANTE,84:F1:47:54:FD:62,-87,1
24/04/2026,07:39:54,184,Lab. de microscopia,IFPB,24:36:DA:2B:BC:00,-87,6
24/04/2026,07:39:54,184,Lab. de microscopia,IFPB-VISITANTE,2C:57:41:CD:E1:C2,-87,11
24/04/2026,07:39:54,184,Lab. de microscopia,Lab. de Sinais Digitais,18:D6:C7:F9:37:2F,-87,11
24/04/2026,07:39:54,184,Lab. de microscopia,IFPB,84:F1:47:54:FD:60,-88,1
24/04/2026,07:39:54,184,Lab. de microscopia,IFPB-VISITANTE,24:36:DA:2B:BC:02,-88,6
24/04/2026,07:39:54,184,Lab. de microscopia,TP-Link_1324,7C:F1:7E:8D:13:22,-88,10
24/04/2026,07:39:54,184,Lab. de microscopia,EBF243D6-HE8D94yaFM1AOcS,44:D2:44:DD:32:49,-88,11
24/04/2026,07:39:55,184,Lab. de microscopia,IFPB-MM,54:E6:FC:BA:AD:86,-90,1
24/04/2026,07:39:55,184,Lab. de microscopia,GPDS,00:26:5A:66:55:EF,-93,6
24/04/2026,07:39:55,184,Lab. de microscopia,TP-Link_C3CB,D8:0D:17:3E:C3:CB,-94,4
24/04/2026,07:39:55,184,Lab. de microscopia,UA2-MiniLab,60:32:B1:2D:66:C3,-95,10
24/04/2026,07:40:04,185,Lab. de microscopia,NPEF/NEPA,50:C7:BF:EF:56:8A,-70,3
24/04/2026,07:40:04,185,Lab. de microscopia,IFPB,84:F1:47:54:8B:A0,-78,1
24/04/2026,07:40:04,185,Lab. de microscopia,IFPB-VISITANTE,84:F1:47:54:8B:A2,-78,1
24/04/2026,07:40:04,185,Lab. de microscopia,IFPB,84:F1:47:54:80:60,-80,11
24/04/2026,07:40:04,185,Lab. de microscopia,IFPB-VISITANTE,84:F1:47:54:80:62,-80,11
24/04/2026,07:40:04,185,Lab. de microscopia,IFPB,84:F1:47:54:6B:80,-84,6
24/04/2026,07:40:04,185,Lab. de microscopia,IFPB-VISITANTE,84:F1:47:54:FD:62,-86,1
24/04/2026,07:40:04,185,Lab. de microscopia,IFPB,84:F1:47:54:FD:60,-87,1
24/04/2026,07:40:04,185,Lab. de microscopia,IFPB-VISITANTE,84:F1:47:54:6B:82,-87,6
24/04/2026,07:40:04,185,Lab. de microscopia,IFPB-VISITANTE,84:F1:47:54:7F:62,-87,6
24/04/2026,07:40:04,185,Lab. de microscopia,IFPB-VISITANTE,24:36:DA:2B:BC:02,-87,6
24/04/2026,07:40:04,185,Lab. de microscopia,EBF243D6-HE8D94yaFM1AOcS,44:D2:44:DD:32:49,-87,11
24/04/2026,07:40:04,185,Lab. de microscopia,IFPB,2C:57:41:CD:E1:C0,-87,11
24/04/2026,07:40:04,185,Lab. de microscopia,IFPB-VISITANTE,2C:57:41:CD:E1:C2,-87,11
24/04/2026,07:40:04,185,Lab. de microscopia,IFPB,84:F1:47:54:7F:60,-88,6
24/04/2026,07:40:04,185,Lab. de microscopia,IFPB,24:36:DA:2B:BC:00,-88,6
24/04/2026,07:40:04,185,Lab. de microscopia,Lab. de Sinais Digitais,18:D6:C7:F9:37:2F,-88,11
24/04/2026,07:40:05,185,Lab. de microscopia,GPDS,00:26:5A:66:55:EF,-90,6
24/04/2026,07:40:05,185,Lab. de microscopia,IFPB-MM,54:E6:FC:BA:AD:86,-91,1
24/04/2026,07:40:05,185,Lab. de microscopia,TP-Link_C3CB,D8:0D:17:3E:C3:CB,-91,4
24/04/2026,07:40:05,185,Lab. de microscopia,TP-Link_1324,7C:F1:7E:8D:13:22,-91,10
24/04/2026,07:40:05,185,Lab. de microscopia,APTelefonia,58:10:8C:91:F3:AA,-92,1
24/04/2026,07:40:05,185,Lab. de microscopia,UA2-MiniLab,60:32:B1:2D:66:C3,-94,10
24/04/2026,07:40:05,185,Lab. de microscopia,Intelbras,18:0D:2C:7F:EB:AC,-96,7
24/04/2026,07:40:14,186,Lab. de microscopia,NPEF/NEPA,50:C7:BF:EF:56:8A,-70,3
24/04/2026,07:40:14,186,Lab. de microscopia,IFPB,84:F1:47:54:8B:A0,-77,1
24/04/2026,07:40:14,186,Lab. de microscopia,IFPB-VISITANTE,84:F1:47:54:8B:A2,-78,1
24/04/2026,07:40:14,186,Lab. de microscopia,IFPB,84:F1:47:54:80:60,-79,11
24/04/2026,07:40:14,186,Lab. de microscopia,IFPB-VISITANTE,84:F1:47:54:80:62,-79,11
24/04/2026,07:40:14,186,Lab. de microscopia,IFPB,84:F1:47:54:6B:80,-82,6
24/04/2026,07:40:14,186,Lab. de microscopia,IFPB-VISITANTE,84:F1:47:54:6B:82,-83,6
24/04/2026,07:40:14,186,Lab. de microscopia,EBF243D6-HE8D94yaFM1AOcS,44:D2:44:DD:32:49,-85,11
24/04/2026,07:40:14,186,Lab. de microscopia,IFPB-VISITANTE,2C:57:41:CD:E1:C2,-85,11
24/04/2026,07:40:14,186,Lab. de microscopia,IFPB,2C:57:41:CD:E1:C0,-86,11
24/04/2026,07:40:14,186,Lab. de microscopia,IFPB-VISITANTE,84:F1:47:54:7F:62,-87,6
24/04/2026,07:40:15,186,Lab. de microscopia,TP-Link_1324,7C:F1:7E:8D:13:22,-87,10
24/04/2026,07:40:15,186,Lab. de microscopia,Lab. de Sinais Digitais,18:D6:C7:F9:37:2F,-87,11
24/04/2026,07:40:15,186,Lab. de microscopia,IFPB,24:36:DA:2B:BC:00,-88,6
24/04/2026,07:40:15,186,Lab. de microscopia,IFPB,84:F1:47:54:7F:60,-88,6
24/04/2026,07:40:15,186,Lab. de microscopia,TP-Link_C3CB,D8:0D:17:3E:C3:CB,-90,4
24/04/2026,07:40:15,186,Lab. de microscopia,IFPB-VISITANTE,24:36:DA:2B:BC:02,-90,6
24/04/2026,07:40:15,186,Lab. de microscopia,GPDS,00:26:5A:66:55:EF,-91,6
24/04/2026,07:40:15,186,Lab. de microscopia,Intelbras,18:0D:2C:7F:EB:AC,-91,7
24/04/2026,07:40:15,186,Lab. de microscopia,IFPB-MM,54:E6:FC:BA:AD:86,-92,1
24/04/2026,07:40:15,186,Lab. de microscopia,SALA_MESTRADO,64:66:B3:62:EB:86,-93,1
24/04/2026,07:40:15,186,Lab. de microscopia,UA2-MiniLab,60:32:B1:2D:66:C3,-95,10
24/04/2026,07:40:24,187,Lab. de microscopia,NPEF/NEPA,50:C7:BF:EF:56:8A,-69,3
24/04/2026,07:40:24,187,Lab. de microscopia,IFPB,84:F1:47:54:8B:A0,-76,1
24/04/2026,07:40:24,187,Lab. de microscopia,IFPB-VISITANTE,84:F1:47:54:8B:A2,-76,1
24/04/2026,07:40:24,187,Lab. de microscopia,IFPB,84:F1:47:54:6B:80,-81,6
24/04/2026,07:40:24,187,Lab. de microscopia,IFPB-VISITANTE,84:F1:47:54:80:62,-81,11
24/04/2026,07:40:24,187,Lab. de microscopia,IFPB,84:F1:47:54:80:60,-81,11
24/04/2026,07:40:24,187,Lab. de microscopia,IFPB-VISITANTE,84:F1:47:54:6B:82,-82,6
24/04/2026,07:40:24,187,Lab. de microscopia,EBF243D6-HE8D94yaFM1AOcS,44:D2:44:DD:32:49,-85,11
24/04/2026,07:40:24,187,Lab. de microscopia,Lab. de Sinais Digitais,18:D6:C7:F9:37:2F,-86,11
24/04/2026,07:40:24,187,Lab. de microscopia,TP-Link_C3CB,D8:0D:17:3E:C3:CB,-88,4
24/04/2026,07:40:24,187,Lab. de microscopia,IFPB,84:F1:47:54:7F:60,-88,6
24/04/2026,07:40:25,187,Lab. de microscopia,IFPB-VISITANTE,84:F1:47:54:7F:62,-88,6
24/04/2026,07:40:25,187,Lab. de microscopia,IFPB,2C:57:41:CD:E1:C0,-88,11
24/04/2026,07:40:25,187,Lab. de microscopia,IFPB-VISITANTE,84:F1:47:54:FD:62,-89,1
24/04/2026,07:40:25,187,Lab. de microscopia,IFPB-VISITANTE,2C:57:41:CD:E1:C2,-89,11
24/04/2026,07:40:25,187,Lab. de microscopia,Intelbras,18:0D:2C:7F:EB:AC,-90,7
24/04/2026,07:40:25,187,Lab. de microscopia,IFPB-MM,54:E6:FC:BA:AD:86,-91,1
24/04/2026,07:40:25,187,Lab. de microscopia,TP-Link_1324,7C:F1:7E:8D:13:22,-92,10
24/04/2026,07:40:34,188,Lab. de microscopia,NPEF/NEPA,50:C7:BF:EF:56:8A,-67,3
24/04/2026,07:40:34,188,Lab. de microscopia,IFPB,84:F1:47:54:80:60,-74,11
24/04/2026,07:40:34,188,Lab. de microscopia,IFPB-VISITANTE,84:F1:47:54:80:62,-75,11
24/04/2026,07:40:34,188,Lab. de microscopia,IFPB,84:F1:47:54:8B:A0,-76,1
24/04/2026,07:40:34,188,Lab. de microscopia,IFPB-VISITANTE,84:F1:47:54:8B:A2,-76,1
24/04/2026,07:40:34,188,Lab. de microscopia,IFPB-VISITANTE,84:F1:47:54:6B:82,-83,6
24/04/2026,07:40:34,188,Lab. de microscopia,IFPB,84:F1:47:54:6B:80,-83,6
24/04/2026,07:40:34,188,Lab. de microscopia,IFPB-VISITANTE,2C:57:41:CD:E1:C2,-84,11
24/04/2026,07:40:34,188,Lab. de microscopia,IFPB,2C:57:41:CD:E1:C0,-85,11
24/04/2026,07:40:34,188,Lab. de microscopia,Lab. de Sinais Digitais,18:D6:C7:F9:37:2F,-87,11
24/04/2026,07:40:34,188,Lab. de microscopia,TP-Link_C3CB,D8:0D:17:3E:C3:CB,-88,4
24/04/2026,07:40:35,188,Lab. de microscopia,IFPB-VISITANTE,84:F1:47:54:7F:62,-88,6
24/04/2026,07:40:35,188,Lab. de microscopia,IFPB,84:F1:47:54:7F:60,-88,6
24/04/2026,07:40:35,188,Lab. de microscopia,TP-Link_1324,7C:F1:7E:8D:13:22,-88,10
24/04/2026,07:40:35,188,Lab. de microscopia,IFPB-VISITANTE,2C:57:41:D4:A5:22,-88,11
24/04/2026,07:40:35,188,Lab. de microscopia,IFPB,2C:57:41:D4:A5:20,-88,11
24/04/2026,07:40:35,188,Lab. de microscopia,EBF243D6-HE8D94yaFM1AOcS,44:D2:44:DD:32:49,-91,11
24/04/2026,07:40:35,188,Lab. de microscopia,SALA_MESTRADO,64:66:B3:62:EB:86,-92,1
24/04/2026,07:40:35,188,Lab. de microscopia,IFPB-MM,54:E6:FC:BA:AD:86,-92,1
24/04/2026,07:40:35,188,Lab. de microscopia,GPDS,00:26:5A:66:55:EF,-92,6
24/04/2026,07:40:35,188,Lab. de microscopia,Intelbras,18:0D:2C:7F:EB:AC,-92,7
24/04/2026,07:40:35,188,Lab. de microscopia,UA2-MiniLab,60:32:B1:2D:66:C3,-94,10
24/04/2026,07:40:44,189,Lab. de microscopia,NPEF/NEPA,50:C7:BF:EF:56:8A,-68,3
24/04/2026,07:40:44,189,Lab. de microscopia,IFPB-VISITANTE,84:F1:47:54:8B:A2,-74,1
24/04/2026,07:40:44,189,Lab. de microscopia,IFPB,84:F1:47:54:8B:A0,-75,1
24/04/2026,07:40:44,189,Lab. de microscopia,IFPB,84:F1:47:54:80:60,-75,11
24/04/2026,07:40:44,189,Lab. de microscopia,IFPB-VISITANTE,84:F1:47:54:80:62,-75,11
24/04/2026,07:40:44,189,Lab. de microscopia,IFPB,84:F1:47:54:6B:80,-82,6
24/04/2026,07:40:44,189,Lab. de microscopia,IFPB-VISITANTE,84:F1:47:54:6B:82,-83,6
24/04/2026,07:40:44,189,Lab. de microscopia,IFPB,2C:57:41:CD:E1:C0,-84,11
24/04/2026,07:40:44,189,Lab. de microscopia,Lab. de Sinais Digitais,18:D6:C7:F9:37:2F,-85,11
24/04/2026,07:40:44,189,Lab. de microscopia,IFPB-VISITANTE,84:F1:47:54:FD:62,-86,1
24/04/2026,07:40:44,189,Lab. de microscopia,IFPB-VISITANTE,2C:57:41:CD:E1:C2,-86,11
24/04/2026,07:40:45,189,Lab. de microscopia,IFPB,84:F1:47:54:FD:60,-87,1
24/04/2026,07:40:45,189,Lab. de microscopia,EBF243D6-HE8D94yaFM1AOcS,44:D2:44:DD:32:49,-87,11
24/04/2026,07:40:45,189,Lab. de microscopia,IFPB,84:F1:47:54:7F:60,-88,6
24/04/2026,07:40:45,189,Lab. de microscopia,TP-Link_1324,7C:F1:7E:8D:13:22,-88,10
24/04/2026,07:40:45,189,Lab. de microscopia,IFPB,2C:57:41:D4:A5:20,-88,11
24/04/2026,07:40:45,189,Lab. de microscopia,IFPB-VISITANTE,2C:57:41:D4:A5:22,-88,11
24/04/2026,07:40:45,189,Lab. de microscopia,IFPB-VISITANTE,84:F1:47:54:7F:62,-89,6
24/04/2026,07:40:45,189,Lab. de microscopia,APTelefonia,58:10:8C:91:F3:AA,-90,1
24/04/2026,07:40:45,189,Lab. de microscopia,TP-Link_C3CB,D8:0D:17:3E:C3:CB,-91,4
24/04/2026,07:40:45,189,Lab. de microscopia,Intelbras,18:0D:2C:7F:EB:AC,-91,7
24/04/2026,07:40:45,189,Lab. de microscopia,GPDS,00:26:5A:66:55:EF,-95,6
24/04/2026,07:40:45,189,Lab. de microscopia,UA2-MiniLab,60:32:B1:2D:66:C3,-95,10
24/04/2026,07:40:54,190,Lab. de microscopia,NPEF/NEPA,50:C7:BF:EF:56:8A,-67,3
24/04/2026,07:40:54,190,Lab. de microscopia,IFPB,84:F1:47:54:8B:A0,-73,1
24/04/2026,07:40:54,190,Lab. de microscopia,IFPB-VISITANTE,84:F1:47:54:8B:A2,-73,1
24/04/2026,07:40:54,190,Lab. de microscopia,IFPB-VISITANTE,84:F1:47:54:6B:82,-83,6
24/04/2026,07:40:54,190,Lab. de microscopia,IFPB,84:F1:47:54:6B:80,-84,6
24/04/2026,07:40:54,190,Lab. de microscopia,IFPB,84:F1:47:54:80:60,-85,11
24/04/2026,07:40:54,190,Lab. de microscopia,IFPB-VISITANTE,84:F1:47:54:80:62,-86,11
24/04/2026,07:40:54,190,Lab. de microscopia,IFPB,84:F1:47:54:FD:60,-87,1
24/04/2026,07:40:54,190,Lab. de microscopia,IFPB,84:F1:47:54:7F:60,-87,6
24/04/2026,07:40:54,190,Lab. de microscopia,IFPB-VISITANTE,84:F1:47:54:7F:62,-87,6
24/04/2026,07:40:54,190,Lab. de microscopia,TP-Link_1324,7C:F1:7E:8D:13:22,-87,10
24/04/2026,07:40:54,190,Lab. de microscopia,IFPB-VISITANTE,2C:57:41:CD:E1:C2,-87,11
24/04/2026,07:40:54,190,Lab. de microscopia,IFPB-VISITANTE,84:F1:47:54:FD:62,-88,1
24/04/2026,07:40:54,190,Lab. de microscopia,EBF243D6-HE8D94yaFM1AOcS,44:D2:44:DD:32:49,-88,11
24/04/2026,07:40:54,190,Lab. de microscopia,IFPB,2C:57:41:CD:E1:C0,-88,11
24/04/2026,07:40:54,190,Lab. de microscopia,IFPB-VISITANTE,2C:57:41:D4:A5:22,-88,11
24/04/2026,07:40:54,190,Lab. de microscopia,Lab. de Sinais Digitais,18:D6:C7:F9:37:2F,-88,11
24/04/2026,07:40:55,190,Lab. de microscopia,TP-Link_C3CB,D8:0D:17:3E:C3:CB,-90,4
24/04/2026,07:40:55,190,Lab. de microscopia,IFPB,2C:57:41:D4:A5:20,-90,11
24/04/2026,07:40:55,190,Lab. de microscopia,APTelefonia,58:10:8C:91:F3:AA,-92,1
24/04/2026,07:40:55,190,Lab. de microscopia,IFPB-MM,54:E6:FC:BA:AD:86,-93,1
24/04/2026,07:40:55,190,Lab. de microscopia,GPDS,00:26:5A:66:55:EF,-93,6
24/04/2026,07:40:55,190,Lab. de microscopia,Intelbras,18:0D:2C:7F:EB:AC,-93,7
24/04/2026,07:40:55,190,Lab. de microscopia,SALA_MESTRADO,64:66:B3:62:EB:86,-94,1
24/04/2026,07:41:19,191,Lab. de matemática,NPEF/NEPA,50:C7:BF:EF:56:8A,-70,3
24/04/2026,07:41:19,191,Lab. de matemática,IFPB,84:F1:47:54:FD:60,-83,1
24/04/2026,07:41:19,191,Lab. de matemática,IFPB-VISITANTE,84:F1:47:54:FD:62,-83,1
24/04/2026,07:41:19,191,Lab. de matemática,IFPB,84:F1:47:54:6B:80,-83,6
24/04/2026,07:41:19,191,Lab. de matemática,IFPB,84:F1:47:54:80:60,-83,11
24/04/2026,07:41:19,191,Lab. de matemática,IFPB-VISITANTE,84:F1:47:54:80:62,-83,11
24/04/2026,07:41:19,191,Lab. de matemática,IFPB,84:F1:47:54:8B:A0,-84,1
24/04/2026,07:41:19,191,Lab. de matemática,IFPB-VISITANTE,84:F1:47:54:6B:82,-84,6
24/04/2026,07:41:19,191,Lab. de matemática,UA2-MiniLab,60:32:B1:2D:66:C3,-84,10
24/04/2026,07:41:19,191,Lab. de matemática,IFPB-VISITANTE,84:F1:47:54:8B:A2,-85,1
24/04/2026,07:41:19,191,Lab. de matemática,EBF243D6-HE8D94yaFM1AOcS,44:D2:44:DD:32:49,-88,11
24/04/2026,07:41:19,191,Lab. de matemática,TP-Link_1324,7C:F1:7E:8D:13:22,-89,10
24/04/2026,07:41:19,191,Lab. de matemática,IFPB-VISITANTE,2C:57:41:D4:A5:22,-90,11
24/04/2026,07:41:19,191,Lab. de matemática,IFPB-MM,54:E6:FC:BA:AD:86,-91,1
24/04/2026,07:41:19,191,Lab. de matemática,Lab. de Sinais Digitais,18:D6:C7:F9:37:2F,-91,11
24/04/2026,07:41:19,191,Lab. de matemática,IFPB,2C:57:41:D4:A5:20,-91,11
24/04/2026,07:41:19,191,Lab. de matemática,TP-Link_C3CB,D8:0D:17:3E:C3:CB,-94,4
24/04/2026,07:41:19,191,Lab. de matemática,GPDS,00:26:5A:66:55:EF,-94,6
24/04/2026,07:41:19,191,Lab. de matemática,INTELBRAS,D8:36:5F:54:70:40,-94,7
24/04/2026,07:41:29,192,Lab. de matemática,NPEF/NEPA,50:C7:BF:EF:56:8A,-79,3
24/04/2026,07:41:29,192,Lab. de matemática,IFPB,84:F1:47:54:80:60,-80,11
24/04/2026,07:41:29,192,Lab. de matemática,IFPB-VISITANTE,84:F1:47:54:80:62,-80,11
24/04/2026,07:41:29,192,Lab. de matemática,IFPB-VISITANTE,84:F1:47:54:FD:62,-81,1
24/04/2026,07:41:29,192,Lab. de matemática,IFPB,84:F1:47:54:FD:60,-82,1
24/04/2026,07:41:29,192,Lab. de matemática,IFPB-VISITANTE,84:F1:47:54:8B:A2,-82,1
24/04/2026,07:41:29,192,Lab. de matemática,IFPB,84:F1:47:54:6B:80,-82,6
24/04/2026,07:41:29,192,Lab. de matemática,UA2-MiniLab,60:32:B1:2D:66:C3,-82,10
24/04/2026,07:41:29,192,Lab. de matemática,IFPB,84:F1:47:54:8B:A0,-83,1
24/04/2026,07:41:29,192,Lab. de matemática,IFPB-VISITANTE,84:F1:47:54:6B:82,-83,6
24/04/2026,07:41:29,192,Lab. de matemática,EBF243D6-HE8D94yaFM1AOcS,44:D2:44:DD:32:49,-83,11
24/04/2026,07:41:29,192,Lab. de matemática,APTelefonia,58:10:8C:91:F3:AA,-87,1
24/04/2026,07:41:29,192,Lab. de matemática,TP-Link_1324,7C:F1:7E:8D:13:22,-87,10
24/04/2026,07:41:29,192,Lab. de matemática,IFPB,84:F1:47:54:F9:80,-87,11
24/04/2026,07:41:29,192,Lab. de matemática,IFPB-VISITANTE,84:F1:47:54:F9:82,-88,11
24/04/2026,07:41:29,192,Lab. de matemática,IFPB,2C:57:41:CD:E1:C0,-88,11
24/04/2026,07:41:29,192,Lab. de matemática,IFPB-VISITANTE,2C:57:41:CD:E1:C2,-88,11
24/04/2026,07:41:29,192,Lab. de matemática,IFPB-MM,54:E6:FC:BA:AD:86,-91,1
24/04/2026,07:41:29,192,Lab. de matemática,TP-Link_C3CB,D8:0D:17:3E:C3:CB,-92,4
24/04/2026,07:41:29,192,Lab. de matemática,Lab. de Sinais Digitais,18:D6:C7:F9:37:2F,-92,11
24/04/2026,07:41:39,193,Lab. de matemática,NPEF/NEPA,50:C7:BF:EF:56:8A,-77,3
24/04/2026,07:41:39,193,Lab. de matemática,IFPB,84:F1:47:54:80:60,-78,11
24/04/2026,07:41:39,193,Lab. de matemática,IFPB-VISITANTE,84:F1:47:54:80:62,-78,11
24/04/2026,07:41:39,193,Lab. de matemática,IFPB,84:F1:47:54:6B:80,-82,6
24/04/2026,07:41:39,193,Lab. de matemática,IFPB-VISITANTE,84:F1:47:54:6B:82,-84,6
24/04/2026,07:41:39,193,Lab. de matemática,UA2-MiniLab,60:32:B1:2D:66:C3,-85,10
24/04/2026,07:41:39,193,Lab. de matemática,EBF243D6-HE8D94yaFM1AOcS,44:D2:44:DD:32:49,-85,11
24/04/2026,07:41:39,193,Lab. de matemática,IFPB,2C:57:41:CD:E1:C0,-85,11
24/04/2026,07:41:39,193,Lab. de matemática,IFPB,84:F1:47:54:FD:60,-86,1
24/04/2026,07:41:39,193,Lab. de matemática,IFPB-VISITANTE,84:F1:47:54:8B:A2,-86,1
24/04/2026,07:41:39,193,Lab. de matemática,Lab. de Sinais Digitais,18:D6:C7:F9:37:2F,-86,11
24/04/2026,07:41:39,193,Lab. de matemática,IFPB-VISITANTE,2C:57:41:CD:E1:C2,-86,11
24/04/2026,07:41:39,193,Lab. de matemática,IFPB-VISITANTE,2C:57:41:D4:A5:22,-86,11
24/04/2026,07:41:39,193,Lab. de matemática,IFPB,84:F1:47:54:F9:80,-86,11
24/04/2026,07:41:39,193,Lab. de matemática,IFPB-VISITANTE,84:F1:47:54:FD:62,-87,1
24/04/2026,07:41:39,193,Lab. de matemática,IFPB,84:F1:47:54:8B:A0,-87,1
24/04/2026,07:41:39,193,Lab. de matemática,IFPB-VISITANTE,84:F1:47:54:7F:62,-88,6
24/04/2026,07:41:39,193,Lab. de matemática,TP-Link_1324,7C:F1:7E:8D:13:22,-88,10
24/04/2026,07:41:39,193,Lab. de matemática,IFPB-VISITANTE,84:F1:47:54:F9:82,-88,11
24/04/2026,07:41:39,193,Lab. de matemática,IFPB,2C:57:41:D4:A5:20,-89,11
24/04/2026,07:41:39,193,Lab. de matemática,IFPB-MM,54:E6:FC:BA:AD:86,-91,1
24/04/2026,07:41:39,193,Lab. de matemática,INTELBRAS,D8:36:5F:54:70:40,-92,7
24/04/2026,07:41:39,193,Lab. de matemática,TP-Link_C3CB,D8:0D:17:3E:C3:CB,-93,4
24/04/2026,07:41:49,194,Lab. de matemática,NPEF/NEPA,50:C7:BF:EF:56:8A,-70,3
24/04/2026,07:41:49,194,Lab. de matemática,IFPB-VISITANTE,84:F1:47:54:80:62,-79,11
24/04/2026,07:41:49,194,Lab. de matemática,IFPB,84:F1:47:54:80:60,-79,11
24/04/2026,07:41:49,194,Lab. de matemática,EBF243D6-HE8D94yaFM1AOcS,44:D2:44:DD:32:49,-84,11
24/04/2026,07:41:49,194,Lab. de matemática,IFPB,84:F1:47:54:F9:80,-84,11
24/04/2026,07:41:49,194,Lab. de matemática,IFPB-VISITANTE,84:F1:47:54:F9:82,-84,11
24/04/2026,07:41:49,194,Lab. de matemática,IFPB,84:F1:47:54:FD:60,-86,1
24/04/2026,07:41:49,194,Lab. de matemática,IFPB-VISITANTE,84:F1:47:54:6B:82,-86,6
24/04/2026,07:41:49,194,Lab. de matemática,IFPB,84:F1:47:54:6B:80,-86,6
24/04/2026,07:41:49,194,Lab. de matemática,UA2-MiniLab,60:32:B1:2D:66:C3,-87,10
24/04/2026,07:41:49,194,Lab. de matemática,IFPB-VISITANTE,84:F1:47:54:FD:62,-88,1
24/04/2026,07:41:49,194,Lab. de matemática,IFPB-VISITANTE,2C:57:41:CD:E1:C2,-89,11
24/04/2026,07:41:49,194,Lab. de matemática,IFPB,2C:57:41:D4:A5:20,-89,11
24/04/2026,07:41:49,194,Lab. de matemática,IFPB-VISITANTE,2C:57:41:D4:A5:22,-89,11
24/04/2026,07:41:49,194,Lab. de matemática,IFPB-MM,54:E6:FC:BA:AD:86,-90,1
24/04/2026,07:41:49,194,Lab. de matemática,TP-Link_1324,7C:F1:7E:8D:13:22,-90,10
24/04/2026,07:41:49,194,Lab. de matemática,IFPB,2C:57:41:CD:E1:C0,-90,11
24/04/2026,07:41:49,194,Lab. de matemática,Lab. de Sinais Digitais,18:D6:C7:F9:37:2F,-92,11
24/04/2026,07:41:49,194,Lab. de matemática,TP-Link_C3CB,D8:0D:17:3E:C3:CB,-94,4
24/04/2026,07:41:49,194,Lab. de matemática,INTELBRAS,D8:36:5F:54:70:40,-94,7
24/04/2026,07:41:59,195,Lab. de matemática,NPEF/NEPA,50:C7:BF:EF:56:8A,-70,3
24/04/2026,07:41:59,195,Lab. de matemática,IFPB,84:F1:47:54:8B:A0,-80,1
24/04/2026,07:41:59,195,Lab. de matemática,IFPB-VISITANTE,84:F1:47:54:8B:A2,-80,1
24/04/2026,07:41:59,195,Lab. de matemática,IFPB,84:F1:47:54:80:60,-80,11
24/04/2026,07:41:59,195,Lab. de matemática,IFPB-VISITANTE,84:F1:47:54:80:62,-80,11
24/04/2026,07:41:59,195,Lab. de matemática,IFPB,84:F1:47:54:FD:60,-82,1
24/04/2026,07:41:59,195,Lab. de matemática,IFPB-VISITANTE,84:F1:47:54:FD:62,-82,1
24/04/2026,07:41:59,195,Lab. de matemática,UA2-MiniLab,60:32:B1:2D:66:C3,-84,10
24/04/2026,07:41:59,195,Lab. de matemática,IFPB-VISITANTE,84:F1:47:54:F9:82,-84,11
24/04/2026,07:41:59,195,Lab. de matemática,IFPB,84:F1:47:54:6B:80,-85,6
24/04/2026,07:41:59,195,Lab. de matemática,IFPB,84:F1:47:54:F9:80,-85,11
24/04/2026,07:41:59,195,Lab. de matemática,EBF243D6-HE8D94yaFM1AOcS,44:D2:44:DD:32:49,-85,11
24/04/2026,07:41:59,195,Lab. de matemática,IFPB-VISITANTE,84:F1:47:54:6B:82,-86,6
24/04/2026,07:41:59,195,Lab. de matemática,IFPB-VISITANTE,2C:57:41:CD:E1:C2,-88,11
24/04/2026,07:41:59,195,Lab. de matemática,IFPB,84:F1:47:54:7F:60,-89,6
24/04/2026,07:41:59,195,Lab. de matemática,IFPB-VISITANTE,84:F1:47:54:7F:62,-89,6
24/04/2026,07:41:59,195,Lab. de matemática,IFPB,2C:57:41:D4:A5:20,-89,11
24/04/2026,07:41:59,195,Lab. de matemática,IFPB-VISITANTE,2C:57:41:D4:A5:22,-89,11
24/04/2026,07:41:59,195,Lab. de matemática,TP-Link_1324,7C:F1:7E:8D:13:22,-90,10
24/04/2026,07:41:59,195,Lab. de matemática,Lab. de Sinais Digitais,18:D6:C7:F9:37:2F,-90,11
24/04/2026,07:41:59,195,Lab. de matemática,IFPB,2C:57:41:CD:E1:C0,-90,11
24/04/2026,07:41:59,195,Lab. de matemática,IFPB-MM,54:E6:FC:BA:AD:86,-91,1
24/04/2026,07:41:59,195,Lab. de matemática,TP-Link_C3CB,D8:0D:17:3E:C3:CB,-93,4
24/04/2026,07:41:59,195,Lab. de matemática,INTELBRAS,D8:36:5F:54:70:40,-94,7
24/04/2026,07:42:09,196,Lab. de matemática,NPEF/NEPA,50:C7:BF:EF:56:8A,-70,3
24/04/2026,07:42:09,196,Lab. de matemática,IFPB,84:F1:47:54:FD:60,-80,1
24/04/2026,07:42:09,196,Lab. de matemática,IFPB-VISITANTE,84:F1:47:54:FD:62,-80,1
24/04/2026,07:42:09,196,Lab. de matemática,IFPB-VISITANTE,84:F1:47:54:80:62,-80,11
24/04/2026,07:42:09,196,Lab. de matemática,IFPB,84:F1:47:54:8B:A0,-81,1
24/04/2026,07:42:09,196,Lab. de matemática,IFPB-VISITANTE,84:F1:47:54:8B:A2,-81,1
24/04/2026,07:42:09,196,Lab. de matemática,IFPB,84:F1:47:54:80:60,-81,11
24/04/2026,07:42:09,196,Lab. de matemática,IFPB,84:F1:47:54:6B:80,-85,6
24/04/2026,07:42:09,196,Lab. de matemática,Lab. de Sinais Digitais,18:D6:C7:F9:37:2F,-85,11
24/04/2026,07:42:09,196,Lab. de matemática,IFPB-VISITANTE,84:F1:47:54:F9:82,-85,11
24/04/2026,07:42:09,196,Lab. de matemática,IFPB,84:F1:47:54:F9:80,-86,11
24/04/2026,07:42:09,196,Lab. de matemática,EBF243D6-HE8D94yaFM1AOcS,44:D2:44:DD:32:49,-86,11
24/04/2026,07:42:09,196,Lab. de matemática,IFPB-VISITANTE,84:F1:47:54:6B:82,-87,6
24/04/2026,07:42:09,196,Lab. de matemática,IFPB-VISITANTE,84:F1:47:54:7F:62,-87,6
24/04/2026,07:42:09,196,Lab. de matemática,TP-Link_1324,7C:F1:7E:8D:13:22,-88,10
24/04/2026,07:42:09,196,Lab. de matemática,UA2-MiniLab,60:32:B1:2D:66:C3,-88,10
24/04/2026,07:42:09,196,Lab. de matemática,IFPB-VISITANTE,2C:57:41:CD:E1:C2,-88,11
24/04/2026,07:42:09,196,Lab. de matemática,IFPB,2C:57:41:CD:E1:C0,-89,11
24/04/2026,07:42:09,196,Lab. de matemática,IFPB-VISITANTE,2C:57:41:D4:A5:22,-89,11
24/04/2026,07:42:09,196,Lab. de matemática,IFPB-MM,54:E6:FC:BA:AD:86,-90,1
24/04/2026,07:42:09,196,Lab. de matemática,IFPB,84:F1:47:54:7F:60,-90,6
24/04/2026,07:42:09,196,Lab. de matemática,IFPB,2C:57:41:D4:A5:20,-92,11
24/04/2026,07:42:09,196,Lab. de matemática,TP-Link_C3CB,D8:0D:17:3E:C3:CB,-93,4
24/04/2026,07:42:10,196,Lab. de matemática,INTELBRAS,D8:36:5F:54:70:40,-95,7
24/04/2026,07:42:19,197,Lab. de matemática,NPEF/NEPA,50:C7:BF:EF:56:8A,-70,3
24/04/2026,07:42:19,197,Lab. de matemática,IFPB,84:F1:47:54:80:60,-80,11
24/04/2026,07:42:19,197,Lab. de matemática,IFPB-VISITANTE,84:F1:47:54:80:62,-80,11
24/04/2026,07:42:19,197,Lab. de matemática,IFPB-VISITANTE,84:F1:47:54:FD:62,-82,1
24/04/2026,07:42:19,197,Lab. de matemática,IFPB-VISITANTE,84:F1:47:54:8B:A2,-83,1
24/04/2026,07:42:19,197,Lab. de matemática,IFPB,84:F1:47:54:8B:A0,-83,1
24/04/2026,07:42:19,197,Lab. de matemática,IFPB-VISITANTE,84:F1:47:54:6B:82,-84,6
24/04/2026,07:42:19,197,Lab. de matemática,IFPB,84:F1:47:54:6B:80,-85,6
24/04/2026,07:42:19,197,Lab. de matemática,EBF243D6-HE8D94yaFM1AOcS,44:D2:44:DD:32:49,-86,11
24/04/2026,07:42:19,197,Lab. de matemática,IFPB-MM,54:E6:FC:BA:AD:86,-87,1
24/04/2026,07:42:19,197,Lab. de matemática,IFPB,84:F1:47:54:7F:60,-87,6
24/04/2026,07:42:19,197,Lab. de matemática,IFPB-VISITANTE,84:F1:47:54:7F:62,-88,6
24/04/2026,07:42:19,197,Lab. de matemática,TP-Link_1324,7C:F1:7E:8D:13:22,-88,10
24/04/2026,07:42:19,197,Lab. de matemática,UA2-MiniLab,60:32:B1:2D:66:C3,-88,10
24/04/2026,07:42:19,197,Lab. de matemática,IFPB,2C:57:41:CD:E1:C0,-88,11
24/04/2026,07:42:19,197,Lab. de matemática,IFPB-VISITANTE,2C:57:41:CD:E1:C2,-88,11
24/04/2026,07:42:20,197,Lab. de matemática,IFPB-VISITANTE,84:F1:47:54:F9:82,-88,11
24/04/2026,07:42:20,197,Lab. de matemática,Lab. de Sinais Digitais,18:D6:C7:F9:37:2F,-88,11
24/04/2026,07:42:20,197,Lab. de matemática,IFPB,84:F1:47:54:F9:80,-88,11
24/04/2026,07:42:20,197,Lab. de matemática,TP-Link_C3CB,D8:0D:17:3E:C3:CB,-90,4
24/04/2026,07:42:29,198,Lab. de matemática,NPEF/NEPA,50:C7:BF:EF:56:8A,-76,3
24/04/2026,07:42:29,198,Lab. de matemática,IFPB-VISITANTE,84:F1:47:54:80:62,-81,11
24/04/2026,07:42:29,198,Lab. de matemática,IFPB,84:F1:47:54:80:60,-82,11
24/04/2026,07:42:29,198,Lab. de matemática,IFPB,84:F1:47:54:FD:60,-83,1
24/04/2026,07:42:29,198,Lab. de matemática,IFPB,84:F1:47:54:8B:A0,-83,1
24/04/2026,07:42:29,198,Lab. de matemática,IFPB-VISITANTE,84:F1:47:54:FD:62,-83,1
24/04/2026,07:42:29,198,Lab. de matemática,IFPB-VISITANTE,84:F1:47:54:8B:A2,-83,1
24/04/2026,07:42:29,198,Lab. de matemática,IFPB,84:F1:47:54:6B:80,-83,6
24/04/2026,07:42:29,198,Lab. de matemática,IFPB-VISITANTE,84:F1:47:54:6B:82,-84,6
24/04/2026,07:42:29,198,Lab. de matemática,EBF243D6-HE8D94yaFM1AOcS,44:D2:44:DD:32:49,-84,11
24/04/2026,07:42:29,198,Lab. de matemática,Lab. de Sinais Digitais,18:D6:C7:F9:37:2F,-85,11
24/04/2026,07:42:29,198,Lab. de matemática,IFPB,84:F1:47:54:F9:80,-86,11
24/04/2026,07:42:29,198,Lab. de matemática,IFPB-VISITANTE,84:F1:47:54:F9:82,-87,11
24/04/2026,07:42:29,198,Lab. de matemática,IFPB-MM,54:E6:FC:BA:AD:86,-88,1
24/04/2026,07:42:29,198,Lab. de matemática,UA2-MiniLab,60:32:B1:2D:66:C3,-88,10
24/04/2026,07:42:29,198,Lab. de matemática,IFPB-VISITANTE,84:F1:47:54:7F:62,-89,6
24/04/2026,07:42:29,198,Lab. de matemática,IFPB,84:F1:47:54:7F:60,-89,6
24/04/2026,07:42:30,198,Lab. de matemática,IFPB,2C:57:41:CD:E1:C0,-89,11
24/04/2026,07:42:30,198,Lab. de matemática,IFPB-VISITANTE,2C:57:41:CD:E1:C2,-89,11
24/04/2026,07:42:30,198,Lab. de matemática,IFPB,2C:57:41:D4:A5:20,-91,11
24/04/2026,07:42:30,198,Lab. de matemática,TP-Link_C3CB,D8:0D:17:3E:C3:CB,-92,4
24/04/2026,07:42:30,198,Lab. de matemática,TP-Link_1324,7C:F1:7E:8D:13:22,-94,10
24/04/2026,07:42:39,199,Lab. de matemática,NPEF/NEPA,50:C7:BF:EF:56:8A,-70,3
24/04/2026,07:42:39,199,Lab. de matemática,IFPB,84:F1:47:54:80:60,-80,11
24/04/2026,07:42:39,199,Lab. de matemática,IFPB-VISITANTE,84:F1:47:54:80:62,-81,11
24/04/2026,07:42:39,199,Lab. de matemática,IFPB,84:F1:47:54:FD:60,-82,1
24/04/2026,07:42:39,199,Lab. de matemática,IFPB-VISITANTE,84:F1:47:54:8B:A2,-82,1
24/04/2026,07:42:39,199,Lab. de matemática,IFPB-VISITANTE,84:F1:47:54:FD:62,-82,1
24/04/2026,07:42:39,199,Lab. de matemática,IFPB,84:F1:47:54:8B:A0,-82,1
24/04/2026,07:42:39,199,Lab. de matemática,IFPB,84:F1:47:54:6B:80,-84,6
24/04/2026,07:42:39,199,Lab. de matemática,IFPB,84:F1:47:54:F9:80,-84,11
24/04/2026,07:42:39,199,Lab. de matemática,IFPB-VISITANTE,84:F1:47:54:6B:82,-85,6
24/04/2026,07:42:39,199,Lab. de matemática,UA2-MiniLab,60:32:B1:2D:66:C3,-85,10
24/04/2026,07:42:39,199,Lab. de matemática,IFPB-VISITANTE,84:F1:47:54:F9:82,-85,11
24/04/2026,07:42:39,199,Lab. de matemática,EBF243D6-HE8D94yaFM1AOcS,44:D2:44:DD:32:49,-86,11
24/04/2026,07:42:39,199,Lab. de matemática,IFPB-MM,54:E6:FC:BA:AD:86,-87,1
24/04/2026,07:42:39,199,Lab. de matemática,Lab. de Sinais Digitais,18:D6:C7:F9:37:2F,-87,11
24/04/2026,07:42:39,199,Lab. de matemática,IFPB-VISITANTE,84:F1:47:54:7F:62,-88,6
24/04/2026,07:42:39,199,Lab. de matemática,IFPB,84:F1:47:54:7F:60,-89,6
24/04/2026,07:42:40,199,Lab. de matemática,TP-Link_1324,7C:F1:7E:8D:13:22,-89,10
24/04/2026,07:42:40,199,Lab. de matemática,IFPB-VISITANTE,2C:57:41:D4:A5:22,-89,11
24/04/2026,07:42:40,199,Lab. de matemática,IFPB,2C:57:41:D4:A5:20,-89,11
24/04/2026,07:42:40,199,Lab. de matemática,IFPB,2C:57:41:CD:E1:C0,-90,11
24/04/2026,07:42:40,199,Lab. de matemática,TP-Link_C3CB,D8:0D:17:3E:C3:CB,-91,4
24/04/2026,07:42:40,199,Lab. de matemática,IFPB-VISITANTE,2C:57:41:CD:E1:C2,-91,11
24/04/2026,07:42:40,199,Lab. de matemática,APTelefonia,58:10:8C:91:F3:AA,-94,1
24/04/2026,07:42:40,199,Lab. de matemática,INTELBRAS,D8:36:5F:54:70:40,-95,7
24/04/2026,07:42:49,200,Lab. de matemática,NPEF/NEPA,50:C7:BF:EF:56:8A,-68,3
24/04/2026,07:42:49,200,Lab. de matemática,IFPB,84:F1:47:54:80:60,-80,11
24/04/2026,07:42:49,200,Lab. de matemática,IFPB-VISITANTE,84:F1:47:54:80:62,-80,11
24/04/2026,07:42:49,200,Lab. de matemática,IFPB-VISITANTE,84:F1:47:54:8B:A2,-81,1
24/04/2026,07:42:49,200,Lab. de matemática,IFPB,84:F1:47:54:8B:A0,-81,1
24/04/2026,07:42:49,200,Lab. de matemática,IFPB-VISITANTE,84:F1:47:54:FD:62,-82,1
24/04/2026,07:42:49,200,Lab. de matemática,IFPB-VISITANTE,84:F1:47:54:6B:82,-82,6
24/04/2026,07:42:49,200,Lab. de matemática,IFPB,84:F1:47:54:6B:80,-83,6
24/04/2026,07:42:49,200,Lab. de matemática,EBF243D6-HE8D94yaFM1AOcS,44:D2:44:DD:32:49,-84,11
24/04/2026,07:42:49,200,Lab. de matemática,UA2-MiniLab,60:32:B1:2D:66:C3,-85,10
24/04/2026,07:42:49,200,Lab. de matemática,Lab. de Sinais Digitais,18:D6:C7:F9:37:2F,-86,11
24/04/2026,07:42:50,200,Lab. de matemática,IFPB-VISITANTE,2C:57:41:CD:E1:C2,-86,11
24/04/2026,07:42:50,200,Lab. de matemática,IFPB,84:F1:47:54:F9:80,-87,11
24/04/2026,07:42:50,200,Lab. de matemática,IFPB,2C:57:41:CD:E1:C0,-87,11
24/04/2026,07:42:50,200,Lab. de matemática,IFPB-MM,54:E6:FC:BA:AD:86,-88,1
24/04/2026,07:42:50,200,Lab. de matemática,IFPB-VISITANTE,2C:57:41:D4:A5:22,-88,11
24/04/2026,07:42:50,200,Lab. de matemática,IFPB,2C:57:41:D4:A5:20,-88,11
24/04/2026,07:42:50,200,Lab. de matemática,IFPB-VISITANTE,84:F1:47:54:F9:82,-89,11
24/04/2026,07:42:50,200,Lab. de matemática,INTELBRAS,D8:36:5F:54:70:40,-92,7
24/04/2026,07:42:50,200,Lab. de matemática,TP-Link_1324,7C:F1:7E:8D:13:22,-92,10
24/04/2026,07:42:50,200,Lab. de matemática,TP-Link_C3CB,D8:0D:17:3E:C3:CB,-93,4
24/04/2026,07:44:27,201,Lab. de biologia,IFPB,24:36:DA:2B:BC:00,-66,6
24/04/2026,07:44:27,201,Lab. de biologia,IFPB-VISITANTE,24:36:DA:2B:BC:02,-66,6
24/04/2026,07:44:27,201,Lab. de biologia,Intelbras,18:0D:2C:7F:EB:AC,-74,7
24/04/2026,07:44:27,201,Lab. de biologia,NPEF/NEPA,50:C7:BF:EF:56:8A,-75,3
24/04/2026,07:44:27,201,Lab. de biologia,IFPB,84:F1:47:54:6B:80,-75,6
24/04/2026,07:44:27,201,Lab. de biologia,IFPB-VISITANTE,84:F1:47:54:6B:82,-76,6
24/04/2026,07:44:27,201,Lab. de biologia,IFPB-Sala_Professor_14,24:FD:0D:57:19:26,-78,5
24/04/2026,07:44:27,201,Lab. de biologia,TP-Link_1324,7C:F1:7E:8D:13:22,-79,10
24/04/2026,07:44:27,201,Lab. de biologia,IFPB-VISITANTE,84:F1:47:54:8B:A2,-80,1
24/04/2026,07:44:27,201,Lab. de biologia,APTelefonia,58:10:8C:91:F3:AA,-80,1
24/04/2026,07:44:27,201,Lab. de biologia,IFPB,84:F1:47:54:8B:A0,-81,1
24/04/2026,07:44:27,201,Lab. de biologia,Lab. de Sinais Digitais,18:D6:C7:F9:37:2F,-82,11
24/04/2026,07:44:27,201,Lab. de biologia,GPDS,00:26:5A:66:55:EF,-87,6
24/04/2026,07:44:27,201,Lab. de biologia,UA2-MiniLab,60:32:B1:2D:66:C3,-87,10
24/04/2026,07:44:27,201,Lab. de biologia,EBF243D6-HE8D94yaFM1AOcS,44:D2:44:DD:32:49,-87,11
24/04/2026,07:44:27,201,Lab. de biologia,IFPB,2C:57:41:CD:E1:C0,-87,11
24/04/2026,07:44:27,201,Lab. de biologia,IFPB,84:F1:47:54:81:00,-87,11
24/04/2026,07:44:27,201,Lab. de biologia,IFPB-VISITANTE,84:F1:47:54:81:02,-87,11
24/04/2026,07:44:27,201,Lab. de biologia,IFPB-VISITANTE,2C:57:41:CD:E1:C2,-88,11
24/04/2026,07:44:27,201,Lab. de biologia,brisa-3861242,24:2F:D0:CC:ED:8C,-89,2
24/04/2026,07:44:27,201,Lab. de biologia,IFPB,E4:4E:2D:85:4C:60,-90,11
24/04/2026,07:44:27,201,Lab. de biologia,SALA_MESTRADO,64:66:B3:62:EB:86,-92,1
24/04/2026,07:44:27,201,Lab. de biologia,IFPB-VISITANTE,E4:4E:2D:85:4C:62,-92,11
24/04/2026,07:44:27,201,Lab. de biologia,CLARO-WIFI-PILOTO,FA:D2:AC:5E:66:C1,-93,11
24/04/2026,07:44:27,201,Lab. de biologia,JORGE208,F8:D2:AC:5E:66:C7,-94,11
24/04/2026,07:44:27,201,Lab. de biologia,IFPB-MM,54:E6:FC:BA:AD:86,-95,1
24/04/2026,07:44:37,202,Lab. de biologia,IFPB,24:36:DA:2B:BC:00,-61,6
24/04/2026,07:44:37,202,Lab. de biologia,IFPB-VISITANTE,24:36:DA:2B:BC:02,-61,6
24/04/2026,07:44:37,202,Lab. de biologia,NPEF/NEPA,50:C7:BF:EF:56:8A,-73,3
24/04/2026,07:44:37,202,Lab. de biologia,Intelbras,18:0D:2C:7F:EB:AC,-73,7
24/04/2026,07:44:37,202,Lab. de biologia,IFPB-VISITANTE,84:F1:47:54:6B:82,-76,6
24/04/2026,07:44:37,202,Lab. de biologia,IFPB,84:F1:47:54:6B:80,-76,6
24/04/2026,07:44:37,202,Lab. de biologia,IFPB,84:F1:47:54:8B:A0,-77,1
24/04/2026,07:44:37,202,Lab. de biologia,IFPB-VISITANTE,84:F1:47:54:8B:A2,-77,1
24/04/2026,07:44:37,202,Lab. de biologia,TP-Link_1324,7C:F1:7E:8D:13:22,-81,10
24/04/2026,07:44:37,202,Lab. de biologia,APTelefonia,58:10:8C:91:F3:AA,-82,1
24/04/2026,07:44:37,202,Lab. de biologia,IFPB-Sala_Professor_14,24:FD:0D:57:19:26,-82,5
24/04/2026,07:44:37,202,Lab. de biologia,IFPB,2C:57:41:CD:E1:C0,-83,11
24/04/2026,07:44:37,202,Lab. de biologia,GPDS,00:26:5A:66:55:EF,-84,6
24/04/2026,07:44:37,202,Lab. de biologia,Lab. de Sinais Digitais,18:D6:C7:F9:37:2F,-84,11
24/04/2026,07:44:37,202,Lab. de biologia,IFPB-VISITANTE,2C:57:41:CD:E1:C2,-84,11
24/04/2026,07:44:37,202,Lab. de biologia,IFPB,84:F1:47:54:81:00,-86,11
24/04/2026,07:44:37,202,Lab. de biologia,IFPB-VISITANTE,84:F1:47:54:81:02,-87,11
24/04/2026,07:44:37,202,Lab. de biologia,UA2-MiniLab,60:32:B1:2D:66:C3,-88,10
24/04/2026,07:44:37,202,Lab. de biologia,EBF243D6-HE8D94yaFM1AOcS,44:D2:44:DD:32:49,-88,11
24/04/2026,07:44:37,202,Lab. de biologia,brisa-3861242,24:2F:D0:CC:ED:8C,-89,2
24/04/2026,07:44:37,202,Lab. de biologia,SALA_MESTRADO,64:66:B3:62:EB:86,-93,1
24/04/2026,07:44:37,202,Lab. de biologia,JORGE208,F8:D2:AC:5E:66:C7,-93,11
24/04/2026,07:44:37,202,Lab. de biologia,CLARO-WIFI-PILOTO,FA:D2:AC:5E:66:C1,-94,11
24/04/2026,07:44:37,202,Lab. de biologia,IFPB-MM,54:E6:FC:BA:AD:86,-97,1
24/04/2026,07:44:47,203,Lab. de biologia,IFPB,24:36:DA:2B:BC:00,-57,6
24/04/2026,07:44:47,203,Lab. de biologia,IFPB-VISITANTE,24:36:DA:2B:BC:02,-57,6
24/04/2026,07:44:47,203,Lab. de biologia,Intelbras,18:0D:2C:7F:EB:AC,-72,7
24/04/2026,07:44:47,203,Lab. de biologia,IFPB-VISITANTE,84:F1:47:54:6B:82,-77,6
24/04/2026,07:44:47,203,Lab. de biologia,IFPB,84:F1:47:54:6B:80,-77,6
24/04/2026,07:44:47,203,Lab. de biologia,APTelefonia,58:10:8C:91:F3:AA,-78,1
24/04/2026,07:44:47,203,Lab. de biologia,NPEF/NEPA,50:C7:BF:EF:56:8A,-80,3
24/04/2026,07:44:47,203,Lab. de biologia,IFPB-Sala_Professor_14,24:FD:0D:57:19:26,-80,5
24/04/2026,07:44:47,203,Lab. de biologia,IFPB-VISITANTE,84:F1:47:54:8B:A2,-82,1
24/04/2026,07:44:47,203,Lab. de biologia,TP-Link_1324,7C:F1:7E:8D:13:22,-82,10
24/04/2026,07:44:47,203,Lab. de biologia,Lab. de Sinais Digitais,18:D6:C7:F9:37:2F,-82,11
24/04/2026,07:44:47,203,Lab. de biologia,IFPB,84:F1:47:54:8B:A0,-83,1
24/04/2026,07:44:47,203,Lab. de biologia,GPDS,00:26:5A:66:55:EF,-84,6
24/04/2026,07:44:47,203,Lab. de biologia,EBF243D6-HE8D94yaFM1AOcS,44:D2:44:DD:32:49,-86,11
24/04/2026,07:44:47,203,Lab. de biologia,IFPB-VISITANTE,84:F1:47:54:81:02,-87,11
24/04/2026,07:44:47,203,Lab. de biologia,SALA_MESTRADO,64:66:B3:62:EB:86,-89,1
24/04/2026,07:44:47,203,Lab. de biologia,IFPB,2C:57:41:CD:E1:C0,-89,11
24/04/2026,07:44:47,203,Lab. de biologia,IFPB,84:F1:47:54:81:00,-89,11
24/04/2026,07:44:47,203,Lab. de biologia,IFPB-VISITANTE,2C:57:41:CD:E1:C2,-89,11
24/04/2026,07:44:47,203,Lab. de biologia,UA2-MiniLab,60:32:B1:2D:66:C3,-91,10
24/04/2026,07:44:47,203,Lab. de biologia,CLARO-WIFI-PILOTO,FA:D2:AC:5E:66:C1,-91,11
24/04/2026,07:44:47,203,Lab. de biologia,JORGE208,F8:D2:AC:5E:66:C7,-91,11
24/04/2026,07:44:47,203,Lab. de biologia,brisa-3861242,24:2F:D0:CC:ED:8C,-94,2
24/04/2026,07:44:57,204,Lab. de biologia,IFPB,24:36:DA:2B:BC:00,-58,6
24/04/2026,07:44:57,204,Lab. de biologia,IFPB-VISITANTE,24:36:DA:2B:BC:02,-58,6
24/04/2026,07:44:57,204,Lab. de biologia,Intelbras,18:0D:2C:7F:EB:AC,-74,7
24/04/2026,07:44:57,204,Lab. de biologia,APTelefonia,58:10:8C:91:F3:AA,-77,1
24/04/2026,07:44:57,204,Lab. de biologia,NPEF/NEPA,50:C7:BF:EF:56:8A,-77,3
24/04/2026,07:44:57,204,Lab. de biologia,IFPB-Sala_Professor_14,24:FD:0D:57:19:26,-77,5
24/04/2026,07:44:57,204,Lab. de biologia,TP-Link_1324,7C:F1:7E:8D:13:22,-77,10
24/04/2026,07:44:57,204,Lab. de biologia,IFPB-VISITANTE,84:F1:47:54:8B:A2,-78,1
24/04/2026,07:44:57,204,Lab. de biologia,IFPB,84:F1:47:54:6B:80,-79,6
24/04/2026,07:44:57,204,Lab. de biologia,IFPB-VISITANTE,84:F1:47:54:6B:82,-79,6
24/04/2026,07:44:57,204,Lab. de biologia,IFPB,84:F1:47:54:8B:A0,-80,1
24/04/2026,07:44:57,204,Lab. de biologia,Lab. de Sinais Digitais,18:D6:C7:F9:37:2F,-84,11
24/04/2026,07:44:57,204,Lab. de biologia,IFPB,2C:57:41:CD:E1:C0,-85,11
24/04/2026,07:44:57,204,Lab. de biologia,IFPB-VISITANTE,2C:57:41:CD:E1:C2,-85,11
24/04/2026,07:44:57,204,Lab. de biologia,EBF243D6-HE8D94yaFM1AOcS,44:D2:44:DD:32:49,-86,11
24/04/2026,07:44:57,204,Lab. de biologia,GPDS,00:26:5A:66:55:EF,-88,6
24/04/2026,07:44:57,204,Lab. de biologia,UA2-MiniLab,60:32:B1:2D:66:C3,-89,10
24/04/2026,07:44:57,204,Lab. de biologia,brisa-3861242,24:2F:D0:CC:ED:8C,-91,2
24/04/2026,07:44:57,204,Lab. de biologia,JORGE208,F8:D2:AC:5E:66:C7,-92,11
24/04/2026,07:44:57,204,Lab. de biologia,SALA_MESTRADO,64:66:B3:62:EB:86,-93,1
24/04/2026,07:44:57,204,Lab. de biologia,IFPB TCC,D8:5D:4C:86:7E:66,-94,1
24/04/2026,07:44:57,204,Lab. de biologia,CLARO-WIFI-PILOTO,FA:D2:AC:5E:66:C1,-95,11
24/04/2026,07:45:07,205,Lab. de biologia,IFPB,24:36:DA:2B:BC:00,-60,6
24/04/2026,07:45:07,205,Lab. de biologia,IFPB-VISITANTE,24:36:DA:2B:BC:02,-61,6
24/04/2026,07:45:07,205,Lab. de biologia,IFPB,84:F1:47:54:6B:80,-72,6
24/04/2026,07:45:07,205,Lab. de biologia,IFPB-VISITANTE,84:F1:47:54:6B:82,-73,6
24/04/2026,07:45:07,205,Lab. de biologia,APTelefonia,58:10:8C:91:F3:AA,-74,1
24/04/2026,07:45:07,205,Lab. de biologia,NPEF/NEPA,50:C7:BF:EF:56:8A,-76,3
24/04/2026,07:45:07,205,Lab. de biologia,Intelbras,18:0D:2C:7F:EB:AC,-76,7
24/04/2026,07:45:07,205,Lab. de biologia,TP-Link_1324,7C:F1:7E:8D:13:22,-80,10
24/04/2026,07:45:07,205,Lab. de biologia,IFPB-Sala_Professor_14,24:FD:0D:57:19:26,-81,5
24/04/2026,07:45:07,205,Lab. de biologia,IFPB-VISITANTE,84:F1:47:54:8B:A2,-84,1
24/04/2026,07:45:07,205,Lab. de biologia,IFPB,84:F1:47:54:8B:A0,-85,1
24/04/2026,07:45:07,205,Lab. de biologia,Lab. de Sinais Digitais,18:D6:C7:F9:37:2F,-85,11
24/04/2026,07:45:07,205,Lab. de biologia,IFPB,2C:57:41:CD:E1:C0,-85,11
24/04/2026,07:45:07,205,Lab. de biologia,IFPB-VISITANTE,2C:57:41:CD:E1:C2,-85,11
24/04/2026,07:45:07,205,Lab. de biologia,GPDS,00:26:5A:66:55:EF,-87,6
24/04/2026,07:45:07,205,Lab. de biologia,JORGE208,F8:D2:AC:5E:66:C7,-87,11
24/04/2026,07:45:07,205,Lab. de biologia,UA2-MiniLab,60:32:B1:2D:66:C3,-88,10
24/04/2026,07:45:07,205,Lab. de biologia,IFPB,84:F1:47:54:81:00,-89,11
24/04/2026,07:45:07,205,Lab. de biologia,EBF243D6-HE8D94yaFM1AOcS,44:D2:44:DD:32:49,-89,11
24/04/2026,07:45:07,205,Lab. de biologia,IFPB-VISITANTE,84:F1:47:54:81:02,-90,11
24/04/2026,07:45:07,205,Lab. de biologia,brisa-3861242,24:2F:D0:CC:ED:8C,-91,2
24/04/2026,07:45:07,205,Lab. de biologia,IFPB-VISITANTE,E4:4E:2D:85:4C:62,-91,11
24/04/2026,07:45:07,205,Lab. de biologia,CLARO-WIFI-PILOTO,FA:D2:AC:5E:66:C1,-93,11
24/04/2026,07:45:17,206,Lab. de biologia,IFPB,24:36:DA:2B:BC:00,-65,6
24/04/2026,07:45:17,206,Lab. de biologia,IFPB-VISITANTE,24:36:DA:2B:BC:02,-65,6
24/04/2026,07:45:17,206,Lab. de biologia,APTelefonia,58:10:8C:91:F3:AA,-73,1
24/04/2026,07:45:17,206,Lab. de biologia,Intelbras,18:0D:2C:7F:EB:AC,-73,7
24/04/2026,07:45:17,206,Lab. de biologia,NPEF/NEPA,50:C7:BF:EF:56:8A,-75,3
24/04/2026,07:45:17,206,Lab. de biologia,IFPB,84:F1:47:54:6B:80,-76,6
24/04/2026,07:45:17,206,Lab. de biologia,IFPB-VISITANTE,84:F1:47:54:6B:82,-76,6
24/04/2026,07:45:17,206,Lab. de biologia,TP-Link_1324,7C:F1:7E:8D:13:22,-79,10
24/04/2026,07:45:17,206,Lab. de biologia,IFPB,84:F1:47:54:8B:A0,-82,1
24/04/2026,07:45:17,206,Lab. de biologia,IFPB-VISITANTE,84:F1:47:54:8B:A2,-83,1
24/04/2026,07:45:17,206,Lab. de biologia,IFPB-Sala_Professor_14,24:FD:0D:57:19:26,-83,5
24/04/2026,07:45:17,206,Lab. de biologia,IFPB,84:F1:47:54:81:00,-83,11
24/04/2026,07:45:17,206,Lab. de biologia,IFPB-VISITANTE,84:F1:47:54:81:02,-83,11
24/04/2026,07:45:17,206,Lab. de biologia,Lab. de Sinais Digitais,18:D6:C7:F9:37:2F,-84,11
24/04/2026,07:45:17,206,Lab. de biologia,UA2-MiniLab,60:32:B1:2D:66:C3,-86,10
24/04/2026,07:45:17,206,Lab. de biologia,IFPB,2C:57:41:CD:E1:C0,-87,11
24/04/2026,07:45:17,206,Lab. de biologia,IFPB-VISITANTE,2C:57:41:CD:E1:C2,-87,11
24/04/2026,07:45:17,206,Lab. de biologia,EBF243D6-HE8D94yaFM1AOcS,44:D2:44:DD:32:49,-88,11
24/04/2026,07:45:17,206,Lab. de biologia,IFPB-VISITANTE,E4:4E:2D:85:4C:62,-90,11
24/04/2026,07:45:17,206,Lab. de biologia,IFPB,E4:4E:2D:85:4C:60,-90,11
24/04/2026,07:45:17,206,Lab. de biologia,brisa-3861242,24:2F:D0:CC:ED:8C,-92,2
24/04/2026,07:45:18,206,Lab. de biologia,GPDS,00:26:5A:66:55:EF,-92,6
24/04/2026,07:45:18,206,Lab. de biologia,IFPB TCC,D8:5D:4C:86:7E:66,-94,1
24/04/2026,07:45:27,207,Lab. de biologia,IFPB,24:36:DA:2B:BC:00,-63,6
24/04/2026,07:45:27,207,Lab. de biologia,IFPB-VISITANTE,24:36:DA:2B:BC:02,-63,6
24/04/2026,07:45:27,207,Lab. de biologia,Intelbras,18:0D:2C:7F:EB:AC,-73,7
24/04/2026,07:45:27,207,Lab. de biologia,IFPB-VISITANTE,84:F1:47:54:8B:A2,-77,1
24/04/2026,07:45:27,207,Lab. de biologia,APTelefonia,58:10:8C:91:F3:AA,-77,1
24/04/2026,07:45:27,207,Lab. de biologia,IFPB,84:F1:47:54:6B:80,-77,6
24/04/2026,07:45:27,207,Lab. de biologia,IFPB-VISITANTE,84:F1:47:54:6B:82,-77,6
24/04/2026,07:45:27,207,Lab. de biologia,NPEF/NEPA,50:C7:BF:EF:56:8A,-78,3
24/04/2026,07:45:27,207,Lab. de biologia,IFPB,84:F1:47:54:8B:A0,-79,1
24/04/2026,07:45:27,207,Lab. de biologia,IFPB-Sala_Professor_14,24:FD:0D:57:19:26,-80,5
24/04/2026,07:45:27,207,Lab. de biologia,TP-Link_1324,7C:F1:7E:8D:13:22,-80,10
24/04/2026,07:45:27,207,Lab. de biologia,IFPB,84:F1:47:54:81:00,-82,11
24/04/2026,07:45:27,207,Lab. de biologia,GPDS,00:26:5A:66:55:EF,-85,6
24/04/2026,07:45:27,207,Lab. de biologia,IFPB-VISITANTE,2C:57:41:CD:E1:C2,-86,11
24/04/2026,07:45:27,207,Lab. de biologia,Lab. de Sinais Digitais,18:D6:C7:F9:37:2F,-87,11
24/04/2026,07:45:27,207,Lab. de biologia,IFPB,2C:57:41:CD:E1:C0,-87,11
24/04/2026,07:45:27,207,Lab. de biologia,EBF243D6-HE8D94yaFM1AOcS,44:D2:44:DD:32:49,-88,11
24/04/2026,07:45:28,207,Lab. de biologia,UA2-MiniLab,60:32:B1:2D:66:C3,-89,10
24/04/2026,07:45:28,207,Lab. de biologia,IFPB-VISITANTE,E4:4E:2D:85:4C:62,-90,11
24/04/2026,07:45:28,207,Lab. de biologia,IFPB,E4:4E:2D:85:4C:60,-90,11
24/04/2026,07:45:28,207,Lab. de biologia,SALA_MESTRADO,64:66:B3:62:EB:86,-92,1
24/04/2026,07:45:28,207,Lab. de biologia,brisa-3861242,24:2F:D0:CC:ED:8C,-94,2
24/04/2026,07:45:28,207,Lab. de biologia,CLARO-WIFI-PILOTO,FA:D2:AC:5E:66:C1,-94,11
24/04/2026,07:45:28,207,Lab. de biologia,JORGE208,F8:D2:AC:5E:66:C7,-95,11
24/04/2026,07:45:37,208,Lab. de biologia,IFPB,24:36:DA:2B:BC:00,-65,6
24/04/2026,07:45:37,208,Lab. de biologia,IFPB-VISITANTE,24:36:DA:2B:BC:02,-65,6
24/04/2026,07:45:37,208,Lab. de biologia,Intelbras,18:0D:2C:7F:EB:AC,-72,7
24/04/2026,07:45:37,208,Lab. de biologia,APTelefonia,58:10:8C:91:F3:AA,-77,1
24/04/2026,07:45:37,208,Lab. de biologia,IFPB,84:F1:47:54:8B:A0,-79,1
24/04/2026,07:45:37,208,Lab. de biologia,IFPB-VISITANTE,84:F1:47:54:8B:A2,-79,1
24/04/2026,07:45:37,208,Lab. de biologia,IFPB-VISITANTE,84:F1:47:54:6B:82,-79,6
24/04/2026,07:45:37,208,Lab. de biologia,IFPB,84:F1:47:54:6B:80,-80,6
24/04/2026,07:45:37,208,Lab. de biologia,TP-Link_1324,7C:F1:7E:8D:13:22,-80,10
24/04/2026,07:45:37,208,Lab. de biologia,NPEF/NEPA,50:C7:BF:EF:56:8A,-81,3
24/04/2026,07:45:37,208,Lab. de biologia,IFPB,84:F1:47:54:81:00,-83,11
24/04/2026,07:45:37,208,Lab. de biologia,IFPB-Sala_Professor_14,24:FD:0D:57:19:26,-84,5
24/04/2026,07:45:37,208,Lab. de biologia,Lab. de Sinais Digitais,18:D6:C7:F9:37:2F,-84,11
24/04/2026,07:45:37,208,Lab. de biologia,IFPB,2C:57:41:CD:E1:C0,-84,11
24/04/2026,07:45:37,208,Lab. de biologia,IFPB-VISITANTE,2C:57:41:CD:E1:C2,-84,11
24/04/2026,07:45:37,208,Lab. de biologia,IFPB-VISITANTE,84:F1:47:54:81:02,-84,11
24/04/2026,07:45:37,208,Lab. de biologia,GPDS,00:26:5A:66:55:EF,-87,6
24/04/2026,07:45:38,208,Lab. de biologia,EBF243D6-HE8D94yaFM1AOcS,44:D2:44:DD:32:49,-89,11
24/04/2026,07:45:38,208,Lab. de biologia,IFPB,E4:4E:2D:85:4C:60,-91,11
24/04/2026,07:45:38,208,Lab. de biologia,SALA_MESTRADO,64:66:B3:62:EB:86,-93,1
24/04/2026,07:45:38,208,Lab. de biologia,brisa-3861242,24:2F:D0:CC:ED:8C,-93,2
24/04/2026,07:45:38,208,Lab. de biologia,IFPB-VISITANTE,E4:4E:2D:85:4C:62,-93,11
24/04/2026,07:45:47,209,Lab. de biologia,IFPB-VISITANTE,24:36:DA:2B:BC:02,-64,6
24/04/2026,07:45:47,209,Lab. de biologia,IFPB,24:36:DA:2B:BC:00,-65,6
24/04/2026,07:45:47,209,Lab. de biologia,Intelbras,18:0D:2C:7F:EB:AC,-72,7
24/04/2026,07:45:47,209,Lab. de biologia,APTelefonia,58:10:8C:91:F3:AA,-75,1
24/04/2026,07:45:47,209,Lab. de biologia,IFPB,84:F1:47:54:6B:80,-75,6
24/04/2026,07:45:47,209,Lab. de biologia,IFPB-VISITANTE,84:F1:47:54:6B:82,-75,6
24/04/2026,07:45:47,209,Lab. de biologia,IFPB-VISITANTE,84:F1:47:54:8B:A2,-77,1
24/04/2026,07:45:47,209,Lab. de biologia,IFPB,84:F1:47:54:8B:A0,-78,1
24/04/2026,07:45:47,209,Lab. de biologia,TP-Link_1324,7C:F1:7E:8D:13:22,-79,10
24/04/2026,07:45:47,209,Lab. de biologia,NPEF/NEPA,50:C7:BF:EF:56:8A,-80,3
24/04/2026,07:45:47,209,Lab. de biologia,IFPB-Sala_Professor_14,24:FD:0D:57:19:26,-81,5
24/04/2026,07:45:47,209,Lab. de biologia,IFPB-VISITANTE,84:F1:47:54:81:02,-82,11
24/04/2026,07:45:47,209,Lab. de biologia,IFPB,84:F1:47:54:81:00,-82,11
24/04/2026,07:45:47,209,Lab. de biologia,IFPB,2C:57:41:CD:E1:C0,-84,11
24/04/2026,07:45:47,209,Lab. de biologia,IFPB-VISITANTE,2C:57:41:CD:E1:C2,-84,11
24/04/2026,07:45:47,209,Lab. de biologia,GPDS,00:26:5A:66:55:EF,-85,6
24/04/2026,07:45:47,209,Lab. de biologia,Lab. de Sinais Digitais,18:D6:C7:F9:37:2F,-85,11
24/04/2026,07:45:48,209,Lab. de biologia,EBF243D6-HE8D94yaFM1AOcS,44:D2:44:DD:32:49,-86,11
24/04/2026,07:45:48,209,Lab. de biologia,UA2-MiniLab,60:32:B1:2D:66:C3,-89,10
24/04/2026,07:45:48,209,Lab. de biologia,SALA_MESTRADO,64:66:B3:62:EB:86,-91,1
24/04/2026,07:45:48,209,Lab. de biologia,brisa-3861242,24:2F:D0:CC:ED:8C,-92,2
24/04/2026,07:45:48,209,Lab. de biologia,IFPB TCC,D8:5D:4C:86:7E:66,-94,1
24/04/2026,07:45:57,210,Lab. de biologia,IFPB,24:36:DA:2B:BC:00,-63,6
24/04/2026,07:45:57,210,Lab. de biologia,IFPB-VISITANTE,24:36:DA:2B:BC:02,-63,6
24/04/2026,07:45:57,210,Lab. de biologia,Intelbras,18:0D:2C:7F:EB:AC,-72,7
24/04/2026,07:45:57,210,Lab. de biologia,APTelefonia,58:10:8C:91:F3:AA,-76,1
24/04/2026,07:45:57,210,Lab. de biologia,IFPB,84:F1:47:54:8B:A0,-77,1
24/04/2026,07:45:57,210,Lab. de biologia,IFPB-VISITANTE,84:F1:47:54:8B:A2,-77,1
24/04/2026,07:45:57,210,Lab. de biologia,Lab. de Sinais Digitais,18:D6:C7:F9:37:2F,-77,11
24/04/2026,07:45:57,210,Lab. de biologia,TP-Link_1324,7C:F1:7E:8D:13:22,-78,10
24/04/2026,07:45:57,210,Lab. de biologia,NPEF/NEPA,50:C7:BF:EF:56:8A,-79,3
24/04/2026,07:45:57,210,Lab. de biologia,IFPB,84:F1:47:54:6B:80,-81,6
24/04/2026,07:45:57,210,Lab. de biologia,IFPB-VISITANTE,84:F1:47:54:6B:82,-81,6
24/04/2026,07:45:57,210,Lab. de biologia,IFPB-Sala_Professor_14,24:FD:0D:57:19:26,-82,5
24/04/2026,07:45:57,210,Lab. de biologia,IFPB,84:F1:47:54:81:00,-82,11
24/04/2026,07:45:57,210,Lab. de biologia,IFPB,2C:57:41:CD:E1:C0,-83,11
24/04/2026,07:45:57,210,Lab. de biologia,IFPB-VISITANTE,2C:57:41:CD:E1:C2,-84,11
24/04/2026,07:45:57,210,Lab. de biologia,GPDS,00:26:5A:66:55:EF,-85,6
24/04/2026,07:45:57,210,Lab. de biologia,UA2-MiniLab,60:32:B1:2D:66:C3,-86,10
24/04/2026,07:45:58,210,Lab. de biologia,EBF243D6-HE8D94yaFM1AOcS,44:D2:44:DD:32:49,-86,11
24/04/2026,07:45:58,210,Lab. de biologia,brisa-3861242,24:2F:D0:CC:ED:8C,-89,2
24/04/2026,07:45:58,210,Lab. de biologia,IFPB,E4:4E:2D:85:4C:60,-90,11
24/04/2026,07:45:58,210,Lab. de biologia,IFPB TCC,D8:5D:4C:86:7E:66,-91,1
24/04/2026,07:45:58,210,Lab. de biologia,SALA_MESTRADO,64:66:B3:62:EB:86,-93,1
24/04/2026,07:45:58,210,Lab. de biologia,NUNYA_Room_2.4GHz,CC:32:E5:0C:FC:2B,-94,9
24/04/2026,07:46:15,211,Lab. de física,IFPB,24:36:DA:2B:BC:00,-67,6
24/04/2026,07:46:15,211,Lab. de física,IFPB-VISITANTE,24:36:DA:2B:BC:02,-67,6
24/04/2026,07:46:15,211,Lab. de física,IFPB,84:F1:47:54:8B:A0,-74,1
24/04/2026,07:46:15,211,Lab. de física,IFPB-VISITANTE,84:F1:47:54:8B:A2,-74,1
24/04/2026,07:46:15,211,Lab. de física,IFPB,84:F1:47:54:6B:80,-74,6
24/04/2026,07:46:15,211,Lab. de física,IFPB-VISITANTE,84:F1:47:54:6B:82,-74,6
24/04/2026,07:46:15,211,Lab. de física,TP-Link_1324,7C:F1:7E:8D:13:22,-79,10
24/04/2026,07:46:15,211,Lab. de física,Intelbras,18:0D:2C:7F:EB:AC,-81,7
24/04/2026,07:46:15,211,Lab. de física,IFPB-VISITANTE,2C:57:41:CD:E1:C2,-81,11
24/04/2026,07:46:15,211,Lab. de física,Lab. de Sinais Digitais,18:D6:C7:F9:37:2F,-82,11
24/04/2026,07:46:15,211,Lab. de física,IFPB,2C:57:41:CD:E1:C0,-82,11
24/04/2026,07:46:15,211,Lab. de física,APTelefonia,58:10:8C:91:F3:AA,-84,1
24/04/2026,07:46:15,211,Lab. de física,IFPB,84:F1:47:54:FD:60,-85,1
24/04/2026,07:46:15,211,Lab. de física,GPDS,00:26:5A:66:55:EF,-85,6
24/04/2026,07:46:15,211,Lab. de física,IFPB-Sala_Professor_14,24:FD:0D:57:19:26,-87,5
24/04/2026,07:46:15,211,Lab. de física,UA2-MiniLab,60:32:B1:2D:66:C3,-87,10
24/04/2026,07:46:15,211,Lab. de física,EBF243D6-HE8D94yaFM1AOcS,44:D2:44:DD:32:49,-87,11
24/04/2026,07:46:15,211,Lab. de física,NPEF/NEPA,50:C7:BF:EF:56:8A,-89,3
24/04/2026,07:46:15,211,Lab. de física,JORGE208,F8:D2:AC:5E:66:C7,-90,11
24/04/2026,07:46:15,211,Lab. de física,SALA_MESTRADO,64:66:B3:62:EB:86,-92,1
24/04/2026,07:46:15,211,Lab. de física,brisa-3861242,24:2F:D0:CC:ED:8C,-93,2
24/04/2026,07:46:15,211,Lab. de física,CLARO-WIFI-PILOTO,FA:D2:AC:5E:66:C1,-93,11
24/04/2026,07:46:16,211,Lab. de física,EBEF98EB-HE8D94xvZh1AO1J,44:D2:44:DD:32:41,-96,11
24/04/2026,07:46:25,212,Lab. de física,IFPB,24:36:DA:2B:BC:00,-67,6
24/04/2026,07:46:25,212,Lab. de física,IFPB-VISITANTE,24:36:DA:2B:BC:02,-67,6
24/04/2026,07:46:25,212,Lab. de física,IFPB,84:F1:47:54:6B:80,-71,6
24/04/2026,07:46:25,212,Lab. de física,IFPB-VISITANTE,84:F1:47:54:6B:82,-71,6
24/04/2026,07:46:25,212,Lab. de física,IFPB-VISITANTE,84:F1:47:54:8B:A2,-76,1
24/04/2026,07:46:25,212,Lab. de física,IFPB,84:F1:47:54:8B:A0,-77,1
24/04/2026,07:46:25,212,Lab. de física,APTelefonia,58:10:8C:91:F3:AA,-79,1
24/04/2026,07:46:25,212,Lab. de física,TP-Link_1324,7C:F1:7E:8D:13:22,-80,10
24/04/2026,07:46:25,212,Lab. de física,UA2-MiniLab,60:32:B1:2D:66:C3,-81,10
24/04/2026,07:46:25,212,Lab. de física,Intelbras,18:0D:2C:7F:EB:AC,-82,7
24/04/2026,07:46:25,212,Lab. de física,IFPB,2C:57:41:CD:E1:C0,-83,11
24/04/2026,07:46:25,212,Lab. de física,IFPB-Sala_Professor_14,24:FD:0D:57:19:26,-85,5
24/04/2026,07:46:25,212,Lab. de física,IFPB-VISITANTE,2C:57:41:CD:E1:C2,-85,11
24/04/2026,07:46:25,212,Lab. de física,Lab. de Sinais Digitais,18:D6:C7:F9:37:2F,-86,11
24/04/2026,07:46:25,212,Lab. de física,EBF243D6-HE8D94yaFM1AOcS,44:D2:44:DD:32:49,-86,11
24/04/2026,07:46:25,212,Lab. de física,IFPB-VISITANTE,84:F1:47:54:FD:62,-87,1
24/04/2026,07:46:25,212,Lab. de física,IFPB,84:F1:47:54:FD:60,-88,1
24/04/2026,07:46:26,212,Lab. de física,IFPB-VISITANTE,84:F1:47:54:81:02,-88,11
24/04/2026,07:46:26,212,Lab. de física,NPEF/NEPA,50:C7:BF:EF:56:8A,-89,3
24/04/2026,07:46:26,212,Lab. de física,IFPB,84:F1:47:54:81:00,-89,11
24/04/2026,07:46:26,212,Lab. de física,GPDS,00:26:5A:66:55:EF,-90,6
24/04/2026,07:46:26,212,Lab. de física,EBEF98EB-HE8D94xvZh1AO1J,44:D2:44:DD:32:41,-96,11
24/04/2026,07:46:35,213,Lab. de física,IFPB,84:F1:47:54:6B:80,-69,6
24/04/2026,07:46:35,213,Lab. de física,IFPB-VISITANTE,84:F1:47:54:6B:82,-69,6
24/04/2026,07:46:35,213,Lab. de física,IFPB,24:36:DA:2B:BC:00,-69,6
24/04/2026,07:46:35,213,Lab. de física,IFPB-VISITANTE,24:36:DA:2B:BC:02,-69,6
24/04/2026,07:46:35,213,Lab. de física,IFPB,84:F1:47:54:8B:A0,-74,1
24/04/2026,07:46:35,213,Lab. de física,IFPB-VISITANTE,84:F1:47:54:8B:A2,-74,1
24/04/2026,07:46:35,213,Lab. de física,APTelefonia,58:10:8C:91:F3:AA,-77,1
24/04/2026,07:46:35,213,Lab. de física,NPEF/NEPA,50:C7:BF:EF:56:8A,-79,3
24/04/2026,07:46:35,213,Lab. de física,TP-Link_1324,7C:F1:7E:8D:13:22,-80,10
24/04/2026,07:46:35,213,Lab. de física,IFPB,2C:57:41:CD:E1:C0,-80,11
24/04/2026,07:46:35,213,Lab. de física,IFPB-VISITANTE,2C:57:41:CD:E1:C2,-80,11
24/04/2026,07:46:35,213,Lab. de física,GPDS,00:26:5A:66:55:EF,-82,6
24/04/2026,07:46:35,213,Lab. de física,Lab. de Sinais Digitais,18:D6:C7:F9:37:2F,-83,11
24/04/2026,07:46:35,213,Lab. de física,Intelbras,18:0D:2C:7F:EB:AC,-84,7
24/04/2026,07:46:35,213,Lab. de física,UA2-MiniLab,60:32:B1:2D:66:C3,-85,10
24/04/2026,07:46:35,213,Lab. de física,IFPB-Sala_Professor_14,24:FD:0D:57:19:26,-86,5
24/04/2026,07:46:35,213,Lab. de física,EBF243D6-HE8D94yaFM1AOcS,44:D2:44:DD:32:49,-86,11
24/04/2026,07:46:36,213,Lab. de física,brisa-3861242,24:2F:D0:CC:ED:8C,-93,2
24/04/2026,07:46:36,213,Lab. de física,IFPB-MM,54:E6:FC:BA:AD:86,-94,1
24/04/2026,07:46:36,213,Lab. de física,EBEF98EB-HE8D94xvZh1AO1J,44:D2:44:DD:32:41,-96,11
24/04/2026,07:46:36,213,Lab. de física,JORGE208,F8:D2:AC:5E:66:C7,-96,11
24/04/2026,07:46:45,214,Lab. de física,IFPB,84:F1:47:54:6B:80,-70,6
24/04/2026,07:46:45,214,Lab. de física,IFPB-VISITANTE,84:F1:47:54:6B:82,-70,6
24/04/2026,07:46:45,214,Lab. de física,IFPB,24:36:DA:2B:BC:00,-70,6
24/04/2026,07:46:45,214,Lab. de física,IFPB-VISITANTE,24:36:DA:2B:BC:02,-70,6
24/04/2026,07:46:45,214,Lab. de física,IFPB,84:F1:47:54:8B:A0,-74,1
24/04/2026,07:46:45,214,Lab. de física,IFPB-VISITANTE,84:F1:47:54:8B:A2,-74,1
24/04/2026,07:46:45,214,Lab. de física,APTelefonia,58:10:8C:91:F3:AA,-75,1
24/04/2026,07:46:45,214,Lab. de física,NPEF/NEPA,50:C7:BF:EF:56:8A,-76,3
24/04/2026,07:46:45,214,Lab. de física,TP-Link_1324,7C:F1:7E:8D:13:22,-78,10
24/04/2026,07:46:45,214,Lab. de física,Intelbras,18:0D:2C:7F:EB:AC,-79,7
24/04/2026,07:46:45,214,Lab. de física,IFPB-VISITANTE,2C:57:41:CD:E1:C2,-79,11
24/04/2026,07:46:45,214,Lab. de física,GPDS,00:26:5A:66:55:EF,-82,6
24/04/2026,07:46:45,214,Lab. de física,IFPB,2C:57:41:CD:E1:C0,-82,11
24/04/2026,07:46:45,214,Lab. de física,IFPB-Sala_Professor_14,24:FD:0D:57:19:26,-85,5
24/04/2026,07:46:45,214,Lab. de física,UA2-MiniLab,60:32:B1:2D:66:C3,-85,10
24/04/2026,07:46:45,214,Lab. de física,Lab. de Sinais Digitais,18:D6:C7:F9:37:2F,-85,11
24/04/2026,07:46:46,214,Lab. de física,IFPB-VISITANTE,84:F1:47:54:FD:62,-87,1
24/04/2026,07:46:46,214,Lab. de física,EBF243D6-HE8D94yaFM1AOcS,44:D2:44:DD:32:49,-87,11
24/04/2026,07:46:46,214,Lab. de física,IFPB-VISITANTE,84:F1:47:54:81:02,-87,11
24/04/2026,07:46:46,214,Lab. de física,IFPB,84:F1:47:54:81:00,-88,11
24/04/2026,07:46:46,214,Lab. de física,CLARO-WIFI-PILOTO,FA:D2:AC:5E:66:C1,-89,11
24/04/2026,07:46:46,214,Lab. de física,JORGE208,F8:D2:AC:5E:66:C7,-90,11
24/04/2026,07:46:46,214,Lab. de física,brisa-3861242,24:2F:D0:CC:ED:8C,-94,2
24/04/2026,07:46:55,215,Lab. de física,IFPB,24:36:DA:2B:BC:00,-64,6
24/04/2026,07:46:55,215,Lab. de física,IFPB-VISITANTE,24:36:DA:2B:BC:02,-65,6
24/04/2026,07:46:55,215,Lab. de física,IFPB,84:F1:47:54:6B:80,-71,6
24/04/2026,07:46:55,215,Lab. de física,IFPB-VISITANTE,84:F1:47:54:6B:82,-71,6
24/04/2026,07:46:55,215,Lab. de física,APTelefonia,58:10:8C:91:F3:AA,-75,1
24/04/2026,07:46:55,215,Lab. de física,Intelbras,18:0D:2C:7F:EB:AC,-75,7
24/04/2026,07:46:55,215,Lab. de física,IFPB-VISITANTE,2C:57:41:CD:E1:C2,-77,11
24/04/2026,07:46:55,215,Lab. de física,IFPB,2C:57:41:CD:E1:C0,-77,11
24/04/2026,07:46:55,215,Lab. de física,TP-Link_1324,7C:F1:7E:8D:13:22,-79,10
24/04/2026,07:46:55,215,Lab. de física,NPEF/NEPA,50:C7:BF:EF:56:8A,-80,3
24/04/2026,07:46:55,215,Lab. de física,Lab. de Sinais Digitais,18:D6:C7:F9:37:2F,-81,11
24/04/2026,07:46:55,215,Lab. de física,IFPB,84:F1:47:54:8B:A0,-84,1
24/04/2026,07:46:55,215,Lab. de física,IFPB-VISITANTE,84:F1:47:54:8B:A2,-85,1
24/04/2026,07:46:55,215,Lab. de física,UA2-MiniLab,60:32:B1:2D:66:C3,-85,10
24/04/2026,07:46:55,215,Lab. de física,IFPB-Sala_Professor_14,24:FD:0D:57:19:26,-86,5
24/04/2026,07:46:55,215,Lab. de física,IFPB-VISITANTE,84:F1:47:54:FD:62,-87,1
24/04/2026,07:46:56,215,Lab. de física,IFPB,84:F1:47:54:FD:60,-88,1
24/04/2026,07:46:56,215,Lab. de física,EBF243D6-HE8D94yaFM1AOcS,44:D2:44:DD:32:49,-88,11
24/04/2026,07:46:56,215,Lab. de física,GPDS,00:26:5A:66:55:EF,-91,6
24/04/2026,07:46:56,215,Lab. de física,brisa-3861242,24:2F:D0:CC:ED:8C,-93,2
24/04/2026,07:46:56,215,Lab. de física,JORGE208,F8:D2:AC:5E:66:C7,-93,11
24/04/2026,07:46:56,215,Lab. de física,IFPB-MM,54:E6:FC:BA:AD:86,-94,1
24/04/2026,07:46:56,215,Lab. de física,CLARO-WIFI-PILOTO,FA:D2:AC:5E:66:C1,-94,11
24/04/2026,07:47:05,216,Lab. de física,IFPB,24:36:DA:2B:BC:00,-64,6
24/04/2026,07:47:05,216,Lab. de física,IFPB-VISITANTE,24:36:DA:2B:BC:02,-64,6
24/04/2026,07:47:05,216,Lab. de física,IFPB-VISITANTE,84:F1:47:54:6B:82,-67,6
24/04/2026,07:47:05,216,Lab. de física,IFPB,84:F1:47:54:6B:80,-68,6
24/04/2026,07:47:05,216,Lab. de física,IFPB-VISITANTE,84:F1:47:54:8B:A2,-75,1
24/04/2026,07:47:05,216,Lab. de física,APTelefonia,58:10:8C:91:F3:AA,-77,1
24/04/2026,07:47:05,216,Lab. de física,IFPB,84:F1:47:54:8B:A0,-77,1
24/04/2026,07:47:05,216,Lab. de física,IFPB-VISITANTE,2C:57:41:CD:E1:C2,-77,11
24/04/2026,07:47:05,216,Lab. de física,IFPB,2C:57:41:CD:E1:C0,-78,11
24/04/2026,07:47:05,216,Lab. de física,TP-Link_1324,7C:F1:7E:8D:13:22,-79,10
24/04/2026,07:47:05,216,Lab. de física,Lab. de Sinais Digitais,18:D6:C7:F9:37:2F,-81,11
24/04/2026,07:47:06,216,Lab. de física,GPDS,00:26:5A:66:55:EF,-82,6
24/04/2026,07:47:06,216,Lab. de física,Intelbras,18:0D:2C:7F:EB:AC,-82,7
24/04/2026,07:47:06,216,Lab. de física,NPEF/NEPA,50:C7:BF:EF:56:8A,-83,3
24/04/2026,07:47:06,216,Lab. de física,IFPB-Sala_Professor_14,24:FD:0D:57:19:26,-86,5
24/04/2026,07:47:06,216,Lab. de física,IFPB,84:F1:47:54:FD:60,-87,1
24/04/2026,07:47:06,216,Lab. de física,EBF243D6-HE8D94yaFM1AOcS,44:D2:44:DD:32:49,-87,11
24/04/2026,07:47:06,216,Lab. de física,UA2-MiniLab,60:32:B1:2D:66:C3,-88,10
24/04/2026,07:47:06,216,Lab. de física,EBEF98EB-HE8D94xvZh1AO1J,44:D2:44:DD:32:41,-94,11
24/04/2026,07:47:06,216,Lab. de física,brisa-3861242,24:2F:D0:CC:ED:8C,-95,2
24/04/2026,07:47:06,216,Lab. de física,NUNYA_Room_2.4GHz,CC:32:E5:0C:FC:2B,-95,9
24/04/2026,07:47:15,217,Lab. de física,IFPB,24:36:DA:2B:BC:00,-66,6
24/04/2026,07:47:15,217,Lab. de física,IFPB-VISITANTE,24:36:DA:2B:BC:02,-66,6
24/04/2026,07:47:15,217,Lab. de física,IFPB,84:F1:47:54:6B:80,-68,6
24/04/2026,07:47:15,217,Lab. de física,IFPB-VISITANTE,84:F1:47:54:6B:82,-68,6
24/04/2026,07:47:15,217,Lab. de física,APTelefonia,58:10:8C:91:F3:AA,-74,1
24/04/2026,07:47:15,217,Lab. de física,IFPB,84:F1:47:54:8B:A0,-74,1
24/04/2026,07:47:15,217,Lab. de física,IFPB-VISITANTE,84:F1:47:54:8B:A2,-74,1
24/04/2026,07:47:15,217,Lab. de física,TP-Link_1324,7C:F1:7E:8D:13:22,-78,10
24/04/2026,07:47:15,217,Lab. de física,Intelbras,18:0D:2C:7F:EB:AC,-81,7
24/04/2026,07:47:15,217,Lab. de física,GPDS,00:26:5A:66:55:EF,-82,6
24/04/2026,07:47:15,217,Lab. de física,IFPB-VISITANTE,2C:57:41:CD:E1:C2,-82,11
24/04/2026,07:47:15,217,Lab. de física,IFPB,2C:57:41:CD:E1:C0,-83,11
24/04/2026,07:47:16,217,Lab. de física,Lab. de Sinais Digitais,18:D6:C7:F9:37:2F,-83,11
24/04/2026,07:47:16,217,Lab. de física,NPEF/NEPA,50:C7:BF:EF:56:8A,-84,3
24/04/2026,07:47:16,217,Lab. de física,EBF243D6-HE8D94yaFM1AOcS,44:D2:44:DD:32:49,-85,11
24/04/2026,07:47:16,217,Lab. de física,IFPB-Sala_Professor_14,24:FD:0D:57:19:26,-86,5
24/04/2026,07:47:16,217,Lab. de física,UA2-MiniLab,60:32:B1:2D:66:C3,-90,10
24/04/2026,07:47:16,217,Lab. de física,brisa-3861242,24:2F:D0:CC:ED:8C,-92,2
24/04/2026,07:47:25,218,Lab. de física,IFPB-VISITANTE,24:36:DA:2B:BC:02,-65,6
24/04/2026,07:47:25,218,Lab. de física,IFPB,24:36:DA:2B:BC:00,-66,6
24/04/2026,07:47:25,218,Lab. de física,IFPB,84:F1:47:54:6B:80,-69,6
24/04/2026,07:47:25,218,Lab. de física,IFPB-VISITANTE,84:F1:47:54:6B:82,-69,6
24/04/2026,07:47:25,218,Lab. de física,APTelefonia,58:10:8C:91:F3:AA,-74,1
24/04/2026,07:47:25,218,Lab. de física,IFPB-VISITANTE,84:F1:47:54:8B:A2,-75,1
24/04/2026,07:47:25,218,Lab. de física,TP-Link_1324,7C:F1:7E:8D:13:22,-77,10
24/04/2026,07:47:25,218,Lab. de física,NPEF/NEPA,50:C7:BF:EF:56:8A,-79,3
24/04/2026,07:47:25,218,Lab. de física,Intelbras,18:0D:2C:7F:EB:AC,-80,7
24/04/2026,07:47:25,218,Lab. de física,Lab. de Sinais Digitais,18:D6:C7:F9:37:2F,-81,11
24/04/2026,07:47:25,218,Lab. de física,IFPB,84:F1:47:54:8B:A0,-82,1
24/04/2026,07:47:26,218,Lab. de física,GPDS,00:26:5A:66:55:EF,-82,6
24/04/2026,07:47:26,218,Lab. de física,IFPB,2C:57:41:CD:E1:C0,-82,11
24/04/2026,07:47:26,218,Lab. de física,IFPB-VISITANTE,2C:57:41:CD:E1:C2,-82,11
24/04/2026,07:47:26,218,Lab. de física,IFPB-Sala_Professor_14,24:FD:0D:57:19:26,-84,5
24/04/2026,07:47:26,218,Lab. de física,EBF243D6-HE8D94yaFM1AOcS,44:D2:44:DD:32:49,-88,11
24/04/2026,07:47:26,218,Lab. de física,UA2-MiniLab,60:32:B1:2D:66:C3,-90,10
24/04/2026,07:47:26,218,Lab. de física,brisa-3861242,24:2F:D0:CC:ED:8C,-91,2
24/04/2026,07:47:26,218,Lab. de física,CLARO-WIFI-PILOTO,FA:D2:AC:5E:66:C1,-94,11
24/04/2026,07:47:26,218,Lab. de física,JORGE208,F8:D2:AC:5E:66:C7,-95,11
24/04/2026,07:47:35,219,Lab. de física,IFPB,24:36:DA:2B:BC:00,-68,6
24/04/2026,07:47:35,219,Lab. de física,IFPB-VISITANTE,24:36:DA:2B:BC:02,-68,6
24/04/2026,07:47:35,219,Lab. de física,IFPB,84:F1:47:54:6B:80,-70,6
24/04/2026,07:47:35,219,Lab. de física,IFPB-VISITANTE,84:F1:47:54:6B:82,-70,6
24/04/2026,07:47:35,219,Lab. de física,APTelefonia,58:10:8C:91:F3:AA,-75,1
24/04/2026,07:47:35,219,Lab. de física,IFPB,84:F1:47:54:8B:A0,-77,1
24/04/2026,07:47:35,219,Lab. de física,TP-Link_1324,7C:F1:7E:8D:13:22,-77,10
24/04/2026,07:47:35,219,Lab. de física,IFPB-VISITANTE,84:F1:47:54:8B:A2,-78,1
24/04/2026,07:47:35,219,Lab. de física,NPEF/NEPA,50:C7:BF:EF:56:8A,-78,3
24/04/2026,07:47:35,219,Lab. de física,IFPB-VISITANTE,2C:57:41:CD:E1:C2,-78,11
24/04/2026,07:47:35,219,Lab. de física,Intelbras,18:0D:2C:7F:EB:AC,-80,7
24/04/2026,07:47:36,219,Lab. de física,IFPB,2C:57:41:CD:E1:C0,-80,11
24/04/2026,07:47:36,219,Lab. de física,Lab. de Sinais Digitais,18:D6:C7:F9:37:2F,-83,11
24/04/2026,07:47:36,219,Lab. de física,GPDS,00:26:5A:66:55:EF,-85,6
24/04/2026,07:47:36,219,Lab. de física,IFPB-Sala_Professor_14,24:FD:0D:57:19:26,-87,5
24/04/2026,07:47:36,219,Lab. de física,EBF243D6-HE8D94yaFM1AOcS,44:D2:44:DD:32:49,-88,11
24/04/2026,07:47:36,219,Lab. de física,IFPB-VISITANTE,84:F1:47:54:81:02,-89,11
24/04/2026,07:47:36,219,Lab. de física,UA2-MiniLab,60:32:B1:2D:66:C3,-90,10
24/04/2026,07:47:36,219,Lab. de física,JORGE208,F8:D2:AC:5E:66:C7,-92,11
24/04/2026,07:47:36,219,Lab. de física,brisa-3861242,24:2F:D0:CC:ED:8C,-93,2
24/04/2026,07:47:36,219,Lab. de física,CLARO-WIFI-PILOTO,FA:D2:AC:5E:66:C1,-93,11
24/04/2026,07:47:45,220,Lab. de física,IFPB,24:36:DA:2B:BC:00,-66,6
24/04/2026,07:47:45,220,Lab. de física,IFPB-VISITANTE,24:36:DA:2B:BC:02,-66,6
24/04/2026,07:47:45,220,Lab. de física,IFPB,84:F1:47:54:6B:80,-69,6
24/04/2026,07:47:45,220,Lab. de física,IFPB-VISITANTE,84:F1:47:54:6B:82,-69,6
24/04/2026,07:47:45,220,Lab. de física,NPEF/NEPA,50:C7:BF:EF:56:8A,-76,3
24/04/2026,07:47:45,220,Lab. de física,TP-Link_1324,7C:F1:7E:8D:13:22,-76,10
24/04/2026,07:47:45,220,Lab. de física,APTelefonia,58:10:8C:91:F3:AA,-77,1
24/04/2026,07:47:45,220,Lab. de física,IFPB,2C:57:41:CD:E1:C0,-77,11
24/04/2026,07:47:45,220,Lab. de física,IFPB-VISITANTE,2C:57:41:CD:E1:C2,-78,11
24/04/2026,07:47:45,220,Lab. de física,IFPB-VISITANTE,84:F1:47:54:8B:A2,-79,1
24/04/2026,07:47:45,220,Lab. de física,IFPB,84:F1:47:54:8B:A0,-80,1
24/04/2026,07:47:45,220,Lab. de física,Intelbras,18:0D:2C:7F:EB:AC,-82,7
24/04/2026,07:47:46,220,Lab. de física,IFPB-Sala_Professor_14,24:FD:0D:57:19:26,-84,5
24/04/2026,07:47:46,220,Lab. de física,GPDS,00:26:5A:66:55:EF,-84,6
24/04/2026,07:47:46,220,Lab. de física,Lab. de Sinais Digitais,18:D6:C7:F9:37:2F,-84,11
24/04/2026,07:47:46,220,Lab. de física,EBF243D6-HE8D94yaFM1AOcS,44:D2:44:DD:32:49,-86,11
24/04/2026,07:47:46,220,Lab. de física,UA2-MiniLab,60:32:B1:2D:66:C3,-88,10
24/04/2026,07:47:46,220,Lab. de física,brisa-3861242,24:2F:D0:CC:ED:8C,-91,2
24/04/2026,07:48:18,221,Núcleo de pesquisa,NPEF/NEPA,50:C7:BF:EF:56:8A,-46,3
24/04/2026,07:48:18,221,Núcleo de pesquisa,IFPB,84:F1:47:54:8B:A0,-69,1
24/04/2026,07:48:18,221,Núcleo de pesquisa,IFPB-VISITANTE,84:F1:47:54:8B:A2,-69,1
24/04/2026,07:48:18,221,Núcleo de pesquisa,UA2-MiniLab,60:32:B1:2D:66:C3,-76,10
24/04/2026,07:48:18,221,Núcleo de pesquisa,GPDS,00:26:5A:66:55:EF,-84,6
24/04/2026,07:48:18,221,Núcleo de pesquisa,IFPB,24:36:DA:2B:BC:00,-84,6
24/04/2026,07:48:18,221,Núcleo de pesquisa,IFPB-VISITANTE,24:36:DA:2B:BC:02,-84,6
24/04/2026,07:48:18,221,Núcleo de pesquisa,IFPB,84:F1:47:54:80:60,-85,11
24/04/2026,07:48:18,221,Núcleo de pesquisa,IFPB-VISITANTE,84:F1:47:54:80:62,-85,11
24/04/2026,07:48:18,221,Núcleo de pesquisa,APTelefonia,58:10:8C:91:F3:AA,-86,1
24/04/2026,07:48:18,221,Núcleo de pesquisa,Lab. de Sinais Digitais,18:D6:C7:F9:37:2F,-86,11
24/04/2026,07:48:18,221,Núcleo de pesquisa,EBF243D6-HE8D94yaFM1AOcS,44:D2:44:DD:32:49,-86,11
24/04/2026,07:48:18,221,Núcleo de pesquisa,IFPB-Sala_Professor_14,48:51:CF:81:B0:9E,-87,8
24/04/2026,07:48:18,221,Núcleo de pesquisa,IFPB-Sala_Professor_14,24:FD:0D:57:19:26,-88,5
24/04/2026,07:48:18,221,Núcleo de pesquisa,IFPB-VISITANTE,84:F1:47:54:6B:82,-89,6
24/04/2026,07:48:18,221,Núcleo de pesquisa,IFPB,84:F1:47:54:F9:80,-89,11
24/04/2026,07:48:18,221,Núcleo de pesquisa,IFPB-VISITANTE,84:F1:47:54:F9:82,-89,11
24/04/2026,07:48:18,221,Núcleo de pesquisa,TP-Link_1324,7C:F1:7E:8D:13:22,-91,10
24/04/2026,07:48:18,221,Núcleo de pesquisa,SALA_MESTRADO,64:66:B3:62:EB:86,-92,1
24/04/2026,07:48:18,221,Núcleo de pesquisa,NUNYA_Room_2.4GHz,CC:32:E5:0C:FC:2B,-92,9
24/04/2026,07:48:18,221,Núcleo de pesquisa,TP-Link_C3CB,D8:0D:17:3E:C3:CB,-94,4
24/04/2026,07:48:18,221,Núcleo de pesquisa,Intelbras,18:0D:2C:7F:EB:AC,-95,7
24/04/2026,07:48:18,221,Núcleo de pesquisa,EBEF98EB-HE8D94xvZh1AO1J,44:D2:44:DD:32:41,-95,11
24/04/2026,07:48:28,222,Núcleo de pesquisa,NPEF/NEPA,50:C7:BF:EF:56:8A,-46,3
24/04/2026,07:48:28,222,Núcleo de pesquisa,IFPB,84:F1:47:54:8B:A0,-65,1
24/04/2026,07:48:28,222,Núcleo de pesquisa,IFPB-VISITANTE,84:F1:47:54:8B:A2,-65,1
24/04/2026,07:48:28,222,Núcleo de pesquisa,EBF243D6-HE8D94yaFM1AOcS,44:D2:44:DD:32:49,-76,11
24/04/2026,07:48:28,222,Núcleo de pesquisa,IFPB,84:F1:47:54:FD:60,-79,1
24/04/2026,07:48:28,222,Núcleo de pesquisa,UA2-MiniLab,60:32:B1:2D:66:C3,-79,10
24/04/2026,07:48:28,222,Núcleo de pesquisa,Lab. de Sinais Digitais,18:D6:C7:F9:37:2F,-79,11
24/04/2026,07:48:28,222,Núcleo de pesquisa,IFPB-VISITANTE,84:F1:47:54:80:62,-81,11
24/04/2026,07:48:28,222,Núcleo de pesquisa,IFPB,84:F1:47:54:80:60,-82,11
24/04/2026,07:48:28,222,Núcleo de pesquisa,APTelefonia,58:10:8C:91:F3:AA,-84,1
24/04/2026,07:48:28,222,Núcleo de pesquisa,IFPB,24:36:DA:2B:BC:00,-84,6
24/04/2026,07:48:28,222,Núcleo de pesquisa,IFPB-VISITANTE,24:36:DA:2B:BC:02,-84,6
24/04/2026,07:48:28,222,Núcleo de pesquisa,IFPB,84:F1:47:54:81:00,-87,11
24/04/2026,07:48:28,222,Núcleo de pesquisa,IFPB-VISITANTE,84:F1:47:54:6B:82,-88,6
24/04/2026,07:48:28,222,Núcleo de pesquisa,IFPB,84:F1:47:54:6B:80,-88,6
24/04/2026,07:48:28,222,Núcleo de pesquisa,IFPB-VISITANTE,84:F1:47:54:F9:82,-88,11
24/04/2026,07:48:28,222,Núcleo de pesquisa,IFPB-VISITANTE,84:F1:47:54:81:02,-88,11
24/04/2026,07:48:28,222,Núcleo de pesquisa,IFPB,84:F1:47:54:F9:80,-89,11
24/04/2026,07:48:28,222,Núcleo de pesquisa,IFPB-Sala_Professor_14,24:FD:0D:57:19:26,-90,5
24/04/2026,07:48:28,222,Núcleo de pesquisa,IFPB-Sala_Professor_14,48:51:CF:81:B0:9E,-90,8
24/04/2026,07:48:28,222,Núcleo de pesquisa,NUNYA_Room_2.4GHz,CC:32:E5:0C:FC:2B,-90,9
24/04/2026,07:48:29,222,Núcleo de pesquisa,TP-Link_1324,7C:F1:7E:8D:13:22,-90,10
24/04/2026,07:48:29,222,Núcleo de pesquisa,GPDS,00:26:5A:66:55:EF,-91,6
24/04/2026,07:48:29,222,Núcleo de pesquisa,IFPB-MM,54:E6:FC:BA:AD:86,-92,1
24/04/2026,07:48:29,222,Núcleo de pesquisa,SALA_MESTRADO,64:66:B3:62:EB:86,-92,1
24/04/2026,07:48:29,222,Núcleo de pesquisa,Intelbras,18:0D:2C:7F:EB:AC,-92,7
24/04/2026,07:48:29,222,Núcleo de pesquisa,EBEF98EB-HE8D94xvZh1AO1J,44:D2:44:DD:32:41,-97,11
24/04/2026,07:48:38,223,Núcleo de pesquisa,NPEF/NEPA,50:C7:BF:EF:56:8A,-45,3
24/04/2026,07:48:38,223,Núcleo de pesquisa,IFPB,84:F1:47:54:8B:A0,-66,1
24/04/2026,07:48:38,223,Núcleo de pesquisa,IFPB-VISITANTE,84:F1:47:54:8B:A2,-66,1
24/04/2026,07:48:38,223,Núcleo de pesquisa,EBF243D6-HE8D94yaFM1AOcS,44:D2:44:DD:32:49,-72,11
24/04/2026,07:48:38,223,Núcleo de pesquisa,IFPB,84:F1:47:54:FD:60,-79,1
24/04/2026,07:48:38,223,Núcleo de pesquisa,IFPB-VISITANTE,84:F1:47:54:FD:62,-79,1
24/04/2026,07:48:38,223,Núcleo de pesquisa,IFPB,24:36:DA:2B:BC:00,-80,6
24/04/2026,07:48:38,223,Núcleo de pesquisa,UA2-MiniLab,60:32:B1:2D:66:C3,-80,10
24/04/2026,07:48:38,223,Núcleo de pesquisa,IFPB-VISITANTE,24:36:DA:2B:BC:02,-81,6
24/04/2026,07:48:38,223,Núcleo de pesquisa,Lab. de Sinais Digitais,18:D6:C7:F9:37:2F,-81,11
24/04/2026,07:48:38,223,Núcleo de pesquisa,IFPB,84:F1:47:54:80:60,-84,11
24/04/2026,07:48:38,223,Núcleo de pesquisa,IFPB-VISITANTE,84:F1:47:54:80:62,-84,11
24/04/2026,07:48:38,223,Núcleo de pesquisa,GPDS,00:26:5A:66:55:EF,-85,6
24/04/2026,07:48:38,223,Núcleo de pesquisa,APTelefonia,58:10:8C:91:F3:AA,-87,1
24/04/2026,07:48:38,223,Núcleo de pesquisa,IFPB-Sala_Professor_14,24:FD:0D:57:19:26,-88,5
24/04/2026,07:48:39,223,Núcleo de pesquisa,Intelbras,18:0D:2C:7F:EB:AC,-89,7
24/04/2026,07:48:39,223,Núcleo de pesquisa,SALA_MESTRADO,64:66:B3:62:EB:86,-91,1
24/04/2026,07:48:39,223,Núcleo de pesquisa,IFPB-Sala_Professor_14,48:51:CF:81:B0:9E,-92,8
24/04/2026,07:48:39,223,Núcleo de pesquisa,IFPB-MM,54:E6:FC:BA:AD:86,-93,1
24/04/2026,07:48:39,223,Núcleo de pesquisa,INTELBRAS,D8:36:5F:54:70:40,-93,7
24/04/2026,07:48:39,223,Núcleo de pesquisa,TP-Link_1324,7C:F1:7E:8D:13:22,-93,10
24/04/2026,07:48:39,223,Núcleo de pesquisa,EBEF98EB-HE8D94xvZh1AO1J,44:D2:44:DD:32:41,-94,11
24/04/2026,07:48:39,223,Núcleo de pesquisa,CLARO-WIFI-PILOTO,FA:D2:AC:5E:66:C1,-95,11
24/04/2026,07:48:48,224,Núcleo de pesquisa,NPEF/NEPA,50:C7:BF:EF:56:8A,-44,3
24/04/2026,07:48:48,224,Núcleo de pesquisa,IFPB,84:F1:47:54:8B:A0,-66,1
24/04/2026,07:48:48,224,Núcleo de pesquisa,IFPB-VISITANTE,84:F1:47:54:8B:A2,-67,1
24/04/2026,07:48:48,224,Núcleo de pesquisa,EBF243D6-HE8D94yaFM1AOcS,44:D2:44:DD:32:49,-75,11
24/04/2026,07:48:48,224,Núcleo de pesquisa,IFPB-VISITANTE,84:F1:47:54:FD:62,-78,1
24/04/2026,07:48:48,224,Núcleo de pesquisa,IFPB,84:F1:47:54:FD:60,-78,1
24/04/2026,07:48:48,224,Núcleo de pesquisa,UA2-MiniLab,60:32:B1:2D:66:C3,-79,10
24/04/2026,07:48:48,224,Núcleo de pesquisa,IFPB-VISITANTE,24:36:DA:2B:BC:02,-81,6
24/04/2026,07:48:48,224,Núcleo de pesquisa,IFPB,24:36:DA:2B:BC:00,-82,6
24/04/2026,07:48:48,224,Núcleo de pesquisa,Lab. de Sinais Digitais,18:D6:C7:F9:37:2F,-83,11
24/04/2026,07:48:49,224,Núcleo de pesquisa,IFPB-Sala_Professor_14,24:FD:0D:57:19:26,-85,5
24/04/2026,07:48:49,224,Núcleo de pesquisa,IFPB,84:F1:47:54:80:60,-85,11
24/04/2026,07:48:49,224,Núcleo de pesquisa,IFPB-VISITANTE,84:F1:47:54:80:62,-85,11
24/04/2026,07:48:49,224,Núcleo de pesquisa,APTelefonia,58:10:8C:91:F3:AA,-87,1
24/04/2026,07:48:49,224,Núcleo de pesquisa,Intelbras,18:0D:2C:7F:EB:AC,-89,7
24/04/2026,07:48:49,224,Núcleo de pesquisa,GPDS,00:26:5A:66:55:EF,-90,6
24/04/2026,07:48:49,224,Núcleo de pesquisa,IFPB,84:F1:47:54:81:00,-90,11
24/04/2026,07:48:49,224,Núcleo de pesquisa,SALA_MESTRADO,64:66:B3:62:EB:86,-91,1
24/04/2026,07:48:49,224,Núcleo de pesquisa,IFPB-Sala_Professor_14,48:51:CF:81:B0:9E,-91,8
24/04/2026,07:48:49,224,Núcleo de pesquisa,IFPB-MM,54:E6:FC:BA:AD:86,-92,1
24/04/2026,07:48:49,224,Núcleo de pesquisa,TP-Link_1324,7C:F1:7E:8D:13:22,-92,10
24/04/2026,07:48:49,224,Núcleo de pesquisa,EBEF98EB-HE8D94xvZh1AO1J,44:D2:44:DD:32:41,-92,11
24/04/2026,07:48:49,224,Núcleo de pesquisa,NUNYA_Room_2.4GHz,CC:32:E5:0C:FC:2B,-95,9
24/04/2026,07:48:58,225,Núcleo de pesquisa,NPEF/NEPA,50:C7:BF:EF:56:8A,-45,3
24/04/2026,07:48:58,225,Núcleo de pesquisa,IFPB,84:F1:47:54:8B:A0,-66,1
24/04/2026,07:48:58,225,Núcleo de pesquisa,IFPB-VISITANTE,84:F1:47:54:8B:A2,-66,1
24/04/2026,07:48:58,225,Núcleo de pesquisa,EBF243D6-HE8D94yaFM1AOcS,44:D2:44:DD:32:49,-72,11
24/04/2026,07:48:58,225,Núcleo de pesquisa,IFPB-VISITANTE,84:F1:47:54:FD:62,-78,1
24/04/2026,07:48:58,225,Núcleo de pesquisa,IFPB,84:F1:47:54:FD:60,-79,1
24/04/2026,07:48:58,225,Núcleo de pesquisa,UA2-MiniLab,60:32:B1:2D:66:C3,-79,10
24/04/2026,07:48:58,225,Núcleo de pesquisa,IFPB-VISITANTE,24:36:DA:2B:BC:02,-84,6
24/04/2026,07:48:58,225,Núcleo de pesquisa,GPDS,00:26:5A:66:55:EF,-84,6
24/04/2026,07:48:58,225,Núcleo de pesquisa,Lab. de Sinais Digitais,18:D6:C7:F9:37:2F,-84,11
24/04/2026,07:48:59,225,Núcleo de pesquisa,IFPB,24:36:DA:2B:BC:00,-85,6
24/04/2026,07:48:59,225,Núcleo de pesquisa,IFPB-VISITANTE,84:F1:47:54:80:62,-86,11
24/04/2026,07:48:59,225,Núcleo de pesquisa,IFPB,84:F1:47:54:80:60,-87,11
24/04/2026,07:48:59,225,Núcleo de pesquisa,APTelefonia,58:10:8C:91:F3:AA,-89,1
24/04/2026,07:48:59,225,Núcleo de pesquisa,IFPB-Sala_Professor_14,24:FD:0D:57:19:26,-89,5
24/04/2026,07:48:59,225,Núcleo de pesquisa,IFPB-Sala_Professor_14,48:51:CF:81:B0:9E,-89,8
24/04/2026,07:48:59,225,Núcleo de pesquisa,IFPB,84:F1:47:54:81:00,-89,11
24/04/2026,07:48:59,225,Núcleo de pesquisa,SALA_MESTRADO,64:66:B3:62:EB:86,-91,1
24/04/2026,07:48:59,225,Núcleo de pesquisa,Intelbras,18:0D:2C:7F:EB:AC,-91,7
24/04/2026,07:48:59,225,Núcleo de pesquisa,TP-Link_1324,7C:F1:7E:8D:13:22,-91,10
24/04/2026,07:48:59,225,Núcleo de pesquisa,IFPB-VISITANTE,84:F1:47:54:F9:82,-91,11
24/04/2026,07:48:59,225,Núcleo de pesquisa,brisa-3861242,24:2F:D0:CC:ED:8C,-92,2
24/04/2026,07:48:59,225,Núcleo de pesquisa,IFPB-MM,54:E6:FC:BA:AD:86,-93,1
24/04/2026,07:48:59,225,Núcleo de pesquisa,EBEF98EB-HE8D94xvZh1AO1J,44:D2:44:DD:32:41,-93,11
24/04/2026,07:48:59,225,Núcleo de pesquisa,INTELBRAS,D8:36:5F:54:70:40,-95,7
24/04/2026,07:49:08,226,Núcleo de pesquisa,NPEF/NEPA,50:C7:BF:EF:56:8A,-46,3
24/04/2026,07:49:08,226,Núcleo de pesquisa,IFPB,84:F1:47:54:8B:A0,-66,1
24/04/2026,07:49:08,226,Núcleo de pesquisa,IFPB-VISITANTE,84:F1:47:54:8B:A2,-66,1
24/04/2026,07:49:08,226,Núcleo de pesquisa,EBF243D6-HE8D94yaFM1AOcS,44:D2:44:DD:32:49,-75,11
24/04/2026,07:49:08,226,Núcleo de pesquisa,IFPB,84:F1:47:54:FD:60,-79,1
24/04/2026,07:49:09,226,Núcleo de pesquisa,IFPB-VISITANTE,84:F1:47:54:FD:62,-80,1
24/04/2026,07:49:09,226,Núcleo de pesquisa,IFPB,24:36:DA:2B:BC:00,-81,6
24/04/2026,07:49:09,226,Núcleo de pesquisa,IFPB-VISITANTE,24:36:DA:2B:BC:02,-81,6
24/04/2026,07:49:09,226,Núcleo de pesquisa,UA2-MiniLab,60:32:B1:2D:66:C3,-81,10
24/04/2026,07:49:09,226,Núcleo de pesquisa,GPDS,00:26:5A:66:55:EF,-85,6
24/04/2026,07:49:09,226,Núcleo de pesquisa,IFPB-VISITANTE,84:F1:47:54:80:62,-85,11
24/04/2026,07:49:09,226,Núcleo de pesquisa,APTelefonia,58:10:8C:91:F3:AA,-87,1
24/04/2026,07:49:09,226,Núcleo de pesquisa,Lab. de Sinais Digitais,18:D6:C7:F9:37:2F,-87,11
24/04/2026,07:49:09,226,Núcleo de pesquisa,IFPB,84:F1:47:54:80:60,-87,11
24/04/2026,07:49:09,226,Núcleo de pesquisa,Intelbras,18:0D:2C:7F:EB:AC,-89,7
24/04/2026,07:49:09,226,Núcleo de pesquisa,IFPB-VISITANTE,2C:57:41:CD:E1:C2,-89,11
24/04/2026,07:49:09,226,Núcleo de pesquisa,IFPB-Sala_Professor_14,48:51:CF:81:B0:9E,-90,8
24/04/2026,07:49:09,226,Núcleo de pesquisa,NUNYA_Room_2.4GHz,CC:32:E5:0C:FC:2B,-90,9
24/04/2026,07:49:09,226,Núcleo de pesquisa,TP-Link_1324,7C:F1:7E:8D:13:22,-90,10
24/04/2026,07:49:09,226,Núcleo de pesquisa,SALA_MESTRADO,64:66:B3:62:EB:86,-91,1
24/04/2026,07:49:09,226,Núcleo de pesquisa,IFPB-Sala_Professor_14,24:FD:0D:57:19:26,-91,5
24/04/2026,07:49:09,226,Núcleo de pesquisa,EBEF98EB-HE8D94xvZh1AO1J,44:D2:44:DD:32:41,-91,11
24/04/2026,07:49:09,226,Núcleo de pesquisa,IFPB-MM,54:E6:FC:BA:AD:86,-92,1
24/04/2026,07:49:09,226,Núcleo de pesquisa,IFPB-VISITANTE,84:F1:47:54:F9:82,-92,11
24/04/2026,07:49:09,226,Núcleo de pesquisa,INTELBRAS,D8:36:5F:54:70:40,-93,7
24/04/2026,07:49:19,227,Núcleo de pesquisa,NPEF/NEPA,50:C7:BF:EF:56:8A,-43,3
24/04/2026,07:49:19,227,Núcleo de pesquisa,IFPB,84:F1:47:54:8B:A0,-66,1
24/04/2026,07:49:19,227,Núcleo de pesquisa,IFPB-VISITANTE,84:F1:47:54:8B:A2,-66,1
24/04/2026,07:49:19,227,Núcleo de pesquisa,EBF243D6-HE8D94yaFM1AOcS,44:D2:44:DD:32:49,-76,11
24/04/2026,07:49:19,227,Núcleo de pesquisa,IFPB,84:F1:47:54:FD:60,-79,1
24/04/2026,07:49:19,227,Núcleo de pesquisa,IFPB-VISITANTE,84:F1:47:54:FD:62,-79,1
24/04/2026,07:49:19,227,Núcleo de pesquisa,UA2-MiniLab,60:32:B1:2D:66:C3,-79,10
24/04/2026,07:49:19,227,Núcleo de pesquisa,IFPB,24:36:DA:2B:BC:00,-81,6
24/04/2026,07:49:19,227,Núcleo de pesquisa,IFPB-VISITANTE,24:36:DA:2B:BC:02,-81,6
24/04/2026,07:49:19,227,Núcleo de pesquisa,IFPB-VISITANTE,84:F1:47:54:80:62,-84,11
24/04/2026,07:49:19,227,Núcleo de pesquisa,IFPB,84:F1:47:54:80:60,-85,11
24/04/2026,07:49:19,227,Núcleo de pesquisa,APTelefonia,58:10:8C:91:F3:AA,-86,1
24/04/2026,07:49:19,227,Núcleo de pesquisa,GPDS,00:26:5A:66:55:EF,-86,6
24/04/2026,07:49:19,227,Núcleo de pesquisa,Lab. de Sinais Digitais,18:D6:C7:F9:37:2F,-86,11
24/04/2026,07:49:19,227,Núcleo de pesquisa,Intelbras,18:0D:2C:7F:EB:AC,-88,7
24/04/2026,07:49:19,227,Núcleo de pesquisa,IFPB,2C:57:41:CD:E1:C0,-89,11
24/04/2026,07:49:19,227,Núcleo de pesquisa,IFPB-VISITANTE,2C:57:41:CD:E1:C2,-89,11
24/04/2026,07:49:19,227,Núcleo de pesquisa,IFPB-Sala_Professor_14,24:FD:0D:57:19:26,-90,5
24/04/2026,07:49:19,227,Núcleo de pesquisa,TP-Link_1324,7C:F1:7E:8D:13:22,-90,10
24/04/2026,07:49:19,227,Núcleo de pesquisa,IFPB,84:F1:47:54:F9:80,-90,11
24/04/2026,07:49:19,227,Núcleo de pesquisa,IFPB-VISITANTE,84:F1:47:54:F9:82,-90,11
24/04/2026,07:49:19,227,Núcleo de pesquisa,SALA_MESTRADO,64:66:B3:62:EB:86,-92,1
24/04/2026,07:49:19,227,Núcleo de pesquisa,INTELBRAS,D8:36:5F:54:70:40,-92,7
24/04/2026,07:49:19,227,Núcleo de pesquisa,EBEF98EB-HE8D94xvZh1AO1J,44:D2:44:DD:32:41,-94,11
24/04/2026,07:49:19,227,Núcleo de pesquisa,IFPB-MM,54:E6:FC:BA:AD:86,-95,1
24/04/2026,07:49:19,227,Núcleo de pesquisa,IFPB-Sala_Professor_14,48:51:CF:81:B0:9E,-96,8
24/04/2026,07:49:29,228,Núcleo de pesquisa,NPEF/NEPA,50:C7:BF:EF:56:8A,-44,3
24/04/2026,07:49:29,228,Núcleo de pesquisa,IFPB,84:F1:47:54:8B:A0,-66,1
24/04/2026,07:49:29,228,Núcleo de pesquisa,IFPB-VISITANTE,84:F1:47:54:8B:A2,-66,1
24/04/2026,07:49:29,228,Núcleo de pesquisa,EBF243D6-HE8D94yaFM1AOcS,44:D2:44:DD:32:49,-76,11
24/04/2026,07:49:29,228,Núcleo de pesquisa,IFPB-VISITANTE,84:F1:47:54:FD:62,-77,1
24/04/2026,07:49:29,228,Núcleo de pesquisa,UA2-MiniLab,60:32:B1:2D:66:C3,-77,10
24/04/2026,07:49:29,228,Núcleo de pesquisa,IFPB,84:F1:47:54:FD:60,-78,1
24/04/2026,07:49:29,228,Núcleo de pesquisa,IFPB,24:36:DA:2B:BC:00,-82,6
24/04/2026,07:49:29,228,Núcleo de pesquisa,IFPB-VISITANTE,24:36:DA:2B:BC:02,-82,6
24/04/2026,07:49:29,228,Núcleo de pesquisa,IFPB,84:F1:47:54:80:60,-84,11
24/04/2026,07:49:29,228,Núcleo de pesquisa,GPDS,00:26:5A:66:55:EF,-86,6
24/04/2026,07:49:29,228,Núcleo de pesquisa,IFPB-VISITANTE,84:F1:47:54:80:62,-86,11
24/04/2026,07:49:29,228,Núcleo de pesquisa,IFPB,2C:57:41:CD:E1:C0,-87,11
24/04/2026,07:49:29,228,Núcleo de pesquisa,IFPB-Sala_Professor_14,24:FD:0D:57:19:26,-88,5
24/04/2026,07:49:29,228,Núcleo de pesquisa,Lab. de Sinais Digitais,18:D6:C7:F9:37:2F,-88,11
24/04/2026,07:49:29,228,Núcleo de pesquisa,IFPB-VISITANTE,2C:57:41:CD:E1:C2,-88,11
24/04/2026,07:49:29,228,Núcleo de pesquisa,IFPB,84:F1:47:54:81:00,-89,11
24/04/2026,07:49:29,228,Núcleo de pesquisa,APTelefonia,58:10:8C:91:F3:AA,-90,1
24/04/2026,07:49:29,228,Núcleo de pesquisa,IFPB-Sala_Professor_14,48:51:CF:81:B0:9E,-90,8
24/04/2026,07:49:29,228,Núcleo de pesquisa,SALA_MESTRADO,64:66:B3:62:EB:86,-91,1
24/04/2026,07:49:29,228,Núcleo de pesquisa,INTELBRAS,D8:36:5F:54:70:40,-92,7
24/04/2026,07:49:29,228,Núcleo de pesquisa,TP-Link_1324,7C:F1:7E:8D:13:22,-92,10
24/04/2026,07:49:29,228,Núcleo de pesquisa,IFPB-MM,54:E6:FC:BA:AD:86,-94,1
24/04/2026,07:49:39,229,Núcleo de pesquisa,NPEF/NEPA,50:C7:BF:EF:56:8A,-44,3
24/04/2026,07:49:39,229,Núcleo de pesquisa,IFPB,84:F1:47:54:8B:A0,-66,1
24/04/2026,07:49:39,229,Núcleo de pesquisa,IFPB-VISITANTE,84:F1:47:54:8B:A2,-66,1
24/04/2026,07:49:39,229,Núcleo de pesquisa,EBF243D6-HE8D94yaFM1AOcS,44:D2:44:DD:32:49,-74,11
24/04/2026,07:49:39,229,Núcleo de pesquisa,IFPB,84:F1:47:54:FD:60,-77,1
24/04/2026,07:49:39,229,Núcleo de pesquisa,IFPB-VISITANTE,84:F1:47:54:FD:62,-78,1
24/04/2026,07:49:39,229,Núcleo de pesquisa,UA2-MiniLab,60:32:B1:2D:66:C3,-78,10
24/04/2026,07:49:39,229,Núcleo de pesquisa,IFPB,24:36:DA:2B:BC:00,-84,6
24/04/2026,07:49:39,229,Núcleo de pesquisa,IFPB,84:F1:47:54:80:60,-84,11
24/04/2026,07:49:39,229,Núcleo de pesquisa,IFPB-VISITANTE,84:F1:47:54:80:62,-84,11
24/04/2026,07:49:39,229,Núcleo de pesquisa,IFPB-VISITANTE,24:36:DA:2B:BC:02,-85,6
24/04/2026,07:49:39,229,Núcleo de pesquisa,Lab. de Sinais Digitais,18:D6:C7:F9:37:2F,-85,11
24/04/2026,07:49:39,229,Núcleo de pesquisa,APTelefonia,58:10:8C:91:F3:AA,-86,1
24/04/2026,07:49:39,229,Núcleo de pesquisa,GPDS,00:26:5A:66:55:EF,-86,6
24/04/2026,07:49:39,229,Núcleo de pesquisa,Intelbras,18:0D:2C:7F:EB:AC,-86,7
24/04/2026,07:49:39,229,Núcleo de pesquisa,TP-Link_1324,7C:F1:7E:8D:13:22,-88,10
24/04/2026,07:49:39,229,Núcleo de pesquisa,IFPB-Sala_Professor_14,24:FD:0D:57:19:26,-89,5
24/04/2026,07:49:39,229,Núcleo de pesquisa,IFPB-Sala_Professor_14,48:51:CF:81:B0:9E,-90,8
24/04/2026,07:49:39,229,Núcleo de pesquisa,IFPB-VISITANTE,84:F1:47:54:F9:82,-91,11
24/04/2026,07:49:39,229,Núcleo de pesquisa,IFPB-MM,54:E6:FC:BA:AD:86,-93,1
24/04/2026,07:49:39,229,Núcleo de pesquisa,INTELBRAS,D8:36:5F:54:70:40,-93,7
24/04/2026,07:49:39,229,Núcleo de pesquisa,NUNYA_Room_2.4GHz,CC:32:E5:0C:FC:2B,-93,9
24/04/2026,07:49:39,229,Núcleo de pesquisa,EBEF98EB-HE8D94xvZh1AO1J,44:D2:44:DD:32:41,-93,11
24/04/2026,07:49:39,229,Núcleo de pesquisa,JORGE208,F8:D2:AC:5E:66:C7,-94,11
24/04/2026,07:49:39,229,Núcleo de pesquisa,CLARO-WIFI-PILOTO,FA:D2:AC:5E:66:C1,-94,11
24/04/2026,07:49:49,230,Núcleo de pesquisa,NPEF/NEPA,50:C7:BF:EF:56:8A,-47,3
24/04/2026,07:49:49,230,Núcleo de pesquisa,IFPB,84:F1:47:54:8B:A0,-67,1
24/04/2026,07:49:49,230,Núcleo de pesquisa,IFPB-VISITANTE,84:F1:47:54:8B:A2,-67,1
24/04/2026,07:49:49,230,Núcleo de pesquisa,UA2-MiniLab,60:32:B1:2D:66:C3,-77,10
24/04/2026,07:49:49,230,Núcleo de pesquisa,EBF243D6-HE8D94yaFM1AOcS,44:D2:44:DD:32:49,-77,11
24/04/2026,07:49:49,230,Núcleo de pesquisa,IFPB,84:F1:47:54:FD:60,-79,1
24/04/2026,07:49:49,230,Núcleo de pesquisa,IFPB-VISITANTE,84:F1:47:54:FD:62,-79,1
24/04/2026,07:49:49,230,Núcleo de pesquisa,IFPB,24:36:DA:2B:BC:00,-80,6
24/04/2026,07:49:49,230,Núcleo de pesquisa,IFPB-VISITANTE,24:36:DA:2B:BC:02,-81,6
24/04/2026,07:49:49,230,Núcleo de pesquisa,GPDS,00:26:5A:66:55:EF,-85,6
24/04/2026,07:49:49,230,Núcleo de pesquisa,Lab. de Sinais Digitais,18:D6:C7:F9:37:2F,-85,11
24/04/2026,07:49:49,230,Núcleo de pesquisa,IFPB,84:F1:47:54:80:60,-85,11
24/04/2026,07:49:49,230,Núcleo de pesquisa,IFPB-VISITANTE,84:F1:47:54:80:62,-85,11
24/04/2026,07:49:49,230,Núcleo de pesquisa,IFPB-Sala_Professor_14,24:FD:0D:57:19:26,-87,5
24/04/2026,07:49:49,230,Núcleo de pesquisa,APTelefonia,58:10:8C:91:F3:AA,-89,1
24/04/2026,07:49:49,230,Núcleo de pesquisa,IFPB-Sala_Professor_14,48:51:CF:81:B0:9E,-89,8
24/04/2026,07:49:49,230,Núcleo de pesquisa,Intelbras,18:0D:2C:7F:EB:AC,-90,7
24/04/2026,07:49:49,230,Núcleo de pesquisa,TP-Link_1324,7C:F1:7E:8D:13:22,-91,10
24/04/2026,07:49:49,230,Núcleo de pesquisa,IFPB-VISITANTE,84:F1:47:54:F9:82,-91,11
24/04/2026,07:49:49,230,Núcleo de pesquisa,INTELBRAS,D8:36:5F:54:70:40,-92,7
24/04/2026,07:50:13,231,Coordenação de química,NPEF/NEPA,50:C7:BF:EF:56:8A,-60,3
24/04/2026,07:50:13,231,Coordenação de química,IFPB,84:F1:47:54:FD:60,-69,1
24/04/2026,07:50:13,231,Coordenação de química,IFPB-VISITANTE,84:F1:47:54:FD:62,-69,1
24/04/2026,07:50:13,231,Coordenação de química,EBF243D6-HE8D94yaFM1AOcS,44:D2:44:DD:32:49,-71,11
24/04/2026,07:50:13,231,Coordenação de química,IFPB-VISITANTE,84:F1:47:54:8B:A2,-76,1
24/04/2026,07:50:13,231,Coordenação de química,IFPB,84:F1:47:54:8B:A0,-78,1
24/04/2026,07:50:13,231,Coordenação de química,UA2-MiniLab,60:32:B1:2D:66:C3,-79,10
24/04/2026,07:50:13,231,Coordenação de química,IFPB,24:36:DA:2B:BC:00,-81,6
24/04/2026,07:50:13,231,Coordenação de química,IFPB-VISITANTE,24:36:DA:2B:BC:02,-81,6
24/04/2026,07:50:13,231,Coordenação de química,IFPB,84:F1:47:54:80:60,-85,11
24/04/2026,07:50:13,231,Coordenação de química,IFPB-VISITANTE,84:F1:47:54:80:62,-86,11
24/04/2026,07:50:14,231,Coordenação de química,IFPB-MM,54:E6:FC:BA:AD:86,-87,1
24/04/2026,07:50:14,231,Coordenação de química,APTelefonia,58:10:8C:91:F3:AA,-87,1
24/04/2026,07:50:14,231,Coordenação de química,IFPB-VISITANTE,84:F1:47:54:81:02,-87,11
24/04/2026,07:50:14,231,Coordenação de química,IFPB-Sala_Professor_14,48:51:CF:81:B0:9E,-88,8
24/04/2026,07:50:14,231,Coordenação de química,IFPB,84:F1:47:54:81:00,-88,11
24/04/2026,07:50:14,231,Coordenação de química,IFPB-VISITANTE,84:F1:47:54:EB:22,-89,6
24/04/2026,07:50:14,231,Coordenação de química,INTELBRAS,D8:36:5F:54:70:40,-89,7
24/04/2026,07:50:14,231,Coordenação de química,NUNYA_Room_2.4GHz,CC:32:E5:0C:FC:2B,-89,9
24/04/2026,07:50:14,231,Coordenação de química,IFPB,84:F1:47:54:EB:20,-91,6
24/04/2026,07:50:14,231,Coordenação de química,GPDS,00:26:5A:66:55:EF,-91,6
24/04/2026,07:50:14,231,Coordenação de química,TP-Link_1324,7C:F1:7E:8D:13:22,-91,10
24/04/2026,07:50:14,231,Coordenação de química,Lab. de Sinais Digitais,18:D6:C7:F9:37:2F,-91,11
24/04/2026,07:50:14,231,Coordenação de química,EBEF98EB-HE8D94xvZh1AO1J,44:D2:44:DD:32:41,-91,11
24/04/2026,07:50:14,231,Coordenação de química,brisa-3861242,24:2F:D0:CC:ED:8C,-92,2
24/04/2026,07:50:14,231,Coordenação de química,Intelbras,18:0D:2C:7F:EB:AC,-92,7
24/04/2026,07:50:14,231,Coordenação de química,IFPB-Sala_Professor_14,24:FD:0D:57:19:26,-94,5
24/04/2026,07:50:23,232,Coordenação de química,NPEF/NEPA,50:C7:BF:EF:56:8A,-49,3
24/04/2026,07:50:23,232,Coordenação de química,EBF243D6-HE8D94yaFM1AOcS,44:D2:44:DD:32:49,-62,11
24/04/2026,07:50:23,232,Coordenação de química,IFPB,84:F1:47:54:FD:60,-68,1
24/04/2026,07:50:23,232,Coordenação de química,IFPB-VISITANTE,84:F1:47:54:FD:62,-68,1
24/04/2026,07:50:23,232,Coordenação de química,IFPB,84:F1:47:54:8B:A0,-77,1
24/04/2026,07:50:24,232,Coordenação de química,IFPB-VISITANTE,84:F1:47:54:8B:A2,-77,1
24/04/2026,07:50:24,232,Coordenação de química,UA2-MiniLab,60:32:B1:2D:66:C3,-77,10
24/04/2026,07:50:24,232,Coordenação de química,Lab. de Sinais Digitais,18:D6:C7:F9:37:2F,-82,11
24/04/2026,07:50:24,232,Coordenação de química,IFPB,24:36:DA:2B:BC:00,-84,6
24/04/2026,07:50:24,232,Coordenação de química,IFPB-VISITANTE,24:36:DA:2B:BC:02,-84,6
24/04/2026,07:50:24,232,Coordenação de química,IFPB-MM,54:E6:FC:BA:AD:86,-86,1
24/04/2026,07:50:24,232,Coordenação de química,APTelefonia,58:10:8C:91:F3:AA,-86,1
24/04/2026,07:50:24,232,Coordenação de química,EBEF98EB-HE8D94xvZh1AO1J,44:D2:44:DD:32:41,-86,11
24/04/2026,07:50:24,232,Coordenação de química,IFPB-VISITANTE,84:F1:47:54:EB:22,-87,6
24/04/2026,07:50:24,232,Coordenação de química,IFPB-Sala_Professor_14,48:51:CF:81:B0:9E,-87,8
24/04/2026,07:50:24,232,Coordenação de química,IFPB,84:F1:47:54:81:00,-87,11
24/04/2026,07:50:24,232,Coordenação de química,IFPB-VISITANTE,84:F1:47:54:81:02,-87,11
24/04/2026,07:50:24,232,Coordenação de química,GPDS,00:26:5A:66:55:EF,-88,6
24/04/2026,07:50:24,232,Coordenação de química,IFPB,84:F1:47:54:EB:20,-88,6
24/04/2026,07:50:24,232,Coordenação de química,IFPB-VISITANTE,84:F1:47:54:80:62,-88,11
24/04/2026,07:50:24,232,Coordenação de química,IFPB,84:F1:47:54:80:60,-88,11
24/04/2026,07:50:24,232,Coordenação de química,CLARO-WIFI-PILOTO,FA:D2:AC:5E:66:C1,-90,11
24/04/2026,07:50:24,232,Coordenação de química,Intelbras,18:0D:2C:7F:EB:AC,-91,7
24/04/2026,07:50:24,232,Coordenação de química,NUNYA_Room_2.4GHz,CC:32:E5:0C:FC:2B,-92,9
24/04/2026,07:50:24,232,Coordenação de química,INTELBRAS,D8:36:5F:54:70:40,-93,7
24/04/2026,07:50:24,232,Coordenação de química,JORGE208,F8:D2:AC:5E:66:C7,-93,11
24/04/2026,07:50:24,232,Coordenação de química,IFPB-Sala_Professor_14,24:FD:0D:57:19:26,-96,5
24/04/2026,07:50:34,233,Coordenação de química,NPEF/NEPA,50:C7:BF:EF:56:8A,-61,3
24/04/2026,07:50:34,233,Coordenação de química,EBF243D6-HE8D94yaFM1AOcS,44:D2:44:DD:32:49,-68,11
24/04/2026,07:50:34,233,Coordenação de química,IFPB,84:F1:47:54:FD:60,-72,1
24/04/2026,07:50:34,233,Coordenação de química,IFPB-VISITANTE,84:F1:47:54:FD:62,-72,1
24/04/2026,07:50:34,233,Coordenação de química,IFPB,84:F1:47:54:8B:A0,-72,1
24/04/2026,07:50:34,233,Coordenação de química,IFPB-VISITANTE,84:F1:47:54:8B:A2,-72,1
24/04/2026,07:50:34,233,Coordenação de química,UA2-MiniLab,60:32:B1:2D:66:C3,-76,10
24/04/2026,07:50:34,233,Coordenação de química,IFPB,84:F1:47:54:80:60,-82,11
24/04/2026,07:50:34,233,Coordenação de química,IFPB-VISITANTE,84:F1:47:54:80:62,-82,11
24/04/2026,07:50:34,233,Coordenação de química,APTelefonia,58:10:8C:91:F3:AA,-83,1
24/04/2026,07:50:34,233,Coordenação de química,IFPB-MM,54:E6:FC:BA:AD:86,-85,1
24/04/2026,07:50:34,233,Coordenação de química,GPDS,00:26:5A:66:55:EF,-85,6
24/04/2026,07:50:34,233,Coordenação de química,Lab. de Sinais Digitais,18:D6:C7:F9:37:2F,-85,11
24/04/2026,07:50:34,233,Coordenação de química,IFPB-VISITANTE,84:F1:47:54:EB:22,-86,6
24/04/2026,07:50:34,233,Coordenação de química,IFPB-VISITANTE,2C:57:41:CD:E1:C2,-86,11
24/04/2026,07:50:34,233,Coordenação de química,IFPB-VISITANTE,84:F1:47:54:81:02,-86,11
24/04/2026,07:50:34,233,Coordenação de química,IFPB,2C:57:41:CD:E1:C0,-87,11
24/04/2026,07:50:34,233,Coordenação de química,IFPB,24:36:DA:2B:BC:00,-88,6
24/04/2026,07:50:34,233,Coordenação de química,IFPB-VISITANTE,24:36:DA:2B:BC:02,-88,6
24/04/2026,07:50:34,233,Coordenação de química,IFPB-VISITANTE,2C:57:41:D4:A5:22,-88,11
24/04/2026,07:50:34,233,Coordenação de química,IFPB-Sala_Professor_14,48:51:CF:81:B0:9E,-90,8
24/04/2026,07:50:34,233,Coordenação de química,Intelbras,18:0D:2C:7F:EB:AC,-91,7
24/04/2026,07:50:34,233,Coordenação de química,IFPB,2C:57:41:D4:A5:20,-91,11
24/04/2026,07:50:34,233,Coordenação de química,IFPB-Sala_Professor_14,24:FD:0D:57:19:26,-92,5
24/04/2026,07:50:34,233,Coordenação de química,INTELBRAS,D8:36:5F:54:70:40,-92,7
24/04/2026,07:50:34,233,Coordenação de química,CLARO-WIFI-PILOTO,FA:D2:AC:5E:66:C1,-92,11
24/04/2026,07:50:34,233,Coordenação de química,NUNYA_Room_2.4GHz,CC:32:E5:0C:FC:2B,-93,9
24/04/2026,07:50:34,233,Coordenação de química,JORGE208,F8:D2:AC:5E:66:C7,-93,11
24/04/2026,07:50:44,234,Coordenação de química,NPEF/NEPA,50:C7:BF:EF:56:8A,-54,3
24/04/2026,07:50:44,234,Coordenação de química,EBF243D6-HE8D94yaFM1AOcS,44:D2:44:DD:32:49,-65,11
24/04/2026,07:50:44,234,Coordenação de química,IFPB,84:F1:47:54:FD:60,-73,1
24/04/2026,07:50:44,234,Coordenação de química,IFPB-VISITANTE,84:F1:47:54:FD:62,-73,1
24/04/2026,07:50:44,234,Coordenação de química,IFPB,84:F1:47:54:8B:A0,-76,1
24/04/2026,07:50:44,234,Coordenação de química,IFPB-VISITANTE,24:36:DA:2B:BC:02,-81,6
24/04/2026,07:50:44,234,Coordenação de química,UA2-MiniLab,60:32:B1:2D:66:C3,-81,10
24/04/2026,07:50:44,234,Coordenação de química,IFPB,24:36:DA:2B:BC:00,-83,6
24/04/2026,07:50:44,234,Coordenação de química,IFPB-MM,54:E6:FC:BA:AD:86,-84,1
24/04/2026,07:50:44,234,Coordenação de química,IFPB,84:F1:47:54:80:60,-84,11
24/04/2026,07:50:44,234,Coordenação de química,Lab. de Sinais Digitais,18:D6:C7:F9:37:2F,-84,11
24/04/2026,07:50:44,234,Coordenação de química,IFPB-VISITANTE,84:F1:47:54:80:62,-84,11
24/04/2026,07:50:44,234,Coordenação de química,IFPB-VISITANTE,84:F1:47:54:EB:22,-85,6
24/04/2026,07:50:44,234,Coordenação de química,IFPB,84:F1:47:54:EB:20,-85,6
24/04/2026,07:50:44,234,Coordenação de química,APTelefonia,58:10:8C:91:F3:AA,-86,1
24/04/2026,07:50:44,234,Coordenação de química,IFPB-VISITANTE,2C:57:41:CD:E1:C2,-87,11
24/04/2026,07:50:44,234,Coordenação de química,EBEF98EB-HE8D94xvZh1AO1J,44:D2:44:DD:32:41,-88,11
24/04/2026,07:50:44,234,Coordenação de química,IFPB-VISITANTE,84:F1:47:54:81:02,-88,11
24/04/2026,07:50:44,234,Coordenação de química,IFPB,84:F1:47:54:81:00,-88,11
24/04/2026,07:50:44,234,Coordenação de química,INTELBRAS,D8:36:5F:54:70:40,-89,7
24/04/2026,07:50:44,234,Coordenação de química,IFPB-Sala_Professor_14,48:51:CF:81:B0:9E,-89,8
24/04/2026,07:50:44,234,Coordenação de química,NUNYA_Room_2.4GHz,CC:32:E5:0C:FC:2B,-89,9
24/04/2026,07:50:44,234,Coordenação de química,TP-Link_1324,7C:F1:7E:8D:13:22,-90,10
24/04/2026,07:50:44,234,Coordenação de química,IFPB-Sala_Professor_14,24:FD:0D:57:19:26,-91,5
24/04/2026,07:50:44,234,Coordenação de química,Intelbras,18:0D:2C:7F:EB:AC,-91,7
24/04/2026,07:50:44,234,Coordenação de química,GPDS,00:26:5A:66:55:EF,-93,6
24/04/2026,07:50:44,234,Coordenação de química,JORGE208,F8:D2:AC:5E:66:C7,-95,11
24/04/2026,07:50:54,235,Coordenação de química,NPEF/NEPA,50:C7:BF:EF:56:8A,-58,3
24/04/2026,07:50:54,235,Coordenação de química,EBF243D6-HE8D94yaFM1AOcS,44:D2:44:DD:32:49,-69,11
24/04/2026,07:50:54,235,Coordenação de química,IFPB,84:F1:47:54:FD:60,-70,1
24/04/2026,07:50:54,235,Coordenação de química,IFPB-VISITANTE,84:F1:47:54:FD:62,-70,1
24/04/2026,07:50:54,235,Coordenação de química,IFPB,84:F1:47:54:8B:A0,-77,1
24/04/2026,07:50:54,235,Coordenação de química,IFPB-VISITANTE,84:F1:47:54:8B:A2,-77,1
24/04/2026,07:50:54,235,Coordenação de química,IFPB,24:36:DA:2B:BC:00,-81,6
24/04/2026,07:50:54,235,Coordenação de química,UA2-MiniLab,60:32:B1:2D:66:C3,-82,10
24/04/2026,07:50:54,235,Coordenação de química,IFPB-VISITANTE,24:36:DA:2B:BC:02,-83,6
24/04/2026,07:50:54,235,Coordenação de química,APTelefonia,58:10:8C:91:F3:AA,-86,1
24/04/2026,07:50:54,235,Coordenação de química,IFPB-VISITANTE,84:F1:47:54:EB:22,-86,6
24/04/2026,07:50:54,235,Coordenação de química,IFPB-VISITANTE,84:F1:47:54:80:62,-86,11
24/04/2026,07:50:54,235,Coordenação de química,IFPB,84:F1:47:54:81:00,-86,11
24/04/2026,07:50:54,235,Coordenação de química,IFPB,84:F1:47:54:EB:20,-87,6
24/04/2026,07:50:54,235,Coordenação de química,IFPB,84:F1:47:54:80:60,-87,11
24/04/2026,07:50:54,235,Coordenação de química,NUNYA_Room_2.4GHz,CC:32:E5:0C:FC:2B,-88,9
24/04/2026,07:50:54,235,Coordenação de química,IFPB-VISITANTE,84:F1:47:54:81:02,-88,11
24/04/2026,07:50:54,235,Coordenação de química,INTELBRAS,D8:36:5F:54:70:40,-90,7
24/04/2026,07:50:54,235,Coordenação de química,IFPB-Sala_Professor_14,48:51:CF:81:B0:9E,-90,8
24/04/2026,07:50:54,235,Coordenação de química,IFPB-Sala_Professor_14,24:FD:0D:57:19:26,-91,5
24/04/2026,07:50:54,235,Coordenação de química,TP-Link_1324,7C:F1:7E:8D:13:22,-91,10
24/04/2026,07:50:54,235,Coordenação de química,Lab. de Sinais Digitais,18:D6:C7:F9:37:2F,-91,11
24/04/2026,07:50:54,235,Coordenação de química,GPDS,00:26:5A:66:55:EF,-92,6
24/04/2026,07:50:54,235,Coordenação de química,Intelbras,18:0D:2C:7F:EB:AC,-95,7
24/04/2026,07:50:54,235,Coordenação de química,EBEF98EB-HE8D94xvZh1AO1J,44:D2:44:DD:32:41,-95,11
24/04/2026,07:50:54,235,Coordenação de química,IFPB-MM,54:E6:FC:BA:AD:86,-97,1
24/04/2026,07:51:04,236,Coordenação de química,NPEF/NEPA,50:C7:BF:EF:56:8A,-53,3
24/04/2026,07:51:04,236,Coordenação de química,IFPB,84:F1:47:54:FD:60,-67,1
24/04/2026,07:51:04,236,Coordenação de química,EBF243D6-HE8D94yaFM1AOcS,44:D2:44:DD:32:49,-68,11
24/04/2026,07:51:04,236,Coordenação de química,IFPB-VISITANTE,84:F1:47:54:FD:62,-69,1
24/04/2026,07:51:04,236,Coordenação de química,IFPB-VISITANTE,84:F1:47:54:8B:A2,-75,1
24/04/2026,07:51:04,236,Coordenação de química,IFPB,84:F1:47:54:8B:A0,-76,1
24/04/2026,07:51:04,236,Coordenação de química,IFPB-VISITANTE,24:36:DA:2B:BC:02,-80,6
24/04/2026,07:51:04,236,Coordenação de química,UA2-MiniLab,60:32:B1:2D:66:C3,-80,10
24/04/2026,07:51:04,236,Coordenação de química,IFPB,24:36:DA:2B:BC:00,-81,6
24/04/2026,07:51:04,236,Coordenação de química,APTelefonia,58:10:8C:91:F3:AA,-86,1
24/04/2026,07:51:04,236,Coordenação de química,IFPB,84:F1:47:54:EB:20,-86,6
24/04/2026,07:51:04,236,Coordenação de química,IFPB,2C:57:41:CD:E1:C0,-86,11
24/04/2026,07:51:04,236,Coordenação de química,IFPB-VISITANTE,84:F1:47:54:EB:22,-87,6
24/04/2026,07:51:04,236,Coordenação de química,IFPB,84:F1:47:54:81:00,-87,11
24/04/2026,07:51:04,236,Coordenação de química,Lab. de Sinais Digitais,18:D6:C7:F9:37:2F,-88,11
24/04/2026,07:51:04,236,Coordenação de química,IFPB-VISITANTE,84:F1:47:54:81:02,-88,11
24/04/2026,07:51:04,236,Coordenação de química,IFPB-VISITANTE,2C:57:41:CD:E1:C2,-88,11
24/04/2026,07:51:04,236,Coordenação de química,IFPB,84:F1:47:54:80:60,-88,11
24/04/2026,07:51:04,236,Coordenação de química,TP-Link_1324,7C:F1:7E:8D:13:22,-89,10
24/04/2026,07:51:04,236,Coordenação de química,IFPB-VISITANTE,84:F1:47:54:80:62,-89,11
24/04/2026,07:51:04,236,Coordenação de química,Intelbras,18:0D:2C:7F:EB:AC,-90,7
24/04/2026,07:51:05,236,Coordenação de química,NUNYA_Room_2.4GHz,CC:32:E5:0C:FC:2B,-90,9
24/04/2026,07:51:05,236,Coordenação de química,IFPB-MM,54:E6:FC:BA:AD:86,-92,1
24/04/2026,07:51:05,236,Coordenação de química,IFPB-Sala_Professor_14,24:FD:0D:57:19:26,-93,5
24/04/2026,07:51:05,236,Coordenação de química,IFPB-Sala_Professor_14,48:51:CF:81:B0:9E,-93,8
24/04/2026,07:51:05,236,Coordenação de química,GPDS,00:26:5A:66:55:EF,-94,6
24/04/2026,07:51:05,236,Coordenação de química,INTELBRAS,D8:36:5F:54:70:40,-94,7
24/04/2026,07:51:05,236,Coordenação de química,EBEF98EB-HE8D94xvZh1AO1J,44:D2:44:DD:32:41,-94,11
24/04/2026,07:51:14,237,Coordenação de química,NPEF/NEPA,50:C7:BF:EF:56:8A,-55,3
24/04/2026,07:51:14,237,Coordenação de química,EBF243D6-HE8D94yaFM1AOcS,44:D2:44:DD:32:49,-69,11
24/04/2026,07:51:14,237,Coordenação de química,IFPB,84:F1:47:54:FD:60,-70,1
24/04/2026,07:51:14,237,Coordenação de química,IFPB-VISITANTE,84:F1:47:54:FD:62,-70,1
24/04/2026,07:51:14,237,Coordenação de química,IFPB-VISITANTE,84:F1:47:54:8B:A2,-75,1
24/04/2026,07:51:14,237,Coordenação de química,IFPB,84:F1:47:54:8B:A0,-75,1
24/04/2026,07:51:14,237,Coordenação de química,UA2-MiniLab,60:32:B1:2D:66:C3,-80,10
24/04/2026,07:51:14,237,Coordenação de química,IFPB,24:36:DA:2B:BC:00,-81,6
24/04/2026,07:51:14,237,Coordenação de química,IFPB-VISITANTE,24:36:DA:2B:BC:02,-82,6
24/04/2026,07:51:14,237,Coordenação de química,APTelefonia,58:10:8C:91:F3:AA,-85,1
24/04/2026,07:51:14,237,Coordenação de química,IFPB-VISITANTE,84:F1:47:54:EB:22,-86,6
24/04/2026,07:51:15,237,Coordenação de química,IFPB-VISITANTE,84:F1:47:54:80:62,-86,11
24/04/2026,07:51:15,237,Coordenação de química,NUNYA_Room_2.4GHz,CC:32:E5:0C:FC:2B,-87,9
24/04/2026,07:51:15,237,Coordenação de química,IFPB,84:F1:47:54:80:60,-87,11
24/04/2026,07:51:15,237,Coordenação de química,IFPB,84:F1:47:54:81:00,-87,11
24/04/2026,07:51:15,237,Coordenação de química,IFPB-VISITANTE,84:F1:47:54:81:02,-87,11
24/04/2026,07:51:15,237,Coordenação de química,IFPB,2C:57:41:CD:E1:C0,-87,11
24/04/2026,07:51:15,237,Coordenação de química,IFPB-VISITANTE,2C:57:41:CD:E1:C2,-87,11
24/04/2026,07:51:15,237,Coordenação de química,Intelbras,18:0D:2C:7F:EB:AC,-88,7
24/04/2026,07:51:15,237,Coordenação de química,Lab. de Sinais Digitais,18:D6:C7:F9:37:2F,-89,11
24/04/2026,07:51:15,237,Coordenação de química,IFPB-Sala_Professor_14,48:51:CF:81:B0:9E,-90,8
24/04/2026,07:51:15,237,Coordenação de química,IFPB-MM,54:E6:FC:BA:AD:86,-91,1
24/04/2026,07:51:15,237,Coordenação de química,EBEF98EB-HE8D94xvZh1AO1J,44:D2:44:DD:32:41,-92,11
24/04/2026,07:51:15,237,Coordenação de química,GPDS,00:26:5A:66:55:EF,-93,6
24/04/2026,07:51:15,237,Coordenação de química,TP-Link_1324,7C:F1:7E:8D:13:22,-93,10
24/04/2026,07:51:15,237,Coordenação de química,INTELBRAS,D8:36:5F:54:70:40,-95,7
24/04/2026,07:51:24,238,Coordenação de química,NPEF/NEPA,50:C7:BF:EF:56:8A,-51,3
24/04/2026,07:51:24,238,Coordenação de química,EBF243D6-HE8D94yaFM1AOcS,44:D2:44:DD:32:49,-68,11
24/04/2026,07:51:24,238,Coordenação de química,IFPB,84:F1:47:54:FD:60,-69,1
24/04/2026,07:51:24,238,Coordenação de química,IFPB-VISITANTE,84:F1:47:54:FD:62,-69,1
24/04/2026,07:51:24,238,Coordenação de química,IFPB,84:F1:47:54:8B:A0,-76,1
24/04/2026,07:51:24,238,Coordenação de química,IFPB-VISITANTE,84:F1:47:54:8B:A2,-76,1
24/04/2026,07:51:24,238,Coordenação de química,IFPB,24:36:DA:2B:BC:00,-81,6
24/04/2026,07:51:24,238,Coordenação de química,IFPB-VISITANTE,24:36:DA:2B:BC:02,-82,6
24/04/2026,07:51:24,238,Coordenação de química,UA2-MiniLab,60:32:B1:2D:66:C3,-82,10
24/04/2026,07:51:24,238,Coordenação de química,IFPB,84:F1:47:54:EB:20,-85,6
24/04/2026,07:51:24,238,Coordenação de química,IFPB-VISITANTE,84:F1:47:54:EB:22,-85,6
24/04/2026,07:51:25,238,Coordenação de química,IFPB,84:F1:47:54:80:60,-86,11
24/04/2026,07:51:25,238,Coordenação de química,APTelefonia,58:10:8C:91:F3:AA,-87,1
24/04/2026,07:51:25,238,Coordenação de química,IFPB-VISITANTE,84:F1:47:54:80:62,-87,11
24/04/2026,07:51:25,238,Coordenação de química,IFPB-VISITANTE,84:F1:47:54:81:02,-87,11
24/04/2026,07:51:25,238,Coordenação de química,IFPB,84:F1:47:54:81:00,-88,11
24/04/2026,07:51:25,238,Coordenação de química,IFPB,2C:57:41:CD:E1:C0,-88,11
24/04/2026,07:51:25,238,Coordenação de química,IFPB-VISITANTE,2C:57:41:CD:E1:C2,-88,11
24/04/2026,07:51:25,238,Coordenação de química,INTELBRAS,D8:36:5F:54:70:40,-90,7
24/04/2026,07:51:25,238,Coordenação de química,Lab. de Sinais Digitais,18:D6:C7:F9:37:2F,-90,11
24/04/2026,07:51:25,238,Coordenação de química,IFPB-Sala_Professor_14,48:51:CF:81:B0:9E,-91,8
24/04/2026,07:51:25,238,Coordenação de química,NUNYA_Room_2.4GHz,CC:32:E5:0C:FC:2B,-91,9
24/04/2026,07:51:25,238,Coordenação de química,TP-Link_1324,7C:F1:7E:8D:13:22,-91,10
24/04/2026,07:51:25,238,Coordenação de química,IFPB-Sala_Professor_14,24:FD:0D:57:19:26,-92,5
24/04/2026,07:51:25,238,Coordenação de química,IFPB-MM,54:E6:FC:BA:AD:86,-93,1
24/04/2026,07:51:25,238,Coordenação de química,GPDS,00:26:5A:66:55:EF,-93,6
24/04/2026,07:51:25,238,Coordenação de química,Intelbras,18:0D:2C:7F:EB:AC,-93,7
24/04/2026,07:51:25,238,Coordenação de química,EBEF98EB-HE8D94xvZh1AO1J,44:D2:44:DD:32:41,-93,11
24/04/2026,07:51:35,239,Coordenação de química,NPEF/NEPA,50:C7:BF:EF:56:8A,-57,3
24/04/2026,07:51:35,239,Coordenação de química,EBF243D6-HE8D94yaFM1AOcS,44:D2:44:DD:32:49,-68,11
24/04/2026,07:51:35,239,Coordenação de química,IFPB-VISITANTE,84:F1:47:54:FD:62,-69,1
24/04/2026,07:51:35,239,Coordenação de química,IFPB,84:F1:47:54:FD:60,-70,1
24/04/2026,07:51:35,239,Coordenação de química,IFPB,84:F1:47:54:8B:A0,-75,1
24/04/2026,07:51:35,239,Coordenação de química,IFPB-VISITANTE,84:F1:47:54:8B:A2,-75,1
24/04/2026,07:51:35,239,Coordenação de química,UA2-MiniLab,60:32:B1:2D:66:C3,-80,10
24/04/2026,07:51:35,239,Coordenação de química,IFPB-VISITANTE,24:36:DA:2B:BC:02,-82,6
24/04/2026,07:51:35,239,Coordenação de química,IFPB,24:36:DA:2B:BC:00,-83,6
24/04/2026,07:51:35,239,Coordenação de química,IFPB,84:F1:47:54:EB:20,-86,6
24/04/2026,07:51:35,239,Coordenação de química,IFPB,84:F1:47:54:80:60,-86,11
24/04/2026,07:51:35,239,Coordenação de química,IFPB-VISITANTE,84:F1:47:54:81:02,-86,11
24/04/2026,07:51:35,239,Coordenação de química,APTelefonia,58:10:8C:91:F3:AA,-87,1
24/04/2026,07:51:35,239,Coordenação de química,NUNYA_Room_2.4GHz,CC:32:E5:0C:FC:2B,-87,9
24/04/2026,07:51:35,239,Coordenação de química,IFPB-VISITANTE,84:F1:47:54:80:62,-87,11
24/04/2026,07:51:35,239,Coordenação de química,IFPB,84:F1:47:54:81:00,-87,11
24/04/2026,07:51:35,239,Coordenação de química,IFPB-VISITANTE,2C:57:41:CD:E1:C2,-88,11
24/04/2026,07:51:35,239,Coordenação de química,IFPB-Sala_Professor_14,24:FD:0D:57:19:26,-90,5
24/04/2026,07:51:35,239,Coordenação de química,Lab. de Sinais Digitais,18:D6:C7:F9:37:2F,-90,11
24/04/2026,07:51:35,239,Coordenação de química,GPDS,00:26:5A:66:55:EF,-91,6
24/04/2026,07:51:35,239,Coordenação de química,IFPB-Sala_Professor_14,48:51:CF:81:B0:9E,-92,8
24/04/2026,07:51:35,239,Coordenação de química,TP-Link_1324,7C:F1:7E:8D:13:22,-92,10
24/04/2026,07:51:35,239,Coordenação de química,Intelbras,18:0D:2C:7F:EB:AC,-93,7
24/04/2026,07:51:35,239,Coordenação de química,INTELBRAS,D8:36:5F:54:70:40,-93,7
24/04/2026,07:51:35,239,Coordenação de química,EBEF98EB-HE8D94xvZh1AO1J,44:D2:44:DD:32:41,-95,11
24/04/2026,07:51:35,239,Coordenação de química,JORGE208,F8:D2:AC:5E:66:C7,-96,11
24/04/2026,07:51:45,240,Coordenação de química,NPEF/NEPA,50:C7:BF:EF:56:8A,-59,3
24/04/2026,07:51:45,240,Coordenação de química,EBF243D6-HE8D94yaFM1AOcS,44:D2:44:DD:32:49,-66,11
24/04/2026,07:51:45,240,Coordenação de química,IFPB,84:F1:47:54:FD:60,-70,1
24/04/2026,07:51:45,240,Coordenação de química,IFPB-VISITANTE,84:F1:47:54:FD:62,-70,1
24/04/2026,07:51:45,240,Coordenação de química,IFPB-VISITANTE,84:F1:47:54:8B:A2,-75,1
24/04/2026,07:51:45,240,Coordenação de química,IFPB,84:F1:47:54:8B:A0,-76,1
24/04/2026,07:51:45,240,Coordenação de química,IFPB,24:36:DA:2B:BC:00,-81,6
24/04/2026,07:51:45,240,Coordenação de química,IFPB-VISITANTE,24:36:DA:2B:BC:02,-82,6
24/04/2026,07:51:45,240,Coordenação de química,UA2-MiniLab,60:32:B1:2D:66:C3,-82,10
24/04/2026,07:51:45,240,Coordenação de química,NUNYA_Room_2.4GHz,CC:32:E5:0C:FC:2B,-84,9
24/04/2026,07:51:45,240,Coordenação de química,APTelefonia,58:10:8C:91:F3:AA,-87,1
24/04/2026,07:51:45,240,Coordenação de química,IFPB,84:F1:47:54:80:60,-87,11
24/04/2026,07:51:45,240,Coordenação de química,IFPB-VISITANTE,84:F1:47:54:80:62,-87,11
24/04/2026,07:51:45,240,Coordenação de química,IFPB,84:F1:47:54:81:00,-87,11
24/04/2026,07:51:45,240,Coordenação de química,IFPB-VISITANTE,84:F1:47:54:81:02,-87,11
24/04/2026,07:51:45,240,Coordenação de química,IFPB-Sala_Professor_14,48:51:CF:81:B0:9E,-88,8
24/04/2026,07:51:45,240,Coordenação de química,IFPB,2C:57:41:CD:E1:C0,-89,11
24/04/2026,07:51:45,240,Coordenação de química,Lab. de Sinais Digitais,18:D6:C7:F9:37:2F,-89,11
24/04/2026,07:51:45,240,Coordenação de química,IFPB-VISITANTE,2C:57:41:CD:E1:C2,-89,11
24/04/2026,07:51:45,240,Coordenação de química,GPDS,00:26:5A:66:55:EF,-91,6
24/04/2026,07:51:45,240,Coordenação de química,INTELBRAS,D8:36:5F:54:70:40,-91,7
24/04/2026,07:51:45,240,Coordenação de química,TP-Link_1324,7C:F1:7E:8D:13:22,-91,10
24/04/2026,07:51:45,240,Coordenação de química,IFPB-MM,54:E6:FC:BA:AD:86,-93,1
24/04/2026,07:51:45,240,Coordenação de química,IFPB,2C:57:41:D4:A5:20,-93,11
24/04/2026,07:51:45,240,Coordenação de química,IFPB-Sala_Professor_14,24:FD:0D:57:19:26,-94,5
24/04/2026,07:51:45,240,Coordenação de química,Intelbras,18:0D:2C:7F:EB:AC,-94,7
24/04/2026,07:51:45,240,Coordenação de química,EBEF98EB-HE8D94xvZh1AO1J,44:D2:44:DD:32:41,-95,11
