data,hora,num,ssid,bssid,rssi,canal,ambiente
24/10/2025,7:35:17,1,IFPB,84:f1:47:54:7f:20,-57,6,Lab. Informática 09
24/10/2025,7:35:17,1,IFPB-VISITANTE,84:f1:47:54:7f:22,-57,6,Lab. Informática 09
24/10/2025,7:35:17,1,IFPB TCC,d8:5d:4c:86:7e:66,-63,1,Lab. Informática 09
24/10/2025,7:35:17,1,IFPB-Sala_Professor_14,24:fd:0d:57:19:26,-63,2,Lab. Informática 09
24/10/2025,7:35:17,1,APTelefonia,58:10:8c:91:f3:aa,-66,1,Lab. Informática 09
24/10/2025,7:35:17,1,Asterisk Server,18:0d:2c:7f:f5:9c,-72,11,Lab. Informática 09
24/10/2025,7:35:17,1,TP-Link_1324,7c:f1:7e:8d:13:22,-73,4,Lab. Informática 09
24/10/2025,7:35:17,1,TP-Link_C3CB,d8:0d:17:3e:c3:cb,-77,3,Lab. Informática 09
24/10/2025,7:35:17,1,Intelbras,18:0d:2c:7f:eb:ac,-77,11,Lab. Informática 09
24/10/2025,7:35:17,1,Lab. de Sinais Digitais,18:d6:c7:f9:37:2f,-79,11,Lab. Informática 09
24/10/2025,7:35:17,1,NUNYA_Room_2.4GHz,cc:32:e5:0c:fc:2b,-84,4,Lab. Informática 09
24/10/2025,7:35:17,1,GPDS,00:26:5a:66:55:ef,-84,6,Lab. Informática 09
24/10/2025,7:35:17,1,IFPB,e4:4e:2d:85:4c:60,-85,1,Lab. Informática 09
24/10/2025,7:35:17,1,IFPB-VISITANTE,e4:4e:2d:85:4c:62,-85,1,Lab. Informática 09
24/10/2025,7:35:17,1,IFPB-VISITANTE,2c:57:41:d4:69:c2,-86,11,Lab. Informática 09
24/10/2025,7:35:17,1,IFPB-Sala_Professor_14,48:51:cf:81:b0:9e,-88,2,Lab. Informática 09
24/10/2025,7:35:17,1,IFPB-VISITANTE,84:f1:47:54:96:e2,-89,6,Lab. Informática 09
24/10/2025,7:35:17,1,IFPB-Sala_13,e8:94:f6:b9:2f:46,-89,10,Lab. Informática 09
24/10/2025,7:35:17,1,Lab Redes Convergentes,64:70:02:99:fe:f4,-90,6,Lab. Informática 09
24/10/2025,7:35:17,1,UA2-MiniLab,60:32:b1:2d:66:c3,-90,6,Lab. Informática 09
24/10/2025,7:35:17,1,LIMPEZA,54:e6:fc:cf:22:de,-91,6,Lab. Informática 09
24/10/2025,7:35:26,2,IFPB,84:f1:47:54:7f:20,-58,6,Lab. Informática 09
24/10/2025,7:35:26,2,IFPB-VISITANTE,84:f1:47:54:7f:22,-58,6,Lab. Informática 09
24/10/2025,7:35:26,2,APTelefonia,58:10:8c:91:f3:aa,-61,1,Lab. Informática 09
24/10/2025,7:35:26,2,IFPB TCC,d8:5d:4c:86:7e:66,-64,1,Lab. Informática 09
24/10/2025,7:35:26,2,IFPB-Sala_Professor_14,24:fd:0d:57:19:26,-68,2,Lab. Informática 09
24/10/2025,7:35:26,2,Intelbras,18:0d:2c:7f:eb:ac,-76,11,Lab. Informática 09
24/10/2025,7:35:26,2,TP-Link_1324,7c:f1:7e:8d:13:22,-77,4,Lab. Informática 09
24/10/2025,7:35:26,2,Asterisk Server,18:0d:2c:7f:f5:9c,-77,11,Lab. Informática 09
24/10/2025,7:35:26,2,Lab. de Sinais Digitais,18:d6:c7:f9:37:2f,-80,11,Lab. Informática 09
24/10/2025,7:35:26,2,TP-Link_C3CB,d8:0d:17:3e:c3:cb,-82,3,Lab. Informática 09
24/10/2025,7:35:26,2,NUNYA_Room_2.4GHz,cc:32:e5:0c:fc:2b,-84,4,Lab. Informática 09
24/10/2025,7:35:26,2,IFPB-Sala_Professor_14,48:51:cf:81:b0:9e,-86,2,Lab. Informática 09
24/10/2025,7:35:26,2,IFPB,b8:11:4b:1d:1e:40,-86,6,Lab. Informática 09
24/10/2025,7:35:26,2,IFPB-VISITANTE,e4:4e:2d:85:4c:62,-87,1,Lab. Informática 09
24/10/2025,7:35:26,2,GPDS,00:26:5a:66:55:ef,-88,6,Lab. Informática 09
24/10/2025,7:35:26,2,UA2-MiniLab,60:32:b1:2d:66:c3,-88,6,Lab. Informática 09
24/10/2025,7:35:26,2,IFPB,e4:4e:2d:85:4c:60,-89,1,Lab. Informática 09
24/10/2025,7:35:26,2,Lab Redes Convergentes,64:70:02:99:fe:f4,-91,6,Lab. Informática 09
24/10/2025,7:35:26,2,LIMPEZA,54:e6:fc:cf:22:de,-91,6,Lab. Informática 09
24/10/2025,7:35:26,2,IFPB-Sala_13,e8:94:f6:b9:2f:46,-91,10,Lab. Informática 09
24/10/2025,7:35:26,2,IFPB-VISITANTE,2c:57:41:d4:69:c2,-92,11,Lab. Informática 09
24/10/2025,7:35:35,3,IFPB,84:f1:47:54:7f:20,-57,6,Lab. Informática 09
24/10/2025,7:35:35,3,IFPB-VISITANTE,84:f1:47:54:7f:22,-57,6,Lab. Informática 09
24/10/2025,7:35:35,3,APTelefonia,58:10:8c:91:f3:aa,-63,1,Lab. Informática 09
24/10/2025,7:35:35,3,IFPB TCC,d8:5d:4c:86:7e:66,-70,1,Lab. Informática 09
24/10/2025,7:35:35,3,IFPB-Sala_Professor_14,24:fd:0d:57:19:26,-70,2,Lab. Informática 09
24/10/2025,7:35:35,3,TP-Link_1324,7c:f1:7e:8d:13:22,-76,4,Lab. Informática 09
24/10/2025,7:35:35,3,Intelbras,18:0d:2c:7f:eb:ac,-77,11,Lab. Informática 09
24/10/2025,7:35:35,3,Lab. de Sinais Digitais,18:d6:c7:f9:37:2f,-77,11,Lab. Informática 09
24/10/2025,7:35:35,3,Asterisk Server,18:0d:2c:7f:f5:9c,-78,11,Lab. Informática 09
24/10/2025,7:35:35,3,IFPB,b8:11:4b:1d:1e:40,-83,6,Lab. Informática 09
24/10/2025,7:35:35,3,GPDS,00:26:5a:66:55:ef,-85,6,Lab. Informática 09
24/10/2025,7:35:35,3,IFPB-Sala_Professor_14,48:51:cf:81:b0:9e,-87,2,Lab. Informática 09
24/10/2025,7:35:35,3,TP-Link_C3CB,d8:0d:17:3e:c3:cb,-87,3,Lab. Informática 09
24/10/2025,7:35:35,3,UA2-MiniLab,60:32:b1:2d:66:c3,-89,6,Lab. Informática 09
24/10/2025,7:35:35,3,IFPB,e4:4e:2d:85:4c:60,-90,1,Lab. Informática 09
24/10/2025,7:35:35,3,IFPB-VISITANTE,e4:4e:2d:85:4c:62,-90,1,Lab. Informática 09
24/10/2025,7:35:35,3,Lab Redes Convergentes,64:70:02:99:fe:f4,-91,6,Lab. Informática 09
24/10/2025,7:35:35,3,NUNYA_Room_2.4GHz,cc:32:e5:0c:fc:2b,-92,4,Lab. Informática 09
24/10/2025,7:35:35,3,IFPB-Sala_13,e8:94:f6:b9:2f:46,-92,10,Lab. Informática 09
24/10/2025,7:35:44,4,IFPB,84:f1:47:54:7f:20,-58,6,Lab. Informática 09
24/10/2025,7:35:44,4,IFPB-VISITANTE,84:f1:47:54:7f:22,-58,6,Lab. Informática 09
24/10/2025,7:35:44,4,APTelefonia,58:10:8c:91:f3:aa,-65,1,Lab. Informática 09
24/10/2025,7:35:44,4,IFPB-Sala_Professor_14,24:fd:0d:57:19:26,-68,2,Lab. Informática 09
24/10/2025,7:35:44,4,IFPB TCC,d8:5d:4c:86:7e:66,-70,1,Lab. Informática 09
24/10/2025,7:35:44,4,Intelbras,18:0d:2c:7f:eb:ac,-77,11,Lab. Informática 09
24/10/2025,7:35:44,4,Lab. de Sinais Digitais,18:d6:c7:f9:37:2f,-78,11,Lab. Informática 09
24/10/2025,7:35:44,4,TP-Link_1324,7c:f1:7e:8d:13:22,-79,4,Lab. Informática 09
24/10/2025,7:35:44,4,Asterisk Server,18:0d:2c:7f:f5:9c,-79,11,Lab. Informática 09
24/10/2025,7:35:44,4,IFPB,b8:11:4b:1d:1e:40,-83,6,Lab. Informática 09
24/10/2025,7:35:44,4,IFPB-Sala_Professor_14,48:51:cf:81:b0:9e,-84,2,Lab. Informática 09
24/10/2025,7:35:44,4,IFPB-VISITANTE,b8:11:4b:1d:1e:42,-84,6,Lab. Informática 09
24/10/2025,7:35:44,4,TP-Link_C3CB,d8:0d:17:3e:c3:cb,-86,3,Lab. Informática 09
24/10/2025,7:35:44,4,GPDS,00:26:5a:66:55:ef,-87,6,Lab. Informática 09
24/10/2025,7:35:44,4,IFPB-VISITANTE,e4:4e:2d:85:4c:62,-88,1,Lab. Informática 09
24/10/2025,7:35:44,4,UA2-MiniLab,60:32:b1:2d:66:c3,-88,6,Lab. Informática 09
24/10/2025,7:35:44,4,Lab Redes Convergentes,64:70:02:99:fe:f4,-91,6,Lab. Informática 09
24/10/2025,7:35:44,4,IFPB-Sala_13,e8:94:f6:b9:2f:46,-92,10,Lab. Informática 09
24/10/2025,7:35:44,4,LIMPEZA,54:e6:fc:cf:22:de,-93,6,Lab. Informática 09
24/10/2025,7:35:44,4,NUNYA_Room_2.4GHz,cc:32:e5:0c:fc:2b,-96,4,Lab. Informática 09
24/10/2025,7:35:53,5,IFPB,84:f1:47:54:7f:20,-59,6,Lab. Informática 09
24/10/2025,7:35:53,5,IFPB-VISITANTE,84:f1:47:54:7f:22,-59,6,Lab. Informática 09
24/10/2025,7:35:53,5,APTelefonia,58:10:8c:91:f3:aa,-61,1,Lab. Informática 09
24/10/2025,7:35:53,5,IFPB TCC,d8:5d:4c:86:7e:66,-69,1,Lab. Informática 09
24/10/2025,7:35:53,5,IFPB-Sala_Professor_14,24:fd:0d:57:19:26,-70,2,Lab. Informática 09
24/10/2025,7:35:53,5,Asterisk Server,18:0d:2c:7f:f5:9c,-75,11,Lab. Informática 09
24/10/2025,7:35:53,5,Intelbras,18:0d:2c:7f:eb:ac,-79,11,Lab. Informática 09
24/10/2025,7:35:53,5,Lab. de Sinais Digitais,18:d6:c7:f9:37:2f,-79,11,Lab. Informática 09
24/10/2025,7:35:53,5,TP-Link_1324,7c:f1:7e:8d:13:22,-80,4,Lab. Informática 09
24/10/2025,7:35:53,5,TP-Link_C3CB,d8:0d:17:3e:c3:cb,-84,3,Lab. Informática 09
24/10/2025,7:35:53,5,IFPB,b8:11:4b:1d:1e:40,-84,6,Lab. Informática 09
24/10/2025,7:35:53,5,IFPB-Sala_Professor_14,48:51:cf:81:b0:9e,-85,2,Lab. Informática 09
24/10/2025,7:35:53,5,GPDS,00:26:5a:66:55:ef,-86,6,Lab. Informática 09
24/10/2025,7:35:53,5,IFPB-VISITANTE,e4:4e:2d:85:4c:62,-88,1,Lab. Informática 09
24/10/2025,7:35:53,5,IFPB,e4:4e:2d:85:4c:60,-88,1,Lab. Informática 09
24/10/2025,7:35:53,5,UA2-MiniLab,60:32:b1:2d:66:c3,-90,6,Lab. Informática 09
24/10/2025,7:35:53,5,NUNYA_Room_2.4GHz,cc:32:e5:0c:fc:2b,-92,4,Lab. Informática 09
24/10/2025,7:35:53,5,LIMPEZA,54:e6:fc:cf:22:de,-92,6,Lab. Informática 09
24/10/2025,7:35:53,5,Lab Redes Convergentes,64:70:02:99:fe:f4,-92,6,Lab. Informática 09
24/10/2025,7:35:53,5,IFPB-Sala_13,e8:94:f6:b9:2f:46,-92,10,Lab. Informática 09
24/10/2025,7:37:30,6,IFPB-Sala_Professor_14,24:fd:0d:57:19:26,-63,2,Sala dos técnicos
24/10/2025,7:37:30,6,APTelefonia,58:10:8c:91:f3:aa,-68,1,Sala dos técnicos
24/10/2025,7:37:30,6,IFPB,84:f1:47:54:7f:20,-68,6,Sala dos técnicos
24/10/2025,7:37:30,6,IFPB-VISITANTE,84:f1:47:54:7f:22,-70,6,Sala dos técnicos
24/10/2025,7:37:30,6,TP-Link_C3CB,d8:0d:17:3e:c3:cb,-71,3,Sala dos técnicos
24/10/2025,7:37:30,6,IFPB TCC,d8:5d:4c:86:7e:66,-73,1,Sala dos técnicos
24/10/2025,7:37:30,6,Asterisk Server,18:0d:2c:7f:f5:9c,-74,11,Sala dos técnicos
24/10/2025,7:37:30,6,Lab. de Sinais Digitais,18:d6:c7:f9:37:2f,-77,11,Sala dos técnicos
24/10/2025,7:37:30,6,IFPB-Sala_Professor_14,48:51:cf:81:b0:9e,-78,2,Sala dos técnicos
24/10/2025,7:37:30,6,Intelbras,18:0d:2c:7f:eb:ac,-80,11,Sala dos técnicos
24/10/2025,7:37:30,6,TP-Link_1324,7c:f1:7e:8d:13:22,-81,4,Sala dos técnicos
24/10/2025,7:37:30,6,IFPB,84:f1:47:54:96:e0,-82,6,Sala dos técnicos
24/10/2025,7:37:30,6,IFPB,84:f1:47:54:fd:c0,-83,1,Sala dos técnicos
24/10/2025,7:37:30,6,IFPB-VISITANTE,84:f1:47:54:fd:c2,-83,1,Sala dos técnicos
24/10/2025,7:37:30,6,IFPB-VISITANTE,84:f1:47:54:96:e2,-83,6,Sala dos técnicos
24/10/2025,7:37:30,6,UA2-MiniLab,60:32:b1:2d:66:c3,-83,6,Sala dos técnicos
24/10/2025,7:37:30,6,IFPB,e4:4e:2d:85:4c:60,-85,1,Sala dos técnicos
24/10/2025,7:37:30,6,IFPB-VISITANTE,e4:4e:2d:85:4c:62,-85,1,Sala dos técnicos
24/10/2025,7:37:30,6,IFPB-Sala_13,e8:94:f6:b9:2f:46,-85,10,Sala dos técnicos
24/10/2025,7:37:30,6,NUNYA_Room_2.4GHz,cc:32:e5:0c:fc:2b,-87,4,Sala dos técnicos
24/10/2025,7:37:30,6,GPDS,00:26:5a:66:55:ef,-88,6,Sala dos técnicos
24/10/2025,7:37:30,6,moto g(7) play 8270,86:5d:e9:c5:47:8c,-93,1,Sala dos técnicos
24/10/2025,7:37:30,6,Lab Redes Convergentes,64:70:02:99:fe:f4,-93,6,Sala dos técnicos
24/10/2025,7:37:30,6,LIMPEZA,54:e6:fc:cf:22:de,-94,6,Sala dos técnicos
24/10/2025,7:37:39,7,IFPB-Sala_Professor_14,24:fd:0d:57:19:26,-68,2,Sala dos técnicos
24/10/2025,7:37:39,7,IFPB,84:f1:47:54:7f:20,-68,6,Sala dos técnicos
24/10/2025,7:37:39,7,IFPB-VISITANTE,84:f1:47:54:7f:22,-68,6,Sala dos técnicos
24/10/2025,7:37:39,7,APTelefonia,58:10:8c:91:f3:aa,-69,1,Sala dos técnicos
24/10/2025,7:37:39,7,IFPB TCC,d8:5d:4c:86:7e:66,-73,1,Sala dos técnicos
24/10/2025,7:37:39,7,TP-Link_C3CB,d8:0d:17:3e:c3:cb,-77,3,Sala dos técnicos
24/10/2025,7:37:39,7,Intelbras,18:0d:2c:7f:eb:ac,-77,11,Sala dos técnicos
24/10/2025,7:37:39,7,IFPB,84:f1:47:54:96:e0,-81,6,Sala dos técnicos
24/10/2025,7:37:39,7,Lab. de Sinais Digitais,18:d6:c7:f9:37:2f,-81,11,Sala dos técnicos
24/10/2025,7:37:39,7,IFPB-VISITANTE,84:f1:47:54:96:e2,-82,6,Sala dos técnicos
24/10/2025,7:37:39,7,Asterisk Server,18:0d:2c:7f:f5:9c,-82,11,Sala dos técnicos
24/10/2025,7:37:39,7,TP-Link_1324,7c:f1:7e:8d:13:22,-83,4,Sala dos técnicos
24/10/2025,7:37:39,7,IFPB,84:f1:47:54:fd:c0,-84,1,Sala dos técnicos
24/10/2025,7:37:39,7,IFPB-VISITANTE,84:f1:47:54:fd:c2,-84,1,Sala dos técnicos
24/10/2025,7:37:39,7,UA2-MiniLab,60:32:b1:2d:66:c3,-84,6,Sala dos técnicos
24/10/2025,7:37:39,7,IFPB-Sala_13,e8:94:f6:b9:2f:46,-84,10,Sala dos técnicos
24/10/2025,7:37:39,7,NUNYA_Room_2.4GHz,cc:32:e5:0c:fc:2b,-86,4,Sala dos técnicos
24/10/2025,7:37:39,7,Lab Redes Convergentes,64:70:02:99:fe:f4,-90,6,Sala dos técnicos
24/10/2025,7:37:39,7,GPDS,00:26:5a:66:55:ef,-91,6,Sala dos técnicos
24/10/2025,7:37:39,7,IFPB-Sala_Professor_14,48:51:cf:81:b0:9e,-94,2,Sala dos técnicos
24/10/2025,7:37:39,7,LIMPEZA,54:e6:fc:cf:22:de,-95,6,Sala dos técnicos
24/10/2025,7:37:49,8,IFPB-Sala_Professor_14,24:fd:0d:57:19:26,-59,2,Sala dos técnicos
24/10/2025,7:37:49,8,APTelefonia,58:10:8c:91:f3:aa,-65,1,Sala dos técnicos
24/10/2025,7:37:49,8,IFPB TCC,d8:5d:4c:86:7e:66,-66,1,Sala dos técnicos
24/10/2025,7:37:49,8,IFPB,84:f1:47:54:7f:20,-68,6,Sala dos técnicos
24/10/2025,7:37:49,8,IFPB-VISITANTE,84:f1:47:54:7f:22,-68,6,Sala dos técnicos
24/10/2025,7:37:49,8,Lab. de Sinais Digitais,18:d6:c7:f9:37:2f,-72,11,Sala dos técnicos
24/10/2025,7:37:49,8,Asterisk Server,18:0d:2c:7f:f5:9c,-72,11,Sala dos técnicos
24/10/2025,7:37:49,8,TP-Link_C3CB,d8:0d:17:3e:c3:cb,-74,3,Sala dos técnicos
24/10/2025,7:37:49,8,TP-Link_1324,7c:f1:7e:8d:13:22,-78,4,Sala dos técnicos
24/10/2025,7:37:49,8,IFPB-Sala_Professor_14,48:51:cf:81:b0:9e,-79,2,Sala dos técnicos
24/10/2025,7:37:49,8,IFPB,84:f1:47:54:96:e0,-79,6,Sala dos técnicos
24/10/2025,7:37:49,8,IFPB-VISITANTE,84:f1:47:54:96:e2,-79,6,Sala dos técnicos
24/10/2025,7:37:49,8,Intelbras,18:0d:2c:7f:eb:ac,-79,11,Sala dos técnicos
24/10/2025,7:37:49,8,UA2-MiniLab,60:32:b1:2d:66:c3,-80,6,Sala dos técnicos
24/10/2025,7:37:49,8,NUNYA_Room_2.4GHz,cc:32:e5:0c:fc:2b,-82,4,Sala dos técnicos
24/10/2025,7:37:49,8,GPDS,00:26:5a:66:55:ef,-83,6,Sala dos técnicos
24/10/2025,7:37:49,8,IFPB,84:f1:47:54:fd:c0,-85,1,Sala dos técnicos
24/10/2025,7:37:49,8,IFPB-VISITANTE,84:f1:47:54:fd:c2,-85,1,Sala dos técnicos
24/10/2025,7:37:49,8,IFPB-Sala_13,e8:94:f6:b9:2f:46,-88,10,Sala dos técnicos
24/10/2025,7:37:49,8,LIMPEZA,54:e6:fc:cf:22:de,-94,6,Sala dos técnicos
24/10/2025,7:37:58,9,IFPB-Sala_Professor_14,24:fd:0d:57:19:26,-58,2,Sala dos técnicos
24/10/2025,7:37:58,9,IFPB TCC,d8:5d:4c:86:7e:66,-67,1,Sala dos técnicos
24/10/2025,7:37:58,9,APTelefonia,58:10:8c:91:f3:aa,-70,1,Sala dos técnicos
24/10/2025,7:37:58,9,TP-Link_C3CB,d8:0d:17:3e:c3:cb,-71,3,Sala dos técnicos
24/10/2025,7:37:58,9,IFPB-VISITANTE,84:f1:47:54:7f:22,-71,6,Sala dos técnicos
24/10/2025,7:37:58,9,IFPB,84:f1:47:54:7f:20,-71,6,Sala dos técnicos
24/10/2025,7:37:58,9,Lab. de Sinais Digitais,18:d6:c7:f9:37:2f,-72,11,Sala dos técnicos
24/10/2025,7:37:58,9,TP-Link_1324,7c:f1:7e:8d:13:22,-75,4,Sala dos técnicos
24/10/2025,7:37:58,9,Asterisk Server,18:0d:2c:7f:f5:9c,-79,11,Sala dos técnicos
24/10/2025,7:37:58,9,Intelbras,18:0d:2c:7f:eb:ac,-79,11,Sala dos técnicos
24/10/2025,7:37:58,9,IFPB,84:f1:47:54:96:e0,-81,6,Sala dos técnicos
24/10/2025,7:37:58,9,IFPB-VISITANTE,84:f1:47:54:96:e2,-82,6,Sala dos técnicos
24/10/2025,7:37:58,9,IFPB-Sala_Professor_14,48:51:cf:81:b0:9e,-83,2,Sala dos técnicos
24/10/2025,7:37:58,9,NUNYA_Room_2.4GHz,cc:32:e5:0c:fc:2b,-83,4,Sala dos técnicos
24/10/2025,7:37:58,9,GPDS,00:26:5a:66:55:ef,-84,6,Sala dos técnicos
24/10/2025,7:37:58,9,UA2-MiniLab,60:32:b1:2d:66:c3,-86,6,Sala dos técnicos
24/10/2025,7:37:58,9,IFPB,e4:4e:2d:85:4c:60,-88,1,Sala dos técnicos
24/10/2025,7:37:58,9,IFPB-Sala_13,e8:94:f6:b9:2f:46,-89,10,Sala dos técnicos
24/10/2025,7:37:58,9,IFPB-VISITANTE,e4:4e:2d:85:4c:62,-90,1,Sala dos técnicos
24/10/2025,7:37:58,9,LIMPEZA,54:e6:fc:cf:22:de,-95,6,Sala dos técnicos
24/10/2025,7:38:07,10,IFPB-Sala_Professor_14,24:fd:0d:57:19:26,-58,2,Sala dos técnicos
24/10/2025,7:38:07,10,IFPB TCC,d8:5d:4c:86:7e:66,-67,1,Sala dos técnicos
24/10/2025,7:38:07,10,APTelefonia,58:10:8c:91:f3:aa,-71,1,Sala dos técnicos
24/10/2025,7:38:07,10,IFPB,84:f1:47:54:7f:20,-71,6,Sala dos técnicos
24/10/2025,7:38:07,10,IFPB-VISITANTE,84:f1:47:54:7f:22,-71,6,Sala dos técnicos
24/10/2025,7:38:07,10,TP-Link_C3CB,d8:0d:17:3e:c3:cb,-73,3,Sala dos técnicos
24/10/2025,7:38:07,10,Lab. de Sinais Digitais,18:d6:c7:f9:37:2f,-74,11,Sala dos técnicos
24/10/2025,7:38:07,10,Asterisk Server,18:0d:2c:7f:f5:9c,-75,11,Sala dos técnicos
24/10/2025,7:38:07,10,Intelbras,18:0d:2c:7f:eb:ac,-75,11,Sala dos técnicos
24/10/2025,7:38:07,10,TP-Link_1324,7c:f1:7e:8d:13:22,-77,4,Sala dos técnicos
24/10/2025,7:38:07,10,IFPB-Sala_Professor_14,48:51:cf:81:b0:9e,-80,2,Sala dos técnicos
24/10/2025,7:38:07,10,IFPB,84:f1:47:54:96:e0,-82,6,Sala dos técnicos
24/10/2025,7:38:07,10,IFPB-VISITANTE,84:f1:47:54:96:e2,-82,6,Sala dos técnicos
24/10/2025,7:38:07,10,NUNYA_Room_2.4GHz,cc:32:e5:0c:fc:2b,-83,4,Sala dos técnicos
24/10/2025,7:38:07,10,GPDS,00:26:5a:66:55:ef,-85,6,Sala dos técnicos
24/10/2025,7:38:07,10,IFPB-VISITANTE,84:f1:47:54:fd:c2,-86,1,Sala dos técnicos
24/10/2025,7:38:07,10,IFPB,84:f1:47:54:fd:c0,-86,1,Sala dos técnicos
24/10/2025,7:38:07,10,IFPB,e4:4e:2d:85:4c:60,-88,1,Sala dos técnicos
24/10/2025,7:38:07,10,IFPB-VISITANTE,e4:4e:2d:85:4c:62,-88,1,Sala dos técnicos
24/10/2025,7:38:07,10,UA2-MiniLab,60:32:b1:2d:66:c3,-89,6,Sala dos técnicos
24/10/2025,7:38:07,10,IFPB-Sala_13,e8:94:f6:b9:2f:46,-89,10,Sala dos técnicos
24/10/2025,7:39:44,11,TP-Link_C3CB,d8:0d:17:3e:c3:cb,-66,3,Lab. de telecomunicações
24/10/2025,7:39:44,11,IFPB TCC,d8:5d:4c:86:7e:66,-68,1,Lab. de telecomunicações
24/10/2025,7:39:44,11,IFPB-Sala_Professor_14,24:fd:0d:57:19:26,-69,2,Lab. de telecomunicações
24/10/2025,7:39:44,11,IFPB,84:f1:47:54:7f:20,-73,6,Lab. de telecomunicações
24/10/2025,7:39:44,11,Lab. de Sinais Digitais,18:d6:c7:f9:37:2f,-75,11,Lab. de telecomunicações
24/10/2025,7:39:44,11,IFPB-VISITANTE,84:f1:47:54:7f:22,-76,6,Lab. de telecomunicações
24/10/2025,7:39:44,11,Asterisk Server,18:0d:2c:7f:f5:9c,-76,11,Lab. de telecomunicações
24/10/2025,7:39:44,11,IFPB-Sala_Professor_14,48:51:cf:81:b0:9e,-78,2,Lab. de telecomunicações
24/10/2025,7:39:44,11,APTelefonia,58:10:8c:91:f3:aa,-79,1,Lab. de telecomunicações
24/10/2025,7:39:44,11,IFPB,84:f1:47:54:fd:c0,-79,1,Lab. de telecomunicações
24/10/2025,7:39:44,11,IFPB-VISITANTE,84:f1:47:54:fd:c2,-79,1,Lab. de telecomunicações
24/10/2025,7:39:44,11,TP-Link_1324,7c:f1:7e:8d:13:22,-79,4,Lab. de telecomunicações
24/10/2025,7:39:44,11,UA2-MiniLab,60:32:b1:2d:66:c3,-79,6,Lab. de telecomunicações
24/10/2025,7:39:44,11,Intelbras,18:0d:2c:7f:eb:ac,-79,11,Lab. de telecomunicações
24/10/2025,7:39:44,11,GPDS,00:26:5a:66:55:ef,-85,6,Lab. de telecomunicações
24/10/2025,7:39:44,11,IFPB-VISITANTE,84:f1:47:54:96:e2,-86,6,Lab. de telecomunicações
24/10/2025,7:39:44,11,NUNYA_Room_2.4GHz,cc:32:e5:0c:fc:2b,-88,4,Lab. de telecomunicações
24/10/2025,7:39:44,11,IFPB,84:f1:47:54:96:e0,-88,6,Lab. de telecomunicações
24/10/2025,7:39:44,11,IFPB-VISITANTE,b8:11:4b:1d:1e:42,-88,6,Lab. de telecomunicações
24/10/2025,7:39:44,11,IFPB-Sala_13,e8:94:f6:b9:2f:46,-88,10,Lab. de telecomunicações
24/10/2025,7:39:44,11,IFPB,84:f1:47:54:71:00,-89,11,Lab. de telecomunicações
24/10/2025,7:39:44,11,IFPB-VISITANTE,84:f1:47:54:71:02,-90,11,Lab. de telecomunicações
24/10/2025,7:39:44,11,Lula Livre,da:38:d4:2e:cb:c6,-91,1,Lab. de telecomunicações
24/10/2025,7:39:53,12,TP-Link_C3CB,d8:0d:17:3e:c3:cb,-64,3,Lab. de telecomunicações
24/10/2025,7:39:53,12,IFPB TCC,d8:5d:4c:86:7e:66,-67,1,Lab. de telecomunicações
24/10/2025,7:39:53,12,IFPB-Sala_Professor_14,24:fd:0d:57:19:26,-68,2,Lab. de telecomunicações
24/10/2025,7:39:53,12,IFPB,84:f1:47:54:7f:20,-73,6,Lab. de telecomunicações
24/10/2025,7:39:53,12,IFPB-VISITANTE,84:f1:47:54:7f:22,-73,6,Lab. de telecomunicações
24/10/2025,7:39:53,12,Asterisk Server,18:0d:2c:7f:f5:9c,-73,11,Lab. de telecomunicações
24/10/2025,7:39:53,12,APTelefonia,58:10:8c:91:f3:aa,-76,1,Lab. de telecomunicações
24/10/2025,7:39:53,12,Lab. de Sinais Digitais,18:d6:c7:f9:37:2f,-77,11,Lab. de telecomunicações
24/10/2025,7:39:53,12,TP-Link_1324,7c:f1:7e:8d:13:22,-79,4,Lab. de telecomunicações
24/10/2025,7:39:53,12,Intelbras,18:0d:2c:7f:eb:ac,-80,11,Lab. de telecomunicações
24/10/2025,7:39:53,12,IFPB,84:f1:47:54:fd:c0,-82,1,Lab. de telecomunicações
24/10/2025,7:39:53,12,IFPB-VISITANTE,84:f1:47:54:fd:c2,-82,1,Lab. de telecomunicações
24/10/2025,7:39:53,12,IFPB-Sala_Professor_14,48:51:cf:81:b0:9e,-82,2,Lab. de telecomunicações
24/10/2025,7:39:53,12,UA2-MiniLab,60:32:b1:2d:66:c3,-84,6,Lab. de telecomunicações
24/10/2025,7:39:53,12,NUNYA_Room_2.4GHz,cc:32:e5:0c:fc:2b,-86,4,Lab. de telecomunicações
24/10/2025,7:39:53,12,IFPB,84:f1:47:54:96:e0,-86,6,Lab. de telecomunicações
24/10/2025,7:39:53,12,GPDS,00:26:5a:66:55:ef,-86,6,Lab. de telecomunicações
24/10/2025,7:39:53,12,IFPB-VISITANTE,84:f1:47:54:96:e2,-87,6,Lab. de telecomunicações
24/10/2025,7:39:53,12,IFPB-Sala_13,e8:94:f6:b9:2f:46,-87,10,Lab. de telecomunicações
24/10/2025,7:39:53,12,IFPB-VISITANTE,84:f1:47:54:71:02,-89,11,Lab. de telecomunicações
24/10/2025,7:39:53,12,IFPB,84:f1:47:54:71:00,-89,11,Lab. de telecomunicações
24/10/2025,7:39:53,12,Lula Livre,da:38:d4:2e:cb:c6,-96,1,Lab. de telecomunicações
24/10/2025,7:40:02,13,APTelefonia,58:10:8c:91:f3:aa,-64,1,Lab. de telecomunicações
24/10/2025,7:40:02,13,TP-Link_C3CB,d8:0d:17:3e:c3:cb,-66,3,Lab. de telecomunicações
24/10/2025,7:40:02,13,IFPB TCC,d8:5d:4c:86:7e:66,-67,1,Lab. de telecomunicações
24/10/2025,7:40:02,13,IFPB-Sala_Professor_14,24:fd:0d:57:19:26,-68,2,Lab. de telecomunicações
24/10/2025,7:40:02,13,IFPB,84:f1:47:54:7f:20,-71,6,Lab. de telecomunicações
24/10/2025,7:40:02,13,IFPB-VISITANTE,84:f1:47:54:7f:22,-71,6,Lab. de telecomunicações
24/10/2025,7:40:02,13,TP-Link_1324,7c:f1:7e:8d:13:22,-72,4,Lab. de telecomunicações
24/10/2025,7:40:02,13,Asterisk Server,18:0d:2c:7f:f5:9c,-73,11,Lab. de telecomunicações
24/10/2025,7:40:02,13,Intelbras,18:0d:2c:7f:eb:ac,-78,11,Lab. de telecomunicações
24/10/2025,7:40:02,13,IFPB-VISITANTE,84:f1:47:54:fd:c2,-83,1,Lab. de telecomunicações
24/10/2025,7:40:03,13,UA2-MiniLab,60:32:b1:2d:66:c3,-83,6,Lab. de telecomunicações
24/10/2025,7:40:03,13,IFPB,84:f1:47:54:fd:c0,-84,1,Lab. de telecomunicações
24/10/2025,7:40:03,13,GPDS,00:26:5a:66:55:ef,-84,6,Lab. de telecomunicações
24/10/2025,7:40:03,13,IFPB,84:f1:47:54:96:e0,-85,6,Lab. de telecomunicações
24/10/2025,7:40:03,13,IFPB-Sala_13,e8:94:f6:b9:2f:46,-85,10,Lab. de telecomunicações
24/10/2025,7:40:03,13,NUNYA_Room_2.4GHz,cc:32:e5:0c:fc:2b,-86,4,Lab. de telecomunicações
24/10/2025,7:40:03,13,IFPB-VISITANTE,84:f1:47:54:96:e2,-86,6,Lab. de telecomunicações
24/10/2025,7:40:03,13,Lab. de Sinais Digitais,18:d6:c7:f9:37:2f,-86,11,Lab. de telecomunicações
24/10/2025,7:40:03,13,IFPB,e4:4e:2d:85:4c:60,-89,1,Lab. de telecomunicações
24/10/2025,7:40:03,13,IFPB-VISITANTE,84:f1:47:54:71:02,-89,11,Lab. de telecomunicações
24/10/2025,7:40:03,13,IFPB,84:f1:47:54:71:00,-89,11,Lab. de telecomunicações
24/10/2025,7:40:03,13,IFPB-VISITANTE,e4:4e:2d:85:4c:62,-90,1,Lab. de telecomunicações
24/10/2025,7:40:03,13,IFPB-VISITANTE,b8:11:4b:1d:1e:42,-90,6,Lab. de telecomunicações
24/10/2025,7:40:03,13,Lula Livre,da:38:d4:2e:cb:c6,-92,1,Lab. de telecomunicações
24/10/2025,7:40:03,13,Lab Redes Convergentes,64:70:02:99:fe:f4,-93,6,Lab. de telecomunicações
24/10/2025,7:40:03,13,LIMPEZA,54:e6:fc:cf:22:de,-95,6,Lab. de telecomunicações
24/10/2025,7:40:12,14,TP-Link_C3CB,d8:0d:17:3e:c3:cb,-64,3,Lab. de telecomunicações
24/10/2025,7:40:12,14,IFPB-Sala_Professor_14,24:fd:0d:57:19:26,-68,2,Lab. de telecomunicações
24/10/2025,7:40:12,14,IFPB TCC,d8:5d:4c:86:7e:66,-70,1,Lab. de telecomunicações
24/10/2025,7:40:12,14,APTelefonia,58:10:8c:91:f3:aa,-72,1,Lab. de telecomunicações
24/10/2025,7:40:12,14,Asterisk Server,18:0d:2c:7f:f5:9c,-72,11,Lab. de telecomunicações
24/10/2025,7:40:12,14,IFPB,84:f1:47:54:7f:20,-74,6,Lab. de telecomunicações
24/10/2025,7:40:12,14,IFPB-VISITANTE,84:f1:47:54:7f:22,-74,6,Lab. de telecomunicações
24/10/2025,7:40:12,14,Intelbras,18:0d:2c:7f:eb:ac,-75,11,Lab. de telecomunicações
24/10/2025,7:40:12,14,IFPB-Sala_Professor_14,48:51:cf:81:b0:9e,-78,2,Lab. de telecomunicações
24/10/2025,7:40:12,14,TP-Link_1324,7c:f1:7e:8d:13:22,-78,4,Lab. de telecomunicações
24/10/2025,7:40:12,14,Lab. de Sinais Digitais,18:d6:c7:f9:37:2f,-80,11,Lab. de telecomunicações
24/10/2025,7:40:12,14,IFPB-VISITANTE,84:f1:47:54:fd:c2,-82,1,Lab. de telecomunicações
24/10/2025,7:40:12,14,IFPB,84:f1:47:54:fd:c0,-82,1,Lab. de telecomunicações
24/10/2025,7:40:12,14,UA2-MiniLab,60:32:b1:2d:66:c3,-84,6,Lab. de telecomunicações
24/10/2025,7:40:12,14,IFPB,84:f1:47:54:96:e0,-85,6,Lab. de telecomunicações
24/10/2025,7:40:12,14,IFPB-VISITANTE,84:f1:47:54:96:e2,-86,6,Lab. de telecomunicações
24/10/2025,7:40:12,14,IFPB-VISITANTE,e4:4e:2d:85:4c:62,-87,1,Lab. de telecomunicações
24/10/2025,7:40:12,14,IFPB-Sala_13,e8:94:f6:b9:2f:46,-87,10,Lab. de telecomunicações
24/10/2025,7:40:12,14,IFPB,e4:4e:2d:85:4c:60,-88,1,Lab. de telecomunicações
24/10/2025,7:40:12,14,NUNYA_Room_2.4GHz,cc:32:e5:0c:fc:2b,-90,4,Lab. de telecomunicações
24/10/2025,7:40:12,14,IFPB,84:f1:47:54:71:00,-90,11,Lab. de telecomunicações
24/10/2025,7:40:12,14,IFPB-VISITANTE,84:f1:47:54:71:02,-91,11,Lab. de telecomunicações
24/10/2025,7:40:12,14,Lab Redes Convergentes,64:70:02:99:fe:f4,-92,6,Lab. de telecomunicações
24/10/2025,7:40:12,14,LIMPEZA,54:e6:fc:cf:22:de,-92,6,Lab. de telecomunicações
24/10/2025,7:40:12,14,GPDS,00:26:5a:66:55:ef,-94,6,Lab. de telecomunicações
24/10/2025,7:40:12,14,Tenho internet não,e2:e7:86:8e:b8:de,-95,11,Lab. de telecomunicações
24/10/2025,7:40:21,15,APTelefonia,58:10:8c:91:f3:aa,-67,1,Lab. de telecomunicações
24/10/2025,7:40:21,15,TP-Link_C3CB,d8:0d:17:3e:c3:cb,-68,3,Lab. de telecomunicações
24/10/2025,7:40:21,15,IFPB TCC,d8:5d:4c:86:7e:66,-69,1,Lab. de telecomunicações
24/10/2025,7:40:21,15,IFPB-Sala_Professor_14,24:fd:0d:57:19:26,-69,2,Lab. de telecomunicações
24/10/2025,7:40:21,15,IFPB,84:f1:47:54:7f:20,-74,6,Lab. de telecomunicações
24/10/2025,7:40:21,15,IFPB-VISITANTE,84:f1:47:54:7f:22,-75,6,Lab. de telecomunicações
24/10/2025,7:40:21,15,Asterisk Server,18:0d:2c:7f:f5:9c,-75,11,Lab. de telecomunicações
24/10/2025,7:40:21,15,Intelbras,18:0d:2c:7f:eb:ac,-77,11,Lab. de telecomunicações
24/10/2025,7:40:21,15,Lab. de Sinais Digitais,18:d6:c7:f9:37:2f,-77,11,Lab. de telecomunicações
24/10/2025,7:40:21,15,TP-Link_1324,7c:f1:7e:8d:13:22,-82,4,Lab. de telecomunicações
24/10/2025,7:40:21,15,IFPB-VISITANTE,84:f1:47:54:fd:c2,-84,1,Lab. de telecomunicações
24/10/2025,7:40:21,15,UA2-MiniLab,60:32:b1:2d:66:c3,-84,6,Lab. de telecomunicações
24/10/2025,7:40:21,15,IFPB,84:f1:47:54:fd:c0,-85,1,Lab. de telecomunicações
24/10/2025,7:40:21,15,IFPB,84:f1:47:54:96:e0,-85,6,Lab. de telecomunicações
24/10/2025,7:40:21,15,IFPB-VISITANTE,84:f1:47:54:96:e2,-85,6,Lab. de telecomunicações
24/10/2025,7:40:21,15,IFPB,e4:4e:2d:85:4c:60,-89,1,Lab. de telecomunicações
24/10/2025,7:40:21,15,IFPB-Sala_13,e8:94:f6:b9:2f:46,-89,10,Lab. de telecomunicações
24/10/2025,7:40:21,15,IFPB-VISITANTE,e4:4e:2d:85:4c:62,-90,1,Lab. de telecomunicações
24/10/2025,7:40:21,15,IFPB-VISITANTE,84:f1:47:54:71:02,-91,11,Lab. de telecomunicações
24/10/2025,7:40:21,15,Lula Livre,da:38:d4:2e:cb:c6,-93,1,Lab. de telecomunicações
24/10/2025,7:40:21,15,Lab Redes Convergentes,64:70:02:99:fe:f4,-94,6,Lab. de telecomunicações
24/10/2025,7:41:08,16,TP-Link_C3CB,d8:0d:17:3e:c3:cb,-49,3,Coordenação de Eng. Elétrica
24/10/2025,7:41:08,16,IFPB-Sala_Professor_14,48:51:cf:81:b0:9e,-61,2,Coordenação de Eng. Elétrica
24/10/2025,7:41:08,16,IFPB,84:f1:47:54:95:e0,-62,11,Coordenação de Eng. Elétrica
24/10/2025,7:41:08,16,IFPB-VISITANTE,84:f1:47:54:95:e2,-62,11,Coordenação de Eng. Elétrica
24/10/2025,7:41:08,16,NUNYA_Room_2.4GHz,cc:32:e5:0c:fc:2b,-65,4,Coordenação de Eng. Elétrica
24/10/2025,7:41:08,16,Lula Livre,da:38:d4:2e:cb:c6,-77,1,Coordenação de Eng. Elétrica
24/10/2025,7:41:08,16,IFPB-Sala_Professor_14,24:fd:0d:57:19:26,-77,2,Coordenação de Eng. Elétrica
24/10/2025,7:41:08,16,Lab. de Sinais Digitais,18:d6:c7:f9:37:2f,-77,11,Coordenação de Eng. Elétrica
24/10/2025,7:41:08,16,UA2-MiniLab,60:32:b1:2d:66:c3,-79,6,Coordenação de Eng. Elétrica
24/10/2025,7:41:08,16,APTelefonia,58:10:8c:91:f3:aa,-80,1,Coordenação de Eng. Elétrica
24/10/2025,7:41:08,16,IFPB,84:f1:47:54:f9:80,-82,1,Coordenação de Eng. Elétrica
24/10/2025,7:41:08,16,IFPB,b8:11:4b:1d:14:80,-82,6,Coordenação de Eng. Elétrica
24/10/2025,7:41:08,16,IFPB-VISITANTE,b8:11:4b:1d:14:82,-82,6,Coordenação de Eng. Elétrica
24/10/2025,7:41:08,16,GPDS,00:26:5a:66:55:ef,-82,6,Coordenação de Eng. Elétrica
24/10/2025,7:41:08,16,Intelbras,18:0d:2c:7f:eb:ac,-82,11,Coordenação de Eng. Elétrica
24/10/2025,7:41:08,16,IFPB-VISITANTE,84:f1:47:54:f9:82,-83,1,Coordenação de Eng. Elétrica
24/10/2025,7:41:08,16,IFPB-Sala_13,e8:94:f6:b9:2f:46,-83,10,Coordenação de Eng. Elétrica
24/10/2025,7:41:08,16,TP-Link_1324,7c:f1:7e:8d:13:22,-86,4,Coordenação de Eng. Elétrica
24/10/2025,7:41:08,16,moto g(7) play 8270,86:5d:e9:c5:47:8c,-88,1,Coordenação de Eng. Elétrica
24/10/2025,7:41:08,16,IFPB,84:f1:47:54:fd:c0,-88,1,Coordenação de Eng. Elétrica
24/10/2025,7:41:08,16,IFPB-VISITANTE,84:f1:47:54:fd:c2,-89,1,Coordenação de Eng. Elétrica
24/10/2025,7:41:08,16,Asterisk Server,18:0d:2c:7f:f5:9c,-90,11,Coordenação de Eng. Elétrica
24/10/2025,7:41:08,16,Grel Wifi,00:27:19:ca:71:d2,-90,11,Coordenação de Eng. Elétrica
24/10/2025,7:41:08,16,NPEF/NEPA,50:c7:bf:ef:56:8a,-96,11,Coordenação de Eng. Elétrica
24/10/2025,7:41:17,17,TP-Link_C3CB,d8:0d:17:3e:c3:cb,-51,3,Coordenação de Eng. Elétrica
24/10/2025,7:41:17,17,IFPB,84:f1:47:54:95:e0,-62,11,Coordenação de Eng. Elétrica
24/10/2025,7:41:17,17,IFPB-VISITANTE,84:f1:47:54:95:e2,-62,11,Coordenação de Eng. Elétrica
24/10/2025,7:41:17,17,IFPB-Sala_Professor_14,48:51:cf:81:b0:9e,-63,2,Coordenação de Eng. Elétrica
24/10/2025,7:41:17,17,Lab. de Sinais Digitais,18:d6:c7:f9:37:2f,-74,11,Coordenação de Eng. Elétrica
24/10/2025,7:41:17,17,Lula Livre,da:38:d4:2e:cb:c6,-75,1,Coordenação de Eng. Elétrica
24/10/2025,7:41:17,17,APTelefonia,58:10:8c:91:f3:aa,-75,1,Coordenação de Eng. Elétrica
24/10/2025,7:41:17,17,NUNYA_Room_2.4GHz,cc:32:e5:0c:fc:2b,-75,4,Coordenação de Eng. Elétrica
24/10/2025,7:41:17,17,UA2-MiniLab,60:32:b1:2d:66:c3,-77,6,Coordenação de Eng. Elétrica
24/10/2025,7:41:17,17,IFPB-Sala_Professor_14,24:fd:0d:57:19:26,-80,2,Coordenação de Eng. Elétrica
24/10/2025,7:41:17,17,IFPB,b8:11:4b:1d:14:80,-81,6,Coordenação de Eng. Elétrica
24/10/2025,7:41:17,17,IFPB-VISITANTE,b8:11:4b:1d:14:82,-81,6,Coordenação de Eng. Elétrica
24/10/2025,7:41:17,17,GPDS,00:26:5a:66:55:ef,-81,6,Coordenação de Eng. Elétrica
24/10/2025,7:41:17,17,Intelbras,18:0d:2c:7f:eb:ac,-81,11,Coordenação de Eng. Elétrica
24/10/2025,7:41:17,17,IFPB-Sala_13,e8:94:f6:b9:2f:46,-82,10,Coordenação de Eng. Elétrica
24/10/2025,7:41:17,17,IFPB,84:f1:47:54:f9:80,-85,1,Coordenação de Eng. Elétrica
24/10/2025,7:41:17,17,IFPB-VISITANTE,84:f1:47:54:f9:82,-85,1,Coordenação de Eng. Elétrica
24/10/2025,7:41:17,17,moto g(7) play 8270,86:5d:e9:c5:47:8c,-87,1,Coordenação de Eng. Elétrica
24/10/2025,7:41:17,17,IFPB-VISITANTE,84:f1:47:54:fd:c2,-87,1,Coordenação de Eng. Elétrica
24/10/2025,7:41:17,17,IFPB,84:f1:47:54:fd:c0,-88,1,Coordenação de Eng. Elétrica
24/10/2025,7:41:17,17,TP-Link_1324,7c:f1:7e:8d:13:22,-89,4,Coordenação de Eng. Elétrica
24/10/2025,7:41:17,17,IFPB TCC,d8:5d:4c:86:7e:66,-92,1,Coordenação de Eng. Elétrica
24/10/2025,7:41:17,17,NPEF/NEPA,50:c7:bf:ef:56:8a,-94,11,Coordenação de Eng. Elétrica
24/10/2025,7:41:17,17,Grel Wifi,00:27:19:ca:71:d2,-95,11,Coordenação de Eng. Elétrica
24/10/2025,7:41:17,17,EBF4EFFD-HE8D94zE_z1AOeK,44:d2:44:dd:32:40,-95,11,Coordenação de Eng. Elétrica
24/10/2025,7:41:26,18,TP-Link_C3CB,d8:0d:17:3e:c3:cb,-53,3,Coordenação de Eng. Elétrica
24/10/2025,7:41:26,18,IFPB,84:f1:47:54:95:e0,-65,11,Coordenação de Eng. Elétrica
24/10/2025,7:41:26,18,IFPB-VISITANTE,84:f1:47:54:95:e2,-65,11,Coordenação de Eng. Elétrica
24/10/2025,7:41:26,18,IFPB-Sala_Professor_14,48:51:cf:81:b0:9e,-67,2,Coordenação de Eng. Elétrica
24/10/2025,7:41:26,18,NUNYA_Room_2.4GHz,cc:32:e5:0c:fc:2b,-75,4,Coordenação de Eng. Elétrica
24/10/2025,7:41:26,18,Lab. de Sinais Digitais,18:d6:c7:f9:37:2f,-78,11,Coordenação de Eng. Elétrica
24/10/2025,7:41:26,18,Lula Livre,da:38:d4:2e:cb:c6,-80,1,Coordenação de Eng. Elétrica
24/10/2025,7:41:26,18,UA2-MiniLab,60:32:b1:2d:66:c3,-81,6,Coordenação de Eng. Elétrica
24/10/2025,7:41:26,18,APTelefonia,58:10:8c:91:f3:aa,-83,1,Coordenação de Eng. Elétrica
24/10/2025,7:41:26,18,GPDS,00:26:5a:66:55:ef,-83,6,Coordenação de Eng. Elétrica
24/10/2025,7:41:26,18,IFPB-Sala_Professor_14,24:fd:0d:57:19:26,-85,2,Coordenação de Eng. Elétrica
24/10/2025,7:41:26,18,Intelbras,18:0d:2c:7f:eb:ac,-85,11,Coordenação de Eng. Elétrica
24/10/2025,7:41:26,18,IFPB,b8:11:4b:1d:14:80,-87,6,Coordenação de Eng. Elétrica
24/10/2025,7:41:26,18,IFPB-VISITANTE,b8:11:4b:1d:14:82,-87,6,Coordenação de Eng. Elétrica
24/10/2025,7:41:26,18,IFPB-Sala_13,e8:94:f6:b9:2f:46,-87,10,Coordenação de Eng. Elétrica
24/10/2025,7:41:26,18,IFPB,84:f1:47:54:f9:80,-88,1,Coordenação de Eng. Elétrica
24/10/2025,7:41:26,18,IFPB,84:f1:47:54:fd:c0,-89,1,Coordenação de Eng. Elétrica
24/10/2025,7:41:26,18,moto g(7) play 8270,86:5d:e9:c5:47:8c,-91,1,Coordenação de Eng. Elétrica
24/10/2025,7:41:26,18,Asterisk Server,18:0d:2c:7f:f5:9c,-91,11,Coordenação de Eng. Elétrica
24/10/2025,7:41:26,18,Grel Wifi,00:27:19:ca:71:d2,-92,11,Coordenação de Eng. Elétrica
24/10/2025,7:41:26,18,TP-Link_1324,7c:f1:7e:8d:13:22,-95,4,Coordenação de Eng. Elétrica
24/10/2025,7:41:26,18,IFPB TCC,d8:5d:4c:86:7e:66,-96,1,Coordenação de Eng. Elétrica
24/10/2025,7:41:26,18,NPEF/NEPA,50:c7:bf:ef:56:8a,-96,11,Coordenação de Eng. Elétrica
24/10/2025,7:41:35,19,TP-Link_C3CB,d8:0d:17:3e:c3:cb,-50,3,Coordenação de Eng. Elétrica
24/10/2025,7:41:35,19,IFPB-Sala_Professor_14,48:51:cf:81:b0:9e,-59,2,Coordenação de Eng. Elétrica
24/10/2025,7:41:35,19,IFPB,84:f1:47:54:95:e0,-61,11,Coordenação de Eng. Elétrica
24/10/2025,7:41:35,19,IFPB-VISITANTE,84:f1:47:54:95:e2,-61,11,Coordenação de Eng. Elétrica
24/10/2025,7:41:35,19,NUNYA_Room_2.4GHz,cc:32:e5:0c:fc:2b,-66,4,Coordenação de Eng. Elétrica
24/10/2025,7:41:35,19,Lula Livre,da:38:d4:2e:cb:c6,-75,1,Coordenação de Eng. Elétrica
24/10/2025,7:41:35,19,UA2-MiniLab,60:32:b1:2d:66:c3,-76,6,Coordenação de Eng. Elétrica
24/10/2025,7:41:35,19,Lab. de Sinais Digitais,18:d6:c7:f9:37:2f,-76,11,Coordenação de Eng. Elétrica
24/10/2025,7:41:35,19,APTelefonia,58:10:8c:91:f3:aa,-79,1,Coordenação de Eng. Elétrica
24/10/2025,7:41:35,19,IFPB-Sala_Professor_14,24:fd:0d:57:19:26,-79,2,Coordenação de Eng. Elétrica
24/10/2025,7:41:35,19,GPDS,00:26:5a:66:55:ef,-80,6,Coordenação de Eng. Elétrica
24/10/2025,7:41:35,19,IFPB-VISITANTE,b8:11:4b:1d:14:82,-80,6,Coordenação de Eng. Elétrica
24/10/2025,7:41:35,19,IFPB-Sala_13,e8:94:f6:b9:2f:46,-80,10,Coordenação de Eng. Elétrica
24/10/2025,7:41:35,19,Intelbras,18:0d:2c:7f:eb:ac,-83,11,Coordenação de Eng. Elétrica
24/10/2025,7:41:35,19,IFPB-VISITANTE,84:f1:47:54:f9:82,-84,1,Coordenação de Eng. Elétrica
24/10/2025,7:41:35,19,IFPB,84:f1:47:54:f9:80,-85,1,Coordenação de Eng. Elétrica
24/10/2025,7:41:35,19,IFPB,84:f1:47:54:fd:c0,-86,1,Coordenação de Eng. Elétrica
24/10/2025,7:41:35,19,IFPB-VISITANTE,84:f1:47:54:fd:c2,-86,1,Coordenação de Eng. Elétrica
24/10/2025,7:41:35,19,TP-Link_1324,7c:f1:7e:8d:13:22,-89,4,Coordenação de Eng. Elétrica
24/10/2025,7:41:35,19,Grel Wifi,00:27:19:ca:71:d2,-89,11,Coordenação de Eng. Elétrica
24/10/2025,7:41:35,19,IFPB TCC,d8:5d:4c:86:7e:66,-90,1,Coordenação de Eng. Elétrica
24/10/2025,7:41:35,19,moto g(7) play 8270,86:5d:e9:c5:47:8c,-91,1,Coordenação de Eng. Elétrica
24/10/2025,7:41:35,19,NPEF/NEPA,50:c7:bf:ef:56:8a,-92,11,Coordenação de Eng. Elétrica
24/10/2025,7:41:44,20,TP-Link_C3CB,d8:0d:17:3e:c3:cb,-50,3,Coordenação de Eng. Elétrica
24/10/2025,7:41:44,20,IFPB-Sala_Professor_14,48:51:cf:81:b0:9e,-62,2,Coordenação de Eng. Elétrica
24/10/2025,7:41:44,20,IFPB,84:f1:47:54:95:e0,-64,11,Coordenação de Eng. Elétrica
24/10/2025,7:41:44,20,IFPB-VISITANTE,84:f1:47:54:95:e2,-64,11,Coordenação de Eng. Elétrica
24/10/2025,7:41:44,20,NUNYA_Room_2.4GHz,cc:32:e5:0c:fc:2b,-68,4,Coordenação de Eng. Elétrica
24/10/2025,7:41:44,20,GPDS,00:26:5a:66:55:ef,-73,6,Coordenação de Eng. Elétrica
24/10/2025,7:41:44,20,Lab. de Sinais Digitais,18:d6:c7:f9:37:2f,-80,11,Coordenação de Eng. Elétrica
24/10/2025,7:41:44,20,IFPB-Sala_Professor_14,24:fd:0d:57:19:26,-83,2,Coordenação de Eng. Elétrica
24/10/2025,7:41:44,20,Intelbras,18:0d:2c:7f:eb:ac,-84,11,Coordenação de Eng. Elétrica
24/10/2025,7:41:44,20,IFPB-Sala_13,e8:94:f6:b9:2f:46,-85,10,Coordenação de Eng. Elétrica
24/10/2025,7:41:44,20,UA2-MiniLab,60:32:b1:2d:66:c3,-86,6,Coordenação de Eng. Elétrica
24/10/2025,7:41:44,20,IFPB,b8:11:4b:1d:14:80,-86,6,Coordenação de Eng. Elétrica
24/10/2025,7:41:44,20,IFPB-VISITANTE,b8:11:4b:1d:14:82,-87,6,Coordenação de Eng. Elétrica
24/10/2025,7:41:44,20,Grel Wifi,00:27:19:ca:71:d2,-88,11,Coordenação de Eng. Elétrica
24/10/2025,7:41:44,20,IFPB,84:f1:47:54:fd:c0,-89,1,Coordenação de Eng. Elétrica
24/10/2025,7:41:44,20,IFPB-VISITANTE,84:f1:47:54:fd:c2,-89,1,Coordenação de Eng. Elétrica
24/10/2025,7:41:44,20,moto g(7) play 8270,86:5d:e9:c5:47:8c,-90,1,Coordenação de Eng. Elétrica
24/10/2025,7:41:44,20,Asterisk Server,18:0d:2c:7f:f5:9c,-91,11,Coordenação de Eng. Elétrica
24/10/2025,7:41:44,20,TP-Link_1324,7c:f1:7e:8d:13:22,-92,4,Coordenação de Eng. Elétrica
24/10/2025,7:41:44,20,NPEF/NEPA,50:c7:bf:ef:56:8a,-93,11,Coordenação de Eng. Elétrica
24/10/2025,7:42:50,21,IFPB-Sala_Professor_14,24:fd:0d:57:19:26,-51,2,Sala dos professores
24/10/2025,7:42:50,21,IFPB-Sala_Professor_14,48:51:cf:81:b0:9e,-56,2,Sala dos professores
24/10/2025,7:42:50,21,IFPB,84:f1:47:54:fd:c0,-60,1,Sala dos professores
24/10/2025,7:42:50,21,IFPB-VISITANTE,84:f1:47:54:fd:c2,-60,1,Sala dos professores
24/10/2025,7:42:50,21,IFPB TCC,d8:5d:4c:86:7e:66,-67,1,Sala dos professores
24/10/2025,7:42:50,21,APTelefonia,58:10:8c:91:f3:aa,-71,1,Sala dos professores
24/10/2025,7:42:50,21,NUNYA_Room_2.4GHz,cc:32:e5:0c:fc:2b,-71,4,Sala dos professores
24/10/2025,7:42:50,21,IFPB-Sala_13,e8:94:f6:b9:2f:46,-71,10,Sala dos professores
24/10/2025,7:42:50,21,TP-Link_C3CB,d8:0d:17:3e:c3:cb,-75,3,Sala dos professores
24/10/2025,7:42:50,21,Lab. de Sinais Digitais,18:d6:c7:f9:37:2f,-75,11,Sala dos professores
24/10/2025,7:42:50,21,Intelbras,18:0d:2c:7f:eb:ac,-77,11,Sala dos professores
24/10/2025,7:42:50,21,Lula Livre,da:38:d4:2e:cb:c6,-78,1,Sala dos professores
24/10/2025,7:42:50,21,UA2-MiniLab,60:32:b1:2d:66:c3,-78,6,Sala dos professores
24/10/2025,7:42:50,21,IFPB,84:f1:47:54:7f:20,-83,6,Sala dos professores
24/10/2025,7:42:50,21,GPDS,00:26:5a:66:55:ef,-84,6,Sala dos professores
24/10/2025,7:42:50,21,Asterisk Server,18:0d:2c:7f:f5:9c,-84,11,Sala dos professores
24/10/2025,7:42:50,21,IFPB-VISITANTE,84:f1:47:54:7f:22,-85,6,Sala dos professores
24/10/2025,7:42:50,21,IFPB,84:f1:47:54:95:e0,-87,11,Sala dos professores
24/10/2025,7:42:50,21,IFPB-VISITANTE,84:f1:47:54:95:e2,-87,11,Sala dos professores
24/10/2025,7:42:59,22,IFPB-Sala_Professor_14,24:fd:0d:57:19:26,-56,2,Sala dos professores
24/10/2025,7:42:59,22,IFPB-Sala_Professor_14,48:51:cf:81:b0:9e,-61,2,Sala dos professores
24/10/2025,7:42:59,22,IFPB,84:f1:47:54:fd:c0,-62,1,Sala dos professores
24/10/2025,7:42:59,22,IFPB-VISITANTE,84:f1:47:54:fd:c2,-62,1,Sala dos professores
24/10/2025,7:42:59,22,NUNYA_Room_2.4GHz,cc:32:e5:0c:fc:2b,-62,4,Sala dos professores
24/10/2025,7:42:59,22,IFPB TCC,d8:5d:4c:86:7e:66,-66,1,Sala dos professores
24/10/2025,7:42:59,22,Lab. de Sinais Digitais,18:d6:c7:f9:37:2f,-73,11,Sala dos professores
24/10/2025,7:42:59,22,IFPB-Sala_13,e8:94:f6:b9:2f:46,-74,10,Sala dos professores
24/10/2025,7:42:59,22,APTelefonia,58:10:8c:91:f3:aa,-75,1,Sala dos professores
24/10/2025,7:42:59,22,Intelbras,18:0d:2c:7f:eb:ac,-76,11,Sala dos professores
24/10/2025,7:42:59,22,TP-Link_C3CB,d8:0d:17:3e:c3:cb,-78,3,Sala dos professores
24/10/2025,7:42:59,22,UA2-MiniLab,60:32:b1:2d:66:c3,-81,6,Sala dos professores
24/10/2025,7:42:59,22,Lula Livre,da:38:d4:2e:cb:c6,-82,1,Sala dos professores
24/10/2025,7:42:59,22,IFPB-VISITANTE,84:f1:47:54:7f:22,-82,6,Sala dos professores
24/10/2025,7:42:59,22,IFPB,84:f1:47:54:7f:20,-83,6,Sala dos professores
24/10/2025,7:42:59,22,GPDS,00:26:5a:66:55:ef,-84,6,Sala dos professores
24/10/2025,7:42:59,22,Asterisk Server,18:0d:2c:7f:f5:9c,-85,11,Sala dos professores
24/10/2025,7:42:59,22,IFPB,e4:4e:2d:85:4c:60,-86,1,Sala dos professores
24/10/2025,7:42:59,22,IFPB,84:f1:47:54:95:e0,-87,11,Sala dos professores
24/10/2025,7:42:59,22,IFPB-VISITANTE,84:f1:47:54:95:e2,-88,11,Sala dos professores
24/10/2025,7:43:08,23,IFPB-Sala_Professor_14,24:fd:0d:57:19:26,-52,2,Sala dos professores
24/10/2025,7:43:08,23,IFPB-Sala_Professor_14,48:51:cf:81:b0:9e,-59,2,Sala dos professores
24/10/2025,7:43:08,23,IFPB,84:f1:47:54:fd:c0,-63,1,Sala dos professores
24/10/2025,7:43:08,23,IFPB-VISITANTE,84:f1:47:54:fd:c2,-63,1,Sala dos professores
24/10/2025,7:43:08,23,IFPB TCC,d8:5d:4c:86:7e:66,-67,1,Sala dos professores
24/10/2025,7:43:08,23,NUNYA_Room_2.4GHz,cc:32:e5:0c:fc:2b,-69,4,Sala dos professores
24/10/2025,7:43:08,23,IFPB-Sala_13,e8:94:f6:b9:2f:46,-69,10,Sala dos professores
24/10/2025,7:43:08,23,TP-Link_C3CB,d8:0d:17:3e:c3:cb,-72,3,Sala dos professores
24/10/2025,7:43:08,23,Intelbras,18:0d:2c:7f:eb:ac,-72,11,Sala dos professores
24/10/2025,7:43:08,23,APTelefonia,58:10:8c:91:f3:aa,-73,1,Sala dos professores
24/10/2025,7:43:08,23,Lab. de Sinais Digitais,18:d6:c7:f9:37:2f,-73,11,Sala dos professores
24/10/2025,7:43:08,23,Lula Livre,da:38:d4:2e:cb:c6,-78,1,Sala dos professores
24/10/2025,7:43:08,23,UA2-MiniLab,60:32:b1:2d:66:c3,-80,6,Sala dos professores
24/10/2025,7:43:08,23,TP-Link_1324,7c:f1:7e:8d:13:22,-82,4,Sala dos professores
24/10/2025,7:43:08,23,IFPB-VISITANTE,84:f1:47:54:7f:22,-82,6,Sala dos professores
24/10/2025,7:43:08,23,IFPB,84:f1:47:54:7f:20,-82,6,Sala dos professores
24/10/2025,7:43:08,23,IFPB,e4:4e:2d:85:4c:60,-85,1,Sala dos professores
24/10/2025,7:43:08,23,IFPB-VISITANTE,e4:4e:2d:85:4c:62,-85,1,Sala dos professores
24/10/2025,7:43:08,23,IFPB,84:f1:47:54:96:e0,-85,6,Sala dos professores
24/10/2025,7:43:08,23,Asterisk Server,18:0d:2c:7f:f5:9c,-86,11,Sala dos professores
24/10/2025,7:43:08,23,IFPB,4c:e1:75:db:58:80,-88,6,Sala dos professores
24/10/2025,7:43:08,23,IFPB,84:f1:47:54:95:e0,-88,11,Sala dos professores
24/10/2025,7:43:08,23,IFPB-VISITANTE,84:f1:47:54:95:e2,-88,11,Sala dos professores
24/10/2025,7:43:09,23,IFPB-VISITANTE,84:f1:47:54:96:e2,-89,6,Sala dos professores
24/10/2025,7:43:09,23,Lab Redes Convergentes,64:70:02:99:fe:f4,-94,6,Sala dos professores
24/10/2025,7:43:18,24,IFPB-Sala_Professor_14,24:fd:0d:57:19:26,-58,2,Sala dos professores
24/10/2025,7:43:18,24,IFPB,84:f1:47:54:fd:c0,-63,1,Sala dos professores
24/10/2025,7:43:18,24,IFPB-VISITANTE,84:f1:47:54:fd:c2,-63,1,Sala dos professores
24/10/2025,7:43:18,24,IFPB-Sala_Professor_14,48:51:cf:81:b0:9e,-63,2,Sala dos professores
24/10/2025,7:43:18,24,IFPB TCC,d8:5d:4c:86:7e:66,-64,1,Sala dos professores
24/10/2025,7:43:18,24,NUNYA_Room_2.4GHz,cc:32:e5:0c:fc:2b,-68,4,Sala dos professores
24/10/2025,7:43:18,24,TP-Link_C3CB,d8:0d:17:3e:c3:cb,-70,3,Sala dos professores
24/10/2025,7:43:18,24,IFPB-Sala_13,e8:94:f6:b9:2f:46,-71,10,Sala dos professores
24/10/2025,7:43:18,24,Lab. de Sinais Digitais,18:d6:c7:f9:37:2f,-72,11,Sala dos professores
24/10/2025,7:43:18,24,Intelbras,18:0d:2c:7f:eb:ac,-76,11,Sala dos professores
24/10/2025,7:43:18,24,APTelefonia,58:10:8c:91:f3:aa,-78,1,Sala dos professores
24/10/2025,7:43:18,24,Lula Livre,da:38:d4:2e:cb:c6,-78,1,Sala dos professores
24/10/2025,7:43:18,24,UA2-MiniLab,60:32:b1:2d:66:c3,-80,6,Sala dos professores
24/10/2025,7:43:18,24,TP-Link_1324,7c:f1:7e:8d:13:22,-82,4,Sala dos professores
24/10/2025,7:43:18,24,IFPB,84:f1:47:54:7f:20,-82,6,Sala dos professores
24/10/2025,7:43:18,24,IFPB-VISITANTE,84:f1:47:54:7f:22,-83,6,Sala dos professores
24/10/2025,7:43:18,24,IFPB-VISITANTE,e4:4e:2d:85:4c:62,-84,1,Sala dos professores
24/10/2025,7:43:18,24,IFPB,e4:4e:2d:85:4c:60,-85,1,Sala dos professores
24/10/2025,7:43:18,24,GPDS,00:26:5a:66:55:ef,-86,6,Sala dos professores
24/10/2025,7:43:18,24,IFPB,84:f1:47:54:95:e0,-87,11,Sala dos professores
24/10/2025,7:43:18,24,IFPB-VISITANTE,84:f1:47:54:95:e2,-87,11,Sala dos professores
24/10/2025,7:43:18,24,Asterisk Server,18:0d:2c:7f:f5:9c,-87,11,Sala dos professores
24/10/2025,7:43:18,24,IFPB,84:f1:47:54:96:e0,-88,6,Sala dos professores
24/10/2025,7:43:18,24,IFPB,4c:e1:75:db:58:80,-89,6,Sala dos professores
24/10/2025,7:43:18,24,IFPB-VISITANTE,84:f1:47:54:96:e2,-90,6,Sala dos professores
24/10/2025,7:43:18,24,IFPB-VISITANTE,4c:e1:75:db:58:82,-90,6,Sala dos professores
24/10/2025,7:43:27,25,IFPB-Sala_Professor_14,24:fd:0d:57:19:26,-59,2,Sala dos professores
24/10/2025,7:43:27,25,IFPB-Sala_Professor_14,48:51:cf:81:b0:9e,-59,2,Sala dos professores
24/10/2025,7:43:27,25,IFPB,84:f1:47:54:fd:c0,-63,1,Sala dos professores
24/10/2025,7:43:27,25,IFPB-VISITANTE,84:f1:47:54:fd:c2,-63,1,Sala dos professores
24/10/2025,7:43:27,25,IFPB TCC,d8:5d:4c:86:7e:66,-65,1,Sala dos professores
24/10/2025,7:43:27,25,NUNYA_Room_2.4GHz,cc:32:e5:0c:fc:2b,-68,4,Sala dos professores
24/10/2025,7:43:27,25,TP-Link_C3CB,d8:0d:17:3e:c3:cb,-70,3,Sala dos professores
24/10/2025,7:43:27,25,IFPB-Sala_13,e8:94:f6:b9:2f:46,-70,10,Sala dos professores
24/10/2025,7:43:27,25,Intelbras,18:0d:2c:7f:eb:ac,-72,11,Sala dos professores
24/10/2025,7:43:27,25,Lab. de Sinais Digitais,18:d6:c7:f9:37:2f,-72,11,Sala dos professores
24/10/2025,7:43:27,25,APTelefonia,58:10:8c:91:f3:aa,-77,1,Sala dos professores
24/10/2025,7:43:27,25,Lula Livre,da:38:d4:2e:cb:c6,-78,1,Sala dos professores
24/10/2025,7:43:27,25,UA2-MiniLab,60:32:b1:2d:66:c3,-79,6,Sala dos professores
24/10/2025,7:43:27,25,TP-Link_1324,7c:f1:7e:8d:13:22,-82,4,Sala dos professores
24/10/2025,7:43:27,25,IFPB,84:f1:47:54:7f:20,-82,6,Sala dos professores
24/10/2025,7:43:27,25,IFPB-VISITANTE,84:f1:47:54:7f:22,-84,6,Sala dos professores
24/10/2025,7:43:27,25,IFPB-VISITANTE,e4:4e:2d:85:4c:62,-85,1,Sala dos professores
24/10/2025,7:43:27,25,IFPB,e4:4e:2d:85:4c:60,-85,1,Sala dos professores
24/10/2025,7:43:27,25,Asterisk Server,18:0d:2c:7f:f5:9c,-85,11,Sala dos professores
24/10/2025,7:43:27,25,GPDS,00:26:5a:66:55:ef,-86,6,Sala dos professores
24/10/2025,7:43:27,25,IFPB,4c:e1:75:db:58:80,-87,6,Sala dos professores
24/10/2025,7:44:21,26,TP-Link_C3CB,d8:0d:17:3e:c3:cb,-57,3,PET Eng. Elétrica
24/10/2025,7:44:21,26,Lab. de Sinais Digitais,18:d6:c7:f9:37:2f,-63,11,PET Eng. Elétrica
24/10/2025,7:44:21,26,APTelefonia,58:10:8c:91:f3:aa,-65,1,PET Eng. Elétrica
24/10/2025,7:44:21,26,IFPB-Sala_Professor_14,48:51:cf:81:b0:9e,-68,2,PET Eng. Elétrica
24/10/2025,7:44:21,26,GPDS,00:26:5a:66:55:ef,-70,6,PET Eng. Elétrica
24/10/2025,7:44:21,26,Intelbras,18:0d:2c:7f:eb:ac,-74,11,PET Eng. Elétrica
24/10/2025,7:44:21,26,IFPB-Sala_Professor_14,24:fd:0d:57:19:26,-76,2,PET Eng. Elétrica
24/10/2025,7:44:21,26,IFPB,84:f1:47:54:fd:c0,-77,1,PET Eng. Elétrica
24/10/2025,7:44:21,26,IFPB-VISITANTE,84:f1:47:54:fd:c2,-77,1,PET Eng. Elétrica
24/10/2025,7:44:21,26,UA2-MiniLab,60:32:b1:2d:66:c3,-78,6,PET Eng. Elétrica
24/10/2025,7:44:21,26,Asterisk Server,18:0d:2c:7f:f5:9c,-78,11,PET Eng. Elétrica
24/10/2025,7:44:21,26,NUNYA_Room_2.4GHz,cc:32:e5:0c:fc:2b,-79,4,PET Eng. Elétrica
24/10/2025,7:44:21,26,IFPB TCC,d8:5d:4c:86:7e:66,-80,1,PET Eng. Elétrica
24/10/2025,7:44:21,26,TP-Link_1324,7c:f1:7e:8d:13:22,-80,4,PET Eng. Elétrica
24/10/2025,7:44:21,26,IFPB,84:f1:47:54:95:e0,-80,11,PET Eng. Elétrica
24/10/2025,7:44:21,26,IFPB-VISITANTE,84:f1:47:54:95:e2,-80,11,PET Eng. Elétrica
24/10/2025,7:44:21,26,IFPB-VISITANTE,84:f1:47:54:f9:82,-84,1,PET Eng. Elétrica
24/10/2025,7:44:21,26,IFPB,84:f1:47:54:7f:20,-84,6,PET Eng. Elétrica
24/10/2025,7:44:21,26,IFPB,84:f1:47:54:f9:80,-85,1,PET Eng. Elétrica
24/10/2025,7:44:21,26,IFPB-VISITANTE,84:f1:47:54:7f:22,-85,6,PET Eng. Elétrica
24/10/2025,7:44:21,26,IFPB-Sala_13,e8:94:f6:b9:2f:46,-87,10,PET Eng. Elétrica
24/10/2025,7:44:21,26,IFPB-VISITANTE,e4:4e:2d:85:4c:62,-88,1,PET Eng. Elétrica
24/10/2025,7:44:21,26,moto g(7) play 8270,86:5d:e9:c5:47:8c,-88,1,PET Eng. Elétrica
24/10/2025,7:44:21,26,IFPB,e4:4e:2d:85:4c:60,-89,1,PET Eng. Elétrica
24/10/2025,7:44:21,26,IFPB,84:f1:47:54:71:00,-89,11,PET Eng. Elétrica
24/10/2025,7:44:21,26,Lab Redes Convergentes,64:70:02:99:fe:f4,-94,6,PET Eng. Elétrica
24/10/2025,7:44:30,27,TP-Link_C3CB,d8:0d:17:3e:c3:cb,-62,3,PET Eng. Elétrica
24/10/2025,7:44:30,27,APTelefonia,58:10:8c:91:f3:aa,-63,1,PET Eng. Elétrica
24/10/2025,7:44:30,27,Lab. de Sinais Digitais,18:d6:c7:f9:37:2f,-65,11,PET Eng. Elétrica
24/10/2025,7:44:30,27,IFPB-Sala_Professor_14,24:fd:0d:57:19:26,-68,2,PET Eng. Elétrica
24/10/2025,7:44:30,27,IFPB-Sala_Professor_14,48:51:cf:81:b0:9e,-70,2,PET Eng. Elétrica
24/10/2025,7:44:30,27,Intelbras,18:0d:2c:7f:eb:ac,-72,11,PET Eng. Elétrica
24/10/2025,7:44:30,27,GPDS,00:26:5a:66:55:ef,-76,6,PET Eng. Elétrica
24/10/2025,7:44:30,27,UA2-MiniLab,60:32:b1:2d:66:c3,-78,6,PET Eng. Elétrica
24/10/2025,7:44:30,27,Asterisk Server,18:0d:2c:7f:f5:9c,-78,11,PET Eng. Elétrica
24/10/2025,7:44:30,27,IFPB-VISITANTE,84:f1:47:54:fd:c2,-79,1,PET Eng. Elétrica
24/10/2025,7:44:30,27,IFPB,84:f1:47:54:fd:c0,-79,1,PET Eng. Elétrica
24/10/2025,7:44:30,27,IFPB,84:f1:47:54:95:e0,-79,11,PET Eng. Elétrica
24/10/2025,7:44:30,27,IFPB-VISITANTE,84:f1:47:54:95:e2,-79,11,PET Eng. Elétrica
24/10/2025,7:44:30,27,Lula Livre,da:38:d4:2e:cb:c6,-82,1,PET Eng. Elétrica
24/10/2025,7:44:30,27,NUNYA_Room_2.4GHz,cc:32:e5:0c:fc:2b,-82,4,PET Eng. Elétrica
24/10/2025,7:44:30,27,IFPB,84:f1:47:54:7f:20,-82,6,PET Eng. Elétrica
24/10/2025,7:44:30,27,IFPB-VISITANTE,84:f1:47:54:7f:22,-83,6,PET Eng. Elétrica
24/10/2025,7:44:30,27,IFPB-VISITANTE,84:f1:47:54:f9:82,-84,1,PET Eng. Elétrica
24/10/2025,7:44:30,27,IFPB,84:f1:47:54:f9:80,-85,1,PET Eng. Elétrica
24/10/2025,7:44:30,27,TP-Link_1324,7c:f1:7e:8d:13:22,-85,4,PET Eng. Elétrica
24/10/2025,7:44:30,27,IFPB-Sala_13,e8:94:f6:b9:2f:46,-85,10,PET Eng. Elétrica
24/10/2025,7:44:30,27,IFPB,e4:4e:2d:85:4c:60,-87,1,PET Eng. Elétrica
24/10/2025,7:44:30,27,IFPB,b8:11:4b:1d:1e:40,-88,6,PET Eng. Elétrica
24/10/2025,7:44:30,27,IFPB-VISITANTE,e4:4e:2d:85:4c:62,-89,1,PET Eng. Elétrica
24/10/2025,7:44:30,27,IFPB-VISITANTE,b8:11:4b:1d:1e:42,-89,6,PET Eng. Elétrica
24/10/2025,7:44:30,27,IFPB TCC,d8:5d:4c:86:7e:66,-90,1,PET Eng. Elétrica
24/10/2025,7:44:30,27,IFPB-VISITANTE,84:f1:47:54:96:e2,-91,6,PET Eng. Elétrica
24/10/2025,7:44:30,27,IFPB-VISITANTE,84:f1:47:54:71:02,-91,11,PET Eng. Elétrica
24/10/2025,7:44:30,27,moto g(7) play 8270,86:5d:e9:c5:47:8c,-93,1,PET Eng. Elétrica
24/10/2025,7:44:30,27,Grel Wifi,00:27:19:ca:71:d2,-93,11,PET Eng. Elétrica
24/10/2025,7:44:39,28,TP-Link_C3CB,d8:0d:17:3e:c3:cb,-61,3,PET Eng. Elétrica
24/10/2025,7:44:39,28,APTelefonia,58:10:8c:91:f3:aa,-63,1,PET Eng. Elétrica
24/10/2025,7:44:39,28,Lab. de Sinais Digitais,18:d6:c7:f9:37:2f,-66,11,PET Eng. Elétrica
24/10/2025,7:44:39,28,IFPB-Sala_Professor_14,48:51:cf:81:b0:9e,-72,2,PET Eng. Elétrica
24/10/2025,7:44:39,28,GPDS,00:26:5a:66:55:ef,-72,6,PET Eng. Elétrica
24/10/2025,7:44:39,28,Intelbras,18:0d:2c:7f:eb:ac,-72,11,PET Eng. Elétrica
24/10/2025,7:44:39,28,UA2-MiniLab,60:32:b1:2d:66:c3,-77,6,PET Eng. Elétrica
24/10/2025,7:44:39,28,IFPB-Sala_Professor_14,24:fd:0d:57:19:26,-78,2,PET Eng. Elétrica
24/10/2025,7:44:39,28,Asterisk Server,18:0d:2c:7f:f5:9c,-78,11,PET Eng. Elétrica
24/10/2025,7:44:39,28,IFPB,84:f1:47:54:fd:c0,-79,1,PET Eng. Elétrica
24/10/2025,7:44:39,28,IFPB-VISITANTE,84:f1:47:54:95:e2,-79,11,PET Eng. Elétrica
24/10/2025,7:44:39,28,IFPB-VISITANTE,84:f1:47:54:fd:c2,-80,1,PET Eng. Elétrica
24/10/2025,7:44:39,28,IFPB,84:f1:47:54:95:e0,-80,11,PET Eng. Elétrica
24/10/2025,7:44:39,28,IFPB TCC,d8:5d:4c:86:7e:66,-82,1,PET Eng. Elétrica
24/10/2025,7:44:39,28,IFPB-VISITANTE,84:f1:47:54:f9:82,-83,1,PET Eng. Elétrica
24/10/2025,7:44:39,28,TP-Link_1324,7c:f1:7e:8d:13:22,-83,4,PET Eng. Elétrica
24/10/2025,7:44:39,28,NUNYA_Room_2.4GHz,cc:32:e5:0c:fc:2b,-83,4,PET Eng. Elétrica
24/10/2025,7:44:39,28,IFPB,84:f1:47:54:7f:20,-83,6,PET Eng. Elétrica
24/10/2025,7:44:39,28,IFPB-VISITANTE,84:f1:47:54:7f:22,-83,6,PET Eng. Elétrica
24/10/2025,7:44:39,28,IFPB-Sala_13,e8:94:f6:b9:2f:46,-83,10,PET Eng. Elétrica
24/10/2025,7:44:39,28,IFPB,84:f1:47:54:f9:80,-84,1,PET Eng. Elétrica
24/10/2025,7:44:39,28,IFPB,e4:4e:2d:85:4c:60,-88,1,PET Eng. Elétrica
24/10/2025,7:44:39,28,IFPB-VISITANTE,e4:4e:2d:85:4c:62,-89,1,PET Eng. Elétrica
24/10/2025,7:44:39,28,IFPB,84:f1:47:54:96:e0,-89,6,PET Eng. Elétrica
24/10/2025,7:44:39,28,IFPB-VISITANTE,84:f1:47:54:96:e2,-89,6,PET Eng. Elétrica
24/10/2025,7:44:39,28,Grel Wifi,00:27:19:ca:71:d2,-92,11,PET Eng. Elétrica
24/10/2025,7:44:39,28,moto g(7) play 8270,86:5d:e9:c5:47:8c,-95,1,PET Eng. Elétrica
24/10/2025,7:44:48,29,TP-Link_C3CB,d8:0d:17:3e:c3:cb,-62,3,PET Eng. Elétrica
24/10/2025,7:44:48,29,APTelefonia,58:10:8c:91:f3:aa,-63,1,PET Eng. Elétrica
24/10/2025,7:44:48,29,Lab. de Sinais Digitais,18:d6:c7:f9:37:2f,-66,11,PET Eng. Elétrica
24/10/2025,7:44:48,29,IFPB-Sala_Professor_14,48:51:cf:81:b0:9e,-69,2,PET Eng. Elétrica
24/10/2025,7:44:48,29,IFPB-Sala_Professor_14,24:fd:0d:57:19:26,-73,2,PET Eng. Elétrica
24/10/2025,7:44:48,29,Intelbras,18:0d:2c:7f:eb:ac,-73,11,PET Eng. Elétrica
24/10/2025,7:44:48,29,GPDS,00:26:5a:66:55:ef,-74,6,PET Eng. Elétrica
24/10/2025,7:44:48,29,Asterisk Server,18:0d:2c:7f:f5:9c,-75,11,PET Eng. Elétrica
24/10/2025,7:44:48,29,UA2-MiniLab,60:32:b1:2d:66:c3,-76,6,PET Eng. Elétrica
24/10/2025,7:44:48,29,IFPB-VISITANTE,84:f1:47:54:fd:c2,-77,1,PET Eng. Elétrica
24/10/2025,7:44:48,29,IFPB,84:f1:47:54:fd:c0,-78,1,PET Eng. Elétrica
24/10/2025,7:44:48,29,NUNYA_Room_2.4GHz,cc:32:e5:0c:fc:2b,-79,4,PET Eng. Elétrica
24/10/2025,7:44:48,29,IFPB,84:f1:47:54:95:e0,-80,11,PET Eng. Elétrica
24/10/2025,7:44:48,29,IFPB-VISITANTE,84:f1:47:54:95:e2,-81,11,PET Eng. Elétrica
24/10/2025,7:44:48,29,IFPB TCC,d8:5d:4c:86:7e:66,-82,1,PET Eng. Elétrica
24/10/2025,7:44:48,29,IFPB-VISITANTE,84:f1:47:54:f9:82,-83,1,PET Eng. Elétrica
24/10/2025,7:44:48,29,TP-Link_1324,7c:f1:7e:8d:13:22,-83,4,PET Eng. Elétrica
24/10/2025,7:44:48,29,IFPB,84:f1:47:54:7f:20,-83,6,PET Eng. Elétrica
24/10/2025,7:44:48,29,IFPB,84:f1:47:54:f9:80,-85,1,PET Eng. Elétrica
24/10/2025,7:44:48,29,IFPB-VISITANTE,84:f1:47:54:7f:22,-85,6,PET Eng. Elétrica
24/10/2025,7:44:48,29,IFPB-Sala_13,e8:94:f6:b9:2f:46,-86,10,PET Eng. Elétrica
24/10/2025,7:44:48,29,IFPB,e4:4e:2d:85:4c:60,-87,1,PET Eng. Elétrica
24/10/2025,7:44:48,29,IFPB-VISITANTE,e4:4e:2d:85:4c:62,-88,1,PET Eng. Elétrica
24/10/2025,7:44:48,29,IFPB,84:f1:47:54:96:e0,-88,6,PET Eng. Elétrica
24/10/2025,7:44:48,29,moto g(7) play 8270,86:5d:e9:c5:47:8c,-92,1,PET Eng. Elétrica
24/10/2025,7:44:48,29,Lula Livre,da:38:d4:2e:cb:c6,-94,1,PET Eng. Elétrica
24/10/2025,7:44:57,30,TP-Link_C3CB,d8:0d:17:3e:c3:cb,-59,3,PET Eng. Elétrica
24/10/2025,7:44:57,30,Lab. de Sinais Digitais,18:d6:c7:f9:37:2f,-63,11,PET Eng. Elétrica
24/10/2025,7:44:57,30,APTelefonia,58:10:8c:91:f3:aa,-64,1,PET Eng. Elétrica
24/10/2025,7:44:57,30,IFPB-Sala_Professor_14,48:51:cf:81:b0:9e,-69,2,PET Eng. Elétrica
24/10/2025,7:44:57,30,GPDS,00:26:5a:66:55:ef,-70,6,PET Eng. Elétrica
24/10/2025,7:44:57,30,IFPB-Sala_Professor_14,24:fd:0d:57:19:26,-71,2,PET Eng. Elétrica
24/10/2025,7:44:57,30,Intelbras,18:0d:2c:7f:eb:ac,-72,11,PET Eng. Elétrica
24/10/2025,7:44:57,30,Asterisk Server,18:0d:2c:7f:f5:9c,-74,11,PET Eng. Elétrica
24/10/2025,7:44:57,30,IFPB,84:f1:47:54:fd:c0,-75,1,PET Eng. Elétrica
24/10/2025,7:44:57,30,IFPB-VISITANTE,84:f1:47:54:fd:c2,-77,1,PET Eng. Elétrica
24/10/2025,7:44:57,30,NUNYA_Room_2.4GHz,cc:32:e5:0c:fc:2b,-79,4,PET Eng. Elétrica
24/10/2025,7:44:57,30,UA2-MiniLab,60:32:b1:2d:66:c3,-80,6,PET Eng. Elétrica
24/10/2025,7:44:57,30,IFPB TCC,d8:5d:4c:86:7e:66,-81,1,PET Eng. Elétrica
24/10/2025,7:44:57,30,TP-Link_1324,7c:f1:7e:8d:13:22,-81,4,PET Eng. Elétrica
24/10/2025,7:44:57,30,IFPB-VISITANTE,84:f1:47:54:95:e2,-81,11,PET Eng. Elétrica
24/10/2025,7:44:57,30,Lula Livre,da:38:d4:2e:cb:c6,-82,1,PET Eng. Elétrica
24/10/2025,7:44:57,30,IFPB-Sala_13,e8:94:f6:b9:2f:46,-82,10,PET Eng. Elétrica
24/10/2025,7:44:57,30,IFPB,84:f1:47:54:95:e0,-82,11,PET Eng. Elétrica
24/10/2025,7:44:57,30,IFPB,84:f1:47:54:f9:80,-86,1,PET Eng. Elétrica
24/10/2025,7:44:57,30,IFPB-VISITANTE,84:f1:47:54:f9:82,-86,1,PET Eng. Elétrica
24/10/2025,7:44:57,30,IFPB,84:f1:47:54:7f:20,-86,6,PET Eng. Elétrica
24/10/2025,7:44:57,30,IFPB,e4:4e:2d:85:4c:60,-87,1,PET Eng. Elétrica
24/10/2025,7:44:57,30,IFPB-VISITANTE,e4:4e:2d:85:4c:62,-88,1,PET Eng. Elétrica
24/10/2025,7:44:57,30,IFPB-VISITANTE,84:f1:47:54:7f:22,-88,6,PET Eng. Elétrica
24/10/2025,7:44:57,30,IFPB-VISITANTE,b8:11:4b:1d:1e:42,-88,6,PET Eng. Elétrica
24/10/2025,7:44:57,30,moto g(7) play 8270,86:5d:e9:c5:47:8c,-90,1,PET Eng. Elétrica
24/10/2025,7:46:01,31,TP-Link_1324,7c:f1:7e:8d:13:22,-47,4,Lab. de medidas em telecomunicações
24/10/2025,7:46:01,31,APTelefonia,58:10:8c:91:f3:aa,-54,1,Lab. de medidas em telecomunicações
24/10/2025,7:46:01,31,Asterisk Server,18:0d:2c:7f:f5:9c,-60,11,Lab. de medidas em telecomunicações
24/10/2025,7:46:01,31,IFPB,84:f1:47:54:96:e0,-66,6,Lab. de medidas em telecomunicações
24/10/2025,7:46:01,31,IFPB-VISITANTE,84:f1:47:54:96:e2,-66,6,Lab. de medidas em telecomunicações
24/10/2025,7:46:01,31,Lab. de Sinais Digitais,18:d6:c7:f9:37:2f,-69,11,Lab. de medidas em telecomunicações
24/10/2025,7:46:01,31,IFPB,e4:4e:2d:85:4c:60,-74,1,Lab. de medidas em telecomunicações
24/10/2025,7:46:01,31,IFPB-VISITANTE,e4:4e:2d:85:4c:62,-75,1,Lab. de medidas em telecomunicações
24/10/2025,7:46:01,31,Intelbras,18:0d:2c:7f:eb:ac,-75,11,Lab. de medidas em telecomunicações
24/10/2025,7:46:01,31,IFPB-VISITANTE,24:36:da:2b:bc:02,-76,6,Lab. de medidas em telecomunicações
24/10/2025,7:46:01,31,IFPB,24:36:da:2b:bc:00,-77,6,Lab. de medidas em telecomunicações
24/10/2025,7:46:01,31,IFPB TCC,d8:5d:4c:86:7e:66,-84,1,Lab. de medidas em telecomunicações
24/10/2025,7:46:01,31,IFPB-VISITANTE,84:f1:47:54:6b:82,-86,1,Lab. de medidas em telecomunicações
24/10/2025,7:46:01,31,GPDS,00:26:5a:66:55:ef,-86,6,Lab. de medidas em telecomunicações
24/10/2025,7:46:01,31,UA2-MiniLab,60:32:b1:2d:66:c3,-87,6,Lab. de medidas em telecomunicações
24/10/2025,7:46:01,31,EBF4EFFD-HE8D94zE_z1AOeK,44:d2:44:dd:32:40,-87,11,Lab. de medidas em telecomunicações
24/10/2025,7:46:01,31,IFPB,84:f1:47:54:6b:80,-88,1,Lab. de medidas em telecomunicações
24/10/2025,7:46:01,31,IFPB-Sala_Professor_14,24:fd:0d:57:19:26,-88,2,Lab. de medidas em telecomunicações
24/10/2025,7:46:01,31,NPEF/NEPA,50:c7:bf:ef:56:8a,-90,11,Lab. de medidas em telecomunicações
24/10/2025,7:46:01,31,IFPB-VISITANTE,84:f1:47:54:8b:a2,-90,11,Lab. de medidas em telecomunicações
24/10/2025,7:46:01,31,TP-Link_C3CB,d8:0d:17:3e:c3:cb,-92,3,Lab. de medidas em telecomunicações
24/10/2025,7:46:01,31,IFPB-Sala_Professor_14,48:51:cf:81:b0:9e,-94,2,Lab. de medidas em telecomunicações
24/10/2025,7:46:11,32,TP-Link_1324,7c:f1:7e:8d:13:22,-51,4,Lab. de medidas em telecomunicações
24/10/2025,7:46:11,32,APTelefonia,58:10:8c:91:f3:aa,-58,1,Lab. de medidas em telecomunicações
24/10/2025,7:46:11,32,Asterisk Server,18:0d:2c:7f:f5:9c,-61,11,Lab. de medidas em telecomunicações
24/10/2025,7:46:11,32,IFPB,84:f1:47:54:96:e0,-65,6,Lab. de medidas em telecomunicações
24/10/2025,7:46:11,32,IFPB-VISITANTE,84:f1:47:54:96:e2,-65,6,Lab. de medidas em telecomunicações
24/10/2025,7:46:11,32,Lab. de Sinais Digitais,18:d6:c7:f9:37:2f,-71,11,Lab. de medidas em telecomunicações
24/10/2025,7:46:11,32,Intelbras,18:0d:2c:7f:eb:ac,-75,11,Lab. de medidas em telecomunicações
24/10/2025,7:46:11,32,IFPB-VISITANTE,24:36:da:2b:bc:02,-77,6,Lab. de medidas em telecomunicações
24/10/2025,7:46:11,32,IFPB,e4:4e:2d:85:4c:60,-78,1,Lab. de medidas em telecomunicações
24/10/2025,7:46:11,32,IFPB-VISITANTE,e4:4e:2d:85:4c:62,-78,1,Lab. de medidas em telecomunicações
24/10/2025,7:46:11,32,IFPB,24:36:da:2b:bc:00,-78,6,Lab. de medidas em telecomunicações
24/10/2025,7:46:11,32,IFPB TCC,d8:5d:4c:86:7e:66,-86,1,Lab. de medidas em telecomunicações
24/10/2025,7:46:11,32,IFPB-Sala_Professor_14,24:fd:0d:57:19:26,-87,2,Lab. de medidas em telecomunicações
24/10/2025,7:46:11,32,UA2-MiniLab,60:32:b1:2d:66:c3,-87,6,Lab. de medidas em telecomunicações
24/10/2025,7:46:11,32,GPDS,00:26:5a:66:55:ef,-88,6,Lab. de medidas em telecomunicações
24/10/2025,7:46:11,32,IFPB,84:f1:47:54:6b:80,-89,1,Lab. de medidas em telecomunicações
24/10/2025,7:46:11,32,IFPB-VISITANTE,84:f1:47:54:6b:82,-89,1,Lab. de medidas em telecomunicações
24/10/2025,7:46:11,32,TP-Link_C3CB,d8:0d:17:3e:c3:cb,-90,3,Lab. de medidas em telecomunicações
24/10/2025,7:46:11,32,IFPB-VISITANTE,84:f1:47:54:8b:a2,-90,11,Lab. de medidas em telecomunicações
24/10/2025,7:46:11,32,NPEF/NEPA,50:c7:bf:ef:56:8a,-91,11,Lab. de medidas em telecomunicações
24/10/2025,7:46:11,32,EBF4EFFD-HE8D94zE_z1AOeK,44:d2:44:dd:32:40,-92,11,Lab. de medidas em telecomunicações
24/10/2025,7:46:20,33,TP-Link_1324,7c:f1:7e:8d:13:22,-50,4,Lab. de medidas em telecomunicações
24/10/2025,7:46:20,33,APTelefonia,58:10:8c:91:f3:aa,-58,1,Lab. de medidas em telecomunicações
24/10/2025,7:46:20,33,Asterisk Server,18:0d:2c:7f:f5:9c,-64,11,Lab. de medidas em telecomunicações
24/10/2025,7:46:20,33,IFPB,84:f1:47:54:96:e0,-65,6,Lab. de medidas em telecomunicações
24/10/2025,7:46:20,33,IFPB-VISITANTE,84:f1:47:54:96:e2,-65,6,Lab. de medidas em telecomunicações
24/10/2025,7:46:20,33,Lab. de Sinais Digitais,18:d6:c7:f9:37:2f,-70,11,Lab. de medidas em telecomunicações
24/10/2025,7:46:20,33,Intelbras,18:0d:2c:7f:eb:ac,-76,11,Lab. de medidas em telecomunicações
24/10/2025,7:46:20,33,IFPB-VISITANTE,e4:4e:2d:85:4c:62,-77,1,Lab. de medidas em telecomunicações
24/10/2025,7:46:20,33,IFPB,e4:4e:2d:85:4c:60,-77,1,Lab. de medidas em telecomunicações
24/10/2025,7:46:20,33,IFPB,24:36:da:2b:bc:00,-78,6,Lab. de medidas em telecomunicações
24/10/2025,7:46:20,33,IFPB-VISITANTE,24:36:da:2b:bc:02,-78,6,Lab. de medidas em telecomunicações
24/10/2025,7:46:20,33,UA2-MiniLab,60:32:b1:2d:66:c3,-85,6,Lab. de medidas em telecomunicações
24/10/2025,7:46:20,33,IFPB TCC,d8:5d:4c:86:7e:66,-86,1,Lab. de medidas em telecomunicações
24/10/2025,7:46:20,33,IFPB,84:f1:47:54:6b:80,-86,1,Lab. de medidas em telecomunicações
24/10/2025,7:46:20,33,IFPB-VISITANTE,84:f1:47:54:6b:82,-86,1,Lab. de medidas em telecomunicações
24/10/2025,7:46:20,33,IFPB-Sala_Professor_14,24:fd:0d:57:19:26,-87,2,Lab. de medidas em telecomunicações
24/10/2025,7:46:20,33,GPDS,00:26:5a:66:55:ef,-88,6,Lab. de medidas em telecomunicações
24/10/2025,7:46:20,33,EBF4EFFD-HE8D94zE_z1AOeK,44:d2:44:dd:32:40,-90,11,Lab. de medidas em telecomunicações
24/10/2025,7:46:20,33,NPEF/NEPA,50:c7:bf:ef:56:8a,-92,11,Lab. de medidas em telecomunicações
24/10/2025,7:46:20,33,TP-Link_C3CB,d8:0d:17:3e:c3:cb,-93,3,Lab. de medidas em telecomunicações
24/10/2025,7:46:29,34,TP-Link_1324,7c:f1:7e:8d:13:22,-51,4,Lab. de medidas em telecomunicações
24/10/2025,7:46:29,34,APTelefonia,58:10:8c:91:f3:aa,-59,1,Lab. de medidas em telecomunicações
24/10/2025,7:46:29,34,Asterisk Server,18:0d:2c:7f:f5:9c,-62,11,Lab. de medidas em telecomunicações
24/10/2025,7:46:29,34,IFPB-VISITANTE,84:f1:47:54:96:e2,-64,6,Lab. de medidas em telecomunicações
24/10/2025,7:46:29,34,IFPB,84:f1:47:54:96:e0,-65,6,Lab. de medidas em telecomunicações
24/10/2025,7:46:29,34,Lab. de Sinais Digitais,18:d6:c7:f9:37:2f,-70,11,Lab. de medidas em telecomunicações
24/10/2025,7:46:29,34,IFPB,e4:4e:2d:85:4c:60,-76,1,Lab. de medidas em telecomunicações
24/10/2025,7:46:29,34,IFPB,24:36:da:2b:bc:00,-76,6,Lab. de medidas em telecomunicações
24/10/2025,7:46:29,34,IFPB-VISITANTE,24:36:da:2b:bc:02,-76,6,Lab. de medidas em telecomunicações
24/10/2025,7:46:29,34,Intelbras,18:0d:2c:7f:eb:ac,-76,11,Lab. de medidas em telecomunicações
24/10/2025,7:46:29,34,IFPB-VISITANTE,e4:4e:2d:85:4c:62,-77,1,Lab. de medidas em telecomunicações
24/10/2025,7:46:29,34,IFPB-Sala_Professor_14,24:fd:0d:57:19:26,-83,2,Lab. de medidas em telecomunicações
24/10/2025,7:46:29,34,UA2-MiniLab,60:32:b1:2d:66:c3,-84,6,Lab. de medidas em telecomunicações
24/10/2025,7:46:29,34,IFPB,84:f1:47:54:6b:80,-85,1,Lab. de medidas em telecomunicações
24/10/2025,7:46:29,34,IFPB-VISITANTE,84:f1:47:54:6b:82,-85,1,Lab. de medidas em telecomunicações
24/10/2025,7:46:29,34,IFPB TCC,d8:5d:4c:86:7e:66,-87,1,Lab. de medidas em telecomunicações
24/10/2025,7:46:29,34,GPDS,00:26:5a:66:55:ef,-90,6,Lab. de medidas em telecomunicações
24/10/2025,7:46:29,34,NPEF/NEPA,50:c7:bf:ef:56:8a,-90,11,Lab. de medidas em telecomunicações
24/10/2025,7:46:29,34,EBF4EFFD-HE8D94zE_z1AOeK,44:d2:44:dd:32:40,-91,11,Lab. de medidas em telecomunicações
24/10/2025,7:46:29,34,LIMPEZA,54:e6:fc:cf:22:de,-92,6,Lab. de medidas em telecomunicações
24/10/2025,7:46:29,34,TP-Link_C3CB,d8:0d:17:3e:c3:cb,-93,3,Lab. de medidas em telecomunicações
24/10/2025,7:46:29,34,IFPB-Sala_Professor_14,48:51:cf:81:b0:9e,-94,2,Lab. de medidas em telecomunicações
24/10/2025,7:46:38,35,TP-Link_1324,7c:f1:7e:8d:13:22,-50,4,Lab. de medidas em telecomunicações
24/10/2025,7:46:38,35,APTelefonia,58:10:8c:91:f3:aa,-58,1,Lab. de medidas em telecomunicações
24/10/2025,7:46:38,35,Asterisk Server,18:0d:2c:7f:f5:9c,-62,11,Lab. de medidas em telecomunicações
24/10/2025,7:46:38,35,IFPB,84:f1:47:54:96:e0,-65,6,Lab. de medidas em telecomunicações
24/10/2025,7:46:38,35,IFPB-VISITANTE,84:f1:47:54:96:e2,-65,6,Lab. de medidas em telecomunicações
24/10/2025,7:46:38,35,Lab. de Sinais Digitais,18:d6:c7:f9:37:2f,-70,11,Lab. de medidas em telecomunicações
24/10/2025,7:46:38,35,Intelbras,18:0d:2c:7f:eb:ac,-73,11,Lab. de medidas em telecomunicações
24/10/2025,7:46:38,35,IFPB,e4:4e:2d:85:4c:60,-77,1,Lab. de medidas em telecomunicações
24/10/2025,7:46:38,35,IFPB-VISITANTE,e4:4e:2d:85:4c:62,-77,1,Lab. de medidas em telecomunicações
24/10/2025,7:46:38,35,IFPB,24:36:da:2b:bc:00,-77,6,Lab. de medidas em telecomunicações
24/10/2025,7:46:38,35,IFPB-VISITANTE,24:36:da:2b:bc:02,-77,6,Lab. de medidas em telecomunicações
24/10/2025,7:46:38,35,IFPB-Sala_Professor_14,24:fd:0d:57:19:26,-82,2,Lab. de medidas em telecomunicações
24/10/2025,7:46:38,35,IFPB,84:f1:47:54:6b:80,-85,1,Lab. de medidas em telecomunicações
24/10/2025,7:46:38,35,UA2-MiniLab,60:32:b1:2d:66:c3,-85,6,Lab. de medidas em telecomunicações
24/10/2025,7:46:38,35,IFPB-VISITANTE,84:f1:47:54:6b:82,-86,1,Lab. de medidas em telecomunicações
24/10/2025,7:46:38,35,IFPB TCC,d8:5d:4c:86:7e:66,-86,1,Lab. de medidas em telecomunicações
24/10/2025,7:46:38,35,GPDS,00:26:5a:66:55:ef,-86,6,Lab. de medidas em telecomunicações
24/10/2025,7:46:38,35,EBF4EFFD-HE8D94zE_z1AOeK,44:d2:44:dd:32:40,-89,11,Lab. de medidas em telecomunicações
24/10/2025,7:46:38,35,TP-Link_C3CB,d8:0d:17:3e:c3:cb,-90,3,Lab. de medidas em telecomunicações
24/10/2025,7:46:38,35,LIMPEZA,54:e6:fc:cf:22:de,-92,6,Lab. de medidas em telecomunicações
24/10/2025,7:46:38,35,NPEF/NEPA,50:c7:bf:ef:56:8a,-92,11,Lab. de medidas em telecomunicações
24/10/2025,7:46:38,35,IFPB-VISITANTE,84:f1:47:54:8b:a2,-92,11,Lab. de medidas em telecomunicações
24/10/2025,7:46:38,35,moto g(7) play 8270,86:5d:e9:c5:47:8c,-93,1,Lab. de medidas em telecomunicações
24/10/2025,7:46:38,35,IFPB-Sala_Professor_14,48:51:cf:81:b0:9e,-93,2,Lab. de medidas em telecomunicações
24/10/2025,7:47:05,36,TP-Link_1324,7c:f1:7e:8d:13:22,-58,4,Lab. de aferição e calibração
24/10/2025,7:47:05,36,IFPB,84:f1:47:54:96:e0,-59,6,Lab. de aferição e calibração
24/10/2025,7:47:05,36,IFPB-VISITANTE,84:f1:47:54:96:e2,-59,6,Lab. de aferição e calibração
24/10/2025,7:47:05,36,APTelefonia,58:10:8c:91:f3:aa,-62,1,Lab. de aferição e calibração
24/10/2025,7:47:05,36,Asterisk Server,18:0d:2c:7f:f5:9c,-65,11,Lab. de aferição e calibração
24/10/2025,7:47:05,36,Intelbras,18:0d:2c:7f:eb:ac,-68,11,Lab. de aferição e calibração
24/10/2025,7:47:05,36,Lab. de Sinais Digitais,18:d6:c7:f9:37:2f,-70,11,Lab. de aferição e calibração
24/10/2025,7:47:05,36,IFPB,e4:4e:2d:85:4c:60,-73,1,Lab. de aferição e calibração
24/10/2025,7:47:05,36,IFPB-VISITANTE,e4:4e:2d:85:4c:62,-74,1,Lab. de aferição e calibração
24/10/2025,7:47:05,36,IFPB-Sala_Professor_14,24:fd:0d:57:19:26,-77,2,Lab. de aferição e calibração
24/10/2025,7:47:05,36,IFPB,84:f1:47:54:6b:80,-82,1,Lab. de aferição e calibração
24/10/2025,7:47:05,36,IFPB-VISITANTE,84:f1:47:54:6b:82,-82,1,Lab. de aferição e calibração
24/10/2025,7:47:05,36,UA2-MiniLab,60:32:b1:2d:66:c3,-83,6,Lab. de aferição e calibração
24/10/2025,7:47:05,36,GPDS,00:26:5a:66:55:ef,-84,6,Lab. de aferição e calibração
24/10/2025,7:47:05,36,IFPB TCC,d8:5d:4c:86:7e:66,-86,1,Lab. de aferição e calibração
24/10/2025,7:47:05,36,IFPB-VISITANTE,24:36:da:2b:bc:02,-86,6,Lab. de aferição e calibração
24/10/2025,7:47:05,36,IFPB,24:36:da:2b:bc:00,-87,6,Lab. de aferição e calibração
24/10/2025,7:47:05,36,EBF4EFFD-HE8D94zE_z1AOeK,44:d2:44:dd:32:40,-87,11,Lab. de aferição e calibração
24/10/2025,7:47:05,36,IFPB,84:f1:47:54:f9:80,-88,1,Lab. de aferição e calibração
24/10/2025,7:47:05,36,IFPB-VISITANTE,84:f1:47:54:f9:82,-88,1,Lab. de aferição e calibração
24/10/2025,7:47:05,36,TP-Link_C3CB,d8:0d:17:3e:c3:cb,-88,3,Lab. de aferição e calibração
24/10/2025,7:47:05,36,NPEF/NEPA,50:c7:bf:ef:56:8a,-91,11,Lab. de aferição e calibração
24/10/2025,7:47:05,36,NUNYA_Room_2.4GHz,cc:32:e5:0c:fc:2b,-92,4,Lab. de aferição e calibração
24/10/2025,7:47:05,36,IFPB-Sala_Professor_14,48:51:cf:81:b0:9e,-94,2,Lab. de aferição e calibração
24/10/2025,7:47:14,37,APTelefonia,58:10:8c:91:f3:aa,-57,1,Lab. de aferição e calibração
24/10/2025,7:47:14,37,TP-Link_1324,7c:f1:7e:8d:13:22,-58,4,Lab. de aferição e calibração
24/10/2025,7:47:14,37,IFPB,84:f1:47:54:96:e0,-59,6,Lab. de aferição e calibração
24/10/2025,7:47:14,37,IFPB-VISITANTE,84:f1:47:54:96:e2,-59,6,Lab. de aferição e calibração
24/10/2025,7:47:14,37,Asterisk Server,18:0d:2c:7f:f5:9c,-61,11,Lab. de aferição e calibração
24/10/2025,7:47:14,37,Intelbras,18:0d:2c:7f:eb:ac,-67,11,Lab. de aferição e calibração
24/10/2025,7:47:14,37,Lab. de Sinais Digitais,18:d6:c7:f9:37:2f,-72,11,Lab. de aferição e calibração
24/10/2025,7:47:14,37,IFPB-VISITANTE,e4:4e:2d:85:4c:62,-74,1,Lab. de aferição e calibração
24/10/2025,7:47:14,37,IFPB,e4:4e:2d:85:4c:60,-74,1,Lab. de aferição e calibração
24/10/2025,7:47:14,37,IFPB-Sala_Professor_14,24:fd:0d:57:19:26,-76,2,Lab. de aferição e calibração
24/10/2025,7:47:14,37,IFPB,84:f1:47:54:6b:80,-83,1,Lab. de aferição e calibração
24/10/2025,7:47:14,37,UA2-MiniLab,60:32:b1:2d:66:c3,-83,6,Lab. de aferição e calibração
24/10/2025,7:47:14,37,IFPB-VISITANTE,84:f1:47:54:6b:82,-84,1,Lab. de aferição e calibração
24/10/2025,7:47:14,37,IFPB TCC,d8:5d:4c:86:7e:66,-85,1,Lab. de aferição e calibração
24/10/2025,7:47:14,37,IFPB,24:36:da:2b:bc:00,-86,6,Lab. de aferição e calibração
24/10/2025,7:47:14,37,IFPB-VISITANTE,24:36:da:2b:bc:02,-86,6,Lab. de aferição e calibração
24/10/2025,7:47:14,37,EBF4EFFD-HE8D94zE_z1AOeK,44:d2:44:dd:32:40,-86,11,Lab. de aferição e calibração
24/10/2025,7:47:14,37,GPDS,00:26:5a:66:55:ef,-87,6,Lab. de aferição e calibração
24/10/2025,7:47:14,37,IFPB,84:f1:47:54:f9:80,-88,1,Lab. de aferição e calibração
24/10/2025,7:47:14,37,IFPB-VISITANTE,84:f1:47:54:f9:82,-88,1,Lab. de aferição e calibração
24/10/2025,7:47:14,37,NPEF/NEPA,50:c7:bf:ef:56:8a,-89,11,Lab. de aferição e calibração
24/10/2025,7:47:14,37,TP-Link_C3CB,d8:0d:17:3e:c3:cb,-90,3,Lab. de aferição e calibração
24/10/2025,7:47:14,37,IFPB-Sala_Professor_14,48:51:cf:81:b0:9e,-91,2,Lab. de aferição e calibração
24/10/2025,7:47:14,37,NUNYA_Room_2.4GHz,cc:32:e5:0c:fc:2b,-91,4,Lab. de aferição e calibração
24/10/2025,7:47:23,38,APTelefonia,58:10:8c:91:f3:aa,-57,1,Lab. de aferição e calibração
24/10/2025,7:47:23,38,TP-Link_1324,7c:f1:7e:8d:13:22,-57,4,Lab. de aferição e calibração
24/10/2025,7:47:23,38,IFPB,84:f1:47:54:96:e0,-58,6,Lab. de aferição e calibração
24/10/2025,7:47:23,38,IFPB-VISITANTE,84:f1:47:54:96:e2,-58,6,Lab. de aferição e calibração
24/10/2025,7:47:23,38,Asterisk Server,18:0d:2c:7f:f5:9c,-61,11,Lab. de aferição e calibração
24/10/2025,7:47:23,38,Intelbras,18:0d:2c:7f:eb:ac,-67,11,Lab. de aferição e calibração
24/10/2025,7:47:23,38,Lab. de Sinais Digitais,18:d6:c7:f9:37:2f,-71,11,Lab. de aferição e calibração
24/10/2025,7:47:23,38,IFPB,e4:4e:2d:85:4c:60,-73,1,Lab. de aferição e calibração
24/10/2025,7:47:23,38,IFPB-VISITANTE,e4:4e:2d:85:4c:62,-73,1,Lab. de aferição e calibração
24/10/2025,7:47:23,38,IFPB-VISITANTE,24:36:da:2b:bc:02,-82,6,Lab. de aferição e calibração
24/10/2025,7:47:23,38,IFPB,84:f1:47:54:6b:80,-83,1,Lab. de aferição e calibração
24/10/2025,7:47:23,38,IFPB-Sala_Professor_14,24:fd:0d:57:19:26,-83,2,Lab. de aferição e calibração
24/10/2025,7:47:23,38,UA2-MiniLab,60:32:b1:2d:66:c3,-83,6,Lab. de aferição e calibração
24/10/2025,7:47:23,38,IFPB-VISITANTE,84:f1:47:54:6b:82,-84,1,Lab. de aferição e calibração
24/10/2025,7:47:23,38,IFPB,24:36:da:2b:bc:00,-84,6,Lab. de aferição e calibração
24/10/2025,7:47:23,38,IFPB TCC,d8:5d:4c:86:7e:66,-86,1,Lab. de aferição e calibração
24/10/2025,7:47:23,38,GPDS,00:26:5a:66:55:ef,-86,6,Lab. de aferição e calibração
24/10/2025,7:47:23,38,EBF4EFFD-HE8D94zE_z1AOeK,44:d2:44:dd:32:40,-86,11,Lab. de aferição e calibração
24/10/2025,7:47:23,38,TP-Link_C3CB,d8:0d:17:3e:c3:cb,-87,3,Lab. de aferição e calibração
24/10/2025,7:47:23,38,NPEF/NEPA,50:c7:bf:ef:56:8a,-88,11,Lab. de aferição e calibração
24/10/2025,7:47:23,38,IFPB,84:f1:47:54:f9:80,-89,1,Lab. de aferição e calibração
24/10/2025,7:47:23,38,IFPB-VISITANTE,84:f1:47:54:f9:82,-89,1,Lab. de aferição e calibração
24/10/2025,7:47:23,38,moto g(7) play 8270,86:5d:e9:c5:47:8c,-92,1,Lab. de aferição e calibração
24/10/2025,7:47:23,38,IFPB-Sala_Professor_14,48:51:cf:81:b0:9e,-92,2,Lab. de aferição e calibração
24/10/2025,7:47:23,38,NUNYA_Room_2.4GHz,cc:32:e5:0c:fc:2b,-93,4,Lab. de aferição e calibração
24/10/2025,7:47:32,39,APTelefonia,58:10:8c:91:f3:aa,-56,1,Lab. de aferição e calibração
24/10/2025,7:47:32,39,TP-Link_1324,7c:f1:7e:8d:13:22,-58,4,Lab. de aferição e calibração
24/10/2025,7:47:32,39,IFPB,84:f1:47:54:96:e0,-58,6,Lab. de aferição e calibração
24/10/2025,7:47:32,39,IFPB-VISITANTE,84:f1:47:54:96:e2,-58,6,Lab. de aferição e calibração
24/10/2025,7:47:32,39,Asterisk Server,18:0d:2c:7f:f5:9c,-61,11,Lab. de aferição e calibração
24/10/2025,7:47:32,39,Intelbras,18:0d:2c:7f:eb:ac,-67,11,Lab. de aferição e calibração
24/10/2025,7:47:32,39,IFPB,e4:4e:2d:85:4c:60,-73,1,Lab. de aferição e calibração
24/10/2025,7:47:32,39,IFPB-VISITANTE,e4:4e:2d:85:4c:62,-73,1,Lab. de aferição e calibração
24/10/2025,7:47:32,39,Lab. de Sinais Digitais,18:d6:c7:f9:37:2f,-73,11,Lab. de aferição e calibração
24/10/2025,7:47:32,39,IFPB-VISITANTE,24:36:da:2b:bc:02,-82,6,Lab. de aferição e calibração
24/10/2025,7:47:32,39,IFPB,24:36:da:2b:bc:00,-84,6,Lab. de aferição e calibração
24/10/2025,7:47:32,39,IFPB-Sala_Professor_14,24:fd:0d:57:19:26,-85,2,Lab. de aferição e calibração
24/10/2025,7:47:32,39,UA2-MiniLab,60:32:b1:2d:66:c3,-85,6,Lab. de aferição e calibração
24/10/2025,7:47:32,39,IFPB TCC,d8:5d:4c:86:7e:66,-86,1,Lab. de aferição e calibração
24/10/2025,7:47:32,39,IFPB,84:f1:47:54:6b:80,-86,1,Lab. de aferição e calibração
24/10/2025,7:47:32,39,IFPB-VISITANTE,84:f1:47:54:6b:82,-87,1,Lab. de aferição e calibração
24/10/2025,7:47:32,39,IFPB-VISITANTE,84:f1:47:54:f9:82,-87,1,Lab. de aferição e calibração
24/10/2025,7:47:32,39,TP-Link_C3CB,d8:0d:17:3e:c3:cb,-87,3,Lab. de aferição e calibração
24/10/2025,7:47:32,39,GPDS,00:26:5a:66:55:ef,-87,6,Lab. de aferição e calibração
24/10/2025,7:47:32,39,EBF4EFFD-HE8D94zE_z1AOeK,44:d2:44:dd:32:40,-88,11,Lab. de aferição e calibração
24/10/2025,7:47:32,39,IFPB,84:f1:47:54:f9:80,-89,1,Lab. de aferição e calibração
24/10/2025,7:47:32,39,NUNYA_Room_2.4GHz,cc:32:e5:0c:fc:2b,-89,4,Lab. de aferição e calibração
24/10/2025,7:47:32,39,NPEF/NEPA,50:c7:bf:ef:56:8a,-89,11,Lab. de aferição e calibração
24/10/2025,7:47:32,39,IFPB-Sala_Professor_14,48:51:cf:81:b0:9e,-93,2,Lab. de aferição e calibração
24/10/2025,7:47:32,39,IFPB-Sala_13,e8:94:f6:b9:2f:46,-97,10,Lab. de aferição e calibração
24/10/2025,7:47:42,40,APTelefonia,58:10:8c:91:f3:aa,-57,1,Lab. de aferição e calibração
24/10/2025,7:47:42,40,IFPB,84:f1:47:54:96:e0,-59,6,Lab. de aferição e calibração
24/10/2025,7:47:42,40,IFPB-VISITANTE,84:f1:47:54:96:e2,-60,6,Lab. de aferição e calibração
24/10/2025,7:47:42,40,TP-Link_1324,7c:f1:7e:8d:13:22,-61,4,Lab. de aferição e calibração
24/10/2025,7:47:42,40,Asterisk Server,18:0d:2c:7f:f5:9c,-63,11,Lab. de aferição e calibração
24/10/2025,7:47:42,40,Intelbras,18:0d:2c:7f:eb:ac,-68,11,Lab. de aferição e calibração
24/10/2025,7:47:42,40,Lab. de Sinais Digitais,18:d6:c7:f9:37:2f,-74,11,Lab. de aferição e calibração
24/10/2025,7:47:42,40,IFPB,e4:4e:2d:85:4c:60,-75,1,Lab. de aferição e calibração
24/10/2025,7:47:42,40,IFPB-VISITANTE,e4:4e:2d:85:4c:62,-76,1,Lab. de aferição e calibração
24/10/2025,7:47:42,40,IFPB-Sala_Professor_14,24:fd:0d:57:19:26,-79,2,Lab. de aferição e calibração
24/10/2025,7:47:42,40,IFPB,24:36:da:2b:bc:00,-84,6,Lab. de aferição e calibração
24/10/2025,7:47:42,40,IFPB-VISITANTE,24:36:da:2b:bc:02,-84,6,Lab. de aferição e calibração
24/10/2025,7:47:42,40,UA2-MiniLab,60:32:b1:2d:66:c3,-86,6,Lab. de aferição e calibração
24/10/2025,7:47:42,40,GPDS,00:26:5a:66:55:ef,-86,6,Lab. de aferição e calibração
24/10/2025,7:47:42,40,IFPB-VISITANTE,84:f1:47:54:6b:82,-87,1,Lab. de aferição e calibração
24/10/2025,7:47:42,40,IFPB,84:f1:47:54:6b:80,-89,1,Lab. de aferição e calibração
24/10/2025,7:47:42,40,IFPB,84:f1:47:54:f9:80,-89,1,Lab. de aferição e calibração
24/10/2025,7:47:42,40,IFPB TCC,d8:5d:4c:86:7e:66,-89,1,Lab. de aferição e calibração
24/10/2025,7:47:42,40,NPEF/NEPA,50:c7:bf:ef:56:8a,-89,11,Lab. de aferição e calibração
24/10/2025,7:47:42,40,IFPB-VISITANTE,84:f1:47:54:f9:82,-90,1,Lab. de aferição e calibração
24/10/2025,7:47:42,40,TP-Link_C3CB,d8:0d:17:3e:c3:cb,-90,3,Lab. de aferição e calibração
24/10/2025,7:47:42,40,EBF4EFFD-HE8D94zE_z1AOeK,44:d2:44:dd:32:40,-91,11,Lab. de aferição e calibração
24/10/2025,7:47:42,40,IFPB-Sala_Professor_14,48:51:cf:81:b0:9e,-93,2,Lab. de aferição e calibração
24/10/2025,7:47:42,40,NUNYA_Room_2.4GHz,cc:32:e5:0c:fc:2b,-93,4,Lab. de aferição e calibração
24/10/2025,7:47:42,40,IFPB-Sala_13,e8:94:f6:b9:2f:46,-95,10,Lab. de aferição e calibração
24/10/2025,7:48:22,41,APTelefonia,58:10:8c:91:f3:aa,-63,1,Lab. de Instrumentação biomédica
24/10/2025,7:48:22,41,TP-Link_1324,7c:f1:7e:8d:13:22,-66,4,Lab. de Instrumentação biomédica
24/10/2025,7:48:22,41,Lab. de Sinais Digitais,18:d6:c7:f9:37:2f,-67,11,Lab. de Instrumentação biomédica
24/10/2025,7:48:22,41,Asterisk Server,18:0d:2c:7f:f5:9c,-69,11,Lab. de Instrumentação biomédica
24/10/2025,7:48:22,41,IFPB,84:f1:47:54:96:e0,-70,6,Lab. de Instrumentação biomédica
24/10/2025,7:48:22,41,IFPB-VISITANTE,84:f1:47:54:96:e2,-71,6,Lab. de Instrumentação biomédica
24/10/2025,7:48:22,41,GPDS,00:26:5a:66:55:ef,-74,6,Lab. de Instrumentação biomédica
24/10/2025,7:48:22,41,Intelbras,18:0d:2c:7f:eb:ac,-74,11,Lab. de Instrumentação biomédica
24/10/2025,7:48:22,41,EBF4EFFD-HE8D94zE_z1AOeK,44:d2:44:dd:32:40,-79,11,Lab. de Instrumentação biomédica
24/10/2025,7:48:22,41,IFPB,e4:4e:2d:85:4c:60,-81,1,Lab. de Instrumentação biomédica
24/10/2025,7:48:22,41,UA2-MiniLab,60:32:b1:2d:66:c3,-81,6,Lab. de Instrumentação biomédica
24/10/2025,7:48:22,41,IFPB-VISITANTE,e4:4e:2d:85:4c:62,-82,1,Lab. de Instrumentação biomédica
24/10/2025,7:48:22,41,IFPB-VISITANTE,84:f1:47:54:8b:a2,-82,11,Lab. de Instrumentação biomédica
24/10/2025,7:48:22,41,IFPB,84:f1:47:54:8b:a0,-82,11,Lab. de Instrumentação biomédica
24/10/2025,7:48:22,41,IFPB,84:f1:47:54:6b:80,-84,1,Lab. de Instrumentação biomédica
24/10/2025,7:48:22,41,IFPB-VISITANTE,84:f1:47:54:6b:82,-84,1,Lab. de Instrumentação biomédica
24/10/2025,7:48:22,41,IFPB,84:f1:47:54:f9:80,-85,1,Lab. de Instrumentação biomédica
24/10/2025,7:48:22,41,IFPB-Sala_Professor_14,24:fd:0d:57:19:26,-85,2,Lab. de Instrumentação biomédica
24/10/2025,7:48:22,41,IFPB,24:36:da:2b:bc:00,-85,6,Lab. de Instrumentação biomédica
24/10/2025,7:48:22,41,IFPB-VISITANTE,24:36:da:2b:bc:02,-85,6,Lab. de Instrumentação biomédica
24/10/2025,7:48:22,41,IFPB-VISITANTE,84:f1:47:54:f9:82,-86,1,Lab. de Instrumentação biomédica
24/10/2025,7:48:22,41,TP-Link_C3CB,d8:0d:17:3e:c3:cb,-89,3,Lab. de Instrumentação biomédica
24/10/2025,7:48:22,41,NUNYA_Room_2.4GHz,cc:32:e5:0c:fc:2b,-90,4,Lab. de Instrumentação biomédica
24/10/2025,7:48:22,41,IFPB-Sala_Professor_14,48:51:cf:81:b0:9e,-91,2,Lab. de Instrumentação biomédica
24/10/2025,7:48:22,41,NPEF/NEPA,50:c7:bf:ef:56:8a,-91,11,Lab. de Instrumentação biomédica
24/10/2025,7:48:22,41,IFPB TCC,d8:5d:4c:86:7e:66,-92,1,Lab. de Instrumentação biomédica
24/10/2025,7:48:22,41,LIMPEZA,54:e6:fc:cf:22:de,-92,6,Lab. de Instrumentação biomédica
24/10/2025,7:48:22,41,moto g(7) play 8270,86:5d:e9:c5:47:8c,-93,1,Lab. de Instrumentação biomédica
24/10/2025,7:48:31,42,APTelefonia,58:10:8c:91:f3:aa,-62,1,Lab. de Instrumentação biomédica
24/10/2025,7:48:31,42,Lab. de Sinais Digitais,18:d6:c7:f9:37:2f,-66,11,Lab. de Instrumentação biomédica
24/10/2025,7:48:31,42,TP-Link_1324,7c:f1:7e:8d:13:22,-68,4,Lab. de Instrumentação biomédica
24/10/2025,7:48:31,42,GPDS,00:26:5a:66:55:ef,-70,6,Lab. de Instrumentação biomédica
24/10/2025,7:48:31,42,IFPB,84:f1:47:54:96:e0,-71,6,Lab. de Instrumentação biomédica
24/10/2025,7:48:31,42,IFPB-VISITANTE,84:f1:47:54:96:e2,-71,6,Lab. de Instrumentação biomédica
24/10/2025,7:48:31,42,Asterisk Server,18:0d:2c:7f:f5:9c,-72,11,Lab. de Instrumentação biomédica
24/10/2025,7:48:31,42,Intelbras,18:0d:2c:7f:eb:ac,-75,11,Lab. de Instrumentação biomédica
24/10/2025,7:48:31,42,UA2-MiniLab,60:32:b1:2d:66:c3,-80,6,Lab. de Instrumentação biomédica
24/10/2025,7:48:31,42,NPEF/NEPA,50:c7:bf:ef:56:8a,-80,11,Lab. de Instrumentação biomédica
24/10/2025,7:48:31,42,IFPB,e4:4e:2d:85:4c:60,-81,1,Lab. de Instrumentação biomédica
24/10/2025,7:48:31,42,EBF4EFFD-HE8D94zE_z1AOeK,44:d2:44:dd:32:40,-81,11,Lab. de Instrumentação biomédica
24/10/2025,7:48:31,42,IFPB-VISITANTE,e4:4e:2d:85:4c:62,-82,1,Lab. de Instrumentação biomédica
24/10/2025,7:48:31,42,IFPB-VISITANTE,24:36:da:2b:bc:02,-82,6,Lab. de Instrumentação biomédica
24/10/2025,7:48:31,42,IFPB-VISITANTE,84:f1:47:54:6b:82,-83,1,Lab. de Instrumentação biomédica
24/10/2025,7:48:31,42,IFPB-VISITANTE,84:f1:47:54:f9:82,-83,1,Lab. de Instrumentação biomédica
24/10/2025,7:48:31,42,IFPB,84:f1:47:54:f9:80,-83,1,Lab. de Instrumentação biomédica
24/10/2025,7:48:31,42,IFPB,84:f1:47:54:6b:80,-84,1,Lab. de Instrumentação biomédica
24/10/2025,7:48:31,42,IFPB,24:36:da:2b:bc:00,-84,6,Lab. de Instrumentação biomédica
24/10/2025,7:48:31,42,IFPB-Sala_Professor_14,24:fd:0d:57:19:26,-86,2,Lab. de Instrumentação biomédica
24/10/2025,7:48:31,42,IFPB-VISITANTE,84:f1:47:54:8b:a2,-86,11,Lab. de Instrumentação biomédica
24/10/2025,7:48:31,42,IFPB,84:f1:47:54:8b:a0,-86,11,Lab. de Instrumentação biomédica
24/10/2025,7:48:31,42,IFPB-Sala_Professor_14,48:51:cf:81:b0:9e,-90,2,Lab. de Instrumentação biomédica
24/10/2025,7:48:31,42,IFPB TCC,d8:5d:4c:86:7e:66,-92,1,Lab. de Instrumentação biomédica
24/10/2025,7:48:31,42,TP-Link_C3CB,d8:0d:17:3e:c3:cb,-92,3,Lab. de Instrumentação biomédica
24/10/2025,7:48:31,42,LIMPEZA,54:e6:fc:cf:22:de,-92,6,Lab. de Instrumentação biomédica
24/10/2025,7:48:41,43,APTelefonia,58:10:8c:91:f3:aa,-54,1,Lab. de Instrumentação biomédica
24/10/2025,7:48:41,43,TP-Link_1324,7c:f1:7e:8d:13:22,-63,4,Lab. de Instrumentação biomédica
24/10/2025,7:48:41,43,GPDS,00:26:5a:66:55:ef,-66,6,Lab. de Instrumentação biomédica
24/10/2025,7:48:41,43,Lab. de Sinais Digitais,18:d6:c7:f9:37:2f,-69,11,Lab. de Instrumentação biomédica
24/10/2025,7:48:41,43,IFPB,84:f1:47:54:96:e0,-71,6,Lab. de Instrumentação biomédica
24/10/2025,7:48:41,43,IFPB-VISITANTE,84:f1:47:54:96:e2,-71,6,Lab. de Instrumentação biomédica
24/10/2025,7:48:41,43,Asterisk Server,18:0d:2c:7f:f5:9c,-71,11,Lab. de Instrumentação biomédica
24/10/2025,7:48:41,43,Intelbras,18:0d:2c:7f:eb:ac,-74,11,Lab. de Instrumentação biomédica
24/10/2025,7:48:41,43,IFPB,84:f1:47:54:f9:80,-79,1,Lab. de Instrumentação biomédica
24/10/2025,7:48:41,43,IFPB-VISITANTE,84:f1:47:54:f9:82,-80,1,Lab. de Instrumentação biomédica
24/10/2025,7:48:41,43,NPEF/NEPA,50:c7:bf:ef:56:8a,-83,11,Lab. de Instrumentação biomédica
24/10/2025,7:48:41,43,EBF4EFFD-HE8D94zE_z1AOeK,44:d2:44:dd:32:40,-84,11,Lab. de Instrumentação biomédica
24/10/2025,7:48:41,43,IFPB,84:f1:47:54:6b:80,-85,1,Lab. de Instrumentação biomédica
24/10/2025,7:48:41,43,IFPB,24:36:da:2b:bc:00,-85,6,Lab. de Instrumentação biomédica
24/10/2025,7:48:41,43,IFPB-VISITANTE,24:36:da:2b:bc:02,-85,6,Lab. de Instrumentação biomédica
24/10/2025,7:48:41,43,UA2-MiniLab,60:32:b1:2d:66:c3,-85,6,Lab. de Instrumentação biomédica
24/10/2025,7:48:41,43,IFPB-VISITANTE,84:f1:47:54:6b:82,-86,1,Lab. de Instrumentação biomédica
24/10/2025,7:48:41,43,IFPB-VISITANTE,e4:4e:2d:85:4c:62,-86,1,Lab. de Instrumentação biomédica
24/10/2025,7:48:41,43,IFPB,e4:4e:2d:85:4c:60,-87,1,Lab. de Instrumentação biomédica
24/10/2025,7:48:41,43,IFPB-VISITANTE,84:f1:47:54:8b:a2,-89,11,Lab. de Instrumentação biomédica
24/10/2025,7:48:41,43,IFPB-Sala_Professor_14,24:fd:0d:57:19:26,-90,2,Lab. de Instrumentação biomédica
24/10/2025,7:48:41,43,IFPB,84:f1:47:54:8b:a0,-90,11,Lab. de Instrumentação biomédica
24/10/2025,7:48:41,43,IFPB TCC,d8:5d:4c:86:7e:66,-91,1,Lab. de Instrumentação biomédica
24/10/2025,7:48:41,43,NUNYA_Room_2.4GHz,cc:32:e5:0c:fc:2b,-92,4,Lab. de Instrumentação biomédica
24/10/2025,7:48:41,43,LIMPEZA,54:e6:fc:cf:22:de,-92,6,Lab. de Instrumentação biomédica
24/10/2025,7:48:41,43,moto g(7) play 8270,86:5d:e9:c5:47:8c,-94,1,Lab. de Instrumentação biomédica
24/10/2025,7:48:50,44,APTelefonia,58:10:8c:91:f3:aa,-56,1,Lab. de Instrumentação biomédica
24/10/2025,7:48:50,44,TP-Link_1324,7c:f1:7e:8d:13:22,-61,4,Lab. de Instrumentação biomédica
24/10/2025,7:48:50,44,GPDS,00:26:5a:66:55:ef,-67,6,Lab. de Instrumentação biomédica
24/10/2025,7:48:50,44,Lab. de Sinais Digitais,18:d6:c7:f9:37:2f,-69,11,Lab. de Instrumentação biomédica
24/10/2025,7:48:50,44,Asterisk Server,18:0d:2c:7f:f5:9c,-70,11,Lab. de Instrumentação biomédica
24/10/2025,7:48:50,44,IFPB,84:f1:47:54:96:e0,-73,6,Lab. de Instrumentação biomédica
24/10/2025,7:48:50,44,IFPB-VISITANTE,84:f1:47:54:96:e2,-73,6,Lab. de Instrumentação biomédica
24/10/2025,7:48:50,44,Intelbras,18:0d:2c:7f:eb:ac,-74,11,Lab. de Instrumentação biomédica
24/10/2025,7:48:50,44,IFPB,84:f1:47:54:f9:80,-81,1,Lab. de Instrumentação biomédica
24/10/2025,7:48:50,44,IFPB-VISITANTE,84:f1:47:54:f9:82,-81,1,Lab. de Instrumentação biomédica
24/10/2025,7:48:50,44,EBF4EFFD-HE8D94zE_z1AOeK,44:d2:44:dd:32:40,-83,11,Lab. de Instrumentação biomédica
24/10/2025,7:48:50,44,IFPB-VISITANTE,24:36:da:2b:bc:02,-84,6,Lab. de Instrumentação biomédica
24/10/2025,7:48:50,44,IFPB,84:f1:47:54:6b:80,-85,1,Lab. de Instrumentação biomédica
24/10/2025,7:48:50,44,IFPB-VISITANTE,84:f1:47:54:6b:82,-85,1,Lab. de Instrumentação biomédica
24/10/2025,7:48:50,44,IFPB,24:36:da:2b:bc:00,-85,6,Lab. de Instrumentação biomédica
24/10/2025,7:48:50,44,NPEF/NEPA,50:c7:bf:ef:56:8a,-85,11,Lab. de Instrumentação biomédica
24/10/2025,7:48:50,44,IFPB,e4:4e:2d:85:4c:60,-86,1,Lab. de Instrumentação biomédica
24/10/2025,7:48:50,44,IFPB-VISITANTE,e4:4e:2d:85:4c:62,-88,1,Lab. de Instrumentação biomédica
24/10/2025,7:48:50,44,IFPB-Sala_Professor_14,48:51:cf:81:b0:9e,-88,2,Lab. de Instrumentação biomédica
24/10/2025,7:48:50,44,UA2-MiniLab,60:32:b1:2d:66:c3,-88,6,Lab. de Instrumentação biomédica
24/10/2025,7:48:50,44,IFPB,84:f1:47:54:8b:a0,-88,11,Lab. de Instrumentação biomédica
24/10/2025,7:48:50,44,IFPB-VISITANTE,84:f1:47:54:8b:a2,-88,11,Lab. de Instrumentação biomédica
24/10/2025,7:48:50,44,IFPB-Sala_Professor_14,24:fd:0d:57:19:26,-89,2,Lab. de Instrumentação biomédica
24/10/2025,7:48:50,44,NUNYA_Room_2.4GHz,cc:32:e5:0c:fc:2b,-89,4,Lab. de Instrumentação biomédica
24/10/2025,7:48:50,44,TP-Link_C3CB,d8:0d:17:3e:c3:cb,-91,3,Lab. de Instrumentação biomédica
24/10/2025,7:48:50,44,IFPB TCC,d8:5d:4c:86:7e:66,-92,1,Lab. de Instrumentação biomédica
24/10/2025,7:48:59,45,APTelefonia,58:10:8c:91:f3:aa,-59,1,Lab. de Instrumentação biomédica
24/10/2025,7:48:59,45,TP-Link_1324,7c:f1:7e:8d:13:22,-66,4,Lab. de Instrumentação biomédica
24/10/2025,7:48:59,45,Lab. de Sinais Digitais,18:d6:c7:f9:37:2f,-68,11,Lab. de Instrumentação biomédica
24/10/2025,7:48:59,45,GPDS,00:26:5a:66:55:ef,-71,6,Lab. de Instrumentação biomédica
24/10/2025,7:48:59,45,Asterisk Server,18:0d:2c:7f:f5:9c,-72,11,Lab. de Instrumentação biomédica
24/10/2025,7:48:59,45,Intelbras,18:0d:2c:7f:eb:ac,-72,11,Lab. de Instrumentação biomédica
24/10/2025,7:48:59,45,IFPB-VISITANTE,84:f1:47:54:96:e2,-75,6,Lab. de Instrumentação biomédica
24/10/2025,7:48:59,45,IFPB,84:f1:47:54:96:e0,-77,6,Lab. de Instrumentação biomédica
24/10/2025,7:48:59,45,UA2-MiniLab,60:32:b1:2d:66:c3,-78,6,Lab. de Instrumentação biomédica
24/10/2025,7:48:59,45,IFPB,e4:4e:2d:85:4c:60,-80,1,Lab. de Instrumentação biomédica
24/10/2025,7:48:59,45,IFPB-VISITANTE,e4:4e:2d:85:4c:62,-81,1,Lab. de Instrumentação biomédica
24/10/2025,7:48:59,45,IFPB,84:f1:47:54:8b:a0,-81,11,Lab. de Instrumentação biomédica
24/10/2025,7:48:59,45,IFPB-VISITANTE,84:f1:47:54:8b:a2,-81,11,Lab. de Instrumentação biomédica
24/10/2025,7:48:59,45,IFPB-VISITANTE,84:f1:47:54:6b:82,-82,1,Lab. de Instrumentação biomédica
24/10/2025,7:48:59,45,EBF4EFFD-HE8D94zE_z1AOeK,44:d2:44:dd:32:40,-83,11,Lab. de Instrumentação biomédica
24/10/2025,7:48:59,45,IFPB,84:f1:47:54:6b:80,-84,1,Lab. de Instrumentação biomédica
24/10/2025,7:48:59,45,IFPB-Sala_Professor_14,24:fd:0d:57:19:26,-84,2,Lab. de Instrumentação biomédica
24/10/2025,7:48:59,45,IFPB,24:36:da:2b:bc:00,-84,6,Lab. de Instrumentação biomédica
24/10/2025,7:48:59,45,IFPB-VISITANTE,24:36:da:2b:bc:02,-84,6,Lab. de Instrumentação biomédica
24/10/2025,7:48:59,45,IFPB,84:f1:47:54:f9:80,-88,1,Lab. de Instrumentação biomédica
24/10/2025,7:48:59,45,NUNYA_Room_2.4GHz,cc:32:e5:0c:fc:2b,-88,4,Lab. de Instrumentação biomédica
24/10/2025,7:48:59,45,NPEF/NEPA,50:c7:bf:ef:56:8a,-88,11,Lab. de Instrumentação biomédica
24/10/2025,7:48:59,45,IFPB-VISITANTE,84:f1:47:54:f9:82,-89,1,Lab. de Instrumentação biomédica
24/10/2025,7:48:59,45,IFPB-Sala_Professor_14,48:51:cf:81:b0:9e,-89,2,Lab. de Instrumentação biomédica
24/10/2025,7:48:59,45,TP-Link_C3CB,d8:0d:17:3e:c3:cb,-89,3,Lab. de Instrumentação biomédica
24/10/2025,7:48:59,45,LIMPEZA,54:e6:fc:cf:22:de,-91,6,Lab. de Instrumentação biomédica
24/10/2025,7:48:59,45,IFPB TCC,d8:5d:4c:86:7e:66,-94,1,Lab. de Instrumentação biomédica
24/10/2025,7:49:35,46,GPDS,00:26:5a:66:55:ef,-62,6,Auditório de Eng. Elétrica
24/10/2025,7:49:35,46,TP-Link_1324,7c:f1:7e:8d:13:22,-68,4,Auditório de Eng. Elétrica
24/10/2025,7:49:35,46,Lab. de Sinais Digitais,18:d6:c7:f9:37:2f,-68,11,Auditório de Eng. Elétrica
24/10/2025,7:49:35,46,IFPB-VISITANTE,84:f1:47:54:f9:82,-70,1,Auditório de Eng. Elétrica
24/10/2025,7:49:35,46,IFPB,84:f1:47:54:f9:80,-71,1,Auditório de Eng. Elétrica
24/10/2025,7:49:35,46,APTelefonia,58:10:8c:91:f3:aa,-74,1,Auditório de Eng. Elétrica
24/10/2025,7:49:35,46,IFPB,84:f1:47:54:8b:a0,-74,11,Auditório de Eng. Elétrica
24/10/2025,7:49:35,46,IFPB-VISITANTE,84:f1:47:54:8b:a2,-74,11,Auditório de Eng. Elétrica
24/10/2025,7:49:35,46,TP-Link_C3CB,d8:0d:17:3e:c3:cb,-75,3,Auditório de Eng. Elétrica
24/10/2025,7:49:35,46,Asterisk Server,18:0d:2c:7f:f5:9c,-76,11,Auditório de Eng. Elétrica
24/10/2025,7:49:35,46,NPEF/NEPA,50:c7:bf:ef:56:8a,-78,11,Auditório de Eng. Elétrica
24/10/2025,7:49:35,46,Intelbras,18:0d:2c:7f:eb:ac,-78,11,Auditório de Eng. Elétrica
24/10/2025,7:49:35,46,UA2-MiniLab,60:32:b1:2d:66:c3,-79,6,Auditório de Eng. Elétrica
24/10/2025,7:49:35,46,IFPB,84:f1:47:54:6b:80,-82,1,Auditório de Eng. Elétrica
24/10/2025,7:49:35,46,IFPB-VISITANTE,84:f1:47:54:6b:82,-83,1,Auditório de Eng. Elétrica
24/10/2025,7:49:35,46,IFPB-Sala_Professor_14,24:fd:0d:57:19:26,-85,2,Auditório de Eng. Elétrica
24/10/2025,7:49:35,46,IFPB,84:f1:47:54:96:e0,-85,6,Auditório de Eng. Elétrica
24/10/2025,7:49:35,46,IFPB-VISITANTE,84:f1:47:54:96:e2,-85,6,Auditório de Eng. Elétrica
24/10/2025,7:49:35,46,NUNYA_Room_2.4GHz,cc:32:e5:0c:fc:2b,-86,4,Auditório de Eng. Elétrica
24/10/2025,7:49:35,46,IFPB-VISITANTE,84:f1:47:54:eb:22,-87,6,Auditório de Eng. Elétrica
24/10/2025,7:49:35,46,IFPB-Sala_Professor_14,48:51:cf:81:b0:9e,-88,2,Auditório de Eng. Elétrica
24/10/2025,7:49:35,46,IFPB,84:f1:47:54:eb:20,-88,6,Auditório de Eng. Elétrica
24/10/2025,7:49:35,46,IFPB,e4:4e:2d:85:4c:60,-89,1,Auditório de Eng. Elétrica
24/10/2025,7:49:35,46,IFPB-VISITANTE,e4:4e:2d:85:4c:62,-91,1,Auditório de Eng. Elétrica
24/10/2025,7:49:35,46,EBF4EFFD-HE8D94zE_z1AOeK,44:d2:44:dd:32:40,-91,11,Auditório de Eng. Elétrica
24/10/2025,7:49:35,46,IFPB-VISITANTE,24:36:da:2b:5e:c2,-91,11,Auditório de Eng. Elétrica
24/10/2025,7:49:35,46,IFPB TCC,d8:5d:4c:86:7e:66,-92,1,Auditório de Eng. Elétrica
24/10/2025,7:49:35,46,moto g(7) play 8270,86:5d:e9:c5:47:8c,-92,1,Auditório de Eng. Elétrica
24/10/2025,7:49:35,46,IFPB-VISITANTE,84:f1:47:54:95:e2,-93,11,Auditório de Eng. Elétrica
24/10/2025,7:49:35,46,IFPB,84:f1:47:54:95:e0,-93,11,Auditório de Eng. Elétrica
24/10/2025,7:49:35,46,IFPB-Sala_13,e8:94:f6:b9:2f:46,-94,10,Auditório de Eng. Elétrica
24/10/2025,7:49:45,47,GPDS,00:26:5a:66:55:ef,-63,6,Auditório de Eng. Elétrica
24/10/2025,7:49:45,47,Lab. de Sinais Digitais,18:d6:c7:f9:37:2f,-67,11,Auditório de Eng. Elétrica
24/10/2025,7:49:45,47,IFPB,84:f1:47:54:f9:80,-70,1,Auditório de Eng. Elétrica
24/10/2025,7:49:45,47,IFPB-VISITANTE,84:f1:47:54:f9:82,-70,1,Auditório de Eng. Elétrica
24/10/2025,7:49:45,47,TP-Link_1324,7c:f1:7e:8d:13:22,-70,4,Auditório de Eng. Elétrica
24/10/2025,7:49:45,47,APTelefonia,58:10:8c:91:f3:aa,-75,1,Auditório de Eng. Elétrica
24/10/2025,7:49:45,47,Asterisk Server,18:0d:2c:7f:f5:9c,-75,11,Auditório de Eng. Elétrica
24/10/2025,7:49:45,47,IFPB-VISITANTE,84:f1:47:54:8b:a2,-75,11,Auditório de Eng. Elétrica
24/10/2025,7:49:45,47,TP-Link_C3CB,d8:0d:17:3e:c3:cb,-76,3,Auditório de Eng. Elétrica
24/10/2025,7:49:45,47,IFPB,84:f1:47:54:8b:a0,-76,11,Auditório de Eng. Elétrica
24/10/2025,7:49:45,47,UA2-MiniLab,60:32:b1:2d:66:c3,-78,6,Auditório de Eng. Elétrica
24/10/2025,7:49:45,47,Intelbras,18:0d:2c:7f:eb:ac,-79,11,Auditório de Eng. Elétrica
24/10/2025,7:49:45,47,NUNYA_Room_2.4GHz,cc:32:e5:0c:fc:2b,-81,4,Auditório de Eng. Elétrica
24/10/2025,7:49:45,47,NPEF/NEPA,50:c7:bf:ef:56:8a,-83,11,Auditório de Eng. Elétrica
24/10/2025,7:49:45,47,IFPB-Sala_Professor_14,24:fd:0d:57:19:26,-84,2,Auditório de Eng. Elétrica
24/10/2025,7:49:45,47,IFPB,84:f1:47:54:96:e0,-84,6,Auditório de Eng. Elétrica
24/10/2025,7:49:45,47,IFPB-VISITANTE,84:f1:47:54:96:e2,-84,6,Auditório de Eng. Elétrica
24/10/2025,7:49:45,47,IFPB,84:f1:47:54:6b:80,-86,1,Auditório de Eng. Elétrica
24/10/2025,7:49:45,47,IFPB-VISITANTE,84:f1:47:54:6b:82,-87,1,Auditório de Eng. Elétrica
24/10/2025,7:49:45,47,IFPB-Sala_Professor_14,48:51:cf:81:b0:9e,-87,2,Auditório de Eng. Elétrica
24/10/2025,7:49:45,47,IFPB,84:f1:47:54:eb:20,-88,6,Auditório de Eng. Elétrica
24/10/2025,7:49:45,47,IFPB-VISITANTE,84:f1:47:54:eb:22,-88,6,Auditório de Eng. Elétrica
24/10/2025,7:49:45,47,EBF4EFFD-HE8D94zE_z1AOeK,44:d2:44:dd:32:40,-89,11,Auditório de Eng. Elétrica
24/10/2025,7:49:45,47,IFPB,e4:4e:2d:85:4c:60,-90,1,Auditório de Eng. Elétrica
24/10/2025,7:49:45,47,IFPB-VISITANTE,24:36:da:2b:5e:c2,-90,11,Auditório de Eng. Elétrica
24/10/2025,7:49:45,47,IFPB,24:36:da:2b:5e:c0,-90,11,Auditório de Eng. Elétrica
24/10/2025,7:49:45,47,IFPB-VISITANTE,84:f1:47:54:95:e2,-91,11,Auditório de Eng. Elétrica
24/10/2025,7:49:45,47,IFPB-VISITANTE,e4:4e:2d:85:4c:62,-92,1,Auditório de Eng. Elétrica
24/10/2025,7:49:45,47,moto g(7) play 8270,86:5d:e9:c5:47:8c,-92,1,Auditório de Eng. Elétrica
24/10/2025,7:49:45,47,IFPB-Sala_13,e8:94:f6:b9:2f:46,-92,10,Auditório de Eng. Elétrica
24/10/2025,7:49:45,47,Lula Livre,da:38:d4:2e:cb:c6,-93,1,Auditório de Eng. Elétrica
24/10/2025,7:49:45,47,IFPB TCC,d8:5d:4c:86:7e:66,-94,1,Auditório de Eng. Elétrica
24/10/2025,7:49:54,48,GPDS,00:26:5a:66:55:ef,-62,6,Auditório de Eng. Elétrica
24/10/2025,7:49:54,48,TP-Link_1324,7c:f1:7e:8d:13:22,-66,4,Auditório de Eng. Elétrica
24/10/2025,7:49:54,48,Lab. de Sinais Digitais,18:d6:c7:f9:37:2f,-66,11,Auditório de Eng. Elétrica
24/10/2025,7:49:54,48,IFPB-VISITANTE,84:f1:47:54:f9:82,-69,1,Auditório de Eng. Elétrica
24/10/2025,7:49:54,48,IFPB,84:f1:47:54:f9:80,-69,1,Auditório de Eng. Elétrica
24/10/2025,7:49:54,48,Asterisk Server,18:0d:2c:7f:f5:9c,-73,11,Auditório de Eng. Elétrica
24/10/2025,7:49:54,48,APTelefonia,58:10:8c:91:f3:aa,-74,1,Auditório de Eng. Elétrica
24/10/2025,7:49:54,48,IFPB,84:f1:47:54:8b:a0,-75,11,Auditório de Eng. Elétrica
24/10/2025,7:49:54,48,IFPB-VISITANTE,84:f1:47:54:8b:a2,-75,11,Auditório de Eng. Elétrica
24/10/2025,7:49:54,48,TP-Link_C3CB,d8:0d:17:3e:c3:cb,-76,3,Auditório de Eng. Elétrica
24/10/2025,7:49:54,48,NPEF/NEPA,50:c7:bf:ef:56:8a,-77,11,Auditório de Eng. Elétrica
24/10/2025,7:49:54,48,Intelbras,18:0d:2c:7f:eb:ac,-79,11,Auditório de Eng. Elétrica
24/10/2025,7:49:54,48,UA2-MiniLab,60:32:b1:2d:66:c3,-81,6,Auditório de Eng. Elétrica
24/10/2025,7:49:54,48,NUNYA_Room_2.4GHz,cc:32:e5:0c:fc:2b,-83,4,Auditório de Eng. Elétrica
24/10/2025,7:49:54,48,IFPB-Sala_Professor_14,24:fd:0d:57:19:26,-84,2,Auditório de Eng. Elétrica
24/10/2025,7:49:54,48,IFPB,84:f1:47:54:eb:20,-85,6,Auditório de Eng. Elétrica
24/10/2025,7:49:54,48,IFPB-VISITANTE,84:f1:47:54:eb:22,-85,6,Auditório de Eng. Elétrica
24/10/2025,7:49:54,48,IFPB,84:f1:47:54:6b:80,-86,1,Auditório de Eng. Elétrica
24/10/2025,7:49:54,48,IFPB-VISITANTE,84:f1:47:54:6b:82,-87,1,Auditório de Eng. Elétrica
24/10/2025,7:49:54,48,IFPB-VISITANTE,84:f1:47:54:96:e2,-87,6,Auditório de Eng. Elétrica
24/10/2025,7:49:54,48,IFPB,84:f1:47:54:96:e0,-87,6,Auditório de Eng. Elétrica
24/10/2025,7:49:54,48,IFPB,e4:4e:2d:85:4c:60,-88,1,Auditório de Eng. Elétrica
24/10/2025,7:49:54,48,IFPB-VISITANTE,e4:4e:2d:85:4c:62,-88,1,Auditório de Eng. Elétrica
24/10/2025,7:49:54,48,IFPB-Sala_Professor_14,48:51:cf:81:b0:9e,-88,2,Auditório de Eng. Elétrica
24/10/2025,7:49:54,48,EBF4EFFD-HE8D94zE_z1AOeK,44:d2:44:dd:32:40,-90,11,Auditório de Eng. Elétrica
24/10/2025,7:49:54,48,IFPB,24:36:da:2b:5e:c0,-90,11,Auditório de Eng. Elétrica
24/10/2025,7:49:54,48,moto g(7) play 8270,86:5d:e9:c5:47:8c,-91,1,Auditório de Eng. Elétrica
24/10/2025,7:49:54,48,IFPB TCC,d8:5d:4c:86:7e:66,-93,1,Auditório de Eng. Elétrica
24/10/2025,7:49:54,48,Lula Livre,da:38:d4:2e:cb:c6,-95,1,Auditório de Eng. Elétrica
24/10/2025,7:49:54,48,IFPB-Sala_13,e8:94:f6:b9:2f:46,-95,10,Auditório de Eng. Elétrica
24/10/2025,7:50:03,49,GPDS,00:26:5a:66:55:ef,-61,6,Auditório de Eng. Elétrica
24/10/2025,7:50:03,49,Lab. de Sinais Digitais,18:d6:c7:f9:37:2f,-65,11,Auditório de Eng. Elétrica
24/10/2025,7:50:03,49,TP-Link_1324,7c:f1:7e:8d:13:22,-67,4,Auditório de Eng. Elétrica
24/10/2025,7:50:03,49,IFPB,84:f1:47:54:f9:80,-70,1,Auditório de Eng. Elétrica
24/10/2025,7:50:03,49,IFPB-VISITANTE,84:f1:47:54:f9:82,-71,1,Auditório de Eng. Elétrica
24/10/2025,7:50:03,49,APTelefonia,58:10:8c:91:f3:aa,-71,1,Auditório de Eng. Elétrica
24/10/2025,7:50:03,49,Asterisk Server,18:0d:2c:7f:f5:9c,-72,11,Auditório de Eng. Elétrica
24/10/2025,7:50:03,49,TP-Link_C3CB,d8:0d:17:3e:c3:cb,-73,3,Auditório de Eng. Elétrica
24/10/2025,7:50:03,49,IFPB,84:f1:47:54:8b:a0,-74,11,Auditório de Eng. Elétrica
24/10/2025,7:50:03,49,IFPB-VISITANTE,84:f1:47:54:8b:a2,-74,11,Auditório de Eng. Elétrica
24/10/2025,7:50:03,49,Intelbras,18:0d:2c:7f:eb:ac,-76,11,Auditório de Eng. Elétrica
24/10/2025,7:50:03,49,NUNYA_Room_2.4GHz,cc:32:e5:0c:fc:2b,-80,4,Auditório de Eng. Elétrica
24/10/2025,7:50:03,49,UA2-MiniLab,60:32:b1:2d:66:c3,-80,6,Auditório de Eng. Elétrica
24/10/2025,7:50:03,49,IFPB,84:f1:47:54:6b:80,-82,1,Auditório de Eng. Elétrica
24/10/2025,7:50:03,49,IFPB-VISITANTE,84:f1:47:54:6b:82,-83,1,Auditório de Eng. Elétrica
24/10/2025,7:50:03,49,NPEF/NEPA,50:c7:bf:ef:56:8a,-83,11,Auditório de Eng. Elétrica
24/10/2025,7:50:03,49,IFPB-Sala_Professor_14,48:51:cf:81:b0:9e,-85,2,Auditório de Eng. Elétrica
24/10/2025,7:50:03,49,IFPB,84:f1:47:54:eb:20,-85,6,Auditório de Eng. Elétrica
24/10/2025,7:50:03,49,IFPB-VISITANTE,84:f1:47:54:eb:22,-86,6,Auditório de Eng. Elétrica
24/10/2025,7:50:03,49,IFPB,84:f1:47:54:96:e0,-86,6,Auditório de Eng. Elétrica
24/10/2025,7:50:03,49,IFPB-VISITANTE,84:f1:47:54:96:e2,-86,6,Auditório de Eng. Elétrica
24/10/2025,7:50:03,49,IFPB,e4:4e:2d:85:4c:60,-87,1,Auditório de Eng. Elétrica
24/10/2025,7:50:03,49,IFPB-VISITANTE,e4:4e:2d:85:4c:62,-87,1,Auditório de Eng. Elétrica
24/10/2025,7:50:03,49,IFPB-Sala_Professor_14,24:fd:0d:57:19:26,-87,2,Auditório de Eng. Elétrica
24/10/2025,7:50:03,49,EBF4EFFD-HE8D94zE_z1AOeK,44:d2:44:dd:32:40,-87,11,Auditório de Eng. Elétrica
24/10/2025,7:50:03,49,IFPB,24:36:da:2b:5e:c0,-89,11,Auditório de Eng. Elétrica
24/10/2025,7:50:03,49,IFPB-VISITANTE,24:36:da:2b:5e:c2,-90,11,Auditório de Eng. Elétrica
24/10/2025,7:50:03,49,moto g(7) play 8270,86:5d:e9:c5:47:8c,-91,1,Auditório de Eng. Elétrica
24/10/2025,7:50:03,49,Lula Livre,da:38:d4:2e:cb:c6,-93,1,Auditório de Eng. Elétrica
24/10/2025,7:50:03,49,IFPB TCC,d8:5d:4c:86:7e:66,-94,1,Auditório de Eng. Elétrica
24/10/2025,7:50:03,49,IFPB-Sala_13,e8:94:f6:b9:2f:46,-94,10,Auditório de Eng. Elétrica
24/10/2025,7:50:12,50,GPDS,00:26:5a:66:55:ef,-60,6,Auditório de Eng. Elétrica
24/10/2025,7:50:12,50,TP-Link_1324,7c:f1:7e:8d:13:22,-66,4,Auditório de Eng. Elétrica
24/10/2025,7:50:12,50,Lab. de Sinais Digitais,18:d6:c7:f9:37:2f,-68,11,Auditório de Eng. Elétrica
24/10/2025,7:50:12,50,IFPB,84:f1:47:54:f9:80,-69,1,Auditório de Eng. Elétrica
24/10/2025,7:50:12,50,IFPB-VISITANTE,84:f1:47:54:f9:82,-69,1,Auditório de Eng. Elétrica
24/10/2025,7:50:12,50,IFPB-VISITANTE,84:f1:47:54:8b:a2,-73,11,Auditório de Eng. Elétrica
24/10/2025,7:50:12,50,IFPB,84:f1:47:54:8b:a0,-73,11,Auditório de Eng. Elétrica
24/10/2025,7:50:12,50,TP-Link_C3CB,d8:0d:17:3e:c3:cb,-74,3,Auditório de Eng. Elétrica
24/10/2025,7:50:12,50,UA2-MiniLab,60:32:b1:2d:66:c3,-75,6,Auditório de Eng. Elétrica
24/10/2025,7:50:12,50,APTelefonia,58:10:8c:91:f3:aa,-76,1,Auditório de Eng. Elétrica
24/10/2025,7:50:12,50,Intelbras,18:0d:2c:7f:eb:ac,-76,11,Auditório de Eng. Elétrica
24/10/2025,7:50:12,50,Asterisk Server,18:0d:2c:7f:f5:9c,-76,11,Auditório de Eng. Elétrica
24/10/2025,7:50:12,50,NPEF/NEPA,50:c7:bf:ef:56:8a,-80,11,Auditório de Eng. Elétrica
24/10/2025,7:50:12,50,NUNYA_Room_2.4GHz,cc:32:e5:0c:fc:2b,-82,4,Auditório de Eng. Elétrica
24/10/2025,7:50:12,50,IFPB-Sala_Professor_14,24:fd:0d:57:19:26,-83,2,Auditório de Eng. Elétrica
24/10/2025,7:50:12,50,IFPB,84:f1:47:54:6b:80,-85,1,Auditório de Eng. Elétrica
24/10/2025,7:50:12,50,IFPB-VISITANTE,84:f1:47:54:6b:82,-85,1,Auditório de Eng. Elétrica
24/10/2025,7:50:12,50,IFPB-Sala_Professor_14,48:51:cf:81:b0:9e,-85,2,Auditório de Eng. Elétrica
24/10/2025,7:50:12,50,IFPB,84:f1:47:54:96:e0,-85,6,Auditório de Eng. Elétrica
24/10/2025,7:50:12,50,IFPB-VISITANTE,84:f1:47:54:96:e2,-85,6,Auditório de Eng. Elétrica
24/10/2025,7:50:12,50,IFPB,e4:4e:2d:85:4c:60,-86,1,Auditório de Eng. Elétrica
24/10/2025,7:50:12,50,IFPB,84:f1:47:54:eb:20,-86,6,Auditório de Eng. Elétrica
24/10/2025,7:50:12,50,IFPB-VISITANTE,84:f1:47:54:eb:22,-86,6,Auditório de Eng. Elétrica
24/10/2025,7:50:12,50,IFPB-VISITANTE,e4:4e:2d:85:4c:62,-87,1,Auditório de Eng. Elétrica
24/10/2025,7:50:12,50,EBF4EFFD-HE8D94zE_z1AOeK,44:d2:44:dd:32:40,-88,11,Auditório de Eng. Elétrica
24/10/2025,7:50:12,50,IFPB TCC,d8:5d:4c:86:7e:66,-91,1,Auditório de Eng. Elétrica
24/10/2025,7:50:12,50,moto g(7) play 8270,86:5d:e9:c5:47:8c,-92,1,Auditório de Eng. Elétrica
24/10/2025,7:50:12,50,Lula Livre,da:38:d4:2e:cb:c6,-94,1,Auditório de Eng. Elétrica
24/10/2025,7:52:16,51,APTelefonia,58:10:8c:91:f3:aa,-57,1,Coordenação de pós em Eng. Elétrica
24/10/2025,7:52:16,51,Asterisk Server,18:0d:2c:7f:f5:9c,-58,11,Coordenação de pós em Eng. Elétrica
24/10/2025,7:52:16,51,Intelbras,18:0d:2c:7f:eb:ac,-61,11,Coordenação de pós em Eng. Elétrica
24/10/2025,7:52:16,51,TP-Link_1324,7c:f1:7e:8d:13:22,-67,4,Coordenação de pós em Eng. Elétrica
24/10/2025,7:52:16,51,Lab. de Sinais Digitais,18:d6:c7:f9:37:2f,-75,11,Coordenação de pós em Eng. Elétrica
24/10/2025,7:52:16,51,IFPB-VISITANTE,e4:4e:2d:85:4c:62,-76,1,Coordenação de pós em Eng. Elétrica
24/10/2025,7:52:16,51,IFPB,e4:4e:2d:85:4c:60,-77,1,Coordenação de pós em Eng. Elétrica
24/10/2025,7:52:16,51,IFPB TCC,d8:5d:4c:86:7e:66,-78,1,Coordenação de pós em Eng. Elétrica
24/10/2025,7:52:16,51,IFPB-Sala_Professor_14,24:fd:0d:57:19:26,-79,2,Coordenação de pós em Eng. Elétrica
24/10/2025,7:52:16,51,IFPB,84:f1:47:54:eb:20,-80,6,Coordenação de pós em Eng. Elétrica
24/10/2025,7:52:16,51,IFPB-VISITANTE,84:f1:47:54:eb:22,-82,6,Coordenação de pós em Eng. Elétrica
24/10/2025,7:52:16,51,IFPB-VISITANTE,24:36:da:2b:bc:02,-83,6,Coordenação de pós em Eng. Elétrica
24/10/2025,7:52:16,51,IFPB,24:36:da:2b:bc:00,-83,6,Coordenação de pós em Eng. Elétrica
24/10/2025,7:52:16,51,IFPB-Sala_Professor_14,48:51:cf:81:b0:9e,-88,2,Coordenação de pós em Eng. Elétrica
24/10/2025,7:52:16,51,GPDS,00:26:5a:66:55:ef,-88,6,Coordenação de pós em Eng. Elétrica
24/10/2025,7:52:16,51,EBF4EFFD-HE8D94zE_z1AOeK,44:d2:44:dd:32:40,-88,11,Coordenação de pós em Eng. Elétrica
24/10/2025,7:52:16,51,UA2-MiniLab,60:32:b1:2d:66:c3,-89,6,Coordenação de pós em Eng. Elétrica
24/10/2025,7:52:16,51,NPEF/NEPA,50:c7:bf:ef:56:8a,-90,11,Coordenação de pós em Eng. Elétrica
24/10/2025,7:52:16,51,Lab Redes Convergentes,64:70:02:99:fe:f4,-92,6,Coordenação de pós em Eng. Elétrica
24/10/2025,7:52:25,52,Asterisk Server,18:0d:2c:7f:f5:9c,-56,11,Coordenação de pós em Eng. Elétrica
24/10/2025,7:52:25,52,APTelefonia,58:10:8c:91:f3:aa,-59,1,Coordenação de pós em Eng. Elétrica
24/10/2025,7:52:25,52,Intelbras,18:0d:2c:7f:eb:ac,-61,11,Coordenação de pós em Eng. Elétrica
24/10/2025,7:52:25,52,TP-Link_1324,7c:f1:7e:8d:13:22,-62,4,Coordenação de pós em Eng. Elétrica
24/10/2025,7:52:25,52,IFPB-VISITANTE,e4:4e:2d:85:4c:62,-74,1,Coordenação de pós em Eng. Elétrica
24/10/2025,7:52:25,52,Lab. de Sinais Digitais,18:d6:c7:f9:37:2f,-74,11,Coordenação de pós em Eng. Elétrica
24/10/2025,7:52:25,52,IFPB,e4:4e:2d:85:4c:60,-75,1,Coordenação de pós em Eng. Elétrica
24/10/2025,7:52:25,52,IFPB TCC,d8:5d:4c:86:7e:66,-77,1,Coordenação de pós em Eng. Elétrica
24/10/2025,7:52:25,52,IFPB-Sala_Professor_14,24:fd:0d:57:19:26,-81,2,Coordenação de pós em Eng. Elétrica
24/10/2025,7:52:25,52,IFPB,84:f1:47:54:eb:20,-83,6,Coordenação de pós em Eng. Elétrica
24/10/2025,7:52:25,52,IFPB-VISITANTE,84:f1:47:54:eb:22,-83,6,Coordenação de pós em Eng. Elétrica
24/10/2025,7:52:25,52,IFPB,24:36:da:2b:bc:00,-84,6,Coordenação de pós em Eng. Elétrica
24/10/2025,7:52:25,52,IFPB-VISITANTE,24:36:da:2b:bc:02,-84,6,Coordenação de pós em Eng. Elétrica
24/10/2025,7:52:25,52,UA2-MiniLab,60:32:b1:2d:66:c3,-86,6,Coordenação de pós em Eng. Elétrica
24/10/2025,7:52:25,52,EBF4EFFD-HE8D94zE_z1AOeK,44:d2:44:dd:32:40,-86,11,Coordenação de pós em Eng. Elétrica
24/10/2025,7:52:25,52,Lab Redes Convergentes,64:70:02:99:fe:f4,-89,6,Coordenação de pós em Eng. Elétrica
24/10/2025,7:52:25,52,NPEF/NEPA,50:c7:bf:ef:56:8a,-89,11,Coordenação de pós em Eng. Elétrica
24/10/2025,7:52:25,52,IFPB-Sala_Professor_14,48:51:cf:81:b0:9e,-90,2,Coordenação de pós em Eng. Elétrica
24/10/2025,7:52:25,52,GPDS,00:26:5a:66:55:ef,-90,6,Coordenação de pós em Eng. Elétrica
24/10/2025,7:52:35,53,Asterisk Server,18:0d:2c:7f:f5:9c,-58,11,Coordenação de pós em Eng. Elétrica
24/10/2025,7:52:35,53,APTelefonia,58:10:8c:91:f3:aa,-61,1,Coordenação de pós em Eng. Elétrica
24/10/2025,7:52:35,53,TP-Link_1324,7c:f1:7e:8d:13:22,-61,4,Coordenação de pós em Eng. Elétrica
24/10/2025,7:52:35,53,Intelbras,18:0d:2c:7f:eb:ac,-61,11,Coordenação de pós em Eng. Elétrica
24/10/2025,7:52:35,53,IFPB,e4:4e:2d:85:4c:60,-74,1,Coordenação de pós em Eng. Elétrica
24/10/2025,7:52:35,53,IFPB-VISITANTE,e4:4e:2d:85:4c:62,-74,1,Coordenação de pós em Eng. Elétrica
24/10/2025,7:52:35,53,Lab. de Sinais Digitais,18:d6:c7:f9:37:2f,-74,11,Coordenação de pós em Eng. Elétrica
24/10/2025,7:52:35,53,IFPB TCC,d8:5d:4c:86:7e:66,-78,1,Coordenação de pós em Eng. Elétrica
24/10/2025,7:52:35,53,IFPB-Sala_Professor_14,24:fd:0d:57:19:26,-80,2,Coordenação de pós em Eng. Elétrica
24/10/2025,7:52:35,53,IFPB-VISITANTE,24:36:da:2b:bc:02,-82,6,Coordenação de pós em Eng. Elétrica
24/10/2025,7:52:35,53,IFPB-VISITANTE,84:f1:47:54:eb:22,-82,6,Coordenação de pós em Eng. Elétrica
24/10/2025,7:52:35,53,IFPB,24:36:da:2b:bc:00,-82,6,Coordenação de pós em Eng. Elétrica
24/10/2025,7:52:35,53,IFPB,84:f1:47:54:eb:20,-83,6,Coordenação de pós em Eng. Elétrica
24/10/2025,7:52:35,53,GPDS,00:26:5a:66:55:ef,-84,6,Coordenação de pós em Eng. Elétrica
24/10/2025,7:52:35,53,EBF4EFFD-HE8D94zE_z1AOeK,44:d2:44:dd:32:40,-87,11,Coordenação de pós em Eng. Elétrica
24/10/2025,7:52:35,53,IFPB-Sala_Professor_14,48:51:cf:81:b0:9e,-88,2,Coordenação de pós em Eng. Elétrica
24/10/2025,7:52:35,53,UA2-MiniLab,60:32:b1:2d:66:c3,-89,6,Coordenação de pós em Eng. Elétrica
24/10/2025,7:52:35,53,NPEF/NEPA,50:c7:bf:ef:56:8a,-90,11,Coordenação de pós em Eng. Elétrica
24/10/2025,7:52:35,53,NUNYA_Room_2.4GHz,cc:32:e5:0c:fc:2b,-93,4,Coordenação de pós em Eng. Elétrica
24/10/2025,7:52:35,53,Lab Redes Convergentes,64:70:02:99:fe:f4,-93,6,Coordenação de pós em Eng. Elétrica
24/10/2025,7:52:44,54,APTelefonia,58:10:8c:91:f3:aa,-59,1,Coordenação de pós em Eng. Elétrica
24/10/2025,7:52:44,54,Asterisk Server,18:0d:2c:7f:f5:9c,-60,11,Coordenação de pós em Eng. Elétrica
24/10/2025,7:52:44,54,Intelbras,18:0d:2c:7f:eb:ac,-61,11,Coordenação de pós em Eng. Elétrica
24/10/2025,7:52:44,54,TP-Link_1324,7c:f1:7e:8d:13:22,-63,4,Coordenação de pós em Eng. Elétrica
24/10/2025,7:52:44,54,IFPB,e4:4e:2d:85:4c:60,-73,1,Coordenação de pós em Eng. Elétrica
24/10/2025,7:52:44,54,Lab. de Sinais Digitais,18:d6:c7:f9:37:2f,-73,11,Coordenação de pós em Eng. Elétrica
24/10/2025,7:52:44,54,IFPB-VISITANTE,e4:4e:2d:85:4c:62,-74,1,Coordenação de pós em Eng. Elétrica
24/10/2025,7:52:44,54,IFPB TCC,d8:5d:4c:86:7e:66,-80,1,Coordenação de pós em Eng. Elétrica
24/10/2025,7:52:44,54,IFPB,84:f1:47:54:eb:20,-82,6,Coordenação de pós em Eng. Elétrica
24/10/2025,7:52:44,54,IFPB-VISITANTE,84:f1:47:54:eb:22,-82,6,Coordenação de pós em Eng. Elétrica
24/10/2025,7:52:44,54,IFPB,24:36:da:2b:bc:00,-83,6,Coordenação de pós em Eng. Elétrica
24/10/2025,7:52:44,54,IFPB-VISITANTE,24:36:da:2b:bc:02,-83,6,Coordenação de pós em Eng. Elétrica
24/10/2025,7:52:44,54,GPDS,00:26:5a:66:55:ef,-84,6,Coordenação de pós em Eng. Elétrica
24/10/2025,7:52:44,54,IFPB-Sala_Professor_14,24:fd:0d:57:19:26,-85,2,Coordenação de pós em Eng. Elétrica
24/10/2025,7:52:44,54,EBF4EFFD-HE8D94zE_z1AOeK,44:d2:44:dd:32:40,-86,11,Coordenação de pós em Eng. Elétrica
24/10/2025,7:52:44,54,UA2-MiniLab,60:32:b1:2d:66:c3,-88,6,Coordenação de pós em Eng. Elétrica
24/10/2025,7:52:44,54,Lab Redes Convergentes,64:70:02:99:fe:f4,-91,6,Coordenação de pós em Eng. Elétrica
24/10/2025,7:52:44,54,IFPB-Sala_Professor_14,48:51:cf:81:b0:9e,-92,2,Coordenação de pós em Eng. Elétrica
24/10/2025,7:52:44,54,NPEF/NEPA,50:c7:bf:ef:56:8a,-93,11,Coordenação de pós em Eng. Elétrica
24/10/2025,7:52:53,55,APTelefonia,58:10:8c:91:f3:aa,-56,1,Coordenação de pós em Eng. Elétrica
24/10/2025,7:52:53,55,Asterisk Server,18:0d:2c:7f:f5:9c,-60,11,Coordenação de pós em Eng. Elétrica
24/10/2025,7:52:53,55,TP-Link_1324,7c:f1:7e:8d:13:22,-61,4,Coordenação de pós em Eng. Elétrica
24/10/2025,7:52:53,55,Intelbras,18:0d:2c:7f:eb:ac,-61,11,Coordenação de pós em Eng. Elétrica
24/10/2025,7:52:53,55,Lab. de Sinais Digitais,18:d6:c7:f9:37:2f,-73,11,Coordenação de pós em Eng. Elétrica
24/10/2025,7:52:53,55,IFPB,e4:4e:2d:85:4c:60,-74,1,Coordenação de pós em Eng. Elétrica
24/10/2025,7:52:53,55,IFPB-VISITANTE,e4:4e:2d:85:4c:62,-74,1,Coordenação de pós em Eng. Elétrica
24/10/2025,7:52:53,55,IFPB-Sala_Professor_14,24:fd:0d:57:19:26,-77,2,Coordenação de pós em Eng. Elétrica
24/10/2025,7:52:53,55,IFPB TCC,d8:5d:4c:86:7e:66,-82,1,Coordenação de pós em Eng. Elétrica
24/10/2025,7:52:53,55,IFPB,84:f1:47:54:eb:20,-83,6,Coordenação de pós em Eng. Elétrica
24/10/2025,7:52:53,55,IFPB-VISITANTE,84:f1:47:54:eb:22,-83,6,Coordenação de pós em Eng. Elétrica
24/10/2025,7:52:53,55,IFPB-VISITANTE,24:36:da:2b:bc:02,-84,6,Coordenação de pós em Eng. Elétrica
24/10/2025,7:52:53,55,IFPB,24:36:da:2b:bc:00,-84,6,Coordenação de pós em Eng. Elétrica
24/10/2025,7:52:53,55,GPDS,00:26:5a:66:55:ef,-87,6,Coordenação de pós em Eng. Elétrica
24/10/2025,7:52:53,55,EBF4EFFD-HE8D94zE_z1AOeK,44:d2:44:dd:32:40,-87,11,Coordenação de pós em Eng. Elétrica
24/10/2025,7:52:53,55,IFPB-Sala_Professor_14,48:51:cf:81:b0:9e,-89,2,Coordenação de pós em Eng. Elétrica
24/10/2025,7:52:53,55,Lab Redes Convergentes,64:70:02:99:fe:f4,-89,6,Coordenação de pós em Eng. Elétrica
24/10/2025,7:52:53,55,UA2-MiniLab,60:32:b1:2d:66:c3,-89,6,Coordenação de pós em Eng. Elétrica
24/10/2025,7:52:53,55,NUNYA_Room_2.4GHz,cc:32:e5:0c:fc:2b,-92,4,Coordenação de pós em Eng. Elétrica
24/10/2025,7:52:53,55,NPEF/NEPA,50:c7:bf:ef:56:8a,-92,11,Coordenação de pós em Eng. Elétrica
24/10/2025,7:53:29,56,APTelefonia,58:10:8c:91:f3:aa,-43,1,Lab. de redes convergentes
24/10/2025,7:53:29,56,Asterisk Server,18:0d:2c:7f:f5:9c,-50,11,Lab. de redes convergentes
24/10/2025,7:53:29,56,Intelbras,18:0d:2c:7f:eb:ac,-51,11,Lab. de redes convergentes
24/10/2025,7:53:29,56,IFPB-VISITANTE,e4:4e:2d:85:4c:62,-58,1,Lab. de redes convergentes
24/10/2025,7:53:29,56,IFPB,e4:4e:2d:85:4c:60,-58,1,Lab. de redes convergentes
24/10/2025,7:53:29,56,Lab. de Sinais Digitais,18:d6:c7:f9:37:2f,-68,11,Lab. de redes convergentes
24/10/2025,7:53:29,56,IFPB TCC,d8:5d:4c:86:7e:66,-71,1,Lab. de redes convergentes
24/10/2025,7:53:29,56,TP-Link_1324,7c:f1:7e:8d:13:22,-72,4,Lab. de redes convergentes
24/10/2025,7:53:29,56,IFPB-Sala_Professor_14,24:fd:0d:57:19:26,-73,2,Lab. de redes convergentes
24/10/2025,7:53:29,56,EBF4EFFD-HE8D94zE_z1AOeK,44:d2:44:dd:32:40,-77,11,Lab. de redes convergentes
24/10/2025,7:53:29,56,IFPB,24:36:da:2b:bc:00,-79,6,Lab. de redes convergentes
24/10/2025,7:53:29,56,IFPB-VISITANTE,24:36:da:2b:bc:02,-80,6,Lab. de redes convergentes
24/10/2025,7:53:29,56,GPDS,00:26:5a:66:55:ef,-82,6,Lab. de redes convergentes
24/10/2025,7:53:29,56,NPEF/NEPA,50:c7:bf:ef:56:8a,-84,11,Lab. de redes convergentes
24/10/2025,7:53:29,56,UA2-MiniLab,60:32:b1:2d:66:c3,-87,6,Lab. de redes convergentes
24/10/2025,7:53:29,56,IFPB-Sala_Professor_14,48:51:cf:81:b0:9e,-88,2,Lab. de redes convergentes
24/10/2025,7:53:29,56,IFPB,84:f1:47:54:96:e0,-88,6,Lab. de redes convergentes
24/10/2025,7:53:29,56,IFPB-VISITANTE,84:f1:47:54:96:e2,-89,6,Lab. de redes convergentes
24/10/2025,7:53:29,56,IFPB,84:f1:47:54:eb:20,-89,6,Lab. de redes convergentes
24/10/2025,7:53:29,56,IFPB-Sala_13,e8:94:f6:b9:2f:46,-90,10,Lab. de redes convergentes
24/10/2025,7:53:29,56,IFPB-VISITANTE,84:f1:47:54:eb:22,-92,6,Lab. de redes convergentes
24/10/2025,7:53:29,56,NUNYA_Room_2.4GHz,cc:32:e5:0c:fc:2b,-95,4,Lab. de redes convergentes
24/10/2025,7:53:29,56,brisa-1555114,1c:3b:f3:3c:b3:1a,-95,8,Lab. de redes convergentes
24/10/2025,7:53:38,57,APTelefonia,58:10:8c:91:f3:aa,-45,1,Lab. de redes convergentes
24/10/2025,7:53:38,57,Asterisk Server,18:0d:2c:7f:f5:9c,-49,11,Lab. de redes convergentes
24/10/2025,7:53:38,57,Intelbras,18:0d:2c:7f:eb:ac,-53,11,Lab. de redes convergentes
24/10/2025,7:53:38,57,IFPB-VISITANTE,e4:4e:2d:85:4c:62,-62,1,Lab. de redes convergentes
24/10/2025,7:53:38,57,IFPB,e4:4e:2d:85:4c:60,-62,1,Lab. de redes convergentes
24/10/2025,7:53:38,57,TP-Link_1324,7c:f1:7e:8d:13:22,-67,4,Lab. de redes convergentes
24/10/2025,7:53:38,57,IFPB TCC,d8:5d:4c:86:7e:66,-68,1,Lab. de redes convergentes
24/10/2025,7:53:38,57,Lab. de Sinais Digitais,18:d6:c7:f9:37:2f,-68,11,Lab. de redes convergentes
24/10/2025,7:53:38,57,IFPB,24:36:da:2b:bc:00,-79,6,Lab. de redes convergentes
24/10/2025,7:53:38,57,IFPB-VISITANTE,24:36:da:2b:bc:02,-79,6,Lab. de redes convergentes
24/10/2025,7:53:38,57,IFPB-Sala_Professor_14,24:fd:0d:57:19:26,-80,2,Lab. de redes convergentes
24/10/2025,7:53:38,57,GPDS,00:26:5a:66:55:ef,-80,6,Lab. de redes convergentes
24/10/2025,7:53:38,57,EBF4EFFD-HE8D94zE_z1AOeK,44:d2:44:dd:32:40,-80,11,Lab. de redes convergentes
24/10/2025,7:53:38,57,IFPB,84:f1:47:54:96:e0,-82,6,Lab. de redes convergentes
24/10/2025,7:53:38,57,IFPB-VISITANTE,84:f1:47:54:96:e2,-82,6,Lab. de redes convergentes
24/10/2025,7:53:38,57,UA2-MiniLab,60:32:b1:2d:66:c3,-83,6,Lab. de redes convergentes
24/10/2025,7:53:38,57,NPEF/NEPA,50:c7:bf:ef:56:8a,-86,11,Lab. de redes convergentes
24/10/2025,7:53:38,57,IFPB-Sala_Professor_14,48:51:cf:81:b0:9e,-87,2,Lab. de redes convergentes
24/10/2025,7:53:38,57,IFPB-Sala_13,e8:94:f6:b9:2f:46,-90,10,Lab. de redes convergentes
24/10/2025,7:53:38,57,TP-Link_C3CB,d8:0d:17:3e:c3:cb,-91,3,Lab. de redes convergentes
24/10/2025,7:53:48,58,APTelefonia,58:10:8c:91:f3:aa,-42,1,Lab. de redes convergentes
24/10/2025,7:53:48,58,Asterisk Server,18:0d:2c:7f:f5:9c,-50,11,Lab. de redes convergentes
24/10/2025,7:53:48,58,Intelbras,18:0d:2c:7f:eb:ac,-50,11,Lab. de redes convergentes
24/10/2025,7:53:48,58,IFPB,e4:4e:2d:85:4c:60,-62,1,Lab. de redes convergentes
24/10/2025,7:53:48,58,IFPB-VISITANTE,e4:4e:2d:85:4c:62,-62,1,Lab. de redes convergentes
24/10/2025,7:53:48,58,TP-Link_1324,7c:f1:7e:8d:13:22,-64,4,Lab. de redes convergentes
24/10/2025,7:53:48,58,Lab. de Sinais Digitais,18:d6:c7:f9:37:2f,-68,11,Lab. de redes convergentes
24/10/2025,7:53:48,58,IFPB TCC,d8:5d:4c:86:7e:66,-69,1,Lab. de redes convergentes
24/10/2025,7:53:48,58,IFPB-Sala_Professor_14,24:fd:0d:57:19:26,-78,2,Lab. de redes convergentes
24/10/2025,7:53:48,58,EBF4EFFD-HE8D94zE_z1AOeK,44:d2:44:dd:32:40,-78,11,Lab. de redes convergentes
24/10/2025,7:53:48,58,GPDS,00:26:5a:66:55:ef,-79,6,Lab. de redes convergentes
24/10/2025,7:53:48,58,IFPB,24:36:da:2b:bc:00,-80,6,Lab. de redes convergentes
24/10/2025,7:53:48,58,IFPB-VISITANTE,24:36:da:2b:bc:02,-81,6,Lab. de redes convergentes
24/10/2025,7:53:48,58,IFPB-VISITANTE,84:f1:47:54:96:e2,-81,6,Lab. de redes convergentes
24/10/2025,7:53:48,58,IFPB,84:f1:47:54:96:e0,-82,6,Lab. de redes convergentes
24/10/2025,7:53:48,58,UA2-MiniLab,60:32:b1:2d:66:c3,-83,6,Lab. de redes convergentes
24/10/2025,7:53:48,58,IFPB-Sala_Professor_14,48:51:cf:81:b0:9e,-85,2,Lab. de redes convergentes
24/10/2025,7:53:48,58,NPEF/NEPA,50:c7:bf:ef:56:8a,-86,11,Lab. de redes convergentes
24/10/2025,7:53:48,58,IFPB-Sala_13,e8:94:f6:b9:2f:46,-90,10,Lab. de redes convergentes
24/10/2025,7:53:48,58,TP-Link_C3CB,d8:0d:17:3e:c3:cb,-93,3,Lab. de redes convergentes
24/10/2025,7:53:48,58,NUNYA_Room_2.4GHz,cc:32:e5:0c:fc:2b,-95,4,Lab. de redes convergentes
24/10/2025,7:53:57,59,APTelefonia,58:10:8c:91:f3:aa,-47,1,Lab. de redes convergentes
24/10/2025,7:53:57,59,Asterisk Server,18:0d:2c:7f:f5:9c,-50,11,Lab. de redes convergentes
24/10/2025,7:53:57,59,Intelbras,18:0d:2c:7f:eb:ac,-50,11,Lab. de redes convergentes
24/10/2025,7:53:57,59,TP-Link_1324,7c:f1:7e:8d:13:22,-61,4,Lab. de redes convergentes
24/10/2025,7:53:57,59,IFPB-VISITANTE,e4:4e:2d:85:4c:62,-62,1,Lab. de redes convergentes
24/10/2025,7:53:57,59,IFPB,e4:4e:2d:85:4c:60,-62,1,Lab. de redes convergentes
24/10/2025,7:53:57,59,Lab. de Sinais Digitais,18:d6:c7:f9:37:2f,-68,11,Lab. de redes convergentes
24/10/2025,7:53:57,59,IFPB TCC,d8:5d:4c:86:7e:66,-69,1,Lab. de redes convergentes
24/10/2025,7:53:57,59,IFPB-Sala_Professor_14,24:fd:0d:57:19:26,-78,2,Lab. de redes convergentes
24/10/2025,7:53:57,59,EBF4EFFD-HE8D94zE_z1AOeK,44:d2:44:dd:32:40,-78,11,Lab. de redes convergentes
24/10/2025,7:53:57,59,GPDS,00:26:5a:66:55:ef,-81,6,Lab. de redes convergentes
24/10/2025,7:53:57,59,IFPB,24:36:da:2b:bc:00,-81,6,Lab. de redes convergentes
24/10/2025,7:53:57,59,IFPB-VISITANTE,24:36:da:2b:bc:02,-82,6,Lab. de redes convergentes
24/10/2025,7:53:57,59,UA2-MiniLab,60:32:b1:2d:66:c3,-83,6,Lab. de redes convergentes
24/10/2025,7:53:57,59,IFPB-Sala_Professor_14,48:51:cf:81:b0:9e,-85,2,Lab. de redes convergentes
24/10/2025,7:53:57,59,IFPB-VISITANTE,84:f1:47:54:96:e2,-85,6,Lab. de redes convergentes
24/10/2025,7:53:57,59,IFPB,84:f1:47:54:96:e0,-86,6,Lab. de redes convergentes
24/10/2025,7:53:57,59,NPEF/NEPA,50:c7:bf:ef:56:8a,-89,11,Lab. de redes convergentes
24/10/2025,7:53:57,59,IFPB-Sala_13,e8:94:f6:b9:2f:46,-90,10,Lab. de redes convergentes
24/10/2025,7:53:57,59,IFPB,84:f1:47:54:eb:20,-91,6,Lab. de redes convergentes
24/10/2025,7:53:57,59,TP-Link_C3CB,d8:0d:17:3e:c3:cb,-92,3,Lab. de redes convergentes
24/10/2025,7:53:57,59,NUNYA_Room_2.4GHz,cc:32:e5:0c:fc:2b,-95,4,Lab. de redes convergentes
24/10/2025,7:54:06,60,APTelefonia,58:10:8c:91:f3:aa,-43,1,Lab. de redes convergentes
24/10/2025,7:54:06,60,Asterisk Server,18:0d:2c:7f:f5:9c,-46,11,Lab. de redes convergentes
24/10/2025,7:54:06,60,Intelbras,18:0d:2c:7f:eb:ac,-50,11,Lab. de redes convergentes
24/10/2025,7:54:06,60,IFPB,e4:4e:2d:85:4c:60,-61,1,Lab. de redes convergentes
24/10/2025,7:54:06,60,IFPB-VISITANTE,e4:4e:2d:85:4c:62,-61,1,Lab. de redes convergentes
24/10/2025,7:54:06,60,TP-Link_1324,7c:f1:7e:8d:13:22,-66,4,Lab. de redes convergentes
24/10/2025,7:54:06,60,Lab. de Sinais Digitais,18:d6:c7:f9:37:2f,-67,11,Lab. de redes convergentes
24/10/2025,7:54:06,60,IFPB TCC,d8:5d:4c:86:7e:66,-69,1,Lab. de redes convergentes
24/10/2025,7:54:06,60,IFPB-Sala_Professor_14,24:fd:0d:57:19:26,-75,2,Lab. de redes convergentes
24/10/2025,7:54:06,60,GPDS,00:26:5a:66:55:ef,-76,6,Lab. de redes convergentes
24/10/2025,7:54:06,60,EBF4EFFD-HE8D94zE_z1AOeK,44:d2:44:dd:32:40,-78,11,Lab. de redes convergentes
24/10/2025,7:54:06,60,IFPB-Sala_Professor_14,48:51:cf:81:b0:9e,-84,2,Lab. de redes convergentes
24/10/2025,7:54:06,60,IFPB,84:f1:47:54:96:e0,-85,6,Lab. de redes convergentes
24/10/2025,7:54:06,60,IFPB-VISITANTE,84:f1:47:54:96:e2,-85,6,Lab. de redes convergentes
24/10/2025,7:54:06,60,UA2-MiniLab,60:32:b1:2d:66:c3,-87,6,Lab. de redes convergentes
24/10/2025,7:54:06,60,IFPB-VISITANTE,24:36:da:2b:bc:02,-87,6,Lab. de redes convergentes
24/10/2025,7:54:06,60,IFPB,24:36:da:2b:bc:00,-88,6,Lab. de redes convergentes
24/10/2025,7:54:06,60,IFPB,84:f1:47:54:eb:20,-89,6,Lab. de redes convergentes
24/10/2025,7:54:06,60,IFPB-Sala_13,e8:94:f6:b9:2f:46,-90,10,Lab. de redes convergentes
24/10/2025,7:54:06,60,NPEF/NEPA,50:c7:bf:ef:56:8a,-90,11,Lab. de redes convergentes
24/10/2025,7:54:06,60,TP-Link_C3CB,d8:0d:17:3e:c3:cb,-93,3,Lab. de redes convergentes
24/10/2025,7:54:06,60,brisa-1555114,1c:3b:f3:3c:b3:1a,-94,8,Lab. de redes convergentes
24/10/2025,7:54:06,60,NUNYA_Room_2.4GHz,cc:32:e5:0c:fc:2b,-96,4,Lab. de redes convergentes
24/10/2025,7:54:39,61,APTelefonia,58:10:8c:91:f3:aa,-45,1,Lab. de fibras ópticas
24/10/2025,7:54:39,61,Asterisk Server,18:0d:2c:7f:f5:9c,-50,11,Lab. de fibras ópticas
24/10/2025,7:54:39,61,Lab. de Sinais Digitais,18:d6:c7:f9:37:2f,-63,11,Lab. de fibras ópticas
24/10/2025,7:54:39,61,TP-Link_1324,7c:f1:7e:8d:13:22,-66,4,Lab. de fibras ópticas
24/10/2025,7:54:39,61,Intelbras,18:0d:2c:7f:eb:ac,-66,11,Lab. de fibras ópticas
24/10/2025,7:54:39,61,IFPB,e4:4e:2d:85:4c:60,-67,1,Lab. de fibras ópticas
24/10/2025,7:54:39,61,IFPB-VISITANTE,e4:4e:2d:85:4c:62,-67,1,Lab. de fibras ópticas
24/10/2025,7:54:39,61,GPDS,00:26:5a:66:55:ef,-72,6,Lab. de fibras ópticas
24/10/2025,7:54:39,61,IFPB-Sala_Professor_14,24:fd:0d:57:19:26,-74,2,Lab. de fibras ópticas
24/10/2025,7:54:39,61,UA2-MiniLab,60:32:b1:2d:66:c3,-76,6,Lab. de fibras ópticas
24/10/2025,7:54:39,61,EBF4EFFD-HE8D94zE_z1AOeK,44:d2:44:dd:32:40,-78,11,Lab. de fibras ópticas
24/10/2025,7:54:39,61,IFPB,84:f1:47:54:eb:20,-81,6,Lab. de fibras ópticas
24/10/2025,7:54:39,61,IFPB-VISITANTE,84:f1:47:54:eb:22,-81,6,Lab. de fibras ópticas
24/10/2025,7:54:39,61,IFPB-Sala_13,e8:94:f6:b9:2f:46,-84,10,Lab. de fibras ópticas
24/10/2025,7:54:39,61,IFPB,84:f1:47:54:96:e0,-85,6,Lab. de fibras ópticas
24/10/2025,7:54:39,61,IFPB-Sala_Professor_14,48:51:cf:81:b0:9e,-86,2,Lab. de fibras ópticas
24/10/2025,7:54:39,61,IFPB-VISITANTE,84:f1:47:54:96:e2,-86,6,Lab. de fibras ópticas
24/10/2025,7:54:39,61,IFPB-VISITANTE,24:36:da:2b:bc:02,-87,6,Lab. de fibras ópticas
24/10/2025,7:54:39,61,IFPB,24:36:da:2b:bc:00,-87,6,Lab. de fibras ópticas
24/10/2025,7:54:39,61,NUNYA_Room_2.4GHz,cc:32:e5:0c:fc:2b,-89,4,Lab. de fibras ópticas
24/10/2025,7:54:39,61,NPEF/NEPA,50:c7:bf:ef:56:8a,-89,11,Lab. de fibras ópticas
24/10/2025,7:54:39,61,IFPB TCC,d8:5d:4c:86:7e:66,-91,1,Lab. de fibras ópticas
24/10/2025,7:54:39,61,TP-Link_C3CB,d8:0d:17:3e:c3:cb,-92,3,Lab. de fibras ópticas
24/10/2025,7:54:48,62,APTelefonia,58:10:8c:91:f3:aa,-39,1,Lab. de fibras ópticas
24/10/2025,7:54:48,62,Asterisk Server,18:0d:2c:7f:f5:9c,-49,11,Lab. de fibras ópticas
24/10/2025,7:54:48,62,Lab. de Sinais Digitais,18:d6:c7:f9:37:2f,-64,11,Lab. de fibras ópticas
24/10/2025,7:54:48,62,Intelbras,18:0d:2c:7f:eb:ac,-69,11,Lab. de fibras ópticas
24/10/2025,7:54:48,62,IFPB,e4:4e:2d:85:4c:60,-71,1,Lab. de fibras ópticas
24/10/2025,7:54:48,62,IFPB-VISITANTE,e4:4e:2d:85:4c:62,-71,1,Lab. de fibras ópticas
24/10/2025,7:54:48,62,TP-Link_1324,7c:f1:7e:8d:13:22,-74,4,Lab. de fibras ópticas
24/10/2025,7:54:48,62,EBF4EFFD-HE8D94zE_z1AOeK,44:d2:44:dd:32:40,-75,11,Lab. de fibras ópticas
24/10/2025,7:54:48,62,IFPB-Sala_Professor_14,24:fd:0d:57:19:26,-77,2,Lab. de fibras ópticas
24/10/2025,7:54:48,62,GPDS,00:26:5a:66:55:ef,-78,6,Lab. de fibras ópticas
24/10/2025,7:54:48,62,UA2-MiniLab,60:32:b1:2d:66:c3,-80,6,Lab. de fibras ópticas
24/10/2025,7:54:48,62,IFPB,84:f1:47:54:eb:20,-83,6,Lab. de fibras ópticas
24/10/2025,7:54:48,62,IFPB-VISITANTE,84:f1:47:54:eb:22,-83,6,Lab. de fibras ópticas
24/10/2025,7:54:48,62,IFPB-VISITANTE,24:36:da:2b:bc:02,-83,6,Lab. de fibras ópticas
24/10/2025,7:54:48,62,IFPB,24:36:da:2b:bc:00,-84,6,Lab. de fibras ópticas
24/10/2025,7:54:48,62,NPEF/NEPA,50:c7:bf:ef:56:8a,-84,11,Lab. de fibras ópticas
24/10/2025,7:54:48,62,IFPB-Sala_13,e8:94:f6:b9:2f:46,-86,10,Lab. de fibras ópticas
24/10/2025,7:54:48,62,IFPB,84:f1:47:54:96:e0,-87,6,Lab. de fibras ópticas
24/10/2025,7:54:48,62,IFPB-VISITANTE,84:f1:47:54:96:e2,-88,6,Lab. de fibras ópticas
24/10/2025,7:54:48,62,IFPB TCC,d8:5d:4c:86:7e:66,-89,1,Lab. de fibras ópticas
24/10/2025,7:54:48,62,NUNYA_Room_2.4GHz,cc:32:e5:0c:fc:2b,-90,4,Lab. de fibras ópticas
24/10/2025,7:54:48,62,IFPB-Sala_Professor_14,48:51:cf:81:b0:9e,-92,2,Lab. de fibras ópticas
24/10/2025,7:54:48,62,TP-Link_C3CB,d8:0d:17:3e:c3:cb,-93,3,Lab. de fibras ópticas
24/10/2025,7:54:57,63,APTelefonia,58:10:8c:91:f3:aa,-40,1,Lab. de fibras ópticas
24/10/2025,7:54:57,63,Asterisk Server,18:0d:2c:7f:f5:9c,-48,11,Lab. de fibras ópticas
24/10/2025,7:54:57,63,IFPB,e4:4e:2d:85:4c:60,-65,1,Lab. de fibras ópticas
24/10/2025,7:54:57,63,IFPB-VISITANTE,e4:4e:2d:85:4c:62,-66,1,Lab. de fibras ópticas
24/10/2025,7:54:57,63,Intelbras,18:0d:2c:7f:eb:ac,-67,11,Lab. de fibras ópticas
24/10/2025,7:54:57,63,Lab. de Sinais Digitais,18:d6:c7:f9:37:2f,-69,11,Lab. de fibras ópticas
24/10/2025,7:54:57,63,TP-Link_1324,7c:f1:7e:8d:13:22,-70,4,Lab. de fibras ópticas
24/10/2025,7:54:57,63,GPDS,00:26:5a:66:55:ef,-72,6,Lab. de fibras ópticas
24/10/2025,7:54:57,63,UA2-MiniLab,60:32:b1:2d:66:c3,-76,6,Lab. de fibras ópticas
24/10/2025,7:54:57,63,IFPB-Sala_Professor_14,24:fd:0d:57:19:26,-78,2,Lab. de fibras ópticas
24/10/2025,7:54:57,63,EBF4EFFD-HE8D94zE_z1AOeK,44:d2:44:dd:32:40,-78,11,Lab. de fibras ópticas
24/10/2025,7:54:57,63,IFPB-Sala_Professor_14,48:51:cf:81:b0:9e,-80,2,Lab. de fibras ópticas
24/10/2025,7:54:57,63,IFPB-VISITANTE,24:36:da:2b:bc:02,-80,6,Lab. de fibras ópticas
24/10/2025,7:54:57,63,IFPB,24:36:da:2b:bc:00,-80,6,Lab. de fibras ópticas
24/10/2025,7:54:57,63,IFPB,84:f1:47:54:eb:20,-82,6,Lab. de fibras ópticas
24/10/2025,7:54:57,63,IFPB-VISITANTE,84:f1:47:54:eb:22,-82,6,Lab. de fibras ópticas
24/10/2025,7:54:57,63,IFPB-VISITANTE,84:f1:47:54:96:e2,-83,6,Lab. de fibras ópticas
24/10/2025,7:54:57,63,IFPB,84:f1:47:54:96:e0,-84,6,Lab. de fibras ópticas
24/10/2025,7:54:57,63,NPEF/NEPA,50:c7:bf:ef:56:8a,-85,11,Lab. de fibras ópticas
24/10/2025,7:54:57,63,IFPB TCC,d8:5d:4c:86:7e:66,-86,1,Lab. de fibras ópticas
24/10/2025,7:54:57,63,IFPB-Sala_13,e8:94:f6:b9:2f:46,-88,10,Lab. de fibras ópticas
24/10/2025,7:54:57,63,NUNYA_Room_2.4GHz,cc:32:e5:0c:fc:2b,-91,4,Lab. de fibras ópticas
24/10/2025,7:54:57,63,TP-Link_C3CB,d8:0d:17:3e:c3:cb,-93,3,Lab. de fibras ópticas
24/10/2025,7:54:57,63,IFPB,84:f1:47:54:8b:a0,-93,11,Lab. de fibras ópticas
24/10/2025,7:55:06,64,APTelefonia,58:10:8c:91:f3:aa,-41,1,Lab. de fibras ópticas
24/10/2025,7:55:06,64,Asterisk Server,18:0d:2c:7f:f5:9c,-47,11,Lab. de fibras ópticas
24/10/2025,7:55:06,64,Intelbras,18:0d:2c:7f:eb:ac,-56,11,Lab. de fibras ópticas
24/10/2025,7:55:06,64,IFPB,e4:4e:2d:85:4c:60,-66,1,Lab. de fibras ópticas
24/10/2025,7:55:06,64,IFPB-VISITANTE,e4:4e:2d:85:4c:62,-66,1,Lab. de fibras ópticas
24/10/2025,7:55:06,64,Lab. de Sinais Digitais,18:d6:c7:f9:37:2f,-67,11,Lab. de fibras ópticas
24/10/2025,7:55:06,64,TP-Link_1324,7c:f1:7e:8d:13:22,-70,4,Lab. de fibras ópticas
24/10/2025,7:55:06,64,UA2-MiniLab,60:32:b1:2d:66:c3,-75,6,Lab. de fibras ópticas
24/10/2025,7:55:06,64,IFPB-Sala_Professor_14,24:fd:0d:57:19:26,-76,2,Lab. de fibras ópticas
24/10/2025,7:55:06,64,GPDS,00:26:5a:66:55:ef,-81,6,Lab. de fibras ópticas
24/10/2025,7:55:06,64,IFPB,24:36:da:2b:bc:00,-81,6,Lab. de fibras ópticas
24/10/2025,7:55:06,64,IFPB-VISITANTE,24:36:da:2b:bc:02,-81,6,Lab. de fibras ópticas
24/10/2025,7:55:06,64,EBF4EFFD-HE8D94zE_z1AOeK,44:d2:44:dd:32:40,-81,11,Lab. de fibras ópticas
24/10/2025,7:55:06,64,IFPB,84:f1:47:54:96:e0,-83,6,Lab. de fibras ópticas
24/10/2025,7:55:06,64,IFPB-VISITANTE,84:f1:47:54:96:e2,-83,6,Lab. de fibras ópticas
24/10/2025,7:55:06,64,IFPB-Sala_Professor_14,48:51:cf:81:b0:9e,-85,2,Lab. de fibras ópticas
24/10/2025,7:55:06,64,IFPB,84:f1:47:54:eb:20,-85,6,Lab. de fibras ópticas
24/10/2025,7:55:06,64,IFPB-VISITANTE,84:f1:47:54:eb:22,-85,6,Lab. de fibras ópticas
24/10/2025,7:55:06,64,NPEF/NEPA,50:c7:bf:ef:56:8a,-87,11,Lab. de fibras ópticas
24/10/2025,7:55:07,64,IFPB TCC,d8:5d:4c:86:7e:66,-88,1,Lab. de fibras ópticas
24/10/2025,7:55:07,64,IFPB-Sala_13,e8:94:f6:b9:2f:46,-88,10,Lab. de fibras ópticas
24/10/2025,7:55:07,64,NUNYA_Room_2.4GHz,cc:32:e5:0c:fc:2b,-89,4,Lab. de fibras ópticas
24/10/2025,7:55:07,64,IFPB,84:f1:47:54:8b:a0,-90,11,Lab. de fibras ópticas
24/10/2025,7:55:07,64,IFPB-VISITANTE,84:f1:47:54:8b:a2,-90,11,Lab. de fibras ópticas
24/10/2025,7:55:07,64,TP-Link_C3CB,d8:0d:17:3e:c3:cb,-91,3,Lab. de fibras ópticas
24/10/2025,7:55:16,65,APTelefonia,58:10:8c:91:f3:aa,-40,1,Lab. de fibras ópticas
24/10/2025,7:55:16,65,Asterisk Server,18:0d:2c:7f:f5:9c,-48,11,Lab. de fibras ópticas
24/10/2025,7:55:16,65,Intelbras,18:0d:2c:7f:eb:ac,-63,11,Lab. de fibras ópticas
24/10/2025,7:55:16,65,IFPB,e4:4e:2d:85:4c:60,-66,1,Lab. de fibras ópticas
24/10/2025,7:55:16,65,IFPB-VISITANTE,e4:4e:2d:85:4c:62,-67,1,Lab. de fibras ópticas
24/10/2025,7:55:16,65,Lab. de Sinais Digitais,18:d6:c7:f9:37:2f,-67,11,Lab. de fibras ópticas
24/10/2025,7:55:16,65,IFPB-Sala_Professor_14,24:fd:0d:57:19:26,-68,2,Lab. de fibras ópticas
24/10/2025,7:55:16,65,TP-Link_1324,7c:f1:7e:8d:13:22,-70,4,Lab. de fibras ópticas
24/10/2025,7:55:16,65,UA2-MiniLab,60:32:b1:2d:66:c3,-78,6,Lab. de fibras ópticas
24/10/2025,7:55:16,65,EBF4EFFD-HE8D94zE_z1AOeK,44:d2:44:dd:32:40,-79,11,Lab. de fibras ópticas
24/10/2025,7:55:16,65,GPDS,00:26:5a:66:55:ef,-81,6,Lab. de fibras ópticas
24/10/2025,7:55:16,65,IFPB-VISITANTE,24:36:da:2b:bc:02,-83,6,Lab. de fibras ópticas
24/10/2025,7:55:16,65,IFPB,24:36:da:2b:bc:00,-83,6,Lab. de fibras ópticas
24/10/2025,7:55:16,65,IFPB,84:f1:47:54:96:e0,-85,6,Lab. de fibras ópticas
24/10/2025,7:55:16,65,IFPB-VISITANTE,84:f1:47:54:96:e2,-85,6,Lab. de fibras ópticas
24/10/2025,7:55:16,65,IFPB TCC,d8:5d:4c:86:7e:66,-86,1,Lab. de fibras ópticas
24/10/2025,7:55:16,65,IFPB,84:f1:47:54:eb:20,-86,6,Lab. de fibras ópticas
24/10/2025,7:55:16,65,IFPB-Sala_Professor_14,48:51:cf:81:b0:9e,-87,2,Lab. de fibras ópticas
24/10/2025,7:55:16,65,IFPB-Sala_13,e8:94:f6:b9:2f:46,-87,10,Lab. de fibras ópticas
24/10/2025,7:55:16,65,IFPB-VISITANTE,84:f1:47:54:eb:22,-88,6,Lab. de fibras ópticas
24/10/2025,7:55:16,65,NPEF/NEPA,50:c7:bf:ef:56:8a,-88,11,Lab. de fibras ópticas
24/10/2025,7:55:16,65,IFPB-VISITANTE,84:f1:47:54:6b:82,-89,1,Lab. de fibras ópticas
24/10/2025,7:55:16,65,NUNYA_Room_2.4GHz,cc:32:e5:0c:fc:2b,-90,4,Lab. de fibras ópticas
24/10/2025,7:55:16,65,IFPB,84:f1:47:54:6b:80,-91,1,Lab. de fibras ópticas
24/10/2025,7:55:16,65,TP-Link_C3CB,d8:0d:17:3e:c3:cb,-97,3,Lab. de fibras ópticas
24/10/2025,8:13:36,66,Lab. de Sinais Digitais,18:d6:c7:f9:37:2f,-40,11,Pesquisa em Eng. Elétrica
24/10/2025,8:13:36,66,GPDS,00:26:5a:66:55:ef,-49,6,Pesquisa em Eng. Elétrica
24/10/2025,8:13:36,66,APTelefonia,58:10:8c:91:f3:aa,-56,1,Pesquisa em Eng. Elétrica
24/10/2025,8:13:36,66,Intelbras,18:0d:2c:7f:eb:ac,-66,11,Pesquisa em Eng. Elétrica
24/10/2025,8:13:36,66,EBF4EFFD-HE8D94zE_z1AOeK,44:d2:44:dd:32:40,-73,11,Pesquisa em Eng. Elétrica
24/10/2025,8:13:36,66,NPEF/NEPA,50:c7:bf:ef:56:8a,-74,11,Pesquisa em Eng. Elétrica
24/10/2025,8:13:36,66,Asterisk Server,18:0d:2c:7f:f5:9c,-74,11,Pesquisa em Eng. Elétrica
24/10/2025,8:13:36,66,TP-Link_1324,7c:f1:7e:8d:13:22,-77,4,Pesquisa em Eng. Elétrica
24/10/2025,8:13:36,66,UA2-MiniLab,60:32:b1:2d:66:c3,-79,6,Pesquisa em Eng. Elétrica
24/10/2025,8:13:36,66,IFPB,84:f1:47:54:eb:20,-82,6,Pesquisa em Eng. Elétrica
24/10/2025,8:13:36,66,IFPB-VISITANTE,84:f1:47:54:eb:22,-83,6,Pesquisa em Eng. Elétrica
24/10/2025,8:13:36,66,IFPB-Sala_Professor_14,24:fd:0d:57:19:26,-84,2,Pesquisa em Eng. Elétrica
24/10/2025,8:13:36,66,IFPB TCC,d8:5d:4c:86:7e:66,-85,1,Pesquisa em Eng. Elétrica
24/10/2025,8:13:36,66,IFPB,e4:4e:2d:85:4c:60,-86,1,Pesquisa em Eng. Elétrica
24/10/2025,8:13:36,66,IFPB-VISITANTE,e4:4e:2d:85:4c:62,-86,1,Pesquisa em Eng. Elétrica
24/10/2025,8:13:36,66,IFPB-Sala_13,e8:94:f6:b9:2f:46,-86,10,Pesquisa em Eng. Elétrica
24/10/2025,8:13:36,66,NUNYA_Room_2.4GHz,cc:32:e5:0c:fc:2b,-87,4,Pesquisa em Eng. Elétrica
24/10/2025,8:13:36,66,IFPB-VISITANTE,84:f1:47:54:96:e2,-87,6,Pesquisa em Eng. Elétrica
24/10/2025,8:13:36,66,IFPB,84:f1:47:54:96:e0,-88,6,Pesquisa em Eng. Elétrica
24/10/2025,8:13:36,66,IFPB,84:f1:47:54:8b:a0,-89,11,Pesquisa em Eng. Elétrica
24/10/2025,8:13:36,66,IFPB-VISITANTE,84:f1:47:54:f9:82,-90,1,Pesquisa em Eng. Elétrica
24/10/2025,8:13:36,66,TP-Link_C3CB,d8:0d:17:3e:c3:cb,-90,3,Pesquisa em Eng. Elétrica
24/10/2025,8:13:36,66,IFPB-VISITANTE,84:f1:47:54:8b:a2,-90,11,Pesquisa em Eng. Elétrica
24/10/2025,8:13:36,66,brisa-1555114,1c:3b:f3:3c:b3:1a,-95,8,Pesquisa em Eng. Elétrica
24/10/2025,8:13:45,67,Lab. de Sinais Digitais,18:d6:c7:f9:37:2f,-42,11,Pesquisa em Eng. Elétrica
24/10/2025,8:13:45,67,GPDS,00:26:5a:66:55:ef,-50,6,Pesquisa em Eng. Elétrica
24/10/2025,8:13:45,67,APTelefonia,58:10:8c:91:f3:aa,-59,1,Pesquisa em Eng. Elétrica
24/10/2025,8:13:45,67,Intelbras,18:0d:2c:7f:eb:ac,-66,11,Pesquisa em Eng. Elétrica
24/10/2025,8:13:45,67,Asterisk Server,18:0d:2c:7f:f5:9c,-69,11,Pesquisa em Eng. Elétrica
24/10/2025,8:13:45,67,EBF4EFFD-HE8D94zE_z1AOeK,44:d2:44:dd:32:40,-71,11,Pesquisa em Eng. Elétrica
24/10/2025,8:13:45,67,TP-Link_1324,7c:f1:7e:8d:13:22,-73,4,Pesquisa em Eng. Elétrica
24/10/2025,8:13:45,67,UA2-MiniLab,60:32:b1:2d:66:c3,-73,6,Pesquisa em Eng. Elétrica
24/10/2025,8:13:45,67,NUNYA_Room_2.4GHz,cc:32:e5:0c:fc:2b,-78,4,Pesquisa em Eng. Elétrica
24/10/2025,8:13:45,67,NPEF/NEPA,50:c7:bf:ef:56:8a,-80,11,Pesquisa em Eng. Elétrica
24/10/2025,8:13:45,67,IFPB-VISITANTE,e4:4e:2d:85:4c:62,-81,1,Pesquisa em Eng. Elétrica
24/10/2025,8:13:45,67,IFPB,e4:4e:2d:85:4c:60,-82,1,Pesquisa em Eng. Elétrica
24/10/2025,8:13:45,67,IFPB,84:f1:47:54:eb:20,-82,6,Pesquisa em Eng. Elétrica
24/10/2025,8:13:45,67,IFPB-VISITANTE,84:f1:47:54:eb:22,-83,6,Pesquisa em Eng. Elétrica
24/10/2025,8:13:45,67,IFPB-VISITANTE,84:f1:47:54:96:e2,-85,6,Pesquisa em Eng. Elétrica
24/10/2025,8:13:45,67,IFPB,84:f1:47:54:f9:80,-86,1,Pesquisa em Eng. Elétrica
24/10/2025,8:13:45,67,IFPB TCC,d8:5d:4c:86:7e:66,-86,1,Pesquisa em Eng. Elétrica
24/10/2025,8:13:45,67,IFPB-Sala_Professor_14,24:fd:0d:57:19:26,-86,2,Pesquisa em Eng. Elétrica
24/10/2025,8:13:45,67,IFPB,84:f1:47:54:96:e0,-86,6,Pesquisa em Eng. Elétrica
24/10/2025,8:13:45,67,IFPB-VISITANTE,84:f1:47:54:f9:82,-87,1,Pesquisa em Eng. Elétrica
24/10/2025,8:13:45,67,IFPB,84:f1:47:54:8b:a0,-88,11,Pesquisa em Eng. Elétrica
24/10/2025,8:13:45,67,IFPB-VISITANTE,84:f1:47:54:8b:a2,-88,11,Pesquisa em Eng. Elétrica
24/10/2025,8:13:45,67,TP-Link_C3CB,d8:0d:17:3e:c3:cb,-89,3,Pesquisa em Eng. Elétrica
24/10/2025,8:13:45,67,IFPB-Sala_13,e8:94:f6:b9:2f:46,-89,10,Pesquisa em Eng. Elétrica
24/10/2025,8:13:55,68,Lab. de Sinais Digitais,18:d6:c7:f9:37:2f,-41,11,Pesquisa em Eng. Elétrica
24/10/2025,8:13:55,68,GPDS,00:26:5a:66:55:ef,-50,6,Pesquisa em Eng. Elétrica
24/10/2025,8:13:55,68,APTelefonia,58:10:8c:91:f3:aa,-59,1,Pesquisa em Eng. Elétrica
24/10/2025,8:13:55,68,Intelbras,18:0d:2c:7f:eb:ac,-67,11,Pesquisa em Eng. Elétrica
24/10/2025,8:13:55,68,Asterisk Server,18:0d:2c:7f:f5:9c,-71,11,Pesquisa em Eng. Elétrica
24/10/2025,8:13:55,68,UA2-MiniLab,60:32:b1:2d:66:c3,-73,6,Pesquisa em Eng. Elétrica
24/10/2025,8:13:55,68,EBF4EFFD-HE8D94zE_z1AOeK,44:d2:44:dd:32:40,-73,11,Pesquisa em Eng. Elétrica
24/10/2025,8:13:55,68,TP-Link_1324,7c:f1:7e:8d:13:22,-76,4,Pesquisa em Eng. Elétrica
24/10/2025,8:13:55,68,IFPB-Sala_Professor_14,24:fd:0d:57:19:26,-77,2,Pesquisa em Eng. Elétrica
24/10/2025,8:13:55,68,IFPB,e4:4e:2d:85:4c:60,-81,1,Pesquisa em Eng. Elétrica
24/10/2025,8:13:55,68,IFPB-VISITANTE,e4:4e:2d:85:4c:62,-81,1,Pesquisa em Eng. Elétrica
24/10/2025,8:13:55,68,IFPB,84:f1:47:54:eb:20,-81,6,Pesquisa em Eng. Elétrica
24/10/2025,8:13:55,68,IFPB-VISITANTE,84:f1:47:54:eb:22,-82,6,Pesquisa em Eng. Elétrica
24/10/2025,8:13:55,68,IFPB TCC,d8:5d:4c:86:7e:66,-85,1,Pesquisa em Eng. Elétrica
24/10/2025,8:13:55,68,TP-Link_C3CB,d8:0d:17:3e:c3:cb,-86,3,Pesquisa em Eng. Elétrica
24/10/2025,8:13:55,68,IFPB-VISITANTE,84:f1:47:54:8b:a2,-86,11,Pesquisa em Eng. Elétrica
24/10/2025,8:13:55,68,IFPB,84:f1:47:54:f9:80,-87,1,Pesquisa em Eng. Elétrica
24/10/2025,8:13:55,68,IFPB-VISITANTE,84:f1:47:54:96:e2,-87,6,Pesquisa em Eng. Elétrica
24/10/2025,8:13:55,68,NPEF/NEPA,50:c7:bf:ef:56:8a,-87,11,Pesquisa em Eng. Elétrica
24/10/2025,8:13:55,68,NUNYA_Room_2.4GHz,cc:32:e5:0c:fc:2b,-88,4,Pesquisa em Eng. Elétrica
24/10/2025,8:13:55,68,IFPB-Sala_13,e8:94:f6:b9:2f:46,-89,10,Pesquisa em Eng. Elétrica
24/10/2025,8:13:55,68,IFPB,84:f1:47:54:8b:a0,-89,11,Pesquisa em Eng. Elétrica
24/10/2025,8:13:55,68,IFPB-VISITANTE,84:f1:47:54:f9:82,-91,1,Pesquisa em Eng. Elétrica
24/10/2025,8:13:55,68,Lula Livre,da:38:d4:2e:cb:c6,-92,1,Pesquisa em Eng. Elétrica
24/10/2025,8:14:04,69,Lab. de Sinais Digitais,18:d6:c7:f9:37:2f,-39,11,Pesquisa em Eng. Elétrica
24/10/2025,8:14:04,69,GPDS,00:26:5a:66:55:ef,-51,6,Pesquisa em Eng. Elétrica
24/10/2025,8:14:04,69,APTelefonia,58:10:8c:91:f3:aa,-57,1,Pesquisa em Eng. Elétrica
24/10/2025,8:14:04,69,Intelbras,18:0d:2c:7f:eb:ac,-68,11,Pesquisa em Eng. Elétrica
24/10/2025,8:14:04,69,Asterisk Server,18:0d:2c:7f:f5:9c,-69,11,Pesquisa em Eng. Elétrica
24/10/2025,8:14:04,69,EBF4EFFD-HE8D94zE_z1AOeK,44:d2:44:dd:32:40,-71,11,Pesquisa em Eng. Elétrica
24/10/2025,8:14:04,69,TP-Link_1324,7c:f1:7e:8d:13:22,-73,4,Pesquisa em Eng. Elétrica
24/10/2025,8:14:04,69,UA2-MiniLab,60:32:b1:2d:66:c3,-73,6,Pesquisa em Eng. Elétrica
24/10/2025,8:14:04,69,IFPB-Sala_Professor_14,24:fd:0d:57:19:26,-81,2,Pesquisa em Eng. Elétrica
24/10/2025,8:14:04,69,NUNYA_Room_2.4GHz,cc:32:e5:0c:fc:2b,-81,4,Pesquisa em Eng. Elétrica
24/10/2025,8:14:04,69,IFPB,84:f1:47:54:eb:20,-81,6,Pesquisa em Eng. Elétrica
24/10/2025,8:14:04,69,IFPB-VISITANTE,84:f1:47:54:eb:22,-81,6,Pesquisa em Eng. Elétrica
24/10/2025,8:14:04,69,IFPB-VISITANTE,e4:4e:2d:85:4c:62,-82,1,Pesquisa em Eng. Elétrica
24/10/2025,8:14:04,69,IFPB,e4:4e:2d:85:4c:60,-83,1,Pesquisa em Eng. Elétrica
24/10/2025,8:14:04,69,IFPB,84:f1:47:54:96:e0,-86,6,Pesquisa em Eng. Elétrica
24/10/2025,8:14:04,69,IFPB-VISITANTE,84:f1:47:54:f9:82,-87,1,Pesquisa em Eng. Elétrica
24/10/2025,8:14:04,69,IFPB-VISITANTE,84:f1:47:54:96:e2,-87,6,Pesquisa em Eng. Elétrica
24/10/2025,8:14:04,69,IFPB,84:f1:47:54:f9:80,-88,1,Pesquisa em Eng. Elétrica
24/10/2025,8:14:04,69,IFPB-VISITANTE,84:f1:47:54:8b:a2,-88,11,Pesquisa em Eng. Elétrica
24/10/2025,8:14:04,69,NPEF/NEPA,50:c7:bf:ef:56:8a,-88,11,Pesquisa em Eng. Elétrica
24/10/2025,8:14:04,69,IFPB TCC,d8:5d:4c:86:7e:66,-89,1,Pesquisa em Eng. Elétrica
24/10/2025,8:14:04,69,TP-Link_C3CB,d8:0d:17:3e:c3:cb,-89,3,Pesquisa em Eng. Elétrica
24/10/2025,8:14:04,69,IFPB-Sala_13,e8:94:f6:b9:2f:46,-89,10,Pesquisa em Eng. Elétrica
24/10/2025,8:14:04,69,IFPB,84:f1:47:54:8b:a0,-89,11,Pesquisa em Eng. Elétrica
24/10/2025,8:14:04,69,Lula Livre,da:38:d4:2e:cb:c6,-94,1,Pesquisa em Eng. Elétrica
24/10/2025,8:14:13,70,Lab. de Sinais Digitais,18:d6:c7:f9:37:2f,-41,11,Pesquisa em Eng. Elétrica
24/10/2025,8:14:13,70,GPDS,00:26:5a:66:55:ef,-51,6,Pesquisa em Eng. Elétrica
24/10/2025,8:14:13,70,APTelefonia,58:10:8c:91:f3:aa,-58,1,Pesquisa em Eng. Elétrica
24/10/2025,8:14:13,70,Asterisk Server,18:0d:2c:7f:f5:9c,-69,11,Pesquisa em Eng. Elétrica
24/10/2025,8:14:13,70,EBF4EFFD-HE8D94zE_z1AOeK,44:d2:44:dd:32:40,-70,11,Pesquisa em Eng. Elétrica
24/10/2025,8:14:13,70,Intelbras,18:0d:2c:7f:eb:ac,-70,11,Pesquisa em Eng. Elétrica
24/10/2025,8:14:13,70,TP-Link_1324,7c:f1:7e:8d:13:22,-74,4,Pesquisa em Eng. Elétrica
24/10/2025,8:14:13,70,UA2-MiniLab,60:32:b1:2d:66:c3,-74,6,Pesquisa em Eng. Elétrica
24/10/2025,8:14:13,70,IFPB-Sala_Professor_14,24:fd:0d:57:19:26,-78,2,Pesquisa em Eng. Elétrica
24/10/2025,8:14:13,70,IFPB-VISITANTE,84:f1:47:54:eb:22,-80,6,Pesquisa em Eng. Elétrica
24/10/2025,8:14:13,70,IFPB,84:f1:47:54:eb:20,-81,6,Pesquisa em Eng. Elétrica
24/10/2025,8:14:13,70,IFPB-VISITANTE,e4:4e:2d:85:4c:62,-83,1,Pesquisa em Eng. Elétrica
24/10/2025,8:14:13,70,IFPB,e4:4e:2d:85:4c:60,-84,1,Pesquisa em Eng. Elétrica
24/10/2025,8:14:13,70,IFPB-VISITANTE,84:f1:47:54:96:e2,-84,6,Pesquisa em Eng. Elétrica
24/10/2025,8:14:13,70,IFPB,84:f1:47:54:f9:80,-87,1,Pesquisa em Eng. Elétrica
24/10/2025,8:14:13,70,IFPB-VISITANTE,84:f1:47:54:f9:82,-87,1,Pesquisa em Eng. Elétrica
24/10/2025,8:14:13,70,NUNYA_Room_2.4GHz,cc:32:e5:0c:fc:2b,-87,4,Pesquisa em Eng. Elétrica
24/10/2025,8:14:13,70,IFPB,84:f1:47:54:96:e0,-87,6,Pesquisa em Eng. Elétrica
24/10/2025,8:14:13,70,TP-Link_C3CB,d8:0d:17:3e:c3:cb,-88,3,Pesquisa em Eng. Elétrica
24/10/2025,8:14:13,70,IFPB-VISITANTE,84:f1:47:54:8b:a2,-88,11,Pesquisa em Eng. Elétrica
24/10/2025,8:14:13,70,IFPB,84:f1:47:54:8b:a0,-88,11,Pesquisa em Eng. Elétrica
24/10/2025,8:14:13,70,NPEF/NEPA,50:c7:bf:ef:56:8a,-88,11,Pesquisa em Eng. Elétrica
24/10/2025,8:14:13,70,IFPB-Sala_13,e8:94:f6:b9:2f:46,-89,10,Pesquisa em Eng. Elétrica
24/10/2025,8:14:13,70,IFPB TCC,d8:5d:4c:86:7e:66,-91,1,Pesquisa em Eng. Elétrica
24/10/2025,8:14:13,70,Lula Livre,da:38:d4:2e:cb:c6,-94,1,Pesquisa em Eng. Elétrica
24/10/2025,8:14:48,71,Lab. de Sinais Digitais,18:d6:c7:f9:37:2f,-51,11,Práticas didáticas
24/10/2025,8:14:48,71,GPDS,00:26:5a:66:55:ef,-60,6,Práticas didáticas
24/10/2025,8:14:48,71,UA2-MiniLab,60:32:b1:2d:66:c3,-64,6,Práticas didáticas
24/10/2025,8:14:48,71,NPEF/NEPA,50:c7:bf:ef:56:8a,-65,11,Práticas didáticas
24/10/2025,8:14:48,71,APTelefonia,58:10:8c:91:f3:aa,-67,1,Práticas didáticas
24/10/2025,8:14:48,71,EBF4EFFD-HE8D94zE_z1AOeK,44:d2:44:dd:32:40,-71,11,Práticas didáticas
24/10/2025,8:14:48,71,Asterisk Server,18:0d:2c:7f:f5:9c,-72,11,Práticas didáticas
24/10/2025,8:14:48,71,IFPB-Sala_Professor_14,48:51:cf:81:b0:9e,-73,2,Práticas didáticas
24/10/2025,8:14:48,71,IFPB,84:f1:47:54:eb:20,-76,6,Práticas didáticas
24/10/2025,8:14:48,71,IFPB-VISITANTE,84:f1:47:54:eb:22,-76,6,Práticas didáticas
24/10/2025,8:14:48,71,Intelbras,18:0d:2c:7f:eb:ac,-76,11,Práticas didáticas
24/10/2025,8:14:48,71,IFPB-Sala_Professor_14,24:fd:0d:57:19:26,-77,2,Práticas didáticas
24/10/2025,8:14:48,71,TP-Link_1324,7c:f1:7e:8d:13:22,-77,4,Práticas didáticas
24/10/2025,8:14:48,71,IFPB,84:f1:47:54:f9:80,-82,1,Práticas didáticas
24/10/2025,8:14:48,71,IFPB-VISITANTE,84:f1:47:54:f9:82,-82,1,Práticas didáticas
24/10/2025,8:14:48,71,NUNYA_Room_2.4GHz,cc:32:e5:0c:fc:2b,-83,4,Práticas didáticas
24/10/2025,8:14:48,71,IFPB,84:f1:47:54:8b:a0,-87,11,Práticas didáticas
24/10/2025,8:14:48,71,IFPB-VISITANTE,84:f1:47:54:8b:a2,-87,11,Práticas didáticas
24/10/2025,8:14:48,71,IFPB-VISITANTE,e4:4e:2d:85:4c:62,-88,1,Práticas didáticas
24/10/2025,8:14:48,71,TP-Link_C3CB,d8:0d:17:3e:c3:cb,-88,3,Práticas didáticas
24/10/2025,8:14:48,71,IFPB,e4:4e:2d:85:4c:60,-89,1,Práticas didáticas
24/10/2025,8:14:48,71,Lula Livre,da:38:d4:2e:cb:c6,-90,1,Práticas didáticas
24/10/2025,8:14:48,71,IFPB TCC,d8:5d:4c:86:7e:66,-93,1,Práticas didáticas
24/10/2025,8:14:57,72,Lab. de Sinais Digitais,18:d6:c7:f9:37:2f,-50,11,Práticas didáticas
24/10/2025,8:14:57,72,UA2-MiniLab,60:32:b1:2d:66:c3,-62,6,Práticas didáticas
24/10/2025,8:14:57,72,APTelefonia,58:10:8c:91:f3:aa,-63,1,Práticas didáticas
24/10/2025,8:14:57,72,GPDS,00:26:5a:66:55:ef,-63,6,Práticas didáticas
24/10/2025,8:14:57,72,NPEF/NEPA,50:c7:bf:ef:56:8a,-66,11,Práticas didáticas
24/10/2025,8:14:57,72,EBF4EFFD-HE8D94zE_z1AOeK,44:d2:44:dd:32:40,-70,11,Práticas didáticas
24/10/2025,8:14:57,72,Asterisk Server,18:0d:2c:7f:f5:9c,-71,11,Práticas didáticas
24/10/2025,8:14:57,72,IFPB-Sala_Professor_14,48:51:cf:81:b0:9e,-72,2,Práticas didáticas
24/10/2025,8:14:57,72,IFPB-Sala_Professor_14,24:fd:0d:57:19:26,-74,2,Práticas didáticas
24/10/2025,8:14:57,72,NUNYA_Room_2.4GHz,cc:32:e5:0c:fc:2b,-77,4,Práticas didáticas
24/10/2025,8:14:57,72,IFPB,84:f1:47:54:eb:20,-77,6,Práticas didáticas
24/10/2025,8:14:57,72,IFPB-VISITANTE,84:f1:47:54:eb:22,-77,6,Práticas didáticas
24/10/2025,8:14:57,72,Intelbras,18:0d:2c:7f:eb:ac,-77,11,Práticas didáticas
24/10/2025,8:14:57,72,TP-Link_1324,7c:f1:7e:8d:13:22,-78,4,Práticas didáticas
24/10/2025,8:14:57,72,IFPB-VISITANTE,84:f1:47:54:f9:82,-80,1,Práticas didáticas
24/10/2025,8:14:57,72,IFPB,84:f1:47:54:f9:80,-81,1,Práticas didáticas
24/10/2025,8:14:57,72,IFPB-VISITANTE,84:f1:47:54:8b:a2,-86,11,Práticas didáticas
24/10/2025,8:14:57,72,IFPB,84:f1:47:54:8b:a0,-86,11,Práticas didáticas
24/10/2025,8:14:57,72,IFPB,e4:4e:2d:85:4c:60,-87,1,Práticas didáticas
24/10/2025,8:14:57,72,IFPB-VISITANTE,e4:4e:2d:85:4c:62,-88,1,Práticas didáticas
24/10/2025,8:14:57,72,TP-Link_C3CB,d8:0d:17:3e:c3:cb,-94,3,Práticas didáticas
24/10/2025,8:15:06,73,Lab. de Sinais Digitais,18:d6:c7:f9:37:2f,-50,11,Práticas didáticas
24/10/2025,8:15:06,73,GPDS,00:26:5a:66:55:ef,-60,6,Práticas didáticas
24/10/2025,8:15:06,73,APTelefonia,58:10:8c:91:f3:aa,-63,1,Práticas didáticas
24/10/2025,8:15:06,73,UA2-MiniLab,60:32:b1:2d:66:c3,-64,6,Práticas didáticas
24/10/2025,8:15:06,73,NPEF/NEPA,50:c7:bf:ef:56:8a,-66,11,Práticas didáticas
24/10/2025,8:15:06,73,EBF4EFFD-HE8D94zE_z1AOeK,44:d2:44:dd:32:40,-70,11,Práticas didáticas
24/10/2025,8:15:06,73,Asterisk Server,18:0d:2c:7f:f5:9c,-70,11,Práticas didáticas
24/10/2025,8:15:06,73,IFPB-Sala_Professor_14,48:51:cf:81:b0:9e,-72,2,Práticas didáticas
24/10/2025,8:15:06,73,IFPB-Sala_Professor_14,24:fd:0d:57:19:26,-75,2,Práticas didáticas
24/10/2025,8:15:06,73,Intelbras,18:0d:2c:7f:eb:ac,-75,11,Práticas didáticas
24/10/2025,8:15:06,73,IFPB,84:f1:47:54:eb:20,-76,6,Práticas didáticas
24/10/2025,8:15:06,73,IFPB-VISITANTE,84:f1:47:54:eb:22,-76,6,Práticas didáticas
24/10/2025,8:15:06,73,TP-Link_1324,7c:f1:7e:8d:13:22,-79,4,Práticas didáticas
24/10/2025,8:15:06,73,NUNYA_Room_2.4GHz,cc:32:e5:0c:fc:2b,-79,4,Práticas didáticas
24/10/2025,8:15:06,73,IFPB-VISITANTE,84:f1:47:54:f9:82,-81,1,Práticas didáticas
24/10/2025,8:15:06,73,IFPB,84:f1:47:54:f9:80,-82,1,Práticas didáticas
24/10/2025,8:15:06,73,IFPB,84:f1:47:54:8b:a0,-85,11,Práticas didáticas
24/10/2025,8:15:06,73,IFPB-VISITANTE,84:f1:47:54:8b:a2,-86,11,Práticas didáticas
24/10/2025,8:15:06,73,IFPB,e4:4e:2d:85:4c:60,-87,1,Práticas didáticas
24/10/2025,8:15:06,73,IFPB-VISITANTE,e4:4e:2d:85:4c:62,-87,1,Práticas didáticas
24/10/2025,8:15:06,73,TP-Link_C3CB,d8:0d:17:3e:c3:cb,-88,3,Práticas didáticas
24/10/2025,8:15:16,74,Lab. de Sinais Digitais,18:d6:c7:f9:37:2f,-51,11,Práticas didáticas
24/10/2025,8:15:16,74,GPDS,00:26:5a:66:55:ef,-61,6,Práticas didáticas
24/10/2025,8:15:16,74,APTelefonia,58:10:8c:91:f3:aa,-65,1,Práticas didáticas
24/10/2025,8:15:16,74,UA2-MiniLab,60:32:b1:2d:66:c3,-65,6,Práticas didáticas
24/10/2025,8:15:16,74,NPEF/NEPA,50:c7:bf:ef:56:8a,-67,11,Práticas didáticas
24/10/2025,8:15:16,74,EBF4EFFD-HE8D94zE_z1AOeK,44:d2:44:dd:32:40,-68,11,Práticas didáticas
24/10/2025,8:15:16,74,Asterisk Server,18:0d:2c:7f:f5:9c,-71,11,Práticas didáticas
24/10/2025,8:15:16,74,IFPB-Sala_Professor_14,48:51:cf:81:b0:9e,-72,2,Práticas didáticas
24/10/2025,8:15:16,74,Intelbras,18:0d:2c:7f:eb:ac,-74,11,Práticas didáticas
24/10/2025,8:15:16,74,IFPB-Sala_Professor_14,24:fd:0d:57:19:26,-76,2,Práticas didáticas
24/10/2025,8:15:16,74,TP-Link_1324,7c:f1:7e:8d:13:22,-81,4,Práticas didáticas
24/10/2025,8:15:16,74,IFPB,84:f1:47:54:eb:20,-81,6,Práticas didáticas
24/10/2025,8:15:16,74,IFPB-VISITANTE,84:f1:47:54:eb:22,-81,6,Práticas didáticas
24/10/2025,8:15:16,74,IFPB-VISITANTE,84:f1:47:54:f9:82,-83,1,Práticas didáticas
24/10/2025,8:15:16,74,NUNYA_Room_2.4GHz,cc:32:e5:0c:fc:2b,-83,4,Práticas didáticas
24/10/2025,8:15:16,74,IFPB-VISITANTE,84:f1:47:54:8b:a2,-83,11,Práticas didáticas
24/10/2025,8:15:16,74,IFPB,84:f1:47:54:f9:80,-84,1,Práticas didáticas
24/10/2025,8:15:16,74,IFPB,84:f1:47:54:8b:a0,-84,11,Práticas didáticas
24/10/2025,8:15:16,74,IFPB-VISITANTE,e4:4e:2d:85:4c:62,-87,1,Práticas didáticas
24/10/2025,8:15:16,74,IFPB,e4:4e:2d:85:4c:60,-88,1,Práticas didáticas
24/10/2025,8:15:16,74,TP-Link_C3CB,d8:0d:17:3e:c3:cb,-90,3,Práticas didáticas
24/10/2025,8:15:16,74,IFPB TCC,d8:5d:4c:86:7e:66,-94,1,Práticas didáticas
24/10/2025,8:15:25,75,Lab. de Sinais Digitais,18:d6:c7:f9:37:2f,-50,11,Práticas didáticas
24/10/2025,8:15:25,75,GPDS,00:26:5a:66:55:ef,-62,6,Práticas didáticas
24/10/2025,8:15:25,75,UA2-MiniLab,60:32:b1:2d:66:c3,-65,6,Práticas didáticas
24/10/2025,8:15:25,75,APTelefonia,58:10:8c:91:f3:aa,-67,1,Práticas didáticas
24/10/2025,8:15:25,75,NPEF/NEPA,50:c7:bf:ef:56:8a,-67,11,Práticas didáticas
24/10/2025,8:15:25,75,EBF4EFFD-HE8D94zE_z1AOeK,44:d2:44:dd:32:40,-68,11,Práticas didáticas
24/10/2025,8:15:25,75,IFPB-Sala_Professor_14,48:51:cf:81:b0:9e,-71,2,Práticas didáticas
24/10/2025,8:15:25,75,Asterisk Server,18:0d:2c:7f:f5:9c,-71,11,Práticas didáticas
24/10/2025,8:15:25,75,Intelbras,18:0d:2c:7f:eb:ac,-75,11,Práticas didáticas
24/10/2025,8:15:25,75,IFPB-Sala_Professor_14,24:fd:0d:57:19:26,-76,2,Práticas didáticas
24/10/2025,8:15:25,75,NUNYA_Room_2.4GHz,cc:32:e5:0c:fc:2b,-78,4,Práticas didáticas
24/10/2025,8:15:25,75,TP-Link_1324,7c:f1:7e:8d:13:22,-79,4,Práticas didáticas
24/10/2025,8:15:25,75,IFPB-VISITANTE,84:f1:47:54:eb:22,-81,6,Práticas didáticas
24/10/2025,8:15:25,75,IFPB-VISITANTE,84:f1:47:54:f9:82,-82,1,Práticas didáticas
24/10/2025,8:15:25,75,IFPB,84:f1:47:54:eb:20,-82,6,Práticas didáticas
24/10/2025,8:15:25,75,IFPB,84:f1:47:54:f9:80,-83,1,Práticas didáticas
24/10/2025,8:15:25,75,IFPB-VISITANTE,84:f1:47:54:8b:a2,-85,11,Práticas didáticas
24/10/2025,8:15:25,75,IFPB,84:f1:47:54:8b:a0,-85,11,Práticas didáticas
24/10/2025,8:15:25,75,TP-Link_C3CB,d8:0d:17:3e:c3:cb,-90,3,Práticas didáticas
24/10/2025,8:15:25,75,IFPB-VISITANTE,24:36:da:2b:bc:02,-90,6,Práticas didáticas
24/10/2025,8:15:25,75,IFPB-Sala_13,e8:94:f6:b9:2f:46,-94,10,Práticas didáticas
24/10/2025,8:15:25,75,IFPB TCC,d8:5d:4c:86:7e:66,-95,1,Práticas didáticas