data,hora,num,ambiente,ssid,bssid,rssi,canal
08/05/2026,07:04:15,1,Lab. Informática 09,IFPB-VISITANTE,84:f1:47:54:7f:22,-66,11
08/05/2026,07:04:15,1,Lab. Informática 09,IFPB,84:f1:47:54:7f:20,-66,11
08/05/2026,07:04:15,1,Lab. Informática 09,IFPB-VISITANTE,84:f1:47:54:96:e2,-86,1
08/05/2026,07:04:15,1,Lab. Informática 09,IFPB,84:f1:47:54:fd:c0,-86,6
08/05/2026,07:04:15,1,Lab. Informática 09,IFPB-VISITANTE,84:f1:47:54:fd:c2,-87,6
08/05/2026,07:04:15,1,Lab. Informática 09,IFPB,b8:11:4b:1d:1e:40,-87,6
08/05/2026,07:04:15,1,Lab. Informática 09,IFPB-VISITANTE,b8:11:4b:1d:1e:42,-87,6
08/05/2026,07:04:15,1,Lab. Informática 09,IFPB,e4:4e:2d:85:4c:60,-87,11
08/05/2026,07:04:15,1,Lab. Informática 09,IFPB-VISITANTE,e4:4e:2d:85:4c:62,-87,11
08/05/2026,07:04:15,1,Lab. Informática 09,IFPB,84:f1:47:54:96:e0,-88,1
08/05/2026,07:04:15,1,Lab. Informática 09,IFPB-VISITANTE,2c:57:41:d4:69:c2,-88,1
08/05/2026,07:04:15,1,Lab. Informática 09,IFPB,b8:11:4b:1d:14:80,-88,6
08/05/2026,07:04:15,1,Lab. Informática 09,IFPB,84:f1:47:54:f9:80,-89,11
08/05/2026,07:04:15,1,Lab. Informática 09,IFPB-VISITANTE,84:f1:47:54:f9:82,-89,11
08/05/2026,07:04:25,2,Lab. Informática 09,IFPB,84:f1:47:54:7f:20,-72,11
08/05/2026,07:04:25,2,Lab. Informática 09,IFPB-VISITANTE,84:f1:47:54:7f:22,-72,11
08/05/2026,07:04:25,2,Lab. Informática 09,IFPB-VISITANTE,84:f1:47:54:96:e2,-85,1
08/05/2026,07:04:25,2,Lab. Informática 09,IFPB,84:f1:47:54:96:e0,-86,1
08/05/2026,07:04:25,2,Lab. Informática 09,IFPB,84:f1:47:54:fd:c0,-87,6
08/05/2026,07:04:25,2,Lab. Informática 09,IFPB-VISITANTE,e4:4e:2d:85:4c:62,-87,11
08/05/2026,07:04:25,2,Lab. Informática 09,IFPB,b8:11:4b:1d:1e:40,-88,6
08/05/2026,07:04:25,2,Lab. Informática 09,IFPB-VISITANTE,b8:11:4b:1d:1e:42,-88,6
08/05/2026,07:04:25,2,Lab. Informática 09,IFPB,84:f1:47:54:f9:80,-90,11
08/05/2026,07:04:25,2,Lab. Informática 09,IFPB-VISITANTE,84:f1:47:54:f9:82,-90,11
08/05/2026,07:04:35,3,Lab. Informática 09,IFPB,84:f1:47:54:7f:20,-70,11
08/05/2026,07:04:35,3,Lab. Informática 09,IFPB-VISITANTE,84:f1:47:54:7f:22,-70,11
08/05/2026,07:04:35,3,Lab. Informática 09,IFPB-VISITANTE,84:f1:47:54:fd:c2,-85,6
08/05/2026,07:04:35,3,Lab. Informática 09,IFPB,84:f1:47:54:fd:c0,-85,6
08/05/2026,07:04:35,3,Lab. Informática 09,IFPB-VISITANTE,e4:4e:2d:85:4c:62,-85,11
08/05/2026,07:04:35,3,Lab. Informática 09,IFPB-VISITANTE,84:f1:47:54:96:e2,-86,1
08/05/2026,07:04:35,3,Lab. Informática 09,IFPB-VISITANTE,b8:11:4b:1d:1e:42,-86,6
08/05/2026,07:04:35,3,Lab. Informática 09,IFPB,e4:4e:2d:85:4c:60,-86,11
08/05/2026,07:04:36,3,Lab. Informática 09,IFPB,b8:11:4b:1d:1e:40,-89,6
08/05/2026,07:04:36,3,Lab. Informática 09,IFPB,84:f1:47:54:f9:80,-91,11
08/05/2026,07:04:36,3,Lab. Informática 09,IFPB-VISITANTE,84:f1:47:54:f9:82,-92,11
08/05/2026,07:04:45,4,Lab. Informática 09,IFPB,84:f1:47:54:7f:20,-65,11
08/05/2026,07:04:45,4,Lab. Informática 09,IFPB-VISITANTE,84:f1:47:54:7f:22,-65,11
08/05/2026,07:04:46,4,Lab. Informática 09,IFPB,b8:11:4b:1d:1e:40,-84,6
08/05/2026,07:04:46,4,Lab. Informática 09,IFPB-VISITANTE,b8:11:4b:1d:1e:42,-84,6
08/05/2026,07:04:46,4,Lab. Informática 09,IFPB,84:f1:47:54:96:e0,-87,1
08/05/2026,07:04:46,4,Lab. Informática 09,IFPB-VISITANTE,84:f1:47:54:fd:c2,-87,6
08/05/2026,07:04:46,4,Lab. Informática 09,IFPB-VISITANTE,84:f1:47:54:96:e2,-88,1
08/05/2026,07:04:46,4,Lab. Informática 09,IFPB,84:f1:47:54:fd:c0,-88,6
08/05/2026,07:04:46,4,Lab. Informática 09,IFPB,84:f1:47:54:f9:80,-89,11
08/05/2026,07:04:46,4,Lab. Informática 09,IFPB-VISITANTE,84:f1:47:54:f9:82,-91,11
08/05/2026,07:04:55,5,Lab. Informática 09,IFPB,84:f1:47:54:7f:20,-62,11
08/05/2026,07:04:55,5,Lab. Informática 09,IFPB-VISITANTE,84:f1:47:54:7f:22,-62,11
08/05/2026,07:04:56,5,Lab. Informática 09,IFPB,84:f1:47:54:fd:c0,-85,6
08/05/2026,07:04:56,5,Lab. Informática 09,IFPB-VISITANTE,84:f1:47:54:fd:c2,-85,6
08/05/2026,07:04:56,5,Lab. Informática 09,IFPB-VISITANTE,b8:11:4b:1d:1e:42,-85,6
08/05/2026,07:04:56,5,Lab. Informática 09,IFPB-VISITANTE,84:f1:47:54:96:e2,-86,1
08/05/2026,07:04:56,5,Lab. Informática 09,IFPB,b8:11:4b:1d:1e:40,-86,6
08/05/2026,07:04:56,5,Lab. Informática 09,IFPB,84:f1:47:54:96:e0,-87,1
08/05/2026,07:04:56,5,Lab. Informática 09,IFPB-VISITANTE,84:f1:47:54:f9:82,-89,11
08/05/2026,07:04:56,5,Lab. Informática 09,IFPB,e4:4e:2d:85:4c:60,-89,11
08/05/2026,07:04:56,5,Lab. Informática 09,IFPB-VISITANTE,e4:4e:2d:85:4c:62,-90,11
08/05/2026,07:04:56,5,Lab. Informática 09,IFPB,84:f1:47:54:f9:80,-91,11
08/05/2026,07:05:06,6,Lab. Informática 09,IFPB,84:f1:47:54:7f:20,-59,11
08/05/2026,07:05:06,6,Lab. Informática 09,IFPB-VISITANTE,84:f1:47:54:7f:22,-59,11
08/05/2026,07:05:06,6,Lab. Informática 09,IFPB-VISITANTE,84:f1:47:54:96:e2,-86,1
08/05/2026,07:05:06,6,Lab. Informática 09,IFPB,84:f1:47:54:96:e0,-86,1
08/05/2026,07:05:06,6,Lab. Informática 09,IFPB,84:f1:47:54:fd:c0,-86,6
08/05/2026,07:05:06,6,Lab. Informática 09,IFPB-VISITANTE,84:f1:47:54:fd:c2,-87,6
08/05/2026,07:05:06,6,Lab. Informática 09,IFPB-VISITANTE,e4:4e:2d:85:4c:62,-87,11
08/05/2026,07:05:06,6,Lab. Informática 09,IFPB,e4:4e:2d:85:4c:60,-88,11
08/05/2026,07:05:16,7,Lab. Informática 09,IFPB,84:f1:47:54:7f:20,-59,11
08/05/2026,07:05:16,7,Lab. Informática 09,IFPB-VISITANTE,84:f1:47:54:7f:22,-59,11
08/05/2026,07:05:16,7,Lab. Informática 09,IFPB,84:f1:47:54:fd:c0,-84,6
08/05/2026,07:05:16,7,Lab. Informática 09,IFPB-VISITANTE,84:f1:47:54:fd:c2,-85,6
08/05/2026,07:05:16,7,Lab. Informática 09,IFPB-VISITANTE,e4:4e:2d:85:4c:62,-86,11
08/05/2026,07:05:16,7,Lab. Informática 09,IFPB,84:f1:47:54:96:e0,-87,1
08/05/2026,07:05:16,7,Lab. Informática 09,IFPB-VISITANTE,84:f1:47:54:96:e2,-88,1
08/05/2026,07:05:16,7,Lab. Informática 09,IFPB,e4:4e:2d:85:4c:60,-88,11
08/05/2026,07:05:16,7,Lab. Informática 09,IFPB-VISITANTE,b8:11:4b:1d:1e:42,-89,6
08/05/2026,07:05:16,7,Lab. Informática 09,IFPB,b8:11:4b:1d:1e:40,-90,6
08/05/2026,07:05:26,8,Lab. Informática 09,IFPB,84:f1:47:54:7f:20,-60,11
08/05/2026,07:05:26,8,Lab. Informática 09,IFPB-VISITANTE,84:f1:47:54:7f:22,-60,11
08/05/2026,07:05:26,8,Lab. Informática 09,IFPB,84:f1:47:54:96:e0,-85,1
08/05/2026,07:05:26,8,Lab. Informática 09,IFPB-VISITANTE,b8:11:4b:1d:1e:42,-85,6
08/05/2026,07:05:26,8,Lab. Informática 09,IFPB-VISITANTE,84:f1:47:54:96:e2,-86,1
08/05/2026,07:05:26,8,Lab. Informática 09,IFPB,b8:11:4b:1d:1e:40,-86,6
08/05/2026,07:05:26,8,Lab. Informática 09,IFPB-VISITANTE,e4:4e:2d:85:4c:62,-86,11
08/05/2026,07:05:26,8,Lab. Informática 09,IFPB,84:f1:47:54:fd:c0,-87,6
08/05/2026,07:05:26,8,Lab. Informática 09,IFPB-VISITANTE,84:f1:47:54:fd:c2,-87,6
08/05/2026,07:05:26,8,Lab. Informática 09,IFPB,e4:4e:2d:85:4c:60,-87,11
08/05/2026,07:05:26,8,Lab. Informática 09,IFPB-VISITANTE,2c:57:41:d4:69:c2,-88,1
08/05/2026,07:05:36,9,Lab. Informática 09,IFPB,84:f1:47:54:7f:20,-59,11
08/05/2026,07:05:36,9,Lab. Informática 09,IFPB-VISITANTE,84:f1:47:54:7f:22,-59,11
08/05/2026,07:05:36,9,Lab. Informática 09,IFPB-VISITANTE,84:f1:47:54:96:e2,-85,1
08/05/2026,07:05:36,9,Lab. Informática 09,IFPB,84:f1:47:54:96:e0,-86,1
08/05/2026,07:05:36,9,Lab. Informática 09,IFPB,b8:11:4b:1d:1e:40,-87,6
08/05/2026,07:05:36,9,Lab. Informática 09,IFPB-VISITANTE,b8:11:4b:1d:1e:42,-87,6
08/05/2026,07:05:36,9,Lab. Informática 09,IFPB,84:f1:47:54:fd:c0,-88,6
08/05/2026,07:05:36,9,Lab. Informática 09,IFPB-VISITANTE,84:f1:47:54:fd:c2,-88,6
08/05/2026,07:05:46,10,Lab. Informática 09,IFPB,84:f1:47:54:7f:20,-58,11
08/05/2026,07:05:46,10,Lab. Informática 09,IFPB-VISITANTE,84:f1:47:54:7f:22,-58,11
08/05/2026,07:05:46,10,Lab. Informática 09,IFPB-VISITANTE,b8:11:4b:1d:1e:42,-86,6
08/05/2026,07:05:46,10,Lab. Informática 09,IFPB-VISITANTE,84:f1:47:54:96:e2,-87,1
08/05/2026,07:05:46,10,Lab. Informática 09,IFPB,84:f1:47:54:fd:c0,-87,6
08/05/2026,07:05:46,10,Lab. Informática 09,IFPB,84:f1:47:54:96:e0,-88,1
08/05/2026,07:05:47,10,Lab. Informática 09,IFPB,b8:11:4b:1d:1e:40,-88,6
08/05/2026,07:05:47,10,Lab. Informática 09,IFPB-VISITANTE,84:f1:47:54:fd:c2,-88,6
08/05/2026,07:05:47,10,Lab. Informática 09,IFPB-VISITANTE,e4:4e:2d:85:4c:62,-88,11
08/05/2026,07:05:47,10,Lab. Informática 09,IFPB,e4:4e:2d:85:4c:60,-89,11
08/05/2026,07:06:14,11,Lab. de Telecomunicações,IFPB,84:f1:47:54:96:e0,-70,1
08/05/2026,07:06:14,11,Lab. de Telecomunicações,IFPB-VISITANTE,84:f1:47:54:96:e2,-70,1
08/05/2026,07:06:14,11,Lab. de Telecomunicações,IFPB,84:f1:47:54:7f:20,-71,11
08/05/2026,07:06:14,11,Lab. de Telecomunicações,IFPB-VISITANTE,84:f1:47:54:7f:22,-72,11
08/05/2026,07:06:14,11,Lab. de Telecomunicações,IFPB,84:f1:47:54:fd:c0,-79,6
08/05/2026,07:06:14,11,Lab. de Telecomunicações,IFPB-VISITANTE,84:f1:47:54:fd:c2,-80,6
08/05/2026,07:06:14,11,Lab. de Telecomunicações,IFPB-VISITANTE,e4:4e:2d:85:4c:62,-84,11
08/05/2026,07:06:14,11,Lab. de Telecomunicações,IFPB,84:f1:47:54:f9:80,-85,11
08/05/2026,07:06:14,11,Lab. de Telecomunicações,IFPB-VISITANTE,84:f1:47:54:f9:82,-86,11
08/05/2026,07:06:14,11,Lab. de Telecomunicações,IFPB,e4:4e:2d:85:4c:60,-86,11
08/05/2026,07:06:14,11,Lab. de Telecomunicações,IFPB-VISITANTE,84:f1:47:54:95:e2,-90,11
08/05/2026,07:06:24,12,Lab. de Telecomunicações,IFPB,84:f1:47:54:7f:20,-70,11
08/05/2026,07:06:24,12,Lab. de Telecomunicações,IFPB-VISITANTE,84:f1:47:54:7f:22,-71,11
08/05/2026,07:06:24,12,Lab. de Telecomunicações,IFPB-VISITANTE,84:f1:47:54:96:e2,-72,1
08/05/2026,07:06:24,12,Lab. de Telecomunicações,IFPB,84:f1:47:54:96:e0,-72,1
08/05/2026,07:06:24,12,Lab. de Telecomunicações,IFPB,84:f1:47:54:fd:c0,-80,6
08/05/2026,07:06:25,12,Lab. de Telecomunicações,IFPB-VISITANTE,84:f1:47:54:fd:c2,-80,6
08/05/2026,07:06:25,12,Lab. de Telecomunicações,IFPB,e4:4e:2d:85:4c:60,-83,11
08/05/2026,07:06:25,12,Lab. de Telecomunicações,IFPB-VISITANTE,e4:4e:2d:85:4c:62,-84,11
08/05/2026,07:06:25,12,Lab. de Telecomunicações,IFPB,84:f1:47:54:f9:80,-86,11
08/05/2026,07:06:25,12,Lab. de Telecomunicações,IFPB-VISITANTE,84:f1:47:54:f9:82,-87,11
08/05/2026,07:06:25,12,Lab. de Telecomunicações,IFPB-VISITANTE,84:f1:47:54:95:e2,-89,11
08/05/2026,07:06:25,12,Lab. de Telecomunicações,IFPB,84:f1:47:54:95:e0,-90,11
08/05/2026,07:06:35,13,Lab. de Telecomunicações,IFPB,84:f1:47:54:7f:20,-71,11
08/05/2026,07:06:35,13,Lab. de Telecomunicações,IFPB-VISITANTE,84:f1:47:54:7f:22,-71,11
08/05/2026,07:06:35,13,Lab. de Telecomunicações,IFPB,84:f1:47:54:96:e0,-73,1
08/05/2026,07:06:35,13,Lab. de Telecomunicações,IFPB-VISITANTE,84:f1:47:54:96:e2,-73,1
08/05/2026,07:06:35,13,Lab. de Telecomunicações,IFPB-VISITANTE,84:f1:47:54:fd:c2,-81,6
08/05/2026,07:06:35,13,Lab. de Telecomunicações,IFPB,84:f1:47:54:fd:c0,-81,6
08/05/2026,07:06:35,13,Lab. de Telecomunicações,IFPB-VISITANTE,84:f1:47:54:f9:82,-81,11
08/05/2026,07:06:35,13,Lab. de Telecomunicações,IFPB,84:f1:47:54:f9:80,-81,11
08/05/2026,07:06:35,13,Lab. de Telecomunicações,IFPB-VISITANTE,e4:4e:2d:85:4c:62,-82,11
08/05/2026,07:06:35,13,Lab. de Telecomunicações,IFPB,e4:4e:2d:85:4c:60,-83,11
08/05/2026,07:06:35,13,Lab. de Telecomunicações,IFPB,84:f1:47:54:95:e0,-90,11
08/05/2026,07:06:35,13,Lab. de Telecomunicações,IFPB-VISITANTE,84:f1:47:54:95:e2,-92,11
08/05/2026,07:06:45,14,Lab. de Telecomunicações,IFPB-VISITANTE,84:f1:47:54:7f:22,-70,11
08/05/2026,07:06:45,14,Lab. de Telecomunicações,IFPB,84:f1:47:54:7f:20,-71,11
08/05/2026,07:06:45,14,Lab. de Telecomunicações,IFPB-VISITANTE,84:f1:47:54:96:e2,-73,1
08/05/2026,07:06:45,14,Lab. de Telecomunicações,IFPB,84:f1:47:54:96:e0,-74,1
08/05/2026,07:06:45,14,Lab. de Telecomunicações,IFPB,84:f1:47:54:fd:c0,-80,6
08/05/2026,07:06:45,14,Lab. de Telecomunicações,IFPB-VISITANTE,84:f1:47:54:fd:c2,-80,6
08/05/2026,07:06:45,14,Lab. de Telecomunicações,IFPB,84:f1:47:54:f9:80,-83,11
08/05/2026,07:06:45,14,Lab. de Telecomunicações,IFPB-VISITANTE,84:f1:47:54:f9:82,-84,11
08/05/2026,07:06:45,14,Lab. de Telecomunicações,IFPB,84:f1:47:54:95:e0,-89,11
08/05/2026,07:06:45,14,Lab. de Telecomunicações,IFPB-VISITANTE,84:f1:47:54:95:e2,-89,11
08/05/2026,07:06:55,15,Lab. de Telecomunicações,IFPB-VISITANTE,84:f1:47:54:7f:22,-70,11
08/05/2026,07:06:55,15,Lab. de Telecomunicações,IFPB,84:f1:47:54:7f:20,-70,11
08/05/2026,07:06:55,15,Lab. de Telecomunicações,IFPB,84:f1:47:54:96:e0,-72,1
08/05/2026,07:06:55,15,Lab. de Telecomunicações,IFPB-VISITANTE,84:f1:47:54:96:e2,-72,1
08/05/2026,07:06:55,15,Lab. de Telecomunicações,IFPB-VISITANTE,84:f1:47:54:fd:c2,-82,6
08/05/2026,07:06:55,15,Lab. de Telecomunicações,IFPB,84:f1:47:54:fd:c0,-83,6
08/05/2026,07:06:55,15,Lab. de Telecomunicações,IFPB-VISITANTE,84:f1:47:54:f9:82,-84,11
08/05/2026,07:06:55,15,Lab. de Telecomunicações,IFPB,84:f1:47:54:f9:80,-85,11
08/05/2026,07:06:55,15,Lab. de Telecomunicações,IFPB-VISITANTE,e4:4e:2d:85:4c:62,-86,11
08/05/2026,07:06:56,15,Lab. de Telecomunicações,IFPB,e4:4e:2d:85:4c:60,-90,11
08/05/2026,07:07:14,16,Lab. de Telecomunicações,IFPB,84:f1:47:54:7f:20,-73,11
08/05/2026,07:07:14,16,Lab. de Telecomunicações,IFPB-VISITANTE,84:f1:47:54:7f:22,-73,11
08/05/2026,07:07:14,16,Lab. de Telecomunicações,IFPB,84:f1:47:54:fd:c0,-76,6
08/05/2026,07:07:14,16,Lab. de Telecomunicações,IFPB-VISITANTE,84:f1:47:54:fd:c2,-76,6
08/05/2026,07:07:14,16,Lab. de Telecomunicações,IFPB,84:f1:47:54:96:e0,-84,1
08/05/2026,07:07:14,16,Lab. de Telecomunicações,IFPB-VISITANTE,84:f1:47:54:96:e2,-84,1
08/05/2026,07:07:15,16,Lab. de Telecomunicações,IFPB-VISITANTE,e4:4e:2d:85:4c:62,-86,11
08/05/2026,07:07:15,16,Lab. de Telecomunicações,IFPB,84:f1:47:54:71:00,-87,1
08/05/2026,07:07:15,16,Lab. de Telecomunicações,IFPB-VISITANTE,84:f1:47:54:71:02,-88,1
08/05/2026,07:07:15,16,Lab. de Telecomunicações,IFPB,b8:11:4b:1d:1e:40,-88,6
08/05/2026,07:07:15,16,Lab. de Telecomunicações,IFPB,e4:4e:2d:85:4c:60,-88,11
08/05/2026,07:07:15,16,Lab. de Telecomunicações,IFPB,84:f1:47:54:f9:80,-89,11
08/05/2026,07:07:15,16,Lab. de Telecomunicações,IFPB-VISITANTE,b8:11:4b:1d:1e:42,-90,6
08/05/2026,07:07:15,16,Lab. de Telecomunicações,IFPB-VISITANTE,84:f1:47:54:f9:82,-90,11
08/05/2026,07:07:25,17,Lab. de Telecomunicações,IFPB-VISITANTE,84:f1:47:54:7f:22,-77,11
08/05/2026,07:07:25,17,Lab. de Telecomunicações,IFPB-VISITANTE,84:f1:47:54:fd:c2,-78,6
08/05/2026,07:07:25,17,Lab. de Telecomunicações,IFPB,84:f1:47:54:7f:20,-78,11
08/05/2026,07:07:25,17,Lab. de Telecomunicações,IFPB,84:f1:47:54:fd:c0,-79,6
08/05/2026,07:07:25,17,Lab. de Telecomunicações,IFPB-VISITANTE,84:f1:47:54:71:02,-86,1
08/05/2026,07:07:25,17,Lab. de Telecomunicações,IFPB,b8:11:4b:1d:1e:40,-86,6
08/05/2026,07:07:25,17,Lab. de Telecomunicações,IFPB-VISITANTE,b8:11:4b:1d:1e:42,-86,6
08/05/2026,07:07:25,17,Lab. de Telecomunicações,IFPB,e4:4e:2d:85:4c:60,-86,11
08/05/2026,07:07:25,17,Lab. de Telecomunicações,IFPB,84:f1:47:54:71:00,-87,1
08/05/2026,07:07:25,17,Lab. de Telecomunicações,IFPB-VISITANTE,e4:4e:2d:85:4c:62,-87,11
08/05/2026,07:07:25,17,Lab. de Telecomunicações,IFPB,84:f1:47:54:96:e0,-88,1
08/05/2026,07:07:25,17,Lab. de Telecomunicações,IFPB-VISITANTE,84:f1:47:54:96:e2,-88,1
08/05/2026,07:07:25,17,Lab. de Telecomunicações,IFPB,84:f1:47:54:95:e0,-88,11
08/05/2026,07:07:25,17,Lab. de Telecomunicações,IFPB-VISITANTE,84:f1:47:54:95:e2,-89,11
08/05/2026,07:07:25,17,Lab. de Telecomunicações,IFPB-VISITANTE,84:f1:47:54:f9:82,-91,11
08/05/2026,07:07:35,18,Lab. de Telecomunicações,IFPB,84:f1:47:54:fd:c0,-76,6
08/05/2026,07:07:35,18,Lab. de Telecomunicações,IFPB-VISITANTE,84:f1:47:54:fd:c2,-77,6
08/05/2026,07:07:35,18,Lab. de Telecomunicações,IFPB,84:f1:47:54:7f:20,-78,11
08/05/2026,07:07:35,18,Lab. de Telecomunicações,IFPB-VISITANTE,84:f1:47:54:7f:22,-78,11
08/05/2026,07:07:35,18,Lab. de Telecomunicações,IFPB,84:f1:47:54:71:00,-82,1
08/05/2026,07:07:35,18,Lab. de Telecomunicações,IFPB-VISITANTE,84:f1:47:54:71:02,-83,1
08/05/2026,07:07:35,18,Lab. de Telecomunicações,IFPB,84:f1:47:54:96:e0,-85,1
08/05/2026,07:07:35,18,Lab. de Telecomunicações,IFPB-VISITANTE,b8:11:4b:1d:1e:42,-85,6
08/05/2026,07:07:35,18,Lab. de Telecomunicações,IFPB,84:f1:47:54:95:e0,-86,11
08/05/2026,07:07:35,18,Lab. de Telecomunicações,IFPB-VISITANTE,84:f1:47:54:95:e2,-86,11
08/05/2026,07:07:35,18,Lab. de Telecomunicações,IFPB-VISITANTE,84:f1:47:54:96:e2,-87,1
08/05/2026,07:07:35,18,Lab. de Telecomunicações,IFPB,b8:11:4b:1d:1e:40,-88,6
08/05/2026,07:07:35,18,Lab. de Telecomunicações,IFPB,e4:4e:2d:85:4c:60,-88,11
08/05/2026,07:07:35,18,Lab. de Telecomunicações,IFPB-VISITANTE,e4:4e:2d:85:4c:62,-88,11
08/05/2026,07:07:45,19,Lab. de Telecomunicações,IFPB,84:f1:47:54:7f:20,-74,11
08/05/2026,07:07:45,19,Lab. de Telecomunicações,IFPB-VISITANTE,84:f1:47:54:7f:22,-74,11
08/05/2026,07:07:45,19,Lab. de Telecomunicações,IFPB-VISITANTE,84:f1:47:54:fd:c2,-75,6
08/05/2026,07:07:45,19,Lab. de Telecomunicações,IFPB,84:f1:47:54:fd:c0,-76,6
08/05/2026,07:07:45,19,Lab. de Telecomunicações,IFPB,84:f1:47:54:96:e0,-83,1
08/05/2026,07:07:45,19,Lab. de Telecomunicações,IFPB-VISITANTE,84:f1:47:54:96:e2,-83,1
08/05/2026,07:07:45,19,Lab. de Telecomunicações,IFPB,e4:4e:2d:85:4c:60,-86,11
08/05/2026,07:07:45,19,Lab. de Telecomunicações,IFPB,84:f1:47:54:71:00,-87,1
08/05/2026,07:07:45,19,Lab. de Telecomunicações,IFPB-VISITANTE,84:f1:47:54:71:02,-87,1
08/05/2026,07:07:45,19,Lab. de Telecomunicações,IFPB-VISITANTE,e4:4e:2d:85:4c:62,-87,11
08/05/2026,07:07:45,19,Lab. de Telecomunicações,IFPB-VISITANTE,b8:11:4b:1d:1e:42,-89,6
08/05/2026,07:07:45,19,Lab. de Telecomunicações,IFPB,b8:11:4b:1d:1e:40,-89,6
08/05/2026,07:07:45,19,Lab. de Telecomunicações,IFPB,84:f1:47:54:95:e0,-89,11
08/05/2026,07:07:45,19,Lab. de Telecomunicações,IFPB-VISITANTE,84:f1:47:54:95:e2,-89,11
08/05/2026,07:07:45,19,Lab. de Telecomunicações,IFPB-VISITANTE,84:f1:47:54:f9:82,-90,11
08/05/2026,07:07:46,19,Lab. de Telecomunicações,IFPB,84:f1:47:54:f9:80,-90,11
08/05/2026,07:07:55,20,Lab. de Telecomunicações,IFPB,84:f1:47:54:7f:20,-72,11
08/05/2026,07:07:55,20,Lab. de Telecomunicações,IFPB-VISITANTE,84:f1:47:54:7f:22,-73,11
08/05/2026,07:07:55,20,Lab. de Telecomunicações,IFPB,84:f1:47:54:fd:c0,-76,6
08/05/2026,07:07:55,20,Lab. de Telecomunicações,IFPB-VISITANTE,84:f1:47:54:fd:c2,-76,6
08/05/2026,07:07:56,20,Lab. de Telecomunicações,IFPB-VISITANTE,84:f1:47:54:71:02,-82,1
08/05/2026,07:07:56,20,Lab. de Telecomunicações,IFPB,84:f1:47:54:96:e0,-83,1
08/05/2026,07:07:56,20,Lab. de Telecomunicações,IFPB,84:f1:47:54:71:00,-83,1
08/05/2026,07:07:56,20,Lab. de Telecomunicações,IFPB-VISITANTE,84:f1:47:54:96:e2,-84,1
08/05/2026,07:07:56,20,Lab. de Telecomunicações,IFPB-VISITANTE,e4:4e:2d:85:4c:62,-85,11
08/05/2026,07:07:56,20,Lab. de Telecomunicações,IFPB,e4:4e:2d:85:4c:60,-86,11
08/05/2026,07:07:56,20,Lab. de Telecomunicações,IFPB,b8:11:4b:1d:1e:40,-88,6
08/05/2026,07:07:56,20,Lab. de Telecomunicações,IFPB-VISITANTE,b8:11:4b:1d:1e:42,-88,6
08/05/2026,07:07:56,20,Lab. de Telecomunicações,IFPB-VISITANTE,84:f1:47:54:95:e2,-88,11
08/05/2026,07:07:56,20,Lab. de Telecomunicações,IFPB,84:f1:47:54:95:e0,-89,11
08/05/2026,07:07:56,20,Lab. de Telecomunicações,IFPB-VISITANTE,84:f1:47:54:f9:82,-91,11
08/05/2026,07:07:56,20,Lab. de Telecomunicações,IFPB,84:f1:47:54:f9:80,-91,11
08/05/2026,07:08:27,21,PET Eng. Elétrica,IFPB,84:f1:47:54:fd:c0,-73,6
08/05/2026,07:08:27,21,PET Eng. Elétrica,IFPB-VISITANTE,84:f1:47:54:fd:c2,-73,6
08/05/2026,07:08:27,21,PET Eng. Elétrica,IFPB-VISITANTE,84:f1:47:54:f9:82,-76,11
08/05/2026,07:08:27,21,PET Eng. Elétrica,IFPB-VISITANTE,84:f1:47:54:96:e2,-77,1
08/05/2026,07:08:27,21,PET Eng. Elétrica,IFPB,84:f1:47:54:f9:80,-77,11
08/05/2026,07:08:27,21,PET Eng. Elétrica,IFPB,84:f1:47:54:96:e0,-78,1
08/05/2026,07:08:27,21,PET Eng. Elétrica,IFPB,84:f1:47:54:95:e0,-80,11
08/05/2026,07:08:27,21,PET Eng. Elétrica,IFPB-VISITANTE,84:f1:47:54:95:e2,-80,11
08/05/2026,07:08:27,21,PET Eng. Elétrica,IFPB,84:f1:47:54:7f:20,-81,11
08/05/2026,07:08:27,21,PET Eng. Elétrica,IFPB-VISITANTE,84:f1:47:54:7f:22,-81,11
08/05/2026,07:08:27,21,PET Eng. Elétrica,IFPB-VISITANTE,e4:4e:2d:85:4c:62,-88,11
08/05/2026,07:08:27,21,PET Eng. Elétrica,IFPB,e4:4e:2d:85:4c:60,-90,11
08/05/2026,07:08:37,22,PET Eng. Elétrica,IFPB-VISITANTE,84:f1:47:54:fd:c2,-73,6
08/05/2026,07:08:37,22,PET Eng. Elétrica,IFPB,84:f1:47:54:fd:c0,-74,6
08/05/2026,07:08:37,22,PET Eng. Elétrica,IFPB,84:f1:47:54:96:e0,-78,1
08/05/2026,07:08:37,22,PET Eng. Elétrica,IFPB-VISITANTE,84:f1:47:54:96:e2,-78,1
08/05/2026,07:08:37,22,PET Eng. Elétrica,IFPB,84:f1:47:54:95:e0,-79,11
08/05/2026,07:08:37,22,PET Eng. Elétrica,IFPB-VISITANTE,84:f1:47:54:95:e2,-79,11
08/05/2026,07:08:37,22,PET Eng. Elétrica,IFPB,84:f1:47:54:7f:20,-81,11
08/05/2026,07:08:37,22,PET Eng. Elétrica,IFPB-VISITANTE,84:f1:47:54:7f:22,-81,11
08/05/2026,07:08:37,22,PET Eng. Elétrica,IFPB,84:f1:47:54:f9:80,-82,11
08/05/2026,07:08:37,22,PET Eng. Elétrica,IFPB-VISITANTE,84:f1:47:54:f9:82,-82,11
08/05/2026,07:08:37,22,PET Eng. Elétrica,IFPB-VISITANTE,e4:4e:2d:85:4c:62,-84,11
08/05/2026,07:08:37,22,PET Eng. Elétrica,IFPB,e4:4e:2d:85:4c:60,-85,11
08/05/2026,07:08:47,23,PET Eng. Elétrica,IFPB,84:f1:47:54:96:e0,-75,1
08/05/2026,07:08:47,23,PET Eng. Elétrica,IFPB-VISITANTE,84:f1:47:54:96:e2,-75,1
08/05/2026,07:08:47,23,PET Eng. Elétrica,IFPB,84:f1:47:54:95:e0,-78,11
08/05/2026,07:08:47,23,PET Eng. Elétrica,IFPB-VISITANTE,84:f1:47:54:95:e2,-78,11
08/05/2026,07:08:47,23,PET Eng. Elétrica,IFPB,84:f1:47:54:7f:20,-79,11
08/05/2026,07:08:47,23,PET Eng. Elétrica,IFPB-VISITANTE,84:f1:47:54:7f:22,-79,11
08/05/2026,07:08:47,23,PET Eng. Elétrica,IFPB,84:f1:47:54:f9:80,-79,11
08/05/2026,07:08:47,23,PET Eng. Elétrica,IFPB-VISITANTE,84:f1:47:54:f9:82,-79,11
08/05/2026,07:08:47,23,PET Eng. Elétrica,IFPB,84:f1:47:54:fd:c0,-80,6
08/05/2026,07:08:47,23,PET Eng. Elétrica,IFPB-VISITANTE,84:f1:47:54:fd:c2,-80,6
08/05/2026,07:08:47,23,PET Eng. Elétrica,IFPB,e4:4e:2d:85:4c:60,-87,11
08/05/2026,07:08:47,23,PET Eng. Elétrica,IFPB-VISITANTE,e4:4e:2d:85:4c:62,-87,11
08/05/2026,07:08:57,24,PET Eng. Elétrica,IFPB,84:f1:47:54:fd:c0,-75,6
08/05/2026,07:08:57,24,PET Eng. Elétrica,IFPB-VISITANTE,84:f1:47:54:fd:c2,-75,6
08/05/2026,07:08:57,24,PET Eng. Elétrica,IFPB,84:f1:47:54:96:e0,-76,1
08/05/2026,07:08:57,24,PET Eng. Elétrica,IFPB-VISITANTE,84:f1:47:54:96:e2,-76,1
08/05/2026,07:08:57,24,PET Eng. Elétrica,IFPB,84:f1:47:54:95:e0,-77,11
08/05/2026,07:08:57,24,PET Eng. Elétrica,IFPB-VISITANTE,84:f1:47:54:95:e2,-77,11
08/05/2026,07:08:57,24,PET Eng. Elétrica,IFPB-VISITANTE,84:f1:47:54:f9:82,-78,11
08/05/2026,07:08:57,24,PET Eng. Elétrica,IFPB,84:f1:47:54:f9:80,-78,11
08/05/2026,07:08:57,24,PET Eng. Elétrica,IFPB,84:f1:47:54:7f:20,-79,11
08/05/2026,07:08:57,24,PET Eng. Elétrica,IFPB-VISITANTE,84:f1:47:54:7f:22,-80,11
08/05/2026,07:08:57,24,PET Eng. Elétrica,IFPB,e4:4e:2d:85:4c:60,-87,11
08/05/2026,07:08:57,24,PET Eng. Elétrica,IFPB-VISITANTE,e4:4e:2d:85:4c:62,-87,11
08/05/2026,07:09:07,25,PET Eng. Elétrica,IFPB,84:f1:47:54:fd:c0,-74,6
08/05/2026,07:09:07,25,PET Eng. Elétrica,IFPB-VISITANTE,84:f1:47:54:fd:c2,-74,6
08/05/2026,07:09:07,25,PET Eng. Elétrica,IFPB,84:f1:47:54:96:e0,-77,1
08/05/2026,07:09:07,25,PET Eng. Elétrica,IFPB-VISITANTE,84:f1:47:54:96:e2,-77,1
08/05/2026,07:09:07,25,PET Eng. Elétrica,IFPB,84:f1:47:54:f9:80,-80,11
08/05/2026,07:09:07,25,PET Eng. Elétrica,IFPB-VISITANTE,84:f1:47:54:f9:82,-80,11
08/05/2026,07:09:07,25,PET Eng. Elétrica,IFPB,84:f1:47:54:95:e0,-80,11
08/05/2026,07:09:07,25,PET Eng. Elétrica,IFPB-VISITANTE,84:f1:47:54:95:e2,-80,11
08/05/2026,07:09:07,25,PET Eng. Elétrica,IFPB,84:f1:47:54:7f:20,-81,11
08/05/2026,07:09:07,25,PET Eng. Elétrica,IFPB-VISITANTE,84:f1:47:54:7f:22,-81,11
08/05/2026,07:09:08,25,PET Eng. Elétrica,IFPB,e4:4e:2d:85:4c:60,-88,11
08/05/2026,07:09:08,25,PET Eng. Elétrica,IFPB-VISITANTE,e4:4e:2d:85:4c:62,-89,11
08/05/2026,07:09:17,26,PET Eng. Elétrica,IFPB,84:f1:47:54:fd:c0,-75,6
08/05/2026,07:09:18,26,PET Eng. Elétrica,IFPB-VISITANTE,84:f1:47:54:fd:c2,-75,6
08/05/2026,07:09:18,26,PET Eng. Elétrica,IFPB,84:f1:47:54:96:e0,-76,1
08/05/2026,07:09:18,26,PET Eng. Elétrica,IFPB-VISITANTE,84:f1:47:54:96:e2,-76,1
08/05/2026,07:09:18,26,PET Eng. Elétrica,IFPB,84:f1:47:54:f9:80,-79,11
08/05/2026,07:09:18,26,PET Eng. Elétrica,IFPB-VISITANTE,84:f1:47:54:f9:82,-79,11
08/05/2026,07:09:18,26,PET Eng. Elétrica,IFPB-VISITANTE,84:f1:47:54:95:e2,-79,11
08/05/2026,07:09:18,26,PET Eng. Elétrica,IFPB,84:f1:47:54:95:e0,-80,11
08/05/2026,07:09:18,26,PET Eng. Elétrica,IFPB,84:f1:47:54:7f:20,-80,11
08/05/2026,07:09:18,26,PET Eng. Elétrica,IFPB-VISITANTE,84:f1:47:54:7f:22,-80,11
08/05/2026,07:09:18,26,PET Eng. Elétrica,IFPB-VISITANTE,e4:4e:2d:85:4c:62,-88,11
08/05/2026,07:09:18,26,PET Eng. Elétrica,IFPB,e4:4e:2d:85:4c:60,-89,11
08/05/2026,07:09:28,27,PET Eng. Elétrica,IFPB-VISITANTE,84:f1:47:54:96:e2,-75,1
08/05/2026,07:09:28,27,PET Eng. Elétrica,IFPB,84:f1:47:54:96:e0,-76,1
08/05/2026,07:09:28,27,PET Eng. Elétrica,IFPB,84:f1:47:54:fd:c0,-76,6
08/05/2026,07:09:28,27,PET Eng. Elétrica,IFPB-VISITANTE,84:f1:47:54:fd:c2,-76,6
08/05/2026,07:09:28,27,PET Eng. Elétrica,IFPB,84:f1:47:54:95:e0,-79,11
08/05/2026,07:09:28,27,PET Eng. Elétrica,IFPB-VISITANTE,84:f1:47:54:95:e2,-79,11
08/05/2026,07:09:28,27,PET Eng. Elétrica,IFPB,84:f1:47:54:7f:20,-80,11
08/05/2026,07:09:28,27,PET Eng. Elétrica,IFPB-VISITANTE,84:f1:47:54:7f:22,-80,11
08/05/2026,07:09:28,27,PET Eng. Elétrica,IFPB,84:f1:47:54:f9:80,-81,11
08/05/2026,07:09:28,27,PET Eng. Elétrica,IFPB-VISITANTE,84:f1:47:54:f9:82,-82,11
08/05/2026,07:09:28,27,PET Eng. Elétrica,IFPB,e4:4e:2d:85:4c:60,-86,11
08/05/2026,07:09:28,27,PET Eng. Elétrica,IFPB-VISITANTE,e4:4e:2d:85:4c:62,-87,11
08/05/2026,07:09:38,28,PET Eng. Elétrica,IFPB,84:f1:47:54:96:e0,-75,1
08/05/2026,07:09:38,28,PET Eng. Elétrica,IFPB-VISITANTE,84:f1:47:54:96:e2,-75,1
08/05/2026,07:09:38,28,PET Eng. Elétrica,IFPB,84:f1:47:54:fd:c0,-76,6
08/05/2026,07:09:38,28,PET Eng. Elétrica,IFPB-VISITANTE,84:f1:47:54:fd:c2,-76,6
08/05/2026,07:09:38,28,PET Eng. Elétrica,IFPB-VISITANTE,84:f1:47:54:7f:22,-79,11
08/05/2026,07:09:38,28,PET Eng. Elétrica,IFPB,84:f1:47:54:95:e0,-80,11
08/05/2026,07:09:38,28,PET Eng. Elétrica,IFPB-VISITANTE,84:f1:47:54:95:e2,-80,11
08/05/2026,07:09:38,28,PET Eng. Elétrica,IFPB,84:f1:47:54:7f:20,-80,11
08/05/2026,07:09:38,28,PET Eng. Elétrica,IFPB-VISITANTE,84:f1:47:54:f9:82,-82,11
08/05/2026,07:09:38,28,PET Eng. Elétrica,IFPB,84:f1:47:54:f9:80,-83,11
08/05/2026,07:09:38,28,PET Eng. Elétrica,IFPB,e4:4e:2d:85:4c:60,-87,11
08/05/2026,07:09:38,28,PET Eng. Elétrica,IFPB-VISITANTE,e4:4e:2d:85:4c:62,-87,11
08/05/2026,07:09:48,29,PET Eng. Elétrica,IFPB-VISITANTE,84:f1:47:54:96:e2,-75,1
08/05/2026,07:09:48,29,PET Eng. Elétrica,IFPB,84:f1:47:54:96:e0,-76,1
08/05/2026,07:09:48,29,PET Eng. Elétrica,IFPB,84:f1:47:54:fd:c0,-76,6
08/05/2026,07:09:48,29,PET Eng. Elétrica,IFPB-VISITANTE,84:f1:47:54:fd:c2,-76,6
08/05/2026,07:09:48,29,PET Eng. Elétrica,IFPB-VISITANTE,84:f1:47:54:f9:82,-80,11
08/05/2026,07:09:48,29,PET Eng. Elétrica,IFPB-VISITANTE,84:f1:47:54:95:e2,-80,11
08/05/2026,07:09:48,29,PET Eng. Elétrica,IFPB,84:f1:47:54:7f:20,-80,11
08/05/2026,07:09:48,29,PET Eng. Elétrica,IFPB-VISITANTE,84:f1:47:54:7f:22,-80,11
08/05/2026,07:09:48,29,PET Eng. Elétrica,IFPB,84:f1:47:54:95:e0,-81,11
08/05/2026,07:09:48,29,PET Eng. Elétrica,IFPB,84:f1:47:54:f9:80,-81,11
08/05/2026,07:09:58,30,PET Eng. Elétrica,IFPB-VISITANTE,84:f1:47:54:fd:c2,-76,6
08/05/2026,07:09:58,30,PET Eng. Elétrica,IFPB,84:f1:47:54:fd:c0,-76,6
08/05/2026,07:09:58,30,PET Eng. Elétrica,IFPB-VISITANTE,84:f1:47:54:96:e2,-80,1
08/05/2026,07:09:58,30,PET Eng. Elétrica,IFPB,84:f1:47:54:96:e0,-80,1
08/05/2026,07:09:58,30,PET Eng. Elétrica,IFPB-VISITANTE,84:f1:47:54:f9:82,-80,11
08/05/2026,07:09:58,30,PET Eng. Elétrica,IFPB,84:f1:47:54:7f:20,-80,11
08/05/2026,07:09:59,30,PET Eng. Elétrica,IFPB-VISITANTE,84:f1:47:54:7f:22,-80,11
08/05/2026,07:09:59,30,PET Eng. Elétrica,IFPB,84:f1:47:54:f9:80,-81,11
08/05/2026,07:09:59,30,PET Eng. Elétrica,IFPB,84:f1:47:54:95:e0,-84,11
08/05/2026,07:09:59,30,PET Eng. Elétrica,IFPB-VISITANTE,84:f1:47:54:95:e2,-85,11
08/05/2026,07:09:59,30,PET Eng. Elétrica,IFPB,e4:4e:2d:85:4c:60,-86,11
08/05/2026,07:09:59,30,PET Eng. Elétrica,IFPB-VISITANTE,e4:4e:2d:85:4c:62,-87,11
08/05/2026,07:10:26,31,Coordenação de Eng. Elétrica,IFPB,84:f1:47:54:95:e0,-64,11
08/05/2026,07:10:26,31,Coordenação de Eng. Elétrica,IFPB-VISITANTE,84:f1:47:54:95:e2,-64,11
08/05/2026,07:10:26,31,Coordenação de Eng. Elétrica,IFPB,84:f1:47:54:f9:80,-78,11
08/05/2026,07:10:26,31,Coordenação de Eng. Elétrica,IFPB-VISITANTE,84:f1:47:54:f9:82,-78,11
08/05/2026,07:10:26,31,Coordenação de Eng. Elétrica,IFPB,b8:11:4b:1d:14:80,-83,6
08/05/2026,07:10:26,31,Coordenação de Eng. Elétrica,IFPB-VISITANTE,b8:11:4b:1d:14:82,-83,6
08/05/2026,07:10:26,31,Coordenação de Eng. Elétrica,IFPB,84:f1:47:54:fd:c0,-88,6
08/05/2026,07:10:26,31,Coordenação de Eng. Elétrica,IFPB-VISITANTE,84:f1:47:54:fd:c2,-89,6
08/05/2026,07:10:36,32,Coordenação de Eng. Elétrica,IFPB-VISITANTE,84:f1:47:54:95:e2,-62,11
08/05/2026,07:10:36,32,Coordenação de Eng. Elétrica,IFPB,84:f1:47:54:95:e0,-63,11
08/05/2026,07:10:36,32,Coordenação de Eng. Elétrica,IFPB,84:f1:47:54:f9:80,-79,11
08/05/2026,07:10:36,32,Coordenação de Eng. Elétrica,IFPB-VISITANTE,84:f1:47:54:f9:82,-79,11
08/05/2026,07:10:36,32,Coordenação de Eng. Elétrica,IFPB,b8:11:4b:1d:14:80,-83,6
08/05/2026,07:10:36,32,Coordenação de Eng. Elétrica,IFPB-VISITANTE,b8:11:4b:1d:14:82,-84,6
08/05/2026,07:10:36,32,Coordenação de Eng. Elétrica,IFPB,84:f1:47:54:fd:c0,-86,6
08/05/2026,07:10:36,32,Coordenação de Eng. Elétrica,IFPB-VISITANTE,84:f1:47:54:fd:c2,-88,6
08/05/2026,07:10:36,32,Coordenação de Eng. Elétrica,IFPB,24:36:da:2b:5e:c0,-90,1
08/05/2026,07:10:36,32,Coordenação de Eng. Elétrica,IFPB-VISITANTE,24:36:da:2b:5e:c2,-90,1
08/05/2026,07:10:36,32,Coordenação de Eng. Elétrica,IFPB-VISITANTE,84:f1:47:54:eb:22,-91,6
08/05/2026,07:10:37,32,Coordenação de Eng. Elétrica,IFPB-VISITANTE,84:f1:47:54:7f:22,-91,11
08/05/2026,07:10:46,33,Coordenação de Eng. Elétrica,IFPB,84:f1:47:54:95:e0,-65,11
08/05/2026,07:10:46,33,Coordenação de Eng. Elétrica,IFPB-VISITANTE,84:f1:47:54:95:e2,-66,11
08/05/2026,07:10:46,33,Coordenação de Eng. Elétrica,IFPB,84:f1:47:54:f9:80,-78,11
08/05/2026,07:10:46,33,Coordenação de Eng. Elétrica,IFPB-VISITANTE,84:f1:47:54:f9:82,-78,11
08/05/2026,07:10:47,33,Coordenação de Eng. Elétrica,IFPB-VISITANTE,b8:11:4b:1d:14:82,-84,6
08/05/2026,07:10:47,33,Coordenação de Eng. Elétrica,IFPB,b8:11:4b:1d:14:80,-85,6
08/05/2026,07:10:47,33,Coordenação de Eng. Elétrica,IFPB-VISITANTE,84:f1:47:54:fd:c2,-86,6
08/05/2026,07:10:47,33,Coordenação de Eng. Elétrica,IFPB,84:f1:47:54:fd:c0,-87,6
08/05/2026,07:10:47,33,Coordenação de Eng. Elétrica,IFPB-VISITANTE,84:f1:47:54:7f:22,-92,11
08/05/2026,07:10:56,34,Coordenação de Eng. Elétrica,IFPB,84:f1:47:54:95:e0,-66,11
08/05/2026,07:10:56,34,Coordenação de Eng. Elétrica,IFPB-VISITANTE,84:f1:47:54:95:e2,-66,11
08/05/2026,07:10:57,34,Coordenação de Eng. Elétrica,IFPB,84:f1:47:54:f9:80,-79,11
08/05/2026,07:10:57,34,Coordenação de Eng. Elétrica,IFPB-VISITANTE,84:f1:47:54:f9:82,-79,11
08/05/2026,07:10:57,34,Coordenação de Eng. Elétrica,IFPB,b8:11:4b:1d:14:80,-82,6
08/05/2026,07:10:57,34,Coordenação de Eng. Elétrica,IFPB-VISITANTE,b8:11:4b:1d:14:82,-83,6
08/05/2026,07:10:57,34,Coordenação de Eng. Elétrica,IFPB,84:f1:47:54:fd:c0,-87,6
08/05/2026,07:10:57,34,Coordenação de Eng. Elétrica,IFPB-VISITANTE,84:f1:47:54:fd:c2,-88,6
08/05/2026,07:10:57,34,Coordenação de Eng. Elétrica,IFPB-VISITANTE,24:36:da:2b:5e:c2,-91,1
08/05/2026,07:10:57,34,Coordenação de Eng. Elétrica,IFPB,24:36:da:2b:5e:c0,-91,1
08/05/2026,07:11:06,35,Coordenação de Eng. Elétrica,IFPB,84:f1:47:54:95:e0,-64,11
08/05/2026,07:11:06,35,Coordenação de Eng. Elétrica,IFPB-VISITANTE,84:f1:47:54:95:e2,-64,11
08/05/2026,07:11:07,35,Coordenação de Eng. Elétrica,IFPB,b8:11:4b:1d:14:80,-83,6
08/05/2026,07:11:07,35,Coordenação de Eng. Elétrica,IFPB-VISITANTE,b8:11:4b:1d:14:82,-84,6
08/05/2026,07:11:07,35,Coordenação de Eng. Elétrica,IFPB,84:f1:47:54:f9:80,-84,11
08/05/2026,07:11:07,35,Coordenação de Eng. Elétrica,IFPB-VISITANTE,84:f1:47:54:f9:82,-84,11
08/05/2026,07:11:07,35,Coordenação de Eng. Elétrica,IFPB-VISITANTE,84:f1:47:54:fd:c2,-86,6
08/05/2026,07:11:07,35,Coordenação de Eng. Elétrica,IFPB,84:f1:47:54:fd:c0,-86,6
08/05/2026,07:11:07,35,Coordenação de Eng. Elétrica,IFPB-VISITANTE,24:36:da:2b:5e:c2,-88,1
08/05/2026,07:11:07,35,Coordenação de Eng. Elétrica,IFPB,24:36:da:2b:5e:c0,-90,1
08/05/2026,07:11:07,35,Coordenação de Eng. Elétrica,IFPB-VISITANTE,84:f1:47:54:7f:22,-91,11
08/05/2026,07:11:07,35,Coordenação de Eng. Elétrica,IFPB,84:f1:47:54:7f:20,-92,11
08/05/2026,07:11:17,36,Coordenação de Eng. Elétrica,IFPB,84:f1:47:54:95:e0,-66,11
08/05/2026,07:11:17,36,Coordenação de Eng. Elétrica,IFPB-VISITANTE,84:f1:47:54:95:e2,-66,11
08/05/2026,07:11:17,36,Coordenação de Eng. Elétrica,IFPB-VISITANTE,84:f1:47:54:f9:82,-79,11
08/05/2026,07:11:17,36,Coordenação de Eng. Elétrica,IFPB,84:f1:47:54:f9:80,-80,11
08/05/2026,07:11:17,36,Coordenação de Eng. Elétrica,IFPB-VISITANTE,b8:11:4b:1d:14:82,-82,6
08/05/2026,07:11:17,36,Coordenação de Eng. Elétrica,IFPB,b8:11:4b:1d:14:80,-83,6
08/05/2026,07:11:17,36,Coordenação de Eng. Elétrica,IFPB,84:f1:47:54:fd:c0,-86,6
08/05/2026,07:11:17,36,Coordenação de Eng. Elétrica,IFPB-VISITANTE,84:f1:47:54:fd:c2,-86,6
08/05/2026,07:11:17,36,Coordenação de Eng. Elétrica,IFPB-VISITANTE,24:36:da:2b:5e:c2,-88,1
08/05/2026,07:11:17,36,Coordenação de Eng. Elétrica,IFPB,24:36:da:2b:5e:c0,-90,1
08/05/2026,07:11:17,36,Coordenação de Eng. Elétrica,IFPB,84:f1:47:54:7f:20,-90,11
08/05/2026,07:11:17,36,Coordenação de Eng. Elétrica,IFPB-VISITANTE,84:f1:47:54:7f:22,-91,11
08/05/2026,07:11:27,37,Coordenação de Eng. Elétrica,IFPB,84:f1:47:54:95:e0,-64,11
08/05/2026,07:11:27,37,Coordenação de Eng. Elétrica,IFPB-VISITANTE,84:f1:47:54:95:e2,-64,11
08/05/2026,07:11:27,37,Coordenação de Eng. Elétrica,IFPB,84:f1:47:54:f9:80,-77,11
08/05/2026,07:11:27,37,Coordenação de Eng. Elétrica,IFPB-VISITANTE,84:f1:47:54:f9:82,-78,11
08/05/2026,07:11:27,37,Coordenação de Eng. Elétrica,IFPB-VISITANTE,b8:11:4b:1d:14:82,-83,6
08/05/2026,07:11:27,37,Coordenação de Eng. Elétrica,IFPB,b8:11:4b:1d:14:80,-83,6
08/05/2026,07:11:27,37,Coordenação de Eng. Elétrica,IFPB,84:f1:47:54:fd:c0,-86,6
08/05/2026,07:11:27,37,Coordenação de Eng. Elétrica,IFPB-VISITANTE,84:f1:47:54:fd:c2,-87,6
08/05/2026,07:11:27,37,Coordenação de Eng. Elétrica,IFPB,24:36:da:2b:5e:c0,-90,1
08/05/2026,07:11:27,37,Coordenação de Eng. Elétrica,IFPB-VISITANTE,84:f1:47:54:7f:22,-92,11
08/05/2026,07:11:37,38,Coordenação de Eng. Elétrica,IFPB-VISITANTE,84:f1:47:54:95:e2,-64,11
08/05/2026,07:11:37,38,Coordenação de Eng. Elétrica,IFPB,84:f1:47:54:95:e0,-66,11
08/05/2026,07:11:37,38,Coordenação de Eng. Elétrica,IFPB-VISITANTE,84:f1:47:54:f9:82,-77,11
08/05/2026,07:11:37,38,Coordenação de Eng. Elétrica,IFPB,84:f1:47:54:f9:80,-78,11
08/05/2026,07:11:37,38,Coordenação de Eng. Elétrica,IFPB,b8:11:4b:1d:14:80,-83,6
08/05/2026,07:11:37,38,Coordenação de Eng. Elétrica,IFPB-VISITANTE,b8:11:4b:1d:14:82,-83,6
08/05/2026,07:11:37,38,Coordenação de Eng. Elétrica,IFPB-VISITANTE,84:f1:47:54:fd:c2,-86,6
08/05/2026,07:11:38,38,Coordenação de Eng. Elétrica,IFPB,84:f1:47:54:fd:c0,-87,6
08/05/2026,07:11:38,38,Coordenação de Eng. Elétrica,IFPB,24:36:da:2b:5e:c0,-89,1
08/05/2026,07:11:38,38,Coordenação de Eng. Elétrica,IFPB-VISITANTE,24:36:da:2b:5e:c2,-90,1
08/05/2026,07:11:47,39,Coordenação de Eng. Elétrica,IFPB-VISITANTE,84:f1:47:54:95:e2,-66,11
08/05/2026,07:11:47,39,Coordenação de Eng. Elétrica,IFPB,84:f1:47:54:95:e0,-67,11
08/05/2026,07:11:47,39,Coordenação de Eng. Elétrica,IFPB,84:f1:47:54:f9:80,-79,11
08/05/2026,07:11:47,39,Coordenação de Eng. Elétrica,IFPB-VISITANTE,84:f1:47:54:f9:82,-79,11
08/05/2026,07:11:48,39,Coordenação de Eng. Elétrica,IFPB-VISITANTE,b8:11:4b:1d:14:82,-87,6
08/05/2026,07:11:48,39,Coordenação de Eng. Elétrica,IFPB,24:36:da:2b:5e:c0,-88,1
08/05/2026,07:11:48,39,Coordenação de Eng. Elétrica,IFPB,b8:11:4b:1d:14:80,-88,6
08/05/2026,07:11:48,39,Coordenação de Eng. Elétrica,IFPB-VISITANTE,24:36:da:2b:5e:c2,-91,1
08/05/2026,07:11:57,40,Coordenação de Eng. Elétrica,IFPB,84:f1:47:54:95:e0,-63,11
08/05/2026,07:11:57,40,Coordenação de Eng. Elétrica,IFPB-VISITANTE,84:f1:47:54:95:e2,-63,11
08/05/2026,07:11:58,40,Coordenação de Eng. Elétrica,IFPB,84:f1:47:54:f9:80,-79,11
08/05/2026,07:11:58,40,Coordenação de Eng. Elétrica,IFPB-VISITANTE,84:f1:47:54:f9:82,-80,11
08/05/2026,07:11:58,40,Coordenação de Eng. Elétrica,IFPB,b8:11:4b:1d:14:80,-83,6
08/05/2026,07:11:58,40,Coordenação de Eng. Elétrica,IFPB-VISITANTE,b8:11:4b:1d:14:82,-83,6
08/05/2026,07:11:58,40,Coordenação de Eng. Elétrica,IFPB,84:f1:47:54:fd:c0,-84,6
08/05/2026,07:11:58,40,Coordenação de Eng. Elétrica,IFPB-VISITANTE,84:f1:47:54:fd:c2,-85,6
08/05/2026,07:11:58,40,Coordenação de Eng. Elétrica,IFPB-VISITANTE,24:36:da:2b:5e:c2,-89,1
08/05/2026,07:11:58,40,Coordenação de Eng. Elétrica,IFPB,24:36:da:2b:5e:c0,-89,1
08/05/2026,07:12:51,41,Auditório de Eng. Elétrica,IFPB,84:f1:47:54:f9:80,-72,11
08/05/2026,07:12:51,41,Auditório de Eng. Elétrica,IFPB-VISITANTE,84:f1:47:54:f9:82,-74,11
08/05/2026,07:12:51,41,Auditório de Eng. Elétrica,IFPB-VISITANTE,84:f1:47:54:8b:a2,-78,1
08/05/2026,07:12:51,41,Auditório de Eng. Elétrica,IFPB,84:f1:47:54:8b:a0,-78,1
08/05/2026,07:12:51,41,Auditório de Eng. Elétrica,IFPB,84:f1:47:54:96:e0,-80,1
08/05/2026,07:12:51,41,Auditório de Eng. Elétrica,IFPB-VISITANTE,84:f1:47:54:96:e2,-80,1
08/05/2026,07:12:51,41,Auditório de Eng. Elétrica,IFPB,24:36:da:2b:5e:c0,-82,1
08/05/2026,07:12:51,41,Auditório de Eng. Elétrica,IFPB-VISITANTE,24:36:da:2b:5e:c2,-84,1
08/05/2026,07:12:51,41,Auditório de Eng. Elétrica,IFPB,84:f1:47:54:6b:80,-85,6
08/05/2026,07:12:51,41,Auditório de Eng. Elétrica,IFPB-VISITANTE,84:f1:47:54:6b:82,-85,6
08/05/2026,07:13:01,42,Auditório de Eng. Elétrica,IFPB-VISITANTE,84:f1:47:54:f9:82,-72,11
08/05/2026,07:13:01,42,Auditório de Eng. Elétrica,IFPB,84:f1:47:54:f9:80,-73,11
08/05/2026,07:13:01,42,Auditório de Eng. Elétrica,IFPB-VISITANTE,84:f1:47:54:6b:82,-77,6
08/05/2026,07:13:01,42,Auditório de Eng. Elétrica,IFPB,84:f1:47:54:6b:80,-78,6
08/05/2026,07:13:01,42,Auditório de Eng. Elétrica,IFPB,84:f1:47:54:8b:a0,-80,1
08/05/2026,07:13:01,42,Auditório de Eng. Elétrica,IFPB-VISITANTE,84:f1:47:54:8b:a2,-80,1
08/05/2026,07:13:01,42,Auditório de Eng. Elétrica,IFPB-VISITANTE,24:36:da:2b:5e:c2,-80,1
08/05/2026,07:13:01,42,Auditório de Eng. Elétrica,IFPB,24:36:da:2b:5e:c0,-81,1
08/05/2026,07:13:01,42,Auditório de Eng. Elétrica,IFPB,84:f1:47:54:96:e0,-86,1
08/05/2026,07:13:01,42,Auditório de Eng. Elétrica,IFPB-VISITANTE,84:f1:47:54:96:e2,-87,1
08/05/2026,07:13:11,43,Auditório de Eng. Elétrica,IFPB,84:f1:47:54:8b:a0,-74,1
08/05/2026,07:13:11,43,Auditório de Eng. Elétrica,IFPB-VISITANTE,84:f1:47:54:8b:a2,-74,1
08/05/2026,07:13:11,43,Auditório de Eng. Elétrica,IFPB,84:f1:47:54:6b:80,-75,6
08/05/2026,07:13:11,43,Auditório de Eng. Elétrica,IFPB-VISITANTE,84:f1:47:54:6b:82,-75,6
08/05/2026,07:13:11,43,Auditório de Eng. Elétrica,IFPB,84:f1:47:54:f9:80,-75,11
08/05/2026,07:13:11,43,Auditório de Eng. Elétrica,IFPB-VISITANTE,84:f1:47:54:f9:82,-75,11
08/05/2026,07:13:11,43,Auditório de Eng. Elétrica,IFPB-VISITANTE,24:36:da:2b:5e:c2,-86,1
08/05/2026,07:13:11,43,Auditório de Eng. Elétrica,IFPB-VISITANTE,84:f1:47:54:96:e2,-86,1
08/05/2026,07:13:11,43,Auditório de Eng. Elétrica,IFPB,84:f1:47:54:eb:20,-86,6
08/05/2026,07:13:11,43,Auditório de Eng. Elétrica,IFPB,24:36:da:2b:5e:c0,-87,1
08/05/2026,07:13:11,43,Auditório de Eng. Elétrica,IFPB-VISITANTE,84:f1:47:54:eb:22,-87,6
08/05/2026,07:13:11,43,Auditório de Eng. Elétrica,IFPB,84:f1:47:54:96:e0,-88,1
08/05/2026,07:13:12,43,Auditório de Eng. Elétrica,IFPB,84:f1:47:54:95:e0,-89,11
08/05/2026,07:13:12,43,Auditório de Eng. Elétrica,IFPB-VISITANTE,e4:4e:2d:85:4c:62,-89,11
08/05/2026,07:13:12,43,Auditório de Eng. Elétrica,IFPB,e4:4e:2d:85:4c:60,-90,11
08/05/2026,07:13:21,44,Auditório de Eng. Elétrica,IFPB-VISITANTE,84:f1:47:54:8b:a2,-72,1
08/05/2026,07:13:21,44,Auditório de Eng. Elétrica,IFPB,84:f1:47:54:8b:a0,-73,1
08/05/2026,07:13:21,44,Auditório de Eng. Elétrica,IFPB,84:f1:47:54:f9:80,-73,11
08/05/2026,07:13:21,44,Auditório de Eng. Elétrica,IFPB-VISITANTE,84:f1:47:54:f9:82,-73,11
08/05/2026,07:13:22,44,Auditório de Eng. Elétrica,IFPB,84:f1:47:54:6b:80,-75,6
08/05/2026,07:13:22,44,Auditório de Eng. Elétrica,IFPB-VISITANTE,84:f1:47:54:6b:82,-76,6
08/05/2026,07:13:22,44,Auditório de Eng. Elétrica,IFPB-VISITANTE,84:f1:47:54:96:e2,-84,1
08/05/2026,07:13:22,44,Auditório de Eng. Elétrica,IFPB,84:f1:47:54:96:e0,-85,1
08/05/2026,07:13:22,44,Auditório de Eng. Elétrica,IFPB,24:36:da:2b:5e:c0,-89,1
08/05/2026,07:13:22,44,Auditório de Eng. Elétrica,IFPB-VISITANTE,24:36:da:2b:5e:c2,-89,1
08/05/2026,07:13:22,44,Auditório de Eng. Elétrica,IFPB,84:f1:47:54:95:e0,-90,11
08/05/2026,07:13:32,45,Auditório de Eng. Elétrica,IFPB,84:f1:47:54:f9:80,-71,11
08/05/2026,07:13:32,45,Auditório de Eng. Elétrica,IFPB-VISITANTE,84:f1:47:54:f9:82,-71,11
08/05/2026,07:13:32,45,Auditório de Eng. Elétrica,IFPB,84:f1:47:54:8b:a0,-73,1
08/05/2026,07:13:32,45,Auditório de Eng. Elétrica,IFPB-VISITANTE,84:f1:47:54:8b:a2,-73,1
08/05/2026,07:13:32,45,Auditório de Eng. Elétrica,IFPB-VISITANTE,84:f1:47:54:6b:82,-76,6
08/05/2026,07:13:32,45,Auditório de Eng. Elétrica,IFPB,84:f1:47:54:6b:80,-77,6
08/05/2026,07:13:32,45,Auditório de Eng. Elétrica,IFPB-VISITANTE,84:f1:47:54:96:e2,-84,1
08/05/2026,07:13:32,45,Auditório de Eng. Elétrica,IFPB,84:f1:47:54:96:e0,-85,1
08/05/2026,07:13:32,45,Auditório de Eng. Elétrica,IFPB-VISITANTE,24:36:da:2b:5e:c2,-87,1
08/05/2026,07:13:32,45,Auditório de Eng. Elétrica,IFPB,24:36:da:2b:5e:c0,-88,1
08/05/2026,07:13:32,45,Auditório de Eng. Elétrica,IFPB,84:f1:47:54:eb:20,-88,6
08/05/2026,07:13:32,45,Auditório de Eng. Elétrica,IFPB-VISITANTE,24:36:da:2b:bc:02,-89,6
08/05/2026,07:13:32,45,Auditório de Eng. Elétrica,IFPB-VISITANTE,84:f1:47:54:95:e2,-89,11
08/05/2026,07:13:42,46,Auditório de Eng. Elétrica,IFPB,84:f1:47:54:8b:a0,-71,1
08/05/2026,07:13:42,46,Auditório de Eng. Elétrica,IFPB-VISITANTE,84:f1:47:54:8b:a2,-71,1
08/05/2026,07:13:42,46,Auditório de Eng. Elétrica,IFPB-VISITANTE,84:f1:47:54:f9:82,-74,11
08/05/2026,07:13:42,46,Auditório de Eng. Elétrica,IFPB,84:f1:47:54:f9:80,-75,11
08/05/2026,07:13:42,46,Auditório de Eng. Elétrica,IFPB,84:f1:47:54:6b:80,-77,6
08/05/2026,07:13:42,46,Auditório de Eng. Elétrica,IFPB-VISITANTE,84:f1:47:54:6b:82,-77,6
08/05/2026,07:13:42,46,Auditório de Eng. Elétrica,IFPB-VISITANTE,84:f1:47:54:96:e2,-83,1
08/05/2026,07:13:42,46,Auditório de Eng. Elétrica,IFPB,84:f1:47:54:96:e0,-84,1
08/05/2026,07:13:42,46,Auditório de Eng. Elétrica,IFPB-VISITANTE,24:36:da:2b:5e:c2,-86,1
08/05/2026,07:13:42,46,Auditório de Eng. Elétrica,IFPB,24:36:da:2b:5e:c0,-88,1
08/05/2026,07:13:42,46,Auditório de Eng. Elétrica,IFPB-VISITANTE,84:f1:47:54:eb:22,-89,6
08/05/2026,07:13:42,46,Auditório de Eng. Elétrica,IFPB,84:f1:47:54:eb:20,-90,6
08/05/2026,07:13:42,46,Auditório de Eng. Elétrica,IFPB,24:36:da:2b:bc:00,-92,6
08/05/2026,07:13:42,46,Auditório de Eng. Elétrica,IFPB-VISITANTE,e4:4e:2d:85:4c:62,-92,11
08/05/2026,07:13:52,47,Auditório de Eng. Elétrica,IFPB,84:f1:47:54:8b:a0,-72,1
08/05/2026,07:13:52,47,Auditório de Eng. Elétrica,IFPB-VISITANTE,84:f1:47:54:8b:a2,-72,1
08/05/2026,07:13:52,47,Auditório de Eng. Elétrica,IFPB,84:f1:47:54:f9:80,-72,11
08/05/2026,07:13:52,47,Auditório de Eng. Elétrica,IFPB-VISITANTE,84:f1:47:54:f9:82,-72,11
08/05/2026,07:13:52,47,Auditório de Eng. Elétrica,IFPB,84:f1:47:54:6b:80,-75,6
08/05/2026,07:13:52,47,Auditório de Eng. Elétrica,IFPB-VISITANTE,84:f1:47:54:6b:82,-76,6
08/05/2026,07:13:52,47,Auditório de Eng. Elétrica,IFPB,84:f1:47:54:96:e0,-81,1
08/05/2026,07:13:52,47,Auditório de Eng. Elétrica,IFPB-VISITANTE,84:f1:47:54:96:e2,-81,1
08/05/2026,07:13:52,47,Auditório de Eng. Elétrica,IFPB-VISITANTE,24:36:da:2b:5e:c2,-82,1
08/05/2026,07:13:52,47,Auditório de Eng. Elétrica,IFPB,24:36:da:2b:5e:c0,-83,1
08/05/2026,07:13:52,47,Auditório de Eng. Elétrica,IFPB,84:f1:47:54:eb:20,-89,6
08/05/2026,07:13:52,47,Auditório de Eng. Elétrica,IFPB-VISITANTE,84:f1:47:54:eb:22,-89,6
08/05/2026,07:13:52,47,Auditório de Eng. Elétrica,IFPB,84:f1:47:54:95:e0,-89,11
08/05/2026,07:13:52,47,Auditório de Eng. Elétrica,IFPB-VISITANTE,84:f1:47:54:95:e2,-90,11
08/05/2026,07:14:02,48,Auditório de Eng. Elétrica,IFPB,84:f1:47:54:8b:a0,-71,1
08/05/2026,07:14:02,48,Auditório de Eng. Elétrica,IFPB-VISITANTE,84:f1:47:54:8b:a2,-72,1
08/05/2026,07:14:02,48,Auditório de Eng. Elétrica,IFPB,84:f1:47:54:6b:80,-73,6
08/05/2026,07:14:02,48,Auditório de Eng. Elétrica,IFPB-VISITANTE,84:f1:47:54:6b:82,-74,6
08/05/2026,07:14:02,48,Auditório de Eng. Elétrica,IFPB,84:f1:47:54:f9:80,-75,11
08/05/2026,07:14:02,48,Auditório de Eng. Elétrica,IFPB-VISITANTE,84:f1:47:54:f9:82,-76,11
08/05/2026,07:14:02,48,Auditório de Eng. Elétrica,IFPB-VISITANTE,84:f1:47:54:96:e2,-84,1
08/05/2026,07:14:02,48,Auditório de Eng. Elétrica,IFPB,24:36:da:2b:5e:c0,-85,1
08/05/2026,07:14:02,48,Auditório de Eng. Elétrica,IFPB-VISITANTE,24:36:da:2b:5e:c2,-85,1
08/05/2026,07:14:02,48,Auditório de Eng. Elétrica,IFPB,84:f1:47:54:96:e0,-85,1
08/05/2026,07:14:02,48,Auditório de Eng. Elétrica,IFPB-VISITANTE,84:f1:47:54:95:e2,-90,11
08/05/2026,07:14:02,48,Auditório de Eng. Elétrica,IFPB,84:f1:47:54:95:e0,-91,11
08/05/2026,07:14:02,48,Auditório de Eng. Elétrica,IFPB,e4:4e:2d:85:4c:60,-91,11
08/05/2026,07:14:12,49,Auditório de Eng. Elétrica,IFPB,84:f1:47:54:f9:80,-68,11
08/05/2026,07:14:12,49,Auditório de Eng. Elétrica,IFPB-VISITANTE,84:f1:47:54:f9:82,-68,11
08/05/2026,07:14:12,49,Auditório de Eng. Elétrica,IFPB-VISITANTE,84:f1:47:54:8b:a2,-69,1
08/05/2026,07:14:12,49,Auditório de Eng. Elétrica,IFPB,84:f1:47:54:8b:a0,-70,1
08/05/2026,07:14:12,49,Auditório de Eng. Elétrica,IFPB,84:f1:47:54:6b:80,-75,6
08/05/2026,07:14:12,49,Auditório de Eng. Elétrica,IFPB-VISITANTE,84:f1:47:54:6b:82,-76,6
08/05/2026,07:14:12,49,Auditório de Eng. Elétrica,IFPB,84:f1:47:54:96:e0,-82,1
08/05/2026,07:14:12,49,Auditório de Eng. Elétrica,IFPB-VISITANTE,84:f1:47:54:96:e2,-82,1
08/05/2026,07:14:13,49,Auditório de Eng. Elétrica,IFPB,24:36:da:2b:5e:c0,-86,1
08/05/2026,07:14:13,49,Auditório de Eng. Elétrica,IFPB-VISITANTE,24:36:da:2b:5e:c2,-88,1
08/05/2026,07:14:13,49,Auditório de Eng. Elétrica,IFPB,84:f1:47:54:95:e0,-89,11
08/05/2026,07:14:13,49,Auditório de Eng. Elétrica,IFPB-VISITANTE,84:f1:47:54:95:e2,-89,11
08/05/2026,07:14:22,50,Auditório de Eng. Elétrica,IFPB,84:f1:47:54:f9:80,-69,11
08/05/2026,07:14:22,50,Auditório de Eng. Elétrica,IFPB-VISITANTE,84:f1:47:54:f9:82,-69,11
08/05/2026,07:14:23,50,Auditório de Eng. Elétrica,IFPB,84:f1:47:54:6b:80,-74,6
08/05/2026,07:14:23,50,Auditório de Eng. Elétrica,IFPB-VISITANTE,84:f1:47:54:6b:82,-74,6
08/05/2026,07:14:23,50,Auditório de Eng. Elétrica,IFPB,84:f1:47:54:8b:a0,-76,1
08/05/2026,07:14:23,50,Auditório de Eng. Elétrica,IFPB-VISITANTE,84:f1:47:54:8b:a2,-77,1
08/05/2026,07:14:23,50,Auditório de Eng. Elétrica,IFPB,84:f1:47:54:96:e0,-79,1
08/05/2026,07:14:23,50,Auditório de Eng. Elétrica,IFPB-VISITANTE,84:f1:47:54:96:e2,-80,1
08/05/2026,07:14:23,50,Auditório de Eng. Elétrica,IFPB,24:36:da:2b:5e:c0,-83,1
08/05/2026,07:14:23,50,Auditório de Eng. Elétrica,IFPB-VISITANTE,24:36:da:2b:5e:c2,-83,1
08/05/2026,07:14:49,51,Lab. de Instrumentação biomédica,IFPB,84:f1:47:54:96:e0,-66,1
08/05/2026,07:14:49,51,Lab. de Instrumentação biomédica,IFPB-VISITANTE,84:f1:47:54:96:e2,-67,1
08/05/2026,07:14:49,51,Lab. de Instrumentação biomédica,IFPB,e4:4e:2d:85:4c:60,-75,11
08/05/2026,07:14:49,51,Lab. de Instrumentação biomédica,IFPB-VISITANTE,e4:4e:2d:85:4c:62,-75,11
08/05/2026,07:14:49,51,Lab. de Instrumentação biomédica,IFPB,84:f1:47:54:f9:80,-79,11
08/05/2026,07:14:49,51,Lab. de Instrumentação biomédica,IFPB-VISITANTE,84:f1:47:54:f9:82,-79,11
08/05/2026,07:14:49,51,Lab. de Instrumentação biomédica,IFPB,24:36:da:2b:bc:00,-80,6
08/05/2026,07:14:49,51,Lab. de Instrumentação biomédica,IFPB-VISITANTE,24:36:da:2b:bc:02,-80,6
08/05/2026,07:14:49,51,Lab. de Instrumentação biomédica,IFPB,84:f1:47:54:8b:a0,-81,1
08/05/2026,07:14:49,51,Lab. de Instrumentação biomédica,IFPB-VISITANTE,84:f1:47:54:8b:a2,-82,1
08/05/2026,07:14:49,51,Lab. de Instrumentação biomédica,IFPB-VISITANTE,24:36:da:2b:5e:c2,-83,1
08/05/2026,07:14:49,51,Lab. de Instrumentação biomédica,IFPB,24:36:da:2b:5e:c0,-84,1
08/05/2026,07:14:49,51,Lab. de Instrumentação biomédica,IFPB,84:f1:47:54:6b:80,-87,6
08/05/2026,07:14:49,51,Lab. de Instrumentação biomédica,IFPB-VISITANTE,84:f1:47:54:6b:82,-88,6
08/05/2026,07:14:59,52,Lab. de Instrumentação biomédica,IFPB,84:f1:47:54:96:e0,-68,1
08/05/2026,07:14:59,52,Lab. de Instrumentação biomédica,IFPB-VISITANTE,84:f1:47:54:96:e2,-69,1
08/05/2026,07:14:59,52,Lab. de Instrumentação biomédica,IFPB,e4:4e:2d:85:4c:60,-75,11
08/05/2026,07:14:59,52,Lab. de Instrumentação biomédica,IFPB-VISITANTE,e4:4e:2d:85:4c:62,-75,11
08/05/2026,07:14:59,52,Lab. de Instrumentação biomédica,IFPB,84:f1:47:54:f9:80,-77,11
08/05/2026,07:14:59,52,Lab. de Instrumentação biomédica,IFPB-VISITANTE,84:f1:47:54:f9:82,-77,11
08/05/2026,07:14:59,52,Lab. de Instrumentação biomédica,IFPB-VISITANTE,84:f1:47:54:8b:a2,-79,1
08/05/2026,07:14:59,52,Lab. de Instrumentação biomédica,IFPB,84:f1:47:54:8b:a0,-80,1
08/05/2026,07:14:59,52,Lab. de Instrumentação biomédica,IFPB-VISITANTE,24:36:da:2b:bc:02,-80,6
08/05/2026,07:14:59,52,Lab. de Instrumentação biomédica,IFPB,24:36:da:2b:bc:00,-80,6
08/05/2026,07:14:59,52,Lab. de Instrumentação biomédica,IFPB,24:36:da:2b:5e:c0,-86,1
08/05/2026,07:14:59,52,Lab. de Instrumentação biomédica,IFPB-VISITANTE,24:36:da:2b:5e:c2,-86,1
08/05/2026,07:14:59,52,Lab. de Instrumentação biomédica,IFPB,84:f1:47:54:6b:80,-88,6
08/05/2026,07:14:59,52,Lab. de Instrumentação biomédica,IFPB-VISITANTE,84:f1:47:54:6b:82,-89,6
08/05/2026,07:15:09,53,Lab. de Instrumentação biomédica,IFPB,84:f1:47:54:96:e0,-71,1
08/05/2026,07:15:09,53,Lab. de Instrumentação biomédica,IFPB-VISITANTE,84:f1:47:54:96:e2,-72,1
08/05/2026,07:15:09,53,Lab. de Instrumentação biomédica,IFPB,e4:4e:2d:85:4c:60,-74,11
08/05/2026,07:15:09,53,Lab. de Instrumentação biomédica,IFPB-VISITANTE,e4:4e:2d:85:4c:62,-75,11
08/05/2026,07:15:09,53,Lab. de Instrumentação biomédica,IFPB,84:f1:47:54:8b:a0,-78,1
08/05/2026,07:15:09,53,Lab. de Instrumentação biomédica,IFPB-VISITANTE,84:f1:47:54:8b:a2,-78,1
08/05/2026,07:15:09,53,Lab. de Instrumentação biomédica,IFPB,84:f1:47:54:f9:80,-79,11
08/05/2026,07:15:09,53,Lab. de Instrumentação biomédica,IFPB-VISITANTE,84:f1:47:54:f9:82,-79,11
08/05/2026,07:15:09,53,Lab. de Instrumentação biomédica,IFPB,24:36:da:2b:bc:00,-82,6
08/05/2026,07:15:09,53,Lab. de Instrumentação biomédica,IFPB-VISITANTE,24:36:da:2b:bc:02,-83,6
08/05/2026,07:15:09,53,Lab. de Instrumentação biomédica,IFPB,24:36:da:2b:5e:c0,-86,1
08/05/2026,07:15:10,53,Lab. de Instrumentação biomédica,IFPB-VISITANTE,24:36:da:2b:5e:c2,-86,1
08/05/2026,07:15:10,53,Lab. de Instrumentação biomédica,IFPB-VISITANTE,84:f1:47:54:6b:82,-87,6
08/05/2026,07:15:10,53,Lab. de Instrumentação biomédica,IFPB,84:f1:47:54:6b:80,-88,6
08/05/2026,07:15:19,54,Lab. de Instrumentação biomédica,IFPB,84:f1:47:54:96:e0,-71,1
08/05/2026,07:15:19,54,Lab. de Instrumentação biomédica,IFPB-VISITANTE,84:f1:47:54:96:e2,-71,1
08/05/2026,07:15:19,54,Lab. de Instrumentação biomédica,IFPB,e4:4e:2d:85:4c:60,-75,11
08/05/2026,07:15:19,54,Lab. de Instrumentação biomédica,IFPB-VISITANTE,e4:4e:2d:85:4c:62,-75,11
08/05/2026,07:15:20,54,Lab. de Instrumentação biomédica,IFPB-VISITANTE,84:f1:47:54:f9:82,-77,11
08/05/2026,07:15:20,54,Lab. de Instrumentação biomédica,IFPB,84:f1:47:54:8b:a0,-78,1
08/05/2026,07:15:20,54,Lab. de Instrumentação biomédica,IFPB,84:f1:47:54:f9:80,-78,11
08/05/2026,07:15:20,54,Lab. de Instrumentação biomédica,IFPB-VISITANTE,84:f1:47:54:8b:a2,-79,1
08/05/2026,07:15:20,54,Lab. de Instrumentação biomédica,IFPB,24:36:da:2b:bc:00,-82,6
08/05/2026,07:15:20,54,Lab. de Instrumentação biomédica,IFPB-VISITANTE,24:36:da:2b:bc:02,-82,6
08/05/2026,07:15:20,54,Lab. de Instrumentação biomédica,IFPB,24:36:da:2b:5e:c0,-87,1
08/05/2026,07:15:20,54,Lab. de Instrumentação biomédica,IFPB,84:f1:47:54:6b:80,-87,6
08/05/2026,07:15:20,54,Lab. de Instrumentação biomédica,IFPB-VISITANTE,84:f1:47:54:6b:82,-87,6
08/05/2026,07:15:20,54,Lab. de Instrumentação biomédica,IFPB-VISITANTE,24:36:da:2b:5e:c2,-88,1
08/05/2026,07:15:30,55,Lab. de Instrumentação biomédica,IFPB-VISITANTE,84:f1:47:54:96:e2,-73,1
08/05/2026,07:15:30,55,Lab. de Instrumentação biomédica,IFPB,84:f1:47:54:96:e0,-73,1
08/05/2026,07:15:30,55,Lab. de Instrumentação biomédica,IFPB,e4:4e:2d:85:4c:60,-77,11
08/05/2026,07:15:30,55,Lab. de Instrumentação biomédica,IFPB-VISITANTE,e4:4e:2d:85:4c:62,-77,11
08/05/2026,07:15:30,55,Lab. de Instrumentação biomédica,IFPB,84:f1:47:54:8b:a0,-78,1
08/05/2026,07:15:30,55,Lab. de Instrumentação biomédica,IFPB-VISITANTE,84:f1:47:54:8b:a2,-79,1
08/05/2026,07:15:30,55,Lab. de Instrumentação biomédica,IFPB,84:f1:47:54:f9:80,-80,11
08/05/2026,07:15:30,55,Lab. de Instrumentação biomédica,IFPB-VISITANTE,84:f1:47:54:f9:82,-80,11
08/05/2026,07:15:30,55,Lab. de Instrumentação biomédica,IFPB-VISITANTE,24:36:da:2b:bc:02,-81,6
08/05/2026,07:15:30,55,Lab. de Instrumentação biomédica,IFPB,24:36:da:2b:bc:00,-81,6
08/05/2026,07:15:30,55,Lab. de Instrumentação biomédica,IFPB-VISITANTE,84:f1:47:54:6b:82,-87,6
08/05/2026,07:15:30,55,Lab. de Instrumentação biomédica,IFPB-VISITANTE,24:36:da:2b:5e:c2,-88,1
08/05/2026,07:15:30,55,Lab. de Instrumentação biomédica,IFPB,24:36:da:2b:5e:c0,-89,1
08/05/2026,07:15:30,55,Lab. de Instrumentação biomédica,IFPB,84:f1:47:54:6b:80,-89,6
08/05/2026,07:15:40,56,Lab. de Instrumentação biomédica,IFPB-VISITANTE,84:f1:47:54:96:e2,-67,1
08/05/2026,07:15:40,56,Lab. de Instrumentação biomédica,IFPB,84:f1:47:54:96:e0,-67,1
08/05/2026,07:15:40,56,Lab. de Instrumentação biomédica,IFPB-VISITANTE,e4:4e:2d:85:4c:62,-77,11
08/05/2026,07:15:40,56,Lab. de Instrumentação biomédica,IFPB,84:f1:47:54:f9:80,-78,11
08/05/2026,07:15:40,56,Lab. de Instrumentação biomédica,IFPB,e4:4e:2d:85:4c:60,-78,11
08/05/2026,07:15:40,56,Lab. de Instrumentação biomédica,IFPB-VISITANTE,84:f1:47:54:f9:82,-78,11
08/05/2026,07:15:40,56,Lab. de Instrumentação biomédica,IFPB,84:f1:47:54:8b:a0,-82,1
08/05/2026,07:15:40,56,Lab. de Instrumentação biomédica,IFPB-VISITANTE,84:f1:47:54:8b:a2,-83,1
08/05/2026,07:15:40,56,Lab. de Instrumentação biomédica,IFPB-VISITANTE,24:36:da:2b:bc:02,-85,6
08/05/2026,07:15:40,56,Lab. de Instrumentação biomédica,IFPB,24:36:da:2b:bc:00,-85,6
08/05/2026,07:15:40,56,Lab. de Instrumentação biomédica,IFPB-VISITANTE,24:36:da:2b:5e:c2,-86,1
08/05/2026,07:15:40,56,Lab. de Instrumentação biomédica,IFPB,24:36:da:2b:5e:c0,-87,1
08/05/2026,07:15:40,56,Lab. de Instrumentação biomédica,IFPB-VISITANTE,84:f1:47:54:6b:82,-88,6
08/05/2026,07:15:40,56,Lab. de Instrumentação biomédica,IFPB,84:f1:47:54:6b:80,-89,6
08/05/2026,07:15:50,57,Lab. de Instrumentação biomédica,IFPB,84:f1:47:54:96:e0,-67,1
08/05/2026,07:15:50,57,Lab. de Instrumentação biomédica,IFPB-VISITANTE,84:f1:47:54:96:e2,-67,1
08/05/2026,07:15:50,57,Lab. de Instrumentação biomédica,IFPB,84:f1:47:54:f9:80,-77,11
08/05/2026,07:15:50,57,Lab. de Instrumentação biomédica,IFPB-VISITANTE,84:f1:47:54:f9:82,-77,11
08/05/2026,07:15:50,57,Lab. de Instrumentação biomédica,IFPB,84:f1:47:54:8b:a0,-81,1
08/05/2026,07:15:50,57,Lab. de Instrumentação biomédica,IFPB-VISITANTE,84:f1:47:54:8b:a2,-81,1
08/05/2026,07:15:50,57,Lab. de Instrumentação biomédica,IFPB-VISITANTE,e4:4e:2d:85:4c:62,-82,11
08/05/2026,07:15:50,57,Lab. de Instrumentação biomédica,IFPB,e4:4e:2d:85:4c:60,-83,11
08/05/2026,07:15:50,57,Lab. de Instrumentação biomédica,IFPB,24:36:da:2b:bc:00,-84,6
08/05/2026,07:15:50,57,Lab. de Instrumentação biomédica,IFPB,24:36:da:2b:5e:c0,-85,1
08/05/2026,07:15:50,57,Lab. de Instrumentação biomédica,IFPB-VISITANTE,24:36:da:2b:bc:02,-85,6
08/05/2026,07:15:51,57,Lab. de Instrumentação biomédica,IFPB-VISITANTE,24:36:da:2b:5e:c2,-86,1
08/05/2026,07:15:51,57,Lab. de Instrumentação biomédica,IFPB-VISITANTE,84:f1:47:54:6b:82,-87,6
08/05/2026,07:15:51,57,Lab. de Instrumentação biomédica,IFPB,84:f1:47:54:6b:80,-88,6
08/05/2026,07:16:01,58,Lab. de Instrumentação biomédica,IFPB-VISITANTE,84:f1:47:54:f9:82,-74,11
08/05/2026,07:16:01,58,Lab. de Instrumentação biomédica,IFPB,84:f1:47:54:96:e0,-75,1
08/05/2026,07:16:01,58,Lab. de Instrumentação biomédica,IFPB-VISITANTE,84:f1:47:54:96:e2,-75,1
08/05/2026,07:16:01,58,Lab. de Instrumentação biomédica,IFPB,84:f1:47:54:f9:80,-76,11
08/05/2026,07:16:01,58,Lab. de Instrumentação biomédica,IFPB,e4:4e:2d:85:4c:60,-78,11
08/05/2026,07:16:01,58,Lab. de Instrumentação biomédica,IFPB-VISITANTE,e4:4e:2d:85:4c:62,-78,11
08/05/2026,07:16:01,58,Lab. de Instrumentação biomédica,IFPB-VISITANTE,84:f1:47:54:8b:a2,-79,1
08/05/2026,07:16:01,58,Lab. de Instrumentação biomédica,IFPB,84:f1:47:54:8b:a0,-79,1
08/05/2026,07:16:01,58,Lab. de Instrumentação biomédica,IFPB,24:36:da:2b:bc:00,-80,6
08/05/2026,07:16:01,58,Lab. de Instrumentação biomédica,IFPB-VISITANTE,24:36:da:2b:bc:02,-80,6
08/05/2026,07:16:01,58,Lab. de Instrumentação biomédica,IFPB-VISITANTE,24:36:da:2b:5e:c2,-85,1
08/05/2026,07:16:01,58,Lab. de Instrumentação biomédica,IFPB,84:f1:47:54:6b:80,-86,6
08/05/2026,07:16:01,58,Lab. de Instrumentação biomédica,IFPB-VISITANTE,84:f1:47:54:6b:82,-86,6
08/05/2026,07:16:01,58,Lab. de Instrumentação biomédica,IFPB,24:36:da:2b:5e:c0,-87,1
08/05/2026,07:16:11,59,Lab. de Instrumentação biomédica,IFPB,84:f1:47:54:96:e0,-72,1
08/05/2026,07:16:11,59,Lab. de Instrumentação biomédica,IFPB-VISITANTE,84:f1:47:54:96:e2,-72,1
08/05/2026,07:16:11,59,Lab. de Instrumentação biomédica,IFPB,84:f1:47:54:f9:80,-77,11
08/05/2026,07:16:11,59,Lab. de Instrumentação biomédica,IFPB-VISITANTE,84:f1:47:54:f9:82,-77,11
08/05/2026,07:16:11,59,Lab. de Instrumentação biomédica,IFPB,e4:4e:2d:85:4c:60,-77,11
08/05/2026,07:16:11,59,Lab. de Instrumentação biomédica,IFPB-VISITANTE,e4:4e:2d:85:4c:62,-77,11
08/05/2026,07:16:11,59,Lab. de Instrumentação biomédica,IFPB,84:f1:47:54:8b:a0,-79,1
08/05/2026,07:16:11,59,Lab. de Instrumentação biomédica,IFPB-VISITANTE,84:f1:47:54:8b:a2,-79,1
08/05/2026,07:16:11,59,Lab. de Instrumentação biomédica,IFPB,24:36:da:2b:bc:00,-80,6
08/05/2026,07:16:11,59,Lab. de Instrumentação biomédica,IFPB-VISITANTE,24:36:da:2b:bc:02,-81,6
08/05/2026,07:16:11,59,Lab. de Instrumentação biomédica,IFPB-VISITANTE,84:f1:47:54:6b:82,-83,6
08/05/2026,07:16:11,59,Lab. de Instrumentação biomédica,IFPB,84:f1:47:54:6b:80,-85,6
08/05/2026,07:16:11,59,Lab. de Instrumentação biomédica,IFPB,24:36:da:2b:5e:c0,-87,1
08/05/2026,07:16:11,59,Lab. de Instrumentação biomédica,IFPB-VISITANTE,24:36:da:2b:5e:c2,-87,1
08/05/2026,07:16:21,60,Lab. de Instrumentação biomédica,IFPB,84:f1:47:54:96:e0,-68,1
08/05/2026,07:16:21,60,Lab. de Instrumentação biomédica,IFPB-VISITANTE,84:f1:47:54:96:e2,-69,1
08/05/2026,07:16:21,60,Lab. de Instrumentação biomédica,IFPB,84:f1:47:54:f9:80,-76,11
08/05/2026,07:16:21,60,Lab. de Instrumentação biomédica,IFPB-VISITANTE,84:f1:47:54:f9:82,-76,11
08/05/2026,07:16:21,60,Lab. de Instrumentação biomédica,IFPB-VISITANTE,e4:4e:2d:85:4c:62,-77,11
08/05/2026,07:16:21,60,Lab. de Instrumentação biomédica,IFPB,e4:4e:2d:85:4c:60,-78,11
08/05/2026,07:16:21,60,Lab. de Instrumentação biomédica,IFPB-VISITANTE,84:f1:47:54:8b:a2,-80,1
08/05/2026,07:16:21,60,Lab. de Instrumentação biomédica,IFPB,84:f1:47:54:8b:a0,-80,1
08/05/2026,07:16:21,60,Lab. de Instrumentação biomédica,IFPB-VISITANTE,24:36:da:2b:bc:02,-80,6
08/05/2026,07:16:21,60,Lab. de Instrumentação biomédica,IFPB,24:36:da:2b:bc:00,-80,6
08/05/2026,07:16:21,60,Lab. de Instrumentação biomédica,IFPB,84:f1:47:54:6b:80,-83,6
08/05/2026,07:16:21,60,Lab. de Instrumentação biomédica,IFPB-VISITANTE,84:f1:47:54:6b:82,-84,6
08/05/2026,07:16:50,61,Lab. de Medição e Calibração,IFPB-VISITANTE,84:f1:47:54:96:e2,-54,1
08/05/2026,07:16:50,61,Lab. de Medição e Calibração,IFPB,84:f1:47:54:96:e0,-55,1
08/05/2026,07:16:50,61,Lab. de Medição e Calibração,IFPB-VISITANTE,e4:4e:2d:85:4c:62,-77,11
08/05/2026,07:16:50,61,Lab. de Medição e Calibração,IFPB,e4:4e:2d:85:4c:60,-78,11
08/05/2026,07:16:50,61,Lab. de Medição e Calibração,IFPB,24:36:da:2b:bc:00,-82,6
08/05/2026,07:16:50,61,Lab. de Medição e Calibração,IFPB-VISITANTE,24:36:da:2b:bc:02,-82,6
08/05/2026,07:16:50,61,Lab. de Medição e Calibração,IFPB,84:f1:47:54:6b:80,-85,6
08/05/2026,07:16:50,61,Lab. de Medição e Calibração,IFPB-VISITANTE,84:f1:47:54:6b:82,-85,6
08/05/2026,07:16:50,61,Lab. de Medição e Calibração,IFPB-VISITANTE,84:f1:47:54:f9:82,-87,11
08/05/2026,07:16:50,61,Lab. de Medição e Calibração,IFPB,84:f1:47:54:f9:80,-88,11
08/05/2026,07:16:50,61,Lab. de Medição e Calibração,IFPB,24:36:da:2b:5e:c0,-89,1
08/05/2026,07:16:50,61,Lab. de Medição e Calibração,IFPB-VISITANTE,24:36:da:2b:5e:c2,-89,1
08/05/2026,07:16:50,61,Lab. de Medição e Calibração,IFPB,84:f1:47:54:97:00,-89,1
08/05/2026,07:17:00,62,Lab. de Medição e Calibração,IFPB,84:f1:47:54:96:e0,-58,1
08/05/2026,07:17:00,62,Lab. de Medição e Calibração,IFPB-VISITANTE,84:f1:47:54:96:e2,-58,1
08/05/2026,07:17:00,62,Lab. de Medição e Calibração,IFPB,e4:4e:2d:85:4c:60,-78,11
08/05/2026,07:17:00,62,Lab. de Medição e Calibração,IFPB-VISITANTE,e4:4e:2d:85:4c:62,-78,11
08/05/2026,07:17:00,62,Lab. de Medição e Calibração,IFPB,24:36:da:2b:bc:00,-81,6
08/05/2026,07:17:00,62,Lab. de Medição e Calibração,IFPB-VISITANTE,24:36:da:2b:bc:02,-81,6
08/05/2026,07:17:00,62,Lab. de Medição e Calibração,IFPB-VISITANTE,84:f1:47:54:6b:82,-85,6
08/05/2026,07:17:00,62,Lab. de Medição e Calibração,IFPB-VISITANTE,24:36:da:2b:5e:c2,-86,1
08/05/2026,07:17:00,62,Lab. de Medição e Calibração,IFPB,84:f1:47:54:6b:80,-86,6
08/05/2026,07:17:00,62,Lab. de Medição e Calibração,IFPB,24:36:da:2b:5e:c0,-87,1
08/05/2026,07:17:00,62,Lab. de Medição e Calibração,IFPB-VISITANTE,84:f1:47:54:8b:a2,-89,1
08/05/2026,07:17:00,62,Lab. de Medição e Calibração,IFPB-VISITANTE,84:f1:47:54:f9:82,-89,11
08/05/2026,07:17:10,63,Lab. de Medição e Calibração,IFPB,84:f1:47:54:96:e0,-58,1
08/05/2026,07:17:10,63,Lab. de Medição e Calibração,IFPB-VISITANTE,84:f1:47:54:96:e2,-58,1
08/05/2026,07:17:10,63,Lab. de Medição e Calibração,IFPB,e4:4e:2d:85:4c:60,-79,11
08/05/2026,07:17:10,63,Lab. de Medição e Calibração,IFPB-VISITANTE,e4:4e:2d:85:4c:62,-79,11
08/05/2026,07:17:10,63,Lab. de Medição e Calibração,IFPB,84:f1:47:54:6b:80,-84,6
08/05/2026,07:17:10,63,Lab. de Medição e Calibração,IFPB-VISITANTE,84:f1:47:54:6b:82,-85,6
08/05/2026,07:17:10,63,Lab. de Medição e Calibração,IFPB-VISITANTE,24:36:da:2b:bc:02,-86,6
08/05/2026,07:17:10,63,Lab. de Medição e Calibração,IFPB-VISITANTE,84:f1:47:54:f9:82,-86,11
08/05/2026,07:17:10,63,Lab. de Medição e Calibração,IFPB,24:36:da:2b:bc:00,-87,6
08/05/2026,07:17:10,63,Lab. de Medição e Calibração,IFPB,84:f1:47:54:f9:80,-87,11
08/05/2026,07:17:10,63,Lab. de Medição e Calibração,IFPB-VISITANTE,24:36:da:2b:5e:c2,-88,1
08/05/2026,07:17:10,63,Lab. de Medição e Calibração,IFPB,24:36:da:2b:5e:c0,-89,1
08/05/2026,07:17:20,64,Lab. de Medição e Calibração,IFPB,84:f1:47:54:96:e0,-58,1
08/05/2026,07:17:20,64,Lab. de Medição e Calibração,IFPB-VISITANTE,84:f1:47:54:96:e2,-58,1
08/05/2026,07:17:20,64,Lab. de Medição e Calibração,IFPB,e4:4e:2d:85:4c:60,-81,11
08/05/2026,07:17:20,64,Lab. de Medição e Calibração,IFPB-VISITANTE,e4:4e:2d:85:4c:62,-81,11
08/05/2026,07:17:20,64,Lab. de Medição e Calibração,IFPB,24:36:da:2b:bc:00,-82,6
08/05/2026,07:17:20,64,Lab. de Medição e Calibração,IFPB-VISITANTE,24:36:da:2b:bc:02,-82,6
08/05/2026,07:17:20,64,Lab. de Medição e Calibração,IFPB-VISITANTE,84:f1:47:54:8b:a2,-84,1
08/05/2026,07:17:20,64,Lab. de Medição e Calibração,IFPB,84:f1:47:54:8b:a0,-84,1
08/05/2026,07:17:20,64,Lab. de Medição e Calibração,IFPB,84:f1:47:54:6b:80,-84,6
08/05/2026,07:17:20,64,Lab. de Medição e Calibração,IFPB-VISITANTE,84:f1:47:54:6b:82,-85,6
08/05/2026,07:17:20,64,Lab. de Medição e Calibração,IFPB,24:36:da:2b:5e:c0,-87,1
08/05/2026,07:17:20,64,Lab. de Medição e Calibração,IFPB-VISITANTE,24:36:da:2b:5e:c2,-87,1
08/05/2026,07:17:20,64,Lab. de Medição e Calibração,IFPB-VISITANTE,84:f1:47:54:f9:82,-87,11
08/05/2026,07:17:20,64,Lab. de Medição e Calibração,IFPB,84:f1:47:54:f9:80,-87,11
08/05/2026,07:17:30,65,Lab. de Medição e Calibração,IFPB,84:f1:47:54:96:e0,-59,1
08/05/2026,07:17:30,65,Lab. de Medição e Calibração,IFPB-VISITANTE,84:f1:47:54:96:e2,-59,1
08/05/2026,07:17:30,65,Lab. de Medição e Calibração,IFPB,24:36:da:2b:bc:00,-76,6
08/05/2026,07:17:30,65,Lab. de Medição e Calibração,IFPB-VISITANTE,24:36:da:2b:bc:02,-77,6
08/05/2026,07:17:30,65,Lab. de Medição e Calibração,IFPB,e4:4e:2d:85:4c:60,-78,11
08/05/2026,07:17:30,65,Lab. de Medição e Calibração,IFPB-VISITANTE,e4:4e:2d:85:4c:62,-79,11
08/05/2026,07:17:30,65,Lab. de Medição e Calibração,IFPB-VISITANTE,84:f1:47:54:6b:82,-84,6
08/05/2026,07:17:30,65,Lab. de Medição e Calibração,IFPB,84:f1:47:54:6b:80,-84,6
08/05/2026,07:17:30,65,Lab. de Medição e Calibração,IFPB,24:36:da:2b:5e:c0,-88,1
08/05/2026,07:17:30,65,Lab. de Medição e Calibração,IFPB-VISITANTE,24:36:da:2b:5e:c2,-88,1
08/05/2026,07:17:30,65,Lab. de Medição e Calibração,IFPB,84:f1:47:54:f9:80,-89,11
08/05/2026,07:17:30,65,Lab. de Medição e Calibração,IFPB-VISITANTE,84:f1:47:54:f9:82,-89,11
08/05/2026,07:17:46,66,Lab. de Medição e Calibração,IFPB,84:f1:47:54:96:e0,-70,1
08/05/2026,07:17:46,66,Lab. de Medição e Calibração,IFPB-VISITANTE,84:f1:47:54:96:e2,-70,1
08/05/2026,07:17:46,66,Lab. de Medição e Calibração,IFPB,24:36:da:2b:bc:00,-74,6
08/05/2026,07:17:46,66,Lab. de Medição e Calibração,IFPB-VISITANTE,24:36:da:2b:bc:02,-75,6
08/05/2026,07:17:46,66,Lab. de Medição e Calibração,IFPB-VISITANTE,e4:4e:2d:85:4c:62,-75,11
08/05/2026,07:17:46,66,Lab. de Medição e Calibração,IFPB,e4:4e:2d:85:4c:60,-76,11
08/05/2026,07:17:46,66,Lab. de Medição e Calibração,IFPB,24:36:da:2b:5e:c0,-86,1
08/05/2026,07:17:46,66,Lab. de Medição e Calibração,IFPB-VISITANTE,24:36:da:2b:5e:c2,-88,1
08/05/2026,07:17:46,66,Lab. de Medição e Calibração,IFPB-VISITANTE,84:f1:47:54:6b:82,-88,6
08/05/2026,07:17:46,66,Lab. de Medição e Calibração,IFPB-VISITANTE,84:f1:47:54:f9:82,-92,11
08/05/2026,07:17:56,67,Lab. de Medição e Calibração,IFPB,84:f1:47:54:96:e0,-65,1
08/05/2026,07:17:56,67,Lab. de Medição e Calibração,IFPB-VISITANTE,84:f1:47:54:96:e2,-65,1
08/05/2026,07:17:56,67,Lab. de Medição e Calibração,IFPB-VISITANTE,e4:4e:2d:85:4c:62,-73,11
08/05/2026,07:17:56,67,Lab. de Medição e Calibração,IFPB,e4:4e:2d:85:4c:60,-74,11
08/05/2026,07:17:56,67,Lab. de Medição e Calibração,IFPB,24:36:da:2b:bc:00,-78,6
08/05/2026,07:17:56,67,Lab. de Medição e Calibração,IFPB-VISITANTE,24:36:da:2b:bc:02,-79,6
08/05/2026,07:17:56,67,Lab. de Medição e Calibração,IFPB-VISITANTE,24:36:da:2b:5e:c2,-86,1
08/05/2026,07:17:56,67,Lab. de Medição e Calibração,IFPB,24:36:da:2b:5e:c0,-87,1
08/05/2026,07:17:56,67,Lab. de Medição e Calibração,IFPB-VISITANTE,84:f1:47:54:f9:82,-89,11
08/05/2026,07:17:56,67,Lab. de Medição e Calibração,IFPB,84:f1:47:54:f9:80,-90,11
08/05/2026,07:18:06,68,Lab. de Medição e Calibração,IFPB,84:f1:47:54:96:e0,-65,1
08/05/2026,07:18:06,68,Lab. de Medição e Calibração,IFPB-VISITANTE,84:f1:47:54:96:e2,-65,1
08/05/2026,07:18:06,68,Lab. de Medição e Calibração,IFPB,e4:4e:2d:85:4c:60,-73,11
08/05/2026,07:18:06,68,Lab. de Medição e Calibração,IFPB-VISITANTE,e4:4e:2d:85:4c:62,-74,11
08/05/2026,07:18:06,68,Lab. de Medição e Calibração,IFPB,24:36:da:2b:bc:00,-76,6
08/05/2026,07:18:06,68,Lab. de Medição e Calibração,IFPB-VISITANTE,24:36:da:2b:bc:02,-76,6
08/05/2026,07:18:06,68,Lab. de Medição e Calibração,IFPB-VISITANTE,24:36:da:2b:5e:c2,-86,1
08/05/2026,07:18:06,68,Lab. de Medição e Calibração,IFPB,24:36:da:2b:5e:c0,-87,1
08/05/2026,07:18:06,68,Lab. de Medição e Calibração,IFPB,84:f1:47:54:8b:a0,-89,1
08/05/2026,07:18:06,68,Lab. de Medição e Calibração,IFPB-VISITANTE,84:f1:47:54:f9:82,-89,11
08/05/2026,07:18:06,68,Lab. de Medição e Calibração,IFPB,84:f1:47:54:f9:80,-89,11
08/05/2026,07:18:16,69,Lab. de Medição e Calibração,IFPB,84:f1:47:54:96:e0,-64,1
08/05/2026,07:18:16,69,Lab. de Medição e Calibração,IFPB-VISITANTE,84:f1:47:54:96:e2,-64,1
08/05/2026,07:18:16,69,Lab. de Medição e Calibração,IFPB-VISITANTE,e4:4e:2d:85:4c:62,-73,11
08/05/2026,07:18:16,69,Lab. de Medição e Calibração,IFPB,e4:4e:2d:85:4c:60,-74,11
08/05/2026,07:18:16,69,Lab. de Medição e Calibração,IFPB,24:36:da:2b:bc:00,-77,6
08/05/2026,07:18:16,69,Lab. de Medição e Calibração,IFPB-VISITANTE,24:36:da:2b:bc:02,-77,6
08/05/2026,07:18:16,69,Lab. de Medição e Calibração,IFPB-VISITANTE,24:36:da:2b:5e:c2,-85,1
08/05/2026,07:18:16,69,Lab. de Medição e Calibração,IFPB,24:36:da:2b:5e:c0,-87,1
08/05/2026,07:18:16,69,Lab. de Medição e Calibração,IFPB-VISITANTE,84:f1:47:54:f9:82,-89,11
08/05/2026,07:18:16,69,Lab. de Medição e Calibração,IFPB-VISITANTE,84:f1:47:54:8b:a2,-91,1
08/05/2026,07:18:26,70,Lab. de Medição e Calibração,IFPB,84:f1:47:54:96:e0,-64,1
08/05/2026,07:18:26,70,Lab. de Medição e Calibração,IFPB-VISITANTE,84:f1:47:54:96:e2,-64,1
08/05/2026,07:18:26,70,Lab. de Medição e Calibração,IFPB-VISITANTE,24:36:da:2b:bc:02,-71,6
08/05/2026,07:18:26,70,Lab. de Medição e Calibração,IFPB,24:36:da:2b:bc:00,-72,6
08/05/2026,07:18:26,70,Lab. de Medição e Calibração,IFPB,e4:4e:2d:85:4c:60,-72,11
08/05/2026,07:18:26,70,Lab. de Medição e Calibração,IFPB-VISITANTE,e4:4e:2d:85:4c:62,-72,11
08/05/2026,07:18:26,70,Lab. de Medição e Calibração,IFPB-VISITANTE,24:36:da:2b:5e:c2,-83,1
08/05/2026,07:18:26,70,Lab. de Medição e Calibração,IFPB,24:36:da:2b:5e:c0,-84,1
08/05/2026,07:18:27,70,Lab. de Medição e Calibração,IFPB-VISITANTE,84:f1:47:54:8b:a2,-87,1
08/05/2026,07:18:27,70,Lab. de Medição e Calibração,IFPB-VISITANTE,84:f1:47:54:f9:82,-89,11
08/05/2026,07:18:27,70,Lab. de Medição e Calibração,IFPB,84:f1:47:54:f9:80,-91,11
08/05/2026,07:19:06,71,Coordenação de pós em Eng. Elétrica,IFPB,e4:4e:2d:85:4c:60,-79,11
08/05/2026,07:19:06,71,Coordenação de pós em Eng. Elétrica,IFPB-VISITANTE,e4:4e:2d:85:4c:62,-79,11
08/05/2026,07:19:06,71,Coordenação de pós em Eng. Elétrica,IFPB,24:36:da:2b:bc:00,-84,6
08/05/2026,07:19:06,71,Coordenação de pós em Eng. Elétrica,IFPB-VISITANTE,24:36:da:2b:bc:02,-84,6
08/05/2026,07:19:07,71,Coordenação de pós em Eng. Elétrica,IFPB,84:f1:47:54:eb:20,-88,6
08/05/2026,07:19:17,72,Coordenação de pós em Eng. Elétrica,IFPB,e4:4e:2d:85:4c:60,-80,11
08/05/2026,07:19:17,72,Coordenação de pós em Eng. Elétrica,IFPB-VISITANTE,e4:4e:2d:85:4c:62,-80,11
08/05/2026,07:19:17,72,Coordenação de pós em Eng. Elétrica,IFPB,24:36:da:2b:bc:00,-82,6
08/05/2026,07:19:17,72,Coordenação de pós em Eng. Elétrica,IFPB-VISITANTE,24:36:da:2b:bc:02,-83,6
08/05/2026,07:19:26,73,Coordenação de pós em Eng. Elétrica,IFPB,e4:4e:2d:85:4c:60,-80,11
08/05/2026,07:19:26,73,Coordenação de pós em Eng. Elétrica,IFPB-VISITANTE,e4:4e:2d:85:4c:62,-80,11
08/05/2026,07:19:26,73,Coordenação de pós em Eng. Elétrica,IFPB-VISITANTE,24:36:da:2b:bc:02,-83,6
08/05/2026,07:19:26,73,Coordenação de pós em Eng. Elétrica,IFPB,24:36:da:2b:bc:00,-84,6
08/05/2026,07:19:36,74,Coordenação de pós em Eng. Elétrica,IFPB-VISITANTE,e4:4e:2d:85:4c:62,-80,11
08/05/2026,07:19:36,74,Coordenação de pós em Eng. Elétrica,IFPB,e4:4e:2d:85:4c:60,-81,11
08/05/2026,07:19:36,74,Coordenação de pós em Eng. Elétrica,IFPB,24:36:da:2b:bc:00,-86,6
08/05/2026,07:19:36,74,Coordenação de pós em Eng. Elétrica,IFPB-VISITANTE,24:36:da:2b:bc:02,-87,6
08/05/2026,07:19:46,75,Coordenação de pós em Eng. Elétrica,IFPB,e4:4e:2d:85:4c:60,-79,11
08/05/2026,07:19:46,75,Coordenação de pós em Eng. Elétrica,IFPB-VISITANTE,e4:4e:2d:85:4c:62,-79,11
08/05/2026,07:19:46,75,Coordenação de pós em Eng. Elétrica,IFPB-VISITANTE,24:36:da:2b:bc:02,-85,6
08/05/2026,07:19:46,75,Coordenação de pós em Eng. Elétrica,IFPB,24:36:da:2b:bc:00,-86,6
08/05/2026,07:19:56,76,Coordenação de pós em Eng. Elétrica,IFPB-VISITANTE,e4:4e:2d:85:4c:62,-79,11
08/05/2026,07:19:56,76,Coordenação de pós em Eng. Elétrica,IFPB,e4:4e:2d:85:4c:60,-80,11
08/05/2026,07:19:56,76,Coordenação de pós em Eng. Elétrica,IFPB,24:36:da:2b:bc:00,-84,6
08/05/2026,07:19:56,76,Coordenação de pós em Eng. Elétrica,IFPB-VISITANTE,24:36:da:2b:bc:02,-84,6
08/05/2026,07:19:56,76,Coordenação de pós em Eng. Elétrica,IFPB,84:f1:47:54:eb:20,-88,6
08/05/2026,07:20:06,77,Coordenação de pós em Eng. Elétrica,IFPB,e4:4e:2d:85:4c:60,-82,11
08/05/2026,07:20:06,77,Coordenação de pós em Eng. Elétrica,IFPB-VISITANTE,e4:4e:2d:85:4c:62,-82,11
08/05/2026,07:20:06,77,Coordenação de pós em Eng. Elétrica,IFPB,24:36:da:2b:bc:00,-83,6
08/05/2026,07:20:06,77,Coordenação de pós em Eng. Elétrica,IFPB-VISITANTE,24:36:da:2b:bc:02,-84,6
08/05/2026,07:20:16,78,Coordenação de pós em Eng. Elétrica,IFPB-VISITANTE,e4:4e:2d:85:4c:62,-78,11
08/05/2026,07:20:16,78,Coordenação de pós em Eng. Elétrica,IFPB,e4:4e:2d:85:4c:60,-79,11
08/05/2026,07:20:16,78,Coordenação de pós em Eng. Elétrica,IFPB,24:36:da:2b:bc:00,-85,6
08/05/2026,07:20:16,78,Coordenação de pós em Eng. Elétrica,IFPB-VISITANTE,24:36:da:2b:bc:02,-85,6
08/05/2026,07:20:26,79,Coordenação de pós em Eng. Elétrica,IFPB,e4:4e:2d:85:4c:60,-76,11
08/05/2026,07:20:26,79,Coordenação de pós em Eng. Elétrica,IFPB-VISITANTE,e4:4e:2d:85:4c:62,-77,11
08/05/2026,07:20:26,79,Coordenação de pós em Eng. Elétrica,IFPB,24:36:da:2b:bc:00,-83,6
08/05/2026,07:20:26,79,Coordenação de pós em Eng. Elétrica,IFPB-VISITANTE,24:36:da:2b:bc:02,-83,6
08/05/2026,07:20:36,80,Coordenação de pós em Eng. Elétrica,IFPB-VISITANTE,e4:4e:2d:85:4c:62,-79,11
08/05/2026,07:20:36,80,Coordenação de pós em Eng. Elétrica,IFPB,e4:4e:2d:85:4c:60,-79,11
08/05/2026,07:20:36,80,Coordenação de pós em Eng. Elétrica,IFPB-VISITANTE,24:36:da:2b:bc:02,-82,6
08/05/2026,07:20:36,80,Coordenação de pós em Eng. Elétrica,IFPB,24:36:da:2b:bc:00,-84,6
08/05/2026,07:21:02,81,Lab. de redes convergentes,IFPB,e4:4e:2d:85:4c:60,-61,11
08/05/2026,07:21:02,81,Lab. de redes convergentes,IFPB-VISITANTE,e4:4e:2d:85:4c:62,-62,11
08/05/2026,07:21:03,81,Lab. de redes convergentes,IFPB,84:f1:47:54:96:e0,-82,1
08/05/2026,07:21:03,81,Lab. de redes convergentes,IFPB-VISITANTE,84:f1:47:54:96:e2,-82,1
08/05/2026,07:21:03,81,Lab. de redes convergentes,IFPB,84:f1:47:54:eb:20,-84,6
08/05/2026,07:21:03,81,Lab. de redes convergentes,IFPB-VISITANTE,84:f1:47:54:eb:22,-84,6
08/05/2026,07:21:03,81,Lab. de redes convergentes,IFPB,24:36:da:2b:bc:00,-86,6
08/05/2026,07:21:03,81,Lab. de redes convergentes,IFPB-VISITANTE,24:36:da:2b:bc:02,-86,6
08/05/2026,07:21:12,82,Lab. de redes convergentes,IFPB,e4:4e:2d:85:4c:60,-61,11
08/05/2026,07:21:12,82,Lab. de redes convergentes,IFPB-VISITANTE,e4:4e:2d:85:4c:62,-61,11
08/05/2026,07:21:13,82,Lab. de redes convergentes,IFPB,24:36:da:2b:bc:00,-81,6
08/05/2026,07:21:13,82,Lab. de redes convergentes,IFPB-VISITANTE,24:36:da:2b:bc:02,-81,6
08/05/2026,07:21:13,82,Lab. de redes convergentes,IFPB,84:f1:47:54:96:e0,-83,1
08/05/2026,07:21:13,82,Lab. de redes convergentes,IFPB-VISITANTE,84:f1:47:54:96:e2,-83,1
08/05/2026,07:21:13,82,Lab. de redes convergentes,IFPB-VISITANTE,84:f1:47:54:eb:22,-86,6
08/05/2026,07:21:13,82,Lab. de redes convergentes,IFPB,84:f1:47:54:eb:20,-88,6
08/05/2026,07:21:13,82,Lab. de redes convergentes,IFPB,84:f1:47:54:7f:20,-91,11
08/05/2026,07:21:13,82,Lab. de redes convergentes,IFPB-VISITANTE,84:f1:47:54:7f:22,-91,11
08/05/2026,07:21:23,83,Lab. de redes convergentes,IFPB,e4:4e:2d:85:4c:60,-61,11
08/05/2026,07:21:23,83,Lab. de redes convergentes,IFPB-VISITANTE,e4:4e:2d:85:4c:62,-61,11
08/05/2026,07:21:23,83,Lab. de redes convergentes,IFPB-VISITANTE,84:f1:47:54:96:e2,-84,1
08/05/2026,07:21:23,83,Lab. de redes convergentes,IFPB,84:f1:47:54:96:e0,-85,1
08/05/2026,07:21:23,83,Lab. de redes convergentes,IFPB,24:36:da:2b:bc:00,-85,6
08/05/2026,07:21:23,83,Lab. de redes convergentes,IFPB,84:f1:47:54:eb:20,-85,6
08/05/2026,07:21:23,83,Lab. de redes convergentes,IFPB-VISITANTE,84:f1:47:54:eb:22,-86,6
08/05/2026,07:21:23,83,Lab. de redes convergentes,IFPB-VISITANTE,24:36:da:2b:bc:02,-87,6
08/05/2026,07:21:23,83,Lab. de redes convergentes,IFPB-VISITANTE,84:f1:47:54:7f:22,-89,11
08/05/2026,07:21:23,83,Lab. de redes convergentes,IFPB,84:f1:47:54:7f:20,-90,11
08/05/2026,07:21:33,84,Lab. de redes convergentes,IFPB,e4:4e:2d:85:4c:60,-69,11
08/05/2026,07:21:33,84,Lab. de redes convergentes,IFPB-VISITANTE,e4:4e:2d:85:4c:62,-69,11
08/05/2026,07:21:33,84,Lab. de redes convergentes,IFPB-VISITANTE,24:36:da:2b:bc:02,-79,6
08/05/2026,07:21:33,84,Lab. de redes convergentes,IFPB,24:36:da:2b:bc:00,-80,6
08/05/2026,07:21:33,84,Lab. de redes convergentes,IFPB-VISITANTE,84:f1:47:54:96:e2,-85,1
08/05/2026,07:21:33,84,Lab. de redes convergentes,IFPB,84:f1:47:54:96:e0,-86,1
08/05/2026,07:21:33,84,Lab. de redes convergentes,IFPB,84:f1:47:54:eb:20,-87,6
08/05/2026,07:21:33,84,Lab. de redes convergentes,IFPB-VISITANTE,84:f1:47:54:eb:22,-87,6
08/05/2026,07:21:33,84,Lab. de redes convergentes,IFPB,84:f1:47:54:7f:20,-91,11
08/05/2026,07:21:43,85,Lab. de redes convergentes,IFPB,e4:4e:2d:85:4c:60,-73,11
08/05/2026,07:21:43,85,Lab. de redes convergentes,IFPB-VISITANTE,e4:4e:2d:85:4c:62,-73,11
08/05/2026,07:21:43,85,Lab. de redes convergentes,IFPB-VISITANTE,84:f1:47:54:96:e2,-83,1
08/05/2026,07:21:43,85,Lab. de redes convergentes,IFPB-VISITANTE,24:36:da:2b:bc:02,-83,6
08/05/2026,07:21:43,85,Lab. de redes convergentes,IFPB,84:f1:47:54:eb:20,-83,6
08/05/2026,07:21:43,85,Lab. de redes convergentes,IFPB-VISITANTE,84:f1:47:54:eb:22,-83,6
08/05/2026,07:21:43,85,Lab. de redes convergentes,IFPB,84:f1:47:54:96:e0,-84,1
08/05/2026,07:21:43,85,Lab. de redes convergentes,IFPB,24:36:da:2b:bc:00,-84,6
08/05/2026,07:21:43,85,Lab. de redes convergentes,IFPB-VISITANTE,84:f1:47:54:8b:a2,-89,1
08/05/2026,07:21:43,85,Lab. de redes convergentes,IFPB,84:f1:47:54:7f:20,-89,11
08/05/2026,07:21:43,85,Lab. de redes convergentes,IFPB-VISITANTE,84:f1:47:54:7f:22,-90,11
08/05/2026,07:21:53,86,Lab. de redes convergentes,IFPB,e4:4e:2d:85:4c:60,-67,11
08/05/2026,07:21:53,86,Lab. de redes convergentes,IFPB-VISITANTE,e4:4e:2d:85:4c:62,-67,11
08/05/2026,07:21:53,86,Lab. de redes convergentes,IFPB,24:36:da:2b:bc:00,-80,6
08/05/2026,07:21:53,86,Lab. de redes convergentes,IFPB-VISITANTE,24:36:da:2b:bc:02,-80,6
08/05/2026,07:21:53,86,Lab. de redes convergentes,IFPB-VISITANTE,84:f1:47:54:96:e2,-84,1
08/05/2026,07:21:53,86,Lab. de redes convergentes,IFPB,84:f1:47:54:96:e0,-85,1
08/05/2026,07:21:53,86,Lab. de redes convergentes,IFPB,84:f1:47:54:eb:20,-87,6
08/05/2026,07:21:53,86,Lab. de redes convergentes,IFPB,84:f1:47:54:8b:a0,-89,1
08/05/2026,07:21:53,86,Lab. de redes convergentes,IFPB-VISITANTE,84:f1:47:54:8b:a2,-89,1
08/05/2026,07:21:53,86,Lab. de redes convergentes,IFPB-VISITANTE,84:f1:47:54:7f:22,-90,11
08/05/2026,07:21:53,86,Lab. de redes convergentes,IFPB,84:f1:47:54:7f:20,-91,11
08/05/2026,07:22:03,87,Lab. de redes convergentes,IFPB,e4:4e:2d:85:4c:60,-63,11
08/05/2026,07:22:03,87,Lab. de redes convergentes,IFPB-VISITANTE,e4:4e:2d:85:4c:62,-63,11
08/05/2026,07:22:03,87,Lab. de redes convergentes,IFPB,24:36:da:2b:bc:00,-82,6
08/05/2026,07:22:03,87,Lab. de redes convergentes,IFPB-VISITANTE,24:36:da:2b:bc:02,-82,6
08/05/2026,07:22:03,87,Lab. de redes convergentes,IFPB,84:f1:47:54:96:e0,-86,1
08/05/2026,07:22:03,87,Lab. de redes convergentes,IFPB-VISITANTE,84:f1:47:54:96:e2,-86,1
08/05/2026,07:22:03,87,Lab. de redes convergentes,IFPB,84:f1:47:54:eb:20,-88,6
08/05/2026,07:22:03,87,Lab. de redes convergentes,IFPB-VISITANTE,84:f1:47:54:eb:22,-88,6
08/05/2026,07:22:03,87,Lab. de redes convergentes,IFPB,84:f1:47:54:7f:20,-89,11
08/05/2026,07:22:13,88,Lab. de redes convergentes,IFPB,e4:4e:2d:85:4c:60,-63,11
08/05/2026,07:22:13,88,Lab. de redes convergentes,IFPB-VISITANTE,e4:4e:2d:85:4c:62,-63,11
08/05/2026,07:22:13,88,Lab. de redes convergentes,IFPB,84:f1:47:54:96:e0,-83,1
08/05/2026,07:22:13,88,Lab. de redes convergentes,IFPB-VISITANTE,84:f1:47:54:96:e2,-83,1
08/05/2026,07:22:13,88,Lab. de redes convergentes,IFPB,24:36:da:2b:bc:00,-83,6
08/05/2026,07:22:13,88,Lab. de redes convergentes,IFPB-VISITANTE,24:36:da:2b:bc:02,-83,6
08/05/2026,07:22:14,88,Lab. de redes convergentes,IFPB-VISITANTE,84:f1:47:54:7f:22,-87,11
08/05/2026,07:22:14,88,Lab. de redes convergentes,IFPB,84:f1:47:54:eb:20,-88,6
08/05/2026,07:22:14,88,Lab. de redes convergentes,IFPB,84:f1:47:54:8b:a0,-89,1
08/05/2026,07:22:14,88,Lab. de redes convergentes,IFPB-VISITANTE,84:f1:47:54:eb:22,-89,6
08/05/2026,07:22:14,88,Lab. de redes convergentes,IFPB,84:f1:47:54:7f:20,-89,11
08/05/2026,07:22:23,89,Lab. de redes convergentes,IFPB,e4:4e:2d:85:4c:60,-56,11
08/05/2026,07:22:23,89,Lab. de redes convergentes,IFPB-VISITANTE,e4:4e:2d:85:4c:62,-56,11
08/05/2026,07:22:24,89,Lab. de redes convergentes,IFPB-VISITANTE,24:36:da:2b:bc:02,-79,6
08/05/2026,07:22:24,89,Lab. de redes convergentes,IFPB,24:36:da:2b:bc:00,-80,6
08/05/2026,07:22:24,89,Lab. de redes convergentes,IFPB-VISITANTE,84:f1:47:54:96:e2,-82,1
08/05/2026,07:22:24,89,Lab. de redes convergentes,IFPB,84:f1:47:54:96:e0,-83,1
08/05/2026,07:22:24,89,Lab. de redes convergentes,IFPB,84:f1:47:54:eb:20,-85,6
08/05/2026,07:22:24,89,Lab. de redes convergentes,IFPB-VISITANTE,84:f1:47:54:eb:22,-86,6
08/05/2026,07:22:24,89,Lab. de redes convergentes,IFPB-VISITANTE,84:f1:47:54:8b:a2,-88,1
08/05/2026,07:22:34,90,Lab. de redes convergentes,IFPB,e4:4e:2d:85:4c:60,-59,11
08/05/2026,07:22:34,90,Lab. de redes convergentes,IFPB-VISITANTE,e4:4e:2d:85:4c:62,-59,11
08/05/2026,07:22:34,90,Lab. de redes convergentes,IFPB-VISITANTE,84:f1:47:54:96:e2,-82,1
08/05/2026,07:22:34,90,Lab. de redes convergentes,IFPB,84:f1:47:54:96:e0,-83,1
08/05/2026,07:22:34,90,Lab. de redes convergentes,IFPB,24:36:da:2b:bc:00,-84,6
08/05/2026,07:22:34,90,Lab. de redes convergentes,IFPB-VISITANTE,24:36:da:2b:bc:02,-84,6
08/05/2026,07:22:34,90,Lab. de redes convergentes,IFPB,84:f1:47:54:eb:20,-86,6
08/05/2026,07:22:34,90,Lab. de redes convergentes,IFPB-VISITANTE,84:f1:47:54:eb:22,-86,6
08/05/2026,07:22:59,91,Lab. de fibras ópticas,IFPB-VISITANTE,e4:4e:2d:85:4c:62,-65,11
08/05/2026,07:22:59,91,Lab. de fibras ópticas,IFPB,e4:4e:2d:85:4c:60,-65,11
08/05/2026,07:22:59,91,Lab. de fibras ópticas,IFPB,84:f1:47:54:96:e0,-77,1
08/05/2026,07:23:00,91,Lab. de fibras ópticas,IFPB-VISITANTE,84:f1:47:54:96:e2,-79,1
08/05/2026,07:23:00,91,Lab. de fibras ópticas,IFPB,24:36:da:2b:bc:00,-79,6
08/05/2026,07:23:00,91,Lab. de fibras ópticas,IFPB-VISITANTE,24:36:da:2b:bc:02,-79,6
08/05/2026,07:23:00,91,Lab. de fibras ópticas,IFPB-VISITANTE,84:f1:47:54:eb:22,-84,6
08/05/2026,07:23:00,91,Lab. de fibras ópticas,IFPB-VISITANTE,84:f1:47:54:8b:a2,-85,1
08/05/2026,07:23:00,91,Lab. de fibras ópticas,IFPB,84:f1:47:54:8b:a0,-86,1
08/05/2026,07:23:00,91,Lab. de fibras ópticas,IFPB,84:f1:47:54:eb:20,-86,6
08/05/2026,07:23:10,92,Lab. de fibras ópticas,IFPB,e4:4e:2d:85:4c:60,-65,11
08/05/2026,07:23:10,92,Lab. de fibras ópticas,IFPB-VISITANTE,e4:4e:2d:85:4c:62,-65,11
08/05/2026,07:23:10,92,Lab. de fibras ópticas,IFPB-VISITANTE,84:f1:47:54:96:e2,-76,1
08/05/2026,07:23:10,92,Lab. de fibras ópticas,IFPB,84:f1:47:54:96:e0,-77,1
08/05/2026,07:23:10,92,Lab. de fibras ópticas,IFPB-VISITANTE,24:36:da:2b:bc:02,-78,6
08/05/2026,07:23:10,92,Lab. de fibras ópticas,IFPB,24:36:da:2b:bc:00,-79,6
08/05/2026,07:23:10,92,Lab. de fibras ópticas,IFPB-VISITANTE,84:f1:47:54:8b:a2,-84,1
08/05/2026,07:23:10,92,Lab. de fibras ópticas,IFPB,84:f1:47:54:8b:a0,-85,1
08/05/2026,07:23:20,93,Lab. de fibras ópticas,IFPB,e4:4e:2d:85:4c:60,-64,11
08/05/2026,07:23:20,93,Lab. de fibras ópticas,IFPB-VISITANTE,e4:4e:2d:85:4c:62,-65,11
08/05/2026,07:23:20,93,Lab. de fibras ópticas,IFPB,84:f1:47:54:96:e0,-77,1
08/05/2026,07:23:20,93,Lab. de fibras ópticas,IFPB-VISITANTE,84:f1:47:54:96:e2,-77,1
08/05/2026,07:23:20,93,Lab. de fibras ópticas,IFPB,24:36:da:2b:bc:00,-77,6
08/05/2026,07:23:20,93,Lab. de fibras ópticas,IFPB-VISITANTE,24:36:da:2b:bc:02,-77,6
08/05/2026,07:23:20,93,Lab. de fibras ópticas,IFPB,84:f1:47:54:8b:a0,-85,1
08/05/2026,07:23:20,93,Lab. de fibras ópticas,IFPB-VISITANTE,84:f1:47:54:8b:a2,-85,1
08/05/2026,07:23:20,93,Lab. de fibras ópticas,IFPB-VISITANTE,84:f1:47:54:eb:22,-88,6
08/05/2026,07:23:20,93,Lab. de fibras ópticas,IFPB,84:f1:47:54:eb:20,-89,6
08/05/2026,07:23:30,94,Lab. de fibras ópticas,IFPB,e4:4e:2d:85:4c:60,-65,11
08/05/2026,07:23:30,94,Lab. de fibras ópticas,IFPB-VISITANTE,e4:4e:2d:85:4c:62,-65,11
08/05/2026,07:23:30,94,Lab. de fibras ópticas,IFPB,24:36:da:2b:bc:00,-74,6
08/05/2026,07:23:30,94,Lab. de fibras ópticas,IFPB-VISITANTE,24:36:da:2b:bc:02,-74,6
08/05/2026,07:23:30,94,Lab. de fibras ópticas,IFPB,84:f1:47:54:96:e0,-75,1
08/05/2026,07:23:30,94,Lab. de fibras ópticas,IFPB-VISITANTE,84:f1:47:54:96:e2,-75,1
08/05/2026,07:23:30,94,Lab. de fibras ópticas,IFPB-VISITANTE,84:f1:47:54:eb:22,-83,6
08/05/2026,07:23:30,94,Lab. de fibras ópticas,IFPB,84:f1:47:54:eb:20,-84,6
08/05/2026,07:23:40,95,Lab. de fibras ópticas,IFPB,e4:4e:2d:85:4c:60,-64,11
08/05/2026,07:23:40,95,Lab. de fibras ópticas,IFPB-VISITANTE,e4:4e:2d:85:4c:62,-64,11
08/05/2026,07:23:40,95,Lab. de fibras ópticas,IFPB-VISITANTE,84:f1:47:54:96:e2,-75,1
08/05/2026,07:23:40,95,Lab. de fibras ópticas,IFPB,24:36:da:2b:bc:00,-75,6
08/05/2026,07:23:40,95,Lab. de fibras ópticas,IFPB-VISITANTE,24:36:da:2b:bc:02,-75,6
08/05/2026,07:23:40,95,Lab. de fibras ópticas,IFPB,84:f1:47:54:96:e0,-76,1
08/05/2026,07:23:40,95,Lab. de fibras ópticas,IFPB,84:f1:47:54:eb:20,-84,6
08/05/2026,07:23:40,95,Lab. de fibras ópticas,IFPB-VISITANTE,84:f1:47:54:eb:22,-85,6
08/05/2026,07:23:50,96,Lab. de fibras ópticas,IFPB,e4:4e:2d:85:4c:60,-64,11
08/05/2026,07:23:50,96,Lab. de fibras ópticas,IFPB-VISITANTE,e4:4e:2d:85:4c:62,-64,11
08/05/2026,07:23:50,96,Lab. de fibras ópticas,IFPB,24:36:da:2b:bc:00,-74,6
08/05/2026,07:23:50,96,Lab. de fibras ópticas,IFPB-VISITANTE,24:36:da:2b:bc:02,-74,6
08/05/2026,07:23:50,96,Lab. de fibras ópticas,IFPB,84:f1:47:54:96:e0,-76,1
08/05/2026,07:23:50,96,Lab. de fibras ópticas,IFPB-VISITANTE,84:f1:47:54:96:e2,-76,1
08/05/2026,07:23:50,96,Lab. de fibras ópticas,IFPB-VISITANTE,84:f1:47:54:eb:22,-83,6
08/05/2026,07:23:50,96,Lab. de fibras ópticas,IFPB,84:f1:47:54:eb:20,-84,6
08/05/2026,07:23:51,96,Lab. de fibras ópticas,IFPB-VISITANTE,84:f1:47:54:8b:a2,-88,1
08/05/2026,07:24:00,97,Lab. de fibras ópticas,IFPB,e4:4e:2d:85:4c:60,-62,11
08/05/2026,07:24:00,97,Lab. de fibras ópticas,IFPB-VISITANTE,e4:4e:2d:85:4c:62,-62,11
08/05/2026,07:24:00,97,Lab. de fibras ópticas,IFPB-VISITANTE,24:36:da:2b:bc:02,-74,6
08/05/2026,07:24:00,97,Lab. de fibras ópticas,IFPB,24:36:da:2b:bc:00,-75,6
08/05/2026,07:24:00,97,Lab. de fibras ópticas,IFPB,84:f1:47:54:96:e0,-76,1
08/05/2026,07:24:00,97,Lab. de fibras ópticas,IFPB-VISITANTE,84:f1:47:54:96:e2,-76,1
08/05/2026,07:24:00,97,Lab. de fibras ópticas,IFPB-VISITANTE,84:f1:47:54:eb:22,-80,6
08/05/2026,07:24:00,97,Lab. de fibras ópticas,IFPB,84:f1:47:54:eb:20,-81,6
08/05/2026,07:24:01,97,Lab. de fibras ópticas,IFPB-VISITANTE,84:f1:47:54:8b:a2,-83,1
08/05/2026,07:24:01,97,Lab. de fibras ópticas,IFPB,84:f1:47:54:8b:a0,-85,1
08/05/2026,07:24:10,98,Lab. de fibras ópticas,IFPB,e4:4e:2d:85:4c:60,-62,11
08/05/2026,07:24:10,98,Lab. de fibras ópticas,IFPB-VISITANTE,e4:4e:2d:85:4c:62,-62,11
08/05/2026,07:24:10,98,Lab. de fibras ópticas,IFPB,24:36:da:2b:bc:00,-74,6
08/05/2026,07:24:10,98,Lab. de fibras ópticas,IFPB-VISITANTE,24:36:da:2b:bc:02,-75,6
08/05/2026,07:24:11,98,Lab. de fibras ópticas,IFPB,84:f1:47:54:96:e0,-76,1
08/05/2026,07:24:11,98,Lab. de fibras ópticas,IFPB-VISITANTE,84:f1:47:54:96:e2,-77,1
08/05/2026,07:24:11,98,Lab. de fibras ópticas,IFPB,84:f1:47:54:8b:a0,-84,1
08/05/2026,07:24:11,98,Lab. de fibras ópticas,IFPB,84:f1:47:54:eb:20,-84,6
08/05/2026,07:24:11,98,Lab. de fibras ópticas,IFPB-VISITANTE,84:f1:47:54:8b:a2,-85,1
08/05/2026,07:24:11,98,Lab. de fibras ópticas,IFPB-VISITANTE,84:f1:47:54:eb:22,-85,6
08/05/2026,07:24:20,99,Lab. de fibras ópticas,IFPB,e4:4e:2d:85:4c:60,-62,11
08/05/2026,07:24:20,99,Lab. de fibras ópticas,IFPB-VISITANTE,e4:4e:2d:85:4c:62,-62,11
08/05/2026,07:24:21,99,Lab. de fibras ópticas,IFPB,24:36:da:2b:bc:00,-75,6
08/05/2026,07:24:21,99,Lab. de fibras ópticas,IFPB-VISITANTE,24:36:da:2b:bc:02,-75,6
08/05/2026,07:24:21,99,Lab. de fibras ópticas,IFPB,84:f1:47:54:96:e0,-76,1
08/05/2026,07:24:21,99,Lab. de fibras ópticas,IFPB-VISITANTE,84:f1:47:54:96:e2,-76,1
08/05/2026,07:24:21,99,Lab. de fibras ópticas,IFPB,84:f1:47:54:eb:20,-83,6
08/05/2026,07:24:21,99,Lab. de fibras ópticas,IFPB-VISITANTE,84:f1:47:54:eb:22,-85,6
08/05/2026,07:24:21,99,Lab. de fibras ópticas,IFPB,84:f1:47:54:8b:a0,-86,1
08/05/2026,07:24:21,99,Lab. de fibras ópticas,IFPB-VISITANTE,84:f1:47:54:8b:a2,-87,1
08/05/2026,07:24:31,100,Lab. de fibras ópticas,IFPB,e4:4e:2d:85:4c:60,-66,11
08/05/2026,07:24:31,100,Lab. de fibras ópticas,IFPB-VISITANTE,e4:4e:2d:85:4c:62,-66,11
08/05/2026,07:24:31,100,Lab. de fibras ópticas,IFPB,84:f1:47:54:96:e0,-76,1
08/05/2026,07:24:31,100,Lab. de fibras ópticas,IFPB-VISITANTE,84:f1:47:54:96:e2,-76,1
08/05/2026,07:24:31,100,Lab. de fibras ópticas,IFPB,24:36:da:2b:bc:00,-76,6
08/05/2026,07:24:31,100,Lab. de fibras ópticas,IFPB-VISITANTE,24:36:da:2b:bc:02,-77,6
08/05/2026,07:24:31,100,Lab. de fibras ópticas,IFPB,84:f1:47:54:eb:20,-82,6
08/05/2026,07:24:31,100,Lab. de fibras ópticas,IFPB-VISITANTE,84:f1:47:54:eb:22,-83,6
08/05/2026,07:24:31,100,Lab. de fibras ópticas,IFPB,84:f1:47:54:8b:a0,-87,1
08/05/2026,07:24:31,100,Lab. de fibras ópticas,IFPB-VISITANTE,84:f1:47:54:8b:a2,-87,1
08/05/2026,07:24:56,101,Pesquisa em Eng. Elétrica,IFPB,84:f1:47:54:8b:a0,-79,1
08/05/2026,07:24:56,101,Pesquisa em Eng. Elétrica,IFPB-VISITANTE,84:f1:47:54:8b:a2,-79,1
08/05/2026,07:24:56,101,Pesquisa em Eng. Elétrica,IFPB-VISITANTE,e4:4e:2d:85:4c:62,-79,11
08/05/2026,07:24:56,101,Pesquisa em Eng. Elétrica,IFPB,84:f1:47:54:eb:20,-81,6
08/05/2026,07:24:56,101,Pesquisa em Eng. Elétrica,IFPB-VISITANTE,84:f1:47:54:eb:22,-81,6
08/05/2026,07:24:56,101,Pesquisa em Eng. Elétrica,IFPB,e4:4e:2d:85:4c:60,-81,11
08/05/2026,07:24:56,101,Pesquisa em Eng. Elétrica,IFPB,84:f1:47:54:f9:80,-88,11
08/05/2026,07:24:56,101,Pesquisa em Eng. Elétrica,IFPB-VISITANTE,84:f1:47:54:f9:82,-90,11
08/05/2026,07:25:06,102,Pesquisa em Eng. Elétrica,IFPB,e4:4e:2d:85:4c:60,-78,11
08/05/2026,07:25:06,102,Pesquisa em Eng. Elétrica,IFPB-VISITANTE,e4:4e:2d:85:4c:62,-78,11
08/05/2026,07:25:06,102,Pesquisa em Eng. Elétrica,IFPB,84:f1:47:54:8b:a0,-79,1
08/05/2026,07:25:06,102,Pesquisa em Eng. Elétrica,IFPB-VISITANTE,84:f1:47:54:8b:a2,-80,1
08/05/2026,07:25:06,102,Pesquisa em Eng. Elétrica,IFPB,84:f1:47:54:eb:20,-81,6
08/05/2026,07:25:06,102,Pesquisa em Eng. Elétrica,IFPB-VISITANTE,84:f1:47:54:eb:22,-82,6
08/05/2026,07:25:06,102,Pesquisa em Eng. Elétrica,IFPB,84:f1:47:54:f9:80,-88,11
08/05/2026,07:25:06,102,Pesquisa em Eng. Elétrica,IFPB-VISITANTE,84:f1:47:54:f9:82,-88,11
08/05/2026,07:25:16,103,Pesquisa em Eng. Elétrica,IFPB-VISITANTE,84:f1:47:54:8b:a2,-79,1
08/05/2026,07:25:16,103,Pesquisa em Eng. Elétrica,IFPB-VISITANTE,e4:4e:2d:85:4c:62,-79,11
08/05/2026,07:25:16,103,Pesquisa em Eng. Elétrica,IFPB,84:f1:47:54:8b:a0,-80,1
08/05/2026,07:25:16,103,Pesquisa em Eng. Elétrica,IFPB,84:f1:47:54:eb:20,-80,6
08/05/2026,07:25:16,103,Pesquisa em Eng. Elétrica,IFPB-VISITANTE,84:f1:47:54:eb:22,-80,6
08/05/2026,07:25:16,103,Pesquisa em Eng. Elétrica,IFPB,e4:4e:2d:85:4c:60,-80,11
08/05/2026,07:25:16,103,Pesquisa em Eng. Elétrica,IFPB,84:f1:47:54:96:e0,-83,1
08/05/2026,07:25:16,103,Pesquisa em Eng. Elétrica,IFPB-VISITANTE,84:f1:47:54:96:e2,-85,1
08/05/2026,07:25:16,103,Pesquisa em Eng. Elétrica,IFPB,84:f1:47:54:f9:80,-88,11
08/05/2026,07:25:16,103,Pesquisa em Eng. Elétrica,IFPB-VISITANTE,84:f1:47:54:f9:82,-90,11
08/05/2026,07:25:26,104,Pesquisa em Eng. Elétrica,IFPB-VISITANTE,84:f1:47:54:eb:22,-78,6
08/05/2026,07:25:26,104,Pesquisa em Eng. Elétrica,IFPB,84:f1:47:54:eb:20,-79,6
08/05/2026,07:25:26,104,Pesquisa em Eng. Elétrica,IFPB,e4:4e:2d:85:4c:60,-79,11
08/05/2026,07:25:26,104,Pesquisa em Eng. Elétrica,IFPB-VISITANTE,e4:4e:2d:85:4c:62,-79,11
08/05/2026,07:25:27,104,Pesquisa em Eng. Elétrica,IFPB,84:f1:47:54:8b:a0,-81,1
08/05/2026,07:25:27,104,Pesquisa em Eng. Elétrica,IFPB-VISITANTE,84:f1:47:54:8b:a2,-81,1
08/05/2026,07:25:27,104,Pesquisa em Eng. Elétrica,IFPB,84:f1:47:54:96:e0,-84,1
08/05/2026,07:25:27,104,Pesquisa em Eng. Elétrica,IFPB-VISITANTE,84:f1:47:54:96:e2,-84,1
08/05/2026,07:25:27,104,Pesquisa em Eng. Elétrica,IFPB-VISITANTE,84:f1:47:54:f9:82,-89,11
08/05/2026,07:25:37,105,Pesquisa em Eng. Elétrica,IFPB,e4:4e:2d:85:4c:60,-78,11
08/05/2026,07:25:37,105,Pesquisa em Eng. Elétrica,IFPB-VISITANTE,e4:4e:2d:85:4c:62,-79,11
08/05/2026,07:25:37,105,Pesquisa em Eng. Elétrica,IFPB,84:f1:47:54:eb:20,-80,6
08/05/2026,07:25:37,105,Pesquisa em Eng. Elétrica,IFPB-VISITANTE,84:f1:47:54:eb:22,-80,6
08/05/2026,07:25:37,105,Pesquisa em Eng. Elétrica,IFPB-VISITANTE,84:f1:47:54:8b:a2,-81,1
08/05/2026,07:25:37,105,Pesquisa em Eng. Elétrica,IFPB,84:f1:47:54:8b:a0,-81,1
08/05/2026,07:25:37,105,Pesquisa em Eng. Elétrica,IFPB-VISITANTE,84:f1:47:54:96:e2,-84,1
08/05/2026,07:25:37,105,Pesquisa em Eng. Elétrica,IFPB,84:f1:47:54:96:e0,-87,1
08/05/2026,07:25:37,105,Pesquisa em Eng. Elétrica,IFPB,84:f1:47:54:f9:80,-89,11
08/05/2026,07:25:37,105,Pesquisa em Eng. Elétrica,IFPB-VISITANTE,84:f1:47:54:f9:82,-89,11
08/05/2026,07:25:47,106,Pesquisa em Eng. Elétrica,IFPB,e4:4e:2d:85:4c:60,-77,11
08/05/2026,07:25:47,106,Pesquisa em Eng. Elétrica,IFPB-VISITANTE,e4:4e:2d:85:4c:62,-78,11
08/05/2026,07:25:47,106,Pesquisa em Eng. Elétrica,IFPB,84:f1:47:54:8b:a0,-80,1
08/05/2026,07:25:47,106,Pesquisa em Eng. Elétrica,IFPB-VISITANTE,84:f1:47:54:8b:a2,-80,1
08/05/2026,07:25:47,106,Pesquisa em Eng. Elétrica,IFPB,84:f1:47:54:eb:20,-80,6
08/05/2026,07:25:47,106,Pesquisa em Eng. Elétrica,IFPB-VISITANTE,84:f1:47:54:eb:22,-80,6
08/05/2026,07:25:47,106,Pesquisa em Eng. Elétrica,IFPB-VISITANTE,84:f1:47:54:96:e2,-85,1
08/05/2026,07:25:47,106,Pesquisa em Eng. Elétrica,IFPB,84:f1:47:54:96:e0,-86,1
08/05/2026,07:25:47,106,Pesquisa em Eng. Elétrica,IFPB-VISITANTE,24:36:da:2b:bc:02,-87,6
08/05/2026,07:25:47,106,Pesquisa em Eng. Elétrica,IFPB,84:f1:47:54:f9:80,-88,11
08/05/2026,07:25:47,106,Pesquisa em Eng. Elétrica,IFPB-VISITANTE,84:f1:47:54:f9:82,-88,11
08/05/2026,07:25:57,107,Pesquisa em Eng. Elétrica,IFPB,84:f1:47:54:eb:20,-77,6
08/05/2026,07:25:57,107,Pesquisa em Eng. Elétrica,IFPB-VISITANTE,84:f1:47:54:eb:22,-77,6
08/05/2026,07:25:57,107,Pesquisa em Eng. Elétrica,IFPB,e4:4e:2d:85:4c:60,-78,11
08/05/2026,07:25:57,107,Pesquisa em Eng. Elétrica,IFPB-VISITANTE,e4:4e:2d:85:4c:62,-79,11
08/05/2026,07:25:57,107,Pesquisa em Eng. Elétrica,IFPB-VISITANTE,84:f1:47:54:8b:a2,-80,1
08/05/2026,07:25:57,107,Pesquisa em Eng. Elétrica,IFPB,84:f1:47:54:8b:a0,-81,1
08/05/2026,07:25:57,107,Pesquisa em Eng. Elétrica,IFPB,84:f1:47:54:96:e0,-84,1
08/05/2026,07:25:57,107,Pesquisa em Eng. Elétrica,IFPB-VISITANTE,84:f1:47:54:96:e2,-85,1
08/05/2026,07:25:57,107,Pesquisa em Eng. Elétrica,IFPB-VISITANTE,84:f1:47:54:f9:82,-89,11
08/05/2026,07:25:57,107,Pesquisa em Eng. Elétrica,IFPB,84:f1:47:54:f9:80,-89,11
08/05/2026,07:26:07,108,Pesquisa em Eng. Elétrica,IFPB,84:f1:47:54:8b:a0,-79,1
08/05/2026,07:26:07,108,Pesquisa em Eng. Elétrica,IFPB-VISITANTE,84:f1:47:54:8b:a2,-79,1
08/05/2026,07:26:07,108,Pesquisa em Eng. Elétrica,IFPB-VISITANTE,84:f1:47:54:eb:22,-79,6
08/05/2026,07:26:07,108,Pesquisa em Eng. Elétrica,IFPB,e4:4e:2d:85:4c:60,-79,11
08/05/2026,07:26:07,108,Pesquisa em Eng. Elétrica,IFPB-VISITANTE,e4:4e:2d:85:4c:62,-79,11
08/05/2026,07:26:07,108,Pesquisa em Eng. Elétrica,IFPB,84:f1:47:54:eb:20,-80,6
08/05/2026,07:26:07,108,Pesquisa em Eng. Elétrica,IFPB,84:f1:47:54:96:e0,-83,1
08/05/2026,07:26:07,108,Pesquisa em Eng. Elétrica,IFPB-VISITANTE,84:f1:47:54:96:e2,-84,1
08/05/2026,07:26:07,108,Pesquisa em Eng. Elétrica,IFPB-VISITANTE,24:36:da:2b:bc:02,-87,6
08/05/2026,07:26:17,109,Pesquisa em Eng. Elétrica,IFPB,e4:4e:2d:85:4c:60,-77,11
08/05/2026,07:26:17,109,Pesquisa em Eng. Elétrica,IFPB-VISITANTE,e4:4e:2d:85:4c:62,-77,11
08/05/2026,07:26:17,109,Pesquisa em Eng. Elétrica,IFPB,84:f1:47:54:8b:a0,-78,1
08/05/2026,07:26:17,109,Pesquisa em Eng. Elétrica,IFPB-VISITANTE,84:f1:47:54:8b:a2,-78,1
08/05/2026,07:26:17,109,Pesquisa em Eng. Elétrica,IFPB,84:f1:47:54:96:e0,-83,1
08/05/2026,07:26:17,109,Pesquisa em Eng. Elétrica,IFPB-VISITANTE,84:f1:47:54:96:e2,-84,1
08/05/2026,07:26:17,109,Pesquisa em Eng. Elétrica,IFPB,84:f1:47:54:eb:20,-86,6
08/05/2026,07:26:17,109,Pesquisa em Eng. Elétrica,IFPB-VISITANTE,84:f1:47:54:eb:22,-86,6
08/05/2026,07:26:17,109,Pesquisa em Eng. Elétrica,IFPB-VISITANTE,84:f1:47:54:f9:82,-88,11
08/05/2026,07:26:17,109,Pesquisa em Eng. Elétrica,IFPB,84:f1:47:54:f9:80,-90,11
08/05/2026,07:26:27,110,Pesquisa em Eng. Elétrica,IFPB,84:f1:47:54:eb:20,-77,6
08/05/2026,07:26:27,110,Pesquisa em Eng. Elétrica,IFPB-VISITANTE,84:f1:47:54:eb:22,-77,6
08/05/2026,07:26:27,110,Pesquisa em Eng. Elétrica,IFPB,e4:4e:2d:85:4c:60,-77,11
08/05/2026,07:26:27,110,Pesquisa em Eng. Elétrica,IFPB-VISITANTE,e4:4e:2d:85:4c:62,-77,11
08/05/2026,07:26:27,110,Pesquisa em Eng. Elétrica,IFPB,84:f1:47:54:8b:a0,-84,1
08/05/2026,07:26:27,110,Pesquisa em Eng. Elétrica,IFPB-VISITANTE,84:f1:47:54:8b:a2,-84,1
08/05/2026,07:26:27,110,Pesquisa em Eng. Elétrica,IFPB,84:f1:47:54:96:e0,-84,1
08/05/2026,07:26:27,110,Pesquisa em Eng. Elétrica,IFPB-VISITANTE,84:f1:47:54:96:e2,-84,1
08/05/2026,07:26:27,110,Pesquisa em Eng. Elétrica,IFPB,84:f1:47:54:f9:80,-88,11
08/05/2026,07:26:27,110,Pesquisa em Eng. Elétrica,IFPB-VISITANTE,84:f1:47:54:f9:82,-89,11
08/05/2026,07:26:51,111,Práticas didáticas,IFPB,84:f1:47:54:8b:a0,-72,1
08/05/2026,07:26:51,111,Práticas didáticas,IFPB-VISITANTE,84:f1:47:54:8b:a2,-73,1
08/05/2026,07:26:51,111,Práticas didáticas,IFPB-VISITANTE,84:f1:47:54:eb:22,-77,6
08/05/2026,07:26:51,111,Práticas didáticas,IFPB,84:f1:47:54:f9:80,-77,11
08/05/2026,07:26:51,111,Práticas didáticas,IFPB,84:f1:47:54:eb:20,-78,6
08/05/2026,07:26:51,111,Práticas didáticas,IFPB-VISITANTE,84:f1:47:54:f9:82,-78,11
08/05/2026,07:26:52,111,Práticas didáticas,IFPB,e4:4e:2d:85:4c:60,-82,11
08/05/2026,07:26:52,111,Práticas didáticas,IFPB-VISITANTE,e4:4e:2d:85:4c:62,-83,11
08/05/2026,07:27:01,112,Práticas didáticas,IFPB,84:f1:47:54:8b:a0,-74,1
08/05/2026,07:27:02,112,Práticas didáticas,IFPB-VISITANTE,84:f1:47:54:8b:a2,-75,1
08/05/2026,07:27:02,112,Práticas didáticas,IFPB,84:f1:47:54:eb:20,-76,6
08/05/2026,07:27:02,112,Práticas didáticas,IFPB-VISITANTE,84:f1:47:54:eb:22,-76,6
08/05/2026,07:27:02,112,Práticas didáticas,IFPB,84:f1:47:54:f9:80,-82,11
08/05/2026,07:27:02,112,Práticas didáticas,IFPB-VISITANTE,84:f1:47:54:f9:82,-82,11
08/05/2026,07:27:02,112,Práticas didáticas,IFPB,e4:4e:2d:85:4c:60,-83,11
08/05/2026,07:27:02,112,Práticas didáticas,IFPB-VISITANTE,e4:4e:2d:85:4c:62,-83,11
08/05/2026,07:27:12,113,Práticas didáticas,IFPB,84:f1:47:54:8b:a0,-76,1
08/05/2026,07:27:12,113,Práticas didáticas,IFPB-VISITANTE,84:f1:47:54:8b:a2,-77,1
08/05/2026,07:27:12,113,Práticas didáticas,IFPB,84:f1:47:54:eb:20,-79,6
08/05/2026,07:27:12,113,Práticas didáticas,IFPB-VISITANTE,84:f1:47:54:eb:22,-79,6
08/05/2026,07:27:12,113,Práticas didáticas,IFPB,84:f1:47:54:f9:80,-80,11
08/05/2026,07:27:12,113,Práticas didáticas,IFPB-VISITANTE,84:f1:47:54:f9:82,-81,11
08/05/2026,07:27:12,113,Práticas didáticas,IFPB,e4:4e:2d:85:4c:60,-83,11
08/05/2026,07:27:12,113,Práticas didáticas,IFPB-VISITANTE,e4:4e:2d:85:4c:62,-83,11
08/05/2026,07:27:22,114,Práticas didáticas,IFPB,84:f1:47:54:8b:a0,-78,1
08/05/2026,07:27:22,114,Práticas didáticas,IFPB-VISITANTE,84:f1:47:54:8b:a2,-79,1
08/05/2026,07:27:22,114,Práticas didáticas,IFPB,84:f1:47:54:eb:20,-79,6
08/05/2026,07:27:22,114,Práticas didáticas,IFPB-VISITANTE,84:f1:47:54:eb:22,-79,6
08/05/2026,07:27:22,114,Práticas didáticas,IFPB,84:f1:47:54:f9:80,-82,11
08/05/2026,07:27:22,114,Práticas didáticas,IFPB-VISITANTE,84:f1:47:54:f9:82,-83,11
08/05/2026,07:27:22,114,Práticas didáticas,IFPB,e4:4e:2d:85:4c:60,-85,11
08/05/2026,07:27:22,114,Práticas didáticas,IFPB-VISITANTE,e4:4e:2d:85:4c:62,-85,11
08/05/2026,07:27:32,115,Práticas didáticas,IFPB,84:f1:47:54:8b:a0,-76,1
08/05/2026,07:27:32,115,Práticas didáticas,IFPB-VISITANTE,84:f1:47:54:8b:a2,-76,1
08/05/2026,07:27:32,115,Práticas didáticas,IFPB,84:f1:47:54:eb:20,-78,6
08/05/2026,07:27:32,115,Práticas didáticas,IFPB-VISITANTE,84:f1:47:54:eb:22,-79,6
08/05/2026,07:27:32,115,Práticas didáticas,IFPB,84:f1:47:54:f9:80,-82,11
08/05/2026,07:27:32,115,Práticas didáticas,IFPB-VISITANTE,84:f1:47:54:f9:82,-83,11
08/05/2026,07:27:32,115,Práticas didáticas,IFPB,e4:4e:2d:85:4c:60,-85,11
08/05/2026,07:27:32,115,Práticas didáticas,IFPB-VISITANTE,e4:4e:2d:85:4c:62,-85,11
08/05/2026,07:27:42,116,Práticas didáticas,IFPB,84:f1:47:54:8b:a0,-75,1
08/05/2026,07:27:42,116,Práticas didáticas,IFPB-VISITANTE,84:f1:47:54:8b:a2,-75,1
08/05/2026,07:27:42,116,Práticas didáticas,IFPB,84:f1:47:54:f9:80,-80,11
08/05/2026,07:27:42,116,Práticas didáticas,IFPB-VISITANTE,84:f1:47:54:f9:82,-80,11
08/05/2026,07:27:42,116,Práticas didáticas,IFPB-VISITANTE,84:f1:47:54:eb:22,-81,6
08/05/2026,07:27:42,116,Práticas didáticas,IFPB,84:f1:47:54:eb:20,-82,6
08/05/2026,07:27:42,116,Práticas didáticas,IFPB-VISITANTE,e4:4e:2d:85:4c:62,-88,11
08/05/2026,07:27:42,116,Práticas didáticas,IFPB,e4:4e:2d:85:4c:60,-89,11
08/05/2026,07:27:52,117,Práticas didáticas,IFPB,84:f1:47:54:8b:a0,-77,1
08/05/2026,07:27:52,117,Práticas didáticas,IFPB-VISITANTE,84:f1:47:54:8b:a2,-77,1
08/05/2026,07:27:52,117,Práticas didáticas,IFPB,84:f1:47:54:eb:20,-78,6
08/05/2026,07:27:52,117,Práticas didáticas,IFPB-VISITANTE,84:f1:47:54:eb:22,-79,6
08/05/2026,07:27:52,117,Práticas didáticas,IFPB-VISITANTE,84:f1:47:54:f9:82,-83,11
08/05/2026,07:27:52,117,Práticas didáticas,IFPB,84:f1:47:54:f9:80,-84,11
08/05/2026,07:27:52,117,Práticas didáticas,IFPB,e4:4e:2d:85:4c:60,-87,11
08/05/2026,07:27:52,117,Práticas didáticas,IFPB-VISITANTE,e4:4e:2d:85:4c:62,-88,11
08/05/2026,07:28:02,118,Práticas didáticas,IFPB,84:f1:47:54:8b:a0,-75,1
08/05/2026,07:28:02,118,Práticas didáticas,IFPB-VISITANTE,84:f1:47:54:8b:a2,-76,1
08/05/2026,07:28:02,118,Práticas didáticas,IFPB,84:f1:47:54:eb:20,-79,6
08/05/2026,07:28:02,118,Práticas didáticas,IFPB-VISITANTE,84:f1:47:54:eb:22,-79,6
08/05/2026,07:28:02,118,Práticas didáticas,IFPB,e4:4e:2d:85:4c:60,-83,11
08/05/2026,07:28:02,118,Práticas didáticas,IFPB-VISITANTE,84:f1:47:54:f9:82,-83,11
08/05/2026,07:28:02,118,Práticas didáticas,IFPB,84:f1:47:54:f9:80,-84,11
08/05/2026,07:28:02,118,Práticas didáticas,IFPB-VISITANTE,e4:4e:2d:85:4c:62,-84,11
08/05/2026,07:28:12,119,Práticas didáticas,IFPB,84:f1:47:54:8b:a0,-74,1
08/05/2026,07:28:12,119,Práticas didáticas,IFPB-VISITANTE,84:f1:47:54:8b:a2,-75,1
08/05/2026,07:28:12,119,Práticas didáticas,IFPB,84:f1:47:54:eb:20,-79,6
08/05/2026,07:28:12,119,Práticas didáticas,IFPB-VISITANTE,84:f1:47:54:eb:22,-80,6
08/05/2026,07:28:12,119,Práticas didáticas,IFPB-VISITANTE,84:f1:47:54:f9:82,-80,11
08/05/2026,07:28:12,119,Práticas didáticas,IFPB,84:f1:47:54:f9:80,-81,11
08/05/2026,07:28:12,119,Práticas didáticas,IFPB,e4:4e:2d:85:4c:60,-85,11
08/05/2026,07:28:12,119,Práticas didáticas,IFPB-VISITANTE,e4:4e:2d:85:4c:62,-85,11
08/05/2026,07:28:22,120,Práticas didáticas,IFPB,84:f1:47:54:8b:a0,-75,1
08/05/2026,07:28:22,120,Práticas didáticas,IFPB-VISITANTE,84:f1:47:54:8b:a2,-75,1
08/05/2026,07:28:22,120,Práticas didáticas,IFPB,84:f1:47:54:eb:20,-77,6
08/05/2026,07:28:22,120,Práticas didáticas,IFPB-VISITANTE,84:f1:47:54:eb:22,-77,6
08/05/2026,07:28:22,120,Práticas didáticas,IFPB-VISITANTE,84:f1:47:54:f9:82,-83,11
08/05/2026,07:28:22,120,Práticas didáticas,IFPB,e4:4e:2d:85:4c:60,-83,11
08/05/2026,07:28:22,120,Práticas didáticas,IFPB,84:f1:47:54:f9:80,-84,11
08/05/2026,07:28:22,120,Práticas didáticas,IFPB-VISITANTE,e4:4e:2d:85:4c:62,-84,11
08/05/2026,07:29:16,121,Sala dos professores,IFPB-VISITANTE,84:f1:47:54:fd:c2,-61,6
08/05/2026,07:29:16,121,Sala dos professores,IFPB,84:f1:47:54:fd:c0,-62,6
08/05/2026,07:29:16,121,Sala dos professores,IFPB-VISITANTE,84:f1:47:54:7f:22,-85,11
08/05/2026,07:29:17,121,Sala dos professores,IFPB,84:f1:47:54:7f:20,-86,11
08/05/2026,07:29:17,121,Sala dos professores,IFPB,84:f1:47:54:f9:80,-87,11
08/05/2026,07:29:17,121,Sala dos professores,IFPB,84:f1:47:54:95:e0,-87,11
08/05/2026,07:29:17,121,Sala dos professores,IFPB-VISITANTE,e4:4e:2d:85:4c:62,-87,11
08/05/2026,07:29:17,121,Sala dos professores,IFPB-VISITANTE,84:f1:47:54:95:e2,-88,11
08/05/2026,07:29:17,121,Sala dos professores,IFPB,e4:4e:2d:85:4c:60,-90,11
08/05/2026,07:29:17,121,Sala dos professores,IFPB-VISITANTE,84:f1:47:54:f9:82,-90,11
08/05/2026,07:29:26,122,Sala dos professores,IFPB,84:f1:47:54:fd:c0,-61,6
08/05/2026,07:29:26,122,Sala dos professores,IFPB-VISITANTE,84:f1:47:54:fd:c2,-61,6
08/05/2026,07:29:27,122,Sala dos professores,IFPB-VISITANTE,84:f1:47:54:7f:22,-86,11
08/05/2026,07:29:27,122,Sala dos professores,IFPB,84:f1:47:54:7f:20,-87,11
08/05/2026,07:29:27,122,Sala dos professores,IFPB,84:f1:47:54:95:e0,-87,11
08/05/2026,07:29:27,122,Sala dos professores,IFPB-VISITANTE,84:f1:47:54:95:e2,-87,11
08/05/2026,07:29:27,122,Sala dos professores,IFPB,e4:4e:2d:85:4c:60,-88,11
08/05/2026,07:29:27,122,Sala dos professores,IFPB-VISITANTE,e4:4e:2d:85:4c:62,-88,11
08/05/2026,07:29:27,122,Sala dos professores,IFPB,84:f1:47:54:96:e0,-89,1
08/05/2026,07:29:27,122,Sala dos professores,IFPB-VISITANTE,84:f1:47:54:96:e2,-89,1
08/05/2026,07:29:27,122,Sala dos professores,IFPB,84:f1:47:54:f9:80,-90,11
08/05/2026,07:29:27,122,Sala dos professores,IFPB-VISITANTE,84:f1:47:54:f9:82,-90,11
08/05/2026,07:29:37,123,Sala dos professores,IFPB,84:f1:47:54:fd:c0,-61,6
08/05/2026,07:29:37,123,Sala dos professores,IFPB-VISITANTE,84:f1:47:54:fd:c2,-61,6
08/05/2026,07:29:37,123,Sala dos professores,IFPB-VISITANTE,84:f1:47:54:7f:22,-86,11
08/05/2026,07:29:37,123,Sala dos professores,IFPB,84:f1:47:54:96:e0,-87,1
08/05/2026,07:29:37,123,Sala dos professores,IFPB,84:f1:47:54:7f:20,-87,11
08/05/2026,07:29:37,123,Sala dos professores,IFPB,84:f1:47:54:95:e0,-87,11
08/05/2026,07:29:37,123,Sala dos professores,IFPB-VISITANTE,84:f1:47:54:95:e2,-87,11
08/05/2026,07:29:37,123,Sala dos professores,IFPB-VISITANTE,84:f1:47:54:f9:82,-88,11
08/05/2026,07:29:37,123,Sala dos professores,IFPB-VISITANTE,84:f1:47:54:96:e2,-89,1
08/05/2026,07:29:37,123,Sala dos professores,IFPB,84:f1:47:54:f9:80,-89,11
08/05/2026,07:29:37,123,Sala dos professores,IFPB,e4:4e:2d:85:4c:60,-89,11
08/05/2026,07:29:37,123,Sala dos professores,IFPB-VISITANTE,e4:4e:2d:85:4c:62,-89,11
08/05/2026,07:29:47,124,Sala dos professores,IFPB,84:f1:47:54:fd:c0,-65,6
08/05/2026,07:29:47,124,Sala dos professores,IFPB-VISITANTE,84:f1:47:54:fd:c2,-65,6
08/05/2026,07:29:47,124,Sala dos professores,IFPB,84:f1:47:54:95:e0,-85,11
08/05/2026,07:29:47,124,Sala dos professores,IFPB-VISITANTE,84:f1:47:54:95:e2,-86,11
08/05/2026,07:29:47,124,Sala dos professores,IFPB,84:f1:47:54:96:e0,-87,1
08/05/2026,07:29:47,124,Sala dos professores,IFPB,84:f1:47:54:7f:20,-87,11
08/05/2026,07:29:47,124,Sala dos professores,IFPB-VISITANTE,84:f1:47:54:7f:22,-87,11
08/05/2026,07:29:47,124,Sala dos professores,IFPB,e4:4e:2d:85:4c:60,-88,11
08/05/2026,07:29:47,124,Sala dos professores,IFPB-VISITANTE,84:f1:47:54:96:e2,-89,1
08/05/2026,07:29:47,124,Sala dos professores,IFPB-VISITANTE,e4:4e:2d:85:4c:62,-89,11
08/05/2026,07:29:47,124,Sala dos professores,IFPB-VISITANTE,84:f1:47:54:f9:82,-90,11
08/05/2026,07:29:47,124,Sala dos professores,IFPB,84:f1:47:54:f9:80,-91,11
08/05/2026,07:29:57,125,Sala dos professores,IFPB,84:f1:47:54:fd:c0,-59,6
08/05/2026,07:29:57,125,Sala dos professores,IFPB-VISITANTE,84:f1:47:54:fd:c2,-59,6
08/05/2026,07:29:57,125,Sala dos professores,IFPB-VISITANTE,84:f1:47:54:7f:22,-85,11
08/05/2026,07:29:57,125,Sala dos professores,IFPB,84:f1:47:54:95:e0,-85,11
08/05/2026,07:29:57,125,Sala dos professores,IFPB-VISITANTE,84:f1:47:54:95:e2,-85,11
08/05/2026,07:29:57,125,Sala dos professores,IFPB,84:f1:47:54:7f:20,-86,11
08/05/2026,07:29:57,125,Sala dos professores,IFPB,84:f1:47:54:96:e0,-88,1
08/05/2026,07:29:57,125,Sala dos professores,IFPB-VISITANTE,84:f1:47:54:96:e2,-88,1
08/05/2026,07:29:57,125,Sala dos professores,IFPB,e4:4e:2d:85:4c:60,-88,11
08/05/2026,07:29:57,125,Sala dos professores,IFPB-VISITANTE,e4:4e:2d:85:4c:62,-89,11
08/05/2026,07:29:57,125,Sala dos professores,IFPB-VISITANTE,84:f1:47:54:f9:82,-90,11
08/05/2026,07:29:58,125,Sala dos professores,IFPB,84:f1:47:54:f9:80,-91,11
08/05/2026,07:30:07,126,Sala dos professores,IFPB,84:f1:47:54:fd:c0,-59,6
08/05/2026,07:30:07,126,Sala dos professores,IFPB-VISITANTE,84:f1:47:54:fd:c2,-59,6
08/05/2026,07:30:07,126,Sala dos professores,IFPB,84:f1:47:54:95:e0,-85,11
08/05/2026,07:30:07,126,Sala dos professores,IFPB-VISITANTE,84:f1:47:54:95:e2,-85,11
08/05/2026,07:30:08,126,Sala dos professores,IFPB,84:f1:47:54:7f:20,-87,11
08/05/2026,07:30:08,126,Sala dos professores,IFPB-VISITANTE,84:f1:47:54:96:e2,-88,1
08/05/2026,07:30:08,126,Sala dos professores,IFPB,84:f1:47:54:96:e0,-88,1
08/05/2026,07:30:08,126,Sala dos professores,IFPB-VISITANTE,84:f1:47:54:7f:22,-88,11
08/05/2026,07:30:08,126,Sala dos professores,IFPB,e4:4e:2d:85:4c:60,-88,11
08/05/2026,07:30:08,126,Sala dos professores,IFPB-VISITANTE,e4:4e:2d:85:4c:62,-88,11
08/05/2026,07:30:17,127,Sala dos professores,IFPB,84:f1:47:54:fd:c0,-59,6
08/05/2026,07:30:17,127,Sala dos professores,IFPB-VISITANTE,84:f1:47:54:fd:c2,-59,6
08/05/2026,07:30:18,127,Sala dos professores,IFPB-VISITANTE,84:f1:47:54:95:e2,-83,11
08/05/2026,07:30:18,127,Sala dos professores,IFPB,84:f1:47:54:7f:20,-84,11
08/05/2026,07:30:18,127,Sala dos professores,IFPB-VISITANTE,84:f1:47:54:7f:22,-84,11
08/05/2026,07:30:18,127,Sala dos professores,IFPB,84:f1:47:54:95:e0,-85,11
08/05/2026,07:30:18,127,Sala dos professores,IFPB,84:f1:47:54:96:e0,-88,1
08/05/2026,07:30:18,127,Sala dos professores,IFPB-VISITANTE,84:f1:47:54:96:e2,-88,1
08/05/2026,07:30:18,127,Sala dos professores,IFPB-VISITANTE,84:f1:47:54:f9:82,-90,11
08/05/2026,07:30:18,127,Sala dos professores,IFPB,e4:4e:2d:85:4c:60,-91,11
08/05/2026,07:30:28,128,Sala dos professores,IFPB,84:f1:47:54:fd:c0,-61,6
08/05/2026,07:30:28,128,Sala dos professores,IFPB-VISITANTE,84:f1:47:54:fd:c2,-61,6
08/05/2026,07:30:28,128,Sala dos professores,IFPB,84:f1:47:54:7f:20,-83,11
08/05/2026,07:30:28,128,Sala dos professores,IFPB-VISITANTE,84:f1:47:54:7f:22,-84,11
08/05/2026,07:30:28,128,Sala dos professores,IFPB-VISITANTE,84:f1:47:54:95:e2,-85,11
08/05/2026,07:30:28,128,Sala dos professores,IFPB,84:f1:47:54:95:e0,-85,11
08/05/2026,07:30:28,128,Sala dos professores,IFPB,84:f1:47:54:f9:80,-90,11
08/05/2026,07:30:28,128,Sala dos professores,IFPB-VISITANTE,84:f1:47:54:f9:82,-90,11
08/05/2026,07:30:38,129,Sala dos professores,IFPB,84:f1:47:54:fd:c0,-62,6
08/05/2026,07:30:38,129,Sala dos professores,IFPB-VISITANTE,84:f1:47:54:fd:c2,-62,6
08/05/2026,07:30:38,129,Sala dos professores,IFPB-VISITANTE,84:f1:47:54:f9:82,-87,11
08/05/2026,07:30:38,129,Sala dos professores,IFPB-VISITANTE,e4:4e:2d:85:4c:62,-87,11
08/05/2026,07:30:38,129,Sala dos professores,IFPB-VISITANTE,84:f1:47:54:95:e2,-87,11
08/05/2026,07:30:38,129,Sala dos professores,IFPB,84:f1:47:54:f9:80,-88,11
08/05/2026,07:30:38,129,Sala dos professores,IFPB,e4:4e:2d:85:4c:60,-88,11
08/05/2026,07:30:38,129,Sala dos professores,IFPB,84:f1:47:54:7f:20,-88,11
08/05/2026,07:30:38,129,Sala dos professores,IFPB,84:f1:47:54:95:e0,-88,11
08/05/2026,07:30:38,129,Sala dos professores,IFPB-VISITANTE,84:f1:47:54:7f:22,-90,11
08/05/2026,07:30:48,130,Sala dos professores,IFPB,84:f1:47:54:fd:c0,-63,6
08/05/2026,07:30:48,130,Sala dos professores,IFPB-VISITANTE,84:f1:47:54:fd:c2,-63,6
08/05/2026,07:30:48,130,Sala dos professores,IFPB,84:f1:47:54:7f:20,-86,11
08/05/2026,07:30:48,130,Sala dos professores,IFPB-VISITANTE,84:f1:47:54:7f:22,-86,11
08/05/2026,07:30:48,130,Sala dos professores,IFPB,84:f1:47:54:f9:80,-88,11
08/05/2026,07:30:48,130,Sala dos professores,IFPB-VISITANTE,84:f1:47:54:f9:82,-89,11
08/05/2026,07:30:48,130,Sala dos professores,IFPB,84:f1:47:54:95:e0,-90,11
08/05/2026,07:30:48,130,Sala dos professores,IFPB-VISITANTE,84:f1:47:54:95:e2,-90,11
08/05/2026,07:32:07,131,Lab. química 03,IFPB-VISITANTE,24:36:da:2b:bc:02,-78,6
08/05/2026,07:32:07,131,Lab. química 03,IFPB,84:f1:47:54:7f:60,-78,6
08/05/2026,07:32:07,131,Lab. química 03,IFPB,84:f1:47:54:6b:80,-79,6
08/05/2026,07:32:07,131,Lab. química 03,IFPB,24:36:da:2b:bc:00,-79,6
08/05/2026,07:32:07,131,Lab. química 03,IFPB-VISITANTE,84:f1:47:54:6b:82,-79,6
08/05/2026,07:32:07,131,Lab. química 03,IFPB-VISITANTE,2c:57:41:cd:e1:c2,-79,11
08/05/2026,07:32:07,131,Lab. química 03,IFPB-VISITANTE,84:f1:47:54:7f:62,-80,6
08/05/2026,07:32:07,131,Lab. química 03,IFPB,2c:57:41:cd:e1:c0,-80,11
08/05/2026,07:32:07,131,Lab. química 03,IFPB-VISITANTE,24:36:da:a2:7f:42,-81,6
08/05/2026,07:32:07,131,Lab. química 03,IFPB,24:36:da:a2:7f:40,-81,6
08/05/2026,07:32:07,131,Lab. química 03,IFPB,b8:11:4b:1d:12:00,-87,1
08/05/2026,07:32:07,131,Lab. química 03,IFPB-VISITANTE,84:f1:47:54:81:02,-87,11
08/05/2026,07:32:07,131,Lab. química 03,IFPB-VISITANTE,b8:11:4b:1d:12:02,-88,1
08/05/2026,07:32:07,131,Lab. química 03,IFPB,84:f1:47:54:81:00,-88,11
08/05/2026,07:32:17,132,Lab. química 03,IFPB,24:36:da:2b:bc:00,-78,6
08/05/2026,07:32:17,132,Lab. química 03,IFPB-VISITANTE,24:36:da:2b:bc:02,-78,6
08/05/2026,07:32:17,132,Lab. química 03,IFPB-VISITANTE,84:f1:47:54:7f:62,-81,6
08/05/2026,07:32:17,132,Lab. química 03,IFPB,2c:57:41:cd:e1:c0,-81,11
08/05/2026,07:32:17,132,Lab. química 03,IFPB-VISITANTE,2c:57:41:cd:e1:c2,-81,11
08/05/2026,07:32:17,132,Lab. química 03,IFPB,84:f1:47:54:7f:60,-82,6
08/05/2026,07:32:17,132,Lab. química 03,IFPB-VISITANTE,84:f1:47:54:6b:82,-83,6
08/05/2026,07:32:17,132,Lab. química 03,IFPB,24:36:da:a2:7f:40,-83,6
08/05/2026,07:32:17,132,Lab. química 03,IFPB-VISITANTE,24:36:da:a2:7f:42,-83,6
08/05/2026,07:32:17,132,Lab. química 03,IFPB,84:f1:47:54:6b:80,-84,6
08/05/2026,07:32:17,132,Lab. química 03,IFPB-VISITANTE,84:f1:47:54:81:02,-87,11
08/05/2026,07:32:17,132,Lab. química 03,IFPB,84:f1:47:54:81:00,-88,11
08/05/2026,07:32:17,132,Lab. química 03,IFPB-VISITANTE,b8:11:4b:1d:12:02,-90,1
08/05/2026,07:32:27,133,Lab. química 03,IFPB-VISITANTE,24:36:da:2b:bc:02,-80,6
08/05/2026,07:32:27,133,Lab. química 03,IFPB,24:36:da:2b:bc:00,-80,6
08/05/2026,07:32:27,133,Lab. química 03,IFPB,84:f1:47:54:7f:60,-80,6
08/05/2026,07:32:27,133,Lab. química 03,IFPB-VISITANTE,84:f1:47:54:7f:62,-80,6
08/05/2026,07:32:27,133,Lab. química 03,IFPB,2c:57:41:cd:e1:c0,-80,11
08/05/2026,07:32:27,133,Lab. química 03,IFPB-VISITANTE,2c:57:41:cd:e1:c2,-81,11
08/05/2026,07:32:27,133,Lab. química 03,IFPB-VISITANTE,84:f1:47:54:6b:82,-83,6
08/05/2026,07:32:27,133,Lab. química 03,IFPB,84:f1:47:54:6b:80,-83,6
08/05/2026,07:32:27,133,Lab. química 03,IFPB-VISITANTE,24:36:da:a2:7f:42,-84,6
08/05/2026,07:32:27,133,Lab. química 03,IFPB,24:36:da:a2:7f:40,-84,6
08/05/2026,07:32:28,133,Lab. química 03,IFPB-VISITANTE,84:f1:47:54:81:02,-89,11
08/05/2026,07:32:28,133,Lab. química 03,IFPB,b8:11:4b:1d:12:00,-90,1
08/05/2026,07:32:28,133,Lab. química 03,IFPB,84:f1:47:54:81:00,-90,11
08/05/2026,07:32:37,134,Lab. química 03,IFPB-VISITANTE,24:36:da:2b:bc:02,-78,6
08/05/2026,07:32:37,134,Lab. química 03,IFPB,24:36:da:2b:bc:00,-78,6
08/05/2026,07:32:37,134,Lab. química 03,IFPB-VISITANTE,84:f1:47:54:7f:62,-80,6
08/05/2026,07:32:37,134,Lab. química 03,IFPB,84:f1:47:54:7f:60,-81,6
08/05/2026,07:32:37,134,Lab. química 03,IFPB,2c:57:41:cd:e1:c0,-81,11
08/05/2026,07:32:37,134,Lab. química 03,IFPB,84:f1:47:54:6b:80,-82,6
08/05/2026,07:32:37,134,Lab. química 03,IFPB-VISITANTE,84:f1:47:54:6b:82,-82,6
08/05/2026,07:32:37,134,Lab. química 03,IFPB-VISITANTE,2c:57:41:cd:e1:c2,-84,11
08/05/2026,07:32:37,134,Lab. química 03,IFPB,24:36:da:a2:7f:40,-85,6
08/05/2026,07:32:37,134,Lab. química 03,IFPB-VISITANTE,24:36:da:a2:7f:42,-85,6
08/05/2026,07:32:47,135,Lab. química 03,IFPB,24:36:da:2b:bc:00,-79,6
08/05/2026,07:32:47,135,Lab. química 03,IFPB-VISITANTE,24:36:da:2b:bc:02,-79,6
08/05/2026,07:32:47,135,Lab. química 03,IFPB-VISITANTE,84:f1:47:54:7f:62,-79,6
08/05/2026,07:32:48,135,Lab. química 03,IFPB,84:f1:47:54:7f:60,-80,6
08/05/2026,07:32:48,135,Lab. química 03,IFPB,2c:57:41:cd:e1:c0,-82,11
08/05/2026,07:32:48,135,Lab. química 03,IFPB-VISITANTE,2c:57:41:cd:e1:c2,-82,11
08/05/2026,07:32:48,135,Lab. química 03,IFPB-VISITANTE,84:f1:47:54:6b:82,-83,6
08/05/2026,07:32:48,135,Lab. química 03,IFPB,84:f1:47:54:6b:80,-84,6
08/05/2026,07:32:48,135,Lab. química 03,IFPB-VISITANTE,b8:11:4b:1d:12:02,-87,1
08/05/2026,07:32:48,135,Lab. química 03,IFPB-VISITANTE,84:f1:47:54:97:02,-87,1
08/05/2026,07:32:48,135,Lab. química 03,IFPB,b8:11:4b:1d:12:00,-87,1
08/05/2026,07:32:48,135,Lab. química 03,IFPB,24:36:da:a2:7f:40,-88,6
08/05/2026,07:32:48,135,Lab. química 03,IFPB-VISITANTE,24:36:da:a2:7f:42,-88,6
08/05/2026,07:32:48,135,Lab. química 03,IFPB-VISITANTE,84:f1:47:54:81:02,-89,11
08/05/2026,07:32:48,135,Lab. química 03,IFPB,84:f1:47:54:81:00,-90,11
08/05/2026,07:32:48,135,Lab. química 03,IFPB,84:f1:47:54:97:00,-91,1
08/05/2026,07:32:58,136,Lab. química 03,IFPB,24:36:da:2b:bc:00,-80,6
08/05/2026,07:32:58,136,Lab. química 03,IFPB-VISITANTE,24:36:da:2b:bc:02,-80,6
08/05/2026,07:32:58,136,Lab. química 03,IFPB-VISITANTE,84:f1:47:54:7f:62,-80,6
08/05/2026,07:32:58,136,Lab. química 03,IFPB,84:f1:47:54:7f:60,-81,6
08/05/2026,07:32:58,136,Lab. química 03,IFPB,2c:57:41:cd:e1:c0,-82,11
08/05/2026,07:32:58,136,Lab. química 03,IFPB-VISITANTE,2c:57:41:cd:e1:c2,-82,11
08/05/2026,07:32:58,136,Lab. química 03,IFPB-VISITANTE,84:f1:47:54:6b:82,-83,6
08/05/2026,07:32:58,136,Lab. química 03,IFPB,84:f1:47:54:6b:80,-84,6
08/05/2026,07:32:58,136,Lab. química 03,IFPB-VISITANTE,b8:11:4b:1d:12:02,-86,1
08/05/2026,07:32:58,136,Lab. química 03,IFPB,b8:11:4b:1d:12:00,-87,1
08/05/2026,07:32:58,136,Lab. química 03,IFPB-VISITANTE,84:f1:47:54:97:02,-88,1
08/05/2026,07:32:58,136,Lab. química 03,IFPB-VISITANTE,84:f1:47:54:8b:a2,-89,1
08/05/2026,07:32:58,136,Lab. química 03,IFPB,84:f1:47:54:97:00,-90,1
08/05/2026,07:32:58,136,Lab. química 03,IFPB,84:f1:47:54:81:00,-90,11
08/05/2026,07:33:08,137,Lab. química 03,IFPB,24:36:da:2b:bc:00,-80,6
08/05/2026,07:33:08,137,Lab. química 03,IFPB-VISITANTE,24:36:da:2b:bc:02,-81,6
08/05/2026,07:33:08,137,Lab. química 03,IFPB-VISITANTE,84:f1:47:54:7f:62,-81,6
08/05/2026,07:33:08,137,Lab. química 03,IFPB,84:f1:47:54:7f:60,-82,6
08/05/2026,07:33:08,137,Lab. química 03,IFPB,2c:57:41:cd:e1:c0,-82,11
08/05/2026,07:33:08,137,Lab. química 03,IFPB-VISITANTE,2c:57:41:cd:e1:c2,-82,11
08/05/2026,07:33:08,137,Lab. química 03,IFPB,84:f1:47:54:6b:80,-83,6
08/05/2026,07:33:08,137,Lab. química 03,IFPB-VISITANTE,84:f1:47:54:6b:82,-83,6
08/05/2026,07:33:08,137,Lab. química 03,IFPB-VISITANTE,b8:11:4b:1d:12:02,-88,1
08/05/2026,07:33:08,137,Lab. química 03,IFPB-VISITANTE,84:f1:47:54:97:02,-88,1
08/05/2026,07:33:08,137,Lab. química 03,IFPB,84:f1:47:54:97:00,-88,1
08/05/2026,07:33:08,137,Lab. química 03,IFPB,b8:11:4b:1d:12:00,-89,1
08/05/2026,07:33:08,137,Lab. química 03,IFPB-VISITANTE,84:f1:47:54:8b:a2,-89,1
08/05/2026,07:33:18,138,Lab. química 03,IFPB-VISITANTE,24:36:da:2b:bc:02,-80,6
08/05/2026,07:33:18,138,Lab. química 03,IFPB-VISITANTE,84:f1:47:54:6b:82,-80,6
08/05/2026,07:33:18,138,Lab. química 03,IFPB,24:36:da:2b:bc:00,-80,6
08/05/2026,07:33:18,138,Lab. química 03,IFPB,84:f1:47:54:6b:80,-80,6
08/05/2026,07:33:18,138,Lab. química 03,IFPB-VISITANTE,84:f1:47:54:7f:62,-82,6
08/05/2026,07:33:18,138,Lab. química 03,IFPB,84:f1:47:54:7f:60,-83,6
08/05/2026,07:33:18,138,Lab. química 03,IFPB-VISITANTE,24:36:da:a2:7f:42,-84,6
08/05/2026,07:33:18,138,Lab. química 03,IFPB,b8:11:4b:1d:12:00,-85,1
08/05/2026,07:33:18,138,Lab. química 03,IFPB,24:36:da:a2:7f:40,-85,6
08/05/2026,07:33:18,138,Lab. química 03,IFPB-VISITANTE,b8:11:4b:1d:12:02,-86,1
08/05/2026,07:33:18,138,Lab. química 03,IFPB,2c:57:41:cd:e1:c0,-87,11
08/05/2026,07:33:18,138,Lab. química 03,IFPB-VISITANTE,84:f1:47:54:81:02,-88,11
08/05/2026,07:33:18,138,Lab. química 03,IFPB-VISITANTE,2c:57:41:cd:e1:c2,-89,11
08/05/2026,07:33:18,138,Lab. química 03,IFPB,84:f1:47:54:81:00,-90,11
08/05/2026,07:33:28,139,Lab. química 03,IFPB-VISITANTE,84:f1:47:54:6b:82,-78,6
08/05/2026,07:33:28,139,Lab. química 03,IFPB,84:f1:47:54:6b:80,-79,6
08/05/2026,07:33:28,139,Lab. química 03,IFPB,24:36:da:2b:bc:00,-80,6
08/05/2026,07:33:28,139,Lab. química 03,IFPB-VISITANTE,24:36:da:2b:bc:02,-81,6
08/05/2026,07:33:28,139,Lab. química 03,IFPB,84:f1:47:54:7f:60,-81,6
08/05/2026,07:33:28,139,Lab. química 03,IFPB-VISITANTE,84:f1:47:54:7f:62,-82,6
08/05/2026,07:33:28,139,Lab. química 03,IFPB,24:36:da:a2:7f:40,-85,6
08/05/2026,07:33:28,139,Lab. química 03,IFPB-VISITANTE,24:36:da:a2:7f:42,-85,6
08/05/2026,07:33:28,139,Lab. química 03,IFPB-VISITANTE,b8:11:4b:1d:12:02,-86,1
08/05/2026,07:33:28,139,Lab. química 03,IFPB,b8:11:4b:1d:12:00,-87,1
08/05/2026,07:33:28,139,Lab. química 03,IFPB-VISITANTE,2c:57:41:cd:e1:c2,-87,11
08/05/2026,07:33:28,139,Lab. química 03,IFPB,2c:57:41:cd:e1:c0,-88,11
08/05/2026,07:33:28,139,Lab. química 03,IFPB-VISITANTE,84:f1:47:54:81:02,-91,11
08/05/2026,07:33:28,139,Lab. química 03,IFPB,84:f1:47:54:81:00,-92,11
08/05/2026,07:33:38,140,Lab. química 03,IFPB,2c:57:41:cd:e1:c0,-78,11
08/05/2026,07:33:38,140,Lab. química 03,IFPB-VISITANTE,84:f1:47:54:7f:62,-80,6
08/05/2026,07:33:38,140,Lab. química 03,IFPB-VISITANTE,24:36:da:a2:7f:42,-80,6
08/05/2026,07:33:38,140,Lab. química 03,IFPB-VISITANTE,2c:57:41:cd:e1:c2,-80,11
08/05/2026,07:33:38,140,Lab. química 03,IFPB,84:f1:47:54:7f:60,-81,6
08/05/2026,07:33:38,140,Lab. química 03,IFPB,24:36:da:a2:7f:40,-81,6
08/05/2026,07:33:38,140,Lab. química 03,IFPB,24:36:da:2b:bc:00,-83,6
08/05/2026,07:33:38,140,Lab. química 03,IFPB-VISITANTE,84:f1:47:54:6b:82,-84,6
08/05/2026,07:33:38,140,Lab. química 03,IFPB-VISITANTE,24:36:da:2b:bc:02,-84,6
08/05/2026,07:33:38,140,Lab. química 03,IFPB,84:f1:47:54:6b:80,-84,6
08/05/2026,07:33:38,140,Lab. química 03,IFPB-VISITANTE,b8:11:4b:1d:12:02,-86,1
08/05/2026,07:33:38,140,Lab. química 03,IFPB,b8:11:4b:1d:12:00,-87,1
08/05/2026,07:33:38,140,Lab. química 03,IFPB-VISITANTE,84:f1:47:54:8b:a2,-88,1
08/05/2026,07:33:38,140,Lab. química 03,IFPB-VISITANTE,84:f1:47:54:81:02,-90,11
08/05/2026,07:34:02,141,Lab. química 01,IFPB,84:f1:47:54:6b:80,-65,6
08/05/2026,07:34:02,141,Lab. química 01,IFPB-VISITANTE,84:f1:47:54:6b:82,-65,6
08/05/2026,07:34:02,141,Lab. química 01,IFPB-VISITANTE,24:36:da:2b:bc:02,-74,6
08/05/2026,07:34:02,141,Lab. química 01,IFPB,24:36:da:2b:bc:00,-75,6
08/05/2026,07:34:02,141,Lab. química 01,IFPB-VISITANTE,2c:57:41:cd:e1:c2,-79,11
08/05/2026,07:34:02,141,Lab. química 01,IFPB,2c:57:41:cd:e1:c0,-79,11
08/05/2026,07:34:02,141,Lab. química 01,IFPB-VISITANTE,84:f1:47:54:8b:a2,-84,1
08/05/2026,07:34:02,141,Lab. química 01,IFPB,84:f1:47:54:8b:a0,-85,1
08/05/2026,07:34:02,141,Lab. química 01,IFPB,84:f1:47:54:7f:60,-86,6
08/05/2026,07:34:02,141,Lab. química 01,IFPB-VISITANTE,84:f1:47:54:7f:62,-86,6
08/05/2026,07:34:02,141,Lab. química 01,IFPB-VISITANTE,24:36:da:a2:7f:42,-87,6
08/05/2026,07:34:02,141,Lab. química 01,IFPB,24:36:da:a2:7f:40,-88,6
08/05/2026,07:34:12,142,Lab. química 01,IFPB,84:f1:47:54:6b:80,-65,6
08/05/2026,07:34:12,142,Lab. química 01,IFPB-VISITANTE,84:f1:47:54:6b:82,-65,6
08/05/2026,07:34:12,142,Lab. química 01,IFPB,24:36:da:2b:bc:00,-78,6
08/05/2026,07:34:12,142,Lab. química 01,IFPB-VISITANTE,24:36:da:2b:bc:02,-78,6
08/05/2026,07:34:12,142,Lab. química 01,IFPB,2c:57:41:cd:e1:c0,-81,11
08/05/2026,07:34:12,142,Lab. química 01,IFPB-VISITANTE,2c:57:41:cd:e1:c2,-81,11
08/05/2026,07:34:12,142,Lab. química 01,IFPB,84:f1:47:54:7f:60,-84,6
08/05/2026,07:34:12,142,Lab. química 01,IFPB-VISITANTE,84:f1:47:54:8b:a2,-85,1
08/05/2026,07:34:12,142,Lab. química 01,IFPB,84:f1:47:54:8b:a0,-85,1
08/05/2026,07:34:12,142,Lab. química 01,IFPB-VISITANTE,84:f1:47:54:7f:62,-86,6
08/05/2026,07:34:12,142,Lab. química 01,IFPB,24:36:da:a2:7f:40,-90,6
08/05/2026,07:34:12,142,Lab. química 01,IFPB-VISITANTE,84:f1:47:54:80:62,-92,1
08/05/2026,07:34:22,143,Lab. química 01,IFPB-VISITANTE,84:f1:47:54:6b:82,-65,6
08/05/2026,07:34:22,143,Lab. química 01,IFPB,84:f1:47:54:6b:80,-66,6
08/05/2026,07:34:22,143,Lab. química 01,IFPB,24:36:da:2b:bc:00,-78,6
08/05/2026,07:34:22,143,Lab. química 01,IFPB-VISITANTE,24:36:da:2b:bc:02,-78,6
08/05/2026,07:34:22,143,Lab. química 01,IFPB,2c:57:41:cd:e1:c0,-79,11
08/05/2026,07:34:22,143,Lab. química 01,IFPB-VISITANTE,2c:57:41:cd:e1:c2,-80,11
08/05/2026,07:34:22,143,Lab. química 01,IFPB,84:f1:47:54:7f:60,-84,6
08/05/2026,07:34:22,143,Lab. química 01,IFPB-VISITANTE,84:f1:47:54:7f:62,-84,6
08/05/2026,07:34:22,143,Lab. química 01,IFPB,24:36:da:a2:7f:40,-86,6
08/05/2026,07:34:22,143,Lab. química 01,IFPB,84:f1:47:54:8b:a0,-87,1
08/05/2026,07:34:22,143,Lab. química 01,IFPB-VISITANTE,84:f1:47:54:8b:a2,-87,1
08/05/2026,07:34:22,143,Lab. química 01,IFPB-VISITANTE,24:36:da:a2:7f:42,-87,6
08/05/2026,07:34:32,144,Lab. química 01,IFPB,84:f1:47:54:6b:80,-65,6
08/05/2026,07:34:32,144,Lab. química 01,IFPB-VISITANTE,84:f1:47:54:6b:82,-65,6
08/05/2026,07:34:32,144,Lab. química 01,IFPB,24:36:da:2b:bc:00,-77,6
08/05/2026,07:34:32,144,Lab. química 01,IFPB-VISITANTE,24:36:da:2b:bc:02,-77,6
08/05/2026,07:34:32,144,Lab. química 01,IFPB,2c:57:41:cd:e1:c0,-78,11
08/05/2026,07:34:32,144,Lab. química 01,IFPB-VISITANTE,2c:57:41:cd:e1:c2,-79,11
08/05/2026,07:34:32,144,Lab. química 01,IFPB-VISITANTE,84:f1:47:54:8b:a2,-85,1
08/05/2026,07:34:32,144,Lab. química 01,IFPB,84:f1:47:54:8b:a0,-86,1
08/05/2026,07:34:32,144,Lab. química 01,IFPB,84:f1:47:54:7f:60,-86,6
08/05/2026,07:34:32,144,Lab. química 01,IFPB-VISITANTE,84:f1:47:54:7f:62,-87,6
08/05/2026,07:34:32,144,Lab. química 01,IFPB,24:36:da:a2:7f:40,-87,6
08/05/2026,07:34:32,144,Lab. química 01,IFPB-VISITANTE,24:36:da:a2:7f:42,-89,6
08/05/2026,07:34:42,145,Lab. química 01,IFPB,84:f1:47:54:6b:80,-66,6
08/05/2026,07:34:42,145,Lab. química 01,IFPB-VISITANTE,84:f1:47:54:6b:82,-66,6
08/05/2026,07:34:42,145,Lab. química 01,IFPB,24:36:da:2b:bc:00,-78,6
08/05/2026,07:34:42,145,Lab. química 01,IFPB-VISITANTE,24:36:da:2b:bc:02,-78,6
08/05/2026,07:34:42,145,Lab. química 01,IFPB,2c:57:41:cd:e1:c0,-78,11
08/05/2026,07:34:42,145,Lab. química 01,IFPB-VISITANTE,2c:57:41:cd:e1:c2,-79,11
08/05/2026,07:34:42,145,Lab. química 01,IFPB-VISITANTE,84:f1:47:54:8b:a2,-85,1
08/05/2026,07:34:42,145,Lab. química 01,IFPB,24:36:da:a2:7f:40,-85,6
08/05/2026,07:34:42,145,Lab. química 01,IFPB,84:f1:47:54:8b:a0,-86,1
08/05/2026,07:34:42,145,Lab. química 01,IFPB-VISITANTE,24:36:da:a2:7f:42,-86,6
08/05/2026,07:34:42,145,Lab. química 01,IFPB,84:f1:47:54:7f:60,-86,6
08/05/2026,07:34:42,145,Lab. química 01,IFPB-VISITANTE,84:f1:47:54:7f:62,-86,6
08/05/2026,07:35:00,146,Lab. química 01,IFPB,84:f1:47:54:6b:80,-62,6
08/05/2026,07:35:00,146,Lab. química 01,IFPB-VISITANTE,84:f1:47:54:6b:82,-62,6
08/05/2026,07:35:00,146,Lab. química 01,IFPB,2c:57:41:cd:e1:c0,-82,11
08/05/2026,07:35:00,146,Lab. química 01,IFPB-VISITANTE,2c:57:41:cd:e1:c2,-82,11
08/05/2026,07:35:00,146,Lab. química 01,IFPB,24:36:da:2b:bc:00,-84,6
08/05/2026,07:35:00,146,Lab. química 01,IFPB-VISITANTE,84:f1:47:54:8b:a2,-85,1
08/05/2026,07:35:00,146,Lab. química 01,IFPB-VISITANTE,24:36:da:2b:bc:02,-85,6
08/05/2026,07:35:00,146,Lab. química 01,IFPB,84:f1:47:54:8b:a0,-86,1
08/05/2026,07:35:00,146,Lab. química 01,IFPB,24:36:da:a2:7f:40,-88,6
08/05/2026,07:35:00,146,Lab. química 01,IFPB-VISITANTE,24:36:da:a2:7f:42,-88,6
08/05/2026,07:35:10,147,Lab. química 01,IFPB,84:f1:47:54:6b:80,-59,6
08/05/2026,07:35:10,147,Lab. química 01,IFPB-VISITANTE,84:f1:47:54:6b:82,-59,6
08/05/2026,07:35:10,147,Lab. química 01,IFPB,2c:57:41:cd:e1:c0,-74,11
08/05/2026,07:35:10,147,Lab. química 01,IFPB-VISITANTE,2c:57:41:cd:e1:c2,-74,11
08/05/2026,07:35:10,147,Lab. química 01,IFPB,24:36:da:2b:bc:00,-78,6
08/05/2026,07:35:10,147,Lab. química 01,IFPB-VISITANTE,24:36:da:2b:bc:02,-79,6
08/05/2026,07:35:10,147,Lab. química 01,IFPB-VISITANTE,84:f1:47:54:7f:62,-86,6
08/05/2026,07:35:10,147,Lab. química 01,IFPB,24:36:da:a2:7f:40,-86,6
08/05/2026,07:35:10,147,Lab. química 01,IFPB-VISITANTE,24:36:da:a2:7f:42,-86,6
08/05/2026,07:35:10,147,Lab. química 01,IFPB,84:f1:47:54:7f:60,-88,6
08/05/2026,07:35:10,147,Lab. química 01,IFPB,84:f1:47:54:8b:a0,-89,1
08/05/2026,07:35:10,147,Lab. química 01,IFPB-VISITANTE,84:f1:47:54:8b:a2,-89,1
08/05/2026,07:35:10,147,Lab. química 01,IFPB,84:f1:47:54:81:00,-90,11
08/05/2026,07:35:20,148,Lab. química 01,IFPB,84:f1:47:54:6b:80,-63,6
08/05/2026,07:35:20,148,Lab. química 01,IFPB-VISITANTE,84:f1:47:54:6b:82,-63,6
08/05/2026,07:35:20,148,Lab. química 01,IFPB,2c:57:41:cd:e1:c0,-75,11
08/05/2026,07:35:20,148,Lab. química 01,IFPB-VISITANTE,2c:57:41:cd:e1:c2,-75,11
08/05/2026,07:35:20,148,Lab. química 01,IFPB-VISITANTE,24:36:da:2b:bc:02,-83,6
08/05/2026,07:35:20,148,Lab. química 01,IFPB,84:f1:47:54:7f:60,-83,6
08/05/2026,07:35:20,148,Lab. química 01,IFPB,24:36:da:2b:bc:00,-83,6
08/05/2026,07:35:20,148,Lab. química 01,IFPB-VISITANTE,84:f1:47:54:7f:62,-84,6
08/05/2026,07:35:20,148,Lab. química 01,IFPB,84:f1:47:54:8b:a0,-88,1
08/05/2026,07:35:20,148,Lab. química 01,IFPB-VISITANTE,84:f1:47:54:8b:a2,-88,1
08/05/2026,07:35:20,148,Lab. química 01,IFPB-VISITANTE,24:36:da:a2:7f:42,-89,6
08/05/2026,07:35:20,148,Lab. química 01,IFPB,24:36:da:a2:7f:40,-90,6
08/05/2026,07:35:20,148,Lab. química 01,IFPB-VISITANTE,84:f1:47:54:81:02,-92,11
08/05/2026,07:35:30,149,Lab. química 01,IFPB,84:f1:47:54:6b:80,-62,6
08/05/2026,07:35:30,149,Lab. química 01,IFPB-VISITANTE,84:f1:47:54:6b:82,-62,6
08/05/2026,07:35:30,149,Lab. química 01,IFPB,2c:57:41:cd:e1:c0,-76,11
08/05/2026,07:35:30,149,Lab. química 01,IFPB-VISITANTE,2c:57:41:cd:e1:c2,-76,11
08/05/2026,07:35:30,149,Lab. química 01,IFPB-VISITANTE,84:f1:47:54:7f:62,-84,6
08/05/2026,07:35:30,149,Lab. química 01,IFPB,24:36:da:2b:bc:00,-85,6
08/05/2026,07:35:30,149,Lab. química 01,IFPB-VISITANTE,24:36:da:2b:bc:02,-85,6
08/05/2026,07:35:30,149,Lab. química 01,IFPB,84:f1:47:54:7f:60,-85,6
08/05/2026,07:35:30,149,Lab. química 01,IFPB-VISITANTE,24:36:da:a2:7f:42,-87,6
08/05/2026,07:35:30,149,Lab. química 01,IFPB,24:36:da:a2:7f:40,-89,6
08/05/2026,07:35:40,150,Lab. química 01,IFPB,84:f1:47:54:6b:80,-62,6
08/05/2026,07:35:40,150,Lab. química 01,IFPB-VISITANTE,84:f1:47:54:6b:82,-62,6
08/05/2026,07:35:40,150,Lab. química 01,IFPB,2c:57:41:cd:e1:c0,-75,11
08/05/2026,07:35:40,150,Lab. química 01,IFPB-VISITANTE,2c:57:41:cd:e1:c2,-75,11
08/05/2026,07:35:40,150,Lab. química 01,IFPB,84:f1:47:54:7f:60,-82,6
08/05/2026,07:35:40,150,Lab. química 01,IFPB,24:36:da:2b:bc:00,-83,6
08/05/2026,07:35:40,150,Lab. química 01,IFPB-VISITANTE,24:36:da:2b:bc:02,-83,6
08/05/2026,07:35:40,150,Lab. química 01,IFPB-VISITANTE,84:f1:47:54:7f:62,-84,6
08/05/2026,07:35:40,150,Lab. química 01,IFPB,84:f1:47:54:8b:a0,-87,1
08/05/2026,07:35:40,150,Lab. química 01,IFPB-VISITANTE,84:f1:47:54:8b:a2,-88,1
08/05/2026,07:35:40,150,Lab. química 01,IFPB,24:36:da:a2:7f:40,-88,6
08/05/2026,07:35:40,150,Lab. química 01,IFPB-VISITANTE,24:36:da:a2:7f:42,-89,6
08/05/2026,07:35:40,150,Lab. química 01,IFPB,84:f1:47:54:80:60,-90,1
08/05/2026,07:36:10,151,Lab. Analítico,IFPB,84:f1:47:54:8b:a0,-71,1
08/05/2026,07:36:10,151,Lab. Analítico,IFPB-VISITANTE,84:f1:47:54:8b:a2,-73,1
08/05/2026,07:36:10,151,Lab. Analítico,IFPB-VISITANTE,84:f1:47:54:80:62,-76,1
08/05/2026,07:36:10,151,Lab. Analítico,IFPB,84:f1:47:54:80:60,-77,1
08/05/2026,07:36:10,151,Lab. Analítico,IFPB,84:f1:47:54:7f:60,-82,6
08/05/2026,07:36:10,151,Lab. Analítico,IFPB-VISITANTE,84:f1:47:54:7f:62,-83,6
08/05/2026,07:36:10,151,Lab. Analítico,IFPB,2c:57:41:cd:e1:c0,-83,11
08/05/2026,07:36:10,151,Lab. Analítico,IFPB-VISITANTE,2c:57:41:cd:e1:c2,-83,11
08/05/2026,07:36:10,151,Lab. Analítico,IFPB,84:f1:47:54:fd:60,-85,6
08/05/2026,07:36:10,151,Lab. Analítico,IFPB,84:f1:47:54:6b:80,-85,6
08/05/2026,07:36:10,151,Lab. Analítico,IFPB-VISITANTE,84:f1:47:54:6b:82,-86,6
08/05/2026,07:36:10,151,Lab. Analítico,IFPB-VISITANTE,84:f1:47:54:fd:62,-86,6
08/05/2026,07:36:10,151,Lab. Analítico,IFPB-VISITANTE,84:f1:47:54:f9:82,-89,11
08/05/2026,07:36:11,151,Lab. Analítico,IFPB,84:f1:47:54:f9:80,-89,11
08/05/2026,07:36:20,152,Lab. Analítico,IFPB,84:f1:47:54:80:60,-74,1
08/05/2026,07:36:20,152,Lab. Analítico,IFPB-VISITANTE,84:f1:47:54:80:62,-74,1
08/05/2026,07:36:20,152,Lab. Analítico,IFPB,84:f1:47:54:8b:a0,-74,1
08/05/2026,07:36:20,152,Lab. Analítico,IFPB-VISITANTE,84:f1:47:54:8b:a2,-74,1
08/05/2026,07:36:20,152,Lab. Analítico,IFPB-VISITANTE,84:f1:47:54:7f:62,-82,6
08/05/2026,07:36:20,152,Lab. Analítico,IFPB,84:f1:47:54:7f:60,-83,6
08/05/2026,07:36:20,152,Lab. Analítico,IFPB,84:f1:47:54:6b:80,-85,6
08/05/2026,07:36:20,152,Lab. Analítico,IFPB-VISITANTE,84:f1:47:54:6b:82,-85,6
08/05/2026,07:36:21,152,Lab. Analítico,IFPB,2c:57:41:cd:e1:c0,-88,11
08/05/2026,07:36:21,152,Lab. Analítico,IFPB-VISITANTE,84:f1:47:54:f9:82,-89,11
08/05/2026,07:36:21,152,Lab. Analítico,IFPB,84:f1:47:54:f9:80,-89,11
08/05/2026,07:36:30,153,Lab. Analítico,IFPB,84:f1:47:54:8b:a0,-73,1
08/05/2026,07:36:30,153,Lab. Analítico,IFPB-VISITANTE,84:f1:47:54:8b:a2,-73,1
08/05/2026,07:36:30,153,Lab. Analítico,IFPB,84:f1:47:54:80:60,-74,1
08/05/2026,07:36:30,153,Lab. Analítico,IFPB-VISITANTE,84:f1:47:54:80:62,-75,1
08/05/2026,07:36:30,153,Lab. Analítico,IFPB-VISITANTE,84:f1:47:54:7f:62,-82,6
08/05/2026,07:36:30,153,Lab. Analítico,IFPB,84:f1:47:54:7f:60,-83,6
08/05/2026,07:36:30,153,Lab. Analítico,IFPB-VISITANTE,2c:57:41:d4:a5:22,-83,11
08/05/2026,07:36:30,153,Lab. Analítico,IFPB-VISITANTE,84:f1:47:54:fd:62,-86,6
08/05/2026,07:36:30,153,Lab. Analítico,IFPB,84:f1:47:54:fd:60,-86,6
08/05/2026,07:36:30,153,Lab. Analítico,IFPB,2c:57:41:cd:e1:c0,-86,11
08/05/2026,07:36:31,153,Lab. Analítico,IFPB-VISITANTE,84:f1:47:54:6b:82,-87,6
08/05/2026,07:36:31,153,Lab. Analítico,IFPB,84:f1:47:54:6b:80,-88,6
08/05/2026,07:36:40,154,Lab. Analítico,IFPB-VISITANTE,84:f1:47:54:8b:a2,-72,1
08/05/2026,07:36:40,154,Lab. Analítico,IFPB,84:f1:47:54:8b:a0,-72,1
08/05/2026,07:36:40,154,Lab. Analítico,IFPB,84:f1:47:54:80:60,-75,1
08/05/2026,07:36:40,154,Lab. Analítico,IFPB-VISITANTE,84:f1:47:54:80:62,-76,1
08/05/2026,07:36:40,154,Lab. Analítico,IFPB-VISITANTE,84:f1:47:54:7f:62,-82,6
08/05/2026,07:36:41,154,Lab. Analítico,IFPB,2c:57:41:cd:e1:c0,-82,11
08/05/2026,07:36:41,154,Lab. Analítico,IFPB,84:f1:47:54:7f:60,-83,6
08/05/2026,07:36:41,154,Lab. Analítico,IFPB-VISITANTE,2c:57:41:cd:e1:c2,-83,11
08/05/2026,07:36:41,154,Lab. Analítico,IFPB-VISITANTE,84:f1:47:54:fd:62,-85,6
08/05/2026,07:36:41,154,Lab. Analítico,IFPB,84:f1:47:54:fd:60,-86,6
08/05/2026,07:36:50,155,Lab. Analítico,IFPB-VISITANTE,84:f1:47:54:8b:a2,-72,1
08/05/2026,07:36:50,155,Lab. Analítico,IFPB,84:f1:47:54:8b:a0,-73,1
08/05/2026,07:36:50,155,Lab. Analítico,IFPB,84:f1:47:54:80:60,-76,1
08/05/2026,07:36:50,155,Lab. Analítico,IFPB-VISITANTE,84:f1:47:54:80:62,-77,1
08/05/2026,07:36:50,155,Lab. Analítico,IFPB-VISITANTE,84:f1:47:54:7f:62,-84,6
08/05/2026,07:36:51,155,Lab. Analítico,IFPB,84:f1:47:54:7f:60,-84,6
08/05/2026,07:36:51,155,Lab. Analítico,IFPB-VISITANTE,2c:57:41:cd:e1:c2,-85,11
08/05/2026,07:36:51,155,Lab. Analítico,IFPB,2c:57:41:cd:e1:c0,-85,11
08/05/2026,07:36:51,155,Lab. Analítico,IFPB,84:f1:47:54:6b:80,-87,6
08/05/2026,07:36:51,155,Lab. Analítico,IFPB-VISITANTE,84:f1:47:54:6b:82,-88,6
08/05/2026,07:36:51,155,Lab. Analítico,IFPB-VISITANTE,84:f1:47:54:fd:62,-88,6
08/05/2026,07:36:51,155,Lab. Analítico,IFPB,84:f1:47:54:fd:60,-90,6
08/05/2026,07:36:51,155,Lab. Analítico,IFPB-VISITANTE,84:f1:47:54:f9:82,-90,11
08/05/2026,07:36:51,155,Lab. Analítico,IFPB,84:f1:47:54:f9:80,-92,11
08/05/2026,07:37:09,156,Lab. Analítico,IFPB,84:f1:47:54:8b:a0,-76,1
08/05/2026,07:37:09,156,Lab. Analítico,IFPB-VISITANTE,84:f1:47:54:8b:a2,-76,1
08/05/2026,07:37:09,156,Lab. Analítico,IFPB-VISITANTE,84:f1:47:54:80:62,-78,1
08/05/2026,07:37:09,156,Lab. Analítico,IFPB,84:f1:47:54:80:60,-79,1
08/05/2026,07:37:09,156,Lab. Analítico,IFPB,84:f1:47:54:fd:60,-83,6
08/05/2026,07:37:09,156,Lab. Analítico,IFPB,84:f1:47:54:6b:80,-84,6
08/05/2026,07:37:09,156,Lab. Analítico,IFPB-VISITANTE,84:f1:47:54:fd:62,-84,6
08/05/2026,07:37:09,156,Lab. Analítico,IFPB-VISITANTE,84:f1:47:54:6b:82,-85,6
08/05/2026,07:37:09,156,Lab. Analítico,IFPB,2c:57:41:cd:e1:c0,-85,11
08/05/2026,07:37:09,156,Lab. Analítico,IFPB-VISITANTE,2c:57:41:cd:e1:c2,-85,11
08/05/2026,07:37:09,156,Lab. Analítico,IFPB,84:f1:47:54:7f:60,-86,6
08/05/2026,07:37:09,156,Lab. Analítico,IFPB-VISITANTE,84:f1:47:54:7f:62,-86,6
08/05/2026,07:37:19,157,Lab. Analítico,IFPB,84:f1:47:54:80:60,-77,1
08/05/2026,07:37:19,157,Lab. Analítico,IFPB-VISITANTE,84:f1:47:54:80:62,-77,1
08/05/2026,07:37:19,157,Lab. Analítico,IFPB,84:f1:47:54:8b:a0,-78,1
08/05/2026,07:37:19,157,Lab. Analítico,IFPB-VISITANTE,84:f1:47:54:8b:a2,-78,1
08/05/2026,07:37:19,157,Lab. Analítico,IFPB-VISITANTE,84:f1:47:54:6b:82,-85,6
08/05/2026,07:37:19,157,Lab. Analítico,IFPB,84:f1:47:54:6b:80,-85,6
08/05/2026,07:37:19,157,Lab. Analítico,IFPB,84:f1:47:54:fd:60,-86,6
08/05/2026,07:37:19,157,Lab. Analítico,IFPB-VISITANTE,84:f1:47:54:7f:62,-86,6
08/05/2026,07:37:19,157,Lab. Analítico,IFPB,2c:57:41:cd:e1:c0,-86,11
08/05/2026,07:37:19,157,Lab. Analítico,IFPB-VISITANTE,84:f1:47:54:fd:62,-87,6
08/05/2026,07:37:19,157,Lab. Analítico,IFPB,84:f1:47:54:7f:60,-87,6
08/05/2026,07:37:19,157,Lab. Analítico,IFPB-VISITANTE,2c:57:41:cd:e1:c2,-87,11
08/05/2026,07:37:19,157,Lab. Analítico,IFPB-VISITANTE,84:f1:47:54:f9:82,-87,11
08/05/2026,07:37:19,157,Lab. Analítico,IFPB,84:f1:47:54:f9:80,-89,11
08/05/2026,07:37:29,158,Lab. Analítico,IFPB-VISITANTE,84:f1:47:54:80:62,-78,1
08/05/2026,07:37:29,158,Lab. Analítico,IFPB,84:f1:47:54:8b:a0,-79,1
08/05/2026,07:37:29,158,Lab. Analítico,IFPB-VISITANTE,84:f1:47:54:8b:a2,-79,1
08/05/2026,07:37:29,158,Lab. Analítico,IFPB,84:f1:47:54:80:60,-79,1
08/05/2026,07:37:29,158,Lab. Analítico,IFPB,84:f1:47:54:fd:60,-83,6
08/05/2026,07:37:29,158,Lab. Analítico,IFPB-VISITANTE,84:f1:47:54:fd:62,-83,6
08/05/2026,07:37:29,158,Lab. Analítico,IFPB,2c:57:41:cd:e1:c0,-83,11
08/05/2026,07:37:29,158,Lab. Analítico,IFPB-VISITANTE,2c:57:41:cd:e1:c2,-83,11
08/05/2026,07:37:29,158,Lab. Analítico,IFPB-VISITANTE,84:f1:47:54:6b:82,-85,6
08/05/2026,07:37:29,158,Lab. Analítico,IFPB,84:f1:47:54:6b:80,-85,6
08/05/2026,07:37:29,158,Lab. Analítico,IFPB,84:f1:47:54:7f:60,-86,6
08/05/2026,07:37:29,158,Lab. Analítico,IFPB-VISITANTE,84:f1:47:54:7f:62,-86,6
08/05/2026,07:37:29,158,Lab. Analítico,IFPB-VISITANTE,84:f1:47:54:f9:82,-86,11
08/05/2026,07:37:29,158,Lab. Analítico,IFPB,2c:57:41:d4:a5:20,-87,11
08/05/2026,07:37:29,158,Lab. Analítico,IFPB-VISITANTE,2c:57:41:d4:a5:22,-87,11
08/05/2026,07:37:29,158,Lab. Analítico,IFPB,84:f1:47:54:f9:80,-87,11
08/05/2026,07:37:39,159,Lab. Analítico,IFPB-VISITANTE,84:f1:47:54:8b:a2,-76,1
08/05/2026,07:37:39,159,Lab. Analítico,IFPB,84:f1:47:54:8b:a0,-77,1
08/05/2026,07:37:39,159,Lab. Analítico,IFPB,84:f1:47:54:80:60,-78,1
08/05/2026,07:37:39,159,Lab. Analítico,IFPB-VISITANTE,84:f1:47:54:80:62,-78,1
08/05/2026,07:37:39,159,Lab. Analítico,IFPB,84:f1:47:54:fd:60,-81,6
08/05/2026,07:37:39,159,Lab. Analítico,IFPB,2c:57:41:cd:e1:c0,-82,11
08/05/2026,07:37:39,159,Lab. Analítico,IFPB-VISITANTE,84:f1:47:54:fd:62,-83,6
08/05/2026,07:37:39,159,Lab. Analítico,IFPB-VISITANTE,2c:57:41:cd:e1:c2,-83,11
08/05/2026,07:37:39,159,Lab. Analítico,IFPB,84:f1:47:54:6b:80,-84,6
08/05/2026,07:37:39,159,Lab. Analítico,IFPB-VISITANTE,84:f1:47:54:6b:82,-85,6
08/05/2026,07:37:39,159,Lab. Analítico,IFPB,84:f1:47:54:7f:60,-86,6
08/05/2026,07:37:39,159,Lab. Analítico,IFPB-VISITANTE,84:f1:47:54:7f:62,-86,6
08/05/2026,07:37:39,159,Lab. Analítico,IFPB,84:f1:47:54:f9:80,-88,11
08/05/2026,07:37:39,159,Lab. Analítico,IFPB-VISITANTE,84:f1:47:54:f9:82,-88,11
08/05/2026,07:37:49,160,Lab. Analítico,IFPB,84:f1:47:54:8b:a0,-75,1
08/05/2026,07:37:49,160,Lab. Analítico,IFPB-VISITANTE,84:f1:47:54:8b:a2,-75,1
08/05/2026,07:37:49,160,Lab. Analítico,IFPB,84:f1:47:54:80:60,-78,1
08/05/2026,07:37:49,160,Lab. Analítico,IFPB-VISITANTE,84:f1:47:54:80:62,-79,1
08/05/2026,07:37:49,160,Lab. Analítico,IFPB,84:f1:47:54:fd:60,-80,6
08/05/2026,07:37:49,160,Lab. Analítico,IFPB-VISITANTE,84:f1:47:54:fd:62,-81,6
08/05/2026,07:37:49,160,Lab. Analítico,IFPB,2c:57:41:cd:e1:c0,-81,11
08/05/2026,07:37:49,160,Lab. Analítico,IFPB-VISITANTE,2c:57:41:cd:e1:c2,-81,11
08/05/2026,07:37:49,160,Lab. Analítico,IFPB-VISITANTE,84:f1:47:54:6b:82,-83,6
08/05/2026,07:37:49,160,Lab. Analítico,IFPB,84:f1:47:54:6b:80,-84,6
08/05/2026,07:37:49,160,Lab. Analítico,IFPB,84:f1:47:54:7f:60,-86,6
08/05/2026,07:37:49,160,Lab. Analítico,IFPB-VISITANTE,84:f1:47:54:7f:62,-86,6
08/05/2026,07:37:49,160,Lab. Analítico,IFPB,84:f1:47:54:f9:80,-86,11
08/05/2026,07:37:49,160,Lab. Analítico,IFPB-VISITANTE,84:f1:47:54:f9:82,-86,11
08/05/2026,07:37:49,160,Lab. Analítico,IFPB,2c:57:41:d4:a5:20,-87,11
08/05/2026,07:37:50,160,Lab. Analítico,IFPB-VISITANTE,2c:57:41:d4:a5:22,-88,11
08/05/2026,07:38:50,161,Lab. de Ciências,IFPB,24:36:da:2b:bc:00,-68,6
08/05/2026,07:38:50,161,Lab. de Ciências,IFPB-VISITANTE,24:36:da:2b:bc:02,-68,6
08/05/2026,07:38:50,161,Lab. de Ciências,IFPB,84:f1:47:54:8b:a0,-72,1
08/05/2026,07:38:50,161,Lab. de Ciências,IFPB-VISITANTE,84:f1:47:54:8b:a2,-72,1
08/05/2026,07:38:50,161,Lab. de Ciências,IFPB-VISITANTE,84:f1:47:54:6b:82,-76,6
08/05/2026,07:38:50,161,Lab. de Ciências,IFPB,84:f1:47:54:6b:80,-77,6
08/05/2026,07:38:50,161,Lab. de Ciências,IFPB-VISITANTE,2c:57:41:cd:e1:c2,-81,11
08/05/2026,07:38:50,161,Lab. de Ciências,IFPB,2c:57:41:cd:e1:c0,-84,11
08/05/2026,07:38:50,161,Lab. de Ciências,IFPB-VISITANTE,84:f1:47:54:fd:62,-85,6
08/05/2026,07:38:50,161,Lab. de Ciências,IFPB,84:f1:47:54:81:00,-86,11
08/05/2026,07:38:50,161,Lab. de Ciências,IFPB,84:f1:47:54:fd:60,-87,6
08/05/2026,07:38:50,161,Lab. de Ciências,IFPB-VISITANTE,84:f1:47:54:81:02,-87,11
08/05/2026,07:38:50,161,Lab. de Ciências,IFPB-VISITANTE,e4:4e:2d:85:4c:62,-91,11
08/05/2026,07:39:00,162,Lab. de Ciências,IFPB,24:36:da:2b:bc:00,-66,6
08/05/2026,07:39:00,162,Lab. de Ciências,IFPB-VISITANTE,24:36:da:2b:bc:02,-66,6
08/05/2026,07:39:00,162,Lab. de Ciências,IFPB,84:f1:47:54:8b:a0,-71,1
08/05/2026,07:39:00,162,Lab. de Ciências,IFPB-VISITANTE,84:f1:47:54:8b:a2,-71,1
08/05/2026,07:39:00,162,Lab. de Ciências,IFPB,84:f1:47:54:6b:80,-75,6
08/05/2026,07:39:00,162,Lab. de Ciências,IFPB-VISITANTE,84:f1:47:54:6b:82,-75,6
08/05/2026,07:39:00,162,Lab. de Ciências,IFPB-VISITANTE,2c:57:41:cd:e1:c2,-81,11
08/05/2026,07:39:00,162,Lab. de Ciências,IFPB,2c:57:41:cd:e1:c0,-82,11
08/05/2026,07:39:00,162,Lab. de Ciências,IFPB,e4:4e:2d:85:4c:60,-88,11
08/05/2026,07:39:00,162,Lab. de Ciências,IFPB-VISITANTE,84:f1:47:54:96:e2,-89,1
08/05/2026,07:39:01,162,Lab. de Ciências,IFPB,84:f1:47:54:96:e0,-90,1
08/05/2026,07:39:01,162,Lab. de Ciências,IFPB-VISITANTE,e4:4e:2d:85:4c:62,-90,11
08/05/2026,07:39:01,162,Lab. de Ciências,IFPB-VISITANTE,84:f1:47:54:81:02,-91,11
08/05/2026,07:39:01,162,Lab. de Ciências,IFPB,84:f1:47:54:81:00,-91,11
08/05/2026,07:39:10,163,Lab. de Ciências,IFPB-VISITANTE,24:36:da:2b:bc:02,-65,6
08/05/2026,07:39:10,163,Lab. de Ciências,IFPB,24:36:da:2b:bc:00,-66,6
08/05/2026,07:39:10,163,Lab. de Ciências,IFPB-VISITANTE,84:f1:47:54:6b:82,-75,6
08/05/2026,07:39:10,163,Lab. de Ciências,IFPB,84:f1:47:54:6b:80,-76,6
08/05/2026,07:39:10,163,Lab. de Ciências,IFPB,84:f1:47:54:8b:a0,-77,1
08/05/2026,07:39:10,163,Lab. de Ciências,IFPB-VISITANTE,84:f1:47:54:8b:a2,-77,1
08/05/2026,07:39:10,163,Lab. de Ciências,IFPB,2c:57:41:cd:e1:c0,-80,11
08/05/2026,07:39:10,163,Lab. de Ciências,IFPB-VISITANTE,2c:57:41:cd:e1:c2,-81,11
08/05/2026,07:39:10,163,Lab. de Ciências,IFPB-VISITANTE,84:f1:47:54:96:e2,-88,1
08/05/2026,07:39:10,163,Lab. de Ciências,IFPB,84:f1:47:54:96:e0,-88,1
08/05/2026,07:39:11,163,Lab. de Ciências,IFPB-VISITANTE,e4:4e:2d:85:4c:62,-89,11
08/05/2026,07:39:11,163,Lab. de Ciências,IFPB,e4:4e:2d:85:4c:60,-90,11
08/05/2026,07:39:20,164,Lab. de Ciências,IFPB,24:36:da:2b:bc:00,-68,6
08/05/2026,07:39:20,164,Lab. de Ciências,IFPB-VISITANTE,24:36:da:2b:bc:02,-68,6
08/05/2026,07:39:20,164,Lab. de Ciências,IFPB,84:f1:47:54:8b:a0,-76,1
08/05/2026,07:39:20,164,Lab. de Ciências,IFPB-VISITANTE,84:f1:47:54:8b:a2,-76,1
08/05/2026,07:39:20,164,Lab. de Ciências,IFPB,84:f1:47:54:6b:80,-76,6
08/05/2026,07:39:20,164,Lab. de Ciências,IFPB-VISITANTE,84:f1:47:54:6b:82,-76,6
08/05/2026,07:39:20,164,Lab. de Ciências,IFPB,84:f1:47:54:81:00,-86,11
08/05/2026,07:39:20,164,Lab. de Ciências,IFPB-VISITANTE,84:f1:47:54:81:02,-87,11
08/05/2026,07:39:20,164,Lab. de Ciências,IFPB,2c:57:41:cd:e1:c0,-88,11
08/05/2026,07:39:21,164,Lab. de Ciências,IFPB,84:f1:47:54:96:e0,-89,1
08/05/2026,07:39:21,164,Lab. de Ciências,IFPB-VISITANTE,84:f1:47:54:96:e2,-89,1
08/05/2026,07:39:21,164,Lab. de Ciências,IFPB-VISITANTE,2c:57:41:cd:e1:c2,-89,11
08/05/2026,07:39:21,164,Lab. de Ciências,IFPB-VISITANTE,e4:4e:2d:85:4c:62,-90,11
08/05/2026,07:39:21,164,Lab. de Ciências,IFPB,e4:4e:2d:85:4c:60,-92,11
08/05/2026,07:39:30,165,Lab. de Ciências,IFPB,24:36:da:2b:bc:00,-69,6
08/05/2026,07:39:30,165,Lab. de Ciências,IFPB-VISITANTE,24:36:da:2b:bc:02,-69,6
08/05/2026,07:39:30,165,Lab. de Ciências,IFPB,84:f1:47:54:8b:a0,-74,1
08/05/2026,07:39:30,165,Lab. de Ciências,IFPB-VISITANTE,84:f1:47:54:8b:a2,-74,1
08/05/2026,07:39:31,165,Lab. de Ciências,IFPB-VISITANTE,84:f1:47:54:6b:82,-76,6
08/05/2026,07:39:31,165,Lab. de Ciências,IFPB,84:f1:47:54:6b:80,-77,6
08/05/2026,07:39:31,165,Lab. de Ciências,IFPB,84:f1:47:54:81:00,-86,11
08/05/2026,07:39:31,165,Lab. de Ciências,IFPB-VISITANTE,84:f1:47:54:81:02,-86,11
08/05/2026,07:39:31,165,Lab. de Ciências,IFPB,84:f1:47:54:96:e0,-87,1
08/05/2026,07:39:31,165,Lab. de Ciências,IFPB,2c:57:41:cd:e1:c0,-87,11
08/05/2026,07:39:31,165,Lab. de Ciências,IFPB-VISITANTE,84:f1:47:54:fd:62,-88,6
08/05/2026,07:39:31,165,Lab. de Ciências,IFPB-VISITANTE,84:f1:47:54:96:e2,-89,1
08/05/2026,07:39:31,165,Lab. de Ciências,IFPB,84:f1:47:54:fd:60,-89,6
08/05/2026,07:39:48,166,Lab. de Ciências,IFPB,24:36:da:2b:bc:00,-74,6
08/05/2026,07:39:48,166,Lab. de Ciências,IFPB-VISITANTE,24:36:da:2b:bc:02,-74,6
08/05/2026,07:39:48,166,Lab. de Ciências,IFPB,84:f1:47:54:6b:80,-75,6
08/05/2026,07:39:48,166,Lab. de Ciências,IFPB-VISITANTE,84:f1:47:54:6b:82,-75,6
08/05/2026,07:39:48,166,Lab. de Ciências,IFPB-VISITANTE,2c:57:41:cd:e1:c2,-75,11
08/05/2026,07:39:49,166,Lab. de Ciências,IFPB,2c:57:41:cd:e1:c0,-75,11
08/05/2026,07:39:49,166,Lab. de Ciências,IFPB,84:f1:47:54:8b:a0,-76,1
08/05/2026,07:39:49,166,Lab. de Ciências,IFPB-VISITANTE,84:f1:47:54:8b:a2,-76,1
08/05/2026,07:39:49,166,Lab. de Ciências,IFPB,84:f1:47:54:fd:60,-88,6
08/05/2026,07:39:49,166,Lab. de Ciências,IFPB-VISITANTE,84:f1:47:54:fd:62,-89,6
08/05/2026,07:39:58,167,Lab. de Ciências,IFPB,24:36:da:2b:bc:00,-70,6
08/05/2026,07:39:58,167,Lab. de Ciências,IFPB-VISITANTE,24:36:da:2b:bc:02,-70,6
08/05/2026,07:39:58,167,Lab. de Ciências,IFPB,84:f1:47:54:6b:80,-74,6
08/05/2026,07:39:58,167,Lab. de Ciências,IFPB-VISITANTE,84:f1:47:54:6b:82,-74,6
08/05/2026,07:39:59,167,Lab. de Ciências,IFPB,84:f1:47:54:8b:a0,-77,1
08/05/2026,07:39:59,167,Lab. de Ciências,IFPB-VISITANTE,84:f1:47:54:8b:a2,-77,1
08/05/2026,07:39:59,167,Lab. de Ciências,IFPB,2c:57:41:cd:e1:c0,-77,11
08/05/2026,07:39:59,167,Lab. de Ciências,IFPB-VISITANTE,2c:57:41:cd:e1:c2,-78,11
08/05/2026,07:39:59,167,Lab. de Ciências,IFPB,84:f1:47:54:fd:60,-88,6
08/05/2026,07:39:59,167,Lab. de Ciências,IFPB-VISITANTE,84:f1:47:54:fd:62,-90,6
08/05/2026,07:40:09,168,Lab. de Ciências,IFPB,24:36:da:2b:bc:00,-70,6
08/05/2026,07:40:09,168,Lab. de Ciências,IFPB-VISITANTE,24:36:da:2b:bc:02,-70,6
08/05/2026,07:40:09,168,Lab. de Ciências,IFPB,84:f1:47:54:6b:80,-74,6
08/05/2026,07:40:09,168,Lab. de Ciências,IFPB-VISITANTE,84:f1:47:54:6b:82,-74,6
08/05/2026,07:40:09,168,Lab. de Ciências,IFPB,84:f1:47:54:8b:a0,-75,1
08/05/2026,07:40:09,168,Lab. de Ciências,IFPB-VISITANTE,84:f1:47:54:8b:a2,-75,1
08/05/2026,07:40:09,168,Lab. de Ciências,IFPB,2c:57:41:cd:e1:c0,-75,11
08/05/2026,07:40:09,168,Lab. de Ciências,IFPB-VISITANTE,2c:57:41:cd:e1:c2,-76,11
08/05/2026,07:40:09,168,Lab. de Ciências,IFPB-VISITANTE,84:f1:47:54:81:02,-90,11
08/05/2026,07:40:09,168,Lab. de Ciências,IFPB,84:f1:47:54:81:00,-92,11
08/05/2026,07:40:19,169,Lab. de Ciências,IFPB,24:36:da:2b:bc:00,-71,6
08/05/2026,07:40:19,169,Lab. de Ciências,IFPB-VISITANTE,24:36:da:2b:bc:02,-71,6
08/05/2026,07:40:19,169,Lab. de Ciências,IFPB,84:f1:47:54:8b:a0,-73,1
08/05/2026,07:40:19,169,Lab. de Ciências,IFPB-VISITANTE,84:f1:47:54:8b:a2,-74,1
08/05/2026,07:40:19,169,Lab. de Ciências,IFPB,84:f1:47:54:6b:80,-76,6
08/05/2026,07:40:19,169,Lab. de Ciências,IFPB-VISITANTE,84:f1:47:54:6b:82,-76,6
08/05/2026,07:40:19,169,Lab. de Ciências,IFPB,2c:57:41:cd:e1:c0,-78,11
08/05/2026,07:40:19,169,Lab. de Ciências,IFPB-VISITANTE,2c:57:41:cd:e1:c2,-78,11
08/05/2026,07:40:19,169,Lab. de Ciências,IFPB-VISITANTE,84:f1:47:54:fd:62,-89,6
08/05/2026,07:40:19,169,Lab. de Ciências,IFPB,84:f1:47:54:fd:60,-89,6
08/05/2026,07:40:29,170,Lab. de Ciências,IFPB,24:36:da:2b:bc:00,-70,6
08/05/2026,07:40:29,170,Lab. de Ciências,IFPB-VISITANTE,24:36:da:2b:bc:02,-70,6
08/05/2026,07:40:29,170,Lab. de Ciências,IFPB,84:f1:47:54:8b:a0,-75,1
08/05/2026,07:40:29,170,Lab. de Ciências,IFPB-VISITANTE,84:f1:47:54:8b:a2,-75,1
08/05/2026,07:40:29,170,Lab. de Ciências,IFPB-VISITANTE,84:f1:47:54:6b:82,-75,6
08/05/2026,07:40:29,170,Lab. de Ciências,IFPB,84:f1:47:54:6b:80,-76,6
08/05/2026,07:40:29,170,Lab. de Ciências,IFPB,2c:57:41:cd:e1:c0,-78,11
08/05/2026,07:40:29,170,Lab. de Ciências,IFPB-VISITANTE,2c:57:41:cd:e1:c2,-78,11
08/05/2026,07:40:29,170,Lab. de Ciências,IFPB-VISITANTE,84:f1:47:54:fd:62,-90,6
08/05/2026,07:40:57,171,Núcleo de Pesquisa e Atendimento,IFPB,84:f1:47:54:8b:a0,-61,1
08/05/2026,07:40:57,171,Núcleo de Pesquisa e Atendimento,IFPB-VISITANTE,84:f1:47:54:8b:a2,-61,1
08/05/2026,07:40:57,171,Núcleo de Pesquisa e Atendimento,IFPB,84:f1:47:54:fd:60,-77,6
08/05/2026,07:40:57,171,Núcleo de Pesquisa e Atendimento,IFPB-VISITANTE,84:f1:47:54:fd:62,-78,6
08/05/2026,07:40:58,171,Núcleo de Pesquisa e Atendimento,IFPB,84:f1:47:54:80:60,-85,1
08/05/2026,07:40:58,171,Núcleo de Pesquisa e Atendimento,IFPB-VISITANTE,84:f1:47:54:80:62,-85,1
08/05/2026,07:40:58,171,Núcleo de Pesquisa e Atendimento,IFPB-VISITANTE,24:36:da:2b:bc:02,-88,6
08/05/2026,07:40:58,171,Núcleo de Pesquisa e Atendimento,IFPB,24:36:da:2b:bc:00,-89,6
08/05/2026,07:41:08,172,Núcleo de Pesquisa e Atendimento,IFPB,84:f1:47:54:8b:a0,-62,1
08/05/2026,07:41:08,172,Núcleo de Pesquisa e Atendimento,IFPB-VISITANTE,84:f1:47:54:8b:a2,-62,1
08/05/2026,07:41:08,172,Núcleo de Pesquisa e Atendimento,IFPB,84:f1:47:54:fd:60,-77,6
08/05/2026,07:41:08,172,Núcleo de Pesquisa e Atendimento,IFPB-VISITANTE,84:f1:47:54:fd:62,-77,6
08/05/2026,07:41:08,172,Núcleo de Pesquisa e Atendimento,IFPB-VISITANTE,24:36:da:2b:bc:02,-85,6
08/05/2026,07:41:08,172,Núcleo de Pesquisa e Atendimento,IFPB,84:f1:47:54:80:60,-86,1
08/05/2026,07:41:08,172,Núcleo de Pesquisa e Atendimento,IFPB,24:36:da:2b:bc:00,-87,6
08/05/2026,07:41:08,172,Núcleo de Pesquisa e Atendimento,IFPB-VISITANTE,84:f1:47:54:80:62,-89,1
08/05/2026,07:41:08,172,Núcleo de Pesquisa e Atendimento,IFPB,84:f1:47:54:81:00,-90,11
08/05/2026,07:41:08,172,Núcleo de Pesquisa e Atendimento,IFPB-VISITANTE,84:f1:47:54:81:02,-90,11
08/05/2026,07:41:18,173,Núcleo de Pesquisa e Atendimento,IFPB,84:f1:47:54:8b:a0,-64,1
08/05/2026,07:41:18,173,Núcleo de Pesquisa e Atendimento,IFPB-VISITANTE,84:f1:47:54:8b:a2,-64,1
08/05/2026,07:41:18,173,Núcleo de Pesquisa e Atendimento,IFPB,84:f1:47:54:fd:60,-80,6
08/05/2026,07:41:18,173,Núcleo de Pesquisa e Atendimento,IFPB-VISITANTE,84:f1:47:54:fd:62,-80,6
08/05/2026,07:41:18,173,Núcleo de Pesquisa e Atendimento,IFPB,84:f1:47:54:80:60,-84,1
08/05/2026,07:41:18,173,Núcleo de Pesquisa e Atendimento,IFPB-VISITANTE,84:f1:47:54:80:62,-85,1
08/05/2026,07:41:18,173,Núcleo de Pesquisa e Atendimento,IFPB-VISITANTE,24:36:da:2b:bc:02,-87,6
08/05/2026,07:41:18,173,Núcleo de Pesquisa e Atendimento,IFPB,24:36:da:2b:bc:00,-88,6
08/05/2026,07:41:28,174,Núcleo de Pesquisa e Atendimento,IFPB,84:f1:47:54:8b:a0,-66,1
08/05/2026,07:41:28,174,Núcleo de Pesquisa e Atendimento,IFPB-VISITANTE,84:f1:47:54:8b:a2,-66,1
08/05/2026,07:41:28,174,Núcleo de Pesquisa e Atendimento,IFPB-VISITANTE,84:f1:47:54:fd:62,-79,6
08/05/2026,07:41:28,174,Núcleo de Pesquisa e Atendimento,IFPB,84:f1:47:54:fd:60,-79,6
08/05/2026,07:41:28,174,Núcleo de Pesquisa e Atendimento,IFPB,24:36:da:2b:bc:00,-85,6
08/05/2026,07:41:28,174,Núcleo de Pesquisa e Atendimento,IFPB-VISITANTE,24:36:da:2b:bc:02,-86,6
08/05/2026,07:41:28,174,Núcleo de Pesquisa e Atendimento,IFPB,84:f1:47:54:80:60,-87,1
08/05/2026,07:41:28,174,Núcleo de Pesquisa e Atendimento,IFPB-VISITANTE,84:f1:47:54:80:62,-88,1
08/05/2026,07:41:28,174,Núcleo de Pesquisa e Atendimento,IFPB-VISITANTE,84:f1:47:54:81:02,-90,11
08/05/2026,07:41:38,175,Núcleo de Pesquisa e Atendimento,IFPB,84:f1:47:54:8b:a0,-68,1
08/05/2026,07:41:38,175,Núcleo de Pesquisa e Atendimento,IFPB-VISITANTE,84:f1:47:54:8b:a2,-68,1
08/05/2026,07:41:38,175,Núcleo de Pesquisa e Atendimento,IFPB,84:f1:47:54:fd:60,-80,6
08/05/2026,07:41:38,175,Núcleo de Pesquisa e Atendimento,IFPB-VISITANTE,84:f1:47:54:fd:62,-80,6
08/05/2026,07:41:38,175,Núcleo de Pesquisa e Atendimento,IFPB,24:36:da:2b:bc:00,-87,6
08/05/2026,07:41:38,175,Núcleo de Pesquisa e Atendimento,IFPB-VISITANTE,24:36:da:2b:bc:02,-88,6
08/05/2026,07:41:38,175,Núcleo de Pesquisa e Atendimento,IFPB-VISITANTE,84:f1:47:54:81:02,-88,11
08/05/2026,07:41:38,175,Núcleo de Pesquisa e Atendimento,IFPB,84:f1:47:54:80:60,-90,1
08/05/2026,07:41:38,175,Núcleo de Pesquisa e Atendimento,IFPB,84:f1:47:54:81:00,-90,11
08/05/2026,07:41:38,175,Núcleo de Pesquisa e Atendimento,IFPB-VISITANTE,84:f1:47:54:80:62,-91,1
08/05/2026,07:41:56,176,Núcleo de Pesquisa e Atendimento,IFPB,84:f1:47:54:fd:60,-67,6
08/05/2026,07:41:56,176,Núcleo de Pesquisa e Atendimento,IFPB-VISITANTE,84:f1:47:54:fd:62,-68,6
08/05/2026,07:41:56,176,Núcleo de Pesquisa e Atendimento,IFPB,84:f1:47:54:8b:a0,-75,1
08/05/2026,07:41:56,176,Núcleo de Pesquisa e Atendimento,IFPB-VISITANTE,84:f1:47:54:8b:a2,-75,1
08/05/2026,07:41:56,176,Núcleo de Pesquisa e Atendimento,IFPB,84:f1:47:54:80:60,-87,1
08/05/2026,07:41:56,176,Núcleo de Pesquisa e Atendimento,IFPB-VISITANTE,84:f1:47:54:80:62,-88,1
08/05/2026,07:41:56,176,Núcleo de Pesquisa e Atendimento,IFPB,24:36:da:2b:bc:00,-89,6
08/05/2026,07:41:56,176,Núcleo de Pesquisa e Atendimento,IFPB-VISITANTE,24:36:da:2b:bc:02,-89,6
08/05/2026,07:41:56,176,Núcleo de Pesquisa e Atendimento,IFPB-VISITANTE,84:f1:47:54:81:02,-90,11
08/05/2026,07:41:56,176,Núcleo de Pesquisa e Atendimento,IFPB,84:f1:47:54:81:00,-90,11
08/05/2026,07:42:06,177,Núcleo de Pesquisa e Atendimento,IFPB,84:f1:47:54:fd:60,-71,6
08/05/2026,07:42:06,177,Núcleo de Pesquisa e Atendimento,IFPB-VISITANTE,84:f1:47:54:fd:62,-71,6
08/05/2026,07:42:06,177,Núcleo de Pesquisa e Atendimento,IFPB-VISITANTE,84:f1:47:54:8b:a2,-72,1
08/05/2026,07:42:06,177,Núcleo de Pesquisa e Atendimento,IFPB,84:f1:47:54:8b:a0,-73,1
08/05/2026,07:42:06,177,Núcleo de Pesquisa e Atendimento,IFPB,84:f1:47:54:80:60,-84,1
08/05/2026,07:42:06,177,Núcleo de Pesquisa e Atendimento,IFPB-VISITANTE,84:f1:47:54:80:62,-85,1
08/05/2026,07:42:06,177,Núcleo de Pesquisa e Atendimento,IFPB,24:36:da:2b:bc:00,-88,6
08/05/2026,07:42:06,177,Núcleo de Pesquisa e Atendimento,IFPB-VISITANTE,24:36:da:2b:bc:02,-89,6
08/05/2026,07:42:07,177,Núcleo de Pesquisa e Atendimento,IFPB-VISITANTE,2c:57:41:cd:e1:c2,-90,11
08/05/2026,07:42:07,177,Núcleo de Pesquisa e Atendimento,IFPB,2c:57:41:cd:e1:c0,-92,11
08/05/2026,07:42:16,178,Núcleo de Pesquisa e Atendimento,IFPB,84:f1:47:54:8b:a0,-69,1
08/05/2026,07:42:16,178,Núcleo de Pesquisa e Atendimento,IFPB-VISITANTE,84:f1:47:54:8b:a2,-70,1
08/05/2026,07:42:16,178,Núcleo de Pesquisa e Atendimento,IFPB,84:f1:47:54:fd:60,-72,6
08/05/2026,07:42:16,178,Núcleo de Pesquisa e Atendimento,IFPB-VISITANTE,84:f1:47:54:fd:62,-73,6
08/05/2026,07:42:17,178,Núcleo de Pesquisa e Atendimento,IFPB,84:f1:47:54:80:60,-84,1
08/05/2026,07:42:17,178,Núcleo de Pesquisa e Atendimento,IFPB-VISITANTE,84:f1:47:54:80:62,-85,1
08/05/2026,07:42:17,178,Núcleo de Pesquisa e Atendimento,IFPB,84:f1:47:54:81:00,-87,11
08/05/2026,07:42:17,178,Núcleo de Pesquisa e Atendimento,IFPB-VISITANTE,84:f1:47:54:81:02,-89,11
08/05/2026,07:42:26,179,Núcleo de Pesquisa e Atendimento,IFPB,84:f1:47:54:8b:a0,-71,1
08/05/2026,07:42:26,179,Núcleo de Pesquisa e Atendimento,IFPB-VISITANTE,84:f1:47:54:8b:a2,-71,1
08/05/2026,07:42:26,179,Núcleo de Pesquisa e Atendimento,IFPB,84:f1:47:54:fd:60,-78,6
08/05/2026,07:42:26,179,Núcleo de Pesquisa e Atendimento,IFPB-VISITANTE,84:f1:47:54:fd:62,-78,6
08/05/2026,07:42:26,179,Núcleo de Pesquisa e Atendimento,IFPB,84:f1:47:54:80:60,-86,1
08/05/2026,07:42:27,179,Núcleo de Pesquisa e Atendimento,IFPB-VISITANTE,84:f1:47:54:80:62,-87,1
08/05/2026,07:42:27,179,Núcleo de Pesquisa e Atendimento,IFPB,24:36:da:2b:bc:00,-87,6
08/05/2026,07:42:27,179,Núcleo de Pesquisa e Atendimento,IFPB,84:f1:47:54:81:00,-87,11
08/05/2026,07:42:27,179,Núcleo de Pesquisa e Atendimento,IFPB-VISITANTE,84:f1:47:54:81:02,-88,11
08/05/2026,07:42:36,180,Núcleo de Pesquisa e Atendimento,IFPB,84:f1:47:54:8b:a0,-70,1
08/05/2026,07:42:36,180,Núcleo de Pesquisa e Atendimento,IFPB-VISITANTE,84:f1:47:54:8b:a2,-70,1
08/05/2026,07:42:36,180,Núcleo de Pesquisa e Atendimento,IFPB-VISITANTE,84:f1:47:54:fd:62,-73,6
08/05/2026,07:42:36,180,Núcleo de Pesquisa e Atendimento,IFPB,84:f1:47:54:fd:60,-73,6
08/05/2026,07:42:36,180,Núcleo de Pesquisa e Atendimento,IFPB-VISITANTE,84:f1:47:54:80:62,-85,1
08/05/2026,07:42:37,180,Núcleo de Pesquisa e Atendimento,IFPB,84:f1:47:54:80:60,-86,1
08/05/2026,07:42:37,180,Núcleo de Pesquisa e Atendimento,IFPB,84:f1:47:54:81:00,-87,11
08/05/2026,07:42:37,180,Núcleo de Pesquisa e Atendimento,IFPB-VISITANTE,84:f1:47:54:81:02,-88,11
08/05/2026,07:42:37,180,Núcleo de Pesquisa e Atendimento,IFPB-VISITANTE,2c:57:41:cd:e1:c2,-90,11
08/05/2026,07:42:37,180,Núcleo de Pesquisa e Atendimento,IFPB,2c:57:41:cd:e1:c0,-90,11
