data,hora,num,ambiente,ssid,bssid,rssi,canal
08/05/2026,07:04:15,1,Lab. Informática 09,APTelefonia,58:10:8c:91:f3:aa,-60,1
08/05/2026,07:04:15,1,Lab. Informática 09,IFPB TCC,d8:5d:4c:86:7e:66,-63,1
08/05/2026,07:04:15,1,Lab. Informática 09,IFPB-Sala_Professor_14,24:fd:0d:57:19:26,-63,5
08/05/2026,07:04:15,1,Lab. Informática 09,IFPB-VISITANTE,84:f1:47:54:7f:22,-66,11
08/05/2026,07:04:15,1,Lab. Informática 09,IFPB,84:f1:47:54:7f:20,-66,11
08/05/2026,07:04:15,1,Lab. Informática 09,TP-Link_1324,7c:f1:7e:8d:13:22,-68,10
08/05/2026,07:04:15,1,Lab. Informática 09,TP-Link_C3CB,d8:0d:17:3e:c3:cb,-75,4
08/05/2026,07:04:15,1,Lab. Informática 09,Intelbras,18:0d:2c:7f:eb:ac,-76,7
08/05/2026,07:04:15,1,Lab. Informática 09,Lab. de Sinais Digitais,18:d6:c7:f9:37:2f,-80,11
08/05/2026,07:04:15,1,Lab. Informática 09,NUNYA_Room_2.4GHz,cc:32:e5:0c:fc:2b,-83,9
08/05/2026,07:04:15,1,Lab. Informática 09,IFPB-VISITANTE,84:f1:47:54:96:e2,-86,1
08/05/2026,07:04:15,1,Lab. Informática 09,IFPB-Sala_Professor_14,48:51:cf:81:b0:9e,-86,2
08/05/2026,07:04:15,1,Lab. Informática 09,IFPB,84:f1:47:54:fd:c0,-86,6
08/05/2026,07:04:15,1,Lab. Informática 09,IFPB-Sala_13,e8:94:f6:b9:2f:46,-86,6
08/05/2026,07:04:15,1,Lab. Informática 09,UA2-MiniLab,60:32:b1:2d:66:c3,-86,10
08/05/2026,07:04:15,1,Lab. Informática 09,IFPB-VISITANTE,84:f1:47:54:fd:c2,-87,6
08/05/2026,07:04:15,1,Lab. Informática 09,IFPB,b8:11:4b:1d:1e:40,-87,6
08/05/2026,07:04:15,1,Lab. Informática 09,IFPB-VISITANTE,b8:11:4b:1d:1e:42,-87,6
08/05/2026,07:04:15,1,Lab. Informática 09,IFPB,e4:4e:2d:85:4c:60,-87,11
08/05/2026,07:04:15,1,Lab. Informática 09,IFPB-VISITANTE,e4:4e:2d:85:4c:62,-87,11
08/05/2026,07:04:15,1,Lab. Informática 09,IFPB,84:f1:47:54:96:e0,-88,1
08/05/2026,07:04:15,1,Lab. Informática 09,IFPB-VISITANTE,2c:57:41:d4:69:c2,-88,1
08/05/2026,07:04:15,1,Lab. Informática 09,IFPB,b8:11:4b:1d:14:80,-88,6
08/05/2026,07:04:15,1,Lab. Informática 09,PeterNetwork,1e:1d:49:86:2d:8e,-88,11
08/05/2026,07:04:15,1,Lab. Informática 09,GPDS,00:26:5a:66:55:ef,-89,6
08/05/2026,07:04:15,1,Lab. Informática 09,IFPB,84:f1:47:54:f9:80,-89,11
08/05/2026,07:04:15,1,Lab. Informática 09,IFPB-VISITANTE,84:f1:47:54:f9:82,-89,11
08/05/2026,07:04:15,1,Lab. Informática 09,SALA_MESTRADO,64:66:b3:62:eb:86,-90,1
08/05/2026,07:04:15,1,Lab. Informática 09,LIMPEZA,54:e6:fc:cf:22:de,-90,6
08/05/2026,07:04:15,1,Lab. Informática 09,Kauan,5e:df:7d:dd:ee:05,-91,1
08/05/2026,07:04:15,1,Lab. Informática 09,Lab Redes Convergentes,64:70:02:99:fe:f4,-92,6
08/05/2026,07:04:15,1,Lab. Informática 09,A mesma de sempre,fe:64:3a:96:ea:fc,-96,5
08/05/2026,07:04:25,2,Lab. Informática 09,APTelefonia,58:10:8c:91:f3:aa,-58,1
08/05/2026,07:04:25,2,Lab. Informática 09,IFPB TCC,d8:5d:4c:86:7e:66,-59,1
08/05/2026,07:04:25,2,Lab. Informática 09,IFPB-Sala_Professor_14,24:fd:0d:57:19:26,-59,5
08/05/2026,07:04:25,2,Lab. Informática 09,TP-Link_1324,7c:f1:7e:8d:13:22,-70,10
08/05/2026,07:04:25,2,Lab. Informática 09,Intelbras,18:0d:2c:7f:eb:ac,-72,7
08/05/2026,07:04:25,2,Lab. Informática 09,IFPB,84:f1:47:54:7f:20,-72,11
08/05/2026,07:04:25,2,Lab. Informática 09,IFPB-VISITANTE,84:f1:47:54:7f:22,-72,11
08/05/2026,07:04:25,2,Lab. Informática 09,TP-Link_C3CB,d8:0d:17:3e:c3:cb,-77,4
08/05/2026,07:04:25,2,Lab. Informática 09,Lab. de Sinais Digitais,18:d6:c7:f9:37:2f,-79,11
08/05/2026,07:04:25,2,Lab. Informática 09,PeterNetwork,1e:1d:49:86:2d:8e,-81,11
08/05/2026,07:04:25,2,Lab. Informática 09,NUNYA_Room_2.4GHz,cc:32:e5:0c:fc:2b,-82,9
08/05/2026,07:04:25,2,Lab. Informática 09,UA2-MiniLab,60:32:b1:2d:66:c3,-84,10
08/05/2026,07:04:25,2,Lab. Informática 09,IFPB-VISITANTE,84:f1:47:54:96:e2,-85,1
08/05/2026,07:04:25,2,Lab. Informática 09,IFPB,84:f1:47:54:96:e0,-86,1
08/05/2026,07:04:25,2,Lab. Informática 09,IFPB,84:f1:47:54:fd:c0,-87,6
08/05/2026,07:04:25,2,Lab. Informática 09,IFPB-VISITANTE,e4:4e:2d:85:4c:62,-87,11
08/05/2026,07:04:25,2,Lab. Informática 09,IFPB-Sala_Professor_14,48:51:cf:81:b0:9e,-88,2
08/05/2026,07:04:25,2,Lab. Informática 09,IFPB,b8:11:4b:1d:1e:40,-88,6
08/05/2026,07:04:25,2,Lab. Informática 09,IFPB-VISITANTE,b8:11:4b:1d:1e:42,-88,6
08/05/2026,07:04:25,2,Lab. Informática 09,Lab Redes Convergentes,64:70:02:99:fe:f4,-90,6
08/05/2026,07:04:25,2,Lab. Informática 09,IFPB-Sala_13,e8:94:f6:b9:2f:46,-90,6
08/05/2026,07:04:25,2,Lab. Informática 09,IFPB,84:f1:47:54:f9:80,-90,11
08/05/2026,07:04:25,2,Lab. Informática 09,IFPB-VISITANTE,84:f1:47:54:f9:82,-90,11
08/05/2026,07:04:25,2,Lab. Informática 09,Kauan,5e:df:7d:dd:ee:05,-91,1
08/05/2026,07:04:25,2,Lab. Informática 09,LIMPEZA,54:e6:fc:cf:22:de,-93,6
08/05/2026,07:04:25,2,Lab. Informática 09,SALA_MESTRADO,64:66:b3:62:eb:86,-94,1
08/05/2026,07:04:35,3,Lab. Informática 09,IFPB TCC,d8:5d:4c:86:7e:66,-57,1
08/05/2026,07:04:35,3,Lab. Informática 09,APTelefonia,58:10:8c:91:f3:aa,-57,1
08/05/2026,07:04:35,3,Lab. Informática 09,IFPB-Sala_Professor_14,24:fd:0d:57:19:26,-59,5
08/05/2026,07:04:35,3,Lab. Informática 09,TP-Link_1324,7c:f1:7e:8d:13:22,-66,10
08/05/2026,07:04:35,3,Lab. Informática 09,IFPB,84:f1:47:54:7f:20,-70,11
08/05/2026,07:04:35,3,Lab. Informática 09,IFPB-VISITANTE,84:f1:47:54:7f:22,-70,11
08/05/2026,07:04:35,3,Lab. Informática 09,Intelbras,18:0d:2c:7f:eb:ac,-71,7
08/05/2026,07:04:35,3,Lab. Informática 09,TP-Link_C3CB,d8:0d:17:3e:c3:cb,-73,4
08/05/2026,07:04:35,3,Lab. Informática 09,NUNYA_Room_2.4GHz,cc:32:e5:0c:fc:2b,-80,9
08/05/2026,07:04:35,3,Lab. Informática 09,PeterNetwork,1e:1d:49:86:2d:8e,-82,11
08/05/2026,07:04:35,3,Lab. Informática 09,Lab. de Sinais Digitais,18:d6:c7:f9:37:2f,-83,11
08/05/2026,07:04:35,3,Lab. Informática 09,UA2-MiniLab,60:32:b1:2d:66:c3,-84,10
08/05/2026,07:04:35,3,Lab. Informática 09,IFPB-VISITANTE,84:f1:47:54:fd:c2,-85,6
08/05/2026,07:04:35,3,Lab. Informática 09,IFPB,84:f1:47:54:fd:c0,-85,6
08/05/2026,07:04:35,3,Lab. Informática 09,IFPB-VISITANTE,e4:4e:2d:85:4c:62,-85,11
08/05/2026,07:04:35,3,Lab. Informática 09,IFPB-VISITANTE,84:f1:47:54:96:e2,-86,1
08/05/2026,07:04:35,3,Lab. Informática 09,IFPB-VISITANTE,b8:11:4b:1d:1e:42,-86,6
08/05/2026,07:04:35,3,Lab. Informática 09,IFPB,e4:4e:2d:85:4c:60,-86,11
08/05/2026,07:04:35,3,Lab. Informática 09,IFPB-Sala_13,e8:94:f6:b9:2f:46,-87,6
08/05/2026,07:04:35,3,Lab. Informática 09,IFPB-Sala_Professor_14,48:51:cf:81:b0:9e,-88,2
08/05/2026,07:04:36,3,Lab. Informática 09,IFPB,b8:11:4b:1d:1e:40,-89,6
08/05/2026,07:04:36,3,Lab. Informática 09,LIMPEZA,54:e6:fc:cf:22:de,-90,6
08/05/2026,07:04:36,3,Lab. Informática 09,SALA_MESTRADO,64:66:b3:62:eb:86,-91,1
08/05/2026,07:04:36,3,Lab. Informática 09,Lab Redes Convergentes,64:70:02:99:fe:f4,-91,6
08/05/2026,07:04:36,3,Lab. Informática 09,IFPB,84:f1:47:54:f9:80,-91,11
08/05/2026,07:04:36,3,Lab. Informática 09,GPDS,00:26:5a:66:55:ef,-92,6
08/05/2026,07:04:36,3,Lab. Informática 09,IFPB-VISITANTE,84:f1:47:54:f9:82,-92,11
08/05/2026,07:04:36,3,Lab. Informática 09,Kauan,5e:df:7d:dd:ee:05,-94,1
08/05/2026,07:04:45,4,Lab. Informática 09,IFPB TCC,d8:5d:4c:86:7e:66,-57,1
08/05/2026,07:04:45,4,Lab. Informática 09,APTelefonia,58:10:8c:91:f3:aa,-58,1
08/05/2026,07:04:45,4,Lab. Informática 09,IFPB-Sala_Professor_14,24:fd:0d:57:19:26,-60,5
08/05/2026,07:04:45,4,Lab. Informática 09,IFPB,84:f1:47:54:7f:20,-65,11
08/05/2026,07:04:45,4,Lab. Informática 09,IFPB-VISITANTE,84:f1:47:54:7f:22,-65,11
08/05/2026,07:04:45,4,Lab. Informática 09,TP-Link_1324,7c:f1:7e:8d:13:22,-66,10
08/05/2026,07:04:45,4,Lab. Informática 09,Intelbras,18:0d:2c:7f:eb:ac,-70,7
08/05/2026,07:04:45,4,Lab. Informática 09,TP-Link_C3CB,d8:0d:17:3e:c3:cb,-74,4
08/05/2026,07:04:45,4,Lab. Informática 09,Lab. de Sinais Digitais,18:d6:c7:f9:37:2f,-77,11
08/05/2026,07:04:45,4,Lab. Informática 09,NUNYA_Room_2.4GHz,cc:32:e5:0c:fc:2b,-80,9
08/05/2026,07:04:46,4,Lab. Informática 09,IFPB,b8:11:4b:1d:1e:40,-84,6
08/05/2026,07:04:46,4,Lab. Informática 09,IFPB-VISITANTE,b8:11:4b:1d:1e:42,-84,6
08/05/2026,07:04:46,4,Lab. Informática 09,UA2-MiniLab,60:32:b1:2d:66:c3,-85,10
08/05/2026,07:04:46,4,Lab. Informática 09,IFPB,84:f1:47:54:96:e0,-87,1
08/05/2026,07:04:46,4,Lab. Informática 09,IFPB-VISITANTE,84:f1:47:54:fd:c2,-87,6
08/05/2026,07:04:46,4,Lab. Informática 09,IFPB-VISITANTE,84:f1:47:54:96:e2,-88,1
08/05/2026,07:04:46,4,Lab. Informática 09,IFPB-Sala_Professor_14,48:51:cf:81:b0:9e,-88,2
08/05/2026,07:04:46,4,Lab. Informática 09,IFPB,84:f1:47:54:fd:c0,-88,6
08/05/2026,07:04:46,4,Lab. Informática 09,IFPB,84:f1:47:54:f9:80,-89,11
08/05/2026,07:04:46,4,Lab. Informática 09,PeterNetwork,1e:1d:49:86:2d:8e,-89,11
08/05/2026,07:04:46,4,Lab. Informática 09,GPDS,00:26:5a:66:55:ef,-90,6
08/05/2026,07:04:46,4,Lab. Informática 09,LIMPEZA,54:e6:fc:cf:22:de,-90,6
08/05/2026,07:04:46,4,Lab. Informática 09,IFPB-VISITANTE,84:f1:47:54:f9:82,-91,11
08/05/2026,07:04:46,4,Lab. Informática 09,IFPB-Sala_13,e8:94:f6:b9:2f:46,-92,6
08/05/2026,07:04:46,4,Lab. Informática 09,Kauan,5e:df:7d:dd:ee:05,-93,1
08/05/2026,07:04:46,4,Lab. Informática 09,Lab Redes Convergentes,64:70:02:99:fe:f4,-94,6
08/05/2026,07:04:46,4,Lab. Informática 09,A mesma de sempre,fe:64:3a:96:ea:fc,-96,5
08/05/2026,07:04:55,5,Lab. Informática 09,IFPB TCC,d8:5d:4c:86:7e:66,-56,1
08/05/2026,07:04:55,5,Lab. Informática 09,APTelefonia,58:10:8c:91:f3:aa,-59,1
08/05/2026,07:04:55,5,Lab. Informática 09,IFPB,84:f1:47:54:7f:20,-62,11
08/05/2026,07:04:55,5,Lab. Informática 09,IFPB-VISITANTE,84:f1:47:54:7f:22,-62,11
08/05/2026,07:04:55,5,Lab. Informática 09,IFPB-Sala_Professor_14,24:fd:0d:57:19:26,-66,5
08/05/2026,07:04:56,5,Lab. Informática 09,TP-Link_1324,7c:f1:7e:8d:13:22,-67,10
08/05/2026,07:04:56,5,Lab. Informática 09,Intelbras,18:0d:2c:7f:eb:ac,-71,7
08/05/2026,07:04:56,5,Lab. Informática 09,TP-Link_C3CB,d8:0d:17:3e:c3:cb,-79,4
08/05/2026,07:04:56,5,Lab. Informática 09,Lab. de Sinais Digitais,18:d6:c7:f9:37:2f,-81,11
08/05/2026,07:04:56,5,Lab. Informática 09,IFPB-Sala_Professor_14,48:51:cf:81:b0:9e,-84,2
08/05/2026,07:04:56,5,Lab. Informática 09,IFPB,84:f1:47:54:fd:c0,-85,6
08/05/2026,07:04:56,5,Lab. Informática 09,IFPB-VISITANTE,84:f1:47:54:fd:c2,-85,6
08/05/2026,07:04:56,5,Lab. Informática 09,IFPB-VISITANTE,b8:11:4b:1d:1e:42,-85,6
08/05/2026,07:04:56,5,Lab. Informática 09,IFPB-VISITANTE,84:f1:47:54:96:e2,-86,1
08/05/2026,07:04:56,5,Lab. Informática 09,IFPB,b8:11:4b:1d:1e:40,-86,6
08/05/2026,07:04:56,5,Lab. Informática 09,IFPB,84:f1:47:54:96:e0,-87,1
08/05/2026,07:04:56,5,Lab. Informática 09,UA2-MiniLab,60:32:b1:2d:66:c3,-87,10
08/05/2026,07:04:56,5,Lab. Informática 09,PeterNetwork,1e:1d:49:86:2d:8e,-88,11
08/05/2026,07:04:56,5,Lab. Informática 09,GPDS,00:26:5a:66:55:ef,-89,6
08/05/2026,07:04:56,5,Lab. Informática 09,IFPB-VISITANTE,84:f1:47:54:f9:82,-89,11
08/05/2026,07:04:56,5,Lab. Informática 09,IFPB,e4:4e:2d:85:4c:60,-89,11
08/05/2026,07:04:56,5,Lab. Informática 09,IFPB-Sala_13,e8:94:f6:b9:2f:46,-90,6
08/05/2026,07:04:56,5,Lab. Informática 09,IFPB-VISITANTE,e4:4e:2d:85:4c:62,-90,11
08/05/2026,07:04:56,5,Lab. Informática 09,Kauan,5e:df:7d:dd:ee:05,-91,1
08/05/2026,07:04:56,5,Lab. Informática 09,IFPB,84:f1:47:54:f9:80,-91,11
08/05/2026,07:04:56,5,Lab. Informática 09,Lab Redes Convergentes,64:70:02:99:fe:f4,-92,6
08/05/2026,07:04:56,5,Lab. Informática 09,LIMPEZA,54:e6:fc:cf:22:de,-94,6
08/05/2026,07:04:56,5,Lab. Informática 09,NUNYA_Room_2.4GHz,cc:32:e5:0c:fc:2b,-94,9
08/05/2026,07:05:06,6,Lab. Informática 09,IFPB TCC,d8:5d:4c:86:7e:66,-56,1
08/05/2026,07:05:06,6,Lab. Informática 09,IFPB,84:f1:47:54:7f:20,-59,11
08/05/2026,07:05:06,6,Lab. Informática 09,IFPB-VISITANTE,84:f1:47:54:7f:22,-59,11
08/05/2026,07:05:06,6,Lab. Informática 09,APTelefonia,58:10:8c:91:f3:aa,-60,1
08/05/2026,07:05:06,6,Lab. Informática 09,IFPB-Sala_Professor_14,24:fd:0d:57:19:26,-63,5
08/05/2026,07:05:06,6,Lab. Informática 09,TP-Link_1324,7c:f1:7e:8d:13:22,-69,10
08/05/2026,07:05:06,6,Lab. Informática 09,Intelbras,18:0d:2c:7f:eb:ac,-70,7
08/05/2026,07:05:06,6,Lab. Informática 09,TP-Link_C3CB,d8:0d:17:3e:c3:cb,-73,4
08/05/2026,07:05:06,6,Lab. Informática 09,NUNYA_Room_2.4GHz,cc:32:e5:0c:fc:2b,-81,9
08/05/2026,07:05:06,6,Lab. Informática 09,IFPB-Sala_Professor_14,48:51:cf:81:b0:9e,-83,2
08/05/2026,07:05:06,6,Lab. Informática 09,GPDS,00:26:5a:66:55:ef,-84,6
08/05/2026,07:05:06,6,Lab. Informática 09,IFPB-VISITANTE,84:f1:47:54:96:e2,-86,1
08/05/2026,07:05:06,6,Lab. Informática 09,IFPB,84:f1:47:54:96:e0,-86,1
08/05/2026,07:05:06,6,Lab. Informática 09,IFPB,84:f1:47:54:fd:c0,-86,6
08/05/2026,07:05:06,6,Lab. Informática 09,IFPB-Sala_13,e8:94:f6:b9:2f:46,-87,6
08/05/2026,07:05:06,6,Lab. Informática 09,IFPB-VISITANTE,84:f1:47:54:fd:c2,-87,6
08/05/2026,07:05:06,6,Lab. Informática 09,IFPB-VISITANTE,e4:4e:2d:85:4c:62,-87,11
08/05/2026,07:05:06,6,Lab. Informática 09,Lab. de Sinais Digitais,18:d6:c7:f9:37:2f,-88,11
08/05/2026,07:05:06,6,Lab. Informática 09,IFPB,e4:4e:2d:85:4c:60,-88,11
08/05/2026,07:05:06,6,Lab. Informática 09,UA2-MiniLab,60:32:b1:2d:66:c3,-89,10
08/05/2026,07:05:06,6,Lab. Informática 09,Lab Redes Convergentes,64:70:02:99:fe:f4,-92,6
08/05/2026,07:05:06,6,Lab. Informática 09,Kauan,5e:df:7d:dd:ee:05,-94,1
08/05/2026,07:05:06,6,Lab. Informática 09,PeterNetwork,1e:1d:49:86:2d:8e,-95,11
08/05/2026,07:05:16,7,Lab. Informática 09,IFPB TCC,d8:5d:4c:86:7e:66,-57,1
08/05/2026,07:05:16,7,Lab. Informática 09,IFPB,84:f1:47:54:7f:20,-59,11
08/05/2026,07:05:16,7,Lab. Informática 09,IFPB-VISITANTE,84:f1:47:54:7f:22,-59,11
08/05/2026,07:05:16,7,Lab. Informática 09,IFPB-Sala_Professor_14,24:fd:0d:57:19:26,-60,5
08/05/2026,07:05:16,7,Lab. Informática 09,APTelefonia,58:10:8c:91:f3:aa,-62,1
08/05/2026,07:05:16,7,Lab. Informática 09,TP-Link_1324,7c:f1:7e:8d:13:22,-71,10
08/05/2026,07:05:16,7,Lab. Informática 09,Intelbras,18:0d:2c:7f:eb:ac,-72,7
08/05/2026,07:05:16,7,Lab. Informática 09,TP-Link_C3CB,d8:0d:17:3e:c3:cb,-79,4
08/05/2026,07:05:16,7,Lab. Informática 09,NUNYA_Room_2.4GHz,cc:32:e5:0c:fc:2b,-80,9
08/05/2026,07:05:16,7,Lab. Informática 09,IFPB,84:f1:47:54:fd:c0,-84,6
08/05/2026,07:05:16,7,Lab. Informática 09,IFPB-VISITANTE,84:f1:47:54:fd:c2,-85,6
08/05/2026,07:05:16,7,Lab. Informática 09,IFPB-VISITANTE,e4:4e:2d:85:4c:62,-86,11
08/05/2026,07:05:16,7,Lab. Informática 09,IFPB,84:f1:47:54:96:e0,-87,1
08/05/2026,07:05:16,7,Lab. Informática 09,UA2-MiniLab,60:32:b1:2d:66:c3,-87,10
08/05/2026,07:05:16,7,Lab. Informática 09,Lab. de Sinais Digitais,18:d6:c7:f9:37:2f,-87,11
08/05/2026,07:05:16,7,Lab. Informática 09,IFPB-VISITANTE,84:f1:47:54:96:e2,-88,1
08/05/2026,07:05:16,7,Lab. Informática 09,Kauan,5e:df:7d:dd:ee:05,-88,1
08/05/2026,07:05:16,7,Lab. Informática 09,IFPB-Sala_Professor_14,48:51:cf:81:b0:9e,-88,2
08/05/2026,07:05:16,7,Lab. Informática 09,IFPB,e4:4e:2d:85:4c:60,-88,11
08/05/2026,07:05:16,7,Lab. Informática 09,GPDS,00:26:5a:66:55:ef,-89,6
08/05/2026,07:05:16,7,Lab. Informática 09,IFPB-VISITANTE,b8:11:4b:1d:1e:42,-89,6
08/05/2026,07:05:16,7,Lab. Informática 09,IFPB,b8:11:4b:1d:1e:40,-90,6
08/05/2026,07:05:16,7,Lab. Informática 09,Lab Redes Convergentes,64:70:02:99:fe:f4,-91,6
08/05/2026,07:05:16,7,Lab. Informática 09,IFPB-Sala_13,e8:94:f6:b9:2f:46,-93,6
08/05/2026,07:05:16,7,Lab. Informática 09,LIMPEZA,54:e6:fc:cf:22:de,-93,6
08/05/2026,07:05:16,7,Lab. Informática 09,PeterNetwork,1e:1d:49:86:2d:8e,-95,11
08/05/2026,07:05:26,8,Lab. Informática 09,IFPB TCC,d8:5d:4c:86:7e:66,-56,1
08/05/2026,07:05:26,8,Lab. Informática 09,APTelefonia,58:10:8c:91:f3:aa,-60,1
08/05/2026,07:05:26,8,Lab. Informática 09,IFPB,84:f1:47:54:7f:20,-60,11
08/05/2026,07:05:26,8,Lab. Informática 09,IFPB-VISITANTE,84:f1:47:54:7f:22,-60,11
08/05/2026,07:05:26,8,Lab. Informática 09,IFPB-Sala_Professor_14,24:fd:0d:57:19:26,-61,5
08/05/2026,07:05:26,8,Lab. Informática 09,Intelbras,18:0d:2c:7f:eb:ac,-70,7
08/05/2026,07:05:26,8,Lab. Informática 09,TP-Link_1324,7c:f1:7e:8d:13:22,-71,10
08/05/2026,07:05:26,8,Lab. Informática 09,NUNYA_Room_2.4GHz,cc:32:e5:0c:fc:2b,-80,9
08/05/2026,07:05:26,8,Lab. Informática 09,GPDS,00:26:5a:66:55:ef,-82,6
08/05/2026,07:05:26,8,Lab. Informática 09,TP-Link_C3CB,d8:0d:17:3e:c3:cb,-83,4
08/05/2026,07:05:26,8,Lab. Informática 09,IFPB,84:f1:47:54:96:e0,-85,1
08/05/2026,07:05:26,8,Lab. Informática 09,IFPB-Sala_Professor_14,48:51:cf:81:b0:9e,-85,2
08/05/2026,07:05:26,8,Lab. Informática 09,IFPB-VISITANTE,b8:11:4b:1d:1e:42,-85,6
08/05/2026,07:05:26,8,Lab. Informática 09,IFPB-VISITANTE,84:f1:47:54:96:e2,-86,1
08/05/2026,07:05:26,8,Lab. Informática 09,IFPB,b8:11:4b:1d:1e:40,-86,6
08/05/2026,07:05:26,8,Lab. Informática 09,UA2-MiniLab,60:32:b1:2d:66:c3,-86,10
08/05/2026,07:05:26,8,Lab. Informática 09,IFPB-VISITANTE,e4:4e:2d:85:4c:62,-86,11
08/05/2026,07:05:26,8,Lab. Informática 09,IFPB-Sala_13,e8:94:f6:b9:2f:46,-87,6
08/05/2026,07:05:26,8,Lab. Informática 09,IFPB,84:f1:47:54:fd:c0,-87,6
08/05/2026,07:05:26,8,Lab. Informática 09,IFPB-VISITANTE,84:f1:47:54:fd:c2,-87,6
08/05/2026,07:05:26,8,Lab. Informática 09,IFPB,e4:4e:2d:85:4c:60,-87,11
08/05/2026,07:05:26,8,Lab. Informática 09,IFPB-VISITANTE,2c:57:41:d4:69:c2,-88,1
08/05/2026,07:05:26,8,Lab. Informática 09,PeterNetwork,1e:1d:49:86:2d:8e,-88,11
08/05/2026,07:05:26,8,Lab. Informática 09,LIMPEZA,54:e6:fc:cf:22:de,-90,6
08/05/2026,07:05:26,8,Lab. Informática 09,Lab. de Sinais Digitais,18:d6:c7:f9:37:2f,-90,11
08/05/2026,07:05:26,8,Lab. Informática 09,Lab Redes Convergentes,64:70:02:99:fe:f4,-91,6
08/05/2026,07:05:26,8,Lab. Informática 09,Kauan,5e:df:7d:dd:ee:05,-92,1
08/05/2026,07:05:36,9,Lab. Informática 09,IFPB TCC,d8:5d:4c:86:7e:66,-56,1
08/05/2026,07:05:36,9,Lab. Informática 09,IFPB,84:f1:47:54:7f:20,-59,11
08/05/2026,07:05:36,9,Lab. Informática 09,IFPB-VISITANTE,84:f1:47:54:7f:22,-59,11
08/05/2026,07:05:36,9,Lab. Informática 09,APTelefonia,58:10:8c:91:f3:aa,-60,1
08/05/2026,07:05:36,9,Lab. Informática 09,IFPB-Sala_Professor_14,24:fd:0d:57:19:26,-63,5
08/05/2026,07:05:36,9,Lab. Informática 09,Intelbras,18:0d:2c:7f:eb:ac,-70,7
08/05/2026,07:05:36,9,Lab. Informática 09,TP-Link_1324,7c:f1:7e:8d:13:22,-70,10
08/05/2026,07:05:36,9,Lab. Informática 09,TP-Link_C3CB,d8:0d:17:3e:c3:cb,-79,4
08/05/2026,07:05:36,9,Lab. Informática 09,NUNYA_Room_2.4GHz,cc:32:e5:0c:fc:2b,-83,9
08/05/2026,07:05:36,9,Lab. Informática 09,IFPB-VISITANTE,84:f1:47:54:96:e2,-85,1
08/05/2026,07:05:36,9,Lab. Informática 09,IFPB,84:f1:47:54:96:e0,-86,1
08/05/2026,07:05:36,9,Lab. Informática 09,UA2-MiniLab,60:32:b1:2d:66:c3,-86,10
08/05/2026,07:05:36,9,Lab. Informática 09,IFPB,b8:11:4b:1d:1e:40,-87,6
08/05/2026,07:05:36,9,Lab. Informática 09,IFPB-VISITANTE,b8:11:4b:1d:1e:42,-87,6
08/05/2026,07:05:36,9,Lab. Informática 09,GPDS,00:26:5a:66:55:ef,-87,6
08/05/2026,07:05:36,9,Lab. Informática 09,Lab. de Sinais Digitais,18:d6:c7:f9:37:2f,-87,11
08/05/2026,07:05:36,9,Lab. Informática 09,IFPB-Sala_13,e8:94:f6:b9:2f:46,-88,6
08/05/2026,07:05:36,9,Lab. Informática 09,IFPB,84:f1:47:54:fd:c0,-88,6
08/05/2026,07:05:36,9,Lab. Informática 09,IFPB-VISITANTE,84:f1:47:54:fd:c2,-88,6
08/05/2026,07:05:36,9,Lab. Informática 09,PeterNetwork,1e:1d:49:86:2d:8e,-90,11
08/05/2026,07:05:36,9,Lab. Informática 09,IFPB-Sala_Professor_14,48:51:cf:81:b0:9e,-91,2
08/05/2026,07:05:37,9,Lab. Informática 09,Lab Redes Convergentes,64:70:02:99:fe:f4,-91,6
08/05/2026,07:05:37,9,Lab. Informática 09,LIMPEZA,54:e6:fc:cf:22:de,-91,6
08/05/2026,07:05:37,9,Lab. Informática 09,Kauan,5e:df:7d:dd:ee:05,-93,1
08/05/2026,07:05:37,9,Lab. Informática 09,Grel Wifi,00:27:19:ca:71:d2,-94,11
08/05/2026,07:05:46,10,Lab. Informática 09,IFPB TCC,d8:5d:4c:86:7e:66,-57,1
08/05/2026,07:05:46,10,Lab. Informática 09,IFPB,84:f1:47:54:7f:20,-58,11
08/05/2026,07:05:46,10,Lab. Informática 09,IFPB-VISITANTE,84:f1:47:54:7f:22,-58,11
08/05/2026,07:05:46,10,Lab. Informática 09,IFPB-Sala_Professor_14,24:fd:0d:57:19:26,-61,5
08/05/2026,07:05:46,10,Lab. Informática 09,APTelefonia,58:10:8c:91:f3:aa,-62,1
08/05/2026,07:05:46,10,Lab. Informática 09,Intelbras,18:0d:2c:7f:eb:ac,-69,7
08/05/2026,07:05:46,10,Lab. Informática 09,TP-Link_1324,7c:f1:7e:8d:13:22,-72,10
08/05/2026,07:05:46,10,Lab. Informática 09,IFPB-Sala_Professor_14,48:51:cf:81:b0:9e,-80,2
08/05/2026,07:05:46,10,Lab. Informática 09,TP-Link_C3CB,d8:0d:17:3e:c3:cb,-84,4
08/05/2026,07:05:46,10,Lab. Informática 09,NUNYA_Room_2.4GHz,cc:32:e5:0c:fc:2b,-85,9
08/05/2026,07:05:46,10,Lab. Informática 09,IFPB-VISITANTE,b8:11:4b:1d:1e:42,-86,6
08/05/2026,07:05:46,10,Lab. Informática 09,GPDS,00:26:5a:66:55:ef,-86,6
08/05/2026,07:05:46,10,Lab. Informática 09,IFPB-VISITANTE,84:f1:47:54:96:e2,-87,1
08/05/2026,07:05:46,10,Lab. Informática 09,IFPB,84:f1:47:54:fd:c0,-87,6
08/05/2026,07:05:46,10,Lab. Informática 09,Kauan,5e:df:7d:dd:ee:05,-88,1
08/05/2026,07:05:46,10,Lab. Informática 09,IFPB,84:f1:47:54:96:e0,-88,1
08/05/2026,07:05:47,10,Lab. Informática 09,IFPB,b8:11:4b:1d:1e:40,-88,6
08/05/2026,07:05:47,10,Lab. Informática 09,IFPB-Sala_13,e8:94:f6:b9:2f:46,-88,6
08/05/2026,07:05:47,10,Lab. Informática 09,IFPB-VISITANTE,84:f1:47:54:fd:c2,-88,6
08/05/2026,07:05:47,10,Lab. Informática 09,UA2-MiniLab,60:32:b1:2d:66:c3,-88,10
08/05/2026,07:05:47,10,Lab. Informática 09,Lab. de Sinais Digitais,18:d6:c7:f9:37:2f,-88,11
08/05/2026,07:05:47,10,Lab. Informática 09,IFPB-VISITANTE,e4:4e:2d:85:4c:62,-88,11
08/05/2026,07:05:47,10,Lab. Informática 09,IFPB,e4:4e:2d:85:4c:60,-89,11
08/05/2026,07:05:47,10,Lab. Informática 09,PeterNetwork,1e:1d:49:86:2d:8e,-89,11
08/05/2026,07:05:47,10,Lab. Informática 09,Lab Redes Convergentes,64:70:02:99:fe:f4,-90,6
08/05/2026,07:05:47,10,Lab. Informática 09,LIMPEZA,54:e6:fc:cf:22:de,-90,6
08/05/2026,07:06:14,11,Lab. de Telecomunicações,IFPB-Sala_Professor_14,24:fd:0d:57:19:26,-53,5
08/05/2026,07:06:14,11,Lab. de Telecomunicações,APTelefonia,58:10:8c:91:f3:aa,-57,1
08/05/2026,07:06:14,11,Lab. de Telecomunicações,TP-Link_C3CB,d8:0d:17:3e:c3:cb,-68,4
08/05/2026,07:06:14,11,Lab. de Telecomunicações,Lab. de Sinais Digitais,18:d6:c7:f9:37:2f,-68,11
08/05/2026,07:06:14,11,Lab. de Telecomunicações,IFPB,84:f1:47:54:96:e0,-70,1
08/05/2026,07:06:14,11,Lab. de Telecomunicações,IFPB-VISITANTE,84:f1:47:54:96:e2,-70,1
08/05/2026,07:06:14,11,Lab. de Telecomunicações,IFPB TCC,d8:5d:4c:86:7e:66,-70,1
08/05/2026,07:06:14,11,Lab. de Telecomunicações,PeterNetwork,1e:1d:49:86:2d:8e,-70,11
08/05/2026,07:06:14,11,Lab. de Telecomunicações,TP-Link_1324,7c:f1:7e:8d:13:22,-71,10
08/05/2026,07:06:14,11,Lab. de Telecomunicações,IFPB,84:f1:47:54:7f:20,-71,11
08/05/2026,07:06:14,11,Lab. de Telecomunicações,IFPB-VISITANTE,84:f1:47:54:7f:22,-72,11
08/05/2026,07:06:14,11,Lab. de Telecomunicações,GPDS,00:26:5a:66:55:ef,-74,6
08/05/2026,07:06:14,11,Lab. de Telecomunicações,Intelbras,18:0d:2c:7f:eb:ac,-76,7
08/05/2026,07:06:14,11,Lab. de Telecomunicações,IFPB,84:f1:47:54:fd:c0,-79,6
08/05/2026,07:06:14,11,Lab. de Telecomunicações,IFPB-VISITANTE,84:f1:47:54:fd:c2,-80,6
08/05/2026,07:06:14,11,Lab. de Telecomunicações,IFPB-Sala_Professor_14,48:51:cf:81:b0:9e,-81,2
08/05/2026,07:06:14,11,Lab. de Telecomunicações,IFPB-Sala_13,e8:94:f6:b9:2f:46,-82,6
08/05/2026,07:06:14,11,Lab. de Telecomunicações,IFPB-VISITANTE,e4:4e:2d:85:4c:62,-84,11
08/05/2026,07:06:14,11,Lab. de Telecomunicações,SALA_MESTRADO,64:66:b3:62:eb:86,-85,1
08/05/2026,07:06:14,11,Lab. de Telecomunicações,UA2-MiniLab,60:32:b1:2d:66:c3,-85,10
08/05/2026,07:06:14,11,Lab. de Telecomunicações,IFPB,84:f1:47:54:f9:80,-85,11
08/05/2026,07:06:14,11,Lab. de Telecomunicações,NUNYA_Room_2.4GHz,cc:32:e5:0c:fc:2b,-86,9
08/05/2026,07:06:14,11,Lab. de Telecomunicações,IFPB-VISITANTE,84:f1:47:54:f9:82,-86,11
08/05/2026,07:06:14,11,Lab. de Telecomunicações,IFPB,e4:4e:2d:85:4c:60,-86,11
08/05/2026,07:06:14,11,Lab. de Telecomunicações,Kauan,5e:df:7d:dd:ee:05,-90,1
08/05/2026,07:06:14,11,Lab. de Telecomunicações,IFPB-VISITANTE,84:f1:47:54:95:e2,-90,11
08/05/2026,07:06:14,11,Lab. de Telecomunicações,LIMPEZA,54:e6:fc:cf:22:de,-91,6
08/05/2026,07:06:14,11,Lab. de Telecomunicações,A mesma de sempre,fe:64:3a:96:ea:fc,-93,5
08/05/2026,07:06:15,11,Lab. de Telecomunicações,Lab Redes Convergentes,64:70:02:99:fe:f4,-93,6
08/05/2026,07:06:15,11,Lab. de Telecomunicações,Grel Wifi,00:27:19:ca:71:d2,-97,11
08/05/2026,07:06:24,12,Lab. de Telecomunicações,IFPB-Sala_Professor_14,24:fd:0d:57:19:26,-55,5
08/05/2026,07:06:24,12,Lab. de Telecomunicações,APTelefonia,58:10:8c:91:f3:aa,-62,1
08/05/2026,07:06:24,12,Lab. de Telecomunicações,IFPB TCC,d8:5d:4c:86:7e:66,-67,1
08/05/2026,07:06:24,12,Lab. de Telecomunicações,TP-Link_C3CB,d8:0d:17:3e:c3:cb,-67,4
08/05/2026,07:06:24,12,Lab. de Telecomunicações,Intelbras,18:0d:2c:7f:eb:ac,-67,7
08/05/2026,07:06:24,12,Lab. de Telecomunicações,IFPB,84:f1:47:54:7f:20,-70,11
08/05/2026,07:06:24,12,Lab. de Telecomunicações,Lab. de Sinais Digitais,18:d6:c7:f9:37:2f,-71,11
08/05/2026,07:06:24,12,Lab. de Telecomunicações,IFPB-VISITANTE,84:f1:47:54:7f:22,-71,11
08/05/2026,07:06:24,12,Lab. de Telecomunicações,IFPB-VISITANTE,84:f1:47:54:96:e2,-72,1
08/05/2026,07:06:24,12,Lab. de Telecomunicações,IFPB,84:f1:47:54:96:e0,-72,1
08/05/2026,07:06:24,12,Lab. de Telecomunicações,PeterNetwork,1e:1d:49:86:2d:8e,-72,11
08/05/2026,07:06:24,12,Lab. de Telecomunicações,GPDS,00:26:5a:66:55:ef,-73,6
08/05/2026,07:06:24,12,Lab. de Telecomunicações,IFPB-Sala_Professor_14,48:51:cf:81:b0:9e,-76,2
08/05/2026,07:06:24,12,Lab. de Telecomunicações,TP-Link_1324,7c:f1:7e:8d:13:22,-77,10
08/05/2026,07:06:24,12,Lab. de Telecomunicações,IFPB,84:f1:47:54:fd:c0,-80,6
08/05/2026,07:06:25,12,Lab. de Telecomunicações,IFPB-VISITANTE,84:f1:47:54:fd:c2,-80,6
08/05/2026,07:06:25,12,Lab. de Telecomunicações,IFPB-Sala_13,e8:94:f6:b9:2f:46,-81,6
08/05/2026,07:06:25,12,Lab. de Telecomunicações,SALA_MESTRADO,64:66:b3:62:eb:86,-83,1
08/05/2026,07:06:25,12,Lab. de Telecomunicações,IFPB,e4:4e:2d:85:4c:60,-83,11
08/05/2026,07:06:25,12,Lab. de Telecomunicações,IFPB-VISITANTE,e4:4e:2d:85:4c:62,-84,11
08/05/2026,07:06:25,12,Lab. de Telecomunicações,NUNYA_Room_2.4GHz,cc:32:e5:0c:fc:2b,-86,9
08/05/2026,07:06:25,12,Lab. de Telecomunicações,IFPB,84:f1:47:54:f9:80,-86,11
08/05/2026,07:06:25,12,Lab. de Telecomunicações,IFPB-VISITANTE,84:f1:47:54:f9:82,-87,11
08/05/2026,07:06:25,12,Lab. de Telecomunicações,IFPB-VISITANTE,84:f1:47:54:95:e2,-89,11
08/05/2026,07:06:25,12,Lab. de Telecomunicações,Kauan,5e:df:7d:dd:ee:05,-90,1
08/05/2026,07:06:25,12,Lab. de Telecomunicações,IFPB,84:f1:47:54:95:e0,-90,11
08/05/2026,07:06:25,12,Lab. de Telecomunicações,Lab Redes Convergentes,64:70:02:99:fe:f4,-92,6
08/05/2026,07:06:25,12,Lab. de Telecomunicações,A mesma de sempre,fe:64:3a:96:ea:fc,-93,5
08/05/2026,07:06:25,12,Lab. de Telecomunicações,LIMPEZA,54:e6:fc:cf:22:de,-93,6
08/05/2026,07:06:25,12,Lab. de Telecomunicações,UA2-MiniLab,60:32:b1:2d:66:c3,-93,10
08/05/2026,07:06:25,12,Lab. de Telecomunicações,Grel Wifi,00:27:19:ca:71:d2,-97,11
08/05/2026,07:06:35,13,Lab. de Telecomunicações,IFPB-Sala_Professor_14,24:fd:0d:57:19:26,-53,5
08/05/2026,07:06:35,13,Lab. de Telecomunicações,APTelefonia,58:10:8c:91:f3:aa,-58,1
08/05/2026,07:06:35,13,Lab. de Telecomunicações,Intelbras,18:0d:2c:7f:eb:ac,-65,7
08/05/2026,07:06:35,13,Lab. de Telecomunicações,TP-Link_C3CB,d8:0d:17:3e:c3:cb,-67,4
08/05/2026,07:06:35,13,Lab. de Telecomunicações,Lab. de Sinais Digitais,18:d6:c7:f9:37:2f,-67,11
08/05/2026,07:06:35,13,Lab. de Telecomunicações,IFPB TCC,d8:5d:4c:86:7e:66,-68,1
08/05/2026,07:06:35,13,Lab. de Telecomunicações,TP-Link_1324,7c:f1:7e:8d:13:22,-68,10
08/05/2026,07:06:35,13,Lab. de Telecomunicações,IFPB,84:f1:47:54:7f:20,-71,11
08/05/2026,07:06:35,13,Lab. de Telecomunicações,IFPB-VISITANTE,84:f1:47:54:7f:22,-71,11
08/05/2026,07:06:35,13,Lab. de Telecomunicações,IFPB,84:f1:47:54:96:e0,-73,1
08/05/2026,07:06:35,13,Lab. de Telecomunicações,IFPB-VISITANTE,84:f1:47:54:96:e2,-73,1
08/05/2026,07:06:35,13,Lab. de Telecomunicações,GPDS,00:26:5a:66:55:ef,-74,6
08/05/2026,07:06:35,13,Lab. de Telecomunicações,PeterNetwork,1e:1d:49:86:2d:8e,-74,11
08/05/2026,07:06:35,13,Lab. de Telecomunicações,SALA_MESTRADO,64:66:b3:62:eb:86,-79,1
08/05/2026,07:06:35,13,Lab. de Telecomunicações,IFPB-Sala_Professor_14,48:51:cf:81:b0:9e,-80,2
08/05/2026,07:06:35,13,Lab. de Telecomunicações,IFPB-Sala_13,e8:94:f6:b9:2f:46,-80,6
08/05/2026,07:06:35,13,Lab. de Telecomunicações,NUNYA_Room_2.4GHz,cc:32:e5:0c:fc:2b,-80,9
08/05/2026,07:06:35,13,Lab. de Telecomunicações,IFPB-VISITANTE,84:f1:47:54:fd:c2,-81,6
08/05/2026,07:06:35,13,Lab. de Telecomunicações,IFPB,84:f1:47:54:fd:c0,-81,6
08/05/2026,07:06:35,13,Lab. de Telecomunicações,IFPB-VISITANTE,84:f1:47:54:f9:82,-81,11
08/05/2026,07:06:35,13,Lab. de Telecomunicações,IFPB,84:f1:47:54:f9:80,-81,11
08/05/2026,07:06:35,13,Lab. de Telecomunicações,IFPB-VISITANTE,e4:4e:2d:85:4c:62,-82,11
08/05/2026,07:06:35,13,Lab. de Telecomunicações,IFPB,e4:4e:2d:85:4c:60,-83,11
08/05/2026,07:06:35,13,Lab. de Telecomunicações,UA2-MiniLab,60:32:b1:2d:66:c3,-87,10
08/05/2026,07:06:35,13,Lab. de Telecomunicações,IFPB,84:f1:47:54:95:e0,-90,11
08/05/2026,07:06:35,13,Lab. de Telecomunicações,Kauan,5e:df:7d:dd:ee:05,-91,1
08/05/2026,07:06:35,13,Lab. de Telecomunicações,A mesma de sempre,fe:64:3a:96:ea:fc,-92,5
08/05/2026,07:06:35,13,Lab. de Telecomunicações,IFPB-VISITANTE,84:f1:47:54:95:e2,-92,11
08/05/2026,07:06:35,13,Lab. de Telecomunicações,LIMPEZA,54:e6:fc:cf:22:de,-95,6
08/05/2026,07:06:35,13,Lab. de Telecomunicações,Lab Redes Convergentes,64:70:02:99:fe:f4,-95,6
08/05/2026,07:06:45,14,Lab. de Telecomunicações,IFPB-Sala_Professor_14,24:fd:0d:57:19:26,-51,5
08/05/2026,07:06:45,14,Lab. de Telecomunicações,APTelefonia,58:10:8c:91:f3:aa,-63,1
08/05/2026,07:06:45,14,Lab. de Telecomunicações,Intelbras,18:0d:2c:7f:eb:ac,-67,7
08/05/2026,07:06:45,14,Lab. de Telecomunicações,Lab. de Sinais Digitais,18:d6:c7:f9:37:2f,-67,11
08/05/2026,07:06:45,14,Lab. de Telecomunicações,IFPB TCC,d8:5d:4c:86:7e:66,-69,1
08/05/2026,07:06:45,14,Lab. de Telecomunicações,TP-Link_C3CB,d8:0d:17:3e:c3:cb,-69,4
08/05/2026,07:06:45,14,Lab. de Telecomunicações,IFPB-VISITANTE,84:f1:47:54:7f:22,-70,11
08/05/2026,07:06:45,14,Lab. de Telecomunicações,IFPB,84:f1:47:54:7f:20,-71,11
08/05/2026,07:06:45,14,Lab. de Telecomunicações,IFPB-VISITANTE,84:f1:47:54:96:e2,-73,1
08/05/2026,07:06:45,14,Lab. de Telecomunicações,GPDS,00:26:5a:66:55:ef,-73,6
08/05/2026,07:06:45,14,Lab. de Telecomunicações,TP-Link_1324,7c:f1:7e:8d:13:22,-73,10
08/05/2026,07:06:45,14,Lab. de Telecomunicações,IFPB,84:f1:47:54:96:e0,-74,1
08/05/2026,07:06:45,14,Lab. de Telecomunicações,PeterNetwork,1e:1d:49:86:2d:8e,-74,11
08/05/2026,07:06:45,14,Lab. de Telecomunicações,NUNYA_Room_2.4GHz,cc:32:e5:0c:fc:2b,-77,9
08/05/2026,07:06:45,14,Lab. de Telecomunicações,IFPB-Sala_Professor_14,48:51:cf:81:b0:9e,-79,2
08/05/2026,07:06:45,14,Lab. de Telecomunicações,IFPB,84:f1:47:54:fd:c0,-80,6
08/05/2026,07:06:45,14,Lab. de Telecomunicações,IFPB-VISITANTE,84:f1:47:54:fd:c2,-80,6
08/05/2026,07:06:45,14,Lab. de Telecomunicações,SALA_MESTRADO,64:66:b3:62:eb:86,-81,1
08/05/2026,07:06:45,14,Lab. de Telecomunicações,IFPB-Sala_13,e8:94:f6:b9:2f:46,-82,6
08/05/2026,07:06:45,14,Lab. de Telecomunicações,IFPB,84:f1:47:54:f9:80,-83,11
08/05/2026,07:06:45,14,Lab. de Telecomunicações,UA2-MiniLab,60:32:b1:2d:66:c3,-84,10
08/05/2026,07:06:45,14,Lab. de Telecomunicações,IFPB-VISITANTE,84:f1:47:54:f9:82,-84,11
08/05/2026,07:06:45,14,Lab. de Telecomunicações,Kauan,5e:df:7d:dd:ee:05,-87,1
08/05/2026,07:06:45,14,Lab. de Telecomunicações,IFPB,84:f1:47:54:95:e0,-89,11
08/05/2026,07:06:45,14,Lab. de Telecomunicações,IFPB-VISITANTE,84:f1:47:54:95:e2,-89,11
08/05/2026,07:06:45,14,Lab. de Telecomunicações,Lab Redes Convergentes,64:70:02:99:fe:f4,-91,6
08/05/2026,07:06:45,14,Lab. de Telecomunicações,LIMPEZA,54:e6:fc:cf:22:de,-91,6
08/05/2026,07:06:45,14,Lab. de Telecomunicações,A mesma de sempre,fe:64:3a:96:ea:fc,-92,5
08/05/2026,07:06:55,15,Lab. de Telecomunicações,IFPB-Sala_Professor_14,24:fd:0d:57:19:26,-50,5
08/05/2026,07:06:55,15,Lab. de Telecomunicações,APTelefonia,58:10:8c:91:f3:aa,-63,1
08/05/2026,07:06:55,15,Lab. de Telecomunicações,Intelbras,18:0d:2c:7f:eb:ac,-66,7
08/05/2026,07:06:55,15,Lab. de Telecomunicações,IFPB TCC,d8:5d:4c:86:7e:66,-69,1
08/05/2026,07:06:55,15,Lab. de Telecomunicações,Lab. de Sinais Digitais,18:d6:c7:f9:37:2f,-69,11
08/05/2026,07:06:55,15,Lab. de Telecomunicações,IFPB-VISITANTE,84:f1:47:54:7f:22,-70,11
08/05/2026,07:06:55,15,Lab. de Telecomunicações,IFPB,84:f1:47:54:7f:20,-70,11
08/05/2026,07:06:55,15,Lab. de Telecomunicações,IFPB,84:f1:47:54:96:e0,-72,1
08/05/2026,07:06:55,15,Lab. de Telecomunicações,IFPB-VISITANTE,84:f1:47:54:96:e2,-72,1
08/05/2026,07:06:55,15,Lab. de Telecomunicações,GPDS,00:26:5a:66:55:ef,-73,6
08/05/2026,07:06:55,15,Lab. de Telecomunicações,TP-Link_1324,7c:f1:7e:8d:13:22,-73,10
08/05/2026,07:06:55,15,Lab. de Telecomunicações,PeterNetwork,1e:1d:49:86:2d:8e,-74,11
08/05/2026,07:06:55,15,Lab. de Telecomunicações,TP-Link_C3CB,d8:0d:17:3e:c3:cb,-75,4
08/05/2026,07:06:55,15,Lab. de Telecomunicações,SALA_MESTRADO,64:66:b3:62:eb:86,-80,1
08/05/2026,07:06:55,15,Lab. de Telecomunicações,IFPB-Sala_Professor_14,48:51:cf:81:b0:9e,-81,2
08/05/2026,07:06:55,15,Lab. de Telecomunicações,IFPB-VISITANTE,84:f1:47:54:fd:c2,-82,6
08/05/2026,07:06:55,15,Lab. de Telecomunicações,UA2-MiniLab,60:32:b1:2d:66:c3,-82,10
08/05/2026,07:06:55,15,Lab. de Telecomunicações,IFPB-Sala_13,e8:94:f6:b9:2f:46,-83,6
08/05/2026,07:06:55,15,Lab. de Telecomunicações,IFPB,84:f1:47:54:fd:c0,-83,6
08/05/2026,07:06:55,15,Lab. de Telecomunicações,IFPB-VISITANTE,84:f1:47:54:f9:82,-84,11
08/05/2026,07:06:55,15,Lab. de Telecomunicações,IFPB,84:f1:47:54:f9:80,-85,11
08/05/2026,07:06:55,15,Lab. de Telecomunicações,IFPB-VISITANTE,e4:4e:2d:85:4c:62,-86,11
08/05/2026,07:06:56,15,Lab. de Telecomunicações,Kauan,5e:df:7d:dd:ee:05,-87,1
08/05/2026,07:06:56,15,Lab. de Telecomunicações,NUNYA_Room_2.4GHz,cc:32:e5:0c:fc:2b,-87,9
08/05/2026,07:06:56,15,Lab. de Telecomunicações,IFPB,e4:4e:2d:85:4c:60,-90,11
08/05/2026,07:06:56,15,Lab. de Telecomunicações,A mesma de sempre,fe:64:3a:96:ea:fc,-91,5
08/05/2026,07:06:56,15,Lab. de Telecomunicações,LIMPEZA,54:e6:fc:cf:22:de,-93,6
08/05/2026,07:07:14,16,Lab. de Telecomunicações,APTelefonia,58:10:8c:91:f3:aa,-68,1
08/05/2026,07:07:14,16,Lab. de Telecomunicações,IFPB-Sala_Professor_14,24:fd:0d:57:19:26,-69,5
08/05/2026,07:07:14,16,Lab. de Telecomunicações,IFPB TCC,d8:5d:4c:86:7e:66,-70,1
08/05/2026,07:07:14,16,Lab. de Telecomunicações,Intelbras,18:0d:2c:7f:eb:ac,-73,7
08/05/2026,07:07:14,16,Lab. de Telecomunicações,IFPB,84:f1:47:54:7f:20,-73,11
08/05/2026,07:07:14,16,Lab. de Telecomunicações,IFPB-VISITANTE,84:f1:47:54:7f:22,-73,11
08/05/2026,07:07:14,16,Lab. de Telecomunicações,Lab. de Sinais Digitais,18:d6:c7:f9:37:2f,-74,11
08/05/2026,07:07:14,16,Lab. de Telecomunicações,PeterNetwork,1e:1d:49:86:2d:8e,-74,11
08/05/2026,07:07:14,16,Lab. de Telecomunicações,IFPB,84:f1:47:54:fd:c0,-76,6
08/05/2026,07:07:14,16,Lab. de Telecomunicações,IFPB-VISITANTE,84:f1:47:54:fd:c2,-76,6
08/05/2026,07:07:14,16,Lab. de Telecomunicações,TP-Link_1324,7c:f1:7e:8d:13:22,-76,10
08/05/2026,07:07:14,16,Lab. de Telecomunicações,IFPB-Sala_Professor_14,48:51:cf:81:b0:9e,-77,2
08/05/2026,07:07:14,16,Lab. de Telecomunicações,TP-Link_C3CB,d8:0d:17:3e:c3:cb,-78,4
08/05/2026,07:07:14,16,Lab. de Telecomunicações,GPDS,00:26:5a:66:55:ef,-82,6
08/05/2026,07:07:14,16,Lab. de Telecomunicações,UA2-MiniLab,60:32:b1:2d:66:c3,-82,10
08/05/2026,07:07:14,16,Lab. de Telecomunicações,IFPB,84:f1:47:54:96:e0,-84,1
08/05/2026,07:07:14,16,Lab. de Telecomunicações,IFPB-VISITANTE,84:f1:47:54:96:e2,-84,1
08/05/2026,07:07:15,16,Lab. de Telecomunicações,NUNYA_Room_2.4GHz,cc:32:e5:0c:fc:2b,-85,9
08/05/2026,07:07:15,16,Lab. de Telecomunicações,IFPB-VISITANTE,e4:4e:2d:85:4c:62,-86,11
08/05/2026,07:07:15,16,Lab. de Telecomunicações,IFPB,84:f1:47:54:71:00,-87,1
08/05/2026,07:07:15,16,Lab. de Telecomunicações,IFPB-Sala_13,e8:94:f6:b9:2f:46,-87,6
08/05/2026,07:07:15,16,Lab. de Telecomunicações,IFPB-VISITANTE,84:f1:47:54:71:02,-88,1
08/05/2026,07:07:15,16,Lab. de Telecomunicações,IFPB,b8:11:4b:1d:1e:40,-88,6
08/05/2026,07:07:15,16,Lab. de Telecomunicações,IFPB,e4:4e:2d:85:4c:60,-88,11
08/05/2026,07:07:15,16,Lab. de Telecomunicações,IFPB,84:f1:47:54:f9:80,-89,11
08/05/2026,07:07:15,16,Lab. de Telecomunicações,IFPB-VISITANTE,b8:11:4b:1d:1e:42,-90,6
08/05/2026,07:07:15,16,Lab. de Telecomunicações,Lab Redes Convergentes,64:70:02:99:fe:f4,-90,6
08/05/2026,07:07:15,16,Lab. de Telecomunicações,IFPB-VISITANTE,84:f1:47:54:f9:82,-90,11
08/05/2026,07:07:15,16,Lab. de Telecomunicações,LIMPEZA,54:e6:fc:cf:22:de,-91,6
08/05/2026,07:07:15,16,Lab. de Telecomunicações,SALA_MESTRADO,64:66:b3:62:eb:86,-92,1
08/05/2026,07:07:15,16,Lab. de Telecomunicações,Kauan,5e:df:7d:dd:ee:05,-95,1
08/05/2026,07:07:15,16,Lab. de Telecomunicações,Grel Wifi,00:27:19:ca:71:d2,-97,11
08/05/2026,07:07:24,17,Lab. de Telecomunicações,IFPB-Sala_Professor_14,24:fd:0d:57:19:26,-59,5
08/05/2026,07:07:24,17,Lab. de Telecomunicações,TP-Link_C3CB,d8:0d:17:3e:c3:cb,-63,4
08/05/2026,07:07:24,17,Lab. de Telecomunicações,APTelefonia,58:10:8c:91:f3:aa,-66,1
08/05/2026,07:07:24,17,Lab. de Telecomunicações,Intelbras,18:0d:2c:7f:eb:ac,-73,7
08/05/2026,07:07:24,17,Lab. de Telecomunicações,IFPB TCC,d8:5d:4c:86:7e:66,-74,1
08/05/2026,07:07:25,17,Lab. de Telecomunicações,TP-Link_1324,7c:f1:7e:8d:13:22,-74,10
08/05/2026,07:07:25,17,Lab. de Telecomunicações,Lab. de Sinais Digitais,18:d6:c7:f9:37:2f,-76,11
08/05/2026,07:07:25,17,Lab. de Telecomunicações,PeterNetwork,1e:1d:49:86:2d:8e,-77,11
08/05/2026,07:07:25,17,Lab. de Telecomunicações,IFPB-VISITANTE,84:f1:47:54:7f:22,-77,11
08/05/2026,07:07:25,17,Lab. de Telecomunicações,IFPB-VISITANTE,84:f1:47:54:fd:c2,-78,6
08/05/2026,07:07:25,17,Lab. de Telecomunicações,IFPB,84:f1:47:54:7f:20,-78,11
08/05/2026,07:07:25,17,Lab. de Telecomunicações,IFPB,84:f1:47:54:fd:c0,-79,6
08/05/2026,07:07:25,17,Lab. de Telecomunicações,GPDS,00:26:5a:66:55:ef,-79,6
08/05/2026,07:07:25,17,Lab. de Telecomunicações,IFPB-Sala_13,e8:94:f6:b9:2f:46,-80,6
08/05/2026,07:07:25,17,Lab. de Telecomunicações,IFPB-Sala_Professor_14,48:51:cf:81:b0:9e,-82,2
08/05/2026,07:07:25,17,Lab. de Telecomunicações,IFPB-VISITANTE,84:f1:47:54:71:02,-86,1
08/05/2026,07:07:25,17,Lab. de Telecomunicações,IFPB,b8:11:4b:1d:1e:40,-86,6
08/05/2026,07:07:25,17,Lab. de Telecomunicações,IFPB-VISITANTE,b8:11:4b:1d:1e:42,-86,6
08/05/2026,07:07:25,17,Lab. de Telecomunicações,UA2-MiniLab,60:32:b1:2d:66:c3,-86,10
08/05/2026,07:07:25,17,Lab. de Telecomunicações,IFPB,e4:4e:2d:85:4c:60,-86,11
08/05/2026,07:07:25,17,Lab. de Telecomunicações,IFPB,84:f1:47:54:71:00,-87,1
08/05/2026,07:07:25,17,Lab. de Telecomunicações,NUNYA_Room_2.4GHz,cc:32:e5:0c:fc:2b,-87,9
08/05/2026,07:07:25,17,Lab. de Telecomunicações,IFPB-VISITANTE,e4:4e:2d:85:4c:62,-87,11
08/05/2026,07:07:25,17,Lab. de Telecomunicações,IFPB,84:f1:47:54:96:e0,-88,1
08/05/2026,07:07:25,17,Lab. de Telecomunicações,IFPB-VISITANTE,84:f1:47:54:96:e2,-88,1
08/05/2026,07:07:25,17,Lab. de Telecomunicações,IFPB,84:f1:47:54:95:e0,-88,11
08/05/2026,07:07:25,17,Lab. de Telecomunicações,IFPB-VISITANTE,84:f1:47:54:95:e2,-89,11
08/05/2026,07:07:25,17,Lab. de Telecomunicações,SALA_MESTRADO,64:66:b3:62:eb:86,-90,1
08/05/2026,07:07:25,17,Lab. de Telecomunicações,IFPB-VISITANTE,84:f1:47:54:f9:82,-91,11
08/05/2026,07:07:25,17,Lab. de Telecomunicações,Kauan,5e:df:7d:dd:ee:05,-93,1
08/05/2026,07:07:25,17,Lab. de Telecomunicações,LIMPEZA,54:e6:fc:cf:22:de,-94,6
08/05/2026,07:07:25,17,Lab. de Telecomunicações,Grel Wifi,00:27:19:ca:71:d2,-94,11
08/05/2026,07:07:35,18,Lab. de Telecomunicações,IFPB-Sala_Professor_14,24:fd:0d:57:19:26,-57,5
08/05/2026,07:07:35,18,Lab. de Telecomunicações,TP-Link_C3CB,d8:0d:17:3e:c3:cb,-64,4
08/05/2026,07:07:35,18,Lab. de Telecomunicações,APTelefonia,58:10:8c:91:f3:aa,-70,1
08/05/2026,07:07:35,18,Lab. de Telecomunicações,IFPB TCC,d8:5d:4c:86:7e:66,-70,1
08/05/2026,07:07:35,18,Lab. de Telecomunicações,TP-Link_1324,7c:f1:7e:8d:13:22,-74,10
08/05/2026,07:07:35,18,Lab. de Telecomunicações,Lab. de Sinais Digitais,18:d6:c7:f9:37:2f,-74,11
08/05/2026,07:07:35,18,Lab. de Telecomunicações,IFPB,84:f1:47:54:fd:c0,-76,6
08/05/2026,07:07:35,18,Lab. de Telecomunicações,PeterNetwork,1e:1d:49:86:2d:8e,-76,11
08/05/2026,07:07:35,18,Lab. de Telecomunicações,IFPB-VISITANTE,84:f1:47:54:fd:c2,-77,6
08/05/2026,07:07:35,18,Lab. de Telecomunicações,Intelbras,18:0d:2c:7f:eb:ac,-77,7
08/05/2026,07:07:35,18,Lab. de Telecomunicações,IFPB,84:f1:47:54:7f:20,-78,11
08/05/2026,07:07:35,18,Lab. de Telecomunicações,IFPB-VISITANTE,84:f1:47:54:7f:22,-78,11
08/05/2026,07:07:35,18,Lab. de Telecomunicações,IFPB-Sala_13,e8:94:f6:b9:2f:46,-81,6
08/05/2026,07:07:35,18,Lab. de Telecomunicações,GPDS,00:26:5a:66:55:ef,-81,6
08/05/2026,07:07:35,18,Lab. de Telecomunicações,IFPB,84:f1:47:54:71:00,-82,1
08/05/2026,07:07:35,18,Lab. de Telecomunicações,IFPB-VISITANTE,84:f1:47:54:71:02,-83,1
08/05/2026,07:07:35,18,Lab. de Telecomunicações,IFPB-Sala_Professor_14,48:51:cf:81:b0:9e,-83,2
08/05/2026,07:07:35,18,Lab. de Telecomunicações,IFPB,84:f1:47:54:96:e0,-85,1
08/05/2026,07:07:35,18,Lab. de Telecomunicações,IFPB-VISITANTE,b8:11:4b:1d:1e:42,-85,6
08/05/2026,07:07:35,18,Lab. de Telecomunicações,IFPB,84:f1:47:54:95:e0,-86,11
08/05/2026,07:07:35,18,Lab. de Telecomunicações,IFPB-VISITANTE,84:f1:47:54:95:e2,-86,11
08/05/2026,07:07:35,18,Lab. de Telecomunicações,IFPB-VISITANTE,84:f1:47:54:96:e2,-87,1
08/05/2026,07:07:35,18,Lab. de Telecomunicações,IFPB,b8:11:4b:1d:1e:40,-88,6
08/05/2026,07:07:35,18,Lab. de Telecomunicações,UA2-MiniLab,60:32:b1:2d:66:c3,-88,10
08/05/2026,07:07:35,18,Lab. de Telecomunicações,IFPB,e4:4e:2d:85:4c:60,-88,11
08/05/2026,07:07:35,18,Lab. de Telecomunicações,IFPB-VISITANTE,e4:4e:2d:85:4c:62,-88,11
08/05/2026,07:07:35,18,Lab. de Telecomunicações,NUNYA_Room_2.4GHz,cc:32:e5:0c:fc:2b,-89,9
08/05/2026,07:07:35,18,Lab. de Telecomunicações,SALA_MESTRADO,64:66:b3:62:eb:86,-91,1
08/05/2026,07:07:35,18,Lab. de Telecomunicações,LIMPEZA,54:e6:fc:cf:22:de,-92,6
08/05/2026,07:07:35,18,Lab. de Telecomunicações,Grel Wifi,00:27:19:ca:71:d2,-93,11
08/05/2026,07:07:35,18,Lab. de Telecomunicações,Lab Redes Convergentes,64:70:02:99:fe:f4,-94,6
08/05/2026,07:07:45,19,Lab. de Telecomunicações,IFPB-Sala_Professor_14,24:fd:0d:57:19:26,-63,5
08/05/2026,07:07:45,19,Lab. de Telecomunicações,TP-Link_C3CB,d8:0d:17:3e:c3:cb,-64,4
08/05/2026,07:07:45,19,Lab. de Telecomunicações,IFPB TCC,d8:5d:4c:86:7e:66,-68,1
08/05/2026,07:07:45,19,Lab. de Telecomunicações,APTelefonia,58:10:8c:91:f3:aa,-69,1
08/05/2026,07:07:45,19,Lab. de Telecomunicações,Intelbras,18:0d:2c:7f:eb:ac,-72,7
08/05/2026,07:07:45,19,Lab. de Telecomunicações,IFPB,84:f1:47:54:7f:20,-74,11
08/05/2026,07:07:45,19,Lab. de Telecomunicações,IFPB-VISITANTE,84:f1:47:54:7f:22,-74,11
08/05/2026,07:07:45,19,Lab. de Telecomunicações,IFPB-Sala_13,e8:94:f6:b9:2f:46,-75,6
08/05/2026,07:07:45,19,Lab. de Telecomunicações,GPDS,00:26:5a:66:55:ef,-75,6
08/05/2026,07:07:45,19,Lab. de Telecomunicações,IFPB-VISITANTE,84:f1:47:54:fd:c2,-75,6
08/05/2026,07:07:45,19,Lab. de Telecomunicações,IFPB,84:f1:47:54:fd:c0,-76,6
08/05/2026,07:07:45,19,Lab. de Telecomunicações,TP-Link_1324,7c:f1:7e:8d:13:22,-76,10
08/05/2026,07:07:45,19,Lab. de Telecomunicações,PeterNetwork,1e:1d:49:86:2d:8e,-76,11
08/05/2026,07:07:45,19,Lab. de Telecomunicações,Lab. de Sinais Digitais,18:d6:c7:f9:37:2f,-77,11
08/05/2026,07:07:45,19,Lab. de Telecomunicações,IFPB-Sala_Professor_14,48:51:cf:81:b0:9e,-82,2
08/05/2026,07:07:45,19,Lab. de Telecomunicações,IFPB,84:f1:47:54:96:e0,-83,1
08/05/2026,07:07:45,19,Lab. de Telecomunicações,IFPB-VISITANTE,84:f1:47:54:96:e2,-83,1
08/05/2026,07:07:45,19,Lab. de Telecomunicações,NUNYA_Room_2.4GHz,cc:32:e5:0c:fc:2b,-85,9
08/05/2026,07:07:45,19,Lab. de Telecomunicações,IFPB,e4:4e:2d:85:4c:60,-86,11
08/05/2026,07:07:45,19,Lab. de Telecomunicações,IFPB,84:f1:47:54:71:00,-87,1
08/05/2026,07:07:45,19,Lab. de Telecomunicações,IFPB-VISITANTE,84:f1:47:54:71:02,-87,1
08/05/2026,07:07:45,19,Lab. de Telecomunicações,IFPB-VISITANTE,e4:4e:2d:85:4c:62,-87,11
08/05/2026,07:07:45,19,Lab. de Telecomunicações,IFPB-VISITANTE,b8:11:4b:1d:1e:42,-89,6
08/05/2026,07:07:45,19,Lab. de Telecomunicações,IFPB,b8:11:4b:1d:1e:40,-89,6
08/05/2026,07:07:45,19,Lab. de Telecomunicações,UA2-MiniLab,60:32:b1:2d:66:c3,-89,10
08/05/2026,07:07:45,19,Lab. de Telecomunicações,IFPB,84:f1:47:54:95:e0,-89,11
08/05/2026,07:07:45,19,Lab. de Telecomunicações,IFPB-VISITANTE,84:f1:47:54:95:e2,-89,11
08/05/2026,07:07:45,19,Lab. de Telecomunicações,IFPB-VISITANTE,84:f1:47:54:f9:82,-90,11
08/05/2026,07:07:46,19,Lab. de Telecomunicações,IFPB,84:f1:47:54:f9:80,-90,11
08/05/2026,07:07:46,19,Lab. de Telecomunicações,SALA_MESTRADO,64:66:b3:62:eb:86,-91,1
08/05/2026,07:07:46,19,Lab. de Telecomunicações,LIMPEZA,54:e6:fc:cf:22:de,-93,6
08/05/2026,07:07:46,19,Lab. de Telecomunicações,Grel Wifi,00:27:19:ca:71:d2,-95,11
08/05/2026,07:07:55,20,Lab. de Telecomunicações,IFPB-Sala_Professor_14,24:fd:0d:57:19:26,-61,5
08/05/2026,07:07:55,20,Lab. de Telecomunicações,TP-Link_C3CB,d8:0d:17:3e:c3:cb,-64,4
08/05/2026,07:07:55,20,Lab. de Telecomunicações,IFPB TCC,d8:5d:4c:86:7e:66,-68,1
08/05/2026,07:07:55,20,Lab. de Telecomunicações,Intelbras,18:0d:2c:7f:eb:ac,-68,7
08/05/2026,07:07:55,20,Lab. de Telecomunicações,APTelefonia,58:10:8c:91:f3:aa,-69,1
08/05/2026,07:07:55,20,Lab. de Telecomunicações,IFPB,84:f1:47:54:7f:20,-72,11
08/05/2026,07:07:55,20,Lab. de Telecomunicações,IFPB-VISITANTE,84:f1:47:54:7f:22,-73,11
08/05/2026,07:07:55,20,Lab. de Telecomunicações,IFPB,84:f1:47:54:fd:c0,-76,6
08/05/2026,07:07:55,20,Lab. de Telecomunicações,IFPB-VISITANTE,84:f1:47:54:fd:c2,-76,6
08/05/2026,07:07:55,20,Lab. de Telecomunicações,TP-Link_1324,7c:f1:7e:8d:13:22,-76,10
08/05/2026,07:07:55,20,Lab. de Telecomunicações,PeterNetwork,1e:1d:49:86:2d:8e,-76,11
08/05/2026,07:07:55,20,Lab. de Telecomunicações,Lab. de Sinais Digitais,18:d6:c7:f9:37:2f,-77,11
08/05/2026,07:07:55,20,Lab. de Telecomunicações,GPDS,00:26:5a:66:55:ef,-78,6
08/05/2026,07:07:55,20,Lab. de Telecomunicações,IFPB-Sala_Professor_14,48:51:cf:81:b0:9e,-79,2
08/05/2026,07:07:55,20,Lab. de Telecomunicações,NUNYA_Room_2.4GHz,cc:32:e5:0c:fc:2b,-80,9
08/05/2026,07:07:55,20,Lab. de Telecomunicações,IFPB-Sala_13,e8:94:f6:b9:2f:46,-81,6
08/05/2026,07:07:56,20,Lab. de Telecomunicações,IFPB-VISITANTE,84:f1:47:54:71:02,-82,1
08/05/2026,07:07:56,20,Lab. de Telecomunicações,IFPB,84:f1:47:54:96:e0,-83,1
08/05/2026,07:07:56,20,Lab. de Telecomunicações,IFPB,84:f1:47:54:71:00,-83,1
08/05/2026,07:07:56,20,Lab. de Telecomunicações,IFPB-VISITANTE,84:f1:47:54:96:e2,-84,1
08/05/2026,07:07:56,20,Lab. de Telecomunicações,IFPB-VISITANTE,e4:4e:2d:85:4c:62,-85,11
08/05/2026,07:07:56,20,Lab. de Telecomunicações,IFPB,e4:4e:2d:85:4c:60,-86,11
08/05/2026,07:07:56,20,Lab. de Telecomunicações,IFPB,b8:11:4b:1d:1e:40,-88,6
08/05/2026,07:07:56,20,Lab. de Telecomunicações,IFPB-VISITANTE,b8:11:4b:1d:1e:42,-88,6
08/05/2026,07:07:56,20,Lab. de Telecomunicações,UA2-MiniLab,60:32:b1:2d:66:c3,-88,10
08/05/2026,07:07:56,20,Lab. de Telecomunicações,IFPB-VISITANTE,84:f1:47:54:95:e2,-88,11
08/05/2026,07:07:56,20,Lab. de Telecomunicações,IFPB,84:f1:47:54:95:e0,-89,11
08/05/2026,07:07:56,20,Lab. de Telecomunicações,SALA_MESTRADO,64:66:b3:62:eb:86,-90,1
08/05/2026,07:07:56,20,Lab. de Telecomunicações,IFPB-VISITANTE,84:f1:47:54:f9:82,-91,11
08/05/2026,07:07:56,20,Lab. de Telecomunicações,IFPB,84:f1:47:54:f9:80,-91,11
08/05/2026,07:07:56,20,Lab. de Telecomunicações,Kauan,5e:df:7d:dd:ee:05,-92,1
08/05/2026,07:07:56,20,Lab. de Telecomunicações,LIMPEZA,54:e6:fc:cf:22:de,-93,6
08/05/2026,07:07:56,20,Lab. de Telecomunicações,Grel Wifi,00:27:19:ca:71:d2,-96,11
08/05/2026,07:08:26,21,PET Eng. Elétrica,IFPB-Sala_Professor_14,24:fd:0d:57:19:26,-59,5
08/05/2026,07:08:26,21,PET Eng. Elétrica,APTelefonia,58:10:8c:91:f3:aa,-63,1
08/05/2026,07:08:26,21,PET Eng. Elétrica,Lab. de Sinais Digitais,18:d6:c7:f9:37:2f,-67,11
08/05/2026,07:08:26,21,PET Eng. Elétrica,Intelbras,18:0d:2c:7f:eb:ac,-68,7
08/05/2026,07:08:26,21,PET Eng. Elétrica,IFPB-Sala_Professor_14,48:51:cf:81:b0:9e,-70,2
08/05/2026,07:08:27,21,PET Eng. Elétrica,TP-Link_C3CB,d8:0d:17:3e:c3:cb,-70,4
08/05/2026,07:08:27,21,PET Eng. Elétrica,GPDS,00:26:5a:66:55:ef,-70,6
08/05/2026,07:08:27,21,PET Eng. Elétrica,IFPB,84:f1:47:54:fd:c0,-73,6
08/05/2026,07:08:27,21,PET Eng. Elétrica,IFPB-VISITANTE,84:f1:47:54:fd:c2,-73,6
08/05/2026,07:08:27,21,PET Eng. Elétrica,PeterNetwork,1e:1d:49:86:2d:8e,-73,11
08/05/2026,07:08:27,21,PET Eng. Elétrica,UA2-MiniLab,60:32:b1:2d:66:c3,-75,10
08/05/2026,07:08:27,21,PET Eng. Elétrica,IFPB-VISITANTE,84:f1:47:54:f9:82,-76,11
08/05/2026,07:08:27,21,PET Eng. Elétrica,IFPB-VISITANTE,84:f1:47:54:96:e2,-77,1
08/05/2026,07:08:27,21,PET Eng. Elétrica,NUNYA_Room_2.4GHz,cc:32:e5:0c:fc:2b,-77,9
08/05/2026,07:08:27,21,PET Eng. Elétrica,IFPB,84:f1:47:54:f9:80,-77,11
08/05/2026,07:08:27,21,PET Eng. Elétrica,IFPB,84:f1:47:54:96:e0,-78,1
08/05/2026,07:08:27,21,PET Eng. Elétrica,IFPB TCC,d8:5d:4c:86:7e:66,-79,1
08/05/2026,07:08:27,21,PET Eng. Elétrica,IFPB,84:f1:47:54:95:e0,-80,11
08/05/2026,07:08:27,21,PET Eng. Elétrica,IFPB-VISITANTE,84:f1:47:54:95:e2,-80,11
08/05/2026,07:08:27,21,PET Eng. Elétrica,TP-Link_1324,7c:f1:7e:8d:13:22,-81,10
08/05/2026,07:08:27,21,PET Eng. Elétrica,IFPB,84:f1:47:54:7f:20,-81,11
08/05/2026,07:08:27,21,PET Eng. Elétrica,IFPB-VISITANTE,84:f1:47:54:7f:22,-81,11
08/05/2026,07:08:27,21,PET Eng. Elétrica,SALA_MESTRADO,64:66:b3:62:eb:86,-83,1
08/05/2026,07:08:27,21,PET Eng. Elétrica,IFPB-Sala_13,e8:94:f6:b9:2f:46,-83,6
08/05/2026,07:08:27,21,PET Eng. Elétrica,IFPB-VISITANTE,e4:4e:2d:85:4c:62,-88,11
08/05/2026,07:08:27,21,PET Eng. Elétrica,IFPB,e4:4e:2d:85:4c:60,-90,11
08/05/2026,07:08:27,21,PET Eng. Elétrica,Lab Redes Convergentes,64:70:02:99:fe:f4,-93,6
08/05/2026,07:08:37,22,PET Eng. Elétrica,Lab. de Sinais Digitais,18:d6:c7:f9:37:2f,-56,11
08/05/2026,07:08:37,22,PET Eng. Elétrica,APTelefonia,58:10:8c:91:f3:aa,-63,1
08/05/2026,07:08:37,22,PET Eng. Elétrica,TP-Link_C3CB,d8:0d:17:3e:c3:cb,-64,4
08/05/2026,07:08:37,22,PET Eng. Elétrica,IFPB-Sala_Professor_14,24:fd:0d:57:19:26,-66,5
08/05/2026,07:08:37,22,PET Eng. Elétrica,Intelbras,18:0d:2c:7f:eb:ac,-69,7
08/05/2026,07:08:37,22,PET Eng. Elétrica,GPDS,00:26:5a:66:55:ef,-70,6
08/05/2026,07:08:37,22,PET Eng. Elétrica,UA2-MiniLab,60:32:b1:2d:66:c3,-72,10
08/05/2026,07:08:37,22,PET Eng. Elétrica,IFPB-VISITANTE,84:f1:47:54:fd:c2,-73,6
08/05/2026,07:08:37,22,PET Eng. Elétrica,NUNYA_Room_2.4GHz,cc:32:e5:0c:fc:2b,-73,9
08/05/2026,07:08:37,22,PET Eng. Elétrica,PeterNetwork,1e:1d:49:86:2d:8e,-73,11
08/05/2026,07:08:37,22,PET Eng. Elétrica,IFPB,84:f1:47:54:fd:c0,-74,6
08/05/2026,07:08:37,22,PET Eng. Elétrica,IFPB-Sala_13,e8:94:f6:b9:2f:46,-74,6
08/05/2026,07:08:37,22,PET Eng. Elétrica,TP-Link_1324,7c:f1:7e:8d:13:22,-76,10
08/05/2026,07:08:37,22,PET Eng. Elétrica,IFPB,84:f1:47:54:96:e0,-78,1
08/05/2026,07:08:37,22,PET Eng. Elétrica,IFPB-VISITANTE,84:f1:47:54:96:e2,-78,1
08/05/2026,07:08:37,22,PET Eng. Elétrica,IFPB-Sala_Professor_14,48:51:cf:81:b0:9e,-78,2
08/05/2026,07:08:37,22,PET Eng. Elétrica,IFPB TCC,d8:5d:4c:86:7e:66,-79,1
08/05/2026,07:08:37,22,PET Eng. Elétrica,IFPB,84:f1:47:54:95:e0,-79,11
08/05/2026,07:08:37,22,PET Eng. Elétrica,IFPB-VISITANTE,84:f1:47:54:95:e2,-79,11
08/05/2026,07:08:37,22,PET Eng. Elétrica,IFPB,84:f1:47:54:7f:20,-81,11
08/05/2026,07:08:37,22,PET Eng. Elétrica,IFPB-VISITANTE,84:f1:47:54:7f:22,-81,11
08/05/2026,07:08:37,22,PET Eng. Elétrica,IFPB,84:f1:47:54:f9:80,-82,11
08/05/2026,07:08:37,22,PET Eng. Elétrica,IFPB-VISITANTE,84:f1:47:54:f9:82,-82,11
08/05/2026,07:08:37,22,PET Eng. Elétrica,IFPB-VISITANTE,e4:4e:2d:85:4c:62,-84,11
08/05/2026,07:08:37,22,PET Eng. Elétrica,IFPB,e4:4e:2d:85:4c:60,-85,11
08/05/2026,07:08:37,22,PET Eng. Elétrica,SALA_MESTRADO,64:66:b3:62:eb:86,-87,1
08/05/2026,07:08:37,22,PET Eng. Elétrica,NPEF/NEPA,50:c7:bf:ef:56:8a,-89,3
08/05/2026,07:08:37,22,PET Eng. Elétrica,Lab Redes Convergentes,64:70:02:99:fe:f4,-90,6
08/05/2026,07:08:47,23,PET Eng. Elétrica,Lab. de Sinais Digitais,18:d6:c7:f9:37:2f,-60,11
08/05/2026,07:08:47,23,PET Eng. Elétrica,TP-Link_C3CB,d8:0d:17:3e:c3:cb,-61,4
08/05/2026,07:08:47,23,PET Eng. Elétrica,APTelefonia,58:10:8c:91:f3:aa,-67,1
08/05/2026,07:08:47,23,PET Eng. Elétrica,IFPB-Sala_Professor_14,24:fd:0d:57:19:26,-70,5
08/05/2026,07:08:47,23,PET Eng. Elétrica,Intelbras,18:0d:2c:7f:eb:ac,-70,7
08/05/2026,07:08:47,23,PET Eng. Elétrica,UA2-MiniLab,60:32:b1:2d:66:c3,-71,10
08/05/2026,07:08:47,23,PET Eng. Elétrica,IFPB-Sala_Professor_14,48:51:cf:81:b0:9e,-72,2
08/05/2026,07:08:47,23,PET Eng. Elétrica,SALA_MESTRADO,64:66:b3:62:eb:86,-73,1
08/05/2026,07:08:47,23,PET Eng. Elétrica,NUNYA_Room_2.4GHz,cc:32:e5:0c:fc:2b,-73,9
08/05/2026,07:08:47,23,PET Eng. Elétrica,IFPB,84:f1:47:54:96:e0,-75,1
08/05/2026,07:08:47,23,PET Eng. Elétrica,IFPB-VISITANTE,84:f1:47:54:96:e2,-75,1
08/05/2026,07:08:47,23,PET Eng. Elétrica,GPDS,00:26:5a:66:55:ef,-76,6
08/05/2026,07:08:47,23,PET Eng. Elétrica,TP-Link_1324,7c:f1:7e:8d:13:22,-77,10
08/05/2026,07:08:47,23,PET Eng. Elétrica,IFPB,84:f1:47:54:95:e0,-78,11
08/05/2026,07:08:47,23,PET Eng. Elétrica,IFPB-VISITANTE,84:f1:47:54:95:e2,-78,11
08/05/2026,07:08:47,23,PET Eng. Elétrica,IFPB,84:f1:47:54:7f:20,-79,11
08/05/2026,07:08:47,23,PET Eng. Elétrica,IFPB-VISITANTE,84:f1:47:54:7f:22,-79,11
08/05/2026,07:08:47,23,PET Eng. Elétrica,IFPB,84:f1:47:54:f9:80,-79,11
08/05/2026,07:08:47,23,PET Eng. Elétrica,IFPB-VISITANTE,84:f1:47:54:f9:82,-79,11
08/05/2026,07:08:47,23,PET Eng. Elétrica,IFPB,84:f1:47:54:fd:c0,-80,6
08/05/2026,07:08:47,23,PET Eng. Elétrica,IFPB-Sala_13,e8:94:f6:b9:2f:46,-80,6
08/05/2026,07:08:47,23,PET Eng. Elétrica,IFPB-VISITANTE,84:f1:47:54:fd:c2,-80,6
08/05/2026,07:08:47,23,PET Eng. Elétrica,IFPB TCC,d8:5d:4c:86:7e:66,-83,1
08/05/2026,07:08:47,23,PET Eng. Elétrica,PeterNetwork,1e:1d:49:86:2d:8e,-84,11
08/05/2026,07:08:47,23,PET Eng. Elétrica,NPEF/NEPA,50:c7:bf:ef:56:8a,-87,3
08/05/2026,07:08:47,23,PET Eng. Elétrica,IFPB,e4:4e:2d:85:4c:60,-87,11
08/05/2026,07:08:47,23,PET Eng. Elétrica,IFPB-VISITANTE,e4:4e:2d:85:4c:62,-87,11
08/05/2026,07:08:47,23,PET Eng. Elétrica,Kauan,5e:df:7d:dd:ee:05,-92,1
08/05/2026,07:08:47,23,PET Eng. Elétrica,Lab Redes Convergentes,64:70:02:99:fe:f4,-95,6
08/05/2026,07:08:57,24,PET Eng. Elétrica,TP-Link_C3CB,d8:0d:17:3e:c3:cb,-61,4
08/05/2026,07:08:57,24,PET Eng. Elétrica,Lab. de Sinais Digitais,18:d6:c7:f9:37:2f,-61,11
08/05/2026,07:08:57,24,PET Eng. Elétrica,APTelefonia,58:10:8c:91:f3:aa,-67,1
08/05/2026,07:08:57,24,PET Eng. Elétrica,IFPB-Sala_Professor_14,24:fd:0d:57:19:26,-70,5
08/05/2026,07:08:57,24,PET Eng. Elétrica,Intelbras,18:0d:2c:7f:eb:ac,-70,7
08/05/2026,07:08:57,24,PET Eng. Elétrica,NUNYA_Room_2.4GHz,cc:32:e5:0c:fc:2b,-71,9
08/05/2026,07:08:57,24,PET Eng. Elétrica,UA2-MiniLab,60:32:b1:2d:66:c3,-72,10
08/05/2026,07:08:57,24,PET Eng. Elétrica,IFPB-Sala_Professor_14,48:51:cf:81:b0:9e,-74,2
08/05/2026,07:08:57,24,PET Eng. Elétrica,GPDS,00:26:5a:66:55:ef,-74,6
08/05/2026,07:08:57,24,PET Eng. Elétrica,IFPB,84:f1:47:54:fd:c0,-75,6
08/05/2026,07:08:57,24,PET Eng. Elétrica,IFPB-VISITANTE,84:f1:47:54:fd:c2,-75,6
08/05/2026,07:08:57,24,PET Eng. Elétrica,IFPB,84:f1:47:54:96:e0,-76,1
08/05/2026,07:08:57,24,PET Eng. Elétrica,IFPB-VISITANTE,84:f1:47:54:96:e2,-76,1
08/05/2026,07:08:57,24,PET Eng. Elétrica,IFPB,84:f1:47:54:95:e0,-77,11
08/05/2026,07:08:57,24,PET Eng. Elétrica,IFPB-VISITANTE,84:f1:47:54:95:e2,-77,11
08/05/2026,07:08:57,24,PET Eng. Elétrica,TP-Link_1324,7c:f1:7e:8d:13:22,-78,10
08/05/2026,07:08:57,24,PET Eng. Elétrica,IFPB-VISITANTE,84:f1:47:54:f9:82,-78,11
08/05/2026,07:08:57,24,PET Eng. Elétrica,IFPB,84:f1:47:54:f9:80,-78,11
08/05/2026,07:08:57,24,PET Eng. Elétrica,IFPB-Sala_13,e8:94:f6:b9:2f:46,-79,6
08/05/2026,07:08:57,24,PET Eng. Elétrica,IFPB,84:f1:47:54:7f:20,-79,11
08/05/2026,07:08:57,24,PET Eng. Elétrica,IFPB-VISITANTE,84:f1:47:54:7f:22,-80,11
08/05/2026,07:08:57,24,PET Eng. Elétrica,SALA_MESTRADO,64:66:b3:62:eb:86,-84,1
08/05/2026,07:08:57,24,PET Eng. Elétrica,IFPB TCC,d8:5d:4c:86:7e:66,-84,1
08/05/2026,07:08:57,24,PET Eng. Elétrica,PeterNetwork,1e:1d:49:86:2d:8e,-85,11
08/05/2026,07:08:57,24,PET Eng. Elétrica,IFPB,e4:4e:2d:85:4c:60,-87,11
08/05/2026,07:08:57,24,PET Eng. Elétrica,IFPB-VISITANTE,e4:4e:2d:85:4c:62,-87,11
08/05/2026,07:08:57,24,PET Eng. Elétrica,NPEF/NEPA,50:c7:bf:ef:56:8a,-90,3
08/05/2026,07:08:57,24,PET Eng. Elétrica,Lab Redes Convergentes,64:70:02:99:fe:f4,-92,6
08/05/2026,07:09:07,25,PET Eng. Elétrica,TP-Link_C3CB,d8:0d:17:3e:c3:cb,-62,4
08/05/2026,07:09:07,25,PET Eng. Elétrica,Lab. de Sinais Digitais,18:d6:c7:f9:37:2f,-64,11
08/05/2026,07:09:07,25,PET Eng. Elétrica,APTelefonia,58:10:8c:91:f3:aa,-65,1
08/05/2026,07:09:07,25,PET Eng. Elétrica,Intelbras,18:0d:2c:7f:eb:ac,-68,7
08/05/2026,07:09:07,25,PET Eng. Elétrica,IFPB-Sala_Professor_14,24:fd:0d:57:19:26,-70,5
08/05/2026,07:09:07,25,PET Eng. Elétrica,UA2-MiniLab,60:32:b1:2d:66:c3,-71,10
08/05/2026,07:09:07,25,PET Eng. Elétrica,GPDS,00:26:5a:66:55:ef,-72,6
08/05/2026,07:09:07,25,PET Eng. Elétrica,IFPB,84:f1:47:54:fd:c0,-74,6
08/05/2026,07:09:07,25,PET Eng. Elétrica,IFPB-VISITANTE,84:f1:47:54:fd:c2,-74,6
08/05/2026,07:09:07,25,PET Eng. Elétrica,NUNYA_Room_2.4GHz,cc:32:e5:0c:fc:2b,-74,9
08/05/2026,07:09:07,25,PET Eng. Elétrica,IFPB-Sala_Professor_14,48:51:cf:81:b0:9e,-75,2
08/05/2026,07:09:07,25,PET Eng. Elétrica,IFPB,84:f1:47:54:96:e0,-77,1
08/05/2026,07:09:07,25,PET Eng. Elétrica,IFPB-VISITANTE,84:f1:47:54:96:e2,-77,1
08/05/2026,07:09:07,25,PET Eng. Elétrica,TP-Link_1324,7c:f1:7e:8d:13:22,-78,10
08/05/2026,07:09:07,25,PET Eng. Elétrica,IFPB,84:f1:47:54:f9:80,-80,11
08/05/2026,07:09:07,25,PET Eng. Elétrica,IFPB-VISITANTE,84:f1:47:54:f9:82,-80,11
08/05/2026,07:09:07,25,PET Eng. Elétrica,IFPB,84:f1:47:54:95:e0,-80,11
08/05/2026,07:09:07,25,PET Eng. Elétrica,IFPB-VISITANTE,84:f1:47:54:95:e2,-80,11
08/05/2026,07:09:07,25,PET Eng. Elétrica,IFPB,84:f1:47:54:7f:20,-81,11
08/05/2026,07:09:07,25,PET Eng. Elétrica,IFPB-VISITANTE,84:f1:47:54:7f:22,-81,11
08/05/2026,07:09:07,25,PET Eng. Elétrica,PeterNetwork,1e:1d:49:86:2d:8e,-83,11
08/05/2026,07:09:07,25,PET Eng. Elétrica,IFPB-Sala_13,e8:94:f6:b9:2f:46,-84,6
08/05/2026,07:09:08,25,PET Eng. Elétrica,IFPB TCC,d8:5d:4c:86:7e:66,-85,1
08/05/2026,07:09:08,25,PET Eng. Elétrica,SALA_MESTRADO,64:66:b3:62:eb:86,-88,1
08/05/2026,07:09:08,25,PET Eng. Elétrica,IFPB,e4:4e:2d:85:4c:60,-88,11
08/05/2026,07:09:08,25,PET Eng. Elétrica,IFPB-VISITANTE,e4:4e:2d:85:4c:62,-89,11
08/05/2026,07:09:08,25,PET Eng. Elétrica,A mesma de sempre,fe:64:3a:96:ea:fc,-92,5
08/05/2026,07:09:08,25,PET Eng. Elétrica,LIMPEZA,54:e6:fc:cf:22:de,-92,6
08/05/2026,07:09:08,25,PET Eng. Elétrica,NPEF/NEPA,50:c7:bf:ef:56:8a,-93,3
08/05/2026,07:09:08,25,PET Eng. Elétrica,Lab Redes Convergentes,64:70:02:99:fe:f4,-94,6
08/05/2026,07:09:17,26,PET Eng. Elétrica,Lab. de Sinais Digitais,18:d6:c7:f9:37:2f,-61,11
08/05/2026,07:09:17,26,PET Eng. Elétrica,TP-Link_C3CB,d8:0d:17:3e:c3:cb,-62,4
08/05/2026,07:09:17,26,PET Eng. Elétrica,APTelefonia,58:10:8c:91:f3:aa,-65,1
08/05/2026,07:09:17,26,PET Eng. Elétrica,Intelbras,18:0d:2c:7f:eb:ac,-70,7
08/05/2026,07:09:17,26,PET Eng. Elétrica,UA2-MiniLab,60:32:b1:2d:66:c3,-71,10
08/05/2026,07:09:17,26,PET Eng. Elétrica,GPDS,00:26:5a:66:55:ef,-72,6
08/05/2026,07:09:17,26,PET Eng. Elétrica,NUNYA_Room_2.4GHz,cc:32:e5:0c:fc:2b,-72,9
08/05/2026,07:09:17,26,PET Eng. Elétrica,IFPB-Sala_Professor_14,48:51:cf:81:b0:9e,-73,2
08/05/2026,07:09:17,26,PET Eng. Elétrica,IFPB-Sala_Professor_14,24:fd:0d:57:19:26,-74,5
08/05/2026,07:09:17,26,PET Eng. Elétrica,IFPB,84:f1:47:54:fd:c0,-75,6
08/05/2026,07:09:18,26,PET Eng. Elétrica,IFPB-VISITANTE,84:f1:47:54:fd:c2,-75,6
08/05/2026,07:09:18,26,PET Eng. Elétrica,IFPB,84:f1:47:54:96:e0,-76,1
08/05/2026,07:09:18,26,PET Eng. Elétrica,IFPB-VISITANTE,84:f1:47:54:96:e2,-76,1
08/05/2026,07:09:18,26,PET Eng. Elétrica,TP-Link_1324,7c:f1:7e:8d:13:22,-78,10
08/05/2026,07:09:18,26,PET Eng. Elétrica,IFPB,84:f1:47:54:f9:80,-79,11
08/05/2026,07:09:18,26,PET Eng. Elétrica,IFPB-VISITANTE,84:f1:47:54:f9:82,-79,11
08/05/2026,07:09:18,26,PET Eng. Elétrica,IFPB-VISITANTE,84:f1:47:54:95:e2,-79,11
08/05/2026,07:09:18,26,PET Eng. Elétrica,IFPB-Sala_13,e8:94:f6:b9:2f:46,-80,6
08/05/2026,07:09:18,26,PET Eng. Elétrica,IFPB,84:f1:47:54:95:e0,-80,11
08/05/2026,07:09:18,26,PET Eng. Elétrica,IFPB,84:f1:47:54:7f:20,-80,11
08/05/2026,07:09:18,26,PET Eng. Elétrica,IFPB-VISITANTE,84:f1:47:54:7f:22,-80,11
08/05/2026,07:09:18,26,PET Eng. Elétrica,IFPB TCC,d8:5d:4c:86:7e:66,-86,1
08/05/2026,07:09:18,26,PET Eng. Elétrica,PeterNetwork,1e:1d:49:86:2d:8e,-86,11
08/05/2026,07:09:18,26,PET Eng. Elétrica,IFPB-VISITANTE,e4:4e:2d:85:4c:62,-88,11
08/05/2026,07:09:18,26,PET Eng. Elétrica,IFPB,e4:4e:2d:85:4c:60,-89,11
08/05/2026,07:09:18,26,PET Eng. Elétrica,SALA_MESTRADO,64:66:b3:62:eb:86,-90,1
08/05/2026,07:09:18,26,PET Eng. Elétrica,NPEF/NEPA,50:c7:bf:ef:56:8a,-90,3
08/05/2026,07:09:18,26,PET Eng. Elétrica,LIMPEZA,54:e6:fc:cf:22:de,-90,6
08/05/2026,07:09:18,26,PET Eng. Elétrica,Kauan,5e:df:7d:dd:ee:05,-93,1
08/05/2026,07:09:28,27,PET Eng. Elétrica,Lab. de Sinais Digitais,18:d6:c7:f9:37:2f,-59,11
08/05/2026,07:09:28,27,PET Eng. Elétrica,TP-Link_C3CB,d8:0d:17:3e:c3:cb,-61,4
08/05/2026,07:09:28,27,PET Eng. Elétrica,IFPB-Sala_Professor_14,24:fd:0d:57:19:26,-66,5
08/05/2026,07:09:28,27,PET Eng. Elétrica,IFPB-Sala_Professor_14,48:51:cf:81:b0:9e,-68,2
08/05/2026,07:09:28,27,PET Eng. Elétrica,APTelefonia,58:10:8c:91:f3:aa,-70,1
08/05/2026,07:09:28,27,PET Eng. Elétrica,Intelbras,18:0d:2c:7f:eb:ac,-71,7
08/05/2026,07:09:28,27,PET Eng. Elétrica,NUNYA_Room_2.4GHz,cc:32:e5:0c:fc:2b,-71,9
08/05/2026,07:09:28,27,PET Eng. Elétrica,UA2-MiniLab,60:32:b1:2d:66:c3,-71,10
08/05/2026,07:09:28,27,PET Eng. Elétrica,GPDS,00:26:5a:66:55:ef,-72,6
08/05/2026,07:09:28,27,PET Eng. Elétrica,IFPB-Sala_13,e8:94:f6:b9:2f:46,-73,6
08/05/2026,07:09:28,27,PET Eng. Elétrica,IFPB-VISITANTE,84:f1:47:54:96:e2,-75,1
08/05/2026,07:09:28,27,PET Eng. Elétrica,IFPB,84:f1:47:54:96:e0,-76,1
08/05/2026,07:09:28,27,PET Eng. Elétrica,IFPB,84:f1:47:54:fd:c0,-76,6
08/05/2026,07:09:28,27,PET Eng. Elétrica,IFPB-VISITANTE,84:f1:47:54:fd:c2,-76,6
08/05/2026,07:09:28,27,PET Eng. Elétrica,IFPB,84:f1:47:54:95:e0,-79,11
08/05/2026,07:09:28,27,PET Eng. Elétrica,IFPB-VISITANTE,84:f1:47:54:95:e2,-79,11
08/05/2026,07:09:28,27,PET Eng. Elétrica,TP-Link_1324,7c:f1:7e:8d:13:22,-80,10
08/05/2026,07:09:28,27,PET Eng. Elétrica,IFPB,84:f1:47:54:7f:20,-80,11
08/05/2026,07:09:28,27,PET Eng. Elétrica,IFPB-VISITANTE,84:f1:47:54:7f:22,-80,11
08/05/2026,07:09:28,27,PET Eng. Elétrica,IFPB,84:f1:47:54:f9:80,-81,11
08/05/2026,07:09:28,27,PET Eng. Elétrica,IFPB-VISITANTE,84:f1:47:54:f9:82,-82,11
08/05/2026,07:09:28,27,PET Eng. Elétrica,PeterNetwork,1e:1d:49:86:2d:8e,-82,11
08/05/2026,07:09:28,27,PET Eng. Elétrica,IFPB TCC,d8:5d:4c:86:7e:66,-84,1
08/05/2026,07:09:28,27,PET Eng. Elétrica,SALA_MESTRADO,64:66:b3:62:eb:86,-86,1
08/05/2026,07:09:28,27,PET Eng. Elétrica,IFPB,e4:4e:2d:85:4c:60,-86,11
08/05/2026,07:09:28,27,PET Eng. Elétrica,NPEF/NEPA,50:c7:bf:ef:56:8a,-87,3
08/05/2026,07:09:28,27,PET Eng. Elétrica,IFPB-VISITANTE,e4:4e:2d:85:4c:62,-87,11
08/05/2026,07:09:28,27,PET Eng. Elétrica,Lab Redes Convergentes,64:70:02:99:fe:f4,-91,6
08/05/2026,07:09:28,27,PET Eng. Elétrica,Kauan,5e:df:7d:dd:ee:05,-93,1
08/05/2026,07:09:28,27,PET Eng. Elétrica,A mesma de sempre,fe:64:3a:96:ea:fc,-95,5
08/05/2026,07:09:38,28,PET Eng. Elétrica,TP-Link_C3CB,d8:0d:17:3e:c3:cb,-60,4
08/05/2026,07:09:38,28,PET Eng. Elétrica,Lab. de Sinais Digitais,18:d6:c7:f9:37:2f,-61,11
08/05/2026,07:09:38,28,PET Eng. Elétrica,IFPB-Sala_Professor_14,48:51:cf:81:b0:9e,-69,2
08/05/2026,07:09:38,28,PET Eng. Elétrica,Intelbras,18:0d:2c:7f:eb:ac,-69,7
08/05/2026,07:09:38,28,PET Eng. Elétrica,IFPB-Sala_Professor_14,24:fd:0d:57:19:26,-70,5
08/05/2026,07:09:38,28,PET Eng. Elétrica,APTelefonia,58:10:8c:91:f3:aa,-72,1
08/05/2026,07:09:38,28,PET Eng. Elétrica,GPDS,00:26:5a:66:55:ef,-72,6
08/05/2026,07:09:38,28,PET Eng. Elétrica,NUNYA_Room_2.4GHz,cc:32:e5:0c:fc:2b,-72,9
08/05/2026,07:09:38,28,PET Eng. Elétrica,UA2-MiniLab,60:32:b1:2d:66:c3,-73,10
08/05/2026,07:09:38,28,PET Eng. Elétrica,IFPB,84:f1:47:54:96:e0,-75,1
08/05/2026,07:09:38,28,PET Eng. Elétrica,IFPB-VISITANTE,84:f1:47:54:96:e2,-75,1
08/05/2026,07:09:38,28,PET Eng. Elétrica,IFPB,84:f1:47:54:fd:c0,-76,6
08/05/2026,07:09:38,28,PET Eng. Elétrica,IFPB-VISITANTE,84:f1:47:54:fd:c2,-76,6
08/05/2026,07:09:38,28,PET Eng. Elétrica,IFPB-Sala_13,e8:94:f6:b9:2f:46,-77,6
08/05/2026,07:09:38,28,PET Eng. Elétrica,IFPB-VISITANTE,84:f1:47:54:7f:22,-79,11
08/05/2026,07:09:38,28,PET Eng. Elétrica,TP-Link_1324,7c:f1:7e:8d:13:22,-80,10
08/05/2026,07:09:38,28,PET Eng. Elétrica,IFPB,84:f1:47:54:95:e0,-80,11
08/05/2026,07:09:38,28,PET Eng. Elétrica,IFPB-VISITANTE,84:f1:47:54:95:e2,-80,11
08/05/2026,07:09:38,28,PET Eng. Elétrica,PeterNetwork,1e:1d:49:86:2d:8e,-80,11
08/05/2026,07:09:38,28,PET Eng. Elétrica,IFPB,84:f1:47:54:7f:20,-80,11
08/05/2026,07:09:38,28,PET Eng. Elétrica,IFPB-VISITANTE,84:f1:47:54:f9:82,-82,11
08/05/2026,07:09:38,28,PET Eng. Elétrica,IFPB,84:f1:47:54:f9:80,-83,11
08/05/2026,07:09:38,28,PET Eng. Elétrica,IFPB TCC,d8:5d:4c:86:7e:66,-87,1
08/05/2026,07:09:38,28,PET Eng. Elétrica,NPEF/NEPA,50:c7:bf:ef:56:8a,-87,3
08/05/2026,07:09:38,28,PET Eng. Elétrica,IFPB,e4:4e:2d:85:4c:60,-87,11
08/05/2026,07:09:38,28,PET Eng. Elétrica,IFPB-VISITANTE,e4:4e:2d:85:4c:62,-87,11
08/05/2026,07:09:38,28,PET Eng. Elétrica,SALA_MESTRADO,64:66:b3:62:eb:86,-88,1
08/05/2026,07:09:38,28,PET Eng. Elétrica,Lab Redes Convergentes,64:70:02:99:fe:f4,-89,6
08/05/2026,07:09:38,28,PET Eng. Elétrica,A mesma de sempre,fe:64:3a:96:ea:fc,-93,5
08/05/2026,07:09:48,29,PET Eng. Elétrica,Lab. de Sinais Digitais,18:d6:c7:f9:37:2f,-59,11
08/05/2026,07:09:48,29,PET Eng. Elétrica,TP-Link_C3CB,d8:0d:17:3e:c3:cb,-64,4
08/05/2026,07:09:48,29,PET Eng. Elétrica,APTelefonia,58:10:8c:91:f3:aa,-69,1
08/05/2026,07:09:48,29,PET Eng. Elétrica,IFPB-Sala_Professor_14,24:fd:0d:57:19:26,-70,5
08/05/2026,07:09:48,29,PET Eng. Elétrica,GPDS,00:26:5a:66:55:ef,-71,6
08/05/2026,07:09:48,29,PET Eng. Elétrica,Intelbras,18:0d:2c:7f:eb:ac,-71,7
08/05/2026,07:09:48,29,PET Eng. Elétrica,NUNYA_Room_2.4GHz,cc:32:e5:0c:fc:2b,-71,9
08/05/2026,07:09:48,29,PET Eng. Elétrica,UA2-MiniLab,60:32:b1:2d:66:c3,-71,10
08/05/2026,07:09:48,29,PET Eng. Elétrica,IFPB-Sala_Professor_14,48:51:cf:81:b0:9e,-72,2
08/05/2026,07:09:48,29,PET Eng. Elétrica,IFPB-VISITANTE,84:f1:47:54:96:e2,-75,1
08/05/2026,07:09:48,29,PET Eng. Elétrica,IFPB,84:f1:47:54:96:e0,-76,1
08/05/2026,07:09:48,29,PET Eng. Elétrica,IFPB,84:f1:47:54:fd:c0,-76,6
08/05/2026,07:09:48,29,PET Eng. Elétrica,IFPB-VISITANTE,84:f1:47:54:fd:c2,-76,6
08/05/2026,07:09:48,29,PET Eng. Elétrica,IFPB-Sala_13,e8:94:f6:b9:2f:46,-77,6
08/05/2026,07:09:48,29,PET Eng. Elétrica,TP-Link_1324,7c:f1:7e:8d:13:22,-80,10
08/05/2026,07:09:48,29,PET Eng. Elétrica,IFPB-VISITANTE,84:f1:47:54:f9:82,-80,11
08/05/2026,07:09:48,29,PET Eng. Elétrica,IFPB-VISITANTE,84:f1:47:54:95:e2,-80,11
08/05/2026,07:09:48,29,PET Eng. Elétrica,IFPB,84:f1:47:54:7f:20,-80,11
08/05/2026,07:09:48,29,PET Eng. Elétrica,IFPB-VISITANTE,84:f1:47:54:7f:22,-80,11
08/05/2026,07:09:48,29,PET Eng. Elétrica,IFPB,84:f1:47:54:95:e0,-81,11
08/05/2026,07:09:48,29,PET Eng. Elétrica,IFPB,84:f1:47:54:f9:80,-81,11
08/05/2026,07:09:48,29,PET Eng. Elétrica,SALA_MESTRADO,64:66:b3:62:eb:86,-82,1
08/05/2026,07:09:49,29,PET Eng. Elétrica,IFPB TCC,d8:5d:4c:86:7e:66,-83,1
08/05/2026,07:09:49,29,PET Eng. Elétrica,PeterNetwork,1e:1d:49:86:2d:8e,-83,11
08/05/2026,07:09:49,29,PET Eng. Elétrica,Kauan,5e:df:7d:dd:ee:05,-88,1
08/05/2026,07:09:49,29,PET Eng. Elétrica,NPEF/NEPA,50:c7:bf:ef:56:8a,-89,3
08/05/2026,07:09:49,29,PET Eng. Elétrica,Lab Redes Convergentes,64:70:02:99:fe:f4,-92,6
08/05/2026,07:09:58,30,PET Eng. Elétrica,Lab. de Sinais Digitais,18:d6:c7:f9:37:2f,-60,11
08/05/2026,07:09:58,30,PET Eng. Elétrica,TP-Link_C3CB,d8:0d:17:3e:c3:cb,-62,4
08/05/2026,07:09:58,30,PET Eng. Elétrica,IFPB-Sala_Professor_14,24:fd:0d:57:19:26,-66,5
08/05/2026,07:09:58,30,PET Eng. Elétrica,APTelefonia,58:10:8c:91:f3:aa,-70,1
08/05/2026,07:09:58,30,PET Eng. Elétrica,NUNYA_Room_2.4GHz,cc:32:e5:0c:fc:2b,-70,9
08/05/2026,07:09:58,30,PET Eng. Elétrica,Intelbras,18:0d:2c:7f:eb:ac,-71,7
08/05/2026,07:09:58,30,PET Eng. Elétrica,UA2-MiniLab,60:32:b1:2d:66:c3,-72,10
08/05/2026,07:09:58,30,PET Eng. Elétrica,IFPB-Sala_Professor_14,48:51:cf:81:b0:9e,-74,2
08/05/2026,07:09:58,30,PET Eng. Elétrica,GPDS,00:26:5a:66:55:ef,-74,6
08/05/2026,07:09:58,30,PET Eng. Elétrica,IFPB-VISITANTE,84:f1:47:54:fd:c2,-76,6
08/05/2026,07:09:58,30,PET Eng. Elétrica,IFPB,84:f1:47:54:fd:c0,-76,6
08/05/2026,07:09:58,30,PET Eng. Elétrica,IFPB-Sala_13,e8:94:f6:b9:2f:46,-78,6
08/05/2026,07:09:58,30,PET Eng. Elétrica,IFPB-VISITANTE,84:f1:47:54:96:e2,-80,1
08/05/2026,07:09:58,30,PET Eng. Elétrica,IFPB,84:f1:47:54:96:e0,-80,1
08/05/2026,07:09:58,30,PET Eng. Elétrica,IFPB-VISITANTE,84:f1:47:54:f9:82,-80,11
08/05/2026,07:09:58,30,PET Eng. Elétrica,IFPB,84:f1:47:54:7f:20,-80,11
08/05/2026,07:09:59,30,PET Eng. Elétrica,IFPB-VISITANTE,84:f1:47:54:7f:22,-80,11
08/05/2026,07:09:59,30,PET Eng. Elétrica,TP-Link_1324,7c:f1:7e:8d:13:22,-81,10
08/05/2026,07:09:59,30,PET Eng. Elétrica,IFPB,84:f1:47:54:f9:80,-81,11
08/05/2026,07:09:59,30,PET Eng. Elétrica,PeterNetwork,1e:1d:49:86:2d:8e,-83,11
08/05/2026,07:09:59,30,PET Eng. Elétrica,IFPB,84:f1:47:54:95:e0,-84,11
08/05/2026,07:09:59,30,PET Eng. Elétrica,IFPB-VISITANTE,84:f1:47:54:95:e2,-85,11
08/05/2026,07:09:59,30,PET Eng. Elétrica,IFPB TCC,d8:5d:4c:86:7e:66,-86,1
08/05/2026,07:09:59,30,PET Eng. Elétrica,IFPB,e4:4e:2d:85:4c:60,-86,11
08/05/2026,07:09:59,30,PET Eng. Elétrica,IFPB-VISITANTE,e4:4e:2d:85:4c:62,-87,11
08/05/2026,07:09:59,30,PET Eng. Elétrica,SALA_MESTRADO,64:66:b3:62:eb:86,-89,1
08/05/2026,07:09:59,30,PET Eng. Elétrica,NPEF/NEPA,50:c7:bf:ef:56:8a,-89,3
08/05/2026,07:09:59,30,PET Eng. Elétrica,Lab Redes Convergentes,64:70:02:99:fe:f4,-89,6
08/05/2026,07:09:59,30,PET Eng. Elétrica,Kauan,5e:df:7d:dd:ee:05,-93,1
08/05/2026,07:09:59,30,PET Eng. Elétrica,A mesma de sempre,fe:64:3a:96:ea:fc,-93,5
08/05/2026,07:10:26,31,Coordenação de Eng. Elétrica,TP-Link_C3CB,d8:0d:17:3e:c3:cb,-50,4
08/05/2026,07:10:26,31,Coordenação de Eng. Elétrica,IFPB-Sala_Professor_14,48:51:cf:81:b0:9e,-60,2
08/05/2026,07:10:26,31,Coordenação de Eng. Elétrica,IFPB,84:f1:47:54:95:e0,-64,11
08/05/2026,07:10:26,31,Coordenação de Eng. Elétrica,IFPB-VISITANTE,84:f1:47:54:95:e2,-64,11
08/05/2026,07:10:26,31,Coordenação de Eng. Elétrica,NUNYA_Room_2.4GHz,cc:32:e5:0c:fc:2b,-67,9
08/05/2026,07:10:26,31,Coordenação de Eng. Elétrica,Lab. de Sinais Digitais,18:d6:c7:f9:37:2f,-70,11
08/05/2026,07:10:26,31,Coordenação de Eng. Elétrica,APTelefonia,58:10:8c:91:f3:aa,-73,1
08/05/2026,07:10:26,31,Coordenação de Eng. Elétrica,IFPB-Sala_Professor_14,24:fd:0d:57:19:26,-74,5
08/05/2026,07:10:26,31,Coordenação de Eng. Elétrica,PeterNetwork,1e:1d:49:86:2d:8e,-76,11
08/05/2026,07:10:26,31,Coordenação de Eng. Elétrica,IFPB-Sala_13,e8:94:f6:b9:2f:46,-78,6
08/05/2026,07:10:26,31,Coordenação de Eng. Elétrica,Intelbras,18:0d:2c:7f:eb:ac,-78,7
08/05/2026,07:10:26,31,Coordenação de Eng. Elétrica,IFPB,84:f1:47:54:f9:80,-78,11
08/05/2026,07:10:26,31,Coordenação de Eng. Elétrica,IFPB-VISITANTE,84:f1:47:54:f9:82,-78,11
08/05/2026,07:10:26,31,Coordenação de Eng. Elétrica,UA2-MiniLab,60:32:b1:2d:66:c3,-79,10
08/05/2026,07:10:26,31,Coordenação de Eng. Elétrica,SALA_MESTRADO,64:66:b3:62:eb:86,-80,1
08/05/2026,07:10:26,31,Coordenação de Eng. Elétrica,GPDS,00:26:5a:66:55:ef,-80,6
08/05/2026,07:10:26,31,Coordenação de Eng. Elétrica,IFPB TCC,d8:5d:4c:86:7e:66,-83,1
08/05/2026,07:10:26,31,Coordenação de Eng. Elétrica,NPEF/NEPA,50:c7:bf:ef:56:8a,-83,3
08/05/2026,07:10:26,31,Coordenação de Eng. Elétrica,IFPB,b8:11:4b:1d:14:80,-83,6
08/05/2026,07:10:26,31,Coordenação de Eng. Elétrica,IFPB-VISITANTE,b8:11:4b:1d:14:82,-83,6
08/05/2026,07:10:26,31,Coordenação de Eng. Elétrica,TP-Link_1324,7c:f1:7e:8d:13:22,-86,10
08/05/2026,07:10:26,31,Coordenação de Eng. Elétrica,Grel Wifi,00:27:19:ca:71:d2,-87,11
08/05/2026,07:10:26,31,Coordenação de Eng. Elétrica,IFPB,84:f1:47:54:fd:c0,-88,6
08/05/2026,07:10:26,31,Coordenação de Eng. Elétrica,IFPB-VISITANTE,84:f1:47:54:fd:c2,-89,6
08/05/2026,07:10:26,31,Coordenação de Eng. Elétrica,Kauan,5e:df:7d:dd:ee:05,-94,1
08/05/2026,07:10:36,32,Coordenação de Eng. Elétrica,TP-Link_C3CB,d8:0d:17:3e:c3:cb,-44,4
08/05/2026,07:10:36,32,Coordenação de Eng. Elétrica,IFPB-Sala_Professor_14,48:51:cf:81:b0:9e,-61,2
08/05/2026,07:10:36,32,Coordenação de Eng. Elétrica,IFPB-VISITANTE,84:f1:47:54:95:e2,-62,11
08/05/2026,07:10:36,32,Coordenação de Eng. Elétrica,IFPB,84:f1:47:54:95:e0,-63,11
08/05/2026,07:10:36,32,Coordenação de Eng. Elétrica,IFPB-Sala_Professor_14,24:fd:0d:57:19:26,-70,5
08/05/2026,07:10:36,32,Coordenação de Eng. Elétrica,NUNYA_Room_2.4GHz,cc:32:e5:0c:fc:2b,-70,9
08/05/2026,07:10:36,32,Coordenação de Eng. Elétrica,Lab. de Sinais Digitais,18:d6:c7:f9:37:2f,-70,11
08/05/2026,07:10:36,32,Coordenação de Eng. Elétrica,PeterNetwork,1e:1d:49:86:2d:8e,-74,11
08/05/2026,07:10:36,32,Coordenação de Eng. Elétrica,UA2-MiniLab,60:32:b1:2d:66:c3,-76,10
08/05/2026,07:10:36,32,Coordenação de Eng. Elétrica,APTelefonia,58:10:8c:91:f3:aa,-77,1
08/05/2026,07:10:36,32,Coordenação de Eng. Elétrica,IFPB-Sala_13,e8:94:f6:b9:2f:46,-78,6
08/05/2026,07:10:36,32,Coordenação de Eng. Elétrica,IFPB,84:f1:47:54:f9:80,-79,11
08/05/2026,07:10:36,32,Coordenação de Eng. Elétrica,IFPB-VISITANTE,84:f1:47:54:f9:82,-79,11
08/05/2026,07:10:36,32,Coordenação de Eng. Elétrica,Intelbras,18:0d:2c:7f:eb:ac,-80,7
08/05/2026,07:10:36,32,Coordenação de Eng. Elétrica,GPDS,00:26:5a:66:55:ef,-81,6
08/05/2026,07:10:36,32,Coordenação de Eng. Elétrica,NPEF/NEPA,50:c7:bf:ef:56:8a,-82,3
08/05/2026,07:10:36,32,Coordenação de Eng. Elétrica,IFPB,b8:11:4b:1d:14:80,-83,6
08/05/2026,07:10:36,32,Coordenação de Eng. Elétrica,IFPB-VISITANTE,b8:11:4b:1d:14:82,-84,6
08/05/2026,07:10:36,32,Coordenação de Eng. Elétrica,IFPB TCC,d8:5d:4c:86:7e:66,-85,1
08/05/2026,07:10:36,32,Coordenação de Eng. Elétrica,Grel Wifi,00:27:19:ca:71:d2,-85,11
08/05/2026,07:10:36,32,Coordenação de Eng. Elétrica,IFPB,84:f1:47:54:fd:c0,-86,6
08/05/2026,07:10:36,32,Coordenação de Eng. Elétrica,TP-Link_1324,7c:f1:7e:8d:13:22,-87,10
08/05/2026,07:10:36,32,Coordenação de Eng. Elétrica,IFPB-VISITANTE,84:f1:47:54:fd:c2,-88,6
08/05/2026,07:10:36,32,Coordenação de Eng. Elétrica,SALA_MESTRADO,64:66:b3:62:eb:86,-90,1
08/05/2026,07:10:36,32,Coordenação de Eng. Elétrica,IFPB,24:36:da:2b:5e:c0,-90,1
08/05/2026,07:10:36,32,Coordenação de Eng. Elétrica,IFPB-VISITANTE,24:36:da:2b:5e:c2,-90,1
08/05/2026,07:10:36,32,Coordenação de Eng. Elétrica,IFPB-VISITANTE,84:f1:47:54:eb:22,-91,6
08/05/2026,07:10:37,32,Coordenação de Eng. Elétrica,IFPB-VISITANTE,84:f1:47:54:7f:22,-91,11
08/05/2026,07:10:37,32,Coordenação de Eng. Elétrica,A mesma de sempre,fe:64:3a:96:ea:fc,-93,5
08/05/2026,07:10:46,33,Coordenação de Eng. Elétrica,TP-Link_C3CB,d8:0d:17:3e:c3:cb,-46,4
08/05/2026,07:10:46,33,Coordenação de Eng. Elétrica,IFPB,84:f1:47:54:95:e0,-65,11
08/05/2026,07:10:46,33,Coordenação de Eng. Elétrica,IFPB-VISITANTE,84:f1:47:54:95:e2,-66,11
08/05/2026,07:10:46,33,Coordenação de Eng. Elétrica,IFPB-Sala_Professor_14,48:51:cf:81:b0:9e,-69,2
08/05/2026,07:10:46,33,Coordenação de Eng. Elétrica,NUNYA_Room_2.4GHz,cc:32:e5:0c:fc:2b,-69,9
08/05/2026,07:10:46,33,Coordenação de Eng. Elétrica,Lab. de Sinais Digitais,18:d6:c7:f9:37:2f,-69,11
08/05/2026,07:10:46,33,Coordenação de Eng. Elétrica,IFPB-Sala_Professor_14,24:fd:0d:57:19:26,-70,5
08/05/2026,07:10:46,33,Coordenação de Eng. Elétrica,PeterNetwork,1e:1d:49:86:2d:8e,-74,11
08/05/2026,07:10:46,33,Coordenação de Eng. Elétrica,UA2-MiniLab,60:32:b1:2d:66:c3,-75,10
08/05/2026,07:10:46,33,Coordenação de Eng. Elétrica,APTelefonia,58:10:8c:91:f3:aa,-77,1
08/05/2026,07:10:46,33,Coordenação de Eng. Elétrica,IFPB-Sala_13,e8:94:f6:b9:2f:46,-78,6
08/05/2026,07:10:46,33,Coordenação de Eng. Elétrica,IFPB,84:f1:47:54:f9:80,-78,11
08/05/2026,07:10:46,33,Coordenação de Eng. Elétrica,IFPB-VISITANTE,84:f1:47:54:f9:82,-78,11
08/05/2026,07:10:46,33,Coordenação de Eng. Elétrica,GPDS,00:26:5a:66:55:ef,-81,6
08/05/2026,07:10:46,33,Coordenação de Eng. Elétrica,Intelbras,18:0d:2c:7f:eb:ac,-82,7
08/05/2026,07:10:46,33,Coordenação de Eng. Elétrica,NPEF/NEPA,50:c7:bf:ef:56:8a,-83,3
08/05/2026,07:10:47,33,Coordenação de Eng. Elétrica,IFPB-VISITANTE,b8:11:4b:1d:14:82,-84,6
08/05/2026,07:10:47,33,Coordenação de Eng. Elétrica,IFPB,b8:11:4b:1d:14:80,-85,6
08/05/2026,07:10:47,33,Coordenação de Eng. Elétrica,IFPB TCC,d8:5d:4c:86:7e:66,-86,1
08/05/2026,07:10:47,33,Coordenação de Eng. Elétrica,IFPB-VISITANTE,84:f1:47:54:fd:c2,-86,6
08/05/2026,07:10:47,33,Coordenação de Eng. Elétrica,Grel Wifi,00:27:19:ca:71:d2,-86,11
08/05/2026,07:10:47,33,Coordenação de Eng. Elétrica,IFPB,84:f1:47:54:fd:c0,-87,6
08/05/2026,07:10:47,33,Coordenação de Eng. Elétrica,SALA_MESTRADO,64:66:b3:62:eb:86,-89,1
08/05/2026,07:10:47,33,Coordenação de Eng. Elétrica,TP-Link_1324,7c:f1:7e:8d:13:22,-89,10
08/05/2026,07:10:47,33,Coordenação de Eng. Elétrica,IFPB-VISITANTE,84:f1:47:54:7f:22,-92,11
08/05/2026,07:10:56,34,Coordenação de Eng. Elétrica,TP-Link_C3CB,d8:0d:17:3e:c3:cb,-44,4
08/05/2026,07:10:56,34,Coordenação de Eng. Elétrica,IFPB,84:f1:47:54:95:e0,-66,11
08/05/2026,07:10:56,34,Coordenação de Eng. Elétrica,IFPB-VISITANTE,84:f1:47:54:95:e2,-66,11
08/05/2026,07:10:56,34,Coordenação de Eng. Elétrica,IFPB-Sala_Professor_14,48:51:cf:81:b0:9e,-67,2
08/05/2026,07:10:56,34,Coordenação de Eng. Elétrica,Lab. de Sinais Digitais,18:d6:c7:f9:37:2f,-68,11
08/05/2026,07:10:56,34,Coordenação de Eng. Elétrica,IFPB-Sala_Professor_14,24:fd:0d:57:19:26,-71,5
08/05/2026,07:10:56,34,Coordenação de Eng. Elétrica,NUNYA_Room_2.4GHz,cc:32:e5:0c:fc:2b,-71,9
08/05/2026,07:10:56,34,Coordenação de Eng. Elétrica,PeterNetwork,1e:1d:49:86:2d:8e,-72,11
08/05/2026,07:10:56,34,Coordenação de Eng. Elétrica,GPDS,00:26:5a:66:55:ef,-75,6
08/05/2026,07:10:56,34,Coordenação de Eng. Elétrica,APTelefonia,58:10:8c:91:f3:aa,-76,1
08/05/2026,07:10:57,34,Coordenação de Eng. Elétrica,UA2-MiniLab,60:32:b1:2d:66:c3,-78,10
08/05/2026,07:10:57,34,Coordenação de Eng. Elétrica,IFPB-Sala_13,e8:94:f6:b9:2f:46,-79,6
08/05/2026,07:10:57,34,Coordenação de Eng. Elétrica,IFPB,84:f1:47:54:f9:80,-79,11
08/05/2026,07:10:57,34,Coordenação de Eng. Elétrica,IFPB-VISITANTE,84:f1:47:54:f9:82,-79,11
08/05/2026,07:10:57,34,Coordenação de Eng. Elétrica,Intelbras,18:0d:2c:7f:eb:ac,-80,7
08/05/2026,07:10:57,34,Coordenação de Eng. Elétrica,IFPB,b8:11:4b:1d:14:80,-82,6
08/05/2026,07:10:57,34,Coordenação de Eng. Elétrica,NPEF/NEPA,50:c7:bf:ef:56:8a,-83,3
08/05/2026,07:10:57,34,Coordenação de Eng. Elétrica,IFPB-VISITANTE,b8:11:4b:1d:14:82,-83,6
08/05/2026,07:10:57,34,Coordenação de Eng. Elétrica,IFPB TCC,d8:5d:4c:86:7e:66,-85,1
08/05/2026,07:10:57,34,Coordenação de Eng. Elétrica,SALA_MESTRADO,64:66:b3:62:eb:86,-86,1
08/05/2026,07:10:57,34,Coordenação de Eng. Elétrica,Grel Wifi,00:27:19:ca:71:d2,-86,11
08/05/2026,07:10:57,34,Coordenação de Eng. Elétrica,IFPB,84:f1:47:54:fd:c0,-87,6
08/05/2026,07:10:57,34,Coordenação de Eng. Elétrica,IFPB-VISITANTE,84:f1:47:54:fd:c2,-88,6
08/05/2026,07:10:57,34,Coordenação de Eng. Elétrica,TP-Link_1324,7c:f1:7e:8d:13:22,-89,10
08/05/2026,07:10:57,34,Coordenação de Eng. Elétrica,IFPB-VISITANTE,24:36:da:2b:5e:c2,-91,1
08/05/2026,07:10:57,34,Coordenação de Eng. Elétrica,IFPB,24:36:da:2b:5e:c0,-91,1
08/05/2026,07:11:06,35,Coordenação de Eng. Elétrica,TP-Link_C3CB,d8:0d:17:3e:c3:cb,-44,4
08/05/2026,07:11:06,35,Coordenação de Eng. Elétrica,IFPB-Sala_Professor_14,48:51:cf:81:b0:9e,-59,2
08/05/2026,07:11:06,35,Coordenação de Eng. Elétrica,IFPB,84:f1:47:54:95:e0,-64,11
08/05/2026,07:11:06,35,Coordenação de Eng. Elétrica,IFPB-VISITANTE,84:f1:47:54:95:e2,-64,11
08/05/2026,07:11:06,35,Coordenação de Eng. Elétrica,Lab. de Sinais Digitais,18:d6:c7:f9:37:2f,-67,11
08/05/2026,07:11:07,35,Coordenação de Eng. Elétrica,NUNYA_Room_2.4GHz,cc:32:e5:0c:fc:2b,-68,9
08/05/2026,07:11:07,35,Coordenação de Eng. Elétrica,IFPB-Sala_Professor_14,24:fd:0d:57:19:26,-70,5
08/05/2026,07:11:07,35,Coordenação de Eng. Elétrica,UA2-MiniLab,60:32:b1:2d:66:c3,-72,10
08/05/2026,07:11:07,35,Coordenação de Eng. Elétrica,PeterNetwork,1e:1d:49:86:2d:8e,-74,11
08/05/2026,07:11:07,35,Coordenação de Eng. Elétrica,APTelefonia,58:10:8c:91:f3:aa,-75,1
08/05/2026,07:11:07,35,Coordenação de Eng. Elétrica,IFPB-Sala_13,e8:94:f6:b9:2f:46,-77,6
08/05/2026,07:11:07,35,Coordenação de Eng. Elétrica,GPDS,00:26:5a:66:55:ef,-78,6
08/05/2026,07:11:07,35,Coordenação de Eng. Elétrica,Intelbras,18:0d:2c:7f:eb:ac,-79,7
08/05/2026,07:11:07,35,Coordenação de Eng. Elétrica,IFPB,b8:11:4b:1d:14:80,-83,6
08/05/2026,07:11:07,35,Coordenação de Eng. Elétrica,NPEF/NEPA,50:c7:bf:ef:56:8a,-84,3
08/05/2026,07:11:07,35,Coordenação de Eng. Elétrica,IFPB-VISITANTE,b8:11:4b:1d:14:82,-84,6
08/05/2026,07:11:07,35,Coordenação de Eng. Elétrica,IFPB,84:f1:47:54:f9:80,-84,11
08/05/2026,07:11:07,35,Coordenação de Eng. Elétrica,IFPB-VISITANTE,84:f1:47:54:f9:82,-84,11
08/05/2026,07:11:07,35,Coordenação de Eng. Elétrica,TP-Link_1324,7c:f1:7e:8d:13:22,-85,10
08/05/2026,07:11:07,35,Coordenação de Eng. Elétrica,IFPB TCC,d8:5d:4c:86:7e:66,-86,1
08/05/2026,07:11:07,35,Coordenação de Eng. Elétrica,IFPB-VISITANTE,84:f1:47:54:fd:c2,-86,6
08/05/2026,07:11:07,35,Coordenação de Eng. Elétrica,IFPB,84:f1:47:54:fd:c0,-86,6
08/05/2026,07:11:07,35,Coordenação de Eng. Elétrica,IFPB-VISITANTE,24:36:da:2b:5e:c2,-88,1
08/05/2026,07:11:07,35,Coordenação de Eng. Elétrica,Grel Wifi,00:27:19:ca:71:d2,-88,11
08/05/2026,07:11:07,35,Coordenação de Eng. Elétrica,SALA_MESTRADO,64:66:b3:62:eb:86,-89,1
08/05/2026,07:11:07,35,Coordenação de Eng. Elétrica,IFPB,24:36:da:2b:5e:c0,-90,1
08/05/2026,07:11:07,35,Coordenação de Eng. Elétrica,IFPB-VISITANTE,84:f1:47:54:7f:22,-91,11
08/05/2026,07:11:07,35,Coordenação de Eng. Elétrica,IFPB,84:f1:47:54:7f:20,-92,11
08/05/2026,07:11:07,35,Coordenação de Eng. Elétrica,A mesma de sempre,fe:64:3a:96:ea:fc,-93,5
08/05/2026,07:11:17,36,Coordenação de Eng. Elétrica,TP-Link_C3CB,d8:0d:17:3e:c3:cb,-44,4
08/05/2026,07:11:17,36,Coordenação de Eng. Elétrica,IFPB-Sala_Professor_14,48:51:cf:81:b0:9e,-60,2
08/05/2026,07:11:17,36,Coordenação de Eng. Elétrica,IFPB,84:f1:47:54:95:e0,-66,11
08/05/2026,07:11:17,36,Coordenação de Eng. Elétrica,IFPB-VISITANTE,84:f1:47:54:95:e2,-66,11
08/05/2026,07:11:17,36,Coordenação de Eng. Elétrica,Lab. de Sinais Digitais,18:d6:c7:f9:37:2f,-68,11
08/05/2026,07:11:17,36,Coordenação de Eng. Elétrica,IFPB-Sala_Professor_14,24:fd:0d:57:19:26,-72,5
08/05/2026,07:11:17,36,Coordenação de Eng. Elétrica,NUNYA_Room_2.4GHz,cc:32:e5:0c:fc:2b,-72,9
08/05/2026,07:11:17,36,Coordenação de Eng. Elétrica,GPDS,00:26:5a:66:55:ef,-74,6
08/05/2026,07:11:17,36,Coordenação de Eng. Elétrica,UA2-MiniLab,60:32:b1:2d:66:c3,-74,10
08/05/2026,07:11:17,36,Coordenação de Eng. Elétrica,APTelefonia,58:10:8c:91:f3:aa,-76,1
08/05/2026,07:11:17,36,Coordenação de Eng. Elétrica,IFPB-Sala_13,e8:94:f6:b9:2f:46,-77,6
08/05/2026,07:11:17,36,Coordenação de Eng. Elétrica,PeterNetwork,1e:1d:49:86:2d:8e,-77,11
08/05/2026,07:11:17,36,Coordenação de Eng. Elétrica,Intelbras,18:0d:2c:7f:eb:ac,-79,7
08/05/2026,07:11:17,36,Coordenação de Eng. Elétrica,IFPB-VISITANTE,84:f1:47:54:f9:82,-79,11
08/05/2026,07:11:17,36,Coordenação de Eng. Elétrica,IFPB,84:f1:47:54:f9:80,-80,11
08/05/2026,07:11:17,36,Coordenação de Eng. Elétrica,IFPB-VISITANTE,b8:11:4b:1d:14:82,-82,6
08/05/2026,07:11:17,36,Coordenação de Eng. Elétrica,IFPB,b8:11:4b:1d:14:80,-83,6
08/05/2026,07:11:17,36,Coordenação de Eng. Elétrica,TP-Link_1324,7c:f1:7e:8d:13:22,-84,10
08/05/2026,07:11:17,36,Coordenação de Eng. Elétrica,Grel Wifi,00:27:19:ca:71:d2,-85,11
08/05/2026,07:11:17,36,Coordenação de Eng. Elétrica,IFPB TCC,d8:5d:4c:86:7e:66,-86,1
08/05/2026,07:11:17,36,Coordenação de Eng. Elétrica,NPEF/NEPA,50:c7:bf:ef:56:8a,-86,3
08/05/2026,07:11:17,36,Coordenação de Eng. Elétrica,IFPB,84:f1:47:54:fd:c0,-86,6
08/05/2026,07:11:17,36,Coordenação de Eng. Elétrica,IFPB-VISITANTE,84:f1:47:54:fd:c2,-86,6
08/05/2026,07:11:17,36,Coordenação de Eng. Elétrica,SALA_MESTRADO,64:66:b3:62:eb:86,-87,1
08/05/2026,07:11:17,36,Coordenação de Eng. Elétrica,IFPB-VISITANTE,24:36:da:2b:5e:c2,-88,1
08/05/2026,07:11:17,36,Coordenação de Eng. Elétrica,IFPB,24:36:da:2b:5e:c0,-90,1
08/05/2026,07:11:17,36,Coordenação de Eng. Elétrica,IFPB,84:f1:47:54:7f:20,-90,11
08/05/2026,07:11:17,36,Coordenação de Eng. Elétrica,IFPB-VISITANTE,84:f1:47:54:7f:22,-91,11
08/05/2026,07:11:17,36,Coordenação de Eng. Elétrica,A mesma de sempre,fe:64:3a:96:ea:fc,-93,5
08/05/2026,07:11:27,37,Coordenação de Eng. Elétrica,TP-Link_C3CB,d8:0d:17:3e:c3:cb,-44,4
08/05/2026,07:11:27,37,Coordenação de Eng. Elétrica,IFPB-Sala_Professor_14,48:51:cf:81:b0:9e,-61,2
08/05/2026,07:11:27,37,Coordenação de Eng. Elétrica,IFPB,84:f1:47:54:95:e0,-64,11
08/05/2026,07:11:27,37,Coordenação de Eng. Elétrica,IFPB-VISITANTE,84:f1:47:54:95:e2,-64,11
08/05/2026,07:11:27,37,Coordenação de Eng. Elétrica,Lab. de Sinais Digitais,18:d6:c7:f9:37:2f,-68,11
08/05/2026,07:11:27,37,Coordenação de Eng. Elétrica,NUNYA_Room_2.4GHz,cc:32:e5:0c:fc:2b,-69,9
08/05/2026,07:11:27,37,Coordenação de Eng. Elétrica,IFPB-Sala_Professor_14,24:fd:0d:57:19:26,-71,5
08/05/2026,07:11:27,37,Coordenação de Eng. Elétrica,UA2-MiniLab,60:32:b1:2d:66:c3,-72,10
08/05/2026,07:11:27,37,Coordenação de Eng. Elétrica,GPDS,00:26:5a:66:55:ef,-74,6
08/05/2026,07:11:27,37,Coordenação de Eng. Elétrica,PeterNetwork,1e:1d:49:86:2d:8e,-75,11
08/05/2026,07:11:27,37,Coordenação de Eng. Elétrica,APTelefonia,58:10:8c:91:f3:aa,-76,1
08/05/2026,07:11:27,37,Coordenação de Eng. Elétrica,IFPB,84:f1:47:54:f9:80,-77,11
08/05/2026,07:11:27,37,Coordenação de Eng. Elétrica,IFPB-Sala_13,e8:94:f6:b9:2f:46,-78,6
08/05/2026,07:11:27,37,Coordenação de Eng. Elétrica,Intelbras,18:0d:2c:7f:eb:ac,-78,7
08/05/2026,07:11:27,37,Coordenação de Eng. Elétrica,IFPB-VISITANTE,84:f1:47:54:f9:82,-78,11
08/05/2026,07:11:27,37,Coordenação de Eng. Elétrica,IFPB-VISITANTE,b8:11:4b:1d:14:82,-83,6
08/05/2026,07:11:27,37,Coordenação de Eng. Elétrica,IFPB,b8:11:4b:1d:14:80,-83,6
08/05/2026,07:11:27,37,Coordenação de Eng. Elétrica,TP-Link_1324,7c:f1:7e:8d:13:22,-84,10
08/05/2026,07:11:27,37,Coordenação de Eng. Elétrica,SALA_MESTRADO,64:66:b3:62:eb:86,-85,1
08/05/2026,07:11:27,37,Coordenação de Eng. Elétrica,NPEF/NEPA,50:c7:bf:ef:56:8a,-85,3
08/05/2026,07:11:27,37,Coordenação de Eng. Elétrica,IFPB TCC,d8:5d:4c:86:7e:66,-86,1
08/05/2026,07:11:27,37,Coordenação de Eng. Elétrica,IFPB,84:f1:47:54:fd:c0,-86,6
08/05/2026,07:11:27,37,Coordenação de Eng. Elétrica,IFPB-VISITANTE,84:f1:47:54:fd:c2,-87,6
08/05/2026,07:11:27,37,Coordenação de Eng. Elétrica,Grel Wifi,00:27:19:ca:71:d2,-87,11
08/05/2026,07:11:27,37,Coordenação de Eng. Elétrica,IFPB,24:36:da:2b:5e:c0,-90,1
08/05/2026,07:11:27,37,Coordenação de Eng. Elétrica,A mesma de sempre,fe:64:3a:96:ea:fc,-91,5
08/05/2026,07:11:27,37,Coordenação de Eng. Elétrica,IFPB-VISITANTE,84:f1:47:54:7f:22,-92,11
08/05/2026,07:11:37,38,Coordenação de Eng. Elétrica,TP-Link_C3CB,d8:0d:17:3e:c3:cb,-45,4
08/05/2026,07:11:37,38,Coordenação de Eng. Elétrica,IFPB-Sala_Professor_14,48:51:cf:81:b0:9e,-60,2
08/05/2026,07:11:37,38,Coordenação de Eng. Elétrica,IFPB-VISITANTE,84:f1:47:54:95:e2,-64,11
08/05/2026,07:11:37,38,Coordenação de Eng. Elétrica,IFPB,84:f1:47:54:95:e0,-66,11
08/05/2026,07:11:37,38,Coordenação de Eng. Elétrica,Lab. de Sinais Digitais,18:d6:c7:f9:37:2f,-67,11
08/05/2026,07:11:37,38,Coordenação de Eng. Elétrica,NUNYA_Room_2.4GHz,cc:32:e5:0c:fc:2b,-68,9
08/05/2026,07:11:37,38,Coordenação de Eng. Elétrica,PeterNetwork,1e:1d:49:86:2d:8e,-70,11
08/05/2026,07:11:37,38,Coordenação de Eng. Elétrica,IFPB-Sala_Professor_14,24:fd:0d:57:19:26,-71,5
08/05/2026,07:11:37,38,Coordenação de Eng. Elétrica,GPDS,00:26:5a:66:55:ef,-72,6
08/05/2026,07:11:37,38,Coordenação de Eng. Elétrica,UA2-MiniLab,60:32:b1:2d:66:c3,-74,10
08/05/2026,07:11:37,38,Coordenação de Eng. Elétrica,APTelefonia,58:10:8c:91:f3:aa,-77,1
08/05/2026,07:11:37,38,Coordenação de Eng. Elétrica,IFPB-VISITANTE,84:f1:47:54:f9:82,-77,11
08/05/2026,07:11:37,38,Coordenação de Eng. Elétrica,Intelbras,18:0d:2c:7f:eb:ac,-78,7
08/05/2026,07:11:37,38,Coordenação de Eng. Elétrica,IFPB,84:f1:47:54:f9:80,-78,11
08/05/2026,07:11:37,38,Coordenação de Eng. Elétrica,IFPB-Sala_13,e8:94:f6:b9:2f:46,-79,6
08/05/2026,07:11:37,38,Coordenação de Eng. Elétrica,IFPB,b8:11:4b:1d:14:80,-83,6
08/05/2026,07:11:37,38,Coordenação de Eng. Elétrica,IFPB-VISITANTE,b8:11:4b:1d:14:82,-83,6
08/05/2026,07:11:37,38,Coordenação de Eng. Elétrica,Grel Wifi,00:27:19:ca:71:d2,-85,11
08/05/2026,07:11:37,38,Coordenação de Eng. Elétrica,IFPB TCC,d8:5d:4c:86:7e:66,-86,1
08/05/2026,07:11:37,38,Coordenação de Eng. Elétrica,IFPB-VISITANTE,84:f1:47:54:fd:c2,-86,6
08/05/2026,07:11:37,38,Coordenação de Eng. Elétrica,TP-Link_1324,7c:f1:7e:8d:13:22,-86,10
08/05/2026,07:11:38,38,Coordenação de Eng. Elétrica,SALA_MESTRADO,64:66:b3:62:eb:86,-87,1
08/05/2026,07:11:38,38,Coordenação de Eng. Elétrica,IFPB,84:f1:47:54:fd:c0,-87,6
08/05/2026,07:11:38,38,Coordenação de Eng. Elétrica,IFPB,24:36:da:2b:5e:c0,-89,1
08/05/2026,07:11:38,38,Coordenação de Eng. Elétrica,IFPB-VISITANTE,24:36:da:2b:5e:c2,-90,1
08/05/2026,07:11:38,38,Coordenação de Eng. Elétrica,NPEF/NEPA,50:c7:bf:ef:56:8a,-90,3
08/05/2026,07:11:38,38,Coordenação de Eng. Elétrica,A mesma de sempre,fe:64:3a:96:ea:fc,-92,5
08/05/2026,07:11:47,39,Coordenação de Eng. Elétrica,TP-Link_C3CB,d8:0d:17:3e:c3:cb,-43,4
08/05/2026,07:11:47,39,Coordenação de Eng. Elétrica,IFPB-VISITANTE,84:f1:47:54:95:e2,-66,11
08/05/2026,07:11:47,39,Coordenação de Eng. Elétrica,IFPB-Sala_Professor_14,48:51:cf:81:b0:9e,-67,2
08/05/2026,07:11:47,39,Coordenação de Eng. Elétrica,IFPB,84:f1:47:54:95:e0,-67,11
08/05/2026,07:11:47,39,Coordenação de Eng. Elétrica,IFPB-Sala_Professor_14,24:fd:0d:57:19:26,-69,5
08/05/2026,07:11:47,39,Coordenação de Eng. Elétrica,NUNYA_Room_2.4GHz,cc:32:e5:0c:fc:2b,-70,9
08/05/2026,07:11:47,39,Coordenação de Eng. Elétrica,Lab. de Sinais Digitais,18:d6:c7:f9:37:2f,-70,11
08/05/2026,07:11:47,39,Coordenação de Eng. Elétrica,PeterNetwork,1e:1d:49:86:2d:8e,-71,11
08/05/2026,07:11:47,39,Coordenação de Eng. Elétrica,GPDS,00:26:5a:66:55:ef,-75,6
08/05/2026,07:11:47,39,Coordenação de Eng. Elétrica,APTelefonia,58:10:8c:91:f3:aa,-78,1
08/05/2026,07:11:47,39,Coordenação de Eng. Elétrica,Intelbras,18:0d:2c:7f:eb:ac,-78,7
08/05/2026,07:11:47,39,Coordenação de Eng. Elétrica,UA2-MiniLab,60:32:b1:2d:66:c3,-78,10
08/05/2026,07:11:47,39,Coordenação de Eng. Elétrica,IFPB-Sala_13,e8:94:f6:b9:2f:46,-79,6
08/05/2026,07:11:47,39,Coordenação de Eng. Elétrica,IFPB,84:f1:47:54:f9:80,-79,11
08/05/2026,07:11:47,39,Coordenação de Eng. Elétrica,IFPB-VISITANTE,84:f1:47:54:f9:82,-79,11
08/05/2026,07:11:47,39,Coordenação de Eng. Elétrica,Grel Wifi,00:27:19:ca:71:d2,-84,11
08/05/2026,07:11:48,39,Coordenação de Eng. Elétrica,SALA_MESTRADO,64:66:b3:62:eb:86,-85,1
08/05/2026,07:11:48,39,Coordenação de Eng. Elétrica,IFPB-VISITANTE,b8:11:4b:1d:14:82,-87,6
08/05/2026,07:11:48,39,Coordenação de Eng. Elétrica,IFPB,24:36:da:2b:5e:c0,-88,1
08/05/2026,07:11:48,39,Coordenação de Eng. Elétrica,NPEF/NEPA,50:c7:bf:ef:56:8a,-88,3
08/05/2026,07:11:48,39,Coordenação de Eng. Elétrica,IFPB,b8:11:4b:1d:14:80,-88,6
08/05/2026,07:11:48,39,Coordenação de Eng. Elétrica,TP-Link_1324,7c:f1:7e:8d:13:22,-88,10
08/05/2026,07:11:48,39,Coordenação de Eng. Elétrica,IFPB TCC,d8:5d:4c:86:7e:66,-89,1
08/05/2026,07:11:48,39,Coordenação de Eng. Elétrica,IFPB-VISITANTE,24:36:da:2b:5e:c2,-91,1
08/05/2026,07:11:57,40,Coordenação de Eng. Elétrica,TP-Link_C3CB,d8:0d:17:3e:c3:cb,-46,4
08/05/2026,07:11:57,40,Coordenação de Eng. Elétrica,IFPB-Sala_Professor_14,48:51:cf:81:b0:9e,-59,2
08/05/2026,07:11:57,40,Coordenação de Eng. Elétrica,IFPB,84:f1:47:54:95:e0,-63,11
08/05/2026,07:11:57,40,Coordenação de Eng. Elétrica,IFPB-VISITANTE,84:f1:47:54:95:e2,-63,11
08/05/2026,07:11:57,40,Coordenação de Eng. Elétrica,NUNYA_Room_2.4GHz,cc:32:e5:0c:fc:2b,-70,9
08/05/2026,07:11:57,40,Coordenação de Eng. Elétrica,UA2-MiniLab,60:32:b1:2d:66:c3,-70,10
08/05/2026,07:11:57,40,Coordenação de Eng. Elétrica,Lab. de Sinais Digitais,18:d6:c7:f9:37:2f,-70,11
08/05/2026,07:11:57,40,Coordenação de Eng. Elétrica,GPDS,00:26:5a:66:55:ef,-72,6
08/05/2026,07:11:57,40,Coordenação de Eng. Elétrica,IFPB-Sala_Professor_14,24:fd:0d:57:19:26,-74,5
08/05/2026,07:11:57,40,Coordenação de Eng. Elétrica,APTelefonia,58:10:8c:91:f3:aa,-75,1
08/05/2026,07:11:58,40,Coordenação de Eng. Elétrica,PeterNetwork,1e:1d:49:86:2d:8e,-76,11
08/05/2026,07:11:58,40,Coordenação de Eng. Elétrica,IFPB-Sala_13,e8:94:f6:b9:2f:46,-78,6
08/05/2026,07:11:58,40,Coordenação de Eng. Elétrica,Intelbras,18:0d:2c:7f:eb:ac,-79,7
08/05/2026,07:11:58,40,Coordenação de Eng. Elétrica,IFPB,84:f1:47:54:f9:80,-79,11
08/05/2026,07:11:58,40,Coordenação de Eng. Elétrica,IFPB-VISITANTE,84:f1:47:54:f9:82,-80,11
08/05/2026,07:11:58,40,Coordenação de Eng. Elétrica,IFPB,b8:11:4b:1d:14:80,-83,6
08/05/2026,07:11:58,40,Coordenação de Eng. Elétrica,IFPB-VISITANTE,b8:11:4b:1d:14:82,-83,6
08/05/2026,07:11:58,40,Coordenação de Eng. Elétrica,IFPB,84:f1:47:54:fd:c0,-84,6
08/05/2026,07:11:58,40,Coordenação de Eng. Elétrica,IFPB-VISITANTE,84:f1:47:54:fd:c2,-85,6
08/05/2026,07:11:58,40,Coordenação de Eng. Elétrica,IFPB TCC,d8:5d:4c:86:7e:66,-86,1
08/05/2026,07:11:58,40,Coordenação de Eng. Elétrica,NPEF/NEPA,50:c7:bf:ef:56:8a,-86,3
08/05/2026,07:11:58,40,Coordenação de Eng. Elétrica,TP-Link_1324,7c:f1:7e:8d:13:22,-86,10
08/05/2026,07:11:58,40,Coordenação de Eng. Elétrica,Grel Wifi,00:27:19:ca:71:d2,-86,11
08/05/2026,07:11:58,40,Coordenação de Eng. Elétrica,SALA_MESTRADO,64:66:b3:62:eb:86,-89,1
08/05/2026,07:11:58,40,Coordenação de Eng. Elétrica,IFPB-VISITANTE,24:36:da:2b:5e:c2,-89,1
08/05/2026,07:11:58,40,Coordenação de Eng. Elétrica,IFPB,24:36:da:2b:5e:c0,-89,1
08/05/2026,07:11:58,40,Coordenação de Eng. Elétrica,Kauan,5e:df:7d:dd:ee:05,-94,1
08/05/2026,07:11:58,40,Coordenação de Eng. Elétrica,A mesma de sempre,fe:64:3a:96:ea:fc,-94,5
08/05/2026,07:12:51,41,Auditório de Eng. Elétrica,Lab. de Sinais Digitais,18:d6:c7:f9:37:2f,-61,11
08/05/2026,07:12:51,41,Auditório de Eng. Elétrica,TP-Link_1324,7c:f1:7e:8d:13:22,-62,10
08/05/2026,07:12:51,41,Auditório de Eng. Elétrica,GPDS,00:26:5a:66:55:ef,-66,6
08/05/2026,07:12:51,41,Auditório de Eng. Elétrica,APTelefonia,58:10:8c:91:f3:aa,-70,1
08/05/2026,07:12:51,41,Auditório de Eng. Elétrica,SALA_MESTRADO,64:66:b3:62:eb:86,-71,1
08/05/2026,07:12:51,41,Auditório de Eng. Elétrica,IFPB,84:f1:47:54:f9:80,-72,11
08/05/2026,07:12:51,41,Auditório de Eng. Elétrica,PeterNetwork,1e:1d:49:86:2d:8e,-73,11
08/05/2026,07:12:51,41,Auditório de Eng. Elétrica,IFPB-VISITANTE,84:f1:47:54:f9:82,-74,11
08/05/2026,07:12:51,41,Auditório de Eng. Elétrica,IFPB-VISITANTE,84:f1:47:54:8b:a2,-78,1
08/05/2026,07:12:51,41,Auditório de Eng. Elétrica,IFPB,84:f1:47:54:8b:a0,-78,1
08/05/2026,07:12:51,41,Auditório de Eng. Elétrica,IFPB,84:f1:47:54:96:e0,-80,1
08/05/2026,07:12:51,41,Auditório de Eng. Elétrica,IFPB-VISITANTE,84:f1:47:54:96:e2,-80,1
08/05/2026,07:12:51,41,Auditório de Eng. Elétrica,NPEF/NEPA,50:c7:bf:ef:56:8a,-80,3
08/05/2026,07:12:51,41,Auditório de Eng. Elétrica,Intelbras,18:0d:2c:7f:eb:ac,-81,7
08/05/2026,07:12:51,41,Auditório de Eng. Elétrica,IFPB,24:36:da:2b:5e:c0,-82,1
08/05/2026,07:12:51,41,Auditório de Eng. Elétrica,TP-Link_C3CB,d8:0d:17:3e:c3:cb,-83,4
08/05/2026,07:12:51,41,Auditório de Eng. Elétrica,UA2-MiniLab,60:32:b1:2d:66:c3,-83,10
08/05/2026,07:12:51,41,Auditório de Eng. Elétrica,IFPB-VISITANTE,24:36:da:2b:5e:c2,-84,1
08/05/2026,07:12:51,41,Auditório de Eng. Elétrica,IFPB-Sala_Professor_14,24:fd:0d:57:19:26,-84,5
08/05/2026,07:12:51,41,Auditório de Eng. Elétrica,IFPB,84:f1:47:54:6b:80,-85,6
08/05/2026,07:12:51,41,Auditório de Eng. Elétrica,IFPB-VISITANTE,84:f1:47:54:6b:82,-85,6
08/05/2026,07:12:51,41,Auditório de Eng. Elétrica,IFPB-Sala_Professor_14,48:51:cf:81:b0:9e,-87,2
08/05/2026,07:12:51,41,Auditório de Eng. Elétrica,Kauan,5e:df:7d:dd:ee:05,-88,1
08/05/2026,07:12:51,41,Auditório de Eng. Elétrica,NUNYA_Room_2.4GHz,cc:32:e5:0c:fc:2b,-91,9
08/05/2026,07:12:51,41,Auditório de Eng. Elétrica,IFPB-Sala_13,e8:94:f6:b9:2f:46,-92,6
08/05/2026,07:13:01,42,Auditório de Eng. Elétrica,Lab. de Sinais Digitais,18:d6:c7:f9:37:2f,-54,11
08/05/2026,07:13:01,42,Auditório de Eng. Elétrica,TP-Link_1324,7c:f1:7e:8d:13:22,-59,10
08/05/2026,07:13:01,42,Auditório de Eng. Elétrica,Kauan,5e:df:7d:dd:ee:05,-66,1
08/05/2026,07:13:01,42,Auditório de Eng. Elétrica,PeterNetwork,1e:1d:49:86:2d:8e,-68,11
08/05/2026,07:13:01,42,Auditório de Eng. Elétrica,NPEF/NEPA,50:c7:bf:ef:56:8a,-70,3
08/05/2026,07:13:01,42,Auditório de Eng. Elétrica,IFPB-VISITANTE,84:f1:47:54:f9:82,-72,11
08/05/2026,07:13:01,42,Auditório de Eng. Elétrica,TP-Link_C3CB,d8:0d:17:3e:c3:cb,-73,4
08/05/2026,07:13:01,42,Auditório de Eng. Elétrica,UA2-MiniLab,60:32:b1:2d:66:c3,-73,10
08/05/2026,07:13:01,42,Auditório de Eng. Elétrica,IFPB,84:f1:47:54:f9:80,-73,11
08/05/2026,07:13:01,42,Auditório de Eng. Elétrica,APTelefonia,58:10:8c:91:f3:aa,-75,1
08/05/2026,07:13:01,42,Auditório de Eng. Elétrica,GPDS,00:26:5a:66:55:ef,-76,6
08/05/2026,07:13:01,42,Auditório de Eng. Elétrica,IFPB-VISITANTE,84:f1:47:54:6b:82,-77,6
08/05/2026,07:13:01,42,Auditório de Eng. Elétrica,SALA_MESTRADO,64:66:b3:62:eb:86,-78,1
08/05/2026,07:13:01,42,Auditório de Eng. Elétrica,IFPB,84:f1:47:54:6b:80,-78,6
08/05/2026,07:13:01,42,Auditório de Eng. Elétrica,IFPB,84:f1:47:54:8b:a0,-80,1
08/05/2026,07:13:01,42,Auditório de Eng. Elétrica,IFPB-VISITANTE,84:f1:47:54:8b:a2,-80,1
08/05/2026,07:13:01,42,Auditório de Eng. Elétrica,IFPB-VISITANTE,24:36:da:2b:5e:c2,-80,1
08/05/2026,07:13:01,42,Auditório de Eng. Elétrica,IFPB,24:36:da:2b:5e:c0,-81,1
08/05/2026,07:13:01,42,Auditório de Eng. Elétrica,IFPB,84:f1:47:54:96:e0,-86,1
08/05/2026,07:13:01,42,Auditório de Eng. Elétrica,Intelbras,18:0d:2c:7f:eb:ac,-86,7
08/05/2026,07:13:01,42,Auditório de Eng. Elétrica,IFPB-VISITANTE,84:f1:47:54:96:e2,-87,1
08/05/2026,07:13:01,42,Auditório de Eng. Elétrica,IFPB-Sala_Professor_14,24:fd:0d:57:19:26,-87,5
08/05/2026,07:13:01,42,Auditório de Eng. Elétrica,IFPB-Sala_Professor_14,48:51:cf:81:b0:9e,-88,2
08/05/2026,07:13:01,42,Auditório de Eng. Elétrica,NUNYA_Room_2.4GHz,cc:32:e5:0c:fc:2b,-92,9
08/05/2026,07:13:01,42,Auditório de Eng. Elétrica,IFPB TCC,d8:5d:4c:86:7e:66,-94,1
08/05/2026,07:13:11,43,Auditório de Eng. Elétrica,Lab. de Sinais Digitais,18:d6:c7:f9:37:2f,-62,11
08/05/2026,07:13:11,43,Auditório de Eng. Elétrica,TP-Link_1324,7c:f1:7e:8d:13:22,-64,10
08/05/2026,07:13:11,43,Auditório de Eng. Elétrica,TP-Link_C3CB,d8:0d:17:3e:c3:cb,-71,4
08/05/2026,07:13:11,43,Auditório de Eng. Elétrica,NPEF/NEPA,50:c7:bf:ef:56:8a,-73,3
08/05/2026,07:13:11,43,Auditório de Eng. Elétrica,GPDS,00:26:5a:66:55:ef,-73,6
08/05/2026,07:13:11,43,Auditório de Eng. Elétrica,PeterNetwork,1e:1d:49:86:2d:8e,-73,11
08/05/2026,07:13:11,43,Auditório de Eng. Elétrica,SALA_MESTRADO,64:66:b3:62:eb:86,-74,1
08/05/2026,07:13:11,43,Auditório de Eng. Elétrica,IFPB,84:f1:47:54:8b:a0,-74,1
08/05/2026,07:13:11,43,Auditório de Eng. Elétrica,IFPB-VISITANTE,84:f1:47:54:8b:a2,-74,1
08/05/2026,07:13:11,43,Auditório de Eng. Elétrica,IFPB,84:f1:47:54:6b:80,-75,6
08/05/2026,07:13:11,43,Auditório de Eng. Elétrica,IFPB-VISITANTE,84:f1:47:54:6b:82,-75,6
08/05/2026,07:13:11,43,Auditório de Eng. Elétrica,IFPB,84:f1:47:54:f9:80,-75,11
08/05/2026,07:13:11,43,Auditório de Eng. Elétrica,IFPB-VISITANTE,84:f1:47:54:f9:82,-75,11
08/05/2026,07:13:11,43,Auditório de Eng. Elétrica,Intelbras,18:0d:2c:7f:eb:ac,-78,7
08/05/2026,07:13:11,43,Auditório de Eng. Elétrica,APTelefonia,58:10:8c:91:f3:aa,-82,1
08/05/2026,07:13:11,43,Auditório de Eng. Elétrica,UA2-MiniLab,60:32:b1:2d:66:c3,-83,10
08/05/2026,07:13:11,43,Auditório de Eng. Elétrica,IFPB-VISITANTE,24:36:da:2b:5e:c2,-86,1
08/05/2026,07:13:11,43,Auditório de Eng. Elétrica,IFPB-VISITANTE,84:f1:47:54:96:e2,-86,1
08/05/2026,07:13:11,43,Auditório de Eng. Elétrica,IFPB,84:f1:47:54:eb:20,-86,6
08/05/2026,07:13:11,43,Auditório de Eng. Elétrica,IFPB,24:36:da:2b:5e:c0,-87,1
08/05/2026,07:13:11,43,Auditório de Eng. Elétrica,IFPB-VISITANTE,84:f1:47:54:eb:22,-87,6
08/05/2026,07:13:11,43,Auditório de Eng. Elétrica,IFPB,84:f1:47:54:96:e0,-88,1
08/05/2026,07:13:11,43,Auditório de Eng. Elétrica,Kauan,5e:df:7d:dd:ee:05,-88,1
08/05/2026,07:13:12,43,Auditório de Eng. Elétrica,IFPB-Sala_Professor_14,48:51:cf:81:b0:9e,-89,2
08/05/2026,07:13:12,43,Auditório de Eng. Elétrica,IFPB-Sala_Professor_14,24:fd:0d:57:19:26,-89,5
08/05/2026,07:13:12,43,Auditório de Eng. Elétrica,IFPB,84:f1:47:54:95:e0,-89,11
08/05/2026,07:13:12,43,Auditório de Eng. Elétrica,IFPB-VISITANTE,e4:4e:2d:85:4c:62,-89,11
08/05/2026,07:13:12,43,Auditório de Eng. Elétrica,NUNYA_Room_2.4GHz,cc:32:e5:0c:fc:2b,-90,9
08/05/2026,07:13:12,43,Auditório de Eng. Elétrica,IFPB,e4:4e:2d:85:4c:60,-90,11
08/05/2026,07:13:12,43,Auditório de Eng. Elétrica,IFPB-Sala_13,e8:94:f6:b9:2f:46,-91,6
08/05/2026,07:13:12,43,Auditório de Eng. Elétrica,IFPB TCC,d8:5d:4c:86:7e:66,-93,1
08/05/2026,07:13:21,44,Auditório de Eng. Elétrica,Lab. de Sinais Digitais,18:d6:c7:f9:37:2f,-60,11
08/05/2026,07:13:21,44,Auditório de Eng. Elétrica,TP-Link_1324,7c:f1:7e:8d:13:22,-61,10
08/05/2026,07:13:21,44,Auditório de Eng. Elétrica,TP-Link_C3CB,d8:0d:17:3e:c3:cb,-67,4
08/05/2026,07:13:21,44,Auditório de Eng. Elétrica,SALA_MESTRADO,64:66:b3:62:eb:86,-69,1
08/05/2026,07:13:21,44,Auditório de Eng. Elétrica,APTelefonia,58:10:8c:91:f3:aa,-70,1
08/05/2026,07:13:21,44,Auditório de Eng. Elétrica,GPDS,00:26:5a:66:55:ef,-70,6
08/05/2026,07:13:21,44,Auditório de Eng. Elétrica,IFPB-VISITANTE,84:f1:47:54:8b:a2,-72,1
08/05/2026,07:13:21,44,Auditório de Eng. Elétrica,IFPB,84:f1:47:54:8b:a0,-73,1
08/05/2026,07:13:21,44,Auditório de Eng. Elétrica,IFPB,84:f1:47:54:f9:80,-73,11
08/05/2026,07:13:21,44,Auditório de Eng. Elétrica,IFPB-VISITANTE,84:f1:47:54:f9:82,-73,11
08/05/2026,07:13:21,44,Auditório de Eng. Elétrica,NPEF/NEPA,50:c7:bf:ef:56:8a,-74,3
08/05/2026,07:13:22,44,Auditório de Eng. Elétrica,PeterNetwork,1e:1d:49:86:2d:8e,-74,11
08/05/2026,07:13:22,44,Auditório de Eng. Elétrica,IFPB,84:f1:47:54:6b:80,-75,6
08/05/2026,07:13:22,44,Auditório de Eng. Elétrica,IFPB-VISITANTE,84:f1:47:54:6b:82,-76,6
08/05/2026,07:13:22,44,Auditório de Eng. Elétrica,UA2-MiniLab,60:32:b1:2d:66:c3,-80,10
08/05/2026,07:13:22,44,Auditório de Eng. Elétrica,Intelbras,18:0d:2c:7f:eb:ac,-82,7
08/05/2026,07:13:22,44,Auditório de Eng. Elétrica,IFPB-VISITANTE,84:f1:47:54:96:e2,-84,1
08/05/2026,07:13:22,44,Auditório de Eng. Elétrica,IFPB,84:f1:47:54:96:e0,-85,1
08/05/2026,07:13:22,44,Auditório de Eng. Elétrica,Kauan,5e:df:7d:dd:ee:05,-86,1
08/05/2026,07:13:22,44,Auditório de Eng. Elétrica,IFPB-Sala_Professor_14,48:51:cf:81:b0:9e,-88,2
08/05/2026,07:13:22,44,Auditório de Eng. Elétrica,IFPB-Sala_Professor_14,24:fd:0d:57:19:26,-88,5
08/05/2026,07:13:22,44,Auditório de Eng. Elétrica,IFPB,24:36:da:2b:5e:c0,-89,1
08/05/2026,07:13:22,44,Auditório de Eng. Elétrica,IFPB-VISITANTE,24:36:da:2b:5e:c2,-89,1
08/05/2026,07:13:22,44,Auditório de Eng. Elétrica,IFPB,84:f1:47:54:95:e0,-90,11
08/05/2026,07:13:22,44,Auditório de Eng. Elétrica,NUNYA_Room_2.4GHz,cc:32:e5:0c:fc:2b,-93,9
08/05/2026,07:13:22,44,Auditório de Eng. Elétrica,IFPB-Sala_13,e8:94:f6:b9:2f:46,-96,6
08/05/2026,07:13:31,45,Auditório de Eng. Elétrica,Lab. de Sinais Digitais,18:d6:c7:f9:37:2f,-59,11
08/05/2026,07:13:31,45,Auditório de Eng. Elétrica,TP-Link_1324,7c:f1:7e:8d:13:22,-66,10
08/05/2026,07:13:31,45,Auditório de Eng. Elétrica,TP-Link_C3CB,d8:0d:17:3e:c3:cb,-67,4
08/05/2026,07:13:31,45,Auditório de Eng. Elétrica,SALA_MESTRADO,64:66:b3:62:eb:86,-70,1
08/05/2026,07:13:31,45,Auditório de Eng. Elétrica,APTelefonia,58:10:8c:91:f3:aa,-70,1
08/05/2026,07:13:32,45,Auditório de Eng. Elétrica,GPDS,00:26:5a:66:55:ef,-70,6
08/05/2026,07:13:32,45,Auditório de Eng. Elétrica,IFPB,84:f1:47:54:f9:80,-71,11
08/05/2026,07:13:32,45,Auditório de Eng. Elétrica,IFPB-VISITANTE,84:f1:47:54:f9:82,-71,11
08/05/2026,07:13:32,45,Auditório de Eng. Elétrica,IFPB,84:f1:47:54:8b:a0,-73,1
08/05/2026,07:13:32,45,Auditório de Eng. Elétrica,IFPB-VISITANTE,84:f1:47:54:8b:a2,-73,1
08/05/2026,07:13:32,45,Auditório de Eng. Elétrica,PeterNetwork,1e:1d:49:86:2d:8e,-74,11
08/05/2026,07:13:32,45,Auditório de Eng. Elétrica,IFPB-VISITANTE,84:f1:47:54:6b:82,-76,6
08/05/2026,07:13:32,45,Auditório de Eng. Elétrica,UA2-MiniLab,60:32:b1:2d:66:c3,-76,10
08/05/2026,07:13:32,45,Auditório de Eng. Elétrica,IFPB,84:f1:47:54:6b:80,-77,6
08/05/2026,07:13:32,45,Auditório de Eng. Elétrica,NPEF/NEPA,50:c7:bf:ef:56:8a,-80,3
08/05/2026,07:13:32,45,Auditório de Eng. Elétrica,Intelbras,18:0d:2c:7f:eb:ac,-80,7
08/05/2026,07:13:32,45,Auditório de Eng. Elétrica,IFPB-VISITANTE,84:f1:47:54:96:e2,-84,1
08/05/2026,07:13:32,45,Auditório de Eng. Elétrica,IFPB,84:f1:47:54:96:e0,-85,1
08/05/2026,07:13:32,45,Auditório de Eng. Elétrica,IFPB-Sala_Professor_14,24:fd:0d:57:19:26,-86,5
08/05/2026,07:13:32,45,Auditório de Eng. Elétrica,IFPB-VISITANTE,24:36:da:2b:5e:c2,-87,1
08/05/2026,07:13:32,45,Auditório de Eng. Elétrica,IFPB-Sala_Professor_14,48:51:cf:81:b0:9e,-87,2
08/05/2026,07:13:32,45,Auditório de Eng. Elétrica,NUNYA_Room_2.4GHz,cc:32:e5:0c:fc:2b,-87,9
08/05/2026,07:13:32,45,Auditório de Eng. Elétrica,IFPB,24:36:da:2b:5e:c0,-88,1
08/05/2026,07:13:32,45,Auditório de Eng. Elétrica,Kauan,5e:df:7d:dd:ee:05,-88,1
08/05/2026,07:13:32,45,Auditório de Eng. Elétrica,IFPB,84:f1:47:54:eb:20,-88,6
08/05/2026,07:13:32,45,Auditório de Eng. Elétrica,IFPB-VISITANTE,24:36:da:2b:bc:02,-89,6
08/05/2026,07:13:32,45,Auditório de Eng. Elétrica,IFPB-VISITANTE,84:f1:47:54:95:e2,-89,11
08/05/2026,07:13:32,45,Auditório de Eng. Elétrica,IFPB-Sala_13,e8:94:f6:b9:2f:46,-94,6
08/05/2026,07:13:42,46,Auditório de Eng. Elétrica,Lab. de Sinais Digitais,18:d6:c7:f9:37:2f,-67,11
08/05/2026,07:13:42,46,Auditório de Eng. Elétrica,TP-Link_C3CB,d8:0d:17:3e:c3:cb,-68,4
08/05/2026,07:13:42,46,Auditório de Eng. Elétrica,TP-Link_1324,7c:f1:7e:8d:13:22,-68,10
08/05/2026,07:13:42,46,Auditório de Eng. Elétrica,SALA_MESTRADO,64:66:b3:62:eb:86,-70,1
08/05/2026,07:13:42,46,Auditório de Eng. Elétrica,IFPB,84:f1:47:54:8b:a0,-71,1
08/05/2026,07:13:42,46,Auditório de Eng. Elétrica,IFPB-VISITANTE,84:f1:47:54:8b:a2,-71,1
08/05/2026,07:13:42,46,Auditório de Eng. Elétrica,PeterNetwork,1e:1d:49:86:2d:8e,-72,11
08/05/2026,07:13:42,46,Auditório de Eng. Elétrica,APTelefonia,58:10:8c:91:f3:aa,-73,1
08/05/2026,07:13:42,46,Auditório de Eng. Elétrica,IFPB-VISITANTE,84:f1:47:54:f9:82,-74,11
08/05/2026,07:13:42,46,Auditório de Eng. Elétrica,IFPB,84:f1:47:54:f9:80,-75,11
08/05/2026,07:13:42,46,Auditório de Eng. Elétrica,IFPB,84:f1:47:54:6b:80,-77,6
08/05/2026,07:13:42,46,Auditório de Eng. Elétrica,IFPB-VISITANTE,84:f1:47:54:6b:82,-77,6
08/05/2026,07:13:42,46,Auditório de Eng. Elétrica,GPDS,00:26:5a:66:55:ef,-78,6
08/05/2026,07:13:42,46,Auditório de Eng. Elétrica,Intelbras,18:0d:2c:7f:eb:ac,-79,7
08/05/2026,07:13:42,46,Auditório de Eng. Elétrica,IFPB-VISITANTE,84:f1:47:54:96:e2,-83,1
08/05/2026,07:13:42,46,Auditório de Eng. Elétrica,NPEF/NEPA,50:c7:bf:ef:56:8a,-83,3
08/05/2026,07:13:42,46,Auditório de Eng. Elétrica,IFPB,84:f1:47:54:96:e0,-84,1
08/05/2026,07:13:42,46,Auditório de Eng. Elétrica,IFPB-VISITANTE,24:36:da:2b:5e:c2,-86,1
08/05/2026,07:13:42,46,Auditório de Eng. Elétrica,UA2-MiniLab,60:32:b1:2d:66:c3,-86,10
08/05/2026,07:13:42,46,Auditório de Eng. Elétrica,IFPB-Sala_Professor_14,48:51:cf:81:b0:9e,-87,2
08/05/2026,07:13:42,46,Auditório de Eng. Elétrica,IFPB,24:36:da:2b:5e:c0,-88,1
08/05/2026,07:13:42,46,Auditório de Eng. Elétrica,IFPB-Sala_13,e8:94:f6:b9:2f:46,-89,6
08/05/2026,07:13:42,46,Auditório de Eng. Elétrica,IFPB-VISITANTE,84:f1:47:54:eb:22,-89,6
08/05/2026,07:13:42,46,Auditório de Eng. Elétrica,IFPB-Sala_Professor_14,24:fd:0d:57:19:26,-90,5
08/05/2026,07:13:42,46,Auditório de Eng. Elétrica,IFPB,84:f1:47:54:eb:20,-90,6
08/05/2026,07:13:42,46,Auditório de Eng. Elétrica,IFPB,24:36:da:2b:bc:00,-92,6
08/05/2026,07:13:42,46,Auditório de Eng. Elétrica,IFPB-VISITANTE,e4:4e:2d:85:4c:62,-92,11
08/05/2026,07:13:42,46,Auditório de Eng. Elétrica,IFPB TCC,d8:5d:4c:86:7e:66,-93,1
08/05/2026,07:13:42,46,Auditório de Eng. Elétrica,A mesma de sempre,fe:64:3a:96:ea:fc,-93,5
08/05/2026,07:13:42,46,Auditório de Eng. Elétrica,NUNYA_Room_2.4GHz,cc:32:e5:0c:fc:2b,-94,9
08/05/2026,07:13:52,47,Auditório de Eng. Elétrica,TP-Link_C3CB,d8:0d:17:3e:c3:cb,-66,4
08/05/2026,07:13:52,47,Auditório de Eng. Elétrica,TP-Link_1324,7c:f1:7e:8d:13:22,-67,10
08/05/2026,07:13:52,47,Auditório de Eng. Elétrica,SALA_MESTRADO,64:66:b3:62:eb:86,-70,1
08/05/2026,07:13:52,47,Auditório de Eng. Elétrica,Lab. de Sinais Digitais,18:d6:c7:f9:37:2f,-70,11
08/05/2026,07:13:52,47,Auditório de Eng. Elétrica,IFPB,84:f1:47:54:8b:a0,-72,1
08/05/2026,07:13:52,47,Auditório de Eng. Elétrica,IFPB-VISITANTE,84:f1:47:54:8b:a2,-72,1
08/05/2026,07:13:52,47,Auditório de Eng. Elétrica,GPDS,00:26:5a:66:55:ef,-72,6
08/05/2026,07:13:52,47,Auditório de Eng. Elétrica,IFPB,84:f1:47:54:f9:80,-72,11
08/05/2026,07:13:52,47,Auditório de Eng. Elétrica,IFPB-VISITANTE,84:f1:47:54:f9:82,-72,11
08/05/2026,07:13:52,47,Auditório de Eng. Elétrica,PeterNetwork,1e:1d:49:86:2d:8e,-73,11
08/05/2026,07:13:52,47,Auditório de Eng. Elétrica,IFPB,84:f1:47:54:6b:80,-75,6
08/05/2026,07:13:52,47,Auditório de Eng. Elétrica,IFPB-VISITANTE,84:f1:47:54:6b:82,-76,6
08/05/2026,07:13:52,47,Auditório de Eng. Elétrica,APTelefonia,58:10:8c:91:f3:aa,-78,1
08/05/2026,07:13:52,47,Auditório de Eng. Elétrica,UA2-MiniLab,60:32:b1:2d:66:c3,-79,10
08/05/2026,07:13:52,47,Auditório de Eng. Elétrica,Intelbras,18:0d:2c:7f:eb:ac,-80,7
08/05/2026,07:13:52,47,Auditório de Eng. Elétrica,IFPB,84:f1:47:54:96:e0,-81,1
08/05/2026,07:13:52,47,Auditório de Eng. Elétrica,IFPB-VISITANTE,84:f1:47:54:96:e2,-81,1
08/05/2026,07:13:52,47,Auditório de Eng. Elétrica,Kauan,5e:df:7d:dd:ee:05,-81,1
08/05/2026,07:13:52,47,Auditório de Eng. Elétrica,NPEF/NEPA,50:c7:bf:ef:56:8a,-81,3
08/05/2026,07:13:52,47,Auditório de Eng. Elétrica,IFPB-VISITANTE,24:36:da:2b:5e:c2,-82,1
08/05/2026,07:13:52,47,Auditório de Eng. Elétrica,IFPB-Sala_Professor_14,48:51:cf:81:b0:9e,-82,2
08/05/2026,07:13:52,47,Auditório de Eng. Elétrica,IFPB,24:36:da:2b:5e:c0,-83,1
08/05/2026,07:13:52,47,Auditório de Eng. Elétrica,IFPB-Sala_Professor_14,24:fd:0d:57:19:26,-86,5
08/05/2026,07:13:52,47,Auditório de Eng. Elétrica,IFPB,84:f1:47:54:eb:20,-89,6
08/05/2026,07:13:52,47,Auditório de Eng. Elétrica,IFPB-VISITANTE,84:f1:47:54:eb:22,-89,6
08/05/2026,07:13:52,47,Auditório de Eng. Elétrica,IFPB,84:f1:47:54:95:e0,-89,11
08/05/2026,07:13:52,47,Auditório de Eng. Elétrica,IFPB-Sala_13,e8:94:f6:b9:2f:46,-90,6
08/05/2026,07:13:52,47,Auditório de Eng. Elétrica,IFPB-VISITANTE,84:f1:47:54:95:e2,-90,11
08/05/2026,07:13:52,47,Auditório de Eng. Elétrica,NUNYA_Room_2.4GHz,cc:32:e5:0c:fc:2b,-93,9
08/05/2026,07:14:02,48,Auditório de Eng. Elétrica,Lab. de Sinais Digitais,18:d6:c7:f9:37:2f,-64,11
08/05/2026,07:14:02,48,Auditório de Eng. Elétrica,TP-Link_C3CB,d8:0d:17:3e:c3:cb,-65,4
08/05/2026,07:14:02,48,Auditório de Eng. Elétrica,TP-Link_1324,7c:f1:7e:8d:13:22,-70,10
08/05/2026,07:14:02,48,Auditório de Eng. Elétrica,SALA_MESTRADO,64:66:b3:62:eb:86,-71,1
08/05/2026,07:14:02,48,Auditório de Eng. Elétrica,IFPB,84:f1:47:54:8b:a0,-71,1
08/05/2026,07:14:02,48,Auditório de Eng. Elétrica,IFPB-VISITANTE,84:f1:47:54:8b:a2,-72,1
08/05/2026,07:14:02,48,Auditório de Eng. Elétrica,Kauan,5e:df:7d:dd:ee:05,-72,1
08/05/2026,07:14:02,48,Auditório de Eng. Elétrica,IFPB,84:f1:47:54:6b:80,-73,6
08/05/2026,07:14:02,48,Auditório de Eng. Elétrica,PeterNetwork,1e:1d:49:86:2d:8e,-73,11
08/05/2026,07:14:02,48,Auditório de Eng. Elétrica,IFPB-VISITANTE,84:f1:47:54:6b:82,-74,6
08/05/2026,07:14:02,48,Auditório de Eng. Elétrica,IFPB,84:f1:47:54:f9:80,-75,11
08/05/2026,07:14:02,48,Auditório de Eng. Elétrica,Intelbras,18:0d:2c:7f:eb:ac,-76,7
08/05/2026,07:14:02,48,Auditório de Eng. Elétrica,IFPB-VISITANTE,84:f1:47:54:f9:82,-76,11
08/05/2026,07:14:02,48,Auditório de Eng. Elétrica,GPDS,00:26:5a:66:55:ef,-77,6
08/05/2026,07:14:02,48,Auditório de Eng. Elétrica,APTelefonia,58:10:8c:91:f3:aa,-79,1
08/05/2026,07:14:02,48,Auditório de Eng. Elétrica,UA2-MiniLab,60:32:b1:2d:66:c3,-80,10
08/05/2026,07:14:02,48,Auditório de Eng. Elétrica,IFPB-VISITANTE,84:f1:47:54:96:e2,-84,1
08/05/2026,07:14:02,48,Auditório de Eng. Elétrica,IFPB,24:36:da:2b:5e:c0,-85,1
08/05/2026,07:14:02,48,Auditório de Eng. Elétrica,IFPB-VISITANTE,24:36:da:2b:5e:c2,-85,1
08/05/2026,07:14:02,48,Auditório de Eng. Elétrica,IFPB,84:f1:47:54:96:e0,-85,1
08/05/2026,07:14:02,48,Auditório de Eng. Elétrica,IFPB-Sala_Professor_14,48:51:cf:81:b0:9e,-85,2
08/05/2026,07:14:02,48,Auditório de Eng. Elétrica,NPEF/NEPA,50:c7:bf:ef:56:8a,-85,3
08/05/2026,07:14:02,48,Auditório de Eng. Elétrica,IFPB-Sala_Professor_14,24:fd:0d:57:19:26,-86,5
08/05/2026,07:14:02,48,Auditório de Eng. Elétrica,IFPB-Sala_13,e8:94:f6:b9:2f:46,-87,6
08/05/2026,07:14:02,48,Auditório de Eng. Elétrica,NUNYA_Room_2.4GHz,cc:32:e5:0c:fc:2b,-90,9
08/05/2026,07:14:02,48,Auditório de Eng. Elétrica,IFPB-VISITANTE,84:f1:47:54:95:e2,-90,11
08/05/2026,07:14:02,48,Auditório de Eng. Elétrica,IFPB,84:f1:47:54:95:e0,-91,11
08/05/2026,07:14:02,48,Auditório de Eng. Elétrica,IFPB,e4:4e:2d:85:4c:60,-91,11
08/05/2026,07:14:12,49,Auditório de Eng. Elétrica,Lab. de Sinais Digitais,18:d6:c7:f9:37:2f,-63,11
08/05/2026,07:14:12,49,Auditório de Eng. Elétrica,TP-Link_C3CB,d8:0d:17:3e:c3:cb,-66,4
08/05/2026,07:14:12,49,Auditório de Eng. Elétrica,IFPB,84:f1:47:54:f9:80,-68,11
08/05/2026,07:14:12,49,Auditório de Eng. Elétrica,IFPB-VISITANTE,84:f1:47:54:f9:82,-68,11
08/05/2026,07:14:12,49,Auditório de Eng. Elétrica,SALA_MESTRADO,64:66:b3:62:eb:86,-69,1
08/05/2026,07:14:12,49,Auditório de Eng. Elétrica,IFPB-VISITANTE,84:f1:47:54:8b:a2,-69,1
08/05/2026,07:14:12,49,Auditório de Eng. Elétrica,IFPB,84:f1:47:54:8b:a0,-70,1
08/05/2026,07:14:12,49,Auditório de Eng. Elétrica,TP-Link_1324,7c:f1:7e:8d:13:22,-70,10
08/05/2026,07:14:12,49,Auditório de Eng. Elétrica,GPDS,00:26:5a:66:55:ef,-71,6
08/05/2026,07:14:12,49,Auditório de Eng. Elétrica,UA2-MiniLab,60:32:b1:2d:66:c3,-71,10
08/05/2026,07:14:12,49,Auditório de Eng. Elétrica,APTelefonia,58:10:8c:91:f3:aa,-74,1
08/05/2026,07:14:12,49,Auditório de Eng. Elétrica,PeterNetwork,1e:1d:49:86:2d:8e,-74,11
08/05/2026,07:14:12,49,Auditório de Eng. Elétrica,NPEF/NEPA,50:c7:bf:ef:56:8a,-75,3
08/05/2026,07:14:12,49,Auditório de Eng. Elétrica,IFPB,84:f1:47:54:6b:80,-75,6
08/05/2026,07:14:12,49,Auditório de Eng. Elétrica,IFPB-VISITANTE,84:f1:47:54:6b:82,-76,6
08/05/2026,07:14:12,49,Auditório de Eng. Elétrica,Kauan,5e:df:7d:dd:ee:05,-77,1
08/05/2026,07:14:12,49,Auditório de Eng. Elétrica,Intelbras,18:0d:2c:7f:eb:ac,-77,7
08/05/2026,07:14:12,49,Auditório de Eng. Elétrica,IFPB,84:f1:47:54:96:e0,-82,1
08/05/2026,07:14:12,49,Auditório de Eng. Elétrica,IFPB-VISITANTE,84:f1:47:54:96:e2,-82,1
08/05/2026,07:14:12,49,Auditório de Eng. Elétrica,IFPB-Sala_Professor_14,48:51:cf:81:b0:9e,-83,2
08/05/2026,07:14:12,49,Auditório de Eng. Elétrica,IFPB-Sala_13,e8:94:f6:b9:2f:46,-84,6
08/05/2026,07:14:12,49,Auditório de Eng. Elétrica,IFPB-Sala_Professor_14,24:fd:0d:57:19:26,-85,5
08/05/2026,07:14:13,49,Auditório de Eng. Elétrica,IFPB,24:36:da:2b:5e:c0,-86,1
08/05/2026,07:14:13,49,Auditório de Eng. Elétrica,IFPB-VISITANTE,24:36:da:2b:5e:c2,-88,1
08/05/2026,07:14:13,49,Auditório de Eng. Elétrica,IFPB,84:f1:47:54:95:e0,-89,11
08/05/2026,07:14:13,49,Auditório de Eng. Elétrica,IFPB-VISITANTE,84:f1:47:54:95:e2,-89,11
08/05/2026,07:14:13,49,Auditório de Eng. Elétrica,NUNYA_Room_2.4GHz,cc:32:e5:0c:fc:2b,-92,9
08/05/2026,07:14:22,50,Auditório de Eng. Elétrica,Lab. de Sinais Digitais,18:d6:c7:f9:37:2f,-63,11
08/05/2026,07:14:22,50,Auditório de Eng. Elétrica,TP-Link_C3CB,d8:0d:17:3e:c3:cb,-65,4
08/05/2026,07:14:22,50,Auditório de Eng. Elétrica,Kauan,5e:df:7d:dd:ee:05,-67,1
08/05/2026,07:14:22,50,Auditório de Eng. Elétrica,GPDS,00:26:5a:66:55:ef,-68,6
08/05/2026,07:14:22,50,Auditório de Eng. Elétrica,TP-Link_1324,7c:f1:7e:8d:13:22,-68,10
08/05/2026,07:14:22,50,Auditório de Eng. Elétrica,IFPB,84:f1:47:54:f9:80,-69,11
08/05/2026,07:14:22,50,Auditório de Eng. Elétrica,IFPB-VISITANTE,84:f1:47:54:f9:82,-69,11
08/05/2026,07:14:22,50,Auditório de Eng. Elétrica,SALA_MESTRADO,64:66:b3:62:eb:86,-70,1
08/05/2026,07:14:22,50,Auditório de Eng. Elétrica,UA2-MiniLab,60:32:b1:2d:66:c3,-70,10
08/05/2026,07:14:22,50,Auditório de Eng. Elétrica,APTelefonia,58:10:8c:91:f3:aa,-71,1
08/05/2026,07:14:23,50,Auditório de Eng. Elétrica,IFPB,84:f1:47:54:6b:80,-74,6
08/05/2026,07:14:23,50,Auditório de Eng. Elétrica,IFPB-VISITANTE,84:f1:47:54:6b:82,-74,6
08/05/2026,07:14:23,50,Auditório de Eng. Elétrica,NPEF/NEPA,50:c7:bf:ef:56:8a,-75,3
08/05/2026,07:14:23,50,Auditório de Eng. Elétrica,Intelbras,18:0d:2c:7f:eb:ac,-75,7
08/05/2026,07:14:23,50,Auditório de Eng. Elétrica,IFPB,84:f1:47:54:8b:a0,-76,1
08/05/2026,07:14:23,50,Auditório de Eng. Elétrica,IFPB-VISITANTE,84:f1:47:54:8b:a2,-77,1
08/05/2026,07:14:23,50,Auditório de Eng. Elétrica,PeterNetwork,1e:1d:49:86:2d:8e,-77,11
08/05/2026,07:14:23,50,Auditório de Eng. Elétrica,IFPB,84:f1:47:54:96:e0,-79,1
08/05/2026,07:14:23,50,Auditório de Eng. Elétrica,IFPB-VISITANTE,84:f1:47:54:96:e2,-80,1
08/05/2026,07:14:23,50,Auditório de Eng. Elétrica,IFPB,24:36:da:2b:5e:c0,-83,1
08/05/2026,07:14:23,50,Auditório de Eng. Elétrica,IFPB-VISITANTE,24:36:da:2b:5e:c2,-83,1
08/05/2026,07:14:23,50,Auditório de Eng. Elétrica,IFPB-Sala_Professor_14,48:51:cf:81:b0:9e,-85,2
08/05/2026,07:14:23,50,Auditório de Eng. Elétrica,IFPB-Sala_Professor_14,24:fd:0d:57:19:26,-88,5
08/05/2026,07:14:23,50,Auditório de Eng. Elétrica,IFPB-Sala_13,e8:94:f6:b9:2f:46,-89,6
08/05/2026,07:14:23,50,Auditório de Eng. Elétrica,NUNYA_Room_2.4GHz,cc:32:e5:0c:fc:2b,-92,9
08/05/2026,07:14:49,51,Lab. de Instrumentação biomédica,TP-Link_1324,7c:f1:7e:8d:13:22,-54,10
08/05/2026,07:14:49,51,Lab. de Instrumentação biomédica,APTelefonia,58:10:8c:91:f3:aa,-58,1
08/05/2026,07:14:49,51,Lab. de Instrumentação biomédica,Lab. de Sinais Digitais,18:d6:c7:f9:37:2f,-61,11
08/05/2026,07:14:49,51,Lab. de Instrumentação biomédica,IFPB,84:f1:47:54:96:e0,-66,1
08/05/2026,07:14:49,51,Lab. de Instrumentação biomédica,IFPB-VISITANTE,84:f1:47:54:96:e2,-67,1
08/05/2026,07:14:49,51,Lab. de Instrumentação biomédica,Intelbras,18:0d:2c:7f:eb:ac,-71,7
08/05/2026,07:14:49,51,Lab. de Instrumentação biomédica,Kauan,5e:df:7d:dd:ee:05,-72,1
08/05/2026,07:14:49,51,Lab. de Instrumentação biomédica,IFPB,e4:4e:2d:85:4c:60,-75,11
08/05/2026,07:14:49,51,Lab. de Instrumentação biomédica,IFPB-VISITANTE,e4:4e:2d:85:4c:62,-75,11
08/05/2026,07:14:49,51,Lab. de Instrumentação biomédica,PeterNetwork,1e:1d:49:86:2d:8e,-75,11
08/05/2026,07:14:49,51,Lab. de Instrumentação biomédica,GPDS,00:26:5a:66:55:ef,-78,6
08/05/2026,07:14:49,51,Lab. de Instrumentação biomédica,IFPB,84:f1:47:54:f9:80,-79,11
08/05/2026,07:14:49,51,Lab. de Instrumentação biomédica,IFPB-VISITANTE,84:f1:47:54:f9:82,-79,11
08/05/2026,07:14:49,51,Lab. de Instrumentação biomédica,SALA_MESTRADO,64:66:b3:62:eb:86,-80,1
08/05/2026,07:14:49,51,Lab. de Instrumentação biomédica,TP-Link_C3CB,d8:0d:17:3e:c3:cb,-80,4
08/05/2026,07:14:49,51,Lab. de Instrumentação biomédica,IFPB,24:36:da:2b:bc:00,-80,6
08/05/2026,07:14:49,51,Lab. de Instrumentação biomédica,IFPB-VISITANTE,24:36:da:2b:bc:02,-80,6
08/05/2026,07:14:49,51,Lab. de Instrumentação biomédica,IFPB,84:f1:47:54:8b:a0,-81,1
08/05/2026,07:14:49,51,Lab. de Instrumentação biomédica,NPEF/NEPA,50:c7:bf:ef:56:8a,-81,3
08/05/2026,07:14:49,51,Lab. de Instrumentação biomédica,IFPB-VISITANTE,84:f1:47:54:8b:a2,-82,1
08/05/2026,07:14:49,51,Lab. de Instrumentação biomédica,UA2-MiniLab,60:32:b1:2d:66:c3,-82,10
08/05/2026,07:14:49,51,Lab. de Instrumentação biomédica,IFPB-VISITANTE,24:36:da:2b:5e:c2,-83,1
08/05/2026,07:14:49,51,Lab. de Instrumentação biomédica,IFPB-Sala_Professor_14,24:fd:0d:57:19:26,-83,5
08/05/2026,07:14:49,51,Lab. de Instrumentação biomédica,IFPB,24:36:da:2b:5e:c0,-84,1
08/05/2026,07:14:49,51,Lab. de Instrumentação biomédica,IFPB,84:f1:47:54:6b:80,-87,6
08/05/2026,07:14:49,51,Lab. de Instrumentação biomédica,IFPB-Sala_Professor_14,48:51:cf:81:b0:9e,-88,2
08/05/2026,07:14:49,51,Lab. de Instrumentação biomédica,IFPB-VISITANTE,84:f1:47:54:6b:82,-88,6
08/05/2026,07:14:49,51,Lab. de Instrumentação biomédica,IFPB TCC,d8:5d:4c:86:7e:66,-89,1
08/05/2026,07:14:49,51,Lab. de Instrumentação biomédica,NUNYA_Room_2.4GHz,cc:32:e5:0c:fc:2b,-94,9
08/05/2026,07:14:49,51,Lab. de Instrumentação biomédica,LIMPEZA,54:e6:fc:cf:22:de,-95,6
08/05/2026,07:14:59,52,Lab. de Instrumentação biomédica,TP-Link_1324,7c:f1:7e:8d:13:22,-52,10
08/05/2026,07:14:59,52,Lab. de Instrumentação biomédica,Lab. de Sinais Digitais,18:d6:c7:f9:37:2f,-65,11
08/05/2026,07:14:59,52,Lab. de Instrumentação biomédica,APTelefonia,58:10:8c:91:f3:aa,-66,1
08/05/2026,07:14:59,52,Lab. de Instrumentação biomédica,Intelbras,18:0d:2c:7f:eb:ac,-67,7
08/05/2026,07:14:59,52,Lab. de Instrumentação biomédica,IFPB,84:f1:47:54:96:e0,-68,1
08/05/2026,07:14:59,52,Lab. de Instrumentação biomédica,IFPB-VISITANTE,84:f1:47:54:96:e2,-69,1
08/05/2026,07:14:59,52,Lab. de Instrumentação biomédica,PeterNetwork,1e:1d:49:86:2d:8e,-72,11
08/05/2026,07:14:59,52,Lab. de Instrumentação biomédica,IFPB,e4:4e:2d:85:4c:60,-75,11
08/05/2026,07:14:59,52,Lab. de Instrumentação biomédica,IFPB-VISITANTE,e4:4e:2d:85:4c:62,-75,11
08/05/2026,07:14:59,52,Lab. de Instrumentação biomédica,UA2-MiniLab,60:32:b1:2d:66:c3,-76,10
08/05/2026,07:14:59,52,Lab. de Instrumentação biomédica,NPEF/NEPA,50:c7:bf:ef:56:8a,-77,3
08/05/2026,07:14:59,52,Lab. de Instrumentação biomédica,IFPB,84:f1:47:54:f9:80,-77,11
08/05/2026,07:14:59,52,Lab. de Instrumentação biomédica,IFPB-VISITANTE,84:f1:47:54:f9:82,-77,11
08/05/2026,07:14:59,52,Lab. de Instrumentação biomédica,IFPB-VISITANTE,84:f1:47:54:8b:a2,-79,1
08/05/2026,07:14:59,52,Lab. de Instrumentação biomédica,GPDS,00:26:5a:66:55:ef,-79,6
08/05/2026,07:14:59,52,Lab. de Instrumentação biomédica,IFPB,84:f1:47:54:8b:a0,-80,1
08/05/2026,07:14:59,52,Lab. de Instrumentação biomédica,IFPB-VISITANTE,24:36:da:2b:bc:02,-80,6
08/05/2026,07:14:59,52,Lab. de Instrumentação biomédica,IFPB,24:36:da:2b:bc:00,-80,6
08/05/2026,07:14:59,52,Lab. de Instrumentação biomédica,TP-Link_C3CB,d8:0d:17:3e:c3:cb,-81,4
08/05/2026,07:14:59,52,Lab. de Instrumentação biomédica,IFPB-Sala_Professor_14,24:fd:0d:57:19:26,-82,5
08/05/2026,07:14:59,52,Lab. de Instrumentação biomédica,SALA_MESTRADO,64:66:b3:62:eb:86,-83,1
08/05/2026,07:14:59,52,Lab. de Instrumentação biomédica,IFPB,24:36:da:2b:5e:c0,-86,1
08/05/2026,07:14:59,52,Lab. de Instrumentação biomédica,IFPB-VISITANTE,24:36:da:2b:5e:c2,-86,1
08/05/2026,07:14:59,52,Lab. de Instrumentação biomédica,Kauan,5e:df:7d:dd:ee:05,-86,1
08/05/2026,07:14:59,52,Lab. de Instrumentação biomédica,IFPB,84:f1:47:54:6b:80,-88,6
08/05/2026,07:14:59,52,Lab. de Instrumentação biomédica,IFPB-VISITANTE,84:f1:47:54:6b:82,-89,6
08/05/2026,07:14:59,52,Lab. de Instrumentação biomédica,LIMPEZA,54:e6:fc:cf:22:de,-91,6
08/05/2026,07:14:59,52,Lab. de Instrumentação biomédica,NUNYA_Room_2.4GHz,cc:32:e5:0c:fc:2b,-93,9
08/05/2026,07:15:09,53,Lab. de Instrumentação biomédica,TP-Link_1324,7c:f1:7e:8d:13:22,-58,10
08/05/2026,07:15:09,53,Lab. de Instrumentação biomédica,Lab. de Sinais Digitais,18:d6:c7:f9:37:2f,-62,11
08/05/2026,07:15:09,53,Lab. de Instrumentação biomédica,APTelefonia,58:10:8c:91:f3:aa,-65,1
08/05/2026,07:15:09,53,Lab. de Instrumentação biomédica,Intelbras,18:0d:2c:7f:eb:ac,-68,7
08/05/2026,07:15:09,53,Lab. de Instrumentação biomédica,IFPB,84:f1:47:54:96:e0,-71,1
08/05/2026,07:15:09,53,Lab. de Instrumentação biomédica,IFPB-VISITANTE,84:f1:47:54:96:e2,-72,1
08/05/2026,07:15:09,53,Lab. de Instrumentação biomédica,IFPB,e4:4e:2d:85:4c:60,-74,11
08/05/2026,07:15:09,53,Lab. de Instrumentação biomédica,IFPB-VISITANTE,e4:4e:2d:85:4c:62,-75,11
08/05/2026,07:15:09,53,Lab. de Instrumentação biomédica,PeterNetwork,1e:1d:49:86:2d:8e,-77,11
08/05/2026,07:15:09,53,Lab. de Instrumentação biomédica,IFPB,84:f1:47:54:8b:a0,-78,1
08/05/2026,07:15:09,53,Lab. de Instrumentação biomédica,IFPB-VISITANTE,84:f1:47:54:8b:a2,-78,1
08/05/2026,07:15:09,53,Lab. de Instrumentação biomédica,NPEF/NEPA,50:c7:bf:ef:56:8a,-79,3
08/05/2026,07:15:09,53,Lab. de Instrumentação biomédica,IFPB-Sala_Professor_14,24:fd:0d:57:19:26,-79,5
08/05/2026,07:15:09,53,Lab. de Instrumentação biomédica,IFPB,84:f1:47:54:f9:80,-79,11
08/05/2026,07:15:09,53,Lab. de Instrumentação biomédica,IFPB-VISITANTE,84:f1:47:54:f9:82,-79,11
08/05/2026,07:15:09,53,Lab. de Instrumentação biomédica,Kauan,5e:df:7d:dd:ee:05,-80,1
08/05/2026,07:15:09,53,Lab. de Instrumentação biomédica,GPDS,00:26:5a:66:55:ef,-80,6
08/05/2026,07:15:09,53,Lab. de Instrumentação biomédica,IFPB,24:36:da:2b:bc:00,-82,6
08/05/2026,07:15:09,53,Lab. de Instrumentação biomédica,TP-Link_C3CB,d8:0d:17:3e:c3:cb,-83,4
08/05/2026,07:15:09,53,Lab. de Instrumentação biomédica,IFPB-VISITANTE,24:36:da:2b:bc:02,-83,6
08/05/2026,07:15:09,53,Lab. de Instrumentação biomédica,UA2-MiniLab,60:32:b1:2d:66:c3,-85,10
08/05/2026,07:15:09,53,Lab. de Instrumentação biomédica,IFPB,24:36:da:2b:5e:c0,-86,1
08/05/2026,07:15:10,53,Lab. de Instrumentação biomédica,IFPB-VISITANTE,24:36:da:2b:5e:c2,-86,1
08/05/2026,07:15:10,53,Lab. de Instrumentação biomédica,IFPB-VISITANTE,84:f1:47:54:6b:82,-87,6
08/05/2026,07:15:10,53,Lab. de Instrumentação biomédica,IFPB,84:f1:47:54:6b:80,-88,6
08/05/2026,07:15:10,53,Lab. de Instrumentação biomédica,SALA_MESTRADO,64:66:b3:62:eb:86,-89,1
08/05/2026,07:15:10,53,Lab. de Instrumentação biomédica,IFPB-Sala_Professor_14,48:51:cf:81:b0:9e,-89,2
08/05/2026,07:15:10,53,Lab. de Instrumentação biomédica,IFPB TCC,d8:5d:4c:86:7e:66,-93,1
08/05/2026,07:15:10,53,Lab. de Instrumentação biomédica,NUNYA_Room_2.4GHz,cc:32:e5:0c:fc:2b,-94,9
08/05/2026,07:15:19,54,Lab. de Instrumentação biomédica,TP-Link_1324,7c:f1:7e:8d:13:22,-54,10
08/05/2026,07:15:19,54,Lab. de Instrumentação biomédica,Lab. de Sinais Digitais,18:d6:c7:f9:37:2f,-61,11
08/05/2026,07:15:19,54,Lab. de Instrumentação biomédica,APTelefonia,58:10:8c:91:f3:aa,-68,1
08/05/2026,07:15:19,54,Lab. de Instrumentação biomédica,Intelbras,18:0d:2c:7f:eb:ac,-69,7
08/05/2026,07:15:19,54,Lab. de Instrumentação biomédica,Kauan,5e:df:7d:dd:ee:05,-71,1
08/05/2026,07:15:19,54,Lab. de Instrumentação biomédica,IFPB,84:f1:47:54:96:e0,-71,1
08/05/2026,07:15:19,54,Lab. de Instrumentação biomédica,IFPB-VISITANTE,84:f1:47:54:96:e2,-71,1
08/05/2026,07:15:19,54,Lab. de Instrumentação biomédica,NPEF/NEPA,50:c7:bf:ef:56:8a,-74,3
08/05/2026,07:15:19,54,Lab. de Instrumentação biomédica,IFPB,e4:4e:2d:85:4c:60,-75,11
08/05/2026,07:15:19,54,Lab. de Instrumentação biomédica,IFPB-VISITANTE,e4:4e:2d:85:4c:62,-75,11
08/05/2026,07:15:19,54,Lab. de Instrumentação biomédica,PeterNetwork,1e:1d:49:86:2d:8e,-76,11
08/05/2026,07:15:20,54,Lab. de Instrumentação biomédica,IFPB-VISITANTE,84:f1:47:54:f9:82,-77,11
08/05/2026,07:15:20,54,Lab. de Instrumentação biomédica,IFPB,84:f1:47:54:8b:a0,-78,1
08/05/2026,07:15:20,54,Lab. de Instrumentação biomédica,IFPB,84:f1:47:54:f9:80,-78,11
08/05/2026,07:15:20,54,Lab. de Instrumentação biomédica,IFPB-VISITANTE,84:f1:47:54:8b:a2,-79,1
08/05/2026,07:15:20,54,Lab. de Instrumentação biomédica,GPDS,00:26:5a:66:55:ef,-80,6
08/05/2026,07:15:20,54,Lab. de Instrumentação biomédica,IFPB,24:36:da:2b:bc:00,-82,6
08/05/2026,07:15:20,54,Lab. de Instrumentação biomédica,IFPB-VISITANTE,24:36:da:2b:bc:02,-82,6
08/05/2026,07:15:20,54,Lab. de Instrumentação biomédica,TP-Link_C3CB,d8:0d:17:3e:c3:cb,-85,4
08/05/2026,07:15:20,54,Lab. de Instrumentação biomédica,IFPB-Sala_Professor_14,24:fd:0d:57:19:26,-85,5
08/05/2026,07:15:20,54,Lab. de Instrumentação biomédica,UA2-MiniLab,60:32:b1:2d:66:c3,-86,10
08/05/2026,07:15:20,54,Lab. de Instrumentação biomédica,IFPB,24:36:da:2b:5e:c0,-87,1
08/05/2026,07:15:20,54,Lab. de Instrumentação biomédica,IFPB,84:f1:47:54:6b:80,-87,6
08/05/2026,07:15:20,54,Lab. de Instrumentação biomédica,IFPB-VISITANTE,84:f1:47:54:6b:82,-87,6
08/05/2026,07:15:20,54,Lab. de Instrumentação biomédica,SALA_MESTRADO,64:66:b3:62:eb:86,-88,1
08/05/2026,07:15:20,54,Lab. de Instrumentação biomédica,IFPB-VISITANTE,24:36:da:2b:5e:c2,-88,1
08/05/2026,07:15:20,54,Lab. de Instrumentação biomédica,IFPB-Sala_Professor_14,48:51:cf:81:b0:9e,-92,2
08/05/2026,07:15:20,54,Lab. de Instrumentação biomédica,NUNYA_Room_2.4GHz,cc:32:e5:0c:fc:2b,-95,9
08/05/2026,07:15:20,54,Lab. de Instrumentação biomédica,IFPB-Sala_13,e8:94:f6:b9:2f:46,-96,6
08/05/2026,07:15:30,55,Lab. de Instrumentação biomédica,Intelbras,18:0d:2c:7f:eb:ac,-66,7
08/05/2026,07:15:30,55,Lab. de Instrumentação biomédica,APTelefonia,58:10:8c:91:f3:aa,-68,1
08/05/2026,07:15:30,55,Lab. de Instrumentação biomédica,Lab. de Sinais Digitais,18:d6:c7:f9:37:2f,-68,11
08/05/2026,07:15:30,55,Lab. de Instrumentação biomédica,TP-Link_1324,7c:f1:7e:8d:13:22,-69,10
08/05/2026,07:15:30,55,Lab. de Instrumentação biomédica,GPDS,00:26:5a:66:55:ef,-70,6
08/05/2026,07:15:30,55,Lab. de Instrumentação biomédica,IFPB-VISITANTE,84:f1:47:54:96:e2,-73,1
08/05/2026,07:15:30,55,Lab. de Instrumentação biomédica,IFPB,84:f1:47:54:96:e0,-73,1
08/05/2026,07:15:30,55,Lab. de Instrumentação biomédica,PeterNetwork,1e:1d:49:86:2d:8e,-75,11
08/05/2026,07:15:30,55,Lab. de Instrumentação biomédica,IFPB,e4:4e:2d:85:4c:60,-77,11
08/05/2026,07:15:30,55,Lab. de Instrumentação biomédica,IFPB-VISITANTE,e4:4e:2d:85:4c:62,-77,11
08/05/2026,07:15:30,55,Lab. de Instrumentação biomédica,IFPB,84:f1:47:54:8b:a0,-78,1
08/05/2026,07:15:30,55,Lab. de Instrumentação biomédica,IFPB-VISITANTE,84:f1:47:54:8b:a2,-79,1
08/05/2026,07:15:30,55,Lab. de Instrumentação biomédica,TP-Link_C3CB,d8:0d:17:3e:c3:cb,-79,4
08/05/2026,07:15:30,55,Lab. de Instrumentação biomédica,Kauan,5e:df:7d:dd:ee:05,-80,1
08/05/2026,07:15:30,55,Lab. de Instrumentação biomédica,NPEF/NEPA,50:c7:bf:ef:56:8a,-80,3
08/05/2026,07:15:30,55,Lab. de Instrumentação biomédica,UA2-MiniLab,60:32:b1:2d:66:c3,-80,10
08/05/2026,07:15:30,55,Lab. de Instrumentação biomédica,IFPB,84:f1:47:54:f9:80,-80,11
08/05/2026,07:15:30,55,Lab. de Instrumentação biomédica,IFPB-VISITANTE,84:f1:47:54:f9:82,-80,11
08/05/2026,07:15:30,55,Lab. de Instrumentação biomédica,IFPB-VISITANTE,24:36:da:2b:bc:02,-81,6
08/05/2026,07:15:30,55,Lab. de Instrumentação biomédica,IFPB,24:36:da:2b:bc:00,-81,6
08/05/2026,07:15:30,55,Lab. de Instrumentação biomédica,IFPB-Sala_Professor_14,24:fd:0d:57:19:26,-85,5
08/05/2026,07:15:30,55,Lab. de Instrumentação biomédica,SALA_MESTRADO,64:66:b3:62:eb:86,-87,1
08/05/2026,07:15:30,55,Lab. de Instrumentação biomédica,IFPB-VISITANTE,84:f1:47:54:6b:82,-87,6
08/05/2026,07:15:30,55,Lab. de Instrumentação biomédica,IFPB-VISITANTE,24:36:da:2b:5e:c2,-88,1
08/05/2026,07:15:30,55,Lab. de Instrumentação biomédica,IFPB,24:36:da:2b:5e:c0,-89,1
08/05/2026,07:15:30,55,Lab. de Instrumentação biomédica,IFPB,84:f1:47:54:6b:80,-89,6
08/05/2026,07:15:30,55,Lab. de Instrumentação biomédica,IFPB-Sala_Professor_14,48:51:cf:81:b0:9e,-90,2
08/05/2026,07:15:30,55,Lab. de Instrumentação biomédica,NUNYA_Room_2.4GHz,cc:32:e5:0c:fc:2b,-91,9
08/05/2026,07:15:30,55,Lab. de Instrumentação biomédica,IFPB TCC,d8:5d:4c:86:7e:66,-93,1
08/05/2026,07:15:40,56,Lab. de Instrumentação biomédica,APTelefonia,58:10:8c:91:f3:aa,-55,1
08/05/2026,07:15:40,56,Lab. de Instrumentação biomédica,TP-Link_1324,7c:f1:7e:8d:13:22,-61,10
08/05/2026,07:15:40,56,Lab. de Instrumentação biomédica,Intelbras,18:0d:2c:7f:eb:ac,-66,7
08/05/2026,07:15:40,56,Lab. de Instrumentação biomédica,IFPB-VISITANTE,84:f1:47:54:96:e2,-67,1
08/05/2026,07:15:40,56,Lab. de Instrumentação biomédica,IFPB,84:f1:47:54:96:e0,-67,1
08/05/2026,07:15:40,56,Lab. de Instrumentação biomédica,Lab. de Sinais Digitais,18:d6:c7:f9:37:2f,-69,11
08/05/2026,07:15:40,56,Lab. de Instrumentação biomédica,Kauan,5e:df:7d:dd:ee:05,-70,1
08/05/2026,07:15:40,56,Lab. de Instrumentação biomédica,GPDS,00:26:5a:66:55:ef,-72,6
08/05/2026,07:15:40,56,Lab. de Instrumentação biomédica,IFPB-VISITANTE,e4:4e:2d:85:4c:62,-77,11
08/05/2026,07:15:40,56,Lab. de Instrumentação biomédica,NPEF/NEPA,50:c7:bf:ef:56:8a,-78,3
08/05/2026,07:15:40,56,Lab. de Instrumentação biomédica,TP-Link_C3CB,d8:0d:17:3e:c3:cb,-78,4
08/05/2026,07:15:40,56,Lab. de Instrumentação biomédica,IFPB,84:f1:47:54:f9:80,-78,11
08/05/2026,07:15:40,56,Lab. de Instrumentação biomédica,IFPB,e4:4e:2d:85:4c:60,-78,11
08/05/2026,07:15:40,56,Lab. de Instrumentação biomédica,IFPB-VISITANTE,84:f1:47:54:f9:82,-78,11
08/05/2026,07:15:40,56,Lab. de Instrumentação biomédica,IFPB,84:f1:47:54:8b:a0,-82,1
08/05/2026,07:15:40,56,Lab. de Instrumentação biomédica,IFPB-VISITANTE,84:f1:47:54:8b:a2,-83,1
08/05/2026,07:15:40,56,Lab. de Instrumentação biomédica,PeterNetwork,1e:1d:49:86:2d:8e,-83,11
08/05/2026,07:15:40,56,Lab. de Instrumentação biomédica,IFPB-Sala_Professor_14,24:fd:0d:57:19:26,-85,5
08/05/2026,07:15:40,56,Lab. de Instrumentação biomédica,IFPB-VISITANTE,24:36:da:2b:bc:02,-85,6
08/05/2026,07:15:40,56,Lab. de Instrumentação biomédica,IFPB,24:36:da:2b:bc:00,-85,6
08/05/2026,07:15:40,56,Lab. de Instrumentação biomédica,UA2-MiniLab,60:32:b1:2d:66:c3,-85,10
08/05/2026,07:15:40,56,Lab. de Instrumentação biomédica,IFPB-VISITANTE,24:36:da:2b:5e:c2,-86,1
08/05/2026,07:15:40,56,Lab. de Instrumentação biomédica,SALA_MESTRADO,64:66:b3:62:eb:86,-87,1
08/05/2026,07:15:40,56,Lab. de Instrumentação biomédica,IFPB,24:36:da:2b:5e:c0,-87,1
08/05/2026,07:15:40,56,Lab. de Instrumentação biomédica,IFPB-VISITANTE,84:f1:47:54:6b:82,-88,6
08/05/2026,07:15:40,56,Lab. de Instrumentação biomédica,IFPB TCC,d8:5d:4c:86:7e:66,-89,1
08/05/2026,07:15:40,56,Lab. de Instrumentação biomédica,IFPB,84:f1:47:54:6b:80,-89,6
08/05/2026,07:15:40,56,Lab. de Instrumentação biomédica,IFPB-Sala_Professor_14,48:51:cf:81:b0:9e,-90,2
08/05/2026,07:15:40,56,Lab. de Instrumentação biomédica,NUNYA_Room_2.4GHz,cc:32:e5:0c:fc:2b,-92,9
08/05/2026,07:15:40,56,Lab. de Instrumentação biomédica,IFPB-Sala_13,e8:94:f6:b9:2f:46,-93,6
08/05/2026,07:15:50,57,Lab. de Instrumentação biomédica,APTelefonia,58:10:8c:91:f3:aa,-56,1
08/05/2026,07:15:50,57,Lab. de Instrumentação biomédica,TP-Link_1324,7c:f1:7e:8d:13:22,-58,10
08/05/2026,07:15:50,57,Lab. de Instrumentação biomédica,Intelbras,18:0d:2c:7f:eb:ac,-66,7
08/05/2026,07:15:50,57,Lab. de Instrumentação biomédica,IFPB,84:f1:47:54:96:e0,-67,1
08/05/2026,07:15:50,57,Lab. de Instrumentação biomédica,IFPB-VISITANTE,84:f1:47:54:96:e2,-67,1
08/05/2026,07:15:50,57,Lab. de Instrumentação biomédica,GPDS,00:26:5a:66:55:ef,-72,6
08/05/2026,07:15:50,57,Lab. de Instrumentação biomédica,Lab. de Sinais Digitais,18:d6:c7:f9:37:2f,-72,11
08/05/2026,07:15:50,57,Lab. de Instrumentação biomédica,NPEF/NEPA,50:c7:bf:ef:56:8a,-76,3
08/05/2026,07:15:50,57,Lab. de Instrumentação biomédica,TP-Link_C3CB,d8:0d:17:3e:c3:cb,-77,4
08/05/2026,07:15:50,57,Lab. de Instrumentação biomédica,IFPB,84:f1:47:54:f9:80,-77,11
08/05/2026,07:15:50,57,Lab. de Instrumentação biomédica,IFPB-VISITANTE,84:f1:47:54:f9:82,-77,11
08/05/2026,07:15:50,57,Lab. de Instrumentação biomédica,IFPB,84:f1:47:54:8b:a0,-81,1
08/05/2026,07:15:50,57,Lab. de Instrumentação biomédica,IFPB-VISITANTE,84:f1:47:54:8b:a2,-81,1
08/05/2026,07:15:50,57,Lab. de Instrumentação biomédica,IFPB-VISITANTE,e4:4e:2d:85:4c:62,-82,11
08/05/2026,07:15:50,57,Lab. de Instrumentação biomédica,IFPB,e4:4e:2d:85:4c:60,-83,11
08/05/2026,07:15:50,57,Lab. de Instrumentação biomédica,SALA_MESTRADO,64:66:b3:62:eb:86,-84,1
08/05/2026,07:15:50,57,Lab. de Instrumentação biomédica,IFPB,24:36:da:2b:bc:00,-84,6
08/05/2026,07:15:50,57,Lab. de Instrumentação biomédica,UA2-MiniLab,60:32:b1:2d:66:c3,-84,10
08/05/2026,07:15:50,57,Lab. de Instrumentação biomédica,IFPB,24:36:da:2b:5e:c0,-85,1
08/05/2026,07:15:50,57,Lab. de Instrumentação biomédica,IFPB-Sala_Professor_14,24:fd:0d:57:19:26,-85,5
08/05/2026,07:15:50,57,Lab. de Instrumentação biomédica,IFPB-VISITANTE,24:36:da:2b:bc:02,-85,6
08/05/2026,07:15:50,57,Lab. de Instrumentação biomédica,PeterNetwork,1e:1d:49:86:2d:8e,-85,11
08/05/2026,07:15:51,57,Lab. de Instrumentação biomédica,IFPB-VISITANTE,24:36:da:2b:5e:c2,-86,1
08/05/2026,07:15:51,57,Lab. de Instrumentação biomédica,IFPB-Sala_Professor_14,48:51:cf:81:b0:9e,-87,2
08/05/2026,07:15:51,57,Lab. de Instrumentação biomédica,IFPB-VISITANTE,84:f1:47:54:6b:82,-87,6
08/05/2026,07:15:51,57,Lab. de Instrumentação biomédica,IFPB,84:f1:47:54:6b:80,-88,6
08/05/2026,07:15:51,57,Lab. de Instrumentação biomédica,IFPB TCC,d8:5d:4c:86:7e:66,-90,1
08/05/2026,07:15:51,57,Lab. de Instrumentação biomédica,NUNYA_Room_2.4GHz,cc:32:e5:0c:fc:2b,-94,9
08/05/2026,07:16:00,58,Lab. de Instrumentação biomédica,APTelefonia,58:10:8c:91:f3:aa,-57,1
08/05/2026,07:16:00,58,Lab. de Instrumentação biomédica,TP-Link_1324,7c:f1:7e:8d:13:22,-61,10
08/05/2026,07:16:00,58,Lab. de Instrumentação biomédica,Lab. de Sinais Digitais,18:d6:c7:f9:37:2f,-63,11
08/05/2026,07:16:00,58,Lab. de Instrumentação biomédica,Intelbras,18:0d:2c:7f:eb:ac,-66,7
08/05/2026,07:16:00,58,Lab. de Instrumentação biomédica,GPDS,00:26:5a:66:55:ef,-71,6
08/05/2026,07:16:01,58,Lab. de Instrumentação biomédica,IFPB-VISITANTE,84:f1:47:54:f9:82,-74,11
08/05/2026,07:16:01,58,Lab. de Instrumentação biomédica,IFPB,84:f1:47:54:96:e0,-75,1
08/05/2026,07:16:01,58,Lab. de Instrumentação biomédica,IFPB-VISITANTE,84:f1:47:54:96:e2,-75,1
08/05/2026,07:16:01,58,Lab. de Instrumentação biomédica,IFPB,84:f1:47:54:f9:80,-76,11
08/05/2026,07:16:01,58,Lab. de Instrumentação biomédica,NPEF/NEPA,50:c7:bf:ef:56:8a,-77,3
08/05/2026,07:16:01,58,Lab. de Instrumentação biomédica,PeterNetwork,1e:1d:49:86:2d:8e,-77,11
08/05/2026,07:16:01,58,Lab. de Instrumentação biomédica,IFPB,e4:4e:2d:85:4c:60,-78,11
08/05/2026,07:16:01,58,Lab. de Instrumentação biomédica,IFPB-VISITANTE,e4:4e:2d:85:4c:62,-78,11
08/05/2026,07:16:01,58,Lab. de Instrumentação biomédica,IFPB-VISITANTE,84:f1:47:54:8b:a2,-79,1
08/05/2026,07:16:01,58,Lab. de Instrumentação biomédica,IFPB,84:f1:47:54:8b:a0,-79,1
08/05/2026,07:16:01,58,Lab. de Instrumentação biomédica,IFPB,24:36:da:2b:bc:00,-80,6
08/05/2026,07:16:01,58,Lab. de Instrumentação biomédica,IFPB-VISITANTE,24:36:da:2b:bc:02,-80,6
08/05/2026,07:16:01,58,Lab. de Instrumentação biomédica,TP-Link_C3CB,d8:0d:17:3e:c3:cb,-81,4
08/05/2026,07:16:01,58,Lab. de Instrumentação biomédica,SALA_MESTRADO,64:66:b3:62:eb:86,-83,1
08/05/2026,07:16:01,58,Lab. de Instrumentação biomédica,IFPB-VISITANTE,24:36:da:2b:5e:c2,-85,1
08/05/2026,07:16:01,58,Lab. de Instrumentação biomédica,IFPB TCC,d8:5d:4c:86:7e:66,-86,1
08/05/2026,07:16:01,58,Lab. de Instrumentação biomédica,IFPB,84:f1:47:54:6b:80,-86,6
08/05/2026,07:16:01,58,Lab. de Instrumentação biomédica,IFPB-VISITANTE,84:f1:47:54:6b:82,-86,6
08/05/2026,07:16:01,58,Lab. de Instrumentação biomédica,UA2-MiniLab,60:32:b1:2d:66:c3,-86,10
08/05/2026,07:16:01,58,Lab. de Instrumentação biomédica,IFPB,24:36:da:2b:5e:c0,-87,1
08/05/2026,07:16:01,58,Lab. de Instrumentação biomédica,IFPB-Sala_Professor_14,24:fd:0d:57:19:26,-87,5
08/05/2026,07:16:01,58,Lab. de Instrumentação biomédica,IFPB-Sala_Professor_14,48:51:cf:81:b0:9e,-91,2
08/05/2026,07:16:01,58,Lab. de Instrumentação biomédica,IFPB-Sala_13,e8:94:f6:b9:2f:46,-93,6
08/05/2026,07:16:01,58,Lab. de Instrumentação biomédica,NUNYA_Room_2.4GHz,cc:32:e5:0c:fc:2b,-94,9
08/05/2026,07:16:11,59,Lab. de Instrumentação biomédica,APTelefonia,58:10:8c:91:f3:aa,-54,1
08/05/2026,07:16:11,59,Lab. de Instrumentação biomédica,TP-Link_1324,7c:f1:7e:8d:13:22,-59,10
08/05/2026,07:16:11,59,Lab. de Instrumentação biomédica,Lab. de Sinais Digitais,18:d6:c7:f9:37:2f,-65,11
08/05/2026,07:16:11,59,Lab. de Instrumentação biomédica,Intelbras,18:0d:2c:7f:eb:ac,-67,7
08/05/2026,07:16:11,59,Lab. de Instrumentação biomédica,IFPB,84:f1:47:54:96:e0,-72,1
08/05/2026,07:16:11,59,Lab. de Instrumentação biomédica,IFPB-VISITANTE,84:f1:47:54:96:e2,-72,1
08/05/2026,07:16:11,59,Lab. de Instrumentação biomédica,GPDS,00:26:5a:66:55:ef,-73,6
08/05/2026,07:16:11,59,Lab. de Instrumentação biomédica,NPEF/NEPA,50:c7:bf:ef:56:8a,-76,3
08/05/2026,07:16:11,59,Lab. de Instrumentação biomédica,IFPB,84:f1:47:54:f9:80,-77,11
08/05/2026,07:16:11,59,Lab. de Instrumentação biomédica,IFPB-VISITANTE,84:f1:47:54:f9:82,-77,11
08/05/2026,07:16:11,59,Lab. de Instrumentação biomédica,IFPB,e4:4e:2d:85:4c:60,-77,11
08/05/2026,07:16:11,59,Lab. de Instrumentação biomédica,IFPB-VISITANTE,e4:4e:2d:85:4c:62,-77,11
08/05/2026,07:16:11,59,Lab. de Instrumentação biomédica,IFPB,84:f1:47:54:8b:a0,-79,1
08/05/2026,07:16:11,59,Lab. de Instrumentação biomédica,IFPB-VISITANTE,84:f1:47:54:8b:a2,-79,1
08/05/2026,07:16:11,59,Lab. de Instrumentação biomédica,PeterNetwork,1e:1d:49:86:2d:8e,-79,11
08/05/2026,07:16:11,59,Lab. de Instrumentação biomédica,IFPB,24:36:da:2b:bc:00,-80,6
08/05/2026,07:16:11,59,Lab. de Instrumentação biomédica,IFPB-VISITANTE,24:36:da:2b:bc:02,-81,6
08/05/2026,07:16:11,59,Lab. de Instrumentação biomédica,IFPB-VISITANTE,84:f1:47:54:6b:82,-83,6
08/05/2026,07:16:11,59,Lab. de Instrumentação biomédica,SALA_MESTRADO,64:66:b3:62:eb:86,-84,1
08/05/2026,07:16:11,59,Lab. de Instrumentação biomédica,TP-Link_C3CB,d8:0d:17:3e:c3:cb,-84,4
08/05/2026,07:16:11,59,Lab. de Instrumentação biomédica,IFPB-Sala_Professor_14,48:51:cf:81:b0:9e,-85,2
08/05/2026,07:16:11,59,Lab. de Instrumentação biomédica,IFPB,84:f1:47:54:6b:80,-85,6
08/05/2026,07:16:11,59,Lab. de Instrumentação biomédica,UA2-MiniLab,60:32:b1:2d:66:c3,-85,10
08/05/2026,07:16:11,59,Lab. de Instrumentação biomédica,IFPB,24:36:da:2b:5e:c0,-87,1
08/05/2026,07:16:11,59,Lab. de Instrumentação biomédica,IFPB-VISITANTE,24:36:da:2b:5e:c2,-87,1
08/05/2026,07:16:11,59,Lab. de Instrumentação biomédica,IFPB-Sala_Professor_14,24:fd:0d:57:19:26,-87,5
08/05/2026,07:16:11,59,Lab. de Instrumentação biomédica,IFPB TCC,d8:5d:4c:86:7e:66,-89,1
08/05/2026,07:16:11,59,Lab. de Instrumentação biomédica,NUNYA_Room_2.4GHz,cc:32:e5:0c:fc:2b,-95,9
08/05/2026,07:16:21,60,Lab. de Instrumentação biomédica,APTelefonia,58:10:8c:91:f3:aa,-56,1
08/05/2026,07:16:21,60,Lab. de Instrumentação biomédica,TP-Link_1324,7c:f1:7e:8d:13:22,-58,10
08/05/2026,07:16:21,60,Lab. de Instrumentação biomédica,Lab. de Sinais Digitais,18:d6:c7:f9:37:2f,-64,11
08/05/2026,07:16:21,60,Lab. de Instrumentação biomédica,Intelbras,18:0d:2c:7f:eb:ac,-66,7
08/05/2026,07:16:21,60,Lab. de Instrumentação biomédica,IFPB,84:f1:47:54:96:e0,-68,1
08/05/2026,07:16:21,60,Lab. de Instrumentação biomédica,IFPB-VISITANTE,84:f1:47:54:96:e2,-69,1
08/05/2026,07:16:21,60,Lab. de Instrumentação biomédica,GPDS,00:26:5a:66:55:ef,-73,6
08/05/2026,07:16:21,60,Lab. de Instrumentação biomédica,IFPB,84:f1:47:54:f9:80,-76,11
08/05/2026,07:16:21,60,Lab. de Instrumentação biomédica,IFPB-VISITANTE,84:f1:47:54:f9:82,-76,11
08/05/2026,07:16:21,60,Lab. de Instrumentação biomédica,NPEF/NEPA,50:c7:bf:ef:56:8a,-77,3
08/05/2026,07:16:21,60,Lab. de Instrumentação biomédica,TP-Link_C3CB,d8:0d:17:3e:c3:cb,-77,4
08/05/2026,07:16:21,60,Lab. de Instrumentação biomédica,IFPB-VISITANTE,e4:4e:2d:85:4c:62,-77,11
08/05/2026,07:16:21,60,Lab. de Instrumentação biomédica,IFPB,e4:4e:2d:85:4c:60,-78,11
08/05/2026,07:16:21,60,Lab. de Instrumentação biomédica,PeterNetwork,1e:1d:49:86:2d:8e,-79,11
08/05/2026,07:16:21,60,Lab. de Instrumentação biomédica,IFPB-VISITANTE,84:f1:47:54:8b:a2,-80,1
08/05/2026,07:16:21,60,Lab. de Instrumentação biomédica,IFPB,84:f1:47:54:8b:a0,-80,1
08/05/2026,07:16:21,60,Lab. de Instrumentação biomédica,IFPB-VISITANTE,24:36:da:2b:bc:02,-80,6
08/05/2026,07:16:21,60,Lab. de Instrumentação biomédica,IFPB,24:36:da:2b:bc:00,-80,6
08/05/2026,07:16:21,60,Lab. de Instrumentação biomédica,IFPB,84:f1:47:54:6b:80,-83,6
08/05/2026,07:16:21,60,Lab. de Instrumentação biomédica,SALA_MESTRADO,64:66:b3:62:eb:86,-84,1
08/05/2026,07:16:21,60,Lab. de Instrumentação biomédica,IFPB-VISITANTE,84:f1:47:54:6b:82,-84,6
08/05/2026,07:16:21,60,Lab. de Instrumentação biomédica,UA2-MiniLab,60:32:b1:2d:66:c3,-84,10
08/05/2026,07:16:21,60,Lab. de Instrumentação biomédica,IFPB-Sala_Professor_14,24:fd:0d:57:19:26,-89,5
08/05/2026,07:16:21,60,Lab. de Instrumentação biomédica,IFPB-Sala_Professor_14,48:51:cf:81:b0:9e,-90,2
08/05/2026,07:16:21,60,Lab. de Instrumentação biomédica,IFPB TCC,d8:5d:4c:86:7e:66,-91,1
08/05/2026,07:16:21,60,Lab. de Instrumentação biomédica,NUNYA_Room_2.4GHz,cc:32:e5:0c:fc:2b,-95,9
08/05/2026,07:16:50,61,Lab. de Medição e Calibração,TP-Link_1324,7c:f1:7e:8d:13:22,-50,10
08/05/2026,07:16:50,61,Lab. de Medição e Calibração,IFPB-VISITANTE,84:f1:47:54:96:e2,-54,1
08/05/2026,07:16:50,61,Lab. de Medição e Calibração,IFPB,84:f1:47:54:96:e0,-55,1
08/05/2026,07:16:50,61,Lab. de Medição e Calibração,APTelefonia,58:10:8c:91:f3:aa,-59,1
08/05/2026,07:16:50,61,Lab. de Medição e Calibração,Intelbras,18:0d:2c:7f:eb:ac,-65,7
08/05/2026,07:16:50,61,Lab. de Medição e Calibração,Lab. de Sinais Digitais,18:d6:c7:f9:37:2f,-75,11
08/05/2026,07:16:50,61,Lab. de Medição e Calibração,IFPB-Sala_Professor_14,24:fd:0d:57:19:26,-76,5
08/05/2026,07:16:50,61,Lab. de Medição e Calibração,IFPB-VISITANTE,e4:4e:2d:85:4c:62,-77,11
08/05/2026,07:16:50,61,Lab. de Medição e Calibração,IFPB,e4:4e:2d:85:4c:60,-78,11
08/05/2026,07:16:50,61,Lab. de Medição e Calibração,IFPB,24:36:da:2b:bc:00,-82,6
08/05/2026,07:16:50,61,Lab. de Medição e Calibração,IFPB-VISITANTE,24:36:da:2b:bc:02,-82,6
08/05/2026,07:16:50,61,Lab. de Medição e Calibração,IFPB,84:f1:47:54:6b:80,-85,6
08/05/2026,07:16:50,61,Lab. de Medição e Calibração,IFPB-VISITANTE,84:f1:47:54:6b:82,-85,6
08/05/2026,07:16:50,61,Lab. de Medição e Calibração,TP-Link_C3CB,d8:0d:17:3e:c3:cb,-86,4
08/05/2026,07:16:50,61,Lab. de Medição e Calibração,GPDS,00:26:5a:66:55:ef,-86,6
08/05/2026,07:16:50,61,Lab. de Medição e Calibração,IFPB-VISITANTE,84:f1:47:54:f9:82,-87,11
08/05/2026,07:16:50,61,Lab. de Medição e Calibração,IFPB TCC,d8:5d:4c:86:7e:66,-88,1
08/05/2026,07:16:50,61,Lab. de Medição e Calibração,IFPB,84:f1:47:54:f9:80,-88,11
08/05/2026,07:16:50,61,Lab. de Medição e Calibração,IFPB,24:36:da:2b:5e:c0,-89,1
08/05/2026,07:16:50,61,Lab. de Medição e Calibração,IFPB-VISITANTE,24:36:da:2b:5e:c2,-89,1
08/05/2026,07:16:50,61,Lab. de Medição e Calibração,IFPB,84:f1:47:54:97:00,-89,1
08/05/2026,07:16:50,61,Lab. de Medição e Calibração,IFPB-Sala_Professor_14,48:51:cf:81:b0:9e,-90,2
08/05/2026,07:16:50,61,Lab. de Medição e Calibração,UA2-MiniLab,60:32:b1:2d:66:c3,-90,10
08/05/2026,07:16:50,61,Lab. de Medição e Calibração,NPEF/NEPA,50:c7:bf:ef:56:8a,-92,3
08/05/2026,07:16:50,61,Lab. de Medição e Calibração,SALA_MESTRADO,64:66:b3:62:eb:86,-93,1
08/05/2026,07:16:50,61,Lab. de Medição e Calibração,PeterNetwork,1e:1d:49:86:2d:8e,-96,11
08/05/2026,07:17:00,62,Lab. de Medição e Calibração,TP-Link_1324,7c:f1:7e:8d:13:22,-49,10
08/05/2026,07:17:00,62,Lab. de Medição e Calibração,APTelefonia,58:10:8c:91:f3:aa,-56,1
08/05/2026,07:17:00,62,Lab. de Medição e Calibração,IFPB,84:f1:47:54:96:e0,-58,1
08/05/2026,07:17:00,62,Lab. de Medição e Calibração,IFPB-VISITANTE,84:f1:47:54:96:e2,-58,1
08/05/2026,07:17:00,62,Lab. de Medição e Calibração,Intelbras,18:0d:2c:7f:eb:ac,-66,7
08/05/2026,07:17:00,62,Lab. de Medição e Calibração,IFPB-Sala_Professor_14,24:fd:0d:57:19:26,-71,5
08/05/2026,07:17:00,62,Lab. de Medição e Calibração,Lab. de Sinais Digitais,18:d6:c7:f9:37:2f,-78,11
08/05/2026,07:17:00,62,Lab. de Medição e Calibração,IFPB,e4:4e:2d:85:4c:60,-78,11
08/05/2026,07:17:00,62,Lab. de Medição e Calibração,IFPB-VISITANTE,e4:4e:2d:85:4c:62,-78,11
08/05/2026,07:17:00,62,Lab. de Medição e Calibração,TP-Link_C3CB,d8:0d:17:3e:c3:cb,-81,4
08/05/2026,07:17:00,62,Lab. de Medição e Calibração,IFPB,24:36:da:2b:bc:00,-81,6
08/05/2026,07:17:00,62,Lab. de Medição e Calibração,IFPB-VISITANTE,24:36:da:2b:bc:02,-81,6
08/05/2026,07:17:00,62,Lab. de Medição e Calibração,IFPB-VISITANTE,84:f1:47:54:6b:82,-85,6
08/05/2026,07:17:00,62,Lab. de Medição e Calibração,IFPB-VISITANTE,24:36:da:2b:5e:c2,-86,1
08/05/2026,07:17:00,62,Lab. de Medição e Calibração,IFPB,84:f1:47:54:6b:80,-86,6
08/05/2026,07:17:00,62,Lab. de Medição e Calibração,IFPB,24:36:da:2b:5e:c0,-87,1
08/05/2026,07:17:00,62,Lab. de Medição e Calibração,IFPB-VISITANTE,84:f1:47:54:8b:a2,-89,1
08/05/2026,07:17:00,62,Lab. de Medição e Calibração,GPDS,00:26:5a:66:55:ef,-89,6
08/05/2026,07:17:00,62,Lab. de Medição e Calibração,IFPB-VISITANTE,84:f1:47:54:f9:82,-89,11
08/05/2026,07:17:00,62,Lab. de Medição e Calibração,IFPB TCC,d8:5d:4c:86:7e:66,-90,1
08/05/2026,07:17:00,62,Lab. de Medição e Calibração,NPEF/NEPA,50:c7:bf:ef:56:8a,-90,3
08/05/2026,07:17:00,62,Lab. de Medição e Calibração,IFPB-Sala_Professor_14,48:51:cf:81:b0:9e,-91,2
08/05/2026,07:17:00,62,Lab. de Medição e Calibração,UA2-MiniLab,60:32:b1:2d:66:c3,-92,10
08/05/2026,07:17:00,62,Lab. de Medição e Calibração,SALA_MESTRADO,64:66:b3:62:eb:86,-93,1
08/05/2026,07:17:00,62,Lab. de Medição e Calibração,PeterNetwork,1e:1d:49:86:2d:8e,-96,11
08/05/2026,07:17:10,63,Lab. de Medição e Calibração,TP-Link_1324,7c:f1:7e:8d:13:22,-48,10
08/05/2026,07:17:10,63,Lab. de Medição e Calibração,IFPB,84:f1:47:54:96:e0,-58,1
08/05/2026,07:17:10,63,Lab. de Medição e Calibração,IFPB-VISITANTE,84:f1:47:54:96:e2,-58,1
08/05/2026,07:17:10,63,Lab. de Medição e Calibração,APTelefonia,58:10:8c:91:f3:aa,-60,1
08/05/2026,07:17:10,63,Lab. de Medição e Calibração,Intelbras,18:0d:2c:7f:eb:ac,-66,7
08/05/2026,07:17:10,63,Lab. de Medição e Calibração,IFPB-Sala_Professor_14,24:fd:0d:57:19:26,-71,5
08/05/2026,07:17:10,63,Lab. de Medição e Calibração,Lab. de Sinais Digitais,18:d6:c7:f9:37:2f,-77,11
08/05/2026,07:17:10,63,Lab. de Medição e Calibração,IFPB,e4:4e:2d:85:4c:60,-79,11
08/05/2026,07:17:10,63,Lab. de Medição e Calibração,IFPB-VISITANTE,e4:4e:2d:85:4c:62,-79,11
08/05/2026,07:17:10,63,Lab. de Medição e Calibração,TP-Link_C3CB,d8:0d:17:3e:c3:cb,-83,4
08/05/2026,07:17:10,63,Lab. de Medição e Calibração,IFPB,84:f1:47:54:6b:80,-84,6
08/05/2026,07:17:10,63,Lab. de Medição e Calibração,IFPB-VISITANTE,84:f1:47:54:6b:82,-85,6
08/05/2026,07:17:10,63,Lab. de Medição e Calibração,IFPB-VISITANTE,24:36:da:2b:bc:02,-86,6
08/05/2026,07:17:10,63,Lab. de Medição e Calibração,IFPB-VISITANTE,84:f1:47:54:f9:82,-86,11
08/05/2026,07:17:10,63,Lab. de Medição e Calibração,IFPB,24:36:da:2b:bc:00,-87,6
08/05/2026,07:17:10,63,Lab. de Medição e Calibração,IFPB,84:f1:47:54:f9:80,-87,11
08/05/2026,07:17:10,63,Lab. de Medição e Calibração,IFPB TCC,d8:5d:4c:86:7e:66,-88,1
08/05/2026,07:17:10,63,Lab. de Medição e Calibração,IFPB-VISITANTE,24:36:da:2b:5e:c2,-88,1
08/05/2026,07:17:10,63,Lab. de Medição e Calibração,IFPB,24:36:da:2b:5e:c0,-89,1
08/05/2026,07:17:10,63,Lab. de Medição e Calibração,NPEF/NEPA,50:c7:bf:ef:56:8a,-90,3
08/05/2026,07:17:10,63,Lab. de Medição e Calibração,GPDS,00:26:5a:66:55:ef,-90,6
08/05/2026,07:17:10,63,Lab. de Medição e Calibração,UA2-MiniLab,60:32:b1:2d:66:c3,-93,10
08/05/2026,07:17:10,63,Lab. de Medição e Calibração,SALA_MESTRADO,64:66:b3:62:eb:86,-94,1
08/05/2026,07:17:10,63,Lab. de Medição e Calibração,PeterNetwork,1e:1d:49:86:2d:8e,-94,11
08/05/2026,07:17:10,63,Lab. de Medição e Calibração,NUNYA_Room_2.4GHz,cc:32:e5:0c:fc:2b,-95,9
08/05/2026,07:17:10,63,Lab. de Medição e Calibração,IFPB-Sala_Professor_14,48:51:cf:81:b0:9e,-96,2
08/05/2026,07:17:20,64,Lab. de Medição e Calibração,TP-Link_1324,7c:f1:7e:8d:13:22,-48,10
08/05/2026,07:17:20,64,Lab. de Medição e Calibração,IFPB,84:f1:47:54:96:e0,-58,1
08/05/2026,07:17:20,64,Lab. de Medição e Calibração,IFPB-VISITANTE,84:f1:47:54:96:e2,-58,1
08/05/2026,07:17:20,64,Lab. de Medição e Calibração,APTelefonia,58:10:8c:91:f3:aa,-62,1
08/05/2026,07:17:20,64,Lab. de Medição e Calibração,Intelbras,18:0d:2c:7f:eb:ac,-68,7
08/05/2026,07:17:20,64,Lab. de Medição e Calibração,IFPB,e4:4e:2d:85:4c:60,-81,11
08/05/2026,07:17:20,64,Lab. de Medição e Calibração,IFPB-VISITANTE,e4:4e:2d:85:4c:62,-81,11
08/05/2026,07:17:20,64,Lab. de Medição e Calibração,IFPB-Sala_Professor_14,24:fd:0d:57:19:26,-82,5
08/05/2026,07:17:20,64,Lab. de Medição e Calibração,IFPB,24:36:da:2b:bc:00,-82,6
08/05/2026,07:17:20,64,Lab. de Medição e Calibração,IFPB-VISITANTE,24:36:da:2b:bc:02,-82,6
08/05/2026,07:17:20,64,Lab. de Medição e Calibração,IFPB-VISITANTE,84:f1:47:54:8b:a2,-84,1
08/05/2026,07:17:20,64,Lab. de Medição e Calibração,IFPB,84:f1:47:54:8b:a0,-84,1
08/05/2026,07:17:20,64,Lab. de Medição e Calibração,IFPB TCC,d8:5d:4c:86:7e:66,-84,1
08/05/2026,07:17:20,64,Lab. de Medição e Calibração,IFPB,84:f1:47:54:6b:80,-84,6
08/05/2026,07:17:20,64,Lab. de Medição e Calibração,TP-Link_C3CB,d8:0d:17:3e:c3:cb,-85,4
08/05/2026,07:17:20,64,Lab. de Medição e Calibração,IFPB-VISITANTE,84:f1:47:54:6b:82,-85,6
08/05/2026,07:17:20,64,Lab. de Medição e Calibração,Lab. de Sinais Digitais,18:d6:c7:f9:37:2f,-85,11
08/05/2026,07:17:20,64,Lab. de Medição e Calibração,GPDS,00:26:5a:66:55:ef,-86,6
08/05/2026,07:17:20,64,Lab. de Medição e Calibração,IFPB,24:36:da:2b:5e:c0,-87,1
08/05/2026,07:17:20,64,Lab. de Medição e Calibração,IFPB-VISITANTE,24:36:da:2b:5e:c2,-87,1
08/05/2026,07:17:20,64,Lab. de Medição e Calibração,IFPB-VISITANTE,84:f1:47:54:f9:82,-87,11
08/05/2026,07:17:20,64,Lab. de Medição e Calibração,IFPB,84:f1:47:54:f9:80,-87,11
08/05/2026,07:17:20,64,Lab. de Medição e Calibração,UA2-MiniLab,60:32:b1:2d:66:c3,-88,10
08/05/2026,07:17:20,64,Lab. de Medição e Calibração,PeterNetwork,1e:1d:49:86:2d:8e,-88,11
08/05/2026,07:17:20,64,Lab. de Medição e Calibração,IFPB-Sala_Professor_14,48:51:cf:81:b0:9e,-89,2
08/05/2026,07:17:20,64,Lab. de Medição e Calibração,SALA_MESTRADO,64:66:b3:62:eb:86,-90,1
08/05/2026,07:17:20,64,Lab. de Medição e Calibração,NPEF/NEPA,50:c7:bf:ef:56:8a,-94,3
08/05/2026,07:17:30,65,Lab. de Medição e Calibração,TP-Link_1324,7c:f1:7e:8d:13:22,-52,10
08/05/2026,07:17:30,65,Lab. de Medição e Calibração,IFPB,84:f1:47:54:96:e0,-59,1
08/05/2026,07:17:30,65,Lab. de Medição e Calibração,IFPB-VISITANTE,84:f1:47:54:96:e2,-59,1
08/05/2026,07:17:30,65,Lab. de Medição e Calibração,APTelefonia,58:10:8c:91:f3:aa,-60,1
08/05/2026,07:17:30,65,Lab. de Medição e Calibração,Intelbras,18:0d:2c:7f:eb:ac,-65,7
08/05/2026,07:17:30,65,Lab. de Medição e Calibração,IFPB,24:36:da:2b:bc:00,-76,6
08/05/2026,07:17:30,65,Lab. de Medição e Calibração,IFPB-VISITANTE,24:36:da:2b:bc:02,-77,6
08/05/2026,07:17:30,65,Lab. de Medição e Calibração,IFPB,e4:4e:2d:85:4c:60,-78,11
08/05/2026,07:17:30,65,Lab. de Medição e Calibração,IFPB-VISITANTE,e4:4e:2d:85:4c:62,-79,11
08/05/2026,07:17:30,65,Lab. de Medição e Calibração,Lab. de Sinais Digitais,18:d6:c7:f9:37:2f,-81,11
08/05/2026,07:17:30,65,Lab. de Medição e Calibração,IFPB TCC,d8:5d:4c:86:7e:66,-82,1
08/05/2026,07:17:30,65,Lab. de Medição e Calibração,GPDS,00:26:5a:66:55:ef,-82,6
08/05/2026,07:17:30,65,Lab. de Medição e Calibração,IFPB-VISITANTE,84:f1:47:54:6b:82,-84,6
08/05/2026,07:17:30,65,Lab. de Medição e Calibração,IFPB,84:f1:47:54:6b:80,-84,6
08/05/2026,07:17:30,65,Lab. de Medição e Calibração,IFPB-Sala_Professor_14,24:fd:0d:57:19:26,-85,5
08/05/2026,07:17:30,65,Lab. de Medição e Calibração,IFPB,24:36:da:2b:5e:c0,-88,1
08/05/2026,07:17:30,65,Lab. de Medição e Calibração,IFPB-VISITANTE,24:36:da:2b:5e:c2,-88,1
08/05/2026,07:17:30,65,Lab. de Medição e Calibração,IFPB-Sala_Professor_14,48:51:cf:81:b0:9e,-88,2
08/05/2026,07:17:30,65,Lab. de Medição e Calibração,IFPB,84:f1:47:54:f9:80,-89,11
08/05/2026,07:17:30,65,Lab. de Medição e Calibração,IFPB-VISITANTE,84:f1:47:54:f9:82,-89,11
08/05/2026,07:17:30,65,Lab. de Medição e Calibração,SALA_MESTRADO,64:66:b3:62:eb:86,-91,1
08/05/2026,07:17:30,65,Lab. de Medição e Calibração,TP-Link_C3CB,d8:0d:17:3e:c3:cb,-91,4
08/05/2026,07:17:31,65,Lab. de Medição e Calibração,NPEF/NEPA,50:c7:bf:ef:56:8a,-93,3
08/05/2026,07:17:31,65,Lab. de Medição e Calibração,UA2-MiniLab,60:32:b1:2d:66:c3,-93,10
08/05/2026,07:17:31,65,Lab. de Medição e Calibração,PeterNetwork,1e:1d:49:86:2d:8e,-93,11
08/05/2026,07:17:31,65,Lab. de Medição e Calibração,NUNYA_Room_2.4GHz,cc:32:e5:0c:fc:2b,-95,9
08/05/2026,07:17:46,66,Lab. de Medição e Calibração,TP-Link_1324,7c:f1:7e:8d:13:22,-49,10
08/05/2026,07:17:46,66,Lab. de Medição e Calibração,APTelefonia,58:10:8c:91:f3:aa,-60,1
08/05/2026,07:17:46,66,Lab. de Medição e Calibração,Intelbras,18:0d:2c:7f:eb:ac,-69,7
08/05/2026,07:17:46,66,Lab. de Medição e Calibração,IFPB,84:f1:47:54:96:e0,-70,1
08/05/2026,07:17:46,66,Lab. de Medição e Calibração,IFPB-VISITANTE,84:f1:47:54:96:e2,-70,1
08/05/2026,07:17:46,66,Lab. de Medição e Calibração,IFPB-Sala_Professor_14,24:fd:0d:57:19:26,-73,5
08/05/2026,07:17:46,66,Lab. de Medição e Calibração,IFPB,24:36:da:2b:bc:00,-74,6
08/05/2026,07:17:46,66,Lab. de Medição e Calibração,IFPB-VISITANTE,24:36:da:2b:bc:02,-75,6
08/05/2026,07:17:46,66,Lab. de Medição e Calibração,IFPB-VISITANTE,e4:4e:2d:85:4c:62,-75,11
08/05/2026,07:17:46,66,Lab. de Medição e Calibração,IFPB,e4:4e:2d:85:4c:60,-76,11
08/05/2026,07:17:46,66,Lab. de Medição e Calibração,Lab. de Sinais Digitais,18:d6:c7:f9:37:2f,-76,11
08/05/2026,07:17:46,66,Lab. de Medição e Calibração,TP-Link_C3CB,d8:0d:17:3e:c3:cb,-81,4
08/05/2026,07:17:46,66,Lab. de Medição e Calibração,UA2-MiniLab,60:32:b1:2d:66:c3,-84,10
08/05/2026,07:17:46,66,Lab. de Medição e Calibração,IFPB,24:36:da:2b:5e:c0,-86,1
08/05/2026,07:17:46,66,Lab. de Medição e Calibração,IFPB-VISITANTE,24:36:da:2b:5e:c2,-88,1
08/05/2026,07:17:46,66,Lab. de Medição e Calibração,IFPB-VISITANTE,84:f1:47:54:6b:82,-88,6
08/05/2026,07:17:46,66,Lab. de Medição e Calibração,GPDS,00:26:5a:66:55:ef,-92,6
08/05/2026,07:17:46,66,Lab. de Medição e Calibração,IFPB-VISITANTE,84:f1:47:54:f9:82,-92,11
08/05/2026,07:17:46,66,Lab. de Medição e Calibração,NPEF/NEPA,50:c7:bf:ef:56:8a,-94,3
08/05/2026,07:17:46,66,Lab. de Medição e Calibração,NUNYA_Room_2.4GHz,cc:32:e5:0c:fc:2b,-97,9
08/05/2026,07:17:56,67,Lab. de Medição e Calibração,TP-Link_1324,7c:f1:7e:8d:13:22,-47,10
08/05/2026,07:17:56,67,Lab. de Medição e Calibração,APTelefonia,58:10:8c:91:f3:aa,-55,1
08/05/2026,07:17:56,67,Lab. de Medição e Calibração,IFPB,84:f1:47:54:96:e0,-65,1
08/05/2026,07:17:56,67,Lab. de Medição e Calibração,IFPB-VISITANTE,84:f1:47:54:96:e2,-65,1
08/05/2026,07:17:56,67,Lab. de Medição e Calibração,Intelbras,18:0d:2c:7f:eb:ac,-65,7
08/05/2026,07:17:56,67,Lab. de Medição e Calibração,IFPB-VISITANTE,e4:4e:2d:85:4c:62,-73,11
08/05/2026,07:17:56,67,Lab. de Medição e Calibração,IFPB,e4:4e:2d:85:4c:60,-74,11
08/05/2026,07:17:56,67,Lab. de Medição e Calibração,Lab. de Sinais Digitais,18:d6:c7:f9:37:2f,-76,11
08/05/2026,07:17:56,67,Lab. de Medição e Calibração,IFPB-Sala_Professor_14,24:fd:0d:57:19:26,-77,5
08/05/2026,07:17:56,67,Lab. de Medição e Calibração,IFPB,24:36:da:2b:bc:00,-78,6
08/05/2026,07:17:56,67,Lab. de Medição e Calibração,IFPB-VISITANTE,24:36:da:2b:bc:02,-79,6
08/05/2026,07:17:56,67,Lab. de Medição e Calibração,TP-Link_C3CB,d8:0d:17:3e:c3:cb,-85,4
08/05/2026,07:17:56,67,Lab. de Medição e Calibração,IFPB-VISITANTE,24:36:da:2b:5e:c2,-86,1
08/05/2026,07:17:56,67,Lab. de Medição e Calibração,NPEF/NEPA,50:c7:bf:ef:56:8a,-86,3
08/05/2026,07:17:56,67,Lab. de Medição e Calibração,IFPB,24:36:da:2b:5e:c0,-87,1
08/05/2026,07:17:56,67,Lab. de Medição e Calibração,GPDS,00:26:5a:66:55:ef,-87,6
08/05/2026,07:17:56,67,Lab. de Medição e Calibração,UA2-MiniLab,60:32:b1:2d:66:c3,-87,10
08/05/2026,07:17:56,67,Lab. de Medição e Calibração,IFPB-VISITANTE,84:f1:47:54:f9:82,-89,11
08/05/2026,07:17:56,67,Lab. de Medição e Calibração,PeterNetwork,1e:1d:49:86:2d:8e,-90,11
08/05/2026,07:17:56,67,Lab. de Medição e Calibração,IFPB,84:f1:47:54:f9:80,-90,11
08/05/2026,07:17:56,67,Lab. de Medição e Calibração,SALA_MESTRADO,64:66:b3:62:eb:86,-91,1
08/05/2026,07:17:56,67,Lab. de Medição e Calibração,IFPB TCC,d8:5d:4c:86:7e:66,-91,1
08/05/2026,07:17:56,67,Lab. de Medição e Calibração,NUNYA_Room_2.4GHz,cc:32:e5:0c:fc:2b,-95,9
08/05/2026,07:18:06,68,Lab. de Medição e Calibração,TP-Link_1324,7c:f1:7e:8d:13:22,-45,10
08/05/2026,07:18:06,68,Lab. de Medição e Calibração,APTelefonia,58:10:8c:91:f3:aa,-53,1
08/05/2026,07:18:06,68,Lab. de Medição e Calibração,IFPB,84:f1:47:54:96:e0,-65,1
08/05/2026,07:18:06,68,Lab. de Medição e Calibração,IFPB-VISITANTE,84:f1:47:54:96:e2,-65,1
08/05/2026,07:18:06,68,Lab. de Medição e Calibração,Intelbras,18:0d:2c:7f:eb:ac,-66,7
08/05/2026,07:18:06,68,Lab. de Medição e Calibração,IFPB,e4:4e:2d:85:4c:60,-73,11
08/05/2026,07:18:06,68,Lab. de Medição e Calibração,IFPB-VISITANTE,e4:4e:2d:85:4c:62,-74,11
08/05/2026,07:18:06,68,Lab. de Medição e Calibração,Lab. de Sinais Digitais,18:d6:c7:f9:37:2f,-75,11
08/05/2026,07:18:06,68,Lab. de Medição e Calibração,IFPB,24:36:da:2b:bc:00,-76,6
08/05/2026,07:18:06,68,Lab. de Medição e Calibração,IFPB-VISITANTE,24:36:da:2b:bc:02,-76,6
08/05/2026,07:18:06,68,Lab. de Medição e Calibração,IFPB-Sala_Professor_14,24:fd:0d:57:19:26,-79,5
08/05/2026,07:18:06,68,Lab. de Medição e Calibração,TP-Link_C3CB,d8:0d:17:3e:c3:cb,-82,4
08/05/2026,07:18:06,68,Lab. de Medição e Calibração,IFPB-VISITANTE,24:36:da:2b:5e:c2,-86,1
08/05/2026,07:18:06,68,Lab. de Medição e Calibração,UA2-MiniLab,60:32:b1:2d:66:c3,-86,10
08/05/2026,07:18:06,68,Lab. de Medição e Calibração,IFPB,24:36:da:2b:5e:c0,-87,1
08/05/2026,07:18:06,68,Lab. de Medição e Calibração,NPEF/NEPA,50:c7:bf:ef:56:8a,-87,3
08/05/2026,07:18:06,68,Lab. de Medição e Calibração,GPDS,00:26:5a:66:55:ef,-88,6
08/05/2026,07:18:06,68,Lab. de Medição e Calibração,IFPB TCC,d8:5d:4c:86:7e:66,-89,1
08/05/2026,07:18:06,68,Lab. de Medição e Calibração,IFPB,84:f1:47:54:8b:a0,-89,1
08/05/2026,07:18:06,68,Lab. de Medição e Calibração,IFPB-VISITANTE,84:f1:47:54:f9:82,-89,11
08/05/2026,07:18:06,68,Lab. de Medição e Calibração,IFPB,84:f1:47:54:f9:80,-89,11
08/05/2026,07:18:06,68,Lab. de Medição e Calibração,SALA_MESTRADO,64:66:b3:62:eb:86,-91,1
08/05/2026,07:18:06,68,Lab. de Medição e Calibração,NUNYA_Room_2.4GHz,cc:32:e5:0c:fc:2b,-93,9
08/05/2026,07:18:06,68,Lab. de Medição e Calibração,PeterNetwork,1e:1d:49:86:2d:8e,-93,11
08/05/2026,07:18:16,69,Lab. de Medição e Calibração,TP-Link_1324,7c:f1:7e:8d:13:22,-44,10
08/05/2026,07:18:16,69,Lab. de Medição e Calibração,APTelefonia,58:10:8c:91:f3:aa,-57,1
08/05/2026,07:18:16,69,Lab. de Medição e Calibração,IFPB,84:f1:47:54:96:e0,-64,1
08/05/2026,07:18:16,69,Lab. de Medição e Calibração,IFPB-VISITANTE,84:f1:47:54:96:e2,-64,1
08/05/2026,07:18:16,69,Lab. de Medição e Calibração,Intelbras,18:0d:2c:7f:eb:ac,-71,7
08/05/2026,07:18:16,69,Lab. de Medição e Calibração,IFPB-VISITANTE,e4:4e:2d:85:4c:62,-73,11
08/05/2026,07:18:16,69,Lab. de Medição e Calibração,IFPB,e4:4e:2d:85:4c:60,-74,11
08/05/2026,07:18:16,69,Lab. de Medição e Calibração,Lab. de Sinais Digitais,18:d6:c7:f9:37:2f,-74,11
08/05/2026,07:18:16,69,Lab. de Medição e Calibração,IFPB,24:36:da:2b:bc:00,-77,6
08/05/2026,07:18:16,69,Lab. de Medição e Calibração,IFPB-VISITANTE,24:36:da:2b:bc:02,-77,6
08/05/2026,07:18:16,69,Lab. de Medição e Calibração,IFPB-Sala_Professor_14,24:fd:0d:57:19:26,-78,5
08/05/2026,07:18:16,69,Lab. de Medição e Calibração,TP-Link_C3CB,d8:0d:17:3e:c3:cb,-82,4
08/05/2026,07:18:16,69,Lab. de Medição e Calibração,IFPB-VISITANTE,24:36:da:2b:5e:c2,-85,1
08/05/2026,07:18:16,69,Lab. de Medição e Calibração,NPEF/NEPA,50:c7:bf:ef:56:8a,-86,3
08/05/2026,07:18:16,69,Lab. de Medição e Calibração,IFPB,24:36:da:2b:5e:c0,-87,1
08/05/2026,07:18:16,69,Lab. de Medição e Calibração,GPDS,00:26:5a:66:55:ef,-87,6
08/05/2026,07:18:16,69,Lab. de Medição e Calibração,UA2-MiniLab,60:32:b1:2d:66:c3,-88,10
08/05/2026,07:18:16,69,Lab. de Medição e Calibração,IFPB-VISITANTE,84:f1:47:54:f9:82,-89,11
08/05/2026,07:18:16,69,Lab. de Medição e Calibração,IFPB TCC,d8:5d:4c:86:7e:66,-90,1
08/05/2026,07:18:16,69,Lab. de Medição e Calibração,SALA_MESTRADO,64:66:b3:62:eb:86,-91,1
08/05/2026,07:18:16,69,Lab. de Medição e Calibração,IFPB-VISITANTE,84:f1:47:54:8b:a2,-91,1
08/05/2026,07:18:16,69,Lab. de Medição e Calibração,PeterNetwork,1e:1d:49:86:2d:8e,-94,11
08/05/2026,07:18:16,69,Lab. de Medição e Calibração,NUNYA_Room_2.4GHz,cc:32:e5:0c:fc:2b,-95,9
08/05/2026,07:18:26,70,Lab. de Medição e Calibração,TP-Link_1324,7c:f1:7e:8d:13:22,-43,10
08/05/2026,07:18:26,70,Lab. de Medição e Calibração,APTelefonia,58:10:8c:91:f3:aa,-56,1
08/05/2026,07:18:26,70,Lab. de Medição e Calibração,IFPB,84:f1:47:54:96:e0,-64,1
08/05/2026,07:18:26,70,Lab. de Medição e Calibração,IFPB-VISITANTE,84:f1:47:54:96:e2,-64,1
08/05/2026,07:18:26,70,Lab. de Medição e Calibração,Intelbras,18:0d:2c:7f:eb:ac,-68,7
08/05/2026,07:18:26,70,Lab. de Medição e Calibração,IFPB-VISITANTE,24:36:da:2b:bc:02,-71,6
08/05/2026,07:18:26,70,Lab. de Medição e Calibração,IFPB,24:36:da:2b:bc:00,-72,6
08/05/2026,07:18:26,70,Lab. de Medição e Calibração,IFPB,e4:4e:2d:85:4c:60,-72,11
08/05/2026,07:18:26,70,Lab. de Medição e Calibração,IFPB-VISITANTE,e4:4e:2d:85:4c:62,-72,11
08/05/2026,07:18:26,70,Lab. de Medição e Calibração,Lab. de Sinais Digitais,18:d6:c7:f9:37:2f,-74,11
08/05/2026,07:18:26,70,Lab. de Medição e Calibração,NPEF/NEPA,50:c7:bf:ef:56:8a,-82,3
08/05/2026,07:18:26,70,Lab. de Medição e Calibração,TP-Link_C3CB,d8:0d:17:3e:c3:cb,-82,4
08/05/2026,07:18:26,70,Lab. de Medição e Calibração,IFPB-Sala_Professor_14,24:fd:0d:57:19:26,-82,5
08/05/2026,07:18:26,70,Lab. de Medição e Calibração,IFPB-VISITANTE,24:36:da:2b:5e:c2,-83,1
08/05/2026,07:18:26,70,Lab. de Medição e Calibração,IFPB,24:36:da:2b:5e:c0,-84,1
08/05/2026,07:18:26,70,Lab. de Medição e Calibração,UA2-MiniLab,60:32:b1:2d:66:c3,-85,10
08/05/2026,07:18:27,70,Lab. de Medição e Calibração,IFPB-VISITANTE,84:f1:47:54:8b:a2,-87,1
08/05/2026,07:18:27,70,Lab. de Medição e Calibração,IFPB TCC,d8:5d:4c:86:7e:66,-87,1
08/05/2026,07:18:27,70,Lab. de Medição e Calibração,SALA_MESTRADO,64:66:b3:62:eb:86,-89,1
08/05/2026,07:18:27,70,Lab. de Medição e Calibração,GPDS,00:26:5a:66:55:ef,-89,6
08/05/2026,07:18:27,70,Lab. de Medição e Calibração,IFPB-VISITANTE,84:f1:47:54:f9:82,-89,11
08/05/2026,07:18:27,70,Lab. de Medição e Calibração,IFPB,84:f1:47:54:f9:80,-91,11
08/05/2026,07:18:27,70,Lab. de Medição e Calibração,NUNYA_Room_2.4GHz,cc:32:e5:0c:fc:2b,-94,9
08/05/2026,07:18:27,70,Lab. de Medição e Calibração,PeterNetwork,1e:1d:49:86:2d:8e,-94,11
08/05/2026,07:19:06,71,Coordenação de pós em Eng. Elétrica,APTelefonia,58:10:8c:91:f3:aa,-59,1
08/05/2026,07:19:06,71,Coordenação de pós em Eng. Elétrica,Intelbras,18:0d:2c:7f:eb:ac,-61,7
08/05/2026,07:19:06,71,Coordenação de pós em Eng. Elétrica,TP-Link_1324,7c:f1:7e:8d:13:22,-63,10
08/05/2026,07:19:06,71,Coordenação de pós em Eng. Elétrica,Lab. de Sinais Digitais,18:d6:c7:f9:37:2f,-70,11
08/05/2026,07:19:06,71,Coordenação de pós em Eng. Elétrica,IFPB-Sala_Professor_14,24:fd:0d:57:19:26,-71,5
08/05/2026,07:19:06,71,Coordenação de pós em Eng. Elétrica,IFPB,e4:4e:2d:85:4c:60,-79,11
08/05/2026,07:19:06,71,Coordenação de pós em Eng. Elétrica,IFPB-VISITANTE,e4:4e:2d:85:4c:62,-79,11
08/05/2026,07:19:06,71,Coordenação de pós em Eng. Elétrica,UA2-MiniLab,60:32:b1:2d:66:c3,-82,10
08/05/2026,07:19:06,71,Coordenação de pós em Eng. Elétrica,IFPB,24:36:da:2b:bc:00,-84,6
08/05/2026,07:19:06,71,Coordenação de pós em Eng. Elétrica,IFPB-VISITANTE,24:36:da:2b:bc:02,-84,6
08/05/2026,07:19:06,71,Coordenação de pós em Eng. Elétrica,IFPB TCC,d8:5d:4c:86:7e:66,-88,1
08/05/2026,07:19:07,71,Coordenação de pós em Eng. Elétrica,IFPB,84:f1:47:54:eb:20,-88,6
08/05/2026,07:19:07,71,Coordenação de pós em Eng. Elétrica,SALA_MESTRADO,64:66:b3:62:eb:86,-89,1
08/05/2026,07:19:07,71,Coordenação de pós em Eng. Elétrica,IFPB-Sala_Professor_14,48:51:cf:81:b0:9e,-90,2
08/05/2026,07:19:07,71,Coordenação de pós em Eng. Elétrica,GPDS,00:26:5a:66:55:ef,-90,6
08/05/2026,07:19:07,71,Coordenação de pós em Eng. Elétrica,PeterNetwork,1e:1d:49:86:2d:8e,-92,11
08/05/2026,07:19:07,71,Coordenação de pós em Eng. Elétrica,Lab Redes Convergentes,64:70:02:99:fe:f4,-94,6
08/05/2026,07:19:07,71,Coordenação de pós em Eng. Elétrica,NUNYA_Room_2.4GHz,cc:32:e5:0c:fc:2b,-94,9
08/05/2026,07:19:07,71,Coordenação de pós em Eng. Elétrica,NPEF/NEPA,50:c7:bf:ef:56:8a,-96,3
08/05/2026,07:19:16,72,Coordenação de pós em Eng. Elétrica,APTelefonia,58:10:8c:91:f3:aa,-61,1
08/05/2026,07:19:16,72,Coordenação de pós em Eng. Elétrica,TP-Link_1324,7c:f1:7e:8d:13:22,-61,10
08/05/2026,07:19:16,72,Coordenação de pós em Eng. Elétrica,Intelbras,18:0d:2c:7f:eb:ac,-63,7
08/05/2026,07:19:16,72,Coordenação de pós em Eng. Elétrica,IFPB-Sala_Professor_14,24:fd:0d:57:19:26,-69,5
08/05/2026,07:19:16,72,Coordenação de pós em Eng. Elétrica,Lab. de Sinais Digitais,18:d6:c7:f9:37:2f,-72,11
08/05/2026,07:19:17,72,Coordenação de pós em Eng. Elétrica,IFPB TCC,d8:5d:4c:86:7e:66,-80,1
08/05/2026,07:19:17,72,Coordenação de pós em Eng. Elétrica,IFPB,e4:4e:2d:85:4c:60,-80,11
08/05/2026,07:19:17,72,Coordenação de pós em Eng. Elétrica,IFPB-VISITANTE,e4:4e:2d:85:4c:62,-80,11
08/05/2026,07:19:17,72,Coordenação de pós em Eng. Elétrica,IFPB,24:36:da:2b:bc:00,-82,6
08/05/2026,07:19:17,72,Coordenação de pós em Eng. Elétrica,UA2-MiniLab,60:32:b1:2d:66:c3,-82,10
08/05/2026,07:19:17,72,Coordenação de pós em Eng. Elétrica,IFPB-VISITANTE,24:36:da:2b:bc:02,-83,6
08/05/2026,07:19:17,72,Coordenação de pós em Eng. Elétrica,SALA_MESTRADO,64:66:b3:62:eb:86,-91,1
08/05/2026,07:19:17,72,Coordenação de pós em Eng. Elétrica,IFPB-Sala_Professor_14,48:51:cf:81:b0:9e,-92,2
08/05/2026,07:19:17,72,Coordenação de pós em Eng. Elétrica,GPDS,00:26:5a:66:55:ef,-92,6
08/05/2026,07:19:17,72,Coordenação de pós em Eng. Elétrica,PeterNetwork,1e:1d:49:86:2d:8e,-94,11
08/05/2026,07:19:17,72,Coordenação de pós em Eng. Elétrica,NPEF/NEPA,50:c7:bf:ef:56:8a,-95,3
08/05/2026,07:19:26,73,Coordenação de pós em Eng. Elétrica,APTelefonia,58:10:8c:91:f3:aa,-59,1
08/05/2026,07:19:26,73,Coordenação de pós em Eng. Elétrica,Intelbras,18:0d:2c:7f:eb:ac,-63,7
08/05/2026,07:19:26,73,Coordenação de pós em Eng. Elétrica,TP-Link_1324,7c:f1:7e:8d:13:22,-63,10
08/05/2026,07:19:26,73,Coordenação de pós em Eng. Elétrica,IFPB-Sala_Professor_14,24:fd:0d:57:19:26,-66,5
08/05/2026,07:19:26,73,Coordenação de pós em Eng. Elétrica,Lab. de Sinais Digitais,18:d6:c7:f9:37:2f,-72,11
08/05/2026,07:19:26,73,Coordenação de pós em Eng. Elétrica,IFPB,e4:4e:2d:85:4c:60,-80,11
08/05/2026,07:19:26,73,Coordenação de pós em Eng. Elétrica,IFPB-VISITANTE,e4:4e:2d:85:4c:62,-80,11
08/05/2026,07:19:26,73,Coordenação de pós em Eng. Elétrica,IFPB TCC,d8:5d:4c:86:7e:66,-82,1
08/05/2026,07:19:26,73,Coordenação de pós em Eng. Elétrica,IFPB-VISITANTE,24:36:da:2b:bc:02,-83,6
08/05/2026,07:19:26,73,Coordenação de pós em Eng. Elétrica,IFPB,24:36:da:2b:bc:00,-84,6
08/05/2026,07:19:26,73,Coordenação de pós em Eng. Elétrica,UA2-MiniLab,60:32:b1:2d:66:c3,-84,10
08/05/2026,07:19:27,73,Coordenação de pós em Eng. Elétrica,SALA_MESTRADO,64:66:b3:62:eb:86,-90,1
08/05/2026,07:19:27,73,Coordenação de pós em Eng. Elétrica,GPDS,00:26:5a:66:55:ef,-90,6
08/05/2026,07:19:27,73,Coordenação de pós em Eng. Elétrica,PeterNetwork,1e:1d:49:86:2d:8e,-93,11
08/05/2026,07:19:27,73,Coordenação de pós em Eng. Elétrica,IFPB-Sala_Professor_14,48:51:cf:81:b0:9e,-95,2
08/05/2026,07:19:36,74,Coordenação de pós em Eng. Elétrica,Intelbras,18:0d:2c:7f:eb:ac,-63,7
08/05/2026,07:19:36,74,Coordenação de pós em Eng. Elétrica,TP-Link_1324,7c:f1:7e:8d:13:22,-63,10
08/05/2026,07:19:36,74,Coordenação de pós em Eng. Elétrica,APTelefonia,58:10:8c:91:f3:aa,-65,1
08/05/2026,07:19:36,74,Coordenação de pós em Eng. Elétrica,Lab. de Sinais Digitais,18:d6:c7:f9:37:2f,-67,11
08/05/2026,07:19:36,74,Coordenação de pós em Eng. Elétrica,IFPB-Sala_Professor_14,24:fd:0d:57:19:26,-75,5
08/05/2026,07:19:36,74,Coordenação de pós em Eng. Elétrica,IFPB-VISITANTE,e4:4e:2d:85:4c:62,-80,11
08/05/2026,07:19:36,74,Coordenação de pós em Eng. Elétrica,IFPB,e4:4e:2d:85:4c:60,-81,11
08/05/2026,07:19:36,74,Coordenação de pós em Eng. Elétrica,IFPB TCC,d8:5d:4c:86:7e:66,-84,1
08/05/2026,07:19:36,74,Coordenação de pós em Eng. Elétrica,IFPB,24:36:da:2b:bc:00,-86,6
08/05/2026,07:19:36,74,Coordenação de pós em Eng. Elétrica,UA2-MiniLab,60:32:b1:2d:66:c3,-86,10
08/05/2026,07:19:36,74,Coordenação de pós em Eng. Elétrica,PeterNetwork,1e:1d:49:86:2d:8e,-86,11
08/05/2026,07:19:36,74,Coordenação de pós em Eng. Elétrica,IFPB-VISITANTE,24:36:da:2b:bc:02,-87,6
08/05/2026,07:19:36,74,Coordenação de pós em Eng. Elétrica,SALA_MESTRADO,64:66:b3:62:eb:86,-89,1
08/05/2026,07:19:36,74,Coordenação de pós em Eng. Elétrica,GPDS,00:26:5a:66:55:ef,-91,6
08/05/2026,07:19:36,74,Coordenação de pós em Eng. Elétrica,IFPB-Sala_Professor_14,48:51:cf:81:b0:9e,-95,2
08/05/2026,07:19:46,75,Coordenação de pós em Eng. Elétrica,Intelbras,18:0d:2c:7f:eb:ac,-62,7
08/05/2026,07:19:46,75,Coordenação de pós em Eng. Elétrica,TP-Link_1324,7c:f1:7e:8d:13:22,-62,10
08/05/2026,07:19:46,75,Coordenação de pós em Eng. Elétrica,APTelefonia,58:10:8c:91:f3:aa,-68,1
08/05/2026,07:19:46,75,Coordenação de pós em Eng. Elétrica,Lab. de Sinais Digitais,18:d6:c7:f9:37:2f,-70,11
08/05/2026,07:19:46,75,Coordenação de pós em Eng. Elétrica,IFPB-Sala_Professor_14,24:fd:0d:57:19:26,-74,5
08/05/2026,07:19:46,75,Coordenação de pós em Eng. Elétrica,IFPB,e4:4e:2d:85:4c:60,-79,11
08/05/2026,07:19:46,75,Coordenação de pós em Eng. Elétrica,IFPB-VISITANTE,e4:4e:2d:85:4c:62,-79,11
08/05/2026,07:19:46,75,Coordenação de pós em Eng. Elétrica,IFPB TCC,d8:5d:4c:86:7e:66,-83,1
08/05/2026,07:19:46,75,Coordenação de pós em Eng. Elétrica,UA2-MiniLab,60:32:b1:2d:66:c3,-83,10
08/05/2026,07:19:46,75,Coordenação de pós em Eng. Elétrica,IFPB-VISITANTE,24:36:da:2b:bc:02,-85,6
08/05/2026,07:19:46,75,Coordenação de pós em Eng. Elétrica,IFPB,24:36:da:2b:bc:00,-86,6
08/05/2026,07:19:46,75,Coordenação de pós em Eng. Elétrica,PeterNetwork,1e:1d:49:86:2d:8e,-89,11
08/05/2026,07:19:46,75,Coordenação de pós em Eng. Elétrica,GPDS,00:26:5a:66:55:ef,-90,6
08/05/2026,07:19:46,75,Coordenação de pós em Eng. Elétrica,SALA_MESTRADO,64:66:b3:62:eb:86,-91,1
08/05/2026,07:19:46,75,Coordenação de pós em Eng. Elétrica,NUNYA_Room_2.4GHz,cc:32:e5:0c:fc:2b,-94,9
08/05/2026,07:19:56,76,Coordenação de pós em Eng. Elétrica,APTelefonia,58:10:8c:91:f3:aa,-57,1
08/05/2026,07:19:56,76,Coordenação de pós em Eng. Elétrica,Intelbras,18:0d:2c:7f:eb:ac,-62,7
08/05/2026,07:19:56,76,Coordenação de pós em Eng. Elétrica,TP-Link_1324,7c:f1:7e:8d:13:22,-62,10
08/05/2026,07:19:56,76,Coordenação de pós em Eng. Elétrica,Lab. de Sinais Digitais,18:d6:c7:f9:37:2f,-72,11
08/05/2026,07:19:56,76,Coordenação de pós em Eng. Elétrica,IFPB-Sala_Professor_14,24:fd:0d:57:19:26,-77,5
08/05/2026,07:19:56,76,Coordenação de pós em Eng. Elétrica,IFPB-VISITANTE,e4:4e:2d:85:4c:62,-79,11
08/05/2026,07:19:56,76,Coordenação de pós em Eng. Elétrica,IFPB,e4:4e:2d:85:4c:60,-80,11
08/05/2026,07:19:56,76,Coordenação de pós em Eng. Elétrica,UA2-MiniLab,60:32:b1:2d:66:c3,-83,10
08/05/2026,07:19:56,76,Coordenação de pós em Eng. Elétrica,IFPB TCC,d8:5d:4c:86:7e:66,-84,1
08/05/2026,07:19:56,76,Coordenação de pós em Eng. Elétrica,IFPB,24:36:da:2b:bc:00,-84,6
08/05/2026,07:19:56,76,Coordenação de pós em Eng. Elétrica,IFPB-VISITANTE,24:36:da:2b:bc:02,-84,6
08/05/2026,07:19:56,76,Coordenação de pós em Eng. Elétrica,IFPB,84:f1:47:54:eb:20,-88,6
08/05/2026,07:19:56,76,Coordenação de pós em Eng. Elétrica,SALA_MESTRADO,64:66:b3:62:eb:86,-89,1
08/05/2026,07:19:56,76,Coordenação de pós em Eng. Elétrica,Lab Redes Convergentes,64:70:02:99:fe:f4,-92,6
08/05/2026,07:19:56,76,Coordenação de pós em Eng. Elétrica,IFPB-Sala_Professor_14,48:51:cf:81:b0:9e,-93,2
08/05/2026,07:19:56,76,Coordenação de pós em Eng. Elétrica,GPDS,00:26:5a:66:55:ef,-94,6
08/05/2026,07:19:56,76,Coordenação de pós em Eng. Elétrica,PeterNetwork,1e:1d:49:86:2d:8e,-96,11
08/05/2026,07:20:06,77,Coordenação de pós em Eng. Elétrica,APTelefonia,58:10:8c:91:f3:aa,-54,1
08/05/2026,07:20:06,77,Coordenação de pós em Eng. Elétrica,TP-Link_1324,7c:f1:7e:8d:13:22,-63,10
08/05/2026,07:20:06,77,Coordenação de pós em Eng. Elétrica,Intelbras,18:0d:2c:7f:eb:ac,-64,7
08/05/2026,07:20:06,77,Coordenação de pós em Eng. Elétrica,Lab. de Sinais Digitais,18:d6:c7:f9:37:2f,-67,11
08/05/2026,07:20:06,77,Coordenação de pós em Eng. Elétrica,IFPB-Sala_Professor_14,24:fd:0d:57:19:26,-72,5
08/05/2026,07:20:06,77,Coordenação de pós em Eng. Elétrica,IFPB TCC,d8:5d:4c:86:7e:66,-82,1
08/05/2026,07:20:06,77,Coordenação de pós em Eng. Elétrica,IFPB,e4:4e:2d:85:4c:60,-82,11
08/05/2026,07:20:06,77,Coordenação de pós em Eng. Elétrica,IFPB-VISITANTE,e4:4e:2d:85:4c:62,-82,11
08/05/2026,07:20:06,77,Coordenação de pós em Eng. Elétrica,IFPB,24:36:da:2b:bc:00,-83,6
08/05/2026,07:20:06,77,Coordenação de pós em Eng. Elétrica,UA2-MiniLab,60:32:b1:2d:66:c3,-83,10
08/05/2026,07:20:06,77,Coordenação de pós em Eng. Elétrica,IFPB-VISITANTE,24:36:da:2b:bc:02,-84,6
08/05/2026,07:20:06,77,Coordenação de pós em Eng. Elétrica,SALA_MESTRADO,64:66:b3:62:eb:86,-88,1
08/05/2026,07:20:06,77,Coordenação de pós em Eng. Elétrica,PeterNetwork,1e:1d:49:86:2d:8e,-89,11
08/05/2026,07:20:06,77,Coordenação de pós em Eng. Elétrica,IFPB-Sala_Professor_14,48:51:cf:81:b0:9e,-92,2
08/05/2026,07:20:06,77,Coordenação de pós em Eng. Elétrica,GPDS,00:26:5a:66:55:ef,-93,6
08/05/2026,07:20:16,78,Coordenação de pós em Eng. Elétrica,APTelefonia,58:10:8c:91:f3:aa,-55,1
08/05/2026,07:20:16,78,Coordenação de pós em Eng. Elétrica,Intelbras,18:0d:2c:7f:eb:ac,-63,7
08/05/2026,07:20:16,78,Coordenação de pós em Eng. Elétrica,TP-Link_1324,7c:f1:7e:8d:13:22,-63,10
08/05/2026,07:20:16,78,Coordenação de pós em Eng. Elétrica,Lab. de Sinais Digitais,18:d6:c7:f9:37:2f,-74,11
08/05/2026,07:20:16,78,Coordenação de pós em Eng. Elétrica,IFPB-VISITANTE,e4:4e:2d:85:4c:62,-78,11
08/05/2026,07:20:16,78,Coordenação de pós em Eng. Elétrica,IFPB-Sala_Professor_14,24:fd:0d:57:19:26,-79,5
08/05/2026,07:20:16,78,Coordenação de pós em Eng. Elétrica,IFPB,e4:4e:2d:85:4c:60,-79,11
08/05/2026,07:20:16,78,Coordenação de pós em Eng. Elétrica,IFPB TCC,d8:5d:4c:86:7e:66,-81,1
08/05/2026,07:20:16,78,Coordenação de pós em Eng. Elétrica,UA2-MiniLab,60:32:b1:2d:66:c3,-84,10
08/05/2026,07:20:16,78,Coordenação de pós em Eng. Elétrica,IFPB,24:36:da:2b:bc:00,-85,6
08/05/2026,07:20:16,78,Coordenação de pós em Eng. Elétrica,IFPB-VISITANTE,24:36:da:2b:bc:02,-85,6
08/05/2026,07:20:16,78,Coordenação de pós em Eng. Elétrica,SALA_MESTRADO,64:66:b3:62:eb:86,-88,1
08/05/2026,07:20:16,78,Coordenação de pós em Eng. Elétrica,GPDS,00:26:5a:66:55:ef,-91,6
08/05/2026,07:20:16,78,Coordenação de pós em Eng. Elétrica,PeterNetwork,1e:1d:49:86:2d:8e,-91,11
08/05/2026,07:20:16,78,Coordenação de pós em Eng. Elétrica,NPEF/NEPA,50:c7:bf:ef:56:8a,-93,3
08/05/2026,07:20:16,78,Coordenação de pós em Eng. Elétrica,Lab Redes Convergentes,64:70:02:99:fe:f4,-94,6
08/05/2026,07:20:26,79,Coordenação de pós em Eng. Elétrica,APTelefonia,58:10:8c:91:f3:aa,-59,1
08/05/2026,07:20:26,79,Coordenação de pós em Eng. Elétrica,Intelbras,18:0d:2c:7f:eb:ac,-60,7
08/05/2026,07:20:26,79,Coordenação de pós em Eng. Elétrica,TP-Link_1324,7c:f1:7e:8d:13:22,-65,10
08/05/2026,07:20:26,79,Coordenação de pós em Eng. Elétrica,Lab. de Sinais Digitais,18:d6:c7:f9:37:2f,-70,11
08/05/2026,07:20:26,79,Coordenação de pós em Eng. Elétrica,IFPB-Sala_Professor_14,24:fd:0d:57:19:26,-71,5
08/05/2026,07:20:26,79,Coordenação de pós em Eng. Elétrica,IFPB,e4:4e:2d:85:4c:60,-76,11
08/05/2026,07:20:26,79,Coordenação de pós em Eng. Elétrica,IFPB-VISITANTE,e4:4e:2d:85:4c:62,-77,11
08/05/2026,07:20:26,79,Coordenação de pós em Eng. Elétrica,IFPB TCC,d8:5d:4c:86:7e:66,-82,1
08/05/2026,07:20:26,79,Coordenação de pós em Eng. Elétrica,IFPB,24:36:da:2b:bc:00,-83,6
08/05/2026,07:20:26,79,Coordenação de pós em Eng. Elétrica,IFPB-VISITANTE,24:36:da:2b:bc:02,-83,6
08/05/2026,07:20:26,79,Coordenação de pós em Eng. Elétrica,UA2-MiniLab,60:32:b1:2d:66:c3,-86,10
08/05/2026,07:20:26,79,Coordenação de pós em Eng. Elétrica,SALA_MESTRADO,64:66:b3:62:eb:86,-89,1
08/05/2026,07:20:26,79,Coordenação de pós em Eng. Elétrica,GPDS,00:26:5a:66:55:ef,-89,6
08/05/2026,07:20:26,79,Coordenação de pós em Eng. Elétrica,IFPB-Sala_Professor_14,48:51:cf:81:b0:9e,-91,2
08/05/2026,07:20:26,79,Coordenação de pós em Eng. Elétrica,NUNYA_Room_2.4GHz,cc:32:e5:0c:fc:2b,-95,9
08/05/2026,07:20:26,79,Coordenação de pós em Eng. Elétrica,PeterNetwork,1e:1d:49:86:2d:8e,-95,11
08/05/2026,07:20:36,80,Coordenação de pós em Eng. Elétrica,APTelefonia,58:10:8c:91:f3:aa,-59,1
08/05/2026,07:20:36,80,Coordenação de pós em Eng. Elétrica,Intelbras,18:0d:2c:7f:eb:ac,-62,7
08/05/2026,07:20:36,80,Coordenação de pós em Eng. Elétrica,TP-Link_1324,7c:f1:7e:8d:13:22,-64,10
08/05/2026,07:20:36,80,Coordenação de pós em Eng. Elétrica,Lab. de Sinais Digitais,18:d6:c7:f9:37:2f,-71,11
08/05/2026,07:20:36,80,Coordenação de pós em Eng. Elétrica,IFPB-Sala_Professor_14,24:fd:0d:57:19:26,-73,5
08/05/2026,07:20:36,80,Coordenação de pós em Eng. Elétrica,IFPB-VISITANTE,e4:4e:2d:85:4c:62,-79,11
08/05/2026,07:20:36,80,Coordenação de pós em Eng. Elétrica,IFPB,e4:4e:2d:85:4c:60,-79,11
08/05/2026,07:20:36,80,Coordenação de pós em Eng. Elétrica,IFPB-VISITANTE,24:36:da:2b:bc:02,-82,6
08/05/2026,07:20:36,80,Coordenação de pós em Eng. Elétrica,IFPB,24:36:da:2b:bc:00,-84,6
08/05/2026,07:20:36,80,Coordenação de pós em Eng. Elétrica,UA2-MiniLab,60:32:b1:2d:66:c3,-84,10
08/05/2026,07:20:36,80,Coordenação de pós em Eng. Elétrica,IFPB TCC,d8:5d:4c:86:7e:66,-88,1
08/05/2026,07:20:36,80,Coordenação de pós em Eng. Elétrica,SALA_MESTRADO,64:66:b3:62:eb:86,-90,1
08/05/2026,07:20:36,80,Coordenação de pós em Eng. Elétrica,IFPB-Sala_Professor_14,48:51:cf:81:b0:9e,-91,2
08/05/2026,07:20:36,80,Coordenação de pós em Eng. Elétrica,GPDS,00:26:5a:66:55:ef,-92,6
08/05/2026,07:20:36,80,Coordenação de pós em Eng. Elétrica,PeterNetwork,1e:1d:49:86:2d:8e,-93,11
08/05/2026,07:20:36,80,Coordenação de pós em Eng. Elétrica,Lab Redes Convergentes,64:70:02:99:fe:f4,-94,6
08/05/2026,07:21:02,81,Lab. de redes convergentes,APTelefonia,58:10:8c:91:f3:aa,-41,1
08/05/2026,07:21:02,81,Lab. de redes convergentes,Intelbras,18:0d:2c:7f:eb:ac,-49,7
08/05/2026,07:21:02,81,Lab. de redes convergentes,TP-Link_1324,7c:f1:7e:8d:13:22,-55,10
08/05/2026,07:21:02,81,Lab. de redes convergentes,IFPB,e4:4e:2d:85:4c:60,-61,11
08/05/2026,07:21:02,81,Lab. de redes convergentes,IFPB-VISITANTE,e4:4e:2d:85:4c:62,-62,11
08/05/2026,07:21:02,81,Lab. de redes convergentes,Lab. de Sinais Digitais,18:d6:c7:f9:37:2f,-64,11
08/05/2026,07:21:03,81,Lab. de redes convergentes,IFPB-Sala_Professor_14,24:fd:0d:57:19:26,-71,5
08/05/2026,07:21:03,81,Lab. de redes convergentes,IFPB TCC,d8:5d:4c:86:7e:66,-78,1
08/05/2026,07:21:03,81,Lab. de redes convergentes,GPDS,00:26:5a:66:55:ef,-78,6
08/05/2026,07:21:03,81,Lab. de redes convergentes,IFPB,84:f1:47:54:96:e0,-82,1
08/05/2026,07:21:03,81,Lab. de redes convergentes,IFPB-VISITANTE,84:f1:47:54:96:e2,-82,1
08/05/2026,07:21:03,81,Lab. de redes convergentes,IFPB-Sala_Professor_14,48:51:cf:81:b0:9e,-83,2
08/05/2026,07:21:03,81,Lab. de redes convergentes,IFPB,84:f1:47:54:eb:20,-84,6
08/05/2026,07:21:03,81,Lab. de redes convergentes,IFPB-VISITANTE,84:f1:47:54:eb:22,-84,6
08/05/2026,07:21:03,81,Lab. de redes convergentes,SALA_MESTRADO,64:66:b3:62:eb:86,-85,1
08/05/2026,07:21:03,81,Lab. de redes convergentes,UA2-MiniLab,60:32:b1:2d:66:c3,-85,10
08/05/2026,07:21:03,81,Lab. de redes convergentes,IFPB,24:36:da:2b:bc:00,-86,6
08/05/2026,07:21:03,81,Lab. de redes convergentes,IFPB-VISITANTE,24:36:da:2b:bc:02,-86,6
08/05/2026,07:21:03,81,Lab. de redes convergentes,NPEF/NEPA,50:c7:bf:ef:56:8a,-87,3
08/05/2026,07:21:03,81,Lab. de redes convergentes,IFPB-Sala_13,e8:94:f6:b9:2f:46,-92,6
08/05/2026,07:21:03,81,Lab. de redes convergentes,NUNYA_Room_2.4GHz,cc:32:e5:0c:fc:2b,-93,9
08/05/2026,07:21:03,81,Lab. de redes convergentes,PeterNetwork,1e:1d:49:86:2d:8e,-93,11
08/05/2026,07:21:12,82,Lab. de redes convergentes,APTelefonia,58:10:8c:91:f3:aa,-39,1
08/05/2026,07:21:12,82,Lab. de redes convergentes,Intelbras,18:0d:2c:7f:eb:ac,-49,7
08/05/2026,07:21:12,82,Lab. de redes convergentes,IFPB,e4:4e:2d:85:4c:60,-61,11
08/05/2026,07:21:12,82,Lab. de redes convergentes,IFPB-VISITANTE,e4:4e:2d:85:4c:62,-61,11
08/05/2026,07:21:12,82,Lab. de redes convergentes,TP-Link_1324,7c:f1:7e:8d:13:22,-65,10
08/05/2026,07:21:12,82,Lab. de redes convergentes,IFPB-Sala_Professor_14,24:fd:0d:57:19:26,-67,5
08/05/2026,07:21:13,82,Lab. de redes convergentes,Lab. de Sinais Digitais,18:d6:c7:f9:37:2f,-73,11
08/05/2026,07:21:13,82,Lab. de redes convergentes,IFPB TCC,d8:5d:4c:86:7e:66,-79,1
08/05/2026,07:21:13,82,Lab. de redes convergentes,IFPB,24:36:da:2b:bc:00,-81,6
08/05/2026,07:21:13,82,Lab. de redes convergentes,IFPB-VISITANTE,24:36:da:2b:bc:02,-81,6
08/05/2026,07:21:13,82,Lab. de redes convergentes,GPDS,00:26:5a:66:55:ef,-81,6
08/05/2026,07:21:13,82,Lab. de redes convergentes,SALA_MESTRADO,64:66:b3:62:eb:86,-82,1
08/05/2026,07:21:13,82,Lab. de redes convergentes,IFPB,84:f1:47:54:96:e0,-83,1
08/05/2026,07:21:13,82,Lab. de redes convergentes,IFPB-VISITANTE,84:f1:47:54:96:e2,-83,1
08/05/2026,07:21:13,82,Lab. de redes convergentes,IFPB-Sala_Professor_14,48:51:cf:81:b0:9e,-84,2
08/05/2026,07:21:13,82,Lab. de redes convergentes,PeterNetwork,1e:1d:49:86:2d:8e,-85,11
08/05/2026,07:21:13,82,Lab. de redes convergentes,IFPB-VISITANTE,84:f1:47:54:eb:22,-86,6
08/05/2026,07:21:13,82,Lab. de redes convergentes,NPEF/NEPA,50:c7:bf:ef:56:8a,-88,3
08/05/2026,07:21:13,82,Lab. de redes convergentes,IFPB,84:f1:47:54:eb:20,-88,6
08/05/2026,07:21:13,82,Lab. de redes convergentes,UA2-MiniLab,60:32:b1:2d:66:c3,-88,10
08/05/2026,07:21:13,82,Lab. de redes convergentes,IFPB,84:f1:47:54:7f:20,-91,11
08/05/2026,07:21:13,82,Lab. de redes convergentes,IFPB-VISITANTE,84:f1:47:54:7f:22,-91,11
08/05/2026,07:21:13,82,Lab. de redes convergentes,IFPB-Sala_13,e8:94:f6:b9:2f:46,-92,6
08/05/2026,07:21:13,82,Lab. de redes convergentes,TP-Link_C3CB,d8:0d:17:3e:c3:cb,-93,4
08/05/2026,07:21:13,82,Lab. de redes convergentes,NUNYA_Room_2.4GHz,cc:32:e5:0c:fc:2b,-94,9
08/05/2026,07:21:23,83,Lab. de redes convergentes,APTelefonia,58:10:8c:91:f3:aa,-37,1
08/05/2026,07:21:23,83,Lab. de redes convergentes,Intelbras,18:0d:2c:7f:eb:ac,-49,7
08/05/2026,07:21:23,83,Lab. de redes convergentes,IFPB,e4:4e:2d:85:4c:60,-61,11
08/05/2026,07:21:23,83,Lab. de redes convergentes,IFPB-VISITANTE,e4:4e:2d:85:4c:62,-61,11
08/05/2026,07:21:23,83,Lab. de redes convergentes,TP-Link_1324,7c:f1:7e:8d:13:22,-64,10
08/05/2026,07:21:23,83,Lab. de redes convergentes,Lab. de Sinais Digitais,18:d6:c7:f9:37:2f,-65,11
08/05/2026,07:21:23,83,Lab. de redes convergentes,IFPB TCC,d8:5d:4c:86:7e:66,-76,1
08/05/2026,07:21:23,83,Lab. de redes convergentes,IFPB-Sala_Professor_14,24:fd:0d:57:19:26,-77,5
08/05/2026,07:21:23,83,Lab. de redes convergentes,SALA_MESTRADO,64:66:b3:62:eb:86,-83,1
08/05/2026,07:21:23,83,Lab. de redes convergentes,IFPB-Sala_Professor_14,48:51:cf:81:b0:9e,-83,2
08/05/2026,07:21:23,83,Lab. de redes convergentes,IFPB-VISITANTE,84:f1:47:54:96:e2,-84,1
08/05/2026,07:21:23,83,Lab. de redes convergentes,IFPB,84:f1:47:54:96:e0,-85,1
08/05/2026,07:21:23,83,Lab. de redes convergentes,IFPB,24:36:da:2b:bc:00,-85,6
08/05/2026,07:21:23,83,Lab. de redes convergentes,IFPB,84:f1:47:54:eb:20,-85,6
08/05/2026,07:21:23,83,Lab. de redes convergentes,GPDS,00:26:5a:66:55:ef,-85,6
08/05/2026,07:21:23,83,Lab. de redes convergentes,IFPB-VISITANTE,84:f1:47:54:eb:22,-86,6
08/05/2026,07:21:23,83,Lab. de redes convergentes,IFPB-VISITANTE,24:36:da:2b:bc:02,-87,6
08/05/2026,07:21:23,83,Lab. de redes convergentes,UA2-MiniLab,60:32:b1:2d:66:c3,-87,10
08/05/2026,07:21:23,83,Lab. de redes convergentes,PeterNetwork,1e:1d:49:86:2d:8e,-87,11
08/05/2026,07:21:23,83,Lab. de redes convergentes,IFPB-VISITANTE,84:f1:47:54:7f:22,-89,11
08/05/2026,07:21:23,83,Lab. de redes convergentes,IFPB,84:f1:47:54:7f:20,-90,11
08/05/2026,07:21:23,83,Lab. de redes convergentes,NPEF/NEPA,50:c7:bf:ef:56:8a,-91,3
08/05/2026,07:21:23,83,Lab. de redes convergentes,TP-Link_C3CB,d8:0d:17:3e:c3:cb,-92,4
08/05/2026,07:21:23,83,Lab. de redes convergentes,IFPB-Sala_13,e8:94:f6:b9:2f:46,-92,6
08/05/2026,07:21:23,83,Lab. de redes convergentes,NUNYA_Room_2.4GHz,cc:32:e5:0c:fc:2b,-95,9
08/05/2026,07:21:33,84,Lab. de redes convergentes,APTelefonia,58:10:8c:91:f3:aa,-38,1
08/05/2026,07:21:33,84,Lab. de redes convergentes,Intelbras,18:0d:2c:7f:eb:ac,-51,7
08/05/2026,07:21:33,84,Lab. de redes convergentes,TP-Link_1324,7c:f1:7e:8d:13:22,-66,10
08/05/2026,07:21:33,84,Lab. de redes convergentes,IFPB,e4:4e:2d:85:4c:60,-69,11
08/05/2026,07:21:33,84,Lab. de redes convergentes,IFPB-VISITANTE,e4:4e:2d:85:4c:62,-69,11
08/05/2026,07:21:33,84,Lab. de redes convergentes,IFPB-Sala_Professor_14,24:fd:0d:57:19:26,-73,5
08/05/2026,07:21:33,84,Lab. de redes convergentes,Lab. de Sinais Digitais,18:d6:c7:f9:37:2f,-75,11
08/05/2026,07:21:33,84,Lab. de redes convergentes,IFPB TCC,d8:5d:4c:86:7e:66,-76,1
08/05/2026,07:21:33,84,Lab. de redes convergentes,IFPB-VISITANTE,24:36:da:2b:bc:02,-79,6
08/05/2026,07:21:33,84,Lab. de redes convergentes,IFPB,24:36:da:2b:bc:00,-80,6
08/05/2026,07:21:33,84,Lab. de redes convergentes,SALA_MESTRADO,64:66:b3:62:eb:86,-81,1
08/05/2026,07:21:33,84,Lab. de redes convergentes,IFPB-VISITANTE,84:f1:47:54:96:e2,-85,1
08/05/2026,07:21:33,84,Lab. de redes convergentes,GPDS,00:26:5a:66:55:ef,-85,6
08/05/2026,07:21:33,84,Lab. de redes convergentes,IFPB,84:f1:47:54:96:e0,-86,1
08/05/2026,07:21:33,84,Lab. de redes convergentes,IFPB-Sala_Professor_14,48:51:cf:81:b0:9e,-86,2
08/05/2026,07:21:33,84,Lab. de redes convergentes,IFPB,84:f1:47:54:eb:20,-87,6
08/05/2026,07:21:33,84,Lab. de redes convergentes,IFPB-VISITANTE,84:f1:47:54:eb:22,-87,6
08/05/2026,07:21:33,84,Lab. de redes convergentes,NPEF/NEPA,50:c7:bf:ef:56:8a,-88,3
08/05/2026,07:21:33,84,Lab. de redes convergentes,PeterNetwork,1e:1d:49:86:2d:8e,-89,11
08/05/2026,07:21:33,84,Lab. de redes convergentes,IFPB-Sala_13,e8:94:f6:b9:2f:46,-90,6
08/05/2026,07:21:33,84,Lab. de redes convergentes,IFPB,84:f1:47:54:7f:20,-91,11
08/05/2026,07:21:33,84,Lab. de redes convergentes,TP-Link_C3CB,d8:0d:17:3e:c3:cb,-93,4
08/05/2026,07:21:33,84,Lab. de redes convergentes,UA2-MiniLab,60:32:b1:2d:66:c3,-94,10
08/05/2026,07:21:33,84,Lab. de redes convergentes,NUNYA_Room_2.4GHz,cc:32:e5:0c:fc:2b,-96,9
08/05/2026,07:21:43,85,Lab. de redes convergentes,APTelefonia,58:10:8c:91:f3:aa,-37,1
08/05/2026,07:21:43,85,Lab. de redes convergentes,Intelbras,18:0d:2c:7f:eb:ac,-49,7
08/05/2026,07:21:43,85,Lab. de redes convergentes,TP-Link_1324,7c:f1:7e:8d:13:22,-63,10
08/05/2026,07:21:43,85,Lab. de redes convergentes,Lab. de Sinais Digitais,18:d6:c7:f9:37:2f,-71,11
08/05/2026,07:21:43,85,Lab. de redes convergentes,IFPB,e4:4e:2d:85:4c:60,-73,11
08/05/2026,07:21:43,85,Lab. de redes convergentes,IFPB-VISITANTE,e4:4e:2d:85:4c:62,-73,11
08/05/2026,07:21:43,85,Lab. de redes convergentes,IFPB TCC,d8:5d:4c:86:7e:66,-75,1
08/05/2026,07:21:43,85,Lab. de redes convergentes,IFPB-Sala_Professor_14,24:fd:0d:57:19:26,-75,5
08/05/2026,07:21:43,85,Lab. de redes convergentes,GPDS,00:26:5a:66:55:ef,-81,6
08/05/2026,07:21:43,85,Lab. de redes convergentes,SALA_MESTRADO,64:66:b3:62:eb:86,-82,1
08/05/2026,07:21:43,85,Lab. de redes convergentes,IFPB-VISITANTE,84:f1:47:54:96:e2,-83,1
08/05/2026,07:21:43,85,Lab. de redes convergentes,IFPB-VISITANTE,24:36:da:2b:bc:02,-83,6
08/05/2026,07:21:43,85,Lab. de redes convergentes,IFPB,84:f1:47:54:eb:20,-83,6
08/05/2026,07:21:43,85,Lab. de redes convergentes,IFPB-VISITANTE,84:f1:47:54:eb:22,-83,6
08/05/2026,07:21:43,85,Lab. de redes convergentes,IFPB,84:f1:47:54:96:e0,-84,1
08/05/2026,07:21:43,85,Lab. de redes convergentes,IFPB,24:36:da:2b:bc:00,-84,6
08/05/2026,07:21:43,85,Lab. de redes convergentes,IFPB-Sala_Professor_14,48:51:cf:81:b0:9e,-85,2
08/05/2026,07:21:43,85,Lab. de redes convergentes,NPEF/NEPA,50:c7:bf:ef:56:8a,-87,3
08/05/2026,07:21:43,85,Lab. de redes convergentes,IFPB-VISITANTE,84:f1:47:54:8b:a2,-89,1
08/05/2026,07:21:43,85,Lab. de redes convergentes,PeterNetwork,1e:1d:49:86:2d:8e,-89,11
08/05/2026,07:21:43,85,Lab. de redes convergentes,IFPB,84:f1:47:54:7f:20,-89,11
08/05/2026,07:21:43,85,Lab. de redes convergentes,IFPB-VISITANTE,84:f1:47:54:7f:22,-90,11
08/05/2026,07:21:43,85,Lab. de redes convergentes,IFPB-Sala_13,e8:94:f6:b9:2f:46,-91,6
08/05/2026,07:21:43,85,Lab. de redes convergentes,NUNYA_Room_2.4GHz,cc:32:e5:0c:fc:2b,-94,9
08/05/2026,07:21:43,85,Lab. de redes convergentes,UA2-MiniLab,60:32:b1:2d:66:c3,-95,10
08/05/2026,07:21:53,86,Lab. de redes convergentes,APTelefonia,58:10:8c:91:f3:aa,-37,1
08/05/2026,07:21:53,86,Lab. de redes convergentes,Intelbras,18:0d:2c:7f:eb:ac,-49,7
08/05/2026,07:21:53,86,Lab. de redes convergentes,TP-Link_1324,7c:f1:7e:8d:13:22,-65,10
08/05/2026,07:21:53,86,Lab. de redes convergentes,IFPB,e4:4e:2d:85:4c:60,-67,11
08/05/2026,07:21:53,86,Lab. de redes convergentes,IFPB-VISITANTE,e4:4e:2d:85:4c:62,-67,11
08/05/2026,07:21:53,86,Lab. de redes convergentes,IFPB-Sala_Professor_14,24:fd:0d:57:19:26,-68,5
08/05/2026,07:21:53,86,Lab. de redes convergentes,Lab. de Sinais Digitais,18:d6:c7:f9:37:2f,-72,11
08/05/2026,07:21:53,86,Lab. de redes convergentes,IFPB TCC,d8:5d:4c:86:7e:66,-75,1
08/05/2026,07:21:53,86,Lab. de redes convergentes,IFPB,24:36:da:2b:bc:00,-80,6
08/05/2026,07:21:53,86,Lab. de redes convergentes,IFPB-VISITANTE,24:36:da:2b:bc:02,-80,6
08/05/2026,07:21:53,86,Lab. de redes convergentes,IFPB-Sala_Professor_14,48:51:cf:81:b0:9e,-81,2
08/05/2026,07:21:53,86,Lab. de redes convergentes,SALA_MESTRADO,64:66:b3:62:eb:86,-82,1
08/05/2026,07:21:53,86,Lab. de redes convergentes,GPDS,00:26:5a:66:55:ef,-83,6
08/05/2026,07:21:53,86,Lab. de redes convergentes,IFPB-VISITANTE,84:f1:47:54:96:e2,-84,1
08/05/2026,07:21:53,86,Lab. de redes convergentes,NPEF/NEPA,50:c7:bf:ef:56:8a,-84,3
08/05/2026,07:21:53,86,Lab. de redes convergentes,IFPB,84:f1:47:54:96:e0,-85,1
08/05/2026,07:21:53,86,Lab. de redes convergentes,UA2-MiniLab,60:32:b1:2d:66:c3,-86,10
08/05/2026,07:21:53,86,Lab. de redes convergentes,IFPB,84:f1:47:54:eb:20,-87,6
08/05/2026,07:21:53,86,Lab. de redes convergentes,PeterNetwork,1e:1d:49:86:2d:8e,-88,11
08/05/2026,07:21:53,86,Lab. de redes convergentes,IFPB,84:f1:47:54:8b:a0,-89,1
08/05/2026,07:21:53,86,Lab. de redes convergentes,IFPB-VISITANTE,84:f1:47:54:8b:a2,-89,1
08/05/2026,07:21:53,86,Lab. de redes convergentes,IFPB-Sala_13,e8:94:f6:b9:2f:46,-90,6
08/05/2026,07:21:53,86,Lab. de redes convergentes,IFPB-VISITANTE,84:f1:47:54:7f:22,-90,11
08/05/2026,07:21:53,86,Lab. de redes convergentes,IFPB,84:f1:47:54:7f:20,-91,11
08/05/2026,07:21:53,86,Lab. de redes convergentes,NUNYA_Room_2.4GHz,cc:32:e5:0c:fc:2b,-95,9
08/05/2026,07:22:03,87,Lab. de redes convergentes,APTelefonia,58:10:8c:91:f3:aa,-36,1
08/05/2026,07:22:03,87,Lab. de redes convergentes,Intelbras,18:0d:2c:7f:eb:ac,-50,7
08/05/2026,07:22:03,87,Lab. de redes convergentes,IFPB,e4:4e:2d:85:4c:60,-63,11
08/05/2026,07:22:03,87,Lab. de redes convergentes,IFPB-VISITANTE,e4:4e:2d:85:4c:62,-63,11
08/05/2026,07:22:03,87,Lab. de redes convergentes,TP-Link_1324,7c:f1:7e:8d:13:22,-65,10
08/05/2026,07:22:03,87,Lab. de redes convergentes,IFPB-Sala_Professor_14,24:fd:0d:57:19:26,-69,5
08/05/2026,07:22:03,87,Lab. de redes convergentes,IFPB TCC,d8:5d:4c:86:7e:66,-73,1
08/05/2026,07:22:03,87,Lab. de redes convergentes,Lab. de Sinais Digitais,18:d6:c7:f9:37:2f,-75,11
08/05/2026,07:22:03,87,Lab. de redes convergentes,GPDS,00:26:5a:66:55:ef,-81,6
08/05/2026,07:22:03,87,Lab. de redes convergentes,SALA_MESTRADO,64:66:b3:62:eb:86,-82,1
08/05/2026,07:22:03,87,Lab. de redes convergentes,IFPB,24:36:da:2b:bc:00,-82,6
08/05/2026,07:22:03,87,Lab. de redes convergentes,IFPB-VISITANTE,24:36:da:2b:bc:02,-82,6
08/05/2026,07:22:03,87,Lab. de redes convergentes,IFPB-Sala_Professor_14,48:51:cf:81:b0:9e,-85,2
08/05/2026,07:22:03,87,Lab. de redes convergentes,IFPB,84:f1:47:54:96:e0,-86,1
08/05/2026,07:22:03,87,Lab. de redes convergentes,IFPB-VISITANTE,84:f1:47:54:96:e2,-86,1
08/05/2026,07:22:03,87,Lab. de redes convergentes,NPEF/NEPA,50:c7:bf:ef:56:8a,-87,3
08/05/2026,07:22:03,87,Lab. de redes convergentes,UA2-MiniLab,60:32:b1:2d:66:c3,-87,10
08/05/2026,07:22:03,87,Lab. de redes convergentes,IFPB,84:f1:47:54:eb:20,-88,6
08/05/2026,07:22:03,87,Lab. de redes convergentes,IFPB-VISITANTE,84:f1:47:54:eb:22,-88,6
08/05/2026,07:22:03,87,Lab. de redes convergentes,IFPB,84:f1:47:54:7f:20,-89,11
08/05/2026,07:22:03,87,Lab. de redes convergentes,TP-Link_C3CB,d8:0d:17:3e:c3:cb,-90,4
08/05/2026,07:22:03,87,Lab. de redes convergentes,IFPB-Sala_13,e8:94:f6:b9:2f:46,-90,6
08/05/2026,07:22:03,87,Lab. de redes convergentes,PeterNetwork,1e:1d:49:86:2d:8e,-93,11
08/05/2026,07:22:04,87,Lab. de redes convergentes,NUNYA_Room_2.4GHz,cc:32:e5:0c:fc:2b,-95,9
08/05/2026,07:22:13,88,Lab. de redes convergentes,APTelefonia,58:10:8c:91:f3:aa,-38,1
08/05/2026,07:22:13,88,Lab. de redes convergentes,Intelbras,18:0d:2c:7f:eb:ac,-51,7
08/05/2026,07:22:13,88,Lab. de redes convergentes,TP-Link_1324,7c:f1:7e:8d:13:22,-63,10
08/05/2026,07:22:13,88,Lab. de redes convergentes,IFPB,e4:4e:2d:85:4c:60,-63,11
08/05/2026,07:22:13,88,Lab. de redes convergentes,IFPB-VISITANTE,e4:4e:2d:85:4c:62,-63,11
08/05/2026,07:22:13,88,Lab. de redes convergentes,Lab. de Sinais Digitais,18:d6:c7:f9:37:2f,-68,11
08/05/2026,07:22:13,88,Lab. de redes convergentes,IFPB TCC,d8:5d:4c:86:7e:66,-75,1
08/05/2026,07:22:13,88,Lab. de redes convergentes,IFPB-Sala_Professor_14,24:fd:0d:57:19:26,-79,5
08/05/2026,07:22:13,88,Lab. de redes convergentes,IFPB,84:f1:47:54:96:e0,-83,1
08/05/2026,07:22:13,88,Lab. de redes convergentes,SALA_MESTRADO,64:66:b3:62:eb:86,-83,1
08/05/2026,07:22:13,88,Lab. de redes convergentes,IFPB-VISITANTE,84:f1:47:54:96:e2,-83,1
08/05/2026,07:22:13,88,Lab. de redes convergentes,IFPB,24:36:da:2b:bc:00,-83,6
08/05/2026,07:22:13,88,Lab. de redes convergentes,IFPB-VISITANTE,24:36:da:2b:bc:02,-83,6
08/05/2026,07:22:13,88,Lab. de redes convergentes,NPEF/NEPA,50:c7:bf:ef:56:8a,-84,3
08/05/2026,07:22:13,88,Lab. de redes convergentes,GPDS,00:26:5a:66:55:ef,-84,6
08/05/2026,07:22:13,88,Lab. de redes convergentes,IFPB-Sala_Professor_14,48:51:cf:81:b0:9e,-87,2
08/05/2026,07:22:13,88,Lab. de redes convergentes,UA2-MiniLab,60:32:b1:2d:66:c3,-87,10
08/05/2026,07:22:14,88,Lab. de redes convergentes,IFPB-VISITANTE,84:f1:47:54:7f:22,-87,11
08/05/2026,07:22:14,88,Lab. de redes convergentes,IFPB,84:f1:47:54:eb:20,-88,6
08/05/2026,07:22:14,88,Lab. de redes convergentes,IFPB,84:f1:47:54:8b:a0,-89,1
08/05/2026,07:22:14,88,Lab. de redes convergentes,IFPB-VISITANTE,84:f1:47:54:eb:22,-89,6
08/05/2026,07:22:14,88,Lab. de redes convergentes,IFPB,84:f1:47:54:7f:20,-89,11
08/05/2026,07:22:14,88,Lab. de redes convergentes,IFPB-Sala_13,e8:94:f6:b9:2f:46,-90,6
08/05/2026,07:22:14,88,Lab. de redes convergentes,PeterNetwork,1e:1d:49:86:2d:8e,-91,11
08/05/2026,07:22:23,89,Lab. de redes convergentes,APTelefonia,58:10:8c:91:f3:aa,-37,1
08/05/2026,07:22:23,89,Lab. de redes convergentes,Intelbras,18:0d:2c:7f:eb:ac,-50,7
08/05/2026,07:22:23,89,Lab. de redes convergentes,IFPB,e4:4e:2d:85:4c:60,-56,11
08/05/2026,07:22:23,89,Lab. de redes convergentes,IFPB-VISITANTE,e4:4e:2d:85:4c:62,-56,11
08/05/2026,07:22:23,89,Lab. de redes convergentes,TP-Link_1324,7c:f1:7e:8d:13:22,-60,10
08/05/2026,07:22:23,89,Lab. de redes convergentes,Lab. de Sinais Digitais,18:d6:c7:f9:37:2f,-68,11
08/05/2026,07:22:24,89,Lab. de redes convergentes,IFPB TCC,d8:5d:4c:86:7e:66,-76,1
08/05/2026,07:22:24,89,Lab. de redes convergentes,IFPB-Sala_Professor_14,24:fd:0d:57:19:26,-78,5
08/05/2026,07:22:24,89,Lab. de redes convergentes,UA2-MiniLab,60:32:b1:2d:66:c3,-78,10
08/05/2026,07:22:24,89,Lab. de redes convergentes,IFPB-VISITANTE,24:36:da:2b:bc:02,-79,6
08/05/2026,07:22:24,89,Lab. de redes convergentes,IFPB,24:36:da:2b:bc:00,-80,6
08/05/2026,07:22:24,89,Lab. de redes convergentes,IFPB-Sala_Professor_14,48:51:cf:81:b0:9e,-81,2
08/05/2026,07:22:24,89,Lab. de redes convergentes,GPDS,00:26:5a:66:55:ef,-81,6
08/05/2026,07:22:24,89,Lab. de redes convergentes,IFPB-VISITANTE,84:f1:47:54:96:e2,-82,1
08/05/2026,07:22:24,89,Lab. de redes convergentes,SALA_MESTRADO,64:66:b3:62:eb:86,-82,1
08/05/2026,07:22:24,89,Lab. de redes convergentes,IFPB,84:f1:47:54:96:e0,-83,1
08/05/2026,07:22:24,89,Lab. de redes convergentes,NPEF/NEPA,50:c7:bf:ef:56:8a,-85,3
08/05/2026,07:22:24,89,Lab. de redes convergentes,IFPB,84:f1:47:54:eb:20,-85,6
08/05/2026,07:22:24,89,Lab. de redes convergentes,IFPB-VISITANTE,84:f1:47:54:eb:22,-86,6
08/05/2026,07:22:24,89,Lab. de redes convergentes,IFPB-VISITANTE,84:f1:47:54:8b:a2,-88,1
08/05/2026,07:22:24,89,Lab. de redes convergentes,PeterNetwork,1e:1d:49:86:2d:8e,-90,11
08/05/2026,07:22:24,89,Lab. de redes convergentes,IFPB-Sala_13,e8:94:f6:b9:2f:46,-91,6
08/05/2026,07:22:24,89,Lab. de redes convergentes,NUNYA_Room_2.4GHz,cc:32:e5:0c:fc:2b,-96,9
08/05/2026,07:22:34,90,Lab. de redes convergentes,APTelefonia,58:10:8c:91:f3:aa,-43,1
08/05/2026,07:22:34,90,Lab. de redes convergentes,Intelbras,18:0d:2c:7f:eb:ac,-53,7
08/05/2026,07:22:34,90,Lab. de redes convergentes,TP-Link_1324,7c:f1:7e:8d:13:22,-55,10
08/05/2026,07:22:34,90,Lab. de redes convergentes,IFPB,e4:4e:2d:85:4c:60,-59,11
08/05/2026,07:22:34,90,Lab. de redes convergentes,IFPB-VISITANTE,e4:4e:2d:85:4c:62,-59,11
08/05/2026,07:22:34,90,Lab. de redes convergentes,Lab. de Sinais Digitais,18:d6:c7:f9:37:2f,-63,11
08/05/2026,07:22:34,90,Lab. de redes convergentes,IFPB-Sala_Professor_14,24:fd:0d:57:19:26,-70,5
08/05/2026,07:22:34,90,Lab. de redes convergentes,GPDS,00:26:5a:66:55:ef,-76,6
08/05/2026,07:22:34,90,Lab. de redes convergentes,SALA_MESTRADO,64:66:b3:62:eb:86,-81,1
08/05/2026,07:22:34,90,Lab. de redes convergentes,IFPB-VISITANTE,84:f1:47:54:96:e2,-82,1
08/05/2026,07:22:34,90,Lab. de redes convergentes,IFPB,84:f1:47:54:96:e0,-83,1
08/05/2026,07:22:34,90,Lab. de redes convergentes,UA2-MiniLab,60:32:b1:2d:66:c3,-83,10
08/05/2026,07:22:34,90,Lab. de redes convergentes,IFPB,24:36:da:2b:bc:00,-84,6
08/05/2026,07:22:34,90,Lab. de redes convergentes,IFPB-VISITANTE,24:36:da:2b:bc:02,-84,6
08/05/2026,07:22:34,90,Lab. de redes convergentes,IFPB TCC,d8:5d:4c:86:7e:66,-86,1
08/05/2026,07:22:34,90,Lab. de redes convergentes,IFPB,84:f1:47:54:eb:20,-86,6
08/05/2026,07:22:34,90,Lab. de redes convergentes,IFPB-VISITANTE,84:f1:47:54:eb:22,-86,6
08/05/2026,07:22:34,90,Lab. de redes convergentes,IFPB-Sala_Professor_14,48:51:cf:81:b0:9e,-88,2
08/05/2026,07:22:34,90,Lab. de redes convergentes,PeterNetwork,1e:1d:49:86:2d:8e,-89,11
08/05/2026,07:22:34,90,Lab. de redes convergentes,NPEF/NEPA,50:c7:bf:ef:56:8a,-90,3
08/05/2026,07:22:34,90,Lab. de redes convergentes,IFPB-Sala_13,e8:94:f6:b9:2f:46,-90,6
08/05/2026,07:22:34,90,Lab. de redes convergentes,NUNYA_Room_2.4GHz,cc:32:e5:0c:fc:2b,-93,9
08/05/2026,07:22:59,91,Lab. de fibras ópticas,APTelefonia,58:10:8c:91:f3:aa,-45,1
08/05/2026,07:22:59,91,Lab. de fibras ópticas,Intelbras,18:0d:2c:7f:eb:ac,-51,7
08/05/2026,07:22:59,91,Lab. de fibras ópticas,Lab. de Sinais Digitais,18:d6:c7:f9:37:2f,-57,11
08/05/2026,07:22:59,91,Lab. de fibras ópticas,IFPB-VISITANTE,e4:4e:2d:85:4c:62,-65,11
08/05/2026,07:22:59,91,Lab. de fibras ópticas,IFPB,e4:4e:2d:85:4c:60,-65,11
08/05/2026,07:22:59,91,Lab. de fibras ópticas,TP-Link_1324,7c:f1:7e:8d:13:22,-67,10
08/05/2026,07:22:59,91,Lab. de fibras ópticas,IFPB-Sala_Professor_14,24:fd:0d:57:19:26,-76,5
08/05/2026,07:22:59,91,Lab. de fibras ópticas,PeterNetwork,1e:1d:49:86:2d:8e,-76,11
08/05/2026,07:22:59,91,Lab. de fibras ópticas,IFPB,84:f1:47:54:96:e0,-77,1
08/05/2026,07:22:59,91,Lab. de fibras ópticas,GPDS,00:26:5a:66:55:ef,-78,6
08/05/2026,07:23:00,91,Lab. de fibras ópticas,IFPB-VISITANTE,84:f1:47:54:96:e2,-79,1
08/05/2026,07:23:00,91,Lab. de fibras ópticas,IFPB,24:36:da:2b:bc:00,-79,6
08/05/2026,07:23:00,91,Lab. de fibras ópticas,IFPB-VISITANTE,24:36:da:2b:bc:02,-79,6
08/05/2026,07:23:00,91,Lab. de fibras ópticas,SALA_MESTRADO,64:66:b3:62:eb:86,-80,1
08/05/2026,07:23:00,91,Lab. de fibras ópticas,UA2-MiniLab,60:32:b1:2d:66:c3,-80,10
08/05/2026,07:23:00,91,Lab. de fibras ópticas,IFPB-VISITANTE,84:f1:47:54:eb:22,-84,6
08/05/2026,07:23:00,91,Lab. de fibras ópticas,IFPB-VISITANTE,84:f1:47:54:8b:a2,-85,1
08/05/2026,07:23:00,91,Lab. de fibras ópticas,IFPB,84:f1:47:54:8b:a0,-86,1
08/05/2026,07:23:00,91,Lab. de fibras ópticas,IFPB-Sala_Professor_14,48:51:cf:81:b0:9e,-86,2
08/05/2026,07:23:00,91,Lab. de fibras ópticas,IFPB,84:f1:47:54:eb:20,-86,6
08/05/2026,07:23:00,91,Lab. de fibras ópticas,IFPB TCC,d8:5d:4c:86:7e:66,-87,1
08/05/2026,07:23:00,91,Lab. de fibras ópticas,TP-Link_C3CB,d8:0d:17:3e:c3:cb,-90,4
08/05/2026,07:23:00,91,Lab. de fibras ópticas,IFPB-Sala_13,e8:94:f6:b9:2f:46,-91,6
08/05/2026,07:23:00,91,Lab. de fibras ópticas,NUNYA_Room_2.4GHz,cc:32:e5:0c:fc:2b,-91,9
08/05/2026,07:23:00,91,Lab. de fibras ópticas,NPEF/NEPA,50:c7:bf:ef:56:8a,-93,3
08/05/2026,07:23:10,92,Lab. de fibras ópticas,APTelefonia,58:10:8c:91:f3:aa,-41,1
08/05/2026,07:23:10,92,Lab. de fibras ópticas,Intelbras,18:0d:2c:7f:eb:ac,-51,7
08/05/2026,07:23:10,92,Lab. de fibras ópticas,Lab. de Sinais Digitais,18:d6:c7:f9:37:2f,-58,11
08/05/2026,07:23:10,92,Lab. de fibras ópticas,IFPB,e4:4e:2d:85:4c:60,-65,11
08/05/2026,07:23:10,92,Lab. de fibras ópticas,IFPB-VISITANTE,e4:4e:2d:85:4c:62,-65,11
08/05/2026,07:23:10,92,Lab. de fibras ópticas,TP-Link_1324,7c:f1:7e:8d:13:22,-66,10
08/05/2026,07:23:10,92,Lab. de fibras ópticas,IFPB-Sala_Professor_14,24:fd:0d:57:19:26,-71,5
08/05/2026,07:23:10,92,Lab. de fibras ópticas,IFPB-VISITANTE,84:f1:47:54:96:e2,-76,1
08/05/2026,07:23:10,92,Lab. de fibras ópticas,UA2-MiniLab,60:32:b1:2d:66:c3,-76,10
08/05/2026,07:23:10,92,Lab. de fibras ópticas,IFPB,84:f1:47:54:96:e0,-77,1
08/05/2026,07:23:10,92,Lab. de fibras ópticas,IFPB-VISITANTE,24:36:da:2b:bc:02,-78,6
08/05/2026,07:23:10,92,Lab. de fibras ópticas,IFPB,24:36:da:2b:bc:00,-79,6
08/05/2026,07:23:10,92,Lab. de fibras ópticas,PeterNetwork,1e:1d:49:86:2d:8e,-79,11
08/05/2026,07:23:10,92,Lab. de fibras ópticas,SALA_MESTRADO,64:66:b3:62:eb:86,-80,1
08/05/2026,07:23:10,92,Lab. de fibras ópticas,GPDS,00:26:5a:66:55:ef,-81,6
08/05/2026,07:23:10,92,Lab. de fibras ópticas,IFPB-VISITANTE,84:f1:47:54:8b:a2,-84,1
08/05/2026,07:23:10,92,Lab. de fibras ópticas,IFPB-Sala_Professor_14,48:51:cf:81:b0:9e,-84,2
08/05/2026,07:23:10,92,Lab. de fibras ópticas,IFPB,84:f1:47:54:8b:a0,-85,1
08/05/2026,07:23:10,92,Lab. de fibras ópticas,NUNYA_Room_2.4GHz,cc:32:e5:0c:fc:2b,-85,9
08/05/2026,07:23:10,92,Lab. de fibras ópticas,NPEF/NEPA,50:c7:bf:ef:56:8a,-86,3
08/05/2026,07:23:10,92,Lab. de fibras ópticas,IFPB TCC,d8:5d:4c:86:7e:66,-90,1
08/05/2026,07:23:10,92,Lab. de fibras ópticas,IFPB-Sala_13,e8:94:f6:b9:2f:46,-91,6
08/05/2026,07:23:20,93,Lab. de fibras ópticas,APTelefonia,58:10:8c:91:f3:aa,-41,1
08/05/2026,07:23:20,93,Lab. de fibras ópticas,Intelbras,18:0d:2c:7f:eb:ac,-51,7
08/05/2026,07:23:20,93,Lab. de fibras ópticas,Lab. de Sinais Digitais,18:d6:c7:f9:37:2f,-57,11
08/05/2026,07:23:20,93,Lab. de fibras ópticas,IFPB,e4:4e:2d:85:4c:60,-64,11
08/05/2026,07:23:20,93,Lab. de fibras ópticas,IFPB-VISITANTE,e4:4e:2d:85:4c:62,-65,11
08/05/2026,07:23:20,93,Lab. de fibras ópticas,TP-Link_1324,7c:f1:7e:8d:13:22,-67,10
08/05/2026,07:23:20,93,Lab. de fibras ópticas,IFPB-Sala_Professor_14,24:fd:0d:57:19:26,-75,5
08/05/2026,07:23:20,93,Lab. de fibras ópticas,IFPB,84:f1:47:54:96:e0,-77,1
08/05/2026,07:23:20,93,Lab. de fibras ópticas,IFPB-VISITANTE,84:f1:47:54:96:e2,-77,1
08/05/2026,07:23:20,93,Lab. de fibras ópticas,IFPB,24:36:da:2b:bc:00,-77,6
08/05/2026,07:23:20,93,Lab. de fibras ópticas,IFPB-VISITANTE,24:36:da:2b:bc:02,-77,6
08/05/2026,07:23:20,93,Lab. de fibras ópticas,UA2-MiniLab,60:32:b1:2d:66:c3,-77,10
08/05/2026,07:23:20,93,Lab. de fibras ópticas,PeterNetwork,1e:1d:49:86:2d:8e,-78,11
08/05/2026,07:23:20,93,Lab. de fibras ópticas,GPDS,00:26:5a:66:55:ef,-79,6
08/05/2026,07:23:20,93,Lab. de fibras ópticas,SALA_MESTRADO,64:66:b3:62:eb:86,-81,1
08/05/2026,07:23:20,93,Lab. de fibras ópticas,IFPB,84:f1:47:54:8b:a0,-85,1
08/05/2026,07:23:20,93,Lab. de fibras ópticas,IFPB-VISITANTE,84:f1:47:54:8b:a2,-85,1
08/05/2026,07:23:20,93,Lab. de fibras ópticas,NUNYA_Room_2.4GHz,cc:32:e5:0c:fc:2b,-85,9
08/05/2026,07:23:20,93,Lab. de fibras ópticas,IFPB-Sala_Professor_14,48:51:cf:81:b0:9e,-87,2
08/05/2026,07:23:20,93,Lab. de fibras ópticas,IFPB-VISITANTE,84:f1:47:54:eb:22,-88,6
08/05/2026,07:23:20,93,Lab. de fibras ópticas,IFPB TCC,d8:5d:4c:86:7e:66,-89,1
08/05/2026,07:23:20,93,Lab. de fibras ópticas,IFPB,84:f1:47:54:eb:20,-89,6
08/05/2026,07:23:20,93,Lab. de fibras ópticas,NPEF/NEPA,50:c7:bf:ef:56:8a,-90,3
08/05/2026,07:23:20,93,Lab. de fibras ópticas,TP-Link_C3CB,d8:0d:17:3e:c3:cb,-90,4
08/05/2026,07:23:20,93,Lab. de fibras ópticas,IFPB-Sala_13,e8:94:f6:b9:2f:46,-92,6
08/05/2026,07:23:30,94,Lab. de fibras ópticas,APTelefonia,58:10:8c:91:f3:aa,-41,1
08/05/2026,07:23:30,94,Lab. de fibras ópticas,Intelbras,18:0d:2c:7f:eb:ac,-51,7
08/05/2026,07:23:30,94,Lab. de fibras ópticas,Lab. de Sinais Digitais,18:d6:c7:f9:37:2f,-56,11
08/05/2026,07:23:30,94,Lab. de fibras ópticas,TP-Link_1324,7c:f1:7e:8d:13:22,-60,10
08/05/2026,07:23:30,94,Lab. de fibras ópticas,IFPB,e4:4e:2d:85:4c:60,-65,11
08/05/2026,07:23:30,94,Lab. de fibras ópticas,IFPB-VISITANTE,e4:4e:2d:85:4c:62,-65,11
08/05/2026,07:23:30,94,Lab. de fibras ópticas,IFPB,24:36:da:2b:bc:00,-74,6
08/05/2026,07:23:30,94,Lab. de fibras ópticas,IFPB-VISITANTE,24:36:da:2b:bc:02,-74,6
08/05/2026,07:23:30,94,Lab. de fibras ópticas,PeterNetwork,1e:1d:49:86:2d:8e,-74,11
08/05/2026,07:23:30,94,Lab. de fibras ópticas,IFPB,84:f1:47:54:96:e0,-75,1
08/05/2026,07:23:30,94,Lab. de fibras ópticas,IFPB-VISITANTE,84:f1:47:54:96:e2,-75,1
08/05/2026,07:23:30,94,Lab. de fibras ópticas,GPDS,00:26:5a:66:55:ef,-75,6
08/05/2026,07:23:30,94,Lab. de fibras ópticas,UA2-MiniLab,60:32:b1:2d:66:c3,-75,10
08/05/2026,07:23:30,94,Lab. de fibras ópticas,IFPB-Sala_Professor_14,24:fd:0d:57:19:26,-77,5
08/05/2026,07:23:30,94,Lab. de fibras ópticas,IFPB-Sala_Professor_14,48:51:cf:81:b0:9e,-82,2
08/05/2026,07:23:30,94,Lab. de fibras ópticas,IFPB-VISITANTE,84:f1:47:54:eb:22,-83,6
08/05/2026,07:23:30,94,Lab. de fibras ópticas,SALA_MESTRADO,64:66:b3:62:eb:86,-84,1
08/05/2026,07:23:30,94,Lab. de fibras ópticas,IFPB TCC,d8:5d:4c:86:7e:66,-84,1
08/05/2026,07:23:30,94,Lab. de fibras ópticas,IFPB,84:f1:47:54:eb:20,-84,6
08/05/2026,07:23:30,94,Lab. de fibras ópticas,TP-Link_C3CB,d8:0d:17:3e:c3:cb,-86,4
08/05/2026,07:23:30,94,Lab. de fibras ópticas,NUNYA_Room_2.4GHz,cc:32:e5:0c:fc:2b,-86,9
08/05/2026,07:23:30,94,Lab. de fibras ópticas,NPEF/NEPA,50:c7:bf:ef:56:8a,-88,3
08/05/2026,07:23:30,94,Lab. de fibras ópticas,IFPB-Sala_13,e8:94:f6:b9:2f:46,-90,6
08/05/2026,07:23:40,95,Lab. de fibras ópticas,APTelefonia,58:10:8c:91:f3:aa,-41,1
08/05/2026,07:23:40,95,Lab. de fibras ópticas,Intelbras,18:0d:2c:7f:eb:ac,-53,7
08/05/2026,07:23:40,95,Lab. de fibras ópticas,Lab. de Sinais Digitais,18:d6:c7:f9:37:2f,-58,11
08/05/2026,07:23:40,95,Lab. de fibras ópticas,TP-Link_1324,7c:f1:7e:8d:13:22,-62,10
08/05/2026,07:23:40,95,Lab. de fibras ópticas,IFPB,e4:4e:2d:85:4c:60,-64,11
08/05/2026,07:23:40,95,Lab. de fibras ópticas,IFPB-VISITANTE,e4:4e:2d:85:4c:62,-64,11
08/05/2026,07:23:40,95,Lab. de fibras ópticas,GPDS,00:26:5a:66:55:ef,-73,6
08/05/2026,07:23:40,95,Lab. de fibras ópticas,IFPB-VISITANTE,84:f1:47:54:96:e2,-75,1
08/05/2026,07:23:40,95,Lab. de fibras ópticas,IFPB-Sala_Professor_14,24:fd:0d:57:19:26,-75,5
08/05/2026,07:23:40,95,Lab. de fibras ópticas,IFPB,24:36:da:2b:bc:00,-75,6
08/05/2026,07:23:40,95,Lab. de fibras ópticas,IFPB-VISITANTE,24:36:da:2b:bc:02,-75,6
08/05/2026,07:23:40,95,Lab. de fibras ópticas,PeterNetwork,1e:1d:49:86:2d:8e,-75,11
08/05/2026,07:23:40,95,Lab. de fibras ópticas,IFPB,84:f1:47:54:96:e0,-76,1
08/05/2026,07:23:40,95,Lab. de fibras ópticas,UA2-MiniLab,60:32:b1:2d:66:c3,-77,10
08/05/2026,07:23:40,95,Lab. de fibras ópticas,IFPB-Sala_Professor_14,48:51:cf:81:b0:9e,-82,2
08/05/2026,07:23:40,95,Lab. de fibras ópticas,SALA_MESTRADO,64:66:b3:62:eb:86,-84,1
08/05/2026,07:23:40,95,Lab. de fibras ópticas,IFPB,84:f1:47:54:eb:20,-84,6
08/05/2026,07:23:40,95,Lab. de fibras ópticas,IFPB-VISITANTE,84:f1:47:54:eb:22,-85,6
08/05/2026,07:23:40,95,Lab. de fibras ópticas,IFPB TCC,d8:5d:4c:86:7e:66,-86,1
08/05/2026,07:23:40,95,Lab. de fibras ópticas,NPEF/NEPA,50:c7:bf:ef:56:8a,-86,3
08/05/2026,07:23:40,95,Lab. de fibras ópticas,NUNYA_Room_2.4GHz,cc:32:e5:0c:fc:2b,-86,9
08/05/2026,07:23:40,95,Lab. de fibras ópticas,TP-Link_C3CB,d8:0d:17:3e:c3:cb,-89,4
08/05/2026,07:23:40,95,Lab. de fibras ópticas,IFPB-Sala_13,e8:94:f6:b9:2f:46,-92,6
08/05/2026,07:23:50,96,Lab. de fibras ópticas,APTelefonia,58:10:8c:91:f3:aa,-41,1
08/05/2026,07:23:50,96,Lab. de fibras ópticas,Intelbras,18:0d:2c:7f:eb:ac,-52,7
08/05/2026,07:23:50,96,Lab. de fibras ópticas,Lab. de Sinais Digitais,18:d6:c7:f9:37:2f,-60,11
08/05/2026,07:23:50,96,Lab. de fibras ópticas,IFPB,e4:4e:2d:85:4c:60,-64,11
08/05/2026,07:23:50,96,Lab. de fibras ópticas,IFPB-VISITANTE,e4:4e:2d:85:4c:62,-64,11
08/05/2026,07:23:50,96,Lab. de fibras ópticas,TP-Link_1324,7c:f1:7e:8d:13:22,-65,10
08/05/2026,07:23:50,96,Lab. de fibras ópticas,IFPB-Sala_Professor_14,24:fd:0d:57:19:26,-74,5
08/05/2026,07:23:50,96,Lab. de fibras ópticas,IFPB,24:36:da:2b:bc:00,-74,6
08/05/2026,07:23:50,96,Lab. de fibras ópticas,IFPB-VISITANTE,24:36:da:2b:bc:02,-74,6
08/05/2026,07:23:50,96,Lab. de fibras ópticas,IFPB,84:f1:47:54:96:e0,-76,1
08/05/2026,07:23:50,96,Lab. de fibras ópticas,IFPB-VISITANTE,84:f1:47:54:96:e2,-76,1
08/05/2026,07:23:50,96,Lab. de fibras ópticas,PeterNetwork,1e:1d:49:86:2d:8e,-77,11
08/05/2026,07:23:50,96,Lab. de fibras ópticas,UA2-MiniLab,60:32:b1:2d:66:c3,-78,10
08/05/2026,07:23:50,96,Lab. de fibras ópticas,GPDS,00:26:5a:66:55:ef,-79,6
08/05/2026,07:23:50,96,Lab. de fibras ópticas,IFPB-Sala_Professor_14,48:51:cf:81:b0:9e,-82,2
08/05/2026,07:23:50,96,Lab. de fibras ópticas,IFPB-VISITANTE,84:f1:47:54:eb:22,-83,6
08/05/2026,07:23:50,96,Lab. de fibras ópticas,IFPB,84:f1:47:54:eb:20,-84,6
08/05/2026,07:23:50,96,Lab. de fibras ópticas,SALA_MESTRADO,64:66:b3:62:eb:86,-87,1
08/05/2026,07:23:50,96,Lab. de fibras ópticas,NPEF/NEPA,50:c7:bf:ef:56:8a,-87,3
08/05/2026,07:23:50,96,Lab. de fibras ópticas,NUNYA_Room_2.4GHz,cc:32:e5:0c:fc:2b,-87,9
08/05/2026,07:23:51,96,Lab. de fibras ópticas,IFPB-VISITANTE,84:f1:47:54:8b:a2,-88,1
08/05/2026,07:23:51,96,Lab. de fibras ópticas,IFPB TCC,d8:5d:4c:86:7e:66,-89,1
08/05/2026,07:23:51,96,Lab. de fibras ópticas,IFPB-Sala_13,e8:94:f6:b9:2f:46,-92,6
08/05/2026,07:24:00,97,Lab. de fibras ópticas,APTelefonia,58:10:8c:91:f3:aa,-41,1
08/05/2026,07:24:00,97,Lab. de fibras ópticas,Intelbras,18:0d:2c:7f:eb:ac,-53,7
08/05/2026,07:24:00,97,Lab. de fibras ópticas,Lab. de Sinais Digitais,18:d6:c7:f9:37:2f,-60,11
08/05/2026,07:24:00,97,Lab. de fibras ópticas,IFPB,e4:4e:2d:85:4c:60,-62,11
08/05/2026,07:24:00,97,Lab. de fibras ópticas,IFPB-VISITANTE,e4:4e:2d:85:4c:62,-62,11
08/05/2026,07:24:00,97,Lab. de fibras ópticas,TP-Link_1324,7c:f1:7e:8d:13:22,-63,10
08/05/2026,07:24:00,97,Lab. de fibras ópticas,IFPB-Sala_Professor_14,24:fd:0d:57:19:26,-73,5
08/05/2026,07:24:00,97,Lab. de fibras ópticas,IFPB-VISITANTE,24:36:da:2b:bc:02,-74,6
08/05/2026,07:24:00,97,Lab. de fibras ópticas,IFPB,24:36:da:2b:bc:00,-75,6
08/05/2026,07:24:00,97,Lab. de fibras ópticas,IFPB,84:f1:47:54:96:e0,-76,1
08/05/2026,07:24:00,97,Lab. de fibras ópticas,IFPB-VISITANTE,84:f1:47:54:96:e2,-76,1
08/05/2026,07:24:00,97,Lab. de fibras ópticas,UA2-MiniLab,60:32:b1:2d:66:c3,-78,10
08/05/2026,07:24:00,97,Lab. de fibras ópticas,PeterNetwork,1e:1d:49:86:2d:8e,-79,11
08/05/2026,07:24:00,97,Lab. de fibras ópticas,IFPB-VISITANTE,84:f1:47:54:eb:22,-80,6
08/05/2026,07:24:00,97,Lab. de fibras ópticas,IFPB,84:f1:47:54:eb:20,-81,6
08/05/2026,07:24:01,97,Lab. de fibras ópticas,SALA_MESTRADO,64:66:b3:62:eb:86,-83,1
08/05/2026,07:24:01,97,Lab. de fibras ópticas,IFPB-VISITANTE,84:f1:47:54:8b:a2,-83,1
08/05/2026,07:24:01,97,Lab. de fibras ópticas,IFPB-Sala_Professor_14,48:51:cf:81:b0:9e,-84,2
08/05/2026,07:24:01,97,Lab. de fibras ópticas,GPDS,00:26:5a:66:55:ef,-84,6
08/05/2026,07:24:01,97,Lab. de fibras ópticas,IFPB,84:f1:47:54:8b:a0,-85,1
08/05/2026,07:24:01,97,Lab. de fibras ópticas,IFPB TCC,d8:5d:4c:86:7e:66,-85,1
08/05/2026,07:24:01,97,Lab. de fibras ópticas,NPEF/NEPA,50:c7:bf:ef:56:8a,-85,3
08/05/2026,07:24:01,97,Lab. de fibras ópticas,NUNYA_Room_2.4GHz,cc:32:e5:0c:fc:2b,-86,9
08/05/2026,07:24:01,97,Lab. de fibras ópticas,IFPB-Sala_13,e8:94:f6:b9:2f:46,-92,6
08/05/2026,07:24:10,98,Lab. de fibras ópticas,APTelefonia,58:10:8c:91:f3:aa,-41,1
08/05/2026,07:24:10,98,Lab. de fibras ópticas,Intelbras,18:0d:2c:7f:eb:ac,-53,7
08/05/2026,07:24:10,98,Lab. de fibras ópticas,Lab. de Sinais Digitais,18:d6:c7:f9:37:2f,-59,11
08/05/2026,07:24:10,98,Lab. de fibras ópticas,IFPB,e4:4e:2d:85:4c:60,-62,11
08/05/2026,07:24:10,98,Lab. de fibras ópticas,IFPB-VISITANTE,e4:4e:2d:85:4c:62,-62,11
08/05/2026,07:24:10,98,Lab. de fibras ópticas,TP-Link_1324,7c:f1:7e:8d:13:22,-64,10
08/05/2026,07:24:10,98,Lab. de fibras ópticas,IFPB-Sala_Professor_14,24:fd:0d:57:19:26,-73,5
08/05/2026,07:24:10,98,Lab. de fibras ópticas,IFPB,24:36:da:2b:bc:00,-74,6
08/05/2026,07:24:10,98,Lab. de fibras ópticas,GPDS,00:26:5a:66:55:ef,-75,6
08/05/2026,07:24:10,98,Lab. de fibras ópticas,IFPB-VISITANTE,24:36:da:2b:bc:02,-75,6
08/05/2026,07:24:11,98,Lab. de fibras ópticas,IFPB,84:f1:47:54:96:e0,-76,1
08/05/2026,07:24:11,98,Lab. de fibras ópticas,IFPB-VISITANTE,84:f1:47:54:96:e2,-77,1
08/05/2026,07:24:11,98,Lab. de fibras ópticas,UA2-MiniLab,60:32:b1:2d:66:c3,-79,10
08/05/2026,07:24:11,98,Lab. de fibras ópticas,SALA_MESTRADO,64:66:b3:62:eb:86,-82,1
08/05/2026,07:24:11,98,Lab. de fibras ópticas,PeterNetwork,1e:1d:49:86:2d:8e,-82,11
08/05/2026,07:24:11,98,Lab. de fibras ópticas,IFPB,84:f1:47:54:8b:a0,-84,1
08/05/2026,07:24:11,98,Lab. de fibras ópticas,IFPB TCC,d8:5d:4c:86:7e:66,-84,1
08/05/2026,07:24:11,98,Lab. de fibras ópticas,IFPB,84:f1:47:54:eb:20,-84,6
08/05/2026,07:24:11,98,Lab. de fibras ópticas,IFPB-VISITANTE,84:f1:47:54:8b:a2,-85,1
08/05/2026,07:24:11,98,Lab. de fibras ópticas,IFPB-VISITANTE,84:f1:47:54:eb:22,-85,6
08/05/2026,07:24:11,98,Lab. de fibras ópticas,NUNYA_Room_2.4GHz,cc:32:e5:0c:fc:2b,-87,9
08/05/2026,07:24:11,98,Lab. de fibras ópticas,IFPB-Sala_Professor_14,48:51:cf:81:b0:9e,-88,2
08/05/2026,07:24:11,98,Lab. de fibras ópticas,NPEF/NEPA,50:c7:bf:ef:56:8a,-88,3
08/05/2026,07:24:11,98,Lab. de fibras ópticas,IFPB-Sala_13,e8:94:f6:b9:2f:46,-98,6
08/05/2026,07:24:20,99,Lab. de fibras ópticas,APTelefonia,58:10:8c:91:f3:aa,-41,1
08/05/2026,07:24:20,99,Lab. de fibras ópticas,Intelbras,18:0d:2c:7f:eb:ac,-55,7
08/05/2026,07:24:20,99,Lab. de fibras ópticas,Lab. de Sinais Digitais,18:d6:c7:f9:37:2f,-58,11
08/05/2026,07:24:20,99,Lab. de fibras ópticas,IFPB,e4:4e:2d:85:4c:60,-62,11
08/05/2026,07:24:20,99,Lab. de fibras ópticas,IFPB-VISITANTE,e4:4e:2d:85:4c:62,-62,11
08/05/2026,07:24:21,99,Lab. de fibras ópticas,TP-Link_1324,7c:f1:7e:8d:13:22,-65,10
08/05/2026,07:24:21,99,Lab. de fibras ópticas,GPDS,00:26:5a:66:55:ef,-75,6
08/05/2026,07:24:21,99,Lab. de fibras ópticas,IFPB,24:36:da:2b:bc:00,-75,6
08/05/2026,07:24:21,99,Lab. de fibras ópticas,IFPB-VISITANTE,24:36:da:2b:bc:02,-75,6
08/05/2026,07:24:21,99,Lab. de fibras ópticas,IFPB,84:f1:47:54:96:e0,-76,1
08/05/2026,07:24:21,99,Lab. de fibras ópticas,IFPB-VISITANTE,84:f1:47:54:96:e2,-76,1
08/05/2026,07:24:21,99,Lab. de fibras ópticas,IFPB-Sala_Professor_14,24:fd:0d:57:19:26,-76,5
08/05/2026,07:24:21,99,Lab. de fibras ópticas,UA2-MiniLab,60:32:b1:2d:66:c3,-77,10
08/05/2026,07:24:21,99,Lab. de fibras ópticas,PeterNetwork,1e:1d:49:86:2d:8e,-77,11
08/05/2026,07:24:21,99,Lab. de fibras ópticas,SALA_MESTRADO,64:66:b3:62:eb:86,-83,1
08/05/2026,07:24:21,99,Lab. de fibras ópticas,IFPB,84:f1:47:54:eb:20,-83,6
08/05/2026,07:24:21,99,Lab. de fibras ópticas,IFPB TCC,d8:5d:4c:86:7e:66,-84,1
08/05/2026,07:24:21,99,Lab. de fibras ópticas,IFPB-Sala_Professor_14,48:51:cf:81:b0:9e,-85,2
08/05/2026,07:24:21,99,Lab. de fibras ópticas,IFPB-VISITANTE,84:f1:47:54:eb:22,-85,6
08/05/2026,07:24:21,99,Lab. de fibras ópticas,IFPB,84:f1:47:54:8b:a0,-86,1
08/05/2026,07:24:21,99,Lab. de fibras ópticas,IFPB-VISITANTE,84:f1:47:54:8b:a2,-87,1
08/05/2026,07:24:21,99,Lab. de fibras ópticas,NUNYA_Room_2.4GHz,cc:32:e5:0c:fc:2b,-88,9
08/05/2026,07:24:21,99,Lab. de fibras ópticas,NPEF/NEPA,50:c7:bf:ef:56:8a,-89,3
08/05/2026,07:24:21,99,Lab. de fibras ópticas,TP-Link_C3CB,d8:0d:17:3e:c3:cb,-91,4
08/05/2026,07:24:21,99,Lab. de fibras ópticas,IFPB-Sala_13,e8:94:f6:b9:2f:46,-93,6
08/05/2026,07:24:31,100,Lab. de fibras ópticas,APTelefonia,58:10:8c:91:f3:aa,-41,1
08/05/2026,07:24:31,100,Lab. de fibras ópticas,Intelbras,18:0d:2c:7f:eb:ac,-53,7
08/05/2026,07:24:31,100,Lab. de fibras ópticas,Lab. de Sinais Digitais,18:d6:c7:f9:37:2f,-60,11
08/05/2026,07:24:31,100,Lab. de fibras ópticas,IFPB,e4:4e:2d:85:4c:60,-66,11
08/05/2026,07:24:31,100,Lab. de fibras ópticas,IFPB-VISITANTE,e4:4e:2d:85:4c:62,-66,11
08/05/2026,07:24:31,100,Lab. de fibras ópticas,TP-Link_1324,7c:f1:7e:8d:13:22,-68,10
08/05/2026,07:24:31,100,Lab. de fibras ópticas,IFPB,84:f1:47:54:96:e0,-76,1
08/05/2026,07:24:31,100,Lab. de fibras ópticas,IFPB-VISITANTE,84:f1:47:54:96:e2,-76,1
08/05/2026,07:24:31,100,Lab. de fibras ópticas,IFPB,24:36:da:2b:bc:00,-76,6
08/05/2026,07:24:31,100,Lab. de fibras ópticas,PeterNetwork,1e:1d:49:86:2d:8e,-76,11
08/05/2026,07:24:31,100,Lab. de fibras ópticas,IFPB-VISITANTE,24:36:da:2b:bc:02,-77,6
08/05/2026,07:24:31,100,Lab. de fibras ópticas,GPDS,00:26:5a:66:55:ef,-79,6
08/05/2026,07:24:31,100,Lab. de fibras ópticas,IFPB-Sala_Professor_14,24:fd:0d:57:19:26,-80,5
08/05/2026,07:24:31,100,Lab. de fibras ópticas,UA2-MiniLab,60:32:b1:2d:66:c3,-81,10
08/05/2026,07:24:31,100,Lab. de fibras ópticas,SALA_MESTRADO,64:66:b3:62:eb:86,-82,1
08/05/2026,07:24:31,100,Lab. de fibras ópticas,IFPB,84:f1:47:54:eb:20,-82,6
08/05/2026,07:24:31,100,Lab. de fibras ópticas,IFPB TCC,d8:5d:4c:86:7e:66,-83,1
08/05/2026,07:24:31,100,Lab. de fibras ópticas,IFPB-VISITANTE,84:f1:47:54:eb:22,-83,6
08/05/2026,07:24:31,100,Lab. de fibras ópticas,IFPB-Sala_Professor_14,48:51:cf:81:b0:9e,-85,2
08/05/2026,07:24:31,100,Lab. de fibras ópticas,NUNYA_Room_2.4GHz,cc:32:e5:0c:fc:2b,-85,9
08/05/2026,07:24:31,100,Lab. de fibras ópticas,IFPB,84:f1:47:54:8b:a0,-87,1
08/05/2026,07:24:31,100,Lab. de fibras ópticas,IFPB-VISITANTE,84:f1:47:54:8b:a2,-87,1
08/05/2026,07:24:31,100,Lab. de fibras ópticas,NPEF/NEPA,50:c7:bf:ef:56:8a,-88,3
08/05/2026,07:24:31,100,Lab. de fibras ópticas,TP-Link_C3CB,d8:0d:17:3e:c3:cb,-89,4
08/05/2026,07:24:31,100,Lab. de fibras ópticas,IFPB-Sala_13,e8:94:f6:b9:2f:46,-95,6
08/05/2026,07:24:56,101,Pesquisa em Eng. Elétrica,Lab. de Sinais Digitais,18:d6:c7:f9:37:2f,-47,11
08/05/2026,07:24:56,101,Pesquisa em Eng. Elétrica,GPDS,00:26:5a:66:55:ef,-56,6
08/05/2026,07:24:56,101,Pesquisa em Eng. Elétrica,APTelefonia,58:10:8c:91:f3:aa,-58,1
08/05/2026,07:24:56,101,Pesquisa em Eng. Elétrica,SALA_MESTRADO,64:66:b3:62:eb:86,-64,1
08/05/2026,07:24:56,101,Pesquisa em Eng. Elétrica,PeterNetwork,1e:1d:49:86:2d:8e,-65,11
08/05/2026,07:24:56,101,Pesquisa em Eng. Elétrica,Intelbras,18:0d:2c:7f:eb:ac,-69,7
08/05/2026,07:24:56,101,Pesquisa em Eng. Elétrica,TP-Link_1324,7c:f1:7e:8d:13:22,-76,10
08/05/2026,07:24:56,101,Pesquisa em Eng. Elétrica,NPEF/NEPA,50:c7:bf:ef:56:8a,-77,3
08/05/2026,07:24:56,101,Pesquisa em Eng. Elétrica,IFPB,84:f1:47:54:8b:a0,-79,1
08/05/2026,07:24:56,101,Pesquisa em Eng. Elétrica,IFPB-VISITANTE,84:f1:47:54:8b:a2,-79,1
08/05/2026,07:24:56,101,Pesquisa em Eng. Elétrica,IFPB-Sala_Professor_14,24:fd:0d:57:19:26,-79,5
08/05/2026,07:24:56,101,Pesquisa em Eng. Elétrica,IFPB-VISITANTE,e4:4e:2d:85:4c:62,-79,11
08/05/2026,07:24:56,101,Pesquisa em Eng. Elétrica,IFPB-Sala_Professor_14,48:51:cf:81:b0:9e,-80,2
08/05/2026,07:24:56,101,Pesquisa em Eng. Elétrica,IFPB,84:f1:47:54:eb:20,-81,6
08/05/2026,07:24:56,101,Pesquisa em Eng. Elétrica,IFPB-VISITANTE,84:f1:47:54:eb:22,-81,6
08/05/2026,07:24:56,101,Pesquisa em Eng. Elétrica,IFPB,e4:4e:2d:85:4c:60,-81,11
08/05/2026,07:24:56,101,Pesquisa em Eng. Elétrica,NUNYA_Room_2.4GHz,cc:32:e5:0c:fc:2b,-83,9
08/05/2026,07:24:56,101,Pesquisa em Eng. Elétrica,UA2-MiniLab,60:32:b1:2d:66:c3,-85,10
08/05/2026,07:24:56,101,Pesquisa em Eng. Elétrica,IFPB-Sala_13,e8:94:f6:b9:2f:46,-87,6
08/05/2026,07:24:56,101,Pesquisa em Eng. Elétrica,IFPB,84:f1:47:54:f9:80,-88,11
08/05/2026,07:24:56,101,Pesquisa em Eng. Elétrica,TP-Link_C3CB,d8:0d:17:3e:c3:cb,-89,4
08/05/2026,07:24:56,101,Pesquisa em Eng. Elétrica,IFPB-VISITANTE,84:f1:47:54:f9:82,-90,11
08/05/2026,07:24:56,101,Pesquisa em Eng. Elétrica,IFPB TCC,d8:5d:4c:86:7e:66,-93,1
08/05/2026,07:25:06,102,Pesquisa em Eng. Elétrica,Lab. de Sinais Digitais,18:d6:c7:f9:37:2f,-44,11
08/05/2026,07:25:06,102,Pesquisa em Eng. Elétrica,GPDS,00:26:5a:66:55:ef,-58,6
08/05/2026,07:25:06,102,Pesquisa em Eng. Elétrica,APTelefonia,58:10:8c:91:f3:aa,-60,1
08/05/2026,07:25:06,102,Pesquisa em Eng. Elétrica,PeterNetwork,1e:1d:49:86:2d:8e,-64,11
08/05/2026,07:25:06,102,Pesquisa em Eng. Elétrica,SALA_MESTRADO,64:66:b3:62:eb:86,-65,1
08/05/2026,07:25:06,102,Pesquisa em Eng. Elétrica,Intelbras,18:0d:2c:7f:eb:ac,-66,7
08/05/2026,07:25:06,102,Pesquisa em Eng. Elétrica,TP-Link_1324,7c:f1:7e:8d:13:22,-73,10
08/05/2026,07:25:06,102,Pesquisa em Eng. Elétrica,NPEF/NEPA,50:c7:bf:ef:56:8a,-76,3
08/05/2026,07:25:06,102,Pesquisa em Eng. Elétrica,IFPB,e4:4e:2d:85:4c:60,-78,11
08/05/2026,07:25:06,102,Pesquisa em Eng. Elétrica,IFPB-VISITANTE,e4:4e:2d:85:4c:62,-78,11
08/05/2026,07:25:06,102,Pesquisa em Eng. Elétrica,IFPB,84:f1:47:54:8b:a0,-79,1
08/05/2026,07:25:06,102,Pesquisa em Eng. Elétrica,IFPB-Sala_Professor_14,48:51:cf:81:b0:9e,-79,2
08/05/2026,07:25:06,102,Pesquisa em Eng. Elétrica,IFPB-VISITANTE,84:f1:47:54:8b:a2,-80,1
08/05/2026,07:25:06,102,Pesquisa em Eng. Elétrica,IFPB,84:f1:47:54:eb:20,-81,6
08/05/2026,07:25:06,102,Pesquisa em Eng. Elétrica,NUNYA_Room_2.4GHz,cc:32:e5:0c:fc:2b,-81,9
08/05/2026,07:25:06,102,Pesquisa em Eng. Elétrica,UA2-MiniLab,60:32:b1:2d:66:c3,-81,10
08/05/2026,07:25:06,102,Pesquisa em Eng. Elétrica,IFPB-VISITANTE,84:f1:47:54:eb:22,-82,6
08/05/2026,07:25:06,102,Pesquisa em Eng. Elétrica,TP-Link_C3CB,d8:0d:17:3e:c3:cb,-85,4
08/05/2026,07:25:06,102,Pesquisa em Eng. Elétrica,IFPB-Sala_Professor_14,24:fd:0d:57:19:26,-85,5
08/05/2026,07:25:06,102,Pesquisa em Eng. Elétrica,IFPB-Sala_13,e8:94:f6:b9:2f:46,-88,6
08/05/2026,07:25:06,102,Pesquisa em Eng. Elétrica,IFPB,84:f1:47:54:f9:80,-88,11
08/05/2026,07:25:06,102,Pesquisa em Eng. Elétrica,IFPB-VISITANTE,84:f1:47:54:f9:82,-88,11
08/05/2026,07:25:06,102,Pesquisa em Eng. Elétrica,IFPB TCC,d8:5d:4c:86:7e:66,-90,1
08/05/2026,07:25:16,103,Pesquisa em Eng. Elétrica,Lab. de Sinais Digitais,18:d6:c7:f9:37:2f,-44,11
08/05/2026,07:25:16,103,Pesquisa em Eng. Elétrica,GPDS,00:26:5a:66:55:ef,-56,6
08/05/2026,07:25:16,103,Pesquisa em Eng. Elétrica,APTelefonia,58:10:8c:91:f3:aa,-58,1
08/05/2026,07:25:16,103,Pesquisa em Eng. Elétrica,Intelbras,18:0d:2c:7f:eb:ac,-63,7
08/05/2026,07:25:16,103,Pesquisa em Eng. Elétrica,PeterNetwork,1e:1d:49:86:2d:8e,-63,11
08/05/2026,07:25:16,103,Pesquisa em Eng. Elétrica,SALA_MESTRADO,64:66:b3:62:eb:86,-66,1
08/05/2026,07:25:16,103,Pesquisa em Eng. Elétrica,NPEF/NEPA,50:c7:bf:ef:56:8a,-73,3
08/05/2026,07:25:16,103,Pesquisa em Eng. Elétrica,TP-Link_1324,7c:f1:7e:8d:13:22,-77,10
08/05/2026,07:25:16,103,Pesquisa em Eng. Elétrica,IFPB-Sala_Professor_14,48:51:cf:81:b0:9e,-78,2
08/05/2026,07:25:16,103,Pesquisa em Eng. Elétrica,IFPB-Sala_Professor_14,24:fd:0d:57:19:26,-78,5
08/05/2026,07:25:16,103,Pesquisa em Eng. Elétrica,IFPB-VISITANTE,84:f1:47:54:8b:a2,-79,1
08/05/2026,07:25:16,103,Pesquisa em Eng. Elétrica,IFPB-VISITANTE,e4:4e:2d:85:4c:62,-79,11
08/05/2026,07:25:16,103,Pesquisa em Eng. Elétrica,IFPB,84:f1:47:54:8b:a0,-80,1
08/05/2026,07:25:16,103,Pesquisa em Eng. Elétrica,IFPB,84:f1:47:54:eb:20,-80,6
08/05/2026,07:25:16,103,Pesquisa em Eng. Elétrica,IFPB-VISITANTE,84:f1:47:54:eb:22,-80,6
08/05/2026,07:25:16,103,Pesquisa em Eng. Elétrica,UA2-MiniLab,60:32:b1:2d:66:c3,-80,10
08/05/2026,07:25:16,103,Pesquisa em Eng. Elétrica,IFPB,e4:4e:2d:85:4c:60,-80,11
08/05/2026,07:25:16,103,Pesquisa em Eng. Elétrica,NUNYA_Room_2.4GHz,cc:32:e5:0c:fc:2b,-82,9
08/05/2026,07:25:16,103,Pesquisa em Eng. Elétrica,IFPB,84:f1:47:54:96:e0,-83,1
08/05/2026,07:25:16,103,Pesquisa em Eng. Elétrica,IFPB-VISITANTE,84:f1:47:54:96:e2,-85,1
08/05/2026,07:25:16,103,Pesquisa em Eng. Elétrica,TP-Link_C3CB,d8:0d:17:3e:c3:cb,-88,4
08/05/2026,07:25:16,103,Pesquisa em Eng. Elétrica,IFPB-Sala_13,e8:94:f6:b9:2f:46,-88,6
08/05/2026,07:25:16,103,Pesquisa em Eng. Elétrica,IFPB,84:f1:47:54:f9:80,-88,11
08/05/2026,07:25:16,103,Pesquisa em Eng. Elétrica,IFPB-VISITANTE,84:f1:47:54:f9:82,-90,11
08/05/2026,07:25:16,103,Pesquisa em Eng. Elétrica,IFPB TCC,d8:5d:4c:86:7e:66,-92,1
08/05/2026,07:25:26,104,Pesquisa em Eng. Elétrica,Lab. de Sinais Digitais,18:d6:c7:f9:37:2f,-43,11
08/05/2026,07:25:26,104,Pesquisa em Eng. Elétrica,GPDS,00:26:5a:66:55:ef,-55,6
08/05/2026,07:25:26,104,Pesquisa em Eng. Elétrica,APTelefonia,58:10:8c:91:f3:aa,-56,1
08/05/2026,07:25:26,104,Pesquisa em Eng. Elétrica,Intelbras,18:0d:2c:7f:eb:ac,-62,7
08/05/2026,07:25:26,104,Pesquisa em Eng. Elétrica,SALA_MESTRADO,64:66:b3:62:eb:86,-64,1
08/05/2026,07:25:26,104,Pesquisa em Eng. Elétrica,PeterNetwork,1e:1d:49:86:2d:8e,-64,11
08/05/2026,07:25:26,104,Pesquisa em Eng. Elétrica,IFPB-Sala_Professor_14,24:fd:0d:57:19:26,-73,5
08/05/2026,07:25:26,104,Pesquisa em Eng. Elétrica,UA2-MiniLab,60:32:b1:2d:66:c3,-75,10
08/05/2026,07:25:26,104,Pesquisa em Eng. Elétrica,TP-Link_1324,7c:f1:7e:8d:13:22,-75,10
08/05/2026,07:25:26,104,Pesquisa em Eng. Elétrica,NPEF/NEPA,50:c7:bf:ef:56:8a,-76,3
08/05/2026,07:25:26,104,Pesquisa em Eng. Elétrica,IFPB-VISITANTE,84:f1:47:54:eb:22,-78,6
08/05/2026,07:25:26,104,Pesquisa em Eng. Elétrica,IFPB-Sala_Professor_14,48:51:cf:81:b0:9e,-79,2
08/05/2026,07:25:26,104,Pesquisa em Eng. Elétrica,IFPB,84:f1:47:54:eb:20,-79,6
08/05/2026,07:25:26,104,Pesquisa em Eng. Elétrica,IFPB,e4:4e:2d:85:4c:60,-79,11
08/05/2026,07:25:26,104,Pesquisa em Eng. Elétrica,IFPB-VISITANTE,e4:4e:2d:85:4c:62,-79,11
08/05/2026,07:25:27,104,Pesquisa em Eng. Elétrica,IFPB,84:f1:47:54:8b:a0,-81,1
08/05/2026,07:25:27,104,Pesquisa em Eng. Elétrica,IFPB-VISITANTE,84:f1:47:54:8b:a2,-81,1
08/05/2026,07:25:27,104,Pesquisa em Eng. Elétrica,NUNYA_Room_2.4GHz,cc:32:e5:0c:fc:2b,-83,9
08/05/2026,07:25:27,104,Pesquisa em Eng. Elétrica,IFPB,84:f1:47:54:96:e0,-84,1
08/05/2026,07:25:27,104,Pesquisa em Eng. Elétrica,IFPB-VISITANTE,84:f1:47:54:96:e2,-84,1
08/05/2026,07:25:27,104,Pesquisa em Eng. Elétrica,IFPB-Sala_13,e8:94:f6:b9:2f:46,-85,6
08/05/2026,07:25:27,104,Pesquisa em Eng. Elétrica,IFPB-VISITANTE,84:f1:47:54:f9:82,-89,11
08/05/2026,07:25:27,104,Pesquisa em Eng. Elétrica,TP-Link_C3CB,d8:0d:17:3e:c3:cb,-90,4
08/05/2026,07:25:27,104,Pesquisa em Eng. Elétrica,IFPB TCC,d8:5d:4c:86:7e:66,-93,1
08/05/2026,07:25:36,105,Pesquisa em Eng. Elétrica,Lab. de Sinais Digitais,18:d6:c7:f9:37:2f,-44,11
08/05/2026,07:25:36,105,Pesquisa em Eng. Elétrica,APTelefonia,58:10:8c:91:f3:aa,-57,1
08/05/2026,07:25:36,105,Pesquisa em Eng. Elétrica,GPDS,00:26:5a:66:55:ef,-57,6
08/05/2026,07:25:36,105,Pesquisa em Eng. Elétrica,Intelbras,18:0d:2c:7f:eb:ac,-63,7
08/05/2026,07:25:36,105,Pesquisa em Eng. Elétrica,PeterNetwork,1e:1d:49:86:2d:8e,-64,11
08/05/2026,07:25:36,105,Pesquisa em Eng. Elétrica,SALA_MESTRADO,64:66:b3:62:eb:86,-66,1
08/05/2026,07:25:36,105,Pesquisa em Eng. Elétrica,IFPB-Sala_Professor_14,24:fd:0d:57:19:26,-67,5
08/05/2026,07:25:36,105,Pesquisa em Eng. Elétrica,UA2-MiniLab,60:32:b1:2d:66:c3,-74,10
08/05/2026,07:25:36,105,Pesquisa em Eng. Elétrica,NPEF/NEPA,50:c7:bf:ef:56:8a,-75,3
08/05/2026,07:25:36,105,Pesquisa em Eng. Elétrica,TP-Link_1324,7c:f1:7e:8d:13:22,-75,10
08/05/2026,07:25:37,105,Pesquisa em Eng. Elétrica,IFPB-Sala_Professor_14,48:51:cf:81:b0:9e,-76,2
08/05/2026,07:25:37,105,Pesquisa em Eng. Elétrica,IFPB,e4:4e:2d:85:4c:60,-78,11
08/05/2026,07:25:37,105,Pesquisa em Eng. Elétrica,IFPB-VISITANTE,e4:4e:2d:85:4c:62,-79,11
08/05/2026,07:25:37,105,Pesquisa em Eng. Elétrica,IFPB,84:f1:47:54:eb:20,-80,6
08/05/2026,07:25:37,105,Pesquisa em Eng. Elétrica,IFPB-VISITANTE,84:f1:47:54:eb:22,-80,6
08/05/2026,07:25:37,105,Pesquisa em Eng. Elétrica,IFPB-VISITANTE,84:f1:47:54:8b:a2,-81,1
08/05/2026,07:25:37,105,Pesquisa em Eng. Elétrica,IFPB,84:f1:47:54:8b:a0,-81,1
08/05/2026,07:25:37,105,Pesquisa em Eng. Elétrica,NUNYA_Room_2.4GHz,cc:32:e5:0c:fc:2b,-82,9
08/05/2026,07:25:37,105,Pesquisa em Eng. Elétrica,IFPB-VISITANTE,84:f1:47:54:96:e2,-84,1
08/05/2026,07:25:37,105,Pesquisa em Eng. Elétrica,IFPB-Sala_13,e8:94:f6:b9:2f:46,-85,6
08/05/2026,07:25:37,105,Pesquisa em Eng. Elétrica,IFPB,84:f1:47:54:96:e0,-87,1
08/05/2026,07:25:37,105,Pesquisa em Eng. Elétrica,TP-Link_C3CB,d8:0d:17:3e:c3:cb,-88,4
08/05/2026,07:25:37,105,Pesquisa em Eng. Elétrica,IFPB,84:f1:47:54:f9:80,-89,11
08/05/2026,07:25:37,105,Pesquisa em Eng. Elétrica,IFPB-VISITANTE,84:f1:47:54:f9:82,-89,11
08/05/2026,07:25:37,105,Pesquisa em Eng. Elétrica,IFPB TCC,d8:5d:4c:86:7e:66,-91,1
08/05/2026,07:25:46,106,Pesquisa em Eng. Elétrica,Lab. de Sinais Digitais,18:d6:c7:f9:37:2f,-45,11
08/05/2026,07:25:46,106,Pesquisa em Eng. Elétrica,APTelefonia,58:10:8c:91:f3:aa,-56,1
08/05/2026,07:25:46,106,Pesquisa em Eng. Elétrica,GPDS,00:26:5a:66:55:ef,-58,6
08/05/2026,07:25:46,106,Pesquisa em Eng. Elétrica,Intelbras,18:0d:2c:7f:eb:ac,-64,7
08/05/2026,07:25:46,106,Pesquisa em Eng. Elétrica,PeterNetwork,1e:1d:49:86:2d:8e,-64,11
08/05/2026,07:25:47,106,Pesquisa em Eng. Elétrica,SALA_MESTRADO,64:66:b3:62:eb:86,-65,1
08/05/2026,07:25:47,106,Pesquisa em Eng. Elétrica,IFPB-Sala_Professor_14,48:51:cf:81:b0:9e,-75,2
08/05/2026,07:25:47,106,Pesquisa em Eng. Elétrica,NPEF/NEPA,50:c7:bf:ef:56:8a,-75,3
08/05/2026,07:25:47,106,Pesquisa em Eng. Elétrica,IFPB-Sala_Professor_14,24:fd:0d:57:19:26,-75,5
08/05/2026,07:25:47,106,Pesquisa em Eng. Elétrica,TP-Link_1324,7c:f1:7e:8d:13:22,-75,10
08/05/2026,07:25:47,106,Pesquisa em Eng. Elétrica,UA2-MiniLab,60:32:b1:2d:66:c3,-77,10
08/05/2026,07:25:47,106,Pesquisa em Eng. Elétrica,IFPB,e4:4e:2d:85:4c:60,-77,11
08/05/2026,07:25:47,106,Pesquisa em Eng. Elétrica,IFPB-VISITANTE,e4:4e:2d:85:4c:62,-78,11
08/05/2026,07:25:47,106,Pesquisa em Eng. Elétrica,IFPB,84:f1:47:54:8b:a0,-80,1
08/05/2026,07:25:47,106,Pesquisa em Eng. Elétrica,IFPB-VISITANTE,84:f1:47:54:8b:a2,-80,1
08/05/2026,07:25:47,106,Pesquisa em Eng. Elétrica,IFPB,84:f1:47:54:eb:20,-80,6
08/05/2026,07:25:47,106,Pesquisa em Eng. Elétrica,IFPB-VISITANTE,84:f1:47:54:eb:22,-80,6
08/05/2026,07:25:47,106,Pesquisa em Eng. Elétrica,NUNYA_Room_2.4GHz,cc:32:e5:0c:fc:2b,-80,9
08/05/2026,07:25:47,106,Pesquisa em Eng. Elétrica,IFPB-VISITANTE,84:f1:47:54:96:e2,-85,1
08/05/2026,07:25:47,106,Pesquisa em Eng. Elétrica,IFPB,84:f1:47:54:96:e0,-86,1
08/05/2026,07:25:47,106,Pesquisa em Eng. Elétrica,IFPB-VISITANTE,24:36:da:2b:bc:02,-87,6
08/05/2026,07:25:47,106,Pesquisa em Eng. Elétrica,IFPB-Sala_13,e8:94:f6:b9:2f:46,-87,6
08/05/2026,07:25:47,106,Pesquisa em Eng. Elétrica,IFPB,84:f1:47:54:f9:80,-88,11
08/05/2026,07:25:47,106,Pesquisa em Eng. Elétrica,IFPB-VISITANTE,84:f1:47:54:f9:82,-88,11
08/05/2026,07:25:47,106,Pesquisa em Eng. Elétrica,TP-Link_C3CB,d8:0d:17:3e:c3:cb,-90,4
08/05/2026,07:25:47,106,Pesquisa em Eng. Elétrica,IFPB TCC,d8:5d:4c:86:7e:66,-91,1
08/05/2026,07:25:57,107,Pesquisa em Eng. Elétrica,Lab. de Sinais Digitais,18:d6:c7:f9:37:2f,-43,11
08/05/2026,07:25:57,107,Pesquisa em Eng. Elétrica,GPDS,00:26:5a:66:55:ef,-56,6
08/05/2026,07:25:57,107,Pesquisa em Eng. Elétrica,APTelefonia,58:10:8c:91:f3:aa,-58,1
08/05/2026,07:25:57,107,Pesquisa em Eng. Elétrica,Intelbras,18:0d:2c:7f:eb:ac,-63,7
08/05/2026,07:25:57,107,Pesquisa em Eng. Elétrica,PeterNetwork,1e:1d:49:86:2d:8e,-63,11
08/05/2026,07:25:57,107,Pesquisa em Eng. Elétrica,SALA_MESTRADO,64:66:b3:62:eb:86,-65,1
08/05/2026,07:25:57,107,Pesquisa em Eng. Elétrica,IFPB-Sala_Professor_14,48:51:cf:81:b0:9e,-76,2
08/05/2026,07:25:57,107,Pesquisa em Eng. Elétrica,NPEF/NEPA,50:c7:bf:ef:56:8a,-76,3
08/05/2026,07:25:57,107,Pesquisa em Eng. Elétrica,UA2-MiniLab,60:32:b1:2d:66:c3,-76,10
08/05/2026,07:25:57,107,Pesquisa em Eng. Elétrica,IFPB-Sala_Professor_14,24:fd:0d:57:19:26,-77,5
08/05/2026,07:25:57,107,Pesquisa em Eng. Elétrica,IFPB,84:f1:47:54:eb:20,-77,6
08/05/2026,07:25:57,107,Pesquisa em Eng. Elétrica,IFPB-VISITANTE,84:f1:47:54:eb:22,-77,6
08/05/2026,07:25:57,107,Pesquisa em Eng. Elétrica,TP-Link_1324,7c:f1:7e:8d:13:22,-78,10
08/05/2026,07:25:57,107,Pesquisa em Eng. Elétrica,IFPB,e4:4e:2d:85:4c:60,-78,11
08/05/2026,07:25:57,107,Pesquisa em Eng. Elétrica,IFPB-VISITANTE,e4:4e:2d:85:4c:62,-79,11
08/05/2026,07:25:57,107,Pesquisa em Eng. Elétrica,IFPB-VISITANTE,84:f1:47:54:8b:a2,-80,1
08/05/2026,07:25:57,107,Pesquisa em Eng. Elétrica,IFPB,84:f1:47:54:8b:a0,-81,1
08/05/2026,07:25:57,107,Pesquisa em Eng. Elétrica,NUNYA_Room_2.4GHz,cc:32:e5:0c:fc:2b,-82,9
08/05/2026,07:25:57,107,Pesquisa em Eng. Elétrica,IFPB,84:f1:47:54:96:e0,-84,1
08/05/2026,07:25:57,107,Pesquisa em Eng. Elétrica,IFPB-VISITANTE,84:f1:47:54:96:e2,-85,1
08/05/2026,07:25:57,107,Pesquisa em Eng. Elétrica,IFPB-Sala_13,e8:94:f6:b9:2f:46,-85,6
08/05/2026,07:25:57,107,Pesquisa em Eng. Elétrica,IFPB-VISITANTE,84:f1:47:54:f9:82,-89,11
08/05/2026,07:25:57,107,Pesquisa em Eng. Elétrica,IFPB,84:f1:47:54:f9:80,-89,11
08/05/2026,07:25:57,107,Pesquisa em Eng. Elétrica,TP-Link_C3CB,d8:0d:17:3e:c3:cb,-92,4
08/05/2026,07:25:57,107,Pesquisa em Eng. Elétrica,IFPB TCC,d8:5d:4c:86:7e:66,-94,1
08/05/2026,07:26:07,108,Pesquisa em Eng. Elétrica,Lab. de Sinais Digitais,18:d6:c7:f9:37:2f,-45,11
08/05/2026,07:26:07,108,Pesquisa em Eng. Elétrica,GPDS,00:26:5a:66:55:ef,-56,6
08/05/2026,07:26:07,108,Pesquisa em Eng. Elétrica,APTelefonia,58:10:8c:91:f3:aa,-58,1
08/05/2026,07:26:07,108,Pesquisa em Eng. Elétrica,SALA_MESTRADO,64:66:b3:62:eb:86,-64,1
08/05/2026,07:26:07,108,Pesquisa em Eng. Elétrica,PeterNetwork,1e:1d:49:86:2d:8e,-66,11
08/05/2026,07:26:07,108,Pesquisa em Eng. Elétrica,Intelbras,18:0d:2c:7f:eb:ac,-67,7
08/05/2026,07:26:07,108,Pesquisa em Eng. Elétrica,NPEF/NEPA,50:c7:bf:ef:56:8a,-73,3
08/05/2026,07:26:07,108,Pesquisa em Eng. Elétrica,IFPB-Sala_Professor_14,48:51:cf:81:b0:9e,-77,2
08/05/2026,07:26:07,108,Pesquisa em Eng. Elétrica,IFPB,84:f1:47:54:8b:a0,-79,1
08/05/2026,07:26:07,108,Pesquisa em Eng. Elétrica,IFPB-VISITANTE,84:f1:47:54:8b:a2,-79,1
08/05/2026,07:26:07,108,Pesquisa em Eng. Elétrica,IFPB-VISITANTE,84:f1:47:54:eb:22,-79,6
08/05/2026,07:26:07,108,Pesquisa em Eng. Elétrica,IFPB,e4:4e:2d:85:4c:60,-79,11
08/05/2026,07:26:07,108,Pesquisa em Eng. Elétrica,IFPB-VISITANTE,e4:4e:2d:85:4c:62,-79,11
08/05/2026,07:26:07,108,Pesquisa em Eng. Elétrica,IFPB,84:f1:47:54:eb:20,-80,6
08/05/2026,07:26:07,108,Pesquisa em Eng. Elétrica,UA2-MiniLab,60:32:b1:2d:66:c3,-80,10
08/05/2026,07:26:07,108,Pesquisa em Eng. Elétrica,TP-Link_1324,7c:f1:7e:8d:13:22,-81,10
08/05/2026,07:26:07,108,Pesquisa em Eng. Elétrica,IFPB,84:f1:47:54:96:e0,-83,1
08/05/2026,07:26:07,108,Pesquisa em Eng. Elétrica,IFPB-VISITANTE,84:f1:47:54:96:e2,-84,1
08/05/2026,07:26:07,108,Pesquisa em Eng. Elétrica,IFPB-Sala_Professor_14,24:fd:0d:57:19:26,-84,5
08/05/2026,07:26:07,108,Pesquisa em Eng. Elétrica,IFPB-VISITANTE,24:36:da:2b:bc:02,-87,6
08/05/2026,07:26:07,108,Pesquisa em Eng. Elétrica,IFPB-Sala_13,e8:94:f6:b9:2f:46,-88,6
08/05/2026,07:26:07,108,Pesquisa em Eng. Elétrica,TP-Link_C3CB,d8:0d:17:3e:c3:cb,-89,4
08/05/2026,07:26:07,108,Pesquisa em Eng. Elétrica,IFPB TCC,d8:5d:4c:86:7e:66,-92,1
08/05/2026,07:26:17,109,Pesquisa em Eng. Elétrica,Lab. de Sinais Digitais,18:d6:c7:f9:37:2f,-46,11
08/05/2026,07:26:17,109,Pesquisa em Eng. Elétrica,GPDS,00:26:5a:66:55:ef,-57,6
08/05/2026,07:26:17,109,Pesquisa em Eng. Elétrica,APTelefonia,58:10:8c:91:f3:aa,-62,1
08/05/2026,07:26:17,109,Pesquisa em Eng. Elétrica,SALA_MESTRADO,64:66:b3:62:eb:86,-64,1
08/05/2026,07:26:17,109,Pesquisa em Eng. Elétrica,PeterNetwork,1e:1d:49:86:2d:8e,-64,11
08/05/2026,07:26:17,109,Pesquisa em Eng. Elétrica,Intelbras,18:0d:2c:7f:eb:ac,-67,7
08/05/2026,07:26:17,109,Pesquisa em Eng. Elétrica,NPEF/NEPA,50:c7:bf:ef:56:8a,-73,3
08/05/2026,07:26:17,109,Pesquisa em Eng. Elétrica,TP-Link_1324,7c:f1:7e:8d:13:22,-76,10
08/05/2026,07:26:17,109,Pesquisa em Eng. Elétrica,IFPB,e4:4e:2d:85:4c:60,-77,11
08/05/2026,07:26:17,109,Pesquisa em Eng. Elétrica,IFPB-VISITANTE,e4:4e:2d:85:4c:62,-77,11
08/05/2026,07:26:17,109,Pesquisa em Eng. Elétrica,IFPB,84:f1:47:54:8b:a0,-78,1
08/05/2026,07:26:17,109,Pesquisa em Eng. Elétrica,IFPB-VISITANTE,84:f1:47:54:8b:a2,-78,1
08/05/2026,07:26:17,109,Pesquisa em Eng. Elétrica,UA2-MiniLab,60:32:b1:2d:66:c3,-78,10
08/05/2026,07:26:17,109,Pesquisa em Eng. Elétrica,IFPB-Sala_Professor_14,24:fd:0d:57:19:26,-80,5
08/05/2026,07:26:17,109,Pesquisa em Eng. Elétrica,NUNYA_Room_2.4GHz,cc:32:e5:0c:fc:2b,-81,9
08/05/2026,07:26:17,109,Pesquisa em Eng. Elétrica,IFPB,84:f1:47:54:96:e0,-83,1
08/05/2026,07:26:17,109,Pesquisa em Eng. Elétrica,IFPB-VISITANTE,84:f1:47:54:96:e2,-84,1
08/05/2026,07:26:17,109,Pesquisa em Eng. Elétrica,IFPB,84:f1:47:54:eb:20,-86,6
08/05/2026,07:26:17,109,Pesquisa em Eng. Elétrica,IFPB-VISITANTE,84:f1:47:54:eb:22,-86,6
08/05/2026,07:26:17,109,Pesquisa em Eng. Elétrica,IFPB-Sala_13,e8:94:f6:b9:2f:46,-86,6
08/05/2026,07:26:17,109,Pesquisa em Eng. Elétrica,TP-Link_C3CB,d8:0d:17:3e:c3:cb,-87,4
08/05/2026,07:26:17,109,Pesquisa em Eng. Elétrica,IFPB-VISITANTE,84:f1:47:54:f9:82,-88,11
08/05/2026,07:26:17,109,Pesquisa em Eng. Elétrica,IFPB,84:f1:47:54:f9:80,-90,11
08/05/2026,07:26:17,109,Pesquisa em Eng. Elétrica,IFPB TCC,d8:5d:4c:86:7e:66,-91,1
08/05/2026,07:26:27,110,Pesquisa em Eng. Elétrica,Lab. de Sinais Digitais,18:d6:c7:f9:37:2f,-46,11
08/05/2026,07:26:27,110,Pesquisa em Eng. Elétrica,GPDS,00:26:5a:66:55:ef,-57,6
08/05/2026,07:26:27,110,Pesquisa em Eng. Elétrica,APTelefonia,58:10:8c:91:f3:aa,-58,1
08/05/2026,07:26:27,110,Pesquisa em Eng. Elétrica,PeterNetwork,1e:1d:49:86:2d:8e,-62,11
08/05/2026,07:26:27,110,Pesquisa em Eng. Elétrica,SALA_MESTRADO,64:66:b3:62:eb:86,-64,1
08/05/2026,07:26:27,110,Pesquisa em Eng. Elétrica,Intelbras,18:0d:2c:7f:eb:ac,-65,7
08/05/2026,07:26:27,110,Pesquisa em Eng. Elétrica,NPEF/NEPA,50:c7:bf:ef:56:8a,-72,3
08/05/2026,07:26:27,110,Pesquisa em Eng. Elétrica,UA2-MiniLab,60:32:b1:2d:66:c3,-73,10
08/05/2026,07:26:27,110,Pesquisa em Eng. Elétrica,TP-Link_1324,7c:f1:7e:8d:13:22,-75,10
08/05/2026,07:26:27,110,Pesquisa em Eng. Elétrica,IFPB,84:f1:47:54:eb:20,-77,6
08/05/2026,07:26:27,110,Pesquisa em Eng. Elétrica,IFPB-VISITANTE,84:f1:47:54:eb:22,-77,6
08/05/2026,07:26:27,110,Pesquisa em Eng. Elétrica,IFPB,e4:4e:2d:85:4c:60,-77,11
08/05/2026,07:26:27,110,Pesquisa em Eng. Elétrica,IFPB-VISITANTE,e4:4e:2d:85:4c:62,-77,11
08/05/2026,07:26:27,110,Pesquisa em Eng. Elétrica,NUNYA_Room_2.4GHz,cc:32:e5:0c:fc:2b,-82,9
08/05/2026,07:26:27,110,Pesquisa em Eng. Elétrica,IFPB,84:f1:47:54:8b:a0,-84,1
08/05/2026,07:26:27,110,Pesquisa em Eng. Elétrica,IFPB-VISITANTE,84:f1:47:54:8b:a2,-84,1
08/05/2026,07:26:27,110,Pesquisa em Eng. Elétrica,IFPB,84:f1:47:54:96:e0,-84,1
08/05/2026,07:26:27,110,Pesquisa em Eng. Elétrica,IFPB-VISITANTE,84:f1:47:54:96:e2,-84,1
08/05/2026,07:26:27,110,Pesquisa em Eng. Elétrica,IFPB-Sala_Professor_14,24:fd:0d:57:19:26,-85,5
08/05/2026,07:26:27,110,Pesquisa em Eng. Elétrica,IFPB-Sala_13,e8:94:f6:b9:2f:46,-85,6
08/05/2026,07:26:27,110,Pesquisa em Eng. Elétrica,TP-Link_C3CB,d8:0d:17:3e:c3:cb,-86,4
08/05/2026,07:26:27,110,Pesquisa em Eng. Elétrica,IFPB,84:f1:47:54:f9:80,-88,11
08/05/2026,07:26:27,110,Pesquisa em Eng. Elétrica,IFPB-VISITANTE,84:f1:47:54:f9:82,-89,11
08/05/2026,07:26:27,110,Pesquisa em Eng. Elétrica,IFPB TCC,d8:5d:4c:86:7e:66,-92,1
08/05/2026,07:26:51,111,Práticas didáticas,Lab. de Sinais Digitais,18:d6:c7:f9:37:2f,-50,11
08/05/2026,07:26:51,111,Práticas didáticas,UA2-MiniLab,60:32:b1:2d:66:c3,-53,10
08/05/2026,07:26:51,111,Práticas didáticas,GPDS,00:26:5a:66:55:ef,-64,6
08/05/2026,07:26:51,111,Práticas didáticas,PeterNetwork,1e:1d:49:86:2d:8e,-64,11
08/05/2026,07:26:51,111,Práticas didáticas,NPEF/NEPA,50:c7:bf:ef:56:8a,-66,3
08/05/2026,07:26:51,111,Práticas didáticas,APTelefonia,58:10:8c:91:f3:aa,-70,1
08/05/2026,07:26:51,111,Práticas didáticas,IFPB,84:f1:47:54:8b:a0,-72,1
08/05/2026,07:26:51,111,Práticas didáticas,SALA_MESTRADO,64:66:b3:62:eb:86,-72,1
08/05/2026,07:26:51,111,Práticas didáticas,IFPB-VISITANTE,84:f1:47:54:8b:a2,-73,1
08/05/2026,07:26:51,111,Práticas didáticas,Intelbras,18:0d:2c:7f:eb:ac,-75,7
08/05/2026,07:26:51,111,Práticas didáticas,IFPB-VISITANTE,84:f1:47:54:eb:22,-77,6
08/05/2026,07:26:51,111,Práticas didáticas,IFPB,84:f1:47:54:f9:80,-77,11
08/05/2026,07:26:51,111,Práticas didáticas,IFPB,84:f1:47:54:eb:20,-78,6
08/05/2026,07:26:51,111,Práticas didáticas,IFPB-VISITANTE,84:f1:47:54:f9:82,-78,11
08/05/2026,07:26:51,111,Práticas didáticas,IFPB-Sala_Professor_14,24:fd:0d:57:19:26,-81,5
08/05/2026,07:26:51,111,Práticas didáticas,NUNYA_Room_2.4GHz,cc:32:e5:0c:fc:2b,-82,9
08/05/2026,07:26:52,111,Práticas didáticas,TP-Link_1324,7c:f1:7e:8d:13:22,-82,10
08/05/2026,07:26:52,111,Práticas didáticas,IFPB,e4:4e:2d:85:4c:60,-82,11
08/05/2026,07:26:52,111,Práticas didáticas,TP-Link_C3CB,d8:0d:17:3e:c3:cb,-83,4
08/05/2026,07:26:52,111,Práticas didáticas,IFPB-VISITANTE,e4:4e:2d:85:4c:62,-83,11
08/05/2026,07:26:52,111,Práticas didáticas,IFPB-Sala_13,e8:94:f6:b9:2f:46,-90,6
08/05/2026,07:26:52,111,Práticas didáticas,IFPB TCC,d8:5d:4c:86:7e:66,-96,1
08/05/2026,07:27:01,112,Práticas didáticas,Lab. de Sinais Digitais,18:d6:c7:f9:37:2f,-53,11
08/05/2026,07:27:01,112,Práticas didáticas,UA2-MiniLab,60:32:b1:2d:66:c3,-62,10
08/05/2026,07:27:01,112,Práticas didáticas,NPEF/NEPA,50:c7:bf:ef:56:8a,-66,3
08/05/2026,07:27:01,112,Práticas didáticas,GPDS,00:26:5a:66:55:ef,-66,6
08/05/2026,07:27:01,112,Práticas didáticas,SALA_MESTRADO,64:66:b3:62:eb:86,-69,1
08/05/2026,07:27:01,112,Práticas didáticas,APTelefonia,58:10:8c:91:f3:aa,-71,1
08/05/2026,07:27:01,112,Práticas didáticas,PeterNetwork,1e:1d:49:86:2d:8e,-72,11
08/05/2026,07:27:01,112,Práticas didáticas,IFPB-Sala_Professor_14,48:51:cf:81:b0:9e,-73,2
08/05/2026,07:27:01,112,Práticas didáticas,IFPB,84:f1:47:54:8b:a0,-74,1
08/05/2026,07:27:01,112,Práticas didáticas,Intelbras,18:0d:2c:7f:eb:ac,-74,7
08/05/2026,07:27:02,112,Práticas didáticas,IFPB-VISITANTE,84:f1:47:54:8b:a2,-75,1
08/05/2026,07:27:02,112,Práticas didáticas,IFPB,84:f1:47:54:eb:20,-76,6
08/05/2026,07:27:02,112,Práticas didáticas,IFPB-VISITANTE,84:f1:47:54:eb:22,-76,6
08/05/2026,07:27:02,112,Práticas didáticas,IFPB-Sala_Professor_14,24:fd:0d:57:19:26,-77,5
08/05/2026,07:27:02,112,Práticas didáticas,NUNYA_Room_2.4GHz,cc:32:e5:0c:fc:2b,-79,9
08/05/2026,07:27:02,112,Práticas didáticas,TP-Link_1324,7c:f1:7e:8d:13:22,-79,10
08/05/2026,07:27:02,112,Práticas didáticas,TP-Link_C3CB,d8:0d:17:3e:c3:cb,-82,4
08/05/2026,07:27:02,112,Práticas didáticas,IFPB,84:f1:47:54:f9:80,-82,11
08/05/2026,07:27:02,112,Práticas didáticas,IFPB-VISITANTE,84:f1:47:54:f9:82,-82,11
08/05/2026,07:27:02,112,Práticas didáticas,IFPB,e4:4e:2d:85:4c:60,-83,11
08/05/2026,07:27:02,112,Práticas didáticas,IFPB-VISITANTE,e4:4e:2d:85:4c:62,-83,11
08/05/2026,07:27:02,112,Práticas didáticas,IFPB-Sala_13,e8:94:f6:b9:2f:46,-92,6
08/05/2026,07:27:12,113,Práticas didáticas,Lab. de Sinais Digitais,18:d6:c7:f9:37:2f,-51,11
08/05/2026,07:27:12,113,Práticas didáticas,UA2-MiniLab,60:32:b1:2d:66:c3,-63,10
08/05/2026,07:27:12,113,Práticas didáticas,APTelefonia,58:10:8c:91:f3:aa,-64,1
08/05/2026,07:27:12,113,Práticas didáticas,GPDS,00:26:5a:66:55:ef,-66,6
08/05/2026,07:27:12,113,Práticas didáticas,SALA_MESTRADO,64:66:b3:62:eb:86,-72,1
08/05/2026,07:27:12,113,Práticas didáticas,NPEF/NEPA,50:c7:bf:ef:56:8a,-72,3
08/05/2026,07:27:12,113,Práticas didáticas,IFPB-Sala_Professor_14,24:fd:0d:57:19:26,-73,5
08/05/2026,07:27:12,113,Práticas didáticas,Intelbras,18:0d:2c:7f:eb:ac,-73,7
08/05/2026,07:27:12,113,Práticas didáticas,IFPB,84:f1:47:54:8b:a0,-76,1
08/05/2026,07:27:12,113,Práticas didáticas,PeterNetwork,1e:1d:49:86:2d:8e,-76,11
08/05/2026,07:27:12,113,Práticas didáticas,IFPB-VISITANTE,84:f1:47:54:8b:a2,-77,1
08/05/2026,07:27:12,113,Práticas didáticas,NUNYA_Room_2.4GHz,cc:32:e5:0c:fc:2b,-78,9
08/05/2026,07:27:12,113,Práticas didáticas,IFPB,84:f1:47:54:eb:20,-79,6
08/05/2026,07:27:12,113,Práticas didáticas,IFPB-VISITANTE,84:f1:47:54:eb:22,-79,6
08/05/2026,07:27:12,113,Práticas didáticas,TP-Link_1324,7c:f1:7e:8d:13:22,-80,10
08/05/2026,07:27:12,113,Práticas didáticas,IFPB,84:f1:47:54:f9:80,-80,11
08/05/2026,07:27:12,113,Práticas didáticas,IFPB-VISITANTE,84:f1:47:54:f9:82,-81,11
08/05/2026,07:27:12,113,Práticas didáticas,TP-Link_C3CB,d8:0d:17:3e:c3:cb,-82,4
08/05/2026,07:27:12,113,Práticas didáticas,IFPB,e4:4e:2d:85:4c:60,-83,11
08/05/2026,07:27:12,113,Práticas didáticas,IFPB-VISITANTE,e4:4e:2d:85:4c:62,-83,11
08/05/2026,07:27:12,113,Práticas didáticas,IFPB TCC,d8:5d:4c:86:7e:66,-89,1
08/05/2026,07:27:22,114,Práticas didáticas,Lab. de Sinais Digitais,18:d6:c7:f9:37:2f,-54,11
08/05/2026,07:27:22,114,Práticas didáticas,APTelefonia,58:10:8c:91:f3:aa,-63,1
08/05/2026,07:27:22,114,Práticas didáticas,UA2-MiniLab,60:32:b1:2d:66:c3,-63,10
08/05/2026,07:27:22,114,Práticas didáticas,GPDS,00:26:5a:66:55:ef,-67,6
08/05/2026,07:27:22,114,Práticas didáticas,SALA_MESTRADO,64:66:b3:62:eb:86,-72,1
08/05/2026,07:27:22,114,Práticas didáticas,IFPB-Sala_Professor_14,24:fd:0d:57:19:26,-73,5
08/05/2026,07:27:22,114,Práticas didáticas,NPEF/NEPA,50:c7:bf:ef:56:8a,-74,3
08/05/2026,07:27:22,114,Práticas didáticas,Intelbras,18:0d:2c:7f:eb:ac,-74,7
08/05/2026,07:27:22,114,Práticas didáticas,PeterNetwork,1e:1d:49:86:2d:8e,-76,11
08/05/2026,07:27:22,114,Práticas didáticas,IFPB,84:f1:47:54:8b:a0,-78,1
08/05/2026,07:27:22,114,Práticas didáticas,IFPB-VISITANTE,84:f1:47:54:8b:a2,-79,1
08/05/2026,07:27:22,114,Práticas didáticas,IFPB,84:f1:47:54:eb:20,-79,6
08/05/2026,07:27:22,114,Práticas didáticas,IFPB-VISITANTE,84:f1:47:54:eb:22,-79,6
08/05/2026,07:27:22,114,Práticas didáticas,NUNYA_Room_2.4GHz,cc:32:e5:0c:fc:2b,-80,9
08/05/2026,07:27:22,114,Práticas didáticas,TP-Link_1324,7c:f1:7e:8d:13:22,-80,10
08/05/2026,07:27:22,114,Práticas didáticas,IFPB,84:f1:47:54:f9:80,-82,11
08/05/2026,07:27:22,114,Práticas didáticas,IFPB-VISITANTE,84:f1:47:54:f9:82,-83,11
08/05/2026,07:27:22,114,Práticas didáticas,IFPB,e4:4e:2d:85:4c:60,-85,11
08/05/2026,07:27:22,114,Práticas didáticas,IFPB-VISITANTE,e4:4e:2d:85:4c:62,-85,11
08/05/2026,07:27:22,114,Práticas didáticas,IFPB TCC,d8:5d:4c:86:7e:66,-92,1
08/05/2026,07:27:32,115,Práticas didáticas,Lab. de Sinais Digitais,18:d6:c7:f9:37:2f,-53,11
08/05/2026,07:27:32,115,Práticas didáticas,UA2-MiniLab,60:32:b1:2d:66:c3,-62,10
08/05/2026,07:27:32,115,Práticas didáticas,APTelefonia,58:10:8c:91:f3:aa,-63,1
08/05/2026,07:27:32,115,Práticas didáticas,IFPB-Sala_Professor_14,24:fd:0d:57:19:26,-67,5
08/05/2026,07:27:32,115,Práticas didáticas,PeterNetwork,1e:1d:49:86:2d:8e,-67,11
08/05/2026,07:27:32,115,Práticas didáticas,GPDS,00:26:5a:66:55:ef,-69,6
08/05/2026,07:27:32,115,Práticas didáticas,NPEF/NEPA,50:c7:bf:ef:56:8a,-70,3
08/05/2026,07:27:32,115,Práticas didáticas,SALA_MESTRADO,64:66:b3:62:eb:86,-72,1
08/05/2026,07:27:32,115,Práticas didáticas,IFPB,84:f1:47:54:8b:a0,-76,1
08/05/2026,07:27:32,115,Práticas didáticas,IFPB-VISITANTE,84:f1:47:54:8b:a2,-76,1
08/05/2026,07:27:32,115,Práticas didáticas,IFPB,84:f1:47:54:eb:20,-78,6
08/05/2026,07:27:32,115,Práticas didáticas,Intelbras,18:0d:2c:7f:eb:ac,-78,7
08/05/2026,07:27:32,115,Práticas didáticas,TP-Link_1324,7c:f1:7e:8d:13:22,-78,10
08/05/2026,07:27:32,115,Práticas didáticas,IFPB-VISITANTE,84:f1:47:54:eb:22,-79,6
08/05/2026,07:27:32,115,Práticas didáticas,NUNYA_Room_2.4GHz,cc:32:e5:0c:fc:2b,-80,9
08/05/2026,07:27:32,115,Práticas didáticas,IFPB,84:f1:47:54:f9:80,-82,11
08/05/2026,07:27:32,115,Práticas didáticas,IFPB-VISITANTE,84:f1:47:54:f9:82,-83,11
08/05/2026,07:27:32,115,Práticas didáticas,IFPB,e4:4e:2d:85:4c:60,-85,11
08/05/2026,07:27:32,115,Práticas didáticas,IFPB-VISITANTE,e4:4e:2d:85:4c:62,-85,11
08/05/2026,07:27:32,115,Práticas didáticas,TP-Link_C3CB,d8:0d:17:3e:c3:cb,-86,4
08/05/2026,07:27:32,115,Práticas didáticas,IFPB TCC,d8:5d:4c:86:7e:66,-90,1
08/05/2026,07:27:42,116,Práticas didáticas,Lab. de Sinais Digitais,18:d6:c7:f9:37:2f,-52,11
08/05/2026,07:27:42,116,Práticas didáticas,APTelefonia,58:10:8c:91:f3:aa,-62,1
08/05/2026,07:27:42,116,Práticas didáticas,UA2-MiniLab,60:32:b1:2d:66:c3,-62,10
08/05/2026,07:27:42,116,Práticas didáticas,NPEF/NEPA,50:c7:bf:ef:56:8a,-69,3
08/05/2026,07:27:42,116,Práticas didáticas,GPDS,00:26:5a:66:55:ef,-69,6
08/05/2026,07:27:42,116,Práticas didáticas,PeterNetwork,1e:1d:49:86:2d:8e,-69,11
08/05/2026,07:27:42,116,Práticas didáticas,SALA_MESTRADO,64:66:b3:62:eb:86,-70,1
08/05/2026,07:27:42,116,Práticas didáticas,IFPB-Sala_Professor_14,24:fd:0d:57:19:26,-71,5
08/05/2026,07:27:42,116,Práticas didáticas,IFPB,84:f1:47:54:8b:a0,-75,1
08/05/2026,07:27:42,116,Práticas didáticas,IFPB-VISITANTE,84:f1:47:54:8b:a2,-75,1
08/05/2026,07:27:42,116,Práticas didáticas,Intelbras,18:0d:2c:7f:eb:ac,-78,7
08/05/2026,07:27:42,116,Práticas didáticas,TP-Link_1324,7c:f1:7e:8d:13:22,-80,10
08/05/2026,07:27:42,116,Práticas didáticas,IFPB,84:f1:47:54:f9:80,-80,11
08/05/2026,07:27:42,116,Práticas didáticas,IFPB-VISITANTE,84:f1:47:54:f9:82,-80,11
08/05/2026,07:27:42,116,Práticas didáticas,IFPB-VISITANTE,84:f1:47:54:eb:22,-81,6
08/05/2026,07:27:42,116,Práticas didáticas,IFPB,84:f1:47:54:eb:20,-82,6
08/05/2026,07:27:42,116,Práticas didáticas,NUNYA_Room_2.4GHz,cc:32:e5:0c:fc:2b,-82,9
08/05/2026,07:27:42,116,Práticas didáticas,TP-Link_C3CB,d8:0d:17:3e:c3:cb,-87,4
08/05/2026,07:27:42,116,Práticas didáticas,IFPB-VISITANTE,e4:4e:2d:85:4c:62,-88,11
08/05/2026,07:27:42,116,Práticas didáticas,IFPB,e4:4e:2d:85:4c:60,-89,11
08/05/2026,07:27:42,116,Práticas didáticas,IFPB TCC,d8:5d:4c:86:7e:66,-91,1
08/05/2026,07:27:52,117,Práticas didáticas,Lab. de Sinais Digitais,18:d6:c7:f9:37:2f,-51,11
08/05/2026,07:27:52,117,Práticas didáticas,UA2-MiniLab,60:32:b1:2d:66:c3,-60,10
08/05/2026,07:27:52,117,Práticas didáticas,APTelefonia,58:10:8c:91:f3:aa,-62,1
08/05/2026,07:27:52,117,Práticas didáticas,GPDS,00:26:5a:66:55:ef,-67,6
08/05/2026,07:27:52,117,Práticas didáticas,SALA_MESTRADO,64:66:b3:62:eb:86,-68,1
08/05/2026,07:27:52,117,Práticas didáticas,PeterNetwork,1e:1d:49:86:2d:8e,-68,11
08/05/2026,07:27:52,117,Práticas didáticas,NPEF/NEPA,50:c7:bf:ef:56:8a,-70,3
08/05/2026,07:27:52,117,Práticas didáticas,IFPB-Sala_Professor_14,24:fd:0d:57:19:26,-71,5
08/05/2026,07:27:52,117,Práticas didáticas,Intelbras,18:0d:2c:7f:eb:ac,-76,7
08/05/2026,07:27:52,117,Práticas didáticas,IFPB,84:f1:47:54:8b:a0,-77,1
08/05/2026,07:27:52,117,Práticas didáticas,IFPB-VISITANTE,84:f1:47:54:8b:a2,-77,1
08/05/2026,07:27:52,117,Práticas didáticas,IFPB,84:f1:47:54:eb:20,-78,6
08/05/2026,07:27:52,117,Práticas didáticas,IFPB-VISITANTE,84:f1:47:54:eb:22,-79,6
08/05/2026,07:27:52,117,Práticas didáticas,TP-Link_1324,7c:f1:7e:8d:13:22,-81,10
08/05/2026,07:27:52,117,Práticas didáticas,NUNYA_Room_2.4GHz,cc:32:e5:0c:fc:2b,-82,9
08/05/2026,07:27:52,117,Práticas didáticas,IFPB-VISITANTE,84:f1:47:54:f9:82,-83,11
08/05/2026,07:27:52,117,Práticas didáticas,IFPB,84:f1:47:54:f9:80,-84,11
08/05/2026,07:27:52,117,Práticas didáticas,TP-Link_C3CB,d8:0d:17:3e:c3:cb,-85,4
08/05/2026,07:27:52,117,Práticas didáticas,IFPB,e4:4e:2d:85:4c:60,-87,11
08/05/2026,07:27:52,117,Práticas didáticas,IFPB-VISITANTE,e4:4e:2d:85:4c:62,-88,11
08/05/2026,07:27:52,117,Práticas didáticas,IFPB TCC,d8:5d:4c:86:7e:66,-94,1
08/05/2026,07:27:52,117,Práticas didáticas,IFPB-Sala_13,e8:94:f6:b9:2f:46,-94,6
08/05/2026,07:28:02,118,Práticas didáticas,Lab. de Sinais Digitais,18:d6:c7:f9:37:2f,-51,11
08/05/2026,07:28:02,118,Práticas didáticas,UA2-MiniLab,60:32:b1:2d:66:c3,-61,10
08/05/2026,07:28:02,118,Práticas didáticas,APTelefonia,58:10:8c:91:f3:aa,-63,1
08/05/2026,07:28:02,118,Práticas didáticas,IFPB-Sala_Professor_14,24:fd:0d:57:19:26,-68,5
08/05/2026,07:28:02,118,Práticas didáticas,GPDS,00:26:5a:66:55:ef,-68,6
08/05/2026,07:28:02,118,Práticas didáticas,SALA_MESTRADO,64:66:b3:62:eb:86,-69,1
08/05/2026,07:28:02,118,Práticas didáticas,NPEF/NEPA,50:c7:bf:ef:56:8a,-72,3
08/05/2026,07:28:02,118,Práticas didáticas,PeterNetwork,1e:1d:49:86:2d:8e,-73,11
08/05/2026,07:28:02,118,Práticas didáticas,IFPB,84:f1:47:54:8b:a0,-75,1
08/05/2026,07:28:02,118,Práticas didáticas,IFPB-VISITANTE,84:f1:47:54:8b:a2,-76,1
08/05/2026,07:28:02,118,Práticas didáticas,Intelbras,18:0d:2c:7f:eb:ac,-76,7
08/05/2026,07:28:02,118,Práticas didáticas,IFPB,84:f1:47:54:eb:20,-79,6
08/05/2026,07:28:02,118,Práticas didáticas,IFPB-VISITANTE,84:f1:47:54:eb:22,-79,6
08/05/2026,07:28:02,118,Práticas didáticas,TP-Link_1324,7c:f1:7e:8d:13:22,-80,10
08/05/2026,07:28:02,118,Práticas didáticas,TP-Link_C3CB,d8:0d:17:3e:c3:cb,-83,4
08/05/2026,07:28:02,118,Práticas didáticas,NUNYA_Room_2.4GHz,cc:32:e5:0c:fc:2b,-83,9
08/05/2026,07:28:02,118,Práticas didáticas,IFPB,e4:4e:2d:85:4c:60,-83,11
08/05/2026,07:28:02,118,Práticas didáticas,IFPB-VISITANTE,84:f1:47:54:f9:82,-83,11
08/05/2026,07:28:02,118,Práticas didáticas,IFPB,84:f1:47:54:f9:80,-84,11
08/05/2026,07:28:02,118,Práticas didáticas,IFPB-VISITANTE,e4:4e:2d:85:4c:62,-84,11
08/05/2026,07:28:02,118,Práticas didáticas,IFPB-Sala_13,e8:94:f6:b9:2f:46,-92,6
08/05/2026,07:28:02,118,Práticas didáticas,IFPB TCC,d8:5d:4c:86:7e:66,-96,1
08/05/2026,07:28:12,119,Práticas didáticas,Lab. de Sinais Digitais,18:d6:c7:f9:37:2f,-52,11
08/05/2026,07:28:12,119,Práticas didáticas,UA2-MiniLab,60:32:b1:2d:66:c3,-59,10
08/05/2026,07:28:12,119,Práticas didáticas,GPDS,00:26:5a:66:55:ef,-64,6
08/05/2026,07:28:12,119,Práticas didáticas,APTelefonia,58:10:8c:91:f3:aa,-65,1
08/05/2026,07:28:12,119,Práticas didáticas,NPEF/NEPA,50:c7:bf:ef:56:8a,-65,3
08/05/2026,07:28:12,119,Práticas didáticas,IFPB-Sala_Professor_14,24:fd:0d:57:19:26,-69,5
08/05/2026,07:28:12,119,Práticas didáticas,PeterNetwork,1e:1d:49:86:2d:8e,-71,11
08/05/2026,07:28:12,119,Práticas didáticas,Intelbras,18:0d:2c:7f:eb:ac,-72,7
08/05/2026,07:28:12,119,Práticas didáticas,IFPB,84:f1:47:54:8b:a0,-74,1
08/05/2026,07:28:12,119,Práticas didáticas,SALA_MESTRADO,64:66:b3:62:eb:86,-75,1
08/05/2026,07:28:12,119,Práticas didáticas,IFPB-VISITANTE,84:f1:47:54:8b:a2,-75,1
08/05/2026,07:28:12,119,Práticas didáticas,TP-Link_1324,7c:f1:7e:8d:13:22,-76,10
08/05/2026,07:28:12,119,Práticas didáticas,IFPB,84:f1:47:54:eb:20,-79,6
08/05/2026,07:28:12,119,Práticas didáticas,IFPB-VISITANTE,84:f1:47:54:eb:22,-80,6
08/05/2026,07:28:12,119,Práticas didáticas,IFPB-VISITANTE,84:f1:47:54:f9:82,-80,11
08/05/2026,07:28:12,119,Práticas didáticas,NUNYA_Room_2.4GHz,cc:32:e5:0c:fc:2b,-81,9
08/05/2026,07:28:12,119,Práticas didáticas,IFPB,84:f1:47:54:f9:80,-81,11
08/05/2026,07:28:12,119,Práticas didáticas,TP-Link_C3CB,d8:0d:17:3e:c3:cb,-82,4
08/05/2026,07:28:12,119,Práticas didáticas,IFPB,e4:4e:2d:85:4c:60,-85,11
08/05/2026,07:28:12,119,Práticas didáticas,IFPB-VISITANTE,e4:4e:2d:85:4c:62,-85,11
08/05/2026,07:28:12,119,Práticas didáticas,IFPB-Sala_13,e8:94:f6:b9:2f:46,-93,6
08/05/2026,07:28:12,119,Práticas didáticas,IFPB TCC,d8:5d:4c:86:7e:66,-95,1
08/05/2026,07:28:22,120,Práticas didáticas,Lab. de Sinais Digitais,18:d6:c7:f9:37:2f,-49,11
08/05/2026,07:28:22,120,Práticas didáticas,APTelefonia,58:10:8c:91:f3:aa,-62,1
08/05/2026,07:28:22,120,Práticas didáticas,GPDS,00:26:5a:66:55:ef,-62,6
08/05/2026,07:28:22,120,Práticas didáticas,UA2-MiniLab,60:32:b1:2d:66:c3,-63,10
08/05/2026,07:28:22,120,Práticas didáticas,IFPB-Sala_Professor_14,24:fd:0d:57:19:26,-68,5
08/05/2026,07:28:22,120,Práticas didáticas,SALA_MESTRADO,64:66:b3:62:eb:86,-70,1
08/05/2026,07:28:22,120,Práticas didáticas,NPEF/NEPA,50:c7:bf:ef:56:8a,-74,3
08/05/2026,07:28:22,120,Práticas didáticas,PeterNetwork,1e:1d:49:86:2d:8e,-74,11
08/05/2026,07:28:22,120,Práticas didáticas,IFPB,84:f1:47:54:8b:a0,-75,1
08/05/2026,07:28:22,120,Práticas didáticas,IFPB-VISITANTE,84:f1:47:54:8b:a2,-75,1
08/05/2026,07:28:22,120,Práticas didáticas,IFPB,84:f1:47:54:eb:20,-77,6
08/05/2026,07:28:22,120,Práticas didáticas,IFPB-VISITANTE,84:f1:47:54:eb:22,-77,6
08/05/2026,07:28:22,120,Práticas didáticas,TP-Link_1324,7c:f1:7e:8d:13:22,-79,10
08/05/2026,07:28:22,120,Práticas didáticas,Intelbras,18:0d:2c:7f:eb:ac,-81,7
08/05/2026,07:28:22,120,Práticas didáticas,TP-Link_C3CB,d8:0d:17:3e:c3:cb,-83,4
08/05/2026,07:28:22,120,Práticas didáticas,IFPB-VISITANTE,84:f1:47:54:f9:82,-83,11
08/05/2026,07:28:22,120,Práticas didáticas,IFPB,e4:4e:2d:85:4c:60,-83,11
08/05/2026,07:28:22,120,Práticas didáticas,IFPB,84:f1:47:54:f9:80,-84,11
08/05/2026,07:28:22,120,Práticas didáticas,IFPB-VISITANTE,e4:4e:2d:85:4c:62,-84,11
08/05/2026,07:28:22,120,Práticas didáticas,NUNYA_Room_2.4GHz,cc:32:e5:0c:fc:2b,-85,9
08/05/2026,07:28:22,120,Práticas didáticas,IFPB-Sala_13,e8:94:f6:b9:2f:46,-92,6
08/05/2026,07:29:16,121,Sala dos professores,IFPB-Sala_Professor_14,24:fd:0d:57:19:26,-58,5
08/05/2026,07:29:16,121,Sala dos professores,IFPB-VISITANTE,84:f1:47:54:fd:c2,-61,6
08/05/2026,07:29:16,121,Sala dos professores,IFPB-Sala_Professor_14,48:51:cf:81:b0:9e,-62,2
08/05/2026,07:29:16,121,Sala dos professores,IFPB,84:f1:47:54:fd:c0,-62,6
08/05/2026,07:29:16,121,Sala dos professores,IFPB-Sala_13,e8:94:f6:b9:2f:46,-66,6
08/05/2026,07:29:16,121,Sala dos professores,NUNYA_Room_2.4GHz,cc:32:e5:0c:fc:2b,-66,9
08/05/2026,07:29:16,121,Sala dos professores,IFPB TCC,d8:5d:4c:86:7e:66,-67,1
08/05/2026,07:29:16,121,Sala dos professores,Lab. de Sinais Digitais,18:d6:c7:f9:37:2f,-71,11
08/05/2026,07:29:16,121,Sala dos professores,APTelefonia,58:10:8c:91:f3:aa,-74,1
08/05/2026,07:29:16,121,Sala dos professores,Intelbras,18:0d:2c:7f:eb:ac,-74,7
08/05/2026,07:29:16,121,Sala dos professores,TP-Link_C3CB,d8:0d:17:3e:c3:cb,-82,4
08/05/2026,07:29:16,121,Sala dos professores,UA2-MiniLab,60:32:b1:2d:66:c3,-82,10
08/05/2026,07:29:16,121,Sala dos professores,GPDS,00:26:5a:66:55:ef,-84,6
08/05/2026,07:29:16,121,Sala dos professores,SALA_MESTRADO,64:66:b3:62:eb:86,-85,1
08/05/2026,07:29:16,121,Sala dos professores,IFPB-VISITANTE,84:f1:47:54:7f:22,-85,11
08/05/2026,07:29:17,121,Sala dos professores,PeterNetwork,1e:1d:49:86:2d:8e,-86,11
08/05/2026,07:29:17,121,Sala dos professores,IFPB,84:f1:47:54:7f:20,-86,11
08/05/2026,07:29:17,121,Sala dos professores,Lab Redes Convergentes,64:70:02:99:fe:f4,-87,6
08/05/2026,07:29:17,121,Sala dos professores,IFPB,84:f1:47:54:f9:80,-87,11
08/05/2026,07:29:17,121,Sala dos professores,IFPB,84:f1:47:54:95:e0,-87,11
08/05/2026,07:29:17,121,Sala dos professores,IFPB-VISITANTE,e4:4e:2d:85:4c:62,-87,11
08/05/2026,07:29:17,121,Sala dos professores,TP-Link_1324,7c:f1:7e:8d:13:22,-88,10
08/05/2026,07:29:17,121,Sala dos professores,IFPB-VISITANTE,84:f1:47:54:95:e2,-88,11
08/05/2026,07:29:17,121,Sala dos professores,IFPB,e4:4e:2d:85:4c:60,-90,11
08/05/2026,07:29:17,121,Sala dos professores,IFPB-VISITANTE,84:f1:47:54:f9:82,-90,11
08/05/2026,07:29:17,121,Sala dos professores,NPEF/NEPA,50:c7:bf:ef:56:8a,-94,3
08/05/2026,07:29:26,122,Sala dos professores,IFPB-Sala_Professor_14,24:fd:0d:57:19:26,-47,5
08/05/2026,07:29:26,122,Sala dos professores,IFPB,84:f1:47:54:fd:c0,-61,6
08/05/2026,07:29:26,122,Sala dos professores,IFPB-VISITANTE,84:f1:47:54:fd:c2,-61,6
08/05/2026,07:29:26,122,Sala dos professores,IFPB TCC,d8:5d:4c:86:7e:66,-62,1
08/05/2026,07:29:26,122,Sala dos professores,IFPB-Sala_Professor_14,48:51:cf:81:b0:9e,-62,2
08/05/2026,07:29:26,122,Sala dos professores,IFPB-Sala_13,e8:94:f6:b9:2f:46,-69,6
08/05/2026,07:29:26,122,Sala dos professores,NUNYA_Room_2.4GHz,cc:32:e5:0c:fc:2b,-70,9
08/05/2026,07:29:26,122,Sala dos professores,Lab. de Sinais Digitais,18:d6:c7:f9:37:2f,-70,11
08/05/2026,07:29:26,122,Sala dos professores,APTelefonia,58:10:8c:91:f3:aa,-71,1
08/05/2026,07:29:26,122,Sala dos professores,Intelbras,18:0d:2c:7f:eb:ac,-76,7
08/05/2026,07:29:27,122,Sala dos professores,TP-Link_C3CB,d8:0d:17:3e:c3:cb,-78,4
08/05/2026,07:29:27,122,Sala dos professores,PeterNetwork,1e:1d:49:86:2d:8e,-79,11
08/05/2026,07:29:27,122,Sala dos professores,SALA_MESTRADO,64:66:b3:62:eb:86,-83,1
08/05/2026,07:29:27,122,Sala dos professores,UA2-MiniLab,60:32:b1:2d:66:c3,-83,10
08/05/2026,07:29:27,122,Sala dos professores,IFPB-VISITANTE,84:f1:47:54:7f:22,-86,11
08/05/2026,07:29:27,122,Sala dos professores,GPDS,00:26:5a:66:55:ef,-87,6
08/05/2026,07:29:27,122,Sala dos professores,IFPB,84:f1:47:54:7f:20,-87,11
08/05/2026,07:29:27,122,Sala dos professores,IFPB,84:f1:47:54:95:e0,-87,11
08/05/2026,07:29:27,122,Sala dos professores,IFPB-VISITANTE,84:f1:47:54:95:e2,-87,11
08/05/2026,07:29:27,122,Sala dos professores,IFPB,e4:4e:2d:85:4c:60,-88,11
08/05/2026,07:29:27,122,Sala dos professores,IFPB-VISITANTE,e4:4e:2d:85:4c:62,-88,11
08/05/2026,07:29:27,122,Sala dos professores,IFPB,84:f1:47:54:96:e0,-89,1
08/05/2026,07:29:27,122,Sala dos professores,IFPB-VISITANTE,84:f1:47:54:96:e2,-89,1
08/05/2026,07:29:27,122,Sala dos professores,Lab Redes Convergentes,64:70:02:99:fe:f4,-89,6
08/05/2026,07:29:27,122,Sala dos professores,TP-Link_1324,7c:f1:7e:8d:13:22,-89,10
08/05/2026,07:29:27,122,Sala dos professores,IFPB,84:f1:47:54:f9:80,-90,11
08/05/2026,07:29:27,122,Sala dos professores,IFPB-VISITANTE,84:f1:47:54:f9:82,-90,11
08/05/2026,07:29:27,122,Sala dos professores,NPEF/NEPA,50:c7:bf:ef:56:8a,-95,3
08/05/2026,07:29:37,123,Sala dos professores,IFPB-Sala_Professor_14,24:fd:0d:57:19:26,-52,5
08/05/2026,07:29:37,123,Sala dos professores,IFPB,84:f1:47:54:fd:c0,-61,6
08/05/2026,07:29:37,123,Sala dos professores,IFPB-VISITANTE,84:f1:47:54:fd:c2,-61,6
08/05/2026,07:29:37,123,Sala dos professores,IFPB TCC,d8:5d:4c:86:7e:66,-62,1
08/05/2026,07:29:37,123,Sala dos professores,IFPB-Sala_Professor_14,48:51:cf:81:b0:9e,-65,2
08/05/2026,07:29:37,123,Sala dos professores,Lab. de Sinais Digitais,18:d6:c7:f9:37:2f,-70,11
08/05/2026,07:29:37,123,Sala dos professores,NUNYA_Room_2.4GHz,cc:32:e5:0c:fc:2b,-73,9
08/05/2026,07:29:37,123,Sala dos professores,IFPB-Sala_13,e8:94:f6:b9:2f:46,-74,6
08/05/2026,07:29:37,123,Sala dos professores,Intelbras,18:0d:2c:7f:eb:ac,-75,7
08/05/2026,07:29:37,123,Sala dos professores,APTelefonia,58:10:8c:91:f3:aa,-76,1
08/05/2026,07:29:37,123,Sala dos professores,TP-Link_C3CB,d8:0d:17:3e:c3:cb,-79,4
08/05/2026,07:29:37,123,Sala dos professores,PeterNetwork,1e:1d:49:86:2d:8e,-80,11
08/05/2026,07:29:37,123,Sala dos professores,UA2-MiniLab,60:32:b1:2d:66:c3,-84,10
08/05/2026,07:29:37,123,Sala dos professores,SALA_MESTRADO,64:66:b3:62:eb:86,-85,1
08/05/2026,07:29:37,123,Sala dos professores,TP-Link_1324,7c:f1:7e:8d:13:22,-86,10
08/05/2026,07:29:37,123,Sala dos professores,IFPB-VISITANTE,84:f1:47:54:7f:22,-86,11
08/05/2026,07:29:37,123,Sala dos professores,IFPB,84:f1:47:54:96:e0,-87,1
08/05/2026,07:29:37,123,Sala dos professores,IFPB,84:f1:47:54:7f:20,-87,11
08/05/2026,07:29:37,123,Sala dos professores,IFPB,84:f1:47:54:95:e0,-87,11
08/05/2026,07:29:37,123,Sala dos professores,IFPB-VISITANTE,84:f1:47:54:95:e2,-87,11
08/05/2026,07:29:37,123,Sala dos professores,IFPB-VISITANTE,84:f1:47:54:f9:82,-88,11
08/05/2026,07:29:37,123,Sala dos professores,IFPB-VISITANTE,84:f1:47:54:96:e2,-89,1
08/05/2026,07:29:37,123,Sala dos professores,Lab Redes Convergentes,64:70:02:99:fe:f4,-89,6
08/05/2026,07:29:37,123,Sala dos professores,IFPB,84:f1:47:54:f9:80,-89,11
08/05/2026,07:29:37,123,Sala dos professores,IFPB,e4:4e:2d:85:4c:60,-89,11
08/05/2026,07:29:37,123,Sala dos professores,IFPB-VISITANTE,e4:4e:2d:85:4c:62,-89,11
08/05/2026,07:29:37,123,Sala dos professores,NPEF/NEPA,50:c7:bf:ef:56:8a,-93,3
08/05/2026,07:29:47,124,Sala dos professores,IFPB-Sala_Professor_14,24:fd:0d:57:19:26,-45,5
08/05/2026,07:29:47,124,Sala dos professores,IFPB TCC,d8:5d:4c:86:7e:66,-61,1
08/05/2026,07:29:47,124,Sala dos professores,IFPB,84:f1:47:54:fd:c0,-65,6
08/05/2026,07:29:47,124,Sala dos professores,IFPB-VISITANTE,84:f1:47:54:fd:c2,-65,6
08/05/2026,07:29:47,124,Sala dos professores,NUNYA_Room_2.4GHz,cc:32:e5:0c:fc:2b,-66,9
08/05/2026,07:29:47,124,Sala dos professores,IFPB-Sala_Professor_14,48:51:cf:81:b0:9e,-68,2
08/05/2026,07:29:47,124,Sala dos professores,IFPB-Sala_13,e8:94:f6:b9:2f:46,-69,6
08/05/2026,07:29:47,124,Sala dos professores,Lab. de Sinais Digitais,18:d6:c7:f9:37:2f,-71,11
08/05/2026,07:29:47,124,Sala dos professores,APTelefonia,58:10:8c:91:f3:aa,-75,1
08/05/2026,07:29:47,124,Sala dos professores,TP-Link_C3CB,d8:0d:17:3e:c3:cb,-75,4
08/05/2026,07:29:47,124,Sala dos professores,Intelbras,18:0d:2c:7f:eb:ac,-76,7
08/05/2026,07:29:47,124,Sala dos professores,PeterNetwork,1e:1d:49:86:2d:8e,-78,11
08/05/2026,07:29:47,124,Sala dos professores,TP-Link_1324,7c:f1:7e:8d:13:22,-81,10
08/05/2026,07:29:47,124,Sala dos professores,UA2-MiniLab,60:32:b1:2d:66:c3,-82,10
08/05/2026,07:29:47,124,Sala dos professores,SALA_MESTRADO,64:66:b3:62:eb:86,-85,1
08/05/2026,07:29:47,124,Sala dos professores,IFPB,84:f1:47:54:95:e0,-85,11
08/05/2026,07:29:47,124,Sala dos professores,IFPB-VISITANTE,84:f1:47:54:95:e2,-86,11
08/05/2026,07:29:47,124,Sala dos professores,IFPB,84:f1:47:54:96:e0,-87,1
08/05/2026,07:29:47,124,Sala dos professores,IFPB,84:f1:47:54:7f:20,-87,11
08/05/2026,07:29:47,124,Sala dos professores,IFPB-VISITANTE,84:f1:47:54:7f:22,-87,11
08/05/2026,07:29:47,124,Sala dos professores,Lab Redes Convergentes,64:70:02:99:fe:f4,-88,6
08/05/2026,07:29:47,124,Sala dos professores,IFPB,e4:4e:2d:85:4c:60,-88,11
08/05/2026,07:29:47,124,Sala dos professores,IFPB-VISITANTE,84:f1:47:54:96:e2,-89,1
08/05/2026,07:29:47,124,Sala dos professores,GPDS,00:26:5a:66:55:ef,-89,6
08/05/2026,07:29:47,124,Sala dos professores,IFPB-VISITANTE,e4:4e:2d:85:4c:62,-89,11
08/05/2026,07:29:47,124,Sala dos professores,IFPB-VISITANTE,84:f1:47:54:f9:82,-90,11
08/05/2026,07:29:47,124,Sala dos professores,NPEF/NEPA,50:c7:bf:ef:56:8a,-91,3
08/05/2026,07:29:47,124,Sala dos professores,IFPB,84:f1:47:54:f9:80,-91,11
08/05/2026,07:29:57,125,Sala dos professores,IFPB-Sala_Professor_14,24:fd:0d:57:19:26,-43,5
08/05/2026,07:29:57,125,Sala dos professores,IFPB,84:f1:47:54:fd:c0,-59,6
08/05/2026,07:29:57,125,Sala dos professores,IFPB-VISITANTE,84:f1:47:54:fd:c2,-59,6
08/05/2026,07:29:57,125,Sala dos professores,IFPB TCC,d8:5d:4c:86:7e:66,-60,1
08/05/2026,07:29:57,125,Sala dos professores,IFPB-Sala_Professor_14,48:51:cf:81:b0:9e,-60,2
08/05/2026,07:29:57,125,Sala dos professores,IFPB-Sala_13,e8:94:f6:b9:2f:46,-67,6
08/05/2026,07:29:57,125,Sala dos professores,Lab. de Sinais Digitais,18:d6:c7:f9:37:2f,-69,11
08/05/2026,07:29:57,125,Sala dos professores,APTelefonia,58:10:8c:91:f3:aa,-71,1
08/05/2026,07:29:57,125,Sala dos professores,NUNYA_Room_2.4GHz,cc:32:e5:0c:fc:2b,-71,9
08/05/2026,07:29:57,125,Sala dos professores,TP-Link_C3CB,d8:0d:17:3e:c3:cb,-73,4
08/05/2026,07:29:57,125,Sala dos professores,Intelbras,18:0d:2c:7f:eb:ac,-74,7
08/05/2026,07:29:57,125,Sala dos professores,PeterNetwork,1e:1d:49:86:2d:8e,-77,11
08/05/2026,07:29:57,125,Sala dos professores,UA2-MiniLab,60:32:b1:2d:66:c3,-83,10
08/05/2026,07:29:57,125,Sala dos professores,IFPB-VISITANTE,84:f1:47:54:7f:22,-85,11
08/05/2026,07:29:57,125,Sala dos professores,IFPB,84:f1:47:54:95:e0,-85,11
08/05/2026,07:29:57,125,Sala dos professores,IFPB-VISITANTE,84:f1:47:54:95:e2,-85,11
08/05/2026,07:29:57,125,Sala dos professores,GPDS,00:26:5a:66:55:ef,-86,6
08/05/2026,07:29:57,125,Sala dos professores,TP-Link_1324,7c:f1:7e:8d:13:22,-86,10
08/05/2026,07:29:57,125,Sala dos professores,IFPB,84:f1:47:54:7f:20,-86,11
08/05/2026,07:29:57,125,Sala dos professores,IFPB,84:f1:47:54:96:e0,-88,1
08/05/2026,07:29:57,125,Sala dos professores,IFPB-VISITANTE,84:f1:47:54:96:e2,-88,1
08/05/2026,07:29:57,125,Sala dos professores,Lab Redes Convergentes,64:70:02:99:fe:f4,-88,6
08/05/2026,07:29:57,125,Sala dos professores,IFPB,e4:4e:2d:85:4c:60,-88,11
08/05/2026,07:29:57,125,Sala dos professores,SALA_MESTRADO,64:66:b3:62:eb:86,-89,1
08/05/2026,07:29:57,125,Sala dos professores,IFPB-VISITANTE,e4:4e:2d:85:4c:62,-89,11
08/05/2026,07:29:57,125,Sala dos professores,IFPB-VISITANTE,84:f1:47:54:f9:82,-90,11
08/05/2026,07:29:57,125,Sala dos professores,NPEF/NEPA,50:c7:bf:ef:56:8a,-91,3
08/05/2026,07:29:58,125,Sala dos professores,IFPB,84:f1:47:54:f9:80,-91,11
08/05/2026,07:30:07,126,Sala dos professores,IFPB-Sala_Professor_14,24:fd:0d:57:19:26,-47,5
08/05/2026,07:30:07,126,Sala dos professores,IFPB,84:f1:47:54:fd:c0,-59,6
08/05/2026,07:30:07,126,Sala dos professores,IFPB-VISITANTE,84:f1:47:54:fd:c2,-59,6
08/05/2026,07:30:07,126,Sala dos professores,IFPB TCC,d8:5d:4c:86:7e:66,-62,1
08/05/2026,07:30:07,126,Sala dos professores,IFPB-Sala_Professor_14,48:51:cf:81:b0:9e,-65,2
08/05/2026,07:30:07,126,Sala dos professores,NUNYA_Room_2.4GHz,cc:32:e5:0c:fc:2b,-65,9
08/05/2026,07:30:07,126,Sala dos professores,IFPB-Sala_13,e8:94:f6:b9:2f:46,-66,6
08/05/2026,07:30:07,126,Sala dos professores,Lab. de Sinais Digitais,18:d6:c7:f9:37:2f,-70,11
08/05/2026,07:30:07,126,Sala dos professores,APTelefonia,58:10:8c:91:f3:aa,-73,1
08/05/2026,07:30:07,126,Sala dos professores,Intelbras,18:0d:2c:7f:eb:ac,-74,7
08/05/2026,07:30:07,126,Sala dos professores,TP-Link_C3CB,d8:0d:17:3e:c3:cb,-77,4
08/05/2026,07:30:07,126,Sala dos professores,PeterNetwork,1e:1d:49:86:2d:8e,-80,11
08/05/2026,07:30:07,126,Sala dos professores,UA2-MiniLab,60:32:b1:2d:66:c3,-81,10
08/05/2026,07:30:07,126,Sala dos professores,GPDS,00:26:5a:66:55:ef,-83,6
08/05/2026,07:30:07,126,Sala dos professores,IFPB,84:f1:47:54:95:e0,-85,11
08/05/2026,07:30:07,126,Sala dos professores,IFPB-VISITANTE,84:f1:47:54:95:e2,-85,11
08/05/2026,07:30:08,126,Sala dos professores,IFPB,84:f1:47:54:7f:20,-87,11
08/05/2026,07:30:08,126,Sala dos professores,IFPB-VISITANTE,84:f1:47:54:96:e2,-88,1
08/05/2026,07:30:08,126,Sala dos professores,IFPB,84:f1:47:54:96:e0,-88,1
08/05/2026,07:30:08,126,Sala dos professores,Lab Redes Convergentes,64:70:02:99:fe:f4,-88,6
08/05/2026,07:30:08,126,Sala dos professores,IFPB-VISITANTE,84:f1:47:54:7f:22,-88,11
08/05/2026,07:30:08,126,Sala dos professores,IFPB,e4:4e:2d:85:4c:60,-88,11
08/05/2026,07:30:08,126,Sala dos professores,IFPB-VISITANTE,e4:4e:2d:85:4c:62,-88,11
08/05/2026,07:30:08,126,Sala dos professores,TP-Link_1324,7c:f1:7e:8d:13:22,-89,10
08/05/2026,07:30:08,126,Sala dos professores,NPEF/NEPA,50:c7:bf:ef:56:8a,-90,3
08/05/2026,07:30:17,127,Sala dos professores,IFPB-Sala_Professor_14,24:fd:0d:57:19:26,-51,5
08/05/2026,07:30:17,127,Sala dos professores,IFPB-Sala_Professor_14,48:51:cf:81:b0:9e,-56,2
08/05/2026,07:30:17,127,Sala dos professores,IFPB,84:f1:47:54:fd:c0,-59,6
08/05/2026,07:30:17,127,Sala dos professores,IFPB-VISITANTE,84:f1:47:54:fd:c2,-59,6
08/05/2026,07:30:17,127,Sala dos professores,IFPB TCC,d8:5d:4c:86:7e:66,-60,1
08/05/2026,07:30:17,127,Sala dos professores,NUNYA_Room_2.4GHz,cc:32:e5:0c:fc:2b,-61,9
08/05/2026,07:30:17,127,Sala dos professores,IFPB-Sala_13,e8:94:f6:b9:2f:46,-62,6
08/05/2026,07:30:17,127,Sala dos professores,Lab. de Sinais Digitais,18:d6:c7:f9:37:2f,-71,11
08/05/2026,07:30:17,127,Sala dos professores,APTelefonia,58:10:8c:91:f3:aa,-72,1
08/05/2026,07:30:17,127,Sala dos professores,Intelbras,18:0d:2c:7f:eb:ac,-73,7
08/05/2026,07:30:18,127,Sala dos professores,TP-Link_C3CB,d8:0d:17:3e:c3:cb,-76,4
08/05/2026,07:30:18,127,Sala dos professores,PeterNetwork,1e:1d:49:86:2d:8e,-76,11
08/05/2026,07:30:18,127,Sala dos professores,IFPB-VISITANTE,84:f1:47:54:95:e2,-83,11
08/05/2026,07:30:18,127,Sala dos professores,UA2-MiniLab,60:32:b1:2d:66:c3,-84,10
08/05/2026,07:30:18,127,Sala dos professores,IFPB,84:f1:47:54:7f:20,-84,11
08/05/2026,07:30:18,127,Sala dos professores,IFPB-VISITANTE,84:f1:47:54:7f:22,-84,11
08/05/2026,07:30:18,127,Sala dos professores,Lab Redes Convergentes,64:70:02:99:fe:f4,-85,6
08/05/2026,07:30:18,127,Sala dos professores,TP-Link_1324,7c:f1:7e:8d:13:22,-85,10
08/05/2026,07:30:18,127,Sala dos professores,IFPB,84:f1:47:54:95:e0,-85,11
08/05/2026,07:30:18,127,Sala dos professores,SALA_MESTRADO,64:66:b3:62:eb:86,-87,1
08/05/2026,07:30:18,127,Sala dos professores,IFPB,84:f1:47:54:96:e0,-88,1
08/05/2026,07:30:18,127,Sala dos professores,IFPB-VISITANTE,84:f1:47:54:96:e2,-88,1
08/05/2026,07:30:18,127,Sala dos professores,IFPB-VISITANTE,84:f1:47:54:f9:82,-90,11
08/05/2026,07:30:18,127,Sala dos professores,IFPB,e4:4e:2d:85:4c:60,-91,11
08/05/2026,07:30:18,127,Sala dos professores,GPDS,00:26:5a:66:55:ef,-92,6
08/05/2026,07:30:18,127,Sala dos professores,NPEF/NEPA,50:c7:bf:ef:56:8a,-93,3
08/05/2026,07:30:28,128,Sala dos professores,IFPB-Sala_Professor_14,24:fd:0d:57:19:26,-50,5
08/05/2026,07:30:28,128,Sala dos professores,IFPB-Sala_Professor_14,48:51:cf:81:b0:9e,-61,2
08/05/2026,07:30:28,128,Sala dos professores,IFPB,84:f1:47:54:fd:c0,-61,6
08/05/2026,07:30:28,128,Sala dos professores,IFPB-VISITANTE,84:f1:47:54:fd:c2,-61,6
08/05/2026,07:30:28,128,Sala dos professores,NUNYA_Room_2.4GHz,cc:32:e5:0c:fc:2b,-61,9
08/05/2026,07:30:28,128,Sala dos professores,IFPB TCC,d8:5d:4c:86:7e:66,-62,1
08/05/2026,07:30:28,128,Sala dos professores,IFPB-Sala_13,e8:94:f6:b9:2f:46,-64,6
08/05/2026,07:30:28,128,Sala dos professores,APTelefonia,58:10:8c:91:f3:aa,-67,1
08/05/2026,07:30:28,128,Sala dos professores,Intelbras,18:0d:2c:7f:eb:ac,-71,7
08/05/2026,07:30:28,128,Sala dos professores,Lab. de Sinais Digitais,18:d6:c7:f9:37:2f,-76,11
08/05/2026,07:30:28,128,Sala dos professores,IFPB,84:f1:47:54:7f:20,-83,11
08/05/2026,07:30:28,128,Sala dos professores,TP-Link_C3CB,d8:0d:17:3e:c3:cb,-84,4
08/05/2026,07:30:28,128,Sala dos professores,GPDS,00:26:5a:66:55:ef,-84,6
08/05/2026,07:30:28,128,Sala dos professores,TP-Link_1324,7c:f1:7e:8d:13:22,-84,10
08/05/2026,07:30:28,128,Sala dos professores,IFPB-VISITANTE,84:f1:47:54:7f:22,-84,11
08/05/2026,07:30:28,128,Sala dos professores,UA2-MiniLab,60:32:b1:2d:66:c3,-85,10
08/05/2026,07:30:28,128,Sala dos professores,PeterNetwork,1e:1d:49:86:2d:8e,-85,11
08/05/2026,07:30:28,128,Sala dos professores,IFPB-VISITANTE,84:f1:47:54:95:e2,-85,11
08/05/2026,07:30:28,128,Sala dos professores,IFPB,84:f1:47:54:95:e0,-85,11
08/05/2026,07:30:28,128,Sala dos professores,Lab Redes Convergentes,64:70:02:99:fe:f4,-90,6
08/05/2026,07:30:28,128,Sala dos professores,IFPB,84:f1:47:54:f9:80,-90,11
08/05/2026,07:30:28,128,Sala dos professores,IFPB-VISITANTE,84:f1:47:54:f9:82,-90,11
08/05/2026,07:30:28,128,Sala dos professores,SALA_MESTRADO,64:66:b3:62:eb:86,-91,1
08/05/2026,07:30:28,128,Sala dos professores,NPEF/NEPA,50:c7:bf:ef:56:8a,-92,3
08/05/2026,07:30:38,129,Sala dos professores,IFPB-Sala_Professor_14,24:fd:0d:57:19:26,-56,5
08/05/2026,07:30:38,129,Sala dos professores,NUNYA_Room_2.4GHz,cc:32:e5:0c:fc:2b,-60,9
08/05/2026,07:30:38,129,Sala dos professores,IFPB-Sala_Professor_14,48:51:cf:81:b0:9e,-62,2
08/05/2026,07:30:38,129,Sala dos professores,IFPB,84:f1:47:54:fd:c0,-62,6
08/05/2026,07:30:38,129,Sala dos professores,IFPB-VISITANTE,84:f1:47:54:fd:c2,-62,6
08/05/2026,07:30:38,129,Sala dos professores,IFPB TCC,d8:5d:4c:86:7e:66,-69,1
08/05/2026,07:30:38,129,Sala dos professores,IFPB-Sala_13,e8:94:f6:b9:2f:46,-69,6
08/05/2026,07:30:38,129,Sala dos professores,Lab. de Sinais Digitais,18:d6:c7:f9:37:2f,-71,11
08/05/2026,07:30:38,129,Sala dos professores,APTelefonia,58:10:8c:91:f3:aa,-72,1
08/05/2026,07:30:38,129,Sala dos professores,TP-Link_C3CB,d8:0d:17:3e:c3:cb,-73,4
08/05/2026,07:30:38,129,Sala dos professores,Intelbras,18:0d:2c:7f:eb:ac,-74,7
08/05/2026,07:30:38,129,Sala dos professores,UA2-MiniLab,60:32:b1:2d:66:c3,-77,10
08/05/2026,07:30:38,129,Sala dos professores,PeterNetwork,1e:1d:49:86:2d:8e,-78,11
08/05/2026,07:30:38,129,Sala dos professores,GPDS,00:26:5a:66:55:ef,-79,6
08/05/2026,07:30:38,129,Sala dos professores,SALA_MESTRADO,64:66:b3:62:eb:86,-84,1
08/05/2026,07:30:38,129,Sala dos professores,TP-Link_1324,7c:f1:7e:8d:13:22,-85,10
08/05/2026,07:30:38,129,Sala dos professores,IFPB-VISITANTE,84:f1:47:54:f9:82,-87,11
08/05/2026,07:30:38,129,Sala dos professores,IFPB-VISITANTE,e4:4e:2d:85:4c:62,-87,11
08/05/2026,07:30:38,129,Sala dos professores,IFPB-VISITANTE,84:f1:47:54:95:e2,-87,11
08/05/2026,07:30:38,129,Sala dos professores,IFPB,84:f1:47:54:f9:80,-88,11
08/05/2026,07:30:38,129,Sala dos professores,IFPB,e4:4e:2d:85:4c:60,-88,11
08/05/2026,07:30:38,129,Sala dos professores,IFPB,84:f1:47:54:7f:20,-88,11
08/05/2026,07:30:38,129,Sala dos professores,IFPB,84:f1:47:54:95:e0,-88,11
08/05/2026,07:30:38,129,Sala dos professores,IFPB-VISITANTE,84:f1:47:54:7f:22,-90,11
08/05/2026,07:30:38,129,Sala dos professores,Lab Redes Convergentes,64:70:02:99:fe:f4,-92,6
08/05/2026,07:30:38,129,Sala dos professores,NPEF/NEPA,50:c7:bf:ef:56:8a,-94,3
08/05/2026,07:30:48,130,Sala dos professores,IFPB-Sala_Professor_14,24:fd:0d:57:19:26,-53,5
08/05/2026,07:30:48,130,Sala dos professores,IFPB-Sala_Professor_14,48:51:cf:81:b0:9e,-60,2
08/05/2026,07:30:48,130,Sala dos professores,NUNYA_Room_2.4GHz,cc:32:e5:0c:fc:2b,-62,9
08/05/2026,07:30:48,130,Sala dos professores,IFPB,84:f1:47:54:fd:c0,-63,6
08/05/2026,07:30:48,130,Sala dos professores,IFPB-VISITANTE,84:f1:47:54:fd:c2,-63,6
08/05/2026,07:30:48,130,Sala dos professores,IFPB TCC,d8:5d:4c:86:7e:66,-65,1
08/05/2026,07:30:48,130,Sala dos professores,IFPB-Sala_13,e8:94:f6:b9:2f:46,-69,6
08/05/2026,07:30:48,130,Sala dos professores,Intelbras,18:0d:2c:7f:eb:ac,-70,7
08/05/2026,07:30:48,130,Sala dos professores,APTelefonia,58:10:8c:91:f3:aa,-72,1
08/05/2026,07:30:48,130,Sala dos professores,Lab. de Sinais Digitais,18:d6:c7:f9:37:2f,-73,11
08/05/2026,07:30:48,130,Sala dos professores,TP-Link_C3CB,d8:0d:17:3e:c3:cb,-74,4
08/05/2026,07:30:48,130,Sala dos professores,GPDS,00:26:5a:66:55:ef,-78,6
08/05/2026,07:30:48,130,Sala dos professores,PeterNetwork,1e:1d:49:86:2d:8e,-78,11
08/05/2026,07:30:48,130,Sala dos professores,UA2-MiniLab,60:32:b1:2d:66:c3,-79,10
08/05/2026,07:30:48,130,Sala dos professores,TP-Link_1324,7c:f1:7e:8d:13:22,-81,10
08/05/2026,07:30:48,130,Sala dos professores,IFPB,84:f1:47:54:7f:20,-86,11
08/05/2026,07:30:48,130,Sala dos professores,IFPB-VISITANTE,84:f1:47:54:7f:22,-86,11
08/05/2026,07:30:48,130,Sala dos professores,SALA_MESTRADO,64:66:b3:62:eb:86,-88,1
08/05/2026,07:30:48,130,Sala dos professores,IFPB,84:f1:47:54:f9:80,-88,11
08/05/2026,07:30:48,130,Sala dos professores,IFPB-VISITANTE,84:f1:47:54:f9:82,-89,11
08/05/2026,07:30:48,130,Sala dos professores,IFPB,84:f1:47:54:95:e0,-90,11
08/05/2026,07:30:48,130,Sala dos professores,IFPB-VISITANTE,84:f1:47:54:95:e2,-90,11
08/05/2026,07:30:48,130,Sala dos professores,Lab Redes Convergentes,64:70:02:99:fe:f4,-91,6
08/05/2026,07:30:48,130,Sala dos professores,NPEF/NEPA,50:c7:bf:ef:56:8a,-92,3
08/05/2026,07:32:07,131,Lab. química 03,TP-Link_1324,7c:f1:7e:8d:13:22,-67,10
08/05/2026,07:32:07,131,Lab. química 03,IFPB-VISITANTE,24:36:da:2b:bc:02,-78,6
08/05/2026,07:32:07,131,Lab. química 03,IFPB,84:f1:47:54:7f:60,-78,6
08/05/2026,07:32:07,131,Lab. química 03,IFPB,84:f1:47:54:6b:80,-79,6
08/05/2026,07:32:07,131,Lab. química 03,IFPB,24:36:da:2b:bc:00,-79,6
08/05/2026,07:32:07,131,Lab. química 03,IFPB-VISITANTE,84:f1:47:54:6b:82,-79,6
08/05/2026,07:32:07,131,Lab. química 03,IFPB-VISITANTE,2c:57:41:cd:e1:c2,-79,11
08/05/2026,07:32:07,131,Lab. química 03,APTelefonia,58:10:8c:91:f3:aa,-80,1
08/05/2026,07:32:07,131,Lab. química 03,IFPB-VISITANTE,84:f1:47:54:7f:62,-80,6
08/05/2026,07:32:07,131,Lab. química 03,IFPB,2c:57:41:cd:e1:c0,-80,11
08/05/2026,07:32:07,131,Lab. química 03,IFPB-VISITANTE,24:36:da:a2:7f:42,-81,6
08/05/2026,07:32:07,131,Lab. química 03,IFPB,24:36:da:a2:7f:40,-81,6
08/05/2026,07:32:07,131,Lab. química 03,IFPB,b8:11:4b:1d:12:00,-87,1
08/05/2026,07:32:07,131,Lab. química 03,IFPB-VISITANTE,84:f1:47:54:81:02,-87,11
08/05/2026,07:32:07,131,Lab. química 03,IFPB-VISITANTE,b8:11:4b:1d:12:02,-88,1
08/05/2026,07:32:07,131,Lab. química 03,IFPB,84:f1:47:54:81:00,-88,11
08/05/2026,07:32:07,131,Lab. química 03,NPEF/NEPA,50:c7:bf:ef:56:8a,-89,3
08/05/2026,07:32:07,131,Lab. química 03,brisa-4229872,f0:09:0d:97:a5:75,-89,5
08/05/2026,07:32:07,131,Lab. química 03,COPLAN,c4:12:f5:d3:01:90,-89,5
08/05/2026,07:32:07,131,Lab. química 03,Redmi Note 11,fe:bf:49:44:a2:81,-89,6
08/05/2026,07:32:07,131,Lab. química 03,INTELBRAS,d8:36:5f:54:70:40,-91,1
08/05/2026,07:32:07,131,Lab. química 03,Intelbras,18:0d:2c:7f:eb:ac,-92,7
08/05/2026,07:32:07,131,Lab. química 03,Lab. de Sinais Digitais,18:d6:c7:f9:37:2f,-92,11
08/05/2026,07:32:08,131,Lab. química 03,brisa-3861242,24:2f:d0:cc:ed:8c,-93,2
08/05/2026,07:32:17,132,Lab. química 03,TP-Link_1324,7c:f1:7e:8d:13:22,-73,10
08/05/2026,07:32:17,132,Lab. química 03,IFPB,24:36:da:2b:bc:00,-78,6
08/05/2026,07:32:17,132,Lab. química 03,IFPB-VISITANTE,24:36:da:2b:bc:02,-78,6
08/05/2026,07:32:17,132,Lab. química 03,APTelefonia,58:10:8c:91:f3:aa,-79,1
08/05/2026,07:32:17,132,Lab. química 03,IFPB-VISITANTE,84:f1:47:54:7f:62,-81,6
08/05/2026,07:32:17,132,Lab. química 03,IFPB,2c:57:41:cd:e1:c0,-81,11
08/05/2026,07:32:17,132,Lab. química 03,IFPB-VISITANTE,2c:57:41:cd:e1:c2,-81,11
08/05/2026,07:32:17,132,Lab. química 03,IFPB,84:f1:47:54:7f:60,-82,6
08/05/2026,07:32:17,132,Lab. química 03,IFPB-VISITANTE,84:f1:47:54:6b:82,-83,6
08/05/2026,07:32:17,132,Lab. química 03,IFPB,24:36:da:a2:7f:40,-83,6
08/05/2026,07:32:17,132,Lab. química 03,IFPB-VISITANTE,24:36:da:a2:7f:42,-83,6
08/05/2026,07:32:17,132,Lab. química 03,IFPB,84:f1:47:54:6b:80,-84,6
08/05/2026,07:32:17,132,Lab. química 03,IFPB-VISITANTE,84:f1:47:54:81:02,-87,11
08/05/2026,07:32:17,132,Lab. química 03,IFPB,84:f1:47:54:81:00,-88,11
08/05/2026,07:32:17,132,Lab. química 03,Redmi Note 11,fe:bf:49:44:a2:81,-89,6
08/05/2026,07:32:17,132,Lab. química 03,IFPB-VISITANTE,b8:11:4b:1d:12:02,-90,1
08/05/2026,07:32:17,132,Lab. química 03,brisa-1795128,e4:c3:2a:c6:98:fd,-91,3
08/05/2026,07:32:18,132,Lab. química 03,brisa-4229872,f0:09:0d:97:a5:75,-91,5
08/05/2026,07:32:18,132,Lab. química 03,COPLAN,c4:12:f5:d3:01:90,-92,5
08/05/2026,07:32:18,132,Lab. química 03,Lab. de Sinais Digitais,18:d6:c7:f9:37:2f,-92,11
08/05/2026,07:32:18,132,Lab. química 03,brisa-3861242,24:2f:d0:cc:ed:8c,-93,2
08/05/2026,07:32:18,132,Lab. química 03,EBF230ED-HE8D94yZ3j1AOIs,44:d2:44:dd:2f:ba,-93,11
08/05/2026,07:32:18,132,Lab. química 03,Intelbras,18:0d:2c:7f:eb:ac,-94,7
08/05/2026,07:32:18,132,Lab. química 03,NPEF/NEPA,50:c7:bf:ef:56:8a,-96,3
08/05/2026,07:32:27,133,Lab. química 03,TP-Link_1324,7c:f1:7e:8d:13:22,-67,10
08/05/2026,07:32:27,133,Lab. química 03,IFPB-VISITANTE,24:36:da:2b:bc:02,-80,6
08/05/2026,07:32:27,133,Lab. química 03,IFPB,24:36:da:2b:bc:00,-80,6
08/05/2026,07:32:27,133,Lab. química 03,IFPB,84:f1:47:54:7f:60,-80,6
08/05/2026,07:32:27,133,Lab. química 03,IFPB-VISITANTE,84:f1:47:54:7f:62,-80,6
08/05/2026,07:32:27,133,Lab. química 03,IFPB,2c:57:41:cd:e1:c0,-80,11
08/05/2026,07:32:27,133,Lab. química 03,IFPB-VISITANTE,2c:57:41:cd:e1:c2,-81,11
08/05/2026,07:32:27,133,Lab. química 03,IFPB-VISITANTE,84:f1:47:54:6b:82,-83,6
08/05/2026,07:32:27,133,Lab. química 03,IFPB,84:f1:47:54:6b:80,-83,6
08/05/2026,07:32:27,133,Lab. química 03,IFPB-VISITANTE,24:36:da:a2:7f:42,-84,6
08/05/2026,07:32:27,133,Lab. química 03,IFPB,24:36:da:a2:7f:40,-84,6
08/05/2026,07:32:27,133,Lab. química 03,APTelefonia,58:10:8c:91:f3:aa,-88,1
08/05/2026,07:32:28,133,Lab. química 03,IFPB-VISITANTE,84:f1:47:54:81:02,-89,11
08/05/2026,07:32:28,133,Lab. química 03,IFPB,b8:11:4b:1d:12:00,-90,1
08/05/2026,07:32:28,133,Lab. química 03,brisa-4229872,f0:09:0d:97:a5:75,-90,5
08/05/2026,07:32:28,133,Lab. química 03,Redmi Note 11,fe:bf:49:44:a2:81,-90,6
08/05/2026,07:32:28,133,Lab. química 03,IFPB,84:f1:47:54:81:00,-90,11
08/05/2026,07:32:28,133,Lab. química 03,NPEF/NEPA,50:c7:bf:ef:56:8a,-92,3
08/05/2026,07:32:28,133,Lab. química 03,Intelbras,18:0d:2c:7f:eb:ac,-92,7
08/05/2026,07:32:28,133,Lab. química 03,brisa-1795128,e4:c3:2a:c6:98:fd,-93,3
08/05/2026,07:32:28,133,Lab. química 03,IFPB-Sala_Professor_14,24:fd:0d:57:19:26,-94,5
08/05/2026,07:32:28,133,Lab. química 03,EBF230ED-HE8D94yZ3j1AOIs,44:d2:44:dd:2f:ba,-94,11
08/05/2026,07:32:37,134,Lab. química 03,TP-Link_1324,7c:f1:7e:8d:13:22,-69,10
08/05/2026,07:32:37,134,Lab. química 03,IFPB-VISITANTE,24:36:da:2b:bc:02,-78,6
08/05/2026,07:32:37,134,Lab. química 03,IFPB,24:36:da:2b:bc:00,-78,6
08/05/2026,07:32:37,134,Lab. química 03,IFPB-VISITANTE,84:f1:47:54:7f:62,-80,6
08/05/2026,07:32:37,134,Lab. química 03,IFPB,84:f1:47:54:7f:60,-81,6
08/05/2026,07:32:37,134,Lab. química 03,IFPB,2c:57:41:cd:e1:c0,-81,11
08/05/2026,07:32:37,134,Lab. química 03,IFPB,84:f1:47:54:6b:80,-82,6
08/05/2026,07:32:37,134,Lab. química 03,IFPB-VISITANTE,84:f1:47:54:6b:82,-82,6
08/05/2026,07:32:37,134,Lab. química 03,IFPB-VISITANTE,2c:57:41:cd:e1:c2,-84,11
08/05/2026,07:32:37,134,Lab. química 03,IFPB,24:36:da:a2:7f:40,-85,6
08/05/2026,07:32:37,134,Lab. química 03,IFPB-VISITANTE,24:36:da:a2:7f:42,-85,6
08/05/2026,07:32:37,134,Lab. química 03,APTelefonia,58:10:8c:91:f3:aa,-88,1
08/05/2026,07:32:38,134,Lab. química 03,NPEF/NEPA,50:c7:bf:ef:56:8a,-89,3
08/05/2026,07:32:38,134,Lab. química 03,brisa-4229872,f0:09:0d:97:a5:75,-89,5
08/05/2026,07:32:38,134,Lab. química 03,COPLAN,c4:12:f5:d3:01:90,-90,5
08/05/2026,07:32:38,134,Lab. química 03,Redmi Note 11,fe:bf:49:44:a2:81,-93,6
08/05/2026,07:32:38,134,Lab. química 03,Lab. de Sinais Digitais,18:d6:c7:f9:37:2f,-93,11
08/05/2026,07:32:38,134,Lab. química 03,IFPB-Sala_Professor_14,24:fd:0d:57:19:26,-94,5
08/05/2026,07:32:38,134,Lab. química 03,brisa-1795128,e4:c3:2a:c6:98:fd,-95,3
08/05/2026,07:32:38,134,Lab. química 03,EBF230ED-HE8D94yZ3j1AOIs,44:d2:44:dd:2f:ba,-95,11
08/05/2026,07:32:47,135,Lab. química 03,TP-Link_1324,7c:f1:7e:8d:13:22,-66,10
08/05/2026,07:32:47,135,Lab. química 03,IFPB,24:36:da:2b:bc:00,-79,6
08/05/2026,07:32:47,135,Lab. química 03,IFPB-VISITANTE,24:36:da:2b:bc:02,-79,6
08/05/2026,07:32:47,135,Lab. química 03,IFPB-VISITANTE,84:f1:47:54:7f:62,-79,6
08/05/2026,07:32:47,135,Lab. química 03,APTelefonia,58:10:8c:91:f3:aa,-80,1
08/05/2026,07:32:48,135,Lab. química 03,IFPB,84:f1:47:54:7f:60,-80,6
08/05/2026,07:32:48,135,Lab. química 03,IFPB,2c:57:41:cd:e1:c0,-82,11
08/05/2026,07:32:48,135,Lab. química 03,IFPB-VISITANTE,2c:57:41:cd:e1:c2,-82,11
08/05/2026,07:32:48,135,Lab. química 03,IFPB-VISITANTE,84:f1:47:54:6b:82,-83,6
08/05/2026,07:32:48,135,Lab. química 03,IFPB,84:f1:47:54:6b:80,-84,6
08/05/2026,07:32:48,135,Lab. química 03,IFPB-VISITANTE,b8:11:4b:1d:12:02,-87,1
08/05/2026,07:32:48,135,Lab. química 03,IFPB-VISITANTE,84:f1:47:54:97:02,-87,1
08/05/2026,07:32:48,135,Lab. química 03,IFPB,b8:11:4b:1d:12:00,-87,1
08/05/2026,07:32:48,135,Lab. química 03,Redmi Note 11,fe:bf:49:44:a2:81,-88,6
08/05/2026,07:32:48,135,Lab. química 03,IFPB,24:36:da:a2:7f:40,-88,6
08/05/2026,07:32:48,135,Lab. química 03,IFPB-VISITANTE,24:36:da:a2:7f:42,-88,6
08/05/2026,07:32:48,135,Lab. química 03,Intelbras,18:0d:2c:7f:eb:ac,-89,7
08/05/2026,07:32:48,135,Lab. química 03,IFPB-VISITANTE,84:f1:47:54:81:02,-89,11
08/05/2026,07:32:48,135,Lab. química 03,COPLAN,c4:12:f5:d3:01:90,-90,5
08/05/2026,07:32:48,135,Lab. química 03,IFPB,84:f1:47:54:81:00,-90,11
08/05/2026,07:32:48,135,Lab. química 03,IFPB,84:f1:47:54:97:00,-91,1
08/05/2026,07:32:48,135,Lab. química 03,brisa-4229872,f0:09:0d:97:a5:75,-91,5
08/05/2026,07:32:48,135,Lab. química 03,brisa-3861242,24:2f:d0:cc:ed:8c,-92,2
08/05/2026,07:32:48,135,Lab. química 03,Lab. de Sinais Digitais,18:d6:c7:f9:37:2f,-92,11
08/05/2026,07:32:48,135,Lab. química 03,NPEF/NEPA,50:c7:bf:ef:56:8a,-93,3
08/05/2026,07:32:48,135,Lab. química 03,LIMPEZA,54:e6:fc:cf:22:de,-93,6
08/05/2026,07:32:48,135,Lab. química 03,IFPB-Sala_Professor_14,24:fd:0d:57:19:26,-95,5
08/05/2026,07:32:58,136,Lab. química 03,TP-Link_1324,7c:f1:7e:8d:13:22,-67,10
08/05/2026,07:32:58,136,Lab. química 03,IFPB,24:36:da:2b:bc:00,-80,6
08/05/2026,07:32:58,136,Lab. química 03,IFPB-VISITANTE,24:36:da:2b:bc:02,-80,6
08/05/2026,07:32:58,136,Lab. química 03,IFPB-VISITANTE,84:f1:47:54:7f:62,-80,6
08/05/2026,07:32:58,136,Lab. química 03,IFPB,84:f1:47:54:7f:60,-81,6
08/05/2026,07:32:58,136,Lab. química 03,APTelefonia,58:10:8c:91:f3:aa,-82,1
08/05/2026,07:32:58,136,Lab. química 03,IFPB,2c:57:41:cd:e1:c0,-82,11
08/05/2026,07:32:58,136,Lab. química 03,IFPB-VISITANTE,2c:57:41:cd:e1:c2,-82,11
08/05/2026,07:32:58,136,Lab. química 03,IFPB-VISITANTE,84:f1:47:54:6b:82,-83,6
08/05/2026,07:32:58,136,Lab. química 03,IFPB,84:f1:47:54:6b:80,-84,6
08/05/2026,07:32:58,136,Lab. química 03,IFPB-VISITANTE,b8:11:4b:1d:12:02,-86,1
08/05/2026,07:32:58,136,Lab. química 03,IFPB,b8:11:4b:1d:12:00,-87,1
08/05/2026,07:32:58,136,Lab. química 03,IFPB-VISITANTE,84:f1:47:54:97:02,-88,1
08/05/2026,07:32:58,136,Lab. química 03,IFPB-VISITANTE,84:f1:47:54:8b:a2,-89,1
08/05/2026,07:32:58,136,Lab. química 03,Intelbras,18:0d:2c:7f:eb:ac,-89,7
08/05/2026,07:32:58,136,Lab. química 03,IFPB,84:f1:47:54:97:00,-90,1
08/05/2026,07:32:58,136,Lab. química 03,NPEF/NEPA,50:c7:bf:ef:56:8a,-90,3
08/05/2026,07:32:58,136,Lab. química 03,IFPB,84:f1:47:54:81:00,-90,11
08/05/2026,07:32:58,136,Lab. química 03,brisa-4229872,f0:09:0d:97:a5:75,-91,5
08/05/2026,07:32:58,136,Lab. química 03,brisa-3861242,24:2f:d0:cc:ed:8c,-92,2
08/05/2026,07:32:58,136,Lab. química 03,COPLAN,c4:12:f5:d3:01:90,-92,5
08/05/2026,07:32:58,136,Lab. química 03,LIMPEZA,54:e6:fc:cf:22:de,-92,6
08/05/2026,07:32:58,136,Lab. química 03,IFPB-Sala_Professor_14,24:fd:0d:57:19:26,-93,5
08/05/2026,07:32:58,136,Lab. química 03,Redmi Note 11,fe:bf:49:44:a2:81,-94,6
08/05/2026,07:32:58,136,Lab. química 03,Lab. de Sinais Digitais,18:d6:c7:f9:37:2f,-95,11
08/05/2026,07:33:08,137,Lab. química 03,TP-Link_1324,7c:f1:7e:8d:13:22,-70,10
08/05/2026,07:33:08,137,Lab. química 03,IFPB,24:36:da:2b:bc:00,-80,6
08/05/2026,07:33:08,137,Lab. química 03,IFPB-VISITANTE,24:36:da:2b:bc:02,-81,6
08/05/2026,07:33:08,137,Lab. química 03,IFPB-VISITANTE,84:f1:47:54:7f:62,-81,6
08/05/2026,07:33:08,137,Lab. química 03,IFPB,84:f1:47:54:7f:60,-82,6
08/05/2026,07:33:08,137,Lab. química 03,IFPB,2c:57:41:cd:e1:c0,-82,11
08/05/2026,07:33:08,137,Lab. química 03,IFPB-VISITANTE,2c:57:41:cd:e1:c2,-82,11
08/05/2026,07:33:08,137,Lab. química 03,APTelefonia,58:10:8c:91:f3:aa,-83,1
08/05/2026,07:33:08,137,Lab. química 03,IFPB,84:f1:47:54:6b:80,-83,6
08/05/2026,07:33:08,137,Lab. química 03,IFPB-VISITANTE,84:f1:47:54:6b:82,-83,6
08/05/2026,07:33:08,137,Lab. química 03,Redmi Note 11,fe:bf:49:44:a2:81,-85,6
08/05/2026,07:33:08,137,Lab. química 03,IFPB-VISITANTE,b8:11:4b:1d:12:02,-88,1
08/05/2026,07:33:08,137,Lab. química 03,IFPB-VISITANTE,84:f1:47:54:97:02,-88,1
08/05/2026,07:33:08,137,Lab. química 03,IFPB,84:f1:47:54:97:00,-88,1
08/05/2026,07:33:08,137,Lab. química 03,IFPB,b8:11:4b:1d:12:00,-89,1
08/05/2026,07:33:08,137,Lab. química 03,IFPB-VISITANTE,84:f1:47:54:8b:a2,-89,1
08/05/2026,07:33:08,137,Lab. química 03,NPEF/NEPA,50:c7:bf:ef:56:8a,-89,3
08/05/2026,07:33:08,137,Lab. química 03,Intelbras,18:0d:2c:7f:eb:ac,-91,7
08/05/2026,07:33:08,137,Lab. química 03,brisa-3861242,24:2f:d0:cc:ed:8c,-93,2
08/05/2026,07:33:08,137,Lab. química 03,brisa-4229872,f0:09:0d:97:a5:75,-94,5
08/05/2026,07:33:08,137,Lab. química 03,IFPB-Sala_Professor_14,24:fd:0d:57:19:26,-94,5
08/05/2026,07:33:08,137,Lab. química 03,LIMPEZA,54:e6:fc:cf:22:de,-94,6
08/05/2026,07:33:08,137,Lab. química 03,Lab. de Sinais Digitais,18:d6:c7:f9:37:2f,-94,11
08/05/2026,07:33:18,138,Lab. química 03,TP-Link_1324,7c:f1:7e:8d:13:22,-69,10
08/05/2026,07:33:18,138,Lab. química 03,APTelefonia,58:10:8c:91:f3:aa,-79,1
08/05/2026,07:33:18,138,Lab. química 03,IFPB-VISITANTE,24:36:da:2b:bc:02,-80,6
08/05/2026,07:33:18,138,Lab. química 03,IFPB-VISITANTE,84:f1:47:54:6b:82,-80,6
08/05/2026,07:33:18,138,Lab. química 03,IFPB,24:36:da:2b:bc:00,-80,6
08/05/2026,07:33:18,138,Lab. química 03,IFPB,84:f1:47:54:6b:80,-80,6
08/05/2026,07:33:18,138,Lab. química 03,IFPB-VISITANTE,84:f1:47:54:7f:62,-82,6
08/05/2026,07:33:18,138,Lab. química 03,IFPB,84:f1:47:54:7f:60,-83,6
08/05/2026,07:33:18,138,Lab. química 03,IFPB-VISITANTE,24:36:da:a2:7f:42,-84,6
08/05/2026,07:33:18,138,Lab. química 03,IFPB,b8:11:4b:1d:12:00,-85,1
08/05/2026,07:33:18,138,Lab. química 03,IFPB,24:36:da:a2:7f:40,-85,6
08/05/2026,07:33:18,138,Lab. química 03,IFPB-VISITANTE,b8:11:4b:1d:12:02,-86,1
08/05/2026,07:33:18,138,Lab. química 03,Redmi Note 11,fe:bf:49:44:a2:81,-87,11
08/05/2026,07:33:18,138,Lab. química 03,IFPB,2c:57:41:cd:e1:c0,-87,11
08/05/2026,07:33:18,138,Lab. química 03,IFPB-VISITANTE,84:f1:47:54:81:02,-88,11
08/05/2026,07:33:18,138,Lab. química 03,IFPB-VISITANTE,2c:57:41:cd:e1:c2,-89,11
08/05/2026,07:33:18,138,Lab. química 03,IFPB,84:f1:47:54:81:00,-90,11
08/05/2026,07:33:18,138,Lab. química 03,brisa-4229872,f0:09:0d:97:a5:75,-91,5
08/05/2026,07:33:18,138,Lab. química 03,Intelbras,18:0d:2c:7f:eb:ac,-91,7
08/05/2026,07:33:18,138,Lab. química 03,IFPB-Sala_Professor_14,24:fd:0d:57:19:26,-92,5
08/05/2026,07:33:18,138,Lab. química 03,NPEF/NEPA,50:c7:bf:ef:56:8a,-93,3
08/05/2026,07:33:18,138,Lab. química 03,LIMPEZA,54:e6:fc:cf:22:de,-95,6
08/05/2026,07:33:28,139,Lab. química 03,TP-Link_1324,7c:f1:7e:8d:13:22,-72,10
08/05/2026,07:33:28,139,Lab. química 03,IFPB-VISITANTE,84:f1:47:54:6b:82,-78,6
08/05/2026,07:33:28,139,Lab. química 03,IFPB,84:f1:47:54:6b:80,-79,6
08/05/2026,07:33:28,139,Lab. química 03,IFPB,24:36:da:2b:bc:00,-80,6
08/05/2026,07:33:28,139,Lab. química 03,IFPB-VISITANTE,24:36:da:2b:bc:02,-81,6
08/05/2026,07:33:28,139,Lab. química 03,IFPB,84:f1:47:54:7f:60,-81,6
08/05/2026,07:33:28,139,Lab. química 03,IFPB-VISITANTE,84:f1:47:54:7f:62,-82,6
08/05/2026,07:33:28,139,Lab. química 03,APTelefonia,58:10:8c:91:f3:aa,-83,1
08/05/2026,07:33:28,139,Lab. química 03,IFPB,24:36:da:a2:7f:40,-85,6
08/05/2026,07:33:28,139,Lab. química 03,IFPB-VISITANTE,24:36:da:a2:7f:42,-85,6
08/05/2026,07:33:28,139,Lab. química 03,IFPB-VISITANTE,b8:11:4b:1d:12:02,-86,1
08/05/2026,07:33:28,139,Lab. química 03,IFPB,b8:11:4b:1d:12:00,-87,1
08/05/2026,07:33:28,139,Lab. química 03,IFPB-VISITANTE,2c:57:41:cd:e1:c2,-87,11
08/05/2026,07:33:28,139,Lab. química 03,IFPB,2c:57:41:cd:e1:c0,-88,11
08/05/2026,07:33:28,139,Lab. química 03,LIMPEZA,54:e6:fc:cf:22:de,-91,6
08/05/2026,07:33:28,139,Lab. química 03,Intelbras,18:0d:2c:7f:eb:ac,-91,7
08/05/2026,07:33:28,139,Lab. química 03,Redmi Note 11,fe:bf:49:44:a2:81,-91,11
08/05/2026,07:33:28,139,Lab. química 03,IFPB-VISITANTE,84:f1:47:54:81:02,-91,11
08/05/2026,07:33:28,139,Lab. química 03,brisa-4229872,f0:09:0d:97:a5:75,-92,5
08/05/2026,07:33:28,139,Lab. química 03,IFPB,84:f1:47:54:81:00,-92,11
08/05/2026,07:33:28,139,Lab. química 03,brisa-3861242,24:2f:d0:cc:ed:8c,-94,2
08/05/2026,07:33:28,139,Lab. química 03,Lab. de Sinais Digitais,18:d6:c7:f9:37:2f,-96,11
08/05/2026,07:33:28,139,Lab. química 03,IFPB-Sala_Professor_14,24:fd:0d:57:19:26,-97,5
08/05/2026,07:33:38,140,Lab. química 03,TP-Link_1324,7c:f1:7e:8d:13:22,-70,10
08/05/2026,07:33:38,140,Lab. química 03,IFPB,2c:57:41:cd:e1:c0,-78,11
08/05/2026,07:33:38,140,Lab. química 03,IFPB-VISITANTE,84:f1:47:54:7f:62,-80,6
08/05/2026,07:33:38,140,Lab. química 03,IFPB-VISITANTE,24:36:da:a2:7f:42,-80,6
08/05/2026,07:33:38,140,Lab. química 03,IFPB-VISITANTE,2c:57:41:cd:e1:c2,-80,11
08/05/2026,07:33:38,140,Lab. química 03,APTelefonia,58:10:8c:91:f3:aa,-81,1
08/05/2026,07:33:38,140,Lab. química 03,IFPB,84:f1:47:54:7f:60,-81,6
08/05/2026,07:33:38,140,Lab. química 03,IFPB,24:36:da:a2:7f:40,-81,6
08/05/2026,07:33:38,140,Lab. química 03,IFPB,24:36:da:2b:bc:00,-83,6
08/05/2026,07:33:38,140,Lab. química 03,IFPB-VISITANTE,84:f1:47:54:6b:82,-84,6
08/05/2026,07:33:38,140,Lab. química 03,IFPB-VISITANTE,24:36:da:2b:bc:02,-84,6
08/05/2026,07:33:38,140,Lab. química 03,IFPB,84:f1:47:54:6b:80,-84,6
08/05/2026,07:33:38,140,Lab. química 03,IFPB-VISITANTE,b8:11:4b:1d:12:02,-86,1
08/05/2026,07:33:38,140,Lab. química 03,IFPB,b8:11:4b:1d:12:00,-87,1
08/05/2026,07:33:38,140,Lab. química 03,IFPB-VISITANTE,84:f1:47:54:8b:a2,-88,1
08/05/2026,07:33:38,140,Lab. química 03,Intelbras,18:0d:2c:7f:eb:ac,-89,7
08/05/2026,07:33:38,140,Lab. química 03,Redmi Note 11,fe:bf:49:44:a2:81,-89,11
08/05/2026,07:33:38,140,Lab. química 03,NPEF/NEPA,50:c7:bf:ef:56:8a,-90,3
08/05/2026,07:33:38,140,Lab. química 03,IFPB-VISITANTE,84:f1:47:54:81:02,-90,11
08/05/2026,07:33:38,140,Lab. química 03,brisa-4229872,f0:09:0d:97:a5:75,-91,5
08/05/2026,07:33:38,140,Lab. química 03,COPLAN,c4:12:f5:d3:01:90,-91,5
08/05/2026,07:33:38,140,Lab. química 03,IFPB-Sala_Professor_14,24:fd:0d:57:19:26,-91,5
08/05/2026,07:33:39,140,Lab. química 03,Lab. de Sinais Digitais,18:d6:c7:f9:37:2f,-91,11
08/05/2026,07:33:39,140,Lab. química 03,LIMPEZA,54:e6:fc:cf:22:de,-92,6
08/05/2026,07:34:02,141,Lab. química 01,IFPB,84:f1:47:54:6b:80,-65,6
08/05/2026,07:34:02,141,Lab. química 01,IFPB-VISITANTE,84:f1:47:54:6b:82,-65,6
08/05/2026,07:34:02,141,Lab. química 01,IFPB-VISITANTE,24:36:da:2b:bc:02,-74,6
08/05/2026,07:34:02,141,Lab. química 01,IFPB,24:36:da:2b:bc:00,-75,6
08/05/2026,07:34:02,141,Lab. química 01,TP-Link_1324,7c:f1:7e:8d:13:22,-75,10
08/05/2026,07:34:02,141,Lab. química 01,IFPB-VISITANTE,2c:57:41:cd:e1:c2,-79,11
08/05/2026,07:34:02,141,Lab. química 01,IFPB,2c:57:41:cd:e1:c0,-79,11
08/05/2026,07:34:02,141,Lab. química 01,IFPB-VISITANTE,84:f1:47:54:8b:a2,-84,1
08/05/2026,07:34:02,141,Lab. química 01,IFPB,84:f1:47:54:8b:a0,-85,1
08/05/2026,07:34:02,141,Lab. química 01,APTelefonia,58:10:8c:91:f3:aa,-85,1
08/05/2026,07:34:02,141,Lab. química 01,Intelbras,18:0d:2c:7f:eb:ac,-85,7
08/05/2026,07:34:02,141,Lab. química 01,IFPB,84:f1:47:54:7f:60,-86,6
08/05/2026,07:34:02,141,Lab. química 01,IFPB-VISITANTE,84:f1:47:54:7f:62,-86,6
08/05/2026,07:34:02,141,Lab. química 01,NPEF/NEPA,50:c7:bf:ef:56:8a,-87,3
08/05/2026,07:34:02,141,Lab. química 01,IFPB-VISITANTE,24:36:da:a2:7f:42,-87,6
08/05/2026,07:34:02,141,Lab. química 01,IFPB,24:36:da:a2:7f:40,-88,6
08/05/2026,07:34:02,141,Lab. química 01,Lab. de Sinais Digitais,18:d6:c7:f9:37:2f,-91,11
08/05/2026,07:34:02,141,Lab. química 01,COPLAN,c4:12:f5:d3:01:90,-92,5
08/05/2026,07:34:02,141,Lab. química 01,EBF230ED-HE8D94yZ3j1AOIs,44:d2:44:dd:2f:ba,-94,11
08/05/2026,07:34:02,141,Lab. química 01,INTELBRAS,d8:36:5f:54:70:40,-95,1
08/05/2026,07:34:12,142,Lab. química 01,IFPB,84:f1:47:54:6b:80,-65,6
08/05/2026,07:34:12,142,Lab. química 01,IFPB-VISITANTE,84:f1:47:54:6b:82,-65,6
08/05/2026,07:34:12,142,Lab. química 01,TP-Link_1324,7c:f1:7e:8d:13:22,-75,10
08/05/2026,07:34:12,142,Lab. química 01,IFPB,24:36:da:2b:bc:00,-78,6
08/05/2026,07:34:12,142,Lab. química 01,IFPB-VISITANTE,24:36:da:2b:bc:02,-78,6
08/05/2026,07:34:12,142,Lab. química 01,IFPB,2c:57:41:cd:e1:c0,-81,11
08/05/2026,07:34:12,142,Lab. química 01,IFPB-VISITANTE,2c:57:41:cd:e1:c2,-81,11
08/05/2026,07:34:12,142,Lab. química 01,APTelefonia,58:10:8c:91:f3:aa,-84,1
08/05/2026,07:34:12,142,Lab. química 01,IFPB,84:f1:47:54:7f:60,-84,6
08/05/2026,07:34:12,142,Lab. química 01,IFPB-VISITANTE,84:f1:47:54:8b:a2,-85,1
08/05/2026,07:34:12,142,Lab. química 01,IFPB,84:f1:47:54:8b:a0,-85,1
08/05/2026,07:34:12,142,Lab. química 01,NPEF/NEPA,50:c7:bf:ef:56:8a,-85,3
08/05/2026,07:34:12,142,Lab. química 01,IFPB-VISITANTE,84:f1:47:54:7f:62,-86,6
08/05/2026,07:34:12,142,Lab. química 01,IFPB,24:36:da:a2:7f:40,-90,6
08/05/2026,07:34:12,142,Lab. química 01,Intelbras,18:0d:2c:7f:eb:ac,-90,7
08/05/2026,07:34:12,142,Lab. química 01,IFPB-VISITANTE,84:f1:47:54:80:62,-92,1
08/05/2026,07:34:12,142,Lab. química 01,EBF230ED-HE8D94yZ3j1AOIs,44:d2:44:dd:2f:ba,-93,11
08/05/2026,07:34:12,142,Lab. química 01,INTELBRAS,d8:36:5f:54:70:40,-94,1
08/05/2026,07:34:12,142,Lab. química 01,IFPB-Sala_Professor_14,24:fd:0d:57:19:26,-94,5
08/05/2026,07:34:12,142,Lab. química 01,Lab. de Sinais Digitais,18:d6:c7:f9:37:2f,-96,11
08/05/2026,07:34:12,142,Lab. química 01,Redmi Note 11,fe:bf:49:44:a2:81,-97,11
08/05/2026,07:34:22,143,Lab. química 01,IFPB-VISITANTE,84:f1:47:54:6b:82,-65,6
08/05/2026,07:34:22,143,Lab. química 01,IFPB,84:f1:47:54:6b:80,-66,6
08/05/2026,07:34:22,143,Lab. química 01,TP-Link_1324,7c:f1:7e:8d:13:22,-74,10
08/05/2026,07:34:22,143,Lab. química 01,IFPB,24:36:da:2b:bc:00,-78,6
08/05/2026,07:34:22,143,Lab. química 01,IFPB-VISITANTE,24:36:da:2b:bc:02,-78,6
08/05/2026,07:34:22,143,Lab. química 01,IFPB,2c:57:41:cd:e1:c0,-79,11
08/05/2026,07:34:22,143,Lab. química 01,IFPB-VISITANTE,2c:57:41:cd:e1:c2,-80,11
08/05/2026,07:34:22,143,Lab. química 01,APTelefonia,58:10:8c:91:f3:aa,-84,1
08/05/2026,07:34:22,143,Lab. química 01,IFPB,84:f1:47:54:7f:60,-84,6
08/05/2026,07:34:22,143,Lab. química 01,IFPB-VISITANTE,84:f1:47:54:7f:62,-84,6
08/05/2026,07:34:22,143,Lab. química 01,NPEF/NEPA,50:c7:bf:ef:56:8a,-85,3
08/05/2026,07:34:22,143,Lab. química 01,IFPB,24:36:da:a2:7f:40,-86,6
08/05/2026,07:34:22,143,Lab. química 01,IFPB,84:f1:47:54:8b:a0,-87,1
08/05/2026,07:34:22,143,Lab. química 01,IFPB-VISITANTE,84:f1:47:54:8b:a2,-87,1
08/05/2026,07:34:22,143,Lab. química 01,IFPB-VISITANTE,24:36:da:a2:7f:42,-87,6
08/05/2026,07:34:22,143,Lab. química 01,Intelbras,18:0d:2c:7f:eb:ac,-89,7
08/05/2026,07:34:22,143,Lab. química 01,COPLAN,c4:12:f5:d3:01:90,-91,5
08/05/2026,07:34:22,143,Lab. química 01,Lab. de Sinais Digitais,18:d6:c7:f9:37:2f,-92,11
08/05/2026,07:34:22,143,Lab. química 01,INTELBRAS,d8:36:5f:54:70:40,-94,1
08/05/2026,07:34:22,143,Lab. química 01,EBF230ED-HE8D94yZ3j1AOIs,44:d2:44:dd:2f:ba,-94,11
08/05/2026,07:34:22,143,Lab. química 01,IFPB-Sala_Professor_14,24:fd:0d:57:19:26,-95,5
08/05/2026,07:34:32,144,Lab. química 01,IFPB,84:f1:47:54:6b:80,-65,6
08/05/2026,07:34:32,144,Lab. química 01,IFPB-VISITANTE,84:f1:47:54:6b:82,-65,6
08/05/2026,07:34:32,144,Lab. química 01,TP-Link_1324,7c:f1:7e:8d:13:22,-74,10
08/05/2026,07:34:32,144,Lab. química 01,IFPB,24:36:da:2b:bc:00,-77,6
08/05/2026,07:34:32,144,Lab. química 01,IFPB-VISITANTE,24:36:da:2b:bc:02,-77,6
08/05/2026,07:34:32,144,Lab. química 01,IFPB,2c:57:41:cd:e1:c0,-78,11
08/05/2026,07:34:32,144,Lab. química 01,IFPB-VISITANTE,2c:57:41:cd:e1:c2,-79,11
08/05/2026,07:34:32,144,Lab. química 01,APTelefonia,58:10:8c:91:f3:aa,-81,1
08/05/2026,07:34:32,144,Lab. química 01,NPEF/NEPA,50:c7:bf:ef:56:8a,-84,3
08/05/2026,07:34:32,144,Lab. química 01,IFPB-VISITANTE,84:f1:47:54:8b:a2,-85,1
08/05/2026,07:34:32,144,Lab. química 01,IFPB,84:f1:47:54:8b:a0,-86,1
08/05/2026,07:34:32,144,Lab. química 01,IFPB,84:f1:47:54:7f:60,-86,6
08/05/2026,07:34:32,144,Lab. química 01,IFPB-VISITANTE,84:f1:47:54:7f:62,-87,6
08/05/2026,07:34:32,144,Lab. química 01,IFPB,24:36:da:a2:7f:40,-87,6
08/05/2026,07:34:32,144,Lab. química 01,IFPB-VISITANTE,24:36:da:a2:7f:42,-89,6
08/05/2026,07:34:32,144,Lab. química 01,Intelbras,18:0d:2c:7f:eb:ac,-89,7
08/05/2026,07:34:32,144,Lab. química 01,COPLAN,c4:12:f5:d3:01:90,-91,5
08/05/2026,07:34:32,144,Lab. química 01,EBF230ED-HE8D94yZ3j1AOIs,44:d2:44:dd:2f:ba,-91,11
08/05/2026,07:34:32,144,Lab. química 01,IFPB-Sala_Professor_14,24:fd:0d:57:19:26,-92,5
08/05/2026,07:34:32,144,Lab. química 01,Lab. de Sinais Digitais,18:d6:c7:f9:37:2f,-92,11
08/05/2026,07:34:32,144,Lab. química 01,INTELBRAS,d8:36:5f:54:70:40,-96,1
08/05/2026,07:34:42,145,Lab. química 01,IFPB,84:f1:47:54:6b:80,-66,6
08/05/2026,07:34:42,145,Lab. química 01,IFPB-VISITANTE,84:f1:47:54:6b:82,-66,6
08/05/2026,07:34:42,145,Lab. química 01,TP-Link_1324,7c:f1:7e:8d:13:22,-74,10
08/05/2026,07:34:42,145,Lab. química 01,IFPB,24:36:da:2b:bc:00,-78,6
08/05/2026,07:34:42,145,Lab. química 01,IFPB-VISITANTE,24:36:da:2b:bc:02,-78,6
08/05/2026,07:34:42,145,Lab. química 01,IFPB,2c:57:41:cd:e1:c0,-78,11
08/05/2026,07:34:42,145,Lab. química 01,IFPB-VISITANTE,2c:57:41:cd:e1:c2,-79,11
08/05/2026,07:34:42,145,Lab. química 01,APTelefonia,58:10:8c:91:f3:aa,-83,1
08/05/2026,07:34:42,145,Lab. química 01,IFPB-VISITANTE,84:f1:47:54:8b:a2,-85,1
08/05/2026,07:34:42,145,Lab. química 01,NPEF/NEPA,50:c7:bf:ef:56:8a,-85,3
08/05/2026,07:34:42,145,Lab. química 01,IFPB,24:36:da:a2:7f:40,-85,6
08/05/2026,07:34:42,145,Lab. química 01,IFPB,84:f1:47:54:8b:a0,-86,1
08/05/2026,07:34:42,145,Lab. química 01,IFPB-VISITANTE,24:36:da:a2:7f:42,-86,6
08/05/2026,07:34:42,145,Lab. química 01,IFPB,84:f1:47:54:7f:60,-86,6
08/05/2026,07:34:42,145,Lab. química 01,IFPB-VISITANTE,84:f1:47:54:7f:62,-86,6
08/05/2026,07:34:42,145,Lab. química 01,Intelbras,18:0d:2c:7f:eb:ac,-89,7
08/05/2026,07:34:42,145,Lab. química 01,EBF230ED-HE8D94yZ3j1AOIs,44:d2:44:dd:2f:ba,-92,11
08/05/2026,07:34:42,145,Lab. química 01,Lab. de Sinais Digitais,18:d6:c7:f9:37:2f,-93,11
08/05/2026,07:34:42,145,Lab. química 01,IFPB-Sala_Professor_14,24:fd:0d:57:19:26,-95,5
08/05/2026,07:35:00,146,Lab. química 01,IFPB,84:f1:47:54:6b:80,-62,6
08/05/2026,07:35:00,146,Lab. química 01,IFPB-VISITANTE,84:f1:47:54:6b:82,-62,6
08/05/2026,07:35:00,146,Lab. química 01,TP-Link_1324,7c:f1:7e:8d:13:22,-81,10
08/05/2026,07:35:00,146,Lab. química 01,IFPB,2c:57:41:cd:e1:c0,-82,11
08/05/2026,07:35:00,146,Lab. química 01,IFPB-VISITANTE,2c:57:41:cd:e1:c2,-82,11
08/05/2026,07:35:00,146,Lab. química 01,APTelefonia,58:10:8c:91:f3:aa,-84,1
08/05/2026,07:35:00,146,Lab. química 01,IFPB,24:36:da:2b:bc:00,-84,6
08/05/2026,07:35:00,146,Lab. química 01,IFPB-VISITANTE,84:f1:47:54:8b:a2,-85,1
08/05/2026,07:35:00,146,Lab. química 01,IFPB-VISITANTE,24:36:da:2b:bc:02,-85,6
08/05/2026,07:35:00,146,Lab. química 01,IFPB,84:f1:47:54:8b:a0,-86,1
08/05/2026,07:35:00,146,Lab. química 01,NPEF/NEPA,50:c7:bf:ef:56:8a,-88,3
08/05/2026,07:35:00,146,Lab. química 01,IFPB,24:36:da:a2:7f:40,-88,6
08/05/2026,07:35:00,146,Lab. química 01,IFPB-VISITANTE,24:36:da:a2:7f:42,-88,6
08/05/2026,07:35:00,146,Lab. química 01,EBF230ED-HE8D94yZ3j1AOIs,44:d2:44:dd:2f:ba,-90,11
08/05/2026,07:35:00,146,Lab. química 01,Intelbras,18:0d:2c:7f:eb:ac,-91,7
08/05/2026,07:35:00,146,Lab. química 01,IFPB-Sala_Professor_14,24:fd:0d:57:19:26,-92,5
08/05/2026,07:35:00,146,Lab. química 01,Lab. de Sinais Digitais,18:d6:c7:f9:37:2f,-93,11
08/05/2026,07:35:00,146,Lab. química 01,INTELBRAS,d8:36:5f:54:70:40,-94,1
08/05/2026,07:35:00,146,Lab. química 01,brisa-3861242,24:2f:d0:cc:ed:8c,-94,2
08/05/2026,07:35:00,146,Lab. química 01,Redmi Note 11,fe:bf:49:44:a2:81,-96,11
08/05/2026,07:35:10,147,Lab. química 01,IFPB,84:f1:47:54:6b:80,-59,6
08/05/2026,07:35:10,147,Lab. química 01,IFPB-VISITANTE,84:f1:47:54:6b:82,-59,6
08/05/2026,07:35:10,147,Lab. química 01,IFPB,2c:57:41:cd:e1:c0,-74,11
08/05/2026,07:35:10,147,Lab. química 01,IFPB-VISITANTE,2c:57:41:cd:e1:c2,-74,11
08/05/2026,07:35:10,147,Lab. química 01,IFPB,24:36:da:2b:bc:00,-78,6
08/05/2026,07:35:10,147,Lab. química 01,APTelefonia,58:10:8c:91:f3:aa,-79,1
08/05/2026,07:35:10,147,Lab. química 01,IFPB-VISITANTE,24:36:da:2b:bc:02,-79,6
08/05/2026,07:35:10,147,Lab. química 01,TP-Link_1324,7c:f1:7e:8d:13:22,-82,10
08/05/2026,07:35:10,147,Lab. química 01,NPEF/NEPA,50:c7:bf:ef:56:8a,-85,3
08/05/2026,07:35:10,147,Lab. química 01,Intelbras,18:0d:2c:7f:eb:ac,-85,7
08/05/2026,07:35:10,147,Lab. química 01,IFPB-VISITANTE,84:f1:47:54:7f:62,-86,6
08/05/2026,07:35:10,147,Lab. química 01,IFPB,24:36:da:a2:7f:40,-86,6
08/05/2026,07:35:10,147,Lab. química 01,IFPB-VISITANTE,24:36:da:a2:7f:42,-86,6
08/05/2026,07:35:10,147,Lab. química 01,IFPB,84:f1:47:54:7f:60,-88,6
08/05/2026,07:35:10,147,Lab. química 01,IFPB,84:f1:47:54:8b:a0,-89,1
08/05/2026,07:35:10,147,Lab. química 01,IFPB-VISITANTE,84:f1:47:54:8b:a2,-89,1
08/05/2026,07:35:10,147,Lab. química 01,Lab. de Sinais Digitais,18:d6:c7:f9:37:2f,-89,11
08/05/2026,07:35:10,147,Lab. química 01,IFPB-Sala_Professor_14,24:fd:0d:57:19:26,-90,5
08/05/2026,07:35:10,147,Lab. química 01,EBF230ED-HE8D94yZ3j1AOIs,44:d2:44:dd:2f:ba,-90,11
08/05/2026,07:35:10,147,Lab. química 01,IFPB,84:f1:47:54:81:00,-90,11
08/05/2026,07:35:10,147,Lab. química 01,INTELBRAS,d8:36:5f:54:70:40,-93,1
08/05/2026,07:35:10,147,Lab. química 01,brisa-3861242,24:2f:d0:cc:ed:8c,-97,2
08/05/2026,07:35:20,148,Lab. química 01,IFPB,84:f1:47:54:6b:80,-63,6
08/05/2026,07:35:20,148,Lab. química 01,IFPB-VISITANTE,84:f1:47:54:6b:82,-63,6
08/05/2026,07:35:20,148,Lab. química 01,IFPB,2c:57:41:cd:e1:c0,-75,11
08/05/2026,07:35:20,148,Lab. química 01,IFPB-VISITANTE,2c:57:41:cd:e1:c2,-75,11
08/05/2026,07:35:20,148,Lab. química 01,TP-Link_1324,7c:f1:7e:8d:13:22,-80,10
08/05/2026,07:35:20,148,Lab. química 01,APTelefonia,58:10:8c:91:f3:aa,-83,1
08/05/2026,07:35:20,148,Lab. química 01,IFPB-VISITANTE,24:36:da:2b:bc:02,-83,6
08/05/2026,07:35:20,148,Lab. química 01,IFPB,84:f1:47:54:7f:60,-83,6
08/05/2026,07:35:20,148,Lab. química 01,IFPB,24:36:da:2b:bc:00,-83,6
08/05/2026,07:35:20,148,Lab. química 01,IFPB-VISITANTE,84:f1:47:54:7f:62,-84,6
08/05/2026,07:35:20,148,Lab. química 01,IFPB,84:f1:47:54:8b:a0,-88,1
08/05/2026,07:35:20,148,Lab. química 01,IFPB-VISITANTE,84:f1:47:54:8b:a2,-88,1
08/05/2026,07:35:20,148,Lab. química 01,NPEF/NEPA,50:c7:bf:ef:56:8a,-88,3
08/05/2026,07:35:20,148,Lab. química 01,IFPB-VISITANTE,24:36:da:a2:7f:42,-89,6
08/05/2026,07:35:20,148,Lab. química 01,IFPB,24:36:da:a2:7f:40,-90,6
08/05/2026,07:35:20,148,Lab. química 01,COPLAN,c4:12:f5:d3:01:90,-91,5
08/05/2026,07:35:20,148,Lab. química 01,Intelbras,18:0d:2c:7f:eb:ac,-91,7
08/05/2026,07:35:20,148,Lab. química 01,Lab. de Sinais Digitais,18:d6:c7:f9:37:2f,-91,11
08/05/2026,07:35:20,148,Lab. química 01,IFPB-VISITANTE,84:f1:47:54:81:02,-92,11
08/05/2026,07:35:20,148,Lab. química 01,INTELBRAS,d8:36:5f:54:70:40,-94,1
08/05/2026,07:35:20,148,Lab. química 01,brisa-3861242,24:2f:d0:cc:ed:8c,-94,2
08/05/2026,07:35:20,148,Lab. química 01,EBF230ED-HE8D94yZ3j1AOIs,44:d2:44:dd:2f:ba,-95,11
08/05/2026,07:35:30,149,Lab. química 01,IFPB,84:f1:47:54:6b:80,-62,6
08/05/2026,07:35:30,149,Lab. química 01,IFPB-VISITANTE,84:f1:47:54:6b:82,-62,6
08/05/2026,07:35:30,149,Lab. química 01,IFPB,2c:57:41:cd:e1:c0,-76,11
08/05/2026,07:35:30,149,Lab. química 01,IFPB-VISITANTE,2c:57:41:cd:e1:c2,-76,11
08/05/2026,07:35:30,149,Lab. química 01,TP-Link_1324,7c:f1:7e:8d:13:22,-77,10
08/05/2026,07:35:30,149,Lab. química 01,APTelefonia,58:10:8c:91:f3:aa,-83,1
08/05/2026,07:35:30,149,Lab. química 01,IFPB-VISITANTE,84:f1:47:54:7f:62,-84,6
08/05/2026,07:35:30,149,Lab. química 01,IFPB,24:36:da:2b:bc:00,-85,6
08/05/2026,07:35:30,149,Lab. química 01,IFPB-VISITANTE,24:36:da:2b:bc:02,-85,6
08/05/2026,07:35:30,149,Lab. química 01,IFPB,84:f1:47:54:7f:60,-85,6
08/05/2026,07:35:30,149,Lab. química 01,IFPB-VISITANTE,24:36:da:a2:7f:42,-87,6
08/05/2026,07:35:30,149,Lab. química 01,NPEF/NEPA,50:c7:bf:ef:56:8a,-88,3
08/05/2026,07:35:30,149,Lab. química 01,IFPB,24:36:da:a2:7f:40,-89,6
08/05/2026,07:35:30,149,Lab. química 01,Intelbras,18:0d:2c:7f:eb:ac,-91,7
08/05/2026,07:35:30,149,Lab. química 01,EBF230ED-HE8D94yZ3j1AOIs,44:d2:44:dd:2f:ba,-92,11
08/05/2026,07:35:30,149,Lab. química 01,INTELBRAS,d8:36:5f:54:70:40,-93,1
08/05/2026,07:35:30,149,Lab. química 01,COPLAN,c4:12:f5:d3:01:90,-93,5
08/05/2026,07:35:30,149,Lab. química 01,Lab. de Sinais Digitais,18:d6:c7:f9:37:2f,-94,11
08/05/2026,07:35:40,150,Lab. química 01,IFPB,84:f1:47:54:6b:80,-62,6
08/05/2026,07:35:40,150,Lab. química 01,IFPB-VISITANTE,84:f1:47:54:6b:82,-62,6
08/05/2026,07:35:40,150,Lab. química 01,IFPB,2c:57:41:cd:e1:c0,-75,11
08/05/2026,07:35:40,150,Lab. química 01,IFPB-VISITANTE,2c:57:41:cd:e1:c2,-75,11
08/05/2026,07:35:40,150,Lab. química 01,TP-Link_1324,7c:f1:7e:8d:13:22,-77,10
08/05/2026,07:35:40,150,Lab. química 01,APTelefonia,58:10:8c:91:f3:aa,-82,1
08/05/2026,07:35:40,150,Lab. química 01,IFPB,84:f1:47:54:7f:60,-82,6
08/05/2026,07:35:40,150,Lab. química 01,IFPB,24:36:da:2b:bc:00,-83,6
08/05/2026,07:35:40,150,Lab. química 01,IFPB-VISITANTE,24:36:da:2b:bc:02,-83,6
08/05/2026,07:35:40,150,Lab. química 01,IFPB-VISITANTE,84:f1:47:54:7f:62,-84,6
08/05/2026,07:35:40,150,Lab. química 01,IFPB,84:f1:47:54:8b:a0,-87,1
08/05/2026,07:35:40,150,Lab. química 01,NPEF/NEPA,50:c7:bf:ef:56:8a,-87,3
08/05/2026,07:35:40,150,Lab. química 01,IFPB-VISITANTE,84:f1:47:54:8b:a2,-88,1
08/05/2026,07:35:40,150,Lab. química 01,IFPB,24:36:da:a2:7f:40,-88,6
08/05/2026,07:35:40,150,Lab. química 01,IFPB-VISITANTE,24:36:da:a2:7f:42,-89,6
08/05/2026,07:35:40,150,Lab. química 01,IFPB,84:f1:47:54:80:60,-90,1
08/05/2026,07:35:40,150,Lab. química 01,COPLAN,c4:12:f5:d3:01:90,-90,5
08/05/2026,07:35:40,150,Lab. química 01,Intelbras,18:0d:2c:7f:eb:ac,-90,7
08/05/2026,07:35:40,150,Lab. química 01,INTELBRAS,d8:36:5f:54:70:40,-93,1
08/05/2026,07:35:40,150,Lab. química 01,Lab. de Sinais Digitais,18:d6:c7:f9:37:2f,-93,11
08/05/2026,07:35:40,150,Lab. química 01,EBF230ED-HE8D94yZ3j1AOIs,44:d2:44:dd:2f:ba,-93,11
08/05/2026,07:36:10,151,Lab. Analítico,IFPB,84:f1:47:54:8b:a0,-71,1
08/05/2026,07:36:10,151,Lab. Analítico,IFPB-VISITANTE,84:f1:47:54:8b:a2,-73,1
08/05/2026,07:36:10,151,Lab. Analítico,NPEF/NEPA,50:c7:bf:ef:56:8a,-73,3
08/05/2026,07:36:10,151,Lab. Analítico,IFPB-VISITANTE,84:f1:47:54:80:62,-76,1
08/05/2026,07:36:10,151,Lab. Analítico,IFPB,84:f1:47:54:80:60,-77,1
08/05/2026,07:36:10,151,Lab. Analítico,IFPB,84:f1:47:54:7f:60,-82,6
08/05/2026,07:36:10,151,Lab. Analítico,IFPB-VISITANTE,84:f1:47:54:7f:62,-83,6
08/05/2026,07:36:10,151,Lab. Analítico,IFPB,2c:57:41:cd:e1:c0,-83,11
08/05/2026,07:36:10,151,Lab. Analítico,IFPB-VISITANTE,2c:57:41:cd:e1:c2,-83,11
08/05/2026,07:36:10,151,Lab. Analítico,IFPB,84:f1:47:54:fd:60,-85,6
08/05/2026,07:36:10,151,Lab. Analítico,IFPB,84:f1:47:54:6b:80,-85,6
08/05/2026,07:36:10,151,Lab. Analítico,IFPB-VISITANTE,84:f1:47:54:6b:82,-86,6
08/05/2026,07:36:10,151,Lab. Analítico,IFPB-VISITANTE,84:f1:47:54:fd:62,-86,6
08/05/2026,07:36:10,151,Lab. Analítico,EBF230ED-HE8D94yZ3j1AOIs,44:d2:44:dd:2f:ba,-86,11
08/05/2026,07:36:10,151,Lab. Analítico,TP-Link_1324,7c:f1:7e:8d:13:22,-87,10
08/05/2026,07:36:10,151,Lab. Analítico,INTELBRAS,d8:36:5f:54:70:40,-89,1
08/05/2026,07:36:10,151,Lab. Analítico,IFPB-VISITANTE,84:f1:47:54:f9:82,-89,11
08/05/2026,07:36:11,151,Lab. Analítico,IFPB,84:f1:47:54:f9:80,-89,11
08/05/2026,07:36:11,151,Lab. Analítico,APTelefonia,58:10:8c:91:f3:aa,-90,1
08/05/2026,07:36:11,151,Lab. Analítico,GPDS,00:26:5a:66:55:ef,-90,6
08/05/2026,07:36:11,151,Lab. Analítico,UA2-MiniLab,60:32:b1:2d:66:c3,-90,10
08/05/2026,07:36:11,151,Lab. Analítico,Lab. de Sinais Digitais,18:d6:c7:f9:37:2f,-92,11
08/05/2026,07:36:11,151,Lab. Analítico,TP-Link_C3CB,d8:0d:17:3e:c3:cb,-93,4
08/05/2026,07:36:20,152,Lab. Analítico,IFPB,84:f1:47:54:80:60,-74,1
08/05/2026,07:36:20,152,Lab. Analítico,IFPB-VISITANTE,84:f1:47:54:80:62,-74,1
08/05/2026,07:36:20,152,Lab. Analítico,IFPB,84:f1:47:54:8b:a0,-74,1
08/05/2026,07:36:20,152,Lab. Analítico,IFPB-VISITANTE,84:f1:47:54:8b:a2,-74,1
08/05/2026,07:36:20,152,Lab. Analítico,IFPB-VISITANTE,84:f1:47:54:7f:62,-82,6
08/05/2026,07:36:20,152,Lab. Analítico,IFPB,84:f1:47:54:7f:60,-83,6
08/05/2026,07:36:20,152,Lab. Analítico,NPEF/NEPA,50:c7:bf:ef:56:8a,-84,3
08/05/2026,07:36:20,152,Lab. Analítico,IFPB,84:f1:47:54:6b:80,-85,6
08/05/2026,07:36:20,152,Lab. Analítico,IFPB-VISITANTE,84:f1:47:54:6b:82,-85,6
08/05/2026,07:36:20,152,Lab. Analítico,TP-Link_1324,7c:f1:7e:8d:13:22,-86,10
08/05/2026,07:36:20,152,Lab. Analítico,EBF230ED-HE8D94yZ3j1AOIs,44:d2:44:dd:2f:ba,-86,11
08/05/2026,07:36:21,152,Lab. Analítico,IFPB,2c:57:41:cd:e1:c0,-88,11
08/05/2026,07:36:21,152,Lab. Analítico,IFPB-VISITANTE,84:f1:47:54:f9:82,-89,11
08/05/2026,07:36:21,152,Lab. Analítico,IFPB,84:f1:47:54:f9:80,-89,11
08/05/2026,07:36:21,152,Lab. Analítico,TP-Link_C3CB,d8:0d:17:3e:c3:cb,-90,4
08/05/2026,07:36:21,152,Lab. Analítico,UA2-MiniLab,60:32:b1:2d:66:c3,-90,10
08/05/2026,07:36:21,152,Lab. Analítico,Lab. de Sinais Digitais,18:d6:c7:f9:37:2f,-90,11
08/05/2026,07:36:21,152,Lab. Analítico,APTelefonia,58:10:8c:91:f3:aa,-91,1
08/05/2026,07:36:21,152,Lab. Analítico,IFPB-MM,54:e6:fc:ba:ad:86,-92,1
08/05/2026,07:36:21,152,Lab. Analítico,INTELBRAS,d8:36:5f:54:70:40,-93,1
08/05/2026,07:36:21,152,Lab. Analítico,GPDS,00:26:5a:66:55:ef,-93,6
08/05/2026,07:36:21,152,Lab. Analítico,Redmi Note 11,fe:bf:49:44:a2:81,-94,11
08/05/2026,07:36:21,152,Lab. Analítico,Intelbras,18:0d:2c:7f:eb:ac,-96,7
08/05/2026,07:36:30,153,Lab. Analítico,NPEF/NEPA,50:c7:bf:ef:56:8a,-67,3
08/05/2026,07:36:30,153,Lab. Analítico,IFPB,84:f1:47:54:8b:a0,-73,1
08/05/2026,07:36:30,153,Lab. Analítico,IFPB-VISITANTE,84:f1:47:54:8b:a2,-73,1
08/05/2026,07:36:30,153,Lab. Analítico,IFPB,84:f1:47:54:80:60,-74,1
08/05/2026,07:36:30,153,Lab. Analítico,IFPB-VISITANTE,84:f1:47:54:80:62,-75,1
08/05/2026,07:36:30,153,Lab. Analítico,IFPB-VISITANTE,84:f1:47:54:7f:62,-82,6
08/05/2026,07:36:30,153,Lab. Analítico,IFPB,84:f1:47:54:7f:60,-83,6
08/05/2026,07:36:30,153,Lab. Analítico,IFPB-VISITANTE,2c:57:41:d4:a5:22,-83,11
08/05/2026,07:36:30,153,Lab. Analítico,TP-Link_1324,7c:f1:7e:8d:13:22,-84,10
08/05/2026,07:36:30,153,Lab. Analítico,IFPB-VISITANTE,84:f1:47:54:fd:62,-86,6
08/05/2026,07:36:30,153,Lab. Analítico,IFPB,84:f1:47:54:fd:60,-86,6
08/05/2026,07:36:30,153,Lab. Analítico,IFPB,2c:57:41:cd:e1:c0,-86,11
08/05/2026,07:36:31,153,Lab. Analítico,IFPB-VISITANTE,84:f1:47:54:6b:82,-87,6
08/05/2026,07:36:31,153,Lab. Analítico,TP-Link_C3CB,d8:0d:17:3e:c3:cb,-88,4
08/05/2026,07:36:31,153,Lab. Analítico,IFPB,84:f1:47:54:6b:80,-88,6
08/05/2026,07:36:31,153,Lab. Analítico,IFPB-MM,54:e6:fc:ba:ad:86,-90,1
08/05/2026,07:36:31,153,Lab. Analítico,APTelefonia,58:10:8c:91:f3:aa,-90,1
08/05/2026,07:36:31,153,Lab. Analítico,GPDS,00:26:5a:66:55:ef,-91,6
08/05/2026,07:36:31,153,Lab. Analítico,Lab. de Sinais Digitais,18:d6:c7:f9:37:2f,-91,11
08/05/2026,07:36:31,153,Lab. Analítico,INTELBRAS,d8:36:5f:54:70:40,-92,1
08/05/2026,07:36:31,153,Lab. Analítico,Intelbras,18:0d:2c:7f:eb:ac,-93,7
08/05/2026,07:36:31,153,Lab. Analítico,UA2-MiniLab,60:32:b1:2d:66:c3,-93,10
08/05/2026,07:36:31,153,Lab. Analítico,EBF230ED-HE8D94yZ3j1AOIs,44:d2:44:dd:2f:ba,-93,11
08/05/2026,07:36:40,154,Lab. Analítico,IFPB-VISITANTE,84:f1:47:54:8b:a2,-72,1
08/05/2026,07:36:40,154,Lab. Analítico,IFPB,84:f1:47:54:8b:a0,-72,1
08/05/2026,07:36:40,154,Lab. Analítico,NPEF/NEPA,50:c7:bf:ef:56:8a,-72,3
08/05/2026,07:36:40,154,Lab. Analítico,IFPB,84:f1:47:54:80:60,-75,1
08/05/2026,07:36:40,154,Lab. Analítico,IFPB-VISITANTE,84:f1:47:54:80:62,-76,1
08/05/2026,07:36:40,154,Lab. Analítico,IFPB-VISITANTE,84:f1:47:54:7f:62,-82,6
08/05/2026,07:36:41,154,Lab. Analítico,IFPB,2c:57:41:cd:e1:c0,-82,11
08/05/2026,07:36:41,154,Lab. Analítico,IFPB,84:f1:47:54:7f:60,-83,6
08/05/2026,07:36:41,154,Lab. Analítico,IFPB-VISITANTE,2c:57:41:cd:e1:c2,-83,11
08/05/2026,07:36:41,154,Lab. Analítico,TP-Link_1324,7c:f1:7e:8d:13:22,-84,10
08/05/2026,07:36:41,154,Lab. Analítico,IFPB-VISITANTE,84:f1:47:54:fd:62,-85,6
08/05/2026,07:36:41,154,Lab. Analítico,IFPB,84:f1:47:54:fd:60,-86,6
08/05/2026,07:36:41,154,Lab. Analítico,GPDS,00:26:5a:66:55:ef,-87,6
08/05/2026,07:36:41,154,Lab. Analítico,Lab. de Sinais Digitais,18:d6:c7:f9:37:2f,-88,11
08/05/2026,07:36:41,154,Lab. Analítico,EBF230ED-HE8D94yZ3j1AOIs,44:d2:44:dd:2f:ba,-89,11
08/05/2026,07:36:41,154,Lab. Analítico,IFPB-MM,54:e6:fc:ba:ad:86,-91,1
08/05/2026,07:36:41,154,Lab. Analítico,TP-Link_C3CB,d8:0d:17:3e:c3:cb,-91,4
08/05/2026,07:36:41,154,Lab. Analítico,Intelbras,18:0d:2c:7f:eb:ac,-91,7
08/05/2026,07:36:41,154,Lab. Analítico,APTelefonia,58:10:8c:91:f3:aa,-92,1
08/05/2026,07:36:41,154,Lab. Analítico,UA2-MiniLab,60:32:b1:2d:66:c3,-92,10
08/05/2026,07:36:41,154,Lab. Analítico,INTELBRAS,d8:36:5f:54:70:40,-94,1
08/05/2026,07:36:50,155,Lab. Analítico,IFPB-VISITANTE,84:f1:47:54:8b:a2,-72,1
08/05/2026,07:36:50,155,Lab. Analítico,IFPB,84:f1:47:54:8b:a0,-73,1
08/05/2026,07:36:50,155,Lab. Analítico,NPEF/NEPA,50:c7:bf:ef:56:8a,-73,3
08/05/2026,07:36:50,155,Lab. Analítico,IFPB,84:f1:47:54:80:60,-76,1
08/05/2026,07:36:50,155,Lab. Analítico,IFPB-VISITANTE,84:f1:47:54:80:62,-77,1
08/05/2026,07:36:50,155,Lab. Analítico,IFPB-VISITANTE,84:f1:47:54:7f:62,-84,6
08/05/2026,07:36:51,155,Lab. Analítico,IFPB,84:f1:47:54:7f:60,-84,6
08/05/2026,07:36:51,155,Lab. Analítico,IFPB-VISITANTE,2c:57:41:cd:e1:c2,-85,11
08/05/2026,07:36:51,155,Lab. Analítico,IFPB,2c:57:41:cd:e1:c0,-85,11
08/05/2026,07:36:51,155,Lab. Analítico,TP-Link_C3CB,d8:0d:17:3e:c3:cb,-87,4
08/05/2026,07:36:51,155,Lab. Analítico,IFPB,84:f1:47:54:6b:80,-87,6
08/05/2026,07:36:51,155,Lab. Analítico,IFPB-VISITANTE,84:f1:47:54:6b:82,-88,6
08/05/2026,07:36:51,155,Lab. Analítico,IFPB-VISITANTE,84:f1:47:54:fd:62,-88,6
08/05/2026,07:36:51,155,Lab. Analítico,TP-Link_1324,7c:f1:7e:8d:13:22,-88,10
08/05/2026,07:36:51,155,Lab. Analítico,IFPB,84:f1:47:54:fd:60,-90,6
08/05/2026,07:36:51,155,Lab. Analítico,IFPB-VISITANTE,84:f1:47:54:f9:82,-90,11
08/05/2026,07:36:51,155,Lab. Analítico,IFPB-MM,54:e6:fc:ba:ad:86,-92,1
08/05/2026,07:36:51,155,Lab. Analítico,IFPB,84:f1:47:54:f9:80,-92,11
08/05/2026,07:36:51,155,Lab. Analítico,Intelbras,18:0d:2c:7f:eb:ac,-93,7
08/05/2026,07:36:51,155,Lab. Analítico,Lab. de Sinais Digitais,18:d6:c7:f9:37:2f,-93,11
08/05/2026,07:36:51,155,Lab. Analítico,EBF230ED-HE8D94yZ3j1AOIs,44:d2:44:dd:2f:ba,-93,11
08/05/2026,07:36:51,155,Lab. Analítico,INTELBRAS,d8:36:5f:54:70:40,-94,1
08/05/2026,07:36:51,155,Lab. Analítico,UA2-MiniLab,60:32:b1:2d:66:c3,-94,10
08/05/2026,07:36:51,155,Lab. Analítico,GPDS,00:26:5a:66:55:ef,-95,6
08/05/2026,07:36:51,155,Lab. Analítico,APTelefonia,58:10:8c:91:f3:aa,-96,1
08/05/2026,07:37:09,156,Lab. Analítico,NPEF/NEPA,50:c7:bf:ef:56:8a,-62,3
08/05/2026,07:37:09,156,Lab. Analítico,IFPB,84:f1:47:54:8b:a0,-76,1
08/05/2026,07:37:09,156,Lab. Analítico,IFPB-VISITANTE,84:f1:47:54:8b:a2,-76,1
08/05/2026,07:37:09,156,Lab. Analítico,IFPB-VISITANTE,84:f1:47:54:80:62,-78,1
08/05/2026,07:37:09,156,Lab. Analítico,IFPB,84:f1:47:54:80:60,-79,1
08/05/2026,07:37:09,156,Lab. Analítico,IFPB,84:f1:47:54:fd:60,-83,6
08/05/2026,07:37:09,156,Lab. Analítico,IFPB,84:f1:47:54:6b:80,-84,6
08/05/2026,07:37:09,156,Lab. Analítico,IFPB-VISITANTE,84:f1:47:54:fd:62,-84,6
08/05/2026,07:37:09,156,Lab. Analítico,IFPB-VISITANTE,84:f1:47:54:6b:82,-85,6
08/05/2026,07:37:09,156,Lab. Analítico,IFPB,2c:57:41:cd:e1:c0,-85,11
08/05/2026,07:37:09,156,Lab. Analítico,IFPB-VISITANTE,2c:57:41:cd:e1:c2,-85,11
08/05/2026,07:37:09,156,Lab. Analítico,IFPB,84:f1:47:54:7f:60,-86,6
08/05/2026,07:37:09,156,Lab. Analítico,IFPB-VISITANTE,84:f1:47:54:7f:62,-86,6
08/05/2026,07:37:09,156,Lab. Analítico,TP-Link_1324,7c:f1:7e:8d:13:22,-86,10
08/05/2026,07:37:09,156,Lab. Analítico,UA2-MiniLab,60:32:b1:2d:66:c3,-88,10
08/05/2026,07:37:09,156,Lab. Analítico,Lab. de Sinais Digitais,18:d6:c7:f9:37:2f,-88,11
08/05/2026,07:37:09,156,Lab. Analítico,APTelefonia,58:10:8c:91:f3:aa,-89,1
08/05/2026,07:37:09,156,Lab. Analítico,EBF230ED-HE8D94yZ3j1AOIs,44:d2:44:dd:2f:ba,-90,11
08/05/2026,07:37:09,156,Lab. Analítico,INTELBRAS,d8:36:5f:54:70:40,-93,1
08/05/2026,07:37:09,156,Lab. Analítico,IFPB-MM,54:e6:fc:ba:ad:86,-93,1
08/05/2026,07:37:19,157,Lab. Analítico,NPEF/NEPA,50:c7:bf:ef:56:8a,-63,3
08/05/2026,07:37:19,157,Lab. Analítico,IFPB,84:f1:47:54:80:60,-77,1
08/05/2026,07:37:19,157,Lab. Analítico,IFPB-VISITANTE,84:f1:47:54:80:62,-77,1
08/05/2026,07:37:19,157,Lab. Analítico,IFPB,84:f1:47:54:8b:a0,-78,1
08/05/2026,07:37:19,157,Lab. Analítico,IFPB-VISITANTE,84:f1:47:54:8b:a2,-78,1
08/05/2026,07:37:19,157,Lab. Analítico,IFPB-VISITANTE,84:f1:47:54:6b:82,-85,6
08/05/2026,07:37:19,157,Lab. Analítico,IFPB,84:f1:47:54:6b:80,-85,6
08/05/2026,07:37:19,157,Lab. Analítico,TP-Link_1324,7c:f1:7e:8d:13:22,-85,10
08/05/2026,07:37:19,157,Lab. Analítico,IFPB,84:f1:47:54:fd:60,-86,6
08/05/2026,07:37:19,157,Lab. Analítico,IFPB-VISITANTE,84:f1:47:54:7f:62,-86,6
08/05/2026,07:37:19,157,Lab. Analítico,IFPB,2c:57:41:cd:e1:c0,-86,11
08/05/2026,07:37:19,157,Lab. Analítico,IFPB-VISITANTE,84:f1:47:54:fd:62,-87,6
08/05/2026,07:37:19,157,Lab. Analítico,IFPB,84:f1:47:54:7f:60,-87,6
08/05/2026,07:37:19,157,Lab. Analítico,IFPB-VISITANTE,2c:57:41:cd:e1:c2,-87,11
08/05/2026,07:37:19,157,Lab. Analítico,Lab. de Sinais Digitais,18:d6:c7:f9:37:2f,-87,11
08/05/2026,07:37:19,157,Lab. Analítico,IFPB-VISITANTE,84:f1:47:54:f9:82,-87,11
08/05/2026,07:37:19,157,Lab. Analítico,UA2-MiniLab,60:32:b1:2d:66:c3,-89,10
08/05/2026,07:37:19,157,Lab. Analítico,IFPB,84:f1:47:54:f9:80,-89,11
08/05/2026,07:37:19,157,Lab. Analítico,EBF230ED-HE8D94yZ3j1AOIs,44:d2:44:dd:2f:ba,-90,11
08/05/2026,07:37:19,157,Lab. Analítico,TP-Link_C3CB,d8:0d:17:3e:c3:cb,-91,4
08/05/2026,07:37:19,157,Lab. Analítico,IFPB-MM,54:e6:fc:ba:ad:86,-93,1
08/05/2026,07:37:29,158,Lab. Analítico,NPEF/NEPA,50:c7:bf:ef:56:8a,-64,3
08/05/2026,07:37:29,158,Lab. Analítico,IFPB-VISITANTE,84:f1:47:54:80:62,-78,1
08/05/2026,07:37:29,158,Lab. Analítico,IFPB,84:f1:47:54:8b:a0,-79,1
08/05/2026,07:37:29,158,Lab. Analítico,IFPB-VISITANTE,84:f1:47:54:8b:a2,-79,1
08/05/2026,07:37:29,158,Lab. Analítico,IFPB,84:f1:47:54:80:60,-79,1
08/05/2026,07:37:29,158,Lab. Analítico,IFPB,84:f1:47:54:fd:60,-83,6
08/05/2026,07:37:29,158,Lab. Analítico,IFPB-VISITANTE,84:f1:47:54:fd:62,-83,6
08/05/2026,07:37:29,158,Lab. Analítico,TP-Link_1324,7c:f1:7e:8d:13:22,-83,10
08/05/2026,07:37:29,158,Lab. Analítico,IFPB,2c:57:41:cd:e1:c0,-83,11
08/05/2026,07:37:29,158,Lab. Analítico,IFPB-VISITANTE,2c:57:41:cd:e1:c2,-83,11
08/05/2026,07:37:29,158,Lab. Analítico,Lab. de Sinais Digitais,18:d6:c7:f9:37:2f,-84,11
08/05/2026,07:37:29,158,Lab. Analítico,IFPB-VISITANTE,84:f1:47:54:6b:82,-85,6
08/05/2026,07:37:29,158,Lab. Analítico,IFPB,84:f1:47:54:6b:80,-85,6
08/05/2026,07:37:29,158,Lab. Analítico,UA2-MiniLab,60:32:b1:2d:66:c3,-85,10
08/05/2026,07:37:29,158,Lab. Analítico,IFPB,84:f1:47:54:7f:60,-86,6
08/05/2026,07:37:29,158,Lab. Analítico,IFPB-VISITANTE,84:f1:47:54:7f:62,-86,6
08/05/2026,07:37:29,158,Lab. Analítico,IFPB-VISITANTE,84:f1:47:54:f9:82,-86,11
08/05/2026,07:37:29,158,Lab. Analítico,IFPB,2c:57:41:d4:a5:20,-87,11
08/05/2026,07:37:29,158,Lab. Analítico,IFPB-VISITANTE,2c:57:41:d4:a5:22,-87,11
08/05/2026,07:37:29,158,Lab. Analítico,IFPB,84:f1:47:54:f9:80,-87,11
08/05/2026,07:37:29,158,Lab. Analítico,TP-Link_C3CB,d8:0d:17:3e:c3:cb,-89,4
08/05/2026,07:37:29,158,Lab. Analítico,APTelefonia,58:10:8c:91:f3:aa,-90,1
08/05/2026,07:37:29,158,Lab. Analítico,IFPB-MM,54:e6:fc:ba:ad:86,-91,1
08/05/2026,07:37:29,158,Lab. Analítico,EBF230ED-HE8D94yZ3j1AOIs,44:d2:44:dd:2f:ba,-92,11
08/05/2026,07:37:29,158,Lab. Analítico,PeterNetwork,1e:1d:49:86:2d:8e,-95,11
08/05/2026,07:37:39,159,Lab. Analítico,NPEF/NEPA,50:c7:bf:ef:56:8a,-66,3
08/05/2026,07:37:39,159,Lab. Analítico,IFPB-VISITANTE,84:f1:47:54:8b:a2,-76,1
08/05/2026,07:37:39,159,Lab. Analítico,IFPB,84:f1:47:54:8b:a0,-77,1
08/05/2026,07:37:39,159,Lab. Analítico,IFPB,84:f1:47:54:80:60,-78,1
08/05/2026,07:37:39,159,Lab. Analítico,IFPB-VISITANTE,84:f1:47:54:80:62,-78,1
08/05/2026,07:37:39,159,Lab. Analítico,IFPB,84:f1:47:54:fd:60,-81,6
08/05/2026,07:37:39,159,Lab. Analítico,IFPB,2c:57:41:cd:e1:c0,-82,11
08/05/2026,07:37:39,159,Lab. Analítico,IFPB-VISITANTE,84:f1:47:54:fd:62,-83,6
08/05/2026,07:37:39,159,Lab. Analítico,IFPB-VISITANTE,2c:57:41:cd:e1:c2,-83,11
08/05/2026,07:37:39,159,Lab. Analítico,IFPB,84:f1:47:54:6b:80,-84,6
08/05/2026,07:37:39,159,Lab. Analítico,TP-Link_1324,7c:f1:7e:8d:13:22,-84,10
08/05/2026,07:37:39,159,Lab. Analítico,Lab. de Sinais Digitais,18:d6:c7:f9:37:2f,-84,11
08/05/2026,07:37:39,159,Lab. Analítico,IFPB-VISITANTE,84:f1:47:54:6b:82,-85,6
08/05/2026,07:37:39,159,Lab. Analítico,IFPB,84:f1:47:54:7f:60,-86,6
08/05/2026,07:37:39,159,Lab. Analítico,IFPB-VISITANTE,84:f1:47:54:7f:62,-86,6
08/05/2026,07:37:39,159,Lab. Analítico,UA2-MiniLab,60:32:b1:2d:66:c3,-86,10
08/05/2026,07:37:39,159,Lab. Analítico,IFPB,84:f1:47:54:f9:80,-88,11
08/05/2026,07:37:39,159,Lab. Analítico,IFPB-VISITANTE,84:f1:47:54:f9:82,-88,11
08/05/2026,07:37:39,159,Lab. Analítico,APTelefonia,58:10:8c:91:f3:aa,-92,1
08/05/2026,07:37:39,159,Lab. Analítico,TP-Link_C3CB,d8:0d:17:3e:c3:cb,-92,4
08/05/2026,07:37:39,159,Lab. Analítico,EBF230ED-HE8D94yZ3j1AOIs,44:d2:44:dd:2f:ba,-93,11
08/05/2026,07:37:39,159,Lab. Analítico,IFPB-MM,54:e6:fc:ba:ad:86,-94,1
08/05/2026,07:37:39,159,Lab. Analítico,PeterNetwork,1e:1d:49:86:2d:8e,-94,11
08/05/2026,07:37:40,159,Lab. Analítico,LINSCA,a0:f3:c1:73:01:f8,-96,11
08/05/2026,07:37:49,160,Lab. Analítico,NPEF/NEPA,50:c7:bf:ef:56:8a,-68,3
08/05/2026,07:37:49,160,Lab. Analítico,IFPB,84:f1:47:54:8b:a0,-75,1
08/05/2026,07:37:49,160,Lab. Analítico,IFPB-VISITANTE,84:f1:47:54:8b:a2,-75,1
08/05/2026,07:37:49,160,Lab. Analítico,IFPB,84:f1:47:54:80:60,-78,1
08/05/2026,07:37:49,160,Lab. Analítico,IFPB-VISITANTE,84:f1:47:54:80:62,-79,1
08/05/2026,07:37:49,160,Lab. Analítico,IFPB,84:f1:47:54:fd:60,-80,6
08/05/2026,07:37:49,160,Lab. Analítico,IFPB-VISITANTE,84:f1:47:54:fd:62,-81,6
08/05/2026,07:37:49,160,Lab. Analítico,IFPB,2c:57:41:cd:e1:c0,-81,11
08/05/2026,07:37:49,160,Lab. Analítico,IFPB-VISITANTE,2c:57:41:cd:e1:c2,-81,11
08/05/2026,07:37:49,160,Lab. Analítico,IFPB-VISITANTE,84:f1:47:54:6b:82,-83,6
08/05/2026,07:37:49,160,Lab. Analítico,IFPB,84:f1:47:54:6b:80,-84,6
08/05/2026,07:37:49,160,Lab. Analítico,TP-Link_1324,7c:f1:7e:8d:13:22,-85,10
08/05/2026,07:37:49,160,Lab. Analítico,UA2-MiniLab,60:32:b1:2d:66:c3,-85,10
08/05/2026,07:37:49,160,Lab. Analítico,IFPB,84:f1:47:54:7f:60,-86,6
08/05/2026,07:37:49,160,Lab. Analítico,IFPB-VISITANTE,84:f1:47:54:7f:62,-86,6
08/05/2026,07:37:49,160,Lab. Analítico,IFPB,84:f1:47:54:f9:80,-86,11
08/05/2026,07:37:49,160,Lab. Analítico,IFPB-VISITANTE,84:f1:47:54:f9:82,-86,11
08/05/2026,07:37:49,160,Lab. Analítico,IFPB,2c:57:41:d4:a5:20,-87,11
08/05/2026,07:37:50,160,Lab. Analítico,IFPB-VISITANTE,2c:57:41:d4:a5:22,-88,11
08/05/2026,07:37:50,160,Lab. Analítico,IFPB-MM,54:e6:fc:ba:ad:86,-90,1
08/05/2026,07:37:50,160,Lab. Analítico,APTelefonia,58:10:8c:91:f3:aa,-90,1
08/05/2026,07:37:50,160,Lab. Analítico,NUNYA_Room_2.4GHz,cc:32:e5:0c:fc:2b,-90,9
08/05/2026,07:37:50,160,Lab. Analítico,EBF230ED-HE8D94yZ3j1AOIs,44:d2:44:dd:2f:ba,-91,11
08/05/2026,07:37:50,160,Lab. Analítico,TP-Link_C3CB,d8:0d:17:3e:c3:cb,-93,4
08/05/2026,07:38:50,161,Lab. de Ciências,IFPB,24:36:da:2b:bc:00,-68,6
08/05/2026,07:38:50,161,Lab. de Ciências,IFPB-VISITANTE,24:36:da:2b:bc:02,-68,6
08/05/2026,07:38:50,161,Lab. de Ciências,IFPB,84:f1:47:54:8b:a0,-72,1
08/05/2026,07:38:50,161,Lab. de Ciências,IFPB-VISITANTE,84:f1:47:54:8b:a2,-72,1
08/05/2026,07:38:50,161,Lab. de Ciências,APTelefonia,58:10:8c:91:f3:aa,-75,1
08/05/2026,07:38:50,161,Lab. de Ciências,TP-Link_1324,7c:f1:7e:8d:13:22,-75,10
08/05/2026,07:38:50,161,Lab. de Ciências,IFPB-VISITANTE,84:f1:47:54:6b:82,-76,6
08/05/2026,07:38:50,161,Lab. de Ciências,NPEF/NEPA,50:c7:bf:ef:56:8a,-77,3
08/05/2026,07:38:50,161,Lab. de Ciências,IFPB,84:f1:47:54:6b:80,-77,6
08/05/2026,07:38:50,161,Lab. de Ciências,Intelbras,18:0d:2c:7f:eb:ac,-77,7
08/05/2026,07:38:50,161,Lab. de Ciências,IFPB-VISITANTE,2c:57:41:cd:e1:c2,-81,11
08/05/2026,07:38:50,161,Lab. de Ciências,IFPB-Sala_Professor_14,24:fd:0d:57:19:26,-82,5
08/05/2026,07:38:50,161,Lab. de Ciências,IFPB,2c:57:41:cd:e1:c0,-84,11
08/05/2026,07:38:50,161,Lab. de Ciências,IFPB-VISITANTE,84:f1:47:54:fd:62,-85,6
08/05/2026,07:38:50,161,Lab. de Ciências,Lab. de Sinais Digitais,18:d6:c7:f9:37:2f,-85,11
08/05/2026,07:38:50,161,Lab. de Ciências,IFPB,84:f1:47:54:81:00,-86,11
08/05/2026,07:38:50,161,Lab. de Ciências,IFPB,84:f1:47:54:fd:60,-87,6
08/05/2026,07:38:50,161,Lab. de Ciências,IFPB-VISITANTE,84:f1:47:54:81:02,-87,11
08/05/2026,07:38:50,161,Lab. de Ciências,UA2-MiniLab,60:32:b1:2d:66:c3,-91,10
08/05/2026,07:38:50,161,Lab. de Ciências,IFPB-VISITANTE,e4:4e:2d:85:4c:62,-91,11
08/05/2026,07:38:50,161,Lab. de Ciências,GPDS,00:26:5a:66:55:ef,-93,6
08/05/2026,07:38:50,161,Lab. de Ciências,EBF230ED-HE8D94yZ3j1AOIs,44:d2:44:dd:2f:ba,-93,11
08/05/2026,07:38:50,161,Lab. de Ciências,Redmi Note 11,fe:bf:49:44:a2:81,-94,11
08/05/2026,07:39:00,162,Lab. de Ciências,IFPB,24:36:da:2b:bc:00,-66,6
08/05/2026,07:39:00,162,Lab. de Ciências,IFPB-VISITANTE,24:36:da:2b:bc:02,-66,6
08/05/2026,07:39:00,162,Lab. de Ciências,IFPB,84:f1:47:54:8b:a0,-71,1
08/05/2026,07:39:00,162,Lab. de Ciências,IFPB-VISITANTE,84:f1:47:54:8b:a2,-71,1
08/05/2026,07:39:00,162,Lab. de Ciências,IFPB,84:f1:47:54:6b:80,-75,6
08/05/2026,07:39:00,162,Lab. de Ciências,IFPB-VISITANTE,84:f1:47:54:6b:82,-75,6
08/05/2026,07:39:00,162,Lab. de Ciências,APTelefonia,58:10:8c:91:f3:aa,-77,1
08/05/2026,07:39:00,162,Lab. de Ciências,NPEF/NEPA,50:c7:bf:ef:56:8a,-77,3
08/05/2026,07:39:00,162,Lab. de Ciências,Intelbras,18:0d:2c:7f:eb:ac,-77,7
08/05/2026,07:39:00,162,Lab. de Ciências,TP-Link_1324,7c:f1:7e:8d:13:22,-78,10
08/05/2026,07:39:00,162,Lab. de Ciências,IFPB-VISITANTE,2c:57:41:cd:e1:c2,-81,11
08/05/2026,07:39:00,162,Lab. de Ciências,IFPB,2c:57:41:cd:e1:c0,-82,11
08/05/2026,07:39:00,162,Lab. de Ciências,IFPB-Sala_Professor_14,24:fd:0d:57:19:26,-83,5
08/05/2026,07:39:00,162,Lab. de Ciências,GPDS,00:26:5a:66:55:ef,-85,6
08/05/2026,07:39:00,162,Lab. de Ciências,IFPB,e4:4e:2d:85:4c:60,-88,11
08/05/2026,07:39:00,162,Lab. de Ciências,IFPB-VISITANTE,84:f1:47:54:96:e2,-89,1
08/05/2026,07:39:00,162,Lab. de Ciências,UA2-MiniLab,60:32:b1:2d:66:c3,-89,10
08/05/2026,07:39:01,162,Lab. de Ciências,IFPB,84:f1:47:54:96:e0,-90,1
08/05/2026,07:39:01,162,Lab. de Ciências,IFPB-VISITANTE,e4:4e:2d:85:4c:62,-90,11
08/05/2026,07:39:01,162,Lab. de Ciências,IFPB-VISITANTE,84:f1:47:54:81:02,-91,11
08/05/2026,07:39:01,162,Lab. de Ciências,IFPB,84:f1:47:54:81:00,-91,11
08/05/2026,07:39:01,162,Lab. de Ciências,Redmi Note 11,fe:bf:49:44:a2:81,-91,11
08/05/2026,07:39:01,162,Lab. de Ciências,Lab. de Sinais Digitais,18:d6:c7:f9:37:2f,-93,11
08/05/2026,07:39:10,163,Lab. de Ciências,IFPB-VISITANTE,24:36:da:2b:bc:02,-65,6
08/05/2026,07:39:10,163,Lab. de Ciências,IFPB,24:36:da:2b:bc:00,-66,6
08/05/2026,07:39:10,163,Lab. de Ciências,APTelefonia,58:10:8c:91:f3:aa,-75,1
08/05/2026,07:39:10,163,Lab. de Ciências,IFPB-VISITANTE,84:f1:47:54:6b:82,-75,6
08/05/2026,07:39:10,163,Lab. de Ciências,IFPB,84:f1:47:54:6b:80,-76,6
08/05/2026,07:39:10,163,Lab. de Ciências,IFPB,84:f1:47:54:8b:a0,-77,1
08/05/2026,07:39:10,163,Lab. de Ciências,IFPB-VISITANTE,84:f1:47:54:8b:a2,-77,1
08/05/2026,07:39:10,163,Lab. de Ciências,Intelbras,18:0d:2c:7f:eb:ac,-77,7
08/05/2026,07:39:10,163,Lab. de Ciências,TP-Link_1324,7c:f1:7e:8d:13:22,-77,10
08/05/2026,07:39:10,163,Lab. de Ciências,NPEF/NEPA,50:c7:bf:ef:56:8a,-80,3
08/05/2026,07:39:10,163,Lab. de Ciências,IFPB,2c:57:41:cd:e1:c0,-80,11
08/05/2026,07:39:10,163,Lab. de Ciências,IFPB-Sala_Professor_14,24:fd:0d:57:19:26,-81,5
08/05/2026,07:39:10,163,Lab. de Ciências,IFPB-VISITANTE,2c:57:41:cd:e1:c2,-81,11
08/05/2026,07:39:10,163,Lab. de Ciências,GPDS,00:26:5a:66:55:ef,-86,6
08/05/2026,07:39:10,163,Lab. de Ciências,IFPB-VISITANTE,84:f1:47:54:96:e2,-88,1
08/05/2026,07:39:10,163,Lab. de Ciências,IFPB,84:f1:47:54:96:e0,-88,1
08/05/2026,07:39:10,163,Lab. de Ciências,UA2-MiniLab,60:32:b1:2d:66:c3,-88,10
08/05/2026,07:39:10,163,Lab. de Ciências,Lab. de Sinais Digitais,18:d6:c7:f9:37:2f,-89,11
08/05/2026,07:39:11,163,Lab. de Ciências,IFPB-VISITANTE,e4:4e:2d:85:4c:62,-89,11
08/05/2026,07:39:11,163,Lab. de Ciências,IFPB,e4:4e:2d:85:4c:60,-90,11
08/05/2026,07:39:11,163,Lab. de Ciências,EBF230ED-HE8D94yZ3j1AOIs,44:d2:44:dd:2f:ba,-92,11
08/05/2026,07:39:11,163,Lab. de Ciências,Redmi Note 11,fe:bf:49:44:a2:81,-93,11
08/05/2026,07:39:20,164,Lab. de Ciências,IFPB,24:36:da:2b:bc:00,-68,6
08/05/2026,07:39:20,164,Lab. de Ciências,IFPB-VISITANTE,24:36:da:2b:bc:02,-68,6
08/05/2026,07:39:20,164,Lab. de Ciências,Intelbras,18:0d:2c:7f:eb:ac,-73,7
08/05/2026,07:39:20,164,Lab. de Ciências,APTelefonia,58:10:8c:91:f3:aa,-76,1
08/05/2026,07:39:20,164,Lab. de Ciências,IFPB,84:f1:47:54:8b:a0,-76,1
08/05/2026,07:39:20,164,Lab. de Ciências,IFPB-VISITANTE,84:f1:47:54:8b:a2,-76,1
08/05/2026,07:39:20,164,Lab. de Ciências,IFPB,84:f1:47:54:6b:80,-76,6
08/05/2026,07:39:20,164,Lab. de Ciências,IFPB-VISITANTE,84:f1:47:54:6b:82,-76,6
08/05/2026,07:39:20,164,Lab. de Ciências,TP-Link_1324,7c:f1:7e:8d:13:22,-79,10
08/05/2026,07:39:20,164,Lab. de Ciências,Lab. de Sinais Digitais,18:d6:c7:f9:37:2f,-85,11
08/05/2026,07:39:20,164,Lab. de Ciências,IFPB,84:f1:47:54:81:00,-86,11
08/05/2026,07:39:20,164,Lab. de Ciências,NPEF/NEPA,50:c7:bf:ef:56:8a,-87,3
08/05/2026,07:39:20,164,Lab. de Ciências,IFPB-Sala_Professor_14,24:fd:0d:57:19:26,-87,5
08/05/2026,07:39:20,164,Lab. de Ciências,IFPB-VISITANTE,84:f1:47:54:81:02,-87,11
08/05/2026,07:39:20,164,Lab. de Ciências,UA2-MiniLab,60:32:b1:2d:66:c3,-88,10
08/05/2026,07:39:20,164,Lab. de Ciências,IFPB,2c:57:41:cd:e1:c0,-88,11
08/05/2026,07:39:21,164,Lab. de Ciências,IFPB,84:f1:47:54:96:e0,-89,1
08/05/2026,07:39:21,164,Lab. de Ciências,IFPB-VISITANTE,84:f1:47:54:96:e2,-89,1
08/05/2026,07:39:21,164,Lab. de Ciências,IFPB-VISITANTE,2c:57:41:cd:e1:c2,-89,11
08/05/2026,07:39:21,164,Lab. de Ciências,GPDS,00:26:5a:66:55:ef,-90,6
08/05/2026,07:39:21,164,Lab. de Ciências,IFPB-VISITANTE,e4:4e:2d:85:4c:62,-90,11
08/05/2026,07:39:21,164,Lab. de Ciências,IFPB,e4:4e:2d:85:4c:60,-92,11
08/05/2026,07:39:21,164,Lab. de Ciências,EBF230ED-HE8D94yZ3j1AOIs,44:d2:44:dd:2f:ba,-94,11
08/05/2026,07:39:30,165,Lab. de Ciências,IFPB,24:36:da:2b:bc:00,-69,6
08/05/2026,07:39:30,165,Lab. de Ciências,IFPB-VISITANTE,24:36:da:2b:bc:02,-69,6
08/05/2026,07:39:30,165,Lab. de Ciências,Intelbras,18:0d:2c:7f:eb:ac,-71,7
08/05/2026,07:39:30,165,Lab. de Ciências,IFPB,84:f1:47:54:8b:a0,-74,1
08/05/2026,07:39:30,165,Lab. de Ciências,IFPB-VISITANTE,84:f1:47:54:8b:a2,-74,1
08/05/2026,07:39:30,165,Lab. de Ciências,APTelefonia,58:10:8c:91:f3:aa,-76,1
08/05/2026,07:39:31,165,Lab. de Ciências,IFPB-VISITANTE,84:f1:47:54:6b:82,-76,6
08/05/2026,07:39:31,165,Lab. de Ciências,IFPB,84:f1:47:54:6b:80,-77,6
08/05/2026,07:39:31,165,Lab. de Ciências,TP-Link_1324,7c:f1:7e:8d:13:22,-81,10
08/05/2026,07:39:31,165,Lab. de Ciências,NPEF/NEPA,50:c7:bf:ef:56:8a,-84,3
08/05/2026,07:39:31,165,Lab. de Ciências,IFPB-Sala_Professor_14,24:fd:0d:57:19:26,-84,5
08/05/2026,07:39:31,165,Lab. de Ciências,Lab. de Sinais Digitais,18:d6:c7:f9:37:2f,-85,11
08/05/2026,07:39:31,165,Lab. de Ciências,UA2-MiniLab,60:32:b1:2d:66:c3,-86,10
08/05/2026,07:39:31,165,Lab. de Ciências,IFPB,84:f1:47:54:81:00,-86,11
08/05/2026,07:39:31,165,Lab. de Ciências,IFPB-VISITANTE,84:f1:47:54:81:02,-86,11
08/05/2026,07:39:31,165,Lab. de Ciências,IFPB,84:f1:47:54:96:e0,-87,1
08/05/2026,07:39:31,165,Lab. de Ciências,IFPB,2c:57:41:cd:e1:c0,-87,11
08/05/2026,07:39:31,165,Lab. de Ciências,IFPB-VISITANTE,84:f1:47:54:fd:62,-88,6
08/05/2026,07:39:31,165,Lab. de Ciências,IFPB-VISITANTE,84:f1:47:54:96:e2,-89,1
08/05/2026,07:39:31,165,Lab. de Ciências,IFPB,84:f1:47:54:fd:60,-89,6
08/05/2026,07:39:31,165,Lab. de Ciências,GPDS,00:26:5a:66:55:ef,-90,6
08/05/2026,07:39:31,165,Lab. de Ciências,IFPB TCC,d8:5d:4c:86:7e:66,-92,1
08/05/2026,07:39:31,165,Lab. de Ciências,Redmi Note 11,fe:bf:49:44:a2:81,-92,11
08/05/2026,07:39:31,165,Lab. de Ciências,EBF230ED-HE8D94yZ3j1AOIs,44:d2:44:dd:2f:ba,-93,11
08/05/2026,07:39:48,166,Lab. de Ciências,APTelefonia,58:10:8c:91:f3:aa,-74,1
08/05/2026,07:39:48,166,Lab. de Ciências,IFPB,24:36:da:2b:bc:00,-74,6
08/05/2026,07:39:48,166,Lab. de Ciências,IFPB-VISITANTE,24:36:da:2b:bc:02,-74,6
08/05/2026,07:39:48,166,Lab. de Ciências,IFPB,84:f1:47:54:6b:80,-75,6
08/05/2026,07:39:48,166,Lab. de Ciências,IFPB-VISITANTE,84:f1:47:54:6b:82,-75,6
08/05/2026,07:39:48,166,Lab. de Ciências,IFPB-VISITANTE,2c:57:41:cd:e1:c2,-75,11
08/05/2026,07:39:49,166,Lab. de Ciências,IFPB,2c:57:41:cd:e1:c0,-75,11
08/05/2026,07:39:49,166,Lab. de Ciências,IFPB,84:f1:47:54:8b:a0,-76,1
08/05/2026,07:39:49,166,Lab. de Ciências,IFPB-VISITANTE,84:f1:47:54:8b:a2,-76,1
08/05/2026,07:39:49,166,Lab. de Ciências,NPEF/NEPA,50:c7:bf:ef:56:8a,-76,3
08/05/2026,07:39:49,166,Lab. de Ciências,Intelbras,18:0d:2c:7f:eb:ac,-77,7
08/05/2026,07:39:49,166,Lab. de Ciências,Lab. de Sinais Digitais,18:d6:c7:f9:37:2f,-80,11
08/05/2026,07:39:49,166,Lab. de Ciências,TP-Link_1324,7c:f1:7e:8d:13:22,-83,10
08/05/2026,07:39:49,166,Lab. de Ciências,UA2-MiniLab,60:32:b1:2d:66:c3,-85,10
08/05/2026,07:39:49,166,Lab. de Ciências,IFPB-Sala_Professor_14,24:fd:0d:57:19:26,-86,5
08/05/2026,07:39:49,166,Lab. de Ciências,GPDS,00:26:5a:66:55:ef,-87,6
08/05/2026,07:39:49,166,Lab. de Ciências,IFPB,84:f1:47:54:fd:60,-88,6
08/05/2026,07:39:49,166,Lab. de Ciências,IFPB-VISITANTE,84:f1:47:54:fd:62,-89,6
08/05/2026,07:39:49,166,Lab. de Ciências,brisa-3861242,24:2f:d0:cc:ed:8c,-91,2
08/05/2026,07:39:49,166,Lab. de Ciências,PeterNetwork,1e:1d:49:86:2d:8e,-93,11
08/05/2026,07:39:49,166,Lab. de Ciências,EBF230ED-HE8D94yZ3j1AOIs,44:d2:44:dd:2f:ba,-95,11
08/05/2026,07:39:58,167,Lab. de Ciências,IFPB,24:36:da:2b:bc:00,-70,6
08/05/2026,07:39:58,167,Lab. de Ciências,IFPB-VISITANTE,24:36:da:2b:bc:02,-70,6
08/05/2026,07:39:58,167,Lab. de Ciências,APTelefonia,58:10:8c:91:f3:aa,-72,1
08/05/2026,07:39:58,167,Lab. de Ciências,IFPB,84:f1:47:54:6b:80,-74,6
08/05/2026,07:39:58,167,Lab. de Ciências,IFPB-VISITANTE,84:f1:47:54:6b:82,-74,6
08/05/2026,07:39:58,167,Lab. de Ciências,TP-Link_1324,7c:f1:7e:8d:13:22,-75,10
08/05/2026,07:39:59,167,Lab. de Ciências,NPEF/NEPA,50:c7:bf:ef:56:8a,-76,3
08/05/2026,07:39:59,167,Lab. de Ciências,IFPB,84:f1:47:54:8b:a0,-77,1
08/05/2026,07:39:59,167,Lab. de Ciências,IFPB-VISITANTE,84:f1:47:54:8b:a2,-77,1
08/05/2026,07:39:59,167,Lab. de Ciências,Intelbras,18:0d:2c:7f:eb:ac,-77,7
08/05/2026,07:39:59,167,Lab. de Ciências,IFPB,2c:57:41:cd:e1:c0,-77,11
08/05/2026,07:39:59,167,Lab. de Ciências,IFPB-VISITANTE,2c:57:41:cd:e1:c2,-78,11
08/05/2026,07:39:59,167,Lab. de Ciências,Lab. de Sinais Digitais,18:d6:c7:f9:37:2f,-79,11
08/05/2026,07:39:59,167,Lab. de Ciências,UA2-MiniLab,60:32:b1:2d:66:c3,-84,10
08/05/2026,07:39:59,167,Lab. de Ciências,IFPB,84:f1:47:54:fd:60,-88,6
08/05/2026,07:39:59,167,Lab. de Ciências,IFPB-VISITANTE,84:f1:47:54:fd:62,-90,6
08/05/2026,07:39:59,167,Lab. de Ciências,brisa-3861242,24:2f:d0:cc:ed:8c,-91,2
08/05/2026,07:39:59,167,Lab. de Ciências,IFPB-Sala_Professor_14,24:fd:0d:57:19:26,-93,5
08/05/2026,07:39:59,167,Lab. de Ciências,GPDS,00:26:5a:66:55:ef,-93,6
08/05/2026,07:39:59,167,Lab. de Ciências,IFPB-Sala_Professor_14,48:51:cf:81:b0:9e,-97,2
08/05/2026,07:40:09,168,Lab. de Ciências,IFPB,24:36:da:2b:bc:00,-70,6
08/05/2026,07:40:09,168,Lab. de Ciências,IFPB-VISITANTE,24:36:da:2b:bc:02,-70,6
08/05/2026,07:40:09,168,Lab. de Ciências,APTelefonia,58:10:8c:91:f3:aa,-72,1
08/05/2026,07:40:09,168,Lab. de Ciências,IFPB,84:f1:47:54:6b:80,-74,6
08/05/2026,07:40:09,168,Lab. de Ciências,IFPB-VISITANTE,84:f1:47:54:6b:82,-74,6
08/05/2026,07:40:09,168,Lab. de Ciências,IFPB,84:f1:47:54:8b:a0,-75,1
08/05/2026,07:40:09,168,Lab. de Ciências,IFPB-VISITANTE,84:f1:47:54:8b:a2,-75,1
08/05/2026,07:40:09,168,Lab. de Ciências,IFPB,2c:57:41:cd:e1:c0,-75,11
08/05/2026,07:40:09,168,Lab. de Ciências,TP-Link_1324,7c:f1:7e:8d:13:22,-76,10
08/05/2026,07:40:09,168,Lab. de Ciências,IFPB-VISITANTE,2c:57:41:cd:e1:c2,-76,11
08/05/2026,07:40:09,168,Lab. de Ciências,Intelbras,18:0d:2c:7f:eb:ac,-77,7
08/05/2026,07:40:09,168,Lab. de Ciências,Lab. de Sinais Digitais,18:d6:c7:f9:37:2f,-80,11
08/05/2026,07:40:09,168,Lab. de Ciências,NPEF/NEPA,50:c7:bf:ef:56:8a,-83,3
08/05/2026,07:40:09,168,Lab. de Ciências,GPDS,00:26:5a:66:55:ef,-89,6
08/05/2026,07:40:09,168,Lab. de Ciências,IFPB-VISITANTE,84:f1:47:54:81:02,-90,11
08/05/2026,07:40:09,168,Lab. de Ciências,brisa-3861242,24:2f:d0:cc:ed:8c,-92,2
08/05/2026,07:40:09,168,Lab. de Ciências,IFPB-Sala_Professor_14,48:51:cf:81:b0:9e,-92,2
08/05/2026,07:40:09,168,Lab. de Ciências,IFPB,84:f1:47:54:81:00,-92,11
08/05/2026,07:40:09,168,Lab. de Ciências,Redmi Note 11,fe:bf:49:44:a2:81,-93,11
08/05/2026,07:40:09,168,Lab. de Ciências,IFPB-Sala_Professor_14,24:fd:0d:57:19:26,-94,5
08/05/2026,07:40:09,168,Lab. de Ciências,PeterNetwork,1e:1d:49:86:2d:8e,-97,11
08/05/2026,07:40:19,169,Lab. de Ciências,IFPB,24:36:da:2b:bc:00,-71,6
08/05/2026,07:40:19,169,Lab. de Ciências,IFPB-VISITANTE,24:36:da:2b:bc:02,-71,6
08/05/2026,07:40:19,169,Lab. de Ciências,IFPB,84:f1:47:54:8b:a0,-73,1
08/05/2026,07:40:19,169,Lab. de Ciências,IFPB-VISITANTE,84:f1:47:54:8b:a2,-74,1
08/05/2026,07:40:19,169,Lab. de Ciências,IFPB,84:f1:47:54:6b:80,-76,6
08/05/2026,07:40:19,169,Lab. de Ciências,IFPB-VISITANTE,84:f1:47:54:6b:82,-76,6
08/05/2026,07:40:19,169,Lab. de Ciências,APTelefonia,58:10:8c:91:f3:aa,-77,1
08/05/2026,07:40:19,169,Lab. de Ciências,NPEF/NEPA,50:c7:bf:ef:56:8a,-78,3
08/05/2026,07:40:19,169,Lab. de Ciências,Intelbras,18:0d:2c:7f:eb:ac,-78,7
08/05/2026,07:40:19,169,Lab. de Ciências,IFPB,2c:57:41:cd:e1:c0,-78,11
08/05/2026,07:40:19,169,Lab. de Ciências,IFPB-VISITANTE,2c:57:41:cd:e1:c2,-78,11
08/05/2026,07:40:19,169,Lab. de Ciências,TP-Link_1324,7c:f1:7e:8d:13:22,-79,10
08/05/2026,07:40:19,169,Lab. de Ciências,Lab. de Sinais Digitais,18:d6:c7:f9:37:2f,-79,11
08/05/2026,07:40:19,169,Lab. de Ciências,GPDS,00:26:5a:66:55:ef,-86,6
08/05/2026,07:40:19,169,Lab. de Ciências,UA2-MiniLab,60:32:b1:2d:66:c3,-86,10
08/05/2026,07:40:19,169,Lab. de Ciências,IFPB-Sala_Professor_14,24:fd:0d:57:19:26,-88,5
08/05/2026,07:40:19,169,Lab. de Ciências,IFPB-VISITANTE,84:f1:47:54:fd:62,-89,6
08/05/2026,07:40:19,169,Lab. de Ciências,IFPB,84:f1:47:54:fd:60,-89,6
08/05/2026,07:40:19,169,Lab. de Ciências,brisa-3861242,24:2f:d0:cc:ed:8c,-91,2
08/05/2026,07:40:19,169,Lab. de Ciências,Redmi Note 11,fe:bf:49:44:a2:81,-92,11
08/05/2026,07:40:19,169,Lab. de Ciências,IFPB TCC,d8:5d:4c:86:7e:66,-93,1
08/05/2026,07:40:19,169,Lab. de Ciências,EBF230ED-HE8D94yZ3j1AOIs,44:d2:44:dd:2f:ba,-95,11
08/05/2026,07:40:19,169,Lab. de Ciências,PeterNetwork,1e:1d:49:86:2d:8e,-95,11
08/05/2026,07:40:29,170,Lab. de Ciências,IFPB,24:36:da:2b:bc:00,-70,6
08/05/2026,07:40:29,170,Lab. de Ciências,IFPB-VISITANTE,24:36:da:2b:bc:02,-70,6
08/05/2026,07:40:29,170,Lab. de Ciências,APTelefonia,58:10:8c:91:f3:aa,-74,1
08/05/2026,07:40:29,170,Lab. de Ciências,IFPB,84:f1:47:54:8b:a0,-75,1
08/05/2026,07:40:29,170,Lab. de Ciências,IFPB-VISITANTE,84:f1:47:54:8b:a2,-75,1
08/05/2026,07:40:29,170,Lab. de Ciências,IFPB-VISITANTE,84:f1:47:54:6b:82,-75,6
08/05/2026,07:40:29,170,Lab. de Ciências,IFPB,84:f1:47:54:6b:80,-76,6
08/05/2026,07:40:29,170,Lab. de Ciências,Intelbras,18:0d:2c:7f:eb:ac,-76,7
08/05/2026,07:40:29,170,Lab. de Ciências,IFPB,2c:57:41:cd:e1:c0,-78,11
08/05/2026,07:40:29,170,Lab. de Ciências,IFPB-VISITANTE,2c:57:41:cd:e1:c2,-78,11
08/05/2026,07:40:29,170,Lab. de Ciências,NPEF/NEPA,50:c7:bf:ef:56:8a,-80,3
08/05/2026,07:40:29,170,Lab. de Ciências,TP-Link_1324,7c:f1:7e:8d:13:22,-80,10
08/05/2026,07:40:29,170,Lab. de Ciências,Lab. de Sinais Digitais,18:d6:c7:f9:37:2f,-80,11
08/05/2026,07:40:29,170,Lab. de Ciências,GPDS,00:26:5a:66:55:ef,-84,6
08/05/2026,07:40:29,170,Lab. de Ciências,IFPB-Sala_Professor_14,24:fd:0d:57:19:26,-85,5
08/05/2026,07:40:29,170,Lab. de Ciências,UA2-MiniLab,60:32:b1:2d:66:c3,-87,10
08/05/2026,07:40:29,170,Lab. de Ciências,IFPB-VISITANTE,84:f1:47:54:fd:62,-90,6
08/05/2026,07:40:29,170,Lab. de Ciências,brisa-3861242,24:2f:d0:cc:ed:8c,-91,2
08/05/2026,07:40:29,170,Lab. de Ciências,PeterNetwork,1e:1d:49:86:2d:8e,-92,11
08/05/2026,07:40:29,170,Lab. de Ciências,Redmi Note 11,fe:bf:49:44:a2:81,-92,11
08/05/2026,07:40:29,170,Lab. de Ciências,CLARO-WIFI,fa:d2:ac:5e:66:c1,-94,6
08/05/2026,07:40:29,170,Lab. de Ciências,EBF230ED-HE8D94yZ3j1AOIs,44:d2:44:dd:2f:ba,-94,11
08/05/2026,07:40:29,170,Lab. de Ciências,IFPB-Sala_Professor_14,48:51:cf:81:b0:9e,-96,2
08/05/2026,07:40:57,171,Núcleo de Pesquisa e Atendimento,NPEF/NEPA,50:c7:bf:ef:56:8a,-42,3
08/05/2026,07:40:57,171,Núcleo de Pesquisa e Atendimento,IFPB,84:f1:47:54:8b:a0,-61,1
08/05/2026,07:40:57,171,Núcleo de Pesquisa e Atendimento,IFPB-VISITANTE,84:f1:47:54:8b:a2,-61,1
08/05/2026,07:40:57,171,Núcleo de Pesquisa e Atendimento,UA2-MiniLab,60:32:b1:2d:66:c3,-75,10
08/05/2026,07:40:57,171,Núcleo de Pesquisa e Atendimento,IFPB,84:f1:47:54:fd:60,-77,6
08/05/2026,07:40:57,171,Núcleo de Pesquisa e Atendimento,IFPB-VISITANTE,84:f1:47:54:fd:62,-78,6
08/05/2026,07:40:58,171,Núcleo de Pesquisa e Atendimento,Lab. de Sinais Digitais,18:d6:c7:f9:37:2f,-82,11
08/05/2026,07:40:58,171,Núcleo de Pesquisa e Atendimento,APTelefonia,58:10:8c:91:f3:aa,-83,1
08/05/2026,07:40:58,171,Núcleo de Pesquisa e Atendimento,EBF230ED-HE8D94yZ3j1AOIs,44:d2:44:dd:2f:ba,-83,11
08/05/2026,07:40:58,171,Núcleo de Pesquisa e Atendimento,IFPB,84:f1:47:54:80:60,-85,1
08/05/2026,07:40:58,171,Núcleo de Pesquisa e Atendimento,IFPB-VISITANTE,84:f1:47:54:80:62,-85,1
08/05/2026,07:40:58,171,Núcleo de Pesquisa e Atendimento,TP-Link_1324,7c:f1:7e:8d:13:22,-87,10
08/05/2026,07:40:58,171,Núcleo de Pesquisa e Atendimento,IFPB-VISITANTE,24:36:da:2b:bc:02,-88,6
08/05/2026,07:40:58,171,Núcleo de Pesquisa e Atendimento,IFPB-Sala_Professor_14,24:fd:0d:57:19:26,-89,5
08/05/2026,07:40:58,171,Núcleo de Pesquisa e Atendimento,IFPB,24:36:da:2b:bc:00,-89,6
08/05/2026,07:40:58,171,Núcleo de Pesquisa e Atendimento,NUNYA_Room_2.4GHz,cc:32:e5:0c:fc:2b,-89,9
08/05/2026,07:40:58,171,Núcleo de Pesquisa e Atendimento,INTELBRAS,d8:36:5f:54:70:40,-91,1
08/05/2026,07:40:58,171,Núcleo de Pesquisa e Atendimento,GPDS,00:26:5a:66:55:ef,-91,6
08/05/2026,07:40:58,171,Núcleo de Pesquisa e Atendimento,SALA_MESTRADO,64:66:b3:62:eb:86,-92,1
08/05/2026,07:40:58,171,Núcleo de Pesquisa e Atendimento,IFPB-Sala_Professor_14,48:51:cf:81:b0:9e,-92,2
08/05/2026,07:40:58,171,Núcleo de Pesquisa e Atendimento,Redmi Note 11,fe:bf:49:44:a2:81,-93,11
08/05/2026,07:40:58,171,Núcleo de Pesquisa e Atendimento,PeterNetwork,1e:1d:49:86:2d:8e,-93,11
08/05/2026,07:40:58,171,Núcleo de Pesquisa e Atendimento,IFPB-MM,54:e6:fc:ba:ad:86,-94,1
08/05/2026,07:40:58,171,Núcleo de Pesquisa e Atendimento,Intelbras,18:0d:2c:7f:eb:ac,-94,7
08/05/2026,07:41:08,172,Núcleo de Pesquisa e Atendimento,NPEF/NEPA,50:c7:bf:ef:56:8a,-42,3
08/05/2026,07:41:08,172,Núcleo de Pesquisa e Atendimento,IFPB,84:f1:47:54:8b:a0,-62,1
08/05/2026,07:41:08,172,Núcleo de Pesquisa e Atendimento,IFPB-VISITANTE,84:f1:47:54:8b:a2,-62,1
08/05/2026,07:41:08,172,Núcleo de Pesquisa e Atendimento,UA2-MiniLab,60:32:b1:2d:66:c3,-76,10
08/05/2026,07:41:08,172,Núcleo de Pesquisa e Atendimento,IFPB,84:f1:47:54:fd:60,-77,6
08/05/2026,07:41:08,172,Núcleo de Pesquisa e Atendimento,IFPB-VISITANTE,84:f1:47:54:fd:62,-77,6
08/05/2026,07:41:08,172,Núcleo de Pesquisa e Atendimento,Lab. de Sinais Digitais,18:d6:c7:f9:37:2f,-82,11
08/05/2026,07:41:08,172,Núcleo de Pesquisa e Atendimento,EBF230ED-HE8D94yZ3j1AOIs,44:d2:44:dd:2f:ba,-84,11
08/05/2026,07:41:08,172,Núcleo de Pesquisa e Atendimento,IFPB-VISITANTE,24:36:da:2b:bc:02,-85,6
08/05/2026,07:41:08,172,Núcleo de Pesquisa e Atendimento,IFPB,84:f1:47:54:80:60,-86,1
08/05/2026,07:41:08,172,Núcleo de Pesquisa e Atendimento,IFPB,24:36:da:2b:bc:00,-87,6
08/05/2026,07:41:08,172,Núcleo de Pesquisa e Atendimento,APTelefonia,58:10:8c:91:f3:aa,-88,1
08/05/2026,07:41:08,172,Núcleo de Pesquisa e Atendimento,TP-Link_1324,7c:f1:7e:8d:13:22,-88,10
08/05/2026,07:41:08,172,Núcleo de Pesquisa e Atendimento,IFPB-VISITANTE,84:f1:47:54:80:62,-89,1
08/05/2026,07:41:08,172,Núcleo de Pesquisa e Atendimento,Intelbras,18:0d:2c:7f:eb:ac,-89,7
08/05/2026,07:41:08,172,Núcleo de Pesquisa e Atendimento,IFPB-MM,54:e6:fc:ba:ad:86,-90,1
08/05/2026,07:41:08,172,Núcleo de Pesquisa e Atendimento,IFPB-Sala_Professor_14,48:51:cf:81:b0:9e,-90,2
08/05/2026,07:41:08,172,Núcleo de Pesquisa e Atendimento,IFPB,84:f1:47:54:81:00,-90,11
08/05/2026,07:41:08,172,Núcleo de Pesquisa e Atendimento,IFPB-VISITANTE,84:f1:47:54:81:02,-90,11
08/05/2026,07:41:08,172,Núcleo de Pesquisa e Atendimento,IFPB-Sala_Professor_14,24:fd:0d:57:19:26,-91,5
08/05/2026,07:41:08,172,Núcleo de Pesquisa e Atendimento,PeterNetwork,1e:1d:49:86:2d:8e,-91,11
08/05/2026,07:41:08,172,Núcleo de Pesquisa e Atendimento,SALA_MESTRADO,64:66:b3:62:eb:86,-93,1
08/05/2026,07:41:08,172,Núcleo de Pesquisa e Atendimento,NUNYA_Room_2.4GHz,cc:32:e5:0c:fc:2b,-93,9
08/05/2026,07:41:08,172,Núcleo de Pesquisa e Atendimento,Redmi Note 11,fe:bf:49:44:a2:81,-93,11
08/05/2026,07:41:08,172,Núcleo de Pesquisa e Atendimento,GPDS,00:26:5a:66:55:ef,-94,6
08/05/2026,07:41:18,173,Núcleo de Pesquisa e Atendimento,NPEF/NEPA,50:c7:bf:ef:56:8a,-49,3
08/05/2026,07:41:18,173,Núcleo de Pesquisa e Atendimento,IFPB,84:f1:47:54:8b:a0,-64,1
08/05/2026,07:41:18,173,Núcleo de Pesquisa e Atendimento,IFPB-VISITANTE,84:f1:47:54:8b:a2,-64,1
08/05/2026,07:41:18,173,Núcleo de Pesquisa e Atendimento,UA2-MiniLab,60:32:b1:2d:66:c3,-79,10
08/05/2026,07:41:18,173,Núcleo de Pesquisa e Atendimento,IFPB,84:f1:47:54:fd:60,-80,6
08/05/2026,07:41:18,173,Núcleo de Pesquisa e Atendimento,IFPB-VISITANTE,84:f1:47:54:fd:62,-80,6
08/05/2026,07:41:18,173,Núcleo de Pesquisa e Atendimento,APTelefonia,58:10:8c:91:f3:aa,-82,1
08/05/2026,07:41:18,173,Núcleo de Pesquisa e Atendimento,Lab. de Sinais Digitais,18:d6:c7:f9:37:2f,-82,11
08/05/2026,07:41:18,173,Núcleo de Pesquisa e Atendimento,EBF230ED-HE8D94yZ3j1AOIs,44:d2:44:dd:2f:ba,-83,11
08/05/2026,07:41:18,173,Núcleo de Pesquisa e Atendimento,IFPB,84:f1:47:54:80:60,-84,1
08/05/2026,07:41:18,173,Núcleo de Pesquisa e Atendimento,IFPB-VISITANTE,84:f1:47:54:80:62,-85,1
08/05/2026,07:41:18,173,Núcleo de Pesquisa e Atendimento,IFPB-VISITANTE,24:36:da:2b:bc:02,-87,6
08/05/2026,07:41:18,173,Núcleo de Pesquisa e Atendimento,Intelbras,18:0d:2c:7f:eb:ac,-87,7
08/05/2026,07:41:18,173,Núcleo de Pesquisa e Atendimento,IFPB-MM,54:e6:fc:ba:ad:86,-88,1
08/05/2026,07:41:18,173,Núcleo de Pesquisa e Atendimento,IFPB,24:36:da:2b:bc:00,-88,6
08/05/2026,07:41:18,173,Núcleo de Pesquisa e Atendimento,GPDS,00:26:5a:66:55:ef,-89,6
08/05/2026,07:41:18,173,Núcleo de Pesquisa e Atendimento,PeterNetwork,1e:1d:49:86:2d:8e,-89,11
08/05/2026,07:41:18,173,Núcleo de Pesquisa e Atendimento,IFPB-Sala_Professor_14,48:51:cf:81:b0:9e,-90,2
08/05/2026,07:41:18,173,Núcleo de Pesquisa e Atendimento,IFPB-Sala_Professor_14,24:fd:0d:57:19:26,-90,5
08/05/2026,07:41:18,173,Núcleo de Pesquisa e Atendimento,SALA_MESTRADO,64:66:b3:62:eb:86,-91,1
08/05/2026,07:41:18,173,Núcleo de Pesquisa e Atendimento,TP-Link_1324,7c:f1:7e:8d:13:22,-93,10
08/05/2026,07:41:28,174,Núcleo de Pesquisa e Atendimento,NPEF/NEPA,50:c7:bf:ef:56:8a,-42,3
08/05/2026,07:41:28,174,Núcleo de Pesquisa e Atendimento,IFPB,84:f1:47:54:8b:a0,-66,1
08/05/2026,07:41:28,174,Núcleo de Pesquisa e Atendimento,IFPB-VISITANTE,84:f1:47:54:8b:a2,-66,1
08/05/2026,07:41:28,174,Núcleo de Pesquisa e Atendimento,IFPB-VISITANTE,84:f1:47:54:fd:62,-79,6
08/05/2026,07:41:28,174,Núcleo de Pesquisa e Atendimento,IFPB,84:f1:47:54:fd:60,-79,6
08/05/2026,07:41:28,174,Núcleo de Pesquisa e Atendimento,APTelefonia,58:10:8c:91:f3:aa,-80,1
08/05/2026,07:41:28,174,Núcleo de Pesquisa e Atendimento,UA2-MiniLab,60:32:b1:2d:66:c3,-80,10
08/05/2026,07:41:28,174,Núcleo de Pesquisa e Atendimento,Lab. de Sinais Digitais,18:d6:c7:f9:37:2f,-84,11
08/05/2026,07:41:28,174,Núcleo de Pesquisa e Atendimento,IFPB,24:36:da:2b:bc:00,-85,6
08/05/2026,07:41:28,174,Núcleo de Pesquisa e Atendimento,EBF230ED-HE8D94yZ3j1AOIs,44:d2:44:dd:2f:ba,-85,11
08/05/2026,07:41:28,174,Núcleo de Pesquisa e Atendimento,IFPB-VISITANTE,24:36:da:2b:bc:02,-86,6
08/05/2026,07:41:28,174,Núcleo de Pesquisa e Atendimento,IFPB,84:f1:47:54:80:60,-87,1
08/05/2026,07:41:28,174,Núcleo de Pesquisa e Atendimento,GPDS,00:26:5a:66:55:ef,-87,6
08/05/2026,07:41:28,174,Núcleo de Pesquisa e Atendimento,Intelbras,18:0d:2c:7f:eb:ac,-87,7
08/05/2026,07:41:28,174,Núcleo de Pesquisa e Atendimento,IFPB-VISITANTE,84:f1:47:54:80:62,-88,1
08/05/2026,07:41:28,174,Núcleo de Pesquisa e Atendimento,IFPB-MM,54:e6:fc:ba:ad:86,-90,1
08/05/2026,07:41:28,174,Núcleo de Pesquisa e Atendimento,IFPB-Sala_Professor_14,24:fd:0d:57:19:26,-90,5
08/05/2026,07:41:28,174,Núcleo de Pesquisa e Atendimento,TP-Link_1324,7c:f1:7e:8d:13:22,-90,10
08/05/2026,07:41:28,174,Núcleo de Pesquisa e Atendimento,IFPB-VISITANTE,84:f1:47:54:81:02,-90,11
08/05/2026,07:41:28,174,Núcleo de Pesquisa e Atendimento,NUNYA_Room_2.4GHz,cc:32:e5:0c:fc:2b,-91,9
08/05/2026,07:41:28,174,Núcleo de Pesquisa e Atendimento,PeterNetwork,1e:1d:49:86:2d:8e,-91,11
08/05/2026,07:41:28,174,Núcleo de Pesquisa e Atendimento,IFPB-Sala_Professor_14,48:51:cf:81:b0:9e,-92,2
08/05/2026,07:41:28,174,Núcleo de Pesquisa e Atendimento,SALA_MESTRADO,64:66:b3:62:eb:86,-94,1
08/05/2026,07:41:28,174,Núcleo de Pesquisa e Atendimento,INTELBRAS,d8:36:5f:54:70:40,-95,1
08/05/2026,07:41:38,175,Núcleo de Pesquisa e Atendimento,NPEF/NEPA,50:c7:bf:ef:56:8a,-42,3
08/05/2026,07:41:38,175,Núcleo de Pesquisa e Atendimento,IFPB,84:f1:47:54:8b:a0,-68,1
08/05/2026,07:41:38,175,Núcleo de Pesquisa e Atendimento,IFPB-VISITANTE,84:f1:47:54:8b:a2,-68,1
08/05/2026,07:41:38,175,Núcleo de Pesquisa e Atendimento,UA2-MiniLab,60:32:b1:2d:66:c3,-77,10
08/05/2026,07:41:38,175,Núcleo de Pesquisa e Atendimento,IFPB,84:f1:47:54:fd:60,-80,6
08/05/2026,07:41:38,175,Núcleo de Pesquisa e Atendimento,IFPB-VISITANTE,84:f1:47:54:fd:62,-80,6
08/05/2026,07:41:38,175,Núcleo de Pesquisa e Atendimento,APTelefonia,58:10:8c:91:f3:aa,-81,1
08/05/2026,07:41:38,175,Núcleo de Pesquisa e Atendimento,Intelbras,18:0d:2c:7f:eb:ac,-85,7
08/05/2026,07:41:38,175,Núcleo de Pesquisa e Atendimento,Lab. de Sinais Digitais,18:d6:c7:f9:37:2f,-85,11
08/05/2026,07:41:38,175,Núcleo de Pesquisa e Atendimento,IFPB,24:36:da:2b:bc:00,-87,6
08/05/2026,07:41:38,175,Núcleo de Pesquisa e Atendimento,IFPB-VISITANTE,24:36:da:2b:bc:02,-88,6
08/05/2026,07:41:38,175,Núcleo de Pesquisa e Atendimento,EBF230ED-HE8D94yZ3j1AOIs,44:d2:44:dd:2f:ba,-88,11
08/05/2026,07:41:38,175,Núcleo de Pesquisa e Atendimento,IFPB-VISITANTE,84:f1:47:54:81:02,-88,11
08/05/2026,07:41:38,175,Núcleo de Pesquisa e Atendimento,SALA_MESTRADO,64:66:b3:62:eb:86,-90,1
08/05/2026,07:41:38,175,Núcleo de Pesquisa e Atendimento,IFPB,84:f1:47:54:80:60,-90,1
08/05/2026,07:41:38,175,Núcleo de Pesquisa e Atendimento,GPDS,00:26:5a:66:55:ef,-90,6
08/05/2026,07:41:38,175,Núcleo de Pesquisa e Atendimento,TP-Link_1324,7c:f1:7e:8d:13:22,-90,10
08/05/2026,07:41:38,175,Núcleo de Pesquisa e Atendimento,IFPB,84:f1:47:54:81:00,-90,11
08/05/2026,07:41:38,175,Núcleo de Pesquisa e Atendimento,INTELBRAS,d8:36:5f:54:70:40,-91,1
08/05/2026,07:41:38,175,Núcleo de Pesquisa e Atendimento,IFPB-VISITANTE,84:f1:47:54:80:62,-91,1
08/05/2026,07:41:38,175,Núcleo de Pesquisa e Atendimento,IFPB-Sala_Professor_14,24:fd:0d:57:19:26,-91,5
08/05/2026,07:41:38,175,Núcleo de Pesquisa e Atendimento,Redmi Note 11,fe:bf:49:44:a2:81,-91,11
08/05/2026,07:41:38,175,Núcleo de Pesquisa e Atendimento,IFPB-MM,54:e6:fc:ba:ad:86,-93,1
08/05/2026,07:41:38,175,Núcleo de Pesquisa e Atendimento,PeterNetwork,1e:1d:49:86:2d:8e,-94,11
08/05/2026,07:41:56,176,Núcleo de Pesquisa e Atendimento,NPEF/NEPA,50:c7:bf:ef:56:8a,-52,3
08/05/2026,07:41:56,176,Núcleo de Pesquisa e Atendimento,IFPB,84:f1:47:54:fd:60,-67,6
08/05/2026,07:41:56,176,Núcleo de Pesquisa e Atendimento,IFPB-VISITANTE,84:f1:47:54:fd:62,-68,6
08/05/2026,07:41:56,176,Núcleo de Pesquisa e Atendimento,IFPB,84:f1:47:54:8b:a0,-75,1
08/05/2026,07:41:56,176,Núcleo de Pesquisa e Atendimento,IFPB-VISITANTE,84:f1:47:54:8b:a2,-75,1
08/05/2026,07:41:56,176,Núcleo de Pesquisa e Atendimento,UA2-MiniLab,60:32:b1:2d:66:c3,-83,10
08/05/2026,07:41:56,176,Núcleo de Pesquisa e Atendimento,IFPB,84:f1:47:54:80:60,-87,1
08/05/2026,07:41:56,176,Núcleo de Pesquisa e Atendimento,NUNYA_Room_2.4GHz,cc:32:e5:0c:fc:2b,-87,9
08/05/2026,07:41:56,176,Núcleo de Pesquisa e Atendimento,IFPB-VISITANTE,84:f1:47:54:80:62,-88,1
08/05/2026,07:41:56,176,Núcleo de Pesquisa e Atendimento,EBF230ED-HE8D94yZ3j1AOIs,44:d2:44:dd:2f:ba,-88,11
08/05/2026,07:41:56,176,Núcleo de Pesquisa e Atendimento,IFPB,24:36:da:2b:bc:00,-89,6
08/05/2026,07:41:56,176,Núcleo de Pesquisa e Atendimento,GPDS,00:26:5a:66:55:ef,-89,6
08/05/2026,07:41:56,176,Núcleo de Pesquisa e Atendimento,IFPB-VISITANTE,24:36:da:2b:bc:02,-89,6
08/05/2026,07:41:56,176,Núcleo de Pesquisa e Atendimento,TP-Link_1324,7c:f1:7e:8d:13:22,-90,10
08/05/2026,07:41:56,176,Núcleo de Pesquisa e Atendimento,IFPB-VISITANTE,84:f1:47:54:81:02,-90,11
08/05/2026,07:41:56,176,Núcleo de Pesquisa e Atendimento,IFPB,84:f1:47:54:81:00,-90,11
08/05/2026,07:41:56,176,Núcleo de Pesquisa e Atendimento,APTelefonia,58:10:8c:91:f3:aa,-91,1
08/05/2026,07:41:56,176,Núcleo de Pesquisa e Atendimento,IFPB-MM,54:e6:fc:ba:ad:86,-91,1
08/05/2026,07:41:56,176,Núcleo de Pesquisa e Atendimento,Intelbras,18:0d:2c:7f:eb:ac,-91,7
08/05/2026,07:41:56,176,Núcleo de Pesquisa e Atendimento,Lab. de Sinais Digitais,18:d6:c7:f9:37:2f,-91,11
08/05/2026,07:41:56,176,Núcleo de Pesquisa e Atendimento,INTELBRAS,d8:36:5f:54:70:40,-93,1
08/05/2026,07:41:56,176,Núcleo de Pesquisa e Atendimento,IFPB-Sala_Professor_14,48:51:cf:81:b0:9e,-94,2
08/05/2026,07:41:57,176,Núcleo de Pesquisa e Atendimento,Redmi Note 11,fe:bf:49:44:a2:81,-96,11
08/05/2026,07:42:06,177,Núcleo de Pesquisa e Atendimento,NPEF/NEPA,50:c7:bf:ef:56:8a,-48,3
08/05/2026,07:42:06,177,Núcleo de Pesquisa e Atendimento,IFPB,84:f1:47:54:fd:60,-71,6
08/05/2026,07:42:06,177,Núcleo de Pesquisa e Atendimento,IFPB-VISITANTE,84:f1:47:54:fd:62,-71,6
08/05/2026,07:42:06,177,Núcleo de Pesquisa e Atendimento,IFPB-VISITANTE,84:f1:47:54:8b:a2,-72,1
08/05/2026,07:42:06,177,Núcleo de Pesquisa e Atendimento,IFPB,84:f1:47:54:8b:a0,-73,1
08/05/2026,07:42:06,177,Núcleo de Pesquisa e Atendimento,UA2-MiniLab,60:32:b1:2d:66:c3,-79,10
08/05/2026,07:42:06,177,Núcleo de Pesquisa e Atendimento,IFPB,84:f1:47:54:80:60,-84,1
08/05/2026,07:42:06,177,Núcleo de Pesquisa e Atendimento,IFPB-VISITANTE,84:f1:47:54:80:62,-85,1
08/05/2026,07:42:06,177,Núcleo de Pesquisa e Atendimento,APTelefonia,58:10:8c:91:f3:aa,-86,1
08/05/2026,07:42:06,177,Núcleo de Pesquisa e Atendimento,EBF230ED-HE8D94yZ3j1AOIs,44:d2:44:dd:2f:ba,-87,11
08/05/2026,07:42:06,177,Núcleo de Pesquisa e Atendimento,GPDS,00:26:5a:66:55:ef,-88,6
08/05/2026,07:42:06,177,Núcleo de Pesquisa e Atendimento,IFPB,24:36:da:2b:bc:00,-88,6
08/05/2026,07:42:06,177,Núcleo de Pesquisa e Atendimento,Lab. de Sinais Digitais,18:d6:c7:f9:37:2f,-88,11
08/05/2026,07:42:06,177,Núcleo de Pesquisa e Atendimento,INTELBRAS,d8:36:5f:54:70:40,-89,1
08/05/2026,07:42:06,177,Núcleo de Pesquisa e Atendimento,IFPB-VISITANTE,24:36:da:2b:bc:02,-89,6
08/05/2026,07:42:06,177,Núcleo de Pesquisa e Atendimento,NUNYA_Room_2.4GHz,cc:32:e5:0c:fc:2b,-90,9
08/05/2026,07:42:07,177,Núcleo de Pesquisa e Atendimento,IFPB-VISITANTE,2c:57:41:cd:e1:c2,-90,11
08/05/2026,07:42:07,177,Núcleo de Pesquisa e Atendimento,Intelbras,18:0d:2c:7f:eb:ac,-91,7
08/05/2026,07:42:07,177,Núcleo de Pesquisa e Atendimento,TP-Link_1324,7c:f1:7e:8d:13:22,-91,10
08/05/2026,07:42:07,177,Núcleo de Pesquisa e Atendimento,IFPB-MM,54:e6:fc:ba:ad:86,-92,1
08/05/2026,07:42:07,177,Núcleo de Pesquisa e Atendimento,IFPB,2c:57:41:cd:e1:c0,-92,11
08/05/2026,07:42:07,177,Núcleo de Pesquisa e Atendimento,IFPB-Sala_Professor_14,48:51:cf:81:b0:9e,-94,2
08/05/2026,07:42:07,177,Núcleo de Pesquisa e Atendimento,SALA_MESTRADO,64:66:b3:62:eb:86,-95,1
08/05/2026,07:42:16,178,Núcleo de Pesquisa e Atendimento,NPEF/NEPA,50:c7:bf:ef:56:8a,-50,3
08/05/2026,07:42:16,178,Núcleo de Pesquisa e Atendimento,IFPB,84:f1:47:54:8b:a0,-69,1
08/05/2026,07:42:16,178,Núcleo de Pesquisa e Atendimento,IFPB-VISITANTE,84:f1:47:54:8b:a2,-70,1
08/05/2026,07:42:16,178,Núcleo de Pesquisa e Atendimento,IFPB,84:f1:47:54:fd:60,-72,6
08/05/2026,07:42:16,178,Núcleo de Pesquisa e Atendimento,IFPB-VISITANTE,84:f1:47:54:fd:62,-73,6
08/05/2026,07:42:16,178,Núcleo de Pesquisa e Atendimento,UA2-MiniLab,60:32:b1:2d:66:c3,-81,10
08/05/2026,07:42:17,178,Núcleo de Pesquisa e Atendimento,IFPB,84:f1:47:54:80:60,-84,1
08/05/2026,07:42:17,178,Núcleo de Pesquisa e Atendimento,IFPB-VISITANTE,84:f1:47:54:80:62,-85,1
08/05/2026,07:42:17,178,Núcleo de Pesquisa e Atendimento,EBF230ED-HE8D94yZ3j1AOIs,44:d2:44:dd:2f:ba,-85,11
08/05/2026,07:42:17,178,Núcleo de Pesquisa e Atendimento,GPDS,00:26:5a:66:55:ef,-86,6
08/05/2026,07:42:17,178,Núcleo de Pesquisa e Atendimento,NUNYA_Room_2.4GHz,cc:32:e5:0c:fc:2b,-87,9
08/05/2026,07:42:17,178,Núcleo de Pesquisa e Atendimento,Lab. de Sinais Digitais,18:d6:c7:f9:37:2f,-87,11
08/05/2026,07:42:17,178,Núcleo de Pesquisa e Atendimento,IFPB,84:f1:47:54:81:00,-87,11
08/05/2026,07:42:17,178,Núcleo de Pesquisa e Atendimento,APTelefonia,58:10:8c:91:f3:aa,-89,1
08/05/2026,07:42:17,178,Núcleo de Pesquisa e Atendimento,IFPB-VISITANTE,84:f1:47:54:81:02,-89,11
08/05/2026,07:42:17,178,Núcleo de Pesquisa e Atendimento,IFPB-MM,54:e6:fc:ba:ad:86,-90,1
08/05/2026,07:42:17,178,Núcleo de Pesquisa e Atendimento,TP-Link_1324,7c:f1:7e:8d:13:22,-91,10
08/05/2026,07:42:17,178,Núcleo de Pesquisa e Atendimento,INTELBRAS,d8:36:5f:54:70:40,-93,1
08/05/2026,07:42:17,178,Núcleo de Pesquisa e Atendimento,Intelbras,18:0d:2c:7f:eb:ac,-93,7
08/05/2026,07:42:17,178,Núcleo de Pesquisa e Atendimento,IFPB-Sala_Professor_14,48:51:cf:81:b0:9e,-94,2
08/05/2026,07:42:26,179,Núcleo de Pesquisa e Atendimento,NPEF/NEPA,50:c7:bf:ef:56:8a,-52,3
08/05/2026,07:42:26,179,Núcleo de Pesquisa e Atendimento,IFPB,84:f1:47:54:8b:a0,-71,1
08/05/2026,07:42:26,179,Núcleo de Pesquisa e Atendimento,IFPB-VISITANTE,84:f1:47:54:8b:a2,-71,1
08/05/2026,07:42:26,179,Núcleo de Pesquisa e Atendimento,IFPB,84:f1:47:54:fd:60,-78,6
08/05/2026,07:42:26,179,Núcleo de Pesquisa e Atendimento,IFPB-VISITANTE,84:f1:47:54:fd:62,-78,6
08/05/2026,07:42:26,179,Núcleo de Pesquisa e Atendimento,IFPB,84:f1:47:54:80:60,-86,1
08/05/2026,07:42:27,179,Núcleo de Pesquisa e Atendimento,UA2-MiniLab,60:32:b1:2d:66:c3,-86,10
08/05/2026,07:42:27,179,Núcleo de Pesquisa e Atendimento,IFPB-VISITANTE,84:f1:47:54:80:62,-87,1
08/05/2026,07:42:27,179,Núcleo de Pesquisa e Atendimento,IFPB,24:36:da:2b:bc:00,-87,6
08/05/2026,07:42:27,179,Núcleo de Pesquisa e Atendimento,IFPB,84:f1:47:54:81:00,-87,11
08/05/2026,07:42:27,179,Núcleo de Pesquisa e Atendimento,APTelefonia,58:10:8c:91:f3:aa,-88,1
08/05/2026,07:42:27,179,Núcleo de Pesquisa e Atendimento,IFPB-VISITANTE,84:f1:47:54:81:02,-88,11
08/05/2026,07:42:27,179,Núcleo de Pesquisa e Atendimento,NUNYA_Room_2.4GHz,cc:32:e5:0c:fc:2b,-89,9
08/05/2026,07:42:27,179,Núcleo de Pesquisa e Atendimento,EBF230ED-HE8D94yZ3j1AOIs,44:d2:44:dd:2f:ba,-89,11
08/05/2026,07:42:27,179,Núcleo de Pesquisa e Atendimento,Lab. de Sinais Digitais,18:d6:c7:f9:37:2f,-90,11
08/05/2026,07:42:27,179,Núcleo de Pesquisa e Atendimento,INTELBRAS,d8:36:5f:54:70:40,-91,1
08/05/2026,07:42:27,179,Núcleo de Pesquisa e Atendimento,IFPB-Sala_Professor_14,48:51:cf:81:b0:9e,-92,2
08/05/2026,07:42:27,179,Núcleo de Pesquisa e Atendimento,GPDS,00:26:5a:66:55:ef,-92,6
08/05/2026,07:42:27,179,Núcleo de Pesquisa e Atendimento,TP-Link_1324,7c:f1:7e:8d:13:22,-92,10
08/05/2026,07:42:27,179,Núcleo de Pesquisa e Atendimento,IFPB-MM,54:e6:fc:ba:ad:86,-93,1
08/05/2026,07:42:27,179,Núcleo de Pesquisa e Atendimento,Intelbras,18:0d:2c:7f:eb:ac,-93,7
08/05/2026,07:42:27,179,Núcleo de Pesquisa e Atendimento,Redmi Note 11,fe:bf:49:44:a2:81,-94,11
08/05/2026,07:42:27,179,Núcleo de Pesquisa e Atendimento,SALA_MESTRADO,64:66:b3:62:eb:86,-97,1
08/05/2026,07:42:36,180,Núcleo de Pesquisa e Atendimento,NPEF/NEPA,50:c7:bf:ef:56:8a,-50,3
08/05/2026,07:42:36,180,Núcleo de Pesquisa e Atendimento,IFPB,84:f1:47:54:8b:a0,-70,1
08/05/2026,07:42:36,180,Núcleo de Pesquisa e Atendimento,IFPB-VISITANTE,84:f1:47:54:8b:a2,-70,1
08/05/2026,07:42:36,180,Núcleo de Pesquisa e Atendimento,IFPB-VISITANTE,84:f1:47:54:fd:62,-73,6
08/05/2026,07:42:36,180,Núcleo de Pesquisa e Atendimento,IFPB,84:f1:47:54:fd:60,-73,6
08/05/2026,07:42:36,180,Núcleo de Pesquisa e Atendimento,IFPB-VISITANTE,84:f1:47:54:80:62,-85,1
08/05/2026,07:42:37,180,Núcleo de Pesquisa e Atendimento,IFPB,84:f1:47:54:80:60,-86,1
08/05/2026,07:42:37,180,Núcleo de Pesquisa e Atendimento,UA2-MiniLab,60:32:b1:2d:66:c3,-86,10
08/05/2026,07:42:37,180,Núcleo de Pesquisa e Atendimento,APTelefonia,58:10:8c:91:f3:aa,-87,1
08/05/2026,07:42:37,180,Núcleo de Pesquisa e Atendimento,NUNYA_Room_2.4GHz,cc:32:e5:0c:fc:2b,-87,9
08/05/2026,07:42:37,180,Núcleo de Pesquisa e Atendimento,IFPB,84:f1:47:54:81:00,-87,11
08/05/2026,07:42:37,180,Núcleo de Pesquisa e Atendimento,GPDS,00:26:5a:66:55:ef,-88,6
08/05/2026,07:42:37,180,Núcleo de Pesquisa e Atendimento,IFPB-VISITANTE,84:f1:47:54:81:02,-88,11
08/05/2026,07:42:37,180,Núcleo de Pesquisa e Atendimento,EBF230ED-HE8D94yZ3j1AOIs,44:d2:44:dd:2f:ba,-88,11
08/05/2026,07:42:37,180,Núcleo de Pesquisa e Atendimento,IFPB-VISITANTE,2c:57:41:cd:e1:c2,-90,11
08/05/2026,07:42:37,180,Núcleo de Pesquisa e Atendimento,IFPB,2c:57:41:cd:e1:c0,-90,11
08/05/2026,07:42:37,180,Núcleo de Pesquisa e Atendimento,IFPB-MM,54:e6:fc:ba:ad:86,-91,1
08/05/2026,07:42:37,180,Núcleo de Pesquisa e Atendimento,INTELBRAS,d8:36:5f:54:70:40,-91,1
08/05/2026,07:42:37,180,Núcleo de Pesquisa e Atendimento,IFPB-Sala_Professor_14,48:51:cf:81:b0:9e,-91,2
08/05/2026,07:42:37,180,Núcleo de Pesquisa e Atendimento,Lab. de Sinais Digitais,18:d6:c7:f9:37:2f,-91,11
08/05/2026,07:42:37,180,Núcleo de Pesquisa e Atendimento,TP-Link_1324,7c:f1:7e:8d:13:22,-92,10
08/05/2026,07:42:37,180,Núcleo de Pesquisa e Atendimento,Intelbras,18:0d:2c:7f:eb:ac,-94,7
